transaction_id,user_id,timestamp,transaction_amount,merchant_category,merchant_id,payment_method,device_id,device_type,city,hour_of_day,day_of_week,is_weekend,transaction_gap_minutes,daily_transaction_count,average_amount_last_7_days,std_amount_last_7_days,merchant_visit_frequency,device_usage_frequency,location_visit_frequency,new_device,new_location,new_merchant,distance_from_last_transaction_km,label,fraud_type
TXN10-00001,10,2026-05-12 00:26:22,7859.6,Food,100102,UPI,DEV-UNK-3918,iPhone,Chennai,0,1,0,0.0,1,7859.6,0.0,1,1,1,1,1,1,0.0,1,ato_odd_hour_new_device
TXN10-00002,10,2026-05-12 02:18:12,818.51,Hotels,100061,Card,DEV-10-1,iPhone,Mumbai,2,1,0,111.83,2,7859.6,0.0,1,1,1,1,1,1,1033.1,1,ato_odd_hour
TXN10-00003,10,2026-05-12 05:05:00,5658.36,Airlines,100026,Card,DEV-10-2,iPhone,Delhi,5,1,0,166.8,3,4339.06,3520.55,1,1,1,1,1,1,1153.24,0,
TXN10-00004,10,2026-05-12 05:18:21,9499.55,Airlines,100013,UPI,DEV-10-2,iPhone,Bangalore,5,1,0,13.35,4,4778.82,2941.02,1,2,1,0,1,1,1750.11,0,
TXN10-00005,10,2026-05-12 05:27:19,5908.91,Food,100015,Card,DEV-10-1,iPhone,Bangalore,5,1,0,8.97,5,5959.01,3265.84,1,2,2,0,0,1,0.0,0,
TXN10-00006,10,2026-05-12 06:21:17,4452.58,Airlines,100007,Card,DEV-10-2,iPhone,Delhi,6,1,0,53.97,6,5948.99,2921.12,1,3,2,0,0,1,1750.11,0,
TXN10-00007,10,2026-05-12 06:35:49,5340.76,Hotels,100020,Card,DEV-10-1,iPhone,Hyderabad,6,1,0,14.53,7,5699.59,2724.3,1,3,1,0,1,1,1266.53,0,
TXN10-00008,10,2026-05-12 06:52:25,1540.43,Food,100003,Card,DEV-10-1,iPhone,Delhi,6,1,0,16.6,8,5648.32,2525.33,1,4,3,0,0,1,1266.53,0,
TXN10-00009,10,2026-05-12 07:16:31,3761.08,Food,100015,Card,DEV-10-1,iPhone,Mumbai,7,1,0,24.1,9,5134.84,2725.04,2,5,2,0,0,0,1153.24,0,
TXN10-00010,10,2026-05-12 07:22:07,7393.65,Hotels,100005,Card,DEV-10-2,iPhone,Chennai,7,1,0,5.6,10,4982.2,2605.21,1,4,2,0,0,1,1033.1,0,
TXN10-00011,10,2026-05-12 07:38:00,5756.55,Food,100004,UPI,DEV-10-1,iPhone,Mumbai,7,1,0,15.88,11,5223.34,2575.22,1,6,3,0,0,1,1033.1,0,
TXN10-00012,10,2026-05-12 07:46:48,5872.63,Taxi,100001,UPI,DEV-10-1,iPhone,Chennai,7,1,0,8.8,12,5271.82,2460.16,1,7,3,0,0,1,1033.1,0,
TXN10-00013,10,2026-05-12 08:06:19,2058.98,Food,100003,Card,DEV-10-2,iPhone,Hyderabad,8,1,0,19.52,13,5321.88,2361.27,2,5,2,0,0,0,515.24,0,
TXN10-00014,10,2026-05-12 08:26:57,4063.22,Food,100003,UPI,DEV-10-1,iPhone,Mumbai,8,1,0,20.63,14,5070.89,2429.54,3,8,4,0,0,0,621.46,0,
TXN10-00015,10,2026-05-12 08:46:45,4960.17,Food,100011,Card,DEV-10-2,iPhone,Delhi,8,1,0,19.8,15,4998.91,2355.5,1,6,4,0,0,1,1153.24,0,
TXN10-00016,10,2026-05-12 08:56:12,3231.55,Airlines,100013,UPI,DEV-10-2,iPhone,Chennai,8,1,0,9.45,16,4996.33,2275.65,2,7,4,0,0,0,1767.65,0,
TXN10-00017,10,2026-05-12 09:02:02,4076.81,Food,100016,Card,DEV-10-2,iPhone,Kochi,9,1,0,5.83,17,4886.03,2244.42,1,8,1,0,1,1,559.49,0,
TXN10-00018,10,2026-05-12 09:13:19,9396.76,Hotels,100005,UPI,DEV-10-1,iPhone,Goa,9,1,0,11.28,18,4838.43,2185.72,2,9,1,0,1,0,640.58,0,
TXN10-00019,10,2026-05-12 09:35:05,7280.64,Airlines,100026,Card,DEV-10-2,iPhone,Bangalore,9,1,0,21.77,19,5091.67,2366.89,2,9,3,0,0,0,454.99,0,
TXN10-00020,10,2026-05-12 11:42:47,1591.5,Airlines,100009,Card,DEV-10-2,iPhone,Mumbai,11,1,0,127.7,20,5206.88,2355.04,1,10,5,0,0,1,845.32,0,
TXN10-00021,10,2026-05-12 12:31:30,7708.78,Hotels,100005,Card,DEV-10-1,iPhone,Delhi,12,1,0,48.72,21,5026.11,2426.89,3,10,5,0,0,0,1153.24,0,
TXN10-00022,10,2026-05-12 12:51:34,1528.12,Airlines,100007,UPI,DEV-10-2,iPhone,Goa,12,1,0,20.07,22,5153.86,2436.33,2,11,2,0,0,0,1521.64,0,
TXN10-00023,10,2026-05-12 12:54:59,50000.0,Luxury Goods,100001,Card,DEV-10-1,iPhone,Mumbai,12,1,0,3.42,23,4989.05,2497.26,2,11,6,0,0,0,440.32,1,large_luxury_purchase
TXN10-00024,10,2026-05-12 13:00:07,6846.69,Hotels,100010,UPI,DEV-10-2,iPhone,Hyderabad,13,1,0,5.13,24,6946.05,9498.51,1,12,3,0,0,1,621.46,0,
TXN10-00025,10,2026-05-12 13:08:02,6870.17,Food,100003,Card,DEV-10-1,iPhone,Delhi,13,1,0,7.92,25,6941.91,9298.54,4,12,6,0,0,0,1266.53,0,
TXN10-00026,10,2026-05-12 13:32:51,6736.59,Taxi,100024,Card,DEV-10-1,iPhone,Mumbai,13,1,0,24.82,26,6939.04,9110.68,1,13,7,0,0,1,1153.24,0,
TXN10-00027,10,2026-05-12 13:34:56,2233.2,Food,100002,UPI,DEV-10-2,iPhone,Mumbai,13,1,0,2.08,27,6931.25,8933.84,1,13,8,0,0,1,0.0,0,
TXN10-00028,10,2026-05-12 14:25:16,4180.02,Food,100002,Card,DEV-10-1,iPhone,Mumbai,14,1,0,50.33,28,6757.25,8811.62,2,14,9,0,0,0,0.0,0,
TXN10-00029,10,2026-05-12 15:47:03,2638.0,Hotels,100005,UPI,DEV-10-2,iPhone,Delhi,15,1,0,81.78,29,6665.21,8666.05,4,14,7,0,0,0,1153.24,0,
TXN10-00030,10,2026-05-12 15:49:21,10000.0,Food,100014,UPI,DEV-10-1,iPhone,Delhi,15,1,0,2.3,30,6526.34,8546.97,1,15,8,0,0,1,0.0,0,
TXN10-00031,10,2026-05-12 15:59:14,7084.53,Airlines,100007,UPI,DEV-10-2,iPhone,Hyderabad,15,1,0,9.88,31,6642.13,8426.41,3,15,4,0,0,0,1266.53,0,
TXN10-00032,10,2026-05-12 16:03:49,10000.0,Food,100004,UPI,DEV-10-1,iPhone,Bangalore,16,1,0,4.58,32,6656.4,8289.76,2,16,4,0,0,0,499.99,0,
TXN10-00033,10,2026-05-12 16:11:00,10000.0,Airlines,100009,Card,DEV-10-1,iPhone,Mumbai,16,1,0,7.18,33,6760.89,8179.92,2,17,10,0,0,0,845.32,0,
TXN10-00034,10,2026-05-12 16:17:18,1461.39,Hotels,100012,Card,DEV-10-1,iPhone,Bangalore,16,1,0,6.3,34,6859.04,8074.14,1,18,5,0,0,1,845.32,0,
TXN10-00035,10,2026-05-12 16:20:32,8859.8,Taxi,100170,Card,DEV-10-7,Web,Delhi,16,1,0,3.23,35,6700.29,8006.62,1,1,9,1,0,1,1750.11,1,ato_new_merchant_same_category
TXN10-00036,10,2026-05-12 17:05:04,4894.35,Airlines,100013,UPI,DEV-10-1,iPhone,Surat,17,1,0,44.53,36,6761.99,7899.61,3,19,1,0,1,0,941.71,0,
TXN10-00037,10,2026-05-12 18:32:11,10000.0,Food,100003,Card,DEV-10-1,iPhone,Goa,18,1,0,87.12,37,6710.11,7795.17,5,20,3,0,0,0,666.93,0,
TXN10-00038,10,2026-05-12 18:48:28,4063.78,Hotels,100005,Card,DEV-10-2,iPhone,Mumbai,18,1,0,16.28,38,6799.02,7707.59,5,16,11,0,0,0,440.32,0,
TXN10-00039,10,2026-05-12 18:50:17,6919.82,Airlines,100007,Card,DEV-10-2,iPhone,Bangalore,18,1,0,1.82,39,6727.04,7618.09,4,17,6,0,0,0,845.32,0,
TXN10-00040,10,2026-05-12 19:03:18,2923.76,Taxi,100001,Card,DEV-10-1,iPhone,Mumbai,19,1,0,13.02,40,6731.99,7519.85,3,21,12,0,0,0,845.32,0,
TXN10-00041,10,2026-05-12 19:09:02,4167.57,Airlines,100007,Card,DEV-10-1,iPhone,Chennai,19,1,0,5.73,41,6636.78,7449.02,5,22,5,0,0,0,1033.1,0,
TXN10-00042,10,2026-05-12 19:10:43,1624.69,Airlines,100007,Card,DEV-10-2,iPhone,Delhi,19,1,0,1.68,42,6576.56,7367.47,6,18,10,0,0,0,1767.65,0,
TXN10-00043,10,2026-05-12 19:34:14,2131.88,Airlines,100009,UPI,DEV-10-1,iPhone,Bangalore,19,1,0,23.52,43,6458.65,7318.28,3,23,7,0,0,0,1750.11,0,
TXN10-00044,10,2026-05-12 19:53:18,3307.91,Food,100003,Card,DEV-10-2,iPhone,Delhi,19,1,0,19.07,44,6358.03,7262.02,6,19,11,0,0,0,1750.11,0,
TXN10-00045,10,2026-05-12 20:04:33,1532.24,Taxi,100001,UPI,DEV-10-1,iPhone,Hyderabad,20,1,0,11.25,45,6288.71,7193.4,4,24,5,0,0,0,1266.53,0,
TXN10-00046,10,2026-05-12 20:06:27,3729.03,Hotels,100005,Card,DEV-10-1,iPhone,Delhi,20,1,0,1.9,46,6183.01,7147.5,6,25,12,0,0,0,1266.53,0,
TXN10-00047,10,2026-05-12 20:25:19,9808.54,Airlines,100007,UPI,DEV-10-1,iPhone,Mumbai,20,1,0,18.87,47,6129.66,7078.43,7,26,13,0,0,0,1153.24,0,
TXN10-00048,10,2026-05-12 20:48:44,8281.86,Hotels,100025,Card,DEV-10-2,iPhone,Delhi,20,1,0,23.42,48,6207.94,7022.82,1,20,13,0,0,1,1153.24,0,
TXN10-00049,10,2026-05-12 21:13:53,813.77,Hotels,100010,Card,DEV-10-2,iPhone,Mumbai,21,1,0,25.15,49,6251.14,6955.59,2,21,14,0,0,0,1153.24,0,
TXN10-00050,10,2026-05-12 21:16:02,2928.73,Taxi,100006,Card,DEV-10-2,iPhone,Delhi,21,1,0,2.15,50,6140.18,6927.04,1,22,14,0,0,1,1153.24,0,
TXN10-00051,10,2026-05-12 21:22:26,5839.59,Hotels,100010,Card,DEV-10-2,iPhone,Hyderabad,21,1,0,6.4,51,6075.95,6872.15,3,23,6,0,0,0,1266.53,0,
TXN10-00052,10,2026-05-12 21:23:00,5432.65,Airlines,100007,UPI,DEV-10-1,iPhone,Goa,21,1,0,0.57,52,6071.31,6804.52,8,27,4,0,0,0,520.05,0,
TXN10-00053,10,2026-05-12 21:32:25,2496.76,Airlines,100007,Card,DEV-10-1,iPhone,Bangalore,21,1,0,9.42,53,6059.03,6739.34,9,28,8,0,0,0,454.99,0,
TXN10-00054,10,2026-05-12 21:33:58,5544.84,Airlines,100026,Card,DEV-10-2,iPhone,Goa,21,1,0,1.55,54,5991.82,6693.03,3,24,5,0,0,0,454.99,0,
TXN10-00055,10,2026-05-12 21:47:38,3037.46,Airlines,100009,UPI,DEV-10-2,iPhone,Goa,21,1,0,13.67,55,5983.54,6631.05,4,25,6,0,0,0,0.0,0,
TXN10-00056,10,2026-05-12 22:31:04,2625.38,Hotels,100012,Card,DEV-10-2,iPhone,Chennai,22,1,0,43.43,56,5929.98,6582.27,2,26,6,0,0,0,706.92,0,
TXN10-00057,10,2026-05-12 22:52:57,4447.07,Taxi,100006,Card,DEV-10-2,iPhone,Goa,22,1,0,21.88,57,5870.97,6537.9,2,27,7,0,0,0,706.92,0,
TXN10-00058,10,2026-05-12 22:57:16,3636.16,Food,100002,UPI,DEV-10-1,iPhone,Delhi,22,1,0,4.32,58,5845.99,6482.99,3,29,15,0,0,0,1521.64,0,
TXN10-00059,10,2026-05-12 23:27:34,2924.48,Airlines,100007,UPI,DEV-10-2,iPhone,Chennai,23,1,0,30.3,59,5807.89,6433.29,10,28,7,0,0,0,1767.65,0,
TXN10-00060,10,2026-05-12 23:28:14,5127.33,Taxi,100022,Card,DEV-10-1,iPhone,Mumbai,23,1,0,0.67,60,5759.01,6389.39,1,30,15,0,0,1,1033.1,0,
TXN10-00061,10,2026-05-12 23:41:29,874.24,Airlines,100027,Card,DEV-10-1,iPhone,Delhi,23,1,0,13.25,61,5748.49,6336.44,1,31,16,0,0,1,1153.24,0,
TXN10-00062,10,2026-05-12 23:52:25,3133.6,Hotels,100017,Card,DEV-10-1,iPhone,Delhi,23,1,0,10.93,62,5668.58,6314.69,1,32,17,0,0,1,0.0,0,
TXN10-00063,10,2026-05-12 23:55:24,8439.98,Hotels,100005,Card,DEV-10-2,iPhone,Delhi,23,1,0,2.98,63,5627.69,6271.69,7,29,18,0,0,0,0.0,0,
TXN10-00064,10,2026-05-13 05:01:02,8138.59,Airlines,100007,Card,DEV-10-2,iPhone,Delhi,5,2,0,305.63,1,5672.33,6231.64,11,30,19,0,0,0,0.0,0,
TXN10-00065,10,2026-05-13 05:22:07,10000.0,Hotels,100012,Card,DEV-10-2,iPhone,Bangalore,5,2,0,21.08,2,5710.87,6190.32,3,31,9,0,0,0,1750.11,0,
TXN10-00066,10,2026-05-13 05:33:46,2542.93,Hotels,100005,Card,DEV-10-2,iPhone,Chennai,5,2,0,11.65,3,5776.86,6165.16,8,32,8,0,0,0,290.17,0,
TXN10-00067,10,2026-05-13 05:35:54,4035.5,Airlines,100007,Card,DEV-10-1,iPhone,Bangalore,5,2,0,2.13,4,5727.86,6131.02,12,33,10,0,0,0,290.17,0,
TXN10-00068,10,2026-05-13 05:46:04,3509.94,Airlines,100007,UPI,DEV-10-1,iPhone,Goa,5,2,0,10.17,5,5702.6,6088.55,13,34,8,0,0,0,454.99,0,
TXN10-00069,10,2026-05-13 05:47:17,5623.47,Taxi,100001,UPI,DEV-10-2,iPhone,Chennai,5,2,0,1.22,6,5670.35,6049.38,5,33,9,0,0,0,706.92,0,
TXN10-00070,10,2026-05-13 06:16:37,2299.74,Taxi,100022,UPI,DEV-10-2,iPhone,Mumbai,6,2,0,29.33,7,5669.67,6005.39,2,34,16,0,0,0,1033.1,0,
TXN10-00071,10,2026-05-13 06:33:36,9310.52,Food,100016,Card,DEV-10-1,iPhone,Mumbai,6,2,0,16.98,8,5621.53,5975.73,2,35,17,0,0,0,0.0,0,
TXN10-00072,10,2026-05-13 07:11:36,7545.33,Taxi,100021,UPI,DEV-10-3,Android,Mumbai,7,2,0,38.0,9,5673.49,5949.4,1,1,18,1,0,1,0.0,0,
TXN10-00073,10,2026-05-13 07:16:46,4871.72,Hotels,100025,Card,DEV-10-1,iPhone,Chennai,7,2,0,5.17,10,5699.49,5912.0,2,36,10,0,0,0,1033.1,0,
TXN10-00074,10,2026-05-13 07:30:23,2016.88,Food,100011,UPI,DEV-10-2,iPhone,Delhi,7,2,0,13.62,11,5688.15,5872.16,2,35,20,0,0,0,1767.65,0,
TXN10-00075,10,2026-05-13 07:31:11,4962.62,Food,100004,Card,DEV-10-2,iPhone,Goa,7,2,0,0.8,12,5638.54,5847.73,3,36,9,0,0,0,1521.64,0,
TXN10-00076,10,2026-05-13 07:48:14,8551.66,Taxi,100022,Card,DEV-10-1,iPhone,Delhi,7,2,0,17.05,13,5629.52,5809.13,3,37,21,0,0,0,1521.64,0,
TXN10-00077,10,2026-05-13 07:54:11,1786.61,Food,100003,UPI,DEV-10-1,iPhone,Chennai,7,2,0,5.95,14,5667.97,5780.38,7,38,11,0,0,0,1767.65,0,
TXN10-00078,10,2026-05-13 07:59:51,7968.33,Airlines,100009,UPI,DEV-10-2,iPhone,Mumbai,7,2,0,5.67,15,5617.57,5759.52,5,37,19,0,0,0,1033.1,0,
TXN10-00079,10,2026-05-13 08:05:11,3709.12,Hotels,100005,Card,DEV-10-2,iPhone,Mumbai,8,2,0,5.33,16,5647.7,5728.58,9,38,20,0,0,0,0.0,0,
TXN10-00080,10,2026-05-13 08:12:40,1572.94,Food,100016,UPI,DEV-10-3,Android,Goa,8,2,0,7.48,17,5623.16,5696.34,3,2,10,0,0,0,440.32,0,
TXN10-00081,10,2026-05-13 08:41:11,2455.85,Taxi,100006,UPI,DEV-10-1,iPhone,Delhi,8,2,0,28.52,18,5572.54,5678.48,3,39,22,0,0,0,1521.64,0,
TXN10-00082,10,2026-05-13 08:53:52,2400.43,Hotels,100005,Card,DEV-10-3,Android,Bangalore,8,2,0,12.68,19,5534.06,5653.8,10,3,11,0,0,0,1750.11,0,
TXN10-00083,10,2026-05-13 09:12:01,5684.38,Hotels,100010,Card,DEV-10-1,iPhone,Mumbai,9,2,0,18.15,20,5495.84,5629.74,4,40,21,0,0,0,845.32,0,
TXN10-00084,10,2026-05-13 09:16:02,3126.32,Food,100002,Card,DEV-10-3,Android,Mumbai,9,2,0,4.02,21,5498.12,5595.76,4,4,22,0,0,0,0.0,0,
TXN10-00085,10,2026-05-13 09:21:08,1422.87,Food,100002,UPI,DEV-10-2,iPhone,Hyderabad,9,2,0,5.1,22,5469.88,5568.3,5,39,7,0,0,0,621.46,0,
TXN10-00086,10,2026-05-13 09:38:03,4810.06,Food,100028,UPI,DEV-10-1,iPhone,Goa,9,2,0,16.92,23,5422.27,5552.62,1,41,11,0,0,1,520.05,0,
TXN10-00087,10,2026-05-13 09:40:02,8667.64,Airlines,100007,Card,DEV-10-3,Android,Chennai,9,2,0,1.98,24,5415.15,5520.63,14,5,12,0,0,0,706.92,0,
TXN10-00088,10,2026-05-13 09:43:22,3023.31,Airlines,100009,UPI,DEV-10-1,iPhone,Bangalore,9,2,0,3.33,25,5452.53,5499.75,6,42,12,0,0,0,290.17,0,
TXN10-00089,10,2026-05-13 10:24:59,6374.36,Hotels,100005,Card,DEV-10-3,Android,Goa,10,2,0,41.62,26,5424.93,5474.47,11,6,12,0,0,0,454.99,0,
TXN10-00090,10,2026-05-13 10:38:15,10000.0,Taxi,100006,Card,DEV-10-3,Android,Mumbai,10,2,0,13.27,27,5435.6,5444.55,4,7,23,0,0,0,440.32,0,
TXN10-00091,10,2026-05-13 10:39:54,4848.67,Hotels,100025,Card,DEV-10-3,Android,Delhi,10,2,0,1.65,28,5486.31,5435.32,3,8,23,0,0,0,1153.24,0,
TXN10-00092,10,2026-05-13 10:51:42,4425.62,Airlines,100007,UPI,DEV-10-1,iPhone,Hyderabad,10,2,0,11.8,29,5479.31,5405.78,15,43,8,0,0,0,1266.53,0,
TXN10-00093,10,2026-05-13 11:23:19,3008.42,Food,100019,UPI,DEV-10-2,iPhone,Mumbai,11,2,0,31.62,30,5467.85,5377.43,1,40,24,0,0,1,621.46,0,
TXN10-00094,10,2026-05-13 11:29:49,4916.35,Airlines,100013,Card,DEV-10-4,Android,Goa,11,2,0,6.5,31,5441.41,5354.45,4,1,13,1,0,0,440.32,0,
TXN10-00095,10,2026-05-13 11:49:27,5979.12,Taxi,100001,Card,DEV-10-1,iPhone,Hyderabad,11,2,0,19.63,32,5435.82,5326.17,6,44,9,0,0,0,520.05,0,
TXN10-00096,10,2026-05-13 11:52:22,1737.54,Airlines,100029,Card,DEV-10-3,Android,Bangalore,11,2,0,2.92,33,5441.54,5298.35,1,9,13,0,0,1,499.99,0,
TXN10-00097,10,2026-05-13 11:54:03,2834.39,Taxi,100006,UPI,DEV-10-2,iPhone,Delhi,11,2,0,1.68,34,5402.96,5284.08,5,41,24,0,0,0,1750.11,0,
TXN10-00098,10,2026-05-13 11:54:31,2295.73,Airlines,100007,Card,DEV-10-2,iPhone,Mumbai,11,2,0,0.47,35,5376.48,5263.17,16,42,25,0,0,0,1153.24,0,
TXN10-00099,10,2026-05-13 11:57:19,2610.97,Hotels,100005,UPI,DEV-10-1,iPhone,Chennai,11,2,0,2.8,36,5345.04,5245.39,12,45,13,0,0,0,1033.1,0,
TXN10-00100,10,2026-05-13 12:04:57,9420.8,Hotels,100005,UPI,DEV-10-3,Android,Mumbai,12,2,0,7.63,37,5317.42,5225.99,13,10,26,0,0,0,1033.1,0,
TXN10-00101,10,2026-05-13 12:15:19,1064.23,Taxi,100006,Card,DEV-10-4,Android,Chennai,12,2,0,10.37,38,5358.46,5215.8,6,2,14,0,0,0,1033.1,0,
TXN10-00102,10,2026-05-13 13:50:28,2488.94,Taxi,100001,UPI,DEV-10-1,iPhone,Chennai,13,2,0,95.15,39,5315.94,5207.3,7,46,15,0,0,0,0.0,0,
TXN10-00103,10,2026-05-13 14:01:28,5591.82,Hotels,100010,Card,DEV-10-3,Android,Bangalore,14,2,0,11.0,40,5288.22,5189.19,5,11,14,0,0,0,290.17,0,
TXN10-00104,10,2026-05-13 14:30:44,3389.53,Food,100023,UPI,DEV-10-3,Android,Hyderabad,14,2,0,29.27,41,5291.17,5164.03,1,12,10,0,0,1,499.99,0,
TXN10-00105,10,2026-05-13 15:06:48,8276.61,Hotels,100005,UPI,DEV-10-2,iPhone,Chennai,15,2,0,36.07,42,5272.89,5142.49,14,43,16,0,0,0,515.24,0,
TXN10-00106,10,2026-05-13 15:18:58,3935.68,Taxi,100021,Card,DEV-10-3,Android,Delhi,15,2,0,12.17,43,5301.49,5126.25,2,13,25,0,0,0,1767.65,0,
TXN10-00107,10,2026-05-13 15:51:40,4325.53,Food,100015,UPI,DEV-10-1,iPhone,Goa,15,2,0,32.7,44,5288.61,5103.72,3,47,14,0,0,0,1521.64,0,
TXN10-00108,10,2026-05-13 16:13:44,1868.8,Taxi,100006,Card,DEV-10-3,Android,Delhi,16,2,0,22.07,45,5279.61,5080.66,7,14,26,0,0,0,1521.64,0,
TXN10-00109,10,2026-05-13 16:24:45,2438.95,Taxi,100001,UPI,DEV-10-1,iPhone,Bangalore,16,2,0,11.02,46,5248.03,5067.63,8,48,15,0,0,0,1750.11,0,
TXN10-00110,10,2026-05-13 16:53:51,2220.5,Food,100003,Card,DEV-10-1,iPhone,Mumbai,16,2,0,29.1,47,5222.26,5051.43,8,49,27,0,0,0,845.32,0,
TXN10-00111,10,2026-05-13 17:07:18,8347.49,Hotels,100020,Card,DEV-10-2,iPhone,Bangalore,17,2,0,13.45,48,5194.97,5036.48,2,44,16,0,0,0,845.32,0,
TXN10-00112,10,2026-05-13 17:15:59,10000.0,Hotels,100017,UPI,DEV-10-4,Android,Hyderabad,17,2,0,8.68,49,5223.37,5022.59,2,3,11,0,0,0,499.99,0,
TXN10-00113,10,2026-05-13 17:19:10,2511.08,Food,100002,Card,DEV-10-2,iPhone,Chennai,17,2,0,3.18,50,5266.02,5020.26,6,45,17,0,0,0,515.24,0,
TXN10-00114,10,2026-05-13 17:32:38,10000.0,Food,100003,Card,DEV-10-3,Android,Goa,17,2,0,13.47,51,5241.64,5004.65,9,15,15,0,0,0,706.92,0,
TXN10-00115,10,2026-05-13 17:48:21,2744.79,Airlines,100007,UPI,DEV-10-1,iPhone,Hyderabad,17,2,0,15.72,52,5283.38,5002.37,17,50,12,0,0,0,520.05,0,
TXN10-00116,10,2026-05-13 17:55:36,2483.95,Hotels,100010,Card,DEV-10-3,Android,Hyderabad,17,2,0,7.25,53,5261.3,4986.15,6,16,13,0,0,0,0.0,0,
TXN10-00117,10,2026-05-13 18:10:20,1098.9,Hotels,100005,Card,DEV-10-1,iPhone,Chennai,18,2,0,14.73,54,5237.36,4971.24,15,51,18,0,0,0,515.24,0,
TXN10-00118,10,2026-05-13 18:16:19,1992.73,Taxi,100001,UPI,DEV-10-3,Android,Goa,18,2,0,5.98,55,5201.99,4964.59,9,17,16,0,0,0,706.92,0,
TXN10-00119,10,2026-05-13 18:17:01,10000.0,Hotels,100025,UPI,DEV-10-2,iPhone,Mumbai,18,2,0,0.7,56,5174.79,4952.26,4,46,28,0,0,0,440.32,0,
TXN10-00120,10,2026-05-13 18:36:19,5239.3,Hotels,100017,Card,DEV-10-3,Android,Delhi,18,2,0,19.3,57,5215.34,4951.04,3,18,27,0,0,0,1153.24,0,
TXN10-00121,10,2026-05-13 18:51:44,1972.3,Hotels,100010,Card,DEV-10-2,iPhone,Hyderabad,18,2,0,15.42,58,5215.54,4930.37,7,47,14,0,0,0,1266.53,0,
TXN10-00122,10,2026-05-13 19:07:24,2280.01,Food,100002,UPI,DEV-10-1,iPhone,Bangalore,19,2,0,15.67,59,5188.73,4918.72,7,52,17,0,0,0,499.99,0,
TXN10-00123,10,2026-05-13 20:06:48,5313.88,Food,100003,Card,DEV-10-2,iPhone,Mumbai,20,2,0,59.4,60,5164.89,4905.54,10,48,29,0,0,0,845.32,0,
TXN10-00124,10,2026-05-13 20:17:34,3178.41,Hotels,100010,Card,DEV-10-4,Android,Delhi,20,2,0,10.77,61,5166.1,4885.57,8,4,28,0,0,0,1153.24,0,
TXN10-00125,10,2026-05-13 20:39:56,4717.19,Airlines,100007,Card,DEV-10-1,iPhone,Bangalore,20,2,0,22.37,62,5150.07,4869.08,18,53,18,0,0,0,1750.11,0,
TXN10-00126,10,2026-05-13 21:03:40,2132.0,Food,100003,Card,DEV-10-1,iPhone,Chennai,21,2,0,23.73,63,5146.61,4849.72,11,54,19,0,0,0,290.17,0,
TXN10-00127,10,2026-05-13 21:16:27,3196.93,Hotels,100005,Card,DEV-10-2,iPhone,Mumbai,21,2,0,12.78,64,5122.69,4837.84,16,49,30,0,0,0,1033.1,0,
TXN10-00128,10,2026-05-13 22:01:16,2464.41,Airlines,100027,UPI,DEV-10-4,Android,Mumbai,22,2,0,44.82,65,5107.52,4821.76,2,5,31,0,0,0,0.0,0,
TXN10-00129,10,2026-05-13 22:24:22,4761.59,Food,100003,Card,DEV-10-2,iPhone,Bangalore,22,2,0,23.1,66,5086.87,4808.52,12,50,19,0,0,0,845.32,0,
TXN10-00130,10,2026-05-13 22:30:44,1088.95,Taxi,100001,Card,DEV-10-1,iPhone,Delhi,22,2,0,6.37,67,5084.35,4789.93,10,55,29,0,0,0,1750.11,0,
TXN10-00131,10,2026-05-13 23:00:13,3109.77,Taxi,100021,Card,DEV-10-1,iPhone,Mumbai,23,2,0,29.48,68,5053.62,4784.22,3,56,32,0,0,0,1153.24,0,
TXN10-00132,10,2026-05-13 23:56:16,9826.64,Food,100016,Card,DEV-10-1,iPhone,Mumbai,23,2,0,56.05,69,5038.78,4768.93,4,57,33,0,0,0,0.0,0,
TXN10-00133,10,2026-05-14 01:12:47,50000.0,Luxury Goods,100001,Card,DEV-10-1,iPhone,Mumbai,1,3,0,76.52,1,5075.05,4768.93,11,58,34,0,0,0,0.0,1,large_luxury_purchase
TXN10-00134,10,2026-05-14 05:03:08,4003.05,Taxi,100021,Card,DEV-10-1,iPhone,Delhi,5,3,0,230.35,2,5412.83,6134.53,4,59,30,0,0,0,1153.24,0,
TXN10-00135,10,2026-05-14 05:48:43,3319.05,Hotels,100005,UPI,DEV-10-2,iPhone,Goa,5,3,0,45.58,3,5402.31,6112.8,17,51,17,0,0,0,1521.64,0,
TXN10-00136,10,2026-05-14 05:52:06,6983.95,Hotels,100005,Card,DEV-10-3,Android,Mumbai,5,3,0,3.38,4,5386.88,6092.74,18,19,35,0,0,0,440.32,0,
TXN10-00137,10,2026-05-14 05:58:19,4146.85,Airlines,100027,UPI,DEV-10-4,Android,Delhi,5,3,0,6.22,5,5398.62,6071.83,3,6,31,0,0,0,1153.24,0,
TXN10-00138,10,2026-05-14 06:01:44,4016.51,Taxi,100001,UPI,DEV-10-1,iPhone,Mumbai,6,3,0,3.42,6,5389.49,6050.57,12,60,36,0,0,0,1153.24,0,
TXN10-00139,10,2026-05-14 06:08:55,3719.09,Taxi,100024,UPI,DEV-10-4,Android,Delhi,6,3,0,7.18,7,5379.54,6029.73,2,7,32,0,0,0,1153.24,0,
TXN10-00140,10,2026-05-14 06:27:08,9425.38,Hotels,100012,Card,DEV-10-1,iPhone,Hyderabad,6,3,0,18.22,8,5367.59,6009.64,4,61,15,0,0,0,1266.53,0,
TXN10-00141,10,2026-05-14 06:44:09,6074.95,Airlines,100009,UPI,DEV-10-2,iPhone,Mumbai,6,3,0,17.02,9,5396.58,5997.88,7,52,37,0,0,0,621.46,0,
TXN10-00142,10,2026-05-14 07:04:13,3600.85,Taxi,100022,Card,DEV-10-1,iPhone,Goa,7,3,0,20.07,10,5401.39,5976.85,4,62,18,0,0,0,440.32,0,
TXN10-00143,10,2026-05-14 07:34:25,7422.08,Taxi,100006,UPI,DEV-10-4,Android,Goa,7,3,0,30.2,11,5388.71,5957.67,8,8,19,0,0,0,0.0,0,
TXN10-00144,10,2026-05-14 07:46:29,1156.07,Food,100015,Card,DEV-10-3,Android,Delhi,7,3,0,12.07,12,5402.93,5939.22,4,20,33,0,0,0,1521.64,0,
TXN10-00145,10,2026-05-14 08:02:32,4572.55,Airlines,100013,Card,DEV-10-4,Android,Hyderabad,8,3,0,16.05,13,5373.43,5929.06,5,9,16,0,0,0,1266.53,0,
TXN10-00146,10,2026-05-14 08:03:50,6243.69,Food,100015,Card,DEV-10-1,iPhone,Goa,8,3,0,1.3,14,5367.91,5908.95,5,63,20,0,0,0,520.05,0,
TXN10-00147,10,2026-05-14 08:41:47,10000.0,Hotels,100012,Card,DEV-10-1,iPhone,Delhi,8,3,0,37.95,15,5373.91,5889.12,5,64,34,0,0,0,1521.64,0,
TXN10-00148,10,2026-05-14 08:55:00,1293.43,Airlines,100007,Card,DEV-10-2,iPhone,Mumbai,8,3,0,13.22,16,5405.38,5881.36,19,53,38,0,0,0,1153.24,0,
TXN10-00149,10,2026-05-14 09:10:01,3684.87,Food,100011,Card,DEV-10-4,Android,Chennai,9,3,0,15.02,17,5377.6,5871.13,3,10,20,0,0,0,1033.1,0,
TXN10-00150,10,2026-05-14 09:35:39,5193.13,Taxi,100001,Card,DEV-10-1,iPhone,Goa,9,3,0,25.63,18,5366.23,5853.03,13,65,21,0,0,0,706.92,0,
TXN10-00151,10,2026-05-14 09:54:38,3793.97,Taxi,100001,Card,DEV-10-1,iPhone,Bangalore,9,3,0,18.98,19,5365.08,5833.5,14,66,20,0,0,0,454.99,0,
TXN10-00152,10,2026-05-14 11:12:56,3267.83,Airlines,100007,Card,DEV-10-1,iPhone,Delhi,11,3,0,78.3,20,5354.68,5815.55,20,67,35,0,0,0,1750.11,0,
TXN10-00153,10,2026-05-14 11:32:27,1483.91,Hotels,100005,Card,DEV-10-3,Android,Hyderabad,11,3,0,19.52,21,5340.95,5798.84,19,21,17,0,0,0,1266.53,0,
TXN10-00154,10,2026-05-14 11:39:18,2887.76,Hotels,100005,UPI,DEV-10-3,Android,Hyderabad,11,3,0,6.85,22,5315.74,5788.21,20,22,18,0,0,0,0.0,0,
TXN10-00155,10,2026-05-14 11:40:55,2380.3,Taxi,100024,Card,DEV-10-4,Android,Mumbai,11,3,0,1.62,23,5299.97,5772.68,3,11,39,0,0,0,621.46,0,
TXN10-00156,10,2026-05-14 11:54:51,1575.61,Airlines,100007,UPI,DEV-10-1,iPhone,Delhi,11,3,0,13.93,24,5281.13,5758.78,21,68,36,0,0,0,1153.24,0,
TXN10-00157,10,2026-05-14 13:13:15,5661.97,Airlines,100026,Card,DEV-10-1,iPhone,Chennai,13,3,0,78.4,25,5257.38,5747.9,4,69,21,0,0,0,1767.65,0,
TXN10-00158,10,2026-05-14 14:02:01,4639.69,Food,100028,Card,DEV-10-3,Android,Delhi,14,3,0,48.77,26,5259.96,5729.66,2,23,37,0,0,0,1767.65,0,
TXN10-00159,10,2026-05-14 14:05:08,6122.1,Food,100016,Card,DEV-10-4,Android,Delhi,14,3,0,3.12,27,5256.03,5711.71,5,12,38,0,0,0,0.0,0,
TXN10-00160,10,2026-05-14 14:13:39,5376.79,Taxi,100024,Card,DEV-10-1,iPhone,Bangalore,14,3,0,8.52,28,5261.48,5694.13,4,70,21,0,0,0,1750.11,0,
TXN10-00161,10,2026-05-14 15:16:35,4555.29,Airlines,100007,Card,DEV-10-2,iPhone,Hyderabad,15,3,0,62.93,29,5262.2,5676.32,22,54,19,0,0,0,499.99,0,
TXN10-00162,10,2026-05-14 16:35:40,3317.15,Food,100002,Card,DEV-10-1,iPhone,Bangalore,16,3,0,79.08,30,5257.81,5658.93,8,71,22,0,0,0,499.99,0,
TXN10-00163,10,2026-05-14 16:47:02,2319.73,Food,100014,Card,DEV-10-2,iPhone,Chennai,16,3,0,11.37,31,5245.83,5643.49,2,55,22,0,0,0,290.17,0,
TXN10-00164,10,2026-05-14 17:10:43,6090.43,Food,100019,UPI,DEV-10-4,Android,Chennai,17,3,0,23.68,32,5227.88,5630.79,2,13,23,0,0,0,0.0,0,
TXN10-00165,10,2026-05-14 17:49:32,2954.0,Hotels,100005,UPI,DEV-10-1,iPhone,Delhi,17,3,0,38.82,33,5233.14,5613.99,21,72,39,0,0,0,1767.65,0,
TXN10-00166,10,2026-05-14 17:59:30,2008.82,Food,100002,UPI,DEV-10-2,iPhone,Mumbai,17,3,0,9.97,34,5219.33,5599.75,9,56,40,0,0,0,1153.24,0,
TXN10-00167,10,2026-05-14 18:59:49,6429.22,Hotels,100005,UPI,DEV-10-1,iPhone,Goa,18,3,0,60.32,35,5199.98,5588.38,22,73,22,0,0,0,440.32,0,
TXN10-00168,10,2026-05-14 19:17:02,3160.49,Hotels,100030,UPI,DEV-10-3,Android,Chennai,19,3,0,17.22,36,5207.35,5572.43,1,24,24,0,0,1,706.92,0,
TXN10-00169,10,2026-05-14 20:10:09,6015.2,Food,100016,Card,DEV-10-3,Android,Hyderabad,20,3,0,53.12,37,5195.16,5558.06,6,25,20,0,0,0,515.24,0,
TXN10-00170,10,2026-05-14 20:14:14,4659.37,Airlines,100007,UPI,DEV-10-3,Android,Delhi,20,3,0,4.08,38,5200.01,5541.94,23,26,40,0,0,0,1266.53,0,
TXN10-00171,10,2026-05-14 20:28:35,1897.98,Hotels,100010,Card,DEV-10-1,iPhone,Delhi,20,3,0,14.35,39,5196.83,5525.77,9,74,41,0,0,0,0.0,0,
TXN10-00172,10,2026-05-14 20:50:32,1969.74,Taxi,100006,Card,DEV-10-1,iPhone,Goa,20,3,0,21.95,40,5177.54,5515.33,9,75,23,0,0,0,1521.64,0,
TXN10-00173,10,2026-05-14 21:28:31,10000.0,Airlines,100007,UPI,DEV-10-4,Android,Mumbai,21,3,0,37.98,41,5158.89,5504.68,24,14,41,0,0,0,440.32,0,
TXN10-00174,10,2026-05-14 21:49:36,3999.19,Taxi,100001,UPI,DEV-10-2,iPhone,Mumbai,21,3,0,21.08,42,5186.88,5501.0,15,57,42,0,0,0,0.0,0,
TXN10-00175,10,2026-05-14 22:31:24,5117.74,Taxi,100001,UPI,DEV-10-2,iPhone,Hyderabad,22,3,0,41.8,43,5180.05,5485.91,16,58,21,0,0,0,621.46,0,
TXN10-00176,10,2026-05-15 05:23:13,9805.19,Hotels,100005,UPI,DEV-10-3,Android,Delhi,5,4,0,411.82,1,5179.69,5470.21,23,27,42,0,0,0,1266.53,0,
TXN10-00177,10,2026-05-15 05:31:49,9013.25,Food,100085,Card,DEV-10-7,Web,Delhi,5,4,0,8.6,2,5205.98,5465.72,1,2,43,0,0,1,0.0,1,ato_higher_amount
TXN10-00178,10,2026-05-15 05:45:01,8340.92,Airlines,100013,Card,DEV-10-1,iPhone,Mumbai,5,4,0,13.2,3,5227.49,5457.72,6,76,43,0,0,0,1153.24,0,
TXN10-00179,10,2026-05-15 06:47:31,1493.24,Airlines,100027,Card,DEV-10-1,iPhone,Chennai,6,4,0,62.5,4,5244.98,5447.34,4,77,25,0,0,0,1033.1,0,
TXN10-00180,10,2026-05-15 07:04:58,10000.0,Hotels,100005,Card,DEV-10-2,iPhone,Bangalore,7,4,0,17.45,5,5224.02,5439.3,24,59,23,0,0,0,290.17,0,
TXN10-00181,10,2026-05-15 07:05:15,7001.68,Airlines,100013,UPI,DEV-10-1,iPhone,Bangalore,7,4,0,0.28,6,5250.55,5435.77,7,78,24,0,0,0,0.0,0,
TXN10-00182,10,2026-05-15 07:21:51,954.49,Taxi,100001,UPI,DEV-10-2,iPhone,Mumbai,7,4,0,16.6,7,5260.22,5422.29,17,60,44,0,0,0,845.32,0,
TXN10-00183,10,2026-05-15 07:26:17,1614.05,Food,100014,Card,DEV-10-2,iPhone,Hyderabad,7,4,0,4.43,8,5236.57,5416.73,3,61,22,0,0,0,621.46,0,
TXN10-00184,10,2026-05-15 07:35:41,1519.9,Airlines,100009,Card,DEV-10-1,iPhone,Mumbai,7,4,0,9.4,9,5216.77,5408.51,8,79,45,0,0,0,621.46,0,
TXN10-00185,10,2026-05-15 07:44:36,1508.46,Hotels,100010,UPI,DEV-10-2,iPhone,Delhi,7,4,0,8.92,10,5196.68,5400.64,10,62,44,0,0,0,1153.24,0,
TXN10-00186,10,2026-05-15 07:47:03,5954.0,Food,100015,Card,DEV-10-3,Android,Hyderabad,7,4,0,2.45,11,5176.74,5392.8,6,28,23,0,0,0,1266.53,0,
TXN10-00187,10,2026-05-15 08:53:11,6913.18,Taxi,100001,Card,DEV-10-3,Android,Hyderabad,8,4,0,66.13,12,5180.92,5378.59,18,29,24,0,0,0,0.0,0,
TXN10-00188,10,2026-05-15 09:18:52,3492.82,Food,100004,UPI,DEV-10-1,iPhone,Mumbai,9,4,0,25.68,13,5190.19,5365.68,4,80,46,0,0,0,621.46,0,
TXN10-00189,10,2026-05-15 09:34:12,2868.63,Taxi,100024,UPI,DEV-10-2,iPhone,Goa,9,4,0,15.33,14,5181.16,5352.81,5,63,24,0,0,0,440.32,0,
TXN10-00190,10,2026-05-15 09:58:18,1514.6,Taxi,100001,Card,DEV-10-4,Android,Hyderabad,9,4,0,24.1,15,5168.92,5341.27,19,15,25,0,0,0,520.05,0,
TXN10-00191,10,2026-05-15 10:33:16,6302.32,Taxi,100031,Card,DEV-10-2,iPhone,Bangalore,10,4,0,34.97,16,5149.69,5333.75,1,64,25,0,0,1,499.99,0,
TXN10-00192,10,2026-05-15 10:42:56,1207.87,Food,100002,Card,DEV-10-1,iPhone,Chennai,10,4,0,9.67,17,5155.72,5320.42,10,81,26,0,0,0,290.17,0,
TXN10-00193,10,2026-05-15 11:33:00,3801.4,Taxi,100001,UPI,DEV-10-2,iPhone,Hyderabad,11,4,0,50.07,18,5135.16,5314.15,20,65,26,0,0,0,515.24,0,
TXN10-00194,10,2026-05-15 12:10:05,3630.69,Taxi,100021,UPI,DEV-10-4,Android,Bangalore,12,4,0,37.08,19,5128.25,5301.23,5,16,26,0,0,0,499.99,0,
TXN10-00195,10,2026-05-15 12:58:40,5645.2,Food,100003,Card,DEV-10-2,iPhone,Delhi,12,4,0,48.58,20,5120.53,5288.64,13,66,45,0,0,0,1750.11,0,
TXN10-00196,10,2026-05-15 13:36:53,5661.66,Airlines,100007,UPI,DEV-10-2,iPhone,Delhi,13,4,0,38.22,21,5123.22,5275.19,25,67,46,0,0,0,0.0,0,
TXN10-00197,10,2026-05-15 14:00:25,2530.3,Food,100004,UPI,DEV-10-4,Android,Bangalore,14,4,0,23.53,22,5125.97,5261.86,5,17,27,0,0,0,1750.11,0,
TXN10-00198,10,2026-05-15 14:03:38,3355.3,Taxi,100001,Card,DEV-10-1,iPhone,Bangalore,14,4,0,3.22,23,5112.79,5251.72,21,82,28,0,0,0,0.0,0,
TXN10-00199,10,2026-05-15 14:04:39,3304.5,Food,100028,Card,DEV-10-3,Android,Chennai,14,4,0,1.02,24,5103.92,5239.93,3,30,27,0,0,0,290.17,0,
TXN10-00200,10,2026-05-15 14:04:48,3664.13,Taxi,100001,Card,DEV-10-3,Android,Hyderabad,14,4,0,0.15,25,5094.87,5228.29,22,31,27,0,0,0,515.24,0,
TXN10-00201,10,2026-05-15 14:23:55,5941.35,Hotels,100005,Card,DEV-10-1,iPhone,Chennai,14,4,0,19.12,26,5087.72,5216.18,25,83,28,0,0,0,515.24,0,
TXN10-00202,10,2026-05-15 14:53:54,6287.29,Hotels,100005,Card,DEV-10-4,Android,Bangalore,14,4,0,29.98,27,5091.97,5203.54,26,18,29,0,0,0,290.17,0,
TXN10-00203,10,2026-05-15 15:41:35,4161.24,Food,100008,Card,DEV-10-4,Android,Bangalore,15,4,0,47.68,28,5097.89,5191.32,1,19,30,0,0,1,0.0,0,
TXN10-00204,10,2026-05-15 15:47:51,6026.04,Food,100003,Card,DEV-10-1,iPhone,Mumbai,15,4,0,6.27,29,5093.27,5178.93,14,84,47,0,0,0,845.32,0,
TXN10-00205,10,2026-05-15 17:52:22,1127.91,Hotels,100025,UPI,DEV-10-1,iPhone,Goa,17,4,0,124.52,30,5097.84,5166.63,5,85,25,0,0,0,440.32,0,
TXN10-00206,10,2026-05-15 18:05:31,8082.88,Food,100004,Card,DEV-10-3,Android,Hyderabad,18,4,0,13.15,31,5078.48,5161.43,6,32,28,0,0,0,520.05,0,
TXN10-00207,10,2026-05-15 19:21:38,2480.8,Taxi,100022,Card,DEV-10-2,iPhone,Delhi,19,4,0,76.12,32,5093.06,5153.12,5,68,47,0,0,0,1266.53,0,
TXN10-00208,10,2026-05-15 19:40:49,10000.0,Hotels,100005,UPI,DEV-10-2,iPhone,Mumbai,19,4,0,19.18,33,5080.44,5143.85,27,69,48,0,0,0,1153.24,0,
TXN10-00209,10,2026-05-15 22:12:25,2781.65,Airlines,100007,Card,DEV-10-4,Android,Goa,22,4,0,151.6,34,5104.09,5142.74,26,20,26,0,0,0,440.32,0,
TXN10-00210,10,2026-05-15 22:20:10,8616.34,Hotels,100005,UPI,DEV-10-3,Android,Chennai,22,4,0,7.75,35,5092.98,5132.93,28,33,29,0,0,0,706.92,0,
TXN10-00211,10,2026-05-15 22:44:31,2536.59,Taxi,100006,Card,DEV-10-3,Android,Delhi,22,4,0,24.35,36,5109.76,5126.43,10,34,48,0,0,0,1767.65,0,
TXN10-00212,10,2026-05-15 23:02:34,3367.7,Hotels,100005,Card,DEV-10-3,Android,Bangalore,23,4,0,18.05,37,5097.57,5117.32,29,35,31,0,0,0,1750.11,0,
TXN10-00213,10,2026-05-15 23:09:34,1639.07,Hotels,100012,Card,DEV-10-2,iPhone,Hyderabad,23,4,0,7.0,38,5089.41,5106.61,6,70,29,0,0,0,499.99,0,
TXN10-00214,10,2026-05-15 23:15:56,2499.04,Taxi,100006,UPI,DEV-10-2,iPhone,Mumbai,23,4,0,6.37,39,5073.21,5100.07,11,71,49,0,0,0,621.46,0,
TXN10-00215,10,2026-05-16 05:41:51,3018.26,Taxi,100024,UPI,DEV-10-3,Android,Goa,5,5,1,385.92,1,5061.18,5091.17,6,36,27,0,0,0,440.32,0,
TXN10-00216,10,2026-05-16 05:54:35,7129.72,Food,100008,Card,DEV-10-1,iPhone,Mumbai,5,5,1,12.73,2,5051.68,5081.21,2,86,50,0,0,0,440.32,0,
TXN10-00217,10,2026-05-16 07:33:03,2587.13,Hotels,100010,Card,DEV-10-1,iPhone,Bangalore,7,5,1,98.47,3,5061.3,5071.4,11,87,32,0,0,0,845.32,0,
TXN10-00218,10,2026-05-16 07:48:19,2980.17,Airlines,100027,Card,DEV-10-3,Android,Bangalore,7,5,1,15.27,4,5049.89,5062.48,5,37,33,0,0,0,0.0,0,
TXN10-00219,10,2026-05-16 08:34:18,5408.27,Airlines,100009,UPI,DEV-10-1,iPhone,Chennai,8,5,1,45.98,5,5040.4,5052.79,9,88,30,0,0,0,290.17,0,
TXN10-00220,10,2026-05-16 08:43:51,2629.29,Food,100002,UPI,DEV-UNK-1726,iPhone,Hyderabad,8,5,1,9.55,6,5042.08,5041.3,11,1,30,1,0,0,515.24,1,ato_new_device
TXN10-00221,10,2026-05-16 08:55:34,8516.21,Hotels,100030,Card,DEV-10-1,iPhone,Chennai,8,5,1,11.72,7,5031.11,5032.45,2,89,31,0,0,0,515.24,0,
TXN10-00222,10,2026-05-16 09:34:07,4159.81,Food,100002,UPI,DEV-10-2,iPhone,Delhi,9,5,1,38.55,8,5046.88,5026.49,12,72,49,0,0,0,1767.65,0,
TXN10-00223,10,2026-05-16 10:14:42,1395.37,Airlines,100007,UPI,DEV-10-4,Android,Mumbai,10,5,1,40.58,9,5042.89,5015.51,27,21,51,0,0,0,1153.24,0,
TXN10-00224,10,2026-05-16 10:43:55,5714.69,Hotels,100030,UPI,DEV-10-2,iPhone,Delhi,10,5,1,29.22,10,5026.53,5010.18,3,73,50,0,0,0,1153.24,0,
TXN10-00225,10,2026-05-16 11:13:04,3842.0,Taxi,100001,Card,DEV-10-2,iPhone,Hyderabad,11,5,1,29.15,11,5029.6,4999.2,23,74,31,0,0,0,1266.53,0,
TXN10-00226,10,2026-05-16 11:32:09,10000.0,Taxi,100001,UPI,DEV-10-2,iPhone,Chennai,11,5,1,19.08,12,5024.32,4988.7,24,75,32,0,0,0,515.24,0,
TXN10-00227,10,2026-05-16 12:05:45,2490.04,Airlines,100007,UPI,DEV-10-1,iPhone,Bangalore,12,5,1,33.6,13,5046.34,4988.6,28,90,34,0,0,0,290.17,0,
TXN10-00228,10,2026-05-16 12:24:06,4477.44,Airlines,100013,UPI,DEV-10-2,iPhone,Delhi,12,5,1,18.35,14,5035.08,4980.47,8,76,51,0,0,0,1750.11,0,
TXN10-00229,10,2026-05-16 12:34:47,7223.86,Airlines,100007,Card,DEV-10-3,Android,Mumbai,12,5,1,10.68,15,5032.63,4969.68,29,38,52,0,0,0,1153.24,0,
TXN10-00230,10,2026-05-16 13:15:27,3802.09,Food,100015,UPI,DEV-10-1,iPhone,Goa,13,5,1,40.67,16,5042.2,4960.92,7,91,28,0,0,0,440.32,0,
TXN10-00231,10,2026-05-16 13:51:13,3074.11,Hotels,100010,Card,DEV-10-4,Android,Hyderabad,13,5,1,35.77,17,5036.81,4950.79,12,22,32,0,0,0,520.05,0,
TXN10-00232,10,2026-05-16 14:31:50,1539.85,Hotels,100005,UPI,DEV-10-1,iPhone,Jaipur,14,5,1,40.62,18,5028.31,4941.75,30,92,1,0,1,0,1095.15,0,
TXN10-00233,10,2026-05-16 16:14:11,3937.18,Airlines,100009,Card,DEV-10-3,Android,Hyderabad,16,5,1,102.35,19,5013.28,4936.38,10,39,33,0,0,0,1095.15,0,
TXN10-00234,10,2026-05-16 16:45:10,7113.34,Taxi,100001,UPI,DEV-10-1,iPhone,Delhi,16,5,1,30.98,20,5008.66,4926.28,25,93,52,0,0,0,1266.53,0,
TXN10-00235,10,2026-05-16 16:55:58,3235.4,Taxi,100001,Card,DEV-10-1,iPhone,Bangalore,16,5,1,10.8,21,5017.65,4917.66,26,94,35,0,0,0,1750.11,0,
TXN10-00236,10,2026-05-16 17:02:03,9407.27,Taxi,100001,Card,DEV-10-1,iPhone,Bangalore,17,5,1,6.08,22,5010.07,4908.55,27,95,36,0,0,0,0.0,0,
TXN10-00237,10,2026-05-16 17:38:11,9089.76,Food,100014,UPI,DEV-10-3,Android,Hyderabad,17,5,1,36.13,23,5028.7,4906.46,4,40,34,0,0,0,499.99,0,
TXN10-00238,10,2026-05-16 18:24:35,5054.48,Airlines,100027,Card,DEV-10-1,iPhone,Hyderabad,18,5,1,46.4,24,5045.84,4903.17,6,96,35,0,0,0,0.0,0,
TXN10-00239,10,2026-05-16 18:28:07,2905.03,Food,100003,UPI,DEV-10-2,iPhone,Goa,18,5,1,3.53,25,5045.87,4892.86,15,77,29,0,0,0,520.05,0,
TXN10-00240,10,2026-05-16 18:28:21,1862.02,Taxi,100024,UPI,DEV-10-1,iPhone,Mumbai,18,5,1,0.23,26,5036.92,4884.57,7,97,53,0,0,0,440.32,0,
TXN10-00241,10,2026-05-16 19:51:03,3280.72,Food,100011,UPI,DEV-10-1,iPhone,Goa,19,5,1,82.7,27,5023.69,4878.67,4,98,30,0,0,0,440.32,0,
TXN10-00242,10,2026-05-16 20:57:50,6897.71,Hotels,100020,UPI,DEV-10-3,Android,Hyderabad,20,5,1,66.78,28,5016.45,4869.83,3,41,36,0,0,0,520.05,0,
TXN10-00243,10,2026-05-16 21:25:25,4408.5,Taxi,100006,Card,DEV-10-2,iPhone,Hyderabad,21,5,1,27.58,29,5024.23,4861.25,12,78,37,0,0,0,0.0,0,
TXN10-00244,10,2026-05-16 21:45:48,3394.94,Hotels,100005,UPI,DEV-10-2,iPhone,Delhi,21,5,1,20.38,30,5021.69,4851.4,31,79,53,0,0,0,1266.53,0,
TXN10-00245,10,2026-05-16 21:51:39,9043.1,Airlines,100007,UPI,DEV-10-4,Android,Hyderabad,21,5,1,5.85,31,5015.03,4842.56,30,23,38,0,0,0,1266.53,0,
TXN10-00246,10,2026-05-16 22:03:44,5649.66,Food,100008,Card,DEV-10-1,iPhone,Delhi,22,5,1,12.08,32,5031.47,4839.49,3,99,54,0,0,0,1266.53,0,
TXN10-00247,10,2026-05-16 22:17:03,6554.3,Airlines,100009,UPI,DEV-10-3,Android,Chennai,22,5,1,13.32,33,5033.98,4829.8,11,42,33,0,0,0,1767.65,0,
TXN10-00248,10,2026-05-16 22:50:31,750.89,Hotels,100012,UPI,DEV-10-1,iPhone,Mumbai,22,5,1,33.47,34,5040.14,4820.98,7,100,54,0,0,0,1033.1,0,
TXN10-00249,10,2026-05-16 22:54:31,3968.0,Food,100002,UPI,DEV-UNK-5820,Web,Bangalore,22,5,1,4.0,35,5022.84,4818.93,13,1,37,1,0,0,845.32,1,ato_short_gap_new_device
TXN10-00250,10,2026-05-16 23:46:47,4438.82,Food,100008,Card,DEV-10-4,Android,Mumbai,23,5,1,52.27,36,5018.61,4809.7,4,24,55,0,0,0,845.32,0,
TXN10-00251,10,2026-05-16 23:58:59,2037.59,Food,100003,UPI,DEV-10-1,iPhone,Mumbai,23,5,1,12.2,37,5016.29,4800.21,16,101,56,0,0,0,0.0,0,
TXN10-00252,10,2026-05-17 02:02:46,50000.0,Luxury Goods,100001,Card,DEV-10-1,iPhone,Mumbai,2,6,1,123.78,1,5004.42,4794.32,28,102,57,0,0,0,0.0,1,large_luxury_purchase
TXN10-00253,10,2026-05-17 02:11:04,8961.9,Food,100015,Card,DEV-10-1,iPhone,Mumbai,2,6,1,8.3,2,5182.97,5558.46,8,103,58,0,0,0,0.0,1,ato_short_gap_odd_hour
TXN10-00254,10,2026-05-17 05:01:39,6198.32,Hotels,100005,Card,DEV-10-1,iPhone,Mumbai,5,6,1,170.58,3,5197.91,5552.53,32,104,59,0,0,0,0.0,0,
TXN10-00255,10,2026-05-17 05:52:06,2136.11,Taxi,100032,Card,DEV-10-1,iPhone,Bangalore,5,6,1,50.45,4,5201.85,5541.94,1,105,38,0,0,1,845.32,0,
TXN10-00256,10,2026-05-17 06:07:39,3777.22,Hotels,100005,Card,DEV-10-3,Android,Delhi,6,6,1,15.55,5,5189.83,5534.39,33,43,55,0,0,0,1750.11,0,
TXN10-00257,10,2026-05-17 06:12:34,2955.33,Food,100003,Card,DEV-10-2,iPhone,Mumbai,6,6,1,4.92,6,5184.31,5524.27,17,80,60,0,0,0,1153.24,0,
TXN10-00258,10,2026-05-17 06:46:39,5250.0,Airlines,100001,Card,DEV-UNK-6966,Android,Mumbai,6,6,1,34.08,7,5175.63,5515.26,29,1,61,1,0,0,0.0,1,unknown_device
TXN10-00259,10,2026-05-17 07:07:02,6557.55,Food,100023,Card,DEV-10-1,iPhone,Hyderabad,7,6,1,20.38,8,5175.92,5504.56,2,106,39,0,0,0,621.46,0,
TXN10-00260,10,2026-05-17 07:07:04,7013.15,Food,100008,Card,DEV-10-4,Android,Mumbai,7,6,1,0.03,9,5181.26,5494.59,5,25,62,0,0,0,621.46,0,
TXN10-00261,10,2026-05-17 07:10:35,3748.8,Taxi,100022,UPI,DEV-10-2,iPhone,Mumbai,7,6,1,3.52,10,5188.3,5485.19,6,81,63,0,0,0,0.0,0,
TXN10-00262,10,2026-05-17 07:28:07,2876.33,Hotels,100030,Card,DEV-UNK-1547,Android,Goa,7,6,1,17.53,11,5182.79,5475.39,4,1,31,1,0,0,440.32,1,ato_new_device
TXN10-00263,10,2026-05-17 07:36:57,2375.46,Food,100003,UPI,DEV-10-2,iPhone,Delhi,7,6,1,8.83,12,5173.98,5466.78,18,82,56,0,0,0,1521.64,0,
TXN10-00264,10,2026-05-17 07:54:10,2214.81,Hotels,100017,Card,DEV-10-4,Android,Delhi,7,6,1,17.22,13,5163.34,5459.1,4,26,57,0,0,0,0.0,0,
TXN10-00265,10,2026-05-17 08:05:58,1637.17,Airlines,100007,UPI,DEV-10-3,Android,Bangalore,8,6,1,11.8,14,5152.17,5451.76,31,44,39,0,0,0,1750.11,0,
TXN10-00266,10,2026-05-17 08:08:43,5744.79,Taxi,100022,Card,DEV-10-2,iPhone,Hyderabad,8,6,1,2.75,15,5138.91,5445.73,7,83,40,0,0,0,499.99,0,
TXN10-00267,10,2026-05-17 08:19:00,9851.55,Food,100002,Card,DEV-10-1,iPhone,Hyderabad,8,6,1,10.28,16,5141.19,5435.61,14,107,41,0,0,0,0.0,0,
TXN10-00268,10,2026-05-17 08:38:13,1694.86,Hotels,100005,Card,DEV-10-3,Android,Goa,8,6,1,19.22,17,5158.83,5433.04,34,45,32,0,0,0,520.05,0,
TXN10-00269,10,2026-05-17 08:40:27,10000.0,Hotels,100033,UPI,DEV-10-2,iPhone,Delhi,8,6,1,2.23,18,5145.9,5427.01,1,84,58,0,0,1,1521.64,0,
TXN10-00270,10,2026-05-17 08:44:39,10000.0,Taxi,100006,UPI,DEV-10-1,iPhone,Hyderabad,8,6,1,4.2,19,5163.95,5424.96,13,108,42,0,0,0,1266.53,0,
TXN10-00271,10,2026-05-17 09:11:45,8186.84,Taxi,100006,Card,DEV-10-2,iPhone,Bangalore,9,6,1,27.1,20,5181.86,5422.87,14,85,40,0,0,0,499.99,0,
TXN10-00272,10,2026-05-17 09:18:10,7040.13,Taxi,100001,Card,DEV-10-4,Android,Bangalore,9,6,1,6.42,21,5192.95,5415.92,30,27,41,0,0,0,0.0,0,
TXN10-00273,10,2026-05-17 09:33:17,8417.0,Taxi,100006,Card,DEV-10-3,Android,Goa,9,6,1,15.12,22,5199.74,5407.11,15,46,33,0,0,0,454.99,0,
TXN10-00274,10,2026-05-17 10:35:01,3877.86,Taxi,100022,UPI,DEV-10-1,iPhone,Bangalore,10,6,1,61.73,23,5211.53,5400.7,8,109,42,0,0,0,454.99,0,
TXN10-00275,10,2026-05-17 10:58:32,1011.25,Taxi,100021,Card,DEV-10-2,iPhone,Mumbai,10,6,1,23.52,24,5206.66,5391.43,6,86,64,0,0,0,845.32,0,
TXN10-00276,10,2026-05-17 11:07:21,1904.37,Hotels,100012,Card,DEV-10-2,iPhone,Mumbai,11,6,1,8.82,25,5191.4,5387.54,8,87,65,0,0,0,0.0,0,
TXN10-00277,10,2026-05-17 11:14:07,9000.5,Food,100002,UPI,DEV-10-2,iPhone,Mumbai,11,6,1,6.77,26,5179.49,5381.4,15,88,66,0,0,0,0.0,0,
TXN10-00278,10,2026-05-17 11:14:11,4693.83,Hotels,100165,UPI,DEV-10-3,Android,Chennai,11,6,1,0.07,27,5193.29,5376.56,1,47,34,0,0,1,1033.1,1,ato_new_merchant_same_category_higher_amount
TXN10-00279,10,2026-05-17 11:14:39,2645.88,Food,100003,UPI,DEV-10-3,Android,Chennai,11,6,1,0.47,28,5191.49,5366.97,19,48,35,0,0,0,0.0,0,
TXN10-00280,10,2026-05-17 11:37:13,2856.92,Hotels,100012,Card,DEV-10-2,iPhone,Mumbai,11,6,1,22.57,29,5182.37,5359.5,9,89,67,0,0,0,1033.1,0,
TXN10-00281,10,2026-05-17 11:38:10,1678.69,Hotels,100012,UPI,DEV-10-4,Android,Delhi,11,6,1,0.95,30,5174.06,5351.72,10,28,59,0,0,0,1153.24,0,
TXN10-00282,10,2026-05-17 11:59:26,4405.2,Hotels,100010,UPI,DEV-10-4,Android,Hyderabad,11,6,1,21.27,31,5161.62,5346.24,13,29,43,0,0,0,1266.53,0,
TXN10-00283,10,2026-05-17 12:09:03,2160.79,Food,100003,Card,DEV-10-4,Android,Bangalore,12,6,1,9.62,32,5158.94,5336.94,20,30,43,0,0,0,499.99,0,
TXN10-00284,10,2026-05-17 12:13:21,6651.53,Food,100002,UPI,DEV-10-3,Android,Hyderabad,12,6,1,4.3,33,5148.35,5330.47,16,49,44,0,0,0,499.99,0,
TXN10-00285,10,2026-05-17 12:15:02,810.67,Taxi,100001,Card,DEV-10-2,iPhone,Chennai,12,6,1,1.68,34,5153.64,5321.83,31,90,36,0,0,0,515.24,0,
TXN10-00286,10,2026-05-17 12:40:25,3630.31,Taxi,100021,Card,DEV-10-1,iPhone,Chennai,12,6,1,25.38,35,5138.4,5318.68,7,110,37,0,0,0,0.0,0,
TXN10-00287,10,2026-05-17 13:09:31,2471.24,Food,100003,Card,DEV-10-2,iPhone,Hyderabad,13,6,1,29.1,36,5133.13,5310.12,21,91,45,0,0,0,515.24,0,
TXN10-00288,10,2026-05-17 13:23:02,7289.65,Taxi,100001,UPI,DEV-10-1,iPhone,Goa,13,6,1,13.52,37,5123.85,5303.19,32,111,34,0,0,0,520.05,0,
TXN10-00289,10,2026-05-17 13:33:26,3416.33,Taxi,100032,UPI,DEV-10-2,iPhone,Delhi,13,6,1,10.4,38,5131.37,5295.5,2,92,60,0,0,0,1521.64,0,
TXN10-00290,10,2026-05-17 13:48:06,1856.02,Food,100019,Card,DEV-10-3,Android,Mumbai,13,6,1,14.67,39,5125.44,5287.29,3,50,68,0,0,0,1153.24,0,
TXN10-00291,10,2026-05-17 14:22:03,10000.0,Food,100034,Card,DEV-10-2,iPhone,Chennai,14,6,1,33.95,40,5114.16,5281.65,1,93,38,0,0,1,1033.1,0,
TXN10-00292,10,2026-05-17 14:53:00,1628.94,Food,100002,UPI,DEV-10-1,iPhone,Mumbai,14,6,1,30.95,41,5130.95,5280.31,17,112,69,0,0,0,1033.1,0,
TXN10-00293,10,2026-05-17 15:27:36,3101.98,Food,100003,Card,DEV-10-1,iPhone,Hyderabad,15,6,1,34.6,42,5118.96,5275.23,22,113,46,0,0,0,621.46,0,
TXN10-00294,10,2026-05-17 15:39:31,3955.37,Hotels,100012,Card,DEV-10-1,iPhone,Hyderabad,15,6,1,11.92,43,5112.08,5267.53,11,114,47,0,0,0,0.0,0,
TXN10-00295,10,2026-05-17 15:48:53,2567.41,Taxi,100006,UPI,DEV-10-2,iPhone,Delhi,15,6,1,9.37,44,5108.14,5259.0,16,94,61,0,0,0,1266.53,0,
TXN10-00296,10,2026-05-17 16:06:49,3910.83,Hotels,100012,UPI,DEV-10-4,Android,Mumbai,16,6,1,17.93,45,5099.53,5252.16,12,31,70,0,0,0,1153.24,0,
TXN10-00297,10,2026-05-17 16:23:25,2027.74,Taxi,100001,Card,DEV-10-1,iPhone,Delhi,16,6,1,16.6,46,5095.51,5243.73,33,115,62,0,0,0,1153.24,0,
TXN10-00298,10,2026-05-17 16:52:33,10000.0,Airlines,100013,Card,DEV-10-1,iPhone,Hyderabad,16,6,1,29.13,47,5085.18,5237.91,9,116,48,0,0,0,1266.53,0,
TXN10-00299,10,2026-05-17 17:06:35,3461.48,Food,100002,Card,DEV-10-1,iPhone,Bangalore,17,6,1,14.03,48,5101.68,5236.83,18,117,44,0,0,0,499.99,0,
TXN10-00300,10,2026-05-17 17:11:28,2199.21,Hotels,100012,Card,DEV-10-1,iPhone,Chennai,17,6,1,4.88,49,5096.19,5228.93,13,118,39,0,0,0,290.17,0,
TXN10-00301,10,2026-05-17 17:13:45,6124.78,Airlines,100013,Card,DEV-10-1,iPhone,Hyderabad,17,6,1,2.28,50,5086.53,5222.87,10,119,49,0,0,0,515.24,0,
TXN10-00302,10,2026-05-17 17:20:13,883.99,Taxi,100006,UPI,DEV-10-4,Android,Bangalore,17,6,1,6.47,51,5089.98,5214.53,17,32,45,0,0,0,499.99,0,
TXN10-00303,10,2026-05-17 17:41:40,3879.16,Taxi,100001,UPI,DEV-10-4,Android,Hyderabad,17,6,1,21.45,52,5076.06,5211.5,34,33,50,0,0,0,499.99,0,
TXN10-00304,10,2026-05-17 17:44:19,8485.21,Taxi,100001,Card,DEV-10-2,iPhone,Bangalore,17,6,1,2.65,53,5072.11,5203.34,35,95,46,0,0,0,499.99,0,
TXN10-00305,10,2026-05-17 17:54:02,2858.99,Food,100003,Card,DEV-10-4,Android,Bangalore,17,6,1,9.72,54,5083.33,5198.45,23,34,47,0,0,0,0.0,0,
TXN10-00306,10,2026-05-17 18:03:00,10000.0,Hotels,100005,UPI,DEV-10-1,iPhone,Chennai,18,6,1,8.97,55,5076.04,5191.48,35,120,40,0,0,0,290.17,0,
TXN10-00307,10,2026-05-17 18:06:00,4591.13,Hotels,100139,UPI,DEV-10-3,Android,Chennai,18,6,1,3.0,56,5092.13,5190.6,1,51,41,0,0,1,0.0,1,ato_short_gap
TXN10-00308,10,2026-05-17 18:17:55,3940.99,Hotels,100005,Card,DEV-10-1,iPhone,Delhi,18,6,1,11.92,57,5090.5,5182.22,36,121,63,0,0,0,1767.65,0,
TXN10-00309,10,2026-05-17 18:18:33,2659.02,Taxi,100022,Card,DEV-10-1,iPhone,Chennai,18,6,1,0.63,58,5086.77,5174.22,9,122,42,0,0,0,1767.65,0,
TXN10-00310,10,2026-05-17 18:42:46,1329.08,Taxi,100032,Card,DEV-10-1,iPhone,Goa,18,6,1,24.22,59,5078.91,5167.68,3,123,35,0,0,0,706.92,0,
TXN10-00311,10,2026-05-17 19:13:59,1829.14,Food,100016,Card,DEV-10-2,iPhone,Chennai,19,6,1,31.22,60,5066.82,5163.71,7,96,43,0,0,0,706.92,0,
TXN10-00312,10,2026-05-17 19:15:09,3259.06,Airlines,100026,UPI,DEV-10-5,iPhone,Bangalore,19,6,1,1.17,61,5056.4,5158.66,5,1,48,1,0,0,290.17,0,
TXN10-00313,10,2026-05-17 19:18:01,3318.53,Hotels,100010,Card,DEV-10-4,Android,Chennai,19,6,1,2.87,62,5050.64,5151.39,14,35,44,0,0,0,290.17,0,
TXN10-00314,10,2026-05-17 20:04:19,3927.92,Taxi,100001,Card,DEV-10-3,Android,Goa,20,6,1,46.3,63,5045.11,5144.08,36,52,36,0,0,0,706.92,0,
TXN10-00315,10,2026-05-17 20:25:46,2725.76,Airlines,100007,Card,DEV-10-3,Android,Goa,20,6,1,21.45,64,5041.55,5136.27,32,53,37,0,0,0,0.0,0,
TXN10-00316,10,2026-05-17 20:37:35,1972.04,Taxi,100006,UPI,DEV-10-1,iPhone,Bangalore,20,6,1,11.82,65,5034.2,5129.77,18,124,49,0,0,0,454.99,0,
TXN10-00317,10,2026-05-17 20:37:59,5850.17,Hotels,100012,Card,DEV-10-2,iPhone,Hyderabad,20,6,1,0.4,66,5024.51,5124.53,14,97,51,0,0,0,499.99,0,
TXN10-00318,10,2026-05-17 20:45:31,7122.45,Food,100003,Card,DEV-10-1,iPhone,Mumbai,20,6,1,7.53,67,5027.11,5116.65,24,125,71,0,0,0,621.46,0,
TXN10-00319,10,2026-05-17 20:49:37,7391.48,Taxi,100006,Card,DEV-10-4,Android,Chennai,20,6,1,4.1,68,5033.7,5109.95,19,36,45,0,0,0,1033.1,0,
TXN10-00320,10,2026-05-17 21:08:24,3373.21,Food,100002,UPI,DEV-10-1,iPhone,Hyderabad,21,6,1,18.78,69,5041.1,5103.63,19,126,52,0,0,0,515.24,0,
TXN10-00321,10,2026-05-17 21:12:37,845.08,Hotels,100035,UPI,DEV-10-1,iPhone,Goa,21,6,1,4.22,70,5035.88,5096.5,1,127,38,0,0,1,520.05,0,
TXN10-00322,10,2026-05-17 21:17:31,6903.88,Airlines,100013,UPI,DEV-10-1,iPhone,Delhi,21,6,1,4.9,71,5022.83,5093.92,11,128,64,0,0,0,1521.64,0,
TXN10-00323,10,2026-05-17 21:56:33,3076.65,Airlines,100029,Card,DEV-10-2,iPhone,Delhi,21,6,1,39.03,72,5028.67,5087.08,2,98,65,0,0,0,0.0,0,
TXN10-00324,10,2026-05-17 22:06:28,3343.35,Food,100002,Card,DEV-10-2,iPhone,Hyderabad,22,6,1,9.92,73,5022.63,5080.35,20,99,53,0,0,0,1266.53,0,
TXN10-00325,10,2026-05-17 22:12:52,9208.83,Taxi,100031,Card,DEV-10-1,iPhone,Mumbai,22,6,1,6.4,74,5017.44,5073.36,2,129,72,0,0,0,621.46,0,
TXN10-00326,10,2026-05-17 22:43:01,3485.16,Food,100003,Card,DEV-10-1,iPhone,Goa,22,6,1,30.15,75,5030.34,5070.87,25,130,39,0,0,0,440.32,0,
TXN10-00327,10,2026-05-17 22:55:39,6220.22,Airlines,100026,Card,DEV-10-1,iPhone,Mumbai,22,6,1,12.63,76,5025.6,5063.8,6,131,73,0,0,0,440.32,0,
TXN10-00328,10,2026-05-17 23:07:50,4226.55,Food,100002,UPI,DEV-10-1,iPhone,Goa,23,6,1,12.18,77,5029.25,5056.49,21,132,40,0,0,0,440.32,0,
TXN10-00329,10,2026-05-17 23:27:27,5555.22,Airlines,100007,UPI,DEV-10-1,iPhone,Chennai,23,6,1,19.62,78,5026.81,5048.97,33,133,46,0,0,0,706.92,0,
TXN10-00330,10,2026-05-17 23:54:14,7291.58,Taxi,100001,Card,DEV-10-3,Android,Hyderabad,23,6,1,26.78,79,5028.41,5041.37,37,54,54,0,0,0,515.24,0,
TXN10-00331,10,2026-05-18 01:07:24,3593.96,Hotels,100005,Card,DEV-10-5,iPhone,Hyderabad,1,0,0,73.17,1,5035.27,5035.26,37,2,55,0,0,0,0.0,1,ato_odd_hour_short_gap
TXN10-00332,10,2026-05-18 04:48:15,5458.03,Airlines,100001,Card,DEV-10-1,iPhone,Mumbai,4,0,0,220.85,2,5030.92,5028.27,38,134,74,0,0,0,621.46,1,distant_800km_15min
TXN10-00333,10,2026-05-18 05:01:15,6578.49,Airlines,100001,Card,DEV-10-1,iPhone,Jaipur,5,0,0,13.0,3,5032.2,5020.75,39,135,2,0,0,0,920.74,1,distant_800km_15min
TXN10-00334,10,2026-05-18 05:16:36,3060.9,Airlines,100009,UPI,DEV-10-2,iPhone,Delhi,5,0,0,15.35,4,5036.85,5013.92,12,100,66,0,0,0,237.53,0,
TXN10-00335,10,2026-05-18 06:08:25,3997.38,Food,100014,Card,DEV-10-1,iPhone,Bangalore,6,0,0,51.82,5,5030.93,5007.57,5,136,50,0,0,0,1750.11,0,
TXN10-00336,10,2026-05-18 06:10:50,1837.55,Airlines,100029,Card,DEV-10-1,iPhone,Bangalore,6,0,0,2.42,6,5027.84,5000.41,3,137,51,0,0,0,0.0,0,
TXN10-00337,10,2026-05-18 06:21:59,3872.78,Hotels,100010,UPI,DEV-10-4,Android,Hyderabad,6,0,0,11.15,7,5018.35,4995.99,15,37,56,0,0,0,499.99,0,
TXN10-00338,10,2026-05-18 07:09:54,9790.15,Taxi,100021,Card,DEV-10-1,iPhone,Mumbai,7,0,0,47.92,8,5014.95,4988.96,8,138,75,0,0,0,621.46,0,
TXN10-00339,10,2026-05-18 07:59:18,1092.82,Hotels,100005,Card,DEV-10-2,iPhone,Hyderabad,7,0,0,49.4,9,5029.08,4988.32,38,101,57,0,0,0,621.46,0,
TXN10-00340,10,2026-05-18 08:08:22,8236.17,Airlines,100013,UPI,DEV-10-2,iPhone,Hyderabad,8,0,0,9.07,10,5017.47,4985.53,12,102,58,0,0,0,0.0,0,
TXN10-00341,10,2026-05-18 09:48:42,1488.5,Food,100003,Card,DEV-10-6,iPhone,Hyderabad,9,0,0,100.33,11,5026.93,4981.24,26,1,59,1,0,0,0.0,0,
TXN10-00342,10,2026-05-18 09:58:23,916.22,Airlines,100036,UPI,DEV-10-1,iPhone,Chennai,9,0,0,9.68,12,5016.56,4977.61,1,139,47,0,0,1,515.24,0,
TXN10-00343,10,2026-05-18 10:08:23,3551.24,Hotels,100020,Card,DEV-10-3,Android,Kolkata,10,0,0,10.0,13,5004.57,4975.26,4,55,1,0,1,0,1358.36,0,
TXN10-00344,10,2026-05-18 11:24:39,8370.95,Food,100002,Card,DEV-10-2,iPhone,Mumbai,11,0,0,76.27,14,5000.33,4968.62,22,103,76,0,0,0,1654.84,0,
TXN10-00345,10,2026-05-18 11:38:45,2146.31,Food,100014,UPI,DEV-10-6,iPhone,Mumbai,11,0,0,14.1,15,5010.13,4964.71,6,2,77,0,0,0,0.0,0,
TXN10-00346,10,2026-05-18 12:22:16,1451.24,Food,100002,Card,DEV-10-4,Android,Delhi,12,0,0,43.52,16,5001.83,4959.9,23,38,67,0,0,0,1153.24,0,
TXN10-00347,10,2026-05-18 12:31:40,4458.99,Airlines,100029,UPI,DEV-10-6,iPhone,Bangalore,12,0,0,9.4,17,4991.57,4956.39,4,3,52,0,0,0,1750.11,0,
TXN10-00348,10,2026-05-18 12:34:31,888.53,Airlines,100027,Card,DEV-10-1,iPhone,Goa,12,0,0,2.85,18,4990.03,4949.33,7,140,41,0,0,0,454.99,0,
TXN10-00349,10,2026-05-18 12:57:55,1550.98,Food,100002,UPI,DEV-10-1,iPhone,Bangalore,12,0,0,23.4,19,4978.25,4947.08,24,141,53,0,0,0,454.99,0,
TXN10-00350,10,2026-05-18 13:27:32,2326.12,Food,100034,UPI,DEV-10-4,Android,Chennai,13,0,0,29.62,20,4968.42,4943.39,2,39,48,0,0,0,290.17,0,
TXN10-00351,10,2026-05-18 13:39:22,3504.24,Airlines,100036,Card,DEV-10-2,iPhone,Delhi,13,0,0,11.83,21,4960.88,4938.34,2,104,68,0,0,0,1767.65,0,
TXN10-00352,10,2026-05-18 13:45:35,3249.84,Food,100011,UPI,DEV-10-1,iPhone,Bangalore,13,0,0,6.22,22,4956.73,4931.91,5,142,54,0,0,0,1750.11,0,
TXN10-00353,10,2026-05-18 14:15:53,779.37,Taxi,100006,Card,DEV-10-3,Android,Mumbai,14,0,0,30.3,23,4951.88,4925.73,20,56,78,0,0,0,845.32,0,
TXN10-00354,10,2026-05-18 14:29:18,2542.63,Airlines,100007,Card,DEV-10-3,Android,Chennai,14,0,0,13.42,24,4940.06,4923.75,34,57,49,0,0,0,1033.1,0,
TXN10-00355,10,2026-05-18 14:48:00,10000.0,Airlines,100007,Card,DEV-10-3,Android,Hyderabad,14,0,0,18.7,25,4933.28,4918.44,35,58,60,0,0,0,515.24,0,
TXN10-00356,10,2026-05-18 14:51:29,1400.73,Airlines,100007,Card,DEV-10-3,Android,Delhi,14,0,0,3.48,26,4947.56,4918.84,36,59,69,0,0,0,1266.53,0,
TXN10-00357,10,2026-05-18 14:54:48,3449.55,Food,100003,Card,DEV-10-2,iPhone,Mumbai,14,0,0,3.32,27,4937.59,4915.51,27,105,79,0,0,0,1153.24,0,
TXN10-00358,10,2026-05-18 15:04:49,4348.68,Food,100002,Card,DEV-10-2,iPhone,Mumbai,15,0,0,10.02,28,4933.43,4909.25,25,106,80,0,0,0,0.0,0,
TXN10-00359,10,2026-05-18 15:06:56,10000.0,Taxi,100024,Card,DEV-10-3,Android,Mumbai,15,0,0,2.12,29,4931.79,4902.49,8,60,81,0,0,0,0.0,0,
TXN10-00360,10,2026-05-18 15:11:09,2594.4,Hotels,100025,Card,DEV-10-4,Android,Delhi,15,0,0,4.22,30,4945.91,4902.94,6,40,70,0,0,0,1153.24,0,
TXN10-00361,10,2026-05-18 15:21:46,10000.0,Food,100008,UPI,DEV-10-3,Android,Delhi,15,0,0,10.62,31,4939.38,4897.69,6,61,71,0,0,0,0.0,0,
TXN10-00362,10,2026-05-18 18:10:29,924.39,Taxi,100001,UPI,DEV-10-1,iPhone,Delhi,18,0,0,168.72,32,4953.4,4898.13,40,143,72,0,0,0,0.0,0,
TXN10-00363,10,2026-05-18 18:11:07,9999.03,Hotels,100010,Card,DEV-10-1,iPhone,Mumbai,18,0,0,0.63,33,4942.27,4895.92,16,144,82,0,0,0,1153.24,0,
TXN10-00364,10,2026-05-18 19:48:11,3690.78,Airlines,100009,Card,DEV-10-1,iPhone,Goa,19,0,0,97.07,34,4956.2,4896.35,13,145,42,0,0,0,440.32,0,
TXN10-00365,10,2026-05-18 20:02:08,7690.66,Hotels,100025,Card,DEV-10-2,iPhone,Mumbai,20,0,0,13.95,35,4952.72,4890.07,7,107,83,0,0,0,440.32,0,
TXN10-00366,10,2026-05-18 21:52:04,2753.27,Food,100008,UPI,DEV-10-6,iPhone,Hyderabad,21,0,0,109.93,36,4960.22,4885.47,7,4,61,0,0,0,621.46,0,
TXN10-00367,10,2026-05-18 21:54:06,4683.5,Food,100034,Card,DEV-10-1,iPhone,Goa,21,0,0,2.03,37,4954.19,4880.15,3,146,43,0,0,0,520.05,0,
TXN10-00368,10,2026-05-18 21:55:34,4573.06,Taxi,100001,Card,DEV-10-3,Android,Bangalore,21,0,0,1.47,38,4953.45,4873.51,41,62,55,0,0,0,454.99,0,
TXN10-00369,10,2026-05-18 21:56:30,1882.18,Hotels,100005,UPI,DEV-10-1,iPhone,Chennai,21,0,0,0.93,39,4952.42,4866.93,39,147,50,0,0,0,290.17,0,
TXN10-00370,10,2026-05-18 22:09:24,2402.04,Hotels,100012,UPI,DEV-10-1,iPhone,Goa,22,0,0,12.9,40,4944.1,4862.95,15,148,44,0,0,0,706.92,0,
TXN10-00371,10,2026-05-18 22:11:58,5780.14,Food,100002,Card,DEV-10-1,iPhone,Goa,22,0,0,2.57,41,4937.23,4858.17,26,149,45,0,0,0,0.0,0,
TXN10-00372,10,2026-05-18 22:41:56,2000.43,Airlines,100007,UPI,DEV-10-2,iPhone,Delhi,22,0,0,29.97,42,4939.5,4851.81,37,108,73,0,0,0,1521.64,0,
TXN10-00373,10,2026-05-18 23:06:24,6307.22,Taxi,100021,Card,DEV-10-2,iPhone,Hyderabad,23,0,0,24.47,43,4931.6,4847.68,9,109,62,0,0,0,1266.53,0,
TXN10-00374,10,2026-05-18 23:34:44,4034.49,Hotels,100017,UPI,DEV-10-6,iPhone,Delhi,23,0,0,28.33,44,4935.29,4841.7,5,5,74,0,0,0,1266.53,0,
TXN10-00375,10,2026-05-18 23:52:31,915.83,Hotels,100005,Card,DEV-10-1,iPhone,Hyderabad,23,0,0,17.78,45,4932.88,4835.44,40,150,63,0,0,0,1266.53,0,
TXN10-00376,10,2026-05-19 03:13:52,5250.0,Airlines,100001,Card,DEV-UNK-2240,Web,Mumbai,3,1,0,201.35,1,4925.29,4839.32,42,1,84,1,0,0,621.46,1,unknown_device
TXN10-00377,10,2026-05-19 05:20:31,7455.18,Food,100002,UPI,DEV-10-1,iPhone,Mumbai,5,1,0,126.65,2,4911.9,4839.88,27,151,85,0,0,0,0.0,0,
TXN10-00378,10,2026-05-19 05:27:00,2515.86,Hotels,100035,UPI,DEV-10-1,iPhone,Mumbai,5,1,0,6.48,3,4918.72,4835.17,2,152,86,0,0,0,0.0,0,
TXN10-00379,10,2026-05-19 05:36:30,5356.2,Food,100002,UPI,DEV-10-1,iPhone,Chennai,5,1,0,9.5,4,4909.62,4836.49,28,153,51,0,0,0,1033.1,0,
TXN10-00380,10,2026-05-19 05:57:49,6564.83,Airlines,100029,Card,DEV-10-1,iPhone,Goa,5,1,0,21.32,5,4910.82,4830.08,5,154,46,0,0,0,706.92,0,
TXN10-00381,10,2026-05-19 06:35:08,585.5,Airlines,100009,Card,DEV-10-1,iPhone,Hyderabad,6,1,0,37.32,6,4916.46,4830.77,14,155,64,0,0,0,520.05,0,
TXN10-00382,10,2026-05-19 06:53:00,3118.11,Food,100002,UPI,DEV-10-3,Android,Bangalore,6,1,0,17.87,7,4912.77,4839.23,29,63,56,0,0,0,499.99,0,
TXN10-00383,10,2026-05-19 07:34:30,1920.4,Hotels,100012,Card,DEV-10-4,Android,Mumbai,7,1,0,41.5,8,4904.37,4844.54,16,41,87,0,0,0,845.32,0,
TXN10-00384,10,2026-05-19 08:03:33,2198.17,Airlines,100007,Card,DEV-10-1,iPhone,Bangalore,8,1,0,29.05,9,4891.42,4853.06,38,156,57,0,0,0,845.32,0,
TXN10-00385,10,2026-05-19 08:11:28,7509.52,Food,100019,Card,DEV-10-3,Android,Chennai,8,1,0,7.92,10,4891.79,4852.85,4,64,52,0,0,0,290.17,0,
TXN10-00386,10,2026-05-19 08:20:32,6182.5,Food,100023,Card,DEV-10-4,Android,Hyderabad,8,1,0,9.07,11,4898.83,4848.22,3,42,65,0,0,0,515.24,0,
TXN10-00387,10,2026-05-19 10:27:12,6923.4,Airlines,100009,Card,DEV-10-2,iPhone,Mumbai,10,1,0,126.67,12,4892.48,4873.19,15,110,88,0,0,0,621.46,0,
TXN10-00388,10,2026-05-19 11:31:12,4047.48,Taxi,100021,Card,DEV-10-1,iPhone,Chennai,11,1,0,64.0,13,4897.99,4867.71,10,157,53,0,0,0,1033.1,0,
TXN10-00389,10,2026-05-19 12:07:47,5770.02,Taxi,100001,Card,DEV-10-3,Android,Chennai,12,1,0,36.58,14,4904.67,4864.86,43,65,54,0,0,0,0.0,0,
TXN10-00390,10,2026-05-19 13:03:25,2156.5,Hotels,100005,Card,DEV-10-3,Android,Delhi,13,1,0,55.63,15,4779.74,4267.69,41,66,75,0,0,0,1767.65,0,
TXN10-00391,10,2026-05-19 13:03:56,1519.89,Taxi,100021,Card,DEV-10-1,iPhone,Delhi,13,1,0,0.52,16,4772.57,4264.06,11,158,76,0,0,0,0.0,0,
TXN10-00392,10,2026-05-19 13:27:06,4818.6,Hotels,100010,Card,DEV-10-1,iPhone,Mumbai,13,1,0,23.17,17,4757.95,4266.01,17,159,89,0,0,0,1153.24,0,
TXN10-00393,10,2026-05-19 13:30:24,3247.56,Taxi,100001,UPI,DEV-10-7,Web,Delhi,13,1,0,3.3,18,4758.12,4260.2,44,3,77,0,0,0,1153.24,0,
TXN10-00394,10,2026-05-19 13:53:53,1597.79,Taxi,100022,Card,DEV-10-3,Android,Chennai,13,1,0,23.48,19,4755.48,4263.45,10,67,55,0,0,0,1767.65,0,
TXN10-00395,10,2026-05-19 14:21:29,7116.92,Food,100003,Card,DEV-10-1,iPhone,Delhi,14,1,0,27.6,20,4746.88,4260.82,28,160,78,0,0,0,1767.65,0,
TXN10-00396,10,2026-05-19 14:37:31,10000.0,Taxi,100001,Card,DEV-10-3,Android,Bangalore,14,1,0,16.03,21,4754.88,4262.5,45,68,58,0,0,0,1750.11,0,
TXN10-00397,10,2026-05-19 15:19:48,5809.84,Hotels,100005,Card,DEV-10-5,iPhone,Goa,15,1,0,42.28,22,4769.13,4265.46,42,3,47,0,0,0,454.99,0,
TXN10-00398,10,2026-05-19 15:58:06,6082.43,Taxi,100001,UPI,DEV-10-3,Android,Mumbai,15,1,0,38.3,23,4763.52,4261.42,46,69,90,0,0,0,440.32,0,
TXN10-00399,10,2026-05-19 16:12:14,7684.14,Taxi,100001,UPI,DEV-10-1,iPhone,Hyderabad,16,1,0,14.13,24,4732.09,4254.17,47,161,66,0,0,0,621.46,0,
TXN10-00400,10,2026-05-19 16:19:06,10000.0,Food,100002,Card,DEV-10-1,iPhone,Delhi,16,1,0,6.87,25,4749.13,4253.5,30,162,79,0,0,0,1266.53,0,
TXN10-00401,10,2026-05-19 16:25:52,3408.28,Airlines,100007,Card,DEV-10-1,iPhone,Chennai,16,1,0,6.77,26,4752.26,4256.93,39,163,56,0,0,0,1767.65,0,
TXN10-00402,10,2026-05-19 16:28:41,6465.58,Food,100023,UPI,DEV-10-3,Android,Mumbai,16,1,0,2.82,27,4748.59,4251.69,4,70,91,0,0,0,1033.1,0,
TXN10-00403,10,2026-05-19 16:36:46,1857.32,Food,100019,Card,DEV-10-3,Android,Goa,16,1,0,8.08,28,4753.26,4246.84,5,71,48,0,0,0,440.32,0,
TXN10-00404,10,2026-05-19 17:27:51,5715.0,Food,100018,UPI,DEV-10-1,iPhone,Mumbai,17,1,0,51.08,29,4744.99,4249.51,1,164,92,0,0,1,440.32,0,
TXN10-00405,10,2026-05-19 18:29:49,6135.04,Food,100002,Card,DEV-10-3,Android,Goa,18,1,0,61.97,30,4747.62,4244.03,31,72,49,0,0,0,440.32,0,
TXN10-00406,10,2026-05-19 19:02:30,5986.48,Airlines,100013,UPI,DEV-10-4,Android,Mumbai,19,1,0,32.68,31,4733.0,4245.67,13,43,93,0,0,0,440.32,0,
TXN10-00407,10,2026-05-19 19:05:23,2091.12,Food,100037,UPI,DEV-10-1,iPhone,Bangalore,19,1,0,2.88,32,4741.37,4245.12,1,165,59,0,0,1,845.32,0,
TXN10-00408,10,2026-05-19 19:20:32,7988.19,Airlines,100036,UPI,DEV-10-2,iPhone,Delhi,19,1,0,15.15,33,4744.22,4249.96,3,111,80,0,0,0,1750.11,0,
TXN10-00409,10,2026-05-19 19:24:56,1980.18,Taxi,100021,UPI,DEV-10-6,iPhone,Hyderabad,19,1,0,4.4,34,4753.08,4247.52,12,6,67,0,0,0,1266.53,0,
TXN10-00410,10,2026-05-19 19:48:39,2514.47,Taxi,100021,Card,DEV-10-1,iPhone,Chennai,19,1,0,23.72,35,4752.67,4247.79,13,166,57,0,0,0,515.24,0,
TXN10-00411,10,2026-05-19 20:22:42,5250.0,Airlines,100001,Card,DEV-UNK-3913,iPhone,Mumbai,20,1,0,34.05,36,4762.14,4256.69,48,1,94,1,0,0,1033.1,1,unknown_device
TXN10-00412,10,2026-05-19 20:39:03,10000.0,Hotels,100010,UPI,DEV-10-1,iPhone,Mumbai,20,1,0,16.35,37,4749.62,4248.52,18,167,95,0,0,0,0.0,0,
TXN10-00413,10,2026-05-19 20:46:06,4617.21,Taxi,100022,UPI,DEV-10-1,iPhone,Bangalore,20,1,0,7.05,38,4764.01,4251.56,11,168,60,0,0,0,845.32,0,
TXN10-00414,10,2026-05-19 20:55:15,4677.98,Food,100004,Card,DEV-10-2,iPhone,Delhi,20,1,0,9.15,39,4753.97,4247.57,7,112,81,0,0,0,1750.11,0,
TXN10-00415,10,2026-05-19 21:06:04,1805.63,Taxi,100021,UPI,DEV-10-1,iPhone,Chennai,21,1,0,10.82,40,4753.76,4241.76,14,169,58,0,0,0,1767.65,0,
TXN10-00416,10,2026-05-19 21:18:06,2891.39,Taxi,100024,Card,DEV-10-3,Android,Chennai,21,1,0,12.03,41,4761.48,4244.29,9,73,59,0,0,0,0.0,0,
TXN10-00417,10,2026-05-19 21:21:06,10000.0,Food,100019,UPI,DEV-10-4,Android,Chennai,21,1,0,3.0,42,4756.37,4239.61,6,44,60,0,0,0,0.0,1,ato_short_gap
TXN10-00418,10,2026-05-19 22:09:40,10000.0,Airlines,100007,UPI,DEV-10-3,Android,Hyderabad,22,1,0,48.57,43,4774.8,4268.49,40,74,68,0,0,0,515.24,0,
TXN10-00419,10,2026-05-19 22:46:05,4264.25,Hotels,100012,Card,DEV-10-4,Android,Hyderabad,22,1,0,36.42,44,4795.18,4275.78,17,45,69,0,0,0,0.0,0,
TXN10-00420,10,2026-05-19 23:11:37,1434.27,Taxi,100001,Card,DEV-10-4,Android,Goa,23,1,0,25.53,45,4797.88,4281.31,49,46,50,0,0,0,520.05,0,
TXN10-00421,10,2026-05-19 23:17:53,2722.18,Taxi,100001,UPI,DEV-10-4,Android,Mumbai,23,1,0,6.27,46,4788.59,4279.04,50,47,96,0,0,0,440.32,0,
TXN10-00422,10,2026-05-19 23:38:50,2302.83,Hotels,100033,UPI,DEV-10-2,iPhone,Delhi,23,1,0,20.95,47,4787.09,4285.18,2,113,82,0,0,0,1153.24,0,
TXN10-00423,10,2026-05-19 23:50:47,1344.14,Food,100015,Card,DEV-10-3,Android,Hyderabad,23,1,0,11.95,48,4791.05,4282.22,9,75,70,0,0,0,1266.53,0,
TXN10-00424,10,2026-05-19 23:57:51,1771.61,Food,100019,UPI,DEV-10-8,Web,Mumbai,23,1,0,7.07,49,4775.94,4286.78,7,1,97,1,0,0,621.46,0,
TXN10-00425,10,2026-05-20 05:53:12,2335.09,Taxi,100032,Card,DEV-10-1,iPhone,Goa,5,2,0,355.35,1,4752.84,4304.58,4,170,51,0,0,0,440.32,0,
TXN10-00426,10,2026-05-20 05:54:30,3304.47,Airlines,100026,Card,DEV-10-1,iPhone,Delhi,5,2,0,1.3,2,4746.05,4300.43,7,171,83,0,0,0,1521.64,0,
TXN10-00427,10,2026-05-20 06:25:00,6689.9,Airlines,100007,Card,DEV-10-1,iPhone,Hyderabad,6,2,0,30.5,3,4748.87,4299.15,41,172,71,0,0,0,1266.53,0,
TXN10-00428,10,2026-05-20 06:44:55,4542.64,Taxi,100031,Card,DEV-10-2,iPhone,Hyderabad,6,2,0,19.92,4,4741.51,4293.58,3,114,72,0,0,0,0.0,0,
TXN10-00429,10,2026-05-20 06:45:22,1542.19,Food,100003,Card,DEV-10-1,iPhone,Bangalore,6,2,0,0.45,5,4740.96,4287.57,29,173,61,0,0,0,499.99,0,
TXN10-00430,10,2026-05-20 06:53:27,7958.06,Airlines,100026,UPI,DEV-10-2,iPhone,Mumbai,6,2,0,8.08,6,4732.02,4284.91,8,115,98,0,0,0,845.32,0,
TXN10-00431,10,2026-05-20 07:24:55,7920.63,Taxi,100022,UPI,DEV-10-1,iPhone,Goa,7,2,0,31.47,7,4732.79,4291.71,12,174,52,0,0,0,440.32,0,
TXN10-00432,10,2026-05-20 07:35:59,3548.01,Food,100002,Card,DEV-10-1,iPhone,Hyderabad,7,2,0,11.07,8,4748.72,4298.6,32,175,73,0,0,0,520.05,0,
TXN10-00433,10,2026-05-20 07:45:37,1496.15,Food,100002,Card,DEV-10-5,iPhone,Bangalore,7,2,0,9.63,9,4745.36,4293.04,33,4,62,0,0,0,499.99,0,
TXN10-00434,10,2026-05-20 09:05:01,1124.0,Airlines,100007,UPI,DEV-10-5,iPhone,Goa,9,2,0,79.4,10,4749.7,4314.76,42,5,53,0,0,0,454.99,0,
TXN10-00435,10,2026-05-20 09:09:15,3543.46,Hotels,100017,Card,DEV-10-1,iPhone,Chennai,9,2,0,4.23,11,4739.4,4312.95,6,176,61,0,0,0,706.92,0,
TXN10-00436,10,2026-05-20 10:07:36,2219.18,Food,100004,UPI,DEV-10-1,iPhone,Mumbai,10,2,0,58.35,12,4740.86,4333.47,8,177,99,0,0,0,1033.1,0,
TXN10-00437,10,2026-05-20 10:24:17,4761.75,Food,100028,UPI,DEV-10-1,iPhone,Mumbai,10,2,0,16.68,13,4733.61,4329.34,4,178,100,0,0,0,0.0,0,
TXN10-00438,10,2026-05-20 10:52:32,10000.0,Taxi,100022,Card,DEV-10-4,Android,Mumbai,10,2,0,28.25,14,4714.23,4337.89,13,48,101,0,0,0,0.0,0,
TXN10-00439,10,2026-05-20 12:08:30,3946.45,Airlines,100026,Card,DEV-10-2,iPhone,Delhi,12,2,0,75.97,15,4744.4,4375.24,9,116,84,0,0,0,1153.24,0,
TXN10-00440,10,2026-05-20 12:32:13,4974.1,Food,100002,Card,DEV-10-3,Android,Goa,12,2,0,23.72,16,4752.93,4370.86,34,76,54,0,0,0,1521.64,0,
TXN10-00441,10,2026-05-20 12:32:39,1529.55,Food,100014,Card,DEV-10-1,iPhone,Hyderabad,12,2,0,0.43,17,4753.58,4364.43,7,179,74,0,0,0,520.05,0,
TXN10-00442,10,2026-05-20 12:47:59,8177.59,Food,100034,Card,DEV-10-1,iPhone,Chennai,12,2,0,15.33,18,4744.1,4361.5,4,180,62,0,0,0,515.24,0,
TXN10-00443,10,2026-05-20 13:25:09,2778.26,Airlines,100009,UPI,DEV-10-1,iPhone,Bangalore,13,2,0,37.17,19,4754.16,4359.05,16,181,63,0,0,0,290.17,0,
TXN10-00444,10,2026-05-20 13:28:29,5454.46,Airlines,100007,Card,DEV-10-7,Web,Hyderabad,13,2,0,3.33,20,4748.39,4353.98,43,4,75,0,0,0,499.99,0,
TXN10-00445,10,2026-05-20 14:11:35,4842.06,Airlines,100013,UPI,DEV-10-1,iPhone,Chennai,14,2,0,43.1,21,4754.61,4358.57,14,182,63,0,0,0,515.24,0,
TXN10-00446,10,2026-05-20 14:47:43,1456.63,Airlines,100009,Card,DEV-10-2,iPhone,Delhi,14,2,0,36.13,22,4758.87,4357.94,17,117,85,0,0,0,1767.65,0,
TXN10-00447,10,2026-05-20 14:49:57,6435.05,Taxi,100032,Card,DEV-10-3,Android,Hyderabad,14,2,0,2.23,23,4749.21,4355.22,5,77,76,0,0,0,1266.53,0,
TXN10-00448,10,2026-05-20 15:43:24,6171.35,Hotels,100012,UPI,DEV-10-6,iPhone,Chennai,15,2,0,53.45,24,4746.2,4358.15,18,7,64,0,0,0,515.24,0,
TXN10-00449,10,2026-05-20 15:45:02,3001.29,Airlines,100007,Card,DEV-10-1,iPhone,Bangalore,15,2,0,1.63,25,4750.37,4352.45,44,183,64,0,0,0,290.17,0,
TXN10-00450,10,2026-05-20 16:30:46,6994.77,Food,100028,Card,DEV-10-1,iPhone,Hyderabad,16,2,0,45.73,26,4761.75,4361.59,5,184,77,0,0,0,499.99,0,
TXN10-00451,10,2026-05-20 17:04:21,2329.93,Food,100002,Card,DEV-10-2,iPhone,Delhi,17,2,0,33.58,27,4775.79,4361.07,35,118,86,0,0,0,1266.53,0,
TXN10-00452,10,2026-05-20 17:13:06,7309.54,Food,100018,Card,DEV-10-3,Android,Bangalore,17,2,0,8.75,28,4758.09,4358.75,2,78,65,0,0,0,1750.11,0,
TXN10-00453,10,2026-05-20 18:12:57,3392.61,Hotels,100025,Card,DEV-10-7,Web,Mumbai,18,2,0,59.85,29,4764.84,4365.21,8,5,102,0,0,0,845.32,0,
TXN10-00454,10,2026-05-20 18:27:53,3181.12,Food,100018,Card,DEV-10-4,Android,Goa,18,2,0,14.93,30,4753.36,4360.34,3,49,55,0,0,0,440.32,0,
TXN10-00455,10,2026-05-20 19:44:35,8080.86,Hotels,100020,UPI,DEV-10-3,Android,Goa,19,2,0,76.7,31,4762.98,4369.44,5,79,56,0,0,0,0.0,0,
TXN10-00456,10,2026-05-20 19:45:56,11777.57,Airlines,100009,UPI,DEV-UNK-5821,Web,Mumbai,19,2,0,1.35,32,4772.95,4366.65,18,1,103,1,0,0,440.32,1,ato_new_device_higher_amount
TXN10-00457,10,2026-05-20 20:04:05,1481.21,Airlines,100007,UPI,DEV-10-1,iPhone,Goa,20,2,0,18.15,33,4793.92,4376.87,45,185,57,0,0,0,440.32,0,
TXN10-00458,10,2026-05-20 20:16:04,5521.42,Food,100004,UPI,DEV-10-1,iPhone,Hyderabad,20,2,0,11.98,34,4782.44,4380.51,9,186,78,0,0,0,520.05,0,
TXN10-00459,10,2026-05-20 21:55:46,2042.96,Airlines,100013,Card,DEV-10-3,Android,Goa,21,2,0,99.7,35,4802.52,4396.3,15,80,58,0,0,0,520.05,0,
TXN10-00460,10,2026-05-20 22:04:08,8167.36,Taxi,100001,UPI,DEV-10-6,iPhone,Bangalore,22,2,0,8.37,36,4801.24,4397.04,51,8,66,0,0,0,454.99,0,
TXN10-00461,10,2026-05-20 22:12:04,5247.79,Food,100023,Card,DEV-10-5,iPhone,Delhi,22,2,0,7.93,37,4811.38,4394.29,5,6,87,0,0,0,1750.11,0,
TXN10-00462,10,2026-05-20 22:12:27,10000.0,Hotels,100017,UPI,DEV-10-7,Web,Goa,22,2,0,0.38,38,4812.69,4387.75,7,6,59,0,0,0,1521.64,0,
TXN10-00463,10,2026-05-20 22:39:46,1729.24,Taxi,100038,Card,DEV-10-3,Android,Bangalore,22,2,0,27.32,39,4839.69,4398.73,1,81,67,0,0,1,454.99,0,
TXN10-00464,10,2026-05-20 23:20:03,4617.43,Food,100004,UPI,DEV-10-1,iPhone,Delhi,23,2,0,40.28,40,4835.53,4401.02,10,187,88,0,0,0,1750.11,0,
TXN10-00465,10,2026-05-20 23:27:20,5127.13,Taxi,100001,Card,DEV-10-1,iPhone,Delhi,23,2,0,7.28,41,4834.87,4394.42,52,188,89,0,0,0,0.0,0,
TXN10-00466,10,2026-05-20 23:36:40,4168.07,Hotels,100017,UPI,DEV-10-4,Android,Goa,23,2,0,9.33,42,4835.75,4387.87,8,50,60,0,0,0,1521.64,0,
TXN10-00467,10,2026-05-20 23:39:49,4534.02,Food,100039,UPI,DEV-10-4,Android,Mumbai,23,2,0,3.15,43,4833.76,4381.47,1,51,104,0,0,1,440.32,0,
TXN10-00468,10,2026-05-20 23:52:36,2686.02,Food,100008,UPI,DEV-10-1,iPhone,Hyderabad,23,2,0,12.78,44,4832.86,4374.97,8,189,79,0,0,0,621.46,0,
TXN10-00469,10,2026-05-21 06:04:20,2426.23,Food,100016,UPI,DEV-10-1,iPhone,Chennai,6,3,0,371.73,1,4679.49,3632.45,8,190,65,0,0,0,515.24,0,
TXN10-00470,10,2026-05-21 06:14:47,2615.03,Food,100003,UPI,DEV-10-4,Android,Chennai,6,3,0,10.45,2,4675.57,3634.18,30,52,66,0,0,0,0.0,0,
TXN10-00471,10,2026-05-21 06:31:27,1894.0,Airlines,100009,Card,DEV-10-5,iPhone,Delhi,6,3,0,16.67,3,4654.94,3626.48,19,7,90,0,0,0,1767.65,0,
TXN10-00472,10,2026-05-21 06:33:36,2307.6,Taxi,100038,Card,DEV-10-5,iPhone,Mumbai,6,3,0,2.15,4,4646.59,3624.17,2,8,105,0,0,0,1153.24,0,
TXN10-00473,10,2026-05-21 07:42:06,8782.29,Airlines,100007,UPI,DEV-10-4,Android,Hyderabad,7,3,0,68.5,5,4629.89,3632.89,46,53,80,0,0,0,621.46,0,
TXN10-00474,10,2026-05-21 07:46:49,7819.47,Taxi,100024,UPI,DEV-10-4,Android,Goa,7,3,0,4.72,6,4653.07,3634.98,10,54,61,0,0,0,520.05,0,
TXN10-00475,10,2026-05-21 08:22:56,7806.55,Food,100004,Card,DEV-10-7,Web,Goa,8,3,0,36.12,7,4658.12,3643.64,11,7,62,0,0,0,0.0,0,
TXN10-00476,10,2026-05-21 08:27:18,5034.12,Taxi,100022,Card,DEV-10-1,iPhone,Delhi,8,3,0,4.37,8,4667.69,3642.23,14,191,91,0,0,0,1521.64,0,
TXN10-00477,10,2026-05-21 08:36:07,5722.83,Airlines,100007,UPI,DEV-10-3,Android,Chennai,8,3,0,8.82,9,4668.8,3636.76,47,82,67,0,0,0,1767.65,0,
TXN10-00478,10,2026-05-21 08:47:11,3110.45,Hotels,100033,UPI,DEV-10-1,iPhone,Goa,8,3,0,11.07,10,4655.84,3625.34,3,192,63,0,0,0,706.92,0,
TXN10-00479,10,2026-05-21 09:28:07,2567.81,Food,100015,Card,DEV-10-2,iPhone,Bangalore,9,3,0,40.93,11,4664.31,3626.71,10,119,68,0,0,0,454.99,0,
TXN10-00480,10,2026-05-21 09:53:41,3619.72,Taxi,100001,Card,DEV-10-1,iPhone,Delhi,9,3,0,25.57,12,4656.33,3628.42,53,193,92,0,0,0,1750.11,0,
TXN10-00481,10,2026-05-21 09:58:30,909.87,Food,100008,Card,DEV-10-7,Web,Chandigarh,9,3,0,4.82,13,4655.8,3628.56,9,8,1,0,1,0,227.78,0,
TXN10-00482,10,2026-05-21 10:02:49,5128.28,Food,100018,Card,DEV-10-1,iPhone,Mumbai,10,3,0,4.32,14,4644.45,3628.91,4,194,106,0,0,0,1354.32,0,
TXN10-00483,10,2026-05-21 10:24:40,4209.37,Airlines,100027,Card,DEV-10-1,iPhone,Mumbai,10,3,0,21.85,15,4645.91,3623.52,8,195,107,0,0,0,0.0,0,
TXN10-00484,10,2026-05-21 10:30:00,10000.0,Hotels,100005,Card,DEV-10-1,iPhone,Mumbai,10,3,0,5.33,16,4644.6,3618.14,43,196,108,0,0,0,0.0,0,
TXN10-00485,10,2026-05-21 11:46:05,6208.31,Taxi,100001,Card,DEV-10-3,Android,Hyderabad,11,3,0,76.08,17,4686.89,3637.93,54,83,81,0,0,0,621.46,0,
TXN10-00486,10,2026-05-21 11:54:26,4250.14,Food,100003,Card,DEV-10-3,Android,Chennai,11,3,0,8.35,18,4691.5,3633.38,31,84,68,0,0,0,515.24,0,
TXN10-00487,10,2026-05-21 11:56:20,8942.9,Taxi,100021,Card,DEV-10-2,iPhone,Mumbai,11,3,0,1.9,19,4699.6,3629.4,15,120,109,0,0,0,1033.1,0,
TXN10-00488,10,2026-05-21 12:03:46,2187.78,Hotels,100010,Card,DEV-10-1,iPhone,Goa,12,3,0,7.43,20,4712.42,3631.39,19,197,64,0,0,0,440.32,0,
TXN10-00489,10,2026-05-21 12:06:07,4707.43,Taxi,100001,UPI,DEV-10-2,iPhone,Goa,12,3,0,2.35,21,4704.82,3628.56,55,121,65,0,0,0,0.0,0,
TXN10-00490,10,2026-05-21 12:13:51,5512.18,Airlines,100007,Card,DEV-10-2,iPhone,Mumbai,12,3,0,7.73,22,4704.83,3623.1,48,122,110,0,0,0,440.32,0,
TXN10-00491,10,2026-05-21 12:39:49,4356.78,Food,100003,UPI,DEV-10-1,iPhone,Delhi,12,3,0,25.97,23,4707.24,3617.94,32,198,93,0,0,0,1153.24,0,
TXN10-00492,10,2026-05-21 13:09:46,5193.91,Taxi,100032,UPI,DEV-10-2,iPhone,Bangalore,13,3,0,29.95,24,4706.2,3612.59,6,123,69,0,0,0,1750.11,0,
TXN10-00493,10,2026-05-21 13:11:21,4348.02,Hotels,100010,UPI,DEV-10-4,Android,Delhi,13,3,0,1.58,25,4707.65,3607.31,20,55,94,0,0,0,1750.11,0,
TXN10-00494,10,2026-05-21 13:36:06,1069.36,Hotels,100005,Card,DEV-10-2,iPhone,Goa,13,3,0,24.75,26,4703.74,3606.98,44,124,66,0,0,0,1521.64,0,
TXN10-00495,10,2026-05-21 13:36:08,3945.59,Food,100003,UPI,DEV-10-2,iPhone,Chennai,13,3,0,0.03,27,4692.95,3607.05,33,125,69,0,0,0,706.92,0,
TXN10-00496,10,2026-05-21 13:50:57,4325.19,Airlines,100007,Card,DEV-10-3,Android,Delhi,13,3,0,14.82,28,4690.74,3601.94,49,85,95,0,0,0,1767.65,0,
TXN10-00497,10,2026-05-21 14:00:09,3008.14,Hotels,100005,Card,DEV-10-1,iPhone,Delhi,14,3,0,9.2,29,4689.66,3596.68,45,199,96,0,0,0,0.0,0,
TXN10-00498,10,2026-05-21 14:38:38,4676.44,Airlines,100007,Card,DEV-10-1,iPhone,Mumbai,14,3,0,38.48,30,4678.53,3607.44,50,200,111,0,0,0,1153.24,0,
TXN10-00499,10,2026-05-21 14:52:29,1665.52,Food,100011,UPI,DEV-10-2,iPhone,Mumbai,14,3,0,13.85,31,4678.53,3602.1,6,126,112,0,0,0,0.0,0,
TXN10-00500,10,2026-05-21 15:15:57,4809.9,Taxi,100032,UPI,DEV-10-1,iPhone,Mumbai,15,3,0,23.47,32,4669.64,3600.49,7,201,113,0,0,0,0.0,0,
TXN10-00501,10,2026-05-21 15:18:52,4053.67,Taxi,100001,UPI,DEV-10-4,Android,Delhi,15,3,0,2.92,33,4670.39,3600.5,56,56,97,0,0,0,1153.24,0,
TXN10-00502,10,2026-05-21 15:42:05,1617.25,Food,100004,UPI,DEV-10-3,Android,Mumbai,15,3,0,23.22,34,4668.58,3595.35,12,86,114,0,0,0,1153.24,0,
TXN10-00503,10,2026-05-21 16:04:45,5067.58,Food,100002,Card,DEV-10-2,iPhone,Mumbai,16,3,0,22.67,35,4659.63,3593.87,36,127,115,0,0,0,0.0,0,
TXN10-00504,10,2026-05-21 16:36:46,10000.0,Taxi,100021,UPI,DEV-10-2,iPhone,Delhi,16,3,0,32.02,36,4664.76,3593.19,16,128,98,0,0,0,1153.24,0,
TXN10-00505,10,2026-05-21 17:02:43,5250.0,Airlines,100001,Card,DEV-UNK-2679,Android,Mumbai,17,3,0,25.95,37,4687.28,3602.48,57,1,116,1,0,0,1153.24,1,unknown_device
TXN10-00506,10,2026-05-21 17:42:06,3702.6,Airlines,100013,UPI,DEV-10-1,iPhone,Goa,17,3,0,39.38,38,4684.82,3601.81,16,202,67,0,0,0,440.32,0,
TXN10-00507,10,2026-05-21 18:38:27,4043.56,Taxi,100001,Card,DEV-10-1,iPhone,Mumbai,18,3,0,56.35,39,4694.89,3603.34,58,203,117,0,0,0,440.32,0,
TXN10-00508,10,2026-05-21 19:39:37,4542.87,Food,100002,Card,DEV-10-1,iPhone,Mumbai,19,3,0,61.17,40,4692.38,3606.63,37,204,118,0,0,0,0.0,0,
TXN10-00509,10,2026-05-21 19:41:03,5623.75,Food,100004,UPI,DEV-10-3,Android,Chennai,19,3,0,1.43,41,4691.94,3601.33,13,87,70,0,0,0,1033.1,0,
TXN10-00510,10,2026-05-21 19:50:57,5523.58,Hotels,100012,Card,DEV-10-3,Android,Goa,19,3,0,9.9,42,4694.67,3596.4,19,88,68,0,0,0,706.92,0,
TXN10-00511,10,2026-05-21 19:57:42,1619.56,Taxi,100006,Card,DEV-10-1,iPhone,Goa,19,3,0,6.75,43,4697.1,3591.42,21,205,69,0,0,0,0.0,0,
TXN10-00512,10,2026-05-21 20:31:15,4268.94,Taxi,100001,Card,DEV-10-4,Android,Chennai,20,3,0,33.55,44,4692.51,3601.92,59,57,71,0,0,0,706.92,0,
TXN10-00513,10,2026-05-21 20:36:27,6162.0,Hotels,100012,Card,DEV-10-2,iPhone,Goa,20,3,0,5.2,45,4691.27,3596.71,20,129,70,0,0,0,706.92,0,
TXN10-00514,10,2026-05-21 20:57:42,6057.2,Airlines,100026,Card,DEV-10-2,iPhone,Delhi,20,3,0,21.25,46,4703.56,3594.55,10,130,99,0,0,0,1521.64,0,
TXN10-00515,10,2026-05-21 21:30:18,2836.04,Hotels,100025,Card,DEV-10-2,iPhone,Chennai,21,3,0,32.6,47,4692.0,3583.82,9,131,72,0,0,0,1767.65,0,
TXN10-00516,10,2026-05-21 21:31:34,10000.0,Hotels,100005,Card,DEV-10-1,iPhone,Hyderabad,21,3,0,1.27,48,4686.57,3579.98,46,206,82,0,0,0,515.24,0,
TXN10-00517,10,2026-05-21 21:32:31,7484.25,Airlines,100009,Card,DEV-10-1,iPhone,Bangalore,21,3,0,0.95,49,4702.07,3586.22,20,207,70,0,0,0,499.99,0,
TXN10-00518,10,2026-05-21 21:44:46,3711.12,Hotels,100017,Card,DEV-10-2,iPhone,Bangalore,21,3,0,12.25,50,4710.15,3584.13,9,132,71,0,0,0,0.0,0,
TXN10-00519,10,2026-05-21 23:34:16,2969.37,Taxi,100040,UPI,DEV-10-1,iPhone,Mumbai,23,3,0,109.5,51,4708.13,3589.48,1,208,119,0,0,1,845.32,0,
TXN10-00520,10,2026-05-21 23:48:14,2469.76,Food,100002,UPI,DEV-10-6,iPhone,Chennai,23,3,0,13.97,52,4703.07,3585.49,38,9,73,0,0,0,1033.1,0,
TXN10-00521,10,2026-05-21 23:54:00,4040.45,Taxi,100001,Card,DEV-10-1,iPhone,Goa,23,3,0,5.77,53,4696.6,3582.3,60,209,71,0,0,0,706.92,0,
TXN10-00522,10,2026-05-22 01:14:02,3634.32,Taxi,100087,Card,DEV-UNK-1866,iPhone,Mumbai,1,4,0,80.03,1,4694.7,3577.29,1,1,120,1,0,1,440.32,1,ato_odd_hour_new_device
TXN10-00523,10,2026-05-22 01:16:24,884.13,Airlines,100160,Card,DEV-10-3,Android,Hyderabad,1,4,0,2.37,2,4691.65,3572.58,1,89,83,0,0,1,621.46,1,ato_odd_hour_new_merchant_same_category
TXN10-00524,10,2026-05-22 05:02:43,1549.33,Airlines,100009,Card,DEV-10-4,Android,Chennai,5,4,0,226.32,3,4680.7,3573.27,21,58,74,0,0,0,515.24,0,
TXN10-00525,10,2026-05-22 05:04:35,1820.01,Food,100002,Card,DEV-10-1,iPhone,Goa,5,4,0,1.87,4,4671.73,3572.07,39,210,72,0,0,0,706.92,0,
TXN10-00526,10,2026-05-22 05:17:04,3247.83,Hotels,100005,UPI,DEV-10-2,iPhone,Mumbai,5,4,0,12.48,5,4663.58,3570.21,47,133,121,0,0,0,440.32,0,
TXN10-00527,10,2026-05-22 05:22:18,4110.01,Hotels,100010,Card,DEV-10-2,iPhone,Delhi,5,4,0,5.23,6,4659.55,3565.91,21,134,100,0,0,0,1153.24,0,
TXN10-00528,10,2026-05-22 05:23:34,1507.79,Hotels,100010,Card,DEV-10-5,iPhone,Chennai,5,4,0,1.27,7,4643.32,3555.41,22,9,75,0,0,0,1767.65,0,
TXN10-00529,10,2026-05-22 06:49:04,3493.86,Food,100023,UPI,DEV-10-7,Web,Hyderabad,6,4,0,85.5,8,4620.25,3552.28,6,9,84,0,0,0,515.24,0,
TXN10-00530,10,2026-05-22 07:05:28,3169.88,Airlines,100027,UPI,DEV-10-7,Web,Delhi,7,4,0,16.4,9,4594.71,3543.79,9,10,101,0,0,0,1266.53,0,
TXN10-00531,10,2026-05-22 07:13:05,3509.79,Taxi,100006,Card,DEV-10-2,iPhone,Delhi,7,4,0,7.62,10,4590.63,3539.53,22,135,102,0,0,0,0.0,0,
TXN10-00532,10,2026-05-22 07:15:03,3597.57,Food,100034,Card,DEV-10-5,iPhone,Chennai,7,4,0,1.97,11,4587.54,3534.94,5,10,76,0,0,0,1767.65,0,
TXN10-00533,10,2026-05-22 07:16:35,2433.84,Taxi,100006,Card,DEV-10-5,iPhone,Chennai,7,4,0,1.53,12,4584.72,3530.3,23,11,77,0,0,0,0.0,0,
TXN10-00534,10,2026-05-22 07:30:41,10000.0,Airlines,100009,UPI,DEV-10-2,iPhone,Goa,7,4,0,14.1,13,4597.43,3528.28,22,136,73,0,0,0,706.92,0,
TXN10-00535,10,2026-05-22 07:54:51,4927.0,Food,100011,UPI,DEV-10-3,Android,Bangalore,7,4,0,24.17,14,4626.78,3541.67,7,90,72,0,0,0,454.99,0,
TXN10-00536,10,2026-05-22 08:17:14,3010.67,Hotels,100010,UPI,DEV-10-2,iPhone,Chennai,8,4,0,22.38,15,4627.64,3536.63,23,137,78,0,0,0,290.17,0,
TXN10-00537,10,2026-05-22 09:47:59,4427.44,Hotels,100012,UPI,DEV-10-1,iPhone,Delhi,9,4,0,90.75,16,4624.73,3543.96,21,211,103,0,0,0,1767.65,0,
TXN10-00538,10,2026-05-22 09:57:15,4875.79,Taxi,100024,UPI,DEV-10-4,Android,Chennai,9,4,0,9.27,17,4624.17,3538.88,11,59,79,0,0,0,1767.65,0,
TXN10-00539,10,2026-05-22 10:01:50,3489.77,Taxi,100031,UPI,DEV-10-2,iPhone,Hyderabad,10,4,0,4.58,18,4633.83,3534.97,4,138,85,0,0,0,515.24,0,
TXN10-00540,10,2026-05-22 10:02:25,5063.39,Hotels,100041,Card,DEV-10-2,iPhone,Bangalore,10,4,0,0.58,19,4630.55,3530.43,1,139,73,0,0,1,499.99,0,
TXN10-00541,10,2026-05-22 10:04:53,1596.15,Food,100004,Card,DEV-10-4,Android,Chennai,10,4,0,2.47,20,4631.78,3525.46,14,60,80,0,0,0,290.17,0,
TXN10-00542,10,2026-05-22 10:29:30,2115.18,Food,100002,UPI,DEV-10-5,iPhone,Goa,10,4,0,24.62,21,4623.14,3524.15,40,12,74,0,0,0,706.92,0,
TXN10-00543,10,2026-05-22 10:36:56,5056.68,Hotels,100005,Card,DEV-10-4,Android,Mumbai,10,4,0,7.43,22,4611.21,3525.53,48,61,122,0,0,0,440.32,0,
TXN10-00544,10,2026-05-22 10:45:03,9291.16,Food,100018,Card,DEV-10-6,iPhone,Chennai,10,4,0,8.12,23,4622.17,3520.91,5,10,81,0,0,0,1033.1,0,
TXN10-00545,10,2026-05-22 10:53:37,4647.24,Hotels,100030,Card,DEV-10-7,Web,Hyderabad,10,4,0,8.57,24,4635.44,3524.68,5,11,86,0,0,0,515.24,0,
TXN10-00546,10,2026-05-22 11:26:35,3050.26,Airlines,100009,UPI,DEV-10-1,iPhone,Goa,11,4,0,32.97,25,4635.47,3519.68,23,212,75,0,0,0,520.05,0,
TXN10-00547,10,2026-05-22 11:43:55,2706.53,Food,100028,Card,DEV-10-1,iPhone,Chennai,11,4,0,17.33,26,4633.34,3520.41,6,213,82,0,0,0,706.92,0,
TXN10-00548,10,2026-05-22 11:44:50,3027.54,Hotels,100005,UPI,DEV-10-4,Android,Delhi,11,4,0,0.92,27,4627.9,3516.92,49,62,104,0,0,0,1767.65,0,
TXN10-00549,10,2026-05-22 11:51:26,3839.71,Airlines,100009,Card,DEV-10-3,Android,Mumbai,11,4,0,6.6,28,4623.39,3512.99,24,91,123,0,0,0,1153.24,0,
TXN10-00550,10,2026-05-22 12:21:59,2193.05,Taxi,100006,UPI,DEV-10-4,Android,Mumbai,12,4,0,30.55,29,4623.98,3512.84,24,63,124,0,0,0,0.0,0,
TXN10-00551,10,2026-05-22 12:59:35,4038.89,Hotels,100010,Card,DEV-10-1,iPhone,Chennai,12,4,0,37.6,30,4614.26,3514.78,24,214,83,0,0,0,1033.1,0,
TXN10-00552,10,2026-05-22 13:48:03,3183.35,Taxi,100022,Card,DEV-10-7,Web,Hyderabad,13,4,0,48.47,31,4609.68,3514.47,15,12,87,0,0,0,515.24,0,
TXN10-00553,10,2026-05-22 14:10:09,3808.24,Food,100002,UPI,DEV-10-7,Web,Bangalore,14,4,0,22.1,32,4621.5,3526.79,41,13,74,0,0,0,499.99,0,
TXN10-00554,10,2026-05-22 14:12:28,1759.96,Food,100039,Card,DEV-10-2,iPhone,Goa,14,4,0,2.32,33,4619.19,3522.06,2,140,76,0,0,0,454.99,0,
TXN10-00555,10,2026-05-22 14:43:04,5058.01,Taxi,100021,Card,DEV-10-4,Android,Goa,14,4,0,30.6,34,4607.35,3524.62,17,64,77,0,0,0,0.0,0,
TXN10-00556,10,2026-05-22 15:31:31,5642.84,Airlines,100007,Card,DEV-10-1,iPhone,Hyderabad,15,4,0,48.45,35,4603.87,3523.57,51,215,88,0,0,0,520.05,0,
TXN10-00557,10,2026-05-22 15:34:13,10000.0,Food,100042,Card,DEV-10-4,Android,Delhi,15,4,0,2.7,36,4606.8,3519.02,1,65,105,0,0,1,1266.53,0,
TXN10-00558,10,2026-05-22 15:36:57,5536.17,Taxi,100001,UPI,DEV-10-1,iPhone,Mumbai,15,4,0,2.73,37,4621.99,3525.67,61,216,125,0,0,0,1153.24,0,
TXN10-00559,10,2026-05-22 15:43:51,2858.08,Airlines,100009,Card,DEV-10-9,Android,Hyderabad,15,4,0,6.9,38,4625.87,3525.91,25,1,89,1,0,0,621.46,0,
TXN10-00560,10,2026-05-22 15:46:52,2955.36,Taxi,100006,UPI,DEV-10-7,Web,Delhi,15,4,0,3.02,39,4620.9,3522.2,25,14,106,0,0,0,1266.53,0,
TXN10-00561,10,2026-05-22 16:17:13,5937.06,Airlines,100007,UPI,DEV-10-4,Android,Goa,16,4,0,30.35,40,4612.27,3522.51,52,66,78,0,0,0,1521.64,0,
TXN10-00562,10,2026-05-22 16:18:33,1292.85,Taxi,100024,Card,DEV-10-9,Android,Mumbai,16,4,0,1.33,41,4615.99,3518.27,12,2,126,0,0,0,440.32,0,
TXN10-00563,10,2026-05-22 17:04:50,1818.99,Food,100003,Card,DEV-10-1,iPhone,Hyderabad,17,4,0,46.28,42,4606.7,3517.73,34,217,90,0,0,0,621.46,0,
TXN10-00564,10,2026-05-22 17:14:43,1527.59,Taxi,100006,Card,DEV-10-3,Android,Chennai,17,4,0,9.88,43,4598.94,3515.89,26,92,84,0,0,0,515.24,0,
TXN10-00565,10,2026-05-22 17:14:47,6330.58,Hotels,100010,Card,DEV-10-1,iPhone,Bangalore,17,4,0,0.07,44,4590.41,3514.73,25,218,75,0,0,0,290.17,0,
TXN10-00566,10,2026-05-22 17:44:43,4057.07,Airlines,100007,Card,DEV-10-1,iPhone,Bangalore,17,4,0,29.93,45,4595.23,3511.05,53,219,76,0,0,0,0.0,0,
TXN10-00567,10,2026-05-22 17:55:46,7739.27,Taxi,100021,Card,DEV-10-6,iPhone,Mumbai,17,4,0,11.05,46,4603.34,3506.41,18,11,127,0,0,0,845.32,0,
TXN10-00568,10,2026-05-22 18:22:29,9437.33,Food,100002,Card,DEV-10-1,iPhone,Chennai,18,4,0,26.72,47,4602.39,3505.51,42,220,85,0,0,0,1033.1,0,
TXN10-00569,10,2026-05-22 18:36:16,2494.81,Taxi,100038,UPI,DEV-10-10,iPhone,Mumbai,18,4,0,13.78,48,4615.74,3509.85,3,1,128,1,0,0,1033.1,0,
TXN10-00570,10,2026-05-22 18:37:00,6016.24,Hotels,100005,Card,DEV-10-1,iPhone,Goa,18,4,0,0.73,49,4609.9,3506.77,50,221,79,0,0,0,440.32,0,
TXN10-00571,10,2026-05-22 19:21:07,2808.31,Food,100002,Card,DEV-10-3,Android,Hyderabad,19,4,0,44.12,50,4613.77,3502.73,43,93,91,0,0,0,520.05,0,
TXN10-00572,10,2026-05-22 19:24:09,2041.82,Airlines,100007,UPI,DEV-10-1,iPhone,Mumbai,19,4,0,3.03,51,4614.67,3502.22,54,222,129,0,0,0,621.46,0,
TXN10-00573,10,2026-05-22 20:03:39,4836.84,Hotels,100012,UPI,DEV-10-1,iPhone,Delhi,20,4,0,39.5,52,4592.8,3493.36,22,223,107,0,0,0,1153.24,0,
TXN10-00574,10,2026-05-22 20:12:57,10000.0,Hotels,100010,Card,DEV-10-3,Android,Hyderabad,20,4,0,9.3,53,4593.47,3488.6,26,94,92,0,0,0,1266.53,0,
TXN10-00575,10,2026-05-22 20:21:06,7010.44,Airlines,100007,Card,DEV-10-3,Android,Hyderabad,20,4,0,8.15,54,4608.24,3495.24,55,95,93,0,0,0,0.0,0,
TXN10-00576,10,2026-05-22 20:29:24,4062.55,Hotels,100010,Card,DEV-10-2,iPhone,Bangalore,20,4,0,8.3,55,4614.79,3492.72,27,141,77,0,0,0,499.99,0,
TXN10-00577,10,2026-05-22 20:38:18,4762.84,Airlines,100013,UPI,DEV-10-3,Android,Chennai,20,4,0,8.9,56,4613.29,3488.09,17,96,86,0,0,0,290.17,0,
TXN10-00578,10,2026-05-22 21:12:50,1930.64,Taxi,100006,UPI,DEV-10-2,iPhone,Hyderabad,21,4,0,34.53,57,4613.69,3483.37,27,142,94,0,0,0,515.24,0,
TXN10-00579,10,2026-05-22 21:34:09,10000.0,Taxi,100006,Card,DEV-10-2,iPhone,Delhi,21,4,0,21.32,58,4606.44,3481.45,28,143,108,0,0,0,1266.53,0,
TXN10-00580,10,2026-05-22 21:41:42,5585.31,Airlines,100007,Card,DEV-10-3,Android,Hyderabad,21,4,0,7.55,59,4620.98,3487.98,56,97,95,0,0,0,1266.53,0,
TXN10-00581,10,2026-05-22 21:45:38,3964.5,Food,100003,UPI,DEV-10-2,iPhone,Hyderabad,21,4,0,3.93,60,4623.57,3483.65,35,144,96,0,0,0,0.0,0,
TXN10-00582,10,2026-05-22 22:16:11,1710.23,Food,100003,UPI,DEV-10-10,iPhone,Mumbai,22,4,0,30.55,61,4626.75,3482.5,36,2,130,0,0,0,621.46,0,
TXN10-00583,10,2026-05-22 23:10:30,2816.18,Airlines,100007,UPI,DEV-10-1,iPhone,Delhi,23,4,0,54.32,62,4625.21,3487.98,57,224,109,0,0,0,1153.24,0,
TXN10-00584,10,2026-05-22 23:14:47,10000.0,Taxi,100006,Card,DEV-10-3,Android,Hyderabad,23,4,0,4.28,63,4620.32,3484.53,29,98,97,0,0,0,1266.53,0,
TXN10-00585,10,2026-05-22 23:14:55,5160.66,Hotels,100005,Card,DEV-10-9,Android,Mumbai,23,4,0,0.13,64,4634.82,3490.99,51,3,131,0,0,0,621.46,0,
TXN10-00586,10,2026-05-22 23:20:05,2958.19,Taxi,100006,UPI,DEV-10-7,Web,Mumbai,23,4,0,5.17,65,4641.99,3489.33,30,15,132,0,0,0,0.0,0,
TXN10-00587,10,2026-05-22 23:59:08,2789.15,Hotels,100010,Card,DEV-10-5,iPhone,Indore,23,4,0,39.05,66,4637.47,3485.73,28,13,1,0,1,0,509.83,0,
TXN10-00588,10,2026-05-22 23:59:54,8071.0,Taxi,100001,Card,DEV-10-1,iPhone,Delhi,23,4,0,0.77,67,4632.51,3482.36,62,225,110,0,0,0,677.01,0,
TXN10-00589,10,2026-05-23 05:07:18,3459.68,Taxi,100021,Card,DEV-10-5,iPhone,Mumbai,5,5,1,307.4,1,4641.71,3482.23,19,14,133,0,0,0,1153.24,0,
TXN10-00590,10,2026-05-23 05:23:35,5721.9,Food,100003,UPI,DEV-10-6,iPhone,Goa,5,5,1,16.28,2,4638.55,3478.12,37,12,80,0,0,0,440.32,0,
TXN10-00591,10,2026-05-23 05:31:49,2225.39,Food,100015,UPI,DEV-10-3,Android,Mumbai,5,5,1,8.23,3,4641.44,3473.94,11,99,134,0,0,0,440.32,0,
TXN10-00592,10,2026-05-23 07:12:00,10000.0,Taxi,100001,UPI,DEV-10-1,iPhone,Bangalore,7,5,1,100.18,4,4632.69,3477.41,63,226,78,0,0,0,845.32,0,
TXN10-00593,10,2026-05-23 07:43:08,4438.25,Hotels,100005,Card,DEV-10-3,Android,Lucknow,7,5,1,31.13,5,4652.45,3486.79,52,100,1,0,1,0,1581.87,0,
TXN10-00594,10,2026-05-23 08:15:17,5777.22,Food,100034,Card,DEV-10-5,iPhone,Hyderabad,8,5,1,32.15,6,4656.34,3485.73,6,15,98,0,0,0,1082.07,0,
TXN10-00595,10,2026-05-23 08:37:15,10000.0,Taxi,100001,Card,DEV-10-1,iPhone,Bangalore,8,5,1,21.97,7,4657.33,3486.0,64,227,79,0,0,0,499.99,0,
TXN10-00596,10,2026-05-23 08:38:40,6775.78,Hotels,100030,Card,DEV-10-2,iPhone,Hyderabad,8,5,1,1.42,8,4671.53,3492.22,6,145,99,0,0,0,499.99,0,
TXN10-00597,10,2026-05-23 08:44:38,2599.37,Hotels,100005,Card,DEV-10-2,iPhone,Chennai,8,5,1,5.97,9,4682.56,3492.3,53,146,87,0,0,0,515.24,0,
TXN10-00598,10,2026-05-23 08:48:29,2944.91,Taxi,100001,UPI,DEV-10-4,Android,Delhi,8,5,1,3.85,10,4677.04,3489.31,65,67,111,0,0,0,1767.65,0,
TXN10-00599,10,2026-05-23 09:06:18,4263.08,Taxi,100006,UPI,DEV-10-1,iPhone,Delhi,9,5,1,17.82,11,4662.26,3484.81,31,228,112,0,0,0,0.0,0,
TXN10-00600,10,2026-05-23 09:09:13,4397.01,Taxi,100006,UPI,DEV-10-2,iPhone,Mumbai,9,5,1,2.92,12,4661.2,3480.26,32,147,135,0,0,0,1153.24,0,
TXN10-00601,10,2026-05-23 09:44:13,1138.58,Airlines,100007,UPI,DEV-10-7,Web,Mumbai,9,5,1,35.0,13,4661.83,3480.19,58,16,136,0,0,0,0.0,0,
TXN10-00602,10,2026-05-23 09:46:43,4673.44,Hotels,100010,UPI,DEV-10-2,iPhone,Chennai,9,5,1,2.5,14,4652.53,3480.29,29,148,88,0,0,0,1033.1,0,
TXN10-00603,10,2026-05-23 09:50:34,8737.72,Hotels,100020,UPI,DEV-10-10,iPhone,Goa,9,5,1,3.85,15,4652.59,3475.71,6,3,81,0,0,0,706.92,0,
TXN10-00604,10,2026-05-23 09:59:25,1668.73,Food,100003,UPI,DEV-10-1,iPhone,Hyderabad,9,5,1,8.85,16,4663.31,3477.43,38,229,100,0,0,0,520.05,0,
TXN10-00605,10,2026-05-23 10:23:14,6663.26,Food,100002,UPI,DEV-10-10,iPhone,Bangalore,10,5,1,23.82,17,4664.03,3476.79,44,4,80,0,0,0,499.99,0,
TXN10-00606,10,2026-05-23 10:36:27,781.46,Airlines,100013,Card,DEV-10-1,iPhone,Mumbai,10,5,1,13.22,18,4669.26,3473.73,18,230,137,0,0,0,845.32,0,
TXN10-00607,10,2026-05-23 10:50:35,5948.22,Food,100002,Card,DEV-10-3,Android,Delhi,10,5,1,14.13,19,4656.35,3478.99,45,101,113,0,0,0,1153.24,0,
TXN10-00608,10,2026-05-23 10:51:20,4873.06,Hotels,100033,Card,DEV-10-5,iPhone,Mumbai,10,5,1,0.75,20,4659.72,3475.07,4,16,138,0,0,0,1153.24,0,
TXN10-00609,10,2026-05-23 10:58:32,3476.31,Hotels,100010,Card,DEV-10-7,Web,Mumbai,10,5,1,7.2,21,4660.28,3470.56,30,17,139,0,0,0,0.0,0,
TXN10-00610,10,2026-05-23 11:04:27,3760.05,Hotels,100005,Card,DEV-10-2,iPhone,Mumbai,11,5,1,5.92,22,4657.2,3466.57,54,149,140,0,0,0,0.0,0,
TXN10-00611,10,2026-05-23 11:36:20,1622.76,Food,100011,UPI,DEV-10-1,iPhone,Bangalore,11,5,1,31.88,23,4643.07,3460.38,8,231,81,0,0,0,845.32,0,
TXN10-00612,10,2026-05-23 12:12:02,2073.93,Airlines,100009,Card,DEV-10-1,iPhone,Hyderabad,12,5,1,35.7,24,4640.82,3462.07,26,232,101,0,0,0,499.99,0,
TXN10-00613,10,2026-05-23 12:21:08,3782.17,Food,100011,Card,DEV-10-5,iPhone,Delhi,12,5,1,9.1,25,4634.15,3460.04,9,17,114,0,0,0,1266.53,0,
TXN10-00614,10,2026-05-23 12:25:54,3103.38,Taxi,100001,Card,DEV-10-4,Android,Bangalore,12,5,1,4.77,26,4632.34,3460.3,66,68,82,0,0,0,1750.11,0,
TXN10-00615,10,2026-05-23 13:21:39,5135.78,Taxi,100006,Card,DEV-10-1,iPhone,Goa,13,5,1,55.75,27,4623.77,3462.89,33,233,82,0,0,0,454.99,0,
TXN10-00616,10,2026-05-23 13:27:18,9812.58,Airlines,100007,Card,DEV-10-9,Android,Mumbai,13,5,1,5.65,28,4625.1,3458.49,59,4,141,0,0,0,440.32,0,
TXN10-00617,10,2026-05-23 13:47:01,2780.62,Airlines,100026,UPI,DEV-10-2,iPhone,Chennai,13,5,1,19.72,29,4638.54,3464.06,11,150,89,0,0,0,1033.1,0,
TXN10-00618,10,2026-05-23 14:56:51,2757.95,Food,100004,Card,DEV-10-2,iPhone,Delhi,14,5,1,69.83,30,4645.83,3465.32,15,151,115,0,0,0,1767.65,0,
TXN10-00619,10,2026-05-23 15:15:29,9573.33,Airlines,100009,UPI,DEV-10-4,Android,Mumbai,15,5,1,18.63,31,4640.94,3462.16,27,69,142,0,0,0,1153.24,0,
TXN10-00620,10,2026-05-23 15:27:20,2163.06,Hotels,100005,UPI,DEV-10-2,iPhone,Goa,15,5,1,11.85,32,4653.68,3466.74,55,152,83,0,0,0,440.32,0,
TXN10-00621,10,2026-05-23 16:43:56,10000.0,Food,100002,Card,DEV-10-5,iPhone,Goa,16,5,1,76.6,33,4649.1,3468.86,46,18,84,0,0,0,0.0,0,
TXN10-00622,10,2026-05-23 18:48:09,4245.87,Food,100039,UPI,DEV-10-3,Android,Chennai,18,5,1,124.22,34,4647.07,3483.74,3,102,90,0,0,0,706.92,0,
TXN10-00623,10,2026-05-23 19:11:15,2432.59,Food,100023,Card,DEV-10-2,iPhone,Hyderabad,19,5,1,23.1,35,4646.02,3479.24,7,153,102,0,0,0,515.24,0,
TXN10-00624,10,2026-05-23 19:29:45,3321.9,Hotels,100005,UPI,DEV-10-6,iPhone,Bangalore,19,5,1,18.5,36,4640.24,3476.53,56,13,83,0,0,0,499.99,0,
TXN10-00625,10,2026-05-23 19:52:55,2562.23,Taxi,100001,Card,DEV-10-2,iPhone,Bangalore,19,5,1,23.17,37,4640.35,3476.49,67,154,84,0,0,0,0.0,0,
TXN10-00626,10,2026-05-23 20:29:06,2417.75,Hotels,100005,Card,DEV-10-3,Android,Delhi,20,5,1,36.18,38,4634.94,3473.57,57,103,116,0,0,0,1750.11,0,
TXN10-00627,10,2026-05-23 21:34:17,2026.41,Airlines,100013,Card,DEV-10-4,Android,Mumbai,21,5,1,65.18,39,4623.83,3477.99,19,70,143,0,0,0,1153.24,0,
TXN10-00628,10,2026-05-23 21:53:15,2939.52,Taxi,100001,UPI,DEV-10-5,iPhone,Mumbai,21,5,1,18.97,40,4608.68,3477.13,68,19,144,0,0,0,0.0,0,
TXN10-00629,10,2026-05-23 22:30:04,6345.98,Hotels,100005,Card,DEV-10-1,iPhone,Bangalore,22,5,1,36.82,41,4596.46,3480.88,58,234,85,0,0,0,845.32,0,
TXN10-00630,10,2026-05-23 22:30:45,6396.82,Hotels,100005,Card,DEV-10-3,Android,Mumbai,22,5,1,0.68,42,4601.04,3477.47,59,104,145,0,0,0,845.32,0,
TXN10-00631,10,2026-05-23 22:38:44,10000.0,Food,100002,Card,DEV-10-2,iPhone,Hyderabad,22,5,1,7.98,43,4605.73,3474.14,47,155,103,0,0,0,621.46,0,
TXN10-00632,10,2026-05-23 22:54:51,3057.23,Airlines,100029,Card,DEV-10-1,iPhone,Goa,22,5,1,16.12,44,4631.61,3483.79,6,235,85,0,0,0,520.05,0,
TXN10-00633,10,2026-05-23 23:43:33,3449.12,Hotels,100025,Card,DEV-10-2,iPhone,Mumbai,23,5,1,48.7,45,4627.5,3480.17,10,156,146,0,0,0,440.32,0,
TXN10-00634,10,2026-05-23 23:51:20,5831.82,Hotels,100005,Card,DEV-10-4,Android,Mumbai,23,5,1,7.78,46,4624.92,3480.67,60,71,147,0,0,0,0.0,0,
TXN10-00635,10,2026-05-24 05:19:14,2805.06,Taxi,100006,Card,DEV-10-3,Android,Bangalore,5,6,1,327.9,1,4499.94,2589.82,34,105,86,0,0,0,845.32,0,
TXN10-00636,10,2026-05-24 05:25:12,850.6,Food,100034,Card,DEV-10-1,iPhone,Chennai,5,6,1,5.97,2,4495.49,2587.87,7,236,91,0,0,0,290.17,0,
TXN10-00637,10,2026-05-24 05:26:04,3243.88,Hotels,100005,Card,DEV-10-2,iPhone,Mumbai,5,6,1,0.87,3,4485.95,2591.18,61,157,148,0,0,0,1033.1,0,
TXN10-00638,10,2026-05-24 05:26:19,10000.0,Food,100003,Card,DEV-10-2,iPhone,Goa,5,6,1,0.25,4,4482.71,2588.57,39,158,86,0,0,0,440.32,0,
TXN10-00639,10,2026-05-24 05:32:31,3276.21,Taxi,100006,UPI,DEV-10-3,Android,Mumbai,5,6,1,6.2,5,4497.07,2600.45,35,106,149,0,0,0,440.32,0,
TXN10-00640,10,2026-05-24 05:43:00,4127.68,Taxi,100031,Card,DEV-10-2,iPhone,Mumbai,5,6,1,10.48,6,4493.9,2597.81,5,159,150,0,0,0,0.0,0,
TXN10-00641,10,2026-05-24 06:46:11,8506.38,Food,100002,UPI,DEV-10-1,iPhone,Mumbai,6,6,1,63.18,7,4504.99,2600.4,48,237,151,0,0,0,0.0,0,
TXN10-00642,10,2026-05-24 06:54:18,5572.67,Taxi,100001,UPI,DEV-10-4,Android,Delhi,6,6,1,8.12,8,4513.49,2608.13,69,72,117,0,0,0,1153.24,0,
TXN10-00643,10,2026-05-24 07:00:42,5250.0,Airlines,100001,Card,DEV-UNK-8004,Android,Mumbai,7,6,1,6.4,9,4516.25,2605.29,70,1,152,1,0,0,1153.24,1,unknown_device
TXN10-00644,10,2026-05-24 07:07:32,2238.34,Food,100004,UPI,DEV-10-4,Android,Delhi,7,6,1,6.83,10,4506.32,2603.73,16,73,118,0,0,0,1153.24,0,
TXN10-00645,10,2026-05-24 07:10:21,4747.49,Taxi,100038,Card,DEV-10-4,Android,Hyderabad,7,6,1,2.82,11,4500.41,2602.91,4,74,104,0,0,0,1266.53,0,
TXN10-00646,10,2026-05-24 07:40:02,3130.06,Airlines,100007,Card,DEV-10-7,Web,Chennai,7,6,1,29.68,12,4512.84,2605.84,60,18,92,0,0,0,515.24,0,
TXN10-00647,10,2026-05-24 07:44:57,1838.7,Taxi,100006,UPI,DEV-10-1,iPhone,Chennai,7,6,1,4.92,13,4509.23,2603.39,36,238,93,0,0,0,0.0,0,
TXN10-00648,10,2026-05-24 07:54:41,3579.66,Hotels,100033,Card,DEV-10-2,iPhone,Goa,7,6,1,9.73,14,4508.25,2604.33,5,160,87,0,0,0,706.92,0,
TXN10-00649,10,2026-05-24 08:35:04,2595.01,Taxi,100156,Card,DEV-10-1,iPhone,Delhi,8,6,1,40.38,15,4496.08,2592.23,1,239,119,0,0,1,1521.64,1,ato_new_merchant_same_category
TXN10-00650,10,2026-05-24 08:47:05,2809.43,Taxi,100043,UPI,DEV-10-1,iPhone,Delhi,8,6,1,12.02,16,4469.41,2565.81,1,240,120,0,0,1,0.0,0,
TXN10-00651,10,2026-05-24 08:52:18,3105.61,Taxi,100001,UPI,DEV-10-1,iPhone,Hyderabad,8,6,1,5.22,17,4465.04,2563.84,71,241,105,0,0,0,1266.53,0,
TXN10-00652,10,2026-05-24 10:03:18,3156.17,Taxi,100021,Card,DEV-10-6,iPhone,Goa,10,6,1,71.0,18,4434.33,2552.74,20,14,88,0,0,0,520.05,0,
TXN10-00653,10,2026-05-24 10:21:17,2279.12,Taxi,100038,UPI,DEV-10-5,iPhone,Mumbai,10,6,1,17.98,19,4430.96,2550.22,5,20,153,0,0,0,440.32,0,
TXN10-00654,10,2026-05-24 10:40:53,3649.29,Hotels,100041,UPI,DEV-10-1,iPhone,Bangalore,10,6,1,19.6,20,4426.74,2552.45,2,242,87,0,0,0,845.32,0,
TXN10-00655,10,2026-05-24 10:59:47,4343.25,Airlines,100009,UPI,DEV-10-2,iPhone,Delhi,10,6,1,18.9,21,4433.7,2546.72,28,161,121,0,0,0,1750.11,0,
TXN10-00656,10,2026-05-24 11:13:44,10000.0,Airlines,100007,Card,DEV-10-7,Web,Goa,11,6,1,13.95,22,4440.13,2543.4,61,19,89,0,0,0,1521.64,0,
TXN10-00657,10,2026-05-24 11:14:12,3525.41,Taxi,100006,UPI,DEV-10-2,iPhone,Mumbai,11,6,1,0.47,23,4442.11,2551.97,37,162,154,0,0,0,440.32,0,
TXN10-00658,10,2026-05-24 11:18:30,6836.17,Hotels,100005,Card,DEV-10-1,iPhone,Mumbai,11,6,1,4.3,24,4444.43,2550.73,62,243,155,0,0,0,0.0,0,
TXN10-00659,10,2026-05-24 11:45:36,4481.41,Food,100004,UPI,DEV-10-1,iPhone,Mumbai,11,6,1,27.1,25,4462.33,2551.74,17,244,156,0,0,0,0.0,0,
TXN10-00660,10,2026-05-24 11:51:36,1050.63,Food,100002,UPI,DEV-10-2,iPhone,Bangalore,11,6,1,6.0,26,4462.38,2548.36,49,163,88,0,0,0,845.32,0,
TXN10-00661,10,2026-05-24 11:58:57,2065.17,Taxi,100001,Card,DEV-10-8,Web,Hyderabad,11,6,1,7.35,27,4453.37,2551.01,72,2,106,0,0,0,499.99,0,
TXN10-00662,10,2026-05-24 11:59:03,5406.95,Taxi,100006,Card,DEV-10-2,iPhone,Mumbai,11,6,1,0.1,28,4447.09,2550.59,38,164,157,0,0,0,621.46,0,
TXN10-00663,10,2026-05-24 12:18:44,1545.11,Hotels,100020,Card,DEV-10-7,Web,Delhi,12,6,1,19.68,29,4459.61,2549.06,7,20,122,0,0,0,1153.24,0,
TXN10-00664,10,2026-05-24 12:59:22,2190.33,Food,100011,UPI,DEV-10-1,iPhone,Hyderabad,12,6,1,40.63,30,4454.08,2553.11,10,245,107,0,0,0,1266.53,0,
TXN10-00665,10,2026-05-24 13:03:33,10000.0,Food,100004,UPI,DEV-10-1,iPhone,Mumbai,13,6,1,4.18,31,4448.09,2552.39,18,246,158,0,0,0,621.46,0,
TXN10-00666,10,2026-05-24 13:08:07,10000.0,Taxi,100040,Card,DEV-10-1,iPhone,Bangalore,13,6,1,4.57,32,4462.74,2564.88,2,247,89,0,0,0,845.32,0,
TXN10-00667,10,2026-05-24 13:11:29,7808.79,Airlines,100009,Card,DEV-10-1,iPhone,Delhi,13,6,1,3.37,33,4482.6,2578.5,29,248,123,0,0,0,1750.11,0,
TXN10-00668,10,2026-05-24 14:00:42,3604.67,Taxi,100006,UPI,DEV-10-2,iPhone,Hyderabad,14,6,1,49.22,34,4493.78,2582.81,39,165,108,0,0,0,1266.53,0,
TXN10-00669,10,2026-05-24 14:03:35,1682.83,Taxi,100021,Card,DEV-10-3,Android,Hyderabad,14,6,1,2.88,35,4491.42,2579.8,21,107,109,0,0,0,0.0,0,
TXN10-00670,10,2026-05-24 14:46:48,6439.91,Hotels,100005,UPI,DEV-10-1,iPhone,Goa,14,6,1,43.22,36,4469.42,2568.16,63,249,90,0,0,0,520.05,0,
TXN10-00671,10,2026-05-24 15:24:21,8642.72,Taxi,100001,Card,DEV-10-1,iPhone,Delhi,15,6,1,37.55,37,4482.15,2565.97,73,250,124,0,0,0,1521.64,0,
TXN10-00672,10,2026-05-24 15:29:45,5162.64,Food,100008,Card,DEV-10-1,iPhone,Goa,15,6,1,5.4,38,4496.81,2573.86,10,251,91,0,0,0,1521.64,0,
TXN10-00673,10,2026-05-24 15:34:34,4134.86,Airlines,100036,Card,DEV-10-1,iPhone,Mumbai,15,6,1,4.82,39,4498.56,2570.69,4,252,159,0,0,0,440.32,0,
TXN10-00674,10,2026-05-24 15:43:45,6500.73,Food,100002,Card,DEV-10-1,iPhone,Mumbai,15,6,1,9.18,40,4499.04,2570.61,50,253,160,0,0,0,0.0,0,
TXN10-00675,10,2026-05-24 15:47:16,6901.74,Taxi,100001,Card,DEV-10-2,iPhone,Goa,15,6,1,3.52,41,4504.3,2569.27,74,166,92,0,0,0,440.32,0,
TXN10-00676,10,2026-05-24 15:51:37,6975.02,Hotels,100030,Card,DEV-10-3,Android,Delhi,15,6,1,4.35,42,4515.71,2570.27,7,108,125,0,0,0,1521.64,0,
TXN10-00677,10,2026-05-24 16:22:29,8667.54,Taxi,100098,UPI,DEV-10-1,iPhone,Delhi,16,6,1,30.87,43,4523.77,2573.16,1,254,126,0,0,1,0.0,1,ato_higher_amount
TXN10-00678,10,2026-05-24 16:27:39,5679.61,Food,100003,UPI,DEV-10-3,Android,Delhi,16,6,1,5.17,44,4541.25,2578.69,40,109,127,0,0,0,0.0,0,
TXN10-00679,10,2026-05-24 17:36:32,4175.36,Airlines,100029,Card,DEV-10-4,Android,Mumbai,17,6,1,68.88,45,4544.37,2566.06,7,75,161,0,0,0,1153.24,0,
TXN10-00680,10,2026-05-24 17:51:48,2780.5,Food,100034,Card,DEV-10-6,iPhone,Hyderabad,17,6,1,15.27,46,4534.65,2561.23,8,15,110,0,0,0,621.46,0,
TXN10-00681,10,2026-05-24 17:57:51,3781.06,Food,100016,Card,DEV-10-1,iPhone,Ahmedabad,17,6,1,6.05,47,4534.44,2561.37,9,255,1,0,1,0,879.5,0,
TXN10-00682,10,2026-05-24 17:58:10,10000.0,Food,100004,UPI,DEV-10-1,iPhone,Goa,17,6,1,0.32,48,4532.44,2558.25,19,256,93,0,0,0,874.1,0,
TXN10-00683,10,2026-05-24 18:17:04,10000.0,Taxi,100021,UPI,DEV-10-2,iPhone,Hyderabad,18,6,1,18.9,49,4532.28,2561.66,22,167,111,0,0,0,520.05,0,
TXN10-00684,10,2026-05-24 18:58:48,5255.51,Food,100014,Card,DEV-10-1,iPhone,Bangalore,18,6,1,41.73,50,4562.14,2576.56,8,257,90,0,0,0,499.99,0,
TXN10-00685,10,2026-05-24 19:02:28,3191.65,Airlines,100013,Card,DEV-10-1,iPhone,Chennai,19,6,1,3.67,51,4563.99,2573.37,20,258,94,0,0,0,290.17,0,
TXN10-00686,10,2026-05-24 19:03:48,5059.6,Airlines,100029,UPI,DEV-10-1,iPhone,Hyderabad,19,6,1,1.33,52,4560.33,2570.91,8,259,112,0,0,0,515.24,0,
TXN10-00687,10,2026-05-24 19:08:55,10000.0,Food,100011,UPI,DEV-10-3,Android,Delhi,19,6,1,5.12,53,4561.66,2567.62,11,110,128,0,0,0,1266.53,0,
TXN10-00688,10,2026-05-24 19:09:10,2750.42,Food,100037,UPI,DEV-10-2,iPhone,Chennai,19,6,1,0.25,54,4576.09,2579.42,2,168,95,0,0,0,1767.65,0,
TXN10-00689,10,2026-05-24 19:19:18,5838.25,Food,100002,UPI,DEV-10-2,iPhone,Mumbai,19,6,1,10.13,55,4585.41,2582.39,51,169,162,0,0,0,1033.1,0,
TXN10-00690,10,2026-05-24 19:28:59,5487.55,Taxi,100001,Card,DEV-10-1,iPhone,Delhi,19,6,1,9.68,56,4588.74,2579.76,75,260,129,0,0,0,1153.24,0,
TXN10-00691,10,2026-05-24 19:36:09,5209.72,Food,100002,UPI,DEV-10-7,Web,Bangalore,19,6,1,7.17,57,4591.12,2576.75,52,21,91,0,0,0,1750.11,0,
TXN10-00692,10,2026-05-24 19:46:46,1388.64,Taxi,100038,UPI,DEV-10-4,Android,Delhi,19,6,1,10.62,58,4592.76,2573.53,6,76,130,0,0,0,1750.11,0,
TXN10-00693,10,2026-05-24 19:50:08,5250.0,Airlines,100001,Card,DEV-UNK-4232,Android,Mumbai,19,6,1,3.37,59,4584.31,2575.39,76,1,163,1,0,0,1153.24,1,unknown_device
TXN10-00694,10,2026-05-24 19:50:31,10000.0,Airlines,100013,Card,DEV-10-3,Android,Chennai,19,6,1,0.38,60,4586.06,2572.22,21,111,96,0,0,0,1033.1,0,
TXN10-00695,10,2026-05-24 20:06:24,10000.0,Food,100015,UPI,DEV-10-2,iPhone,Mumbai,20,6,1,15.88,61,4602.04,2586.9,12,170,164,0,0,0,1033.1,0,
TXN10-00696,10,2026-05-24 20:45:30,1604.12,Hotels,100005,Card,DEV-10-1,iPhone,Hyderabad,20,6,1,39.1,62,4624.94,2602.37,64,261,113,0,0,0,621.46,0,
TXN10-00697,10,2026-05-24 21:09:20,6534.38,Taxi,100022,Card,DEV-10-2,iPhone,Mumbai,21,6,1,23.83,63,4606.23,2605.98,16,171,165,0,0,0,621.46,0,
TXN10-00698,10,2026-05-24 21:27:28,4026.74,Taxi,100021,Card,DEV-10-1,iPhone,Mumbai,21,6,1,18.13,64,4615.28,2601.4,23,262,166,0,0,0,0.0,0,
TXN10-00699,10,2026-05-24 21:29:00,2153.21,Airlines,100026,Card,DEV-10-1,iPhone,Delhi,21,6,1,1.53,65,4613.71,2598.11,12,263,131,0,0,0,1153.24,0,
TXN10-00700,10,2026-05-24 21:37:57,1717.1,Hotels,100005,Card,DEV-10-3,Android,Chennai,21,6,1,8.95,66,4607.18,2597.75,65,112,97,0,0,0,1767.65,0,
TXN10-00701,10,2026-05-24 21:38:57,2289.09,Hotels,100180,Card,DEV-10-1,iPhone,Mumbai,21,6,1,1.0,67,4599.54,2598.56,1,264,167,0,0,1,1033.1,1,ato_short_gap_new_merchant_same_category
TXN10-00702,10,2026-05-24 21:51:08,5339.73,Food,100002,UPI,DEV-10-1,iPhone,Mumbai,21,6,1,12.18,68,4593.44,2597.83,53,265,168,0,0,0,0.0,0,
TXN10-00703,10,2026-05-24 22:17:16,7972.7,Hotels,100005,UPI,DEV-10-3,Android,Goa,22,6,1,26.13,69,4590.52,2592.15,66,113,94,0,0,0,440.32,0,
TXN10-00704,10,2026-05-24 22:27:52,2237.76,Airlines,100007,UPI,DEV-10-1,iPhone,Chennai,22,6,1,10.6,70,4599.47,2594.54,62,266,98,0,0,0,706.92,0,
TXN10-00705,10,2026-05-24 22:44:06,3205.45,Hotels,100005,UPI,DEV-10-6,iPhone,Delhi,22,6,1,16.23,71,4596.17,2596.75,67,16,132,0,0,0,1767.65,0,
TXN10-00706,10,2026-05-24 22:45:15,3970.37,Food,100002,Card,DEV-10-1,iPhone,Hyderabad,22,6,1,1.15,72,4592.5,2594.3,54,267,114,0,0,0,1266.53,0,
TXN10-00707,10,2026-05-24 22:59:04,5455.13,Hotels,100020,UPI,DEV-10-3,Android,Hyderabad,22,6,1,13.82,73,4586.56,2593.15,8,114,115,0,0,0,0.0,0,
TXN10-00708,10,2026-05-25 02:38:23,1960.93,Taxi,100111,Card,DEV-UNK-6834,Android,Hyderabad,2,0,0,219.32,1,4582.7,2599.06,1,1,116,1,0,1,0.0,1,ato_new_device_odd_hour
TXN10-00709,10,2026-05-25 03:53:27,50000.0,Luxury Goods,100001,Card,DEV-10-1,iPhone,Mumbai,3,0,0,75.07,2,4575.74,2599.11,77,268,169,0,0,0,621.46,1,large_luxury_purchase
TXN10-00710,10,2026-05-25 05:41:07,4137.05,Hotels,100017,UPI,DEV-10-1,iPhone,Jaipur,5,0,0,107.67,3,4693.22,3501.58,10,269,3,0,0,0,920.74,0,
TXN10-00711,10,2026-05-25 05:52:18,2224.1,Food,100008,UPI,DEV-10-2,iPhone,Delhi,5,0,0,11.18,4,4691.74,3497.03,11,172,133,0,0,0,237.53,0,
TXN10-00712,10,2026-05-25 06:54:56,6992.6,Taxi,100040,Card,DEV-10-2,iPhone,Goa,6,0,0,62.63,5,4696.82,3505.14,3,173,95,0,0,0,1521.64,0,
TXN10-00713,10,2026-05-25 07:14:20,1680.3,Taxi,100006,UPI,DEV-10-1,iPhone,Hyderabad,7,0,0,19.4,6,4689.34,3497.24,40,270,117,0,0,0,520.05,0,
TXN10-00714,10,2026-05-25 07:28:03,2826.33,Hotels,100017,Card,DEV-10-6,iPhone,Mumbai,7,0,0,13.72,7,4681.32,3496.02,11,17,170,0,0,0,621.46,0,
TXN10-00715,10,2026-05-25 07:35:22,869.95,Food,100023,Card,DEV-10-6,iPhone,Delhi,7,0,0,7.32,8,4676.38,3492.68,8,18,134,0,0,0,1153.24,0,
TXN10-00716,10,2026-05-25 07:37:15,3093.81,Airlines,100013,Card,DEV-10-1,iPhone,Goa,7,0,0,1.88,9,4666.29,3493.53,22,271,96,0,0,0,1521.64,0,
TXN10-00717,10,2026-05-25 07:38:57,1839.32,Food,100002,Card,DEV-10-8,Web,Mumbai,7,0,0,1.7,10,4662.13,3489.84,55,3,171,0,0,0,440.32,0,
TXN10-00718,10,2026-05-25 07:49:05,4884.58,Food,100003,UPI,DEV-10-7,Web,Delhi,7,0,0,10.13,11,4654.68,3488.24,41,22,135,0,0,0,1153.24,0,
TXN10-00719,10,2026-05-25 08:03:16,2416.81,Taxi,100006,Card,DEV-10-1,iPhone,Delhi,8,0,0,14.18,12,4664.68,3483.45,41,272,136,0,0,0,0.0,0,
TXN10-00720,10,2026-05-25 08:40:15,5977.94,Food,100004,Card,DEV-10-4,Android,Goa,8,0,0,36.98,13,4649.33,3480.49,20,77,97,0,0,0,1521.64,0,
TXN10-00721,10,2026-05-25 08:45:30,3920.96,Food,100019,Card,DEV-10-9,Android,Hyderabad,8,0,0,5.25,14,4652.83,3476.58,8,5,118,0,0,0,520.05,0,
TXN10-00722,10,2026-05-25 09:11:32,1677.15,Food,100008,Card,DEV-10-1,iPhone,Goa,9,0,0,26.03,15,4650.9,3472.21,12,273,98,0,0,0,520.05,0,
TXN10-00723,10,2026-05-25 09:15:22,2275.93,Taxi,100038,Card,DEV-10-3,Android,Surat,9,0,0,3.83,16,4643.12,3470.99,7,115,2,0,0,0,666.93,0,
TXN10-00724,10,2026-05-25 09:21:43,4748.17,Food,100002,Card,DEV-10-1,iPhone,Chennai,9,0,0,6.35,17,4636.94,3468.56,56,274,99,0,0,0,1196.79,0,
TXN10-00725,10,2026-05-25 09:32:42,6135.66,Food,100015,UPI,DEV-10-1,iPhone,Mumbai,9,0,0,10.98,18,4637.23,3464.05,13,275,172,0,0,0,1033.1,0,
TXN10-00726,10,2026-05-25 09:35:38,1829.07,Airlines,100009,UPI,DEV-10-4,Android,Chennai,9,0,0,2.93,19,4641.12,3460.39,30,78,100,0,0,0,1033.1,0,
TXN10-00727,10,2026-05-25 10:03:20,10000.0,Airlines,100029,Card,DEV-10-4,Android,Delhi,10,0,0,27.7,20,4651.71,3458.89,9,79,137,0,0,0,1767.65,0,
TXN10-00728,10,2026-05-25 10:13:18,3139.61,Taxi,100006,UPI,DEV-10-4,Android,Hyderabad,10,0,0,9.97,21,4668.5,3469.15,42,80,119,0,0,0,1266.53,0,
TXN10-00729,10,2026-05-25 10:23:01,2998.62,Food,100034,UPI,DEV-10-10,iPhone,Delhi,10,0,0,9.72,22,4664.53,3465.51,9,5,138,0,0,0,1266.53,0,
TXN10-00730,10,2026-05-25 10:33:17,4843.37,Hotels,100010,Card,DEV-10-6,iPhone,Bangalore,10,0,0,10.27,23,4660.21,3462.06,31,19,92,0,0,0,1750.11,0,
TXN10-00731,10,2026-05-25 10:40:48,1011.93,Taxi,100001,Card,DEV-10-3,Android,Delhi,10,0,0,7.52,24,4660.69,3457.59,78,116,139,0,0,0,1750.11,0,
TXN10-00732,10,2026-05-25 11:00:41,1226.84,Hotels,100012,UPI,DEV-10-2,iPhone,Goa,11,0,0,19.88,25,4651.28,3458.09,23,174,99,0,0,0,1521.64,0,
TXN10-00733,10,2026-05-25 11:03:48,1040.88,Food,100003,UPI,DEV-10-5,iPhone,Hyderabad,11,0,0,3.12,26,4642.48,3457.99,42,21,120,0,0,0,520.05,0,
TXN10-00734,10,2026-05-25 11:11:09,6979.03,Food,100002,Card,DEV-10-1,iPhone,Hyderabad,11,0,0,7.35,27,4633.25,3458.35,57,276,121,0,0,0,0.0,0,
TXN10-00735,10,2026-05-25 11:17:45,7088.46,Taxi,100021,UPI,DEV-10-3,Android,Goa,11,0,0,6.6,28,4639.25,3455.96,24,117,100,0,0,0,520.05,0,
TXN10-00736,10,2026-05-25 12:44:54,3275.6,Hotels,100012,UPI,DEV-10-11,Web,Bangalore,12,0,0,87.15,29,4660.77,3459.39,24,1,93,1,0,0,454.99,0,
TXN10-00737,10,2026-05-25 12:52:09,4031.66,Taxi,100001,UPI,DEV-10-3,Android,Chennai,12,0,0,7.25,30,4657.2,3455.65,79,118,101,0,0,0,290.17,0,
TXN10-00738,10,2026-05-25 13:07:32,6581.7,Hotels,100005,UPI,DEV-10-1,iPhone,Hyderabad,13,0,0,15.38,31,4663.59,3452.19,68,277,122,0,0,0,515.24,0,
TXN10-00739,10,2026-05-25 13:14:21,845.51,Food,100002,Card,DEV-10-5,iPhone,Goa,13,0,0,6.82,32,4668.52,3449.12,58,22,101,0,0,0,520.05,0,
TXN10-00740,10,2026-05-25 13:54:59,1814.49,Airlines,100026,Card,DEV-10-8,Web,Chennai,13,0,0,40.63,33,4671.37,3460.17,13,4,102,0,0,0,706.92,0,
TXN10-00741,10,2026-05-25 14:15:51,4516.5,Food,100008,UPI,DEV-10-2,iPhone,Goa,14,0,0,20.87,34,4664.01,3458.74,13,175,102,0,0,0,706.92,0,
TXN10-00742,10,2026-05-25 14:48:24,10000.0,Food,100003,Card,DEV-10-6,iPhone,Chennai,14,0,0,32.55,35,4665.36,3449.7,43,20,103,0,0,0,706.92,0,
TXN10-00743,10,2026-05-25 14:51:20,6909.89,Hotels,100010,Card,DEV-10-1,iPhone,Bangalore,14,0,0,2.93,36,4679.15,3455.86,32,278,94,0,0,0,290.17,0,
TXN10-00744,10,2026-05-25 14:55:53,3347.42,Airlines,100026,Card,DEV-10-10,iPhone,Goa,14,0,0,4.55,37,4696.6,3457.57,14,6,103,0,0,0,454.99,0,
TXN10-00745,10,2026-05-25 15:11:30,2736.63,Airlines,100013,UPI,DEV-10-1,iPhone,Delhi,15,0,0,15.62,38,4685.66,3454.93,23,279,140,0,0,0,1521.64,0,
TXN10-00746,10,2026-05-25 15:15:47,10000.0,Taxi,100021,UPI,DEV-10-2,iPhone,Chennai,15,0,0,4.28,39,4680.6,3451.87,25,176,104,0,0,0,1767.65,0,
TXN10-00747,10,2026-05-25 16:11:48,5563.54,Hotels,100012,Card,DEV-10-1,iPhone,Bangalore,16,0,0,56.02,40,4680.6,3451.87,25,280,95,0,0,0,290.17,0,
TXN10-00748,10,2026-05-25 16:24:48,1169.14,Hotels,100033,Card,DEV-10-3,Android,Hyderabad,16,0,0,13.0,41,4682.89,3447.69,6,119,123,0,0,0,499.99,0,
TXN10-00749,10,2026-05-25 16:50:45,6562.58,Food,100002,UPI,DEV-10-1,iPhone,Mumbai,16,0,0,25.95,42,4673.81,3447.85,59,281,173,0,0,0,621.46,0,
TXN10-00750,10,2026-05-25 17:09:19,4269.27,Food,100004,UPI,DEV-10-5,iPhone,Goa,17,0,0,18.57,43,4678.67,3444.73,21,23,104,0,0,0,440.32,0,
TXN10-00751,10,2026-05-25 17:10:25,3467.76,Hotels,100010,Card,DEV-10-1,iPhone,Delhi,17,0,0,1.1,44,4677.62,3440.37,33,282,141,0,0,0,1521.64,0,
TXN10-00752,10,2026-05-25 17:15:03,7820.97,Hotels,100012,Card,DEV-10-4,Android,Hyderabad,17,0,0,4.63,45,4674.52,3436.5,26,81,124,0,0,0,1266.53,0,
TXN10-00753,10,2026-05-25 17:18:40,4531.49,Food,100002,Card,DEV-10-4,Android,Bangalore,17,0,0,3.62,46,4682.57,3435.78,60,82,96,0,0,0,499.99,0,
TXN10-00754,10,2026-05-25 17:27:17,4860.53,Hotels,100025,UPI,DEV-10-4,Android,Goa,17,0,0,8.62,47,4682.18,3431.4,11,83,105,0,0,0,454.99,0,
TXN10-00755,10,2026-05-25 17:45:01,9086.37,Food,100011,Card,DEV-10-2,iPhone,Hyderabad,17,0,0,17.73,48,4682.64,3427.04,12,177,125,0,0,0,520.05,0,
TXN10-00756,10,2026-05-25 17:50:20,5376.03,Airlines,100007,Card,DEV-10-3,Android,Delhi,17,0,0,5.32,49,4693.81,3429.86,63,120,142,0,0,0,1266.53,0,
TXN10-00757,10,2026-05-25 18:01:47,821.96,Airlines,100026,UPI,DEV-10-4,Android,Hyderabad,18,0,0,11.45,50,4695.54,3425.68,15,84,126,0,0,0,1266.53,0,
TXN10-00758,10,2026-05-25 18:20:10,2475.41,Food,100002,Card,DEV-10-10,iPhone,Hyderabad,18,0,0,18.38,51,4681.82,3419.87,61,7,127,0,0,0,0.0,0,
TXN10-00759,10,2026-05-25 18:21:43,6274.66,Food,100002,Card,DEV-10-1,iPhone,Goa,18,0,0,1.55,52,4676.23,3417.34,62,283,106,0,0,0,520.05,0,
TXN10-00760,10,2026-05-25 18:44:44,2862.06,Hotels,100005,Card,DEV-10-4,Android,Delhi,18,0,0,23.02,53,4680.27,3413.96,69,85,143,0,0,0,1521.64,0,
TXN10-00761,10,2026-05-25 18:46:25,10000.0,Airlines,100007,UPI,DEV-10-4,Android,Mumbai,18,0,0,1.68,54,4675.69,3410.88,64,86,174,0,0,0,1153.24,0,
TXN10-00762,10,2026-05-25 18:46:52,5821.15,Hotels,100005,Card,DEV-10-3,Android,Hyderabad,18,0,0,0.45,55,4689.07,3417.0,70,121,128,0,0,0,621.46,0,
TXN10-00763,10,2026-05-25 19:00:21,9036.71,Food,100014,Card,DEV-10-1,iPhone,Bangalore,19,0,0,13.48,56,4691.9,3413.19,9,284,97,0,0,0,499.99,0,
TXN10-00764,10,2026-05-25 19:14:04,6610.93,Food,100014,Card,DEV-10-5,iPhone,Mumbai,19,0,0,13.72,57,4702.77,3415.82,10,24,175,0,0,0,845.32,0,
TXN10-00765,10,2026-05-25 19:29:17,5209.42,Hotels,100010,UPI,DEV-10-3,Android,Goa,19,0,0,15.22,58,4707.52,3412.88,34,122,107,0,0,0,440.32,0,
TXN10-00766,10,2026-05-25 20:03:54,5094.69,Taxi,100006,UPI,DEV-10-10,iPhone,Bangalore,20,0,0,34.62,59,4703.86,3413.6,43,8,98,0,0,0,454.99,0,
TXN10-00767,10,2026-05-25 20:14:29,7048.62,Food,100008,UPI,DEV-10-3,Android,Delhi,20,0,0,10.58,60,4704.84,3409.4,14,123,144,0,0,0,1750.11,0,
TXN10-00768,10,2026-05-25 20:17:49,2023.21,Airlines,100009,Card,DEV-10-3,Android,Mumbai,20,0,0,3.33,61,4710.67,3407.15,31,124,176,0,0,0,1153.24,0,
TXN10-00769,10,2026-05-25 20:24:14,6252.46,Food,100002,Card,DEV-10-2,iPhone,Mumbai,20,0,0,6.42,62,4704.0,3405.55,63,178,177,0,0,0,0.0,0,
TXN10-00770,10,2026-05-25 20:27:02,4322.1,Airlines,100007,UPI,DEV-10-8,Web,Goa,20,0,0,2.8,63,4707.83,3402.2,65,5,108,0,0,0,440.32,0,
TXN10-00771,10,2026-05-25 21:03:07,2131.96,Airlines,100013,Card,DEV-10-2,iPhone,Goa,21,0,0,36.08,64,4706.88,3398.05,24,179,109,0,0,0,0.0,0,
TXN10-00772,10,2026-05-25 22:15:57,7629.69,Food,100008,Card,DEV-10-1,iPhone,Bangalore,22,0,0,72.83,65,4715.86,3414.95,15,285,99,0,0,0,454.99,0,
TXN10-00773,10,2026-05-25 22:20:21,1497.96,Food,100037,Card,DEV-10-1,iPhone,Delhi,22,0,0,4.4,66,4723.13,3413.79,3,286,145,0,0,0,1750.11,0,
TXN10-00774,10,2026-05-25 22:43:54,9124.65,Hotels,100099,Card,DEV-10-44,iPhone,Bangalore,22,0,0,23.55,67,4721.87,3414.88,1,1,100,1,0,1,1750.11,1,ato_higher_amount
TXN10-00775,10,2026-05-25 22:52:18,3974.33,Airlines,100029,UPI,DEV-10-1,iPhone,Delhi,22,0,0,8.4,68,4732.83,3417.67,10,287,146,0,0,0,1750.11,0,
TXN10-00776,10,2026-05-25 22:58:38,2646.35,Food,100003,Card,DEV-10-2,iPhone,Bangalore,22,0,0,6.33,69,4730.94,3413.64,44,180,101,0,0,0,1750.11,0,
TXN10-00777,10,2026-05-25 23:28:03,1195.06,Hotels,100005,Card,DEV-10-9,Android,Mumbai,23,0,0,29.42,70,4721.86,3414.3,71,6,178,0,0,0,845.32,0,
TXN10-00778,10,2026-05-25 23:31:44,5993.5,Food,100011,Card,DEV-10-7,Web,Hyderabad,23,0,0,3.68,71,4713.13,3414.57,13,23,129,0,0,0,621.46,0,
TXN10-00779,10,2026-05-25 23:47:29,2278.74,Food,100011,Card,DEV-10-3,Android,Jaipur,23,0,0,15.75,72,4717.98,3415.0,14,125,4,0,0,0,1095.15,0,
TXN10-00780,10,2026-05-26 01:35:50,8660.24,Hotels,100099,Card,DEV-UNK-1943,iPhone,Mumbai,1,1,0,108.35,1,4721.35,3411.91,2,1,179,1,0,0,920.74,1,ato_new_device_odd_hour
TXN10-00781,10,2026-05-26 02:47:03,3245.16,Airlines,100007,Card,DEV-10-5,iPhone,Goa,2,1,0,71.22,2,4731.08,3413.3,66,25,110,0,0,0,440.32,1,ato_higher_amount_odd_hour
TXN10-00782,10,2026-05-26 05:13:21,7159.8,Airlines,100001,Card,DEV-10-1,iPhone,Mumbai,5,1,0,146.3,3,4726.13,3414.0,80,288,180,0,0,0,440.32,1,distant_800km_15min
TXN10-00783,10,2026-05-26 05:23:21,4341.36,Airlines,100001,Card,DEV-10-1,iPhone,Jaipur,5,1,0,10.0,4,4725.4,3413.44,81,289,5,0,0,0,920.74,1,distant_800km_15min
TXN10-00784,10,2026-05-26 05:43:44,2411.83,Hotels,100005,Card,DEV-10-6,iPhone,Bangalore,5,1,0,20.38,5,4728.36,3415.81,72,21,102,0,0,0,1561.54,0,
TXN10-00785,10,2026-05-26 05:48:45,2167.17,Taxi,100001,Card,DEV-10-2,iPhone,Bangalore,5,1,0,5.02,6,4722.64,3413.52,82,181,103,0,0,0,0.0,0,
TXN10-00786,10,2026-05-26 06:19:39,7126.71,Food,100002,Card,DEV-10-3,Android,Goa,6,1,0,30.9,7,4711.78,3414.64,64,126,111,0,0,0,454.99,0,
TXN10-00787,10,2026-05-26 06:36:46,10000.0,Food,100044,Card,DEV-10-1,iPhone,Goa,6,1,0,17.12,8,4727.93,3410.55,1,290,112,0,0,1,0.0,0,
TXN10-00788,10,2026-05-26 07:13:32,10000.0,Hotels,100010,Card,DEV-10-9,Android,Mumbai,7,1,0,36.77,9,4744.92,3419.62,35,7,181,0,0,0,440.32,0,
TXN10-00789,10,2026-05-26 07:20:49,6417.21,Food,100003,UPI,DEV-10-1,iPhone,Mumbai,7,1,0,7.28,10,4757.86,3425.33,45,291,182,0,0,0,0.0,0,
TXN10-00790,10,2026-05-26 07:39:37,7017.81,Hotels,100012,UPI,DEV-10-2,iPhone,Mumbai,7,1,0,18.8,11,4768.94,3423.4,27,182,183,0,0,0,0.0,0,
TXN10-00791,10,2026-05-26 08:15:39,4165.6,Airlines,100007,UPI,DEV-10-2,iPhone,Delhi,8,1,0,36.03,12,4774.07,3424.36,67,183,147,0,0,0,1153.24,0,
TXN10-00792,10,2026-05-26 08:20:17,3774.63,Hotels,100020,Card,DEV-10-1,iPhone,Delhi,8,1,0,4.63,13,4772.58,3420.27,9,292,148,0,0,0,0.0,0,
TXN10-00793,10,2026-05-26 08:23:57,4435.53,Food,100003,Card,DEV-10-3,Android,Chennai,8,1,0,3.67,14,4766.64,3419.91,46,127,105,0,0,0,1767.65,0,
TXN10-00794,10,2026-05-26 08:28:49,5357.16,Airlines,100036,Card,DEV-10-2,iPhone,Hyderabad,8,1,0,4.87,15,4765.83,3415.74,5,184,130,0,0,0,515.24,0,
TXN10-00795,10,2026-05-26 08:31:56,4232.35,Hotels,100005,UPI,DEV-10-1,iPhone,Goa,8,1,0,3.12,16,4767.28,3411.68,73,293,113,0,0,0,520.05,0,
TXN10-00796,10,2026-05-26 08:40:22,10000.0,Food,100014,UPI,DEV-10-2,iPhone,Mumbai,8,1,0,8.43,17,4765.97,3407.61,11,185,184,0,0,0,440.32,0,
TXN10-00797,10,2026-05-26 09:02:07,2951.86,Food,100018,Card,DEV-10-6,iPhone,Goa,9,1,0,21.75,18,4778.74,3413.23,6,22,114,0,0,0,440.32,0,
TXN10-00798,10,2026-05-26 09:16:05,4040.02,Food,100014,UPI,DEV-10-1,iPhone,Mumbai,9,1,0,13.97,19,4774.29,3410.26,12,294,185,0,0,0,440.32,0,
TXN10-00799,10,2026-05-26 10:03:41,4554.31,Airlines,100009,UPI,DEV-10-3,Android,Hyderabad,10,1,0,47.6,20,4772.51,3406.31,32,128,131,0,0,0,621.46,0,
TXN10-00800,10,2026-05-26 10:25:20,2476.7,Food,100044,UPI,DEV-10-5,iPhone,Mumbai,10,1,0,21.65,21,4771.98,3402.2,2,26,186,0,0,0,621.46,0,
TXN10-00801,10,2026-05-26 10:49:23,5345.2,Food,100023,UPI,DEV-10-1,iPhone,Mumbai,10,1,0,24.05,22,4761.22,3402.41,9,295,187,0,0,0,0.0,0,
TXN10-00802,10,2026-05-26 10:49:41,6075.78,Hotels,100012,Card,DEV-10-1,iPhone,Hyderabad,10,1,0,0.3,23,4762.63,3398.42,28,296,132,0,0,0,621.46,0,
TXN10-00803,10,2026-05-26 11:21:55,3150.29,Taxi,100001,UPI,DEV-10-3,Android,Goa,11,1,0,32.23,24,4765.79,3394.94,83,129,115,0,0,0,520.05,0,
TXN10-00804,10,2026-05-26 11:24:34,4369.48,Food,100016,Card,DEV-10-1,iPhone,Bangalore,11,1,0,2.65,25,4761.91,3391.78,10,297,104,0,0,0,454.99,0,
TXN10-00805,10,2026-05-26 11:32:02,5135.33,Airlines,100007,Card,DEV-10-1,iPhone,Delhi,11,1,0,7.47,26,4762.68,3391.65,68,298,149,0,0,0,1750.11,0,
TXN10-00806,10,2026-05-26 11:43:25,6090.88,Food,100016,Card,DEV-10-1,iPhone,Hyderabad,11,1,0,11.38,27,4763.58,3387.63,11,299,133,0,0,0,1266.53,0,
TXN10-00807,10,2026-05-26 11:50:51,5232.31,Food,100003,UPI,DEV-10-3,Android,Bangalore,11,1,0,7.43,28,4766.75,3384.2,47,130,105,0,0,0,499.99,0,
TXN10-00808,10,2026-05-26 12:10:58,2502.27,Hotels,100030,Card,DEV-10-1,iPhone,Hyderabad,12,1,0,20.12,29,4765.46,3383.92,8,300,134,0,0,0,499.99,0,
TXN10-00809,10,2026-05-26 12:37:59,989.07,Taxi,100006,Card,DEV-10-5,iPhone,Bangalore,12,1,0,27.02,30,4760.06,3381.68,44,27,106,0,0,0,499.99,0,
TXN10-00810,10,2026-05-26 12:52:01,4209.73,Taxi,100006,UPI,DEV-10-4,Android,Chennai,12,1,0,14.03,31,4751.08,3382.65,45,87,106,0,0,0,290.17,0,
TXN10-00811,10,2026-05-26 12:59:43,7709.5,Airlines,100009,Card,DEV-10-2,iPhone,Bangalore,12,1,0,7.7,32,4749.8,3378.73,33,186,107,0,0,0,290.17,0,
TXN10-00812,10,2026-05-26 13:08:36,10000.0,Taxi,100021,UPI,DEV-10-6,iPhone,Goa,13,1,0,8.88,33,4770.71,3379.73,26,23,116,0,0,0,454.99,0,
TXN10-00813,10,2026-05-26 13:11:33,5109.49,Hotels,100012,Card,DEV-10-1,iPhone,Chennai,13,1,0,2.95,34,4783.13,3385.3,29,301,107,0,0,0,706.92,0,
TXN10-00814,10,2026-05-26 13:19:05,1243.22,Hotels,100010,UPI,DEV-10-4,Android,Bangalore,13,1,0,7.53,35,4783.9,3381.32,36,88,108,0,0,0,290.17,0,
TXN10-00815,10,2026-05-26 13:27:07,6571.84,Food,100015,Card,DEV-10-7,Web,Bangalore,13,1,0,8.03,36,4775.43,3385.7,14,24,109,0,0,0,0.0,0,
TXN10-00816,10,2026-05-26 13:36:02,3656.76,Food,100015,Card,DEV-10-3,Android,Delhi,13,1,0,8.92,37,4783.31,3386.0,15,131,150,0,0,0,1750.11,0,
TXN10-00817,10,2026-05-26 13:40:59,3074.74,Food,100004,Card,DEV-10-5,iPhone,Bangalore,13,1,0,4.95,38,4780.65,3382.44,22,28,110,0,0,0,1750.11,0,
TXN10-00818,10,2026-05-26 13:58:30,10000.0,Food,100011,UPI,DEV-10-3,Android,Delhi,13,1,0,17.52,39,4784.14,3379.92,15,132,151,0,0,0,1750.11,0,
TXN10-00819,10,2026-05-26 15:04:00,5598.43,Food,100002,Card,DEV-10-1,iPhone,Delhi,15,1,0,65.5,40,4778.61,3382.01,65,302,152,0,0,0,0.0,0,
TXN10-00820,10,2026-05-26 15:06:13,6694.73,Airlines,100009,UPI,DEV-10-2,iPhone,Delhi,15,1,0,2.22,41,4780.55,3378.24,34,187,153,0,0,0,0.0,0,
TXN10-00821,10,2026-05-26 15:21:43,10000.0,Airlines,100007,Card,DEV-10-1,iPhone,Hyderabad,15,1,0,15.5,42,4782.64,3379.15,69,303,135,0,0,0,1266.53,0,
TXN10-00822,10,2026-05-26 15:37:11,906.89,Food,100008,UPI,DEV-10-6,iPhone,Bangalore,15,1,0,15.47,43,4794.95,3384.64,16,24,111,0,0,0,499.99,0,
TXN10-00823,10,2026-05-26 15:57:53,7552.31,Taxi,100006,Card,DEV-10-2,iPhone,Chennai,15,1,0,20.7,44,4785.8,3385.9,46,188,108,0,0,0,290.17,0,
TXN10-00824,10,2026-05-26 16:13:08,2790.72,Hotels,100030,Card,DEV-10-5,iPhone,Chennai,16,1,0,15.25,45,4782.43,3389.04,9,29,109,0,0,0,0.0,0,
TXN10-00825,10,2026-05-26 16:47:49,5199.14,Food,100002,UPI,DEV-10-2,iPhone,Mumbai,16,1,0,34.68,46,4771.52,3388.3,66,189,188,0,0,0,1033.1,0,
TXN10-00826,10,2026-05-26 17:00:59,4113.34,Hotels,100010,UPI,DEV-10-6,iPhone,Hyderabad,17,1,0,13.17,47,4772.53,3384.35,37,25,136,0,0,0,621.46,0,
TXN10-00827,10,2026-05-26 17:08:28,5892.93,Hotels,100010,UPI,DEV-10-2,iPhone,Delhi,17,1,0,7.48,48,4770.97,3380.49,38,190,154,0,0,0,1266.53,0,
TXN10-00828,10,2026-05-26 17:12:33,4174.86,Food,100014,Card,DEV-10-1,iPhone,Goa,17,1,0,4.08,49,4773.62,3376.94,13,304,117,0,0,0,1521.64,0,
TXN10-00829,10,2026-05-26 17:37:02,1456.39,Food,100004,Card,DEV-10-6,iPhone,Bangalore,17,1,0,24.48,50,4769.99,3376.76,23,26,112,0,0,0,454.99,0,
TXN10-00830,10,2026-05-26 17:45:54,1546.09,Hotels,100005,UPI,DEV-10-1,iPhone,Delhi,17,1,0,8.87,51,4762.19,3376.6,74,305,155,0,0,0,1750.11,0,
TXN10-00831,10,2026-05-26 17:51:36,1622.5,Airlines,100045,UPI,DEV-10-1,iPhone,Chennai,17,1,0,5.7,52,4754.64,3376.23,1,306,110,0,0,1,1767.65,0,
TXN10-00832,10,2026-05-26 17:58:16,6437.84,Food,100008,UPI,DEV-10-8,Web,Delhi,17,1,0,6.67,53,4747.31,3375.67,17,6,156,0,0,0,1767.65,0,
TXN10-00833,10,2026-05-26 18:15:34,7128.97,Taxi,100032,UPI,DEV-10-1,iPhone,Goa,18,1,0,17.3,54,4751.25,3372.71,8,307,118,0,0,0,1521.64,0,
TXN10-00834,10,2026-05-26 19:20:49,6771.08,Airlines,100013,Card,DEV-10-2,iPhone,Mumbai,19,1,0,65.25,55,4749.33,3379.25,25,191,189,0,0,0,440.32,0,
TXN10-00835,10,2026-05-26 19:36:31,3387.09,Food,100002,Card,DEV-10-2,iPhone,Goa,19,1,0,15.7,56,4760.6,3377.99,67,192,119,0,0,0,440.32,0,
TXN10-00836,10,2026-05-26 20:29:06,1687.43,Food,100002,UPI,DEV-10-1,iPhone,Hyderabad,20,1,0,52.58,57,4761.51,3380.78,68,308,137,0,0,0,520.05,0,
TXN10-00837,10,2026-05-26 20:52:30,7082.86,Airlines,100007,UPI,DEV-10-2,iPhone,Mumbai,20,1,0,23.4,58,4742.2,3378.43,70,193,190,0,0,0,621.46,0,
TXN10-00838,10,2026-05-26 20:58:57,4653.95,Food,100003,Card,DEV-10-4,Android,Delhi,20,1,0,6.45,59,4747.88,3380.34,48,89,157,0,0,0,1153.24,0,
TXN10-00839,10,2026-05-26 21:02:23,5260.07,Airlines,100007,Card,DEV-10-1,iPhone,Bangalore,21,1,0,3.43,60,4747.66,3376.35,71,309,113,0,0,0,1750.11,0,
TXN10-00840,10,2026-05-26 21:30:17,9595.14,Hotels,100041,UPI,DEV-10-11,Web,Bangalore,21,1,0,27.9,61,4747.8,3370.51,3,2,114,0,0,0,0.0,0,
TXN10-00841,10,2026-05-26 21:40:49,9510.65,Hotels,100046,UPI,DEV-10-1,iPhone,Hyderabad,21,1,0,10.53,62,4759.26,3374.75,1,310,138,0,0,1,499.99,0,
TXN10-00842,10,2026-05-26 21:41:18,1096.21,Hotels,100010,UPI,DEV-10-9,Android,Hyderabad,21,1,0,0.48,63,4770.46,3378.63,39,8,139,0,0,0,0.0,0,
TXN10-00843,10,2026-05-26 21:49:48,4902.63,Hotels,100005,Card,DEV-10-2,iPhone,Bangalore,21,1,0,8.5,64,4761.82,3379.35,75,194,115,0,0,0,499.99,0,
TXN10-00844,10,2026-05-26 22:16:25,4240.06,Taxi,100021,Card,DEV-10-3,Android,Goa,22,1,0,26.62,65,4749.82,3369.77,27,133,120,0,0,0,454.99,0,
TXN10-00845,10,2026-05-26 22:23:44,3292.41,Hotels,100017,Card,DEV-10-2,iPhone,Bangalore,22,1,0,7.32,66,4748.63,3365.9,12,195,116,0,0,0,454.99,0,
TXN10-00846,10,2026-05-26 23:01:50,50000.0,Luxury Goods,100001,Card,DEV-10-1,iPhone,Mumbai,23,1,0,38.1,67,4746.35,3366.56,84,311,191,0,0,0,845.32,1,large_luxury_purchase
TXN10-00847,10,2026-05-26 23:03:24,1584.43,Hotels,100005,Card,DEV-10-4,Android,Goa,23,1,0,1.57,68,4852.33,4011.48,76,90,121,0,0,0,440.32,0,
TXN10-00848,10,2026-05-26 23:06:35,3403.25,Food,100004,Card,DEV-10-4,Android,Chennai,23,1,0,3.18,69,4844.69,4009.89,24,91,111,0,0,0,706.92,0,
TXN10-00849,10,2026-05-26 23:33:36,3739.96,Food,100002,UPI,DEV-10-1,iPhone,Hyderabad,23,1,0,27.02,70,4854.27,4010.47,69,312,140,0,0,0,515.24,0,
TXN10-00850,10,2026-05-26 23:40:34,3597.25,Food,100002,UPI,DEV-10-10,iPhone,Hyderabad,23,1,0,6.97,71,4857.64,4008.93,70,9,141,0,0,0,0.0,0,
TXN10-00851,10,2026-05-26 23:49:47,4343.66,Taxi,100021,UPI,DEV-10-12,iPhone,Delhi,23,1,0,9.22,72,4854.69,4004.71,28,1,158,1,0,0,1266.53,0,
TXN10-00852,10,2026-05-27 01:43:29,4808.67,Airlines,100001,Card,DEV-10-1,iPhone,Mumbai,1,2,0,113.7,1,4868.94,4003.07,85,313,192,0,0,0,1153.24,1,distant_800km_15min
TXN10-00853,10,2026-05-27 01:55:29,2194.11,Airlines,100001,Card,DEV-10-1,iPhone,Jaipur,1,2,0,12.0,2,4868.8,3998.39,86,314,6,0,0,0,920.74,1,distant_800km_15min
TXN10-00854,10,2026-05-27 02:48:35,5250.0,Airlines,100001,Card,DEV-UNK-2499,Android,Mumbai,2,2,0,53.1,3,4862.56,3995.81,87,1,193,1,0,0,920.74,1,unknown_device
TXN10-00855,10,2026-05-27 05:03:47,3485.71,Food,100014,Card,DEV-10-2,iPhone,Hyderabad,5,2,0,135.2,4,4863.47,3991.2,14,196,142,0,0,0,621.46,0,
TXN10-00856,10,2026-05-27 05:31:35,6190.51,Hotels,100010,Card,DEV-10-1,iPhone,Goa,5,2,0,27.8,5,4860.27,3987.12,40,315,122,0,0,0,520.05,0,
TXN10-00857,10,2026-05-27 05:40:01,5303.41,Food,100004,UPI,DEV-10-5,iPhone,Bangalore,5,2,0,8.43,6,4863.35,3983.01,25,30,117,0,0,0,454.99,0,
TXN10-00858,10,2026-05-27 06:56:41,3697.81,Taxi,100001,Card,DEV-10-2,iPhone,Goa,6,2,0,76.67,7,4870.95,3996.7,88,197,123,0,0,0,454.99,0,
TXN10-00859,10,2026-05-27 07:19:44,2405.03,Airlines,100007,Card,DEV-10-1,iPhone,Goa,7,2,0,23.05,8,4868.21,3992.43,72,316,124,0,0,0,0.0,0,
TXN10-00860,10,2026-05-27 07:34:04,5250.0,Airlines,100001,Card,DEV-UNK-3343,iPhone,Mumbai,7,2,0,14.33,9,4855.33,3991.46,89,1,194,1,0,0,440.32,1,unknown_device
TXN10-00861,10,2026-05-27 07:35:35,5914.34,Food,100018,UPI,DEV-10-1,iPhone,Hyderabad,7,2,0,1.52,10,4856.25,3986.85,7,317,143,0,0,0,621.46,0,
TXN10-00862,10,2026-05-27 07:35:53,3767.41,Taxi,100031,UPI,DEV-10-2,iPhone,Goa,7,2,0,0.3,11,4858.71,3982.53,6,198,125,0,0,0,520.05,0,
TXN10-00863,10,2026-05-27 07:43:53,2603.19,Food,100028,Card,DEV-10-13,Web,Mumbai,7,2,0,8.0,12,4859.22,3982.38,7,1,195,1,0,0,440.32,0,
TXN10-00864,10,2026-05-27 07:51:52,2176.38,Hotels,100035,UPI,DEV-10-2,iPhone,Bangalore,7,2,0,7.98,13,4861.79,3980.56,3,199,118,0,0,0,845.32,0,
TXN10-00865,10,2026-05-27 08:07:53,2992.99,Taxi,100001,Card,DEV-10-2,iPhone,Bangalore,8,2,0,16.02,14,4855.56,3978.04,90,200,119,0,0,0,0.0,0,
TXN10-00866,10,2026-05-27 10:01:24,9048.21,Hotels,100046,UPI,DEV-10-1,iPhone,Delhi,10,2,0,113.52,15,4862.96,3979.1,2,318,159,0,0,0,1750.11,0,
TXN10-00867,10,2026-05-27 10:38:03,1487.48,Food,100014,Card,DEV-10-1,iPhone,Delhi,10,2,0,36.65,16,4879.11,3986.78,15,319,160,0,0,0,0.0,0,
TXN10-00868,10,2026-05-27 10:43:13,2725.12,Hotels,100017,Card,DEV-10-3,Android,Delhi,10,2,0,5.17,17,4871.23,3985.49,13,134,161,0,0,0,0.0,0,
TXN10-00869,10,2026-05-27 10:49:46,1822.15,Hotels,100035,UPI,DEV-10-6,iPhone,Chennai,10,2,0,6.55,18,4866.25,3982.2,4,27,112,0,0,0,1767.65,0,
TXN10-00870,10,2026-05-27 11:02:45,5803.6,Hotels,100025,UPI,DEV-10-5,iPhone,Delhi,11,2,0,12.98,19,4847.27,3977.18,12,31,162,0,0,0,1767.65,0,
TXN10-00871,10,2026-05-27 12:12:27,1647.88,Airlines,100013,Card,DEV-10-3,Android,Mumbai,12,2,0,69.7,20,4851.58,3977.2,26,135,196,0,0,0,1153.24,0,
TXN10-00872,10,2026-05-27 12:35:10,1506.13,Food,100011,Card,DEV-10-2,iPhone,Chennai,12,2,0,22.72,21,4851.57,3981.6,16,201,113,0,0,0,1033.1,0,
TXN10-00873,10,2026-05-27 14:18:32,3238.52,Food,100015,Card,DEV-10-5,iPhone,Goa,14,2,0,103.37,22,4839.41,3994.21,16,32,126,0,0,0,706.92,0,
TXN10-00874,10,2026-05-27 14:21:06,3142.81,Hotels,100005,UPI,DEV-10-2,iPhone,Bangalore,14,2,0,2.57,23,4835.67,3990.29,77,202,120,0,0,0,454.99,0,
TXN10-00875,10,2026-05-27 14:28:22,4890.46,Airlines,100036,Card,DEV-10-1,iPhone,Bangalore,14,2,0,7.27,24,4831.73,3986.47,6,320,121,0,0,0,0.0,0,
TXN10-00876,10,2026-05-27 14:57:29,3841.66,Hotels,100020,UPI,DEV-10-12,iPhone,Hyderabad,14,2,0,29.12,25,4836.0,3987.04,10,2,144,0,0,0,499.99,0,
TXN10-00877,10,2026-05-27 15:23:24,7814.31,Taxi,100024,Card,DEV-10-3,Android,Delhi,15,2,0,25.92,26,4833.69,3982.68,13,136,163,0,0,0,1266.53,0,
TXN10-00878,10,2026-05-27 15:31:53,5770.71,Taxi,100038,Card,DEV-10-3,Android,Bangalore,15,2,0,8.48,27,4840.62,3980.63,8,137,122,0,0,0,1750.11,0,
TXN10-00879,10,2026-05-27 16:36:42,1531.74,Taxi,100001,UPI,DEV-10-5,iPhone,Hyderabad,16,2,0,64.82,28,4838.95,3987.31,91,33,145,0,0,0,499.99,0,
TXN10-00880,10,2026-05-27 16:47:57,3324.08,Food,100003,Card,DEV-10-2,iPhone,Goa,16,2,0,11.25,29,4831.24,3985.85,49,203,127,0,0,0,520.05,0,
TXN10-00881,10,2026-05-27 17:15:09,6241.79,Hotels,100005,Card,DEV-10-1,iPhone,Goa,17,2,0,27.2,30,4827.77,3987.53,78,321,128,0,0,0,0.0,0,
TXN10-00882,10,2026-05-27 17:42:50,6522.58,Taxi,100001,Card,DEV-10-6,iPhone,Mumbai,17,2,0,27.68,31,4831.06,3983.47,92,28,197,0,0,0,440.32,0,
TXN10-00883,10,2026-05-27 18:36:27,7621.36,Taxi,100024,Card,DEV-10-1,iPhone,Goa,18,2,0,53.62,32,4842.23,3987.54,14,322,129,0,0,0,440.32,0,
TXN10-00884,10,2026-05-27 19:36:19,10000.0,Hotels,100010,UPI,DEV-10-1,iPhone,Mumbai,19,2,0,59.87,33,4848.71,3985.14,41,323,198,0,0,0,440.32,0,
TXN10-00885,10,2026-05-27 20:04:51,3224.74,Food,100003,Card,DEV-10-5,iPhone,Hyderabad,20,2,0,28.53,34,4844.87,3981.76,50,34,146,0,0,0,621.46,0,
TXN10-00886,10,2026-05-27 20:06:34,10000.0,Food,100002,UPI,DEV-10-1,iPhone,Mumbai,20,2,0,1.72,35,4841.08,3977.88,71,324,199,0,0,0,621.46,0,
TXN10-00887,10,2026-05-27 20:28:28,4941.69,Hotels,100010,Card,DEV-10-7,Web,Chennai,20,2,0,21.9,36,4851.54,3985.53,42,25,114,0,0,0,1033.1,0,
TXN10-00888,10,2026-05-27 22:21:17,5955.38,Hotels,100010,UPI,DEV-10-2,iPhone,Goa,22,2,0,112.82,37,4837.52,3986.13,43,204,130,0,0,0,706.92,0,
TXN10-00889,10,2026-05-27 22:32:27,4701.84,Hotels,100012,Card,DEV-10-8,Web,Delhi,22,2,0,11.17,38,4840.14,3981.82,30,7,164,0,0,0,1521.64,0,
TXN10-00890,10,2026-05-27 22:52:04,4803.19,Taxi,100001,UPI,DEV-10-1,iPhone,Delhi,22,2,0,19.62,39,4847.12,3978.97,93,325,165,0,0,0,0.0,0,
TXN10-00891,10,2026-05-27 23:41:32,1738.01,Hotels,100005,UPI,DEV-10-4,Android,Delhi,23,2,0,49.47,40,4849.24,3992.85,79,92,166,0,0,0,0.0,0,
TXN10-00892,10,2026-05-28 05:02:30,8430.48,Hotels,100041,Card,DEV-10-5,iPhone,Mumbai,5,3,0,320.97,1,4847.0,3994.33,4,35,200,0,0,0,1153.24,0,
TXN10-00893,10,2026-05-28 05:36:12,3705.86,Hotels,100030,Card,DEV-10-1,iPhone,Chennai,5,3,0,33.7,2,4855.45,3993.4,10,326,115,0,0,0,1033.1,0,
TXN10-00894,10,2026-05-28 05:41:55,7790.38,Hotels,100010,Card,DEV-10-1,iPhone,Goa,5,3,0,5.72,3,4852.75,3989.09,44,327,131,0,0,0,706.92,0,
TXN10-00895,10,2026-05-28 06:00:50,6001.11,Airlines,100001,Card,DEV-10-1,iPhone,Mumbai,6,3,0,18.92,4,4859.64,3986.94,94,328,201,0,0,0,440.32,1,distant_800km_15min
TXN10-00896,10,2026-05-28 06:03:44,7258.99,Airlines,100036,Card,DEV-10-11,Web,Goa,6,3,0,2.9,5,4862.32,3982.65,7,3,132,0,0,0,440.32,0,
TXN10-00897,10,2026-05-28 06:07:50,1897.14,Airlines,100001,Card,DEV-10-1,iPhone,Jaipur,6,3,0,4.1,6,4873.63,3982.58,95,329,7,0,0,0,1302.74,1,distant_800km_15min
TXN10-00898,10,2026-05-28 06:33:28,6587.87,Hotels,100033,UPI,DEV-10-2,iPhone,Delhi,6,3,0,25.63,7,4878.94,3985.74,7,205,167,0,0,0,237.53,0,
TXN10-00899,10,2026-05-28 06:40:50,3380.72,Food,100002,UPI,DEV-10-1,iPhone,Delhi,6,3,0,7.37,8,4888.99,3984.64,72,330,168,0,0,0,0.0,0,
TXN10-00900,10,2026-05-28 07:13:11,4275.5,Food,100002,Card,DEV-10-3,Android,Goa,7,3,0,32.35,9,4885.46,3980.64,73,138,133,0,0,0,1521.64,0,
TXN10-00901,10,2026-05-28 07:51:55,6656.38,Food,100034,Card,DEV-10-3,Android,Hyderabad,7,3,0,38.73,10,4867.99,3978.36,10,139,147,0,0,0,520.05,0,
TXN10-00902,10,2026-05-28 08:00:13,2798.91,Taxi,100021,UPI,DEV-10-1,iPhone,Mumbai,8,3,0,8.3,11,4872.18,3974.64,29,331,202,0,0,0,621.46,0,
TXN10-00903,10,2026-05-28 08:18:05,2041.25,Food,100002,Card,DEV-10-4,Android,Bangalore,8,3,0,17.87,12,4867.34,3971.26,74,93,123,0,0,0,845.32,0,
TXN10-00904,10,2026-05-28 08:22:44,7957.26,Food,100002,Card,DEV-10-11,Web,Delhi,8,3,0,4.65,13,4860.75,3968.97,75,4,169,0,0,0,1750.11,0,
TXN10-00905,10,2026-05-28 08:38:54,4347.66,Food,100011,Card,DEV-10-7,Web,Delhi,8,3,0,16.17,14,4858.68,3978.29,17,26,170,0,0,0,0.0,0,
TXN10-00906,10,2026-05-28 08:56:36,2442.95,Food,100039,UPI,DEV-10-1,iPhone,Mumbai,8,3,0,17.7,15,4861.57,3977.47,4,332,203,0,0,0,1153.24,0,
TXN10-00907,10,2026-05-28 10:03:43,6873.74,Airlines,100009,Card,DEV-10-3,Android,Goa,10,3,0,67.12,16,4872.9,3986.58,35,140,134,0,0,0,440.32,0,
TXN10-00908,10,2026-05-28 10:17:28,4692.47,Airlines,100007,Card,DEV-10-1,iPhone,Chennai,10,3,0,13.75,17,4877.61,3983.06,73,333,116,0,0,0,706.92,0,
TXN10-00909,10,2026-05-28 10:29:11,1892.71,Food,100037,Card,DEV-10-2,iPhone,Chennai,10,3,0,11.72,18,4878.74,3982.94,4,206,117,0,0,0,0.0,0,
TXN10-00910,10,2026-05-28 10:33:12,7131.45,Food,100014,Card,DEV-10-4,Android,Goa,10,3,0,4.02,19,4859.67,3977.78,16,94,135,0,0,0,706.92,0,
TXN10-00911,10,2026-05-28 12:06:51,1350.32,Food,100037,UPI,DEV-10-1,iPhone,Bangalore,12,3,0,93.65,20,4860.32,3990.43,5,334,124,0,0,0,454.99,0,
TXN10-00912,10,2026-05-28 12:32:15,1887.79,Food,100002,Card,DEV-10-3,Android,Hyderabad,12,3,0,25.4,21,4850.43,3993.95,76,141,148,0,0,0,499.99,0,
TXN10-00913,10,2026-05-28 13:15:40,2933.33,Taxi,100001,UPI,DEV-10-2,iPhone,Chennai,13,3,0,43.42,22,4844.92,4005.9,96,207,118,0,0,0,515.24,0,
TXN10-00914,10,2026-05-28 13:32:31,2843.8,Airlines,100007,UPI,DEV-10-1,iPhone,Hyderabad,13,3,0,16.85,23,4840.37,4002.22,74,335,149,0,0,0,515.24,0,
TXN10-00915,10,2026-05-28 14:26:11,7734.79,Food,100018,Card,DEV-10-3,Android,Chennai,14,3,0,53.67,24,4852.4,4012.19,8,142,119,0,0,0,515.24,0,
TXN10-00916,10,2026-05-28 14:33:10,3438.64,Food,100002,Card,DEV-10-1,iPhone,Delhi,14,3,0,6.98,25,4859.29,4009.86,77,336,171,0,0,0,1767.65,0,
TXN10-00917,10,2026-05-28 14:41:41,1698.86,Hotels,100010,UPI,DEV-10-3,Android,Delhi,14,3,0,8.52,26,4856.33,4010.45,45,143,172,0,0,0,0.0,0,
TXN10-00918,10,2026-05-28 14:42:16,6952.75,Hotels,100020,Card,DEV-10-5,iPhone,Mumbai,14,3,0,0.58,27,4848.8,4008.63,11,36,204,0,0,0,1153.24,0,
TXN10-00919,10,2026-05-28 14:52:54,5909.97,Hotels,100025,Card,DEV-10-3,Android,Mumbai,14,3,0,10.63,28,4861.41,4006.91,13,144,205,0,0,0,0.0,0,
TXN10-00920,10,2026-05-28 15:23:15,3685.46,Taxi,100024,UPI,DEV-10-2,iPhone,Goa,15,3,0,30.35,29,4865.98,4011.83,15,208,136,0,0,0,440.32,0,
TXN10-00921,10,2026-05-28 15:57:31,1734.31,Hotels,100010,UPI,DEV-10-1,iPhone,Mumbai,15,3,0,34.27,30,4870.93,4009.09,46,337,206,0,0,0,440.32,0,
TXN10-00922,10,2026-05-28 15:59:31,4217.74,Hotels,100154,Card,DEV-10-1,iPhone,Hyderabad,15,3,0,2.0,31,4863.44,4007.23,1,338,150,0,0,1,621.46,1,ato_new_merchant_same_category_short_gap
TXN10-00923,10,2026-05-28 16:01:40,990.17,Hotels,100033,UPI,DEV-10-4,Android,Hyderabad,16,3,0,2.15,32,4861.9,4002.58,8,95,151,0,0,0,0.0,0,
TXN10-00924,10,2026-05-28 16:17:21,2658.45,Food,100002,UPI,DEV-10-2,iPhone,Goa,16,3,0,15.68,33,4852.19,4007.01,78,209,137,0,0,0,520.05,0,
TXN10-00925,10,2026-05-28 16:21:12,5250.0,Airlines,100001,Card,DEV-UNK-6572,Android,Mumbai,16,3,0,3.85,34,4846.98,4003.67,97,1,207,1,0,0,440.32,1,unknown_device
TXN10-00926,10,2026-05-28 16:22:03,10000.0,Airlines,100027,Card,DEV-10-1,iPhone,Mumbai,16,3,0,0.85,35,4847.94,3998.97,10,339,208,0,0,0,0.0,0,
TXN10-00927,10,2026-05-28 16:45:28,4227.19,Airlines,100029,Card,DEV-10-4,Android,Bangalore,16,3,0,23.42,36,4847.94,3998.97,11,96,125,0,0,0,845.32,0,
TXN10-00928,10,2026-05-28 18:33:38,4599.46,Airlines,100045,Card,DEV-10-1,iPhone,Mumbai,18,3,0,108.17,37,4848.23,4003.4,2,340,209,0,0,0,845.32,0,
TXN10-00929,10,2026-05-28 19:31:07,4697.95,Taxi,100001,Card,DEV-10-5,iPhone,Goa,19,3,0,57.48,38,4849.55,4003.22,98,37,138,0,0,0,440.32,0,
TXN10-00930,10,2026-05-28 19:50:35,2712.34,Food,100002,UPI,DEV-10-3,Android,Kochi,19,3,0,19.47,39,4848.08,4007.79,79,145,2,0,0,0,640.58,0,
TXN10-00931,10,2026-05-28 20:02:17,1690.84,Hotels,100035,UPI,DEV-10-5,iPhone,Delhi,20,3,0,11.7,40,4849.07,4010.69,5,38,173,0,0,0,2089.27,0,
TXN10-00932,10,2026-05-28 20:23:43,5245.31,Hotels,100005,UPI,DEV-10-9,Android,Mumbai,20,3,0,21.43,41,4841.55,4008.87,80,9,210,0,0,0,1153.24,0,
TXN10-00933,10,2026-05-28 20:50:12,7617.24,Hotels,100020,UPI,DEV-10-3,Android,Mumbai,20,3,0,26.48,42,4840.73,4013.08,12,146,211,0,0,0,0.0,0,
TXN10-00934,10,2026-05-28 22:35:21,1730.74,Hotels,100010,UPI,DEV-10-3,Android,Bangalore,22,3,0,105.15,43,4833.24,4022.59,47,147,126,0,0,0,845.32,0,
TXN10-00935,10,2026-05-28 22:46:30,10000.0,Hotels,100012,Card,DEV-10-3,Android,Mumbai,22,3,0,11.15,44,4825.78,4020.63,31,148,212,0,0,0,845.32,0,
TXN10-00936,10,2026-05-28 23:30:41,10000.0,Taxi,100038,Card,DEV-10-1,iPhone,Bangalore,23,3,0,44.18,45,4838.19,4023.77,9,341,127,0,0,0,845.32,0,
TXN10-00937,10,2026-05-29 02:34:15,50000.0,Luxury Goods,100001,Card,DEV-10-1,iPhone,Mumbai,2,4,0,183.57,1,4875.37,4042.98,99,342,213,0,0,0,845.32,1,large_luxury_purchase
TXN10-00938,10,2026-05-29 05:07:46,8974.51,Airlines,100009,Card,DEV-10-3,Android,Mumbai,5,4,0,153.52,2,5000.38,4611.14,36,149,214,0,0,0,0.0,0,
TXN10-00939,10,2026-05-29 05:23:27,1351.04,Food,100028,UPI,DEV-10-8,Web,Bangalore,5,4,0,15.68,3,5016.48,4619.86,8,8,128,0,0,0,845.32,0,
TXN10-00940,10,2026-05-29 05:57:48,2033.37,Food,100002,UPI,DEV-10-4,Android,Hyderabad,5,4,0,34.35,4,5016.1,4620.15,80,97,152,0,0,0,499.99,0,
TXN10-00941,10,2026-05-29 06:02:59,2991.87,Airlines,100009,Card,DEV-10-1,iPhone,Bangalore,6,4,0,5.18,5,5008.86,4616.88,37,343,129,0,0,0,499.99,0,
TXN10-00942,10,2026-05-29 06:24:26,4613.46,Hotels,100010,Card,DEV-10-4,Android,Chennai,6,4,0,21.45,6,5003.98,4612.35,48,98,120,0,0,0,290.17,0,
TXN10-00943,10,2026-05-29 06:25:13,4095.85,Hotels,100005,UPI,DEV-10-1,iPhone,Hyderabad,6,4,0,0.78,7,5003.04,4606.81,81,344,153,0,0,0,515.24,0,
TXN10-00944,10,2026-05-29 06:31:10,2859.28,Taxi,100001,Card,DEV-10-2,iPhone,Bangalore,6,4,0,5.95,8,5000.85,4601.48,100,210,130,0,0,0,499.99,0,
TXN10-00945,10,2026-05-29 06:36:27,2579.14,Airlines,100009,Card,DEV-10-1,iPhone,Delhi,6,4,0,5.28,9,4995.7,4597.14,38,345,174,0,0,0,1750.11,0,
TXN10-00946,10,2026-05-29 07:07:24,10000.0,Taxi,100040,Card,DEV-10-5,iPhone,Mumbai,7,4,0,30.95,10,4997.9,4602.74,4,39,215,0,0,0,1153.24,0,
TXN10-00947,10,2026-05-29 07:33:26,1866.06,Taxi,100001,Card,DEV-10-2,iPhone,Bangalore,7,4,0,26.03,11,5011.13,4616.62,101,211,131,0,0,0,845.32,0,
TXN10-00948,10,2026-05-29 08:06:27,8643.2,Airlines,100007,Card,DEV-10-3,Android,Mumbai,8,4,0,33.02,12,5003.7,4619.21,75,150,216,0,0,0,845.32,0,
TXN10-00949,10,2026-05-29 08:16:10,1510.34,Food,100002,Card,DEV-10-3,Android,Chennai,8,4,0,9.72,13,5012.52,4617.08,81,151,121,0,0,0,1033.1,0,
TXN10-00950,10,2026-05-29 08:21:56,1156.18,Food,100018,Card,DEV-10-3,Android,Delhi,8,4,0,5.77,14,5008.88,4619.25,9,152,175,0,0,0,1767.65,0,
TXN10-00951,10,2026-05-29 08:28:28,8338.55,Hotels,100010,Card,DEV-10-3,Android,Chennai,8,4,0,6.53,15,4999.58,4617.54,49,153,122,0,0,0,1767.65,0,
TXN10-00952,10,2026-05-29 08:57:12,1851.61,Taxi,100021,UPI,DEV-10-14,iPhone,Delhi,8,4,0,28.73,16,5007.62,4614.88,30,1,176,1,0,0,1767.65,0,
TXN10-00953,10,2026-05-29 09:07:32,2535.95,Hotels,100005,Card,DEV-10-4,Android,Hyderabad,9,4,0,10.33,17,5000.04,4611.92,82,99,154,0,0,0,1266.53,0,
TXN10-00954,10,2026-05-29 09:40:53,5404.76,Taxi,100022,UPI,DEV-10-2,iPhone,Delhi,9,4,0,33.35,18,4994.13,4607.96,17,212,177,0,0,0,1266.53,0,
TXN10-00955,10,2026-05-29 09:47:53,8374.26,Airlines,100047,UPI,DEV-10-1,iPhone,Goa,9,4,0,7.0,19,4995.11,4602.49,1,346,139,0,0,1,1521.64,0,
TXN10-00956,10,2026-05-29 10:02:42,10000.0,Airlines,100007,UPI,DEV-10-2,iPhone,Goa,10,4,0,14.82,20,5008.37,4621.37,76,213,140,0,0,0,0.0,0,
TXN10-00957,10,2026-05-29 10:33:04,2217.22,Hotels,100010,Card,DEV-10-6,iPhone,Goa,10,4,0,30.37,21,5035.66,4628.15,50,29,141,0,0,0,0.0,0,
TXN10-00958,10,2026-05-29 10:34:24,2628.84,Food,100002,Card,DEV-10-1,iPhone,Mumbai,10,4,0,1.33,22,5028.87,4624.64,82,347,217,0,0,0,440.32,0,
TXN10-00959,10,2026-05-29 10:50:52,2258.47,Taxi,100048,Card,DEV-10-2,iPhone,Delhi,10,4,0,16.47,23,5012.71,4626.95,1,214,178,0,0,1,1153.24,0,
TXN10-00960,10,2026-05-29 10:59:04,3108.42,Taxi,100006,Card,DEV-10-1,iPhone,Mumbai,10,4,0,8.2,24,5006.94,4628.89,47,348,218,0,0,0,1153.24,0,
TXN10-00961,10,2026-05-29 11:03:13,1798.98,Taxi,100040,UPI,DEV-10-2,iPhone,Bangalore,11,4,0,4.15,25,5002.36,4624.25,5,215,132,0,0,0,845.32,0,
TXN10-00962,10,2026-05-29 11:14:55,1479.17,Food,100002,Card,DEV-10-3,Android,Bangalore,11,4,0,11.7,26,4994.66,4621.35,83,154,133,0,0,0,0.0,0,
TXN10-00963,10,2026-05-29 11:16:38,2254.05,Airlines,100007,UPI,DEV-10-3,Android,Bangalore,11,4,0,1.72,27,4986.23,4619.01,77,155,134,0,0,0,0.0,0,
TXN10-00964,10,2026-05-29 11:19:49,3926.1,Taxi,100001,UPI,DEV-10-2,iPhone,Hyderabad,11,4,0,3.18,28,4979.69,4615.41,102,216,155,0,0,0,499.99,0,
TXN10-00965,10,2026-05-29 11:22:06,1116.01,Taxi,100001,Card,DEV-10-4,Android,Hyderabad,11,4,0,2.28,29,4977.18,4610.19,103,100,156,0,0,0,0.0,0,
TXN10-00966,10,2026-05-29 11:50:14,3607.55,Airlines,100007,Card,DEV-10-3,Android,Goa,11,4,0,28.13,30,4982.66,4621.81,78,156,142,0,0,0,520.05,0,
TXN10-00967,10,2026-05-29 12:03:12,825.21,Taxi,100001,UPI,DEV-10-3,Android,Mumbai,12,4,0,12.97,31,4982.1,4621.96,104,157,219,0,0,0,440.32,0,
TXN10-00968,10,2026-05-29 12:14:37,6191.09,Food,100003,Card,DEV-10-2,iPhone,Goa,12,4,0,11.42,32,4972.16,4620.89,51,217,143,0,0,0,440.32,0,
TXN10-00969,10,2026-05-29 12:38:22,3258.0,Hotels,100012,Card,DEV-10-2,iPhone,Goa,12,4,0,23.75,33,4981.72,4619.27,32,218,144,0,0,0,0.0,0,
TXN10-00970,10,2026-05-29 12:38:41,3315.38,Hotels,100010,Card,DEV-10-9,Android,Chennai,12,4,0,0.32,34,4977.61,4614.52,51,10,123,0,0,0,706.92,0,
TXN10-00971,10,2026-05-29 12:41:00,2608.86,Taxi,100006,Card,DEV-10-1,iPhone,Bangalore,12,4,0,2.32,35,4973.65,4609.73,48,349,135,0,0,0,290.17,0,
TXN10-00972,10,2026-05-29 12:50:39,1850.01,Hotels,100017,Card,DEV-10-2,iPhone,Hyderabad,12,4,0,9.65,36,4968.04,4605.69,14,219,157,0,0,0,499.99,0,
TXN10-00973,10,2026-05-29 12:52:56,4160.01,Food,100049,Card,DEV-10-1,iPhone,Hyderabad,12,4,0,2.28,37,4960.65,4602.73,1,350,158,0,0,1,0.0,0,
TXN10-00974,10,2026-05-29 13:05:47,3038.89,Food,100014,Card,DEV-10-2,iPhone,Chennai,13,4,0,12.85,38,4960.93,4602.68,17,220,124,0,0,0,515.24,0,
TXN10-00975,10,2026-05-29 13:25:13,1390.2,Hotels,100010,Card,DEV-10-5,iPhone,Mumbai,13,4,0,19.43,39,4956.39,4598.18,52,40,220,0,0,0,1033.1,0,
TXN10-00976,10,2026-05-29 13:30:33,1954.81,Airlines,100027,Card,DEV-10-2,iPhone,Mumbai,13,4,0,5.33,40,4947.98,4596.01,11,221,221,0,0,0,0.0,0,
TXN10-00977,10,2026-05-29 14:14:22,4636.52,Airlines,100009,Card,DEV-10-3,Android,Mumbai,14,4,0,43.82,41,4955.32,4605.44,39,158,222,0,0,0,0.0,0,
TXN10-00978,10,2026-05-29 14:30:03,2847.32,Airlines,100026,Card,DEV-10-1,iPhone,Mumbai,14,4,0,15.68,42,4954.57,4600.02,16,351,223,0,0,0,0.0,0,
TXN10-00979,10,2026-05-29 14:38:34,879.23,Airlines,100009,UPI,DEV-10-4,Android,Chennai,14,4,0,8.52,43,4949.6,4595.73,40,101,125,0,0,0,1033.1,0,
TXN10-00980,10,2026-05-29 15:05:46,3857.79,Food,100008,Card,DEV-10-9,Android,Goa,15,4,0,27.2,44,4939.74,4599.96,18,11,145,0,0,0,706.92,0,
TXN10-00981,10,2026-05-29 15:32:45,5975.33,Hotels,100017,Card,DEV-10-3,Android,Goa,15,4,0,26.98,45,4935.53,4600.13,15,159,146,0,0,0,0.0,0,
TXN10-00982,10,2026-05-29 15:51:37,4264.83,Hotels,100041,UPI,DEV-10-1,iPhone,Hyderabad,15,4,0,18.87,46,4934.19,4607.95,5,352,159,0,0,0,520.05,0,
TXN10-00983,10,2026-05-29 15:52:44,4323.87,Hotels,100010,Card,DEV-10-1,iPhone,Delhi,15,4,0,1.12,47,4932.6,4602.61,53,353,179,0,0,0,1266.53,0,
TXN10-00984,10,2026-05-29 16:25:41,4368.32,Airlines,100029,Card,DEV-10-2,iPhone,Bangalore,16,4,0,32.95,48,4937.41,4604.49,12,222,136,0,0,0,1750.11,0,
TXN10-00985,10,2026-05-29 16:29:17,4100.96,Hotels,100005,UPI,DEV-10-1,iPhone,Bangalore,16,4,0,3.6,49,4936.07,4599.11,83,354,137,0,0,0,0.0,0,
TXN10-00986,10,2026-05-29 16:50:56,50000.0,Luxury Goods,100001,Card,DEV-10-1,iPhone,Mumbai,16,4,0,21.65,50,4934.09,4593.85,105,355,224,0,0,0,845.32,1,large_luxury_purchase
TXN10-00987,10,2026-05-29 16:50:57,3103.59,Hotels,100012,UPI,DEV-10-2,iPhone,Bangalore,16,4,0,0.02,51,5040.38,5082.55,33,223,138,0,0,0,845.32,0,
TXN10-00988,10,2026-05-29 16:59:43,2592.35,Hotels,100005,UPI,DEV-10-3,Android,Hyderabad,16,4,0,8.77,52,5035.82,5077.44,84,160,160,0,0,0,499.99,0,
TXN10-00989,10,2026-05-29 18:27:05,5197.1,Taxi,100001,Card,DEV-10-1,iPhone,Mumbai,18,4,0,87.37,53,5028.35,5096.83,106,356,225,0,0,0,621.46,0,
TXN10-00990,10,2026-05-29 18:34:40,1054.39,Taxi,100022,Card,DEV-10-3,Android,Goa,18,4,0,7.58,54,5028.75,5090.78,18,161,147,0,0,0,440.32,0,
TXN10-00991,10,2026-05-29 18:51:07,4687.89,Food,100019,Card,DEV-10-4,Android,Chennai,18,4,0,16.45,55,5022.97,5098.8,9,102,126,0,0,0,706.92,0,
TXN10-00992,10,2026-05-29 19:21:41,4573.25,Airlines,100007,Card,DEV-10-1,iPhone,Mumbai,19,4,0,30.57,56,5027.44,5097.67,79,357,226,0,0,0,1033.1,0,
TXN10-00993,10,2026-05-29 19:22:28,10000.0,Taxi,100001,UPI,DEV-10-1,iPhone,Goa,19,4,0,0.78,57,5026.36,5091.67,107,358,148,0,0,0,440.32,0,
TXN10-00994,10,2026-05-29 19:41:50,8017.9,Hotels,100033,Card,DEV-10-7,Web,Chennai,19,4,0,19.37,58,5045.27,5095.32,9,27,127,0,0,0,706.92,0,
TXN10-00995,10,2026-05-29 19:55:56,1434.24,Taxi,100001,UPI,DEV-10-2,iPhone,Bangalore,19,4,0,14.1,59,5052.31,5091.33,108,224,139,0,0,0,290.17,0,
TXN10-00996,10,2026-05-29 20:02:15,2431.13,Hotels,100025,Card,DEV-10-5,iPhone,Delhi,20,4,0,6.32,60,5043.76,5088.35,14,41,180,0,0,0,1750.11,0,
TXN10-00997,10,2026-05-29 20:10:45,5761.03,Food,100039,Card,DEV-10-2,iPhone,Hyderabad,20,4,0,8.5,61,5038.07,5089.92,5,225,161,0,0,0,1266.53,0,
TXN10-00998,10,2026-05-29 20:16:16,3824.34,Food,100003,Card,DEV-10-6,iPhone,Delhi,20,4,0,5.52,62,5028.05,5084.31,52,30,181,0,0,0,1266.53,0,
TXN10-00999,10,2026-05-29 22:09:04,5542.71,Food,100050,Card,DEV-10-1,iPhone,Hyderabad,22,4,0,112.8,63,5020.08,5111.55,1,359,162,0,0,1,1266.53,0,
TXN10-01000,10,2026-05-29 22:16:26,5077.86,Taxi,100006,UPI,DEV-10-1,iPhone,Delhi,22,4,0,7.37,64,5029.27,5109.04,49,360,182,0,0,0,1266.53,0,
TXN10-01001,10,2026-05-29 22:17:03,4730.87,Hotels,100046,Card,DEV-10-5,iPhone,Chennai,22,4,0,0.62,65,5029.38,5102.92,3,42,128,0,0,0,1767.65,0,
TXN10-01002,10,2026-05-29 22:26:23,4800.67,Taxi,100048,UPI,DEV-10-1,iPhone,Chennai,22,4,0,9.33,66,5028.67,5096.85,2,361,129,0,0,0,0.0,0,
TXN10-01003,10,2026-05-29 23:11:40,4733.83,Airlines,100036,Card,DEV-10-1,iPhone,Delhi,23,4,0,45.28,67,5033.41,5095.72,8,362,183,0,0,0,1767.65,0,
TXN10-01004,10,2026-05-29 23:23:47,10000.0,Food,100008,Card,DEV-10-13,Web,Bangalore,23,4,0,12.12,68,5025.45,5101.13,19,2,140,0,0,0,1750.11,0,
TXN10-01005,10,2026-05-29 23:32:40,2877.03,Food,100008,Card,DEV-10-2,iPhone,Bangalore,23,4,0,8.88,69,5037.35,5100.81,20,226,141,0,0,0,0.0,0,
TXN10-01006,10,2026-05-30 05:23:03,10000.0,Food,100023,Card,DEV-10-1,iPhone,Delhi,5,5,1,350.38,1,5034.06,5110.22,10,363,184,0,0,0,1750.11,0,
TXN10-01007,10,2026-05-30 06:12:41,4700.85,Food,100003,UPI,DEV-10-1,iPhone,Goa,6,5,1,49.63,2,5051.14,5120.18,53,364,149,0,0,0,1521.64,0,
TXN10-01008,10,2026-05-30 07:00:05,10000.0,Taxi,100006,Card,DEV-10-1,iPhone,Delhi,7,5,1,47.4,3,5050.3,5114.05,50,365,185,0,0,0,1521.64,0,
TXN10-01009,10,2026-05-30 07:01:12,3244.35,Taxi,100001,Card,DEV-10-9,Android,Delhi,7,5,1,1.12,4,5062.17,5113.65,109,12,186,0,0,0,0.0,0,
TXN10-01010,10,2026-05-30 07:01:33,6041.51,Airlines,100009,Card,DEV-10-4,Android,Delhi,7,5,1,0.35,5,5057.82,5108.3,41,103,187,0,0,0,0.0,0,
TXN10-01011,10,2026-05-30 07:13:03,3542.97,Food,100003,Card,DEV-10-2,iPhone,Bangalore,7,5,1,11.5,6,5048.35,5102.8,54,227,142,0,0,0,1750.11,0,
TXN10-01012,10,2026-05-30 07:37:50,4777.94,Hotels,100005,Card,DEV-10-1,iPhone,Chennai,7,5,1,24.78,7,5044.76,5097.23,85,366,130,0,0,0,290.17,0,
TXN10-01013,10,2026-05-30 07:43:38,3037.0,Taxi,100006,Card,DEV-10-12,iPhone,Delhi,7,5,1,5.8,8,5045.57,5097.16,51,3,188,0,0,0,1767.65,0,
TXN10-01014,10,2026-05-30 08:04:05,3502.93,Taxi,100038,Card,DEV-10-3,Android,Hyderabad,8,5,1,20.45,9,5040.78,5092.03,10,162,163,0,0,0,1266.53,0,
TXN10-01015,10,2026-05-30 08:21:11,2909.35,Airlines,100045,Card,DEV-10-2,iPhone,Delhi,8,5,1,17.1,10,5035.37,5092.46,3,228,189,0,0,0,1266.53,0,
TXN10-01016,10,2026-05-30 08:45:04,2802.0,Food,100011,Card,DEV-10-1,iPhone,Hyderabad,8,5,1,23.88,11,5020.07,5097.78,18,367,164,0,0,0,1266.53,0,
TXN10-01017,10,2026-05-30 08:50:00,10000.0,Airlines,100026,Card,DEV-10-4,Android,Hyderabad,8,5,1,4.93,12,5019.73,5097.92,17,104,165,0,0,0,0.0,0,
TXN10-01018,10,2026-05-30 10:11:55,3111.89,Taxi,100001,UPI,DEV-10-9,Android,Bangalore,10,5,1,81.92,13,5044.47,5124.76,110,13,143,0,0,0,499.99,0,
TXN10-01019,10,2026-05-30 10:20:40,2336.07,Airlines,100027,Card,DEV-10-8,Web,Hyderabad,10,5,1,8.75,14,5039.81,5119.45,12,9,166,0,0,0,499.99,0,
TXN10-01020,10,2026-05-30 10:26:28,3131.7,Taxi,100001,Card,DEV-10-10,iPhone,Hyderabad,10,5,1,5.8,15,5029.35,5120.54,111,10,167,0,0,0,0.0,0,
TXN10-01021,10,2026-05-30 10:59:21,6956.24,Food,100002,Card,DEV-10-2,iPhone,Mumbai,10,5,1,32.88,16,5037.0,5134.99,84,229,227,0,0,0,621.46,0,
TXN10-01022,10,2026-05-30 11:01:20,7978.62,Food,100011,Card,DEV-10-3,Android,Chennai,11,5,1,1.98,17,5041.65,5129.62,19,163,131,0,0,0,1033.1,0,
TXN10-01023,10,2026-05-30 11:31:29,1495.35,Hotels,100020,UPI,DEV-10-5,iPhone,Bangalore,11,5,1,30.15,18,5051.89,5131.26,13,43,144,0,0,0,290.17,0,
TXN10-01024,10,2026-05-30 11:36:49,7670.23,Taxi,100048,Card,DEV-10-3,Android,Bangalore,11,5,1,5.33,19,5051.58,5131.47,3,164,145,0,0,0,0.0,0,
TXN10-01025,10,2026-05-30 12:07:46,3220.94,Food,100016,UPI,DEV-10-1,iPhone,Bangalore,12,5,1,30.95,20,5057.92,5126.87,12,368,146,0,0,0,0.0,0,
TXN10-01026,10,2026-05-30 12:10:05,3049.69,Hotels,100020,UPI,DEV-10-3,Android,Mumbai,12,5,1,2.32,21,5053.49,5121.47,14,165,228,0,0,0,845.32,0,
TXN10-01027,10,2026-05-30 12:31:20,7174.65,Food,100019,Card,DEV-10-5,iPhone,Chennai,12,5,1,21.25,22,5063.68,5131.45,10,44,132,0,0,0,1033.1,0,
TXN10-01028,10,2026-05-30 13:06:16,1605.29,Hotels,100005,Card,DEV-10-3,Android,Delhi,13,5,1,34.93,23,5068.79,5126.28,86,166,190,0,0,0,1767.65,0,
TXN10-01029,10,2026-05-30 13:10:32,2515.92,Food,100004,Card,DEV-10-5,iPhone,Goa,13,5,1,4.27,24,5060.42,5122.91,26,45,150,0,0,0,1521.64,0,
TXN10-01030,10,2026-05-30 13:28:48,3622.9,Taxi,100006,UPI,DEV-10-3,Android,Bangalore,13,5,1,18.27,25,5042.57,5125.27,52,167,147,0,0,0,454.99,0,
TXN10-01031,10,2026-05-30 13:36:55,8098.8,Hotels,100005,Card,DEV-10-7,Web,Hyderabad,13,5,1,8.12,26,5039.14,5119.55,87,28,168,0,0,0,499.99,0,
TXN10-01032,10,2026-05-30 13:39:59,3104.57,Food,100002,Card,DEV-10-6,iPhone,Delhi,13,5,1,3.07,27,5046.51,5115.58,85,31,191,0,0,0,1266.53,0,
TXN10-01033,10,2026-05-30 14:06:04,3381.2,Airlines,100013,Card,DEV-10-3,Android,Goa,14,5,1,26.08,28,5047.29,5115.26,27,168,151,0,0,0,1521.64,0,
TXN10-01034,10,2026-05-30 14:35:33,3436.57,Airlines,100036,UPI,DEV-10-4,Android,Mumbai,14,5,1,29.48,29,5043.29,5109.76,9,105,229,0,0,0,440.32,0,
TXN10-01035,10,2026-05-30 14:40:41,7032.2,Food,100008,UPI,DEV-10-1,iPhone,Hyderabad,14,5,1,5.13,30,5039.44,5104.23,21,369,169,0,0,0,621.46,0,
TXN10-01036,10,2026-05-30 14:44:49,1574.36,Food,100003,Card,DEV-10-1,iPhone,Mumbai,14,5,1,4.13,31,5044.2,5099.05,55,370,230,0,0,0,621.46,0,
TXN10-01037,10,2026-05-30 15:33:31,2917.98,Airlines,100027,UPI,DEV-10-2,iPhone,Goa,15,5,1,48.7,32,5037.4,5106.11,13,230,152,0,0,0,440.32,0,
TXN10-01038,10,2026-05-30 15:54:40,7907.92,Food,100003,UPI,DEV-10-7,Web,Delhi,15,5,1,21.15,33,5032.31,5101.04,56,29,192,0,0,0,1521.64,0,
TXN10-01039,10,2026-05-30 16:16:43,4211.66,Taxi,100001,Card,DEV-10-1,iPhone,Chennai,16,5,1,22.05,34,5039.19,5096.87,112,371,133,0,0,0,1767.65,0,
TXN10-01040,10,2026-05-30 17:00:32,5685.57,Hotels,100033,Card,DEV-10-3,Android,Delhi,17,5,1,43.82,35,5025.35,5091.23,10,169,193,0,0,0,1767.65,0,
TXN10-01041,10,2026-05-30 17:16:30,6613.31,Hotels,100020,Card,DEV-10-5,iPhone,Bangalore,17,5,1,15.97,36,5026.92,5085.26,15,46,148,0,0,0,1750.11,0,
TXN10-01042,10,2026-05-30 17:18:57,5286.8,Taxi,100006,Card,DEV-10-1,iPhone,Delhi,17,5,1,2.45,37,5030.7,5079.79,53,372,194,0,0,0,1750.11,0,
TXN10-01043,10,2026-05-30 17:50:41,3754.77,Food,100008,Card,DEV-10-4,Android,Delhi,17,5,1,31.73,38,5031.31,5073.77,22,106,195,0,0,0,0.0,0,
TXN10-01044,10,2026-05-30 17:56:51,6618.32,Taxi,100024,Card,DEV-10-1,iPhone,Delhi,17,5,1,6.17,39,5028.28,5068.13,16,373,196,0,0,0,0.0,0,
TXN10-01045,10,2026-05-30 18:46:41,1588.09,Food,100028,Card,DEV-10-5,iPhone,Mumbai,18,5,1,49.83,40,5032.04,5062.73,9,47,231,0,0,0,1153.24,0,
TXN10-01046,10,2026-05-30 19:05:38,5118.33,Taxi,100032,Card,DEV-10-1,iPhone,Bangalore,19,5,1,18.95,41,5025.76,5065.35,9,374,149,0,0,0,845.32,0,
TXN10-01047,10,2026-05-30 19:07:57,8271.76,Taxi,100001,UPI,DEV-10-2,iPhone,Hyderabad,19,5,1,2.32,42,5025.98,5059.37,113,231,170,0,0,0,499.99,0,
TXN10-01048,10,2026-05-30 19:10:17,1431.19,Hotels,100010,Card,DEV-10-1,iPhone,Goa,19,5,1,2.33,43,5033.61,5055.86,54,375,153,0,0,0,520.05,0,
TXN10-01049,10,2026-05-30 19:20:18,3617.3,Hotels,100010,UPI,DEV-10-7,Web,Hyderabad,19,5,1,10.02,44,5031.26,5057.31,55,30,171,0,0,0,520.05,0,
TXN10-01050,10,2026-05-30 19:31:51,5531.25,Taxi,100021,Card,DEV-10-1,iPhone,Hyderabad,19,5,1,11.55,45,5031.95,5057.09,31,376,172,0,0,0,0.0,0,
TXN10-01051,10,2026-05-30 19:50:25,10000.0,Food,100039,UPI,DEV-10-3,Android,Bangalore,19,5,1,18.57,46,5033.12,5051.21,6,170,150,0,0,0,499.99,0,
TXN10-01052,10,2026-05-30 19:51:25,4931.31,Airlines,100013,Card,DEV-10-1,iPhone,Chennai,19,5,1,1.0,47,5044.76,5051.0,28,377,134,0,0,0,290.17,0,
TXN10-01053,10,2026-05-30 19:55:03,7932.72,Hotels,100012,Card,DEV-10-1,iPhone,Delhi,19,5,1,3.63,48,5050.3,5049.57,34,378,197,0,0,0,1767.65,0,
TXN10-01054,10,2026-05-30 20:17:54,3364.42,Taxi,100001,Card,DEV-10-4,Android,Delhi,20,5,1,22.85,49,5057.04,5045.59,114,107,198,0,0,0,0.0,0,
TXN10-01055,10,2026-05-30 21:12:06,3856.99,Taxi,100001,Card,DEV-10-3,Android,Bangalore,21,5,1,54.2,50,5059.25,5044.64,115,171,151,0,0,0,1750.11,0,
TXN10-01056,10,2026-05-30 21:15:59,10000.0,Food,100003,UPI,DEV-10-11,Web,Bangalore,21,5,1,3.88,51,5056.45,5039.09,57,5,152,0,0,0,0.0,0,
TXN10-01057,10,2026-05-30 21:28:38,8521.4,Taxi,100043,UPI,DEV-10-1,iPhone,Hyderabad,21,5,1,12.65,52,5067.95,5038.86,2,379,173,0,0,0,499.99,0,
TXN10-01058,10,2026-05-30 21:32:09,4953.57,Hotels,100033,Card,DEV-10-4,Android,Bangalore,21,5,1,3.52,53,5075.96,5035.75,11,108,153,0,0,0,499.99,0,
TXN10-01059,10,2026-05-30 21:42:56,5471.94,Airlines,100009,UPI,DEV-10-2,iPhone,Delhi,21,5,1,10.78,54,5082.75,5033.61,42,232,199,0,0,0,1750.11,0,
TXN10-01060,10,2026-05-30 22:12:34,1267.7,Hotels,100010,UPI,DEV-10-3,Android,Delhi,22,5,1,29.63,55,5088.63,5032.58,56,172,200,0,0,0,0.0,0,
TXN10-01061,10,2026-05-30 22:15:08,3528.89,Taxi,100048,Card,DEV-10-2,iPhone,Bangalore,22,5,1,2.57,56,5079.78,5030.1,4,233,154,0,0,0,1750.11,0,
TXN10-01062,10,2026-05-30 22:18:18,7949.61,Taxi,100032,Card,DEV-10-3,Android,Hyderabad,22,5,1,3.17,57,5076.2,5024.84,10,173,174,0,0,0,499.99,0,
TXN10-01063,10,2026-05-30 22:22:51,5326.5,Taxi,100032,UPI,DEV-10-7,Web,Delhi,22,5,1,4.55,58,5082.82,5020.94,11,31,201,0,0,0,1266.53,0,
TXN10-01064,10,2026-05-30 22:23:32,2661.72,Food,100002,Card,DEV-10-1,iPhone,Hyderabad,22,5,1,0.68,59,5083.38,5015.18,86,380,175,0,0,0,1266.53,0,
TXN10-01065,10,2026-05-30 22:24:33,10000.0,Airlines,100007,Card,DEV-10-3,Android,Mumbai,22,5,1,1.02,60,5077.83,5010.77,80,174,232,0,0,0,621.46,0,
TXN10-01066,10,2026-05-30 23:14:08,1178.97,Taxi,100006,Card,DEV-10-1,iPhone,Chennai,23,5,1,49.58,61,5076.52,5026.39,54,381,135,0,0,0,1033.1,0,
TXN10-01067,10,2026-05-30 23:19:33,2446.63,Taxi,100001,Card,DEV-10-2,iPhone,Delhi,23,5,1,5.42,62,5067.54,5024.07,116,234,202,0,0,0,1767.65,0,
TXN10-01068,10,2026-05-30 23:54:15,2086.77,Taxi,100001,Card,DEV-10-3,Android,Goa,23,5,1,34.7,63,5063.46,5030.71,117,175,154,0,0,0,1521.64,0,
TXN10-01069,10,2026-05-31 05:26:51,2483.07,Food,100003,Card,DEV-10-13,Web,Hyderabad,5,6,1,332.6,1,5064.33,5038.62,58,3,176,0,0,0,520.05,0,
TXN10-01070,10,2026-05-31 05:36:10,2941.02,Taxi,100022,Card,DEV-10-6,iPhone,Delhi,5,6,1,9.32,2,5062.49,5039.42,19,32,203,0,0,0,1266.53,0,
TXN10-01071,10,2026-05-31 06:05:09,5544.58,Taxi,100024,Card,DEV-10-4,Android,Bangalore,6,6,1,28.98,3,5059.73,5040.25,17,109,155,0,0,0,1750.11,0,
TXN10-01072,10,2026-05-31 06:08:32,2001.51,Food,100044,UPI,DEV-10-1,iPhone,Chennai,6,6,1,3.38,4,5060.86,5034.46,3,382,136,0,0,0,290.17,0,
TXN10-01073,10,2026-05-31 06:39:36,2554.39,Airlines,100029,Card,DEV-10-1,iPhone,Hyderabad,6,6,1,31.07,5,5053.77,5030.78,13,383,177,0,0,0,515.24,0,
TXN10-01074,10,2026-05-31 07:25:16,2660.35,Airlines,100007,UPI,DEV-10-1,iPhone,Chennai,7,6,1,45.67,6,5045.49,5050.99,81,384,137,0,0,0,515.24,0,
TXN10-01075,10,2026-05-31 07:46:29,2874.09,Taxi,100001,UPI,DEV-10-1,iPhone,Bangalore,7,6,1,21.22,7,5051.9,5054.98,118,385,156,0,0,0,290.17,0,
TXN10-01076,10,2026-05-31 08:38:59,2241.39,Airlines,100026,UPI,DEV-10-1,iPhone,Mumbai,8,6,1,52.5,8,5056.01,5060.1,18,386,233,0,0,0,845.32,0,
TXN10-01077,10,2026-05-31 08:43:14,3101.33,Hotels,100005,Card,DEV-10-1,iPhone,Delhi,8,6,1,4.25,9,5049.42,5056.01,88,387,204,0,0,0,1153.24,0,
TXN10-01078,10,2026-05-31 09:04:46,6962.99,Taxi,100001,UPI,DEV-10-6,iPhone,Hyderabad,9,6,1,21.53,10,5054.67,5060.77,119,33,178,0,0,0,1266.53,0,
TXN10-01079,10,2026-05-31 09:52:23,7194.76,Food,100004,Card,DEV-10-2,iPhone,Mumbai,9,6,1,47.62,11,5059.14,5055.69,27,235,234,0,0,0,621.46,0,
TXN10-01080,10,2026-05-31 11:06:44,4098.93,Hotels,100010,Card,DEV-10-7,Web,Hyderabad,11,6,1,74.35,12,5080.23,5071.34,57,32,179,0,0,0,621.46,0,
TXN10-01081,10,2026-05-31 11:42:56,5972.69,Taxi,100001,UPI,DEV-10-1,iPhone,Bangalore,11,6,1,36.2,13,5065.77,5076.62,120,388,157,0,0,0,499.99,0,
TXN10-01082,10,2026-05-31 12:00:46,10000.0,Hotels,100005,UPI,DEV-10-4,Android,Goa,12,6,1,17.83,14,5085.26,5088.92,89,110,155,0,0,0,454.99,0,
TXN10-01083,10,2026-05-31 12:32:08,4029.35,Airlines,100027,UPI,DEV-10-6,iPhone,Bangalore,12,6,1,31.37,15,5105.44,5091.6,14,34,158,0,0,0,454.99,0,
TXN10-01084,10,2026-05-31 12:47:24,1785.89,Hotels,100005,Card,DEV-10-2,iPhone,Chennai,12,6,1,15.27,16,5102.88,5085.81,90,236,138,0,0,0,290.17,0,
TXN10-01085,10,2026-05-31 12:48:53,5897.42,Food,100002,UPI,DEV-10-1,iPhone,Goa,12,6,1,1.48,17,5095.0,5082.33,87,389,156,0,0,0,706.92,0,
TXN10-01086,10,2026-05-31 12:55:03,2526.47,Hotels,100005,Card,DEV-10-1,iPhone,Mumbai,12,6,1,6.17,18,5096.9,5076.45,91,390,235,0,0,0,440.32,0,
TXN10-01087,10,2026-05-31 13:07:58,2758.65,Food,100008,Card,DEV-10-2,iPhone,Bangalore,13,6,1,12.92,19,5086.05,5076.42,23,237,159,0,0,0,845.32,0,
TXN10-01088,10,2026-05-31 13:31:30,5298.37,Taxi,100021,Card,DEV-10-1,iPhone,Bangalore,13,6,1,23.53,20,5062.33,5076.27,32,391,160,0,0,0,0.0,0,
TXN10-01089,10,2026-05-31 13:46:59,8760.43,Hotels,100010,Card,DEV-10-6,iPhone,Bangalore,13,6,1,15.48,21,5062.89,5070.25,58,35,161,0,0,0,0.0,0,
TXN10-01090,10,2026-05-31 13:49:15,1575.87,Food,100002,Card,DEV-10-7,Web,Bangalore,13,6,1,2.27,22,5071.65,5067.43,88,33,162,0,0,0,0.0,0,
TXN10-01091,10,2026-05-31 14:00:38,1895.19,Taxi,100006,Card,DEV-10-1,iPhone,Mumbai,14,6,1,11.38,23,5063.39,5064.29,55,392,236,0,0,0,845.32,0,
TXN10-01092,10,2026-05-31 15:14:34,9838.67,Airlines,100027,Card,DEV-10-5,iPhone,Mumbai,15,6,1,73.93,24,5064.09,5075.04,15,48,237,0,0,0,0.0,0,
TXN10-01093,10,2026-05-31 15:31:26,3415.48,Airlines,100007,Card,DEV-10-1,iPhone,Bangalore,15,6,1,16.87,25,5066.7,5083.41,82,393,163,0,0,0,845.32,0,
TXN10-01094,10,2026-05-31 16:02:16,1480.71,Airlines,100007,Card,DEV-10-6,iPhone,Delhi,16,6,1,30.83,26,5052.56,5099.95,83,36,205,0,0,0,1750.11,0,
TXN10-01095,10,2026-05-31 17:18:23,2093.46,Food,100034,Card,DEV-10-2,iPhone,Delhi,17,6,1,76.12,27,5033.77,5105.88,11,238,206,0,0,0,0.0,0,
TXN10-01096,10,2026-05-31 17:56:52,4933.22,Hotels,100025,UPI,DEV-10-8,Web,Delhi,17,6,1,38.48,28,5034.19,5112.69,15,10,207,0,0,0,0.0,0,
TXN10-01097,10,2026-05-31 18:30:36,5250.0,Airlines,100001,Card,DEV-UNK-2326,iPhone,Mumbai,18,6,1,33.73,29,5012.93,5112.98,121,1,238,1,0,0,1153.24,1,unknown_device
TXN10-01098,10,2026-05-31 18:40:01,5071.0,Hotels,100010,Card,DEV-10-2,iPhone,Bangalore,18,6,1,9.42,30,5013.5,5106.81,59,239,164,0,0,0,845.32,0,
TXN10-01099,10,2026-05-31 19:33:17,3878.74,Taxi,100040,Card,DEV-10-4,Android,Bangalore,19,6,1,53.27,31,5007.54,5136.05,6,111,165,0,0,0,0.0,0,
TXN10-01100,10,2026-05-31 19:35:38,1477.26,Food,100003,Card,DEV-10-4,Android,Hyderabad,19,6,1,2.35,32,5004.78,5130.07,59,112,180,0,0,0,499.99,0,
TXN10-01101,10,2026-05-31 20:12:01,3038.86,Hotels,100017,UPI,DEV-10-1,iPhone,Mumbai,20,6,1,36.38,33,4979.22,5143.14,16,394,239,0,0,0,621.46,0,
TXN10-01102,10,2026-05-31 20:32:00,5968.56,Food,100028,Card,DEV-10-15,iPhone,Mumbai,20,6,1,19.98,34,4974.44,5137.7,10,1,240,1,0,0,0.0,0,
TXN10-01103,10,2026-05-31 21:25:07,6440.23,Hotels,100017,Card,DEV-10-2,iPhone,Chennai,21,6,1,53.12,35,4981.37,5140.96,17,240,139,0,0,0,1033.1,0,
TXN10-01104,10,2026-05-31 21:43:41,6843.53,Hotels,100012,Card,DEV-10-1,iPhone,Goa,21,6,1,18.57,36,5009.23,5154.08,35,395,157,0,0,0,706.92,0,
TXN10-01105,10,2026-05-31 22:19:56,3312.99,Food,100002,Card,DEV-10-1,iPhone,Delhi,22,6,1,36.25,37,5005.59,5159.17,89,396,208,0,0,0,1521.64,0,
TXN10-01106,10,2026-05-31 22:26:46,1241.81,Food,100004,Card,DEV-10-1,iPhone,Chennai,22,6,1,6.83,38,5001.37,5153.43,28,397,140,0,0,0,1767.65,0,
TXN10-01107,10,2026-05-31 22:45:15,2105.31,Hotels,100035,UPI,DEV-10-3,Android,Hyderabad,22,6,1,18.48,39,5003.37,5160.65,6,176,181,0,0,0,515.24,0,
TXN10-01108,10,2026-05-31 22:46:46,2142.4,Airlines,100013,Card,DEV-10-1,iPhone,Delhi,22,6,1,1.52,40,4998.72,5162.42,29,398,209,0,0,0,1266.53,0,
TXN10-01109,10,2026-05-31 22:47:03,2630.98,Taxi,100021,Card,DEV-10-2,iPhone,Mumbai,22,6,1,0.28,41,4991.61,5157.95,33,241,241,0,0,0,1153.24,0,
TXN10-01110,10,2026-06-01 02:34:31,11267.55,Taxi,100100,UPI,DEV-10-6,iPhone,Hyderabad,2,0,0,227.47,1,4984.59,5159.24,1,37,182,0,0,1,621.46,1,ato_odd_hour_higher_amount
TXN10-01111,10,2026-06-01 05:19:44,1960.03,Food,100002,Card,DEV-10-8,Web,Mumbai,5,0,0,165.22,2,4895.54,4658.17,90,11,242,0,0,0,621.46,0,
TXN10-01112,10,2026-06-01 06:53:51,5614.69,Taxi,100043,Card,DEV-10-1,iPhone,Delhi,6,0,0,94.12,3,4896.77,4664.23,3,399,210,0,0,0,1153.24,0,
TXN10-01113,10,2026-06-01 07:18:59,3724.83,Hotels,100010,Card,DEV-10-2,iPhone,Chennai,7,0,0,25.13,4,4901.38,4666.25,60,242,141,0,0,0,1767.65,0,
TXN10-01114,10,2026-06-01 07:29:47,4319.83,Airlines,100007,UPI,DEV-10-1,iPhone,Mumbai,7,0,0,10.8,5,4903.63,4665.46,84,400,243,0,0,0,1033.1,0,
TXN10-01115,10,2026-06-01 07:39:32,5653.77,Airlines,100007,Card,DEV-10-9,Android,Goa,7,0,0,9.75,6,4924.6,4669.45,85,14,158,0,0,0,440.32,0,
TXN10-01116,10,2026-06-01 07:48:10,6320.85,Food,100002,Card,DEV-10-16,iPhone,Delhi,7,0,0,8.63,7,4926.43,4663.72,91,1,211,1,0,0,1521.64,0,
TXN10-01117,10,2026-06-01 07:56:59,2733.48,Hotels,100005,Card,DEV-10-2,iPhone,Chennai,7,0,0,8.82,8,4930.04,4664.24,92,243,142,0,0,0,1767.65,0,
TXN10-01118,10,2026-06-01 08:37:44,1479.26,Hotels,100012,UPI,DEV-10-1,iPhone,Goa,8,0,0,40.75,9,4930.84,4663.84,36,401,159,0,0,0,706.92,0,
TXN10-01119,10,2026-06-01 08:54:44,2874.96,Airlines,100045,UPI,DEV-10-2,iPhone,Mumbai,8,0,0,17.0,10,4922.05,4672.34,4,244,244,0,0,0,440.32,0,
TXN10-01120,10,2026-06-01 09:02:29,7313.1,Hotels,100020,Card,DEV-10-1,iPhone,Mumbai,9,0,0,7.75,11,4916.91,4667.6,16,402,245,0,0,0,0.0,0,
TXN10-01121,10,2026-06-01 09:16:21,4931.11,Taxi,100001,Card,DEV-10-3,Android,Bangalore,9,0,0,13.87,12,4937.76,4670.26,122,177,166,0,0,0,845.32,0,
TXN10-01122,10,2026-06-01 09:34:43,10000.0,Hotels,100035,Card,DEV-10-4,Android,Chennai,9,0,0,18.37,13,4935.19,4675.76,7,113,143,0,0,0,290.17,0,
TXN10-01123,10,2026-06-01 09:57:31,4056.59,Taxi,100021,Card,DEV-10-4,Android,Goa,9,0,0,22.8,14,4955.83,4680.03,34,114,160,0,0,0,706.92,0,
TXN10-01124,10,2026-06-01 09:58:30,4531.26,Food,100051,UPI,DEV-10-6,iPhone,Chennai,9,0,0,0.98,15,4953.56,4674.35,1,38,144,0,0,1,706.92,0,
TXN10-01125,10,2026-06-01 10:32:44,5757.85,Food,100008,UPI,DEV-10-3,Android,Hyderabad,10,0,0,34.23,16,4949.26,4677.41,24,178,183,0,0,0,515.24,0,
TXN10-01126,10,2026-06-01 10:49:29,2232.77,Hotels,100010,Card,DEV-10-9,Android,Delhi,10,0,0,16.75,17,4961.57,4679.3,61,15,212,0,0,0,1266.53,0,
TXN10-01127,10,2026-06-01 11:03:53,8892.49,Taxi,100001,Card,DEV-10-1,iPhone,Hyderabad,11,0,0,14.4,18,4974.11,4679.29,123,403,184,0,0,0,1266.53,0,
TXN10-01128,10,2026-06-01 12:00:08,6822.88,Food,100018,UPI,DEV-10-1,iPhone,Mumbai,12,0,0,56.25,19,4973.6,4687.12,10,404,246,0,0,0,621.46,0,
TXN10-01129,10,2026-06-01 12:39:34,1906.21,Taxi,100032,Card,DEV-10-1,iPhone,Delhi,12,0,0,39.43,20,4978.3,4682.08,12,405,213,0,0,0,1153.24,0,
TXN10-01130,10,2026-06-01 13:02:36,2091.03,Taxi,100001,Card,DEV-10-3,Android,Chennai,13,0,0,23.03,21,4977.22,4689.58,124,179,145,0,0,0,1767.65,0,
TXN10-01131,10,2026-06-01 13:03:41,6745.21,Airlines,100013,Card,DEV-10-8,Web,Pune,13,0,0,1.08,22,4969.88,4685.87,30,12,1,0,1,0,914.36,0,
TXN10-01132,10,2026-06-01 13:08:34,3483.8,Taxi,100006,Card,DEV-10-6,iPhone,Bangalore,13,0,0,4.88,23,4970.29,4686.02,56,39,167,0,0,0,735.23,0,
TXN10-01133,10,2026-06-01 13:43:19,4481.19,Hotels,100052,Card,DEV-10-4,Android,Bangalore,13,0,0,34.75,24,4977.01,4681.99,1,115,168,0,0,1,0.0,0,
TXN10-01134,10,2026-06-01 14:07:03,2069.75,Taxi,100006,UPI,DEV-10-1,iPhone,Bangalore,14,0,0,23.73,25,4983.79,4679.33,57,406,169,0,0,0,0.0,0,
TXN10-01135,10,2026-06-01 14:28:03,6776.54,Taxi,100001,Card,DEV-10-2,iPhone,Mumbai,14,0,0,21.0,26,4977.57,4681.58,125,245,247,0,0,0,845.32,0,
TXN10-01136,10,2026-06-01 14:30:20,4466.49,Hotels,100012,UPI,DEV-10-1,iPhone,Bangalore,14,0,0,2.28,27,4982.13,4676.51,37,407,170,0,0,0,845.32,0,
TXN10-01137,10,2026-06-01 16:04:16,5006.63,Food,100044,Card,DEV-10-9,Android,Mumbai,16,0,0,93.93,28,4960.09,4683.57,4,16,248,0,0,0,845.32,0,
TXN10-01138,10,2026-06-01 16:18:04,5909.92,Airlines,100036,UPI,DEV-10-2,iPhone,Hyderabad,16,0,0,13.8,29,4958.66,4683.47,10,246,185,0,0,0,621.46,0,
TXN10-01139,10,2026-06-01 16:33:16,2092.87,Airlines,100007,Card,DEV-10-1,iPhone,Goa,16,0,0,15.2,30,4970.81,4679.77,86,408,161,0,0,0,520.05,0,
TXN10-01140,10,2026-06-01 16:53:58,1401.4,Food,100011,Card,DEV-10-1,iPhone,Chennai,16,0,0,20.7,31,4959.35,4681.33,20,409,146,0,0,0,706.92,0,
TXN10-01141,10,2026-06-01 17:45:18,2899.06,Taxi,100001,Card,DEV-10-1,iPhone,Mumbai,17,0,0,51.33,32,4938.99,4707.32,126,410,249,0,0,0,1033.1,0,
TXN10-01142,10,2026-06-01 18:12:24,8978.66,Airlines,100007,Card,DEV-10-6,iPhone,Delhi,18,0,0,27.1,33,4943.26,4709.86,87,40,214,0,0,0,1153.24,0,
TXN10-01143,10,2026-06-01 18:23:10,3703.95,Airlines,100027,Card,DEV-10-1,iPhone,Hyderabad,18,0,0,10.77,34,4956.77,4718.32,16,411,186,0,0,0,1266.53,0,
TXN10-01144,10,2026-06-01 18:33:49,2813.85,Taxi,100006,UPI,DEV-10-1,iPhone,Bangalore,18,0,0,10.65,35,4953.51,4712.6,58,412,171,0,0,0,499.99,0,
TXN10-01145,10,2026-06-01 19:02:08,5800.69,Airlines,100007,Card,DEV-10-6,iPhone,Mumbai,19,0,0,28.32,36,4927.14,4719.19,88,41,250,0,0,0,845.32,0,
TXN10-01146,10,2026-06-01 19:36:48,6158.69,Food,100002,UPI,DEV-10-1,iPhone,Bangalore,19,0,0,34.67,37,4924.26,4724.79,92,413,172,0,0,0,845.32,0,
TXN10-01147,10,2026-06-01 19:45:55,7242.95,Food,100004,Card,DEV-10-5,iPhone,Mumbai,19,0,0,9.12,38,4927.5,4719.01,29,49,251,0,0,0,845.32,0,
TXN10-01148,10,2026-06-01 20:20:14,5428.56,Hotels,100012,UPI,DEV-10-1,iPhone,Delhi,20,0,0,34.32,39,4935.24,4729.32,38,414,215,0,0,0,1153.24,0,
TXN10-01149,10,2026-06-01 20:26:58,1793.41,Airlines,100007,Card,DEV-10-4,Android,Goa,20,0,0,6.73,40,4933.06,4728.9,89,116,162,0,0,0,1521.64,0,
TXN10-01150,10,2026-06-01 20:34:46,1833.58,Taxi,100001,Card,DEV-10-1,iPhone,Delhi,20,0,0,7.8,41,4926.39,4731.54,127,415,216,0,0,0,1521.64,0,
TXN10-01151,10,2026-06-01 20:52:45,3220.72,Hotels,100052,UPI,DEV-10-1,iPhone,Bangalore,20,0,0,17.98,42,4918.25,4727.97,2,416,173,0,0,0,1750.11,0,
TXN10-01152,10,2026-06-01 21:13:22,8879.79,Food,100050,Card,DEV-10-8,Web,Goa,21,0,0,20.62,43,4921.12,4726.61,2,13,163,0,0,0,454.99,0,
TXN10-01153,10,2026-06-01 21:29:10,2768.18,Hotels,100005,Card,DEV-10-2,iPhone,Chennai,21,0,0,15.8,44,4931.51,4724.75,93,247,147,0,0,0,706.92,0,
TXN10-01154,10,2026-06-01 21:29:43,1530.35,Taxi,100031,Card,DEV-10-6,iPhone,Bangalore,21,0,0,0.55,45,4925.85,4719.85,7,42,174,0,0,0,290.17,0,
TXN10-01155,10,2026-06-01 21:34:32,3312.76,Hotels,100017,Card,DEV-10-1,iPhone,Bangalore,21,0,0,4.82,46,4916.98,4716.87,18,417,175,0,0,0,0.0,0,
TXN10-01156,10,2026-06-01 21:41:13,3350.14,Hotels,100010,UPI,DEV-10-5,iPhone,Mumbai,21,0,0,6.68,47,4912.8,4711.44,62,50,252,0,0,0,845.32,0,
TXN10-01157,10,2026-06-01 21:44:10,2124.38,Airlines,100027,Card,DEV-10-3,Android,Chennai,21,0,0,2.95,48,4908.74,4705.99,17,180,148,0,0,0,1033.1,0,
TXN10-01158,10,2026-06-01 22:22:35,1189.04,Airlines,100007,UPI,DEV-10-2,iPhone,Chennai,22,0,0,38.42,49,4903.29,4708.99,90,248,149,0,0,0,0.0,0,
TXN10-01159,10,2026-06-01 22:49:02,1522.45,Food,100018,Card,DEV-10-1,iPhone,Hyderabad,22,0,0,26.45,50,4882.62,4707.83,11,418,187,0,0,0,515.24,0,
TXN10-01160,10,2026-06-01 23:38:53,3476.49,Hotels,100041,UPI,DEV-10-1,iPhone,Delhi,23,0,0,49.85,51,4888.82,4723.72,6,419,217,0,0,0,1266.53,0,
TXN10-01161,10,2026-06-02 00:35:14,50000.0,Luxury Goods,100001,Card,DEV-10-1,iPhone,Mumbai,0,1,0,56.35,1,4891.96,4722.38,128,420,253,0,0,0,1153.24,1,large_luxury_purchase
TXN10-01162,10,2026-06-02 01:46:00,3770.06,Airlines,100009,UPI,DEV-10-2,iPhone,Bangalore,1,1,0,70.77,2,5000.47,5252.84,43,249,176,0,0,0,845.32,1,ato_odd_hour
TXN10-01163,10,2026-06-02 05:17:13,2516.22,Hotels,100017,Card,DEV-10-2,iPhone,Goa,5,1,0,211.22,3,4996.17,5258.19,19,250,164,0,0,0,454.99,0,
TXN10-01164,10,2026-06-02 05:36:20,1692.45,Airlines,100007,Card,DEV-10-5,iPhone,Bangalore,5,1,0,19.12,4,4991.36,5259.62,91,51,177,0,0,0,454.99,0,
TXN10-01165,10,2026-06-02 06:09:40,8867.24,Taxi,100001,UPI,DEV-10-2,iPhone,Mumbai,6,1,0,33.33,5,4996.92,5265.61,129,251,254,0,0,0,845.32,0,
TXN10-01166,10,2026-06-02 06:38:33,4538.92,Hotels,100035,Card,DEV-10-16,iPhone,Mumbai,6,1,0,28.88,6,4988.29,5268.9,8,2,255,0,0,0,0.0,0,
TXN10-01167,10,2026-06-02 06:39:00,3498.24,Food,100037,Card,DEV-10-1,iPhone,Bangalore,6,1,0,0.45,7,4987.1,5262.0,6,421,178,0,0,0,845.32,0,
TXN10-01168,10,2026-06-02 06:41:38,6142.37,Airlines,100007,Card,DEV-10-1,iPhone,Bangalore,6,1,0,2.63,8,4983.18,5255.62,92,422,179,0,0,0,0.0,0,
TXN10-01169,10,2026-06-02 06:44:33,5250.0,Airlines,100001,Card,DEV-UNK-7488,iPhone,Mumbai,6,1,0,2.92,9,4986.22,5249.06,130,1,256,1,0,0,845.32,1,unknown_device
TXN10-01170,10,2026-06-02 06:54:04,895.48,Food,100011,UPI,DEV-10-2,iPhone,Goa,6,1,0,9.52,10,4986.92,5242.2,21,252,165,0,0,0,440.32,0,
TXN10-01171,10,2026-06-02 07:18:45,3340.94,Taxi,100043,Card,DEV-10-1,iPhone,Chennai,7,1,0,24.68,11,4963.08,5240.05,4,423,150,0,0,0,706.92,0,
TXN10-01172,10,2026-06-02 07:47:29,3516.49,Taxi,100031,Card,DEV-10-2,iPhone,Hyderabad,7,1,0,28.73,12,4949.61,5245.98,8,253,188,0,0,0,515.24,0,
TXN10-01173,10,2026-06-02 08:16:47,4082.3,Hotels,100012,UPI,DEV-10-1,iPhone,Delhi,8,1,0,29.3,13,4947.91,5246.34,39,424,218,0,0,0,1266.53,0,
TXN10-01174,10,2026-06-02 08:22:27,4472.82,Taxi,100031,UPI,DEV-10-3,Android,Hyderabad,8,1,0,5.67,14,4948.72,5246.18,9,181,189,0,0,0,1266.53,0,
TXN10-01175,10,2026-06-02 08:39:48,994.98,Airlines,100026,UPI,DEV-10-2,iPhone,Mumbai,8,1,0,17.35,15,4949.63,5259.82,19,254,257,0,0,0,621.46,0,
TXN10-01176,10,2026-06-02 08:54:34,4052.31,Food,100003,Card,DEV-10-5,iPhone,Hyderabad,8,1,0,14.77,16,4925.87,5257.3,60,52,190,0,0,0,621.46,0,
TXN10-01177,10,2026-06-02 09:02:51,4556.13,Taxi,100001,Card,DEV-10-1,iPhone,Goa,9,1,0,8.28,17,4928.77,5256.51,131,425,166,0,0,0,520.05,0,
TXN10-01178,10,2026-06-02 10:00:47,3569.5,Food,100004,Card,DEV-10-6,iPhone,Hyderabad,10,1,0,57.93,18,4930.13,5256.34,30,43,191,0,0,0,520.05,0,
TXN10-01179,10,2026-06-02 10:03:18,6710.48,Airlines,100007,UPI,DEV-10-1,iPhone,Delhi,10,1,0,2.52,19,4926.55,5249.89,93,426,219,0,0,0,1266.53,0,
TXN10-01180,10,2026-06-02 10:14:14,7134.41,Food,100002,Card,DEV-10-8,Web,Mumbai,10,1,0,10.93,20,4932.23,5250.65,93,14,258,0,0,0,1153.24,0,
TXN10-01181,10,2026-06-02 10:16:26,6902.56,Food,100028,UPI,DEV-10-2,iPhone,Mumbai,10,1,0,2.2,21,4938.01,5244.96,11,255,259,0,0,0,0.0,0,
TXN10-01182,10,2026-06-02 10:35:14,3744.2,Food,100004,UPI,DEV-10-1,iPhone,Hyderabad,10,1,0,18.8,22,4949.62,5244.4,31,427,192,0,0,0,621.46,0,
TXN10-01183,10,2026-06-02 10:50:57,5059.43,Airlines,100007,Card,DEV-10-14,iPhone,Pune,10,1,0,15.72,23,4942.45,5251.3,94,2,2,0,0,0,505.75,0,
TXN10-01184,10,2026-06-02 11:03:32,3910.77,Airlines,100007,UPI,DEV-10-4,Android,Hyderabad,11,1,0,12.58,24,4942.75,5244.4,95,117,193,0,0,0,505.75,0,
TXN10-01185,10,2026-06-02 11:03:35,3387.34,Hotels,100033,UPI,DEV-10-2,iPhone,Chennai,11,1,0,0.05,25,4940.05,5237.8,12,256,151,0,0,0,515.24,0,
TXN10-01186,10,2026-06-02 11:33:43,5409.18,Airlines,100007,UPI,DEV-10-3,Android,Bangalore,11,1,0,30.13,26,4941.66,5251.28,96,182,180,0,0,0,290.17,0,
TXN10-01187,10,2026-06-02 11:53:00,2501.53,Taxi,100001,UPI,DEV-10-2,iPhone,Delhi,11,1,0,19.28,27,4939.1,5257.9,132,257,220,0,0,0,1750.11,0,
TXN10-01188,10,2026-06-02 11:58:47,3773.09,Airlines,100026,Card,DEV-10-3,Android,Bangalore,11,1,0,5.78,28,4932.68,5252.46,20,183,181,0,0,0,1750.11,0,
TXN10-01189,10,2026-06-02 12:14:16,4422.58,Food,100002,UPI,DEV-10-1,iPhone,Chennai,12,1,0,15.48,29,4936.03,5251.32,94,428,152,0,0,0,290.17,0,
TXN10-01190,10,2026-06-02 12:19:23,6674.49,Food,100002,UPI,DEV-10-3,Android,Delhi,12,1,0,5.12,30,4934.68,5244.49,95,184,221,0,0,0,1767.65,0,
TXN10-01191,10,2026-06-02 12:22:54,1376.83,Hotels,100010,Card,DEV-10-1,iPhone,Chennai,12,1,0,3.52,31,4939.24,5238.37,63,429,153,0,0,0,1767.65,0,
TXN10-01192,10,2026-06-02 12:43:48,4119.83,Food,100004,Card,DEV-10-1,iPhone,Hyderabad,12,1,0,20.9,32,4940.25,5237.65,32,430,194,0,0,0,515.24,0,
TXN10-01193,10,2026-06-02 12:53:26,1252.99,Taxi,100006,UPI,DEV-10-3,Android,Bangalore,12,1,0,9.63,33,4940.02,5237.68,59,185,182,0,0,0,499.99,0,
TXN10-01194,10,2026-06-02 13:12:29,1661.21,Food,100003,UPI,DEV-10-1,iPhone,Mumbai,13,1,0,19.05,34,4909.26,5246.42,61,431,260,0,0,0,845.32,0,
TXN10-01195,10,2026-06-02 13:20:17,2008.88,Food,100002,UPI,DEV-10-1,iPhone,Goa,13,1,0,7.8,35,4910.36,5245.69,96,432,167,0,0,0,440.32,0,
TXN10-01196,10,2026-06-02 14:01:59,3534.89,Food,100039,UPI,DEV-10-1,iPhone,Bangalore,14,1,0,41.7,36,4892.95,5260.15,7,433,183,0,0,0,454.99,0,
TXN10-01197,10,2026-06-02 14:10:01,3557.85,Hotels,100030,UPI,DEV-10-9,Android,Bangalore,14,1,0,8.03,37,4889.36,5253.65,11,17,184,0,0,0,0.0,0,
TXN10-01198,10,2026-06-02 14:14:23,4581.82,Airlines,100029,UPI,DEV-10-2,iPhone,Hyderabad,14,1,0,4.37,38,4885.85,5247.16,14,258,195,0,0,0,499.99,0,
TXN10-01199,10,2026-06-02 14:35:23,1959.62,Food,100002,Card,DEV-10-1,iPhone,Chennai,14,1,0,21.0,39,4885.05,5240.27,97,434,154,0,0,0,515.24,0,
TXN10-01200,10,2026-06-02 14:46:42,2815.29,Food,100004,UPI,DEV-10-7,Web,Hyderabad,14,1,0,11.32,40,4877.37,5235.53,33,34,196,0,0,0,515.24,0,
TXN10-01201,10,2026-06-02 14:58:35,10000.0,Food,100050,Card,DEV-10-2,iPhone,Goa,14,1,0,11.88,41,4871.97,5229.73,3,259,168,0,0,0,520.05,0,
TXN10-01202,10,2026-06-02 15:13:39,2265.61,Hotels,100017,UPI,DEV-10-5,iPhone,Bangalore,15,1,0,15.07,42,4878.74,5242.21,20,53,185,0,0,0,454.99,0,
TXN10-01203,10,2026-06-02 15:16:55,10000.0,Taxi,100001,UPI,DEV-10-2,iPhone,Chennai,15,1,0,3.27,43,4871.9,5237.05,133,260,155,0,0,0,290.17,0,
TXN10-01204,10,2026-06-02 15:18:03,5811.32,Hotels,100005,UPI,DEV-10-2,iPhone,Bangalore,15,1,0,1.13,44,4885.29,5236.75,94,261,186,0,0,0,290.17,0,
TXN10-01205,10,2026-06-02 15:38:34,7264.94,Hotels,100005,UPI,DEV-10-2,iPhone,Delhi,15,1,0,20.52,45,4884.74,5233.32,95,262,222,0,0,0,1750.11,0,
TXN10-01206,10,2026-06-02 15:58:21,2856.25,Airlines,100007,UPI,DEV-10-8,Web,Bangalore,15,1,0,19.78,46,4883.99,5232.96,97,15,187,0,0,0,1750.11,0,
TXN10-01207,10,2026-06-02 15:59:36,3472.68,Hotels,100005,UPI,DEV-10-1,iPhone,Hyderabad,15,1,0,1.25,47,4878.69,5227.15,96,435,197,0,0,0,499.99,0,
TXN10-01208,10,2026-06-02 16:29:26,2903.37,Hotels,100010,UPI,DEV-10-1,iPhone,Chennai,16,1,0,29.83,48,4880.47,5226.55,64,436,156,0,0,0,515.24,0,
TXN10-01209,10,2026-06-02 16:45:15,6836.62,Airlines,100013,UPI,DEV-10-2,iPhone,Mumbai,16,1,0,15.82,49,4875.32,5220.71,31,263,261,0,0,0,1033.1,0,
TXN10-01210,10,2026-06-02 17:28:41,1808.63,Taxi,100021,UPI,DEV-10-2,iPhone,Delhi,17,1,0,43.43,50,4880.79,5241.63,35,264,223,0,0,0,1153.24,0,
TXN10-01211,10,2026-06-02 18:09:24,2067.5,Airlines,100047,UPI,DEV-10-5,iPhone,Mumbai,18,1,0,40.72,51,4895.04,5255.72,2,54,262,0,0,0,1153.24,0,
TXN10-01212,10,2026-06-02 18:11:32,4607.42,Food,100053,UPI,DEV-10-2,iPhone,Bangalore,18,1,0,2.13,52,4887.58,5250.79,1,265,188,0,0,1,845.32,0,
TXN10-01213,10,2026-06-02 18:17:27,4343.89,Hotels,100005,UPI,DEV-10-3,Android,Hyderabad,18,1,0,5.92,53,4880.93,5249.54,97,186,198,0,0,0,499.99,0,
TXN10-01214,10,2026-06-02 18:29:09,7003.33,Airlines,100026,Card,DEV-10-1,iPhone,Chennai,18,1,0,11.7,54,4879.52,5242.7,21,437,157,0,0,0,515.24,0,
TXN10-01215,10,2026-06-02 18:56:27,8296.19,Airlines,100029,UPI,DEV-10-2,iPhone,Goa,18,1,0,27.3,55,4885.09,5236.94,15,266,169,0,0,0,706.92,0,
TXN10-01216,10,2026-06-02 19:07:45,1817.56,Food,100004,UPI,DEV-10-5,iPhone,Goa,19,1,0,11.3,56,4894.02,5232.99,34,55,170,0,0,0,0.0,0,
TXN10-01217,10,2026-06-02 19:15:28,10000.0,Hotels,100041,Card,DEV-10-2,iPhone,Delhi,19,1,0,7.72,57,4885.99,5228.51,7,267,224,0,0,0,1521.64,0,
TXN10-01218,10,2026-06-02 20:13:04,3986.24,Hotels,100010,UPI,DEV-10-6,iPhone,Bangalore,20,1,0,57.6,58,4898.36,5240.42,65,44,189,0,0,0,1750.11,0,
TXN10-01219,10,2026-06-02 20:15:01,10000.0,Food,100018,Card,DEV-10-1,iPhone,Mumbai,20,1,0,1.95,59,4895.98,5233.78,12,438,263,0,0,0,845.32,0,
TXN10-01220,10,2026-06-02 20:20:30,4509.54,Food,100008,UPI,DEV-10-3,Android,Goa,20,1,0,5.48,60,4909.27,5233.43,25,187,171,0,0,0,440.32,0,
TXN10-01221,10,2026-06-02 20:35:06,4105.28,Food,100053,UPI,DEV-10-2,iPhone,Mumbai,20,1,0,14.6,61,4916.62,5230.88,2,268,264,0,0,0,440.32,0,
TXN10-01222,10,2026-06-02 20:44:32,4729.2,Airlines,100007,Card,DEV-10-1,iPhone,Bangalore,20,1,0,9.43,62,4914.52,5224.25,98,439,190,0,0,0,845.32,0,
TXN10-01223,10,2026-06-02 20:46:32,3851.0,Taxi,100001,Card,DEV-10-1,iPhone,Chennai,20,1,0,2.0,63,4914.04,5217.48,134,440,158,0,0,0,290.17,1,ato_short_gap
TXN10-01224,10,2026-06-02 20:54:50,9842.17,Food,100008,UPI,DEV-10-4,Android,Delhi,20,1,0,8.3,64,4905.66,5216.59,26,118,225,0,0,0,1767.65,0,
TXN10-01225,10,2026-06-02 21:01:40,4826.06,Taxi,100006,Card,DEV-10-6,iPhone,Bangalore,21,1,0,6.83,65,4919.1,5222.6,60,45,191,0,0,0,1750.11,0,
TXN10-01226,10,2026-06-02 21:03:45,6193.62,Taxi,100001,UPI,DEV-10-3,Android,Mumbai,21,1,0,2.08,66,4917.98,5222.58,135,188,265,0,0,0,845.32,0,
TXN10-01227,10,2026-06-02 21:24:58,4646.43,Food,100002,Card,DEV-10-1,iPhone,Mumbai,21,1,0,21.22,67,4921.28,5216.23,98,441,266,0,0,0,0.0,0,
TXN10-01228,10,2026-06-02 22:05:50,4168.08,Hotels,100017,UPI,DEV-10-1,iPhone,Chennai,22,1,0,40.87,68,4906.45,5222.23,21,442,159,0,0,0,1033.1,0,
TXN10-01229,10,2026-06-02 22:15:30,3754.68,Airlines,100007,UPI,DEV-10-1,iPhone,Delhi,22,1,0,9.67,69,4904.53,5215.58,99,443,226,0,0,0,1767.65,0,
TXN10-01230,10,2026-06-02 22:20:06,5012.63,Airlines,100029,Card,DEV-10-4,Android,Goa,22,1,0,4.6,70,4903.27,5215.8,16,119,172,0,0,0,1521.64,0,
TXN10-01231,10,2026-06-02 22:52:38,4036.25,Food,100002,Card,DEV-10-3,Android,Goa,22,1,0,32.53,71,4907.74,5215.16,99,189,173,0,0,0,0.0,0,
TXN10-01232,10,2026-06-02 23:33:21,1070.66,Food,100011,Card,DEV-10-2,iPhone,Goa,23,1,0,40.72,72,4800.33,4688.99,22,269,174,0,0,0,0.0,0,
TXN10-01233,10,2026-06-02 23:51:24,7455.81,Taxi,100031,Card,DEV-10-3,Android,Chennai,23,1,0,18.05,73,4797.68,4704.39,10,190,160,0,0,0,706.92,0,
TXN10-01234,10,2026-06-03 05:15:20,7549.82,Taxi,100001,Card,DEV-10-2,iPhone,Bangalore,5,2,0,323.93,1,4813.85,4722.54,136,270,192,0,0,0,290.17,0,
TXN10-01235,10,2026-06-03 05:42:22,1592.32,Food,100004,Card,DEV-10-3,Android,Delhi,5,2,0,27.03,2,4816.15,4730.29,35,191,227,0,0,0,1750.11,0,
TXN10-01236,10,2026-06-03 05:44:47,2142.13,Food,100050,Card,DEV-10-3,Android,Hyderabad,5,2,0,2.42,3,4807.62,4726.93,4,192,199,0,0,0,1266.53,0,
TXN10-01237,10,2026-06-03 07:08:49,1784.68,Taxi,100006,Card,DEV-10-8,Web,Chennai,7,2,0,84.03,4,4803.51,4728.58,61,16,161,0,0,0,515.24,0,
TXN10-01238,10,2026-06-03 07:11:25,7133.15,Airlines,100009,UPI,DEV-10-2,iPhone,Chennai,7,2,0,2.6,5,4795.54,4724.87,44,271,162,0,0,0,0.0,0,
TXN10-01239,10,2026-06-03 07:13:47,9425.62,Taxi,100024,Card,DEV-10-2,iPhone,Chennai,7,2,0,2.37,6,4801.7,4720.17,18,272,163,0,0,0,0.0,0,
TXN10-01240,10,2026-06-03 07:17:52,6967.86,Taxi,100054,UPI,DEV-10-1,iPhone,Delhi,7,2,0,4.08,7,4813.83,4719.91,1,444,228,0,0,1,1767.65,0,
TXN10-01241,10,2026-06-03 07:25:31,3582.85,Food,100016,Card,DEV-10-2,iPhone,Bangalore,7,2,0,7.65,8,4825.81,4719.57,13,273,193,0,0,0,1750.11,0,
TXN10-01242,10,2026-06-03 08:05:24,1967.45,Hotels,100012,UPI,DEV-10-1,iPhone,Hyderabad,8,2,0,39.88,9,4834.23,4740.92,40,445,200,0,0,0,499.99,0,
TXN10-01243,10,2026-06-03 08:32:30,8573.51,Airlines,100026,UPI,DEV-10-2,iPhone,Mumbai,8,2,0,27.1,10,4831.51,4742.27,22,274,267,0,0,0,621.46,0,
TXN10-01244,10,2026-06-03 08:38:48,7349.24,Taxi,100032,Card,DEV-10-1,iPhone,Mumbai,8,2,0,6.3,11,4841.41,4739.9,13,446,268,0,0,0,0.0,0,
TXN10-01245,10,2026-06-03 09:22:46,6663.3,Food,100003,Card,DEV-10-4,Android,Mumbai,9,2,0,43.97,12,4848.03,4735.39,62,120,269,0,0,0,0.0,0,
TXN10-01246,10,2026-06-03 09:43:23,2852.25,Food,100008,UPI,DEV-10-5,iPhone,Hyderabad,9,2,0,20.62,13,4852.8,4730.07,27,56,201,0,0,0,621.46,0,
TXN10-01247,10,2026-06-03 09:55:08,2760.05,Food,100002,UPI,DEV-10-4,Android,Hyderabad,9,2,0,11.75,14,4847.55,4724.96,100,121,202,0,0,0,0.0,0,
TXN10-01248,10,2026-06-03 10:26:02,2629.56,Taxi,100001,UPI,DEV-10-1,iPhone,Bangalore,10,2,0,30.9,15,4831.05,4721.24,137,447,194,0,0,0,499.99,0,
TXN10-01249,10,2026-06-03 10:37:15,5850.23,Taxi,100021,UPI,DEV-10-8,Web,Chennai,10,2,0,11.22,16,4825.28,4716.4,36,17,164,0,0,0,290.17,0,
TXN10-01250,10,2026-06-03 10:44:17,1868.57,Taxi,100006,Card,DEV-10-7,Web,Mumbai,10,2,0,7.03,17,4842.25,4718.52,62,35,270,0,0,0,1033.1,0,
TXN10-01251,10,2026-06-03 10:58:12,6783.6,Hotels,100012,UPI,DEV-10-6,iPhone,Mumbai,10,2,0,13.92,18,4842.37,4718.45,41,46,271,0,0,0,0.0,0,
TXN10-01252,10,2026-06-03 10:58:32,8864.44,Food,100002,Card,DEV-10-5,iPhone,Bangalore,10,2,0,0.33,19,4847.45,4713.31,101,57,195,0,0,0,845.32,0,
TXN10-01253,10,2026-06-03 10:59:02,2750.78,Taxi,100006,Card,DEV-10-1,iPhone,Bangalore,10,2,0,0.5,20,4857.94,4711.61,63,448,196,0,0,0,0.0,0,
TXN10-01254,10,2026-06-03 11:08:02,2618.12,Food,100008,Card,DEV-10-1,iPhone,Mumbai,11,2,0,9.0,21,4849.97,4712.59,28,449,272,0,0,0,845.32,0,
TXN10-01255,10,2026-06-03 11:29:09,4529.05,Taxi,100032,Card,DEV-10-1,iPhone,Mumbai,11,2,0,21.12,22,4844.16,4707.82,14,450,273,0,0,0,0.0,0,
TXN10-01256,10,2026-06-03 12:39:37,5103.85,Taxi,100022,UPI,DEV-10-1,iPhone,Hyderabad,12,2,0,70.47,23,4860.39,4708.05,20,451,203,0,0,0,621.46,0,
TXN10-01257,10,2026-06-03 12:44:29,6142.08,Hotels,100030,Card,DEV-10-1,iPhone,Mumbai,12,2,0,4.87,24,4861.03,4701.93,12,452,274,0,0,0,621.46,0,
TXN10-01258,10,2026-06-03 12:45:08,7011.37,Airlines,100045,UPI,DEV-10-4,Android,Hyderabad,12,2,0,0.65,25,4864.36,4696.27,5,122,204,0,0,0,621.46,0,
TXN10-01259,10,2026-06-03 12:48:00,1595.49,Airlines,100047,UPI,DEV-10-2,iPhone,Goa,12,2,0,2.87,26,4869.92,4691.45,3,275,175,0,0,0,520.05,0,
TXN10-01260,10,2026-06-03 13:14:15,3358.24,Taxi,100054,UPI,DEV-10-2,iPhone,Delhi,13,2,0,26.25,27,4861.46,4688.34,2,276,229,0,0,0,1521.64,0,
TXN10-01261,10,2026-06-03 14:34:57,10000.0,Food,100014,UPI,DEV-10-5,iPhone,Delhi,14,2,0,80.7,28,4866.16,4699.58,18,58,230,0,0,0,0.0,0,
TXN10-01262,10,2026-06-03 14:45:02,8000.45,Hotels,100052,Card,DEV-10-1,iPhone,Bangalore,14,2,0,10.08,29,4879.46,4700.73,3,453,197,0,0,0,1750.11,0,
TXN10-01263,10,2026-06-03 14:45:53,2917.82,Airlines,100007,Card,DEV-10-2,iPhone,Bangalore,14,2,0,0.85,30,4887.52,4697.33,100,277,198,0,0,0,0.0,0,
TXN10-01264,10,2026-06-03 14:46:04,2489.62,Food,100003,Card,DEV-10-1,iPhone,Bangalore,14,2,0,0.18,31,4882.44,4692.34,63,454,199,0,0,0,0.0,0,
TXN10-01265,10,2026-06-03 15:05:21,2659.18,Airlines,100026,Card,DEV-10-2,iPhone,Hyderabad,15,2,0,19.28,32,4878.96,4693.61,23,278,205,0,0,0,499.99,0,
TXN10-01266,10,2026-06-03 15:09:34,4206.92,Food,100003,Card,DEV-10-1,iPhone,Mumbai,15,2,0,4.22,33,4873.25,4688.92,64,455,275,0,0,0,621.46,0,
TXN10-01267,10,2026-06-03 15:57:41,3655.52,Food,100015,Card,DEV-10-1,iPhone,Mumbai,15,2,0,48.12,34,4861.64,4692.47,17,456,276,0,0,0,0.0,0,
TXN10-01268,10,2026-06-03 17:47:23,7800.35,Food,100002,Card,DEV-10-5,iPhone,Bangalore,17,2,0,109.7,35,4863.25,4706.12,102,59,200,0,0,0,845.32,0,
TXN10-01269,10,2026-06-03 17:48:31,10000.0,Airlines,100007,UPI,DEV-10-2,iPhone,Mumbai,17,2,0,1.13,36,4870.86,4702.39,101,279,277,0,0,0,845.32,0,
TXN10-01270,10,2026-06-03 17:51:56,1376.1,Food,100002,UPI,DEV-10-2,iPhone,Delhi,17,2,0,3.42,37,4884.12,4703.53,103,280,231,0,0,0,1153.24,0,
TXN10-01271,10,2026-06-03 18:36:27,1769.3,Airlines,100007,UPI,DEV-10-10,iPhone,Mumbai,18,2,0,44.52,38,4875.08,4700.83,102,11,278,0,0,0,1153.24,0,
TXN10-01272,10,2026-06-03 18:41:57,3094.16,Food,100004,Card,DEV-10-7,Web,Mumbai,18,2,0,5.5,39,4859.99,4701.38,36,36,279,0,0,0,0.0,0,
TXN10-01273,10,2026-06-03 19:00:14,2412.6,Hotels,100010,Card,DEV-10-5,iPhone,Delhi,19,2,0,18.28,40,4855.45,4696.18,66,60,232,0,0,0,1153.24,0,
TXN10-01274,10,2026-06-03 19:05:38,1175.3,Taxi,100001,UPI,DEV-10-2,iPhone,Bangalore,19,2,0,5.4,41,4849.19,4691.79,138,281,201,0,0,0,1750.11,0,
TXN10-01275,10,2026-06-03 19:14:04,3058.96,Food,100055,UPI,DEV-10-1,iPhone,Mumbai,19,2,0,8.43,42,4839.79,4689.45,1,457,280,0,0,1,845.32,0,
TXN10-01276,10,2026-06-03 19:18:33,2221.62,Food,100002,UPI,DEV-10-6,iPhone,Mumbai,19,2,0,4.48,43,4835.25,4684.33,104,47,281,0,0,0,0.0,0,
TXN10-01277,10,2026-06-03 19:39:21,4148.93,Airlines,100007,Card,DEV-10-5,iPhone,Bangalore,19,2,0,20.8,44,4815.41,4678.88,103,61,202,0,0,0,845.32,0,
TXN10-01278,10,2026-06-03 19:49:54,994.2,Food,100002,UPI,DEV-10-2,iPhone,Hyderabad,19,2,0,10.55,45,4813.71,4673.05,105,282,206,0,0,0,499.99,0,
TXN10-01279,10,2026-06-03 20:17:00,4438.83,Food,100002,UPI,DEV-10-3,Android,Delhi,20,2,0,27.1,46,4794.79,4674.92,106,193,233,0,0,0,1266.53,0,
TXN10-01280,10,2026-06-03 20:30:17,5238.52,Food,100050,Card,DEV-10-3,Android,Hyderabad,20,2,0,13.28,47,4793.51,4674.95,5,194,207,0,0,0,1266.53,0,
TXN10-01281,10,2026-06-03 20:34:14,1923.93,Food,100002,UPI,DEV-10-1,iPhone,Mumbai,20,2,0,3.95,48,4794.64,4669.05,107,458,282,0,0,0,621.46,0,
TXN10-01282,10,2026-06-03 20:55:25,2550.07,Hotels,100005,UPI,DEV-10-4,Android,Chennai,20,2,0,21.18,49,4787.35,4665.36,98,123,165,0,0,0,1033.1,0,
TXN10-01283,10,2026-06-03 20:58:36,4161.82,Airlines,100045,Card,DEV-10-1,iPhone,Hyderabad,20,2,0,3.18,50,4781.69,4660.8,6,459,208,0,0,0,515.24,0,
TXN10-01284,10,2026-06-03 21:03:56,10000.0,Airlines,100009,Card,DEV-10-2,iPhone,Hyderabad,21,2,0,5.33,51,4780.13,4655.02,45,283,209,0,0,0,0.0,0,
TXN10-01285,10,2026-06-03 21:06:59,2261.59,Airlines,100013,Card,DEV-10-4,Android,Mumbai,21,2,0,3.05,52,4793.27,4656.51,32,124,283,0,0,0,621.46,0,
TXN10-01286,10,2026-06-03 21:32:02,6434.47,Hotels,100005,Card,DEV-10-4,Android,Hyderabad,21,2,0,25.05,53,4786.91,4652.38,99,125,210,0,0,0,621.46,0,
TXN10-01287,10,2026-06-03 21:33:52,3183.79,Taxi,100006,Card,DEV-10-1,iPhone,Bangalore,21,2,0,1.83,54,4791.04,4647.28,64,460,203,0,0,0,499.99,0,
TXN10-01288,10,2026-06-03 21:45:16,979.2,Food,100037,Card,DEV-10-4,Android,Mumbai,21,2,0,11.4,55,4787.02,4642.16,7,126,284,0,0,0,845.32,0,
TXN10-01289,10,2026-06-03 22:28:15,1745.31,Food,100014,UPI,DEV-10-7,Web,Goa,22,2,0,42.98,56,4774.58,4645.68,19,37,176,0,0,0,440.32,0,
TXN10-01290,10,2026-06-03 22:39:21,3417.27,Hotels,100005,Card,DEV-10-5,iPhone,Mumbai,22,2,0,11.1,57,4767.19,4648.14,100,62,285,0,0,0,440.32,0,
TXN10-01291,10,2026-06-03 22:40:21,12262.99,Taxi,100001,Card,DEV-10-5,iPhone,Bangalore,22,2,0,1.0,58,4763.83,4642.83,139,63,204,0,0,0,845.32,1,ato_higher_amount_short_gap
TXN10-01292,10,2026-06-03 23:45:22,2321.4,Airlines,100027,UPI,DEV-10-3,Android,Delhi,23,2,0,65.02,59,4790.04,4661.2,18,195,234,0,0,0,1750.11,0,
TXN10-01293,10,2026-06-03 23:52:10,50000.0,Luxury Goods,100001,Card,DEV-10-1,iPhone,Mumbai,23,2,0,6.8,60,4783.88,4657.01,140,461,286,0,0,0,1153.24,1,large_luxury_purchase
TXN10-01294,10,2026-06-04 05:43:00,6032.65,Taxi,100001,UPI,DEV-10-4,Android,Delhi,5,3,0,350.83,1,4883.23,5181.87,141,127,235,0,0,0,1153.24,0,
TXN10-01295,10,2026-06-04 05:50:04,3768.1,Hotels,100010,Card,DEV-10-2,iPhone,Mumbai,5,3,0,7.07,2,4886.11,5175.7,67,284,287,0,0,0,1153.24,0,
TXN10-01296,10,2026-06-04 06:08:13,1367.39,Food,100003,Card,DEV-10-1,iPhone,Delhi,6,3,0,18.15,3,4882.05,5185.16,65,462,236,0,0,0,1153.24,0,
TXN10-01297,10,2026-06-04 06:24:59,2745.89,Airlines,100001,Card,DEV-10-1,iPhone,Mumbai,6,3,0,16.77,4,4873.24,5181.64,142,463,288,0,0,0,1153.24,1,distant_800km_15min
TXN10-01298,10,2026-06-04 06:38:59,2139.47,Airlines,100001,Card,DEV-10-1,iPhone,Jaipur,6,3,0,14.0,5,4863.61,5182.02,143,464,8,0,0,0,920.74,1,distant_800km_15min
TXN10-01299,10,2026-06-04 06:45:22,3248.34,Food,100002,Card,DEV-10-7,Web,Hyderabad,6,3,0,6.38,6,4860.5,5183.28,108,38,211,0,0,0,1095.15,0,
TXN10-01300,10,2026-06-04 07:43:49,6131.64,Food,100008,Card,DEV-10-5,iPhone,Goa,7,3,0,58.45,7,4857.92,5183.82,29,64,177,0,0,0,520.05,0,
TXN10-01301,10,2026-06-04 07:48:55,1983.5,Hotels,100010,Card,DEV-10-1,iPhone,Bangalore,7,3,0,5.1,8,4861.11,5177.73,68,465,205,0,0,0,454.99,0,
TXN10-01302,10,2026-06-04 08:09:19,5187.92,Food,100023,UPI,DEV-10-4,Android,Delhi,8,3,0,20.4,9,4854.56,5184.41,11,128,237,0,0,0,1750.11,0,
TXN10-01303,10,2026-06-04 08:22:35,4103.62,Food,100028,UPI,DEV-10-6,iPhone,Goa,8,3,0,13.27,10,4862.45,5182.51,12,48,178,0,0,0,1521.64,0,
TXN10-01304,10,2026-06-04 08:34:56,10000.0,Taxi,100006,Card,DEV-10-1,iPhone,Chennai,8,3,0,12.35,11,4852.79,5180.33,65,466,166,0,0,0,706.92,0,
TXN10-01305,10,2026-06-04 09:03:35,4320.41,Food,100002,Card,DEV-10-3,Android,Delhi,9,3,0,28.65,12,4873.05,5191.74,109,196,238,0,0,0,1767.65,0,
TXN10-01306,10,2026-06-04 09:25:02,1029.13,Hotels,100010,UPI,DEV-10-11,Web,Goa,9,3,0,21.45,13,4871.66,5185.3,69,6,179,0,0,0,1521.64,0,
TXN10-01307,10,2026-06-04 09:28:51,4003.37,Food,100015,Card,DEV-10-1,iPhone,Goa,9,3,0,3.82,14,4862.06,5182.37,18,467,180,0,0,0,0.0,0,
TXN10-01308,10,2026-06-04 09:36:40,7381.68,Hotels,100010,Card,DEV-10-2,iPhone,Chennai,9,3,0,7.82,15,4859.92,5176.08,70,285,167,0,0,0,706.92,0,
TXN10-01309,10,2026-06-04 09:56:51,10000.0,Taxi,100001,Card,DEV-10-2,iPhone,Hyderabad,9,3,0,20.18,16,4866.19,5171.17,144,286,212,0,0,0,515.24,0,
TXN10-01310,10,2026-06-04 10:19:56,705.84,Airlines,100007,UPI,DEV-10-2,iPhone,Goa,10,3,0,23.08,17,4874.42,5182.97,104,287,181,0,0,0,520.05,0,
TXN10-01311,10,2026-06-04 10:24:55,4557.98,Food,100002,Card,DEV-10-3,Android,Mumbai,10,3,0,4.98,18,4864.05,5180.68,110,197,289,0,0,0,440.32,0,
TXN10-01312,10,2026-06-04 10:42:17,5414.85,Taxi,100021,UPI,DEV-10-2,iPhone,Goa,10,3,0,17.37,19,4865.04,5183.8,37,288,182,0,0,0,440.32,0,
TXN10-01313,10,2026-06-04 11:13:19,6001.0,Hotels,100012,Card,DEV-10-2,iPhone,Mumbai,11,3,0,31.03,20,4866.41,5177.42,42,289,290,0,0,0,440.32,0,
TXN10-01314,10,2026-06-04 11:39:26,8709.45,Food,100015,UPI,DEV-10-3,Android,Chennai,11,3,0,26.12,21,4869.22,5171.3,19,198,168,0,0,0,1033.1,0,
TXN10-01315,10,2026-06-04 11:58:47,5825.43,Food,100008,UPI,DEV-10-2,iPhone,Bangalore,11,3,0,19.35,22,4878.73,5168.42,30,290,206,0,0,0,290.17,0,
TXN10-01316,10,2026-06-04 12:08:42,6006.34,Taxi,100001,Card,DEV-10-12,iPhone,Delhi,12,3,0,9.92,23,4889.81,5165.64,145,4,239,0,0,0,1750.11,0,
TXN10-01317,10,2026-06-04 12:11:51,1248.43,Food,100002,UPI,DEV-10-3,Android,Goa,12,3,0,3.15,24,4892.56,5159.56,111,199,183,0,0,0,1521.64,0,
TXN10-01318,10,2026-06-04 12:36:00,1805.45,Airlines,100009,UPI,DEV-10-1,iPhone,Hyderabad,12,3,0,24.15,25,4890.98,5160.58,46,468,213,0,0,0,520.05,0,
TXN10-01319,10,2026-06-04 13:22:46,7163.82,Food,100003,Card,DEV-10-1,iPhone,Mumbai,13,3,0,46.77,26,4888.2,5161.94,66,469,291,0,0,0,621.46,0,
TXN10-01320,10,2026-06-04 13:28:53,7694.02,Airlines,100036,UPI,DEV-10-1,iPhone,Hyderabad,13,3,0,6.12,27,4893.8,5156.81,11,470,214,0,0,0,621.46,0,
TXN10-01321,10,2026-06-04 13:34:01,1362.98,Airlines,100009,Card,DEV-10-4,Android,Delhi,13,3,0,5.13,28,4905.75,5157.66,47,129,240,0,0,0,1266.53,0,
TXN10-01322,10,2026-06-04 13:42:28,8241.68,Airlines,100009,UPI,DEV-10-1,iPhone,Goa,13,3,0,8.45,29,4897.05,5154.31,48,471,184,0,0,0,1521.64,0,
TXN10-01323,10,2026-06-04 13:43:21,2319.11,Food,100003,Card,DEV-10-4,Android,Hyderabad,13,3,0,0.88,30,4905.24,5150.64,67,130,215,0,0,0,520.05,0,
TXN10-01324,10,2026-06-04 13:46:54,5426.02,Taxi,100032,UPI,DEV-10-9,Android,Bangalore,13,3,0,3.55,31,4898.92,5145.93,15,18,207,0,0,0,499.99,0,
TXN10-01325,10,2026-06-04 13:53:21,3654.53,Hotels,100012,Card,DEV-10-2,iPhone,Goa,13,3,0,6.45,32,4900.21,5139.71,43,291,185,0,0,0,454.99,0,
TXN10-01326,10,2026-06-04 14:52:38,1727.81,Airlines,100045,UPI,DEV-10-1,iPhone,Mumbai,14,3,0,59.28,33,4896.6,5153.12,7,472,292,0,0,0,440.32,0,
TXN10-01327,10,2026-06-04 15:22:36,4617.43,Food,100049,UPI,DEV-10-1,iPhone,Bangalore,15,3,0,29.97,34,4886.32,5155.26,2,473,208,0,0,0,845.32,0,
TXN10-01328,10,2026-06-04 15:38:15,2753.0,Airlines,100013,UPI,DEV-10-3,Android,Mumbai,15,3,0,15.65,35,4888.61,5154.93,33,200,293,0,0,0,845.32,0,
TXN10-01329,10,2026-06-04 17:09:46,5316.44,Food,100044,Card,DEV-10-1,iPhone,Bangalore,17,3,0,91.52,36,4896.11,5180.68,5,474,209,0,0,0,845.32,0,
TXN10-01330,10,2026-06-04 17:11:33,3386.22,Food,100008,UPI,DEV-10-1,iPhone,Mumbai,17,3,0,1.78,37,4897.15,5174.28,31,475,294,0,0,0,845.32,0,
TXN10-01331,10,2026-06-04 17:21:33,9688.76,Airlines,100007,UPI,DEV-10-1,iPhone,Mumbai,17,3,0,10.0,38,4893.4,5168.4,105,476,295,0,0,0,0.0,0,
TXN10-01332,10,2026-06-04 18:16:07,2947.15,Taxi,100024,UPI,DEV-10-1,iPhone,Bangalore,18,3,0,54.57,39,4905.27,5167.49,19,477,210,0,0,0,845.32,0,
TXN10-01333,10,2026-06-04 18:27:31,6757.74,Taxi,100006,Card,DEV-10-4,Android,Goa,18,3,0,11.4,40,4900.44,5162.03,66,131,186,0,0,0,454.99,0,
TXN10-01334,10,2026-06-04 18:36:49,7514.35,Hotels,100012,UPI,DEV-10-2,iPhone,Mumbai,18,3,0,9.3,41,4905.77,5162.83,44,292,296,0,0,0,440.32,0,
TXN10-01335,10,2026-06-04 18:40:19,4628.38,Hotels,100005,UPI,DEV-10-9,Android,Goa,18,3,0,3.5,42,4912.19,5158.09,101,19,187,0,0,0,440.32,0,
TXN10-01336,10,2026-06-04 18:45:02,4906.51,Hotels,100010,UPI,DEV-10-3,Android,Goa,18,3,0,4.72,43,4911.5,5151.76,71,201,188,0,0,0,0.0,0,
TXN10-01337,10,2026-06-04 18:53:28,2371.6,Taxi,100001,UPI,DEV-10-3,Android,Hyderabad,18,3,0,8.43,44,4911.48,5145.45,146,202,216,0,0,0,520.05,0,
TXN10-01338,10,2026-06-04 19:10:45,3666.42,Food,100014,UPI,DEV-10-2,iPhone,Delhi,19,3,0,17.28,45,4905.27,5140.68,20,293,241,0,0,0,1266.53,0,
TXN10-01339,10,2026-06-04 19:21:31,5533.21,Airlines,100009,Card,DEV-10-4,Android,Hyderabad,19,3,0,10.77,46,4902.25,5134.77,49,132,217,0,0,0,1266.53,0,
TXN10-01340,10,2026-06-04 19:32:16,2443.8,Food,100050,Card,DEV-10-1,iPhone,Hyderabad,19,3,0,10.75,47,4904.29,5134.86,6,478,218,0,0,0,0.0,0,
TXN10-01341,10,2026-06-04 19:36:50,5687.17,Airlines,100007,Card,DEV-10-2,iPhone,Hyderabad,19,3,0,4.57,48,4898.3,5130.04,106,294,219,0,0,0,0.0,0,
TXN10-01342,10,2026-06-04 20:02:46,2586.2,Hotels,100005,Card,DEV-10-2,iPhone,Hyderabad,20,3,0,25.93,49,4913.38,5132.84,102,295,220,0,0,0,0.0,0,
TXN10-01343,10,2026-06-04 20:07:21,2724.9,Food,100008,UPI,DEV-10-2,iPhone,Goa,20,3,0,4.58,50,4907.72,5127.87,32,296,189,0,0,0,520.05,0,
TXN10-01344,10,2026-06-04 20:41:29,4059.05,Taxi,100006,UPI,DEV-10-5,iPhone,Mumbai,20,3,0,34.13,51,4901.59,5128.97,67,65,297,0,0,0,440.32,0,
TXN10-01345,10,2026-06-04 20:51:14,1339.9,Hotels,100005,Card,DEV-10-4,Android,Mumbai,20,3,0,9.75,52,4892.93,5127.38,103,133,298,0,0,0,0.0,0,
TXN10-01346,10,2026-06-04 20:55:26,2365.91,Food,100008,Card,DEV-10-5,iPhone,Delhi,20,3,0,4.2,53,4884.31,5124.14,33,66,242,0,0,0,1153.24,0,
TXN10-01347,10,2026-06-04 21:25:58,4620.88,Food,100004,UPI,DEV-10-17,iPhone,Hyderabad,21,3,0,30.53,54,4878.21,5119.43,37,1,221,1,0,0,1266.53,0,
TXN10-01348,10,2026-06-04 21:32:14,3730.99,Taxi,100006,Card,DEV-10-5,iPhone,Bangalore,21,3,0,6.27,55,4877.59,5113.26,68,67,211,0,0,0,499.99,0,
TXN10-01349,10,2026-06-04 21:32:39,4798.96,Taxi,100031,Card,DEV-10-2,iPhone,Delhi,21,3,0,0.42,56,4874.82,5107.4,11,297,243,0,0,0,1750.11,0,
TXN10-01350,10,2026-06-04 21:46:08,7183.09,Airlines,100045,UPI,DEV-10-1,iPhone,Delhi,21,3,0,13.48,57,4874.64,5101.26,8,479,244,0,0,0,0.0,0,
TXN10-01351,10,2026-06-04 22:16:13,10000.0,Food,100019,Card,DEV-10-1,iPhone,Mumbai,22,3,0,30.08,58,4880.18,5096.39,11,480,299,0,0,0,1153.24,0,
TXN10-01352,10,2026-06-04 22:36:00,3754.28,Taxi,100001,UPI,DEV-10-1,iPhone,Bangalore,22,3,0,19.78,59,4900.01,5100.19,147,481,212,0,0,0,845.32,0,
TXN10-01353,10,2026-06-04 22:51:38,10000.0,Food,100023,Card,DEV-10-3,Android,Chennai,22,3,0,15.63,60,4885.03,5094.36,12,203,169,0,0,0,290.17,0,
TXN10-01354,10,2026-06-04 23:30:29,4529.05,Food,100002,Card,DEV-10-2,iPhone,Bangalore,23,3,0,38.85,61,4897.27,5094.39,112,298,213,0,0,0,290.17,0,
TXN10-01355,10,2026-06-04 23:35:20,3568.25,Taxi,100043,Card,DEV-10-10,iPhone,Goa,23,3,0,4.85,62,4884.18,5088.29,5,12,190,0,0,0,454.99,0,
TXN10-01356,10,2026-06-04 23:43:28,7014.65,Hotels,100005,UPI,DEV-10-2,iPhone,Mumbai,23,3,0,8.13,63,4881.04,5082.62,104,299,300,0,0,0,440.32,0,
TXN10-01357,10,2026-06-04 23:45:27,6203.8,Airlines,100045,UPI,DEV-10-1,iPhone,Delhi,23,3,0,1.98,64,4886.12,5077.63,9,482,245,0,0,0,1153.24,0,
TXN10-01358,10,2026-06-04 23:51:19,5749.0,Hotels,100012,UPI,DEV-10-2,iPhone,Goa,23,3,0,5.87,65,4889.25,5072.0,45,300,191,0,0,0,1521.64,0,
TXN10-01359,10,2026-06-05 05:09:53,7429.06,Hotels,100033,Card,DEV-10-3,Android,Goa,5,4,0,318.57,1,4774.16,4570.56,13,204,192,0,0,0,0.0,0,
TXN10-01360,10,2026-06-05 05:29:25,4196.11,Taxi,100001,UPI,DEV-10-1,iPhone,Mumbai,5,4,0,19.53,2,4788.63,4569.32,148,483,301,0,0,0,440.32,0,
TXN10-01361,10,2026-06-05 06:05:00,7556.11,Airlines,100045,Card,DEV-10-9,Android,Mumbai,6,4,0,35.58,3,4798.08,4572.03,10,20,302,0,0,0,0.0,0,
TXN10-01362,10,2026-06-05 06:10:58,2184.25,Food,100019,UPI,DEV-10-1,iPhone,Chennai,6,4,0,5.97,4,4804.65,4568.56,12,484,170,0,0,0,1033.1,0,
TXN10-01363,10,2026-06-05 06:16:38,3365.4,Taxi,100006,UPI,DEV-10-5,iPhone,Bangalore,6,4,0,5.67,5,4798.42,4564.91,69,68,214,0,0,0,290.17,0,
TXN10-01364,10,2026-06-05 06:22:13,2592.35,Taxi,100048,UPI,DEV-10-1,iPhone,Bangalore,6,4,0,5.58,6,4795.03,4560.04,5,485,215,0,0,0,0.0,0,
TXN10-01365,10,2026-06-05 06:30:05,3201.03,Food,100003,Card,DEV-10-1,iPhone,Delhi,6,4,0,7.87,7,4791.89,4566.57,68,486,246,0,0,0,1750.11,0,
TXN10-01366,10,2026-06-05 06:44:33,949.12,Food,100004,UPI,DEV-10-1,iPhone,Delhi,6,4,0,14.47,8,4797.97,4570.41,38,487,247,0,0,0,0.0,0,
TXN10-01367,10,2026-06-05 06:57:37,6201.2,Airlines,100007,Card,DEV-10-1,iPhone,Chennai,6,4,0,13.07,9,4788.83,4568.83,107,488,171,0,0,0,1767.65,0,
TXN10-01368,10,2026-06-05 06:58:13,9472.79,Food,100002,Card,DEV-10-2,iPhone,Delhi,6,4,0,0.6,10,4792.18,4563.93,113,301,248,0,0,0,1767.65,0,
TXN10-01369,10,2026-06-05 07:29:19,1802.12,Taxi,100031,Card,DEV-10-2,iPhone,Bangalore,7,4,0,31.1,11,4790.93,4562.57,12,302,216,0,0,0,1750.11,0,
TXN10-01370,10,2026-06-05 07:31:21,2112.26,Food,100050,Card,DEV-10-1,iPhone,Goa,7,4,0,2.03,12,4783.86,4559.49,7,489,193,0,0,0,454.99,0,
TXN10-01371,10,2026-06-05 07:45:51,2847.46,Food,100002,UPI,DEV-10-7,Web,Delhi,7,4,0,14.5,13,4784.44,4559.13,114,39,249,0,0,0,1521.64,0,
TXN10-01372,10,2026-06-05 07:54:49,4939.38,Airlines,100027,Card,DEV-10-1,iPhone,Mumbai,7,4,0,8.97,14,4779.87,4554.72,19,490,303,0,0,0,1153.24,0,
TXN10-01373,10,2026-06-05 08:00:03,7738.25,Hotels,100056,UPI,DEV-10-3,Android,Bangalore,8,4,0,5.23,15,4780.25,4549.36,1,205,217,0,0,1,845.32,0,
TXN10-01374,10,2026-06-05 08:37:12,5541.1,Hotels,100017,Card,DEV-10-1,iPhone,Mumbai,8,4,0,37.15,16,4786.01,4554.42,22,491,304,0,0,0,845.32,0,
TXN10-01375,10,2026-06-05 08:38:10,8516.5,Hotels,100010,UPI,DEV-10-5,iPhone,Chennai,8,4,0,0.97,17,4787.79,4549.18,72,69,172,0,0,0,1033.1,0,
TXN10-01376,10,2026-06-05 08:49:36,5411.86,Taxi,100022,Card,DEV-10-1,iPhone,Delhi,8,4,0,11.43,18,4796.59,4547.41,21,492,250,0,0,0,1767.65,0,
TXN10-01377,10,2026-06-05 09:42:49,3409.49,Hotels,100033,Card,DEV-10-1,iPhone,Chennai,9,4,0,53.22,19,4808.94,4554.57,14,493,173,0,0,0,1767.65,0,
TXN10-01378,10,2026-06-05 09:43:48,1951.91,Taxi,100001,Card,DEV-10-2,iPhone,Chennai,9,4,0,0.98,20,4805.63,4549.69,149,303,174,0,0,0,0.0,0,
TXN10-01379,10,2026-06-05 10:01:00,7967.93,Food,100003,Card,DEV-10-18,Android,Chennai,10,4,0,17.2,21,4790.45,4548.48,69,1,175,1,0,0,0.0,0,
TXN10-01380,10,2026-06-05 10:20:19,6865.04,Food,100057,UPI,DEV-10-1,iPhone,Mumbai,10,4,0,19.32,22,4785.65,4544.04,1,494,305,0,0,1,1033.1,0,
TXN10-01381,10,2026-06-05 10:48:39,2740.25,Airlines,100009,Card,DEV-10-2,iPhone,Goa,10,4,0,28.33,23,4801.77,4547.59,50,304,194,0,0,0,440.32,0,
TXN10-01382,10,2026-06-05 11:02:59,3375.96,Food,100003,Card,DEV-10-8,Web,Goa,11,4,0,14.33,24,4806.94,4551.66,70,18,195,0,0,0,0.0,0,
TXN10-01383,10,2026-06-05 11:34:07,1922.91,Hotels,100012,UPI,DEV-10-1,iPhone,Goa,11,4,0,31.13,25,4835.78,4563.11,46,495,196,0,0,0,0.0,0,
TXN10-01384,10,2026-06-05 11:59:27,4436.54,Taxi,100001,Card,DEV-10-1,iPhone,Mumbai,11,4,0,25.33,26,4831.74,4564.94,150,496,306,0,0,0,440.32,0,
TXN10-01385,10,2026-06-05 12:14:45,5721.0,Taxi,100038,Card,DEV-10-1,iPhone,Mumbai,12,4,0,15.3,27,4837.16,4565.76,11,497,307,0,0,0,0.0,0,
TXN10-01386,10,2026-06-05 12:43:16,10000.0,Airlines,100009,Card,DEV-10-3,Android,Goa,12,4,0,28.52,28,4852.17,4574.37,51,206,197,0,0,0,440.32,0,
TXN10-01387,10,2026-06-05 12:54:53,4444.25,Hotels,100012,UPI,DEV-10-5,iPhone,Mumbai,12,4,0,11.62,29,4873.58,4584.35,47,70,308,0,0,0,440.32,0,
TXN10-01388,10,2026-06-05 13:05:24,7577.61,Food,100004,Card,DEV-10-2,iPhone,Delhi,13,4,0,10.52,30,4872.54,4578.86,39,305,251,0,0,0,1153.24,0,
TXN10-01389,10,2026-06-05 13:07:52,4693.36,Airlines,100027,Card,DEV-10-2,iPhone,Bangalore,13,4,0,2.47,31,4883.5,4579.89,20,306,218,0,0,0,1750.11,0,
TXN10-01390,10,2026-06-05 13:12:32,10000.0,Taxi,100031,UPI,DEV-10-2,iPhone,Goa,13,4,0,4.67,32,4883.04,4574.38,13,307,198,0,0,0,454.99,0,
TXN10-01391,10,2026-06-05 13:54:39,3656.53,Food,100002,UPI,DEV-10-2,iPhone,Delhi,13,4,0,42.12,33,4910.91,4581.24,115,308,252,0,0,0,1521.64,0,
TXN10-01392,10,2026-06-05 14:05:46,6626.97,Hotels,100012,Card,DEV-10-6,iPhone,Hyderabad,14,4,0,11.12,34,4907.89,4576.13,48,49,222,0,0,0,1266.53,0,
TXN10-01393,10,2026-06-05 14:10:52,600.22,Taxi,100006,UPI,DEV-10-2,iPhone,Bangalore,14,4,0,5.1,35,4912.02,4571.4,70,309,219,0,0,0,499.99,0,
TXN10-01394,10,2026-06-05 14:16:53,6935.1,Hotels,100035,UPI,DEV-10-3,Android,Delhi,14,4,0,6.02,36,4902.32,4576.26,9,207,253,0,0,0,1750.11,0,
TXN10-01395,10,2026-06-05 14:21:40,2068.83,Food,100018,Card,DEV-10-1,iPhone,Hyderabad,14,4,0,4.78,37,4907.19,4571.85,13,498,223,0,0,0,1266.53,0,
TXN10-01396,10,2026-06-05 14:49:44,6107.77,Hotels,100005,Card,DEV-10-1,iPhone,Mumbai,14,4,0,28.07,38,4915.01,4574.07,105,499,309,0,0,0,621.46,0,
TXN10-01397,10,2026-06-05 14:53:54,10000.0,Taxi,100021,UPI,DEV-10-2,iPhone,Delhi,14,4,0,4.17,39,4917.87,4568.96,38,310,254,0,0,0,1153.24,0,
TXN10-01398,10,2026-06-05 15:21:51,2638.54,Hotels,100025,Card,DEV-10-2,iPhone,Mumbai,15,4,0,27.95,40,4932.6,4575.41,16,311,310,0,0,0,1153.24,0,
TXN10-01399,10,2026-06-05 16:03:09,6212.59,Airlines,100007,UPI,DEV-10-2,iPhone,Bangalore,16,4,0,41.3,41,4927.63,4587.3,108,312,220,0,0,0,845.32,0,
TXN10-01400,10,2026-06-05 17:00:14,4010.66,Taxi,100006,Card,DEV-10-3,Android,Goa,17,4,0,57.08,42,4834.58,4034.46,71,208,199,0,0,0,454.99,0,
TXN10-01401,10,2026-06-05 17:16:25,1008.76,Food,100003,Card,DEV-10-7,Web,Delhi,17,4,0,16.18,43,4832.58,4029.76,71,40,255,0,0,0,1521.64,0,
TXN10-01402,10,2026-06-05 17:42:27,6311.87,Taxi,100024,Card,DEV-10-1,iPhone,Mumbai,17,4,0,26.03,44,4823.33,4029.27,20,500,311,0,0,0,1153.24,0,
TXN10-01403,10,2026-06-05 17:46:03,5492.14,Taxi,100006,Card,DEV-10-1,iPhone,Goa,17,4,0,3.6,45,4826.92,4025.06,72,501,200,0,0,0,440.32,0,
TXN10-01404,10,2026-06-05 19:02:36,4701.73,Taxi,100006,Card,DEV-10-6,iPhone,Mumbai,19,4,0,76.55,46,4837.13,4030.61,73,50,312,0,0,0,440.32,0,
TXN10-01405,10,2026-06-05 19:05:45,7349.74,Food,100019,Card,DEV-10-1,iPhone,Goa,19,4,0,3.15,47,4836.8,4025.73,13,502,201,0,0,0,440.32,0,
TXN10-01406,10,2026-06-05 19:20:57,910.89,Taxi,100031,UPI,DEV-10-2,iPhone,Chennai,19,4,0,15.2,48,4842.87,4022.76,14,313,176,0,0,0,706.92,0,
TXN10-01407,10,2026-06-05 19:29:16,8844.55,Taxi,100021,UPI,DEV-10-1,iPhone,Mumbai,19,4,0,8.32,49,4821.52,4024.2,39,503,313,0,0,0,1033.1,0,
TXN10-01408,10,2026-06-05 19:43:58,1292.85,Food,100058,Card,DEV-10-3,Android,Bangalore,19,4,0,14.7,50,4823.52,4025.99,1,209,221,0,0,1,845.32,0,
TXN10-01409,10,2026-06-05 19:55:43,10000.0,Hotels,100020,Card,DEV-10-4,Android,Bangalore,19,4,0,11.75,51,4814.99,4024.86,17,134,222,0,0,0,0.0,0,
TXN10-01410,10,2026-06-05 20:07:20,2463.13,Airlines,100036,Card,DEV-10-3,Android,Mumbai,20,4,0,11.62,52,4841.51,4032.58,12,210,314,0,0,0,845.32,0,
TXN10-01411,10,2026-06-05 20:07:31,6199.77,Hotels,100005,UPI,DEV-10-1,iPhone,Delhi,20,4,0,0.18,53,4835.76,4029.4,106,504,256,0,0,0,1153.24,0,
TXN10-01412,10,2026-06-05 20:11:13,1674.9,Food,100039,Card,DEV-10-1,iPhone,Bangalore,20,4,0,3.7,54,4836.82,4029.7,8,505,223,0,0,0,1750.11,0,
TXN10-01413,10,2026-06-05 20:11:54,4898.51,Hotels,100041,Card,DEV-10-5,iPhone,Hyderabad,20,4,0,0.68,55,4829.2,4027.82,8,71,224,0,0,0,499.99,0,
TXN10-01414,10,2026-06-05 20:30:39,6596.19,Hotels,100059,Card,DEV-10-3,Android,Delhi,20,4,0,18.75,56,4831.79,4027.52,1,211,257,0,0,1,1266.53,0,
TXN10-01415,10,2026-06-05 20:39:39,1918.61,Hotels,100005,Card,DEV-10-3,Android,Chennai,20,4,0,9.0,57,4836.03,4023.61,107,212,177,0,0,0,1767.65,0,
TXN10-01416,10,2026-06-05 20:51:10,3131.38,Food,100003,UPI,DEV-10-8,Web,Goa,20,4,0,11.52,58,4829.03,4021.31,72,19,202,0,0,0,706.92,0,
TXN10-01417,10,2026-06-05 21:16:10,6443.33,Food,100034,Card,DEV-10-3,Android,Mumbai,21,4,0,25.0,59,4824.97,4017.36,12,213,315,0,0,0,440.32,0,
TXN10-01418,10,2026-06-05 21:29:16,5415.46,Food,100008,UPI,DEV-10-8,Web,Bangalore,21,4,0,13.1,60,4828.84,4013.34,34,20,224,0,0,0,845.32,0,
TXN10-01419,10,2026-06-05 21:45:35,5253.87,Taxi,100032,Card,DEV-10-3,Android,Mumbai,21,4,0,16.32,61,4830.23,4008.66,16,214,316,0,0,0,845.32,0,
TXN10-01420,10,2026-06-05 22:00:07,2073.38,Taxi,100006,Card,DEV-10-1,iPhone,Hyderabad,22,4,0,14.53,62,4831.24,4003.95,74,506,225,0,0,0,621.46,0,
TXN10-01421,10,2026-06-05 22:07:57,3761.02,Food,100002,UPI,DEV-10-3,Android,Delhi,22,4,0,7.83,63,4824.7,4001.45,116,215,258,0,0,0,1266.53,0,
TXN10-01422,10,2026-06-05 22:14:56,2980.56,Taxi,100022,UPI,DEV-10-2,iPhone,Mumbai,22,4,0,6.98,64,4820.48,4001.63,22,314,317,0,0,0,1153.24,0,
TXN10-01423,10,2026-06-05 22:37:24,7017.85,Taxi,100038,Card,DEV-10-19,iPhone,Hyderabad,22,4,0,22.47,65,4815.75,4012.12,12,1,226,1,0,0,621.46,0,
TXN10-01424,10,2026-06-05 22:52:44,3282.45,Taxi,100006,Card,DEV-10-3,Android,Hyderabad,22,4,0,15.33,66,4820.98,4008.79,75,216,227,0,0,0,0.0,0,
TXN10-01425,10,2026-06-05 23:33:23,50000.0,Luxury Goods,100001,Card,DEV-10-1,iPhone,Mumbai,23,4,0,40.65,67,4809.79,4009.93,151,507,318,0,0,0,621.46,1,large_luxury_purchase
TXN10-01426,10,2026-06-06 05:46:07,50000.0,Luxury Goods,100001,Card,DEV-10-1,iPhone,Mumbai,5,5,1,372.73,1,4905.26,4569.47,152,508,319,0,0,0,0.0,1,large_luxury_purchase
TXN10-01427,10,2026-06-06 05:51:32,6027.15,Airlines,100007,UPI,DEV-10-1,iPhone,Hyderabad,5,5,1,5.42,2,5012.63,5065.62,109,509,228,0,0,0,621.46,0,
TXN10-01428,10,2026-06-06 06:01:13,3765.91,Taxi,100001,Card,DEV-UNK-5904,Web,Chennai,6,5,1,9.68,3,5015.04,5059.85,153,1,178,1,0,0,515.24,1,ato_new_device
TXN10-01429,10,2026-06-06 07:03:20,2742.91,Taxi,100043,UPI,DEV-10-2,iPhone,Hyderabad,7,5,1,62.12,4,5002.66,5071.46,6,315,229,0,0,0,515.24,0,
TXN10-01430,10,2026-06-06 07:06:02,8495.97,Taxi,100006,UPI,DEV-10-5,iPhone,Bangalore,7,5,1,2.7,5,4997.26,5066.6,76,72,225,0,0,0,499.99,0,
TXN10-01431,10,2026-06-06 07:17:43,3426.75,Food,100060,UPI,DEV-10-1,iPhone,Hyderabad,7,5,1,11.68,6,5009.08,5068.97,1,510,230,0,0,1,499.99,0,
TXN10-01432,10,2026-06-06 07:25:07,4527.74,Food,100002,Card,DEV-10-9,Android,Delhi,7,5,1,7.4,7,5005.32,5063.52,117,21,259,0,0,0,1266.53,0,
TXN10-01433,10,2026-06-06 09:17:18,3836.47,Taxi,100021,UPI,DEV-10-3,Android,Goa,9,5,1,112.18,8,5011.4,5084.42,40,217,203,0,0,0,1521.64,0,
TXN10-01434,10,2026-06-06 09:22:37,6710.58,Food,100016,UPI,DEV-10-1,iPhone,Hyderabad,9,5,1,5.32,9,5008.58,5078.63,14,511,231,0,0,0,520.05,0,
TXN10-01435,10,2026-06-06 09:31:30,4047.55,Food,100015,Card,DEV-10-2,iPhone,Chennai,9,5,1,8.88,10,5012.66,5073.22,20,316,179,0,0,0,515.24,0,
TXN10-01436,10,2026-06-06 10:03:56,1952.31,Hotels,100025,Card,DEV-10-4,Android,Mumbai,10,5,1,32.43,11,5010.35,5067.37,17,135,320,0,0,0,1033.1,0,
TXN10-01437,10,2026-06-06 10:06:22,4491.86,Taxi,100031,UPI,DEV-10-1,iPhone,Chennai,10,5,1,2.43,12,5003.05,5063.52,15,512,180,0,0,0,1033.1,0,
TXN10-01438,10,2026-06-06 10:27:58,3229.27,Hotels,100030,UPI,DEV-10-10,iPhone,Mumbai,10,5,1,21.6,13,5017.24,5072.34,13,13,321,0,0,0,1033.1,0,
TXN10-01439,10,2026-06-06 10:31:13,2949.4,Taxi,100001,UPI,DEV-10-1,iPhone,Bangalore,10,5,1,3.25,14,5012.97,5067.02,154,513,226,0,0,0,845.32,0,
TXN10-01440,10,2026-06-06 10:36:31,3269.46,Food,100055,UPI,DEV-10-6,iPhone,Mumbai,10,5,1,5.3,15,5008.04,5061.97,2,51,322,0,0,0,845.32,0,
TXN10-01441,10,2026-06-06 10:52:39,10000.0,Hotels,100056,UPI,DEV-10-6,iPhone,Chennai,10,5,1,16.13,16,5003.9,5056.65,2,52,181,0,0,0,1033.1,0,
TXN10-01442,10,2026-06-06 10:54:50,3358.01,Food,100002,Card,DEV-10-2,iPhone,Hyderabad,10,5,1,2.18,17,5015.77,5056.49,118,317,232,0,0,0,515.24,0,
TXN10-01443,10,2026-06-06 11:10:31,8228.45,Airlines,100009,Card,DEV-10-5,iPhone,Goa,11,5,1,15.68,18,5000.15,5060.18,52,73,204,0,0,0,520.05,0,
TXN10-01444,10,2026-06-06 11:28:32,4340.33,Taxi,100021,Card,DEV-10-7,Web,Hyderabad,11,5,1,18.02,19,5007.81,5056.61,41,41,233,0,0,0,520.05,0,
TXN10-01445,10,2026-06-06 11:54:41,2989.85,Food,100011,UPI,DEV-10-1,iPhone,Mumbai,11,5,1,26.15,20,5008.25,5058.16,23,514,323,0,0,0,621.46,0,
TXN10-01446,10,2026-06-06 12:01:48,1386.71,Hotels,100012,Card,DEV-10-1,iPhone,Mumbai,12,5,1,7.12,21,5003.46,5053.11,49,515,324,0,0,0,0.0,0,
TXN10-01447,10,2026-06-06 12:05:34,903.84,Taxi,100021,Card,DEV-10-2,iPhone,Delhi,12,5,1,3.77,22,4994.88,5050.18,42,318,260,0,0,0,1153.24,0,
TXN10-01448,10,2026-06-06 12:39:04,871.32,Airlines,100007,UPI,DEV-10-5,iPhone,Bangalore,12,5,1,33.5,23,4988.81,5063.37,110,74,227,0,0,0,1750.11,0,
TXN10-01449,10,2026-06-06 12:55:41,1642.41,Food,100182,Card,DEV-10-2,iPhone,Hyderabad,12,5,1,16.62,24,4979.03,5061.33,1,319,234,0,0,1,499.99,1,ato_new_merchant_same_category
TXN10-01450,10,2026-06-06 13:07:38,6698.97,Hotels,100030,UPI,DEV-10-1,iPhone,Mumbai,13,5,1,11.95,25,4979.12,5061.27,14,516,325,0,0,0,621.46,0,
TXN10-01451,10,2026-06-06 13:39:50,10000.0,Food,100058,UPI,DEV-10-1,iPhone,Chennai,13,5,1,32.2,26,4984.89,5069.87,2,517,182,0,0,0,1033.1,0,
TXN10-01452,10,2026-06-06 13:56:58,6322.56,Food,100002,UPI,DEV-10-6,iPhone,Delhi,13,5,1,17.13,27,5001.35,5074.93,119,53,261,0,0,0,1767.65,0,
TXN10-01453,10,2026-06-06 14:18:19,1249.31,Airlines,100009,UPI,DEV-10-20,Web,Bangalore,14,5,1,21.35,28,5008.37,5074.72,53,1,228,1,0,0,1750.11,0,
TXN10-01454,10,2026-06-06 14:33:56,2674.45,Airlines,100007,UPI,DEV-10-1,iPhone,Delhi,14,5,1,15.62,29,4999.42,5071.99,111,518,262,0,0,0,1750.11,0,
TXN10-01455,10,2026-06-06 14:35:32,2963.12,Taxi,100048,UPI,DEV-10-3,Android,Hyderabad,14,5,1,1.6,30,4993.9,5067.22,6,218,235,0,0,0,1266.53,0,
TXN10-01456,10,2026-06-06 14:46:27,3068.69,Hotels,100005,UPI,DEV-10-4,Android,Delhi,14,5,1,10.92,31,4996.06,5075.98,108,136,263,0,0,0,1266.53,0,
TXN10-01457,10,2026-06-06 15:04:44,7716.74,Taxi,100054,UPI,DEV-10-1,iPhone,Goa,15,5,1,18.28,32,4991.47,5070.8,3,519,205,0,0,0,1521.64,0,
TXN10-01458,10,2026-06-06 15:14:14,2019.49,Food,100003,UPI,DEV-10-1,iPhone,Mumbai,15,5,1,9.5,33,4997.95,5066.51,73,520,326,0,0,0,440.32,0,
TXN10-01459,10,2026-06-06 15:21:18,5857.53,Food,100015,UPI,DEV-10-2,iPhone,Delhi,15,5,1,7.07,34,4990.89,5062.58,21,320,264,0,0,0,1153.24,0,
TXN10-01460,10,2026-06-06 15:49:13,4014.12,Taxi,100006,UPI,DEV-10-5,iPhone,Delhi,15,5,1,27.92,35,4997.85,5061.74,77,75,265,0,0,0,0.0,0,
TXN10-01461,10,2026-06-06 15:49:30,2363.23,Airlines,100026,Card,DEV-10-3,Android,Goa,15,5,1,0.28,36,4995.53,5055.98,24,219,206,0,0,0,1521.64,0,
TXN10-01462,10,2026-06-06 16:27:23,1374.97,Airlines,100007,Card,DEV-10-9,Android,Mumbai,16,5,1,37.88,37,4984.25,5061.45,112,22,327,0,0,0,440.32,0,
TXN10-01463,10,2026-06-06 16:29:57,2879.73,Airlines,100027,Card,DEV-10-3,Android,Delhi,16,5,1,2.57,38,4975.72,5058.5,21,220,266,0,0,0,1153.24,0,
TXN10-01464,10,2026-06-06 16:39:49,2651.16,Hotels,100012,Card,DEV-10-5,iPhone,Mumbai,16,5,1,9.87,39,4970.77,5053.55,50,76,328,0,0,0,1153.24,0,
TXN10-01465,10,2026-06-06 16:48:42,3231.12,Hotels,100010,Card,DEV-10-2,iPhone,Mumbai,16,5,1,8.88,40,4965.31,5048.86,73,321,329,0,0,0,0.0,0,
TXN10-01466,10,2026-06-06 17:25:04,4170.37,Airlines,100013,Card,DEV-10-3,Android,Delhi,17,5,1,36.37,41,4954.86,5060.69,34,221,267,0,0,0,1153.24,0,
TXN10-01467,10,2026-06-06 18:22:37,3410.03,Airlines,100007,Card,DEV-10-2,iPhone,Goa,18,5,1,57.55,42,4951.9,5065.84,113,322,207,0,0,0,1521.64,0,
TXN10-01468,10,2026-06-06 18:26:59,9029.28,Food,100002,Card,DEV-10-6,iPhone,Bangalore,18,5,1,4.37,43,4948.25,5060.4,120,54,229,0,0,0,454.99,0,
TXN10-01469,10,2026-06-06 18:29:27,5250.0,Airlines,100001,Card,DEV-UNK-7204,Web,Mumbai,18,5,1,2.47,44,4957.88,5058.31,155,1,330,1,0,0,845.32,1,unknown_device
TXN10-01470,10,2026-06-06 18:38:36,2077.24,Food,100015,Card,DEV-10-6,iPhone,Mumbai,18,5,1,9.15,45,4958.57,5052.37,22,55,331,0,0,0,0.0,0,
TXN10-01471,10,2026-06-06 18:42:33,7319.54,Airlines,100009,UPI,DEV-10-7,Web,Goa,18,5,1,3.95,46,4951.8,5048.37,54,42,208,0,0,0,440.32,0,
TXN10-01472,10,2026-06-06 18:51:16,7182.22,Hotels,100012,Card,DEV-10-5,iPhone,Mumbai,18,5,1,8.72,47,4965.26,5047.02,51,77,332,0,0,0,440.32,0,
TXN10-01473,10,2026-06-06 18:53:33,8384.71,Food,100028,UPI,DEV-10-5,iPhone,Delhi,18,5,1,2.28,48,4970.45,5042.25,13,78,268,0,0,0,1153.24,0,
TXN10-01474,10,2026-06-06 19:15:58,5034.46,Food,100008,Card,DEV-10-2,iPhone,Delhi,19,5,1,22.42,49,4978.69,5051.34,35,323,269,0,0,0,0.0,0,
TXN10-01475,10,2026-06-06 19:18:22,4036.16,Food,100002,UPI,DEV-10-1,iPhone,Chandigarh,19,5,1,2.4,50,4978.82,5045.41,121,521,2,0,0,0,227.78,0,
TXN10-01476,10,2026-06-06 19:22:21,10000.0,Taxi,100021,Card,DEV-10-2,iPhone,Mumbai,19,5,1,3.98,51,4979.81,5045.19,43,324,333,0,0,0,1354.32,0,
TXN10-01477,10,2026-06-06 19:25:57,1257.9,Airlines,100007,UPI,DEV-10-2,iPhone,Delhi,19,5,1,3.6,52,4991.56,5045.12,114,325,270,0,0,0,1153.24,0,
TXN10-01478,10,2026-06-06 19:27:33,2425.62,Food,100019,UPI,DEV-10-2,iPhone,Goa,19,5,1,1.6,53,4982.84,5042.44,14,326,209,0,0,0,1521.64,0,
TXN10-01479,10,2026-06-06 19:29:15,4123.66,Airlines,100007,Card,DEV-10-2,iPhone,Goa,19,5,1,1.7,54,4976.88,5038.07,115,327,210,0,0,0,0.0,0,
TXN10-01480,10,2026-06-06 19:30:14,6665.87,Taxi,100006,Card,DEV-10-1,iPhone,Delhi,19,5,1,0.98,55,4974.9,5032.38,78,522,271,0,0,0,1521.64,0,
TXN10-01481,10,2026-06-06 19:40:36,3829.03,Taxi,100021,Card,DEV-10-1,iPhone,Mumbai,19,5,1,10.37,56,4977.53,5032.97,44,523,334,0,0,0,1153.24,0,
TXN10-01482,10,2026-06-06 19:42:03,3407.59,Taxi,100001,UPI,DEV-10-1,iPhone,Mumbai,19,5,1,1.45,57,4974.87,5027.43,156,524,335,0,0,0,0.0,0,
TXN10-01483,10,2026-06-06 20:04:29,2043.82,Food,100053,Card,DEV-10-3,Android,Goa,20,5,1,22.43,58,4952.71,5031.78,3,222,211,0,0,0,440.32,0,
TXN10-01484,10,2026-06-06 20:17:03,6521.48,Hotels,100012,Card,DEV-10-13,Web,Goa,20,5,1,12.57,59,4945.94,5027.88,52,4,212,0,0,0,0.0,0,
TXN10-01485,10,2026-06-06 20:32:46,3816.33,Airlines,100009,UPI,DEV-10-1,iPhone,Delhi,20,5,1,15.72,60,4953.29,5027.87,55,525,272,0,0,0,1521.64,0,
TXN10-01486,10,2026-06-06 20:33:31,2840.31,Food,100004,Card,DEV-10-4,Android,Mumbai,20,5,1,0.75,61,4950.65,5022.33,40,137,336,0,0,0,1153.24,0,
TXN10-01487,10,2026-06-06 20:44:44,5753.87,Hotels,100046,Card,DEV-10-1,iPhone,Goa,20,5,1,11.22,62,4945.76,5017.54,4,526,213,0,0,0,440.32,0,
TXN10-01488,10,2026-06-06 20:48:08,4549.51,Hotels,100010,Card,DEV-10-4,Android,Hyderabad,20,5,1,3.4,63,4947.63,5011.89,74,138,236,0,0,0,520.05,0,
TXN10-01489,10,2026-06-06 20:50:42,3944.25,Food,100034,Card,DEV-10-6,iPhone,Bangalore,20,5,1,2.57,64,4946.71,5006.15,13,56,230,0,0,0,499.99,0,
TXN10-01490,10,2026-06-06 21:16:49,3214.97,Food,100014,UPI,DEV-10-1,iPhone,Hyderabad,21,5,1,26.12,65,4935.24,5005.99,21,527,237,0,0,0,499.99,0,
TXN10-01491,10,2026-06-06 21:58:20,7554.02,Food,100008,UPI,DEV-10-6,iPhone,Mumbai,21,5,1,41.52,66,4921.64,5015.21,36,57,337,0,0,0,621.46,0,
TXN10-01492,10,2026-06-06 23:09:27,3288.53,Taxi,100043,Card,DEV-10-2,iPhone,Mumbai,23,5,1,71.12,67,4925.0,5033.24,7,328,338,0,0,0,0.0,0,
TXN10-01493,10,2026-06-06 23:25:02,7834.46,Airlines,100029,Card,DEV-10-3,Android,Bangalore,23,5,1,15.58,68,4935.79,5035.06,17,223,231,0,0,0,845.32,0,
TXN10-01494,10,2026-06-06 23:25:11,1658.17,Airlines,100007,UPI,DEV-10-5,iPhone,Mumbai,23,5,1,0.15,69,4942.6,5031.1,116,79,339,0,0,0,845.32,0,
TXN10-01495,10,2026-06-06 23:25:38,3335.05,Hotels,100017,Card,DEV-10-3,Android,Delhi,23,5,1,0.45,70,4934.9,5027.72,23,224,273,0,0,0,1153.24,0,
TXN10-01496,10,2026-06-06 23:27:00,8146.36,Hotels,100061,UPI,DEV-10-1,iPhone,Goa,23,5,1,1.37,71,4931.17,5022.43,2,528,214,0,0,0,1521.64,0,
TXN10-01497,10,2026-06-06 23:30:37,5637.71,Taxi,100043,Card,DEV-10-5,iPhone,Bangalore,23,5,1,3.62,72,4938.66,5018.97,8,80,232,0,0,0,454.99,0,
TXN10-01498,10,2026-06-06 23:37:22,3646.47,Food,100051,Card,DEV-10-2,iPhone,Goa,23,5,1,6.75,73,4940.29,5013.25,2,329,215,0,0,0,454.99,0,
TXN10-01499,10,2026-06-06 23:45:16,1574.43,Hotels,100005,UPI,DEV-10-1,iPhone,Delhi,23,5,1,7.9,74,4937.28,5007.81,109,529,274,0,0,0,1521.64,0,
TXN10-01500,10,2026-06-06 23:45:23,1021.53,Hotels,100005,Card,DEV-10-2,iPhone,Hyderabad,23,5,1,0.12,75,4929.5,5004.62,110,330,238,0,0,0,1266.53,0,
TXN10-01501,10,2026-06-07 02:31:49,4613.72,Taxi,100001,Card,DEV-UNK-1764,Android,Chennai,2,6,1,166.43,1,4927.03,5006.29,157,1,183,1,0,0,515.24,1,ato_new_device_odd_hour
TXN10-01502,10,2026-06-07 05:14:40,9173.6,Taxi,100001,Card,DEV-10-3,Android,Surat,5,6,1,162.85,2,4926.31,5000.52,158,225,3,0,0,0,1196.79,0,
TXN10-01503,10,2026-06-07 05:35:16,2961.98,Airlines,100036,Card,DEV-10-1,iPhone,Delhi,5,6,1,20.6,3,4941.76,5003.29,13,530,275,0,0,0,941.71,0,
TXN10-01504,10,2026-06-07 06:00:43,4029.52,Food,100044,UPI,DEV-10-2,iPhone,Goa,6,6,1,25.45,4,4941.81,5003.27,6,331,216,0,0,0,1521.64,0,
TXN10-01505,10,2026-06-07 06:12:01,1138.99,Hotels,100033,UPI,DEV-10-3,Android,Mumbai,6,6,1,11.3,5,4945.11,5007.16,15,226,340,0,0,0,440.32,0,
TXN10-01506,10,2026-06-07 06:15:50,4524.77,Taxi,100001,Card,DEV-10-2,iPhone,Hyderabad,6,6,1,3.82,6,4936.32,5004.72,159,332,239,0,0,0,621.46,0,
TXN10-01507,10,2026-06-07 06:18:46,3717.56,Food,100004,UPI,DEV-10-2,iPhone,Bangalore,6,6,1,2.93,7,4935.37,4998.98,41,333,233,0,0,0,499.99,0,
TXN10-01508,10,2026-06-07 07:15:26,4399.23,Food,100050,UPI,DEV-10-3,Android,Chennai,7,6,1,56.67,8,4938.05,4998.02,8,227,184,0,0,0,290.17,0,
TXN10-01509,10,2026-06-07 07:16:37,3812.96,Taxi,100048,UPI,DEV-10-9,Android,Delhi,7,6,1,1.18,9,4936.81,4992.34,7,23,276,0,0,0,1767.65,0,
TXN10-01510,10,2026-06-07 07:27:50,2121.75,Hotels,100017,UPI,DEV-10-1,iPhone,Bangalore,7,6,1,11.22,10,4939.46,4991.43,24,531,234,0,0,0,1750.11,0,
TXN10-01511,10,2026-06-07 07:47:12,4628.59,Hotels,100020,Card,DEV-10-12,iPhone,Bangalore,7,6,1,19.37,11,4937.73,4992.28,18,5,235,0,0,0,0.0,0,
TXN10-01512,10,2026-06-07 08:39:45,5018.05,Hotels,100012,UPI,DEV-10-3,Android,Chennai,8,6,1,52.55,12,4943.22,4990.63,53,228,185,0,0,0,290.17,0,
TXN10-01513,10,2026-06-07 08:40:58,2910.05,Airlines,100009,Card,DEV-10-3,Android,Mumbai,8,6,1,1.22,13,4943.39,4984.9,56,229,341,0,0,0,1033.1,0,
TXN10-01514,10,2026-06-07 08:41:53,892.15,Hotels,100017,Card,DEV-10-1,iPhone,Bangalore,8,6,1,0.92,14,4938.74,4980.14,25,532,236,0,0,0,845.32,0,
TXN10-01515,10,2026-06-07 09:01:51,3987.07,Hotels,100012,Card,DEV-10-5,iPhone,Goa,9,6,1,19.97,15,4933.68,4983.12,54,81,217,0,0,0,454.99,0,
TXN10-01516,10,2026-06-07 09:43:55,10000.0,Food,100002,Card,DEV-10-2,iPhone,Chennai,9,6,1,42.07,16,4926.87,4982.38,122,334,186,0,0,0,706.92,0,
TXN10-01517,10,2026-06-07 10:04:02,4557.57,Taxi,100001,Card,DEV-10-2,iPhone,Bangalore,10,6,1,20.12,17,4933.29,4987.1,160,335,237,0,0,0,290.17,0,
TXN10-01518,10,2026-06-07 10:06:50,2942.2,Hotels,100005,Card,DEV-10-11,Web,Delhi,10,6,1,2.8,18,4932.44,4981.44,111,7,277,0,0,0,1750.11,0,
TXN10-01519,10,2026-06-07 10:14:46,2313.66,Hotels,100020,Card,DEV-10-4,Android,Mumbai,10,6,1,7.93,19,4927.9,4976.67,19,139,342,0,0,0,1153.24,0,
TXN10-01520,10,2026-06-07 10:53:32,6159.06,Food,100004,Card,DEV-10-6,iPhone,Delhi,10,6,1,38.77,20,4921.96,4972.57,42,58,278,0,0,0,1153.24,0,
TXN10-01521,10,2026-06-07 10:54:31,2427.71,Hotels,100046,UPI,DEV-10-1,iPhone,Mumbai,10,6,1,0.98,21,4924.77,4967.27,5,533,343,0,0,0,1153.24,0,
TXN10-01522,10,2026-06-07 10:56:56,2648.24,Food,100002,Card,DEV-10-1,iPhone,Delhi,10,6,1,2.42,22,4919.12,4963.07,123,534,279,0,0,0,1153.24,0,
TXN10-01523,10,2026-06-07 11:06:03,1543.33,Taxi,100001,Card,DEV-10-4,Android,Mumbai,11,6,1,9.12,23,4913.99,4958.64,161,140,344,0,0,0,1153.24,0,
TXN10-01524,10,2026-06-07 11:09:40,2439.3,Airlines,100007,Card,DEV-10-1,iPhone,Mumbai,11,6,1,3.62,24,4908.22,4961.07,117,535,345,0,0,0,0.0,0,
TXN10-01525,10,2026-06-07 11:25:33,5205.36,Airlines,100007,UPI,DEV-10-1,iPhone,Chennai,11,6,1,15.88,25,4902.66,4956.86,118,536,187,0,0,0,1033.1,0,
TXN10-01526,10,2026-06-07 12:38:18,7078.53,Airlines,100013,Card,DEV-10-3,Android,Goa,12,6,1,72.75,26,4891.37,4961.71,35,230,218,0,0,0,706.92,0,
TXN10-01527,10,2026-06-07 12:38:48,2568.64,Taxi,100032,UPI,DEV-10-2,iPhone,Chennai,12,6,1,0.5,27,4896.3,4957.2,17,336,188,0,0,0,706.92,0,
TXN10-01528,10,2026-06-07 12:43:33,3498.95,Hotels,100020,Card,DEV-10-4,Android,Delhi,12,6,1,4.75,28,4891.06,4952.84,20,141,280,0,0,0,1767.65,0,
TXN10-01529,10,2026-06-07 12:43:59,2273.78,Food,100003,UPI,DEV-10-3,Android,Delhi,12,6,1,0.43,29,4887.93,4947.71,74,231,281,0,0,0,0.0,0,
TXN10-01530,10,2026-06-07 12:45:56,6110.47,Taxi,100001,UPI,DEV-10-3,Android,Mumbai,12,6,1,1.95,30,4882.07,4943.71,162,232,346,0,0,0,1153.24,0,
TXN10-01531,10,2026-06-07 12:49:42,3317.06,Airlines,100007,UPI,DEV-10-2,iPhone,Chennai,12,6,1,3.77,31,4889.51,4947.19,119,337,189,0,0,0,1033.1,0,
TXN10-01532,10,2026-06-07 13:18:40,5949.6,Hotels,100020,UPI,DEV-10-3,Android,Goa,13,6,1,28.97,32,4896.09,4951.01,21,233,219,0,0,0,706.92,0,
TXN10-01533,10,2026-06-07 13:21:16,2828.53,Hotels,100005,UPI,DEV-10-1,iPhone,Goa,13,6,1,2.6,33,4898.46,4945.7,112,537,220,0,0,0,0.0,0,
TXN10-01534,10,2026-06-07 13:29:56,2622.25,Food,100003,UPI,DEV-10-1,iPhone,Mumbai,13,6,1,8.67,34,4893.82,4941.12,75,538,347,0,0,0,440.32,0,
TXN10-01535,10,2026-06-07 13:31:55,8360.47,Airlines,100009,Card,DEV-10-2,iPhone,Goa,13,6,1,1.98,35,4887.82,4942.25,57,338,221,0,0,0,440.32,0,
TXN10-01536,10,2026-06-07 13:39:51,2423.28,Airlines,100013,Card,DEV-10-1,iPhone,Mumbai,13,6,1,7.93,36,4895.58,4939.44,36,539,348,0,0,0,440.32,0,
TXN10-01537,10,2026-06-07 13:49:40,5116.81,Food,100011,Card,DEV-10-1,iPhone,Chennai,13,6,1,9.82,37,4888.82,4940.47,24,540,190,0,0,0,1033.1,0,
TXN10-01538,10,2026-06-07 14:38:56,3617.64,Food,100034,Card,DEV-10-1,iPhone,Bangalore,14,6,1,49.27,38,4896.04,4938.44,14,541,238,0,0,0,290.17,0,
TXN10-01539,10,2026-06-07 14:43:49,5880.74,Hotels,100052,Card,DEV-10-1,iPhone,Bangalore,14,6,1,4.88,39,4893.18,4933.29,4,542,239,0,0,0,0.0,0,
TXN10-01540,10,2026-06-07 14:46:57,4887.03,Hotels,100025,UPI,DEV-10-1,iPhone,Bangalore,14,6,1,3.13,40,4895.39,4928.0,18,543,240,0,0,0,0.0,0,
TXN10-01541,10,2026-06-07 15:02:59,4125.66,Taxi,100006,Card,DEV-10-2,iPhone,Bangalore,15,6,1,16.03,41,4895.37,4922.51,79,339,241,0,0,0,0.0,0,
TXN10-01542,10,2026-06-07 15:20:42,3846.48,Taxi,100001,Card,DEV-10-1,iPhone,Goa,15,6,1,17.72,42,4882.64,4917.09,163,544,222,0,0,0,454.99,0,
TXN10-01543,10,2026-06-07 15:35:06,2621.71,Food,100050,Card,DEV-10-3,Android,Mumbai,15,6,1,14.4,43,4883.6,4916.85,9,234,349,0,0,0,440.32,0,
TXN10-01544,10,2026-06-07 15:51:38,1209.74,Food,100002,UPI,DEV-10-1,iPhone,Goa,15,6,1,16.53,44,4878.58,4912.54,124,545,223,0,0,0,440.32,0,
TXN10-01545,10,2026-06-07 16:05:41,1423.23,Hotels,100062,UPI,DEV-10-1,iPhone,Delhi,16,6,1,14.05,45,4877.98,4912.97,1,546,282,0,0,1,1521.64,0,
TXN10-01546,10,2026-06-07 16:11:20,5019.77,Food,100002,UPI,DEV-10-1,iPhone,Bangalore,16,6,1,5.65,46,4870.31,4910.21,125,547,242,0,0,0,1750.11,0,
TXN10-01547,10,2026-06-07 16:22:09,10000.0,Taxi,100031,UPI,DEV-10-3,Android,Chennai,16,6,1,10.82,47,4870.65,4904.78,16,235,191,0,0,0,290.17,0,
TXN10-01548,10,2026-06-07 16:31:33,4449.58,Food,100002,Card,DEV-10-2,iPhone,Hyderabad,16,6,1,9.4,48,4881.97,4905.27,126,340,240,0,0,0,515.24,0,
TXN10-01549,10,2026-06-07 16:55:11,4009.66,Food,100042,UPI,DEV-10-7,Web,Delhi,16,6,1,23.63,49,4881.02,4899.91,2,43,283,0,0,0,1266.53,0,
TXN10-01550,10,2026-06-07 17:13:44,1634.44,Food,100003,Card,DEV-10-1,iPhone,Mumbai,17,6,1,18.55,50,4879.1,4894.69,76,548,350,0,0,0,1153.24,0,
TXN10-01551,10,2026-06-07 17:32:30,2491.66,Food,100042,Card,DEV-10-6,iPhone,Bangalore,17,6,1,18.77,51,4878.09,4895.31,3,59,243,0,0,0,845.32,0,
TXN10-01552,10,2026-06-07 17:39:41,5294.48,Taxi,100006,Card,DEV-10-1,iPhone,Goa,17,6,1,7.18,52,4872.86,4891.22,80,549,224,0,0,0,454.99,0,
TXN10-01553,10,2026-06-07 18:32:06,2218.73,Food,100002,UPI,DEV-10-1,iPhone,Bangalore,18,6,1,52.42,53,4872.82,4896.6,127,550,244,0,0,0,454.99,0,
TXN10-01554,10,2026-06-07 18:36:01,7078.03,Airlines,100029,Card,DEV-10-3,Android,Delhi,18,6,1,3.92,54,4867.0,4892.8,18,236,284,0,0,0,1750.11,0,
TXN10-01555,10,2026-06-07 18:36:43,6497.71,Food,100042,Card,DEV-10-11,Web,Hyderabad,18,6,1,0.7,55,4871.84,4888.54,4,8,241,0,0,0,1266.53,0,
TXN10-01556,10,2026-06-07 18:59:44,8128.02,Taxi,100006,UPI,DEV-10-1,iPhone,Goa,18,6,1,23.02,56,4874.96,4889.12,81,551,225,0,0,0,520.05,0,
TXN10-01557,10,2026-06-07 19:19:10,2772.93,Hotels,100046,UPI,DEV-10-3,Android,Delhi,19,6,1,19.43,57,4882.07,4886.14,6,237,285,0,0,0,1521.64,0,
TXN10-01558,10,2026-06-07 19:21:22,3201.98,Airlines,100027,Card,DEV-10-1,iPhone,Goa,19,6,1,2.2,58,4877.47,4881.8,22,552,226,0,0,0,1521.64,0,
TXN10-01559,10,2026-06-07 19:39:31,3810.32,Taxi,100001,Card,DEV-10-3,Android,Bangalore,19,6,1,18.15,59,4883.42,4884.95,164,238,245,0,0,0,454.99,0,
TXN10-01560,10,2026-06-07 20:08:32,8037.02,Airlines,100027,UPI,DEV-10-2,iPhone,Hyderabad,20,6,1,29.02,60,4881.08,4879.88,23,341,242,0,0,0,499.99,0,
TXN10-01561,10,2026-06-07 20:10:33,8657.07,Food,100039,UPI,DEV-10-1,iPhone,Mumbai,20,6,1,2.02,61,4887.94,4876.79,9,553,351,0,0,0,621.46,0,
TXN10-01562,10,2026-06-07 20:10:47,5204.44,Taxi,100031,Card,DEV-10-1,iPhone,Mumbai,20,6,1,0.23,62,4896.12,4874.65,17,554,352,0,0,0,0.0,0,
TXN10-01563,10,2026-06-07 20:28:23,1251.88,Food,100002,UPI,DEV-10-11,Web,Goa,20,6,1,17.6,63,4900.81,4873.9,128,9,227,0,0,0,440.32,0,
TXN10-01564,10,2026-06-07 20:30:23,7317.56,Food,100014,Card,DEV-10-3,Android,Delhi,20,6,1,2.0,64,4892.92,4871.58,22,239,286,0,0,0,1521.64,1,ato_short_gap
TXN10-01565,10,2026-06-07 21:09:02,6101.8,Food,100003,UPI,DEV-10-2,iPhone,Mumbai,21,6,1,38.65,65,4895.84,4872.62,77,342,353,0,0,0,1153.24,0,
TXN10-01566,10,2026-06-07 21:14:35,2345.14,Airlines,100009,Card,DEV-10-2,iPhone,Hyderabad,21,6,1,5.55,66,4898.44,4867.68,58,343,243,0,0,0,621.46,0,
TXN10-01567,10,2026-06-07 21:37:29,1605.09,Taxi,100063,Card,DEV-10-1,iPhone,Hyderabad,21,6,1,22.9,67,4889.6,4868.59,1,555,244,0,0,1,0.0,0,
TXN10-01568,10,2026-06-07 21:51:30,3976.34,Hotels,100017,Card,DEV-10-3,Android,Kolkata,21,6,1,14.02,68,4878.28,4870.13,26,240,2,0,0,0,1181.88,0,
TXN10-01569,10,2026-06-07 21:58:39,3323.34,Taxi,100162,UPI,DEV-10-12,iPhone,Delhi,21,6,1,7.15,69,4876.34,4865.05,1,6,287,0,0,1,1317.75,1,ato_new_merchant_same_category_higher_amount
TXN10-01570,10,2026-06-07 22:02:45,2666.12,Food,100002,Card,DEV-10-7,Web,Bangalore,22,6,1,4.1,70,4873.0,4860.35,129,44,246,0,0,0,1750.11,0,
TXN10-01571,10,2026-06-07 22:08:32,8020.8,Food,100004,UPI,DEV-10-1,iPhone,Mumbai,22,6,1,5.78,71,4868.26,4856.21,43,556,354,0,0,0,845.32,0,
TXN10-01572,10,2026-06-07 22:15:36,2256.26,Airlines,100007,Card,DEV-10-5,iPhone,Chennai,22,6,1,7.07,72,4875.01,4853.19,120,82,192,0,0,0,1033.1,0,
TXN10-01573,10,2026-06-07 22:17:29,4167.18,Taxi,100048,Card,DEV-10-7,Web,Hyderabad,22,6,1,1.88,73,4869.42,4849.51,8,45,245,0,0,0,515.24,0,
TXN10-01574,10,2026-06-07 22:19:43,1432.01,Hotels,100017,UPI,DEV-10-3,Android,Mumbai,22,6,1,2.23,74,4867.92,4844.45,27,241,355,0,0,0,621.46,0,
TXN10-01575,10,2026-06-07 22:20:34,3022.8,Food,100003,UPI,DEV-10-2,iPhone,Delhi,22,6,1,0.85,75,4863.91,4846.51,78,344,288,0,0,0,1153.24,0,
TXN10-01576,10,2026-06-07 22:25:41,1807.07,Hotels,100020,Card,DEV-10-1,iPhone,Delhi,22,6,1,5.12,76,4859.99,4842.1,22,557,289,0,0,0,0.0,0,
TXN10-01577,10,2026-06-07 23:08:20,3747.89,Airlines,100007,Card,DEV-10-15,iPhone,Chennai,23,6,1,42.65,77,4877.69,4852.36,121,2,193,0,0,0,1767.65,0,
TXN10-01578,10,2026-06-07 23:19:30,2437.09,Taxi,100021,Card,DEV-10-1,iPhone,Hyderabad,23,6,1,11.17,78,4875.28,4847.46,45,558,246,0,0,0,515.24,0,
TXN10-01579,10,2026-06-07 23:27:34,821.2,Food,100011,UPI,DEV-10-4,Android,Bangalore,23,6,1,8.07,79,4870.08,4843.59,25,142,247,0,0,0,499.99,0,
TXN10-01580,10,2026-06-07 23:28:11,4798.26,Airlines,100009,UPI,DEV-10-1,iPhone,Delhi,23,6,1,0.62,80,4861.47,4842.03,59,559,290,0,0,0,1750.11,0,
TXN10-01581,10,2026-06-07 23:28:12,1648.51,Airlines,100027,Card,DEV-10-3,Android,Chennai,23,6,1,0.02,81,4861.33,4836.89,24,242,194,0,0,0,1767.65,0,
TXN10-01582,10,2026-06-07 23:30:12,1908.8,Airlines,100172,Card,DEV-10-5,iPhone,Goa,23,6,1,2.0,82,4854.53,4834.02,1,83,228,0,0,1,706.92,1,ato_short_gap_new_merchant_same_category
TXN10-01583,10,2026-06-07 23:54:24,2545.06,Taxi,100006,Card,DEV-10-4,Android,Bangalore,23,6,1,24.2,83,4848.3,4830.81,82,143,248,0,0,0,454.99,0,
TXN10-01584,10,2026-06-08 06:21:04,5414.51,Taxi,100001,Card,DEV-10-5,iPhone,Hyderabad,6,0,0,386.67,1,4835.94,4826.2,165,84,247,0,0,0,499.99,0,
TXN10-01585,10,2026-06-08 06:24:17,1222.87,Taxi,100040,Card,DEV-10-4,Android,Chennai,6,0,0,3.22,2,4837.16,4821.17,7,144,195,0,0,0,515.24,0,
TXN10-01586,10,2026-06-08 06:25:13,4426.73,Food,100002,Card,DEV-10-1,iPhone,Delhi,6,0,0,0.93,3,4829.53,4818.94,130,560,291,0,0,0,1767.65,0,
TXN10-01587,10,2026-06-08 06:46:19,2852.05,Food,100003,UPI,DEV-10-6,iPhone,Mumbai,6,0,0,21.1,4,4828.69,4813.9,79,60,356,0,0,0,1153.24,0,
TXN10-01588,10,2026-06-08 07:40:22,7456.59,Food,100002,Card,DEV-10-3,Android,Goa,7,0,0,54.05,5,4824.5,4829.42,131,243,229,0,0,0,440.32,0,
TXN10-01589,10,2026-06-08 08:03:00,8540.28,Food,100002,UPI,DEV-10-2,iPhone,Chennai,8,0,0,22.63,6,4831.35,4834.61,132,345,196,0,0,0,706.92,0,
TXN10-01590,10,2026-06-08 09:04:44,7843.32,Hotels,100020,Card,DEV-10-3,Android,Goa,9,0,0,61.73,7,4845.29,4843.24,23,244,230,0,0,0,706.92,0,
TXN10-01591,10,2026-06-08 09:11:59,3392.31,Hotels,100059,Card,DEV-10-1,iPhone,Kochi,9,0,0,7.25,8,4851.67,4840.06,2,561,3,0,0,0,640.58,0,
TXN10-01592,10,2026-06-08 09:31:32,4952.89,Taxi,100022,UPI,DEV-10-1,iPhone,Delhi,9,0,0,19.55,9,4848.39,4840.52,23,562,292,0,0,0,2089.27,0,
TXN10-01593,10,2026-06-08 09:35:02,6322.63,Taxi,100040,UPI,DEV-10-3,Android,Bangalore,9,0,0,3.5,10,4837.65,4834.68,8,245,249,0,0,0,1750.11,0,
TXN10-01594,10,2026-06-08 10:00:32,1777.5,Taxi,100040,Card,DEV-10-8,Web,Hyderabad,10,0,0,25.5,11,4843.14,4840.16,9,21,248,0,0,0,499.99,0,
TXN10-01595,10,2026-06-08 10:21:32,1314.36,Food,100002,Card,DEV-10-2,iPhone,Mumbai,10,0,0,21.0,12,4836.62,4837.07,133,346,357,0,0,0,621.46,0,
TXN10-01596,10,2026-06-08 11:05:02,2984.86,Hotels,100017,UPI,DEV-10-1,iPhone,Hyderabad,11,0,0,43.5,13,4824.02,4844.8,28,563,249,0,0,0,621.46,0,
TXN10-01597,10,2026-06-08 11:49:43,1845.91,Taxi,100024,Card,DEV-10-1,iPhone,Chennai,11,0,0,44.68,14,4820.1,4840.38,21,564,197,0,0,0,515.24,0,
TXN10-01598,10,2026-06-08 11:50:34,3895.37,Food,100018,UPI,DEV-10-5,iPhone,Delhi,11,0,0,0.85,15,4813.77,4837.17,14,85,293,0,0,0,1767.65,0,
TXN10-01599,10,2026-06-08 11:58:53,1477.2,Food,100002,Card,DEV-10-8,Web,Delhi,11,0,0,8.32,16,4811.82,4832.22,134,22,294,0,0,0,0.0,0,
TXN10-01600,10,2026-06-08 12:25:35,6686.74,Food,100014,Card,DEV-10-6,iPhone,Mumbai,12,0,0,26.7,17,4800.47,4833.76,23,61,358,0,0,0,1153.24,0,
TXN10-01601,10,2026-06-08 12:34:22,8901.89,Hotels,100041,Card,DEV-10-19,iPhone,Chennai,12,0,0,8.78,18,4804.47,4829.41,9,2,198,0,0,0,1033.1,0,
TXN10-01602,10,2026-06-08 12:53:58,10000.0,Hotels,100030,UPI,DEV-10-3,Android,Hyderabad,12,0,0,19.6,19,4819.29,4831.23,15,246,250,0,0,0,515.24,0,
TXN10-01603,10,2026-06-08 13:07:22,4006.96,Airlines,100007,UPI,DEV-10-3,Android,Chennai,13,0,0,13.4,20,4831.99,4839.78,122,247,199,0,0,0,515.24,0,
TXN10-01604,10,2026-06-08 13:09:08,3596.81,Hotels,100005,Card,DEV-10-6,iPhone,Delhi,13,0,0,1.77,21,4833.1,4839.53,113,62,295,0,0,0,1767.65,0,
TXN10-01605,10,2026-06-08 13:22:03,10000.0,Hotels,100017,UPI,DEV-10-6,iPhone,Delhi,13,0,0,12.92,22,4830.48,4834.74,29,63,296,0,0,0,0.0,0,
TXN10-01606,10,2026-06-08 13:43:08,1304.43,Food,100004,Card,DEV-10-2,iPhone,Bangalore,13,0,0,21.08,23,4841.41,4835.46,44,347,250,0,0,0,1750.11,0,
TXN10-01607,10,2026-06-08 14:27:02,854.94,Food,100002,UPI,DEV-10-1,iPhone,Hyderabad,14,0,0,43.9,24,4840.55,4841.6,135,565,251,0,0,0,499.99,0,
TXN10-01608,10,2026-06-08 14:45:28,2193.56,Taxi,100001,UPI,DEV-10-1,iPhone,Chennai,14,0,0,18.43,25,4828.78,4849.35,166,566,200,0,0,0,515.24,0,
TXN10-01609,10,2026-06-08 14:47:34,6949.14,Hotels,100005,UPI,DEV-10-4,Android,Surat,14,0,0,2.1,26,4823.19,4845.73,114,145,4,0,0,0,1196.79,0,
TXN10-01610,10,2026-06-08 14:48:40,6563.26,Hotels,100005,Card,DEV-10-8,Web,Delhi,14,0,0,1.1,27,4827.69,4841.59,115,23,297,0,0,0,941.71,0,
TXN10-01611,10,2026-06-08 15:16:47,6815.09,Airlines,100007,Card,DEV-10-2,iPhone,Bangalore,15,0,0,28.12,28,4831.35,4837.13,123,348,251,0,0,0,1750.11,0,
TXN10-01612,10,2026-06-08 15:21:59,1868.32,Food,100002,Card,DEV-10-13,Web,Goa,15,0,0,5.2,29,4835.52,4832.89,136,5,231,0,0,0,454.99,0,
TXN10-01613,10,2026-06-08 15:58:08,4295.89,Airlines,100027,Card,DEV-10-2,iPhone,Delhi,15,0,0,36.15,30,4829.29,4829.73,25,349,298,0,0,0,1521.64,0,
TXN10-01614,10,2026-06-08 16:14:57,1449.14,Food,100019,UPI,DEV-10-1,iPhone,Chennai,16,0,0,16.82,31,4827.8,4829.78,15,567,201,0,0,0,1767.65,0,
TXN10-01615,10,2026-06-08 16:29:18,6807.63,Taxi,100006,Card,DEV-10-2,iPhone,Delhi,16,0,0,14.35,32,4818.43,4832.0,83,350,299,0,0,0,1767.65,0,
TXN10-01616,10,2026-06-08 16:33:47,3517.32,Airlines,100007,UPI,DEV-10-5,iPhone,Hyderabad,16,0,0,4.48,33,4828.33,4831.23,124,86,252,0,0,0,1266.53,0,
TXN10-01617,10,2026-06-08 17:01:49,4259.96,Airlines,100009,UPI,DEV-10-5,iPhone,Hyderabad,17,0,0,28.03,34,4832.78,4829.05,60,87,253,0,0,0,0.0,0,
TXN10-01618,10,2026-06-08 17:03:21,1499.93,Airlines,100036,Card,DEV-10-4,Android,Mumbai,17,0,0,1.53,35,4831.58,4824.06,14,146,359,0,0,0,621.46,0,
TXN10-01619,10,2026-06-08 17:08:11,6986.45,Airlines,100009,Card,DEV-10-2,iPhone,Mumbai,17,0,0,4.83,36,4824.61,4821.41,61,351,360,0,0,0,0.0,0,
TXN10-01620,10,2026-06-08 17:13:44,9705.76,Food,100023,Card,DEV-10-2,iPhone,Bangalore,17,0,0,5.55,37,4829.12,4817.39,13,352,252,0,0,0,845.32,0,
TXN10-01621,10,2026-06-08 17:23:36,8282.77,Food,100008,Card,DEV-10-2,iPhone,Delhi,17,0,0,9.87,38,4839.28,4817.5,37,353,300,0,0,0,1750.11,0,
TXN10-01622,10,2026-06-08 17:36:16,6437.34,Taxi,100021,UPI,DEV-10-2,iPhone,Delhi,17,0,0,12.67,39,4846.44,4815.05,46,354,301,0,0,0,0.0,0,
TXN10-01623,10,2026-06-08 17:37:06,1419.92,Food,100057,UPI,DEV-10-1,iPhone,Goa,17,0,0,0.83,40,4849.74,4810.59,2,568,232,0,0,0,1521.64,0,
TXN10-01624,10,2026-06-08 17:38:09,1707.44,Taxi,100031,Card,DEV-UNK-8433,iPhone,Chennai,17,0,0,1.05,41,4842.64,4808.14,18,1,202,1,0,0,706.92,1,ato_new_device
TXN10-01625,10,2026-06-08 17:39:13,2408.53,Food,100019,Card,DEV-10-4,Android,Hyderabad,17,0,0,1.07,42,4836.16,4805.28,16,147,254,0,0,0,515.24,0,
TXN10-01626,10,2026-06-08 17:45:35,5201.77,Taxi,100006,Card,DEV-10-1,iPhone,Hyderabad,17,0,0,6.37,43,4835.15,4805.74,84,569,255,0,0,0,0.0,0,
TXN10-01627,10,2026-06-08 18:01:39,1273.43,Hotels,100005,UPI,DEV-10-3,Android,Hyderabad,18,0,0,16.07,44,4835.9,4800.81,116,248,256,0,0,0,0.0,0,
TXN10-01628,10,2026-06-08 18:08:21,2595.86,Food,100015,Card,DEV-10-1,iPhone,Goa,18,0,0,6.7,45,4828.57,4798.59,23,570,233,0,0,0,520.05,0,
TXN10-01629,10,2026-06-08 18:13:39,3685.76,Food,100049,Card,DEV-10-2,iPhone,Delhi,18,0,0,5.3,46,4815.44,4795.94,3,355,302,0,0,0,1521.64,0,
TXN10-01630,10,2026-06-08 18:38:16,4239.61,Airlines,100013,UPI,DEV-10-7,Web,Mumbai,18,0,0,24.62,47,4819.53,4800.03,37,46,361,0,0,0,1153.24,0,
TXN10-01631,10,2026-06-08 19:31:15,8612.4,Food,100002,UPI,DEV-10-3,Android,Mumbai,19,0,0,52.98,48,4816.31,4799.9,137,249,362,0,0,0,0.0,0,
TXN10-01632,10,2026-06-08 19:47:28,1009.49,Airlines,100009,UPI,DEV-10-6,iPhone,Hyderabad,19,0,0,16.22,49,4816.37,4806.3,62,64,257,0,0,0,621.46,0,
TXN10-01633,10,2026-06-08 19:58:02,6924.52,Food,100003,Card,DEV-10-7,Web,Mumbai,19,0,0,10.57,50,4808.52,4804.44,80,47,363,0,0,0,621.46,0,
TXN10-01634,10,2026-06-08 20:41:05,4284.06,Airlines,100007,UPI,DEV-10-2,iPhone,Delhi,20,0,0,43.05,51,4824.02,4811.38,125,356,303,0,0,0,1153.24,0,
TXN10-01635,10,2026-06-08 21:18:10,6454.32,Food,100016,UPI,DEV-10-4,Android,Delhi,21,0,0,37.08,52,4817.81,4812.33,15,148,304,0,0,0,0.0,0,
TXN10-01636,10,2026-06-08 22:28:18,1813.53,Airlines,100007,UPI,DEV-10-2,iPhone,Mumbai,22,0,0,70.13,53,4851.91,4829.3,126,357,364,0,0,0,1153.24,0,
TXN10-01637,10,2026-06-08 22:35:26,2066.8,Food,100002,UPI,DEV-10-4,Android,Chennai,22,0,0,7.13,54,4845.56,4826.24,138,149,203,0,0,0,1033.1,0,
TXN10-01638,10,2026-06-08 22:46:53,3210.62,Airlines,100026,UPI,DEV-10-2,iPhone,Hyderabad,22,0,0,11.45,55,4839.76,4822.87,25,358,258,0,0,0,515.24,0,
TXN10-01639,10,2026-06-08 22:50:02,5084.32,Food,100042,Card,DEV-10-7,Web,Mumbai,22,0,0,3.15,56,4843.28,4821.06,5,48,365,0,0,0,621.46,0,
TXN10-01640,10,2026-06-08 23:19:20,4643.29,Food,100023,UPI,DEV-10-7,Web,Chennai,23,0,0,29.3,57,4843.78,4816.05,14,49,204,0,0,0,1033.1,0,
TXN10-01641,10,2026-06-08 23:58:29,4449.88,Food,100011,Card,DEV-10-3,Android,Hyderabad,23,0,0,39.15,58,4846.21,4815.65,26,250,259,0,0,0,515.24,0,
TXN10-01642,10,2026-06-09 05:02:41,3140.23,Food,100002,Card,DEV-10-2,iPhone,Delhi,5,1,0,304.2,1,4753.37,4355.65,139,359,305,0,0,0,1266.53,0,
TXN10-01643,10,2026-06-09 05:08:54,1380.98,Taxi,100022,Card,DEV-10-3,Android,Hyderabad,5,1,0,6.22,2,4750.0,4351.74,24,251,260,0,0,0,1266.53,0,
TXN10-01644,10,2026-06-09 05:18:36,9830.91,Hotels,100168,UPI,DEV-10-4,Android,Goa,5,1,0,9.7,3,4747.64,4353.26,1,150,234,0,0,1,520.05,1,ato_new_merchant_same_category
TXN10-01645,10,2026-06-09 05:22:20,2790.59,Hotels,100064,UPI,DEV-10-1,iPhone,Chennai,5,1,0,3.73,4,4758.21,4354.89,1,571,205,0,0,1,706.92,0,
TXN10-01646,10,2026-06-09 05:31:52,5801.59,Food,100049,Card,DEV-10-2,iPhone,Delhi,5,1,0,9.53,5,4754.13,4351.29,4,360,306,0,0,0,1767.65,0,
TXN10-01647,10,2026-06-09 05:47:18,2837.11,Taxi,100040,UPI,DEV-10-7,Web,Chennai,5,1,0,15.43,6,4762.65,4349.31,10,50,206,0,0,0,1767.65,0,
TXN10-01648,10,2026-06-09 05:56:41,1556.61,Hotels,100046,Card,DEV-10-2,iPhone,Delhi,5,1,0,9.38,7,4758.66,4345.69,7,361,307,0,0,0,1767.65,0,
TXN10-01649,10,2026-06-09 06:03:56,10000.0,Taxi,100031,UPI,DEV-10-8,Web,Hyderabad,6,1,0,7.25,8,4752.05,4343.63,19,24,261,0,0,0,1266.53,0,
TXN10-01650,10,2026-06-09 06:43:24,6717.73,Food,100028,UPI,DEV-10-2,iPhone,Bangalore,6,1,0,39.47,9,4754.56,4358.84,14,362,253,0,0,0,499.99,0,
TXN10-01651,10,2026-06-09 06:51:46,2634.02,Hotels,100017,UPI,DEV-10-1,iPhone,Chennai,6,1,0,8.37,10,4757.61,4359.69,30,572,207,0,0,0,290.17,0,
TXN10-01652,10,2026-06-09 07:29:48,5862.43,Airlines,100009,UPI,DEV-10-2,iPhone,Goa,7,1,0,38.03,11,4764.19,4361.26,63,363,235,0,0,0,706.92,0,
TXN10-01653,10,2026-06-09 07:43:19,3772.58,Food,100002,Card,DEV-10-9,Android,Bangalore,7,1,0,13.52,12,4766.47,4357.02,140,24,254,0,0,0,454.99,0,
TXN10-01654,10,2026-06-09 08:04:12,3503.45,Hotels,100005,Card,DEV-10-1,iPhone,Chennai,8,1,0,20.88,13,4767.0,4356.88,117,573,208,0,0,0,290.17,0,
TXN10-01655,10,2026-06-09 08:16:48,3762.72,Food,100034,Card,DEV-10-2,iPhone,Mumbai,8,1,0,12.6,14,4765.8,4357.15,15,364,366,0,0,0,1033.1,0,
TXN10-01656,10,2026-06-09 08:27:40,3760.77,Hotels,100061,Card,DEV-10-5,iPhone,Hyderabad,8,1,0,10.87,15,4764.32,4357.37,3,88,262,0,0,0,621.46,0,
TXN10-01657,10,2026-06-09 08:30:41,2957.88,Hotels,100012,UPI,DEV-10-1,iPhone,Delhi,8,1,0,3.02,16,4762.24,4353.08,55,574,308,0,0,0,1266.53,0,
TXN10-01658,10,2026-06-09 09:06:14,5279.74,Food,100008,Card,DEV-10-2,iPhone,Hyderabad,9,1,0,35.55,17,4768.24,4359.4,38,365,263,0,0,0,1266.53,0,
TXN10-01659,10,2026-06-09 09:51:58,1640.15,Taxi,100174,Card,DEV-10-5,iPhone,Mumbai,9,1,0,45.73,18,4769.3,4354.93,1,89,367,0,0,1,621.46,1,ato_new_merchant_same_category_higher_amount
TXN10-01660,10,2026-06-09 09:57:01,9425.18,Taxi,100001,Card,DEV-10-3,Android,Hyderabad,9,1,0,5.05,19,4762.81,4352.73,167,252,264,0,0,0,621.46,0,
TXN10-01661,10,2026-06-09 10:05:22,4740.2,Hotels,100012,UPI,DEV-10-1,iPhone,Hyderabad,10,1,0,8.35,20,4770.93,4361.19,56,575,265,0,0,0,0.0,0,
TXN10-01662,10,2026-06-09 10:12:20,6940.13,Hotels,100010,Card,DEV-10-1,iPhone,Bangalore,10,1,0,6.97,21,4770.87,4356.66,75,576,255,0,0,0,499.99,0,
TXN10-01663,10,2026-06-09 10:35:20,5515.68,Airlines,100065,UPI,DEV-10-7,Web,Hyderabad,10,1,0,23.0,22,4768.16,4364.18,1,51,266,0,0,1,499.99,0,
TXN10-01664,10,2026-06-09 10:47:54,9832.57,Hotels,100030,Card,DEV-10-2,iPhone,Chennai,10,1,0,12.57,23,4769.72,4359.78,16,366,209,0,0,0,515.24,0,
TXN10-01665,10,2026-06-09 10:48:06,8279.85,Airlines,100047,UPI,DEV-10-5,iPhone,Hyderabad,10,1,0,0.2,24,4780.22,4361.34,4,90,267,0,0,0,515.24,0,
TXN10-01666,10,2026-06-09 10:54:27,7028.88,Food,100002,Card,DEV-10-3,Android,Chennai,10,1,0,6.35,25,4786.9,4364.23,141,253,210,0,0,0,515.24,0,
TXN10-01667,10,2026-06-09 11:38:32,5659.35,Hotels,100056,Card,DEV-10-2,iPhone,Chennai,11,1,0,44.08,26,4795.02,4373.76,3,367,211,0,0,0,0.0,0,
TXN10-01668,10,2026-06-09 11:48:03,10000.0,Food,100011,UPI,DEV-10-1,iPhone,Goa,11,1,0,9.52,27,4796.82,4369.39,27,577,236,0,0,0,706.92,0,
TXN10-01669,10,2026-06-09 11:48:08,7716.28,Taxi,100040,Card,DEV-10-1,iPhone,Mumbai,11,1,0,0.08,28,4807.61,4371.27,11,578,368,0,0,0,440.32,0,
TXN10-01670,10,2026-06-09 13:00:04,1460.83,Hotels,100005,Card,DEV-10-2,iPhone,Hyderabad,13,1,0,71.93,29,4833.75,4392.34,118,368,268,0,0,0,621.46,0,
TXN10-01671,10,2026-06-09 13:19:41,4595.58,Food,100002,Card,DEV-10-7,Web,Mumbai,13,1,0,19.62,30,4833.33,4392.65,142,52,369,0,0,0,621.46,0,
TXN10-01672,10,2026-06-09 13:20:10,4526.13,Hotels,100041,UPI,DEV-10-5,iPhone,Goa,13,1,0,0.48,31,4832.83,4388.06,10,91,237,0,0,0,440.32,0,
TXN10-01673,10,2026-06-09 13:58:09,1411.28,Airlines,100066,Card,DEV-10-4,Android,Mumbai,13,1,0,37.98,32,4838.1,4386.17,1,151,370,0,0,1,440.32,0,
TXN10-01674,10,2026-06-09 13:58:13,956.91,Food,100037,Card,DEV-10-1,iPhone,Mumbai,13,1,0,0.07,33,4830.94,4384.38,8,579,371,0,0,0,0.0,0,
TXN10-01675,10,2026-06-09 14:20:09,1949.17,Food,100018,UPI,DEV-10-1,iPhone,Chennai,14,1,0,21.93,34,4828.72,4396.36,15,580,212,0,0,0,1033.1,0,
TXN10-01676,10,2026-06-09 14:26:54,7713.21,Taxi,100022,Card,DEV-10-5,iPhone,Mumbai,14,1,0,6.75,35,4822.68,4393.72,25,92,372,0,0,0,1033.1,0,
TXN10-01677,10,2026-06-09 14:42:49,4049.47,Taxi,100067,Card,DEV-10-1,iPhone,Hyderabad,14,1,0,15.92,36,4834.74,4393.75,1,581,269,0,0,1,621.46,0,
TXN10-01678,10,2026-06-09 15:17:22,5284.8,Taxi,100169,Card,DEV-10-2,iPhone,Delhi,15,1,0,34.55,37,4820.97,4392.4,1,369,309,0,0,1,1266.53,1,ato_new_merchant_same_category
TXN10-01679,10,2026-06-09 15:46:16,3553.9,Food,100002,Card,DEV-10-2,iPhone,Mumbai,15,1,0,28.9,38,4814.69,4395.42,143,370,373,0,0,0,1153.24,0,
TXN10-01680,10,2026-06-09 15:48:28,6364.55,Hotels,100012,Card,DEV-10-1,iPhone,Goa,15,1,0,2.2,39,4812.03,4391.16,57,582,238,0,0,0,440.32,0,
TXN10-01681,10,2026-06-09 15:56:56,2397.23,Taxi,100001,Card,DEV-10-1,iPhone,Delhi,15,1,0,8.47,40,4815.3,4387.11,168,583,310,0,0,0,1521.64,0,
TXN10-01682,10,2026-06-09 16:01:21,2182.36,Hotels,100025,Card,DEV-10-1,iPhone,Mumbai,16,1,0,4.42,41,4817.16,4391.79,19,584,374,0,0,0,1153.24,0,
TXN10-01683,10,2026-06-09 16:11:35,1895.85,Hotels,100068,Card,DEV-10-5,iPhone,Hyderabad,16,1,0,10.23,42,4811.62,4388.82,1,93,270,0,0,1,621.46,0,
TXN10-01684,10,2026-06-09 16:34:20,1743.14,Food,100018,UPI,DEV-10-1,iPhone,Mumbai,16,1,0,22.75,43,4809.5,4389.99,16,585,375,0,0,0,621.46,0,
TXN10-01685,10,2026-06-09 16:41:08,3577.33,Taxi,100040,UPI,DEV-10-1,iPhone,Chennai,16,1,0,6.8,44,4803.05,4387.62,12,586,213,0,0,0,1033.1,0,
TXN10-01686,10,2026-06-09 16:57:54,2091.85,Food,100002,Card,DEV-10-3,Android,Bangalore,16,1,0,16.77,45,4796.21,4386.99,144,254,256,0,0,0,290.17,0,
TXN10-01687,10,2026-06-09 17:05:22,5151.47,Airlines,100007,UPI,DEV-10-6,iPhone,Goa,17,1,0,7.47,46,4790.54,4384.13,127,65,239,0,0,0,454.99,0,
TXN10-01688,10,2026-06-09 17:40:10,2809.76,Airlines,100007,UPI,DEV-10-1,iPhone,Bangalore,17,1,0,34.8,47,4797.55,4382.03,128,587,257,0,0,0,454.99,0,
TXN10-01689,10,2026-06-09 17:44:35,6037.72,Hotels,100005,UPI,DEV-10-2,iPhone,Chennai,17,1,0,4.42,48,4793.39,4378.38,119,371,214,0,0,0,290.17,0,
TXN10-01690,10,2026-06-09 17:50:58,2716.58,Taxi,100048,UPI,DEV-10-1,iPhone,Delhi,17,1,0,6.38,49,4795.99,4374.18,9,588,311,0,0,0,1767.65,0,
TXN10-01691,10,2026-06-09 17:53:46,4762.3,Hotels,100012,UPI,DEV-10-4,Android,Mumbai,17,1,0,2.8,50,4791.65,4370.65,58,152,376,0,0,0,1153.24,0,
TXN10-01692,10,2026-06-09 17:56:28,1272.47,Food,100003,Card,DEV-10-7,Web,Delhi,17,1,0,2.7,51,4791.59,4366.11,81,53,312,0,0,0,1153.24,0,
TXN10-01693,10,2026-06-09 18:14:11,6708.61,Hotels,100010,UPI,DEV-10-1,iPhone,Delhi,18,1,0,17.72,52,4790.32,4371.83,76,589,313,0,0,0,0.0,0,
TXN10-01694,10,2026-06-09 19:20:43,3137.23,Taxi,100001,UPI,DEV-10-2,iPhone,Hyderabad,19,1,0,66.53,53,4778.57,4378.24,169,372,271,0,0,0,1266.53,0,
TXN10-01695,10,2026-06-09 19:23:05,3437.58,Hotels,100035,UPI,DEV-10-21,Web,Bangalore,19,1,0,2.37,54,4775.13,4374.29,10,1,258,1,0,0,499.99,0,
TXN10-01696,10,2026-06-09 19:32:01,2588.22,Airlines,100009,UPI,DEV-10-1,iPhone,Delhi,19,1,0,8.93,55,4772.33,4370.14,64,590,314,0,0,0,1750.11,0,
TXN10-01697,10,2026-06-09 19:55:57,9505.37,Airlines,100009,UPI,DEV-10-1,iPhone,Mumbai,19,1,0,23.93,56,4767.77,4366.71,65,591,377,0,0,0,1153.24,0,
TXN10-01698,10,2026-06-09 19:57:40,3922.18,Hotels,100020,UPI,DEV-10-22,iPhone,Chennai,19,1,0,1.72,57,4777.64,4367.51,24,1,215,1,0,0,1033.1,0,
TXN10-01699,10,2026-06-09 20:02:03,1391.32,Hotels,100005,Card,DEV-10-1,iPhone,Chennai,20,1,0,4.38,58,4775.87,4363.14,120,592,216,0,0,0,0.0,0,
TXN10-01700,10,2026-06-09 20:07:52,2593.91,Hotels,100005,Card,DEV-10-1,iPhone,Delhi,20,1,0,5.82,59,4768.84,4361.33,121,593,315,0,0,0,1767.65,0,
TXN10-01701,10,2026-06-09 20:11:55,3583.22,Food,100002,Card,DEV-10-2,iPhone,Goa,20,1,0,4.05,60,4764.34,4357.93,145,373,240,0,0,0,1521.64,0,
TXN10-01702,10,2026-06-09 20:21:05,5833.18,Food,100042,UPI,DEV-10-1,iPhone,Mumbai,20,1,0,9.17,61,4753.15,4360.61,6,594,378,0,0,0,440.32,0,
TXN10-01703,10,2026-06-09 20:24:38,2001.94,Taxi,100022,Card,DEV-10-3,Android,Chennai,20,1,0,3.55,62,4755.39,4356.36,26,255,217,0,0,0,1033.1,0,
TXN10-01704,10,2026-06-09 20:27:06,6265.3,Food,100003,Card,DEV-10-2,iPhone,Chennai,20,1,0,2.47,63,4749.69,4353.65,82,374,218,0,0,0,0.0,0,
TXN10-01705,10,2026-06-09 20:39:43,6183.07,Airlines,100026,UPI,DEV-10-2,iPhone,Hyderabad,20,1,0,12.62,64,4754.16,4354.1,26,375,272,0,0,0,515.24,0,
TXN10-01706,10,2026-06-09 20:52:22,6472.07,Taxi,100024,UPI,DEV-10-1,iPhone,Delhi,20,1,0,12.65,65,4759.05,4358.9,22,595,316,0,0,0,1266.53,0,
TXN10-01707,10,2026-06-09 20:59:59,1485.08,Food,100002,Card,DEV-10-1,iPhone,Goa,20,1,0,7.62,66,4752.06,4353.44,146,596,241,0,0,0,1521.64,0,
TXN10-01708,10,2026-06-09 21:21:39,3518.14,Hotels,100059,Card,DEV-10-7,Web,Delhi,21,1,0,21.67,67,4742.12,4360.0,3,54,317,0,0,0,1521.64,0,
TXN10-01709,10,2026-06-09 22:03:41,4188.67,Hotels,100012,Card,DEV-10-6,iPhone,Goa,22,1,0,42.03,68,4739.77,4360.35,59,66,242,0,0,0,1521.64,0,
TXN10-01710,10,2026-06-09 22:22:40,4788.11,Food,100003,Card,DEV-10-2,iPhone,Goa,22,1,0,18.98,69,4741.3,4369.19,83,376,243,0,0,0,0.0,0,
TXN10-01711,10,2026-06-09 23:16:30,4327.08,Food,100011,UPI,DEV-10-1,iPhone,Chennai,23,1,0,53.83,70,4742.87,4369.07,28,597,219,0,0,0,706.92,0,
TXN10-01712,10,2026-06-09 23:31:44,6283.12,Taxi,100038,Card,DEV-10-1,iPhone,Delhi,23,1,0,15.23,71,4742.0,4364.56,13,598,318,0,0,0,1767.65,0,
TXN10-01713,10,2026-06-09 23:36:44,5869.94,Airlines,100013,Card,DEV-10-2,iPhone,Delhi,23,1,0,5.0,72,4752.86,4361.9,38,377,319,0,0,0,0.0,0,
TXN10-01714,10,2026-06-10 00:50:58,10975.18,Hotels,100107,Card,DEV-10-7,Web,Hyderabad,0,2,0,74.23,1,4749.56,4360.45,1,55,273,0,0,1,1266.53,1,ato_odd_hour_higher_amount
TXN10-01715,10,2026-06-10 01:59:25,892.08,Airlines,100026,UPI,DEV-10-1,iPhone,Chennai,1,2,0,68.45,2,4762.5,4365.13,27,599,220,0,0,0,515.24,1,ato_odd_hour_short_gap
TXN10-01716,10,2026-06-10 03:56:33,2116.38,Airlines,100001,Card,DEV-10-1,iPhone,Mumbai,3,2,0,117.13,3,4754.47,4364.16,170,600,379,0,0,0,1033.1,1,distant_800km_15min
TXN10-01717,10,2026-06-10 04:01:33,9772.86,Airlines,100001,Card,DEV-10-1,iPhone,Bangalore,4,2,0,5.0,4,4749.01,4361.29,171,601,259,0,0,0,845.32,1,distant_800km_15min
TXN10-01718,10,2026-06-10 05:05:55,10000.0,Hotels,100033,Card,DEV-10-1,iPhone,Bangalore,5,2,0,64.37,5,4759.39,4362.75,16,602,260,0,0,0,0.0,0,
TXN10-01719,10,2026-06-10 05:13:04,4513.46,Food,100018,Card,DEV-10-4,Android,Delhi,5,2,0,7.15,6,4770.19,4364.73,17,153,320,0,0,0,1750.11,0,
TXN10-01720,10,2026-06-10 06:07:48,2374.94,Taxi,100001,UPI,DEV-10-8,Web,Hyderabad,6,2,0,54.73,7,4775.93,4367.91,172,25,274,0,0,0,1266.53,0,
TXN10-01721,10,2026-06-10 07:06:56,1543.94,Food,100002,Card,DEV-10-4,Android,Mumbai,7,2,0,59.13,8,4770.97,4364.75,147,154,380,0,0,0,621.46,0,
TXN10-01722,10,2026-06-10 07:10:31,3629.17,Food,100014,UPI,DEV-10-2,iPhone,Hyderabad,7,2,0,3.58,9,4770.47,4365.11,24,378,275,0,0,0,621.46,0,
TXN10-01723,10,2026-06-10 07:20:56,4608.96,Airlines,100007,Card,DEV-10-5,iPhone,Mumbai,7,2,0,10.42,10,4748.98,4366.8,129,94,381,0,0,0,621.46,0,
TXN10-01724,10,2026-06-10 07:56:31,4341.17,Taxi,100063,Card,DEV-10-3,Android,Bangalore,7,2,0,35.58,11,4751.11,4366.48,2,256,261,0,0,0,845.32,0,
TXN10-01725,10,2026-06-10 08:34:58,2308.11,Taxi,100001,UPI,DEV-10-2,iPhone,Hyderabad,8,2,0,38.45,12,4748.1,4365.73,173,379,276,0,0,0,499.99,0,
TXN10-01726,10,2026-06-10 08:47:28,10000.0,Hotels,100005,UPI,DEV-10-1,iPhone,Hyderabad,8,2,0,12.5,13,4737.62,4365.53,122,603,277,0,0,0,0.0,0,
TXN10-01727,10,2026-06-10 09:23:38,2871.82,Hotels,100035,UPI,DEV-10-6,iPhone,Chennai,9,2,0,36.17,14,4744.56,4371.23,11,67,221,0,0,0,515.24,0,
TXN10-01728,10,2026-06-10 10:12:09,5533.38,Hotels,100025,UPI,DEV-10-3,Android,Delhi,10,2,0,48.52,15,4748.73,4374.82,20,257,321,0,0,0,1767.65,0,
TXN10-01729,10,2026-06-10 10:48:05,1594.48,Airlines,100009,Card,DEV-10-4,Android,Mumbai,10,2,0,35.93,16,4758.53,4380.76,66,155,382,0,0,0,1153.24,0,
TXN10-01730,10,2026-06-10 10:50:50,4420.53,Food,100008,UPI,DEV-10-2,iPhone,Chennai,10,2,0,2.75,17,4751.92,4378.57,39,380,222,0,0,0,1033.1,0,
TXN10-01731,10,2026-06-10 11:28:02,1357.18,Food,100002,Card,DEV-10-1,iPhone,Goa,11,2,0,37.2,18,4747.01,4385.28,148,604,244,0,0,0,706.92,0,
TXN10-01732,10,2026-06-10 12:03:48,5603.78,Airlines,100007,Card,DEV-10-1,iPhone,Delhi,12,2,0,35.77,19,4740.34,4388.02,130,605,322,0,0,0,1521.64,0,
TXN10-01733,10,2026-06-10 12:05:51,10000.0,Food,100002,Card,DEV-10-1,iPhone,Chennai,12,2,0,2.05,20,4742.15,4383.59,149,606,223,0,0,0,1767.65,0,
TXN10-01734,10,2026-06-10 12:37:41,4372.97,Food,100002,Card,DEV-10-1,iPhone,Delhi,12,2,0,31.83,21,4753.15,4385.59,150,607,323,0,0,0,1767.65,0,
TXN10-01735,10,2026-06-10 12:44:19,2682.1,Food,100011,UPI,DEV-10-9,Android,Bangalore,12,2,0,6.63,22,4751.62,4385.6,29,25,262,0,0,0,1750.11,0,
TXN10-01736,10,2026-06-10 14:26:17,4773.65,Airlines,100013,UPI,DEV-10-1,iPhone,Chennai,14,2,0,101.97,23,4749.16,4395.91,39,608,224,0,0,0,290.17,0,
TXN10-01737,10,2026-06-10 14:47:23,5066.0,Taxi,100001,Card,DEV-10-1,iPhone,Chennai,14,2,0,21.1,24,4739.87,4398.64,174,609,225,0,0,0,0.0,0,
TXN10-01738,10,2026-06-10 14:50:38,3438.9,Taxi,100021,Card,DEV-10-2,iPhone,Bangalore,14,2,0,3.25,25,4740.56,4394.02,47,381,263,0,0,0,290.17,0,
TXN10-01739,10,2026-06-10 15:48:55,1678.7,Taxi,100048,Card,DEV-10-1,iPhone,Goa,15,2,0,58.28,26,4743.34,4397.96,10,610,245,0,0,0,454.99,0,
TXN10-01740,10,2026-06-10 16:02:59,2762.08,Airlines,100007,Card,DEV-10-1,iPhone,Mumbai,16,2,0,14.07,27,4739.15,4399.94,131,611,383,0,0,0,440.32,0,
TXN10-01741,10,2026-06-10 17:47:52,6597.09,Food,100015,Card,DEV-10-5,iPhone,Mumbai,17,2,0,104.88,28,4728.48,4398.61,24,95,384,0,0,0,0.0,0,
TXN10-01742,10,2026-06-10 17:52:20,1684.8,Hotels,100010,UPI,DEV-10-6,iPhone,Delhi,17,2,0,4.47,29,4728.37,4394.7,77,68,324,0,0,0,1153.24,0,
TXN10-01743,10,2026-06-10 17:54:25,1593.61,Food,100002,Card,DEV-10-2,iPhone,Delhi,17,2,0,2.08,30,4721.92,4392.27,151,382,325,0,0,0,0.0,0,
TXN10-01744,10,2026-06-10 18:24:19,1041.25,Taxi,100001,Card,DEV-10-1,iPhone,Bangalore,18,2,0,29.9,31,4715.31,4389.98,175,612,264,0,0,0,1750.11,0,
TXN10-01745,10,2026-06-10 18:42:24,1570.92,Hotels,100046,Card,DEV-10-3,Android,Bangalore,18,2,0,18.08,32,4717.2,4395.16,8,258,265,0,0,0,0.0,0,
TXN10-01746,10,2026-06-10 19:23:12,4354.11,Taxi,100032,Card,DEV-10-5,iPhone,Goa,19,2,0,40.8,33,4731.81,4405.07,18,96,246,0,0,0,454.99,0,
TXN10-01747,10,2026-06-10 19:34:08,1899.94,Hotels,100046,UPI,DEV-10-1,iPhone,Hyderabad,19,2,0,10.93,34,4731.01,4400.42,9,613,278,0,0,0,520.05,0,
TXN10-01748,10,2026-06-10 19:41:15,2747.39,Food,100003,Card,DEV-10-4,Android,Mumbai,19,2,0,7.12,35,4726.22,4402.27,84,156,385,0,0,0,621.46,0,
TXN10-01749,10,2026-06-10 19:52:00,3096.97,Hotels,100005,Card,DEV-10-5,iPhone,Bangalore,19,2,0,10.75,36,4729.95,4399.85,123,97,266,0,0,0,845.32,0,
TXN10-01750,10,2026-06-10 20:04:58,5086.14,Food,100011,Card,DEV-10-2,iPhone,Bangalore,20,2,0,12.97,37,4726.49,4395.82,30,383,267,0,0,0,0.0,0,
TXN10-01751,10,2026-06-10 20:26:45,7112.12,Food,100166,Card,DEV-10-9,Android,Mumbai,20,2,0,21.78,38,4727.86,4395.83,1,26,386,0,0,1,845.32,1,ato_new_merchant_same_category
TXN10-01752,10,2026-06-10 20:57:01,5920.67,Taxi,100024,Card,DEV-10-2,iPhone,Delhi,20,2,0,30.27,39,4742.48,4403.43,23,384,326,0,0,0,1153.24,0,
TXN10-01753,10,2026-06-10 21:04:52,3668.89,Hotels,100005,Card,DEV-10-2,iPhone,Hyderabad,21,2,0,7.85,40,4735.0,4401.67,124,385,279,0,0,0,1266.53,0,
TXN10-01754,10,2026-06-10 21:04:53,2794.54,Airlines,100013,UPI,DEV-10-1,iPhone,Goa,21,2,0,0.02,41,4732.73,4397.25,40,614,247,0,0,0,520.05,0,
TXN10-01755,10,2026-06-10 21:31:17,9111.74,Hotels,100005,Card,DEV-10-1,iPhone,Hyderabad,21,2,0,26.4,42,4733.87,4396.68,125,615,280,0,0,0,520.05,0,
TXN10-01756,10,2026-06-10 21:33:45,8529.21,Food,100004,Card,DEV-10-3,Android,Delhi,21,2,0,2.47,43,4739.57,4400.62,45,259,327,0,0,0,1266.53,0,
TXN10-01757,10,2026-06-10 21:34:37,3993.45,Food,100015,UPI,DEV-10-1,iPhone,Delhi,21,2,0,0.87,44,4750.97,4403.5,25,616,328,0,0,0,0.0,0,
TXN10-01758,10,2026-06-10 22:19:00,10000.0,Taxi,100063,UPI,DEV-10-3,Android,Mumbai,22,2,0,44.38,45,4757.4,4400.19,3,260,387,0,0,0,1153.24,0,
TXN10-01759,10,2026-06-10 22:20:05,1740.12,Hotels,100068,UPI,DEV-10-1,iPhone,Chennai,22,2,0,1.08,46,4768.55,4402.14,2,617,226,0,0,0,1033.1,0,
TXN10-01760,10,2026-06-10 22:34:58,3560.64,Food,100037,UPI,DEV-10-2,iPhone,Delhi,22,2,0,14.88,47,4768.54,4402.15,9,386,329,0,0,0,1767.65,0,
TXN10-01761,10,2026-06-10 22:59:49,6091.2,Food,100003,Card,DEV-10-1,iPhone,Kochi,22,2,0,24.85,48,4752.87,4393.11,85,618,4,0,0,0,2089.27,0,
TXN10-01762,10,2026-06-10 23:52:12,6993.64,Food,100018,UPI,DEV-10-2,iPhone,Mumbai,23,2,0,52.38,49,4664.24,3866.45,18,387,388,0,0,0,1080.19,0,
TXN10-01763,10,2026-06-11 05:08:01,3712.02,Taxi,100067,Card,DEV-10-4,Android,Delhi,5,3,0,315.82,1,4669.21,3863.82,2,157,330,0,0,0,1153.24,1,ato_higher_amount
TXN10-01764,10,2026-06-11 06:28:28,4069.81,Food,100015,Card,DEV-10-1,iPhone,Delhi,6,3,0,80.45,2,4677.37,3871.7,26,619,331,0,0,0,0.0,0,
TXN10-01765,10,2026-06-11 06:39:19,5264.65,Hotels,100046,UPI,DEV-10-8,Web,Chennai,6,3,0,10.85,3,4681.52,3870.01,10,26,227,0,0,0,1767.65,0,
TXN10-01766,10,2026-06-11 06:43:37,5123.72,Taxi,100001,UPI,DEV-10-1,iPhone,Hyderabad,6,3,0,4.3,4,4682.77,3865.96,176,620,281,0,0,0,515.24,0,
TXN10-01767,10,2026-06-11 07:15:54,823.6,Airlines,100007,Card,DEV-10-2,iPhone,Mumbai,7,3,0,32.28,5,4686.78,3865.44,132,388,389,0,0,0,621.46,0,
TXN10-01768,10,2026-06-11 07:22:40,3423.92,Hotels,100025,Card,DEV-10-1,iPhone,Bangalore,7,3,0,6.77,6,4678.53,3865.43,21,621,268,0,0,0,845.32,0,
TXN10-01769,10,2026-06-11 07:25:01,899.79,Taxi,100032,Card,DEV-10-5,iPhone,Goa,7,3,0,2.35,7,4675.85,3861.74,19,98,248,0,0,0,454.99,0,
TXN10-01770,10,2026-06-11 07:25:45,5562.61,Food,100002,Card,DEV-10-1,iPhone,Chennai,7,3,0,0.73,8,4667.82,3861.55,152,622,228,0,0,0,706.92,0,
TXN10-01771,10,2026-06-11 07:37:23,6958.73,Hotels,100005,Card,DEV-10-1,iPhone,Hyderabad,7,3,0,11.63,9,4669.72,3857.67,126,623,282,0,0,0,515.24,0,
TXN10-01772,10,2026-06-11 07:44:50,805.52,Hotels,100010,Card,DEV-10-12,iPhone,Chennai,7,3,0,7.45,10,4671.47,3858.52,78,7,229,0,0,0,515.24,0,
TXN10-01773,10,2026-06-11 07:48:44,5193.88,Taxi,100006,Card,DEV-10-4,Android,Goa,7,3,0,3.9,11,4663.28,3858.53,85,158,249,0,0,0,706.92,0,
TXN10-01774,10,2026-06-11 08:07:36,8063.74,Hotels,100046,Card,DEV-10-2,iPhone,Bangalore,8,3,0,18.87,12,4670.08,3856.63,11,389,269,0,0,0,454.99,0,
TXN10-01775,10,2026-06-11 09:18:45,5186.0,Food,100002,Card,DEV-10-8,Web,Hyderabad,9,3,0,71.15,13,4666.81,3864.09,153,27,283,0,0,0,499.99,0,
TXN10-01776,10,2026-06-11 09:23:01,6915.33,Airlines,100026,UPI,DEV-10-4,Android,Delhi,9,3,0,4.27,14,4667.91,3860.05,28,159,332,0,0,0,1266.53,0,
TXN10-01777,10,2026-06-11 09:25:56,4979.96,Food,100004,UPI,DEV-UNK-7495,iPhone,Bangalore,9,3,0,2.92,15,4680.43,3857.77,46,1,270,1,0,0,1750.11,1,ato_new_device
TXN10-01778,10,2026-06-11 09:35:21,3566.17,Airlines,100007,Card,DEV-10-1,iPhone,Goa,9,3,0,9.42,16,4682.51,3857.67,133,624,250,0,0,0,454.99,0,
TXN10-01779,10,2026-06-11 10:37:40,4004.53,Taxi,100001,Card,DEV-10-6,iPhone,Mumbai,10,3,0,62.32,17,4671.74,3856.13,177,69,390,0,0,0,440.32,0,
TXN10-01780,10,2026-06-11 11:03:41,1835.74,Hotels,100017,UPI,DEV-10-6,iPhone,Bangalore,11,3,0,26.02,18,4668.72,3856.1,31,70,271,0,0,0,845.32,0,
TXN10-01781,10,2026-06-11 11:10:30,1346.38,Taxi,100021,UPI,DEV-10-2,iPhone,Mumbai,11,3,0,6.82,19,4662.66,3854.2,48,390,391,0,0,0,845.32,0,
TXN10-01782,10,2026-06-11 11:32:57,2093.24,Airlines,100029,UPI,DEV-10-4,Android,Chennai,11,3,0,22.45,20,4652.72,3856.74,19,160,230,0,0,0,1033.1,0,
TXN10-01783,10,2026-06-11 11:50:29,7388.43,Food,100016,UPI,DEV-10-23,Web,Bangalore,11,3,0,17.53,21,4638.58,3853.96,16,1,272,1,0,0,290.17,0,
TXN10-01784,10,2026-06-11 12:10:14,7996.03,Airlines,100009,Card,DEV-10-2,iPhone,Goa,12,3,0,19.75,22,4639.0,3859.28,67,391,251,0,0,0,454.99,0,
TXN10-01785,10,2026-06-11 12:27:34,5504.61,Food,100069,UPI,DEV-10-2,iPhone,Goa,12,3,0,17.33,23,4653.45,3859.19,1,392,252,0,0,1,0.0,0,
TXN10-01786,10,2026-06-11 12:32:59,4731.08,Airlines,100027,UPI,DEV-10-8,Web,Goa,12,3,0,5.42,24,4655.27,3855.26,26,28,253,0,0,0,0.0,0,
TXN10-01787,10,2026-06-11 13:20:29,2170.08,Taxi,100006,Card,DEV-10-5,iPhone,Bangalore,13,3,0,47.5,25,4661.52,3853.01,86,99,273,0,0,0,454.99,0,
TXN10-01788,10,2026-06-11 13:33:53,6722.59,Airlines,100007,Card,DEV-10-5,iPhone,Goa,13,3,0,13.4,26,4644.33,3854.52,134,100,254,0,0,0,454.99,0,
TXN10-01789,10,2026-06-11 13:41:17,4080.65,Hotels,100005,UPI,DEV-10-3,Android,Delhi,13,3,0,7.4,27,4655.81,3852.71,127,261,333,0,0,0,1521.64,0,
TXN10-01790,10,2026-06-11 14:19:54,8124.68,Food,100002,Card,DEV-10-2,iPhone,Hyderabad,14,3,0,38.62,28,4652.37,3859.68,154,393,284,0,0,0,1266.53,0,
TXN10-01791,10,2026-06-11 14:20:57,1829.15,Food,100011,Card,DEV-10-3,Android,Mumbai,14,3,0,1.05,29,4659.84,3858.89,31,262,392,0,0,0,621.46,0,
TXN10-01792,10,2026-06-11 14:35:47,5788.88,Food,100019,Card,DEV-10-1,iPhone,Delhi,14,3,0,14.83,30,4653.77,3856.97,17,625,334,0,0,0,1153.24,0,
TXN10-01793,10,2026-06-11 14:59:38,1517.1,Food,100003,Card,DEV-10-4,Android,Delhi,14,3,0,23.85,31,4662.48,3854.93,86,161,335,0,0,0,0.0,0,
TXN10-01794,10,2026-06-11 15:17:26,5000.6,Food,100018,UPI,DEV-10-4,Android,Hyderabad,15,3,0,17.8,32,4655.75,3853.55,19,162,285,0,0,0,1266.53,0,
TXN10-01795,10,2026-06-11 15:24:55,9979.6,Taxi,100001,UPI,DEV-10-3,Android,Chennai,15,3,0,7.48,33,4656.57,3853.58,178,263,231,0,0,0,515.24,0,
TXN10-01796,10,2026-06-11 15:27:54,1547.63,Hotels,100005,Card,DEV-10-3,Android,Goa,15,3,0,2.98,34,4667.94,3857.3,128,264,255,0,0,0,706.92,0,
TXN10-01797,10,2026-06-11 15:35:24,2812.16,Hotels,100017,UPI,DEV-10-2,iPhone,Bangalore,15,3,0,7.5,35,4661.29,3855.87,32,394,274,0,0,0,454.99,0,
TXN10-01798,10,2026-06-11 15:35:27,1541.02,Hotels,100030,UPI,DEV-10-4,Android,Mumbai,15,3,0,0.05,36,4657.35,3852.71,17,163,393,0,0,0,845.32,0,
TXN10-01799,10,2026-06-11 16:06:14,7750.36,Airlines,100026,UPI,DEV-10-3,Android,Mumbai,16,3,0,30.78,37,4654.77,3854.39,29,265,394,0,0,0,0.0,0,
TXN10-01800,10,2026-06-11 16:23:00,2226.89,Taxi,100001,Card,DEV-10-2,iPhone,Mumbai,16,3,0,16.77,38,4661.35,3852.93,179,395,395,0,0,0,0.0,0,
TXN10-01801,10,2026-06-11 16:42:39,2585.28,Airlines,100009,Card,DEV-10-3,Android,Delhi,16,3,0,19.65,39,4656.19,3850.48,68,266,336,0,0,0,1153.24,0,
TXN10-01802,10,2026-06-11 17:06:02,2084.75,Food,100016,UPI,DEV-10-2,iPhone,Chennai,17,3,0,23.38,40,4651.81,3847.58,17,396,232,0,0,0,1767.65,0,
TXN10-01803,10,2026-06-11 17:37:51,2967.85,Food,100002,UPI,DEV-10-3,Android,Delhi,17,3,0,31.82,41,4636.94,3849.97,155,267,337,0,0,0,1767.65,0,
TXN10-01804,10,2026-06-11 17:43:21,3559.75,Food,100003,Card,DEV-10-2,iPhone,Hyderabad,17,3,0,5.5,42,4633.41,3846.66,87,397,286,0,0,0,1266.53,0,
TXN10-01805,10,2026-06-11 17:59:50,2180.37,Food,100002,Card,DEV-10-3,Android,Bangalore,17,3,0,16.48,43,4631.14,3842.91,156,268,275,0,0,0,499.99,0,
TXN10-01806,10,2026-06-11 18:04:39,2952.2,Taxi,100063,UPI,DEV-10-1,iPhone,Mumbai,18,3,0,4.82,44,4625.97,3840.5,4,626,396,0,0,0,845.32,0,
TXN10-01807,10,2026-06-11 19:09:04,4155.9,Taxi,100001,Card,DEV-10-3,Android,Goa,19,3,0,64.42,45,4619.48,3855.92,180,269,256,0,0,0,440.32,0,
TXN10-01808,10,2026-06-11 19:37:26,6315.86,Airlines,100007,Card,DEV-10-12,iPhone,Goa,19,3,0,28.37,46,4620.94,3866.26,135,8,257,0,0,0,0.0,0,
TXN10-01809,10,2026-06-11 20:12:07,4070.49,Food,100015,Card,DEV-10-9,Android,Delhi,20,3,0,34.68,47,4633.04,3869.04,27,27,338,0,0,0,1521.64,0,
TXN10-01810,10,2026-06-11 20:50:02,3688.97,Food,100018,UPI,DEV-10-3,Android,Goa,20,3,0,37.92,48,4633.07,3869.04,20,270,258,0,0,0,1521.64,0,
TXN10-01811,10,2026-06-11 21:11:34,2591.85,Airlines,100007,Card,DEV-10-6,iPhone,Delhi,21,3,0,21.53,49,4643.01,3868.99,136,71,339,0,0,0,1521.64,0,
TXN10-01812,10,2026-06-11 22:02:47,2995.14,Hotels,100010,UPI,DEV-10-6,iPhone,Goa,22,3,0,51.22,50,4634.74,3880.68,79,72,259,0,0,0,1521.64,0,
TXN10-01813,10,2026-06-11 22:03:26,4291.88,Hotels,100012,Card,DEV-10-2,iPhone,Goa,22,3,0,0.65,51,4631.19,3877.23,60,398,260,0,0,0,0.0,0,
TXN10-01814,10,2026-06-11 22:24:02,4407.6,Taxi,100006,Card,DEV-10-2,iPhone,Mumbai,22,3,0,20.6,52,4618.84,3869.19,87,399,397,0,0,0,440.32,0,
TXN10-01815,10,2026-06-11 22:30:41,5769.87,Airlines,100036,UPI,DEV-10-2,iPhone,Delhi,22,3,0,6.65,53,4618.38,3865.02,15,400,340,0,0,0,1153.24,0,
TXN10-01816,10,2026-06-11 23:00:43,1768.27,Airlines,100065,UPI,DEV-10-6,iPhone,Goa,23,3,0,30.03,54,4611.1,3861.25,2,73,261,0,0,0,1521.64,0,
TXN10-01817,10,2026-06-11 23:11:35,3805.76,Hotels,100056,UPI,DEV-10-1,iPhone,Bangalore,23,3,0,10.87,55,4604.96,3859.33,4,627,276,0,0,0,454.99,0,
TXN10-01818,10,2026-06-11 23:46:09,5222.27,Airlines,100027,UPI,DEV-10-2,iPhone,Delhi,23,3,0,34.57,56,4596.92,3869.42,27,401,341,0,0,0,1750.11,0,
TXN10-01819,10,2026-06-11 23:49:00,4238.84,Hotels,100005,Card,DEV-10-2,iPhone,Bangalore,23,3,0,2.85,57,4598.28,3865.33,129,402,277,0,0,0,1750.11,0,
TXN10-01820,10,2026-06-11 23:50:00,1846.83,Taxi,100001,Card,DEV-10-2,iPhone,Delhi,23,3,0,1.0,58,4597.5,3861.18,181,403,342,0,0,0,1750.11,1,ato_short_gap
TXN10-01821,10,2026-06-11 23:51:53,2616.05,Hotels,100017,Card,DEV-10-6,iPhone,Delhi,23,3,0,1.88,59,4589.06,3862.92,33,74,343,0,0,0,0.0,0,
TXN10-01822,10,2026-06-11 23:57:51,5795.52,Taxi,100001,UPI,DEV-10-8,Web,Mumbai,23,3,0,5.97,60,4584.8,3859.83,182,29,398,0,0,0,1153.24,0,
TXN10-01823,10,2026-06-11 23:58:41,10000.0,Hotels,100012,UPI,DEV-10-3,Android,Mumbai,23,3,0,0.83,61,4587.4,3856.08,61,271,399,0,0,0,0.0,0,
TXN10-01824,10,2026-06-11 23:59:24,6568.53,Taxi,100021,Card,DEV-10-3,Android,Bangalore,23,3,0,0.72,62,4599.04,3860.08,49,272,278,0,0,0,845.32,0,
TXN10-01825,10,2026-06-12 05:09:27,10000.0,Airlines,100001,Card,DEV-10-1,iPhone,Mumbai,5,4,0,310.05,1,4603.27,3857.01,183,628,400,0,0,0,845.32,1,distant_800km_15min
TXN10-01826,10,2026-06-12 05:16:12,1159.39,Food,100023,Card,DEV-10-1,iPhone,Hyderabad,5,4,0,6.75,2,4608.79,3862.88,15,629,287,0,0,0,621.46,0,
TXN10-01827,10,2026-06-12 05:18:27,2646.08,Airlines,100001,Card,DEV-10-1,iPhone,Bangalore,5,4,0,2.25,3,4601.4,3862.04,184,630,279,0,0,0,499.99,1,distant_800km_15min
TXN10-01828,10,2026-06-12 05:20:55,1813.78,Taxi,100032,UPI,DEV-10-1,iPhone,Delhi,5,4,0,2.47,4,4597.22,3858.97,20,631,344,0,0,0,1750.11,0,
TXN10-01829,10,2026-06-12 05:27:46,786.13,Food,100002,Card,DEV-10-5,iPhone,Delhi,5,4,0,6.85,5,4591.29,3856.99,157,101,345,0,0,0,0.0,0,
TXN10-01830,10,2026-06-12 05:54:48,3166.38,Hotels,100005,Card,DEV-10-1,iPhone,Goa,5,4,0,27.03,6,4584.02,3860.94,130,632,262,0,0,0,1521.64,0,
TXN10-01831,10,2026-06-12 06:16:19,50000.0,Luxury Goods,100001,Card,DEV-10-1,iPhone,Mumbai,6,4,0,21.52,7,4579.77,3861.58,185,633,401,0,0,0,440.32,1,large_luxury_purchase
TXN10-01832,10,2026-06-12 07:02:10,6351.63,Hotels,100010,UPI,DEV-10-3,Android,Chennai,7,4,0,45.85,8,4681.53,4406.42,80,273,233,0,0,0,1033.1,0,
TXN10-01833,10,2026-06-12 07:24:22,2991.33,Hotels,100033,Card,DEV-10-2,iPhone,Chennai,7,4,0,22.2,9,4685.13,4402.35,17,404,234,0,0,0,0.0,0,
TXN10-01834,10,2026-06-12 09:15:57,5336.53,Airlines,100027,UPI,DEV-10-24,Android,Hyderabad,9,4,0,111.58,10,4678.3,4425.86,28,1,288,1,0,0,515.24,0,
TXN10-01835,10,2026-06-12 09:39:28,10000.0,Hotels,100012,Card,DEV-10-3,Android,Bangalore,9,4,0,23.52,11,4679.74,4421.14,62,274,280,0,0,0,499.99,0,
TXN10-01836,10,2026-06-12 10:08:35,4919.54,Airlines,100001,Card,DEV-10-1,iPhone,Mumbai,10,4,0,29.12,12,4692.96,4432.89,186,634,402,0,0,0,845.32,1,distant_800km_15min
TXN10-01837,10,2026-06-12 10:19:35,3341.58,Airlines,100001,Card,DEV-10-1,iPhone,Jaipur,10,4,0,11.0,13,4693.46,4428.05,187,635,9,0,0,0,920.74,1,distant_800km_15min
TXN10-01838,10,2026-06-12 10:39:01,1367.31,Food,100037,Card,DEV-10-7,Web,Delhi,10,4,0,19.43,14,4685.75,4427.33,10,56,346,0,0,0,237.53,0,
TXN10-01839,10,2026-06-12 10:46:34,6094.33,Taxi,100070,UPI,DEV-10-4,Android,Bangalore,10,4,0,7.55,15,4678.5,4425.21,1,164,281,0,0,1,1750.11,0,
TXN10-01840,10,2026-06-12 10:49:34,6126.31,Taxi,100006,Card,DEV-10-1,iPhone,Mumbai,10,4,0,3.0,16,4685.82,4424.77,88,636,403,0,0,0,845.32,1,ato_short_gap_higher_amount
TXN10-01841,10,2026-06-12 11:29:17,3791.04,Hotels,100005,Card,DEV-10-1,iPhone,Delhi,11,4,0,39.72,17,4691.83,4424.85,131,637,347,0,0,0,1153.24,0,
TXN10-01842,10,2026-06-12 12:33:41,1230.59,Hotels,100005,UPI,DEV-10-3,Android,Mumbai,12,4,0,64.4,18,4694.23,4432.57,132,275,404,0,0,0,1153.24,0,
TXN10-01843,10,2026-06-12 12:53:28,9667.91,Food,100002,UPI,DEV-10-3,Android,Hyderabad,12,4,0,19.78,19,4675.0,4428.53,158,276,289,0,0,0,621.46,0,
TXN10-01844,10,2026-06-12 12:57:17,4624.84,Hotels,100010,UPI,DEV-10-3,Android,Delhi,12,4,0,3.82,20,4686.45,4434.67,81,277,348,0,0,0,1266.53,0,
TXN10-01845,10,2026-06-12 13:07:17,2767.67,Taxi,100001,UPI,DEV-10-4,Android,Delhi,13,4,0,10.0,21,4679.98,4432.6,188,165,349,0,0,0,0.0,0,
TXN10-01846,10,2026-06-12 13:10:53,6212.52,Hotels,100012,Card,DEV-10-1,iPhone,Chennai,13,4,0,3.6,22,4675.75,4433.5,63,638,235,0,0,0,1767.65,0,
TXN10-01847,10,2026-06-12 13:38:15,3254.21,Food,100002,Card,DEV-10-5,iPhone,Hyderabad,13,4,0,27.37,23,4667.45,4427.06,159,102,290,0,0,0,515.24,0,
TXN10-01848,10,2026-06-12 14:14:01,7620.3,Airlines,100009,Card,DEV-10-3,Android,Goa,14,4,0,35.77,24,4671.2,4431.98,69,278,263,0,0,0,520.05,0,
TXN10-01849,10,2026-06-12 15:39:26,2847.89,Food,100039,Card,DEV-10-1,iPhone,Goa,15,4,0,85.42,25,4667.99,4442.19,10,639,264,0,0,0,0.0,0,
TXN10-01850,10,2026-06-12 15:44:01,7333.54,Taxi,100001,Card,DEV-10-1,iPhone,Goa,15,4,0,4.58,26,4663.96,4438.09,189,640,265,0,0,0,0.0,0,
TXN10-01851,10,2026-06-12 15:53:25,8492.65,Food,100008,Card,DEV-10-1,iPhone,Hyderabad,15,4,0,9.4,27,4669.86,4434.95,40,641,291,0,0,0,520.05,0,
TXN10-01852,10,2026-06-12 16:20:36,4292.94,Taxi,100001,Card,DEV-10-2,iPhone,Bangalore,16,4,0,27.18,28,4674.91,4438.0,190,405,282,0,0,0,499.99,0,
TXN10-01853,10,2026-06-12 17:42:00,3491.13,Food,100003,UPI,DEV-10-1,iPhone,Bangalore,17,4,0,81.4,29,4683.66,4439.48,88,642,283,0,0,0,0.0,0,
TXN10-01854,10,2026-06-12 17:42:43,3335.04,Food,100002,Card,DEV-10-3,Android,Mumbai,17,4,0,0.72,30,4677.41,4439.17,160,279,405,0,0,0,845.32,0,
TXN10-01855,10,2026-06-12 17:55:31,1175.84,Food,100011,UPI,DEV-10-17,iPhone,Mumbai,17,4,0,12.8,31,4672.63,4439.45,32,2,406,0,0,0,0.0,0,
TXN10-01856,10,2026-06-12 18:31:07,4069.65,Taxi,100063,Card,DEV-10-2,iPhone,Chennai,18,4,0,35.6,32,4664.89,4437.58,5,406,236,0,0,0,1033.1,0,
TXN10-01857,10,2026-06-12 19:13:46,1145.87,Airlines,100009,Card,DEV-10-4,Android,Chennai,19,4,0,42.65,33,4657.54,4440.78,70,166,237,0,0,0,0.0,0,
TXN10-01858,10,2026-06-12 20:03:21,1720.51,Food,100002,UPI,DEV-10-2,iPhone,Delhi,20,4,0,49.58,34,4644.3,4440.77,161,407,350,0,0,0,1767.65,0,
TXN10-01859,10,2026-06-12 20:12:22,9694.59,Hotels,100005,Card,DEV-10-2,iPhone,Chennai,20,4,0,9.02,35,4645.24,4453.82,133,408,238,0,0,0,1767.65,0,
TXN10-01860,10,2026-06-12 21:01:19,4083.14,Hotels,100005,UPI,DEV-10-3,Android,Chennai,21,4,0,48.95,36,4661.8,4466.86,134,280,239,0,0,0,0.0,0,
TXN10-01861,10,2026-06-12 21:36:30,7173.84,Hotels,100010,Card,DEV-10-1,iPhone,Chennai,21,4,0,35.18,37,4654.76,4471.04,82,643,240,0,0,0,0.0,0,
TXN10-01862,10,2026-06-12 21:53:03,5051.68,Airlines,100047,Card,DEV-10-8,Web,Chennai,21,4,0,16.55,38,4659.1,4472.55,5,30,241,0,0,0,0.0,0,
TXN10-01863,10,2026-06-12 21:55:54,8884.09,Taxi,100048,UPI,DEV-10-4,Android,Mumbai,21,4,0,2.85,39,4659.99,4467.54,11,167,407,0,0,0,1033.1,0,
TXN10-01864,10,2026-06-12 22:23:35,3719.67,Airlines,100045,Card,DEV-10-2,iPhone,Bangalore,22,4,0,27.68,40,4681.28,4479.52,11,409,284,0,0,0,845.32,0,
TXN10-01865,10,2026-06-12 23:54:27,2177.93,Hotels,100005,Card,DEV-10-3,Android,Goa,23,4,0,90.87,41,4573.72,3931.0,135,281,266,0,0,0,454.99,0,
TXN10-01866,10,2026-06-13 00:10:30,6793.82,Hotels,100035,UPI,DEV-10-3,Android,Delhi,0,5,1,16.05,1,4568.27,3928.19,12,282,351,0,0,0,1521.64,1,ato_odd_hour_higher_amount
TXN10-01867,10,2026-06-13 05:26:34,4929.94,Hotels,100046,Card,DEV-10-6,iPhone,Jaipur,5,5,1,316.07,2,4573.32,3925.16,12,75,10,0,0,0,237.53,0,
TXN10-01868,10,2026-06-13 05:31:45,2452.88,Airlines,100026,Card,DEV-10-25,Web,Mumbai,5,5,1,5.18,3,4574.13,3920.76,30,1,408,1,0,0,920.74,0,
TXN10-01869,10,2026-06-13 05:37:42,4554.31,Hotels,100010,UPI,DEV-10-3,Android,Hyderabad,5,5,1,5.95,4,4569.34,3917.62,83,283,292,0,0,0,621.46,0,
TXN10-01870,10,2026-06-13 05:49:35,6212.91,Taxi,100001,Card,DEV-10-3,Android,Delhi,5,5,1,11.88,5,4466.75,3267.76,191,284,352,0,0,0,1266.53,0,
TXN10-01871,10,2026-06-13 06:02:28,4073.57,Hotels,100005,Card,DEV-10-3,Android,Delhi,6,5,1,12.88,6,4468.76,3271.49,136,285,353,0,0,0,0.0,0,
TXN10-01872,10,2026-06-13 06:08:47,1324.91,Airlines,100007,Card,DEV-10-1,iPhone,Delhi,6,5,1,6.32,7,4467.87,3267.85,137,644,354,0,0,0,0.0,0,
TXN10-01873,10,2026-06-13 06:40:46,797.16,Hotels,100010,UPI,DEV-10-5,iPhone,Goa,6,5,1,31.98,8,4460.79,3267.57,84,103,267,0,0,0,1521.64,0,
TXN10-01874,10,2026-06-13 07:09:01,5238.92,Food,100004,UPI,DEV-10-1,iPhone,Mumbai,7,5,1,28.25,9,4447.29,3269.22,47,645,409,0,0,0,440.32,0,
TXN10-01875,10,2026-06-13 07:24:27,7705.09,Food,100019,Card,DEV-10-3,Android,Mumbai,7,5,1,15.43,10,4451.38,3269.07,18,286,410,0,0,0,0.0,0,
TXN10-01876,10,2026-06-13 07:33:01,1574.58,Airlines,100007,Card,DEV-10-5,iPhone,Goa,7,5,1,8.57,11,4458.55,3272.72,138,104,268,0,0,0,440.32,0,
TXN10-01877,10,2026-06-13 07:35:49,3277.41,Hotels,100005,UPI,DEV-10-6,iPhone,Bangalore,7,5,1,2.8,12,4452.06,3271.89,137,76,285,0,0,0,454.99,0,
TXN10-01878,10,2026-06-13 08:08:09,4190.5,Food,100015,Card,DEV-10-2,iPhone,Delhi,8,5,1,32.33,13,4449.42,3268.68,28,410,355,0,0,0,1750.11,0,
TXN10-01879,10,2026-06-13 08:34:29,2821.32,Airlines,100009,Card,DEV-10-3,Android,Goa,8,5,1,26.33,14,4448.84,3265.04,71,287,269,0,0,0,1521.64,0,
TXN10-01880,10,2026-06-13 08:45:11,2618.49,Taxi,100063,Card,DEV-10-4,Android,Goa,8,5,1,10.7,15,4445.19,3262.29,6,168,270,0,0,0,0.0,0,
TXN10-01881,10,2026-06-13 09:23:39,5561.31,Food,100014,UPI,DEV-10-6,iPhone,Goa,9,5,1,38.47,16,4437.38,3265.19,25,77,271,0,0,0,0.0,0,
TXN10-01882,10,2026-06-13 09:33:42,2948.02,Taxi,100006,UPI,DEV-10-2,iPhone,Mumbai,9,5,1,10.05,17,4440.78,3265.57,89,411,411,0,0,0,440.32,0,
TXN10-01883,10,2026-06-13 09:47:00,4239.55,Airlines,100026,Card,DEV-10-2,iPhone,Chennai,9,5,1,13.3,18,4437.44,3262.68,31,412,242,0,0,0,1033.1,0,
TXN10-01884,10,2026-06-13 09:52:15,10000.0,Hotels,100025,Card,DEV-10-12,iPhone,Hyderabad,9,5,1,5.25,19,4437.0,3259.05,22,9,293,0,0,0,515.24,0,
TXN10-01885,10,2026-06-13 10:07:53,1941.58,Airlines,100009,Card,DEV-10-2,iPhone,Goa,10,5,1,15.63,20,4454.88,3271.13,72,413,272,0,0,0,520.05,0,
TXN10-01886,10,2026-06-13 10:15:01,3802.6,Food,100028,Card,DEV-10-9,Android,Chennai,10,5,1,7.13,21,4449.27,3269.62,15,28,243,0,0,0,706.92,0,
TXN10-01887,10,2026-06-13 10:15:16,1910.4,Hotels,100030,Card,DEV-10-1,iPhone,Bangalore,10,5,1,0.25,22,4447.83,3266.12,18,646,286,0,0,0,290.17,0,
TXN10-01888,10,2026-06-13 10:17:28,2461.51,Airlines,100013,Card,DEV-10-4,Android,Hyderabad,10,5,1,2.2,23,4442.19,3264.68,41,169,294,0,0,0,499.99,0,
TXN10-01889,10,2026-06-13 10:21:00,3196.69,Food,100016,Card,DEV-10-4,Android,Hyderabad,10,5,1,3.53,24,4437.8,3262.39,18,170,295,0,0,0,0.0,0,
TXN10-01890,10,2026-06-13 10:52:48,7220.38,Food,100057,Card,DEV-10-9,Android,Hyderabad,10,5,1,31.8,25,4431.24,3261.52,3,29,296,0,0,0,0.0,0,
TXN10-01891,10,2026-06-13 11:01:38,5476.0,Taxi,100022,Card,DEV-10-1,iPhone,Goa,11,5,1,8.83,26,4439.86,3263.78,27,647,273,0,0,0,520.05,0,
TXN10-01892,10,2026-06-13 11:08:50,2289.92,Food,100002,Card,DEV-10-1,iPhone,Hyderabad,11,5,1,7.2,27,4442.17,3260.51,162,648,297,0,0,0,520.05,0,
TXN10-01893,10,2026-06-13 11:24:38,1387.43,Airlines,100065,UPI,DEV-10-3,Android,Chennai,11,5,1,15.8,28,4428.94,3257.17,3,288,244,0,0,0,515.24,0,
TXN10-01894,10,2026-06-13 11:27:17,2834.83,Airlines,100007,Card,DEV-10-1,iPhone,Mumbai,11,5,1,2.65,29,4422.18,3256.7,139,649,412,0,0,0,1033.1,0,
TXN10-01895,10,2026-06-13 11:28:41,2296.7,Hotels,100041,Card,DEV-10-10,iPhone,Mumbai,11,5,1,1.4,30,4418.84,3257.55,11,14,413,0,0,0,0.0,0,
TXN10-01896,10,2026-06-13 11:30:27,2482.64,Airlines,100026,Card,DEV-10-2,iPhone,Hyderabad,11,5,1,1.77,31,4414.13,3255.47,32,414,298,0,0,0,621.46,0,
TXN10-01897,10,2026-06-13 12:01:47,2596.48,Airlines,100007,Card,DEV-10-1,iPhone,Mumbai,12,5,1,31.33,32,4413.01,3256.05,140,650,414,0,0,0,621.46,0,
TXN10-01898,10,2026-06-13 12:19:21,1373.24,Taxi,100006,UPI,DEV-10-4,Android,Goa,12,5,1,17.57,33,4423.49,3253.45,90,171,274,0,0,0,440.32,0,
TXN10-01899,10,2026-06-13 12:43:23,3316.31,Food,100003,Card,DEV-10-3,Android,Delhi,12,5,1,24.03,34,4424.61,3252.31,89,289,356,0,0,0,1521.64,0,
TXN10-01900,10,2026-06-13 13:04:10,6048.17,Food,100071,Card,DEV-10-3,Android,Chennai,13,5,1,20.78,35,4428.33,3250.09,1,290,245,0,0,1,1767.65,0,
TXN10-01901,10,2026-06-13 13:11:59,8163.09,Airlines,100009,Card,DEV-10-7,Web,Goa,13,5,1,7.82,36,4426.88,3249.22,73,57,275,0,0,0,706.92,0,
TXN10-01902,10,2026-06-13 13:16:25,3323.71,Hotels,100010,Card,DEV-10-6,iPhone,Chennai,13,5,1,4.43,37,4435.17,3250.37,85,78,246,0,0,0,706.92,0,
TXN10-01903,10,2026-06-13 13:17:00,9940.39,Food,100002,UPI,DEV-10-4,Android,Mumbai,13,5,1,0.58,38,4432.71,3247.19,163,172,415,0,0,0,1033.1,0,
TXN10-01904,10,2026-06-13 13:45:44,5513.49,Food,100002,Card,DEV-10-6,iPhone,Mumbai,13,5,1,28.73,39,4432.58,3246.97,164,79,416,0,0,0,0.0,0,
TXN10-01905,10,2026-06-13 13:48:58,4331.74,Taxi,100032,Card,DEV-10-2,iPhone,Bangalore,13,5,1,3.23,40,4434.96,3243.78,21,415,287,0,0,0,845.32,0,
TXN10-01906,10,2026-06-13 13:49:30,9236.11,Taxi,100006,UPI,DEV-10-1,iPhone,Delhi,13,5,1,0.53,41,4434.73,3240.21,91,651,357,0,0,0,1750.11,0,
TXN10-01907,10,2026-06-13 13:50:44,3513.46,Hotels,100010,UPI,DEV-10-2,iPhone,Chennai,13,5,1,1.23,42,4445.29,3244.45,86,416,247,0,0,0,1767.65,0,
TXN10-01908,10,2026-06-13 13:52:35,2531.9,Airlines,100047,UPI,DEV-10-2,iPhone,Delhi,13,5,1,1.85,43,4443.24,3241.18,6,417,358,0,0,0,1767.65,0,
TXN10-01909,10,2026-06-13 13:58:03,1985.7,Hotels,100030,UPI,DEV-10-4,Android,Delhi,13,5,1,5.47,44,4434.93,3241.21,19,173,359,0,0,0,0.0,0,
TXN10-01910,10,2026-06-13 14:04:52,2139.45,Taxi,100001,Card,DEV-10-1,iPhone,Mumbai,14,5,1,6.82,45,4429.57,3239.68,192,652,417,0,0,0,1153.24,0,
TXN10-01911,10,2026-06-13 14:41:09,10000.0,Taxi,100054,Card,DEV-10-10,iPhone,Chennai,14,5,1,36.28,46,4438.61,3243.36,4,15,248,0,0,0,1033.1,0,
TXN10-01912,10,2026-06-13 14:42:36,4552.07,Food,100015,Card,DEV-10-1,iPhone,Goa,14,5,1,1.45,47,4450.8,3250.23,29,653,276,0,0,0,706.92,0,
TXN10-01913,10,2026-06-13 14:43:53,4120.0,Hotels,100056,Card,DEV-10-4,Android,Goa,14,5,1,1.28,48,4451.03,3246.68,5,174,277,0,0,0,0.0,0,
TXN10-01914,10,2026-06-13 14:55:05,5604.06,Taxi,100006,Card,DEV-10-1,iPhone,Bangalore,14,5,1,11.2,49,4453.33,3246.07,92,654,288,0,0,0,454.99,0,
TXN10-01915,10,2026-06-13 14:58:29,684.14,Taxi,100006,Card,DEV-UNK-2358,Web,Hyderabad,14,5,1,3.4,50,4455.84,3242.97,93,1,299,1,0,0,499.99,1,ato_new_device
TXN10-01916,10,2026-06-13 15:10:17,10000.0,Taxi,100048,Card,DEV-10-1,iPhone,Goa,15,5,1,11.8,51,4440.48,3244.14,12,655,278,0,0,0,520.05,0,
TXN10-01917,10,2026-06-13 15:13:28,8089.21,Food,100060,UPI,DEV-10-3,Android,Mumbai,15,5,1,3.18,52,4452.6,3250.96,2,291,418,0,0,0,440.32,0,
TXN10-01918,10,2026-06-13 15:31:52,2007.05,Food,100018,UPI,DEV-10-1,iPhone,Chennai,15,5,1,18.4,53,4462.78,3256.28,21,656,249,0,0,0,1033.1,0,
TXN10-01919,10,2026-06-13 15:37:01,4492.34,Hotels,100010,UPI,DEV-10-3,Android,Chennai,15,5,1,5.15,54,4457.43,3254.74,87,292,250,0,0,0,0.0,0,
TXN10-01920,10,2026-06-13 15:41:52,1246.07,Food,100019,Card,DEV-10-6,iPhone,Chennai,15,5,1,4.85,55,4457.51,3251.2,19,80,251,0,0,0,0.0,0,
TXN10-01921,10,2026-06-13 15:48:16,4694.52,Food,100002,Card,DEV-10-4,Android,Goa,15,5,1,6.4,56,4450.54,3251.11,165,175,279,0,0,0,706.92,0,
TXN10-01922,10,2026-06-13 15:55:16,951.47,Food,100004,Card,DEV-10-1,iPhone,Hyderabad,15,5,1,7.0,57,4456.56,3253.14,48,657,300,0,0,0,520.05,0,
TXN10-01923,10,2026-06-13 16:08:51,1189.09,Hotels,100061,Card,DEV-10-1,iPhone,Mumbai,16,5,1,13.58,58,4448.95,3253.7,4,658,419,0,0,0,621.46,0,
TXN10-01924,10,2026-06-13 16:28:10,10000.0,Hotels,100035,UPI,DEV-10-3,Android,Chennai,16,5,1,19.32,59,4448.55,3254.09,13,293,252,0,0,0,1033.1,0,
TXN10-01925,10,2026-06-13 16:42:36,2850.76,Food,100014,Card,DEV-10-1,iPhone,Goa,16,5,1,14.43,60,4467.94,3265.94,26,659,280,0,0,0,706.92,0,
TXN10-01926,10,2026-06-13 16:50:27,6549.14,Hotels,100005,Card,DEV-10-1,iPhone,Chennai,16,5,1,7.85,61,4467.11,3266.3,138,660,253,0,0,0,706.92,0,
TXN10-01927,10,2026-06-13 16:55:55,4478.45,Food,100002,UPI,DEV-10-2,iPhone,Hyderabad,16,5,1,5.47,62,4471.63,3264.19,166,418,301,0,0,0,515.24,0,
TXN10-01928,10,2026-06-13 17:16:14,2231.58,Food,100003,UPI,DEV-10-4,Android,Goa,17,5,1,20.32,63,4471.64,3260.66,90,176,281,0,0,0,520.05,0,
TXN10-01929,10,2026-06-13 17:18:50,4987.92,Hotels,100010,UPI,DEV-10-3,Android,Chandigarh,17,5,1,2.6,64,4466.8,3258.79,88,294,3,0,0,0,1737.37,0,
TXN10-01930,10,2026-06-13 17:32:21,9181.17,Taxi,100054,UPI,DEV-10-4,Android,Mumbai,17,5,1,13.52,65,4468.57,3258.86,5,177,420,0,0,0,1354.32,0,
TXN10-01931,10,2026-06-13 17:34:59,1556.88,Taxi,100001,Card,DEV-10-1,iPhone,Delhi,17,5,1,2.63,66,4478.73,3262.67,193,661,360,0,0,0,1153.24,0,
TXN10-01932,10,2026-06-13 17:41:48,2720.71,Food,100011,UPI,DEV-10-4,Android,Hyderabad,17,5,1,6.82,67,4472.44,3261.97,33,178,302,0,0,0,1266.53,0,
TXN10-01933,10,2026-06-13 18:30:51,5745.99,Food,100002,Card,DEV-10-2,iPhone,Mumbai,18,5,1,49.05,68,4459.43,3262.56,167,419,421,0,0,0,621.46,0,
TXN10-01934,10,2026-06-13 18:38:11,1725.44,Food,100051,Card,DEV-10-3,Android,Goa,18,5,1,7.33,69,4462.2,3259.58,3,295,282,0,0,0,440.32,0,
TXN10-01935,10,2026-06-13 18:53:00,5563.42,Airlines,100029,Card,DEV-10-3,Android,Delhi,18,5,1,14.82,70,4449.37,3262.04,20,296,361,0,0,0,1521.64,0,
TXN10-01936,10,2026-06-13 19:22:53,5696.99,Hotels,100010,Card,DEV-10-4,Android,Bangalore,19,5,1,29.88,71,4430.76,3257.43,89,179,289,0,0,0,1750.11,0,
TXN10-01937,10,2026-06-13 19:35:33,4891.93,Hotels,100020,Card,DEV-10-4,Android,Mumbai,19,5,1,12.67,72,4440.66,3262.21,25,180,422,0,0,0,845.32,0,
TXN10-01938,10,2026-06-13 19:54:42,8227.24,Hotels,100030,Card,DEV-10-1,iPhone,Goa,19,5,1,19.15,73,4445.27,3265.37,20,662,283,0,0,0,440.32,0,
TXN10-01939,10,2026-06-13 20:15:44,4869.82,Airlines,100026,Card,DEV-10-1,iPhone,Hyderabad,20,5,1,21.03,74,4458.86,3268.22,33,663,303,0,0,0,520.05,0,
TXN10-01940,10,2026-06-13 20:19:20,1680.04,Hotels,100005,Card,DEV-10-1,iPhone,Delhi,20,5,1,3.6,75,4455.23,3266.84,139,664,362,0,0,0,1266.53,0,
TXN10-01941,10,2026-06-13 20:44:58,4361.85,Airlines,100007,Card,DEV-10-2,iPhone,Goa,20,5,1,25.63,76,4451.21,3275.05,141,420,284,0,0,0,1521.64,0,
TXN10-01942,10,2026-06-13 21:40:40,1497.77,Hotels,100059,Card,DEV-10-3,Android,Bangalore,21,5,1,55.7,77,4454.66,3281.7,4,297,290,0,0,0,454.99,0,
TXN10-01943,10,2026-06-13 21:48:48,6290.44,Hotels,100033,Card,DEV-10-1,iPhone,Chennai,21,5,1,8.13,78,4448.12,3281.01,18,665,254,0,0,0,290.17,0,
TXN10-01944,10,2026-06-13 22:51:14,2218.42,Hotels,100157,Card,DEV-10-7,Web,Delhi,22,5,1,62.43,79,4445.32,3278.9,1,58,363,0,0,1,1767.65,1,ato_higher_amount_new_merchant_same_category
TXN10-01945,10,2026-06-13 22:54:42,1298.72,Hotels,100059,UPI,DEV-10-2,iPhone,Mumbai,22,5,1,3.47,80,4440.41,3276.95,5,421,423,0,0,0,1153.24,0,
TXN10-01946,10,2026-06-13 23:22:54,10000.0,Taxi,100054,Card,DEV-10-5,iPhone,Hyderabad,23,5,1,28.2,81,4436.01,3279.82,6,105,304,0,0,0,621.46,0,
TXN10-01947,10,2026-06-13 23:46:17,4061.12,Food,100002,Card,DEV-10-1,iPhone,Mumbai,23,5,1,23.38,82,4454.39,3296.85,168,666,424,0,0,0,621.46,0,
TXN10-01948,10,2026-06-14 05:17:42,6674.31,Airlines,100007,UPI,DEV-10-1,iPhone,Bangalore,5,6,1,331.42,1,4442.55,3292.99,142,667,291,0,0,0,845.32,0,
TXN10-01949,10,2026-06-14 05:36:22,1830.91,Food,100044,UPI,DEV-10-2,iPhone,Delhi,5,6,1,18.67,2,4450.89,3293.93,7,422,364,0,0,0,1750.11,0,
TXN10-01950,10,2026-06-14 05:47:10,3448.27,Taxi,100040,UPI,DEV-10-1,iPhone,Chennai,5,6,1,10.8,3,4445.02,3292.56,13,668,255,0,0,0,1767.65,0,
TXN10-01951,10,2026-06-14 06:02:45,2704.99,Food,100011,UPI,DEV-10-5,iPhone,Goa,6,6,1,15.58,4,4443.71,3292.84,34,106,285,0,0,0,706.92,0,
TXN10-01952,10,2026-06-14 06:22:55,3216.08,Food,100002,Card,DEV-10-1,iPhone,Chennai,6,6,1,20.17,5,4448.69,3297.37,169,669,256,0,0,0,706.92,0,
TXN10-01953,10,2026-06-14 06:44:22,6031.65,Airlines,100036,Card,DEV-10-5,iPhone,Chennai,6,6,1,21.45,6,4445.92,3294.18,16,107,257,0,0,0,0.0,0,
TXN10-01954,10,2026-06-14 07:17:21,2760.67,Food,100002,Card,DEV-10-5,iPhone,Hyderabad,7,6,1,32.98,7,4451.02,3298.6,170,108,305,0,0,0,515.24,0,
TXN10-01955,10,2026-06-14 08:06:31,3848.07,Airlines,100066,Card,DEV-10-3,Android,Delhi,8,6,1,49.17,8,4452.07,3301.44,2,298,365,0,0,0,1266.53,0,
TXN10-01956,10,2026-06-14 08:14:47,4995.6,Hotels,100005,Card,DEV-10-2,iPhone,Bangalore,8,6,1,8.27,9,4450.71,3297.84,140,423,292,0,0,0,1750.11,0,
TXN10-01957,10,2026-06-14 08:18:40,2919.38,Food,100003,UPI,DEV-10-2,iPhone,Chennai,8,6,1,3.88,10,4451.93,3294.23,91,424,258,0,0,0,290.17,0,
TXN10-01958,10,2026-06-14 08:29:23,1400.05,Hotels,100059,UPI,DEV-10-2,iPhone,Chennai,8,6,1,10.72,11,4448.49,3291.34,6,425,259,0,0,0,0.0,0,
TXN10-01959,10,2026-06-14 09:23:45,5957.86,Food,100002,UPI,DEV-10-2,iPhone,Delhi,9,6,1,54.37,12,4452.87,3300.32,171,426,366,0,0,0,1767.65,0,
TXN10-01960,10,2026-06-14 09:27:25,6669.99,Airlines,100007,Card,DEV-10-8,Web,Bangalore,9,6,1,3.67,13,4456.26,3297.37,143,31,293,0,0,0,1750.11,0,
TXN10-01961,10,2026-06-14 09:28:00,5199.48,Taxi,100001,Card,DEV-10-4,Android,Mumbai,9,6,1,0.58,14,4461.23,3295.33,194,181,425,0,0,0,845.32,0,
TXN10-01962,10,2026-06-14 09:31:04,2717.94,Taxi,100022,Card,DEV-10-2,iPhone,Indore,9,6,1,3.07,15,4462.89,3291.82,28,427,2,0,0,0,509.83,0,
TXN10-01963,10,2026-06-14 09:36:30,2452.85,Hotels,100005,UPI,DEV-10-2,iPhone,Mumbai,9,6,1,5.43,16,4458.98,3289.17,141,428,426,0,0,0,509.83,0,
TXN10-01964,10,2026-06-14 09:44:28,827.67,Airlines,100009,UPI,DEV-10-3,Android,Bangalore,9,6,1,7.97,17,4442.1,3280.04,74,299,294,0,0,0,845.32,0,
TXN10-01965,10,2026-06-14 10:00:58,3209.21,Hotels,100020,Card,DEV-10-3,Android,Chennai,10,6,1,16.5,18,4434.03,3280.82,26,300,260,0,0,0,290.17,0,
TXN10-01966,10,2026-06-14 10:24:57,6674.53,Hotels,100017,Card,DEV-10-4,Android,Bangalore,10,6,1,23.98,19,4439.11,3286.38,34,182,295,0,0,0,290.17,0,
TXN10-01967,10,2026-06-14 10:25:03,1866.92,Taxi,100001,Card,DEV-10-8,Web,Mumbai,10,6,1,0.1,20,4444.11,3284.4,195,32,427,0,0,0,845.32,0,
TXN10-01968,10,2026-06-14 10:37:29,2850.69,Hotels,100010,UPI,DEV-10-1,iPhone,Delhi,10,6,1,12.43,21,4438.36,3282.98,90,670,367,0,0,0,1153.24,0,
TXN10-01969,10,2026-06-14 10:43:24,3232.18,Airlines,100007,Card,DEV-10-2,iPhone,Bangalore,10,6,1,5.92,22,4434.82,3280.18,144,429,296,0,0,0,1750.11,0,
TXN10-01970,10,2026-06-14 10:59:48,9006.15,Food,100008,UPI,DEV-10-3,Android,Mumbai,10,6,1,16.4,23,4436.76,3284.53,41,301,428,0,0,0,845.32,0,
TXN10-01971,10,2026-06-14 11:05:07,7248.7,Hotels,100041,Card,DEV-10-4,Android,Mumbai,11,6,1,5.32,24,4446.96,3287.94,12,183,429,0,0,0,0.0,0,
TXN10-01972,10,2026-06-14 11:17:17,5540.48,Airlines,100036,Card,DEV-10-1,iPhone,Hyderabad,11,6,1,12.17,25,4464.21,3290.0,17,671,306,0,0,0,621.46,0,
TXN10-01973,10,2026-06-14 11:21:19,1490.85,Airlines,100009,Card,DEV-10-5,iPhone,Hyderabad,11,6,1,4.03,26,4466.62,3286.72,75,109,307,0,0,0,0.0,0,
TXN10-01974,10,2026-06-14 12:20:40,7312.27,Food,100023,Card,DEV-10-9,Android,Chennai,12,6,1,59.35,27,4458.33,3289.53,16,30,261,0,0,0,515.24,0,
TXN10-01975,10,2026-06-14 12:23:01,1874.59,Airlines,100009,Card,DEV-10-4,Android,Mumbai,12,6,1,2.35,28,4464.68,3288.62,76,184,430,0,0,0,1033.1,0,
TXN10-01976,10,2026-06-14 12:53:49,5180.77,Hotels,100046,UPI,DEV-10-6,iPhone,Bangalore,12,6,1,30.8,29,4463.22,3302.49,13,81,297,0,0,0,845.32,0,
TXN10-01977,10,2026-06-14 13:03:26,6641.58,Taxi,100022,UPI,DEV-10-2,iPhone,Delhi,13,6,1,9.62,30,4464.83,3298.96,29,430,368,0,0,0,1750.11,0,
TXN10-01978,10,2026-06-14 13:16:23,5251.02,Food,100002,Card,DEV-10-3,Android,Chennai,13,6,1,12.95,31,4469.71,3296.86,172,302,262,0,0,0,1767.65,0,
TXN10-01979,10,2026-06-14 13:44:40,2317.61,Airlines,100066,UPI,DEV-10-2,iPhone,Bangalore,13,6,1,28.28,32,4471.85,3302.51,3,431,298,0,0,0,290.17,0,
TXN10-01980,10,2026-06-14 13:52:29,2393.19,Food,100003,Card,DEV-10-4,Android,Mumbai,13,6,1,7.82,33,4465.52,3303.95,92,185,431,0,0,0,845.32,0,
TXN10-01981,10,2026-06-14 14:03:51,1124.48,Food,100002,Card,DEV-10-1,iPhone,Goa,14,6,1,11.37,34,4460.84,3301.68,173,672,286,0,0,0,440.32,0,
TXN10-01982,10,2026-06-14 14:04:51,3395.37,Hotels,100041,Card,DEV-10-3,Android,Chennai,14,6,1,1.0,35,4453.33,3301.75,13,303,263,0,0,0,706.92,0,
TXN10-01983,10,2026-06-14 14:12:26,5397.27,Taxi,100001,UPI,DEV-10-1,iPhone,Chennai,14,6,1,7.58,36,4450.95,3298.42,196,673,264,0,0,0,0.0,0,
TXN10-01984,10,2026-06-14 14:12:35,3069.76,Airlines,100047,Card,DEV-10-2,iPhone,Bangalore,14,6,1,0.15,37,4453.07,3295.02,7,432,299,0,0,0,290.17,0,
TXN10-01985,10,2026-06-14 14:20:24,2779.1,Hotels,100005,UPI,DEV-10-1,iPhone,Goa,14,6,1,7.82,38,4449.98,3291.99,142,674,287,0,0,0,454.99,0,
TXN10-01986,10,2026-06-14 14:32:57,3942.56,Food,100071,Card,DEV-10-4,Android,Goa,14,6,1,12.55,39,4446.25,3289.25,2,186,288,0,0,0,0.0,0,
TXN10-01987,10,2026-06-14 15:30:15,3668.94,Hotels,100033,Card,DEV-10-1,iPhone,Chennai,15,6,1,57.3,40,4444.83,3302.96,19,675,265,0,0,0,706.92,0,
TXN10-01988,10,2026-06-14 15:54:39,4449.45,Airlines,100013,Card,DEV-10-3,Android,Delhi,15,6,1,24.4,41,4454.49,3302.17,42,304,369,0,0,0,1767.65,0,
TXN10-01989,10,2026-06-14 16:04:52,1222.14,Taxi,100021,UPI,DEV-10-7,Web,Hyderabad,16,6,1,10.22,42,4454.48,3298.45,50,59,308,0,0,0,1266.53,0,
TXN10-01990,10,2026-06-14 16:27:30,4349.67,Hotels,100033,UPI,DEV-10-6,iPhone,Goa,16,6,1,22.63,43,4440.2,3295.66,20,82,289,0,0,0,520.05,0,
TXN10-01991,10,2026-06-14 16:47:30,8255.29,Taxi,100006,Card,DEV-10-4,Android,Delhi,16,6,1,20.0,44,4439.98,3295.66,94,187,370,0,0,0,1521.64,0,
TXN10-01992,10,2026-06-14 16:56:11,9179.05,Hotels,100059,Card,DEV-10-3,Android,Mumbai,16,6,1,8.68,45,4449.58,3300.58,7,305,432,0,0,0,1153.24,0,
TXN10-01993,10,2026-06-14 17:04:50,5226.4,Hotels,100017,Card,DEV-10-1,iPhone,Delhi,17,6,1,8.65,46,4460.26,3304.48,35,676,371,0,0,0,1153.24,0,
TXN10-01994,10,2026-06-14 17:28:28,5881.12,Airlines,100009,Card,DEV-10-4,Android,Delhi,17,6,1,23.63,47,4468.37,3301.94,77,188,372,0,0,0,0.0,0,
TXN10-01995,10,2026-06-14 17:33:24,7704.37,Food,100003,UPI,DEV-10-2,iPhone,Hyderabad,17,6,1,4.93,48,4476.02,3301.28,93,433,309,0,0,0,1266.53,0,
TXN10-01996,10,2026-06-14 17:36:53,4969.64,Food,100002,UPI,DEV-10-2,iPhone,Hyderabad,17,6,1,3.48,49,4483.29,3301.11,174,434,310,0,0,0,0.0,0,
TXN10-01997,10,2026-06-14 17:47:00,2325.7,Airlines,100027,UPI,DEV-10-5,iPhone,Indore,17,6,1,10.12,50,4482.56,3300.96,29,110,3,0,0,0,653.6,0,
TXN10-01998,10,2026-06-14 17:56:35,4408.23,Taxi,100001,Card,DEV-10-2,iPhone,Chennai,17,6,1,9.58,51,4477.71,3298.84,197,435,266,0,0,0,1168.6,0,
TXN10-01999,10,2026-06-14 18:32:51,7145.58,Food,100016,Card,DEV-10-1,iPhone,Delhi,18,6,1,36.27,52,4482.63,3297.09,19,677,373,0,0,0,1767.65,0,
TXN10-02000,10,2026-06-14 19:14:57,4519.03,Taxi,100006,Card,DEV-10-1,iPhone,Bangalore,19,6,1,42.1,53,4470.01,3298.7,95,678,300,0,0,0,1750.11,0,
TXN10-02001,10,2026-06-14 19:15:14,4160.49,Food,100002,Card,DEV-10-1,iPhone,Delhi,19,6,1,0.28,54,4470.12,3294.98,175,679,374,0,0,0,1750.11,0,
TXN10-02002,10,2026-06-14 19:21:08,2532.82,Airlines,100009,Card,DEV-10-2,iPhone,Goa,19,6,1,5.9,55,4473.24,3294.03,78,436,290,0,0,0,1521.64,0,
TXN10-02003,10,2026-06-14 21:24:37,10000.0,Hotels,100046,Card,DEV-10-4,Android,Goa,21,6,1,123.48,56,4455.79,3305.15,14,189,291,0,0,0,0.0,0,
TXN10-02004,10,2026-06-14 21:29:27,4026.91,Hotels,100064,Card,DEV-10-3,Android,Hyderabad,21,6,1,4.83,57,4468.48,3311.97,2,306,311,0,0,0,520.05,0,
TXN10-02005,10,2026-06-14 21:33:28,10000.0,Taxi,100021,UPI,DEV-10-1,iPhone,Hyderabad,21,6,1,4.02,58,4467.47,3308.26,51,680,312,0,0,0,0.0,0,
TXN10-02006,10,2026-06-14 21:38:24,7347.59,Taxi,100048,Card,DEV-10-4,Android,Delhi,21,6,1,4.93,59,4486.64,3315.93,13,190,375,0,0,0,1266.53,0,
TXN10-02007,10,2026-06-14 22:16:22,1353.31,Taxi,100021,Card,DEV-10-1,iPhone,Mumbai,22,6,1,37.97,60,4498.27,3326.24,52,681,433,0,0,0,1153.24,0,
TXN10-02008,10,2026-06-14 23:43:14,2610.37,Airlines,100118,UPI,DEV-UNK-6792,iPhone,Bangalore,23,6,1,86.87,61,4536.03,3346.22,1,1,301,1,0,1,845.32,1,ato_new_device
TXN10-02009,10,2026-06-14 23:49:55,4178.27,Airlines,100007,UPI,DEV-10-1,iPhone,Goa,23,6,1,6.68,62,4531.51,3343.59,145,682,292,0,0,0,454.99,0,
TXN10-02010,10,2026-06-15 00:07:25,3171.54,Airlines,100036,Card,DEV-UNK-8213,iPhone,Mumbai,0,0,0,17.5,1,4535.35,3342.25,18,1,434,1,0,0,440.32,1,ato_new_device_odd_hour
TXN10-02011,10,2026-06-15 05:07:20,10000.0,Hotels,100077,Card,DEV-UNK-5951,Web,Chennai,5,0,0,299.92,2,4532.15,3338.98,1,1,267,1,0,1,1033.1,1,ato_new_device
TXN10-02012,10,2026-06-15 05:14:50,4934.14,Food,100002,UPI,DEV-10-1,iPhone,Delhi,5,0,0,7.5,3,4544.93,3345.51,176,683,376,0,0,0,1767.65,0,
TXN10-02013,10,2026-06-15 05:30:29,5001.45,Food,100004,Card,DEV-10-5,iPhone,Chennai,5,0,0,15.65,4,4545.83,3341.66,49,111,268,0,0,0,1767.65,0,
TXN10-02014,10,2026-06-15 06:10:14,4250.36,Hotels,100005,UPI,DEV-10-2,iPhone,Mumbai,6,0,0,39.75,5,4546.89,3337.85,143,437,435,0,0,0,1033.1,0,
TXN10-02015,10,2026-06-15 06:11:14,7333.34,Airlines,100007,Card,DEV-10-4,Android,Goa,6,0,0,1.0,6,4546.21,3334.0,146,191,293,0,0,0,440.32,0,
TXN10-02016,10,2026-06-15 06:15:05,4541.49,Hotels,100017,UPI,DEV-10-5,iPhone,Goa,6,0,0,3.85,7,4552.66,3332.83,36,112,294,0,0,0,0.0,0,
TXN10-02017,10,2026-06-15 06:21:55,9296.63,Airlines,100065,UPI,DEV-10-2,iPhone,Bangalore,6,0,0,6.83,8,4550.64,3332.58,4,438,302,0,0,0,454.99,0,
TXN10-02018,10,2026-06-15 06:23:52,2873.2,Hotels,100005,Card,DEV-10-1,iPhone,Mumbai,6,0,0,1.95,9,4561.6,3336.51,144,684,436,0,0,0,845.32,0,
TXN10-02019,10,2026-06-15 06:34:41,9787.08,Hotels,100030,Card,DEV-10-9,Android,Hyderabad,6,0,0,10.82,10,4565.73,3337.49,21,31,313,0,0,0,621.46,0,
TXN10-02020,10,2026-06-15 06:58:33,622.28,Airlines,100009,Card,DEV-10-5,iPhone,Bangalore,6,0,0,23.87,11,4581.78,3345.87,79,113,303,0,0,0,499.99,0,
TXN10-02021,10,2026-06-15 07:47:38,6791.72,Hotels,100059,Card,DEV-10-8,Web,Goa,7,0,0,49.08,12,4565.96,3348.4,8,33,295,0,0,0,454.99,0,
TXN10-02022,10,2026-06-15 07:49:13,3394.53,Food,100003,UPI,DEV-10-3,Android,Goa,7,0,0,1.58,13,4571.1,3346.24,94,307,296,0,0,0,0.0,0,
TXN10-02023,10,2026-06-15 07:55:02,5722.18,Hotels,100010,UPI,DEV-10-1,iPhone,Goa,7,0,0,5.82,14,4568.39,3342.86,91,685,297,0,0,0,0.0,0,
TXN10-02024,10,2026-06-15 07:55:58,10000.0,Taxi,100032,Card,DEV-10-9,Android,Goa,7,0,0,0.93,15,4571.04,3339.47,22,32,298,0,0,0,0.0,0,
TXN10-02025,10,2026-06-15 08:20:39,3560.89,Food,100003,Card,DEV-10-1,iPhone,Mumbai,8,0,0,24.68,16,4574.4,3344.19,95,686,437,0,0,0,440.32,0,
TXN10-02026,10,2026-06-15 08:24:05,4218.09,Airlines,100007,Card,DEV-10-2,iPhone,Delhi,8,0,0,3.43,17,4572.08,3340.7,147,439,377,0,0,0,1153.24,0,
TXN10-02027,10,2026-06-15 08:32:58,7227.5,Hotels,100072,UPI,DEV-10-1,iPhone,Goa,8,0,0,8.88,18,4571.27,3336.92,1,687,299,0,0,1,1521.64,0,
TXN10-02028,10,2026-06-15 08:37:06,7338.42,Hotels,100005,Card,DEV-10-1,iPhone,Delhi,8,0,0,4.13,19,4577.33,3335.52,145,688,378,0,0,0,1521.64,0,
TXN10-02029,10,2026-06-15 09:14:59,1742.45,Airlines,100013,Card,DEV-10-1,iPhone,Bangalore,9,0,0,37.88,20,4578.89,3337.81,43,689,304,0,0,0,1750.11,0,
TXN10-02030,10,2026-06-15 09:42:01,3033.13,Hotels,100005,UPI,DEV-10-3,Android,Bangalore,9,0,0,27.03,21,4567.52,3343.28,146,308,305,0,0,0,0.0,0,
TXN10-02031,10,2026-06-15 10:19:19,3002.7,Taxi,100001,UPI,DEV-10-5,iPhone,Mumbai,10,0,0,37.3,22,4570.4,3341.42,198,114,438,0,0,0,845.32,0,
TXN10-02032,10,2026-06-15 10:24:10,1098.97,Taxi,100054,UPI,DEV-10-3,Android,Goa,10,0,0,4.85,23,4574.28,3338.62,7,309,300,0,0,0,440.32,0,
TXN10-02033,10,2026-06-15 10:32:41,7964.91,Taxi,100001,UPI,DEV-10-8,Web,Goa,10,0,0,8.52,24,4566.32,3338.93,199,34,301,0,0,0,0.0,0,
TXN10-02034,10,2026-06-15 10:47:10,3781.9,Food,100060,Card,DEV-10-9,Android,Hyderabad,10,0,0,14.48,25,4574.08,3339.06,3,33,314,0,0,0,520.05,0,
TXN10-02035,10,2026-06-15 10:54:01,2027.68,Airlines,100007,Card,DEV-10-3,Android,Goa,10,0,0,6.85,26,4572.28,3335.47,148,310,302,0,0,0,520.05,0,
TXN10-02036,10,2026-06-15 11:00:28,5981.0,Taxi,100021,UPI,DEV-10-5,iPhone,Goa,11,0,0,6.45,27,4566.5,3333.88,53,115,303,0,0,0,0.0,0,
TXN10-02037,10,2026-06-15 11:36:55,10000.0,Airlines,100036,Card,DEV-10-4,Android,Mumbai,11,0,0,36.45,28,4573.3,3333.7,19,192,439,0,0,0,440.32,0,
TXN10-02038,10,2026-06-15 11:58:21,1218.94,Taxi,100038,UPI,DEV-10-3,Android,Bangalore,11,0,0,21.43,29,4593.42,3344.78,14,311,306,0,0,0,845.32,0,
TXN10-02039,10,2026-06-15 11:58:27,10000.0,Airlines,100013,Card,DEV-10-1,iPhone,Mumbai,11,0,0,0.1,30,4585.75,3344.84,44,690,440,0,0,0,845.32,0,
TXN10-02040,10,2026-06-15 12:09:52,3970.14,Hotels,100030,Card,DEV-10-4,Android,Hyderabad,12,0,0,11.42,31,4605.12,3351.45,22,193,315,0,0,0,621.46,0,
TXN10-02041,10,2026-06-15 12:17:29,4318.56,Hotels,100012,Card,DEV-10-2,iPhone,Mumbai,12,0,0,7.62,32,4603.68,3347.79,64,440,441,0,0,0,621.46,0,
TXN10-02042,10,2026-06-15 12:52:31,1089.43,Taxi,100001,Card,DEV-10-6,iPhone,Mumbai,12,0,0,35.03,33,4588.53,3343.84,200,83,442,0,0,0,0.0,0,
TXN10-02043,10,2026-06-15 12:54:14,3649.48,Hotels,100010,UPI,DEV-10-1,iPhone,Mumbai,12,0,0,1.72,34,4568.28,3337.98,92,691,443,0,0,0,0.0,0,
TXN10-02044,10,2026-06-15 12:58:04,2736.93,Food,100002,UPI,DEV-10-2,iPhone,Delhi,12,0,0,3.83,35,4566.2,3334.48,177,441,379,0,0,0,1153.24,0,
TXN10-02045,10,2026-06-15 14:12:58,4762.75,Hotels,100005,Card,DEV-10-1,iPhone,Mumbai,14,0,0,74.9,36,4560.55,3332.86,147,692,444,0,0,0,1153.24,0,
TXN10-02046,10,2026-06-15 14:14:17,8636.16,Food,100002,UPI,DEV-10-26,Android,Goa,14,0,0,1.32,37,4561.01,3329.08,178,1,304,1,0,0,440.32,0,
TXN10-02047,10,2026-06-15 14:15:20,8774.08,Hotels,100005,Card,DEV-10-1,iPhone,Goa,14,0,0,1.05,38,4570.28,3330.95,148,693,305,0,0,0,0.0,0,
TXN10-02048,10,2026-06-15 14:25:05,1676.37,Taxi,100024,UPI,DEV-10-5,iPhone,Mumbai,14,0,0,9.75,39,4579.81,3333.17,24,116,445,0,0,0,440.32,0,
TXN10-02049,10,2026-06-15 14:25:59,2429.45,Taxi,100006,UPI,DEV-10-8,Web,Goa,14,0,0,0.9,40,4573.24,3332.26,96,35,306,0,0,0,440.32,0,
TXN10-02050,10,2026-06-15 14:27:17,1773.1,Airlines,100013,UPI,DEV-10-2,iPhone,Delhi,14,0,0,1.3,41,4576.8,3329.12,45,442,380,0,0,0,1521.64,0,
TXN10-02051,10,2026-06-15 14:40:44,4618.67,Food,100003,UPI,DEV-10-1,iPhone,Mumbai,14,0,0,13.45,42,4570.47,3328.02,96,694,446,0,0,0,1153.24,0,
TXN10-02052,10,2026-06-15 15:00:46,3955.35,Hotels,100017,Card,DEV-10-1,iPhone,Mumbai,15,0,0,20.03,43,4566.06,3330.36,37,695,447,0,0,0,0.0,0,
TXN10-02053,10,2026-06-15 15:06:24,6776.66,Food,100003,Card,DEV-10-3,Android,Chennai,15,0,0,5.63,44,4564.68,3326.72,97,312,269,0,0,0,1033.1,0,
TXN10-02054,10,2026-06-15 15:11:37,1357.89,Airlines,100009,UPI,DEV-10-4,Android,Goa,15,0,0,5.22,45,4569.67,3324.62,80,194,307,0,0,0,706.92,0,
TXN10-02055,10,2026-06-15 15:30:32,3857.54,Food,100050,Card,DEV-10-1,iPhone,Delhi,15,0,0,18.92,46,4563.44,3327.68,10,696,381,0,0,0,1521.64,0,
TXN10-02056,10,2026-06-15 15:34:16,2081.49,Hotels,100012,UPI,DEV-10-5,iPhone,Delhi,15,0,0,3.73,47,4561.84,3324.09,65,117,382,0,0,0,0.0,0,
TXN10-02057,10,2026-06-15 16:18:32,1272.66,Taxi,100031,UPI,DEV-10-1,iPhone,Bangalore,16,0,0,44.27,48,4563.87,3326.62,20,697,307,0,0,0,1750.11,0,
TXN10-02058,10,2026-06-15 16:52:47,50000.0,Luxury Goods,100001,Card,DEV-10-1,iPhone,Mumbai,16,0,0,34.25,49,4553.7,3331.98,201,698,448,0,0,0,845.32,1,large_luxury_purchase
TXN10-02059,10,2026-06-15 17:18:51,5812.93,Airlines,100001,Card,DEV-10-1,iPhone,Mumbai,17,0,0,26.07,50,4647.78,3973.55,202,699,449,0,0,0,0.0,1,distant_800km_15min
TXN10-02060,10,2026-06-15 17:25:55,1663.35,Taxi,100022,Card,DEV-10-1,iPhone,Delhi,17,0,0,7.07,51,4642.14,3970.14,30,700,383,0,0,0,1153.24,0,
TXN10-02061,10,2026-06-15 17:30:51,8533.53,Airlines,100001,Card,DEV-10-1,iPhone,Jaipur,17,0,0,4.93,52,4635.36,3968.16,203,701,11,0,0,0,237.53,1,distant_800km_15min
TXN10-02062,10,2026-06-15 17:46:27,2041.91,Hotels,100005,UPI,DEV-10-3,Android,Delhi,17,0,0,15.6,53,4658.11,3982.76,149,313,384,0,0,0,237.53,0,
TXN10-02063,10,2026-06-15 17:54:17,5970.63,Taxi,100038,UPI,DEV-10-1,iPhone,Hyderabad,17,0,0,7.83,54,4652.11,3980.16,15,702,316,0,0,0,1266.53,0,
TXN10-02064,10,2026-06-15 18:10:02,3272.67,Taxi,100021,Card,DEV-10-3,Android,Bangalore,18,0,0,15.75,55,4667.64,3980.69,54,314,308,0,0,0,499.99,0,
TXN10-02065,10,2026-06-15 18:15:21,1942.87,Food,100004,Card,DEV-10-5,iPhone,Delhi,18,0,0,5.32,56,4666.69,3980.97,50,118,385,0,0,0,1750.11,0,
TXN10-02066,10,2026-06-15 18:47:02,534.26,Taxi,100006,UPI,DEV-10-1,iPhone,Bangalore,18,0,0,31.68,57,4661.41,3983.06,97,703,309,0,0,0,1750.11,0,
TXN10-02067,10,2026-06-15 20:04:38,2205.54,Airlines,100027,UPI,DEV-10-9,Android,Bangalore,20,0,0,77.6,58,4645.96,3987.29,30,34,310,0,0,0,0.0,0,
TXN10-02068,10,2026-06-15 20:12:53,1547.76,Hotels,100005,Card,DEV-10-2,iPhone,Goa,20,0,0,8.25,59,4640.34,3984.41,150,443,308,0,0,0,454.99,0,
TXN10-02069,10,2026-06-15 20:24:22,10000.0,Taxi,100038,UPI,DEV-10-1,iPhone,Chennai,20,0,0,11.48,60,4633.23,3982.58,16,704,270,0,0,0,706.92,0,
TXN10-02070,10,2026-06-15 20:36:55,8528.52,Food,100163,UPI,DEV-10-4,Android,Delhi,20,0,0,12.55,61,4645.54,3986.29,1,195,386,0,0,1,1767.65,1,ato_new_merchant_same_category
TXN10-02071,10,2026-06-15 20:43:44,2368.85,Taxi,100001,UPI,DEV-10-2,iPhone,Goa,20,0,0,6.82,62,4655.27,3990.57,204,444,309,0,0,0,1521.64,0,
TXN10-02072,10,2026-06-15 21:07:02,3877.87,Taxi,100001,Card,DEV-10-1,iPhone,Bangalore,21,0,0,23.3,63,4650.04,3987.5,205,705,311,0,0,0,454.99,0,
TXN10-02073,10,2026-06-15 21:23:01,1994.16,Hotels,100010,UPI,DEV-10-2,iPhone,Mumbai,21,0,0,15.98,64,4644.15,3986.74,93,445,450,0,0,0,845.32,0,
TXN10-02074,10,2026-06-15 21:39:11,7209.51,Food,100002,UPI,DEV-10-5,iPhone,Bangalore,21,0,0,16.17,65,4638.09,3984.19,179,119,312,0,0,0,845.32,0,
TXN10-02075,10,2026-06-15 21:40:18,2198.83,Airlines,100029,UPI,DEV-10-6,iPhone,Pune,21,0,0,1.12,66,4643.95,3981.54,21,84,3,0,0,0,735.23,0,
TXN10-02076,10,2026-06-15 22:43:12,10000.0,Hotels,100005,Card,DEV-10-1,iPhone,Mumbai,22,0,0,62.9,67,4650.72,3983.59,151,706,451,0,0,0,120.15,0,
TXN10-02077,10,2026-06-15 22:45:51,6618.81,Taxi,100006,UPI,DEV-10-1,iPhone,Mumbai,22,0,0,2.65,68,4662.9,3987.21,98,707,452,0,0,0,0.0,0,
TXN10-02078,10,2026-06-15 22:49:02,9489.89,Taxi,100001,UPI,DEV-10-8,Web,Chennai,22,0,0,3.18,69,4670.66,3987.7,206,36,271,0,0,0,1033.1,0,
TXN10-02079,10,2026-06-15 22:50:53,6307.44,Food,100028,Card,DEV-10-1,iPhone,Chennai,22,0,0,1.85,70,4680.7,3994.26,16,708,272,0,0,0,0.0,0,
TXN10-02080,10,2026-06-15 22:58:36,3413.59,Hotels,100005,Card,DEV-10-10,iPhone,Hyderabad,22,0,0,7.72,71,4684.4,3990.47,152,16,317,0,0,0,515.24,0,
TXN10-02081,10,2026-06-15 23:00:21,2891.82,Taxi,100040,Card,DEV-10-2,iPhone,Bangalore,23,0,0,1.75,72,4681.52,3986.4,14,446,313,0,0,0,499.99,0,
TXN10-02082,10,2026-06-15 23:08:36,4574.56,Hotels,100010,Card,DEV-10-2,iPhone,Goa,23,0,0,8.25,73,4677.47,3982.8,94,447,310,0,0,0,454.99,0,
TXN10-02083,10,2026-06-15 23:10:39,4670.17,Airlines,100013,UPI,DEV-10-3,Android,Chennai,23,0,0,2.05,74,4677.23,3978.3,46,315,273,0,0,0,706.92,0,
TXN10-02084,10,2026-06-15 23:39:42,5342.57,Hotels,100046,Card,DEV-10-1,iPhone,Hyderabad,23,0,0,29.05,75,4677.29,3978.3,15,709,318,0,0,0,515.24,0,
TXN10-02085,10,2026-06-16 05:14:28,3635.79,Airlines,100027,UPI,DEV-10-4,Android,Chennai,5,1,0,334.77,1,4690.28,3983.64,31,196,274,0,0,0,515.24,0,
TXN10-02086,10,2026-06-16 06:10:57,6695.32,Food,100050,Card,DEV-10-3,Android,Hyderabad,6,1,0,56.48,2,4677.14,3985.85,11,316,319,0,0,0,515.24,0,
TXN10-02087,10,2026-06-16 06:26:25,2948.5,Taxi,100006,UPI,DEV-10-2,iPhone,Mumbai,6,1,0,15.47,3,4681.76,3982.45,99,448,453,0,0,0,621.46,0,
TXN10-02088,10,2026-06-16 06:52:30,3129.67,Food,100002,UPI,DEV-10-1,iPhone,Goa,6,1,0,26.08,4,4677.81,3985.48,180,710,311,0,0,0,440.32,0,
TXN10-02089,10,2026-06-16 06:59:52,7176.6,Food,100002,Card,DEV-10-3,Android,Bangalore,6,1,0,7.37,5,4674.27,3981.61,181,317,314,0,0,0,454.99,0,
TXN10-02090,10,2026-06-16 07:10:00,2343.81,Airlines,100047,Card,DEV-10-15,iPhone,Hyderabad,7,1,0,10.13,6,4679.98,3978.85,8,3,320,0,0,0,499.99,0,
TXN10-02091,10,2026-06-16 07:16:51,4588.25,Taxi,100048,Card,DEV-10-7,Web,Delhi,7,1,0,6.85,7,4674.66,3975.88,14,60,387,0,0,0,1266.53,0,
TXN10-02092,10,2026-06-16 07:21:20,973.89,Taxi,100021,UPI,DEV-10-3,Android,Bangalore,7,1,0,4.48,8,4674.46,3971.36,55,318,315,0,0,0,1750.11,0,
TXN10-02093,10,2026-06-16 07:28:14,5931.55,Food,100008,UPI,DEV-10-7,Web,Goa,7,1,0,6.9,9,4666.07,3970.76,42,61,312,0,0,0,454.99,0,
TXN10-02094,10,2026-06-16 08:04:02,2437.51,Airlines,100026,UPI,DEV-10-4,Android,Hyderabad,8,1,0,35.8,10,4668.26,3975.09,34,197,321,0,0,0,520.05,0,
TXN10-02095,10,2026-06-16 08:25:20,8645.43,Food,100002,UPI,DEV-10-6,iPhone,Chennai,8,1,0,21.3,11,4667.89,3980.41,182,85,275,0,0,0,515.24,0,
TXN10-02096,10,2026-06-16 09:03:28,10000.0,Airlines,100066,UPI,DEV-10-2,iPhone,Delhi,9,1,0,38.13,12,4682.95,3988.38,4,449,388,0,0,0,1767.65,0,
TXN10-02097,10,2026-06-16 09:40:18,2237.54,Airlines,100045,UPI,DEV-10-5,iPhone,Mumbai,9,1,0,36.83,13,4693.72,3996.35,12,120,454,0,0,0,1153.24,0,
TXN10-02098,10,2026-06-16 09:52:02,1927.5,Taxi,100021,UPI,DEV-10-2,iPhone,Hyderabad,9,1,0,11.73,14,4695.09,3995.41,56,450,322,0,0,0,621.46,0,
TXN10-02099,10,2026-06-16 10:37:23,1378.97,Food,100002,Card,DEV-10-2,iPhone,Delhi,10,1,0,45.35,15,4670.7,4003.23,183,451,389,0,0,0,1266.53,0,
TXN10-02100,10,2026-06-16 10:37:24,2189.85,Taxi,100054,UPI,DEV-10-2,iPhone,Bangalore,10,1,0,0.02,16,4663.15,4001.73,8,452,316,0,0,0,1750.11,0,
TXN10-02101,10,2026-06-16 11:08:49,1753.19,Food,100015,Card,DEV-10-4,Android,Mumbai,11,1,0,31.42,17,4631.76,3999.52,30,198,455,0,0,0,845.32,0,
TXN10-02102,10,2026-06-16 11:27:33,6851.71,Food,100003,Card,DEV-10-4,Android,Hyderabad,11,1,0,18.73,18,4625.14,3997.3,98,199,323,0,0,0,621.46,0,
TXN10-02103,10,2026-06-16 11:47:08,7884.57,Taxi,100006,Card,DEV-10-2,iPhone,Delhi,11,1,0,19.58,19,4627.88,3998.41,100,453,390,0,0,0,1266.53,0,
TXN10-02104,10,2026-06-16 13:59:34,6569.72,Airlines,100009,UPI,DEV-10-8,Web,Mumbai,13,1,0,132.43,20,4639.5,4008.37,81,37,456,0,0,0,1153.24,0,
TXN10-02105,10,2026-06-16 14:23:08,4734.54,Taxi,100001,Card,DEV-10-5,iPhone,Bangalore,14,1,0,23.57,21,4650.27,4007.34,207,121,317,0,0,0,845.32,0,
TXN10-02106,10,2026-06-16 14:38:51,3395.05,Taxi,100038,Card,DEV-10-1,iPhone,Delhi,14,1,0,15.72,22,4643.33,4004.6,17,711,391,0,0,0,1750.11,0,
TXN10-02107,10,2026-06-16 14:50:06,1637.68,Hotels,100056,UPI,DEV-10-1,iPhone,Mumbai,14,1,0,11.25,23,4641.8,4004.95,6,712,457,0,0,0,1153.24,0,
TXN10-02108,10,2026-06-16 15:17:21,1415.74,Food,100057,UPI,DEV-10-4,Android,Hyderabad,15,1,0,27.25,24,4634.82,4002.91,4,200,324,0,0,0,621.46,0,
TXN10-02109,10,2026-06-16 16:55:15,2415.01,Taxi,100022,Card,DEV-10-8,Web,Chennai,16,1,0,97.9,25,4651.03,4029.35,31,38,276,0,0,0,515.24,0,
TXN10-02110,10,2026-06-16 17:18:59,2054.53,Airlines,100047,Card,DEV-10-2,iPhone,Hyderabad,17,1,0,23.73,26,4650.61,4033.59,9,454,325,0,0,0,515.24,0,
TXN10-02111,10,2026-06-16 17:40:20,2386.02,Hotels,100005,UPI,DEV-10-4,Android,Chennai,17,1,0,21.35,27,4648.82,4034.58,153,201,277,0,0,0,515.24,0,
TXN10-02112,10,2026-06-16 17:46:53,4255.58,Taxi,100073,UPI,DEV-10-1,iPhone,Goa,17,1,0,6.55,28,4640.17,4035.5,1,713,313,0,0,1,706.92,0,
TXN10-02113,10,2026-06-16 17:55:32,3673.44,Hotels,100005,UPI,DEV-10-2,iPhone,Goa,17,1,0,8.65,29,4643.54,4039.24,154,455,314,0,0,0,0.0,0,
TXN10-02114,10,2026-06-16 18:07:15,10000.0,Food,100060,UPI,DEV-10-1,iPhone,Chennai,18,1,0,11.72,30,4649.24,4036.17,4,714,278,0,0,0,706.92,0,
TXN10-02115,10,2026-06-16 18:13:34,5186.73,Hotels,100074,UPI,DEV-10-3,Android,Mumbai,18,1,0,6.32,31,4661.92,4039.77,1,319,458,0,0,1,1033.1,0,
TXN10-02116,10,2026-06-16 18:14:20,2408.82,Hotels,100041,Card,DEV-10-3,Android,Mumbai,18,1,0,0.77,32,4658.31,4038.63,14,320,459,0,0,0,0.0,0,
TXN10-02117,10,2026-06-16 18:21:30,4757.25,Food,100004,Card,DEV-10-1,iPhone,Goa,18,1,0,7.17,33,4652.99,4035.33,51,715,315,0,0,0,440.32,0,
TXN10-02118,10,2026-06-16 18:31:40,1565.59,Food,100003,UPI,DEV-10-3,Android,Hyderabad,18,1,0,10.17,34,4653.24,4030.57,99,321,326,0,0,0,520.05,0,
TXN10-02119,10,2026-06-16 19:03:32,5405.93,Airlines,100007,Card,DEV-10-2,iPhone,Bangalore,19,1,0,31.87,35,4645.98,4028.6,149,456,318,0,0,0,499.99,0,
TXN10-02120,10,2026-06-16 19:16:01,3249.51,Airlines,100013,Card,DEV-10-1,iPhone,Goa,19,1,0,12.48,36,4647.76,4024.04,47,716,316,0,0,0,454.99,0,
TXN10-02121,10,2026-06-16 19:22:24,2998.12,Food,100049,UPI,DEV-10-2,iPhone,Bangalore,19,1,0,6.38,37,4648.02,4023.94,5,457,319,0,0,0,454.99,0,
TXN10-02122,10,2026-06-16 19:34:33,6960.23,Airlines,100007,Card,DEV-10-4,Android,Goa,19,1,0,12.15,38,4651.84,4027.8,150,202,317,0,0,0,454.99,0,
TXN10-02123,10,2026-06-16 20:27:38,1101.7,Taxi,100001,Card,DEV-10-4,Android,Mumbai,20,1,0,53.08,39,4662.43,4047.87,208,203,460,0,0,0,440.32,0,
TXN10-02124,10,2026-06-16 21:10:07,10000.0,Hotels,100005,Card,DEV-10-3,Android,Delhi,21,1,0,42.48,40,4653.5,4056.68,155,322,392,0,0,0,1153.24,0,
TXN10-02125,10,2026-06-16 21:21:10,9492.38,Hotels,100005,UPI,DEV-10-5,iPhone,Mumbai,21,1,0,11.05,41,4666.32,4060.25,156,122,461,0,0,0,1153.24,0,
TXN10-02126,10,2026-06-16 21:28:26,2290.48,Taxi,100006,Card,DEV-10-2,iPhone,Mumbai,21,1,0,7.27,42,4680.65,4066.71,101,458,462,0,0,0,0.0,0,
TXN10-02127,10,2026-06-16 21:43:21,1550.02,Hotels,100075,UPI,DEV-10-16,iPhone,Bangalore,21,1,0,14.92,43,4674.93,4063.52,1,3,320,0,0,1,845.32,0,
TXN10-02128,10,2026-06-16 22:31:52,5020.89,Hotels,100017,Card,DEV-10-3,Android,Delhi,22,1,0,48.52,44,4668.33,4071.18,38,323,393,0,0,0,1750.11,0,
TXN10-02129,10,2026-06-16 22:35:15,3145.92,Hotels,100017,UPI,DEV-10-1,iPhone,Mumbai,22,1,0,3.38,45,4669.17,4066.35,39,717,463,0,0,0,1153.24,0,
TXN10-02130,10,2026-06-16 23:10:54,1387.9,Taxi,100043,Card,DEV-10-2,iPhone,Chennai,23,1,0,35.65,46,4665.54,4062.17,9,459,279,0,0,0,1033.1,0,
TXN10-02131,10,2026-06-16 23:24:32,6768.52,Hotels,100030,Card,DEV-10-4,Android,Delhi,23,1,0,13.63,47,4658.52,4065.29,23,204,394,0,0,0,1767.65,0,
TXN10-02132,10,2026-06-16 23:43:32,5402.4,Food,100002,Card,DEV-10-3,Android,Goa,23,1,0,19.0,48,4656.79,4070.25,184,324,318,0,0,0,1521.64,0,
TXN10-02133,10,2026-06-17 03:58:14,50000.0,Luxury Goods,100001,Card,DEV-10-1,iPhone,Mumbai,3,2,0,254.7,1,4658.55,4062.31,209,718,464,0,0,0,440.32,1,large_luxury_purchase
TXN10-02134,10,2026-06-17 05:03:41,1210.97,Food,100051,Card,DEV-10-5,iPhone,Hyderabad,5,2,0,65.45,2,4755.25,4622.99,4,123,327,0,0,0,621.46,0,
TXN10-02135,10,2026-06-17 05:56:37,7205.9,Taxi,100043,Card,DEV-10-2,iPhone,Mumbai,5,2,0,52.93,3,4734.65,4624.61,10,460,465,0,0,0,621.46,0,
TXN10-02136,10,2026-06-17 06:19:40,8718.57,Hotels,100005,Card,DEV-10-2,iPhone,Mumbai,6,2,0,23.05,4,4746.29,4624.73,157,461,466,0,0,0,0.0,0,
TXN10-02137,10,2026-06-17 06:29:36,3795.82,Taxi,100001,Card,DEV-10-1,iPhone,Bangalore,6,2,0,9.93,5,4755.84,4623.26,210,719,321,0,0,0,845.32,0,
TXN10-02138,10,2026-06-17 06:30:15,2033.68,Food,100014,UPI,DEV-10-6,iPhone,Bangalore,6,2,0,0.65,6,4753.54,4617.96,27,86,322,0,0,0,0.0,0,
TXN10-02139,10,2026-06-17 06:44:52,1898.13,Taxi,100040,Card,DEV-10-1,iPhone,Mumbai,6,2,0,14.62,7,4747.03,4614.34,15,720,467,0,0,0,845.32,0,
TXN10-02140,10,2026-06-17 07:47:27,4087.02,Hotels,100025,Card,DEV-10-1,iPhone,Chandigarh,7,2,0,62.58,8,4750.9,4624.53,23,721,4,0,0,0,1354.32,0,
TXN10-02141,10,2026-06-17 08:02:32,5745.72,Airlines,100045,UPI,DEV-10-20,Web,Mumbai,8,2,0,15.08,9,4750.29,4624.6,13,2,468,0,0,0,1354.32,0,
TXN10-02142,10,2026-06-17 08:16:08,1695.62,Food,100069,Card,DEV-10-3,Android,Hyderabad,8,2,0,13.6,10,4752.68,4619.31,2,325,328,0,0,0,621.46,0,
TXN10-02143,10,2026-06-17 09:09:33,9657.97,Hotels,100025,Card,DEV-10-1,iPhone,Hyderabad,9,2,0,53.42,11,4738.59,4618.56,24,722,329,0,0,0,0.0,0,
TXN10-02144,10,2026-06-17 09:15:20,963.48,Food,100008,UPI,DEV-10-1,iPhone,Mumbai,9,2,0,5.78,12,4750.39,4619.29,43,723,469,0,0,0,621.46,0,
TXN10-02145,10,2026-06-17 09:18:38,6809.3,Taxi,100001,UPI,DEV-10-6,iPhone,Chennai,9,2,0,3.3,13,4741.33,4617.46,211,87,280,0,0,0,1033.1,0,
TXN10-02146,10,2026-06-17 09:26:26,10000.0,Airlines,100007,Card,DEV-10-1,iPhone,Delhi,9,2,0,7.8,14,4750.75,4617.66,151,724,395,0,0,0,1767.65,0,
TXN10-02147,10,2026-06-17 09:43:40,2545.65,Food,100016,Card,DEV-10-1,iPhone,Delhi,9,2,0,17.23,15,4763.28,4619.25,20,725,396,0,0,0,0.0,0,
TXN10-02148,10,2026-06-17 09:48:29,4065.97,Food,100039,Card,DEV-10-2,iPhone,Chennai,9,2,0,4.82,16,4758.0,4615.01,11,462,281,0,0,0,1767.65,0,
TXN10-02149,10,2026-06-17 10:22:26,3042.22,Taxi,100001,Card,DEV-10-2,iPhone,Mumbai,10,2,0,33.95,17,4754.5,4614.98,212,463,470,0,0,0,1033.1,0,
TXN10-02150,10,2026-06-17 10:37:51,5250.0,Airlines,100001,Card,DEV-UNK-9059,Android,Mumbai,10,2,0,15.42,18,4750.44,4610.25,213,1,471,1,0,0,0.0,1,unknown_device
TXN10-02151,10,2026-06-17 11:07:46,6870.63,Taxi,100001,UPI,DEV-10-1,iPhone,Mumbai,11,2,0,29.92,19,4759.92,4613.19,214,726,472,0,0,0,0.0,0,
TXN10-02152,10,2026-06-17 11:32:53,10000.0,Food,100028,UPI,DEV-10-2,iPhone,Chennai,11,2,0,25.12,20,4773.05,4611.33,17,464,282,0,0,0,1033.1,0,
TXN10-02153,10,2026-06-17 11:59:30,2319.68,Taxi,100001,Card,DEV-10-5,iPhone,Ahmedabad,11,2,0,26.62,21,4785.47,4612.88,215,124,2,0,0,0,1371.81,0,
TXN10-02154,10,2026-06-17 12:16:21,5599.97,Taxi,100006,Card,DEV-10-6,iPhone,Mumbai,12,2,0,16.85,22,4765.23,4612.7,102,88,473,0,0,0,439.98,0,
TXN10-02155,10,2026-06-17 13:16:19,1869.25,Food,100002,UPI,DEV-10-2,iPhone,Mumbai,13,2,0,59.97,23,4773.13,4617.22,185,465,474,0,0,0,0.0,0,
TXN10-02156,10,2026-06-17 13:18:22,7257.9,Food,100004,Card,DEV-10-1,iPhone,Bangalore,13,2,0,2.05,24,4766.22,4613.89,52,727,323,0,0,0,845.32,0,
TXN10-02157,10,2026-06-17 13:44:07,3902.4,Taxi,100001,UPI,DEV-10-7,Web,Bangalore,13,2,0,25.75,25,4772.14,4610.0,216,62,324,0,0,0,0.0,0,
TXN10-02158,10,2026-06-17 13:57:29,4192.4,Airlines,100009,Card,DEV-10-4,Android,Bangalore,13,2,0,13.37,26,4770.08,4604.73,82,205,325,0,0,0,0.0,0,
TXN10-02159,10,2026-06-17 14:15:37,3927.98,Food,100008,Card,DEV-10-2,iPhone,Chennai,14,2,0,18.13,27,4768.71,4599.37,44,466,283,0,0,0,290.17,0,
TXN10-02160,10,2026-06-17 14:29:36,8492.06,Food,100076,Card,DEV-10-3,Android,Mumbai,14,2,0,13.98,28,4766.71,4599.55,1,326,475,0,0,1,1033.1,0,
TXN10-02161,10,2026-06-17 14:52:43,2754.05,Taxi,100043,Card,DEV-10-2,iPhone,Hyderabad,14,2,0,23.12,29,4777.98,4608.08,11,467,330,0,0,0,621.46,0,
TXN10-02162,10,2026-06-17 15:42:28,2035.27,Food,100011,UPI,DEV-10-4,Android,Delhi,15,2,0,49.75,30,4773.19,4603.68,35,206,397,0,0,0,1266.53,0,
TXN10-02163,10,2026-06-17 16:00:10,2251.5,Food,100002,Card,DEV-10-2,iPhone,Delhi,16,2,0,17.7,31,4774.03,4603.14,186,468,398,0,0,0,0.0,0,
TXN10-02164,10,2026-06-17 16:33:11,8210.77,Taxi,100001,Card,DEV-10-1,iPhone,Delhi,16,2,0,33.02,32,4772.83,4603.74,217,728,399,0,0,0,0.0,0,
TXN10-02165,10,2026-06-17 16:48:05,3139.55,Hotels,100010,UPI,DEV-10-3,Android,Delhi,16,2,0,14.9,33,4780.94,4601.33,95,327,400,0,0,0,0.0,0,
TXN10-02166,10,2026-06-17 17:11:35,3385.0,Food,100003,Card,DEV-10-2,iPhone,Delhi,17,2,0,23.5,34,4777.07,4596.6,100,469,401,0,0,0,0.0,0,
TXN10-02167,10,2026-06-17 17:16:16,1561.31,Food,100004,Card,DEV-10-8,Web,Goa,17,2,0,4.68,35,4773.81,4591.69,53,39,319,0,0,0,1521.64,0,
TXN10-02168,10,2026-06-17 17:19:44,4674.69,Airlines,100026,Card,DEV-10-1,iPhone,Goa,17,2,0,3.47,36,4766.28,4588.94,35,729,320,0,0,0,0.0,0,
TXN10-02169,10,2026-06-17 17:34:51,1147.77,Food,100018,Card,DEV-10-1,iPhone,Mumbai,17,2,0,15.12,37,4766.07,4583.58,22,730,476,0,0,0,440.32,0,
TXN10-02170,10,2026-06-17 17:49:49,3361.82,Food,100002,UPI,DEV-10-4,Android,Chennai,17,2,0,14.97,38,4753.34,4586.04,187,207,284,0,0,0,1033.1,0,
TXN10-02171,10,2026-06-17 18:10:03,6710.09,Taxi,100022,UPI,DEV-10-2,iPhone,Mumbai,18,2,0,20.23,39,4764.66,4586.94,32,470,477,0,0,0,1033.1,0,
TXN10-02172,10,2026-06-17 18:38:18,5451.49,Taxi,100001,UPI,DEV-10-1,iPhone,Delhi,18,2,0,28.25,40,4777.94,4584.35,218,731,402,0,0,0,1153.24,0,
TXN10-02173,10,2026-06-17 19:14:15,1157.96,Airlines,100026,Card,DEV-10-1,iPhone,Delhi,19,2,0,35.95,41,4787.03,4581.83,36,732,403,0,0,0,0.0,0,
TXN10-02174,10,2026-06-17 19:16:02,4179.03,Hotels,100010,Card,DEV-10-6,iPhone,Delhi,19,2,0,1.78,42,4778.55,4579.82,96,89,404,0,0,0,0.0,0,
TXN10-02175,10,2026-06-17 19:50:51,2361.88,Food,100015,UPI,DEV-10-2,iPhone,Chennai,19,2,0,34.82,43,4789.66,4587.42,31,471,285,0,0,0,1767.65,0,
TXN10-02176,10,2026-06-17 19:53:22,4509.44,Food,100004,Card,DEV-10-3,Android,Mumbai,19,2,0,2.52,44,4787.94,4588.2,54,328,478,0,0,0,1033.1,0,
TXN10-02177,10,2026-06-17 20:28:46,8902.29,Food,100002,UPI,DEV-10-1,iPhone,Goa,20,2,0,35.4,45,4781.11,4592.2,188,733,321,0,0,0,440.32,0,
TXN10-02178,10,2026-06-17 21:03:59,6378.05,Airlines,100007,UPI,DEV-10-1,iPhone,Chennai,21,2,0,35.22,46,4788.13,4596.21,152,734,286,0,0,0,706.92,0,
TXN10-02179,10,2026-06-17 21:12:54,9106.32,Food,100016,Card,DEV-10-9,Android,Delhi,21,2,0,8.92,47,4799.22,4600.92,21,35,405,0,0,0,1767.65,0,
TXN10-02180,10,2026-06-17 21:22:46,5135.1,Hotels,100159,Card,DEV-10-1,iPhone,Mumbai,21,2,0,9.87,48,4809.35,4600.24,1,735,479,0,0,1,1153.24,1,ato_new_merchant_same_category
TXN10-02181,10,2026-06-17 21:31:41,2628.54,Hotels,100059,UPI,DEV-10-7,Web,Mumbai,21,2,0,8.92,49,4800.0,4595.52,9,63,480,0,0,0,0.0,0,
TXN10-02182,10,2026-06-17 21:34:45,2796.36,Taxi,100038,UPI,DEV-10-1,iPhone,Delhi,21,2,0,3.07,50,4787.98,4598.4,18,736,406,0,0,0,1153.24,0,
TXN10-02183,10,2026-06-17 21:44:03,2579.71,Hotels,100010,Card,DEV-10-9,Android,Delhi,21,2,0,9.3,51,4783.3,4594.0,97,36,407,0,0,0,0.0,0,
TXN10-02184,10,2026-06-17 23:04:20,3491.57,Food,100016,Card,DEV-10-6,iPhone,Hyderabad,23,2,0,80.28,52,4772.72,4601.33,22,90,331,0,0,0,1266.53,0,
TXN10-02185,10,2026-06-17 23:29:02,4573.85,Food,100011,Card,DEV-10-1,iPhone,Delhi,23,2,0,24.7,53,4769.69,4596.31,36,737,408,0,0,0,1266.53,0,
TXN10-02186,10,2026-06-18 00:58:48,2841.95,Food,100014,Card,DEV-10-3,Android,Mumbai,0,3,0,89.77,1,4763.97,4595.04,28,329,481,0,0,0,1153.24,1,ato_odd_hour
TXN10-02187,10,2026-06-18 02:13:37,2202.44,Airlines,100001,Card,DEV-10-1,iPhone,Mumbai,2,3,0,74.82,2,4759.44,4590.57,219,738,482,0,0,0,0.0,1,distant_800km_15min
TXN10-02188,10,2026-06-18 02:21:37,3897.93,Airlines,100001,Card,DEV-10-1,iPhone,Jaipur,2,3,0,8.0,3,4753.42,4586.84,220,739,12,0,0,0,920.74,1,distant_800km_15min
TXN10-02189,10,2026-06-18 05:15:17,10000.0,Airlines,100013,Card,DEV-10-4,Android,Hyderabad,5,3,0,173.67,4,4753.86,4586.75,48,208,332,0,0,0,1095.15,0,
TXN10-02190,10,2026-06-18 05:19:30,6968.85,Hotels,100010,Card,DEV-10-2,iPhone,Mumbai,5,3,0,4.22,5,4766.18,4588.39,98,472,483,0,0,0,621.46,0,
TXN10-02191,10,2026-06-18 05:30:13,4725.33,Food,100044,Card,DEV-10-1,iPhone,Chennai,5,3,0,10.72,6,4771.33,4584.25,8,740,287,0,0,0,1033.1,0,
TXN10-02192,10,2026-06-18 06:02:15,2176.3,Food,100015,UPI,DEV-10-3,Android,Mumbai,6,3,0,32.03,7,4771.23,4578.89,32,330,484,0,0,0,1033.1,0,
TXN10-02193,10,2026-06-18 06:20:40,4805.26,Hotels,100005,UPI,DEV-10-2,iPhone,Mumbai,6,3,0,18.42,8,4765.18,4575.26,158,473,485,0,0,0,0.0,0,
TXN10-02194,10,2026-06-18 06:32:58,3496.09,Taxi,100006,UPI,DEV-10-15,iPhone,Bangalore,6,3,0,12.3,9,4766.89,4575.14,103,4,326,0,0,0,845.32,0,
TXN10-02195,10,2026-06-18 07:38:26,875.04,Food,100002,Card,DEV-10-2,iPhone,Mumbai,7,3,0,65.47,10,4776.44,4598.09,189,474,486,0,0,0,845.32,0,
TXN10-02196,10,2026-06-18 07:40:14,7492.53,Airlines,100045,Card,DEV-10-15,iPhone,Bangalore,7,3,0,1.8,11,4767.24,4596.56,14,5,327,0,0,0,845.32,0,
TXN10-02197,10,2026-06-18 07:53:12,6998.57,Airlines,100066,Card,DEV-10-3,Android,Hyderabad,7,3,0,12.97,12,4782.04,4599.8,5,331,333,0,0,0,499.99,0,
TXN10-02198,10,2026-06-18 07:58:04,1989.13,Taxi,100032,UPI,DEV-10-3,Android,Mumbai,7,3,0,4.87,13,4787.27,4595.63,23,332,487,0,0,0,621.46,0,
TXN10-02199,10,2026-06-18 08:14:03,10000.0,Airlines,100045,UPI,DEV-10-5,iPhone,Hyderabad,8,3,0,15.98,14,4772.94,4594.86,15,125,334,0,0,0,621.46,0,
TXN10-02200,10,2026-06-18 08:20:07,2257.94,Food,100003,Card,DEV-10-6,iPhone,Chennai,8,3,0,6.07,15,4785.24,4596.43,101,91,288,0,0,0,515.24,0,
TXN10-02201,10,2026-06-18 09:52:03,3631.22,Taxi,100070,Card,DEV-10-5,iPhone,Chennai,9,3,0,91.93,16,4775.68,4612.77,2,126,289,0,0,0,0.0,0,
TXN10-02202,10,2026-06-18 10:50:11,1770.22,Taxi,100006,UPI,DEV-10-1,iPhone,Mumbai,10,3,0,58.13,17,4774.8,4612.96,104,741,488,0,0,0,1033.1,0,
TXN10-02203,10,2026-06-18 11:29:25,4560.39,Food,100003,Card,DEV-10-1,iPhone,Mumbai,11,3,0,39.23,18,4782.79,4615.5,102,742,489,0,0,0,0.0,0,
TXN10-02204,10,2026-06-18 11:53:46,1427.66,Taxi,100006,Card,DEV-10-1,iPhone,Chennai,11,3,0,24.35,19,4782.46,4617.39,105,743,290,0,0,0,1033.1,0,
TXN10-02205,10,2026-06-18 12:49:44,1565.82,Airlines,100009,Card,DEV-10-3,Android,Mumbai,12,3,0,55.97,20,4765.14,4628.5,83,333,490,0,0,0,1033.1,0,
TXN10-02206,10,2026-06-18 12:54:13,2836.36,Hotels,100010,Card,DEV-10-3,Android,Delhi,12,3,0,4.48,21,4757.5,4625.61,99,334,409,0,0,0,1153.24,0,
TXN10-02207,10,2026-06-18 12:55:07,5318.75,Hotels,100010,UPI,DEV-10-3,Android,Goa,12,3,0,0.9,22,4752.93,4621.04,100,335,322,0,0,0,1521.64,0,
TXN10-02208,10,2026-06-18 13:07:49,8298.77,Hotels,100035,Card,DEV-10-2,iPhone,Goa,13,3,0,12.7,23,4754.27,4615.64,14,475,323,0,0,0,0.0,0,
TXN10-02209,10,2026-06-18 13:31:59,3426.95,Airlines,100009,Card,DEV-10-4,Android,Hyderabad,13,3,0,24.17,24,4768.83,4617.13,84,209,335,0,0,0,520.05,0,
TXN10-02210,10,2026-06-18 14:11:37,3670.86,Food,100008,Card,DEV-10-3,Android,Bangalore,14,3,0,39.63,25,4762.62,4621.97,45,336,328,0,0,0,499.99,0,
TXN10-02211,10,2026-06-18 14:25:02,4544.55,Hotels,100017,UPI,DEV-10-4,Android,Delhi,14,3,0,13.42,26,4758.99,4622.66,40,210,410,0,0,0,1750.11,0,
TXN10-02212,10,2026-06-18 14:31:06,1846.03,Taxi,100179,UPI,DEV-10-2,iPhone,Chennai,14,3,0,6.07,27,4758.48,4617.16,1,476,291,0,0,1,1767.65,1,ato_new_merchant_same_category
TXN10-02213,10,2026-06-18 15:24:19,2700.72,Airlines,100029,Card,DEV-10-4,Android,Mumbai,15,3,0,53.22,28,4756.22,4627.38,22,211,491,0,0,0,1033.1,0,
TXN10-02214,10,2026-06-18 15:47:16,3105.31,Airlines,100013,Card,DEV-10-2,iPhone,Mumbai,15,3,0,22.95,29,4758.85,4631.74,49,477,492,0,0,0,0.0,0,
TXN10-02215,10,2026-06-18 17:23:16,6099.51,Hotels,100012,Card,DEV-10-5,iPhone,Chennai,17,3,0,96.0,30,4765.49,4642.17,66,127,292,0,0,0,1033.1,0,
TXN10-02216,10,2026-06-18 17:27:09,8232.98,Taxi,100038,UPI,DEV-10-6,iPhone,Delhi,17,3,0,3.88,31,4768.72,4637.01,19,92,411,0,0,0,1767.65,0,
TXN10-02217,10,2026-06-18 17:34:16,2740.85,Food,100002,Card,DEV-10-3,Android,Delhi,17,3,0,7.12,32,4777.08,4634.53,190,337,412,0,0,0,0.0,0,
TXN10-02218,10,2026-06-18 18:17:57,2412.85,Taxi,100001,UPI,DEV-10-2,iPhone,Hyderabad,18,3,0,43.68,33,4790.25,4648.6,221,478,336,0,0,0,1266.53,0,
TXN10-02219,10,2026-06-18 18:48:30,5696.02,Taxi,100024,UPI,DEV-10-9,Android,Mumbai,18,3,0,30.55,34,4784.48,4644.43,25,37,493,0,0,0,621.46,0,
TXN10-02220,10,2026-06-18 19:05:06,1996.55,Airlines,100001,Card,DEV-10-1,iPhone,Mumbai,19,3,0,16.6,35,4786.69,4639.02,222,744,494,0,0,0,0.0,1,distant_800km_15min
TXN10-02221,10,2026-06-18 19:13:06,10000.0,Airlines,100001,Card,DEV-10-1,iPhone,Bangalore,19,3,0,8.0,36,4781.46,4640.94,223,745,329,0,0,0,845.32,1,distant_800km_15min
TXN10-02222,10,2026-06-18 19:17:51,9242.09,Hotels,100077,Card,DEV-10-3,Android,Delhi,19,3,0,4.75,37,4794.07,4642.41,2,338,413,0,0,0,1750.11,0,
TXN10-02223,10,2026-06-18 19:21:21,10000.0,Taxi,100006,UPI,DEV-10-5,iPhone,Mumbai,19,3,0,3.5,38,4804.78,4641.93,106,128,495,0,0,0,1153.24,0,
TXN10-02224,10,2026-06-18 19:37:51,2438.37,Airlines,100029,Card,DEV-10-1,iPhone,Mumbai,19,3,0,16.5,39,4813.66,4648.33,23,746,496,0,0,0,0.0,0,
TXN10-02225,10,2026-06-18 19:51:07,3194.7,Food,100078,Card,DEV-10-5,iPhone,Delhi,19,3,0,13.27,40,4807.95,4644.2,1,129,414,0,0,1,1153.24,0,
TXN10-02226,10,2026-06-18 20:00:10,7490.57,Food,100002,Card,DEV-10-4,Android,Hyderabad,20,3,0,9.05,41,4804.08,4639.3,191,212,337,0,0,0,1266.53,0,
TXN10-02227,10,2026-06-18 20:13:34,7959.31,Hotels,100005,UPI,DEV-10-1,iPhone,Hyderabad,20,3,0,13.4,42,4812.28,4641.02,159,747,338,0,0,0,0.0,0,
TXN10-02228,10,2026-06-18 20:27:14,4856.76,Taxi,100006,Card,DEV-10-1,iPhone,Bangalore,20,3,0,13.67,43,4819.81,4638.01,107,748,330,0,0,0,499.99,0,
TXN10-02229,10,2026-06-18 20:29:10,10000.0,Taxi,100054,Card,DEV-10-2,iPhone,Chennai,20,3,0,1.93,44,4819.9,4632.48,9,479,293,0,0,0,290.17,0,
TXN10-02230,10,2026-06-18 21:39:18,7242.25,Airlines,100007,UPI,DEV-10-1,iPhone,Bangalore,21,3,0,70.13,45,4840.33,4643.28,153,749,331,0,0,0,290.17,0,
TXN10-02231,10,2026-06-18 21:45:06,4837.58,Taxi,100006,Card,DEV-10-2,iPhone,Hyderabad,21,3,0,5.8,46,4846.06,4639.21,108,480,339,0,0,0,499.99,0,
TXN10-02232,10,2026-06-18 21:56:35,1407.08,Food,100023,UPI,DEV-10-1,iPhone,Delhi,21,3,0,11.48,47,4846.04,4633.69,17,750,415,0,0,0,1266.53,0,
TXN10-02233,10,2026-06-18 22:03:12,5915.52,Airlines,100013,UPI,DEV-10-2,iPhone,Mumbai,22,3,0,6.62,48,4842.26,4635.84,50,481,497,0,0,0,1153.24,0,
TXN10-02234,10,2026-06-18 22:07:41,3764.29,Airlines,100013,Card,DEV-10-1,iPhone,Bangalore,22,3,0,4.48,49,4846.13,4636.06,51,751,332,0,0,0,845.32,0,
TXN10-02235,10,2026-06-18 22:20:13,3980.09,Food,100002,Card,DEV-10-1,iPhone,Mumbai,22,3,0,12.53,50,4843.56,4630.85,192,752,498,0,0,0,845.32,0,
TXN10-02236,10,2026-06-18 22:36:52,2433.0,Airlines,100036,UPI,DEV-10-1,iPhone,Delhi,22,3,0,16.65,51,4840.33,4636.28,20,753,416,0,0,0,1153.24,0,
TXN10-02237,10,2026-06-18 22:58:50,2753.97,Hotels,100041,UPI,DEV-10-5,iPhone,Bangalore,22,3,0,21.97,52,4834.62,4632.25,15,130,333,0,0,0,1750.11,0,
TXN10-02238,10,2026-06-18 23:06:54,10000.0,Taxi,100021,Card,DEV-10-2,iPhone,Delhi,23,3,0,8.07,53,4836.96,4630.95,57,482,417,0,0,0,1750.11,0,
TXN10-02239,10,2026-06-18 23:12:53,3162.44,Hotels,100010,Card,DEV-10-1,iPhone,Goa,23,3,0,5.98,54,4851.67,4637.49,101,754,324,0,0,0,1521.64,0,
TXN10-02240,10,2026-06-18 23:16:15,3133.98,Airlines,100009,Card,DEV-10-4,Android,Delhi,23,3,0,3.37,55,4847.67,4632.72,85,213,418,0,0,0,1521.64,0,
TXN10-02241,10,2026-06-18 23:17:18,5021.64,Taxi,100063,Card,DEV-10-4,Android,Bangalore,23,3,0,1.05,56,4843.62,4627.99,7,214,334,0,0,0,1750.11,0,
TXN10-02242,10,2026-06-18 23:41:55,6350.9,Taxi,100031,Card,DEV-10-5,iPhone,Hyderabad,23,3,0,24.62,57,4844.04,4622.53,21,131,340,0,0,0,499.99,0,
TXN10-02243,10,2026-06-18 23:56:08,3074.06,Taxi,100022,UPI,DEV-10-11,Web,Goa,23,3,0,14.22,58,4860.57,4635.82,33,10,325,0,0,0,520.05,0,
TXN10-02244,10,2026-06-19 06:03:10,1761.18,Food,100023,Card,DEV-10-5,iPhone,Hyderabad,6,4,0,367.03,1,4860.62,4654.37,18,132,341,0,0,0,520.05,0,
TXN10-02245,10,2026-06-19 07:06:50,2942.45,Food,100002,Card,DEV-10-8,Web,Mumbai,7,4,0,63.67,2,4739.92,4095.55,193,40,499,0,0,0,621.46,0,
TXN10-02246,10,2026-06-19 07:32:30,2746.03,Airlines,100007,UPI,DEV-10-2,iPhone,Goa,7,4,0,25.67,3,4739.8,4095.6,154,483,326,0,0,0,440.32,0,
TXN10-02247,10,2026-06-19 07:34:04,2734.69,Airlines,100009,UPI,DEV-10-3,Android,Chennai,7,4,0,1.57,4,4734.97,4091.81,86,339,294,0,0,0,706.92,0,
TXN10-02248,10,2026-06-19 08:19:08,3852.43,Hotels,100061,Card,DEV-10-7,Web,Delhi,8,4,0,45.07,5,4730.14,4088.05,5,64,419,0,0,0,1767.65,0,
TXN10-02249,10,2026-06-19 09:23:51,3509.4,Food,100008,Card,DEV-10-13,Web,Hyderabad,9,4,0,64.72,6,4726.55,4088.16,46,6,342,0,0,0,1266.53,0,
TXN10-02250,10,2026-06-19 09:23:55,2335.29,Food,100002,Card,DEV-10-3,Android,Chennai,9,4,0,0.07,7,4723.62,4083.67,194,340,295,0,0,0,515.24,0,
TXN10-02251,10,2026-06-19 10:07:20,5492.38,Taxi,100032,Card,DEV-10-1,iPhone,Mumbai,10,4,0,43.42,8,4705.15,4077.09,24,755,500,0,0,0,1033.1,0,
TXN10-02252,10,2026-06-19 10:09:08,3072.33,Food,100016,Card,DEV-10-2,iPhone,Goa,10,4,0,1.8,9,4706.53,4077.26,23,484,327,0,0,0,440.32,0,
TXN10-02253,10,2026-06-19 10:28:33,2840.13,Food,100002,UPI,DEV-10-3,Android,Goa,10,4,0,19.42,10,4705.88,4077.5,195,341,328,0,0,0,0.0,0,
TXN10-02254,10,2026-06-19 11:01:11,6926.17,Food,100003,UPI,DEV-10-4,Android,Goa,11,4,0,32.63,11,4702.65,4083.92,103,215,329,0,0,0,0.0,0,
TXN10-02255,10,2026-06-19 11:03:21,2176.58,Food,100004,Card,DEV-10-1,iPhone,Hyderabad,11,4,0,2.17,12,4708.02,4080.44,55,756,343,0,0,0,520.05,0,
TXN10-02256,10,2026-06-19 11:24:14,4250.68,Taxi,100006,Card,DEV-10-5,iPhone,Chennai,11,4,0,20.88,13,4701.92,4077.41,109,133,296,0,0,0,515.24,0,
TXN10-02257,10,2026-06-19 11:33:08,8204.28,Airlines,100007,Card,DEV-10-1,iPhone,Mumbai,11,4,0,8.9,14,4703.03,4077.23,155,757,501,0,0,0,1033.1,0,
TXN10-02258,10,2026-06-19 11:39:32,3717.5,Taxi,100006,UPI,DEV-10-5,iPhone,Mumbai,11,4,0,6.4,15,4711.44,4075.93,110,134,502,0,0,0,0.0,0,
TXN10-02259,10,2026-06-19 12:10:17,2285.89,Hotels,100033,Card,DEV-10-2,iPhone,Goa,12,4,0,30.75,16,4709.06,4071.33,21,485,330,0,0,0,440.32,0,
TXN10-02260,10,2026-06-19 12:18:20,5983.42,Airlines,100007,Card,DEV-10-3,Android,Mumbai,12,4,0,8.05,17,4703.26,4068.18,156,342,503,0,0,0,440.32,0,
TXN10-02261,10,2026-06-19 13:42:11,10000.0,Taxi,100079,UPI,DEV-10-4,Android,Delhi,13,4,0,83.85,18,4707.48,4079.94,1,216,420,0,0,1,1153.24,0,
TXN10-02262,10,2026-06-19 14:37:36,4859.68,Food,100002,UPI,DEV-10-7,Web,Bangalore,14,4,0,55.42,19,4713.24,4085.72,196,65,335,0,0,0,1750.11,0,
TXN10-02263,10,2026-06-19 15:07:13,10000.0,Food,100002,Card,DEV-10-1,iPhone,Hyderabad,15,4,0,29.62,20,4713.6,4080.79,197,758,344,0,0,0,499.99,0,
TXN10-02264,10,2026-06-19 16:15:29,10000.0,Taxi,100022,UPI,DEV-10-27,iPhone,Mumbai,16,4,0,68.27,21,4715.42,4091.67,34,1,504,1,0,0,621.46,0,
TXN10-02265,10,2026-06-19 16:24:51,3148.42,Taxi,100038,Card,DEV-10-5,iPhone,Hyderabad,16,4,0,9.37,22,4729.28,4099.87,20,135,345,0,0,0,621.46,0,
TXN10-02266,10,2026-06-19 16:25:49,1210.33,Food,100016,Card,DEV-10-8,Web,Bangalore,16,4,0,0.97,23,4725.45,4095.64,24,41,336,0,0,0,499.99,0,
TXN10-02267,10,2026-06-19 16:30:34,5794.0,Airlines,100026,Card,DEV-10-2,iPhone,Delhi,16,4,0,4.75,24,4716.96,4094.32,37,486,421,0,0,0,1750.11,0,
TXN10-02268,10,2026-06-19 17:08:21,2176.27,Hotels,100080,Card,DEV-10-3,Android,Hyderabad,17,4,0,37.78,25,4719.55,4089.73,1,343,346,0,0,1,1266.53,0,
TXN10-02269,10,2026-06-19 17:40:13,3511.11,Airlines,100013,UPI,DEV-10-2,iPhone,Bangalore,17,4,0,31.87,26,4713.44,4086.71,52,487,337,0,0,0,499.99,0,
TXN10-02270,10,2026-06-19 18:01:19,5188.75,Taxi,100073,Card,DEV-10-1,iPhone,Hyderabad,18,4,0,21.1,27,4725.36,4092.28,2,759,347,0,0,0,499.99,0,
TXN10-02271,10,2026-06-19 18:32:40,3590.94,Airlines,100001,Card,DEV-10-1,iPhone,Mumbai,18,4,0,31.35,28,4728.07,4092.22,224,760,505,0,0,0,621.46,1,distant_800km_15min
TXN10-02272,10,2026-06-19 18:32:56,3996.99,Food,100011,Card,DEV-10-3,Android,Goa,18,4,0,0.27,29,4725.33,4087.67,37,344,331,0,0,0,440.32,0,
TXN10-02273,10,2026-06-19 18:41:40,4631.72,Airlines,100001,Card,DEV-10-1,iPhone,Bangalore,18,4,0,8.73,30,4723.57,4082.91,225,761,338,0,0,0,454.99,1,distant_800km_15min
TXN10-02274,10,2026-06-19 19:49:18,3845.28,Airlines,100007,Card,DEV-10-1,iPhone,Bangalore,19,4,0,67.63,31,4731.95,4079.13,157,762,339,0,0,0,0.0,0,
TXN10-02275,10,2026-06-19 20:01:09,2045.75,Food,100002,UPI,DEV-10-4,Android,Delhi,20,4,0,11.85,32,4729.83,4074.47,198,217,422,0,0,0,1750.11,0,
TXN10-02276,10,2026-06-19 20:06:39,5512.24,Hotels,100005,UPI,DEV-10-5,iPhone,Bangalore,20,4,0,5.5,33,4730.61,4073.92,160,136,340,0,0,0,1750.11,0,
TXN10-02277,10,2026-06-19 20:14:35,6009.44,Food,100015,Card,DEV-10-3,Android,Chennai,20,4,0,7.93,34,4720.58,4066.83,33,345,297,0,0,0,290.17,0,
TXN10-02278,10,2026-06-19 20:51:26,1196.76,Food,100002,Card,DEV-10-1,iPhone,Bangalore,20,4,0,36.85,35,4723.66,4062.45,199,763,341,0,0,0,290.17,0,
TXN10-02279,10,2026-06-19 21:01:18,2897.55,Taxi,100043,Card,DEV-10-1,iPhone,Hyderabad,21,4,0,9.87,36,4715.24,4061.25,12,764,348,0,0,0,499.99,0,
TXN10-02280,10,2026-06-19 21:05:06,5883.38,Taxi,100040,Card,DEV-10-7,Web,Mumbai,21,4,0,3.8,37,4712.41,4062.1,16,66,506,0,0,0,621.46,0,
TXN10-02281,10,2026-06-19 21:15:54,8297.42,Hotels,100005,UPI,DEV-10-3,Android,Delhi,21,4,0,10.8,38,4715.2,4057.66,161,346,423,0,0,0,1153.24,0,
TXN10-02282,10,2026-06-19 22:06:24,1100.34,Hotels,100012,UPI,DEV-10-5,iPhone,Delhi,22,4,0,50.5,39,4707.11,4064.2,67,137,424,0,0,0,0.0,0,
TXN10-02283,10,2026-06-19 22:19:50,4625.51,Taxi,100006,UPI,DEV-10-1,iPhone,Delhi,22,4,0,13.43,40,4698.5,4063.16,111,765,425,0,0,0,0.0,0,
TXN10-02284,10,2026-06-19 22:39:23,3245.82,Airlines,100013,Card,DEV-10-1,iPhone,Delhi,22,4,0,19.55,41,4700.67,4062.88,53,766,426,0,0,0,0.0,0,
TXN10-02285,10,2026-06-19 22:47:07,5440.23,Airlines,100027,Card,DEV-10-1,iPhone,Mumbai,22,4,0,7.73,42,4697.2,4058.66,32,767,507,0,0,0,1153.24,0,
TXN10-02286,10,2026-06-19 23:07:06,1967.52,Food,100081,UPI,DEV-10-4,Android,Delhi,23,4,0,19.98,43,4698.97,4054.0,1,218,427,0,0,1,1153.24,0,
TXN10-02287,10,2026-06-19 23:12:06,4749.92,Food,100008,Card,DEV-10-11,Web,Hyderabad,23,4,0,5.0,44,4692.49,4051.37,47,11,349,0,0,0,1266.53,0,
TXN10-02288,10,2026-06-19 23:20:55,4065.39,Hotels,100020,Card,DEV-10-5,iPhone,Mumbai,23,4,0,8.82,45,4692.63,4046.58,27,138,508,0,0,0,621.46,0,
TXN10-02289,10,2026-06-19 23:29:48,1735.26,Food,100002,Card,DEV-10-2,iPhone,Bangalore,23,4,0,8.88,46,4691.15,4041.92,200,488,342,0,0,0,845.32,0,
TXN10-02290,10,2026-06-20 01:30:47,10000.0,Food,100016,Card,DEV-UNK-4777,iPhone,Chennai,1,5,1,120.98,1,4685.13,4046.11,25,1,298,1,0,0,290.17,1,ato_new_device_odd_hour
TXN10-02291,10,2026-06-20 04:28:08,50000.0,Luxury Goods,100001,Card,DEV-10-1,iPhone,Mumbai,4,5,1,177.35,2,4697.67,4049.55,226,768,509,0,0,0,1033.1,1,large_luxury_purchase
TXN10-02292,10,2026-06-20 05:02:45,8994.84,Airlines,100009,Card,DEV-10-1,iPhone,Delhi,5,5,1,34.62,3,4804.26,4601.94,87,769,428,0,0,0,1153.24,0,
TXN10-02293,10,2026-06-20 05:19:11,10000.0,Hotels,100005,Card,DEV-10-4,Android,Goa,5,5,1,16.43,4,4814.1,4601.0,162,219,332,0,0,0,1521.64,0,
TXN10-02294,10,2026-06-20 05:43:08,2492.49,Food,100002,UPI,DEV-10-6,iPhone,Hyderabad,5,5,1,23.95,5,4832.24,4617.23,201,93,350,0,0,0,520.05,0,
TXN10-02295,10,2026-06-20 06:04:27,7328.43,Taxi,100161,UPI,DEV-10-2,iPhone,Bangalore,6,5,1,21.32,6,4825.24,4623.45,1,489,343,0,0,1,499.99,1,ato_new_merchant_same_category
TXN10-02296,10,2026-06-20 06:06:13,6227.19,Airlines,100047,UPI,DEV-10-5,iPhone,Delhi,6,5,1,1.77,7,4831.14,4619.59,10,139,429,0,0,0,1750.11,0,
TXN10-02297,10,2026-06-20 06:19:58,2494.25,Airlines,100027,UPI,DEV-10-2,iPhone,Bangalore,6,5,1,13.75,8,4842.7,4616.93,33,490,344,0,0,0,1750.11,0,
TXN10-02298,10,2026-06-20 06:33:27,5547.4,Hotels,100062,Card,DEV-10-2,iPhone,Goa,6,5,1,13.48,9,4837.18,4612.9,2,491,333,0,0,0,454.99,0,
TXN10-02299,10,2026-06-20 06:38:46,3423.83,Hotels,100010,Card,DEV-10-8,Web,Hyderabad,6,5,1,5.32,10,4838.84,4607.61,102,42,351,0,0,0,520.05,0,
TXN10-02300,10,2026-06-20 07:01:31,7957.6,Taxi,100001,UPI,DEV-10-2,iPhone,Hyderabad,7,5,1,22.75,11,4845.01,4603.96,227,492,352,0,0,0,0.0,0,
TXN10-02301,10,2026-06-20 07:31:58,3689.98,Hotels,100030,Card,DEV-10-2,iPhone,Hyderabad,7,5,1,30.45,12,4844.68,4609.72,24,493,353,0,0,0,0.0,0,
TXN10-02302,10,2026-06-20 07:40:46,3583.75,Taxi,100001,UPI,DEV-10-5,iPhone,Delhi,7,5,1,8.8,13,4853.36,4612.12,228,140,430,0,0,0,1266.53,0,
TXN10-02303,10,2026-06-20 07:45:20,10000.0,Taxi,100038,UPI,DEV-10-3,Android,Goa,7,5,1,4.57,14,4850.38,4607.1,21,347,334,0,0,0,1521.64,0,
TXN10-02304,10,2026-06-20 07:46:12,2951.03,Airlines,100082,UPI,DEV-10-3,Android,Mumbai,7,5,1,0.87,15,4862.46,4608.43,1,348,510,0,0,1,440.32,0,
TXN10-02305,10,2026-06-20 07:48:45,6351.9,Airlines,100007,UPI,DEV-10-1,iPhone,Hyderabad,7,5,1,2.55,16,4857.99,4603.96,158,770,354,0,0,0,621.46,0,
TXN10-02306,10,2026-06-20 08:55:21,3310.05,Hotels,100077,UPI,DEV-10-1,iPhone,Mumbai,8,5,1,66.6,17,4873.13,4612.88,3,771,511,0,0,0,621.46,0,
TXN10-02307,10,2026-06-20 09:18:32,2722.25,Hotels,100059,Card,DEV-10-3,Android,Mumbai,9,5,1,23.18,18,4869.47,4608.08,10,349,512,0,0,0,0.0,0,
TXN10-02308,10,2026-06-20 09:36:59,3109.29,Taxi,100024,Card,DEV-10-2,iPhone,Chennai,9,5,1,18.45,19,4867.31,4613.61,26,494,299,0,0,0,1033.1,0,
TXN10-02309,10,2026-06-20 09:40:31,10000.0,Airlines,100009,Card,DEV-10-22,iPhone,Chennai,9,5,1,3.53,20,4863.18,4608.98,88,2,300,0,0,0,0.0,0,
TXN10-02310,10,2026-06-20 09:40:36,8314.43,Food,100018,UPI,DEV-10-1,iPhone,Bangalore,9,5,1,0.08,21,4875.21,4610.27,23,772,345,0,0,0,290.17,0,
TXN10-02311,10,2026-06-20 09:58:25,2238.33,Food,100002,UPI,DEV-10-1,iPhone,Delhi,9,5,1,17.82,22,4872.74,4611.9,202,773,431,0,0,0,1750.11,0,
TXN10-02312,10,2026-06-20 10:16:03,6262.5,Food,100002,Card,DEV-10-2,iPhone,Goa,10,5,1,17.63,23,4882.96,4619.8,203,495,335,0,0,0,1521.64,0,
TXN10-02313,10,2026-06-20 10:36:00,1921.34,Airlines,100082,UPI,DEV-10-2,iPhone,Mumbai,10,5,1,19.95,24,4895.93,4623.5,2,496,513,0,0,0,440.32,0,
TXN10-02314,10,2026-06-20 10:36:25,6793.43,Airlines,100013,Card,DEV-10-8,Web,Mumbai,10,5,1,0.42,25,4888.91,4620.3,54,43,514,0,0,0,0.0,0,
TXN10-02315,10,2026-06-20 10:38:04,8272.53,Airlines,100065,Card,DEV-10-1,iPhone,Hyderabad,10,5,1,1.65,26,4893.39,4615.78,5,774,355,0,0,0,621.46,0,
TXN10-02316,10,2026-06-20 10:52:31,3412.29,Food,100002,Card,DEV-10-3,Android,Bangalore,10,5,1,14.45,27,4901.33,4613.26,204,350,346,0,0,0,499.99,0,
TXN10-02317,10,2026-06-20 11:19:21,6572.85,Airlines,100007,Card,DEV-10-1,iPhone,Hyderabad,11,5,1,26.83,28,4897.15,4621.5,159,775,356,0,0,0,499.99,0,
TXN10-02318,10,2026-06-20 11:56:12,5924.81,Food,100014,Card,DEV-10-2,iPhone,Delhi,11,5,1,36.85,29,4926.28,4631.09,29,497,432,0,0,0,1266.53,0,
TXN10-02319,10,2026-06-20 12:34:27,973.19,Taxi,100024,Card,DEV-10-1,iPhone,Bangalore,12,5,1,38.25,30,4942.66,4632.19,27,776,347,0,0,0,1750.11,0,
TXN10-02320,10,2026-06-20 12:47:18,2521.01,Food,100051,Card,DEV-10-1,iPhone,Mumbai,12,5,1,12.85,31,4937.08,4635.55,5,777,515,0,0,0,845.32,0,
TXN10-02321,10,2026-06-20 13:17:40,8220.79,Taxi,100073,Card,DEV-10-2,iPhone,Mumbai,13,5,1,30.37,32,4912.76,4643.51,3,498,516,0,0,0,0.0,0,
TXN10-02322,10,2026-06-20 13:20:07,567.84,Food,100018,UPI,DEV-10-2,iPhone,Hyderabad,13,5,1,2.45,33,4920.67,4640.76,24,499,357,0,0,0,621.46,0,
TXN10-02323,10,2026-06-20 13:27:26,4500.85,Food,100002,Card,DEV-10-2,iPhone,Bangalore,13,5,1,7.32,34,4910.28,4640.09,205,500,348,0,0,0,499.99,0,
TXN10-02324,10,2026-06-20 13:52:57,1302.39,Taxi,100001,Card,DEV-10-1,iPhone,Mumbai,13,5,1,25.52,35,4907.91,4655.45,229,778,517,0,0,0,845.32,0,
TXN10-02325,10,2026-06-20 14:05:42,2982.78,Airlines,100013,UPI,DEV-10-3,Android,Mumbai,14,5,1,12.75,36,4912.95,4660.24,55,351,518,0,0,0,0.0,0,
TXN10-02326,10,2026-06-20 14:16:17,1618.56,Hotels,100046,UPI,DEV-10-2,iPhone,Bangalore,14,5,1,10.58,37,4908.29,4655.58,16,501,349,0,0,0,845.32,0,
TXN10-02327,10,2026-06-20 14:17:17,4549.01,Hotels,100059,Card,DEV-10-2,iPhone,Mumbai,14,5,1,1.0,38,4900.39,4652.77,11,502,519,0,0,0,845.32,0,
TXN10-02328,10,2026-06-20 14:46:35,928.35,Hotels,100010,UPI,DEV-10-1,iPhone,Chennai,14,5,1,29.3,39,4889.95,4657.09,103,779,301,0,0,0,1033.1,0,
TXN10-02329,10,2026-06-20 14:47:48,50000.0,Luxury Goods,100001,Card,DEV-10-1,iPhone,Mumbai,14,5,1,1.22,40,4880.4,4655.53,230,780,520,0,0,0,1033.1,1,large_luxury_purchase
TXN10-02330,10,2026-06-20 14:52:55,3129.65,Hotels,100005,UPI,DEV-10-8,Web,Mumbai,14,5,1,5.12,41,4988.86,5148.18,163,44,521,0,0,0,0.0,0,
TXN10-02331,10,2026-06-20 15:30:24,1960.32,Food,100023,UPI,DEV-10-1,iPhone,Delhi,15,5,1,37.48,42,4973.65,5155.05,19,781,433,0,0,0,1153.24,0,
TXN10-02332,10,2026-06-20 15:43:08,5429.92,Taxi,100022,UPI,DEV-10-1,iPhone,Mumbai,15,5,1,12.73,43,4983.78,5164.31,35,782,522,0,0,0,1153.24,0,
TXN10-02333,10,2026-06-20 16:58:39,5451.65,Airlines,100007,UPI,DEV-10-6,iPhone,Hyderabad,16,5,1,75.52,44,4995.18,5187.45,160,94,358,0,0,0,621.46,0,
TXN10-02334,10,2026-06-20 17:30:36,6640.09,Airlines,100036,Card,DEV-10-1,iPhone,Chennai,17,5,1,31.95,45,5003.17,5192.09,21,783,302,0,0,0,515.24,0,
TXN10-02335,10,2026-06-20 17:31:03,1703.11,Hotels,100020,UPI,DEV-10-3,Android,Goa,17,5,1,0.45,46,5007.21,5186.31,28,352,336,0,0,0,706.92,0,
TXN10-02336,10,2026-06-20 17:35:21,5572.38,Food,100008,Card,DEV-10-3,Android,Bangalore,17,5,1,4.3,47,4997.25,5188.32,48,353,350,0,0,0,454.99,0,
TXN10-02337,10,2026-06-20 17:37:10,5268.52,Food,100042,UPI,DEV-10-1,iPhone,Bangalore,17,5,1,1.82,48,4998.67,5181.99,7,784,351,0,0,0,0.0,0,
TXN10-02338,10,2026-06-20 17:40:33,852.47,Food,100014,Card,DEV-10-1,iPhone,Delhi,17,5,1,3.38,49,4999.33,5175.62,30,785,434,0,0,0,1750.11,0,
TXN10-02339,10,2026-06-20 18:09:12,3646.88,Taxi,100031,Card,DEV-10-5,iPhone,Mumbai,18,5,1,28.65,50,4994.73,5178.48,22,141,523,0,0,0,1153.24,0,
TXN10-02340,10,2026-06-20 18:36:39,3198.93,Taxi,100032,Card,DEV-10-1,iPhone,Hyderabad,18,5,1,27.45,51,4989.56,5178.77,25,786,359,0,0,0,621.46,0,
TXN10-02341,10,2026-06-20 19:21:16,7131.28,Food,100014,UPI,DEV-10-9,Android,Chennai,19,5,1,44.62,52,4991.78,5183.31,31,38,303,0,0,0,515.24,0,
TXN10-02342,10,2026-06-20 19:45:33,2134.51,Airlines,100013,Card,DEV-10-2,iPhone,Delhi,19,5,1,24.28,53,4995.58,5190.69,56,503,435,0,0,0,1767.65,0,
TXN10-02343,10,2026-06-20 19:59:29,1861.6,Food,100002,UPI,DEV-10-6,iPhone,Bangalore,19,5,1,13.93,54,4980.5,5190.13,206,95,352,0,0,0,1750.11,0,
TXN10-02344,10,2026-06-20 20:05:58,3817.04,Taxi,100001,Card,DEV-10-3,Android,Hyderabad,20,5,1,6.48,55,4972.79,5186.03,231,354,360,0,0,0,499.99,0,
TXN10-02345,10,2026-06-20 20:17:52,2679.63,Airlines,100027,Card,DEV-10-5,iPhone,Chennai,20,5,1,11.9,56,4970.2,5186.34,34,142,304,0,0,0,515.24,0,
TXN10-02346,10,2026-06-20 20:39:51,2289.61,Food,100008,UPI,DEV-10-1,iPhone,Goa,20,5,1,21.98,57,4972.66,5185.01,49,787,337,0,0,0,706.92,0,
TXN10-02347,10,2026-06-20 20:55:54,3237.27,Food,100002,Card,DEV-10-3,Android,Hyderabad,20,5,1,16.05,58,4967.55,5186.64,207,355,361,0,0,0,520.05,0,
TXN10-02348,10,2026-06-20 20:56:58,3130.66,Food,100002,Card,DEV-10-10,iPhone,Goa,20,5,1,1.07,59,4963.29,5180.96,208,17,338,0,0,0,520.05,0,
TXN10-02349,10,2026-06-20 20:59:56,1919.16,Food,100003,Card,DEV-10-1,iPhone,Delhi,20,5,1,2.97,60,4958.78,5175.38,104,788,436,0,0,0,1521.64,0,
TXN10-02350,10,2026-06-20 21:12:51,4627.38,Airlines,100047,Card,DEV-10-2,iPhone,Goa,21,5,1,12.92,61,4951.33,5171.22,11,504,339,0,0,0,1521.64,0,
TXN10-02351,10,2026-06-20 22:25:52,4378.52,Taxi,100022,UPI,DEV-10-2,iPhone,Bangalore,22,5,1,73.02,62,4955.73,5174.34,36,505,353,0,0,0,454.99,0,
TXN10-02352,10,2026-06-20 22:41:56,6112.46,Food,100003,Card,DEV-10-6,iPhone,Bangalore,22,5,1,16.07,63,4954.32,5168.07,105,96,354,0,0,0,0.0,0,
TXN10-02353,10,2026-06-20 22:59:14,3975.59,Hotels,100012,UPI,DEV-10-1,iPhone,Delhi,22,5,1,17.3,64,4972.87,5169.75,68,789,437,0,0,0,1750.11,0,
TXN10-02354,10,2026-06-20 23:02:01,6462.25,Taxi,100032,Card,DEV-10-2,iPhone,Hyderabad,23,5,1,2.78,65,4970.42,5163.64,26,506,362,0,0,0,1266.53,0,
TXN10-02355,10,2026-06-20 23:34:06,1270.16,Food,100002,Card,DEV-10-2,iPhone,Chennai,23,5,1,32.08,66,4961.75,5158.16,209,507,305,0,0,0,515.24,0,
TXN10-02356,10,2026-06-20 23:39:37,5434.0,Airlines,100026,UPI,DEV-10-3,Android,Goa,23,5,1,5.52,67,4952.73,5155.07,38,356,340,0,0,0,706.92,0,
TXN10-02357,10,2026-06-20 23:49:07,9764.04,Airlines,100036,Card,DEV-10-4,Android,Goa,23,5,1,9.5,68,4956.08,5154.94,22,220,341,0,0,0,0.0,0,
TXN10-02358,10,2026-06-20 23:55:26,7112.88,Hotels,100005,Card,DEV-10-2,iPhone,Delhi,23,5,1,6.32,69,4967.81,5154.11,164,508,438,0,0,0,1521.64,0,
TXN10-02359,10,2026-06-21 01:38:18,50000.0,Luxury Goods,100001,Card,DEV-10-1,iPhone,Mumbai,1,6,1,102.87,1,4973.03,5148.92,232,790,524,0,0,0,1153.24,1,large_luxury_purchase
TXN10-02360,10,2026-06-21 05:15:32,2332.5,Airlines,100036,UPI,DEV-10-3,Android,Delhi,5,6,1,217.23,2,5082.32,5599.64,23,357,439,0,0,0,1153.24,0,
TXN10-02361,10,2026-06-21 06:47:37,7451.02,Airlines,100026,Card,DEV-10-1,iPhone,Bangalore,6,6,1,92.08,3,5091.75,5629.95,39,791,355,0,0,0,1750.11,0,
TXN10-02362,10,2026-06-21 06:49:19,2892.03,Food,100019,UPI,DEV-10-1,iPhone,Goa,6,6,1,1.7,4,5097.53,5624.25,20,792,342,0,0,0,454.99,0,
TXN10-02363,10,2026-06-21 07:13:13,3068.87,Airlines,100007,Card,DEV-10-2,iPhone,Mumbai,7,6,1,23.9,5,5092.14,5618.43,161,509,525,0,0,0,440.32,0,
TXN10-02364,10,2026-06-21 07:13:23,2955.63,Airlines,100083,Card,DEV-10-3,Android,Bangalore,7,6,1,0.17,6,5087.2,5612.46,1,358,356,0,0,1,845.32,0,
TXN10-02365,10,2026-06-21 07:25:55,6857.64,Airlines,100007,Card,DEV-10-1,iPhone,Delhi,7,6,1,12.53,7,5087.68,5612.27,162,793,440,0,0,0,1750.11,0,
TXN10-02366,10,2026-06-21 07:31:35,6792.51,Taxi,100084,UPI,DEV-10-2,iPhone,Mumbai,7,6,1,5.67,8,5091.98,5606.12,1,510,526,0,0,1,1153.24,0,
TXN10-02367,10,2026-06-21 09:11:03,7921.56,Hotels,100017,UPI,DEV-10-1,iPhone,Goa,9,6,1,99.47,9,5113.81,5622.94,41,794,343,0,0,0,440.32,0,
TXN10-02368,10,2026-06-21 09:14:42,7771.89,Airlines,100009,UPI,DEV-10-2,iPhone,Chennai,9,6,1,3.65,10,5120.68,5617.77,89,511,306,0,0,0,706.92,0,
TXN10-02369,10,2026-06-21 09:16:56,2498.99,Hotels,100005,UPI,DEV-10-2,iPhone,Mumbai,9,6,1,2.23,11,5127.14,5612.44,165,512,527,0,0,0,1033.1,0,
TXN10-02370,10,2026-06-21 09:38:01,2157.26,Airlines,100001,Card,DEV-10-1,iPhone,Mumbai,9,6,1,21.08,12,5127.16,5638.03,233,795,528,0,0,0,0.0,1,distant_800km_15min
TXN10-02371,10,2026-06-21 09:49:01,5097.53,Airlines,100001,Card,DEV-10-1,iPhone,Bangalore,9,6,1,11.0,13,5130.44,5635.92,234,796,357,0,0,0,845.32,1,distant_800km_15min
TXN10-02372,10,2026-06-21 10:14:38,10000.0,Hotels,100061,Card,DEV-10-4,Android,Mumbai,10,6,1,25.62,14,5135.09,5635.11,6,221,529,0,0,0,845.32,0,
TXN10-02373,10,2026-06-21 11:08:55,1476.57,Food,100039,Card,DEV-10-2,iPhone,Chennai,11,6,1,54.28,15,5147.05,5666.23,12,513,307,0,0,0,1033.1,0,
TXN10-02374,10,2026-06-21 11:33:01,1813.79,Airlines,100007,UPI,DEV-10-4,Android,Mumbai,11,6,1,24.1,16,5146.03,5673.3,163,222,530,0,0,0,1033.1,0,
TXN10-02375,10,2026-06-21 12:16:42,1374.55,Taxi,100001,Card,DEV-10-8,Web,Bangalore,12,6,1,43.68,17,5137.72,5668.66,235,45,358,0,0,0,845.32,0,
TXN10-02376,10,2026-06-21 12:41:00,7673.27,Hotels,100012,UPI,DEV-10-3,Android,Goa,12,6,1,24.3,18,5131.04,5675.47,69,359,344,0,0,0,454.99,0,
TXN10-02377,10,2026-06-21 13:01:20,10000.0,Food,100039,UPI,DEV-10-2,iPhone,Mumbai,13,6,1,20.33,19,5137.27,5676.89,13,514,531,0,0,0,440.32,0,
TXN10-02378,10,2026-06-21 13:06:20,4557.78,Taxi,100006,Card,DEV-10-4,Android,Bangalore,13,6,1,5.0,20,5145.66,5681.59,112,223,359,0,0,0,845.32,0,
TXN10-02379,10,2026-06-21 13:10:05,3580.95,Airlines,100083,Card,DEV-10-6,iPhone,Delhi,13,6,1,3.75,21,5144.2,5674.57,2,97,441,0,0,0,1750.11,0,
TXN10-02380,10,2026-06-21 13:10:25,9599.11,Food,100003,UPI,DEV-10-2,iPhone,Mumbai,13,6,1,0.33,22,5140.31,5668.05,106,515,532,0,0,0,1153.24,0,
TXN10-02381,10,2026-06-21 13:35:33,10000.0,Food,100003,UPI,DEV-10-1,iPhone,Mumbai,13,6,1,25.13,23,5151.12,5672.39,107,797,533,0,0,0,0.0,0,
TXN10-02382,10,2026-06-21 14:03:04,5852.42,Taxi,100024,Card,DEV-10-1,iPhone,Mumbai,14,6,1,27.52,24,5177.16,5681.13,28,798,534,0,0,0,0.0,0,
TXN10-02383,10,2026-06-21 14:10:17,5007.21,Food,100002,Card,DEV-10-2,iPhone,Chennai,14,6,1,7.22,25,5193.43,5684.0,210,516,308,0,0,0,1033.1,0,
TXN10-02384,10,2026-06-21 14:18:29,8355.51,Food,100039,Card,DEV-10-1,iPhone,Goa,14,6,1,8.2,26,5197.78,5690.12,14,799,345,0,0,0,706.92,0,
TXN10-02385,10,2026-06-21 14:30:25,1169.02,Hotels,100005,UPI,DEV-10-4,Android,Goa,14,6,1,11.93,27,5211.76,5691.01,166,224,346,0,0,0,0.0,0,
TXN10-02386,10,2026-06-21 14:42:46,1331.66,Airlines,100007,Card,DEV-10-1,iPhone,Chennai,14,6,1,12.35,28,5204.8,5694.25,164,800,309,0,0,0,706.92,0,
TXN10-02387,10,2026-06-21 15:58:14,10000.0,Airlines,100083,UPI,DEV-10-2,iPhone,Goa,15,6,1,75.47,29,5200.83,5704.06,3,517,347,0,0,0,706.92,0,
TXN10-02388,10,2026-06-21 16:05:04,4213.73,Food,100050,Card,DEV-10-3,Android,Mumbai,16,6,1,6.83,30,5222.88,5705.6,12,360,535,0,0,0,440.32,0,
TXN10-02389,10,2026-06-21 17:05:44,1662.53,Food,100049,Card,DEV-10-3,Android,Mumbai,17,6,1,60.67,31,5204.84,5721.76,6,361,536,0,0,0,0.0,0,
TXN10-02390,10,2026-06-21 17:06:52,3130.11,Taxi,100001,Card,DEV-10-6,iPhone,Delhi,17,6,1,1.13,32,5195.89,5717.29,236,98,442,0,0,0,1153.24,0,
TXN10-02391,10,2026-06-21 17:27:30,5167.94,Taxi,100001,UPI,DEV-10-3,Android,Mumbai,17,6,1,20.63,33,5190.69,5711.03,237,362,537,0,0,0,1153.24,0,
TXN10-02392,10,2026-06-21 17:36:48,8984.68,Taxi,100001,Card,DEV-10-1,iPhone,Chennai,17,6,1,9.3,34,5182.54,5716.73,238,801,310,0,0,0,1033.1,0,
TXN10-02393,10,2026-06-21 17:46:57,10000.0,Food,100004,Card,DEV-10-2,iPhone,Goa,17,6,1,10.15,35,5192.68,5719.9,56,518,348,0,0,0,706.92,0,
TXN10-02394,10,2026-06-21 18:22:36,4084.28,Food,100071,Card,DEV-10-2,iPhone,Chennai,18,6,1,35.65,36,5214.1,5730.25,3,519,311,0,0,0,706.92,0,
TXN10-02395,10,2026-06-21 18:28:27,5398.33,Food,100050,UPI,DEV-10-4,Android,Mumbai,18,6,1,5.85,37,5211.24,5723.29,13,225,538,0,0,0,1033.1,0,
TXN10-02396,10,2026-06-21 18:38:42,4953.08,Hotels,100010,Card,DEV-10-1,iPhone,Mumbai,18,6,1,10.25,38,5206.83,5722.47,104,802,539,0,0,0,0.0,0,
TXN10-02397,10,2026-06-21 18:43:48,4478.26,Hotels,100072,Card,DEV-10-2,iPhone,Chennai,18,6,1,5.1,39,5206.19,5715.28,2,520,312,0,0,0,1033.1,0,
TXN10-02398,10,2026-06-21 18:47:16,5493.43,Taxi,100001,Card,DEV-10-1,iPhone,Mumbai,18,6,1,3.47,40,5204.36,5708.21,239,803,540,0,0,0,1033.1,0,
TXN10-02399,10,2026-06-21 19:10:55,3481.94,Taxi,100001,UPI,DEV-10-3,Android,Chennai,19,6,1,23.65,41,5205.09,5701.07,240,363,313,0,0,0,1033.1,0,
TXN10-02400,10,2026-06-21 19:35:40,1810.64,Food,100002,Card,DEV-10-3,Android,Delhi,19,6,1,24.75,42,5211.84,5714.14,211,364,443,0,0,0,1767.65,0,
TXN10-02401,10,2026-06-21 19:38:17,7287.41,Taxi,100006,Card,DEV-10-2,iPhone,Chennai,19,6,1,2.62,43,5203.29,5709.5,113,521,314,0,0,0,1767.65,0,
TXN10-02402,10,2026-06-21 19:49:57,2952.78,Hotels,100012,Card,DEV-10-8,Web,Chennai,19,6,1,11.67,44,5208.51,5703.29,70,46,315,0,0,0,0.0,0,
TXN10-02403,10,2026-06-21 19:59:15,5144.4,Airlines,100082,Card,DEV-10-1,iPhone,Goa,19,6,1,9.3,45,5202.87,5697.27,3,804,349,0,0,0,706.92,0,
TXN10-02404,10,2026-06-21 20:04:36,3262.01,Hotels,100012,Card,DEV-10-10,iPhone,Bangalore,20,6,1,5.35,46,5202.73,5690.16,71,18,360,0,0,0,454.99,0,
TXN10-02405,10,2026-06-21 20:47:52,1730.32,Taxi,100031,Card,DEV-10-1,iPhone,Mumbai,20,6,1,43.27,47,5197.9,5683.9,23,805,541,0,0,0,845.32,0,
TXN10-02406,10,2026-06-21 21:22:33,2013.7,Airlines,100009,Card,DEV-10-1,iPhone,Bangalore,21,6,1,34.68,48,5189.3,5679.47,90,806,361,0,0,0,845.32,0,
TXN10-02407,10,2026-06-21 21:42:14,5721.26,Taxi,100001,Card,DEV-10-1,iPhone,Goa,21,6,1,19.68,49,5154.81,5691.36,241,807,350,0,0,0,454.99,0,
TXN10-02408,10,2026-06-21 21:51:02,1067.73,Food,100002,Card,DEV-10-6,iPhone,Goa,21,6,1,8.8,50,5156.23,5684.33,212,99,351,0,0,0,0.0,0,
TXN10-02409,10,2026-06-21 21:54:26,3090.62,Hotels,100052,UPI,DEV-10-1,iPhone,Goa,21,6,1,3.4,51,5146.06,5680.91,5,808,352,0,0,0,0.0,0,
TXN10-02410,10,2026-06-21 21:55:08,5106.28,Taxi,100006,Card,DEV-10-4,Android,Hyderabad,21,6,1,0.7,52,5140.96,5674.78,114,226,363,0,0,0,520.05,0,
TXN10-02411,10,2026-06-21 21:56:35,2045.77,Food,100071,UPI,DEV-10-7,Web,Chennai,21,6,1,1.45,53,5140.87,5667.75,4,67,316,0,0,0,515.24,0,
TXN10-02412,10,2026-06-21 23:16:04,3115.69,Taxi,100001,Card,DEV-10-6,iPhone,Goa,23,6,1,79.48,54,5142.58,5666.71,242,100,353,0,0,0,706.92,0,
TXN10-02413,10,2026-06-22 01:16:16,3940.44,Hotels,100005,UPI,DEV-10-1,iPhone,Mumbai,1,0,0,120.2,1,5151.14,5679.22,167,809,542,0,0,0,440.32,1,ato_odd_hour
TXN10-02414,10,2026-06-22 05:50:07,1079.24,Food,100037,Card,DEV-10-7,Web,Delhi,5,0,0,273.85,2,5136.91,5688.53,11,68,444,0,0,0,1153.24,0,
TXN10-02415,10,2026-06-22 05:56:20,5979.2,Hotels,100033,UPI,DEV-10-2,iPhone,Goa,5,0,0,6.22,3,5126.79,5685.03,22,522,354,0,0,0,1521.64,0,
TXN10-02416,10,2026-06-22 05:59:41,1347.44,Food,100004,Card,DEV-10-28,Android,Mumbai,5,0,0,3.35,4,5128.91,5678.12,57,1,543,1,0,0,440.32,0,
TXN10-02417,10,2026-06-22 06:43:08,5131.11,Food,100002,Card,DEV-10-1,iPhone,Hyderabad,6,0,0,43.45,5,5100.98,5705.79,213,810,364,0,0,0,621.46,0,
TXN10-02418,10,2026-06-22 07:01:33,2624.24,Food,100042,Card,DEV-10-4,Android,Chennai,7,0,0,18.42,6,5112.34,5701.35,8,227,317,0,0,0,515.24,0,
TXN10-02419,10,2026-06-22 07:30:06,4497.12,Food,100002,UPI,DEV-10-6,iPhone,Bangalore,7,0,0,28.55,7,5106.08,5695.54,214,101,362,0,0,0,290.17,0,
TXN10-02420,10,2026-06-22 07:33:12,2993.23,Food,100016,Card,DEV-10-5,iPhone,Bangalore,7,0,0,3.1,8,5104.56,5688.48,26,143,363,0,0,0,0.0,0,
TXN10-02421,10,2026-06-22 08:58:56,4669.8,Food,100044,Card,DEV-10-3,Android,Hyderabad,8,0,0,85.73,9,5080.25,5730.47,9,365,365,0,0,0,499.99,0,
TXN10-02422,10,2026-06-22 09:35:57,3021.59,Taxi,100063,UPI,DEV-10-1,iPhone,Mumbai,9,0,0,37.02,10,5087.72,5728.02,8,811,544,0,0,0,621.46,0,
TXN10-02423,10,2026-06-22 09:39:34,3997.93,Airlines,100027,UPI,DEV-10-2,iPhone,Delhi,9,0,0,3.62,11,5082.46,5721.68,35,523,445,0,0,0,1153.24,0,
TXN10-02424,10,2026-06-22 10:28:22,5086.23,Hotels,100005,Card,DEV-10-2,iPhone,Delhi,10,0,0,48.8,12,5100.44,5731.09,168,524,446,0,0,0,0.0,0,
TXN10-02425,10,2026-06-22 10:37:13,10000.0,Food,100011,UPI,DEV-10-3,Android,Mumbai,10,0,0,8.85,13,5093.07,5729.25,38,366,545,0,0,0,1153.24,0,
TXN10-02426,10,2026-06-22 10:49:10,3648.37,Hotels,100010,Card,DEV-10-2,iPhone,Delhi,10,0,0,11.95,14,5108.98,5734.22,105,525,447,0,0,0,1153.24,0,
TXN10-02427,10,2026-06-22 11:54:23,8673.85,Food,100055,Card,DEV-10-1,iPhone,Delhi,11,0,0,65.22,15,5098.33,5741.76,3,812,448,0,0,0,0.0,0,
TXN10-02428,10,2026-06-22 11:59:13,3204.66,Hotels,100005,Card,DEV-10-3,Android,Bangalore,11,0,0,4.83,16,5104.91,5743.25,169,367,364,0,0,0,1750.11,0,
TXN10-02429,10,2026-06-22 15:11:32,1732.81,Hotels,100005,Card,DEV-10-1,iPhone,Goa,15,0,0,192.32,17,5132.65,5823.02,170,813,355,0,0,0,454.99,0,
TXN10-02430,10,2026-06-22 15:43:16,8019.31,Food,100085,UPI,DEV-10-2,iPhone,Hyderabad,15,0,0,31.73,18,5145.25,5835.46,2,526,366,0,0,0,520.05,0,
TXN10-02431,10,2026-06-22 16:24:19,5677.66,Taxi,100006,Card,DEV-10-1,iPhone,Chennai,16,0,0,41.05,19,5163.34,5833.89,115,814,318,0,0,0,515.24,0,
TXN10-02432,10,2026-06-22 16:34:02,10000.0,Food,100002,Card,DEV-10-2,iPhone,Delhi,16,0,0,9.72,20,5164.71,5826.14,215,527,449,0,0,0,1767.65,0,
TXN10-02433,10,2026-06-22 16:44:44,6399.92,Hotels,100012,Card,DEV-10-3,Android,Chennai,16,0,0,10.7,21,5177.61,5823.71,72,368,319,0,0,0,1767.65,0,
TXN10-02434,10,2026-06-22 17:13:57,2750.08,Food,100004,UPI,DEV-10-2,iPhone,Mumbai,17,0,0,29.22,22,5061.34,5343.09,58,528,546,0,0,0,1033.1,0,
TXN10-02435,10,2026-06-22 18:55:42,4314.67,Food,100003,UPI,DEV-10-1,iPhone,Mumbai,18,0,0,101.75,23,5084.18,5377.93,108,815,547,0,0,0,0.0,0,
TXN10-02436,10,2026-06-22 19:36:47,2301.17,Taxi,100021,Card,DEV-10-3,Android,Chennai,19,0,0,41.08,24,5082.1,5370.79,58,369,320,0,0,0,1033.1,0,
TXN10-02437,10,2026-06-22 19:56:28,9146.89,Hotels,100010,Card,DEV-10-6,iPhone,Delhi,19,0,0,19.68,25,5074.58,5365.47,106,102,450,0,0,0,1767.65,0,
TXN10-02438,10,2026-06-22 21:08:31,2046.96,Taxi,100040,Card,DEV-10-1,iPhone,Delhi,21,0,0,72.05,26,5091.0,5389.62,17,816,451,0,0,0,0.0,0,
TXN10-02439,10,2026-06-22 21:24:13,2450.72,Airlines,100027,Card,DEV-10-2,iPhone,Bangalore,21,0,0,15.7,27,5091.14,5389.54,36,529,365,0,0,0,1750.11,0,
TXN10-02440,10,2026-06-22 22:13:54,1425.04,Hotels,100012,Card,DEV-10-2,iPhone,Delhi,22,0,0,49.68,28,5086.01,5395.44,73,530,452,0,0,0,1750.11,0,
TXN10-02441,10,2026-06-22 22:21:23,3004.74,Food,100037,UPI,DEV-10-6,iPhone,Hyderabad,22,0,0,7.48,29,5075.98,5391.44,12,103,367,0,0,0,1266.53,0,
TXN10-02442,10,2026-06-22 22:24:24,7659.11,Taxi,100048,Card,DEV-10-3,Android,Hyderabad,22,0,0,3.02,30,5070.33,5385.16,15,370,368,0,0,0,0.0,0,
TXN10-02443,10,2026-06-22 22:42:47,2075.14,Taxi,100001,Card,DEV-10-2,iPhone,Delhi,22,0,0,18.38,31,5077.38,5379.51,243,531,453,0,0,0,1266.53,0,
TXN10-02444,10,2026-06-22 23:10:38,4524.09,Airlines,100009,Card,DEV-10-1,iPhone,Chennai,23,0,0,27.85,32,5047.58,5412.09,91,817,321,0,0,0,1767.65,0,
TXN10-02445,10,2026-06-22 23:28:30,2691.35,Food,100002,Card,DEV-10-1,iPhone,Bangalore,23,0,0,17.87,33,5047.18,5412.12,216,818,366,0,0,0,290.17,0,
TXN10-02446,10,2026-06-22 23:28:42,5252.75,Hotels,100017,UPI,DEV-10-5,iPhone,Delhi,23,0,0,0.2,34,5040.67,5406.06,42,144,454,0,0,0,1750.11,0,
TXN10-02447,10,2026-06-23 02:39:15,50000.0,Luxury Goods,100001,Card,DEV-10-1,iPhone,Mumbai,2,1,0,190.55,1,5040.42,5406.05,244,819,548,0,0,0,1153.24,1,large_luxury_purchase
TXN10-02448,10,2026-06-23 05:18:04,10000.0,Airlines,100027,UPI,DEV-10-4,Android,Delhi,5,1,0,158.82,2,5168.5,5898.08,37,228,455,0,0,0,1153.24,0,
TXN10-02449,10,2026-06-23 05:56:04,3022.12,Hotels,100012,UPI,DEV-10-9,Android,Bangalore,5,1,0,38.0,3,5181.81,5895.39,74,39,367,0,0,0,1750.11,0,
TXN10-02450,10,2026-06-23 06:51:48,3734.01,Hotels,100005,Card,DEV-10-1,iPhone,Goa,6,1,0,55.73,4,5177.83,5902.92,171,820,356,0,0,0,454.99,0,
TXN10-02451,10,2026-06-23 07:05:34,2684.53,Taxi,100001,Card,DEV-10-1,iPhone,Delhi,7,1,0,13.77,5,5173.97,5909.65,245,821,456,0,0,0,1521.64,0,
TXN10-02452,10,2026-06-23 07:06:46,5669.88,Food,100042,Card,DEV-10-2,iPhone,Bangalore,7,1,0,1.2,6,5167.09,5902.93,9,532,368,0,0,0,1750.11,0,
TXN10-02453,10,2026-06-23 07:28:38,4069.99,Food,100049,Card,DEV-10-3,Android,Goa,7,1,0,21.87,7,5187.52,5921.35,7,371,357,0,0,0,454.99,0,
TXN10-02454,10,2026-06-23 08:10:28,4825.83,Taxi,100021,UPI,DEV-10-1,iPhone,Bangalore,8,1,0,41.83,8,5192.07,5919.86,59,822,369,0,0,0,454.99,0,
TXN10-02455,10,2026-06-23 08:15:57,6621.06,Airlines,100007,Card,DEV-10-2,iPhone,Delhi,8,1,0,5.48,9,5191.05,5911.66,165,533,457,0,0,0,1750.11,0,
TXN10-02456,10,2026-06-23 08:27:25,3574.35,Food,100002,Card,DEV-10-4,Android,Delhi,8,1,0,11.47,10,5185.43,5909.34,217,229,458,0,0,0,0.0,0,
TXN10-02457,10,2026-06-23 08:47:40,1948.93,Airlines,100026,Card,DEV-10-5,iPhone,Chennai,8,1,0,20.25,11,5180.96,5901.75,40,145,322,0,0,0,1767.65,0,
TXN10-02458,10,2026-06-23 08:53:45,4233.74,Airlines,100013,UPI,DEV-10-4,Android,Mumbai,8,1,0,6.08,12,5172.04,5896.04,57,230,549,0,0,0,1033.1,0,
TXN10-02459,10,2026-06-23 09:00:23,4431.26,Food,100002,UPI,DEV-10-4,Android,Bangalore,9,1,0,6.63,13,5169.45,5888.12,218,231,370,0,0,0,845.32,0,
TXN10-02460,10,2026-06-23 09:32:55,4524.97,Taxi,100032,UPI,DEV-10-8,Web,Hyderabad,9,1,0,32.53,14,5154.11,5882.76,27,47,369,0,0,0,499.99,0,
TXN10-02461,10,2026-06-23 09:36:08,2360.21,Airlines,100013,Card,DEV-10-2,iPhone,Hyderabad,9,1,0,3.22,15,5152.38,5874.77,58,534,370,0,0,0,0.0,0,
TXN10-02462,10,2026-06-23 10:27:05,5066.74,Hotels,100056,Card,DEV-10-1,iPhone,Delhi,10,1,0,50.95,16,5161.6,5880.25,7,823,459,0,0,0,1266.53,0,
TXN10-02463,10,2026-06-23 10:43:59,1644.08,Hotels,100167,Card,DEV-10-7,Web,Mumbai,10,1,0,16.9,17,5180.0,5882.91,1,69,550,0,0,1,1153.24,1,ato_new_merchant_same_category
TXN10-02464,10,2026-06-23 10:56:31,3776.69,Taxi,100006,Card,DEV-10-5,iPhone,Chennai,10,1,0,12.53,18,5170.26,5877.72,116,146,323,0,0,0,1033.1,0,
TXN10-02465,10,2026-06-23 11:01:29,1675.65,Airlines,100009,UPI,DEV-10-3,Android,Chennai,11,1,0,4.97,19,5166.43,5870.1,92,372,324,0,0,0,0.0,0,
TXN10-02466,10,2026-06-23 11:25:36,3199.17,Food,100002,UPI,DEV-10-3,Android,Delhi,11,1,0,24.12,20,5166.22,5870.22,219,373,460,0,0,0,1767.65,0,
TXN10-02467,10,2026-06-23 12:14:20,6480.25,Airlines,100013,UPI,DEV-10-4,Android,Goa,12,1,0,48.73,21,5148.67,5876.78,59,232,358,0,0,0,1521.64,0,
TXN10-02468,10,2026-06-23 12:33:22,4483.92,Taxi,100001,Card,DEV-10-11,Web,Bangalore,12,1,0,19.03,22,5152.33,5869.12,246,12,371,0,0,0,454.99,0,
TXN10-02469,10,2026-06-23 12:45:26,1609.96,Taxi,100024,Card,DEV-10-1,iPhone,Mumbai,12,1,0,12.07,23,5150.49,5861.18,29,824,551,0,0,0,845.32,0,
TXN10-02470,10,2026-06-23 14:20:21,1261.36,Hotels,100052,UPI,DEV-10-1,iPhone,Bangalore,14,1,0,94.92,24,5136.91,5863.62,6,825,372,0,0,0,845.32,0,
TXN10-02471,10,2026-06-23 14:31:24,1590.85,Airlines,100007,Card,DEV-10-1,iPhone,Goa,14,1,0,11.05,25,5127.39,5867.08,166,826,359,0,0,0,454.99,0,
TXN10-02472,10,2026-06-23 14:34:34,6025.2,Hotels,100074,UPI,DEV-10-2,iPhone,Delhi,14,1,0,3.17,26,5117.73,5861.97,2,535,461,0,0,0,1521.64,0,
TXN10-02473,10,2026-06-23 15:00:20,8067.7,Hotels,100017,UPI,DEV-10-2,iPhone,Goa,15,1,0,25.77,27,5134.47,5866.64,43,536,360,0,0,0,1521.64,0,
TXN10-02474,10,2026-06-23 15:22:25,5305.86,Airlines,100013,UPI,DEV-10-2,iPhone,Mumbai,15,1,0,22.08,28,5152.69,5865.4,60,537,552,0,0,0,440.32,0,
TXN10-02475,10,2026-06-23 15:28:29,4261.22,Food,100002,Card,DEV-10-4,Android,Goa,15,1,0,6.07,29,5153.11,5857.38,220,233,361,0,0,0,440.32,0,
TXN10-02476,10,2026-06-23 17:02:20,3472.1,Taxi,100001,Card,DEV-10-4,Android,Mumbai,17,1,0,93.85,30,5158.16,5855.82,247,234,553,0,0,0,440.32,0,
TXN10-02477,10,2026-06-23 17:16:48,6501.01,Hotels,100080,UPI,DEV-10-10,iPhone,Mumbai,17,1,0,14.47,31,5153.56,5848.49,2,19,554,0,0,0,0.0,0,
TXN10-02478,10,2026-06-23 17:19:47,4651.54,Food,100004,Card,DEV-10-1,iPhone,Goa,17,1,0,2.98,32,5165.68,5846.67,59,827,362,0,0,0,440.32,0,
TXN10-02479,10,2026-06-23 18:03:19,4797.66,Airlines,100007,Card,DEV-10-2,iPhone,Delhi,18,1,0,43.53,33,5178.47,5860.19,167,538,462,0,0,0,1521.64,0,
TXN10-02480,10,2026-06-23 19:04:32,7448.39,Airlines,100007,Card,DEV-10-7,Web,Mumbai,19,1,0,61.22,34,5182.26,5890.37,168,70,555,0,0,0,1153.24,0,
TXN10-02481,10,2026-06-23 19:20:03,3939.74,Taxi,100001,UPI,DEV-10-2,iPhone,Mumbai,19,1,0,15.52,35,5193.92,5890.69,248,539,556,0,0,0,0.0,0,
TXN10-02482,10,2026-06-23 19:47:44,10000.0,Airlines,100009,Card,DEV-10-2,iPhone,Chennai,19,1,0,27.68,36,5191.63,5897.38,93,540,325,0,0,0,1033.1,0,
TXN10-02483,10,2026-06-23 20:06:39,2814.65,Food,100019,UPI,DEV-10-2,iPhone,Mumbai,20,1,0,18.92,37,5204.98,5894.62,21,541,557,0,0,0,1033.1,0,
TXN10-02484,10,2026-06-23 20:16:04,2151.75,Hotels,100080,Card,DEV-10-3,Android,Goa,20,1,0,9.42,38,5198.36,5887.79,3,374,363,0,0,0,440.32,0,
TXN10-02485,10,2026-06-23 20:36:23,10000.0,Airlines,100009,Card,DEV-10-9,Android,Mumbai,20,1,0,20.32,39,5201.27,5886.02,94,40,558,0,0,0,440.32,0,
TXN10-02486,10,2026-06-23 23:12:51,50000.0,Luxury Goods,100001,Card,DEV-10-1,iPhone,Mumbai,23,1,0,156.47,40,5224.71,5921.49,249,828,559,0,0,0,0.0,1,large_luxury_purchase
TXN10-02487,10,2026-06-23 23:21:59,10000.0,Airlines,100009,UPI,DEV-10-1,iPhone,Mumbai,23,1,0,9.13,41,5350.48,6370.34,95,829,560,0,0,0,0.0,0,
TXN10-02488,10,2026-06-23 23:37:17,2320.23,Hotels,100074,Card,DEV-10-6,iPhone,Mumbai,23,1,0,15.3,42,5359.56,6374.66,3,104,561,0,0,0,0.0,0,
TXN10-02489,10,2026-06-24 06:04:18,1936.72,Hotels,100010,Card,DEV-10-6,iPhone,Hyderabad,6,2,0,387.02,1,5230.89,5940.33,107,105,371,0,0,0,621.46,0,
TXN10-02490,10,2026-06-24 06:54:03,2129.91,Hotels,100010,Card,DEV-10-2,iPhone,Delhi,6,2,0,49.75,2,5234.27,5959.82,108,542,463,0,0,0,1266.53,0,
TXN10-02491,10,2026-06-24 07:04:04,2786.84,Taxi,100001,UPI,DEV-10-7,Web,Hyderabad,7,2,0,10.02,3,5225.42,5953.62,250,71,372,0,0,0,1266.53,0,
TXN10-02492,10,2026-06-24 07:27:27,3482.99,Hotels,100046,Card,DEV-10-2,iPhone,Goa,7,2,0,23.38,4,5218.5,5946.58,17,543,364,0,0,0,520.05,0,
TXN10-02493,10,2026-06-24 07:53:01,3550.68,Food,100004,UPI,DEV-10-1,iPhone,Bangalore,7,2,0,25.57,5,5216.78,5946.99,60,830,373,0,0,0,454.99,0,
TXN10-02494,10,2026-06-24 08:22:05,6223.89,Taxi,100001,Card,DEV-10-1,iPhone,Delhi,8,2,0,29.07,6,5220.56,5953.08,251,831,464,0,0,0,1750.11,0,
TXN10-02495,10,2026-06-24 09:10:59,2009.85,Taxi,100001,Card,DEV-10-2,iPhone,Goa,9,2,0,48.9,7,5210.77,5948.6,252,544,365,0,0,0,1521.64,0,
TXN10-02496,10,2026-06-24 09:28:19,4034.15,Hotels,100020,Card,DEV-10-1,iPhone,Bangalore,9,2,0,17.33,8,5195.47,5957.61,29,832,374,0,0,0,454.99,0,
TXN10-02497,10,2026-06-24 09:57:02,675.21,Taxi,100024,Card,DEV-10-11,Web,Chennai,9,2,0,28.72,9,5202.99,5964.48,30,13,326,0,0,0,290.17,0,
TXN10-02498,10,2026-06-24 10:16:01,10000.0,Hotels,100010,UPI,DEV-10-1,iPhone,Bangalore,10,2,0,18.98,10,5190.02,5960.84,109,833,375,0,0,0,290.17,0,
TXN10-02499,10,2026-06-24 10:31:40,2633.0,Food,100037,Card,DEV-10-1,iPhone,Chennai,10,2,0,15.65,11,5209.95,5965.26,13,834,327,0,0,0,290.17,0,
TXN10-02500,10,2026-06-24 10:43:57,5170.58,Food,100023,UPI,DEV-10-3,Android,Goa,10,2,0,12.28,12,5202.46,5966.85,20,375,366,0,0,0,706.92,0,
TXN10-02501,10,2026-06-24 10:45:05,4273.55,Hotels,100005,UPI,DEV-10-3,Android,Chennai,10,2,0,1.13,13,5202.37,5958.32,172,376,328,0,0,0,706.92,0,
TXN10-02502,10,2026-06-24 10:51:11,2075.67,Airlines,100009,Card,DEV-10-1,iPhone,Mumbai,10,2,0,6.1,14,5199.72,5950.03,96,835,562,0,0,0,1033.1,0,
TXN10-02503,10,2026-06-24 11:12:43,5030.14,Taxi,100001,UPI,DEV-10-1,iPhone,Delhi,11,2,0,21.53,15,5186.06,5951.69,253,836,465,0,0,0,1153.24,0,
TXN10-02504,10,2026-06-24 11:47:32,1762.03,Hotels,100005,UPI,DEV-10-29,Web,Delhi,11,2,0,34.82,16,5171.9,5946.13,173,1,466,1,0,0,0.0,0,
TXN10-02505,10,2026-06-24 12:08:11,6070.84,Hotels,100075,Card,DEV-10-4,Android,Mumbai,12,2,0,20.65,17,5170.31,5946.96,2,235,563,0,0,0,1153.24,0,
TXN10-02506,10,2026-06-24 13:07:03,7146.35,Taxi,100048,Card,DEV-10-3,Android,Delhi,13,2,0,58.87,18,5171.65,5947.11,16,377,467,0,0,0,1153.24,0,
TXN10-02507,10,2026-06-24 13:39:40,3353.56,Airlines,100007,Card,DEV-10-5,iPhone,Bangalore,13,2,0,32.62,19,5180.77,5952.87,169,147,376,0,0,0,1750.11,0,
TXN10-02508,10,2026-06-24 13:49:51,5220.46,Food,100034,Card,DEV-10-1,iPhone,Bangalore,13,2,0,10.18,20,5179.2,5953.28,16,837,377,0,0,0,0.0,0,
TXN10-02509,10,2026-06-24 14:03:11,3046.77,Airlines,100007,Card,DEV-10-2,iPhone,Mumbai,14,2,0,13.33,21,5182.14,5953.04,170,545,564,0,0,0,845.32,0,
TXN10-02510,10,2026-06-24 14:15:52,10000.0,Food,100015,Card,DEV-10-1,iPhone,Hyderabad,14,2,0,12.68,22,5179.62,5953.76,34,838,373,0,0,0,621.46,0,
TXN10-02511,10,2026-06-24 14:28:42,3565.58,Food,100003,Card,DEV-10-3,Android,Delhi,14,2,0,12.83,23,5193.35,5950.82,109,378,468,0,0,0,1266.53,0,
TXN10-02512,10,2026-06-24 15:02:46,3846.19,Airlines,100029,UPI,DEV-10-9,Android,Mumbai,15,2,0,34.07,24,5186.25,5955.91,24,41,565,0,0,0,1153.24,0,
TXN10-02513,10,2026-06-24 15:23:03,1936.46,Food,100050,UPI,DEV-10-1,iPhone,Delhi,15,2,0,20.28,25,5182.43,5947.85,14,839,469,0,0,0,1153.24,0,
TXN10-02514,10,2026-06-24 15:29:30,5531.78,Hotels,100005,Card,DEV-10-3,Android,Hyderabad,15,2,0,6.45,26,5173.21,5941.91,174,379,374,0,0,0,1266.53,0,
TXN10-02515,10,2026-06-24 15:47:33,5438.91,Hotels,100012,UPI,DEV-10-3,Android,Mumbai,15,2,0,18.05,27,5183.14,5939.58,75,380,566,0,0,0,621.46,0,
TXN10-02516,10,2026-06-24 15:49:45,5934.58,Food,100008,Card,DEV-10-5,iPhone,Chennai,15,2,0,2.2,28,5183.87,5931.17,50,148,329,0,0,0,1033.1,0,
TXN10-02517,10,2026-06-24 15:59:19,1748.98,Taxi,100001,Card,DEV-10-1,iPhone,Bangalore,15,2,0,9.57,29,5185.99,5922.92,254,840,378,0,0,0,290.17,0,
TXN10-02518,10,2026-06-24 16:40:36,3614.8,Airlines,100026,Card,DEV-10-3,Android,Mumbai,16,2,0,41.28,30,5175.99,5929.88,41,381,567,0,0,0,845.32,0,
TXN10-02519,10,2026-06-24 16:46:04,4931.12,Food,100003,Card,DEV-10-8,Web,Delhi,16,2,0,5.47,31,5171.58,5922.08,110,48,470,0,0,0,1153.24,0,
TXN10-02520,10,2026-06-24 16:46:20,1134.1,Food,100003,UPI,DEV-10-1,iPhone,Hyderabad,16,2,0,0.27,32,5170.91,5913.74,111,841,375,0,0,0,1266.53,0,
TXN10-02521,10,2026-06-24 16:52:20,3573.35,Food,100058,Card,DEV-10-4,Android,Delhi,16,2,0,6.0,33,5165.26,5916.64,3,236,471,0,0,0,1266.53,0,
TXN10-02522,10,2026-06-24 17:00:08,3583.24,Food,100003,Card,DEV-10-5,iPhone,Goa,17,2,0,7.8,34,5160.79,5908.92,112,149,367,0,0,0,1521.64,0,
TXN10-02523,10,2026-06-24 17:07:02,9977.95,Taxi,100001,Card,DEV-10-4,Android,Mumbai,17,2,0,6.9,35,5156.37,5901.23,255,237,568,0,0,0,440.32,0,
TXN10-02524,10,2026-06-24 17:08:06,1873.47,Hotels,100005,Card,DEV-10-2,iPhone,Hyderabad,17,2,0,1.07,36,5169.83,5898.47,175,546,376,0,0,0,621.46,0,
TXN10-02525,10,2026-06-24 17:25:26,5636.34,Hotels,100005,UPI,DEV-10-3,Android,Chennai,17,2,0,17.33,37,5177.12,5913.69,176,382,330,0,0,0,515.24,0,
TXN10-02526,10,2026-06-24 17:32:35,4831.57,Food,100049,UPI,DEV-10-3,Android,Chennai,17,2,0,7.15,38,5178.4,5905.45,8,383,331,0,0,0,0.0,0,
TXN10-02527,10,2026-06-24 17:45:13,2409.52,Taxi,100021,UPI,DEV-10-1,iPhone,Mumbai,17,2,0,12.63,39,5188.72,5901.62,60,842,569,0,0,0,1033.1,0,
TXN10-02528,10,2026-06-24 18:38:44,1849.69,Taxi,100031,Card,DEV-10-8,Web,Chennai,18,2,0,53.52,40,5181.01,5918.69,24,49,332,0,0,0,1033.1,0,
TXN10-02529,10,2026-06-24 18:50:07,646.23,Taxi,100022,Card,DEV-10-2,iPhone,Mumbai,18,2,0,11.38,41,5171.66,5913.0,37,547,570,0,0,0,1033.1,0,
TXN10-02530,10,2026-06-24 18:59:09,2603.82,Taxi,100001,UPI,DEV-10-1,iPhone,Chennai,18,2,0,9.03,42,5158.98,5909.55,256,843,333,0,0,0,1033.1,0,
TXN10-02531,10,2026-06-24 19:03:56,3558.24,Hotels,100020,Card,DEV-10-1,iPhone,Hyderabad,19,2,0,4.78,43,5151.84,5902.84,30,844,377,0,0,0,515.24,0,
TXN10-02532,10,2026-06-24 19:04:32,3572.36,Airlines,100009,Card,DEV-10-1,iPhone,Hyderabad,19,2,0,0.6,44,5147.4,5895.21,97,845,378,0,0,0,0.0,0,
TXN10-02533,10,2026-06-24 19:14:50,2864.26,Hotels,100012,Card,DEV-10-4,Android,Mumbai,19,2,0,10.3,45,5154.13,5892.03,76,238,571,0,0,0,621.46,0,
TXN10-02534,10,2026-06-24 20:17:48,9508.41,Airlines,100029,UPI,DEV-10-5,iPhone,Chennai,20,2,0,62.97,46,5160.07,5907.58,25,150,334,0,0,0,1033.1,0,
TXN10-02535,10,2026-06-24 21:06:20,5263.18,Hotels,100012,UPI,DEV-10-1,iPhone,Hyderabad,21,2,0,48.53,47,5158.35,5916.68,77,846,379,0,0,0,515.24,0,
TXN10-02536,10,2026-06-24 21:30:08,4558.0,Food,100023,UPI,DEV-10-2,iPhone,Mumbai,21,2,0,23.8,48,5147.59,5921.29,21,548,572,0,0,0,621.46,0,
TXN10-02537,10,2026-06-24 21:31:23,6893.38,Taxi,100001,Card,DEV-10-5,iPhone,Hyderabad,21,2,0,1.25,49,5145.94,5913.05,257,151,380,0,0,0,621.46,0,
TXN10-02538,10,2026-06-24 21:44:07,9276.01,Taxi,100022,Card,DEV-10-2,iPhone,Goa,21,2,0,12.73,50,5171.87,5926.01,38,549,368,0,0,0,520.05,0,
TXN10-02539,10,2026-06-24 21:58:32,1950.01,Food,100008,Card,DEV-10-6,iPhone,Mumbai,21,2,0,14.42,51,5183.43,5921.65,51,106,573,0,0,0,440.32,0,
TXN10-02540,10,2026-06-24 23:10:18,1272.13,Food,100037,Card,DEV-10-2,iPhone,Delhi,23,2,0,71.77,52,5179.09,5923.46,14,550,472,0,0,0,1153.24,0,
TXN10-02541,10,2026-06-24 23:17:12,5071.66,Hotels,100062,Card,DEV-10-1,iPhone,Goa,23,2,0,6.9,53,5168.12,5918.75,3,847,369,0,0,0,1521.64,0,
TXN10-02542,10,2026-06-24 23:19:30,10000.0,Hotels,100005,UPI,DEV-10-3,Android,Delhi,23,2,0,2.3,54,5167.85,5910.45,177,384,473,0,0,0,1521.64,0,
TXN10-02543,10,2026-06-24 23:26:02,4613.55,Hotels,100025,UPI,DEV-10-1,iPhone,Delhi,23,2,0,6.53,55,5181.34,5907.7,25,848,474,0,0,0,0.0,0,
TXN10-02544,10,2026-06-24 23:35:28,5716.45,Airlines,100045,UPI,DEV-10-3,Android,Mumbai,23,2,0,9.43,56,5181.45,5907.69,16,385,574,0,0,0,1153.24,0,
TXN10-02545,10,2026-06-25 05:00:51,6879.19,Food,100015,Card,DEV-10-1,iPhone,Delhi,5,3,0,325.38,1,5201.5,5920.5,35,849,475,0,0,0,1153.24,1,ato_higher_amount
TXN10-02546,10,2026-06-25 05:16:25,10000.0,Taxi,100006,Card,DEV-10-3,Android,Goa,5,3,0,15.57,2,5192.74,5915.7,117,386,370,0,0,0,1521.64,0,
TXN10-02547,10,2026-06-25 05:24:12,5230.72,Hotels,100012,Card,DEV-10-1,iPhone,Delhi,5,3,0,7.78,3,5201.25,5920.43,78,850,476,0,0,0,1521.64,0,
TXN10-02548,10,2026-06-25 05:39:20,7182.23,Food,100004,Card,DEV-10-8,Web,Bangalore,5,3,0,15.13,4,5202.67,5920.37,61,50,379,0,0,0,1750.11,0,
TXN10-02549,10,2026-06-25 05:56:11,7143.45,Food,100002,Card,DEV-10-1,iPhone,Mumbai,5,3,0,16.85,5,5208.21,5913.0,221,851,575,0,0,0,845.32,0,
TXN10-02550,10,2026-06-25 07:11:23,2498.53,Food,100034,Card,DEV-10-1,iPhone,Chennai,7,3,0,75.2,6,5228.16,5927.57,17,852,335,0,0,0,1033.1,0,
TXN10-02551,10,2026-06-25 07:12:55,6311.59,Taxi,100040,Card,DEV-10-1,iPhone,Mumbai,7,3,0,1.53,7,5220.5,5921.0,18,853,576,0,0,0,1033.1,0,
TXN10-02552,10,2026-06-25 07:38:08,8615.82,Taxi,100001,Card,DEV-10-10,iPhone,Mumbai,7,3,0,25.22,8,5223.55,5912.99,258,20,577,0,0,0,0.0,0,
TXN10-02553,10,2026-06-25 07:42:41,8492.65,Food,100002,Card,DEV-10-3,Android,Delhi,7,3,0,4.55,9,5238.92,5918.29,222,387,477,0,0,0,1153.24,0,
TXN10-02554,10,2026-06-25 07:58:47,4560.11,Food,100002,Card,DEV-10-1,iPhone,Chennai,7,3,0,16.1,10,5252.29,5925.87,223,854,336,0,0,0,1767.65,0,
TXN10-02555,10,2026-06-25 08:25:41,4353.0,Taxi,100067,UPI,DEV-10-1,iPhone,Mumbai,8,3,0,26.9,11,5245.38,5926.84,3,855,578,0,0,0,1033.1,0,
TXN10-02556,10,2026-06-25 08:26:38,4783.42,Airlines,100009,Card,DEV-10-3,Android,Mumbai,8,3,0,0.95,12,5242.86,5918.68,98,388,579,0,0,0,0.0,0,
TXN10-02557,10,2026-06-25 08:42:50,9389.42,Food,100002,UPI,DEV-10-10,iPhone,Bangalore,8,3,0,16.2,13,5241.57,5910.41,224,21,380,0,0,0,845.32,0,
TXN10-02558,10,2026-06-25 09:05:38,3233.15,Taxi,100006,Card,DEV-10-2,iPhone,Chennai,9,3,0,22.8,14,5253.19,5906.2,118,551,337,0,0,0,290.17,0,
TXN10-02559,10,2026-06-25 09:23:21,3037.13,Hotels,100010,UPI,DEV-10-8,Web,Bangalore,9,3,0,17.72,15,5247.55,5898.9,110,51,381,0,0,0,290.17,0,
TXN10-02560,10,2026-06-25 09:28:21,1834.18,Hotels,100175,Card,DEV-10-4,Android,Mumbai,9,3,0,5.0,16,5241.39,5891.84,1,239,580,0,0,1,845.32,1,ato_new_merchant_same_category_short_gap
TXN10-02561,10,2026-06-25 09:59:07,1813.32,Hotels,100005,Card,DEV-10-3,Android,Delhi,9,3,0,30.77,17,5236.39,5893.96,178,389,478,0,0,0,1153.24,0,
TXN10-02562,10,2026-06-25 09:59:35,4978.34,Hotels,100033,Card,DEV-10-6,iPhone,Delhi,9,3,0,0.47,18,5226.88,5888.53,23,107,479,0,0,0,0.0,0,
TXN10-02563,10,2026-06-25 10:10:56,5254.36,Hotels,100064,Card,DEV-10-7,Web,Goa,10,3,0,11.35,19,5226.19,5880.38,3,72,371,0,0,0,1521.64,0,
TXN10-02564,10,2026-06-25 10:15:08,1096.02,Taxi,100024,Card,DEV-10-9,Android,Chennai,10,3,0,4.2,20,5226.27,5872.25,31,42,338,0,0,0,706.92,0,
TXN10-02565,10,2026-06-25 10:33:54,4968.87,Taxi,100024,UPI,DEV-10-6,iPhone,Delhi,10,3,0,18.77,21,5214.89,5868.15,32,108,480,0,0,0,1767.65,0,
TXN10-02566,10,2026-06-25 10:41:26,1920.02,Taxi,100006,UPI,DEV-10-4,Android,Chennai,10,3,0,7.53,22,5214.21,5860.1,119,240,339,0,0,0,1767.65,0,
TXN10-02567,10,2026-06-25 12:12:17,4948.77,Hotels,100041,Card,DEV-10-3,Android,Delhi,12,3,0,90.85,23,5226.89,5872.55,16,390,481,0,0,0,1767.65,0,
TXN10-02568,10,2026-06-25 12:23:50,3248.68,Airlines,100013,UPI,DEV-10-2,iPhone,Hyderabad,12,3,0,11.55,24,5226.13,5864.47,61,552,381,0,0,0,1266.53,0,
TXN10-02569,10,2026-06-25 13:53:43,3622.28,Airlines,100045,Card,DEV-10-4,Android,Bangalore,13,3,0,89.88,25,5233.67,5890.46,17,241,382,0,0,0,499.99,0,
TXN10-02570,10,2026-06-25 14:18:31,10000.0,Hotels,100074,Card,DEV-10-1,iPhone,Hyderabad,14,3,0,24.8,26,5233.53,5890.49,4,856,382,0,0,0,499.99,0,
TXN10-02571,10,2026-06-25 15:04:18,2541.94,Hotels,100010,UPI,DEV-10-7,Web,Chennai,15,3,0,45.78,27,5258.23,5901.21,111,73,340,0,0,0,515.24,0,
TXN10-02572,10,2026-06-25 15:19:26,5575.11,Food,100018,Card,DEV-10-7,Web,Mumbai,15,3,0,15.13,28,5250.67,5894.73,25,74,581,0,0,0,1033.1,0,
TXN10-02573,10,2026-06-25 15:41:06,10000.0,Food,100037,Card,DEV-10-4,Android,Goa,15,3,0,21.67,29,5258.67,5893.21,15,242,372,0,0,0,440.32,0,
TXN10-02574,10,2026-06-25 16:56:48,2253.3,Airlines,100013,Card,DEV-10-7,Web,Mumbai,16,3,0,75.7,30,5277.88,5897.39,62,75,582,0,0,0,440.32,0,
TXN10-02575,10,2026-06-25 17:08:22,3938.86,Hotels,100005,Card,DEV-10-2,iPhone,Bangalore,17,3,0,11.57,31,5269.48,5891.35,179,553,383,0,0,0,845.32,0,
TXN10-02576,10,2026-06-25 17:46:44,2490.91,Food,100015,UPI,DEV-10-11,Web,Chennai,17,3,0,38.37,32,5262.23,5904.44,36,14,341,0,0,0,290.17,0,
TXN10-02577,10,2026-06-25 18:04:44,3044.54,Hotels,100074,Card,DEV-10-2,iPhone,Goa,18,3,0,18.0,33,5254.51,5898.02,5,554,373,0,0,0,706.92,0,
TXN10-02578,10,2026-06-25 18:08:31,4376.5,Food,100018,Card,DEV-10-1,iPhone,Goa,18,3,0,3.78,34,5248.37,5890.97,26,857,374,0,0,0,0.0,0,
TXN10-02579,10,2026-06-25 18:10:19,1805.2,Hotels,100033,Card,DEV-10-1,iPhone,Goa,18,3,0,1.8,35,5245.95,5882.99,24,858,375,0,0,0,0.0,0,
TXN10-02580,10,2026-06-25 18:40:31,7172.46,Food,100018,UPI,DEV-10-4,Android,Delhi,18,3,0,30.2,36,5244.27,5883.88,27,243,482,0,0,0,1521.64,0,
TXN10-02581,10,2026-06-25 18:42:16,4778.33,Food,100011,Card,DEV-10-4,Android,Delhi,18,3,0,1.75,37,5249.6,5876.62,39,244,483,0,0,0,0.0,0,
TXN10-02582,10,2026-06-25 18:45:44,4659.07,Airlines,100013,Card,DEV-10-1,iPhone,Mumbai,18,3,0,3.47,38,5248.3,5868.57,63,859,583,0,0,0,1153.24,0,
TXN10-02583,10,2026-06-25 19:10:13,6333.82,Hotels,100010,Card,DEV-10-1,iPhone,Chennai,19,3,0,24.48,39,5254.42,5874.22,112,860,342,0,0,0,1033.1,0,
TXN10-02584,10,2026-06-25 19:23:48,2659.28,Food,100014,Card,DEV-10-3,Android,Bangalore,19,3,0,13.58,40,5219.97,5876.3,32,391,384,0,0,0,290.17,0,
TXN10-02585,10,2026-06-25 19:54:19,1359.51,Food,100002,UPI,DEV-10-2,iPhone,Mumbai,19,3,0,30.52,41,5226.23,5883.23,225,555,584,0,0,0,845.32,0,
TXN10-02586,10,2026-06-25 20:08:43,1200.64,Hotels,100005,Card,DEV-10-6,iPhone,Mumbai,20,3,0,14.4,42,5209.15,5885.53,180,109,585,0,0,0,0.0,0,
TXN10-02587,10,2026-06-25 20:13:50,3214.89,Food,100071,Card,DEV-10-4,Android,Mumbai,20,3,0,5.12,43,5190.33,5887.51,5,245,586,0,0,0,0.0,0,
TXN10-02588,10,2026-06-25 20:16:36,9790.04,Food,100002,UPI,DEV-10-5,iPhone,Goa,20,3,0,2.77,44,5184.84,5880.25,226,152,376,0,0,0,440.32,0,
TXN10-02589,10,2026-06-25 20:22:23,4356.81,Airlines,100013,Card,DEV-10-3,Android,Mumbai,20,3,0,5.78,45,5197.59,5877.08,64,392,587,0,0,0,440.32,0,
TXN10-02590,10,2026-06-25 20:58:52,2817.42,Taxi,100043,Card,DEV-10-1,iPhone,Delhi,20,3,0,36.48,46,5182.87,5879.92,13,861,484,0,0,0,1153.24,0,
TXN10-02591,10,2026-06-25 21:08:32,7665.86,Taxi,100031,UPI,DEV-10-5,iPhone,Goa,21,3,0,9.67,47,5176.31,5873.08,25,153,377,0,0,0,1521.64,0,
TXN10-02592,10,2026-06-25 21:39:55,9494.61,Food,100008,Card,DEV-10-7,Web,Hyderabad,21,3,0,31.38,48,5177.49,5873.54,52,76,383,0,0,0,520.05,0,
TXN10-02593,10,2026-06-25 22:12:16,4356.54,Airlines,100083,Card,DEV-10-1,iPhone,Bangalore,22,3,0,32.35,49,5202.91,5898.46,4,862,385,0,0,0,499.99,0,
TXN10-02594,10,2026-06-25 22:14:08,6582.97,Hotels,100005,Card,DEV-10-7,Web,Mumbai,22,3,0,1.87,50,5200.56,5890.41,181,77,588,0,0,0,845.32,0,
TXN10-02595,10,2026-06-25 22:15:26,6889.88,Taxi,100001,Card,DEV-10-14,iPhone,Goa,22,3,0,1.3,51,5204.4,5882.67,259,3,378,0,0,0,440.32,0,
TXN10-02596,10,2026-06-25 22:40:50,1634.84,Food,100018,UPI,DEV-10-4,Android,Goa,22,3,0,25.4,52,5220.22,5889.34,28,246,379,0,0,0,0.0,0,
TXN10-02597,10,2026-06-26 05:15:08,1666.17,Food,100042,Card,DEV-10-1,iPhone,Mumbai,5,4,0,394.3,1,5218.69,5931.88,10,863,589,0,0,0,440.32,0,
TXN10-02598,10,2026-06-26 06:02:10,3000.66,Food,100002,Card,DEV-10-1,iPhone,Hyderabad,6,4,0,47.03,2,5208.65,5926.49,227,864,384,0,0,0,621.46,0,
TXN10-02599,10,2026-06-26 06:22:55,1667.97,Hotels,100064,Card,DEV-10-5,iPhone,Chennai,6,4,0,20.75,3,5212.15,5924.82,4,154,343,0,0,0,515.24,0,
TXN10-02600,10,2026-06-26 07:08:45,4886.89,Food,100011,Card,DEV-10-5,iPhone,Goa,7,4,0,45.83,4,5208.55,5926.59,40,155,380,0,0,0,706.92,0,
TXN10-02601,10,2026-06-26 07:11:14,8328.89,Food,100039,UPI,DEV-10-1,iPhone,Delhi,7,4,0,2.48,5,5207.65,5918.26,15,865,485,0,0,0,1521.64,0,
TXN10-02602,10,2026-06-26 08:30:30,8992.83,Hotels,100056,Card,DEV-10-7,Web,Delhi,8,4,0,79.27,6,5234.31,5933.92,8,78,486,0,0,0,0.0,0,
TXN10-02603,10,2026-06-26 08:43:15,3964.41,Food,100011,Card,DEV-10-1,iPhone,Mumbai,8,4,0,12.75,7,5244.93,5928.89,41,866,590,0,0,0,1153.24,0,
TXN10-02604,10,2026-06-26 09:06:03,1489.95,Airlines,100047,UPI,DEV-10-1,iPhone,Chennai,9,4,0,22.8,8,5241.32,5920.92,12,867,344,0,0,0,1033.1,0,
TXN10-02605,10,2026-06-26 09:16:27,857.84,Food,100008,UPI,DEV-10-1,iPhone,Delhi,9,4,0,10.4,9,5230.78,5915.93,53,868,487,0,0,0,1767.65,0,
TXN10-02606,10,2026-06-26 09:44:14,6397.85,Airlines,100026,Card,DEV-10-2,iPhone,Mumbai,9,4,0,27.78,10,5231.47,5926.11,42,556,591,0,0,0,1153.24,0,
TXN10-02607,10,2026-06-26 10:09:07,2272.41,Hotels,100017,Card,DEV-10-1,iPhone,Mumbai,10,4,0,24.88,11,5234.02,5926.42,44,869,592,0,0,0,0.0,0,
TXN10-02608,10,2026-06-26 10:40:54,1645.39,Food,100002,UPI,DEV-10-5,iPhone,Hyderabad,10,4,0,31.78,12,5238.52,5934.39,228,156,385,0,0,0,621.46,0,
TXN10-02609,10,2026-06-26 10:53:44,4085.57,Food,100044,Card,DEV-10-1,iPhone,Delhi,10,4,0,12.83,13,5228.4,5929.09,10,870,488,0,0,0,1266.53,0,
TXN10-02610,10,2026-06-26 11:42:22,769.97,Airlines,100082,Card,DEV-10-1,iPhone,Hyderabad,11,4,0,48.63,14,5227.61,5957.28,4,871,386,0,0,0,1266.53,0,
TXN10-02611,10,2026-06-26 12:08:17,10000.0,Airlines,100045,Card,DEV-10-1,iPhone,Goa,12,4,0,25.92,15,5214.95,5953.54,18,872,381,0,0,0,520.05,0,
TXN10-02612,10,2026-06-26 12:26:53,3473.55,Hotels,100012,Card,DEV-10-3,Android,Goa,12,4,0,18.6,16,5234.74,5965.26,79,393,382,0,0,0,0.0,0,
TXN10-02613,10,2026-06-26 12:58:49,5186.32,Airlines,100066,UPI,DEV-10-2,iPhone,Bangalore,12,4,0,31.93,17,5229.73,5957.52,6,557,386,0,0,0,454.99,0,
TXN10-02614,10,2026-06-26 13:05:32,2616.45,Taxi,100024,Card,DEV-10-9,Android,Goa,13,4,0,6.72,18,5229.61,5949.08,33,43,383,0,0,0,454.99,0,
TXN10-02615,10,2026-06-26 13:48:59,7583.5,Airlines,100007,Card,DEV-10-3,Android,Chennai,13,4,0,43.45,19,5208.7,5945.25,171,394,345,0,0,0,706.92,0,
TXN10-02616,10,2026-06-26 14:17:11,1464.87,Hotels,100075,UPI,DEV-10-3,Android,Chennai,14,4,0,28.2,20,5215.4,5938.18,3,395,346,0,0,0,0.0,0,
TXN10-02617,10,2026-06-26 16:30:00,2921.54,Hotels,100030,Card,DEV-10-1,iPhone,Goa,16,4,0,132.82,21,5195.71,5959.49,25,873,384,0,0,0,706.92,0,
TXN10-02618,10,2026-06-26 17:00:51,4358.01,Hotels,100010,Card,DEV-10-1,iPhone,Hyderabad,17,4,0,30.85,22,5187.51,5960.64,113,874,387,0,0,0,520.05,0,
TXN10-02619,10,2026-06-26 17:19:58,2608.79,Taxi,100032,UPI,DEV-10-4,Android,Delhi,17,4,0,19.12,23,5193.74,5958.63,28,247,489,0,0,0,1266.53,0,
TXN10-02620,10,2026-06-26 19:07:33,4721.33,Food,100071,Card,DEV-10-11,Web,Goa,19,4,0,107.58,24,5200.86,5992.86,6,15,385,0,0,0,1521.64,0,
TXN10-02621,10,2026-06-26 19:24:07,4350.22,Taxi,100067,UPI,DEV-10-3,Android,Mumbai,19,4,0,16.57,25,5199.48,5984.27,4,396,593,0,0,0,440.32,0,
TXN10-02622,10,2026-06-26 20:37:41,50000.0,Luxury Goods,100001,Card,DEV-10-1,iPhone,Mumbai,20,4,0,73.57,26,5206.85,6007.45,260,875,594,0,0,0,0.0,1,large_luxury_purchase
TXN10-02623,10,2026-06-26 21:08:41,6257.29,Taxi,100032,Card,DEV-10-1,iPhone,Delhi,21,4,0,31.0,27,5354.32,6487.03,29,876,490,0,0,0,1153.24,0,
TXN10-02624,10,2026-06-26 21:14:07,2606.1,Airlines,100026,Card,DEV-10-1,iPhone,Chennai,21,4,0,5.43,28,5356.96,6477.75,43,877,347,0,0,0,1767.65,0,
TXN10-02625,10,2026-06-26 22:01:43,4497.37,Food,100057,UPI,DEV-10-6,iPhone,Mumbai,22,4,0,47.6,29,5340.36,6477.48,5,110,595,0,0,0,1033.1,0,
TXN10-02626,10,2026-06-26 22:25:27,6803.93,Food,100004,UPI,DEV-10-2,iPhone,Delhi,22,4,0,23.73,30,5352.39,6482.93,62,558,491,0,0,0,1153.24,0,
TXN10-02627,10,2026-06-26 23:06:29,5267.6,Airlines,100007,UPI,DEV-10-8,Web,Delhi,23,4,0,41.03,31,5362.56,6491.89,172,52,492,0,0,0,0.0,0,
TXN10-02628,10,2026-06-26 23:15:52,10000.0,Hotels,100010,Card,DEV-10-3,Android,Delhi,23,4,0,9.38,32,5374.07,6498.73,114,397,493,0,0,0,0.0,0,
TXN10-02629,10,2026-06-27 00:19:28,5250.0,Airlines,100001,Card,DEV-UNK-3275,iPhone,Mumbai,0,5,1,63.6,1,5402.31,6509.71,261,1,596,1,0,0,1153.24,1,unknown_device
TXN10-02630,10,2026-06-27 05:39:57,8058.04,Airlines,100026,Card,DEV-10-3,Android,Bangalore,5,5,1,320.48,2,5231.07,6053.23,44,398,387,0,0,0,845.32,0,
TXN10-02631,10,2026-06-27 06:05:09,795.73,Airlines,100045,Card,DEV-10-2,iPhone,Bangalore,6,5,1,25.2,3,5241.42,6061.29,19,559,388,0,0,0,0.0,0,
TXN10-02632,10,2026-06-27 06:31:05,4477.02,Hotels,100012,UPI,DEV-10-10,iPhone,Bangalore,6,5,1,25.93,4,5233.38,6073.12,80,22,389,0,0,0,0.0,0,
TXN10-02633,10,2026-06-27 07:10:18,2228.79,Food,100002,Card,DEV-10-2,iPhone,Hyderabad,7,5,1,39.22,5,5227.41,6088.86,229,560,388,0,0,0,499.99,0,
TXN10-02634,10,2026-06-27 07:16:01,2490.75,Taxi,100001,UPI,DEV-10-3,Android,Bangalore,7,5,1,5.72,6,5218.4,6081.92,262,399,390,0,0,0,499.99,0,
TXN10-02635,10,2026-06-27 07:19:33,2027.81,Taxi,100001,Card,DEV-10-2,iPhone,Goa,7,5,1,3.53,7,5210.23,6074.64,263,561,386,0,0,0,454.99,0,
TXN10-02636,10,2026-06-27 07:37:17,881.77,Airlines,100036,UPI,DEV-10-1,iPhone,Delhi,7,5,1,17.73,8,5205.26,6076.56,24,878,494,0,0,0,1521.64,0,
TXN10-02637,10,2026-06-27 07:54:47,1474.94,Airlines,100009,Card,DEV-10-1,iPhone,Hyderabad,7,5,1,17.5,9,5185.96,6100.71,99,879,389,0,0,0,1266.53,0,
TXN10-02638,10,2026-06-27 07:59:05,6399.04,Taxi,100038,Card,DEV-10-4,Android,Kochi,7,5,1,4.3,10,5174.78,6094.91,22,248,5,0,0,0,862.76,0,
TXN10-02639,10,2026-06-27 08:12:31,2768.52,Taxi,100024,UPI,DEV-10-1,iPhone,Goa,8,5,1,13.43,11,5178.45,6086.12,34,880,387,0,0,0,640.58,0,
TXN10-02640,10,2026-06-27 08:16:10,4359.22,Food,100004,UPI,DEV-10-10,iPhone,Bangalore,8,5,1,3.65,12,5171.24,6078.43,63,23,391,0,0,0,454.99,0,
TXN10-02641,10,2026-06-27 08:43:24,3010.94,Food,100028,UPI,DEV-10-6,iPhone,Hyderabad,8,5,1,27.23,13,5168.81,6069.51,18,111,390,0,0,0,499.99,0,
TXN10-02642,10,2026-06-27 09:45:41,7692.07,Food,100037,Card,DEV-10-9,Android,Chennai,9,5,1,62.28,14,5157.43,6095.6,16,44,348,0,0,0,515.24,0,
TXN10-02643,10,2026-06-27 09:59:20,10000.0,Hotels,100074,Card,DEV-10-2,iPhone,Mumbai,9,5,1,13.65,15,5173.9,6095.06,6,562,597,0,0,0,1033.1,0,
TXN10-02644,10,2026-06-27 10:11:23,2820.59,Food,100003,UPI,DEV-10-5,iPhone,Kochi,10,5,1,12.05,16,5188.44,6091.62,113,157,6,0,0,0,1080.19,0,
TXN10-02645,10,2026-06-27 10:16:41,6464.25,Hotels,100012,Card,DEV-10-2,iPhone,Chennai,10,5,1,5.3,17,5178.07,6092.71,81,563,349,0,0,0,559.49,0,
TXN10-02646,10,2026-06-27 11:32:33,6439.1,Airlines,100009,Card,DEV-10-3,Android,Mumbai,11,5,1,75.87,18,5178.69,6123.23,100,400,598,0,0,0,1033.1,0,
TXN10-02647,10,2026-06-27 11:43:39,3699.99,Food,100003,UPI,DEV-10-2,iPhone,Hyderabad,11,5,1,11.1,19,5182.52,6114.31,114,564,391,0,0,0,621.46,0,
TXN10-02648,10,2026-06-27 12:37:04,10000.0,Taxi,100024,Card,DEV-10-3,Android,Delhi,12,5,1,53.42,20,5188.57,6119.62,35,401,495,0,0,0,1266.53,0,
TXN10-02649,10,2026-06-27 12:56:02,973.1,Airlines,100001,Card,DEV-10-1,iPhone,Mumbai,12,5,1,18.97,21,5211.38,6123.57,264,881,599,0,0,0,1153.24,1,distant_800km_15min
TXN10-02650,10,2026-06-27 13:03:12,3451.39,Food,100004,Card,DEV-10-2,iPhone,Hyderabad,13,5,1,7.17,22,5198.49,6118.7,64,565,392,0,0,0,621.46,0,
TXN10-02651,10,2026-06-27 13:10:02,2564.55,Airlines,100001,Card,DEV-10-1,iPhone,Jaipur,13,5,1,6.83,23,5193.2,6110.18,265,882,13,0,0,0,1095.15,1,distant_800km_15min
TXN10-02652,10,2026-06-27 14:18:26,7689.06,Hotels,100005,Card,DEV-10-9,Android,Bangalore,14,5,1,68.4,24,5224.01,6152.05,182,45,392,0,0,0,1561.54,0,
TXN10-02653,10,2026-06-27 14:45:23,1859.31,Airlines,100036,Card,DEV-10-2,iPhone,Chennai,14,5,1,26.95,25,5231.59,6144.09,25,566,350,0,0,0,290.17,0,
TXN10-02654,10,2026-06-27 14:49:55,7284.69,Taxi,100067,Card,DEV-10-3,Android,Bangalore,14,5,1,4.53,26,5096.29,5624.96,5,402,393,0,0,0,290.17,0,
TXN10-02655,10,2026-06-27 15:30:25,5224.31,Hotels,100041,UPI,DEV-10-1,iPhone,Hyderabad,15,5,1,40.5,27,5118.86,5631.17,17,883,393,0,0,0,499.99,0,
TXN10-02656,10,2026-06-27 17:33:08,10000.0,Taxi,100022,UPI,DEV-10-9,Android,Goa,17,5,1,122.72,28,5123.1,5653.59,39,46,388,0,0,0,520.05,0,
TXN10-02657,10,2026-06-27 18:20:58,8641.14,Food,100015,Card,DEV-10-4,Android,Delhi,18,5,1,47.83,29,5154.74,5681.06,37,249,496,0,0,0,1521.64,0,
TXN10-02658,10,2026-06-27 18:22:51,2729.4,Taxi,100006,UPI,DEV-10-1,iPhone,Delhi,18,5,1,1.88,30,5165.7,5675.48,120,884,497,0,0,0,0.0,0,
TXN10-02659,10,2026-06-27 18:24:32,10000.0,Hotels,100033,UPI,DEV-10-1,iPhone,Hyderabad,18,5,1,1.68,31,5158.07,5668.21,25,885,394,0,0,0,1266.53,0,
TXN10-02660,10,2026-06-27 19:04:52,3900.45,Food,100058,UPI,DEV-10-2,iPhone,Goa,19,5,1,40.33,32,5179.39,5673.59,4,567,389,0,0,0,520.05,0,
TXN10-02661,10,2026-06-27 19:59:20,6203.52,Food,100002,Card,DEV-10-6,iPhone,Bangalore,19,5,1,54.47,33,5178.8,5679.34,230,112,394,0,0,0,454.99,0,
TXN10-02662,10,2026-06-27 20:31:37,3874.75,Food,100008,UPI,DEV-10-7,Web,Chennai,20,5,1,32.28,34,5204.76,5692.2,54,79,351,0,0,0,290.17,0,
TXN10-02663,10,2026-06-27 20:56:57,5663.57,Taxi,100006,Card,DEV-10-2,iPhone,Delhi,20,5,1,25.33,35,5216.04,5698.27,121,568,498,0,0,0,1767.65,0,
TXN10-02664,10,2026-06-27 20:58:10,4541.59,Hotels,100012,Card,DEV-10-3,Android,Hyderabad,20,5,1,1.22,36,5224.08,5697.11,82,403,395,0,0,0,1266.53,0,
TXN10-02665,10,2026-06-27 21:16:22,6848.95,Airlines,100007,Card,DEV-10-15,iPhone,Hyderabad,21,5,1,18.2,37,5234.33,5703.15,173,6,396,0,0,0,0.0,0,
TXN10-02666,10,2026-06-27 21:42:49,8930.83,Airlines,100036,Card,DEV-10-1,iPhone,Delhi,21,5,1,26.45,38,5239.46,5694.81,26,886,499,0,0,0,1266.53,0,
TXN10-02667,10,2026-06-27 22:57:35,1448.46,Airlines,100027,Card,DEV-10-1,iPhone,Hyderabad,22,5,1,74.77,39,5251.17,5707.24,38,887,397,0,0,0,1266.53,0,
TXN10-02668,10,2026-06-27 23:13:16,1219.38,Food,100011,UPI,DEV-10-3,Android,Bangalore,23,5,1,15.68,40,5239.23,5719.52,42,404,395,0,0,0,499.99,0,
TXN10-02669,10,2026-06-27 23:15:08,3468.69,Food,100049,Card,DEV-10-1,iPhone,Goa,23,5,1,1.87,41,5226.43,5714.89,9,888,390,0,0,0,454.99,0,
TXN10-02670,10,2026-06-27 23:34:02,1998.67,Taxi,100006,Card,DEV-10-3,Android,Delhi,23,5,1,18.9,42,5220.85,5706.67,122,405,500,0,0,0,1521.64,0,
TXN10-02671,10,2026-06-28 00:54:18,50000.0,Luxury Goods,100001,Card,DEV-10-1,iPhone,Mumbai,0,6,1,80.27,1,5201.87,5725.76,266,889,600,0,0,0,1153.24,1,large_luxury_purchase
TXN10-02672,10,2026-06-28 02:23:10,6538.8,Taxi,100084,UPI,DEV-10-6,iPhone,Delhi,2,6,1,88.87,2,5201.87,5725.76,2,113,501,0,0,0,1153.24,1,ato_higher_amount_odd_hour
TXN10-02673,10,2026-06-28 05:34:32,1783.14,Hotels,100181,UPI,DEV-10-45,Web,Mumbai,5,6,1,191.37,3,5215.36,5723.94,1,1,601,1,0,1,1153.24,1,ato_new_merchant_same_category
TXN10-02674,10,2026-06-28 05:52:44,10000.0,Food,100042,Card,DEV-10-2,iPhone,Goa,5,6,1,18.2,4,5204.39,5718.07,11,569,391,0,0,0,440.32,0,
TXN10-02675,10,2026-06-28 06:07:56,1291.49,Taxi,100040,Card,DEV-10-6,iPhone,Delhi,6,6,1,15.2,5,5219.66,5715.35,19,114,502,0,0,0,1521.64,0,
TXN10-02676,10,2026-06-28 07:01:38,2665.78,Food,100011,Card,DEV-10-5,iPhone,Bangalore,7,6,1,53.7,6,5207.42,5725.86,43,158,396,0,0,0,1750.11,0,
TXN10-02677,10,2026-06-28 07:02:17,1217.53,Taxi,100043,Card,DEV-10-1,iPhone,Delhi,7,6,1,0.65,7,5199.33,5718.53,14,890,503,0,0,0,1750.11,0,
TXN10-02678,10,2026-06-28 07:22:54,4092.86,Airlines,100007,UPI,DEV-10-2,iPhone,Mumbai,7,6,1,20.62,8,5200.58,5729.41,174,570,602,0,0,0,1153.24,0,
TXN10-02679,10,2026-06-28 07:23:38,2560.12,Food,100014,UPI,DEV-10-12,iPhone,Delhi,7,6,1,0.73,9,5197.05,5720.62,33,10,504,0,0,0,1153.24,0,
TXN10-02680,10,2026-06-28 07:59:50,1781.06,Taxi,100031,UPI,DEV-10-2,iPhone,Mumbai,7,6,1,36.2,10,5178.22,5730.18,26,571,603,0,0,0,1153.24,0,
TXN10-02681,10,2026-06-28 08:01:48,2223.76,Food,100004,Card,DEV-10-3,Android,Delhi,8,6,1,1.97,11,5167.41,5724.25,65,406,505,0,0,0,1153.24,0,
TXN10-02682,10,2026-06-28 08:08:46,3739.8,Hotels,100005,UPI,DEV-10-6,iPhone,Goa,8,6,1,6.97,12,5158.06,5717.55,183,115,392,0,0,0,1521.64,0,
TXN10-02683,10,2026-06-28 08:50:48,2306.83,Taxi,100006,UPI,DEV-10-1,iPhone,Hyderabad,8,6,1,42.03,13,5153.57,5709.06,123,891,398,0,0,0,520.05,0,
TXN10-02684,10,2026-06-28 09:13:30,3759.27,Taxi,100024,UPI,DEV-10-1,iPhone,Chennai,9,6,1,22.7,14,5135.8,5709.15,36,892,352,0,0,0,515.24,0,
TXN10-02685,10,2026-06-28 09:49:25,5217.21,Food,100004,Card,DEV-10-1,iPhone,Delhi,9,6,1,35.92,15,5141.05,5730.63,66,893,506,0,0,0,1767.65,0,
TXN10-02686,10,2026-06-28 09:50:36,3520.89,Food,100069,Card,DEV-10-1,iPhone,Mumbai,9,6,1,1.18,16,5141.29,5721.49,3,894,604,0,0,0,1153.24,0,
TXN10-02687,10,2026-06-28 10:33:59,10000.0,Taxi,100040,Card,DEV-10-1,iPhone,Mumbai,10,6,1,43.38,17,5120.66,5715.62,20,895,605,0,0,0,0.0,0,
TXN10-02688,10,2026-06-28 10:34:29,2348.46,Taxi,100022,UPI,DEV-10-1,iPhone,Mumbai,10,6,1,0.5,18,5136.15,5713.13,40,896,606,0,0,0,0.0,0,
TXN10-02689,10,2026-06-28 10:48:09,3001.05,Airlines,100027,Card,DEV-10-6,iPhone,Delhi,10,6,1,13.67,19,5127.32,5706.23,39,116,507,0,0,0,1153.24,0,
TXN10-02690,10,2026-06-28 10:50:11,5377.44,Taxi,100001,UPI,DEV-10-11,Web,Bangalore,10,6,1,2.03,20,5120.62,5698.47,267,16,397,0,0,0,1750.11,0,
TXN10-02691,10,2026-06-28 10:52:10,4166.01,Hotels,100086,Card,DEV-10-10,iPhone,Hyderabad,10,6,1,1.98,21,5121.42,5689.53,1,24,399,0,0,1,499.99,0,
TXN10-02692,10,2026-06-28 11:12:45,4112.41,Hotels,100046,Card,DEV-10-2,iPhone,Bangalore,11,6,1,20.58,22,5129.88,5686.1,18,572,398,0,0,0,499.99,0,
TXN10-02693,10,2026-06-28 11:31:35,2159.04,Taxi,100032,Card,DEV-10-3,Android,Hyderabad,11,6,1,18.83,23,5126.69,5677.47,30,407,400,0,0,0,499.99,0,
TXN10-02694,10,2026-06-28 11:43:55,5516.79,Food,100004,Card,DEV-10-1,iPhone,Mumbai,11,6,1,12.33,24,5127.77,5676.87,67,897,607,0,0,0,621.46,0,
TXN10-02695,10,2026-06-28 11:49:54,3976.72,Hotels,100035,Card,DEV-10-1,iPhone,Delhi,11,6,1,5.98,25,5128.99,5668.03,15,898,508,0,0,0,1153.24,0,
TXN10-02696,10,2026-06-28 11:52:17,7080.5,Airlines,100026,UPI,DEV-10-2,iPhone,Hyderabad,11,6,1,2.38,26,5125.4,5659.56,45,573,401,0,0,0,1266.53,0,
TXN10-02697,10,2026-06-28 12:17:56,2567.37,Taxi,100087,UPI,DEV-10-1,iPhone,Delhi,12,6,1,25.65,27,5143.18,5656.71,2,899,509,0,0,0,1266.53,0,
TXN10-02698,10,2026-06-28 12:21:07,2230.28,Hotels,100005,UPI,DEV-10-1,iPhone,Hyderabad,12,6,1,3.18,28,5135.18,5649.74,184,900,402,0,0,0,1266.53,0,
TXN10-02699,10,2026-06-28 12:26:56,6403.19,Airlines,100013,UPI,DEV-10-2,iPhone,Mumbai,12,6,1,5.82,29,5126.18,5643.29,65,574,608,0,0,0,621.46,0,
TXN10-02700,10,2026-06-28 12:30:21,5926.75,Airlines,100045,Card,DEV-10-1,iPhone,Delhi,12,6,1,3.42,30,5130.12,5635.02,20,901,510,0,0,0,1153.24,0,
TXN10-02701,10,2026-06-28 12:45:09,8263.33,Taxi,100006,UPI,DEV-10-3,Android,Chennai,12,6,1,14.8,31,5124.73,5633.42,124,408,353,0,0,0,1767.65,0,
TXN10-02702,10,2026-06-28 13:11:28,7452.28,Hotels,100041,UPI,DEV-10-2,iPhone,Chennai,13,6,1,26.32,32,5111.96,5649.58,18,575,354,0,0,0,0.0,0,
TXN10-02703,10,2026-06-28 13:16:27,4687.0,Taxi,100024,UPI,DEV-10-1,iPhone,Goa,13,6,1,4.98,33,5119.23,5642.3,37,902,393,0,0,0,706.92,0,
TXN10-02704,10,2026-06-28 13:57:38,1848.02,Hotels,100046,UPI,DEV-10-6,iPhone,Goa,13,6,1,41.18,34,5102.73,5635.77,19,117,394,0,0,0,0.0,0,
TXN10-02705,10,2026-06-28 14:06:23,6645.13,Taxi,100001,UPI,DEV-10-5,iPhone,Goa,14,6,1,8.75,35,5090.29,5638.52,268,159,395,0,0,0,0.0,0,
TXN10-02706,10,2026-06-28 15:02:43,7827.8,Airlines,100082,Card,DEV-10-1,iPhone,Goa,15,6,1,56.33,36,5109.27,5654.48,5,903,396,0,0,0,0.0,0,
TXN10-02707,10,2026-06-28 15:09:54,4474.33,Hotels,100020,Card,DEV-10-9,Android,Bangalore,15,6,1,7.18,37,5117.76,5647.68,31,47,399,0,0,0,454.99,0,
TXN10-02708,10,2026-06-28 15:11:58,4056.29,Airlines,100007,UPI,DEV-10-2,iPhone,Delhi,15,6,1,2.07,38,5115.76,5638.99,175,576,511,0,0,0,1750.11,0,
TXN10-02709,10,2026-06-28 15:13:18,4899.35,Airlines,100007,Card,DEV-10-4,Android,Goa,15,6,1,1.33,39,5112.47,5630.54,176,250,397,0,0,0,1521.64,0,
TXN10-02710,10,2026-06-28 15:19:42,1937.3,Taxi,100006,UPI,DEV-10-3,Android,Delhi,15,6,1,6.4,40,5111.81,5621.82,125,409,512,0,0,0,1521.64,0,
TXN10-02711,10,2026-06-28 15:41:05,6662.24,Airlines,100088,Card,DEV-10-1,iPhone,Bangalore,15,6,1,21.38,41,5102.01,5615.9,1,904,400,0,0,1,1750.11,0,
TXN10-02712,10,2026-06-28 15:55:02,10000.0,Food,100051,Card,DEV-10-6,iPhone,Delhi,15,6,1,13.95,42,5106.81,5607.92,6,118,513,0,0,0,1750.11,0,
TXN10-02713,10,2026-06-28 16:36:31,8708.25,Airlines,100066,UPI,DEV-10-3,Android,Mumbai,16,6,1,41.48,43,5109.57,5616.35,7,410,609,0,0,0,1153.24,0,
TXN10-02714,10,2026-06-28 16:57:58,1852.47,Taxi,100006,UPI,DEV-10-17,iPhone,Delhi,16,6,1,21.45,44,5120.64,5611.24,126,3,514,0,0,0,1153.24,0,
TXN10-02715,10,2026-06-28 17:02:20,3000.46,Airlines,100026,Card,DEV-10-2,iPhone,Hyderabad,17,6,1,4.37,45,5110.61,5605.55,46,577,403,0,0,0,1266.53,0,
TXN10-02716,10,2026-06-28 17:10:25,1932.74,Taxi,100024,Card,DEV-10-3,Android,Delhi,17,6,1,8.08,46,5120.82,5611.04,38,411,515,0,0,0,1266.53,0,
TXN10-02717,10,2026-06-28 17:59:12,5556.36,Airlines,100001,Card,DEV-10-1,iPhone,Mumbai,17,6,1,48.78,47,5083.74,5620.4,269,905,610,0,0,0,1153.24,1,distant_800km_15min
TXN10-02718,10,2026-06-28 18:00:30,5367.68,Hotels,100017,Card,DEV-10-3,Android,Mumbai,18,6,1,1.3,48,5085.2,5611.78,45,412,611,0,0,0,0.0,0,
TXN10-02719,10,2026-06-28 18:07:42,3440.29,Taxi,100021,UPI,DEV-10-3,Android,Bangalore,18,6,1,7.2,49,5086.07,5603.16,61,413,401,0,0,0,845.32,0,
TXN10-02720,10,2026-06-28 18:09:12,6828.61,Airlines,100001,Card,DEV-10-1,iPhone,Bangalore,18,6,1,1.5,50,5081.02,5595.3,270,906,402,0,0,0,0.0,1,distant_800km_15min
TXN10-02721,10,2026-06-28 18:53:56,1399.05,Food,100002,Card,DEV-10-2,iPhone,Bangalore,18,6,1,44.73,51,5089.55,5630.33,231,578,403,0,0,0,0.0,0,
TXN10-02722,10,2026-06-28 19:00:29,4314.78,Food,100004,Card,DEV-10-2,iPhone,Hyderabad,19,6,1,6.55,52,5078.12,5625.35,68,579,404,0,0,0,499.99,0,
TXN10-02723,10,2026-06-28 19:11:00,2223.0,Hotels,100041,UPI,DEV-10-2,iPhone,Goa,19,6,1,10.52,53,5080.7,5624.8,19,580,398,0,0,0,520.05,0,
TXN10-02724,10,2026-06-28 19:24:10,6367.16,Airlines,100089,UPI,DEV-10-1,iPhone,Delhi,19,6,1,13.17,54,5071.88,5618.35,1,907,516,0,0,1,1521.64,0,
TXN10-02725,10,2026-06-28 19:26:03,2523.1,Airlines,100013,UPI,DEV-10-1,iPhone,Hyderabad,19,6,1,1.88,55,5075.86,5610.16,66,908,405,0,0,0,1266.53,0,
TXN10-02726,10,2026-06-28 19:29:32,4437.36,Food,100002,UPI,DEV-10-1,iPhone,Hyderabad,19,6,1,3.48,56,5068.03,5603.33,232,909,406,0,0,0,0.0,1,ato_higher_amount
TXN10-02727,10,2026-06-28 20:15:24,4205.04,Food,100028,UPI,DEV-10-2,iPhone,Hyderabad,20,6,1,45.87,57,5081.24,5631.7,19,581,407,0,0,0,0.0,0,
TXN10-02728,10,2026-06-28 20:36:55,2547.91,Food,100016,UPI,DEV-10-2,iPhone,Mumbai,20,6,1,21.52,58,5078.53,5623.19,27,582,612,0,0,0,621.46,0,
TXN10-02729,10,2026-06-28 20:39:33,2359.56,Taxi,100024,Card,DEV-10-1,iPhone,Chennai,20,6,1,2.63,59,5070.72,5616.26,39,910,355,0,0,0,1033.1,0,
TXN10-02730,10,2026-06-28 20:47:11,3734.74,Hotels,100033,Card,DEV-10-1,iPhone,Mumbai,20,6,1,7.63,60,5062.37,5609.62,26,911,613,0,0,0,1033.1,0,
TXN10-02731,10,2026-06-28 21:19:43,8225.06,Hotels,100012,Card,DEV-10-8,Web,Bangalore,21,6,1,32.53,61,5068.54,5607.06,83,53,404,0,0,0,845.32,0,
TXN10-02732,10,2026-06-28 21:32:31,5463.58,Taxi,100021,Card,DEV-10-2,iPhone,Delhi,21,6,1,12.8,62,5087.65,5607.2,62,583,517,0,0,0,1750.11,0,
TXN10-02733,10,2026-06-28 21:45:53,6167.25,Taxi,100067,UPI,DEV-10-3,Android,Delhi,21,6,1,13.37,63,5086.86,5607.13,6,414,518,0,0,0,0.0,0,
TXN10-02734,10,2026-06-28 21:59:09,6166.6,Food,100008,Card,DEV-10-4,Android,Hyderabad,21,6,1,13.27,64,5118.28,5625.31,55,251,408,0,0,0,1266.53,0,
TXN10-02735,10,2026-06-28 22:16:32,4452.99,Taxi,100006,Card,DEV-10-7,Web,Mumbai,22,6,1,17.38,65,5121.53,5616.9,127,80,614,0,0,0,621.46,0,
TXN10-02736,10,2026-06-28 22:30:10,1933.13,Food,100002,UPI,DEV-10-2,iPhone,Bangalore,22,6,1,13.63,66,5119.46,5608.35,233,584,405,0,0,0,845.32,0,
TXN10-02737,10,2026-06-28 22:41:05,2145.25,Taxi,100073,Card,DEV-10-1,iPhone,Hyderabad,22,6,1,10.92,67,5109.66,5602.5,4,912,409,0,0,0,499.99,0,
TXN10-02738,10,2026-06-28 22:41:59,4751.23,Food,100049,Card,DEV-10-1,iPhone,Goa,22,6,1,0.9,68,5100.57,5596.3,10,913,399,0,0,0,520.05,0,
TXN10-02739,10,2026-06-28 22:43:01,6759.04,Food,100057,Card,DEV-10-8,Web,Delhi,22,6,1,1.03,69,5099.5,5587.77,6,54,519,0,0,0,1521.64,0,
TXN10-02740,10,2026-06-28 22:52:28,2173.54,Airlines,100007,UPI,DEV-10-2,iPhone,Mumbai,22,6,1,9.45,70,5104.56,5579.99,177,585,615,0,0,0,1153.24,0,
TXN10-02741,10,2026-06-28 22:55:09,7161.3,Airlines,100009,Card,DEV-10-2,iPhone,Mumbai,22,6,1,2.68,71,5095.65,5573.84,101,586,616,0,0,0,0.0,0,
TXN10-02742,10,2026-06-28 23:04:58,8538.9,Airlines,100007,Card,DEV-10-2,iPhone,Chennai,23,6,1,9.82,72,5101.91,5566.55,178,587,356,0,0,0,1033.1,0,
TXN10-02743,10,2026-06-28 23:43:08,3332.8,Hotels,100090,Card,DEV-10-30,iPhone,Chennai,23,6,1,38.17,73,5118.34,5568.67,1,1,357,1,0,1,0.0,0,
TXN10-02744,10,2026-06-28 23:43:10,1435.72,Food,100002,Card,DEV-10-6,iPhone,Chennai,23,6,1,0.03,74,5112.95,5561.11,234,119,358,0,0,0,0.0,0,
TXN10-02745,10,2026-06-28 23:47:09,2497.01,Food,100011,Card,DEV-10-5,iPhone,Goa,23,6,1,3.98,75,5101.87,5556.38,44,160,400,0,0,0,706.92,0,
TXN10-02746,10,2026-06-29 02:48:59,6507.45,Airlines,100001,Card,DEV-10-1,iPhone,Mumbai,2,0,0,181.83,1,5097.52,5557.86,271,914,617,0,0,0,440.32,1,distant_800km_15min
TXN10-02747,10,2026-06-29 02:59:33,3041.88,Hotels,100177,Card,DEV-10-7,Web,Goa,2,0,0,10.57,2,5101.76,5550.04,1,81,401,0,0,1,440.32,1,ato_new_merchant_same_category_odd_hour
TXN10-02748,10,2026-06-29 03:02:59,4585.05,Airlines,100001,Card,DEV-10-1,iPhone,Jaipur,3,0,0,3.43,3,5095.59,5542.87,272,915,14,0,0,0,1302.74,1,distant_800km_15min
TXN10-02749,10,2026-06-29 05:20:34,50000.0,Luxury Goods,100001,Card,DEV-10-1,iPhone,Mumbai,5,0,0,137.58,4,5094.07,5534.66,273,916,618,0,0,0,920.74,1,large_luxury_purchase
TXN10-02750,10,2026-06-29 05:53:40,1945.21,Taxi,100084,Card,DEV-10-1,iPhone,Bangalore,5,0,0,33.1,5,5240.1,6048.35,3,917,406,0,0,0,845.32,0,
TXN10-02751,10,2026-06-29 06:25:57,2018.21,Food,100091,Card,DEV-10-3,Android,Hyderabad,6,0,0,32.28,6,5239.68,6056.2,1,415,410,0,0,1,499.99,0,
TXN10-02752,10,2026-06-29 06:35:39,4440.67,Hotels,100025,Card,DEV-10-4,Android,Chennai,6,0,0,9.7,7,5230.06,6049.71,26,252,359,0,0,0,515.24,0,
TXN10-02753,10,2026-06-29 07:08:01,3000.68,Food,100003,UPI,DEV-10-2,iPhone,Mumbai,7,0,0,32.37,8,5235.79,6057.23,115,588,619,0,0,0,1033.1,0,
TXN10-02754,10,2026-06-29 07:28:03,4866.88,Taxi,100067,Card,DEV-10-1,iPhone,Delhi,7,0,0,20.03,9,5229.12,6049.41,7,918,520,0,0,0,1153.24,0,
TXN10-02755,10,2026-06-29 08:16:04,1869.35,Food,100039,UPI,DEV-10-10,iPhone,Delhi,8,0,0,48.02,10,5236.92,6057.12,16,25,521,0,0,0,0.0,0,
TXN10-02756,10,2026-06-29 09:09:12,2533.8,Airlines,100001,Card,DEV-10-1,iPhone,Mumbai,9,0,0,53.13,11,5228.54,6059.84,274,919,620,0,0,0,1153.24,1,distant_800km_15min
TXN10-02757,10,2026-06-29 09:29:45,10000.0,Airlines,100007,Card,DEV-10-4,Android,Mumbai,9,0,0,20.55,12,5220.49,6052.57,179,253,621,0,0,0,0.0,0,
TXN10-02758,10,2026-06-29 09:32:04,2779.73,Taxi,100024,UPI,DEV-10-3,Android,Hyderabad,9,0,0,2.32,13,5234.72,6049.16,40,416,411,0,0,0,621.46,0,
TXN10-02759,10,2026-06-29 09:54:48,7154.79,Hotels,100017,UPI,DEV-10-2,iPhone,Goa,9,0,0,22.73,14,5237.69,6058.09,46,589,402,0,0,0,520.05,0,
TXN10-02760,10,2026-06-29 10:40:55,5191.5,Food,100002,UPI,DEV-10-2,iPhone,Hyderabad,10,0,0,46.12,15,5229.62,6062.45,235,590,412,0,0,0,520.05,0,
TXN10-02761,10,2026-06-29 12:02:33,4877.95,Food,100034,Card,DEV-10-1,iPhone,Delhi,12,0,0,81.63,16,5230.0,6076.1,18,920,522,0,0,0,1266.53,0,
TXN10-02762,10,2026-06-29 12:07:54,2036.7,Food,100002,Card,DEV-10-3,Android,Goa,12,0,0,5.35,17,5228.94,6067.0,236,417,403,0,0,0,1521.64,0,
TXN10-02763,10,2026-06-29 12:34:11,1856.42,Food,100002,Card,DEV-10-2,iPhone,Hyderabad,12,0,0,26.28,18,5219.38,6060.43,237,591,413,0,0,0,520.05,0,
TXN10-02764,10,2026-06-29 13:02:26,1438.72,Hotels,100005,UPI,DEV-10-1,iPhone,Delhi,13,0,0,28.25,19,5209.34,6054.15,185,921,523,0,0,0,1266.53,0,
TXN10-02765,10,2026-06-29 13:07:36,2291.26,Hotels,100030,UPI,DEV-10-6,iPhone,Goa,13,0,0,5.17,20,5198.12,6048.63,26,120,404,0,0,0,1521.64,0,
TXN10-02766,10,2026-06-29 14:47:23,2212.97,Hotels,100030,Card,DEV-10-5,iPhone,Mumbai,14,0,0,99.78,21,5189.5,6041.71,27,161,622,0,0,0,440.32,0,
TXN10-02767,10,2026-06-29 15:17:33,5250.0,Airlines,100001,Card,DEV-UNK-6335,Android,Mumbai,15,0,0,30.17,22,5190.92,6040.96,275,1,623,1,0,0,0.0,1,unknown_device
TXN10-02768,10,2026-06-29 15:18:48,4141.08,Hotels,100005,Card,DEV-10-1,iPhone,Mumbai,15,0,0,1.25,23,5191.1,6032.01,186,922,624,0,0,0,0.0,0,
TXN10-02769,10,2026-06-29 15:32:15,5360.92,Airlines,100089,UPI,DEV-10-3,Android,Chennai,15,0,0,13.45,24,5188.0,6023.38,2,418,360,0,0,0,1033.1,0,
TXN10-02770,10,2026-06-29 16:13:40,3068.9,Airlines,100007,UPI,DEV-10-7,Web,Delhi,16,0,0,41.42,25,5180.16,6021.42,180,82,524,0,0,0,1767.65,0,
TXN10-02771,10,2026-06-29 16:13:47,4514.97,Taxi,100001,Card,DEV-10-2,iPhone,Hyderabad,16,0,0,0.12,26,5173.95,6013.64,276,592,414,0,0,0,1266.53,0,
TXN10-02772,10,2026-06-29 16:23:58,6539.84,Hotels,100033,UPI,DEV-10-7,Web,Bangalore,16,0,0,10.18,27,5172.01,6004.93,27,83,407,0,0,0,499.99,0,
TXN10-02773,10,2026-06-29 16:57:35,1729.26,Airlines,100027,Card,DEV-10-1,iPhone,Bangalore,16,0,0,33.62,28,5156.69,6016.91,40,923,408,0,0,0,0.0,0,
TXN10-02774,10,2026-06-29 17:07:36,2728.04,Airlines,100036,UPI,DEV-10-5,iPhone,Hyderabad,17,0,0,10.02,29,5146.61,6010.92,27,162,415,0,0,0,499.99,0,
TXN10-02775,10,2026-06-29 17:28:29,1021.49,Hotels,100033,UPI,DEV-10-1,iPhone,Mumbai,17,0,0,20.88,30,5146.55,6010.95,28,924,625,0,0,0,621.46,0,
TXN10-02776,10,2026-06-29 17:32:27,10000.0,Airlines,100026,Card,DEV-10-2,iPhone,Mumbai,17,0,0,3.97,31,5134.45,6006.27,47,593,626,0,0,0,0.0,0,
TXN10-02777,10,2026-06-29 19:05:07,2711.57,Airlines,100009,Card,DEV-10-7,Web,Mumbai,19,0,0,92.67,32,5151.12,6011.86,102,84,627,0,0,0,0.0,0,
TXN10-02778,10,2026-06-29 20:07:09,9463.99,Airlines,100009,UPI,DEV-10-1,iPhone,Chennai,20,0,0,62.03,33,5140.58,6016.25,103,925,361,0,0,0,1033.1,0,
TXN10-02779,10,2026-06-29 20:14:36,1593.33,Airlines,100066,UPI,DEV-10-1,iPhone,Bangalore,20,0,0,7.45,34,5153.26,6011.97,8,926,409,0,0,0,290.17,0,
TXN10-02780,10,2026-06-29 20:46:01,2963.35,Food,100049,Card,DEV-10-1,iPhone,Delhi,20,0,0,31.42,35,5142.85,6006.25,11,927,525,0,0,0,1750.11,0,
TXN10-02781,10,2026-06-29 20:52:31,10000.0,Taxi,100006,Card,DEV-10-12,iPhone,Chennai,20,0,0,6.5,36,5136.49,5998.64,128,11,362,0,0,0,1767.65,0,
TXN10-02782,10,2026-06-29 21:22:35,4792.94,Airlines,100001,Card,DEV-10-1,iPhone,Mumbai,21,0,0,30.07,37,5159.68,6002.02,277,928,628,0,0,0,1033.1,1,distant_800km_15min
TXN10-02783,10,2026-06-29 21:32:35,6667.3,Airlines,100001,Card,DEV-10-1,iPhone,Jaipur,21,0,0,10.0,38,5166.51,6000.27,278,929,15,0,0,0,920.74,1,distant_800km_15min
TXN10-02784,10,2026-06-29 21:53:00,3967.9,Food,100016,Card,DEV-10-1,iPhone,Hyderabad,21,0,0,20.42,39,5170.87,5992.09,28,930,416,0,0,0,1095.15,0,
TXN10-02785,10,2026-06-29 21:57:48,2478.5,Airlines,100009,Card,DEV-10-2,iPhone,Goa,21,0,0,4.8,40,5167.38,5983.75,104,594,405,0,0,0,520.05,0,
TXN10-02786,10,2026-06-29 22:01:41,10000.0,Taxi,100001,Card,DEV-10-1,iPhone,Delhi,22,0,0,3.88,41,5159.61,5976.84,279,931,526,0,0,0,1521.64,0,
TXN10-02787,10,2026-06-29 22:37:09,3584.53,Hotels,100072,Card,DEV-10-2,iPhone,Delhi,22,0,0,35.47,42,5183.54,5993.8,3,595,527,0,0,0,0.0,0,
TXN10-02788,10,2026-06-29 22:38:17,3966.68,Hotels,100030,Card,DEV-10-2,iPhone,Chennai,22,0,0,1.13,43,5178.9,5985.72,28,596,363,0,0,0,1767.65,0,
TXN10-02789,10,2026-06-29 22:54:13,2777.02,Hotels,100017,UPI,DEV-10-6,iPhone,Delhi,22,0,0,15.93,44,5184.39,5983.74,47,121,528,0,0,0,1767.65,0,
TXN10-02790,10,2026-06-29 22:56:45,1719.44,Hotels,100005,UPI,DEV-10-2,iPhone,Mumbai,22,0,0,2.53,45,5177.43,5976.49,187,597,629,0,0,0,1153.24,0,
TXN10-02791,10,2026-06-30 05:08:17,1791.76,Hotels,100080,Card,DEV-10-2,iPhone,Delhi,5,1,0,371.53,1,5045.6,5492.87,4,598,529,0,0,0,1153.24,0,
TXN10-02792,10,2026-06-30 05:54:15,2939.79,Hotels,100010,UPI,DEV-10-2,iPhone,Mumbai,5,1,0,45.97,2,5021.67,5489.12,115,599,630,0,0,0,1153.24,0,
TXN10-02793,10,2026-06-30 06:13:05,2355.03,Taxi,100006,UPI,DEV-10-3,Android,Delhi,6,1,0,18.83,3,5021.43,5489.21,129,419,530,0,0,0,1153.24,0,
TXN10-02794,10,2026-06-30 07:50:41,2021.69,Food,100002,Card,DEV-10-5,iPhone,Hyderabad,7,1,0,97.6,4,5025.14,5513.01,238,163,417,0,0,0,1266.53,0,
TXN10-02795,10,2026-06-30 08:10:49,5301.01,Food,100015,Card,DEV-10-2,iPhone,Goa,8,1,0,20.13,5,5016.89,5515.4,38,600,406,0,0,0,520.05,0,
TXN10-02796,10,2026-06-30 08:18:43,10000.0,Airlines,100082,UPI,DEV-10-1,iPhone,Hyderabad,8,1,0,7.9,6,5013.01,5514.73,6,932,418,0,0,0,520.05,0,
TXN10-02797,10,2026-06-30 09:34:16,7191.32,Hotels,100012,UPI,DEV-10-3,Android,Chennai,9,1,0,75.55,7,5046.76,5550.64,84,420,364,0,0,0,515.24,0,
TXN10-02798,10,2026-06-30 09:34:56,3518.27,Food,100057,UPI,DEV-10-1,iPhone,Mumbai,9,1,0,0.67,8,5053.12,5543.63,7,933,631,0,0,0,1033.1,0,
TXN10-02799,10,2026-06-30 10:09:52,2332.72,Taxi,100022,Card,DEV-10-9,Android,Mumbai,10,1,0,34.93,9,5056.56,5542.31,41,48,632,0,0,0,0.0,0,
TXN10-02800,10,2026-06-30 10:10:50,3955.33,Airlines,100007,Card,DEV-10-5,iPhone,Bangalore,10,1,0,0.97,10,5048.5,5536.09,181,164,410,0,0,0,845.32,0,
TXN10-02801,10,2026-06-30 10:20:16,2615.31,Taxi,100001,Card,DEV-10-1,iPhone,Delhi,10,1,0,9.43,11,5045.27,5528.23,280,934,531,0,0,0,1750.11,0,
TXN10-02802,10,2026-06-30 10:36:26,1406.84,Food,100003,Card,DEV-10-4,Android,Mumbai,10,1,0,16.17,12,5038.04,5529.8,116,254,633,0,0,0,1153.24,0,
TXN10-02803,10,2026-06-30 10:58:45,2376.06,Food,100003,Card,DEV-10-5,iPhone,Bangalore,10,1,0,22.32,13,5041.07,5538.0,117,165,411,0,0,0,845.32,0,
TXN10-02804,10,2026-06-30 11:37:50,10000.0,Food,100028,Card,DEV-10-2,iPhone,Delhi,11,1,0,39.08,14,5048.62,5544.16,20,601,532,0,0,0,1750.11,0,
TXN10-02805,10,2026-06-30 12:04:31,6093.75,Hotels,100030,Card,DEV-10-1,iPhone,Goa,12,1,0,26.68,15,5063.26,5542.48,29,935,407,0,0,0,1521.64,0,
TXN10-02806,10,2026-06-30 12:24:56,6210.01,Hotels,100010,UPI,DEV-10-4,Android,Goa,12,1,0,20.42,16,5062.12,5542.23,116,255,408,0,0,0,0.0,0,
TXN10-02807,10,2026-06-30 12:27:00,3583.5,Hotels,100025,Card,DEV-10-4,Android,Chennai,12,1,0,2.07,17,5065.51,5534.4,27,256,365,0,0,0,706.92,0,
TXN10-02808,10,2026-06-30 12:32:13,647.37,Taxi,100038,Card,DEV-10-2,iPhone,Mumbai,12,1,0,5.22,18,5061.15,5526.84,23,602,634,0,0,0,1033.1,0,
TXN10-02809,10,2026-06-30 12:48:11,3865.73,Taxi,100022,UPI,DEV-10-3,Android,Delhi,12,1,0,15.97,19,5060.01,5536.91,42,421,533,0,0,0,1153.24,0,
TXN10-02810,10,2026-06-30 14:14:05,5142.82,Hotels,100012,UPI,DEV-10-2,iPhone,Delhi,14,1,0,85.9,20,5056.5,5529.14,85,603,534,0,0,0,0.0,0,
TXN10-02811,10,2026-06-30 14:43:39,5561.9,Taxi,100043,Card,DEV-10-3,Android,Bangalore,14,1,0,29.57,21,5075.37,5538.15,15,422,412,0,0,0,1750.11,0,
TXN10-02812,10,2026-06-30 14:53:45,1734.55,Taxi,100006,Card,DEV-10-2,iPhone,Goa,14,1,0,10.1,22,5076.81,5530.03,130,604,409,0,0,0,454.99,0,
TXN10-02813,10,2026-06-30 15:27:13,2331.61,Hotels,100010,Card,DEV-10-3,Android,Bangalore,15,1,0,33.47,23,5057.39,5538.76,117,423,413,0,0,0,454.99,0,
TXN10-02814,10,2026-06-30 16:58:14,4839.06,Hotels,100020,Card,DEV-10-7,Web,Bangalore,16,1,0,91.02,24,5051.68,5540.57,32,85,414,0,0,0,0.0,0,
TXN10-02815,10,2026-06-30 17:05:43,2493.78,Food,100002,UPI,DEV-10-2,iPhone,Goa,17,1,0,7.48,25,5055.73,5539.91,239,605,410,0,0,0,454.99,0,
TXN10-02816,10,2026-06-30 17:09:32,50000.0,Luxury Goods,100001,Card,DEV-10-1,iPhone,Mumbai,17,1,0,3.82,26,5048.17,5533.48,281,936,635,0,0,0,440.32,1,large_luxury_purchase
TXN10-02817,10,2026-06-30 17:48:38,5835.64,Food,100014,Card,DEV-10-5,iPhone,Chennai,17,1,0,39.1,27,5178.04,6055.14,34,166,366,0,0,0,1033.1,0,
TXN10-02818,10,2026-06-30 17:56:01,2300.12,Airlines,100027,Card,DEV-10-8,Web,Bangalore,17,1,0,7.38,28,5179.98,6046.31,41,55,415,0,0,0,290.17,0,
TXN10-02819,10,2026-06-30 18:01:28,8197.43,Airlines,100001,Card,DEV-10-1,iPhone,Mumbai,18,1,0,5.45,29,5171.51,6039.42,282,937,636,0,0,0,845.32,1,distant_800km_15min
TXN10-02820,10,2026-06-30 18:06:22,2289.95,Taxi,100001,UPI,DEV-10-1,iPhone,Bangalore,18,1,0,4.9,30,5181.51,6041.61,283,938,416,0,0,0,845.32,0,
TXN10-02821,10,2026-06-30 18:14:28,4006.7,Airlines,100001,Card,DEV-10-1,iPhone,Jaipur,18,1,0,8.1,31,5173.03,6034.77,284,939,16,0,0,0,1561.54,1,distant_800km_15min
TXN10-02822,10,2026-06-30 18:26:53,1243.23,Hotels,100017,UPI,DEV-10-2,iPhone,Bangalore,18,1,0,12.42,32,5169.62,6026.27,48,606,417,0,0,0,1561.54,0,
TXN10-02823,10,2026-06-30 18:32:57,10000.0,Hotels,100012,UPI,DEV-10-2,iPhone,Delhi,18,1,0,6.07,33,5158.17,6021.2,86,607,535,0,0,0,1750.11,0,
TXN10-02824,10,2026-06-30 19:18:33,10000.0,Hotels,100005,Card,DEV-10-1,iPhone,Hyderabad,19,1,0,45.6,34,5165.61,6025.6,188,940,419,0,0,0,1266.53,0,
TXN10-02825,10,2026-06-30 20:28:01,3856.53,Airlines,100009,Card,DEV-10-1,iPhone,Mumbai,20,1,0,69.47,35,5184.99,6048.18,105,941,637,0,0,0,621.46,0,
TXN10-02826,10,2026-06-30 20:59:04,4587.52,Taxi,100063,Card,DEV-10-6,iPhone,Bangalore,20,1,0,31.05,36,5166.92,6042.94,9,122,418,0,0,0,845.32,0,
TXN10-02827,10,2026-06-30 21:16:16,3633.97,Taxi,100063,Card,DEV-10-1,iPhone,Mumbai,21,1,0,17.2,37,5165.22,6034.16,10,942,638,0,0,0,845.32,0,
TXN10-02828,10,2026-06-30 21:38:41,2273.74,Airlines,100007,UPI,DEV-10-2,iPhone,Chennai,21,1,0,22.42,38,5160.75,6025.89,182,608,367,0,0,0,1033.1,0,
TXN10-02829,10,2026-06-30 22:15:30,5501.35,Airlines,100036,UPI,DEV-10-2,iPhone,Goa,22,1,0,36.82,39,5152.33,6019.12,28,609,411,0,0,0,706.92,0,
TXN10-02830,10,2026-06-30 22:39:43,8739.3,Food,100016,UPI,DEV-10-10,iPhone,Bangalore,22,1,0,24.22,40,5153.34,6010.39,29,26,419,0,0,0,454.99,0,
TXN10-02831,10,2026-06-30 22:41:56,6262.97,Airlines,100007,Card,DEV-10-6,iPhone,Bangalore,22,1,0,2.22,41,5163.74,6004.77,183,123,420,0,0,0,0.0,0,
TXN10-02832,10,2026-06-30 22:57:24,3893.15,Taxi,100006,Card,DEV-10-7,Web,Mumbai,22,1,0,15.47,42,5166.92,5996.38,131,86,639,0,0,0,845.32,0,
TXN10-02833,10,2026-07-01 05:44:42,4482.34,Hotels,100046,Card,DEV-10-3,Android,Delhi,5,2,0,407.3,1,5027.11,5496.93,20,424,536,0,0,0,1153.24,0,
TXN10-02834,10,2026-07-01 05:54:38,1683.48,Taxi,100001,Card,DEV-10-31,iPhone,Bangalore,5,2,0,9.93,2,5025.53,5489.04,285,1,421,1,0,0,1750.11,0,
TXN10-02835,10,2026-07-01 06:29:20,1626.81,Airlines,100007,Card,DEV-10-2,iPhone,Bangalore,6,2,0,34.7,3,5024.8,5489.47,184,610,422,0,0,0,0.0,0,
TXN10-02836,10,2026-07-01 07:29:14,9384.96,Airlines,100026,Card,DEV-10-3,Android,Delhi,7,2,0,59.9,4,5034.35,5504.32,48,425,537,0,0,0,1750.11,0,
TXN10-02837,10,2026-07-01 07:34:58,4969.07,Food,100014,Card,DEV-10-4,Android,Hyderabad,7,2,0,5.73,5,5047.0,5501.3,35,257,420,0,0,0,1266.53,0,
TXN10-02838,10,2026-07-01 07:39:02,10000.0,Hotels,100041,Card,DEV-10-1,iPhone,Delhi,7,2,0,4.07,6,5046.77,5493.33,20,943,538,0,0,0,1266.53,0,
TXN10-02839,10,2026-07-01 07:48:19,673.48,Taxi,100031,UPI,DEV-10-1,iPhone,Mumbai,7,2,0,9.28,7,5061.09,5491.82,27,944,640,0,0,0,1153.24,0,
TXN10-02840,10,2026-07-01 07:54:26,4598.12,Hotels,100010,UPI,DEV-10-32,iPhone,Bangalore,7,2,0,6.12,8,5052.77,5496.28,118,1,423,1,0,0,845.32,0,
TXN10-02841,10,2026-07-01 08:25:41,4294.57,Food,100004,UPI,DEV-10-4,Android,Hyderabad,8,2,0,31.25,9,5048.07,5495.97,69,258,421,0,0,0,499.99,0,
TXN10-02842,10,2026-07-01 08:43:43,8810.04,Food,100003,UPI,DEV-10-1,iPhone,Delhi,8,2,0,18.03,10,5045.9,5488.2,118,945,539,0,0,0,1266.53,0,
TXN10-02843,10,2026-07-01 08:56:33,8203.49,Food,100002,Card,DEV-10-5,iPhone,Hyderabad,8,2,0,12.83,11,5056.72,5484.01,240,167,422,0,0,0,1266.53,0,
TXN10-02844,10,2026-07-01 09:11:05,9139.16,Hotels,100010,Card,DEV-10-8,Web,Goa,9,2,0,14.53,12,5074.52,5484.14,119,56,412,0,0,0,520.05,0,
TXN10-02845,10,2026-07-01 09:27:00,4327.78,Taxi,100073,Card,DEV-10-1,iPhone,Goa,9,2,0,15.92,13,5086.16,5480.59,5,946,413,0,0,0,0.0,0,
TXN10-02846,10,2026-07-01 09:29:53,4744.67,Food,100003,UPI,DEV-10-3,Android,Bangalore,9,2,0,2.88,14,5087.0,5480.45,119,426,424,0,0,0,454.99,0,
TXN10-02847,10,2026-07-01 09:44:19,2607.42,Food,100002,Card,DEV-10-1,iPhone,Hyderabad,9,2,0,14.43,15,5086.02,5472.64,241,947,423,0,0,0,499.99,0,
TXN10-02848,10,2026-07-01 09:44:59,3644.97,Taxi,100092,Card,DEV-10-4,Android,Goa,9,2,0,0.67,16,5078.96,5466.44,1,259,414,0,0,1,520.05,0,
TXN10-02849,10,2026-07-01 09:56:09,3353.39,Taxi,100006,Card,DEV-10-2,iPhone,Hyderabad,9,2,0,11.17,17,5074.89,5459.2,132,611,424,0,0,0,520.05,0,
TXN10-02850,10,2026-07-01 10:03:35,2496.61,Hotels,100086,UPI,DEV-10-4,Android,Hyderabad,10,2,0,7.43,18,5082.5,5454.93,2,260,425,0,0,0,0.0,0,
TXN10-02851,10,2026-07-01 10:08:19,1996.56,Food,100002,Card,DEV-10-7,Web,Mumbai,10,2,0,4.73,19,5075.17,5448.93,242,87,641,0,0,0,621.46,0,
TXN10-02852,10,2026-07-01 10:15:36,2569.56,Hotels,100035,Card,DEV-10-2,iPhone,Hyderabad,10,2,0,7.28,20,5066.48,5443.68,16,612,426,0,0,0,621.46,0,
TXN10-02853,10,2026-07-01 10:55:54,3471.26,Food,100002,UPI,DEV-10-3,Android,Bangalore,10,2,0,40.3,21,5062.71,5465.92,243,427,425,0,0,0,499.99,0,
TXN10-02854,10,2026-07-01 11:59:53,2415.58,Food,100058,UPI,DEV-10-2,iPhone,Hyderabad,11,2,0,63.98,22,5067.7,5471.56,5,613,427,0,0,0,499.99,0,
TXN10-02855,10,2026-07-01 12:21:32,9981.97,Food,100003,UPI,DEV-10-1,iPhone,Goa,12,2,0,21.65,23,5057.23,5473.12,120,948,415,0,0,0,520.05,0,
TXN10-02856,10,2026-07-01 12:29:57,6734.67,Food,100028,Card,DEV-10-2,iPhone,Hyderabad,12,2,0,8.42,24,5071.3,5471.62,21,614,428,0,0,0,520.05,0,
TXN10-02857,10,2026-07-01 12:36:43,2900.91,Food,100002,Card,DEV-10-1,iPhone,Hyderabad,12,2,0,6.77,25,5076.04,5464.54,244,949,429,0,0,0,0.0,0,
TXN10-02858,10,2026-07-01 12:44:54,10000.0,Taxi,100063,Card,DEV-10-1,iPhone,Delhi,12,2,0,8.18,26,5069.86,5458.0,11,950,540,0,0,0,1266.53,0,
TXN10-02859,10,2026-07-01 13:00:12,765.65,Food,100004,UPI,DEV-10-2,iPhone,Mumbai,13,2,0,15.3,27,5083.83,5456.56,70,615,642,0,0,0,1153.24,0,
TXN10-02860,10,2026-07-01 13:34:00,2174.13,Hotels,100005,UPI,DEV-10-6,iPhone,Delhi,13,2,0,33.8,28,5065.75,5460.26,189,124,541,0,0,0,1153.24,0,
TXN10-02861,10,2026-07-01 14:35:15,1709.92,Taxi,100001,Card,DEV-10-9,Android,Mumbai,14,2,0,61.25,29,5057.87,5484.86,286,49,643,0,0,0,1153.24,0,
TXN10-02862,10,2026-07-01 15:04:45,3271.32,Hotels,100025,Card,DEV-10-1,iPhone,Goa,15,2,0,29.5,30,5051.75,5487.4,28,951,416,0,0,0,440.32,0,
TXN10-02863,10,2026-07-01 15:42:57,4060.34,Hotels,100005,UPI,DEV-10-1,iPhone,Hyderabad,15,2,0,38.2,31,5054.21,5493.51,190,952,430,0,0,0,520.05,0,
TXN10-02864,10,2026-07-01 16:48:51,5731.02,Food,100039,Card,DEV-10-6,iPhone,Hyderabad,16,2,0,65.9,32,5073.24,5525.91,17,125,431,0,0,0,0.0,0,
TXN10-02865,10,2026-07-01 17:16:26,1928.34,Airlines,100027,Card,DEV-10-6,iPhone,Hyderabad,17,2,0,27.58,33,5078.96,5540.07,42,126,432,0,0,0,0.0,0,
TXN10-02866,10,2026-07-01 18:02:26,2833.05,Food,100003,Card,DEV-10-4,Android,Delhi,18,2,0,46.0,34,5076.62,5557.08,121,261,542,0,0,0,1266.53,0,
TXN10-02867,10,2026-07-01 18:21:25,3417.29,Taxi,100021,UPI,DEV-10-5,iPhone,Delhi,18,2,0,18.98,35,5070.0,5550.21,63,168,543,0,0,0,0.0,0,
TXN10-02868,10,2026-07-01 18:27:43,10000.0,Hotels,100012,Card,DEV-10-1,iPhone,Bangalore,18,2,0,6.3,36,5065.14,5542.76,87,953,426,0,0,0,1750.11,0,
TXN10-02869,10,2026-07-01 18:34:10,1673.86,Airlines,100036,Card,DEV-10-8,Web,Delhi,18,2,0,6.45,37,5079.61,5541.06,29,57,544,0,0,0,1750.11,0,
TXN10-02870,10,2026-07-01 19:51:38,6993.7,Food,100037,Card,DEV-10-3,Android,Goa,19,2,0,77.47,38,5115.26,5572.92,17,428,417,0,0,0,1521.64,0,
TXN10-02871,10,2026-07-01 20:26:56,5964.34,Hotels,100080,Card,DEV-10-3,Android,Kolkata,20,2,0,35.3,39,5107.77,5568.7,5,429,3,0,0,0,1700.57,0,
TXN10-02872,10,2026-07-01 20:38:51,1879.81,Food,100078,UPI,DEV-10-1,iPhone,Hyderabad,20,2,0,11.92,40,5110.31,5560.63,2,954,433,0,0,0,1181.88,0,
TXN10-02873,10,2026-07-01 20:44:27,6041.33,Hotels,100025,UPI,DEV-10-2,iPhone,Hyderabad,20,2,0,5.6,41,5100.76,5555.17,29,616,434,0,0,0,0.0,0,
TXN10-02874,10,2026-07-01 21:50:35,8231.77,Hotels,100025,UPI,DEV-10-1,iPhone,Chennai,21,2,0,66.13,42,5086.88,5574.6,30,955,368,0,0,0,515.24,0,
TXN10-02875,10,2026-07-01 22:01:26,6864.61,Hotels,100059,Card,DEV-10-1,iPhone,Chennai,22,2,0,10.85,43,5105.64,5574.58,12,956,369,0,0,0,0.0,0,
TXN10-02876,10,2026-07-01 22:36:31,2261.96,Taxi,100001,Card,DEV-10-1,iPhone,Delhi,22,2,0,35.08,44,5110.87,5567.1,287,957,545,0,0,0,1767.65,0,
TXN10-02877,10,2026-07-01 23:01:22,50000.0,Luxury Goods,100001,Card,DEV-10-1,iPhone,Mumbai,23,2,0,24.85,45,5102.42,5560.99,288,958,644,0,0,0,1153.24,1,large_luxury_purchase
TXN10-02878,10,2026-07-01 23:12:06,3561.37,Hotels,100010,Card,DEV-10-2,iPhone,Hyderabad,23,2,0,10.73,46,5247.01,6069.74,120,617,435,0,0,0,621.46,0,
TXN10-02879,10,2026-07-01 23:37:25,1347.85,Hotels,100005,Card,DEV-10-5,iPhone,Hyderabad,23,2,0,25.32,47,5228.75,6091.9,191,169,436,0,0,0,0.0,0,
TXN10-02880,10,2026-07-02 05:21:53,5250.0,Airlines,100001,Card,DEV-UNK-1366,iPhone,Mumbai,5,3,0,344.47,1,5197.81,6098.4,289,1,645,1,0,0,621.46,1,unknown_device
TXN10-02881,10,2026-07-02 06:46:39,4301.17,Taxi,100006,Card,DEV-10-3,Android,Chennai,6,3,0,84.77,2,5185.99,6114.88,133,430,370,0,0,0,1033.1,0,
TXN10-02882,10,2026-07-02 07:48:51,3778.32,Hotels,100033,Card,DEV-10-3,Android,Delhi,7,3,0,62.2,3,5167.52,6135.2,29,431,546,0,0,0,1767.65,0,
TXN10-02883,10,2026-07-02 07:48:52,10000.0,Airlines,100029,Card,DEV-10-1,iPhone,Delhi,7,3,0,0.02,4,5163.3,6126.35,26,959,547,0,0,0,0.0,0,
TXN10-02884,10,2026-07-02 09:03:12,8008.57,Airlines,100007,Card,DEV-10-1,iPhone,Delhi,9,3,0,74.33,5,5170.67,6155.55,185,960,548,0,0,0,0.0,0,
TXN10-02885,10,2026-07-02 09:05:38,2347.56,Hotels,100020,UPI,DEV-10-2,iPhone,Hyderabad,9,3,0,2.43,6,5179.35,6148.13,33,618,437,0,0,0,1266.53,0,
TXN10-02886,10,2026-07-02 09:09:09,4247.17,Hotels,100080,Card,DEV-10-2,iPhone,Goa,9,3,0,3.52,7,5176.64,6149.18,6,619,418,0,0,0,520.05,0,
TXN10-02887,10,2026-07-02 09:19:58,4573.9,Food,100003,Card,DEV-10-7,Web,Delhi,9,3,0,10.82,8,5173.81,6140.02,122,88,549,0,0,0,1521.64,0,
TXN10-02888,10,2026-07-02 10:26:01,1442.59,Taxi,100001,Card,DEV-10-1,iPhone,Mumbai,10,3,0,66.05,9,5212.29,6176.39,290,961,646,0,0,0,1153.24,0,
TXN10-02889,10,2026-07-02 10:27:30,7827.09,Taxi,100001,Card,DEV-10-10,iPhone,Delhi,10,3,0,1.48,10,5200.66,6170.39,291,27,550,0,0,0,1153.24,0,
TXN10-02890,10,2026-07-02 10:49:39,6421.34,Food,100039,UPI,DEV-10-2,iPhone,Hyderabad,10,3,0,22.15,11,5219.66,6178.93,18,620,438,0,0,0,1266.53,0,
TXN10-02891,10,2026-07-02 11:29:50,7558.99,Food,100003,Card,DEV-10-2,iPhone,Chennai,11,3,0,40.18,12,5223.37,6169.75,123,621,371,0,0,0,515.24,0,
TXN10-02892,10,2026-07-02 12:28:21,6029.37,Food,100002,Card,DEV-10-2,iPhone,Mumbai,12,3,0,58.52,13,5237.57,6179.64,245,622,647,0,0,0,1033.1,0,
TXN10-02893,10,2026-07-02 12:40:45,3752.45,Taxi,100001,Card,DEV-10-5,iPhone,Chennai,12,3,0,12.4,14,5240.01,6170.26,292,170,372,0,0,0,1033.1,0,
TXN10-02894,10,2026-07-02 12:42:26,3238.02,Airlines,100026,Card,DEV-10-1,iPhone,Chennai,12,3,0,1.68,15,5235.43,6161.31,49,962,373,0,0,0,0.0,0,
TXN10-02895,10,2026-07-02 14:48:09,1757.7,Hotels,100017,UPI,DEV-10-2,iPhone,Mumbai,14,3,0,125.72,16,5219.54,6165.45,49,623,648,0,0,0,1033.1,0,
TXN10-02896,10,2026-07-02 14:52:13,7723.44,Airlines,100007,UPI,DEV-10-5,iPhone,Mumbai,14,3,0,4.07,17,5208.89,6158.95,186,171,649,0,0,0,0.0,0,
TXN10-02897,10,2026-07-02 16:27:13,6297.88,Taxi,100067,Card,DEV-10-1,iPhone,Delhi,16,3,0,95.0,18,5208.96,6172.0,8,963,551,0,0,0,1153.24,0,
TXN10-02898,10,2026-07-02 16:57:03,5360.5,Airlines,100013,Card,DEV-10-7,Web,Delhi,16,3,0,29.83,19,5221.49,6170.09,67,89,552,0,0,0,0.0,0,
TXN10-02899,10,2026-07-02 18:35:42,4759.14,Airlines,100007,UPI,DEV-10-4,Android,Mumbai,18,3,0,98.65,20,5254.68,6201.95,187,262,650,0,0,0,1153.24,0,
TXN10-02900,10,2026-07-02 18:56:23,2642.49,Airlines,100036,UPI,DEV-10-5,iPhone,Hyderabad,18,3,0,20.68,21,5250.45,6220.46,30,172,439,0,0,0,621.46,0,
TXN10-02901,10,2026-07-02 18:57:59,10000.0,Food,100003,Card,DEV-10-2,iPhone,Delhi,18,3,0,1.6,22,5242.25,6212.39,124,624,553,0,0,0,1266.53,0,
TXN10-02902,10,2026-07-02 19:12:11,3216.02,Taxi,100001,Card,DEV-10-4,Android,Hyderabad,19,3,0,14.2,23,5253.78,6217.81,293,263,440,0,0,0,1266.53,0,
TXN10-02903,10,2026-07-02 19:12:18,6813.47,Airlines,100013,UPI,DEV-10-1,iPhone,Hyderabad,19,3,0,0.12,24,5247.39,6209.1,68,964,441,0,0,0,0.0,0,
TXN10-02904,10,2026-07-02 20:08:58,8555.59,Hotels,100010,Card,DEV-10-4,Android,Mumbai,20,3,0,56.67,25,5285.53,6219.48,121,264,651,0,0,0,621.46,0,
TXN10-02905,10,2026-07-02 21:17:57,1788.97,Taxi,100001,UPI,DEV-10-5,iPhone,Delhi,21,3,0,68.98,26,5291.45,6252.32,294,173,554,0,0,0,1153.24,0,
TXN10-02906,10,2026-07-02 22:12:39,4844.8,Food,100051,UPI,DEV-10-5,iPhone,Delhi,22,3,0,54.7,27,5269.75,6260.69,7,174,555,0,0,0,0.0,0,
TXN10-02907,10,2026-07-02 22:37:03,8866.49,Airlines,100001,Card,DEV-10-1,iPhone,Mumbai,22,3,0,24.4,28,5258.95,6269.67,295,965,652,0,0,0,1153.24,1,distant_800km_15min
TXN10-02908,10,2026-07-02 22:40:27,7439.35,Food,100060,Card,DEV-10-1,iPhone,Delhi,22,3,0,3.4,29,5270.51,6262.94,5,966,556,0,0,0,1153.24,0,
TXN10-02909,10,2026-07-02 22:46:40,2497.15,Hotels,100012,Card,DEV-10-7,Web,Delhi,22,3,0,6.22,30,5289.11,6260.73,88,90,557,0,0,0,0.0,0,
TXN10-02910,10,2026-07-02 22:50:03,3198.37,Airlines,100001,Card,DEV-10-1,iPhone,Jaipur,22,3,0,3.38,31,5280.19,6252.71,296,967,17,0,0,0,237.53,1,distant_800km_15min
TXN10-02911,10,2026-07-02 23:53:47,4637.08,Hotels,100017,Card,DEV-10-1,iPhone,Chennai,23,3,0,63.73,32,5273.56,6243.84,50,968,374,0,0,0,1607.1,0,
TXN10-02912,10,2026-07-03 00:59:12,7996.51,Hotels,100005,Card,DEV-10-1,iPhone,Delhi,0,4,0,65.42,1,5271.54,6234.03,192,969,558,0,0,0,1767.65,1,ato_odd_hour
TXN10-02913,10,2026-07-03 05:32:06,6660.8,Food,100053,UPI,DEV-10-3,Android,Delhi,5,4,0,272.9,2,5291.64,6232.58,4,432,559,0,0,0,0.0,0,
TXN10-02914,10,2026-07-03 05:41:25,4345.85,Taxi,100001,Card,DEV-10-1,iPhone,Delhi,5,4,0,9.32,3,5295.97,6223.18,297,970,560,0,0,0,0.0,0,
TXN10-02915,10,2026-07-03 05:43:19,6757.83,Taxi,100001,Card,DEV-10-2,iPhone,Mumbai,5,4,0,1.9,4,5292.98,6213.59,298,625,653,0,0,0,1153.24,0,
TXN10-02916,10,2026-07-03 06:00:54,5461.35,Taxi,100006,Card,DEV-10-3,Android,Delhi,6,4,0,17.58,5,5297.58,6204.35,134,433,561,0,0,0,1153.24,0,
TXN10-02917,10,2026-07-03 06:11:28,7622.27,Hotels,100068,UPI,DEV-10-2,iPhone,Hyderabad,6,4,0,10.57,6,5305.32,6203.02,3,626,442,0,0,0,1266.53,0,
TXN10-02918,10,2026-07-03 07:42:34,2349.9,Food,100015,UPI,DEV-10-2,iPhone,Goa,7,4,0,91.1,7,5315.92,6218.24,39,627,419,0,0,0,520.05,0,
TXN10-02919,10,2026-07-03 07:58:52,5720.7,Hotels,100020,UPI,DEV-10-4,Android,Goa,7,4,0,16.3,8,5306.56,6210.65,34,265,420,0,0,0,0.0,0,
TXN10-02920,10,2026-07-03 08:27:54,3942.57,Taxi,100006,UPI,DEV-10-2,iPhone,Bangalore,8,4,0,29.03,9,5307.86,6200.92,135,628,427,0,0,0,454.99,0,
TXN10-02921,10,2026-07-03 08:35:55,2115.33,Taxi,100006,UPI,DEV-10-21,Web,Goa,8,4,0,8.02,10,5291.98,6197.93,136,2,421,0,0,0,454.99,0,
TXN10-02922,10,2026-07-03 08:44:47,10000.0,Food,100002,Card,DEV-10-2,iPhone,Delhi,8,4,0,8.87,11,5286.17,6200.04,246,629,562,0,0,0,1521.64,0,
TXN10-02923,10,2026-07-03 09:09:24,2008.55,Taxi,100001,Card,DEV-10-4,Android,Chennai,9,4,0,24.62,12,5312.93,6201.96,299,266,375,0,0,0,1767.65,0,
TXN10-02924,10,2026-07-03 09:16:48,4898.63,Taxi,100001,Card,DEV-10-3,Android,Goa,9,4,0,7.4,13,5316.55,6199.69,300,434,422,0,0,0,706.92,0,
TXN10-02925,10,2026-07-03 09:43:42,3358.49,Airlines,100026,Card,DEV-10-1,iPhone,Hyderabad,9,4,0,26.9,14,5315.24,6190.01,50,971,443,0,0,0,520.05,0,
TXN10-02926,10,2026-07-03 09:54:28,6447.4,Hotels,100086,Card,DEV-10-2,iPhone,Goa,9,4,0,10.77,15,5305.71,6190.68,3,630,423,0,0,0,520.05,0,
TXN10-02927,10,2026-07-03 10:31:58,1963.97,Taxi,100087,Card,DEV-10-1,iPhone,Goa,10,4,0,37.5,16,5318.8,6188.66,3,972,424,0,0,0,0.0,0,
TXN10-02928,10,2026-07-03 10:49:55,2197.88,Food,100037,UPI,DEV-10-1,iPhone,Delhi,10,4,0,17.95,17,5319.8,6188.1,18,973,563,0,0,0,1521.64,0,
TXN10-02929,10,2026-07-03 11:07:07,8258.75,Taxi,100021,Card,DEV-10-1,iPhone,Mumbai,11,4,0,17.2,18,5313.88,6190.18,64,974,654,0,0,0,1153.24,0,
TXN10-02930,10,2026-07-03 11:08:15,9727.17,Food,100014,Card,DEV-10-3,Android,Mumbai,11,4,0,1.13,19,5323.08,6182.68,36,435,655,0,0,0,0.0,0,
TXN10-02931,10,2026-07-03 11:11:57,3729.17,Hotels,100090,UPI,DEV-10-13,Web,Mumbai,11,4,0,3.7,20,5336.8,6177.92,2,7,656,0,0,0,0.0,0,
TXN10-02932,10,2026-07-03 11:12:01,3690.13,Hotels,100020,UPI,DEV-10-1,iPhone,Bangalore,11,4,0,0.07,21,5331.81,6168.97,35,975,428,0,0,0,845.32,0,
TXN10-02933,10,2026-07-03 11:40:51,2082.98,Taxi,100093,Card,DEV-10-3,Android,Delhi,11,4,0,28.83,22,5326.73,6160.09,1,436,564,0,0,1,1750.11,0,
TXN10-02934,10,2026-07-03 11:52:41,1299.48,Airlines,100009,UPI,DEV-10-1,iPhone,Hyderabad,11,4,0,11.83,23,5330.79,6157.51,106,976,444,0,0,0,1266.53,0,
TXN10-02935,10,2026-07-03 11:55:01,9847.38,Food,100094,Card,DEV-10-3,Android,Mumbai,11,4,0,2.33,24,5318.35,6152.07,1,437,657,0,0,1,621.46,0,
TXN10-02936,10,2026-07-03 11:58:31,3819.6,Hotels,100064,UPI,DEV-10-2,iPhone,Goa,11,4,0,3.5,25,5332.28,6147.71,5,631,425,0,0,0,440.32,0,
TXN10-02937,10,2026-07-03 12:14:06,908.1,Hotels,100095,Card,DEV-10-3,Android,Bangalore,12,4,0,15.58,26,5313.27,6142.8,1,438,429,0,0,1,454.99,0,
TXN10-02938,10,2026-07-03 12:33:10,8553.27,Hotels,100005,Card,DEV-10-1,iPhone,Goa,12,4,0,19.07,27,5305.37,6146.81,193,977,426,0,0,0,454.99,0,
TXN10-02939,10,2026-07-03 12:38:33,2123.33,Airlines,100007,UPI,DEV-10-1,iPhone,Hyderabad,12,4,0,5.38,28,5315.34,6140.0,188,978,445,0,0,0,520.05,0,
TXN10-02940,10,2026-07-03 12:40:19,5129.86,Hotels,100005,Card,DEV-10-3,Android,Chennai,12,4,0,1.77,29,5305.58,6133.14,194,439,376,0,0,0,515.24,0,
TXN10-02941,10,2026-07-03 13:15:18,7768.32,Hotels,100020,Card,DEV-10-5,iPhone,Delhi,13,4,0,34.98,30,5313.65,6140.73,36,175,565,0,0,0,1767.65,0,
TXN10-02942,10,2026-07-03 13:51:59,1367.5,Food,100002,Card,DEV-10-3,Android,Hyderabad,13,4,0,36.68,31,5314.22,6140.95,247,440,446,0,0,0,1266.53,0,
TXN10-02943,10,2026-07-03 14:06:59,2240.27,Food,100014,Card,DEV-10-2,iPhone,Mumbai,14,4,0,15.0,32,5302.15,6135.42,37,632,658,0,0,0,621.46,0,
TXN10-02944,10,2026-07-03 15:12:06,2348.8,Airlines,100013,UPI,DEV-10-5,iPhone,Hyderabad,15,4,0,65.12,33,5304.52,6134.09,69,176,447,0,0,0,621.46,0,
TXN10-02945,10,2026-07-03 15:23:38,8571.9,Taxi,100021,Card,DEV-UNK-2843,iPhone,Chennai,15,4,0,11.53,34,5295.51,6126.9,65,1,377,1,0,0,515.24,1,ato_new_device
TXN10-02946,10,2026-07-03 17:01:45,3227.5,Hotels,100005,Card,DEV-10-1,iPhone,Goa,17,4,0,98.12,35,5315.66,6137.28,195,979,427,0,0,0,706.92,0,
TXN10-02947,10,2026-07-03 17:35:34,6206.56,Taxi,100001,UPI,DEV-10-6,iPhone,Delhi,17,4,0,33.82,36,5317.55,6136.54,301,127,566,0,0,0,1521.64,0,
TXN10-02948,10,2026-07-03 17:37:21,5655.72,Hotels,100030,UPI,DEV-10-6,iPhone,Delhi,17,4,0,1.78,37,5320.26,6127.37,30,128,567,0,0,0,0.0,0,
TXN10-02949,10,2026-07-03 17:53:29,2776.02,Food,100002,Card,DEV-10-3,Android,Delhi,17,4,0,16.13,38,5321.28,6118.08,248,441,568,0,0,0,0.0,0,
TXN10-02950,10,2026-07-03 18:16:56,8819.71,Hotels,100010,Card,DEV-10-7,Web,Delhi,18,4,0,23.45,39,5313.56,6110.41,122,91,569,0,0,0,0.0,0,
TXN10-02951,10,2026-07-03 18:51:33,5334.9,Taxi,100022,Card,DEV-10-11,Web,Delhi,18,4,0,34.62,40,5324.16,6104.2,43,17,570,0,0,0,0.0,0,
TXN10-02952,10,2026-07-03 19:32:17,4361.27,Food,100053,Card,DEV-10-3,Android,Delhi,19,4,0,40.73,41,5328.97,6113.12,5,442,571,0,0,0,0.0,0,
TXN10-02953,10,2026-07-03 19:53:27,2706.11,Taxi,100067,UPI,DEV-10-2,iPhone,Chennai,19,4,0,21.17,42,5326.04,6104.11,9,633,378,0,0,0,1767.65,0,
TXN10-02954,10,2026-07-03 20:39:57,5116.34,Airlines,100082,UPI,DEV-10-1,iPhone,Goa,20,4,0,46.5,43,5183.16,5588.47,7,980,428,0,0,0,706.92,0,
TXN10-02955,10,2026-07-03 20:46:05,5250.0,Airlines,100001,Card,DEV-UNK-8080,Android,Mumbai,20,4,0,6.13,44,5182.96,5580.05,302,1,659,1,0,0,440.32,1,unknown_device
TXN10-02956,10,2026-07-03 20:56:29,6376.41,Taxi,100021,Card,DEV-10-1,iPhone,Bangalore,20,4,0,10.4,45,5183.16,5571.66,66,981,430,0,0,0,845.32,0,
TXN10-02957,10,2026-07-03 20:57:31,2182.07,Taxi,100021,UPI,DEV-10-2,iPhone,Delhi,20,4,0,1.03,46,5186.73,5563.7,67,634,572,0,0,0,1750.11,0,
TXN10-02958,10,2026-07-03 21:21:08,3248.32,Food,100034,UPI,DEV-10-3,Android,Bangalore,21,4,0,23.62,47,5182.25,5572.37,19,443,431,0,0,0,1750.11,0,
TXN10-02959,10,2026-07-03 21:55:37,3332.02,Food,100018,UPI,DEV-10-3,Android,Delhi,21,4,0,34.48,48,5176.46,5565.03,29,444,573,0,0,0,1750.11,0,
TXN10-02960,10,2026-07-03 22:09:08,9894.65,Hotels,100005,Card,DEV-10-4,Android,Bangalore,22,4,0,13.52,49,5172.97,5565.82,196,267,432,0,0,0,1750.11,0,
TXN10-02961,10,2026-07-03 22:11:56,2860.66,Taxi,100001,UPI,DEV-10-1,iPhone,Mumbai,22,4,0,2.8,50,5187.06,5563.47,303,982,660,0,0,0,845.32,0,
TXN10-02962,10,2026-07-03 22:56:49,1851.98,Hotels,100064,Card,DEV-10-4,Android,Mumbai,22,4,0,44.88,51,5175.29,5564.21,6,268,661,0,0,0,0.0,0,
TXN10-02963,10,2026-07-03 23:09:16,3130.47,Taxi,100021,UPI,DEV-10-1,iPhone,Chennai,23,4,0,12.45,52,5165.1,5567.16,68,983,379,0,0,0,1033.1,0,
TXN10-02964,10,2026-07-03 23:46:06,3704.88,Hotels,100090,Card,DEV-10-3,Android,Goa,23,4,0,36.83,53,5144.59,5561.96,3,445,429,0,0,0,706.92,0,
TXN10-02965,10,2026-07-04 05:08:14,4144.82,Taxi,100054,UPI,DEV-10-7,Web,Goa,5,5,1,322.13,1,5139.98,5562.51,10,92,430,0,0,0,0.0,0,
TXN10-02966,10,2026-07-04 05:19:13,3960.33,Airlines,100066,Card,DEV-10-5,iPhone,Bangalore,5,5,1,10.98,2,5137.01,5554.49,9,177,433,0,0,0,454.99,0,
TXN10-02967,10,2026-07-04 06:01:31,2061.7,Taxi,100001,UPI,DEV-10-2,iPhone,Chennai,6,5,1,42.3,3,5124.82,5552.57,304,635,380,0,0,0,290.17,0,
TXN10-02968,10,2026-07-04 06:19:47,6943.96,Hotels,100096,Card,DEV-10-3,Android,Delhi,6,5,1,18.27,4,5128.59,5550.06,1,446,574,0,0,1,1767.65,0,
TXN10-02969,10,2026-07-04 06:19:53,5356.75,Airlines,100083,UPI,DEV-10-8,Web,Mumbai,6,5,1,0.1,5,5133.97,5542.69,5,58,662,0,0,0,1153.24,0,
TXN10-02970,10,2026-07-04 07:28:55,3324.66,Food,100173,Card,DEV-10-5,iPhone,Hyderabad,7,5,1,69.03,6,5162.52,5560.61,1,178,448,0,0,1,621.46,1,ato_new_merchant_same_category_higher_amount
TXN10-02971,10,2026-07-04 07:37:39,3066.84,Hotels,100064,UPI,DEV-10-3,Android,Chennai,7,5,1,8.73,7,5169.83,5556.58,7,447,381,0,0,0,515.24,0,
TXN10-02972,10,2026-07-04 07:38:57,8337.74,Taxi,100001,UPI,DEV-10-1,iPhone,Goa,7,5,1,1.3,8,5163.56,5549.47,305,984,431,0,0,0,706.92,0,
TXN10-02973,10,2026-07-04 07:51:03,5571.87,Taxi,100006,UPI,DEV-10-3,Android,Mumbai,7,5,1,12.1,9,5173.0,5543.9,137,448,663,0,0,0,440.32,0,
TXN10-02974,10,2026-07-04 08:20:53,9628.36,Taxi,100021,Card,DEV-10-7,Web,Chennai,8,5,1,29.83,10,5191.29,5562.99,69,93,382,0,0,0,1033.1,0,
TXN10-02975,10,2026-07-04 08:34:00,10000.0,Taxi,100024,Card,DEV-10-5,iPhone,Chennai,8,5,1,13.12,11,5204.57,5559.95,41,179,383,0,0,0,0.0,0,
TXN10-02976,10,2026-07-04 08:41:47,6715.47,Food,100004,UPI,DEV-10-2,iPhone,Mumbai,8,5,1,7.78,12,5218.89,5557.8,71,636,664,0,0,0,1033.1,0,
TXN10-02977,10,2026-07-04 08:45:32,3190.63,Hotels,100017,Card,DEV-10-2,iPhone,Chennai,8,5,1,3.75,13,5229.95,5557.08,51,637,384,0,0,0,1033.1,0,
TXN10-02978,10,2026-07-04 08:52:29,7060.3,Food,100019,Card,DEV-10-1,iPhone,Bangalore,8,5,1,6.95,14,5223.88,5549.92,22,985,434,0,0,0,290.17,0,
TXN10-02979,10,2026-07-04 09:01:43,5500.32,Airlines,100047,Card,DEV-10-2,iPhone,Bangalore,9,5,1,9.23,15,5229.33,5542.58,13,638,435,0,0,0,0.0,0,
TXN10-02980,10,2026-07-04 09:02:49,6577.27,Taxi,100006,UPI,DEV-10-2,iPhone,Delhi,9,5,1,1.1,16,5230.13,5534.4,138,639,575,0,0,0,1750.11,0,
TXN10-02981,10,2026-07-04 09:24:19,1325.41,Hotels,100005,UPI,DEV-10-1,iPhone,Bangalore,9,5,1,21.5,17,5234.1,5526.71,197,986,436,0,0,0,1750.11,0,
TXN10-02982,10,2026-07-04 09:56:16,1265.18,Taxi,100001,Card,DEV-10-1,iPhone,Mumbai,9,5,1,31.95,18,5215.32,5529.14,306,987,665,0,0,0,845.32,0,
TXN10-02983,10,2026-07-04 10:02:36,4338.21,Taxi,100031,UPI,DEV-10-5,iPhone,Chennai,10,5,1,6.33,19,5189.56,5527.14,28,180,385,0,0,0,1033.1,0,
TXN10-02984,10,2026-07-04 10:06:03,2016.79,Airlines,100009,UPI,DEV-10-1,iPhone,Hyderabad,10,5,1,3.45,20,5187.05,5519.2,107,988,449,0,0,0,515.24,0,
TXN10-02985,10,2026-07-04 10:12:09,2261.27,Food,100002,UPI,DEV-10-2,iPhone,Mumbai,10,5,1,6.1,21,5184.69,5520.38,249,640,666,0,0,0,621.46,0,
TXN10-02986,10,2026-07-04 10:14:57,3738.08,Food,100097,UPI,DEV-10-1,iPhone,Bangalore,10,5,1,2.8,22,5176.11,5514.55,1,989,437,0,0,1,845.32,0,
TXN10-02987,10,2026-07-04 10:31:19,996.87,Food,100002,UPI,DEV-10-2,iPhone,Delhi,10,5,1,16.37,23,5168.12,5514.65,250,641,576,0,0,0,1750.11,0,
TXN10-02988,10,2026-07-04 10:32:19,566.85,Airlines,100026,UPI,DEV-10-1,iPhone,Goa,10,5,1,1.0,24,5155.92,5511.18,51,990,432,0,0,0,1521.64,0,
TXN10-02989,10,2026-07-04 11:01:42,1286.84,Food,100002,Card,DEV-10-3,Android,Mumbai,11,5,1,29.38,25,5142.54,5508.7,251,449,667,0,0,0,440.32,0,
TXN10-02990,10,2026-07-04 11:08:41,3485.67,Food,100011,UPI,DEV-10-4,Android,Delhi,11,5,1,6.98,26,5131.33,5504.61,45,269,577,0,0,0,1153.24,0,
TXN10-02991,10,2026-07-04 11:14:39,2945.76,Taxi,100048,UPI,DEV-10-2,iPhone,Bangalore,11,5,1,5.97,27,5126.56,5497.34,17,642,438,0,0,0,1750.11,0,
TXN10-02992,10,2026-07-04 11:42:22,1627.09,Food,100011,UPI,DEV-10-1,iPhone,Goa,11,5,1,27.72,28,5116.44,5498.13,46,991,433,0,0,0,454.99,0,
TXN10-02993,10,2026-07-04 11:47:53,6303.82,Food,100008,Card,DEV-10-3,Android,Bangalore,11,5,1,5.52,29,5110.43,5500.8,56,450,439,0,0,0,454.99,0,
TXN10-02994,10,2026-07-04 12:47:58,1299.79,Food,100002,Card,DEV-10-1,iPhone,Mumbai,12,5,1,60.08,30,5099.72,5494.87,252,992,668,0,0,0,845.32,0,
TXN10-02995,10,2026-07-04 12:59:23,6492.75,Hotels,100020,Card,DEV-10-33,Web,Delhi,12,5,1,11.42,31,5100.66,5494.18,37,1,578,1,0,0,1153.24,0,
TXN10-02996,10,2026-07-04 13:09:07,1097.93,Food,100011,UPI,DEV-10-3,Android,Hyderabad,13,5,1,9.73,32,5109.48,5493.97,47,451,450,0,0,0,1266.53,0,
TXN10-02997,10,2026-07-04 13:14:39,5250.0,Airlines,100001,Card,DEV-UNK-4695,iPhone,Mumbai,13,5,1,5.53,33,5105.23,5496.5,307,1,669,1,0,0,621.46,1,unknown_device
TXN10-02998,10,2026-07-04 13:57:12,2867.89,Hotels,100072,UPI,DEV-10-2,iPhone,Bangalore,13,5,1,42.55,34,5105.65,5488.56,4,643,440,0,0,0,845.32,0,
TXN10-02999,10,2026-07-04 14:01:20,1054.57,Airlines,100045,Card,DEV-10-3,Android,Chennai,14,5,1,4.13,35,5099.2,5481.96,21,452,386,0,0,0,290.17,0,
TXN10-03000,10,2026-07-04 14:01:46,5981.49,Taxi,100006,Card,DEV-10-2,iPhone,Delhi,14,5,1,0.43,36,5087.58,5478.36,139,644,579,0,0,0,1767.65,0,
TXN10-03001,10,2026-07-04 14:16:23,2817.17,Food,100091,Card,DEV-10-2,iPhone,Hyderabad,14,5,1,14.62,37,5090.14,5470.71,2,645,451,0,0,0,1266.53,0,
TXN10-03002,10,2026-07-04 14:31:20,1332.44,Food,100008,Card,DEV-10-2,iPhone,Indore,14,5,1,14.95,38,5076.18,5470.28,57,646,4,0,0,0,653.6,0,
TXN10-03003,10,2026-07-04 14:38:23,4884.98,Taxi,100032,UPI,DEV-10-3,Android,Chennai,14,5,1,7.05,39,5065.48,5466.11,31,453,387,0,0,0,1168.6,0,
TXN10-03004,10,2026-07-04 15:09:01,2341.95,Hotels,100062,UPI,DEV-10-1,iPhone,Chennai,15,5,1,30.63,40,5067.79,5469.96,4,993,388,0,0,0,0.0,0,
TXN10-03005,10,2026-07-04 15:14:02,4908.76,Taxi,100006,Card,DEV-10-5,iPhone,Delhi,15,5,1,5.02,41,5060.0,5464.08,140,181,580,0,0,0,1767.65,0,
TXN10-03006,10,2026-07-04 15:45:05,5762.93,Airlines,100001,Card,DEV-10-1,iPhone,Mumbai,15,5,1,31.05,42,5059.1,5464.08,308,994,670,0,0,0,1153.24,1,distant_800km_15min
TXN10-03007,10,2026-07-04 15:47:37,3751.4,Taxi,100001,Card,DEV-10-1,iPhone,Bangalore,15,5,1,2.53,43,5061.11,5456.42,309,995,441,0,0,0,845.32,0,
TXN10-03008,10,2026-07-04 15:52:05,2855.13,Airlines,100001,Card,DEV-10-1,iPhone,Jaipur,15,5,1,4.47,44,5057.39,5449.11,310,996,18,0,0,0,1561.54,1,distant_800km_15min
TXN10-03009,10,2026-07-04 15:56:06,3631.52,Taxi,100006,UPI,DEV-10-7,Web,Goa,15,5,1,4.02,45,5051.15,5442.64,141,94,434,0,0,0,1302.74,0,
TXN10-03010,10,2026-07-04 16:09:01,9665.71,Hotels,100033,UPI,DEV-10-6,iPhone,Delhi,16,5,1,12.92,46,5047.14,5435.47,30,129,581,0,0,0,1521.64,0,
TXN10-03011,10,2026-07-04 16:13:24,1659.69,Food,100002,UPI,DEV-10-3,Android,Mumbai,16,5,1,4.38,47,5060.15,5433.33,253,454,671,0,0,0,1153.24,0,
TXN10-03012,10,2026-07-04 16:32:23,10000.0,Airlines,100013,UPI,DEV-10-4,Android,Delhi,16,5,1,18.98,48,5050.6,5428.68,70,270,582,0,0,0,1153.24,0,
TXN10-03013,10,2026-07-04 16:35:39,5162.57,Hotels,100005,Card,DEV-10-4,Android,Delhi,16,5,1,3.27,49,5064.46,5427.38,198,271,583,0,0,0,0.0,0,
TXN10-03014,10,2026-07-04 17:05:55,10000.0,Taxi,100001,UPI,DEV-10-10,iPhone,Bangalore,17,5,1,30.27,50,5064.73,5419.79,311,28,442,0,0,0,1750.11,0,
TXN10-03015,10,2026-07-04 17:12:38,8360.8,Hotels,100005,Card,DEV-10-4,Android,Delhi,17,5,1,6.72,51,5078.48,5418.49,199,272,584,0,0,0,1750.11,0,
TXN10-03016,10,2026-07-04 17:30:52,7442.76,Taxi,100001,Card,DEV-10-3,Android,Delhi,17,5,1,18.23,52,5087.6,5413.71,312,455,585,0,0,0,0.0,0,
TXN10-03017,10,2026-07-04 17:39:51,8847.73,Food,100003,Card,DEV-10-2,iPhone,Mumbai,17,5,1,8.98,53,5080.5,5408.94,125,647,672,0,0,0,1153.24,0,
TXN10-03018,10,2026-07-04 17:42:07,5217.89,Airlines,100027,Card,DEV-10-8,Web,Chennai,17,5,1,2.27,54,5090.93,5405.07,43,59,389,0,0,0,1033.1,0,
TXN10-03019,10,2026-07-04 17:45:48,10000.0,Hotels,100005,Card,DEV-10-1,iPhone,Mumbai,17,5,1,3.68,55,5091.28,5397.6,200,997,673,0,0,0,1033.1,0,
TXN10-03020,10,2026-07-04 17:56:14,7203.66,Food,100015,Card,DEV-10-3,Android,Bangalore,17,5,1,10.43,56,5104.8,5396.3,40,456,443,0,0,0,845.32,0,
TXN10-03021,10,2026-07-04 18:03:33,2253.49,Taxi,100006,UPI,DEV-10-4,Android,Chennai,18,5,1,7.32,57,5110.57,5390.0,142,273,390,0,0,0,290.17,0,
TXN10-03022,10,2026-07-04 18:04:16,4749.31,Taxi,100001,Card,DEV-10-1,iPhone,Goa,18,5,1,0.72,58,5102.74,5384.68,313,998,435,0,0,0,706.92,0,
TXN10-03023,10,2026-07-04 18:08:19,1813.33,Food,100002,Card,DEV-10-1,iPhone,Delhi,18,5,1,4.05,59,5101.78,5377.35,254,999,586,0,0,0,1521.64,0,
TXN10-03024,10,2026-07-04 18:13:18,7182.78,Food,100002,Card,DEV-10-1,iPhone,Bangalore,18,5,1,4.98,60,5092.82,5372.76,255,1000,444,0,0,0,1750.11,0,
TXN10-03025,10,2026-07-04 18:21:39,2593.87,Food,100002,UPI,DEV-10-4,Android,Hyderabad,18,5,1,8.35,61,5088.84,5370.67,256,274,452,0,0,0,499.99,0,
TXN10-03026,10,2026-07-04 18:37:06,5677.03,Taxi,100098,Card,DEV-10-1,iPhone,Delhi,18,5,1,15.45,62,5075.05,5372.02,2,1001,587,0,0,0,1266.53,0,
TXN10-03027,10,2026-07-04 19:35:08,8808.6,Taxi,100001,Card,DEV-10-1,iPhone,Mumbai,19,5,1,58.03,63,5079.91,5371.76,314,1002,674,0,0,0,1153.24,0,
TXN10-03028,10,2026-07-04 19:46:42,10000.0,Hotels,100099,Card,DEV-10-1,iPhone,Bangalore,19,5,1,11.57,64,5090.07,5367.96,3,1003,445,0,0,0,845.32,0,
TXN10-03029,10,2026-07-04 20:22:36,1822.91,Taxi,100001,UPI,DEV-10-4,Android,Delhi,20,5,1,35.9,65,5100.41,5373.75,315,275,588,0,0,0,1750.11,0,
TXN10-03030,10,2026-07-04 20:35:36,9659.34,Taxi,100073,Card,DEV-10-1,iPhone,Chennai,20,5,1,13.0,66,5094.82,5376.09,6,1004,391,0,0,0,1767.65,0,
TXN10-03031,10,2026-07-04 20:59:42,2070.15,Airlines,100007,Card,DEV-10-8,Web,Delhi,20,5,1,24.1,67,5107.25,5388.54,189,60,589,0,0,0,1767.65,0,
TXN10-03032,10,2026-07-04 21:15:47,3081.76,Hotels,100005,Card,DEV-10-2,iPhone,Chennai,21,5,1,16.08,68,5098.98,5383.52,201,648,392,0,0,0,1767.65,0,
TXN10-03033,10,2026-07-04 21:45:14,4373.74,Food,100042,Card,DEV-10-2,iPhone,Goa,21,5,1,29.45,69,5078.21,5387.36,12,649,436,0,0,0,706.92,0,
TXN10-03034,10,2026-07-04 21:51:59,2349.54,Taxi,100043,UPI,DEV-10-3,Android,Bangalore,21,5,1,6.75,70,5076.29,5380.14,16,457,446,0,0,0,454.99,0,
TXN10-03035,10,2026-07-04 22:05:16,6992.25,Food,100028,Card,DEV-10-7,Web,Mumbai,22,5,1,13.28,71,5068.88,5374.7,22,95,675,0,0,0,845.32,0,
TXN10-03036,10,2026-07-04 22:17:31,7551.04,Taxi,100022,UPI,DEV-10-4,Android,Goa,22,5,1,12.25,72,5074.1,5368.35,44,276,437,0,0,0,440.32,0,
TXN10-03037,10,2026-07-04 22:19:16,1389.98,Food,100050,Card,DEV-10-1,iPhone,Mumbai,22,5,1,1.75,73,5080.79,5362.63,15,1005,676,0,0,0,440.32,0,
TXN10-03038,10,2026-07-04 22:22:09,1851.72,Food,100008,Card,DEV-10-7,Web,Chennai,22,5,1,2.88,74,5070.84,5358.82,58,96,393,0,0,0,1033.1,0,
TXN10-03039,10,2026-07-04 22:22:16,4381.05,Hotels,100005,UPI,DEV-10-3,Android,Hyderabad,22,5,1,0.12,75,5062.19,5354.2,202,458,453,0,0,0,515.24,0,
TXN10-03040,10,2026-07-04 22:49:42,2199.29,Food,100008,UPI,DEV-10-1,iPhone,Chennai,22,5,1,27.43,76,5060.36,5347.14,59,1006,394,0,0,0,515.24,0,
TXN10-03041,10,2026-07-04 22:57:40,4733.56,Hotels,100046,Card,DEV-10-14,iPhone,Chennai,22,5,1,7.97,77,5062.38,5345.92,21,4,395,0,0,0,0.0,0,
TXN10-03042,10,2026-07-04 22:57:49,1315.9,Taxi,100006,Card,DEV-10-4,Android,Hyderabad,22,5,1,0.15,78,5061.5,5338.79,143,277,454,0,0,0,515.24,0,
TXN10-03043,10,2026-07-04 23:05:08,4589.27,Taxi,100024,Card,DEV-10-14,iPhone,Chennai,23,5,1,7.32,79,5051.51,5335.17,42,5,396,0,0,0,515.24,0,
TXN10-03044,10,2026-07-04 23:31:23,5237.48,Food,100008,Card,DEV-10-5,iPhone,Mumbai,23,5,1,26.25,80,5064.75,5338.03,60,182,677,0,0,0,1033.1,0,
TXN10-03045,10,2026-07-04 23:48:36,3698.36,Food,100015,UPI,DEV-10-1,iPhone,Goa,23,5,1,17.22,81,5073.41,5335.67,41,1007,438,0,0,0,440.32,0,
TXN10-03046,10,2026-07-04 23:51:49,2532.78,Food,100028,Card,DEV-10-3,Android,Chennai,23,5,1,3.22,82,5069.74,5329.03,23,459,397,0,0,0,706.92,0,
TXN10-03047,10,2026-07-05 05:25:24,3558.64,Hotels,100096,Card,DEV-10-1,iPhone,Delhi,5,6,1,333.58,1,4938.9,4803.24,2,1008,590,0,0,0,1767.65,0,
TXN10-03048,10,2026-07-05 05:25:35,4196.55,Hotels,100096,Card,DEV-10-2,iPhone,Goa,5,6,1,0.18,2,4935.22,4797.36,3,650,439,0,0,0,1521.64,0,
TXN10-03049,10,2026-07-05 05:39:45,9789.68,Hotels,100005,Card,DEV-10-1,iPhone,Mumbai,5,6,1,14.17,3,4941.65,4794.74,203,1009,678,0,0,0,440.32,0,
TXN10-03050,10,2026-07-05 06:24:28,7587.42,Airlines,100009,UPI,DEV-10-34,Android,Chennai,6,6,1,44.72,4,4950.85,4796.85,108,1,398,1,0,0,1033.1,0,
TXN10-03051,10,2026-07-05 06:54:30,2942.35,Airlines,100009,UPI,DEV-10-1,iPhone,Chennai,6,6,1,30.03,5,4957.88,4792.38,109,1010,399,0,0,0,0.0,0,
TXN10-03052,10,2026-07-05 06:57:59,3559.14,Food,100014,UPI,DEV-10-1,iPhone,Chennai,6,6,1,3.48,6,4952.52,4787.13,38,1011,400,0,0,0,0.0,0,
TXN10-03053,10,2026-07-05 07:02:29,3784.0,Taxi,100022,UPI,DEV-10-4,Android,Mumbai,7,6,1,4.5,7,4964.86,4788.69,45,278,679,0,0,0,1033.1,0,
TXN10-03054,10,2026-07-05 07:30:09,877.58,Taxi,100006,UPI,DEV-10-2,iPhone,Hyderabad,7,6,1,27.67,8,4970.47,4793.65,144,651,455,0,0,0,621.46,0,
TXN10-03055,10,2026-07-05 07:47:14,9286.9,Taxi,100100,Card,DEV-10-2,iPhone,Goa,7,6,1,17.08,9,4959.55,4791.91,2,652,440,0,0,0,520.05,0,
TXN10-03056,10,2026-07-05 08:22:47,4267.15,Food,100008,Card,DEV-10-1,iPhone,Bangalore,8,6,1,35.55,10,4990.28,4804.54,61,1012,447,0,0,0,454.99,0,
TXN10-03057,10,2026-07-05 09:10:31,9523.8,Hotels,100020,Card,DEV-10-1,iPhone,Delhi,9,6,1,47.73,11,4995.54,4802.67,38,1013,591,0,0,0,1750.11,0,
TXN10-03058,10,2026-07-05 10:12:10,1695.06,Hotels,100020,Card,DEV-10-2,iPhone,Delhi,10,6,1,61.65,12,5014.45,4820.25,39,653,592,0,0,0,0.0,0,
TXN10-03059,10,2026-07-05 10:16:57,7336.8,Taxi,100021,UPI,DEV-10-2,iPhone,Mumbai,10,6,1,4.78,13,5005.53,4816.84,70,654,680,0,0,0,1153.24,0,
TXN10-03060,10,2026-07-05 10:36:38,5678.84,Taxi,100001,Card,DEV-10-3,Android,Kochi,10,6,1,19.68,14,5005.51,4815.89,316,460,7,0,0,0,1080.19,0,
TXN10-03061,10,2026-07-05 10:56:18,2508.33,Taxi,100093,UPI,DEV-10-4,Android,Delhi,10,6,1,19.67,15,5014.04,4827.68,2,279,593,0,0,0,2089.27,0,
TXN10-03062,10,2026-07-05 11:16:14,5485.69,Taxi,100001,UPI,DEV-10-5,iPhone,Chennai,11,6,1,19.93,16,5009.69,4829.21,317,183,401,0,0,0,1767.65,0,
TXN10-03063,10,2026-07-05 11:23:00,6641.85,Hotels,100012,UPI,DEV-10-3,Android,Delhi,11,6,1,6.77,17,5010.97,4822.75,89,461,594,0,0,0,1767.65,0,
TXN10-03064,10,2026-07-05 11:46:18,1369.17,Hotels,100005,UPI,DEV-10-1,iPhone,Delhi,11,6,1,23.3,18,5021.75,4827.66,204,1014,595,0,0,0,0.0,0,
TXN10-03065,10,2026-07-05 12:58:25,7191.75,Taxi,100063,Card,DEV-10-6,iPhone,Goa,12,6,1,72.12,19,5008.12,4861.98,12,130,441,0,0,0,1521.64,0,
TXN10-03066,10,2026-07-05 13:25:07,4106.47,Food,100002,UPI,DEV-10-1,iPhone,Chennai,13,6,1,26.7,20,5008.29,4868.32,257,1015,402,0,0,0,706.92,0,
TXN10-03067,10,2026-07-05 13:27:06,4212.39,Taxi,100101,UPI,DEV-10-1,iPhone,Chennai,13,6,1,1.98,21,5005.8,4861.84,1,1016,403,0,0,1,0.0,0,
TXN10-03068,10,2026-07-05 14:13:36,2201.95,Taxi,100021,Card,DEV-10-7,Web,Goa,14,6,1,46.5,22,5007.81,4865.14,71,97,442,0,0,0,706.92,0,
TXN10-03069,10,2026-07-05 15:19:11,2964.58,Food,100060,Card,DEV-10-9,Android,Hyderabad,15,6,1,65.58,23,4996.57,4885.04,6,50,456,0,0,0,520.05,0,
TXN10-03070,10,2026-07-05 15:27:18,4632.66,Hotels,100012,Card,DEV-10-3,Android,Goa,15,6,1,8.12,24,4999.44,4883.55,90,462,443,0,0,0,520.05,0,
TXN10-03071,10,2026-07-05 15:28:26,8086.61,Taxi,100021,Card,DEV-10-9,Android,Hyderabad,15,6,1,1.13,25,4998.42,4876.8,72,51,457,0,0,0,520.05,0,
TXN10-03072,10,2026-07-05 15:42:27,4427.42,Taxi,100006,UPI,DEV-10-3,Android,Mumbai,15,6,1,14.02,26,5002.37,4878.73,145,463,681,0,0,0,621.46,0,
TXN10-03073,10,2026-07-05 16:16:33,7903.89,Food,100019,Card,DEV-10-1,iPhone,Bangalore,16,6,1,34.1,27,4986.89,4871.68,23,1017,448,0,0,0,845.32,0,
TXN10-03074,10,2026-07-05 17:23:06,2894.56,Taxi,100038,Card,DEV-10-2,iPhone,Mumbai,17,6,1,66.55,28,5007.54,4883.92,24,655,682,0,0,0,845.32,0,
TXN10-03075,10,2026-07-05 17:26:06,2394.57,Hotels,100046,Card,DEV-UNK-6018,Web,Delhi,17,6,1,3.0,29,5001.64,4878.37,22,1,596,1,0,0,1153.24,1,ato_new_device_short_gap
TXN10-03076,10,2026-07-05 17:35:32,2397.03,Hotels,100020,Card,DEV-10-1,iPhone,Mumbai,17,6,1,9.43,30,4994.38,4873.5,40,1018,683,0,0,0,1153.24,0,
TXN10-03077,10,2026-07-05 18:00:02,3042.22,Taxi,100001,UPI,DEV-10-4,Android,Hyderabad,18,6,1,24.5,31,4985.58,4875.33,318,280,458,0,0,0,621.46,0,
TXN10-03078,10,2026-07-05 18:01:08,4349.92,Taxi,100024,UPI,DEV-10-1,iPhone,Bangalore,18,6,1,1.1,32,4979.1,4876.37,43,1019,449,0,0,0,499.99,0,
TXN10-03079,10,2026-07-05 19:25:17,4736.46,Taxi,100079,UPI,DEV-10-9,Android,Chennai,19,6,1,84.15,33,4992.3,4902.56,2,52,404,0,0,0,290.17,0,
TXN10-03080,10,2026-07-05 19:53:48,2005.96,Taxi,100054,Card,DEV-10-3,Android,Bangalore,19,6,1,28.52,34,5000.14,4907.66,11,464,450,0,0,0,290.17,0,
TXN10-03081,10,2026-07-05 20:18:35,4647.75,Food,100002,Card,DEV-10-7,Web,Mumbai,20,6,1,24.78,35,4993.91,4910.06,258,98,684,0,0,0,845.32,0,
TXN10-03082,10,2026-07-05 21:25:00,2716.92,Taxi,100001,UPI,DEV-10-2,iPhone,Goa,21,6,1,66.42,36,5001.8,4923.85,319,656,444,0,0,0,440.32,0,
TXN10-03083,10,2026-07-05 22:23:50,1498.03,Food,100003,UPI,DEV-10-2,iPhone,Chennai,22,6,1,58.83,37,4988.75,4945.66,126,657,405,0,0,0,706.92,0,
TXN10-03084,10,2026-07-05 22:39:53,2406.89,Taxi,100001,UPI,DEV-10-4,Android,Chennai,22,6,1,16.05,38,4987.5,4946.48,320,281,406,0,0,0,0.0,0,
TXN10-03085,10,2026-07-05 23:04:49,3071.23,Food,100081,UPI,DEV-10-4,Android,Goa,23,6,1,24.93,39,4985.65,4970.18,2,282,445,0,0,0,706.92,0,
TXN10-03086,10,2026-07-05 23:55:50,3747.56,Airlines,100013,Card,DEV-10-8,Web,Mumbai,23,6,1,51.02,40,4992.19,4983.07,71,61,685,0,0,0,440.32,0,
TXN10-03087,10,2026-07-06 01:15:41,2550.02,Food,100003,Card,DEV-10-2,iPhone,Delhi,1,0,0,79.85,1,4988.54,4976.21,127,658,597,0,0,0,1153.24,1,ato_odd_hour
TXN10-03088,10,2026-07-06 02:40:13,3607.36,Hotels,100017,UPI,DEV-10-1,iPhone,Mumbai,2,0,0,84.53,2,4981.41,4970.68,52,1020,686,0,0,0,1153.24,1,ato_odd_hour
TXN10-03089,10,2026-07-06 05:00:20,10000.0,Airlines,100026,UPI,DEV-10-1,iPhone,Hyderabad,5,0,0,140.12,3,4979.75,4983.99,52,1021,459,0,0,0,621.46,0,
TXN10-03090,10,2026-07-06 05:16:33,4525.36,Airlines,100029,Card,DEV-10-5,iPhone,Delhi,5,0,0,16.22,4,4994.47,4984.07,27,184,598,0,0,0,1266.53,0,
TXN10-03091,10,2026-07-06 06:18:35,5860.52,Food,100004,Card,DEV-10-1,iPhone,Hyderabad,6,0,0,62.03,5,4869.69,4349.07,72,1022,460,0,0,0,1266.53,0,
TXN10-03092,10,2026-07-06 06:43:43,2118.34,Food,100003,UPI,DEV-10-1,iPhone,Mumbai,6,0,0,25.13,6,4882.29,4352.98,128,1023,687,0,0,0,621.46,0,
TXN10-03093,10,2026-07-06 06:43:57,5365.77,Airlines,100066,UPI,DEV-10-2,iPhone,Mumbai,6,0,0,0.23,7,4874.16,4349.15,10,659,688,0,0,0,0.0,0,
TXN10-03094,10,2026-07-06 06:47:32,7957.12,Taxi,100001,UPI,DEV-10-5,iPhone,Goa,6,0,0,3.58,8,4875.61,4342.85,321,185,446,0,0,0,440.32,0,
TXN10-03095,10,2026-07-06 06:56:29,1218.07,Airlines,100029,UPI,DEV-10-2,iPhone,Mumbai,6,0,0,8.95,9,4884.62,4339.69,28,660,689,0,0,0,440.32,0,
TXN10-03096,10,2026-07-06 07:00:50,3195.11,Food,100102,UPI,DEV-10-6,iPhone,Hyderabad,7,0,0,4.35,10,4873.93,4337.86,2,131,461,0,0,0,621.46,0,
TXN10-03097,10,2026-07-06 07:10:13,1361.91,Taxi,100001,Card,DEV-10-1,iPhone,Hyderabad,7,0,0,9.38,11,4874.49,4337.63,322,1024,462,0,0,0,0.0,0,
TXN10-03098,10,2026-07-06 08:15:40,6802.79,Airlines,100009,Card,DEV-10-35,Web,Mumbai,8,0,0,65.45,12,4864.28,4341.76,110,1,690,1,0,0,621.46,0,
TXN10-03099,10,2026-07-06 08:33:27,3949.56,Food,100003,Card,DEV-10-1,iPhone,Chennai,8,0,0,17.78,13,4878.66,4339.99,129,1025,407,0,0,0,1033.1,0,
TXN10-03100,10,2026-07-06 08:48:13,5757.5,Airlines,100007,Card,DEV-10-1,iPhone,Hyderabad,8,0,0,14.77,14,4875.96,4333.97,190,1026,463,0,0,0,515.24,0,
TXN10-03101,10,2026-07-06 09:26:22,3057.37,Taxi,100001,UPI,DEV-10-4,Android,Mumbai,9,0,0,38.15,15,4885.33,4332.38,323,283,691,0,0,0,621.46,0,
TXN10-03102,10,2026-07-06 09:33:00,9104.51,Hotels,100033,Card,DEV-10-1,iPhone,Hyderabad,9,0,0,6.63,16,4871.23,4329.5,31,1027,464,0,0,0,621.46,0,
TXN10-03103,10,2026-07-06 09:33:49,2132.82,Food,100003,Card,DEV-10-5,iPhone,Mumbai,9,0,0,0.82,17,4883.53,4329.2,130,186,692,0,0,0,621.46,0,
TXN10-03104,10,2026-07-06 09:57:07,4958.95,Hotels,100017,Card,DEV-10-6,iPhone,Delhi,9,0,0,23.3,18,4868.93,4329.99,53,132,599,0,0,0,1153.24,0,
TXN10-03105,10,2026-07-06 10:07:55,3194.97,Taxi,100006,Card,DEV-10-2,iPhone,Goa,10,0,0,10.8,19,4869.19,4323.71,146,661,447,0,0,0,1521.64,0,
TXN10-03106,10,2026-07-06 10:28:31,6184.54,Airlines,100007,Card,DEV-10-2,iPhone,Delhi,10,0,0,20.6,20,4864.36,4318.39,191,662,600,0,0,0,1521.64,0,
TXN10-03107,10,2026-07-06 10:33:29,6790.99,Airlines,100103,Card,DEV-10-3,Android,Hyderabad,10,0,0,4.97,21,4868.16,4312.75,1,465,465,0,0,1,1266.53,0,
TXN10-03108,10,2026-07-06 11:09:49,3946.99,Food,100016,Card,DEV-10-3,Android,Mumbai,11,0,0,36.33,22,4872.77,4313.94,30,466,693,0,0,0,621.46,0,
TXN10-03109,10,2026-07-06 12:03:26,3706.4,Airlines,100013,UPI,DEV-10-4,Android,Mumbai,12,0,0,53.62,23,4870.09,4314.23,72,284,694,0,0,0,0.0,0,
TXN10-03110,10,2026-07-06 12:13:07,1316.85,Hotels,100010,UPI,DEV-10-5,iPhone,Hyderabad,12,0,0,9.68,24,4874.9,4312.0,123,187,466,0,0,0,621.46,0,
TXN10-03111,10,2026-07-06 12:13:40,6018.19,Hotels,100041,UPI,DEV-10-7,Web,Delhi,12,0,0,0.55,25,4864.67,4310.01,21,99,601,0,0,0,1266.53,0,
TXN10-03112,10,2026-07-06 12:15:26,2073.19,Taxi,100006,UPI,DEV-10-3,Android,Mumbai,12,0,0,1.77,26,4867.98,4304.27,147,467,695,0,0,0,1153.24,0,
TXN10-03113,10,2026-07-06 12:36:53,3603.4,Hotels,100017,Card,DEV-10-4,Android,Mumbai,12,0,0,21.45,27,4868.6,4303.85,54,285,696,0,0,0,0.0,0,
TXN10-03114,10,2026-07-06 12:43:02,3080.01,Hotels,100010,Card,DEV-10-4,Android,Bangalore,12,0,0,6.15,28,4864.99,4298.23,124,286,451,0,0,0,845.32,0,
TXN10-03115,10,2026-07-06 12:49:38,5721.52,Airlines,100088,Card,DEV-10-2,iPhone,Chennai,12,0,0,6.6,29,4859.9,4293.16,2,663,408,0,0,0,290.17,0,
TXN10-03116,10,2026-07-06 13:37:12,6527.3,Airlines,100009,Card,DEV-10-7,Web,Mumbai,13,0,0,47.57,30,4879.48,4293.4,111,100,697,0,0,0,1033.1,0,
TXN10-03117,10,2026-07-06 14:00:33,2267.3,Food,100071,Card,DEV-10-1,iPhone,Mumbai,14,0,0,23.35,31,4884.17,4288.18,7,1028,698,0,0,0,0.0,0,
TXN10-03118,10,2026-07-06 14:05:26,1303.68,Airlines,100104,UPI,DEV-10-6,iPhone,Mumbai,14,0,0,4.88,32,4876.74,4284.35,1,133,699,0,0,1,0.0,0,
TXN10-03119,10,2026-07-06 14:46:07,4489.89,Food,100003,Card,DEV-10-4,Android,Mumbai,14,0,0,40.68,33,4866.61,4282.49,131,287,700,0,0,0,0.0,0,
TXN10-03120,10,2026-07-06 14:55:54,6024.6,Airlines,100082,UPI,DEV-10-2,iPhone,Chennai,14,0,0,9.78,34,4873.07,4280.2,8,664,409,0,0,0,1033.1,0,
TXN10-03121,10,2026-07-06 14:57:52,1063.93,Food,100008,Card,DEV-10-1,iPhone,Mumbai,14,0,0,1.97,35,4876.32,4274.59,62,1029,701,0,0,0,1033.1,0,
TXN10-03122,10,2026-07-06 15:01:48,6693.12,Hotels,100010,UPI,DEV-10-3,Android,Chennai,15,0,0,3.93,36,4865.58,4273.34,125,468,410,0,0,0,1033.1,0,
TXN10-03123,10,2026-07-06 15:10:51,2979.67,Hotels,100012,Card,DEV-10-2,iPhone,Bangalore,15,0,0,9.05,37,4870.71,4268.43,91,665,452,0,0,0,290.17,0,
TXN10-03124,10,2026-07-06 15:25:42,5552.62,Hotels,100025,UPI,DEV-10-2,iPhone,Mumbai,15,0,0,14.85,38,4866.37,4275.39,31,666,702,0,0,0,845.32,0,
TXN10-03125,10,2026-07-06 15:27:48,7073.78,Taxi,100073,Card,DEV-10-3,Android,Chennai,15,0,0,2.1,39,4868.3,4269.54,7,469,411,0,0,0,1033.1,0,
TXN10-03126,10,2026-07-06 16:10:03,5372.7,Airlines,100047,Card,DEV-10-1,iPhone,Chennai,16,0,0,42.25,40,4873.11,4271.06,14,1030,412,0,0,0,0.0,0,
TXN10-03127,10,2026-07-06 16:22:17,4282.65,Food,100002,Card,DEV-10-9,Android,Delhi,16,0,0,12.23,41,4880.61,4276.03,259,53,602,0,0,0,1767.65,0,
TXN10-03128,10,2026-07-06 16:39:48,2436.99,Food,100015,UPI,DEV-10-5,iPhone,Goa,16,0,0,17.52,42,4874.25,4275.24,42,188,448,0,0,0,1521.64,0,
TXN10-03129,10,2026-07-06 16:55:10,2765.08,Hotels,100025,UPI,DEV-10-2,iPhone,Goa,16,0,0,15.37,43,4867.41,4271.18,32,667,449,0,0,0,0.0,0,
TXN10-03130,10,2026-07-06 17:18:22,3046.83,Hotels,100052,Card,DEV-10-36,Web,Goa,17,0,0,23.2,44,4876.35,4273.88,7,1,450,1,0,0,0.0,0,
TXN10-03131,10,2026-07-06 17:26:01,5250.0,Airlines,100001,Card,DEV-UNK-5411,Web,Mumbai,17,0,0,7.65,45,4871.21,4268.97,324,1,703,1,0,0,440.32,1,unknown_device
TXN10-03132,10,2026-07-06 17:50:31,1022.38,Airlines,100013,Card,DEV-10-2,iPhone,Chennai,17,0,0,24.5,46,4868.67,4261.46,73,668,413,0,0,0,1033.1,0,
TXN10-03133,10,2026-07-06 18:24:41,3339.71,Airlines,100047,Card,DEV-10-1,iPhone,Goa,18,0,0,34.17,47,4857.87,4260.33,15,1031,451,0,0,0,706.92,0,
TXN10-03134,10,2026-07-06 18:34:14,2182.94,Airlines,100066,Card,DEV-10-3,Android,Delhi,18,0,0,9.55,48,4853.62,4255.12,11,470,603,0,0,0,1521.64,0,
TXN10-03135,10,2026-07-06 18:42:39,1822.86,Airlines,100013,Card,DEV-10-4,Android,Bangalore,18,0,0,8.42,49,4846.16,4251.51,74,288,453,0,0,0,1750.11,0,
TXN10-03136,10,2026-07-06 18:48:43,9059.06,Airlines,100009,Card,DEV-10-12,iPhone,Mumbai,18,0,0,6.07,50,4837.74,4248.57,112,12,704,0,0,0,845.32,0,
TXN10-03137,10,2026-07-06 18:53:07,2525.6,Hotels,100041,Card,DEV-10-2,iPhone,Goa,18,0,0,4.4,51,4849.46,4248.48,22,669,452,0,0,0,440.32,0,
TXN10-03138,10,2026-07-06 18:57:01,648.78,Airlines,100009,UPI,DEV-10-1,iPhone,Chennai,18,0,0,3.9,52,4843.02,4244.35,113,1032,414,0,0,0,706.92,0,
TXN10-03139,10,2026-07-06 19:14:52,3896.29,Food,100002,UPI,DEV-10-1,iPhone,Hyderabad,19,0,0,17.85,53,4837.31,4248.6,260,1033,467,0,0,0,515.24,0,
TXN10-03140,10,2026-07-06 19:34:54,3453.03,Taxi,100022,UPI,DEV-10-1,iPhone,Mumbai,19,0,0,20.03,54,4834.71,4243.02,46,1034,705,0,0,0,621.46,0,
TXN10-03141,10,2026-07-06 19:43:01,1525.58,Food,100008,UPI,DEV-10-1,iPhone,Chennai,19,0,0,8.12,55,4830.91,4237.79,63,1035,415,0,0,0,1033.1,0,
TXN10-03142,10,2026-07-06 19:51:41,8152.4,Hotels,100086,UPI,DEV-10-14,iPhone,Mumbai,19,0,0,8.67,56,4821.82,4235.5,4,6,706,0,0,0,1033.1,0,
TXN10-03143,10,2026-07-06 19:52:41,2562.73,Taxi,100024,UPI,DEV-10-7,Web,Lucknow,19,0,0,1.0,57,4830.95,4233.27,44,101,2,0,0,0,1194.67,0,
TXN10-03144,10,2026-07-06 19:59:15,4032.06,Airlines,100036,Card,DEV-10-1,iPhone,Mumbai,19,0,0,6.57,58,4824.75,4229.15,31,1036,707,0,0,0,1194.67,0,
TXN10-03145,10,2026-07-06 20:09:03,4749.25,Food,100081,Card,DEV-10-2,iPhone,Chennai,20,0,0,9.8,59,4809.91,4222.36,3,670,416,0,0,0,1033.1,0,
TXN10-03146,10,2026-07-06 20:21:50,4784.79,Airlines,100007,Card,DEV-10-5,iPhone,Bangalore,20,0,0,12.78,60,4818.53,4219.01,192,189,454,0,0,0,290.17,0,
TXN10-03147,10,2026-07-06 21:06:36,7110.98,Taxi,100001,UPI,DEV-10-3,Android,Bangalore,21,0,0,44.77,61,4809.33,4214.94,325,471,455,0,0,0,0.0,0,
TXN10-03148,10,2026-07-06 21:26:49,4869.85,Taxi,100038,Card,DEV-10-1,iPhone,Bangalore,21,0,0,20.22,62,4815.68,4216.66,25,1037,456,0,0,0,0.0,0,
TXN10-03149,10,2026-07-06 21:33:46,5034.16,Airlines,100103,Card,DEV-10-2,iPhone,Bangalore,21,0,0,6.95,63,4810.75,4215.54,2,671,457,0,0,0,0.0,0,
TXN10-03150,10,2026-07-06 22:01:44,9456.59,Taxi,100105,Card,DEV-10-6,iPhone,Chennai,22,0,0,27.97,64,4805.82,4216.36,1,134,417,0,0,1,290.17,0,
TXN10-03151,10,2026-07-06 22:05:34,4665.87,Airlines,100007,UPI,DEV-10-15,iPhone,Hyderabad,22,0,0,3.83,65,4818.6,4217.6,193,7,468,0,0,0,515.24,0,
TXN10-03152,10,2026-07-06 22:22:37,8802.21,Taxi,100001,Card,DEV-10-3,Android,Delhi,22,0,0,17.05,66,4818.18,4211.82,326,472,604,0,0,0,1266.53,0,
TXN10-03153,10,2026-07-06 22:23:32,2753.48,Food,100106,UPI,DEV-10-1,iPhone,Bangalore,22,0,0,0.92,67,4829.06,4211.2,1,1038,458,0,0,1,1750.11,0,
TXN10-03154,10,2026-07-06 22:44:30,7982.58,Airlines,100007,Card,DEV-10-1,iPhone,Mumbai,22,0,0,20.97,68,4829.15,4217.62,194,1039,708,0,0,0,845.32,0,
TXN10-03155,10,2026-07-06 22:47:07,2859.81,Hotels,100080,Card,DEV-10-3,Android,Goa,22,0,0,2.62,69,4837.77,4215.07,7,473,453,0,0,0,440.32,0,
TXN10-03156,10,2026-07-06 23:12:39,4666.15,Taxi,100006,Card,DEV-10-1,iPhone,Goa,23,0,0,25.53,70,4846.54,4217.57,148,1040,454,0,0,0,0.0,0,
TXN10-03157,10,2026-07-06 23:14:37,4591.1,Hotels,100059,Card,DEV-10-2,iPhone,Delhi,23,0,0,1.97,71,4846.04,4211.81,13,672,605,0,0,0,1521.64,0,
TXN10-03158,10,2026-07-06 23:39:27,6711.13,Airlines,100047,Card,DEV-10-2,iPhone,Delhi,23,0,0,24.83,72,4845.35,4206.09,16,673,606,0,0,0,0.0,0,
TXN10-03159,10,2026-07-07 05:06:21,5141.86,Hotels,100107,UPI,DEV-10-5,iPhone,Mumbai,5,1,0,326.9,1,4850.42,4201.49,2,190,709,0,0,0,1153.24,0,
TXN10-03160,10,2026-07-07 05:17:13,2269.85,Taxi,100001,Card,DEV-10-1,iPhone,Mumbai,5,1,0,10.87,2,4859.52,4198.49,327,1041,710,0,0,0,0.0,0,
TXN10-03161,10,2026-07-07 05:22:57,2028.39,Food,100018,Card,DEV-10-4,Android,Mumbai,5,1,0,5.73,3,4852.5,4194.95,30,289,711,0,0,0,0.0,0,
TXN10-03162,10,2026-07-07 06:19:42,5521.7,Food,100023,Card,DEV-10-1,iPhone,Goa,6,1,0,56.75,4,4856.81,4200.03,22,1042,455,0,0,0,440.32,0,
TXN10-03163,10,2026-07-07 06:29:59,2000.24,Hotels,100020,UPI,DEV-10-3,Android,Delhi,6,1,0,10.28,5,4858.62,4194.47,41,474,607,0,0,0,1521.64,0,
TXN10-03164,10,2026-07-07 06:41:32,2942.64,Hotels,100012,Card,DEV-10-5,iPhone,Goa,6,1,0,11.55,6,4850.89,4191.43,92,191,456,0,0,0,1521.64,0,
TXN10-03165,10,2026-07-07 07:27:30,4261.04,Taxi,100006,Card,DEV-10-2,iPhone,Mumbai,7,1,0,45.97,7,4845.75,4186.95,149,674,712,0,0,0,440.32,0,
TXN10-03166,10,2026-07-07 07:32:08,10000.0,Food,100014,Card,DEV-10-2,iPhone,Chennai,7,1,0,4.63,8,4844.18,4181.42,39,675,418,0,0,0,1033.1,0,
TXN10-03167,10,2026-07-07 07:32:56,3455.49,Taxi,100022,UPI,DEV-10-3,Android,Hyderabad,7,1,0,0.8,9,4858.0,4184.32,47,475,469,0,0,0,515.24,0,
TXN10-03168,10,2026-07-07 08:17:53,4767.84,Food,100002,Card,DEV-10-3,Android,Hyderabad,8,1,0,44.95,10,4860.66,4187.92,261,476,470,0,0,0,0.0,0,
TXN10-03169,10,2026-07-07 09:13:04,4126.41,Food,100002,UPI,DEV-10-3,Android,Bangalore,9,1,0,55.18,11,4846.6,4179.42,262,477,459,0,0,0,499.99,0,
TXN10-03170,10,2026-07-07 09:18:51,3875.79,Food,100071,Card,DEV-10-37,Web,Delhi,9,1,0,5.78,12,4844.67,4173.98,8,1,608,1,0,0,1750.11,0,
TXN10-03171,10,2026-07-07 10:06:47,6284.46,Airlines,100007,Card,DEV-10-4,Android,Bangalore,10,1,0,47.93,13,4839.32,4177.54,195,290,460,0,0,0,1750.11,0,
TXN10-03172,10,2026-07-07 12:02:25,1239.08,Airlines,100007,UPI,DEV-10-2,iPhone,Hyderabad,12,1,0,115.63,14,4860.56,4188.19,196,676,471,0,0,0,499.99,0,
TXN10-03173,10,2026-07-07 12:40:35,893.18,Food,100051,Card,DEV-10-2,iPhone,Mumbai,12,1,0,38.17,15,4858.6,4202.27,8,677,713,0,0,0,621.46,0,
TXN10-03174,10,2026-07-07 12:41:59,2433.23,Food,100003,Card,DEV-10-3,Android,Goa,12,1,0,1.4,16,4847.73,4201.63,132,478,457,0,0,0,440.32,0,
TXN10-03175,10,2026-07-07 13:34:24,1849.43,Food,100102,Card,DEV-10-4,Android,Mumbai,13,1,0,52.42,17,4843.81,4203.21,3,291,714,0,0,0,440.32,0,
TXN10-03176,10,2026-07-07 14:03:23,4138.0,Taxi,100040,Card,DEV-10-1,iPhone,Delhi,14,1,0,28.98,18,4835.63,4200.38,21,1043,609,0,0,0,1153.24,0,
TXN10-03177,10,2026-07-07 15:07:33,2825.74,Taxi,100079,Card,DEV-10-1,iPhone,Delhi,15,1,0,64.17,19,4839.39,4208.72,3,1044,610,0,0,0,0.0,0,
TXN10-03178,10,2026-07-07 15:19:04,3284.26,Airlines,100108,Card,DEV-10-5,iPhone,Hyderabad,15,1,0,11.52,20,4833.87,4204.27,1,192,472,0,0,1,1266.53,0,
TXN10-03179,10,2026-07-07 15:21:34,3997.21,Airlines,100007,Card,DEV-10-4,Android,Mumbai,15,1,0,2.5,21,4829.64,4199.3,197,292,715,0,0,0,621.46,0,
TXN10-03180,10,2026-07-07 15:37:46,2250.91,Hotels,100020,UPI,DEV-10-6,iPhone,Mumbai,15,1,0,16.2,22,4834.19,4197.49,42,135,716,0,0,0,0.0,0,
TXN10-03181,10,2026-07-07 16:59:19,4201.56,Airlines,100065,Card,DEV-10-3,Android,Bangalore,16,1,0,81.55,23,4827.12,4199.66,6,479,461,0,0,0,845.32,0,
TXN10-03182,10,2026-07-07 17:33:57,5918.7,Airlines,100009,UPI,DEV-10-1,iPhone,Delhi,17,1,0,34.63,24,4708.04,3473.72,114,1045,611,0,0,0,1750.11,0,
TXN10-03183,10,2026-07-07 17:41:16,9714.34,Hotels,100005,UPI,DEV-10-5,iPhone,Delhi,17,1,0,7.32,25,4711.34,3469.55,205,193,612,0,0,0,0.0,0,
TXN10-03184,10,2026-07-07 18:05:56,1492.03,Taxi,100001,UPI,DEV-10-2,iPhone,Goa,18,1,0,24.67,26,4719.05,3481.35,328,678,458,0,0,0,1521.64,0,
TXN10-03185,10,2026-07-07 18:08:47,3140.67,Taxi,100006,Card,DEV-10-2,iPhone,Bangalore,18,1,0,2.85,27,4716.86,3483.13,150,679,462,0,0,0,454.99,0,
TXN10-03186,10,2026-07-07 18:13:28,1057.69,Airlines,100047,UPI,DEV-10-4,Android,Hyderabad,18,1,0,4.68,28,4712.54,3479.33,17,293,473,0,0,0,499.99,0,
TXN10-03187,10,2026-07-07 18:21:38,3426.17,Airlines,100029,Card,DEV-10-2,iPhone,Delhi,18,1,0,8.17,29,4704.46,3484.38,29,680,613,0,0,0,1266.53,0,
TXN10-03188,10,2026-07-07 18:28:54,5024.77,Airlines,100082,UPI,DEV-10-1,iPhone,Hyderabad,18,1,0,7.27,30,4710.44,3480.3,9,1046,474,0,0,0,1266.53,0,
TXN10-03189,10,2026-07-07 19:40:14,3053.42,Hotels,100005,UPI,DEV-10-2,iPhone,Goa,19,1,0,71.33,31,4682.24,3462.88,206,681,459,0,0,0,520.05,0,
TXN10-03190,10,2026-07-07 20:13:47,4929.25,Hotels,100033,UPI,DEV-10-1,iPhone,Hyderabad,20,1,0,33.55,32,4677.78,3459.18,32,1047,475,0,0,0,520.05,0,
TXN10-03191,10,2026-07-07 20:45:38,9640.56,Taxi,100001,Card,DEV-10-1,iPhone,Chennai,20,1,0,31.85,33,4680.71,3458.94,329,1048,419,0,0,0,515.24,0,
TXN10-03192,10,2026-07-07 22:04:14,9880.05,Taxi,100067,UPI,DEV-10-4,Android,Goa,22,1,0,78.6,34,4704.15,3475.4,10,294,460,0,0,0,706.92,0,
TXN10-03193,10,2026-07-07 22:13:50,728.01,Hotels,100010,Card,DEV-10-1,iPhone,Hyderabad,22,1,0,9.6,35,4718.37,3481.18,126,1049,476,0,0,0,520.05,0,
TXN10-03194,10,2026-07-07 23:10:26,5278.7,Hotels,100017,UPI,DEV-10-1,iPhone,Chennai,23,1,0,56.6,36,4692.02,3493.96,55,1050,420,0,0,0,515.24,0,
TXN10-03195,10,2026-07-07 23:23:19,5677.63,Taxi,100001,Card,DEV-10-8,Web,Chennai,23,1,0,12.88,37,4693.64,3489.26,330,62,421,0,0,0,0.0,0,
TXN10-03196,10,2026-07-07 23:30:28,6671.14,Taxi,100001,Card,DEV-10-4,Android,Chennai,23,1,0,7.15,38,4696.35,3484.84,331,295,422,0,0,0,0.0,0,
TXN10-03197,10,2026-07-08 01:36:09,5701.47,Hotels,100035,UPI,DEV-10-1,iPhone,Hyderabad,1,2,0,125.68,1,4701.77,3481.58,17,1051,477,0,0,0,515.24,1,ato_odd_hour
TXN10-03198,10,2026-07-08 05:11:36,5328.46,Taxi,100001,UPI,DEV-10-5,iPhone,Delhi,5,2,0,215.45,2,4704.51,3477.2,332,194,614,0,0,0,1266.53,0,
TXN10-03199,10,2026-07-08 05:21:52,4803.21,Airlines,100007,UPI,DEV-10-9,Android,Hyderabad,5,2,0,10.27,3,4706.22,3472.6,198,54,478,0,0,0,1266.53,0,
TXN10-03200,10,2026-07-08 05:30:00,4944.26,Hotels,100012,UPI,DEV-10-4,Android,Goa,5,2,0,8.13,4,4706.48,3467.87,93,296,461,0,0,0,520.05,0,
TXN10-03201,10,2026-07-08 05:33:15,3850.24,Food,100015,UPI,DEV-10-4,Android,Delhi,5,2,0,3.25,5,4707.13,3463.18,43,297,615,0,0,0,1521.64,0,
TXN10-03202,10,2026-07-08 05:40:26,5118.18,Taxi,100006,Card,DEV-10-38,Web,Hyderabad,5,2,0,7.18,6,4704.8,3458.77,151,1,479,1,0,0,1266.53,0,
TXN10-03203,10,2026-07-08 06:13:54,5846.15,Food,100049,Card,DEV-10-3,Android,Hyderabad,6,2,0,33.47,7,4714.74,3459.91,12,480,480,0,0,0,0.0,0,
TXN10-03204,10,2026-07-08 06:30:44,3738.74,Hotels,100012,UPI,DEV-10-6,iPhone,Goa,6,2,0,16.83,8,4726.21,3456.65,94,136,462,0,0,0,520.05,0,
TXN10-03205,10,2026-07-08 06:56:41,10000.0,Hotels,100030,Card,DEV-10-1,iPhone,Goa,6,2,0,25.95,9,4723.53,3452.35,31,1052,463,0,0,0,0.0,0,
TXN10-03206,10,2026-07-08 07:04:05,2245.07,Food,100008,Card,DEV-10-12,iPhone,Hyderabad,7,2,0,7.4,10,4737.79,3458.54,64,13,481,0,0,0,520.05,0,
TXN10-03207,10,2026-07-08 07:05:27,5389.39,Hotels,100005,UPI,DEV-10-2,iPhone,Mumbai,7,2,0,1.37,11,4731.07,3456.3,207,682,717,0,0,0,621.46,0,
TXN10-03208,10,2026-07-08 07:08:11,10000.0,Airlines,100007,Card,DEV-10-1,iPhone,Mumbai,7,2,0,2.73,12,4732.84,3451.82,199,1053,718,0,0,0,0.0,0,
TXN10-03209,10,2026-07-08 07:35:21,2357.03,Hotels,100005,Card,DEV-10-3,Android,Mumbai,7,2,0,27.17,13,4733.86,3458.82,208,481,719,0,0,0,0.0,0,
TXN10-03210,10,2026-07-08 07:49:20,4343.56,Airlines,100007,UPI,DEV-10-7,Web,Delhi,7,2,0,13.98,14,4724.18,3448.4,200,102,616,0,0,0,1153.24,0,
TXN10-03211,10,2026-07-08 07:53:30,5639.88,Food,100028,Card,DEV-10-2,iPhone,Delhi,7,2,0,4.17,15,4723.16,3443.8,24,683,617,0,0,0,0.0,0,
TXN10-03212,10,2026-07-08 08:27:13,7172.16,Airlines,100009,Card,DEV-10-2,iPhone,Goa,8,2,0,33.72,16,4727.13,3448.7,115,684,464,0,0,0,1521.64,0,
TXN10-03213,10,2026-07-08 08:34:31,7618.08,Taxi,100001,Card,DEV-10-4,Android,Hyderabad,8,2,0,7.3,17,4733.72,3446.38,333,298,482,0,0,0,520.05,0,
TXN10-03214,10,2026-07-08 08:37:19,3480.4,Food,100003,Card,DEV-10-1,iPhone,Mumbai,8,2,0,2.8,18,4741.47,3444.99,133,1054,720,0,0,0,621.46,0,
TXN10-03215,10,2026-07-08 08:37:49,5040.52,Airlines,100036,Card,DEV-10-3,Android,Mumbai,8,2,0,0.5,19,4738.09,3440.99,32,482,721,0,0,0,0.0,0,
TXN10-03216,10,2026-07-08 08:38:38,5244.61,Food,100008,UPI,DEV-10-5,iPhone,Bangalore,8,2,0,0.82,20,4738.9,3436.42,65,195,463,0,0,0,845.32,0,
TXN10-03217,10,2026-07-08 09:13:34,1523.9,Food,100039,UPI,DEV-10-2,iPhone,Hyderabad,9,2,0,34.93,21,4708.17,3426.85,19,685,483,0,0,0,499.99,0,
TXN10-03218,10,2026-07-08 09:32:53,5186.97,Taxi,100031,Card,DEV-10-3,Android,Mumbai,9,2,0,19.32,22,4700.52,3435.38,29,483,722,0,0,0,621.46,0,
TXN10-03219,10,2026-07-08 09:42:33,4655.68,Taxi,100006,UPI,DEV-10-4,Android,Chennai,9,2,0,9.67,23,4701.83,3430.86,152,299,423,0,0,0,1033.1,0,
TXN10-03220,10,2026-07-08 10:06:26,3474.01,Airlines,100026,Card,DEV-10-2,iPhone,Mumbai,10,2,0,23.88,24,4719.87,3439.93,53,686,723,0,0,0,1033.1,0,
TXN10-03221,10,2026-07-08 10:22:04,1034.3,Airlines,100029,UPI,DEV-10-5,iPhone,Chennai,10,2,0,15.63,25,4729.73,3440.45,30,196,424,0,0,0,1033.1,0,
TXN10-03222,10,2026-07-08 10:24:44,5215.47,Hotels,100107,UPI,DEV-10-8,Web,Hyderabad,10,2,0,2.67,26,4719.71,3441.15,3,63,484,0,0,0,515.24,0,
TXN10-03223,10,2026-07-08 10:28:08,792.3,Food,100037,Card,DEV-10-10,iPhone,Mumbai,10,2,0,3.4,27,4721.05,3436.59,19,29,724,0,0,0,621.46,0,
TXN10-03224,10,2026-07-08 10:46:05,2087.39,Food,100004,Card,DEV-10-2,iPhone,Mumbai,10,2,0,17.95,28,4710.46,3438.0,73,687,725,0,0,0,0.0,0,
TXN10-03225,10,2026-07-08 11:01:11,2373.75,Airlines,100009,Card,DEV-10-2,iPhone,Goa,11,2,0,15.1,29,4706.73,3440.09,116,688,465,0,0,0,440.32,0,
TXN10-03226,10,2026-07-08 11:56:25,1531.87,Taxi,100031,UPI,DEV-10-11,Web,Bangalore,11,2,0,55.23,30,4700.46,3437.59,30,18,464,0,0,0,454.99,0,
TXN10-03227,10,2026-07-08 11:59:18,5421.26,Hotels,100025,Card,DEV-10-1,iPhone,Bangalore,11,2,0,2.88,31,4691.97,3436.88,33,1055,465,0,0,0,0.0,0,
TXN10-03228,10,2026-07-08 12:27:55,9420.14,Food,100003,Card,DEV-10-3,Android,Goa,12,2,0,28.62,32,4685.83,3428.72,134,484,466,0,0,0,454.99,0,
TXN10-03229,10,2026-07-08 12:29:53,8785.03,Taxi,100001,Card,DEV-10-2,iPhone,Delhi,12,2,0,1.97,33,4698.52,3432.87,334,689,618,0,0,0,1521.64,0,
TXN10-03230,10,2026-07-08 12:30:22,3051.14,Food,100060,UPI,DEV-10-5,iPhone,Delhi,12,2,0,0.48,34,4704.02,3437.76,7,197,619,0,0,0,0.0,0,
TXN10-03231,10,2026-07-08 12:49:47,7375.1,Food,100004,UPI,DEV-10-1,iPhone,Mumbai,12,2,0,19.42,35,4690.18,3431.18,74,1056,726,0,0,0,1153.24,0,
TXN10-03232,10,2026-07-08 13:14:01,613.92,Hotels,100010,UPI,DEV-10-1,iPhone,Goa,13,2,0,24.23,36,4707.95,3427.92,127,1057,467,0,0,0,440.32,0,
TXN10-03233,10,2026-07-08 13:55:58,1077.18,Hotels,100035,Card,DEV-10-8,Web,Chennai,13,2,0,41.95,37,4703.76,3431.97,18,64,425,0,0,0,706.92,0,
TXN10-03234,10,2026-07-08 14:01:38,5124.72,Taxi,100021,Card,DEV-10-5,iPhone,Delhi,14,2,0,5.67,38,4694.04,3432.49,73,198,620,0,0,0,1767.65,0,
TXN10-03235,10,2026-07-08 15:17:58,2327.38,Food,100057,Card,DEV-10-1,iPhone,Goa,15,2,0,76.33,39,4707.04,3432.87,8,1058,468,0,0,0,1521.64,0,
TXN10-03236,10,2026-07-08 15:31:08,1817.09,Food,100002,Card,DEV-10-4,Android,Delhi,15,2,0,13.17,40,4700.66,3430.48,263,300,621,0,0,0,1521.64,0,
TXN10-03237,10,2026-07-08 16:21:37,5413.53,Airlines,100013,Card,DEV-10-6,iPhone,Delhi,16,2,0,50.48,41,4694.65,3433.56,75,137,622,0,0,0,0.0,0,
TXN10-03238,10,2026-07-08 16:28:33,5290.23,Taxi,100092,UPI,DEV-10-7,Web,Mumbai,16,2,0,6.93,42,4696.57,3429.17,2,103,727,0,0,0,1153.24,0,
TXN10-03239,10,2026-07-08 16:28:53,8196.88,Food,100018,UPI,DEV-10-2,iPhone,Delhi,16,2,0,0.33,43,4698.15,3424.73,31,690,623,0,0,0,1153.24,0,
TXN10-03240,10,2026-07-08 16:45:14,2541.44,Hotels,100020,Card,DEV-10-1,iPhone,Chennai,16,2,0,16.35,44,4707.46,3424.91,43,1059,426,0,0,0,1767.65,0,
TXN10-03241,10,2026-07-08 17:10:50,4174.93,Airlines,100045,Card,DEV-10-3,Android,Mumbai,17,2,0,25.6,45,4698.97,3426.32,22,485,728,0,0,0,1033.1,0,
TXN10-03242,10,2026-07-08 18:02:03,8669.2,Food,100008,UPI,DEV-10-1,iPhone,Mumbai,18,2,0,51.22,46,4704.95,3423.44,66,1060,729,0,0,0,0.0,0,
TXN10-03243,10,2026-07-08 18:02:10,4321.46,Taxi,100021,Card,DEV-10-7,Web,Delhi,18,2,0,0.12,47,4715.46,3424.97,74,104,624,0,0,0,1153.24,0,
TXN10-03244,10,2026-07-08 18:12:31,5695.59,Food,100003,UPI,DEV-10-10,iPhone,Delhi,18,2,0,10.35,48,4719.41,3423.66,135,30,625,0,0,0,0.0,0,
TXN10-03245,10,2026-07-08 18:18:48,6331.73,Hotels,100005,UPI,DEV-10-1,iPhone,Hyderabad,18,2,0,6.28,49,4721.99,3419.49,209,1061,485,0,0,0,1266.53,0,
TXN10-03246,10,2026-07-08 18:37:21,2773.46,Taxi,100021,Card,DEV-10-5,iPhone,Hyderabad,18,2,0,18.55,50,4723.81,3414.48,75,199,486,0,0,0,0.0,0,
TXN10-03247,10,2026-07-08 18:48:17,2909.77,Taxi,100067,Card,DEV-10-6,iPhone,Mumbai,18,2,0,10.93,51,4718.64,3411.43,11,138,730,0,0,0,621.46,0,
TXN10-03248,10,2026-07-08 19:02:46,8436.1,Food,100003,Card,DEV-10-1,iPhone,Chennai,19,2,0,14.48,52,4713.86,3408.18,136,1062,427,0,0,0,1033.1,0,
TXN10-03249,10,2026-07-08 19:20:37,1781.82,Airlines,100029,Card,DEV-10-1,iPhone,Delhi,19,2,0,17.85,53,4723.68,3409.03,31,1063,626,0,0,0,1767.65,0,
TXN10-03250,10,2026-07-08 19:29:05,50000.0,Luxury Goods,100001,Card,DEV-10-1,iPhone,Mumbai,19,2,0,8.47,54,4715.93,3407.88,335,1064,731,0,0,0,1153.24,1,large_luxury_purchase
TXN10-03251,10,2026-07-08 20:05:43,8076.51,Food,100091,Card,DEV-10-2,iPhone,Goa,20,2,0,36.63,55,4829.11,4121.12,3,691,469,0,0,0,440.32,0,
TXN10-03252,10,2026-07-08 20:27:29,1571.16,Food,100057,UPI,DEV-10-2,iPhone,Hyderabad,20,2,0,21.77,56,4834.67,4124.07,9,692,487,0,0,0,520.05,0,
TXN10-03253,10,2026-07-08 20:53:05,6243.38,Hotels,100010,Card,DEV-10-1,iPhone,Goa,20,2,0,25.6,57,4830.67,4129.65,128,1065,470,0,0,0,520.05,0,
TXN10-03254,10,2026-07-08 20:58:57,4098.91,Airlines,100007,UPI,DEV-10-5,iPhone,Mumbai,20,2,0,5.87,58,4834.39,4124.85,201,200,732,0,0,0,440.32,0,
TXN10-03255,10,2026-07-08 21:20:21,4094.3,Airlines,100109,Card,DEV-10-10,iPhone,Goa,21,2,0,21.4,59,4832.46,4119.6,1,31,471,0,0,1,440.32,0,
TXN10-03256,10,2026-07-08 21:24:43,2854.15,Food,100055,UPI,DEV-10-2,iPhone,Bangalore,21,2,0,4.37,60,4830.52,4114.38,4,693,466,0,0,0,454.99,0,
TXN10-03257,10,2026-07-08 22:17:21,1611.51,Taxi,100001,UPI,DEV-10-7,Web,Goa,22,2,0,52.63,61,4811.07,4115.97,336,105,472,0,0,0,454.99,0,
TXN10-03258,10,2026-07-08 22:37:29,3275.59,Hotels,100005,Card,DEV-10-4,Android,Mumbai,22,2,0,20.13,62,4809.36,4117.16,210,301,733,0,0,0,440.32,0,
TXN10-03259,10,2026-07-08 22:56:55,7513.19,Taxi,100006,UPI,DEV-10-3,Android,Goa,22,2,0,19.43,63,4805.35,4112.51,153,486,473,0,0,0,440.32,0,
TXN10-03260,10,2026-07-08 23:21:49,3222.19,Airlines,100104,UPI,DEV-10-2,iPhone,Mumbai,23,2,0,24.9,64,4697.1,3405.82,2,694,734,0,0,0,440.32,0,
TXN10-03261,10,2026-07-08 23:28:54,1351.0,Taxi,100006,Card,DEV-10-1,iPhone,Delhi,23,2,0,7.08,65,4693.24,3402.19,154,1066,627,0,0,0,1153.24,0,
TXN10-03262,10,2026-07-08 23:33:02,2595.0,Hotels,100080,Card,DEV-10-5,iPhone,Delhi,23,2,0,4.13,66,4684.51,3402.03,8,201,628,0,0,0,0.0,1,ato_higher_amount
TXN10-03263,10,2026-07-08 23:33:57,4834.6,Airlines,100047,Card,DEV-UNK-4436,Web,Goa,23,2,0,0.92,67,4679.07,3399.26,18,1,474,1,0,0,1521.64,1,ato_higher_amount_new_device
TXN10-03264,10,2026-07-08 23:59:00,9218.57,Taxi,100098,Card,DEV-10-1,iPhone,Bangalore,23,2,0,25.05,68,4688.15,3395.0,3,1067,467,0,0,0,454.99,0,
TXN10-03265,10,2026-07-09 02:40:45,4927.01,Taxi,100024,Card,DEV-UNK-2749,Android,Goa,2,3,0,161.75,1,4699.92,3398.43,45,1,475,1,0,0,454.99,1,ato_odd_hour_new_device
TXN10-03266,10,2026-07-09 02:46:16,1528.36,Hotels,100010,Card,DEV-10-9,Android,Goa,2,3,0,5.52,2,4700.51,3394.04,129,55,476,0,0,0,0.0,1,ato_odd_hour
TXN10-03267,10,2026-07-09 05:05:03,8250.25,Airlines,100013,UPI,DEV-10-1,iPhone,Delhi,5,3,0,138.78,3,4692.31,3393.48,76,1068,629,0,0,0,1521.64,0,
TXN10-03268,10,2026-07-09 05:26:21,939.04,Airlines,100108,UPI,DEV-10-2,iPhone,Delhi,5,3,0,21.3,4,4700.06,3398.16,2,695,630,0,0,0,0.0,0,
TXN10-03269,10,2026-07-09 06:32:31,7879.9,Airlines,100066,Card,DEV-10-5,iPhone,Delhi,6,3,0,66.17,5,4690.37,3399.14,12,202,631,0,0,0,0.0,0,
TXN10-03270,10,2026-07-09 06:36:57,2598.5,Hotels,100005,Card,DEV-10-5,iPhone,Chennai,6,3,0,4.43,6,4698.57,3398.6,211,203,428,0,0,0,1767.65,0,
TXN10-03271,10,2026-07-09 06:49:03,4105.9,Food,100018,Card,DEV-10-1,iPhone,Delhi,6,3,0,12.1,7,4694.19,3400.21,32,1069,632,0,0,0,1767.65,0,
TXN10-03272,10,2026-07-09 08:14:10,7628.3,Food,100019,UPI,DEV-10-3,Android,Mumbai,8,3,0,85.12,8,4681.36,3393.7,24,487,735,0,0,0,1153.24,0,
TXN10-03273,10,2026-07-09 08:31:29,4277.28,Hotels,100164,Card,DEV-10-7,Web,Chennai,8,3,0,17.32,9,4688.94,3392.62,1,106,429,0,0,1,1033.1,1,ato_new_merchant_same_category
TXN10-03274,10,2026-07-09 08:49:19,1156.71,Hotels,100025,UPI,DEV-10-8,Web,Delhi,8,3,0,17.83,10,4687.88,3388.33,34,65,633,0,0,0,1767.65,0,
TXN10-03275,10,2026-07-09 08:53:36,1566.34,Hotels,100005,Card,DEV-10-1,iPhone,Mumbai,8,3,0,4.28,11,4678.85,3388.69,212,1070,736,0,0,0,1153.24,0,
TXN10-03276,10,2026-07-09 08:55:22,4663.09,Food,100011,UPI,DEV-10-5,iPhone,Hyderabad,8,3,0,1.77,12,4670.91,3388.01,48,204,488,0,0,0,621.46,0,
TXN10-03277,10,2026-07-09 08:55:59,10000.0,Taxi,100006,Card,DEV-10-3,Android,Goa,8,3,0,0.62,13,4670.89,3383.7,155,488,477,0,0,0,520.05,0,
TXN10-03278,10,2026-07-09 10:07:36,7622.46,Hotels,100072,UPI,DEV-10-4,Android,Delhi,10,3,0,71.62,14,4683.29,3401.07,5,302,634,0,0,0,1521.64,0,
TXN10-03279,10,2026-07-09 10:17:22,2118.74,Airlines,100066,Card,DEV-10-3,Android,Delhi,10,3,0,9.77,15,4690.81,3399.96,13,489,635,0,0,0,0.0,0,
TXN10-03280,10,2026-07-09 11:48:04,1419.36,Hotels,100030,Card,DEV-10-3,Android,Goa,11,3,0,90.7,16,4672.61,3403.58,32,490,478,0,0,0,1521.64,0,
TXN10-03281,10,2026-07-09 11:54:26,2785.52,Food,100050,Card,DEV-10-4,Android,Hyderabad,11,3,0,6.37,17,4664.25,3403.19,16,303,489,0,0,0,520.05,0,
TXN10-03282,10,2026-07-09 12:28:18,3703.38,Food,100016,Card,DEV-10-1,iPhone,Chennai,12,3,0,33.87,18,4659.43,3400.15,31,1071,430,0,0,0,515.24,0,
TXN10-03283,10,2026-07-09 13:53:36,4519.69,Airlines,100007,UPI,DEV-10-5,iPhone,Goa,13,3,0,85.3,19,4659.44,3407.46,202,205,479,0,0,0,706.92,0,
TXN10-03284,10,2026-07-09 14:06:53,9729.52,Airlines,100045,UPI,DEV-10-1,iPhone,Delhi,14,3,0,13.28,20,4659.08,3403.09,23,1072,636,0,0,0,1521.64,0,
TXN10-03285,10,2026-07-09 14:31:31,1444.83,Taxi,100021,Card,DEV-10-1,iPhone,Mumbai,14,3,0,24.63,21,4672.08,3408.38,76,1073,737,0,0,0,1153.24,0,
TXN10-03286,10,2026-07-09 14:37:24,3568.19,Food,100051,Card,DEV-10-16,iPhone,Goa,14,3,0,5.88,22,4663.83,3407.92,9,4,480,0,0,0,440.32,0,
TXN10-03287,10,2026-07-09 15:00:35,5420.92,Taxi,100001,Card,DEV-10-2,iPhone,Bangalore,15,3,0,23.18,23,4660.62,3406.04,337,696,468,0,0,0,454.99,0,
TXN10-03288,10,2026-07-09 16:02:08,7741.3,Taxi,100063,UPI,DEV-10-4,Android,Chennai,16,3,0,61.55,24,4662.57,3401.9,13,304,431,0,0,0,290.17,0,
TXN10-03289,10,2026-07-09 17:00:58,8190.71,Food,100002,Card,DEV-10-1,iPhone,Mumbai,17,3,0,58.83,25,4664.48,3408.63,264,1074,738,0,0,0,1033.1,0,
TXN10-03290,10,2026-07-09 17:04:38,10000.0,Hotels,100077,UPI,DEV-10-4,Android,Mumbai,17,3,0,3.67,26,4673.5,3408.93,4,305,739,0,0,0,0.0,0,
TXN10-03291,10,2026-07-09 17:22:42,3574.57,Food,100014,UPI,DEV-10-6,iPhone,Chennai,17,3,0,18.07,27,4687.09,3415.16,40,139,432,0,0,0,1033.1,0,
TXN10-03292,10,2026-07-09 18:12:44,3588.65,Food,100037,UPI,DEV-10-1,iPhone,Bangalore,18,3,0,50.03,28,4684.26,3411.28,20,1075,469,0,0,0,290.17,0,
TXN10-03293,10,2026-07-09 18:46:34,6339.4,Taxi,100024,UPI,DEV-10-2,iPhone,Delhi,18,3,0,33.83,29,4681.28,3411.72,46,697,637,0,0,0,1750.11,0,
TXN10-03294,10,2026-07-09 18:52:05,4588.06,Food,100002,Card,DEV-10-9,Android,Delhi,18,3,0,5.52,30,4685.49,3408.41,265,56,638,0,0,0,0.0,0,
TXN10-03295,10,2026-07-09 18:52:17,2897.39,Airlines,100007,UPI,DEV-10-2,iPhone,Hyderabad,18,3,0,0.2,31,4685.24,3404.1,203,698,490,0,0,0,1266.53,0,
TXN10-03296,10,2026-07-09 19:07:53,3715.66,Airlines,100029,Card,DEV-10-2,iPhone,Goa,19,3,0,15.6,32,4672.4,3397.49,32,699,481,0,0,0,520.05,0,
TXN10-03297,10,2026-07-09 19:32:43,4140.95,Airlines,100036,UPI,DEV-10-5,iPhone,Delhi,19,3,0,24.83,33,4668.22,3399.64,33,206,639,0,0,0,1521.64,0,
TXN10-03298,10,2026-07-09 19:40:09,3898.09,Hotels,100010,Card,DEV-10-6,iPhone,Mumbai,19,3,0,7.43,34,4666.88,3395.43,130,140,740,0,0,0,1153.24,0,
TXN10-03299,10,2026-07-09 20:06:18,5497.71,Airlines,100082,UPI,DEV-10-10,iPhone,Hyderabad,20,3,0,26.15,35,4664.94,3391.35,10,32,491,0,0,0,621.46,0,
TXN10-03300,10,2026-07-09 20:12:13,2824.82,Airlines,100109,UPI,DEV-10-2,iPhone,Goa,20,3,0,5.92,36,4657.19,3385.94,2,700,482,0,0,0,520.05,0,
TXN10-03301,10,2026-07-09 20:22:24,5724.99,Food,100014,Card,DEV-10-3,Android,Delhi,20,3,0,10.18,37,4652.57,3382.92,41,491,640,0,0,0,1521.64,0,
TXN10-03302,10,2026-07-09 20:46:53,6121.71,Food,100028,Card,DEV-10-1,iPhone,Mumbai,20,3,0,24.48,38,4655.27,3379.08,25,1076,741,0,0,0,1153.24,0,
TXN10-03303,10,2026-07-09 21:22:31,7875.6,Food,100002,Card,DEV-10-1,iPhone,Bangalore,21,3,0,35.63,39,4666.18,3376.8,266,1077,470,0,0,0,845.32,0,
TXN10-03304,10,2026-07-09 21:26:37,3582.92,Airlines,100007,Card,DEV-10-1,iPhone,Goa,21,3,0,4.1,40,4674.25,3376.38,204,1078,483,0,0,0,454.99,0,
TXN10-03305,10,2026-07-09 22:27:12,1771.86,Taxi,100006,UPI,DEV-10-3,Android,Goa,22,3,0,60.58,41,4671.07,3376.81,156,492,484,0,0,0,0.0,0,
TXN10-03306,10,2026-07-09 22:39:15,3507.04,Food,100002,UPI,DEV-10-4,Android,Delhi,22,3,0,12.05,42,4653.25,3373.34,267,306,641,0,0,0,1521.64,0,
TXN10-03307,10,2026-07-09 22:56:23,10000.0,Airlines,100066,UPI,DEV-10-4,Android,Hyderabad,22,3,0,17.13,43,4652.44,3376.91,14,307,492,0,0,0,1266.53,0,
TXN10-03308,10,2026-07-09 23:05:15,3636.64,Hotels,100074,Card,DEV-10-1,iPhone,Chennai,23,3,0,8.87,44,4665.91,3383.29,7,1079,433,0,0,0,515.24,0,
TXN10-03309,10,2026-07-09 23:06:16,9159.57,Airlines,100065,UPI,DEV-10-2,iPhone,Goa,23,3,0,1.02,45,4663.32,3379.43,7,701,485,0,0,0,706.92,0,
TXN10-03310,10,2026-07-09 23:09:17,7716.57,Taxi,100024,UPI,DEV-10-3,Android,Mumbai,23,3,0,3.02,46,4674.59,3382.67,47,493,742,0,0,0,440.32,0,
TXN10-03311,10,2026-07-09 23:19:06,3193.55,Hotels,100005,Card,DEV-10-1,iPhone,Goa,23,3,0,9.82,47,4682.2,3381.86,213,1080,486,0,0,0,440.32,0,
TXN10-03312,10,2026-07-10 01:35:30,5250.0,Airlines,100001,Card,DEV-UNK-8156,Android,Mumbai,1,4,0,136.4,1,4670.27,3382.82,338,1,743,1,0,0,440.32,1,unknown_device
TXN10-03313,10,2026-07-10 05:12:09,3104.81,Food,100014,Card,DEV-10-3,Android,Mumbai,5,4,0,216.65,2,4671.72,3378.71,42,494,744,0,0,0,0.0,0,
TXN10-03314,10,2026-07-10 05:52:08,3847.28,Airlines,100027,Card,DEV-10-4,Android,Chennai,5,4,0,39.98,3,4658.36,3384.96,44,308,434,0,0,0,1033.1,0,
TXN10-03315,10,2026-07-10 05:59:10,3697.77,Hotels,100020,Card,DEV-10-6,iPhone,Bangalore,5,4,0,7.03,4,4656.33,3380.95,44,141,471,0,0,0,290.17,0,
TXN10-03316,10,2026-07-10 06:01:10,5575.88,Taxi,100162,UPI,DEV-10-1,iPhone,Hyderabad,6,4,0,2.0,5,4651.91,3381.05,2,1081,493,0,0,0,499.99,1,ato_short_gap
TXN10-03317,10,2026-07-10 06:27:45,6863.34,Taxi,100006,UPI,DEV-10-5,iPhone,Bangalore,6,4,0,26.58,6,4646.78,3378.09,157,207,472,0,0,0,499.99,0,
TXN10-03318,10,2026-07-10 07:07:01,3705.64,Airlines,100083,Card,DEV-10-1,iPhone,Bangalore,7,4,0,39.27,7,4652.32,3375.68,6,1082,473,0,0,0,0.0,0,
TXN10-03319,10,2026-07-10 07:52:47,6366.98,Food,100110,UPI,DEV-10-4,Android,Chennai,7,4,0,45.77,8,4655.71,3374.05,1,309,435,0,0,1,290.17,0,
TXN10-03320,10,2026-07-10 07:59:19,10000.0,Food,100011,UPI,DEV-10-2,iPhone,Mumbai,7,4,0,6.53,9,4657.33,3374.71,49,702,745,0,0,0,1033.1,0,
TXN10-03321,10,2026-07-10 08:55:00,4128.57,Food,100078,UPI,DEV-10-1,iPhone,Delhi,8,4,0,55.68,10,4665.51,3380.58,3,1083,642,0,0,0,1153.24,0,
TXN10-03322,10,2026-07-10 09:30:08,4903.85,Taxi,100006,Card,DEV-10-1,iPhone,Bangalore,9,4,0,35.13,11,4670.26,3382.29,158,1084,474,0,0,0,1750.11,0,
TXN10-03323,10,2026-07-10 10:33:55,3347.41,Taxi,100111,Card,DEV-10-5,iPhone,Bangalore,10,4,0,63.78,12,4676.53,3386.3,2,208,475,0,0,0,0.0,0,
TXN10-03324,10,2026-07-10 11:22:34,3775.55,Taxi,100006,Card,DEV-10-1,iPhone,Mumbai,11,4,0,48.65,13,4662.33,3386.76,159,1085,746,0,0,0,845.32,0,
TXN10-03325,10,2026-07-10 11:51:43,4110.72,Taxi,100001,Card,DEV-10-1,iPhone,Bangalore,11,4,0,29.15,14,4666.66,3384.54,339,1086,476,0,0,0,845.32,0,
TXN10-03326,10,2026-07-10 11:58:01,8984.79,Taxi,100048,UPI,DEV-10-12,iPhone,Chennai,11,4,0,6.3,15,4660.59,3374.51,18,14,436,0,0,0,290.17,0,
TXN10-03327,10,2026-07-10 11:58:12,2676.42,Food,100004,UPI,DEV-10-8,Web,Delhi,11,4,0,0.18,16,4671.65,3377.26,75,66,643,0,0,0,1767.65,0,
TXN10-03328,10,2026-07-10 13:28:41,10000.0,Taxi,100001,Card,DEV-10-1,iPhone,Mumbai,13,4,0,90.48,17,4665.77,3382.91,340,1087,747,0,0,0,1153.24,0,
TXN10-03329,10,2026-07-10 14:13:35,4644.75,Food,100003,Card,DEV-10-1,iPhone,Delhi,14,4,0,44.9,18,4694.49,3391.66,137,1088,644,0,0,0,1153.24,0,
TXN10-03330,10,2026-07-10 14:27:21,3447.18,Airlines,100013,Card,DEV-10-9,Android,Hyderabad,14,4,0,13.77,19,4694.37,3387.27,77,57,494,0,0,0,1266.53,0,
TXN10-03331,10,2026-07-10 16:32:11,3210.84,Taxi,100087,Card,DEV-10-2,iPhone,Mumbai,16,4,0,124.83,20,4687.15,3384.38,4,703,748,0,0,0,621.46,0,
TXN10-03332,10,2026-07-10 16:47:03,2972.99,Hotels,100025,Card,DEV-10-4,Android,Chennai,16,4,0,14.87,21,4683.32,3380.83,35,310,437,0,0,0,1033.1,0,
TXN10-03333,10,2026-07-10 16:51:35,2727.28,Taxi,100024,UPI,DEV-10-3,Android,Chennai,16,4,0,4.53,22,4678.9,3377.57,48,495,438,0,0,0,0.0,0,
TXN10-03334,10,2026-07-10 17:09:03,1805.71,Hotels,100099,Card,DEV-10-8,Web,Delhi,17,4,0,17.47,23,4677.61,3378.22,4,67,645,0,0,0,1767.65,0,
TXN10-03335,10,2026-07-10 17:21:24,5748.42,Hotels,100096,Card,DEV-10-1,iPhone,Chennai,17,4,0,12.35,24,4670.21,3377.01,4,1089,439,0,0,0,1767.65,0,
TXN10-03336,10,2026-07-10 17:30:07,9216.05,Hotels,100052,UPI,DEV-10-1,iPhone,Hyderabad,17,4,0,8.72,25,4672.98,3373.11,8,1090,495,0,0,0,515.24,0,
TXN10-03337,10,2026-07-10 17:30:24,863.6,Taxi,100105,Card,DEV-10-5,iPhone,Mumbai,17,4,0,0.28,26,4684.63,3376.6,2,209,749,0,0,0,621.46,0,
TXN10-03338,10,2026-07-10 17:45:47,667.84,Hotels,100010,UPI,DEV-10-6,iPhone,Chennai,17,4,0,15.38,27,4668.4,3385.21,131,142,440,0,0,0,1033.1,0,
TXN10-03339,10,2026-07-10 17:46:33,3151.45,Taxi,100100,Card,DEV-10-5,iPhone,Hyderabad,17,4,0,0.77,28,4658.14,3386.92,3,210,496,0,0,0,515.24,0,
TXN10-03340,10,2026-07-10 17:56:58,3353.71,Food,100004,Card,DEV-10-5,iPhone,Hyderabad,17,4,0,10.42,29,4659.1,3386.43,76,211,497,0,0,0,0.0,0,
TXN10-03341,10,2026-07-10 17:59:28,3383.74,Hotels,100005,Card,DEV-10-1,iPhone,Chennai,17,4,0,2.5,30,4655.76,3382.74,214,1091,441,0,0,0,515.24,0,
TXN10-03342,10,2026-07-10 18:49:16,2351.31,Taxi,100001,UPI,DEV-10-1,iPhone,Bangalore,18,4,0,49.8,31,4641.86,3376.77,341,1092,477,0,0,0,290.17,0,
TXN10-03343,10,2026-07-10 19:19:31,2633.35,Food,100044,Card,DEV-10-2,iPhone,Chennai,19,4,0,30.25,32,4634.23,3378.56,11,704,442,0,0,0,290.17,0,
TXN10-03344,10,2026-07-10 19:39:15,5784.71,Food,100004,Card,DEV-10-2,iPhone,Mumbai,19,4,0,19.73,33,4629.81,3380.05,77,705,750,0,0,0,1033.1,0,
TXN10-03345,10,2026-07-10 20:46:55,1664.37,Food,100091,Card,DEV-10-1,iPhone,Mumbai,20,4,0,67.67,34,4634.88,3387.59,4,1093,751,0,0,0,0.0,0,
TXN10-03346,10,2026-07-10 20:58:55,4652.99,Hotels,100005,UPI,DEV-10-1,iPhone,Delhi,20,4,0,12.0,35,4629.06,3391.86,215,1094,646,0,0,0,1153.24,0,
TXN10-03347,10,2026-07-10 21:18:49,1625.59,Taxi,100001,UPI,DEV-10-3,Android,Bangalore,21,4,0,19.9,36,4629.12,3387.5,342,496,478,0,0,0,1750.11,0,
TXN10-03348,10,2026-07-10 21:56:45,3749.25,Food,100019,UPI,DEV-10-1,iPhone,Mumbai,21,4,0,37.93,37,4628.28,3393.92,25,1095,752,0,0,0,845.32,0,
TXN10-03349,10,2026-07-10 22:23:51,1381.98,Hotels,100062,UPI,DEV-10-1,iPhone,Delhi,22,4,0,27.1,38,4616.97,3386.83,5,1096,647,0,0,0,1153.24,0,
TXN10-03350,10,2026-07-10 22:26:36,1543.08,Food,100014,Card,DEV-10-3,Android,Bangalore,22,4,0,2.75,39,4608.63,3386.44,43,497,479,0,0,0,1750.11,0,
TXN10-03351,10,2026-07-10 23:31:49,1575.06,Hotels,100020,UPI,DEV-10-1,iPhone,Mumbai,23,4,0,65.22,40,4611.65,3390.66,45,1097,753,0,0,0,845.32,0,
TXN10-03352,10,2026-07-10 23:45:00,2274.38,Airlines,100013,Card,DEV-10-1,iPhone,Mumbai,23,4,0,13.18,41,4603.83,3389.79,78,1098,754,0,0,0,0.0,0,
TXN10-03353,10,2026-07-11 05:06:46,9101.5,Hotels,100010,UPI,DEV-10-1,iPhone,Delhi,5,5,1,321.77,1,4600.14,3391.54,132,1099,648,0,0,0,1153.24,0,
TXN10-03354,10,2026-07-11 05:11:07,10000.0,Food,100002,Card,DEV-10-1,iPhone,Delhi,5,5,1,4.35,2,4612.91,3399.13,268,1100,649,0,0,0,0.0,0,
TXN10-03355,10,2026-07-11 05:25:36,3769.41,Taxi,100032,UPI,DEV-10-1,iPhone,Delhi,5,5,1,14.48,3,4628.48,3409.91,32,1101,650,0,0,0,0.0,0,
TXN10-03356,10,2026-07-11 06:24:48,1743.11,Food,100011,Card,DEV-10-4,Android,Hyderabad,6,5,1,59.2,4,4625.02,3414.28,50,311,498,0,0,0,1266.53,0,
TXN10-03357,10,2026-07-11 06:27:05,6048.74,Taxi,100105,Card,DEV-10-2,iPhone,Hyderabad,6,5,1,2.28,5,4617.57,3413.01,3,706,499,0,0,0,0.0,0,
TXN10-03358,10,2026-07-11 06:27:52,3475.58,Hotels,100005,UPI,DEV-10-1,iPhone,Goa,6,5,1,0.78,6,4621.26,3409.38,216,1102,487,0,0,0,520.05,0,
TXN10-03359,10,2026-07-11 06:36:42,4496.05,Taxi,100006,Card,DEV-10-1,iPhone,Bangalore,6,5,1,8.83,7,4618.31,3405.49,160,1103,480,0,0,0,454.99,0,
TXN10-03360,10,2026-07-11 06:39:14,8763.23,Food,100002,Card,DEV-10-5,iPhone,Mumbai,6,5,1,2.53,8,4618.0,3401.12,269,212,755,0,0,0,845.32,0,
TXN10-03361,10,2026-07-11 07:04:36,2426.25,Taxi,100006,Card,DEV-10-1,iPhone,Hyderabad,7,5,1,25.37,9,4628.6,3403.22,161,1104,500,0,0,0,621.46,0,
TXN10-03362,10,2026-07-11 09:00:03,3336.43,Taxi,100043,UPI,DEV-10-3,Android,Hyderabad,9,5,1,115.45,10,4583.07,3407.72,17,498,501,0,0,0,0.0,0,
TXN10-03363,10,2026-07-11 09:14:10,2880.2,Food,100002,UPI,DEV-10-6,iPhone,Bangalore,9,5,1,14.12,11,4572.18,3410.91,270,143,481,0,0,0,499.99,0,
TXN10-03364,10,2026-07-11 09:45:55,2139.77,Food,100034,UPI,DEV-10-2,iPhone,Chennai,9,5,1,31.75,12,4576.25,3407.95,20,707,443,0,0,0,290.17,0,
TXN10-03365,10,2026-07-11 09:56:41,1183.19,Food,100003,Card,DEV-10-2,iPhone,Mumbai,9,5,1,10.77,13,4578.54,3406.02,138,708,756,0,0,0,1033.1,0,
TXN10-03366,10,2026-07-11 09:59:29,9430.47,Airlines,100027,UPI,DEV-10-2,iPhone,Goa,9,5,1,2.8,14,4569.67,3405.98,45,709,488,0,0,0,440.32,0,
TXN10-03367,10,2026-07-11 10:08:00,5340.58,Hotels,100005,Card,DEV-10-5,iPhone,Hyderabad,10,5,1,8.52,15,4589.69,3416.92,217,213,502,0,0,0,520.05,0,
TXN10-03368,10,2026-07-11 12:55:15,5250.0,Airlines,100001,Card,DEV-UNK-6552,iPhone,Mumbai,12,5,1,167.25,16,4649.03,3429.34,343,1,757,1,0,0,621.46,1,unknown_device
TXN10-03369,10,2026-07-11 13:48:55,1697.39,Taxi,100038,Card,DEV-10-3,Android,Mumbai,13,5,1,53.67,17,4653.64,3432.29,26,499,758,0,0,0,0.0,0,
TXN10-03370,10,2026-07-11 14:34:16,5534.57,Taxi,100032,Card,DEV-10-1,iPhone,Chennai,14,5,1,45.35,18,4670.69,3441.58,33,1105,444,0,0,0,1033.1,0,
TXN10-03371,10,2026-07-11 14:50:48,2487.67,Taxi,100001,UPI,DEV-10-5,iPhone,Goa,14,5,1,16.53,19,4672.46,3441.86,344,214,489,0,0,0,706.92,0,
TXN10-03372,10,2026-07-11 15:30:01,5849.8,Food,100002,Card,DEV-10-1,iPhone,Delhi,15,5,1,39.22,20,4672.21,3446.28,271,1106,651,0,0,0,1521.64,0,
TXN10-03373,10,2026-07-11 15:37:53,4501.97,Food,100011,UPI,DEV-10-6,iPhone,Chennai,15,5,1,7.87,21,4675.42,3442.13,51,144,445,0,0,0,1767.65,0,
TXN10-03374,10,2026-07-11 16:17:53,2972.16,Taxi,100101,Card,DEV-10-1,iPhone,Hyderabad,16,5,1,40.0,22,4676.95,3449.67,2,1107,503,0,0,0,515.24,0,
TXN10-03375,10,2026-07-11 16:56:25,3008.54,Food,100042,Card,DEV-10-1,iPhone,Mumbai,16,5,1,38.53,23,4656.13,3444.08,13,1108,759,0,0,0,621.46,0,
TXN10-03376,10,2026-07-11 17:12:42,989.21,Hotels,100020,UPI,DEV-10-3,Android,Chennai,17,5,1,16.28,24,4626.42,3432.76,46,500,446,0,0,0,1033.1,0,
TXN10-03377,10,2026-07-11 17:24:49,5018.77,Hotels,100025,Card,DEV-10-5,iPhone,Goa,17,5,1,12.12,25,4616.35,3433.33,36,215,490,0,0,0,706.92,0,
TXN10-03378,10,2026-07-11 17:46:07,3783.32,Taxi,100001,Card,DEV-10-5,iPhone,Mumbai,17,5,1,21.3,26,4581.04,3425.12,345,216,760,0,0,0,440.32,0,
TXN10-03379,10,2026-07-11 18:39:46,930.13,Taxi,100111,Card,DEV-10-1,iPhone,Hyderabad,18,5,1,53.65,27,4580.46,3441.3,3,1109,504,0,0,0,621.46,0,
TXN10-03380,10,2026-07-11 19:17:37,4092.63,Taxi,100001,UPI,DEV-10-2,iPhone,Hyderabad,19,5,1,37.85,28,4570.12,3441.9,346,710,505,0,0,0,0.0,0,
TXN10-03381,10,2026-07-11 19:41:12,3324.8,Food,100078,Card,DEV-10-7,Web,Hyderabad,19,5,1,23.58,29,4556.76,3434.57,4,107,506,0,0,0,0.0,0,
TXN10-03382,10,2026-07-11 20:53:07,1370.47,Food,100051,UPI,DEV-10-3,Android,Chennai,20,5,1,71.92,30,4530.99,3418.66,10,501,447,0,0,0,515.24,0,
TXN10-03383,10,2026-07-11 20:53:28,3974.93,Taxi,100038,UPI,DEV-10-4,Android,Chennai,20,5,1,0.35,31,4522.01,3417.94,27,312,448,0,0,0,0.0,0,
TXN10-03384,10,2026-07-11 21:08:08,5389.34,Hotels,100025,Card,DEV-10-2,iPhone,Delhi,21,5,1,14.67,32,4527.42,3415.56,37,711,652,0,0,0,1767.65,0,
TXN10-03385,10,2026-07-11 21:20:42,1520.06,Taxi,100043,Card,DEV-10-2,iPhone,Goa,21,5,1,12.57,33,4533.98,3415.0,18,712,491,0,0,0,1521.64,0,
TXN10-03386,10,2026-07-11 21:43:26,7735.76,Airlines,100013,Card,DEV-10-3,Android,Mumbai,21,5,1,22.73,34,4525.44,3413.92,79,502,761,0,0,0,440.32,0,
TXN10-03387,10,2026-07-11 21:53:24,7720.59,Airlines,100007,UPI,DEV-10-9,Android,Goa,21,5,1,9.97,35,4541.17,3421.03,205,58,492,0,0,0,440.32,0,
TXN10-03388,10,2026-07-11 23:23:07,4429.74,Airlines,100007,UPI,DEV-10-1,iPhone,Delhi,23,5,1,89.72,36,4567.47,3444.45,206,1110,653,0,0,0,1521.64,0,
TXN10-03389,10,2026-07-12 00:28:04,50000.0,Luxury Goods,100001,Card,DEV-10-1,iPhone,Mumbai,0,6,1,64.95,1,4573.6,3452.25,347,1111,762,0,0,0,1153.24,1,large_luxury_purchase
TXN10-03390,10,2026-07-12 04:53:23,5250.0,Airlines,100001,Card,DEV-UNK-9718,Android,Mumbai,4,6,1,265.32,2,4706.04,4228.71,348,1,763,1,0,0,0.0,1,unknown_device
TXN10-03391,10,2026-07-12 05:02:49,8417.96,Taxi,100098,UPI,DEV-10-1,iPhone,Hyderabad,5,6,1,9.43,3,4707.62,4222.66,4,1112,507,0,0,0,621.46,0,
TXN10-03392,10,2026-07-12 05:18:41,2249.1,Taxi,100021,Card,DEV-10-2,iPhone,Delhi,5,6,1,15.87,4,4718.37,4221.25,77,713,654,0,0,0,1266.53,0,
TXN10-03393,10,2026-07-12 05:26:02,10000.0,Food,100002,Card,DEV-10-2,iPhone,Delhi,5,6,1,7.35,5,4716.08,4228.92,272,714,655,0,0,0,0.0,0,
TXN10-03394,10,2026-07-12 05:38:28,3206.27,Food,100004,Card,DEV-10-6,iPhone,Goa,5,6,1,12.43,6,4731.4,4232.33,78,145,493,0,0,0,1521.64,0,
TXN10-03395,10,2026-07-12 05:50:41,9821.26,Airlines,100007,Card,DEV-10-2,iPhone,Hyderabad,5,6,1,12.22,7,4712.32,4224.31,207,715,508,0,0,0,520.05,0,
TXN10-03396,10,2026-07-12 07:18:08,5410.53,Airlines,100007,UPI,DEV-10-3,Android,Chennai,7,6,1,87.45,8,4730.11,4247.07,208,503,449,0,0,0,515.24,0,
TXN10-03397,10,2026-07-12 07:25:07,3944.2,Airlines,100007,UPI,DEV-10-2,iPhone,Delhi,7,6,1,6.98,9,4732.09,4241.03,209,716,656,0,0,0,1767.65,0,
TXN10-03398,10,2026-07-12 07:54:16,4303.8,Hotels,100012,Card,DEV-10-3,Android,Bangalore,7,6,1,29.15,10,4727.74,4235.17,95,504,482,0,0,0,1750.11,0,
TXN10-03399,10,2026-07-12 08:30:50,5024.87,Food,100002,Card,DEV-10-4,Android,Bangalore,8,6,1,36.57,11,4727.85,4235.16,273,313,483,0,0,0,0.0,0,
TXN10-03400,10,2026-07-12 09:05:35,7420.63,Food,100015,UPI,DEV-10-3,Android,Delhi,9,6,1,34.75,12,4728.72,4229.01,44,505,657,0,0,0,1750.11,0,
TXN10-03401,10,2026-07-12 09:17:25,2481.31,Taxi,100093,Card,DEV-10-3,Android,Bangalore,9,6,1,11.83,13,4722.58,4223.57,3,506,484,0,0,0,1750.11,0,
TXN10-03402,10,2026-07-12 09:38:08,2016.0,Taxi,100001,UPI,DEV-10-4,Android,Mumbai,9,6,1,20.72,14,4716.07,4219.16,349,314,764,0,0,0,845.32,0,
TXN10-03403,10,2026-07-12 09:46:43,2444.73,Airlines,100007,Card,DEV-UNK-8550,Web,Delhi,9,6,1,8.58,15,4708.24,4215.54,210,1,658,1,0,0,1153.24,1,ato_new_device
TXN10-03404,10,2026-07-12 09:56:14,4532.79,Airlines,100007,UPI,DEV-10-2,iPhone,Goa,9,6,1,9.52,16,4701.7,4211.19,211,717,494,0,0,0,1521.64,0,
TXN10-03405,10,2026-07-12 10:17:18,5469.22,Airlines,100009,Card,DEV-10-5,iPhone,Bangalore,10,6,1,21.07,17,4702.29,4211.81,117,217,485,0,0,0,454.99,0,
TXN10-03406,10,2026-07-12 11:22:03,4408.96,Taxi,100084,Card,DEV-10-3,Android,Delhi,11,6,1,64.75,18,4705.79,4222.07,4,507,659,0,0,0,1750.11,0,
TXN10-03407,10,2026-07-12 11:53:29,937.04,Food,100057,UPI,DEV-10-2,iPhone,Mumbai,11,6,1,31.43,19,4709.02,4223.12,10,718,765,0,0,0,1153.24,0,
TXN10-03408,10,2026-07-12 11:56:06,8748.08,Taxi,100001,Card,DEV-10-5,iPhone,Hyderabad,11,6,1,2.62,20,4698.02,4221.86,350,218,509,0,0,0,621.46,0,
TXN10-03409,10,2026-07-12 11:56:08,1854.69,Airlines,100065,Card,DEV-10-6,iPhone,Goa,11,6,1,0.03,21,4709.79,4221.35,8,146,495,0,0,0,520.05,0,
TXN10-03410,10,2026-07-12 12:46:01,6147.47,Taxi,100031,Card,DEV-10-1,iPhone,Chennai,12,6,1,49.88,22,4701.52,4218.02,31,1113,450,0,0,0,706.92,0,
TXN10-03411,10,2026-07-12 12:49:12,2290.37,Food,100003,UPI,DEV-10-11,Web,Bangalore,12,6,1,3.18,23,4705.7,4212.64,139,19,486,0,0,0,290.17,0,
TXN10-03412,10,2026-07-12 13:09:03,2992.6,Hotels,100005,Card,DEV-10-1,iPhone,Chennai,13,6,1,19.85,24,4691.53,4212.49,218,1114,451,0,0,0,290.17,0,
TXN10-03413,10,2026-07-12 13:32:37,3313.38,Food,100002,UPI,DEV-10-1,iPhone,Bangalore,13,6,1,23.57,25,4689.69,4219.39,274,1115,487,0,0,0,290.17,0,
TXN10-03414,10,2026-07-12 13:51:33,10000.0,Airlines,100088,Card,DEV-10-1,iPhone,Delhi,13,6,1,18.93,26,4685.71,4213.94,3,1116,660,0,0,0,1750.11,0,
TXN10-03415,10,2026-07-12 14:56:33,9044.21,Airlines,100013,Card,DEV-10-1,iPhone,Mumbai,14,6,1,65.0,27,4708.25,4221.44,80,1117,766,0,0,0,1153.24,0,
TXN10-03416,10,2026-07-12 15:31:44,4899.37,Taxi,100006,Card,DEV-10-2,iPhone,Bangalore,15,6,1,35.18,28,4716.32,4235.17,162,719,488,0,0,0,845.32,0,
TXN10-03417,10,2026-07-12 16:13:54,7349.37,Hotels,100017,Card,DEV-10-1,iPhone,Chennai,16,6,1,42.17,29,4717.7,4235.16,56,1118,452,0,0,0,290.17,0,
TXN10-03418,10,2026-07-12 16:23:21,5151.34,Food,100014,Card,DEV-10-2,iPhone,Hyderabad,16,6,1,9.45,30,4716.08,4234.05,44,720,510,0,0,0,515.24,0,
TXN10-03419,10,2026-07-12 17:55:53,7238.46,Airlines,100009,UPI,DEV-10-39,Web,Mumbai,17,6,1,92.53,31,4736.25,4241.58,118,1,767,1,0,0,621.46,0,
TXN10-03420,10,2026-07-12 18:02:26,2483.02,Airlines,100088,Card,DEV-10-12,iPhone,Delhi,18,6,1,6.55,32,4749.69,4248.89,4,15,661,0,0,0,1153.24,0,
TXN10-03421,10,2026-07-12 18:09:09,6072.85,Taxi,100100,Card,DEV-10-2,iPhone,Mumbai,18,6,1,6.72,33,4743.06,4244.44,4,721,768,0,0,0,1153.24,0,
TXN10-03422,10,2026-07-12 18:24:13,4905.58,Hotels,100077,Card,DEV-10-1,iPhone,Hyderabad,18,6,1,15.07,34,4746.94,4238.85,5,1119,511,0,0,0,621.46,0,
TXN10-03423,10,2026-07-12 18:48:38,3665.03,Food,100008,UPI,DEV-10-7,Web,Goa,18,6,1,24.42,35,4747.4,4232.7,67,108,496,0,0,0,520.05,0,
TXN10-03424,10,2026-07-12 19:01:11,2833.16,Hotels,100033,Card,DEV-10-5,iPhone,Chennai,19,6,1,12.55,36,4744.26,4226.96,33,219,453,0,0,0,706.92,0,
TXN10-03425,10,2026-07-12 19:37:35,5014.07,Hotels,100005,Card,DEV-10-4,Android,Goa,19,6,1,36.4,37,4738.75,4228.21,219,315,497,0,0,0,706.92,0,
TXN10-03426,10,2026-07-12 20:08:01,10000.0,Taxi,100001,UPI,DEV-10-1,iPhone,Mumbai,20,6,1,30.43,38,4747.47,4225.66,351,1120,769,0,0,0,440.32,0,
TXN10-03427,10,2026-07-12 20:09:50,6317.68,Food,100003,UPI,DEV-10-2,iPhone,Hyderabad,20,6,1,1.82,39,4762.65,4228.96,140,722,512,0,0,0,621.46,0,
TXN10-03428,10,2026-07-12 20:22:23,2260.25,Airlines,100007,Card,DEV-10-9,Android,Mumbai,20,6,1,12.55,40,4767.47,4229.78,212,59,770,0,0,0,621.46,0,
TXN10-03429,10,2026-07-12 20:25:47,4620.91,Hotels,100035,Card,DEV-10-3,Android,Delhi,20,6,1,3.4,41,4760.25,4225.82,19,508,662,0,0,0,1153.24,0,
TXN10-03430,10,2026-07-12 20:29:23,1746.56,Airlines,100013,Card,DEV-10-7,Web,Bangalore,20,6,1,3.6,42,4759.85,4219.75,81,109,489,0,0,0,1750.11,0,
TXN10-03431,10,2026-07-12 20:56:29,10000.0,Food,100003,Card,DEV-10-10,iPhone,Mumbai,20,6,1,27.1,43,4751.21,4216.78,141,33,771,0,0,0,845.32,0,
TXN10-03432,10,2026-07-12 21:26:36,7471.67,Taxi,100031,UPI,DEV-10-3,Android,Hyderabad,21,6,1,30.12,44,4772.08,4224.67,32,509,513,0,0,0,621.46,0,
TXN10-03433,10,2026-07-12 21:27:17,4730.46,Airlines,100009,Card,DEV-10-6,iPhone,Goa,21,6,1,0.68,45,4779.79,4221.09,119,147,498,0,0,0,520.05,0,
TXN10-03434,10,2026-07-12 22:15:45,2840.1,Taxi,100038,Card,DEV-10-2,iPhone,Hyderabad,22,6,1,48.47,46,4779.65,4215.08,28,723,514,0,0,0,520.05,0,
TXN10-03435,10,2026-07-12 22:21:27,4144.33,Taxi,100001,Card,DEV-10-2,iPhone,Delhi,22,6,1,5.7,47,4774.14,4210.35,352,724,663,0,0,0,1266.53,0,
TXN10-03436,10,2026-07-12 22:40:43,6084.22,Airlines,100007,UPI,DEV-10-2,iPhone,Delhi,22,6,1,19.27,48,4788.43,4210.93,213,725,664,0,0,0,0.0,0,
TXN10-03437,10,2026-07-12 23:31:48,1332.72,Airlines,100007,UPI,DEV-10-3,Android,Bangalore,23,6,1,51.08,49,4797.01,4210.49,214,510,490,0,0,0,1750.11,0,
TXN10-03438,10,2026-07-12 23:56:38,4699.82,Hotels,100025,UPI,DEV-10-1,iPhone,Mumbai,23,6,1,24.83,50,4790.13,4214.17,38,1121,772,0,0,0,845.32,0,
TXN10-03439,10,2026-07-13 05:00:34,2790.89,Hotels,100056,Card,DEV-10-1,iPhone,Mumbai,5,0,0,303.93,1,4784.75,4214.84,9,1122,773,0,0,0,0.0,0,
TXN10-03440,10,2026-07-13 05:39:23,980.3,Hotels,100005,UPI,DEV-10-5,iPhone,Hyderabad,5,0,0,38.82,2,4779.78,4216.16,220,220,515,0,0,0,621.46,0,
TXN10-03441,10,2026-07-13 07:19:54,2943.83,Airlines,100007,Card,DEV-10-2,iPhone,Goa,7,0,0,100.52,3,4787.31,4242.19,215,726,499,0,0,0,520.05,0,
TXN10-03442,10,2026-07-13 07:37:03,4902.51,Hotels,100074,Card,DEV-10-1,iPhone,Delhi,7,0,0,17.15,4,4781.95,4237.18,8,1123,665,0,0,0,1521.64,0,
TXN10-03443,10,2026-07-13 08:15:59,2628.36,Hotels,100010,Card,DEV-10-1,iPhone,Bangalore,8,0,0,38.93,5,4776.43,4235.78,133,1124,491,0,0,0,1750.11,0,
TXN10-03444,10,2026-07-13 08:21:27,7620.19,Food,100008,UPI,DEV-10-6,iPhone,Bangalore,8,0,0,5.47,6,4770.2,4231.21,68,148,492,0,0,0,0.0,0,
TXN10-03445,10,2026-07-13 08:33:52,10000.0,Hotels,100010,Card,DEV-10-2,iPhone,Mumbai,8,0,0,12.42,7,4780.84,4233.75,134,727,774,0,0,0,845.32,0,
TXN10-03446,10,2026-07-13 08:39:14,3265.1,Airlines,100009,UPI,DEV-10-1,iPhone,Mumbai,8,0,0,5.37,8,4795.92,4236.9,120,1125,775,0,0,0,0.0,0,
TXN10-03447,10,2026-07-13 08:44:52,1548.59,Food,100102,Card,DEV-10-1,iPhone,Bangalore,8,0,0,5.63,9,4791.51,4231.59,4,1126,493,0,0,0,845.32,0,
TXN10-03448,10,2026-07-13 08:47:39,3728.13,Hotels,100010,UPI,DEV-10-1,iPhone,Goa,8,0,0,2.78,10,4782.19,4229.07,135,1127,500,0,0,0,454.99,0,
TXN10-03449,10,2026-07-13 09:16:49,1850.07,Airlines,100007,UPI,DEV-10-5,iPhone,Mumbai,9,0,0,29.17,11,4776.36,4229.12,216,221,776,0,0,0,440.32,0,
TXN10-03450,10,2026-07-13 09:22:40,4417.22,Hotels,100046,Card,DEV-10-4,Android,Hyderabad,9,0,0,5.85,12,4767.98,4225.95,23,316,516,0,0,0,621.46,0,
TXN10-03451,10,2026-07-13 10:03:57,4562.26,Airlines,100007,Card,DEV-10-2,iPhone,Delhi,10,0,0,41.28,13,4766.44,4234.49,217,728,666,0,0,0,1266.53,0,
TXN10-03452,10,2026-07-13 10:10:15,2595.02,Hotels,100056,Card,DEV-10-2,iPhone,Chennai,10,0,0,6.3,14,4770.39,4233.66,10,729,454,0,0,0,1767.65,0,
TXN10-03453,10,2026-07-13 10:28:56,602.27,Airlines,100013,Card,DEV-10-2,iPhone,Goa,10,0,0,18.68,15,4760.02,4234.58,82,730,501,0,0,0,706.92,0,
TXN10-03454,10,2026-07-13 11:48:42,1975.76,Taxi,100006,Card,DEV-10-1,iPhone,Chennai,11,0,0,79.77,16,4744.43,4244.95,163,1128,455,0,0,0,706.92,0,
TXN10-03455,10,2026-07-13 13:16:38,3177.84,Hotels,100095,Card,DEV-10-1,iPhone,Goa,13,0,0,87.93,17,4758.96,4275.8,2,1129,502,0,0,0,706.92,0,
TXN10-03456,10,2026-07-13 13:34:20,4081.07,Food,100034,Card,DEV-10-7,Web,Bangalore,13,0,0,17.7,18,4754.31,4270.36,21,110,494,0,0,0,454.99,0,
TXN10-03457,10,2026-07-13 13:53:01,2216.67,Taxi,100021,UPI,DEV-10-2,iPhone,Chennai,13,0,0,18.68,19,4747.11,4269.43,78,731,456,0,0,0,290.17,0,
TXN10-03458,10,2026-07-13 14:22:35,3217.84,Airlines,100036,Card,DEV-10-3,Android,Delhi,14,0,0,29.57,20,4757.12,4271.71,34,511,667,0,0,0,1767.65,0,
TXN10-03459,10,2026-07-13 14:24:54,6415.04,Food,100003,Card,DEV-10-2,iPhone,Bangalore,14,0,0,2.32,21,4752.59,4266.23,142,732,495,0,0,0,1750.11,0,
TXN10-03460,10,2026-07-13 15:53:40,2330.59,Food,100034,Card,DEV-10-2,iPhone,Mumbai,15,0,0,88.77,22,4755.74,4295.52,22,733,777,0,0,0,845.32,0,
TXN10-03461,10,2026-07-13 16:49:10,3575.22,Hotels,100010,Card,DEV-10-5,iPhone,Bangalore,16,0,0,55.5,23,4754.99,4308.4,136,222,496,0,0,0,845.32,0,
TXN10-03462,10,2026-07-13 16:57:31,2284.95,Hotels,100068,UPI,DEV-10-6,iPhone,Chennai,16,0,0,8.35,24,4757.43,4307.5,4,149,457,0,0,0,290.17,0,
TXN10-03463,10,2026-07-13 17:05:31,2879.07,Food,100008,Card,DEV-10-8,Web,Delhi,17,0,0,8.0,25,4750.01,4303.16,69,68,668,0,0,0,1767.65,0,
TXN10-03464,10,2026-07-13 17:18:40,4410.36,Taxi,100040,Card,DEV-10-3,Android,Goa,17,0,0,13.15,26,4749.5,4303.37,22,512,503,0,0,0,1521.64,0,
TXN10-03465,10,2026-07-13 18:34:42,6649.91,Food,100002,Card,DEV-10-2,iPhone,Hyderabad,18,0,0,76.03,27,4770.3,4314.9,275,734,517,0,0,0,520.05,0,
TXN10-03466,10,2026-07-13 18:40:27,8561.03,Airlines,100007,UPI,DEV-10-3,Android,Bangalore,18,0,0,5.75,28,4775.98,4309.61,218,513,497,0,0,0,499.99,0,
TXN10-03467,10,2026-07-13 19:35:54,4091.34,Taxi,100038,UPI,DEV-10-1,iPhone,Mumbai,19,0,0,55.45,29,4809.83,4329.19,29,1130,778,0,0,0,845.32,0,
TXN10-03468,10,2026-07-13 20:50:38,8573.52,Hotels,100005,UPI,DEV-10-1,iPhone,Delhi,20,0,0,74.73,30,4817.1,4353.08,221,1131,669,0,0,0,1153.24,0,
TXN10-03469,10,2026-07-13 21:31:16,848.72,Hotels,100074,Card,DEV-10-7,Web,Bangalore,21,0,0,40.63,31,4821.51,4363.05,9,111,498,0,0,0,1750.11,0,
TXN10-03470,10,2026-07-13 21:58:55,1798.51,Hotels,100005,Card,DEV-10-2,iPhone,Hyderabad,21,0,0,27.65,32,4808.43,4368.66,222,735,518,0,0,0,499.99,0,
TXN10-03471,10,2026-07-14 02:14:02,2937.27,Food,100051,Card,DEV-10-1,iPhone,Delhi,2,1,0,255.12,1,4769.25,4405.88,11,1132,670,0,0,0,1266.53,1,ato_odd_hour_higher_amount
TXN10-03472,10,2026-07-14 05:15:47,1656.39,Food,100053,UPI,DEV-10-4,Android,Hyderabad,5,1,0,181.75,2,4762.19,4407.05,6,317,519,0,0,0,1266.53,0,
TXN10-03473,10,2026-07-14 05:17:10,1866.26,Airlines,100001,Card,DEV-10-1,iPhone,Mumbai,5,1,0,1.38,3,4752.26,4403.49,353,1133,779,0,0,0,621.46,1,distant_800km_15min
TXN10-03474,10,2026-07-14 05:19:50,2251.84,Airlines,100013,UPI,DEV-10-5,iPhone,Delhi,5,1,0,2.67,4,4750.97,4404.28,83,223,671,0,0,0,1153.24,0,
TXN10-03475,10,2026-07-14 05:30:10,5167.5,Airlines,100001,Card,DEV-10-1,iPhone,Jaipur,5,1,0,10.33,5,4751.69,4403.85,354,1134,19,0,0,0,237.53,1,distant_800km_15min
TXN10-03476,10,2026-07-14 05:37:29,5758.98,Hotels,100005,Card,DEV-10-1,iPhone,Bangalore,5,1,0,7.32,6,4753.01,4396.9,223,1135,499,0,0,0,1561.54,0,
TXN10-03477,10,2026-07-14 06:12:08,9554.95,Taxi,100001,Card,DEV-10-3,Android,Mumbai,6,1,0,34.65,7,4756.2,4390.28,355,514,780,0,0,0,845.32,0,
TXN10-03478,10,2026-07-14 07:04:37,5415.45,Hotels,100046,Card,DEV-10-1,iPhone,Mumbai,7,1,0,52.48,8,4783.69,4408.39,24,1136,781,0,0,0,0.0,0,
TXN10-03479,10,2026-07-14 07:22:09,2518.95,Hotels,100017,Card,DEV-10-4,Android,Mumbai,7,1,0,17.53,9,4785.7,4401.5,57,318,782,0,0,0,0.0,0,
TXN10-03480,10,2026-07-14 07:23:15,9536.88,Taxi,100112,UPI,DEV-10-2,iPhone,Mumbai,7,1,0,1.1,10,4778.51,4396.36,1,736,783,0,0,1,0.0,0,
TXN10-03481,10,2026-07-14 07:23:31,3540.41,Taxi,100048,Card,DEV-10-1,iPhone,Hyderabad,7,1,0,0.27,11,4793.56,4397.53,19,1137,520,0,0,0,621.46,0,
TXN10-03482,10,2026-07-14 07:29:21,1033.3,Airlines,100036,Card,DEV-10-3,Android,Goa,7,1,0,5.83,12,4791.28,4397.99,35,515,504,0,0,0,520.05,0,
TXN10-03483,10,2026-07-14 07:38:27,1823.71,Food,100004,UPI,DEV-10-4,Android,Chennai,7,1,0,9.1,13,4767.06,4399.57,79,319,458,0,0,0,706.92,0,
TXN10-03484,10,2026-07-14 07:41:39,8131.94,Taxi,100001,UPI,DEV-10-2,iPhone,Bangalore,7,1,0,3.2,14,4757.74,4395.71,356,737,500,0,0,0,290.17,0,
TXN10-03485,10,2026-07-14 08:30:18,3416.56,Food,100028,UPI,DEV-10-3,Android,Delhi,8,1,0,48.65,15,4768.39,4399.79,26,516,672,0,0,0,1750.11,0,
TXN10-03486,10,2026-07-14 08:30:55,721.44,Taxi,100040,Card,DEV-10-1,iPhone,Mumbai,8,1,0,0.62,16,4764.13,4393.5,23,1138,784,0,0,0,1153.24,0,
TXN10-03487,10,2026-07-14 10:02:19,10000.0,Food,100002,Card,DEV-10-3,Android,Goa,10,1,0,91.4,17,4756.16,4405.88,276,517,505,0,0,0,440.32,0,
TXN10-03488,10,2026-07-14 11:06:46,2110.99,Hotels,100020,UPI,DEV-10-4,Android,Hyderabad,11,1,0,64.45,18,4767.92,4414.9,47,320,521,0,0,0,520.05,0,
TXN10-03489,10,2026-07-14 11:26:21,4643.82,Taxi,100021,Card,DEV-10-2,iPhone,Hyderabad,11,1,0,19.58,19,4759.54,4410.44,79,738,522,0,0,0,0.0,0,
TXN10-03490,10,2026-07-14 11:41:50,4789.81,Taxi,100021,UPI,DEV-10-3,Android,Hyderabad,11,1,0,15.48,20,4759.17,4403.51,80,518,523,0,0,0,0.0,0,
TXN10-03491,10,2026-07-14 11:48:22,4108.74,Food,100002,UPI,DEV-10-4,Android,Mumbai,11,1,0,6.53,21,4759.27,4396.6,277,321,785,0,0,0,621.46,0,
TXN10-03492,10,2026-07-14 11:54:44,2358.49,Airlines,100066,Card,DEV-10-2,iPhone,Bangalore,11,1,0,6.37,22,4757.24,4389.88,15,739,501,0,0,0,845.32,0,
TXN10-03493,10,2026-07-14 12:19:40,10000.0,Taxi,100001,UPI,DEV-10-8,Web,Chennai,12,1,0,24.93,23,4760.74,4387.52,357,69,459,0,0,0,290.17,0,
TXN10-03494,10,2026-07-14 13:09:29,1697.39,Hotels,100035,UPI,DEV-10-6,iPhone,Mumbai,13,1,0,49.82,24,4796.58,4396.76,20,150,786,0,0,0,1033.1,0,
TXN10-03495,10,2026-07-14 13:18:20,7684.63,Taxi,100001,Card,DEV-10-4,Android,Delhi,13,1,0,8.85,25,4786.89,4393.3,358,322,673,0,0,0,1153.24,0,
TXN10-03496,10,2026-07-14 13:41:06,3039.53,Food,100023,Card,DEV-10-2,iPhone,Goa,13,1,0,22.77,26,4805.13,4393.18,23,740,506,0,0,0,1521.64,0,
TXN10-03497,10,2026-07-14 13:48:34,3345.99,Hotels,100046,Card,DEV-10-8,Web,Mumbai,13,1,0,7.47,27,4799.63,4387.43,25,70,787,0,0,0,440.32,0,
TXN10-03498,10,2026-07-14 14:20:50,4204.38,Airlines,100113,Card,DEV-10-1,iPhone,Goa,14,1,0,32.27,28,4797.16,4388.02,1,1139,507,0,0,1,440.32,0,
TXN10-03499,10,2026-07-14 14:45:39,4134.01,Food,100003,UPI,DEV-10-6,iPhone,Chennai,14,1,0,24.82,29,4795.32,4381.33,143,151,460,0,0,0,706.92,0,
TXN10-03500,10,2026-07-14 15:25:20,10000.0,Airlines,100066,Card,DEV-10-1,iPhone,Mumbai,15,1,0,39.68,30,4806.63,4392.72,16,1140,788,0,0,0,1033.1,0,
TXN10-03501,10,2026-07-14 16:29:45,1223.82,Airlines,100007,Card,DEV-10-2,iPhone,Goa,16,1,0,64.42,31,4830.84,4399.92,219,741,508,0,0,0,440.32,0,
TXN10-03502,10,2026-07-14 16:41:14,3127.93,Hotels,100010,UPI,DEV-10-1,iPhone,Hyderabad,16,1,0,11.48,32,4819.6,4397.66,137,1141,524,0,0,0,520.05,0,
TXN10-03503,10,2026-07-14 16:52:42,1184.15,Hotels,100005,Card,DEV-10-3,Android,Delhi,16,1,0,11.47,33,4814.35,4391.83,224,519,674,0,0,0,1266.53,0,
TXN10-03504,10,2026-07-14 17:07:23,3682.66,Airlines,100009,Card,DEV-10-4,Android,Mumbai,17,1,0,14.68,34,4804.98,4396.35,121,323,789,0,0,0,1153.24,0,
TXN10-03505,10,2026-07-14 17:08:02,4204.06,Airlines,100007,Card,DEV-10-3,Android,Mumbai,17,1,0,0.65,35,4801.51,4389.98,220,520,790,0,0,0,0.0,0,
TXN10-03506,10,2026-07-14 18:19:28,10000.0,Food,100004,Card,DEV-10-3,Android,Mumbai,18,1,0,71.43,36,4808.05,4398.65,80,521,791,0,0,0,0.0,0,
TXN10-03507,10,2026-07-14 18:55:56,5051.25,Taxi,100006,Card,DEV-10-2,iPhone,Chennai,18,1,0,36.47,37,4828.04,4414.43,164,742,461,0,0,0,1033.1,0,
TXN10-03508,10,2026-07-14 19:08:49,1234.44,Hotels,100096,Card,DEV-10-4,Android,Delhi,19,1,0,12.88,38,4828.74,4407.53,5,324,675,0,0,0,1767.65,0,
TXN10-03509,10,2026-07-14 19:12:23,990.21,Food,100003,Card,DEV-10-1,iPhone,Hyderabad,19,1,0,3.57,39,4817.5,4405.2,144,1142,525,0,0,0,1266.53,0,
TXN10-03510,10,2026-07-14 19:14:42,1603.47,Food,100078,UPI,DEV-10-5,iPhone,Mumbai,19,1,0,2.32,40,4805.58,4403.51,5,224,792,0,0,0,621.46,0,
TXN10-03511,10,2026-07-14 19:22:00,2796.99,Hotels,100005,Card,DEV-10-1,iPhone,Mumbai,19,1,0,7.3,41,4795.64,4400.27,225,1143,793,0,0,0,0.0,0,
TXN10-03512,10,2026-07-14 19:37:41,7445.44,Taxi,100114,Card,DEV-10-1,iPhone,Chennai,19,1,0,15.68,42,4789.45,4394.86,1,1144,462,0,0,1,1033.1,0,
TXN10-03513,10,2026-07-14 19:48:18,10000.0,Food,100002,Card,DEV-10-4,Android,Delhi,19,1,0,10.62,43,4803.05,4396.26,278,325,676,0,0,0,1767.65,0,
TXN10-03514,10,2026-07-14 20:01:27,6997.33,Airlines,100036,UPI,DEV-10-14,iPhone,Mumbai,20,1,0,13.15,44,4819.09,4398.93,36,7,794,0,0,0,1153.24,0,
TXN10-03515,10,2026-07-14 20:10:15,3120.39,Food,100002,Card,DEV-10-5,iPhone,Delhi,20,1,0,8.8,45,4825.79,4393.81,279,225,677,0,0,0,1153.24,0,
TXN10-03516,10,2026-07-14 20:10:34,4047.85,Taxi,100006,Card,DEV-10-3,Android,Bangalore,20,1,0,0.32,46,4820.56,4388.08,165,522,502,0,0,0,1750.11,0,
TXN10-03517,10,2026-07-14 20:39:31,2225.06,Taxi,100022,Card,DEV-10-1,iPhone,Goa,20,1,0,28.95,47,4817.85,4388.28,48,1145,509,0,0,0,454.99,0,
TXN10-03518,10,2026-07-14 20:41:52,5065.14,Hotels,100005,Card,DEV-10-2,iPhone,Delhi,20,1,0,2.35,48,4809.93,4383.91,226,743,678,0,0,0,1521.64,0,
TXN10-03519,10,2026-07-14 20:47:54,5472.65,Taxi,100001,Card,DEV-10-2,iPhone,Chennai,20,1,0,6.03,49,4795.93,4375.76,359,744,463,0,0,0,1767.65,0,
TXN10-03520,10,2026-07-14 20:59:00,2411.9,Taxi,100006,Card,DEV-10-2,iPhone,Hyderabad,20,1,0,11.1,50,4798.0,4369.24,166,745,526,0,0,0,515.24,0,
TXN10-03521,10,2026-07-14 21:02:22,2773.87,Food,100060,Card,DEV-10-3,Android,Goa,21,1,0,3.37,51,4790.74,4364.57,8,523,510,0,0,0,520.05,0,
TXN10-03522,10,2026-07-14 21:02:59,4625.76,Hotels,100005,UPI,DEV-10-3,Android,Mumbai,21,1,0,0.62,52,4784.63,4359.37,227,524,795,0,0,0,440.32,0,
TXN10-03523,10,2026-07-14 21:17:14,4019.57,Food,100002,Card,DEV-10-2,iPhone,Goa,21,1,0,14.25,53,4784.15,4352.78,280,746,511,0,0,0,440.32,0,
TXN10-03524,10,2026-07-14 21:23:04,5458.61,Food,100008,UPI,DEV-10-4,Android,Delhi,21,1,0,5.83,54,4781.85,4346.43,70,326,679,0,0,0,1521.64,0,
TXN10-03525,10,2026-07-14 21:27:59,5564.57,Airlines,100007,UPI,DEV-10-3,Android,Bangalore,21,1,0,4.92,55,4783.88,4340.05,221,525,503,0,0,0,1750.11,0,
TXN10-03526,10,2026-07-14 21:35:28,2916.76,Hotels,100005,Card,DEV-10-5,iPhone,Mumbai,21,1,0,7.48,56,4786.22,4333.76,228,226,796,0,0,0,845.32,0,
TXN10-03527,10,2026-07-14 22:31:07,1461.43,Taxi,100001,Card,DEV-10-1,iPhone,Mumbai,22,1,0,55.65,57,4777.5,4326.77,360,1146,797,0,0,0,0.0,0,
TXN10-03528,10,2026-07-14 23:19:41,1341.33,Taxi,100048,UPI,DEV-10-5,iPhone,Chennai,23,1,0,48.57,58,4766.03,4330.48,20,227,464,0,0,0,1033.1,0,
TXN10-03529,10,2026-07-15 05:16:58,2752.91,Food,100016,UPI,DEV-10-1,iPhone,Bangalore,5,2,0,357.28,1,4742.58,4352.17,32,1147,504,0,0,0,290.17,0,
TXN10-03530,10,2026-07-15 05:24:00,3128.12,Airlines,100009,Card,DEV-10-5,iPhone,Delhi,5,2,0,7.03,2,4736.37,4353.55,122,228,680,0,0,0,1750.11,0,
TXN10-03531,10,2026-07-15 05:32:04,2014.52,Airlines,100027,Card,DEV-10-2,iPhone,Chennai,5,2,0,8.07,3,4730.86,4354.43,46,747,465,0,0,0,1767.65,0,
TXN10-03532,10,2026-07-15 05:42:07,4210.03,Hotels,100095,UPI,DEV-10-4,Android,Delhi,5,2,0,10.05,4,4724.11,4363.28,3,327,681,0,0,0,1767.65,0,
TXN10-03533,10,2026-07-15 07:04:00,5891.32,Food,100085,Card,DEV-10-1,iPhone,Delhi,7,2,0,81.88,5,4705.98,4366.14,3,1148,682,0,0,0,0.0,0,
TXN10-03534,10,2026-07-15 07:16:29,3954.72,Taxi,100001,Card,DEV-10-3,Android,Delhi,7,2,0,12.48,6,4698.81,4367.89,361,526,683,0,0,0,0.0,0,
TXN10-03535,10,2026-07-15 07:22:17,3385.27,Airlines,100007,UPI,DEV-10-3,Android,Chennai,7,2,0,5.8,7,4696.53,4361.38,222,527,466,0,0,0,1767.65,0,
TXN10-03536,10,2026-07-15 07:22:56,2311.33,Taxi,100031,UPI,DEV-10-8,Web,Mumbai,7,2,0,0.65,8,4692.52,4355.31,33,71,798,0,0,0,1033.1,0,
TXN10-03537,10,2026-07-15 08:13:33,1502.38,Hotels,100086,UPI,DEV-10-5,iPhone,Goa,8,2,0,50.62,9,4690.53,4368.41,5,229,512,0,0,0,440.32,0,
TXN10-03538,10,2026-07-15 08:40:13,6306.68,Taxi,100006,UPI,DEV-10-2,iPhone,Delhi,8,2,0,26.67,10,4664.71,4393.18,167,748,684,0,0,0,1521.64,0,
TXN10-03539,10,2026-07-15 08:40:34,3018.1,Food,100003,UPI,DEV-10-6,iPhone,Mumbai,8,2,0,0.35,11,4669.8,4387.3,145,152,799,0,0,0,1153.24,0,
TXN10-03540,10,2026-07-15 08:41:25,4726.63,Food,100015,Card,DEV-10-2,iPhone,Delhi,8,2,0,0.85,12,4664.69,4381.46,45,749,685,0,0,0,1153.24,0,
TXN10-03541,10,2026-07-15 08:58:54,6817.63,Food,100019,UPI,DEV-10-1,iPhone,Delhi,8,2,0,17.48,13,4664.88,4374.7,26,1149,686,0,0,0,0.0,0,
TXN10-03542,10,2026-07-15 09:11:00,3601.92,Taxi,100070,Card,DEV-10-2,iPhone,Bangalore,9,2,0,12.1,14,4671.51,4369.59,3,750,505,0,0,0,1750.11,0,
TXN10-03543,10,2026-07-15 09:55:16,6170.18,Taxi,100063,Card,DEV-10-1,iPhone,Goa,9,2,0,44.27,15,4676.39,4379.91,14,1150,513,0,0,0,454.99,0,
TXN10-03544,10,2026-07-15 10:23:44,2310.51,Food,100008,UPI,DEV-10-1,iPhone,Goa,10,2,0,28.47,16,4696.08,4382.24,71,1151,514,0,0,0,0.0,0,
TXN10-03545,10,2026-07-15 10:34:53,2384.85,Taxi,100070,Card,DEV-10-1,iPhone,Mumbai,10,2,0,11.15,17,4699.19,4385.57,4,1152,800,0,0,0,440.32,0,
TXN10-03546,10,2026-07-15 10:49:43,8777.03,Hotels,100080,Card,DEV-10-4,Android,Bangalore,10,2,0,14.83,18,4700.11,4385.05,9,328,506,0,0,0,845.32,0,
TXN10-03547,10,2026-07-15 11:26:52,4954.6,Hotels,100033,UPI,DEV-10-2,iPhone,Mumbai,11,2,0,37.15,19,4720.06,4388.99,34,751,801,0,0,0,845.32,0,
TXN10-03548,10,2026-07-15 11:32:32,3964.65,Taxi,100001,Card,DEV-10-2,iPhone,Mumbai,11,2,0,5.67,20,4720.79,4382.18,362,752,802,0,0,0,0.0,0,
TXN10-03549,10,2026-07-15 11:56:22,4749.97,Hotels,100025,Card,DEV-10-1,iPhone,Bangalore,11,2,0,23.83,21,4718.45,4375.6,39,1153,507,0,0,0,845.32,0,
TXN10-03550,10,2026-07-15 12:12:18,6450.7,Airlines,100009,UPI,DEV-10-2,iPhone,Goa,12,2,0,15.93,22,4726.26,4378.6,123,753,515,0,0,0,454.99,0,
TXN10-03551,10,2026-07-15 12:16:13,10000.0,Taxi,100032,Card,DEV-10-7,Web,Hyderabad,12,2,0,3.92,23,4731.6,4372.87,34,112,527,0,0,0,520.05,0,
TXN10-03552,10,2026-07-15 12:34:39,1357.56,Hotels,100005,UPI,DEV-10-4,Android,Goa,12,2,0,18.43,24,4726.01,4381.68,229,329,516,0,0,0,520.05,0,
TXN10-03553,10,2026-07-15 12:49:39,1718.28,Airlines,100108,UPI,DEV-10-1,iPhone,Hyderabad,12,2,0,15.0,25,4715.55,4378.88,3,1154,528,0,0,0,520.05,0,
TXN10-03554,10,2026-07-15 13:10:31,1757.3,Airlines,100109,UPI,DEV-10-2,iPhone,Delhi,13,2,0,20.87,26,4697.99,4379.53,3,754,687,0,0,0,1266.53,0,
TXN10-03555,10,2026-07-15 13:11:42,1863.21,Taxi,100111,Card,DEV-10-1,iPhone,Mumbai,13,2,0,1.18,27,4688.88,4375.79,4,1155,803,0,0,0,1153.24,0,
TXN10-03556,10,2026-07-15 13:26:52,2655.38,Airlines,100029,UPI,DEV-10-4,Android,Mumbai,13,2,0,15.17,28,4692.75,4372.74,33,330,804,0,0,0,0.0,0,
TXN10-03557,10,2026-07-15 13:49:49,10000.0,Taxi,100038,UPI,DEV-10-4,Android,Hyderabad,13,2,0,22.95,29,4686.46,4367.45,30,331,529,0,0,0,621.46,0,
TXN10-03558,10,2026-07-15 14:03:03,1273.9,Hotels,100030,Card,DEV-10-2,iPhone,Chennai,14,2,0,13.23,30,4712.73,4379.44,33,755,467,0,0,0,515.24,0,
TXN10-03559,10,2026-07-15 14:10:36,6695.68,Taxi,100001,Card,DEV-10-3,Android,Goa,14,2,0,7.55,31,4702.12,4376.83,363,528,517,0,0,0,706.92,0,
TXN10-03560,10,2026-07-15 15:02:36,4404.82,Taxi,100001,Card,DEV-10-3,Android,Bangalore,15,2,0,52.0,32,4708.25,4371.49,364,529,508,0,0,0,454.99,0,
TXN10-03561,10,2026-07-15 15:24:31,3017.53,Hotels,100052,Card,DEV-10-1,iPhone,Hyderabad,15,2,0,21.92,33,4714.64,4369.52,9,1156,530,0,0,0,499.99,0,
TXN10-03562,10,2026-07-15 15:28:08,2607.64,Hotels,100017,Card,DEV-10-3,Android,Chennai,15,2,0,3.62,34,4709.44,4363.82,58,530,468,0,0,0,515.24,0,
TXN10-03563,10,2026-07-15 15:39:47,2143.62,Hotels,100025,UPI,DEV-10-2,iPhone,Mumbai,15,2,0,11.65,35,4711.86,4362.43,40,756,805,0,0,0,1033.1,0,
TXN10-03564,10,2026-07-15 15:45:06,6261.93,Hotels,100107,UPI,DEV-10-2,iPhone,Delhi,15,2,0,5.32,36,4704.01,4358.06,4,757,688,0,0,0,1153.24,0,
TXN10-03565,10,2026-07-15 15:48:23,4106.64,Hotels,100005,Card,DEV-10-10,iPhone,Delhi,15,2,0,3.28,37,4708.76,4352.26,230,34,689,0,0,0,0.0,0,
TXN10-03566,10,2026-07-15 15:52:19,3560.99,Hotels,100005,Card,DEV-10-10,iPhone,Bangalore,15,2,0,3.93,38,4706.93,4345.77,231,35,509,0,0,0,1750.11,0,
TXN10-03567,10,2026-07-15 15:58:12,4700.02,Airlines,100083,UPI,DEV-10-6,iPhone,Goa,15,2,0,5.88,39,4703.45,4339.64,7,153,518,0,0,0,454.99,0,
TXN10-03568,10,2026-07-15 15:58:37,1637.22,Food,100015,Card,DEV-10-5,iPhone,Chennai,15,2,0,0.42,40,4703.44,4333.08,46,230,469,0,0,0,706.92,0,
TXN10-03569,10,2026-07-15 16:02:28,5551.96,Food,100003,UPI,DEV-10-16,iPhone,Chennai,16,2,0,3.85,41,4694.21,4329.81,146,5,470,0,0,0,0.0,0,
TXN10-03570,10,2026-07-15 16:21:23,1773.53,Airlines,100029,UPI,DEV-10-2,iPhone,Hyderabad,16,2,0,18.92,42,4696.78,4323.56,34,758,531,0,0,0,515.24,0,
TXN10-03571,10,2026-07-15 19:26:22,3285.6,Hotels,100020,UPI,DEV-10-2,iPhone,Chennai,19,2,0,184.98,43,4670.61,4382.83,48,759,471,0,0,0,515.24,0,
TXN10-03572,10,2026-07-15 19:43:44,9824.82,Food,100018,Card,DEV-10-2,iPhone,Delhi,19,2,0,17.37,44,4525.08,3576.71,33,760,690,0,0,0,1767.65,0,
TXN10-03573,10,2026-07-15 19:47:57,1503.45,Food,100050,UPI,DEV-10-4,Android,Hyderabad,19,2,0,4.22,45,4541.54,3583.31,17,332,532,0,0,0,1266.53,0,
TXN10-03574,10,2026-07-15 20:31:57,2006.6,Taxi,100001,Card,DEV-10-4,Android,Delhi,20,2,0,44.0,46,4530.32,3583.62,365,333,691,0,0,0,1266.53,0,
TXN10-03575,10,2026-07-15 20:51:41,6438.47,Taxi,100054,Card,DEV-10-1,iPhone,Goa,20,2,0,19.73,47,4522.48,3580.8,12,1157,519,0,0,0,1521.64,0,
TXN10-03576,10,2026-07-15 21:00:00,6697.86,Food,100015,Card,DEV-10-5,iPhone,Delhi,21,2,0,8.32,48,4524.41,3586.61,47,231,692,0,0,0,1521.64,0,
TXN10-03577,10,2026-07-15 21:19:01,3314.57,Airlines,100009,Card,DEV-10-1,iPhone,Chennai,21,2,0,19.02,49,4531.16,3583.07,124,1158,472,0,0,0,1767.65,0,
TXN10-03578,10,2026-07-15 21:25:28,4772.92,Taxi,100001,Card,DEV-10-3,Android,Hyderabad,21,2,0,6.45,50,4533.95,3587.99,366,531,533,0,0,0,515.24,0,
TXN10-03579,10,2026-07-15 21:51:42,1965.44,Taxi,100031,UPI,DEV-10-1,iPhone,Mumbai,21,2,0,26.23,51,4534.7,3582.44,34,1159,806,0,0,0,621.46,0,
TXN10-03580,10,2026-07-15 21:55:15,6075.67,Hotels,100052,Card,DEV-10-13,Web,Bangalore,21,2,0,3.55,52,4526.74,3579.73,10,8,510,0,0,0,845.32,0,
TXN10-03581,10,2026-07-15 22:17:23,3609.92,Taxi,100070,UPI,DEV-10-2,iPhone,Chennai,22,2,0,22.13,53,4540.56,3577.07,5,761,473,0,0,0,290.17,0,
TXN10-03582,10,2026-07-15 22:45:44,8652.57,Food,100053,Card,DEV-10-3,Android,Goa,22,2,0,28.35,54,4541.6,3576.75,7,532,520,0,0,0,706.92,0,
TXN10-03583,10,2026-07-15 23:59:04,5250.0,Airlines,100001,Card,DEV-UNK-5461,Android,Mumbai,23,2,0,73.33,55,4549.86,3591.82,367,1,807,1,0,0,440.32,1,unknown_device
TXN10-03584,10,2026-07-16 02:39:38,6905.0,Airlines,100001,Card,DEV-10-1,iPhone,Mumbai,2,3,0,160.57,1,4552.05,3586.4,368,1160,808,0,0,0,0.0,1,distant_800km_15min
TXN10-03585,10,2026-07-16 02:45:38,3448.11,Airlines,100001,Card,DEV-10-1,iPhone,Jaipur,2,3,0,6.0,2,4558.25,3588.75,369,1161,20,0,0,0,920.74,1,distant_800km_15min
TXN10-03586,10,2026-07-16 05:08:17,9124.14,Hotels,100068,UPI,DEV-10-3,Android,Bangalore,5,3,0,142.65,3,4552.68,3584.93,5,533,511,0,0,0,1561.54,0,
TXN10-03587,10,2026-07-16 07:01:01,10000.0,Airlines,100108,Card,DEV-10-1,iPhone,Chennai,7,3,0,112.73,4,4575.72,3598.69,4,1162,474,0,0,0,290.17,0,
TXN10-03588,10,2026-07-16 08:18:17,10000.0,Taxi,100001,Card,DEV-10-2,iPhone,Goa,8,3,0,77.27,5,4583.25,3607.54,370,762,521,0,0,0,706.92,0,
TXN10-03589,10,2026-07-16 08:36:33,2281.06,Taxi,100032,UPI,DEV-10-5,iPhone,Delhi,8,3,0,18.27,6,4601.42,3620.34,35,232,693,0,0,0,1521.64,0,
TXN10-03590,10,2026-07-16 08:54:36,3088.47,Food,100004,UPI,DEV-10-2,iPhone,Mumbai,8,3,0,18.05,7,4614.66,3619.18,81,763,809,0,0,0,1153.24,0,
TXN10-03591,10,2026-07-16 09:20:35,2330.91,Airlines,100047,UPI,DEV-10-3,Android,Goa,9,3,0,25.98,8,4592.43,3613.11,19,534,522,0,0,0,440.32,0,
TXN10-03592,10,2026-07-16 09:21:21,3301.64,Taxi,100006,UPI,DEV-10-6,iPhone,Mumbai,9,3,0,0.77,9,4585.23,3609.6,168,154,810,0,0,0,440.32,0,
TXN10-03593,10,2026-07-16 11:06:50,3872.5,Hotels,100059,UPI,DEV-10-1,iPhone,Goa,11,3,0,105.48,10,4579.3,3609.32,14,1163,523,0,0,0,440.32,0,
TXN10-03594,10,2026-07-16 12:12:11,10000.0,Food,100002,Card,DEV-10-1,iPhone,Hyderabad,12,3,0,65.35,11,4592.91,3609.44,281,1164,534,0,0,0,520.05,0,
TXN10-03595,10,2026-07-16 12:24:01,5883.82,Food,100003,Card,DEV-10-3,Android,Hyderabad,12,3,0,11.83,12,4610.19,3616.56,147,535,535,0,0,0,0.0,0,
TXN10-03596,10,2026-07-16 13:08:14,10000.0,Food,100011,UPI,DEV-10-4,Android,Mumbai,13,3,0,44.22,13,4617.16,3616.91,52,334,811,0,0,0,621.46,0,
TXN10-03597,10,2026-07-16 13:09:20,3067.41,Food,100051,Card,DEV-10-1,iPhone,Bangalore,13,3,0,1.1,14,4634.3,3623.86,12,1165,512,0,0,0,845.32,0,
TXN10-03598,10,2026-07-16 15:10:47,4142.45,Airlines,100109,UPI,DEV-10-1,iPhone,Hyderabad,15,3,0,121.45,15,4624.37,3631.44,4,1166,536,0,0,0,499.99,0,
TXN10-03599,10,2026-07-16 15:39:46,3199.07,Food,100018,Card,DEV-10-1,iPhone,Hyderabad,15,3,0,28.98,16,4622.82,3625.7,34,1167,537,0,0,0,0.0,0,
TXN10-03600,10,2026-07-16 15:43:55,5511.45,Airlines,100013,Card,DEV-10-1,iPhone,Delhi,15,3,0,4.15,17,4618.25,3620.78,84,1168,694,0,0,0,1266.53,0,
TXN10-03601,10,2026-07-16 15:53:51,4551.84,Taxi,100006,UPI,DEV-10-1,iPhone,Mumbai,15,3,0,9.93,18,4621.11,3615.34,169,1169,812,0,0,0,1153.24,0,
TXN10-03602,10,2026-07-16 16:02:11,6416.82,Food,100106,Card,DEV-10-5,iPhone,Mumbai,16,3,0,8.33,19,4610.92,3611.03,2,233,813,0,0,0,0.0,0,
TXN10-03603,10,2026-07-16 16:06:40,7653.01,Taxi,100114,UPI,DEV-10-1,iPhone,Hyderabad,16,3,0,4.48,20,4616.67,3606.71,2,1170,538,0,0,0,621.46,0,
TXN10-03604,10,2026-07-16 17:05:36,8648.02,Hotels,100005,Card,DEV-10-1,iPhone,Goa,17,3,0,58.93,21,4597.75,3598.0,232,1171,524,0,0,0,520.05,0,
TXN10-03605,10,2026-07-16 17:11:53,2751.55,Food,100094,Card,DEV-10-1,iPhone,Goa,17,3,0,6.28,22,4610.65,3599.51,2,1172,525,0,0,0,0.0,0,
TXN10-03606,10,2026-07-16 18:15:58,10000.0,Airlines,100007,UPI,DEV-10-1,iPhone,Goa,18,3,0,64.08,23,4611.29,3605.84,223,1173,526,0,0,0,0.0,0,
TXN10-03607,10,2026-07-16 18:16:53,2229.07,Taxi,100001,UPI,DEV-10-4,Android,Chennai,18,3,0,0.92,24,4628.45,3612.88,371,335,475,0,0,0,706.92,0,
TXN10-03608,10,2026-07-16 18:26:32,7267.65,Hotels,100012,UPI,DEV-10-2,iPhone,Bangalore,18,3,0,9.65,25,4620.83,3609.66,96,764,513,0,0,0,290.17,0,
TXN10-03609,10,2026-07-16 18:38:05,1408.79,Food,100002,UPI,DEV-10-1,iPhone,Mumbai,18,3,0,11.55,26,4629.21,3607.01,282,1174,814,0,0,0,845.32,0,
TXN10-03610,10,2026-07-16 18:49:46,3487.14,Taxi,100087,Card,DEV-10-2,iPhone,Delhi,18,3,0,11.68,27,4613.6,3610.24,5,765,695,0,0,0,1153.24,0,
TXN10-03611,10,2026-07-16 19:17:04,1611.08,Airlines,100082,UPI,DEV-10-4,Android,Goa,19,3,0,27.3,28,4618.42,3620.63,11,336,527,0,0,0,1521.64,0,
TXN10-03612,10,2026-07-16 20:18:55,1408.72,Food,100002,UPI,DEV-10-1,iPhone,Delhi,20,3,0,61.85,29,4615.54,3639.95,283,1175,696,0,0,0,1521.64,0,
TXN10-03613,10,2026-07-16 20:26:46,4909.95,Taxi,100006,Card,DEV-10-6,iPhone,Goa,20,3,0,7.85,30,4601.67,3643.92,170,155,528,0,0,0,1521.64,0,
TXN10-03614,10,2026-07-16 20:39:59,4482.76,Food,100018,Card,DEV-10-4,Android,Bangalore,20,3,0,13.22,31,4602.65,3638.12,35,337,514,0,0,0,454.99,0,
TXN10-03615,10,2026-07-16 21:05:15,7931.75,Taxi,100006,Card,DEV-10-2,iPhone,Mumbai,21,3,0,25.27,32,4597.4,3637.1,171,766,815,0,0,0,845.32,0,
TXN10-03616,10,2026-07-16 21:21:54,4350.07,Food,100002,UPI,DEV-10-7,Web,Lucknow,21,3,0,16.65,33,4608.05,3636.16,284,113,3,0,0,0,1194.67,0,
TXN10-03617,10,2026-07-16 22:08:51,10000.0,Airlines,100027,UPI,DEV-10-3,Android,Bangalore,22,3,0,46.95,34,4600.04,3636.84,47,536,515,0,0,0,1581.87,0,
TXN10-03618,10,2026-07-16 22:14:38,2463.68,Hotels,100010,UPI,DEV-10-5,iPhone,Delhi,22,3,0,5.78,35,4617.29,3643.79,138,234,697,0,0,0,1750.11,0,
TXN10-03619,10,2026-07-16 22:26:27,5761.58,Food,100002,Card,DEV-10-2,iPhone,Mumbai,22,3,0,11.82,36,4610.43,3640.01,285,767,816,0,0,0,1153.24,0,
TXN10-03620,10,2026-07-16 22:31:53,3320.5,Food,100004,Card,DEV-10-1,iPhone,Bangalore,22,3,0,5.43,37,4623.14,3637.04,82,1176,516,0,0,0,845.32,0,
TXN10-03621,10,2026-07-16 23:03:29,5770.47,Food,100078,UPI,DEV-10-2,iPhone,Goa,23,3,0,31.6,38,4605.37,3630.3,6,768,529,0,0,0,454.99,0,
TXN10-03622,10,2026-07-16 23:14:21,1527.08,Airlines,100026,UPI,DEV-10-11,Web,Hyderabad,23,3,0,10.87,39,4587.58,3628.64,54,20,539,0,0,0,520.05,0,
TXN10-03623,10,2026-07-16 23:40:00,7704.82,Food,100002,Card,DEV-10-2,iPhone,Delhi,23,3,0,25.65,40,4582.22,3631.92,286,769,698,0,0,0,1266.53,0,
TXN10-03624,10,2026-07-16 23:41:09,4074.58,Hotels,100086,Card,DEV-10-1,iPhone,Bangalore,23,3,0,1.15,41,4592.23,3630.39,6,1177,517,0,0,0,1750.11,0,
TXN10-03625,10,2026-07-17 01:21:11,6255.48,Airlines,100001,Card,DEV-10-1,iPhone,Mumbai,1,4,0,100.03,1,4590.58,3624.71,372,1178,817,0,0,0,845.32,1,distant_800km_15min
TXN10-03626,10,2026-07-17 01:34:11,5560.05,Airlines,100001,Card,DEV-10-1,iPhone,Bangalore,1,4,0,13.0,2,4595.88,3620.15,373,1179,518,0,0,0,845.32,1,distant_800km_15min
TXN10-03627,10,2026-07-17 05:24:17,2432.64,Hotels,100030,UPI,DEV-10-3,Android,Hyderabad,5,4,0,230.1,3,4601.63,3625.16,34,537,540,0,0,0,499.99,0,
TXN10-03628,10,2026-07-17 05:26:14,5252.36,Airlines,100007,UPI,DEV-10-1,iPhone,Delhi,5,4,0,1.95,4,4594.72,3621.45,224,1180,699,0,0,0,1266.53,0,
TXN10-03629,10,2026-07-17 05:30:16,5816.33,Food,100115,UPI,DEV-10-16,iPhone,Hyderabad,5,4,0,4.03,5,4596.81,3615.88,1,6,541,0,0,1,1266.53,0,
TXN10-03630,10,2026-07-17 05:40:43,6077.8,Hotels,100017,UPI,DEV-10-6,iPhone,Goa,5,4,0,10.45,6,4600.67,3610.81,59,156,530,0,0,0,520.05,0,
TXN10-03631,10,2026-07-17 05:45:39,3014.62,Hotels,100010,Card,DEV-10-1,iPhone,Delhi,5,4,0,4.93,7,4605.33,3606.06,139,1181,700,0,0,0,1521.64,0,
TXN10-03632,10,2026-07-17 06:45:07,2112.79,Hotels,100116,UPI,DEV-10-2,iPhone,Mumbai,6,4,0,59.47,8,4595.29,3621.07,1,770,818,0,0,1,1153.24,0,
TXN10-03633,10,2026-07-17 07:22:04,8970.18,Food,100003,UPI,DEV-10-3,Android,Chennai,7,4,0,36.95,9,4590.21,3623.43,148,538,476,0,0,0,1033.1,0,
TXN10-03634,10,2026-07-17 07:23:19,7331.68,Food,100004,Card,DEV-10-7,Web,Delhi,7,4,0,1.25,10,4604.12,3626.05,83,114,701,0,0,0,1767.65,0,
TXN10-03635,10,2026-07-17 07:25:14,1621.8,Taxi,100024,Card,DEV-10-4,Android,Chennai,7,4,0,1.92,11,4612.75,3623.55,49,338,477,0,0,0,1767.65,0,
TXN10-03636,10,2026-07-17 07:39:24,2048.0,Taxi,100032,Card,DEV-10-1,iPhone,Mumbai,7,4,0,14.17,12,4603.32,3621.72,36,1182,819,0,0,0,1033.1,0,
TXN10-03637,10,2026-07-17 07:49:44,3678.35,Food,100002,UPI,DEV-10-6,iPhone,Bangalore,7,4,0,10.33,13,4595.28,3618.85,287,157,519,0,0,0,845.32,0,
TXN10-03638,10,2026-07-17 08:00:16,9010.05,Hotels,100075,Card,DEV-10-1,iPhone,Delhi,8,4,0,10.53,14,4569.75,3610.72,4,1183,702,0,0,0,1750.11,0,
TXN10-03639,10,2026-07-17 08:12:09,4233.88,Food,100003,Card,DEV-10-5,iPhone,Goa,8,4,0,11.88,15,4583.71,3613.6,149,235,531,0,0,0,1521.64,0,
TXN10-03640,10,2026-07-17 08:13:28,50000.0,Luxury Goods,100001,Card,DEV-10-1,iPhone,Mumbai,8,4,0,1.32,16,4582.62,3607.99,374,1184,820,0,0,0,440.32,1,large_luxury_purchase
TXN10-03641,10,2026-07-17 08:43:07,5097.71,Hotels,100012,UPI,DEV-10-6,iPhone,Bangalore,8,4,0,29.65,17,4724.54,4404.86,97,158,520,0,0,0,845.32,0,
TXN10-03642,10,2026-07-17 08:46:29,4506.62,Hotels,100017,Card,DEV-10-1,iPhone,Bangalore,8,4,0,3.37,18,4725.71,4398.05,60,1185,521,0,0,0,0.0,0,
TXN10-03643,10,2026-07-17 08:46:53,4003.17,Food,100014,Card,DEV-10-1,iPhone,Chennai,8,4,0,0.4,19,4725.03,4391.23,45,1186,478,0,0,0,290.17,0,
TXN10-03644,10,2026-07-17 08:57:53,7101.36,Taxi,100001,Card,DEV-10-7,Web,Goa,8,4,0,11.0,20,4724.64,4391.29,375,115,532,0,0,0,706.92,0,
TXN10-03645,10,2026-07-17 08:58:08,3656.57,Taxi,100024,UPI,DEV-10-3,Android,Chennai,8,4,0,0.25,21,4732.0,4386.47,50,539,479,0,0,0,706.92,0,
TXN10-03646,10,2026-07-17 09:10:03,2063.41,Taxi,100006,Card,DEV-10-4,Android,Delhi,9,4,0,11.92,22,4728.68,4380.1,172,339,703,0,0,0,1767.65,0,
TXN10-03647,10,2026-07-17 09:18:18,7597.43,Hotels,100017,Card,DEV-10-2,iPhone,Goa,9,4,0,8.25,23,4720.48,4375.85,61,771,533,0,0,0,1521.64,0,
TXN10-03648,10,2026-07-17 09:28:24,4018.38,Food,100057,Card,DEV-10-4,Android,Mumbai,9,4,0,10.1,24,4729.3,4372.03,11,340,821,0,0,0,440.32,0,
TXN10-03649,10,2026-07-17 10:01:59,1875.5,Taxi,100117,Card,DEV-10-8,Web,Goa,10,4,0,33.58,25,4726.58,4372.19,1,72,534,0,0,1,440.32,0,
TXN10-03650,10,2026-07-17 10:07:15,5755.37,Airlines,100108,Card,DEV-10-2,iPhone,Mumbai,10,4,0,5.27,26,4717.87,4368.34,5,772,822,0,0,0,440.32,0,
TXN10-03651,10,2026-07-17 10:12:59,4037.1,Taxi,100067,UPI,DEV-10-8,Web,Goa,10,4,0,5.73,27,4721.03,4362.05,12,73,535,0,0,0,440.32,0,
TXN10-03652,10,2026-07-17 10:13:06,8745.18,Hotels,100017,Card,DEV-10-3,Android,Bangalore,10,4,0,0.12,28,4718.95,4355.58,62,540,522,0,0,0,454.99,0,
TXN10-03653,10,2026-07-17 10:37:02,2631.99,Food,100002,UPI,DEV-10-3,Android,Mumbai,10,4,0,23.93,29,4735.36,4360.55,288,541,823,0,0,0,845.32,0,
TXN10-03654,10,2026-07-17 10:38:47,5819.89,Taxi,100006,Card,DEV-10-1,iPhone,Mumbai,10,4,0,1.75,30,4728.98,4355.47,173,1187,824,0,0,0,0.0,0,
TXN10-03655,10,2026-07-17 11:02:26,992.08,Food,100042,Card,DEV-10-5,iPhone,Delhi,11,4,0,23.65,31,4732.28,4349.3,14,236,704,0,0,0,1153.24,0,
TXN10-03656,10,2026-07-17 11:51:41,2034.83,Airlines,100026,UPI,DEV-10-2,iPhone,Goa,11,4,0,49.25,32,4723.87,4353.83,55,773,536,0,0,0,1521.64,0,
TXN10-03657,10,2026-07-17 13:47:38,3824.22,Taxi,100006,Card,DEV-10-1,iPhone,Goa,13,4,0,115.95,33,4694.71,4358.47,174,1188,537,0,0,0,0.0,0,
TXN10-03658,10,2026-07-17 13:52:18,4771.72,Hotels,100061,Card,DEV-10-28,Android,Goa,13,4,0,4.67,34,4692.06,4352.1,7,2,538,0,0,0,0.0,0,
TXN10-03659,10,2026-07-17 14:04:12,5973.54,Airlines,100083,UPI,DEV-10-2,iPhone,Chennai,14,4,0,11.9,35,4692.3,4345.51,8,774,480,0,0,0,706.92,0,
TXN10-03660,10,2026-07-17 14:53:04,6416.2,Hotels,100017,Card,DEV-10-4,Android,Chennai,14,4,0,48.87,36,4700.12,4352.13,63,341,481,0,0,0,0.0,0,
TXN10-03661,10,2026-07-17 14:59:09,7383.61,Airlines,100007,UPI,DEV-10-2,iPhone,Hyderabad,14,4,0,6.08,37,4705.33,4346.55,225,775,542,0,0,0,515.24,0,
TXN10-03662,10,2026-07-17 15:10:47,3037.06,Airlines,100027,Card,DEV-10-3,Android,Mumbai,15,4,0,11.63,38,4713.42,4342.47,48,542,825,0,0,0,621.46,0,
TXN10-03663,10,2026-07-17 15:11:07,6130.15,Hotels,100012,Card,DEV-10-9,Android,Goa,15,4,0,0.33,39,4708.37,4336.9,98,60,539,0,0,0,440.32,0,
TXN10-03664,10,2026-07-17 15:12:46,4498.35,Hotels,100033,Card,DEV-10-3,Android,Delhi,15,4,0,1.65,40,4712.64,4331.08,35,543,705,0,0,0,1521.64,0,
TXN10-03665,10,2026-07-17 15:20:54,6854.2,Food,100018,UPI,DEV-10-1,iPhone,Mumbai,15,4,0,8.13,41,4712.0,4324.61,36,1189,826,0,0,0,1153.24,0,
TXN10-03666,10,2026-07-17 15:28:38,5801.13,Food,100008,UPI,DEV-10-1,iPhone,Delhi,15,4,0,7.73,42,4718.39,4319.73,72,1190,706,0,0,0,1153.24,0,
TXN10-03667,10,2026-07-17 15:41:56,4237.94,Taxi,100117,Card,DEV-10-3,Android,Chennai,15,4,0,13.3,43,4721.61,4313.7,2,544,482,0,0,0,1767.65,0,
TXN10-03668,10,2026-07-17 15:43:12,2967.59,Taxi,100114,Card,DEV-10-1,iPhone,Chennai,15,4,0,1.27,44,4720.18,4307.38,3,1191,483,0,0,0,0.0,0,
TXN10-03669,10,2026-07-17 15:47:09,2079.04,Airlines,100108,UPI,DEV-10-4,Android,Bangalore,15,4,0,3.95,45,4714.99,4302.05,6,342,523,0,0,0,290.17,0,
TXN10-03670,10,2026-07-17 16:00:32,6089.11,Hotels,100010,UPI,DEV-10-23,Web,Mumbai,16,4,0,13.38,46,4707.22,4298.08,140,2,827,0,0,0,845.32,0,
TXN10-03671,10,2026-07-17 16:31:03,2815.53,Hotels,100012,UPI,DEV-10-1,iPhone,Mumbai,16,4,0,30.52,47,4711.28,4292.41,99,1192,828,0,0,0,0.0,0,
TXN10-03672,10,2026-07-17 16:50:09,2954.95,Taxi,100006,Card,DEV-10-4,Android,Mumbai,16,4,0,19.1,48,4715.24,4298.16,175,343,829,0,0,0,0.0,0,
TXN10-03673,10,2026-07-17 16:56:52,4953.12,Hotels,100020,UPI,DEV-10-2,iPhone,Bangalore,16,4,0,6.72,49,4715.91,4297.86,49,776,524,0,0,0,845.32,0,
TXN10-03674,10,2026-07-17 17:10:21,4570.83,Hotels,100061,Card,DEV-10-4,Android,Delhi,17,4,0,13.48,50,4725.2,4294.96,8,344,707,0,0,0,1750.11,0,
TXN10-03675,10,2026-07-17 17:16:51,5333.11,Hotels,100030,UPI,DEV-10-2,iPhone,Delhi,17,4,0,6.5,51,4724.74,4288.65,35,777,708,0,0,0,0.0,0,
TXN10-03676,10,2026-07-17 17:42:46,6188.07,Taxi,100063,UPI,DEV-10-2,iPhone,Mumbai,17,4,0,25.92,52,4721.65,4289.0,15,778,830,0,0,0,1153.24,0,
TXN10-03677,10,2026-07-17 17:46:22,3163.75,Airlines,100007,UPI,DEV-10-4,Android,Mumbai,17,4,0,3.6,53,4737.98,4284.04,226,345,831,0,0,0,0.0,0,
TXN10-03678,10,2026-07-17 17:47:18,2509.53,Food,100019,UPI,DEV-10-1,iPhone,Chennai,17,4,0,0.93,54,4738.02,4284.03,27,1193,484,0,0,0,1033.1,0,
TXN10-03679,10,2026-07-17 17:58:31,4673.27,Taxi,100070,UPI,DEV-10-3,Android,Delhi,17,4,0,11.22,55,4735.52,4285.08,6,545,709,0,0,0,1767.65,0,
TXN10-03680,10,2026-07-17 18:11:29,5813.64,Food,100008,UPI,DEV-10-2,iPhone,Goa,18,4,0,12.97,56,4739.34,4284.45,73,779,540,0,0,0,1521.64,0,
TXN10-03681,10,2026-07-17 19:27:16,6894.8,Food,100016,Card,DEV-10-4,Android,Mumbai,19,4,0,75.78,57,4755.86,4287.67,33,346,832,0,0,0,440.32,0,
TXN10-03682,10,2026-07-17 19:58:06,10000.0,Airlines,100118,Card,DEV-10-5,iPhone,Goa,19,4,0,30.83,58,4759.15,4288.88,2,237,541,0,0,0,440.32,0,
TXN10-03683,10,2026-07-17 20:14:44,10000.0,Taxi,100048,Card,DEV-10-9,Android,Mumbai,20,4,0,16.63,59,4774.66,4291.98,21,61,833,0,0,0,440.32,0,
TXN10-03684,10,2026-07-17 20:24:28,7807.79,Hotels,100005,Card,DEV-10-2,iPhone,Mumbai,20,4,0,9.73,60,4790.07,4295.0,233,780,834,0,0,0,0.0,0,
TXN10-03685,10,2026-07-17 21:03:59,3435.08,Hotels,100020,UPI,DEV-10-1,iPhone,Goa,21,4,0,39.52,61,4808.66,4301.08,50,1194,542,0,0,0,440.32,0,
TXN10-03686,10,2026-07-17 21:39:17,8727.7,Hotels,100033,UPI,DEV-10-2,iPhone,Bangalore,21,4,0,35.3,62,4814.01,4298.24,36,781,525,0,0,0,454.99,0,
TXN10-03687,10,2026-07-17 21:55:56,2784.2,Airlines,100001,Card,DEV-10-1,iPhone,Mumbai,21,4,0,16.65,63,4825.55,4297.14,376,1195,835,0,0,0,845.32,1,distant_800km_15min
TXN10-03688,10,2026-07-17 22:03:56,3212.68,Airlines,100001,Card,DEV-10-1,iPhone,Jaipur,22,4,0,8.0,64,4822.71,4298.17,377,1196,21,0,0,0,920.74,1,distant_800km_15min
TXN10-03689,10,2026-07-17 22:14:40,2882.49,Hotels,100010,UPI,DEV-10-6,iPhone,Chennai,22,4,0,10.73,65,4817.97,4292.73,141,159,485,0,0,0,1607.1,0,
TXN10-03690,10,2026-07-17 22:36:32,3251.1,Hotels,100005,Card,DEV-10-7,Web,Mumbai,22,4,0,21.87,66,4832.06,4292.58,234,116,836,0,0,0,1033.1,0,
TXN10-03691,10,2026-07-17 22:38:05,10000.0,Food,100004,UPI,DEV-10-10,iPhone,Bangalore,22,4,0,1.55,67,4827.41,4287.12,84,36,526,0,0,0,845.32,0,
TXN10-03692,10,2026-07-17 22:57:09,3907.29,Taxi,100024,UPI,DEV-10-8,Web,Chennai,22,4,0,19.07,68,4842.58,4289.96,51,74,486,0,0,0,290.17,0,
TXN10-03693,10,2026-07-17 23:27:02,3575.82,Taxi,100119,UPI,DEV-10-2,iPhone,Hyderabad,23,4,0,29.88,69,4839.84,4283.98,1,782,543,0,0,1,515.24,0,
TXN10-03694,10,2026-07-17 23:42:11,6233.34,Airlines,100007,Card,DEV-10-3,Android,Chennai,23,4,0,15.15,70,4845.69,4280.88,227,546,487,0,0,0,515.24,0,
TXN10-03695,10,2026-07-18 03:45:12,1024.38,Airlines,100001,Card,DEV-10-1,iPhone,Mumbai,3,5,1,243.02,1,4857.27,4279.27,378,1197,837,0,0,0,1033.1,1,distant_800km_15min
TXN10-03696,10,2026-07-18 03:51:12,4494.26,Airlines,100001,Card,DEV-10-1,iPhone,Jaipur,3,5,1,6.0,2,4846.09,4278.02,379,1198,22,0,0,0,920.74,1,distant_800km_15min
TXN10-03697,10,2026-07-18 05:20:31,6989.3,Food,100057,UPI,DEV-10-1,iPhone,Goa,5,5,1,89.32,3,4817.55,4268.94,12,1199,543,0,0,0,1302.74,0,
TXN10-03698,10,2026-07-18 06:15:03,4626.11,Airlines,100007,Card,DEV-10-1,iPhone,Goa,6,5,1,54.53,4,4826.97,4270.17,228,1200,544,0,0,0,0.0,0,
TXN10-03699,10,2026-07-18 06:40:10,2403.79,Airlines,100013,UPI,DEV-10-2,iPhone,Bangalore,6,5,1,25.12,5,4825.21,4285.58,85,783,527,0,0,0,454.99,0,
TXN10-03700,10,2026-07-18 06:41:07,3263.39,Airlines,100007,Card,DEV-10-4,Android,Delhi,6,5,1,0.95,6,4818.07,4281.27,229,347,710,0,0,0,1750.11,0,
TXN10-03701,10,2026-07-18 06:48:14,6914.55,Food,100042,Card,DEV-10-6,iPhone,Delhi,6,5,1,7.12,7,4813.5,4275.79,15,160,711,0,0,0,0.0,0,
TXN10-03702,10,2026-07-18 07:24:41,2007.5,Taxi,100038,Card,DEV-10-3,Android,Goa,7,5,1,36.45,8,4826.7,4275.33,31,547,545,0,0,0,1521.64,0,
TXN10-03703,10,2026-07-18 07:36:20,4446.32,Airlines,100009,Card,DEV-10-4,Android,Goa,7,5,1,11.65,9,4818.43,4271.78,125,348,546,0,0,0,0.0,0,
TXN10-03704,10,2026-07-18 07:37:11,3885.71,Taxi,100001,Card,DEV-10-2,iPhone,Mumbai,7,5,1,0.85,10,4817.34,4265.58,380,784,838,0,0,0,440.32,0,
TXN10-03705,10,2026-07-18 07:39:21,10000.0,Taxi,100006,Card,DEV-10-2,iPhone,Delhi,7,5,1,2.17,11,4814.63,4259.65,176,785,712,0,0,0,1153.24,0,
TXN10-03706,10,2026-07-18 08:13:17,1842.56,Food,100003,UPI,DEV-10-2,iPhone,Delhi,8,5,1,33.93,12,4829.7,4262.61,150,786,713,0,0,0,0.0,0,
TXN10-03707,10,2026-07-18 08:36:40,6249.6,Food,100002,UPI,DEV-10-2,iPhone,Goa,8,5,1,23.38,13,4821.04,4259.45,289,787,547,0,0,0,1521.64,0,
TXN10-03708,10,2026-07-18 08:50:14,2018.34,Food,100058,UPI,DEV-10-23,Web,Mumbai,8,5,1,13.57,14,4825.17,4253.98,6,3,839,0,0,0,440.32,0,
TXN10-03709,10,2026-07-18 09:01:58,6989.86,Taxi,100001,UPI,DEV-10-1,iPhone,Mumbai,9,5,1,11.73,15,4821.36,4255.9,381,1201,840,0,0,0,0.0,0,
TXN10-03710,10,2026-07-18 09:39:15,8637.88,Airlines,100009,UPI,DEV-10-6,iPhone,Goa,9,5,1,37.28,16,4833.24,4256.21,126,161,548,0,0,0,440.32,0,
TXN10-03711,10,2026-07-18 09:47:43,2306.9,Taxi,100021,UPI,DEV-10-16,iPhone,Bangalore,9,5,1,8.47,17,4852.02,4258.61,81,7,528,0,0,0,454.99,0,
TXN10-03712,10,2026-07-18 09:49:15,7276.19,Taxi,100024,Card,DEV-10-3,Android,Mumbai,9,5,1,1.53,18,4844.69,4254.66,52,548,841,0,0,0,845.32,0,
TXN10-03713,10,2026-07-18 10:07:52,3362.73,Hotels,100010,UPI,DEV-10-1,iPhone,Hyderabad,10,5,1,18.62,19,4849.04,4251.12,142,1202,544,0,0,0,621.46,0,
TXN10-03714,10,2026-07-18 11:04:43,2648.7,Airlines,100027,UPI,DEV-10-1,iPhone,Bangalore,11,5,1,56.85,20,4843.33,4251.78,49,1203,529,0,0,0,499.99,0,
TXN10-03715,10,2026-07-18 11:54:10,9288.57,Airlines,100103,UPI,DEV-10-5,iPhone,Mumbai,11,5,1,49.45,21,4837.0,4247.28,3,238,842,0,0,0,845.32,0,
TXN10-03716,10,2026-07-18 12:00:47,10000.0,Airlines,100026,Card,DEV-10-6,iPhone,Mumbai,12,5,1,6.62,22,4849.79,4247.86,56,162,843,0,0,0,0.0,0,
TXN10-03717,10,2026-07-18 12:19:14,6677.8,Food,100076,Card,DEV-10-3,Android,Goa,12,5,1,18.45,23,4864.55,4250.7,2,549,549,0,0,0,440.32,0,
TXN10-03718,10,2026-07-18 12:32:47,2086.91,Taxi,100120,UPI,DEV-10-2,iPhone,Mumbai,12,5,1,13.55,24,4869.73,4245.72,1,788,844,0,0,1,440.32,0,
TXN10-03719,10,2026-07-18 12:38:41,4098.21,Hotels,100010,UPI,DEV-10-3,Android,Mumbai,12,5,1,5.9,25,4861.8,4242.27,143,550,845,0,0,0,0.0,0,
TXN10-03720,10,2026-07-18 12:46:35,3443.09,Hotels,100068,UPI,DEV-10-4,Android,Mumbai,12,5,1,7.9,26,4859.63,4236.43,6,349,846,0,0,0,0.0,0,
TXN10-03721,10,2026-07-18 12:54:40,3292.08,Hotels,100005,UPI,DEV-10-5,iPhone,Mumbai,12,5,1,8.08,27,4855.62,4231.1,235,239,847,0,0,0,0.0,0,
TXN10-03722,10,2026-07-18 13:04:17,2605.94,Airlines,100013,UPI,DEV-10-1,iPhone,Hyderabad,13,5,1,9.62,28,4850.07,4231.86,86,1204,545,0,0,0,621.46,0,
TXN10-03723,10,2026-07-18 13:09:44,1835.47,Taxi,100001,Card,DEV-10-2,iPhone,Goa,13,5,1,5.45,29,4843.73,4227.55,382,789,550,0,0,0,520.05,0,
TXN10-03724,10,2026-07-18 13:11:49,3525.17,Airlines,100178,UPI,DEV-10-10,iPhone,Chennai,13,5,1,2.08,30,4835.26,4224.61,1,37,488,0,0,1,706.92,1,ato_new_merchant_same_category
TXN10-03725,10,2026-07-18 13:16:17,8321.11,Food,100003,Card,DEV-10-4,Android,Chennai,13,5,1,4.47,31,4831.58,4219.24,151,350,489,0,0,0,0.0,0,
TXN10-03726,10,2026-07-18 14:15:21,6512.02,Food,100004,Card,DEV-10-1,iPhone,Mumbai,14,5,1,59.07,32,4850.19,4219.98,85,1205,848,0,0,0,1033.1,0,
TXN10-03727,10,2026-07-18 14:20:50,6022.77,Airlines,100007,Card,DEV-10-4,Android,Bangalore,14,5,1,5.48,33,4854.84,4214.98,230,351,530,0,0,0,845.32,0,
TXN10-03728,10,2026-07-18 14:26:40,2036.15,Food,100004,Card,DEV-10-8,Web,Chennai,14,5,1,5.83,34,4858.1,4209.54,86,75,490,0,0,0,290.17,0,
TXN10-03729,10,2026-07-18 15:24:01,3937.42,Taxi,100038,Card,DEV-10-1,iPhone,Delhi,15,5,1,57.35,35,4854.94,4216.06,32,1206,714,0,0,0,1767.65,0,
TXN10-03730,10,2026-07-18 15:38:40,10000.0,Taxi,100022,UPI,DEV-10-3,Android,Bangalore,15,5,1,14.65,36,4850.56,4221.88,49,551,531,0,0,0,1750.11,0,
TXN10-03731,10,2026-07-18 15:48:30,10000.0,Taxi,100031,Card,DEV-10-2,iPhone,Hyderabad,15,5,1,9.83,37,4864.99,4224.74,35,790,546,0,0,0,499.99,0,
TXN10-03732,10,2026-07-18 15:59:12,5899.89,Airlines,100027,Card,DEV-10-4,Android,Indore,15,5,1,10.7,38,4879.33,4227.53,50,352,5,0,0,0,653.6,0,
TXN10-03733,10,2026-07-18 16:16:52,4180.75,Food,100002,Card,DEV-10-1,iPhone,Goa,16,5,1,17.67,39,4882.17,4221.98,290,1207,551,0,0,0,844.95,0,
TXN10-03734,10,2026-07-18 16:48:46,2190.94,Taxi,100006,UPI,DEV-10-2,iPhone,Chennai,16,5,1,31.9,40,4885.54,4220.94,177,791,491,0,0,0,706.92,0,
TXN10-03735,10,2026-07-18 16:50:49,5758.43,Hotels,100010,Card,DEV-10-3,Android,Bangalore,16,5,1,2.05,41,4878.06,4217.46,144,552,532,0,0,0,290.17,0,
TXN10-03736,10,2026-07-18 16:55:15,10000.0,Hotels,100005,Card,DEV-10-1,iPhone,Chennai,16,5,1,4.43,42,4880.49,4211.87,236,1208,492,0,0,0,290.17,0,
TXN10-03737,10,2026-07-18 17:09:58,3356.98,Hotels,100005,Card,DEV-10-40,Web,Mumbai,17,5,1,14.72,43,4899.86,4219.28,237,1,849,1,0,0,1033.1,0,
TXN10-03738,10,2026-07-18 17:25:52,5700.42,Food,100008,Card,DEV-10-2,iPhone,Mumbai,17,5,1,15.9,44,4906.11,4220.88,74,792,850,0,0,0,0.0,0,
TXN10-03739,10,2026-07-18 17:34:39,5963.78,Food,100003,Card,DEV-10-5,iPhone,Mumbai,17,5,1,8.78,45,4908.31,4215.24,152,240,851,0,0,0,0.0,0,
TXN10-03740,10,2026-07-18 17:51:35,5215.76,Airlines,100026,UPI,DEV-10-4,Android,Goa,17,5,1,16.93,46,4914.35,4215.19,57,353,552,0,0,0,440.32,0,
TXN10-03741,10,2026-07-18 18:43:28,2867.24,Taxi,100054,Card,DEV-10-5,iPhone,Goa,18,5,1,51.88,47,4926.22,4209.98,13,241,553,0,0,0,0.0,0,
TXN10-03742,10,2026-07-18 18:52:59,3439.3,Taxi,100121,Card,DEV-10-5,iPhone,Goa,18,5,1,9.52,48,4920.53,4205.55,1,242,554,0,0,1,0.0,0,
TXN10-03743,10,2026-07-18 20:02:44,5169.81,Hotels,100033,Card,DEV-10-1,iPhone,Goa,20,5,1,69.75,49,4923.14,4211.03,37,1209,555,0,0,0,0.0,0,
TXN10-03744,10,2026-07-18 21:11:49,7631.25,Hotels,100005,UPI,DEV-10-1,iPhone,Bangalore,21,5,1,69.08,50,4935.07,4218.21,238,1210,533,0,0,0,454.99,0,
TXN10-03745,10,2026-07-18 21:34:48,1521.63,Airlines,100013,UPI,DEV-10-3,Android,Mumbai,21,5,1,22.98,51,4952.09,4216.73,87,553,852,0,0,0,845.32,0,
TXN10-03746,10,2026-07-18 21:37:16,7140.61,Hotels,100020,Card,DEV-10-2,iPhone,Hyderabad,21,5,1,2.47,52,4942.56,4214.73,51,793,547,0,0,0,621.46,0,
TXN10-03747,10,2026-07-18 21:41:16,4345.43,Taxi,100158,UPI,DEV-10-3,Android,Chennai,21,5,1,4.0,53,4948.65,4210.48,1,554,493,0,0,1,515.24,1,ato_new_merchant_same_category_short_gap
TXN10-03748,10,2026-07-18 21:45:10,9738.29,Food,100002,Card,DEV-10-5,iPhone,Hyderabad,21,5,1,3.9,54,4939.26,4208.03,291,243,548,0,0,0,515.24,0,
TXN10-03749,10,2026-07-18 21:53:48,5525.79,Food,100002,Card,DEV-10-4,Android,Mumbai,21,5,1,8.63,55,4944.85,4213.06,292,354,853,0,0,0,621.46,0,
TXN10-03750,10,2026-07-18 22:19:25,3514.55,Hotels,100020,Card,DEV-10-1,iPhone,Chennai,22,5,1,25.62,56,4946.45,4207.35,52,1211,494,0,0,0,1033.1,0,
TXN10-03751,10,2026-07-18 22:24:41,7558.99,Food,100016,Card,DEV-10-1,iPhone,Bangalore,22,5,1,5.27,57,4942.51,4202.22,34,1212,534,0,0,0,290.17,0,
TXN10-03752,10,2026-07-18 22:50:47,5744.69,Hotels,100005,UPI,DEV-10-1,iPhone,Delhi,22,5,1,26.1,58,4949.7,4198.67,239,1213,715,0,0,0,1750.11,0,
TXN10-03753,10,2026-07-18 23:01:07,5711.24,Hotels,100005,Card,DEV-10-4,Android,Mumbai,23,5,1,10.33,59,4951.88,4193.13,240,355,854,0,0,0,1153.24,0,
TXN10-03754,10,2026-07-18 23:18:32,1888.47,Airlines,100065,Card,DEV-10-5,iPhone,Goa,23,5,1,17.42,60,4953.95,4187.58,9,244,556,0,0,0,440.32,0,
TXN10-03755,10,2026-07-18 23:34:04,3463.15,Hotels,100005,UPI,DEV-10-1,iPhone,Chennai,23,5,1,15.53,61,4947.01,4190.55,241,1214,495,0,0,0,706.92,0,
TXN10-03756,10,2026-07-18 23:42:39,2184.09,Taxi,100031,Card,DEV-10-5,iPhone,Bangalore,23,5,1,8.58,62,4942.96,4185.55,36,245,535,0,0,0,290.17,0,
TXN10-03757,10,2026-07-19 04:44:12,50000.0,Luxury Goods,100001,Card,DEV-10-1,iPhone,Mumbai,4,6,1,301.55,1,4812.68,3462.79,383,1215,855,0,0,0,845.32,1,large_luxury_purchase
TXN10-03758,10,2026-07-19 05:47:23,1075.64,Food,100042,UPI,DEV-10-1,iPhone,Chennai,5,6,1,63.18,2,4923.22,4195.26,16,1216,496,0,0,0,1033.1,0,
TXN10-03759,10,2026-07-19 06:20:11,4180.58,Hotels,100012,Card,DEV-10-1,iPhone,Bangalore,6,6,1,32.8,3,4899.13,4192.17,100,1217,536,0,0,0,290.17,0,
TXN10-03760,10,2026-07-19 06:26:27,3399.1,Airlines,100009,UPI,DEV-10-3,Android,Mumbai,6,6,1,6.27,4,4897.15,4186.58,127,555,856,0,0,0,845.32,0,
TXN10-03761,10,2026-07-19 06:37:48,9541.63,Taxi,100001,UPI,DEV-10-2,iPhone,Hyderabad,6,6,1,11.35,5,4893.05,4181.57,384,794,549,0,0,0,621.46,0,
TXN10-03762,10,2026-07-19 06:55:22,5335.22,Hotels,100017,Card,DEV-10-1,iPhone,Delhi,6,6,1,17.57,6,4905.75,4182.9,64,1218,716,0,0,0,1266.53,0,
TXN10-03763,10,2026-07-19 07:08:47,1440.15,Hotels,100041,UPI,DEV-10-2,iPhone,Delhi,7,6,1,13.42,7,4906.92,4177.26,23,795,717,0,0,0,0.0,0,
TXN10-03764,10,2026-07-19 07:08:53,2325.08,Food,100019,UPI,DEV-10-4,Android,Bangalore,7,6,1,0.1,8,4897.5,4175.48,28,356,537,0,0,0,1750.11,0,
TXN10-03765,10,2026-07-19 07:11:44,3720.81,Taxi,100070,Card,DEV-10-1,iPhone,Mumbai,7,6,1,2.85,9,4890.53,4171.96,7,1219,857,0,0,0,845.32,0,
TXN10-03766,10,2026-07-19 07:11:54,5389.36,Airlines,100009,Card,DEV-10-1,iPhone,Goa,7,6,1,0.17,10,4887.37,4166.76,128,1220,557,0,0,0,440.32,0,
TXN10-03767,10,2026-07-19 07:36:17,1997.2,Airlines,100007,UPI,DEV-10-1,iPhone,Mumbai,7,6,1,24.38,11,4889.86,4172.11,231,1221,858,0,0,0,440.32,0,
TXN10-03768,10,2026-07-19 07:39:30,8302.57,Taxi,100070,UPI,DEV-10-1,iPhone,Hyderabad,7,6,1,3.22,12,4882.05,4169.17,8,1222,550,0,0,0,621.46,0,
TXN10-03769,10,2026-07-19 08:14:12,5259.29,Hotels,100005,Card,DEV-10-4,Android,Mumbai,8,6,1,34.7,13,4892.85,4172.84,242,357,859,0,0,0,621.46,0,
TXN10-03770,10,2026-07-19 08:49:22,7149.02,Airlines,100013,Card,DEV-10-1,iPhone,Chennai,8,6,1,35.17,14,4893.49,4172.88,88,1223,497,0,0,0,1033.1,0,
TXN10-03771,10,2026-07-19 09:12:27,8084.77,Food,100076,UPI,DEV-10-2,iPhone,Chennai,9,6,1,23.08,15,4892.75,4172.46,3,796,498,0,0,0,0.0,0,
TXN10-03772,10,2026-07-19 09:16:34,4354.29,Taxi,100038,UPI,DEV-10-3,Android,Mumbai,9,6,1,4.12,16,4901.36,4170.12,33,556,860,0,0,0,1033.1,0,
TXN10-03773,10,2026-07-19 09:24:58,4078.88,Food,100042,Card,DEV-10-7,Web,Delhi,9,6,1,8.4,17,4906.41,4168.32,17,117,718,0,0,0,1153.24,0,
TXN10-03774,10,2026-07-19 09:38:16,686.5,Airlines,100007,UPI,DEV-10-6,iPhone,Mumbai,9,6,1,13.3,18,4911.97,4165.83,232,163,861,0,0,0,1153.24,0,
TXN10-03775,10,2026-07-19 09:42:02,5330.61,Food,100016,Card,DEV-10-1,iPhone,Mumbai,9,6,1,3.77,19,4900.61,4165.98,35,1224,862,0,0,0,0.0,0,
TXN10-03776,10,2026-07-19 09:42:38,7359.39,Airlines,100036,UPI,DEV-10-1,iPhone,Chennai,9,6,1,0.6,20,4901.76,4160.45,37,1225,499,0,0,0,1033.1,0,
TXN10-03777,10,2026-07-19 10:40:49,1147.0,Taxi,100001,UPI,DEV-10-5,iPhone,Mumbai,10,6,1,58.18,21,4914.47,4171.48,385,246,863,0,0,0,1033.1,0,
TXN10-03778,10,2026-07-19 10:44:28,2826.09,Taxi,100001,UPI,DEV-10-1,iPhone,Mumbai,10,6,1,3.65,22,4904.34,4170.44,386,1226,864,0,0,0,0.0,0,
TXN10-03779,10,2026-07-19 11:11:21,2773.8,Taxi,100001,Card,DEV-10-9,Android,Goa,11,6,1,26.88,23,4898.77,4166.23,387,62,558,0,0,0,440.32,0,
TXN10-03780,10,2026-07-19 11:17:24,2396.38,Taxi,100079,UPI,DEV-10-4,Android,Bangalore,11,6,1,6.05,24,4893.09,4162.1,4,358,538,0,0,0,454.99,0,
TXN10-03781,10,2026-07-19 11:35:06,4876.69,Food,100002,UPI,DEV-10-8,Web,Bangalore,11,6,1,17.7,25,4887.71,4164.02,293,76,539,0,0,0,0.0,0,
TXN10-03782,10,2026-07-19 11:39:49,5631.63,Airlines,100083,UPI,DEV-10-2,iPhone,Bangalore,11,6,1,4.72,26,4887.68,4158.47,9,797,540,0,0,0,0.0,0,
TXN10-03783,10,2026-07-19 11:47:11,6394.5,Hotels,100010,Card,DEV-10-3,Android,Goa,11,6,1,7.37,27,4889.66,4153.11,145,557,559,0,0,0,454.99,1,ato_higher_amount
TXN10-03784,10,2026-07-19 11:56:56,2570.6,Hotels,100010,UPI,DEV-10-2,iPhone,Mumbai,11,6,1,9.75,28,4902.05,4152.14,146,798,865,0,0,0,440.32,0,
TXN10-03785,10,2026-07-19 12:09:00,4586.13,Hotels,100122,UPI,DEV-10-9,Android,Goa,12,6,1,12.07,29,4895.83,4148.34,1,63,560,0,0,1,440.32,0,
TXN10-03786,10,2026-07-19 12:15:16,10000.0,Hotels,100012,UPI,DEV-10-3,Android,Chennai,12,6,1,6.27,30,4895.01,4142.85,101,558,500,0,0,0,706.92,0,
TXN10-03787,10,2026-07-19 12:17:40,1908.86,Hotels,100025,Card,DEV-10-2,iPhone,Chennai,12,6,1,2.4,31,4908.55,4145.68,41,799,501,0,0,0,0.0,0,
TXN10-03788,10,2026-07-19 12:27:24,3776.96,Airlines,100013,UPI,DEV-10-3,Android,Bangalore,12,6,1,9.73,32,4900.61,4143.06,89,559,541,0,0,0,290.17,0,
TXN10-03789,10,2026-07-19 12:34:32,5653.68,Food,100102,UPI,DEV-10-4,Android,Hyderabad,12,6,1,7.13,33,4897.65,4137.99,5,359,551,0,0,0,499.99,0,
TXN10-03790,10,2026-07-19 12:40:27,2338.44,Food,100003,UPI,DEV-10-7,Web,Mumbai,12,6,1,5.92,34,4899.64,4132.72,153,118,866,0,0,0,621.46,0,
TXN10-03791,10,2026-07-19 12:46:00,5400.16,Airlines,100009,UPI,DEV-10-4,Android,Mumbai,12,6,1,5.55,35,4892.92,4129.38,129,360,867,0,0,0,0.0,0,
TXN10-03792,10,2026-07-19 13:10:50,2168.07,Taxi,100006,Card,DEV-10-3,Android,Chennai,13,6,1,24.83,36,4902.83,4136.52,178,560,502,0,0,0,1033.1,0,
TXN10-03793,10,2026-07-19 13:20:55,2977.96,Airlines,100009,UPI,DEV-10-3,Android,Delhi,13,6,1,10.08,37,4895.63,4133.44,130,561,719,0,0,0,1767.65,0,
TXN10-03794,10,2026-07-19 14:00:57,3248.89,Hotels,100107,UPI,DEV-10-2,iPhone,Goa,14,6,1,40.03,38,4881.28,4130.93,5,800,561,0,0,0,1521.64,0,
TXN10-03795,10,2026-07-19 14:11:14,3213.08,Airlines,100082,Card,DEV-10-2,iPhone,Bangalore,14,6,1,10.28,39,4876.98,4126.34,12,801,542,0,0,0,454.99,0,
TXN10-03796,10,2026-07-19 14:11:56,3082.94,Taxi,100024,Card,DEV-10-1,iPhone,Mumbai,14,6,1,0.7,40,4872.61,4121.8,53,1227,868,0,0,0,845.32,0,
TXN10-03797,10,2026-07-19 14:14:13,2471.86,Taxi,100043,UPI,DEV-10-1,iPhone,Chennai,14,6,1,2.28,41,4867.93,4117.42,19,1228,503,0,0,0,1033.1,0,
TXN10-03798,10,2026-07-19 14:29:03,6460.63,Taxi,100006,Card,DEV-10-5,iPhone,Hyderabad,14,6,1,14.83,42,4861.67,4113.86,179,247,552,0,0,0,515.24,0,
TXN10-03799,10,2026-07-19 14:34:22,4537.55,Taxi,100123,Card,DEV-10-3,Android,Mumbai,14,6,1,5.32,43,4865.84,4109.3,1,562,869,0,0,1,621.46,0,
TXN10-03800,10,2026-07-19 14:52:24,5544.28,Airlines,100083,Card,DEV-10-6,iPhone,Goa,14,6,1,18.03,44,4864.98,4104.0,10,164,562,0,0,0,440.32,0,
TXN10-03801,10,2026-07-19 15:21:06,3146.08,Taxi,100040,UPI,DEV-10-1,iPhone,Mumbai,15,6,1,28.7,45,4855.89,4098.6,24,1229,870,0,0,0,440.32,0,
TXN10-03802,10,2026-07-19 15:25:17,2623.09,Food,100002,Card,DEV-10-1,iPhone,Mumbai,15,6,1,4.18,46,4851.46,4094.21,294,1230,871,0,0,0,0.0,0,
TXN10-03803,10,2026-07-19 15:31:51,4202.59,Food,100003,Card,DEV-10-2,iPhone,Hyderabad,15,6,1,6.57,47,4845.57,4095.78,154,802,553,0,0,0,621.46,0,
TXN10-03804,10,2026-07-19 15:38:48,2300.16,Taxi,100022,Card,DEV-10-2,iPhone,Mumbai,15,6,1,6.95,48,4843.9,4090.61,50,803,872,0,0,0,621.46,0,
TXN10-03805,10,2026-07-19 15:47:48,3944.23,Food,100002,Card,DEV-10-2,iPhone,Chennai,15,6,1,9.0,49,4837.35,4087.37,295,804,504,0,0,0,1033.1,0,
TXN10-03806,10,2026-07-19 15:53:22,4676.77,Hotels,100064,UPI,DEV-10-2,iPhone,Mumbai,15,6,1,5.57,50,4835.05,4082.37,8,805,873,0,0,0,1033.1,0,
TXN10-03807,10,2026-07-19 16:16:59,10000.0,Food,100023,UPI,DEV-10-1,iPhone,Hyderabad,16,6,1,23.62,51,4828.18,4080.38,24,1231,554,0,0,0,621.46,0,
TXN10-03808,10,2026-07-19 16:22:48,8655.89,Hotels,100005,Card,DEV-10-4,Android,Hyderabad,16,6,1,5.82,52,4841.44,4083.53,243,361,555,0,0,0,0.0,0,
TXN10-03809,10,2026-07-19 17:02:44,4472.42,Food,100002,Card,DEV-10-2,iPhone,Bangalore,17,6,1,39.93,53,4850.43,4088.05,296,806,543,0,0,0,499.99,0,
TXN10-03810,10,2026-07-19 17:23:47,2645.02,Airlines,100007,Card,DEV-10-1,iPhone,Hyderabad,17,6,1,21.05,54,4849.46,4082.87,233,1232,556,0,0,0,499.99,0,
TXN10-03811,10,2026-07-19 17:29:27,3074.3,Hotels,100017,Card,DEV-10-1,iPhone,Mumbai,17,6,1,5.67,55,4843.84,4079.17,65,1233,874,0,0,0,621.46,0,
TXN10-03812,10,2026-07-19 17:31:34,1791.88,Food,100002,UPI,DEV-10-4,Android,Chennai,17,6,1,2.12,56,4839.34,4074.95,297,362,505,0,0,0,1033.1,0,
TXN10-03813,10,2026-07-19 18:19:26,2574.42,Airlines,100082,UPI,DEV-10-2,iPhone,Hyderabad,18,6,1,47.87,57,4828.28,4084.24,13,807,557,0,0,0,515.24,0,
TXN10-03814,10,2026-07-19 18:42:06,4109.58,Hotels,100005,Card,DEV-10-9,Android,Mumbai,18,6,1,22.67,58,4822.32,4085.82,244,64,875,0,0,0,621.46,0,
TXN10-03815,10,2026-07-19 19:04:53,8544.09,Taxi,100038,Card,DEV-10-4,Android,Delhi,19,6,1,22.78,59,4828.56,4089.55,34,363,720,0,0,0,1153.24,0,
TXN10-03816,10,2026-07-19 19:31:07,7247.41,Hotels,100017,Card,DEV-10-3,Android,Bangalore,19,6,1,26.23,60,4838.06,4088.63,66,563,544,0,0,0,1750.11,0,
TXN10-03817,10,2026-07-19 20:33:17,4769.87,Taxi,100001,Card,DEV-10-6,iPhone,Bangalore,20,6,1,62.17,61,4841.89,4102.63,388,165,545,0,0,0,0.0,0,
TXN10-03818,10,2026-07-19 20:40:41,4492.77,Taxi,100032,Card,DEV-10-1,iPhone,Mumbai,20,6,1,7.4,62,4841.7,4097.33,37,1234,876,0,0,0,845.32,0,
TXN10-03819,10,2026-07-19 20:44:23,8836.6,Taxi,100112,UPI,DEV-10-1,iPhone,Delhi,20,6,1,3.7,63,4840.8,4092.08,2,1235,721,0,0,0,1153.24,0,
TXN10-03820,10,2026-07-19 20:50:16,9887.97,Airlines,100082,Card,DEV-10-8,Web,Goa,20,6,1,5.88,64,4851.07,4091.82,14,77,563,0,0,0,1521.64,0,
TXN10-03821,10,2026-07-19 21:00:25,7645.41,Airlines,100029,UPI,DEV-10-1,iPhone,Delhi,21,6,1,10.15,65,4850.79,4091.47,35,1236,722,0,0,0,1521.64,0,
TXN10-03822,10,2026-07-19 21:39:28,4206.59,Food,100019,Card,DEV-10-1,iPhone,Chennai,21,6,1,39.05,66,4851.54,4097.03,29,1237,506,0,0,0,1767.65,0,
TXN10-03823,10,2026-07-19 22:22:46,4692.16,Airlines,100171,Card,DEV-10-1,iPhone,Delhi,22,6,1,43.3,67,4856.9,4101.01,1,1238,723,0,0,1,1767.65,1,ato_higher_amount_new_merchant_same_category
TXN10-03824,10,2026-07-19 22:32:16,2863.42,Taxi,100024,Card,DEV-10-4,Android,Goa,22,6,1,9.5,68,4856.48,4095.73,54,364,564,0,0,0,1521.64,0,
TXN10-03825,10,2026-07-19 23:09:36,7282.64,Food,100023,Card,DEV-10-4,Android,Delhi,23,6,1,37.33,69,4848.18,4096.5,25,365,724,0,0,0,1521.64,0,
TXN10-03826,10,2026-07-19 23:10:42,1215.41,Hotels,100020,Card,DEV-10-6,iPhone,Bangalore,23,6,1,1.1,70,4854.44,4093.09,53,166,546,0,0,0,1750.11,0,
TXN10-03827,10,2026-07-19 23:19:09,7528.37,Food,100042,UPI,DEV-10-4,Android,Goa,23,6,1,8.45,71,4845.1,4091.98,18,366,565,0,0,0,454.99,0,
TXN10-03828,10,2026-07-19 23:21:01,813.02,Hotels,100012,Card,DEV-10-8,Web,Goa,23,6,1,1.87,72,4851.97,4088.99,102,78,566,0,0,0,0.0,0,
TXN10-03829,10,2026-07-20 05:08:56,1080.98,Airlines,100007,Card,DEV-10-4,Android,Chennai,5,0,0,347.92,1,4856.32,4099.38,234,367,507,0,0,0,706.92,0,
TXN10-03830,10,2026-07-20 05:44:54,5274.81,Taxi,100021,UPI,DEV-10-2,iPhone,Delhi,5,0,0,35.97,2,4856.58,4099.13,82,808,725,0,0,0,1767.65,0,
TXN10-03831,10,2026-07-20 05:54:11,1705.84,Hotels,100033,Card,DEV-10-6,iPhone,Chennai,5,0,0,9.28,3,4857.65,4093.93,38,167,508,0,0,0,1767.65,0,
TXN10-03832,10,2026-07-20 06:24:35,1640.14,Food,100008,UPI,DEV-10-1,iPhone,Delhi,6,0,0,30.4,4,4849.59,4091.79,75,1239,726,0,0,0,1767.65,0,
TXN10-03833,10,2026-07-20 06:44:10,2057.01,Airlines,100104,Card,DEV-10-3,Android,Bangalore,6,0,0,19.58,5,4841.4,4089.77,3,564,547,0,0,0,1750.11,0,
TXN10-03834,10,2026-07-20 07:02:46,10000.0,Taxi,100038,Card,DEV-10-7,Web,Hyderabad,7,0,0,18.6,6,4834.32,4086.97,35,119,558,0,0,0,499.99,0,
TXN10-03835,10,2026-07-20 07:05:38,8096.07,Taxi,100038,Card,DEV-10-4,Android,Chennai,7,0,0,2.87,7,4847.43,4090.05,36,368,509,0,0,0,515.24,0,
TXN10-03836,10,2026-07-20 07:24:37,3347.12,Food,100002,UPI,DEV-10-2,iPhone,Hyderabad,7,0,0,18.98,8,4860.51,4092.18,298,809,559,0,0,0,515.24,0,
TXN10-03837,10,2026-07-20 07:47:24,3569.16,Food,100003,Card,DEV-10-7,Web,Hyderabad,7,0,0,22.78,9,4856.56,4092.89,155,120,560,0,0,0,0.0,0,
TXN10-03838,10,2026-07-20 07:49:37,6376.52,Food,100124,UPI,DEV-10-5,iPhone,Mumbai,7,0,0,2.22,10,4853.3,4088.21,1,248,877,0,0,1,621.46,0,
TXN10-03839,10,2026-07-20 08:02:30,2917.14,Taxi,100123,Card,DEV-10-1,iPhone,Goa,8,0,0,12.88,11,4857.15,4083.77,2,1240,567,0,0,0,440.32,0,
TXN10-03840,10,2026-07-20 09:14:26,1648.91,Airlines,100029,UPI,DEV-UNK-2436,Web,Chennai,9,0,0,71.93,12,4853.09,4094.19,36,1,510,1,0,0,706.92,1,ato_new_device
TXN10-03841,10,2026-07-20 09:33:39,9106.6,Hotels,100005,UPI,DEV-10-9,Android,Delhi,9,0,0,19.22,13,4853.69,4099.77,245,65,727,0,0,0,1767.65,0,
TXN10-03842,10,2026-07-20 10:01:19,5791.65,Taxi,100001,UPI,DEV-10-2,iPhone,Goa,10,0,0,27.67,14,4864.56,4100.15,389,810,568,0,0,0,1521.64,0,
TXN10-03843,10,2026-07-20 10:38:49,4431.38,Taxi,100001,Card,DEV-10-4,Android,Mumbai,10,0,0,37.5,15,4884.52,4103.57,390,369,878,0,0,0,440.32,0,
TXN10-03844,10,2026-07-20 11:04:51,5908.39,Airlines,100047,Card,DEV-10-4,Android,Bangalore,11,0,0,26.03,16,4883.35,4098.37,20,370,548,0,0,0,845.32,0,
TXN10-03845,10,2026-07-20 11:27:42,7720.33,Hotels,100010,UPI,DEV-10-8,Web,Hyderabad,11,0,0,22.85,17,4885.98,4093.46,147,79,561,0,0,0,499.99,0,
TXN10-03846,10,2026-07-20 11:30:27,10000.0,Hotels,100005,Card,DEV-10-13,Web,Hyderabad,11,0,0,2.75,18,4893.21,4090.73,246,9,562,0,0,0,0.0,0,
TXN10-03847,10,2026-07-20 11:36:20,2550.53,Hotels,100017,UPI,DEV-10-3,Android,Hyderabad,11,0,0,5.88,19,4906.2,4093.62,67,565,563,0,0,0,0.0,0,
TXN10-03848,10,2026-07-20 12:09:33,4675.82,Hotels,100020,Card,DEV-10-4,Android,Mumbai,12,0,0,33.22,20,4907.66,4092.67,54,371,879,0,0,0,621.46,0,
TXN10-03849,10,2026-07-20 12:33:57,6028.48,Airlines,100027,UPI,DEV-10-4,Android,Delhi,12,0,0,24.4,21,4907.08,4087.49,51,372,728,0,0,0,1153.24,1,ato_higher_amount
TXN10-03850,10,2026-07-20 12:51:11,7312.22,Hotels,100005,Card,DEV-10-3,Android,Chennai,12,0,0,17.23,22,4909.91,4082.7,247,566,511,0,0,0,1767.65,0,
TXN10-03851,10,2026-07-20 12:58:35,7656.31,Food,100002,Card,DEV-10-1,iPhone,Hyderabad,12,0,0,7.4,23,4915.98,4079.33,299,1241,564,0,0,0,515.24,0,
TXN10-03852,10,2026-07-20 12:59:10,2189.79,Food,100102,UPI,DEV-10-1,iPhone,Goa,12,0,0,0.58,24,4922.88,4076.5,6,1242,569,0,0,0,520.05,0,
TXN10-03853,10,2026-07-20 13:14:03,2856.02,Food,100125,Card,DEV-10-1,iPhone,Chennai,13,0,0,14.88,25,4916.02,4073.67,1,1243,512,0,0,1,706.92,0,
TXN10-03854,10,2026-07-20 14:03:41,7418.35,Food,100044,Card,DEV-10-2,iPhone,Mumbai,14,0,0,49.63,26,4924.13,4081.85,12,811,880,0,0,0,1033.1,0,
TXN10-03855,10,2026-07-20 14:07:51,1898.16,Hotels,100046,UPI,DEV-10-6,iPhone,Hyderabad,14,0,0,4.17,27,4930.41,4078.62,26,168,565,0,0,0,621.46,0,
TXN10-03856,10,2026-07-20 14:08:07,2067.18,Food,100042,UPI,DEV-10-4,Android,Hyderabad,14,0,0,0.27,28,4922.79,4076.32,19,373,566,0,0,0,0.0,0,
TXN10-03857,10,2026-07-20 14:26:25,7359.45,Taxi,100022,Card,DEV-10-1,iPhone,Delhi,14,0,0,18.3,29,4916.14,4082.38,51,1244,729,0,0,0,1266.53,0,
TXN10-03858,10,2026-07-20 14:30:14,4102.77,Food,100126,Card,DEV-10-8,Web,Delhi,14,0,0,3.82,30,4922.27,4079.08,1,80,730,0,0,1,0.0,0,
TXN10-03859,10,2026-07-20 15:38:30,2938.25,Airlines,100007,Card,DEV-10-5,iPhone,Mumbai,15,0,0,68.27,31,4920.22,4074.17,235,249,881,0,0,0,1153.24,0,
TXN10-03860,10,2026-07-20 15:46:33,4310.09,Taxi,100001,UPI,DEV-10-1,iPhone,Mumbai,15,0,0,8.05,32,4915.27,4070.28,391,1245,882,0,0,0,0.0,0,
TXN10-03861,10,2026-07-20 15:59:02,2257.22,Airlines,100007,Card,DEV-10-3,Android,Hyderabad,15,0,0,12.48,33,4920.21,4068.34,236,567,567,0,0,0,621.46,0,
TXN10-03862,10,2026-07-20 16:43:11,5040.41,Hotels,100074,UPI,DEV-10-1,iPhone,Bangalore,16,0,0,44.15,34,4913.57,4065.43,10,1246,549,0,0,0,499.99,0,
TXN10-03863,10,2026-07-20 17:20:05,2087.51,Airlines,100047,Card,DEV-10-4,Android,Mumbai,17,0,0,36.9,35,4930.24,4076.66,21,374,883,0,0,0,845.32,0,
TXN10-03864,10,2026-07-20 17:28:11,4393.61,Taxi,100006,UPI,DEV-10-1,iPhone,Mumbai,17,0,0,8.1,36,4923.11,4074.03,180,1247,884,0,0,0,0.0,0,
TXN10-03865,10,2026-07-20 17:46:32,8716.35,Food,100002,Card,DEV-10-5,iPhone,Bangalore,17,0,0,18.35,37,4921.79,4069.02,300,250,550,0,0,0,845.32,0,
TXN10-03866,10,2026-07-20 17:55:00,6333.77,Hotels,100012,Card,DEV-10-3,Android,Hyderabad,17,0,0,8.47,38,4931.25,4068.35,103,568,568,0,0,0,499.99,0,
TXN10-03867,10,2026-07-20 18:09:39,4480.75,Airlines,100026,Card,DEV-10-1,iPhone,Bangalore,18,0,0,14.65,39,4934.74,4063.89,58,1248,551,0,0,0,499.99,0,
TXN10-03868,10,2026-07-20 18:11:28,4852.48,Food,100037,UPI,DEV-10-4,Android,Goa,18,0,0,1.82,40,4933.61,4058.9,21,375,570,0,0,0,454.99,0,
TXN10-03869,10,2026-07-20 18:25:17,3920.95,Food,100071,Card,DEV-10-1,iPhone,Mumbai,18,0,0,13.82,41,4933.41,4053.88,9,1249,885,0,0,0,440.32,0,
TXN10-03870,10,2026-07-20 18:40:43,1502.74,Hotels,100010,Card,DEV-10-3,Android,Bangalore,18,0,0,15.43,42,4917.64,4054.26,148,569,552,0,0,0,845.32,0,
TXN10-03871,10,2026-07-20 18:53:48,4894.63,Taxi,100001,UPI,DEV-10-2,iPhone,Hyderabad,18,0,0,13.08,43,4909.19,4052.8,392,812,569,0,0,0,499.99,0,
TXN10-03872,10,2026-07-20 18:58:37,2674.21,Taxi,100127,Card,DEV-10-3,Android,Mumbai,18,0,0,4.82,44,4909.15,4047.79,1,570,886,0,0,1,621.46,0,
TXN10-03873,10,2026-07-20 19:22:34,2322.38,Hotels,100017,Card,DEV-10-4,Android,Mumbai,19,0,0,23.95,45,4903.64,4044.32,68,376,887,0,0,0,0.0,0,
TXN10-03874,10,2026-07-20 19:33:56,2531.82,Food,100003,UPI,DEV-10-1,iPhone,Goa,19,0,0,11.37,46,4897.3,4041.37,156,1250,571,0,0,0,440.32,0,
TXN10-03875,10,2026-07-20 19:38:40,2344.37,Taxi,100022,Card,DEV-10-6,iPhone,Hyderabad,19,0,0,4.73,47,4893.47,4042.87,52,169,570,0,0,0,520.05,0,
TXN10-03876,10,2026-07-20 19:45:19,10000.0,Taxi,100038,Card,DEV-10-2,iPhone,Chennai,19,0,0,6.65,48,4887.22,4039.88,37,813,513,0,0,0,515.24,0,
TXN10-03877,10,2026-07-20 20:00:52,2253.78,Taxi,100021,UPI,DEV-10-1,iPhone,Mumbai,20,0,0,15.55,49,4899.72,4042.83,83,1251,888,0,0,0,1033.1,0,
TXN10-03878,10,2026-07-20 20:01:57,4050.93,Airlines,100007,Card,DEV-10-1,iPhone,Hyderabad,20,0,0,1.08,50,4893.27,4040.01,237,1252,571,0,0,0,621.46,0,
TXN10-03879,10,2026-07-20 20:13:03,3070.41,Food,100128,UPI,DEV-10-3,Android,Mumbai,20,0,0,11.1,51,4891.22,4035.3,1,571,889,0,0,1,621.46,0,
TXN10-03880,10,2026-07-20 20:18:21,4325.98,Food,100129,UPI,DEV-10-5,iPhone,Hyderabad,20,0,0,5.3,52,4886.8,4031.4,1,251,572,0,0,1,621.46,0,
TXN10-03881,10,2026-07-20 20:28:22,6021.7,Taxi,100024,Card,DEV-10-6,iPhone,Chennai,20,0,0,10.02,53,4885.44,4026.61,55,170,514,0,0,0,515.24,0,
TXN10-03882,10,2026-07-20 21:14:02,3830.74,Taxi,100054,Card,DEV-10-2,iPhone,Delhi,21,0,0,45.67,54,4879.26,4022.9,14,814,731,0,0,0,1767.65,0,
TXN10-03883,10,2026-07-20 21:28:03,2344.66,Taxi,100079,Card,DEV-10-4,Android,Delhi,21,0,0,14.02,55,4876.73,4018.37,5,377,732,0,0,0,0.0,0,
TXN10-03884,10,2026-07-20 22:05:16,890.48,Airlines,100007,Card,DEV-10-1,iPhone,Bangalore,22,0,0,37.22,56,4887.81,4017.41,238,1253,553,0,0,0,1750.11,0,
TXN10-03885,10,2026-07-20 22:09:32,2995.51,Airlines,100026,UPI,DEV-10-6,iPhone,Mumbai,22,0,0,4.27,57,4878.15,4017.35,59,171,890,0,0,0,845.32,0,
TXN10-03886,10,2026-07-20 22:11:57,4647.08,Taxi,100119,UPI,DEV-10-3,Android,Bangalore,22,0,0,2.42,58,4873.62,4013.57,2,572,554,0,0,0,845.32,0,
TXN10-03887,10,2026-07-20 22:22:18,3875.49,Taxi,100048,UPI,DEV-10-4,Android,Mumbai,22,0,0,10.35,59,4873.07,4008.75,22,378,891,0,0,0,845.32,0,
TXN10-03888,10,2026-07-20 22:42:01,3154.5,Hotels,100010,Card,DEV-10-7,Web,Bangalore,22,0,0,19.72,60,4870.68,4004.24,149,121,555,0,0,0,845.32,0,
TXN10-03889,10,2026-07-20 22:54:02,1342.69,Food,100004,Card,DEV-10-4,Android,Delhi,22,0,0,12.02,61,4866.57,4000.33,87,379,733,0,0,0,1750.11,0,
TXN10-03890,10,2026-07-20 23:23:24,4083.58,Food,100003,Card,DEV-10-6,iPhone,Goa,23,0,0,29.37,62,4858.16,3999.25,157,172,572,0,0,0,1521.64,0,
TXN10-03891,10,2026-07-20 23:27:20,8532.29,Food,100003,Card,DEV-10-5,iPhone,Delhi,23,0,0,3.93,63,4856.32,3994.66,158,252,734,0,0,0,1521.64,0,
TXN10-03892,10,2026-07-20 23:39:27,8350.12,Food,100071,UPI,DEV-10-10,iPhone,Chennai,23,0,0,12.12,64,4865.05,3993.93,10,38,515,0,0,0,1767.65,0,
TXN10-03893,10,2026-07-20 23:48:14,1774.23,Hotels,100012,Card,DEV-10-5,iPhone,Delhi,23,0,0,8.78,65,4873.31,3992.79,104,253,735,0,0,0,1767.65,0,
TXN10-03894,10,2026-07-20 23:48:51,3635.75,Hotels,100020,UPI,DEV-10-1,iPhone,Hyderabad,23,0,0,0.62,66,4865.98,3990.91,55,1254,573,0,0,0,1266.53,0,
TXN10-03895,10,2026-07-21 05:48:29,5502.82,Hotels,100010,Card,DEV-10-1,iPhone,Bangalore,5,1,0,359.63,1,4885.9,4005.94,150,1255,556,0,0,0,499.99,0,
TXN10-03896,10,2026-07-21 05:56:13,3088.86,Airlines,100007,Card,DEV-10-1,iPhone,Mumbai,5,1,0,7.73,2,4887.38,4001.27,239,1256,892,0,0,0,845.32,0,
TXN10-03897,10,2026-07-21 06:03:21,3201.28,Airlines,100108,UPI,DEV-10-3,Android,Delhi,6,1,0,7.13,3,4883.09,3997.46,7,573,736,0,0,0,1153.24,0,
TXN10-03898,10,2026-07-21 06:20:42,6153.97,Airlines,100007,Card,DEV-10-12,iPhone,Hyderabad,6,1,0,17.35,4,4867.97,3991.77,240,16,574,0,0,0,1266.53,0,
TXN10-03899,10,2026-07-21 06:41:32,2819.44,Hotels,100033,UPI,DEV-10-7,Web,Mumbai,6,1,0,20.83,5,4871.02,3987.52,39,122,893,0,0,0,621.46,0,
TXN10-03900,10,2026-07-21 07:07:42,6800.16,Hotels,100064,Card,DEV-10-1,iPhone,Delhi,7,1,0,26.17,6,4864.85,3988.68,9,1257,737,0,0,0,1153.24,0,
TXN10-03901,10,2026-07-21 07:45:13,1788.78,Food,100014,Card,DEV-10-4,Android,Goa,7,1,0,37.52,7,4875.77,3994.57,46,380,573,0,0,0,1521.64,0,
TXN10-03902,10,2026-07-21 08:30:21,1558.78,Taxi,100067,UPI,DEV-10-6,iPhone,Bangalore,8,1,0,45.13,8,4871.85,3996.79,13,173,557,0,0,0,454.99,0,
TXN10-03903,10,2026-07-21 08:45:13,9379.53,Hotels,100005,UPI,DEV-10-6,iPhone,Delhi,8,1,0,14.87,9,4873.87,3994.91,248,174,738,0,0,0,1750.11,0,
TXN10-03904,10,2026-07-21 09:55:26,2542.7,Hotels,100033,UPI,DEV-10-7,Web,Mumbai,9,1,0,70.22,10,4884.67,3996.2,40,123,894,0,0,0,1153.24,0,
TXN10-03905,10,2026-07-21 10:17:04,2595.2,Food,100034,UPI,DEV-10-1,iPhone,Bangalore,10,1,0,21.63,11,4866.79,3989.95,23,1258,558,0,0,0,845.32,0,
TXN10-03906,10,2026-07-21 10:17:47,5908.89,Food,100039,Card,DEV-10-2,iPhone,Mumbai,10,1,0,0.72,12,4861.35,3986.72,20,815,895,0,0,0,845.32,0,
TXN10-03907,10,2026-07-21 11:00:58,6563.42,Taxi,100001,UPI,DEV-10-2,iPhone,Bangalore,11,1,0,43.18,13,4863.85,3982.29,393,816,559,0,0,0,845.32,0,
TXN10-03908,10,2026-07-21 11:49:49,3001.66,Hotels,100020,Card,DEV-10-7,Web,Mumbai,11,1,0,48.85,14,4877.08,3995.0,56,124,896,0,0,0,845.32,0,
TXN10-03909,10,2026-07-21 12:12:33,4035.63,Food,100102,UPI,DEV-10-1,iPhone,Bangalore,12,1,0,22.73,15,4878.62,3994.15,7,1259,560,0,0,0,845.32,0,
TXN10-03910,10,2026-07-21 13:15:20,2493.68,Food,100028,UPI,DEV-10-1,iPhone,Chennai,13,1,0,62.78,16,4871.92,3988.2,27,1260,516,0,0,0,290.17,0,
TXN10-03911,10,2026-07-21 13:29:12,2308.09,Taxi,100031,Card,DEV-10-7,Web,Hyderabad,13,1,0,13.87,17,4859.41,3987.5,37,125,575,0,0,0,515.24,0,
TXN10-03912,10,2026-07-21 13:36:13,586.6,Taxi,100048,Card,DEV-10-1,iPhone,Goa,13,1,0,7.02,18,4853.28,3984.66,23,1261,574,0,0,0,520.05,0,
TXN10-03913,10,2026-07-21 15:34:58,5563.33,Food,100004,UPI,DEV-10-9,Android,Delhi,15,1,0,118.75,19,4841.81,3999.46,88,66,739,0,0,0,1521.64,0,
TXN10-03914,10,2026-07-21 15:41:06,2761.69,Taxi,100022,UPI,DEV-10-5,iPhone,Mumbai,15,1,0,6.13,20,4843.56,3994.77,53,254,897,0,0,0,1153.24,0,
TXN10-03915,10,2026-07-21 15:54:06,2231.18,Airlines,100045,Card,DEV-10-5,iPhone,Bangalore,15,1,0,13.0,21,4838.53,3991.25,24,255,561,0,0,0,845.32,0,
TXN10-03916,10,2026-07-21 16:16:50,5368.64,Hotels,100005,Card,DEV-10-5,iPhone,Bangalore,16,1,0,22.73,22,4832.25,3988.49,249,256,562,0,0,0,0.0,0,
TXN10-03917,10,2026-07-21 16:41:03,1772.8,Food,100008,Card,DEV-10-8,Web,Goa,16,1,0,24.22,23,4842.23,3984.63,76,81,575,0,0,0,454.99,0,
TXN10-03918,10,2026-07-21 16:57:47,1849.69,Food,100023,UPI,DEV-10-3,Android,Chennai,16,1,0,16.73,24,4847.8,3987.35,26,574,517,0,0,0,706.92,0,
TXN10-03919,10,2026-07-21 17:44:49,5705.58,Taxi,100112,Card,DEV-10-1,iPhone,Delhi,17,1,0,47.03,25,4844.92,3994.36,3,1262,740,0,0,0,1767.65,0,
TXN10-03920,10,2026-07-21 17:52:58,6879.85,Food,100050,Card,DEV-10-1,iPhone,Delhi,17,1,0,8.15,26,4847.0,3989.75,18,1263,741,0,0,0,0.0,0,
TXN10-03921,10,2026-07-21 18:47:58,2438.46,Food,100004,UPI,DEV-10-3,Android,Hyderabad,18,1,0,55.0,27,4839.46,3982.95,89,575,576,0,0,0,1266.53,0,
TXN10-03922,10,2026-07-21 19:21:52,3091.56,Taxi,100001,Card,DEV-10-1,iPhone,Bangalore,19,1,0,33.9,28,4859.11,3987.49,394,1264,563,0,0,0,499.99,0,
TXN10-03923,10,2026-07-21 20:04:29,1634.63,Airlines,100013,Card,DEV-10-1,iPhone,Chennai,20,1,0,42.62,29,4835.65,3990.15,90,1265,518,0,0,0,290.17,0,
TXN10-03924,10,2026-07-21 22:13:36,10000.0,Taxi,100001,UPI,DEV-10-3,Android,Hyderabad,22,1,0,129.12,30,4853.6,4040.02,395,576,577,0,0,0,515.24,0,
TXN10-03925,10,2026-07-21 22:25:25,3068.26,Airlines,100036,Card,DEV-10-1,iPhone,Delhi,22,1,0,11.82,31,4866.53,4043.16,38,1266,742,0,0,0,1266.53,0,
TXN10-03926,10,2026-07-21 22:26:07,3220.4,Airlines,100045,UPI,DEV-10-1,iPhone,Delhi,22,1,0,0.7,32,4862.02,4039.09,25,1267,743,0,0,0,0.0,0,
TXN10-03927,10,2026-07-21 23:23:03,1825.21,Taxi,100093,Card,DEV-10-1,iPhone,Mumbai,23,1,0,56.93,33,4875.29,4037.53,4,1268,898,0,0,0,1153.24,0,
TXN10-03928,10,2026-07-22 05:01:12,2681.77,Food,100002,UPI,DEV-10-5,iPhone,Goa,5,2,0,338.15,1,4867.65,4035.35,301,257,576,0,0,0,440.32,0,
TXN10-03929,10,2026-07-22 05:05:15,7102.02,Hotels,100010,Card,DEV-10-1,iPhone,Hyderabad,5,2,0,4.05,2,4862.18,4031.78,151,1269,578,0,0,0,520.05,0,
TXN10-03930,10,2026-07-22 05:14:50,4715.37,Food,100044,Card,DEV-10-2,iPhone,Goa,5,2,0,9.58,3,4867.77,4028.3,13,817,577,0,0,0,520.05,0,
TXN10-03931,10,2026-07-22 05:39:59,2435.48,Food,100004,Card,DEV-10-4,Android,Delhi,5,2,0,25.15,4,4884.2,4033.5,90,381,744,0,0,0,1521.64,0,
TXN10-03932,10,2026-07-22 06:09:03,2857.62,Taxi,100001,UPI,DEV-10-2,iPhone,Goa,6,2,0,29.07,5,4879.75,4035.22,396,818,578,0,0,0,1521.64,0,
TXN10-03933,10,2026-07-22 06:40:35,5018.99,Food,100130,Card,DEV-10-1,iPhone,Bangalore,6,2,0,31.53,6,4874.69,4031.44,1,1270,564,0,0,1,454.99,0,
TXN10-03934,10,2026-07-22 06:48:18,5143.8,Food,100002,UPI,DEV-10-1,iPhone,Mumbai,6,2,0,7.72,7,4875.05,4026.41,302,1271,899,0,0,0,845.32,0,
TXN10-03935,10,2026-07-22 07:06:32,8311.2,Taxi,100079,Card,DEV-10-2,iPhone,Delhi,7,2,0,18.23,8,4873.19,4026.12,6,819,745,0,0,0,1153.24,0,
TXN10-03936,10,2026-07-22 07:25:01,3292.4,Airlines,100047,Card,DEV-10-1,iPhone,Bangalore,7,2,0,18.48,9,4894.26,4036.82,22,1272,565,0,0,0,1750.11,0,
TXN10-03937,10,2026-07-22 07:42:33,3000.06,Taxi,100022,Card,DEV-10-3,Android,Mumbai,7,2,0,17.53,10,4890.25,4032.57,54,577,900,0,0,0,845.32,0,
TXN10-03938,10,2026-07-22 07:54:01,6763.94,Food,100034,Card,DEV-10-1,iPhone,Goa,7,2,0,11.47,11,4885.54,4028.64,24,1273,579,0,0,0,440.32,0,
TXN10-03939,10,2026-07-22 08:03:45,10000.0,Taxi,100032,Card,DEV-10-4,Android,Mumbai,8,2,0,9.73,12,4890.21,4024.71,38,382,901,0,0,0,440.32,0,
TXN10-03940,10,2026-07-22 08:59:47,2060.52,Hotels,100010,Card,DEV-10-2,iPhone,Bangalore,8,2,0,56.03,13,4908.28,4046.52,152,820,566,0,0,0,845.32,0,
TXN10-03941,10,2026-07-22 09:40:15,5723.91,Food,100011,Card,DEV-10-3,Android,Delhi,9,2,0,40.47,14,4904.4,4048.5,53,578,746,0,0,0,1750.11,0,
TXN10-03942,10,2026-07-22 11:18:41,3646.54,Hotels,100086,Card,DEV-10-3,Android,Hyderabad,11,2,0,98.43,15,4906.41,4054.8,7,579,579,0,0,0,1266.53,0,
TXN10-03943,10,2026-07-22 11:33:04,5293.7,Food,100015,Card,DEV-10-2,iPhone,Bangalore,11,2,0,14.38,16,4905.48,4060.16,48,821,567,0,0,0,499.99,0,
TXN10-03944,10,2026-07-22 11:44:59,1926.9,Food,100042,UPI,DEV-10-2,iPhone,Delhi,11,2,0,11.92,17,4906.47,4055.07,20,822,747,0,0,0,1750.11,0,
TXN10-03945,10,2026-07-22 12:38:06,2969.37,Airlines,100013,Card,DEV-10-1,iPhone,Goa,12,2,0,53.12,18,4891.39,4060.46,91,1274,580,0,0,0,1521.64,0,
TXN10-03946,10,2026-07-22 12:54:35,5976.07,Food,100019,UPI,DEV-10-1,iPhone,Delhi,12,2,0,16.48,19,4894.58,4058.46,30,1275,748,0,0,0,1521.64,0,
TXN10-03947,10,2026-07-22 12:54:36,1468.73,Food,100002,UPI,DEV-10-1,iPhone,Goa,12,2,0,0.02,20,4897.33,4053.66,303,1276,581,0,0,0,1521.64,0,
TXN10-03948,10,2026-07-22 13:12:31,8562.69,Taxi,100001,UPI,DEV-10-2,iPhone,Delhi,13,2,0,17.92,21,4904.33,4056.52,397,823,749,0,0,0,1521.64,0,
TXN10-03949,10,2026-07-22 13:26:30,9265.61,Hotels,100010,UPI,DEV-10-1,iPhone,Mumbai,13,2,0,13.98,22,4913.64,4055.55,153,1277,902,0,0,0,1153.24,0,
TXN10-03950,10,2026-07-22 13:57:22,3848.32,Food,100051,Card,DEV-10-4,Android,Hyderabad,13,2,0,30.87,23,4917.53,4056.94,13,383,580,0,0,0,621.46,0,
TXN10-03951,10,2026-07-22 13:58:53,10000.0,Hotels,100077,UPI,DEV-10-3,Android,Goa,13,2,0,1.52,24,4914.81,4052.13,6,580,582,0,0,0,520.05,0,
TXN10-03952,10,2026-07-22 14:04:54,2974.35,Taxi,100006,Card,DEV-10-4,Android,Delhi,14,2,0,6.02,25,4937.01,4056.02,181,384,750,0,0,0,1521.64,0,
TXN10-03953,10,2026-07-22 14:16:46,2290.22,Airlines,100029,Card,DEV-10-3,Android,Bangalore,14,2,0,11.87,26,4927.54,4056.25,37,581,568,0,0,0,1750.11,0,
TXN10-03954,10,2026-07-22 14:50:24,7321.21,Hotels,100035,UPI,DEV-10-1,iPhone,Chennai,14,2,0,33.63,27,4920.85,4053.27,21,1278,519,0,0,0,290.17,0,
TXN10-03955,10,2026-07-22 15:09:56,2498.25,Taxi,100022,Card,DEV-10-8,Web,Chennai,15,2,0,19.53,28,4928.25,4054.99,55,82,520,0,0,0,0.0,0,
TXN10-03956,10,2026-07-22 16:47:06,8194.59,Taxi,100001,Card,DEV-10-6,iPhone,Mumbai,16,2,0,97.17,29,4958.1,4090.45,398,175,903,0,0,0,1033.1,0,
TXN10-03957,10,2026-07-22 17:11:09,3190.05,Food,100126,Card,DEV-10-1,iPhone,Bangalore,17,2,0,24.05,30,4966.48,4088.46,2,1279,569,0,0,0,845.32,0,
TXN10-03958,10,2026-07-22 17:18:52,4412.78,Airlines,100066,Card,DEV-10-2,iPhone,Delhi,17,2,0,7.72,31,4961.89,4084.17,17,824,751,0,0,0,1750.11,0,
TXN10-03959,10,2026-07-22 17:20:08,2494.37,Food,100015,Card,DEV-10-1,iPhone,Bangalore,17,2,0,1.27,32,4960.48,4079.0,49,1280,570,0,0,0,1750.11,0,
TXN10-03960,10,2026-07-22 17:29:54,5271.36,Hotels,100005,Card,DEV-10-1,iPhone,Chennai,17,2,0,9.77,33,4954.14,4075.66,250,1281,521,0,0,0,290.17,0,
TXN10-03961,10,2026-07-22 18:47:09,1211.52,Airlines,100007,Card,DEV-10-1,iPhone,Chennai,18,2,0,77.25,34,4954.95,4070.47,241,1282,522,0,0,0,0.0,0,
TXN10-03962,10,2026-07-22 18:49:24,8497.85,Food,100002,UPI,DEV-10-2,iPhone,Bangalore,18,2,0,2.25,35,4945.38,4069.65,304,825,571,0,0,0,290.17,0,
TXN10-03963,10,2026-07-22 19:06:50,8203.56,Hotels,100012,Card,DEV-10-10,iPhone,Delhi,19,2,0,17.43,36,4954.44,4068.41,105,39,752,0,0,0,1750.11,0,
TXN10-03964,10,2026-07-22 21:06:04,2098.0,Taxi,100022,Card,DEV-10-3,Android,Delhi,21,2,0,119.23,37,4962.76,4081.39,56,582,753,0,0,0,0.0,0,
TXN10-03965,10,2026-07-22 22:15:39,4817.8,Taxi,100001,UPI,DEV-10-2,iPhone,Bangalore,22,2,0,69.58,38,4964.99,4095.78,399,826,572,0,0,0,1750.11,0,
TXN10-03966,10,2026-07-22 23:47:31,7715.76,Taxi,100032,UPI,DEV-10-1,iPhone,Delhi,23,2,0,91.87,39,4958.52,4096.21,39,1283,754,0,0,0,1750.11,0,
TXN10-03967,10,2026-07-22 23:52:48,2827.85,Food,100002,UPI,DEV-10-4,Android,Mumbai,23,2,0,5.28,40,4965.7,4093.29,305,385,904,0,0,0,1153.24,0,
TXN10-03968,10,2026-07-22 23:54:32,2826.67,Hotels,100005,Card,DEV-10-1,iPhone,Bangalore,23,2,0,1.73,41,4960.15,4089.42,251,1284,573,0,0,0,845.32,0,
TXN10-03969,10,2026-07-23 01:59:30,4184.45,Taxi,100084,Card,DEV-10-4,Android,Chennai,1,3,0,124.97,1,4953.85,4090.83,5,386,523,0,0,0,290.17,1,ato_odd_hour
TXN10-03970,10,2026-07-23 05:23:18,4110.44,Hotels,100046,Card,DEV-10-3,Android,Mumbai,5,3,0,203.8,2,4939.79,4094.19,27,583,905,0,0,0,1033.1,0,
TXN10-03971,10,2026-07-23 05:34:22,4472.28,Taxi,100063,Card,DEV-10-9,Android,Delhi,5,3,0,11.07,3,4937.63,4089.07,16,67,755,0,0,0,1153.24,0,
TXN10-03972,10,2026-07-23 05:45:46,2646.62,Taxi,100001,UPI,DEV-10-3,Android,Mumbai,5,3,0,11.4,4,4936.42,4083.83,400,584,906,0,0,0,1153.24,0,
TXN10-03973,10,2026-07-23 06:40:22,4408.12,Airlines,100029,Card,DEV-10-1,iPhone,Mumbai,6,3,0,54.6,5,4930.49,4080.19,38,1285,907,0,0,0,0.0,0,
TXN10-03974,10,2026-07-23 06:48:00,6528.72,Airlines,100026,UPI,DEV-10-5,iPhone,Chennai,6,3,0,7.63,6,4929.14,4075.0,60,258,524,0,0,0,1033.1,0,
TXN10-03975,10,2026-07-23 06:49:00,10000.0,Airlines,100009,UPI,DEV-10-1,iPhone,Delhi,6,3,0,1.0,7,4933.26,4070.56,131,1286,756,0,0,0,1767.65,1,ato_short_gap
TXN10-03976,10,2026-07-23 07:09:22,5596.52,Taxi,100070,Card,DEV-10-3,Android,Goa,7,3,0,20.37,8,4933.26,4070.56,9,585,583,0,0,0,1521.64,0,
TXN10-03977,10,2026-07-23 07:20:54,2108.44,Airlines,100007,UPI,DEV-10-4,Android,Chennai,7,3,0,11.53,9,4934.97,4065.46,242,387,525,0,0,0,706.92,0,
TXN10-03978,10,2026-07-23 07:29:45,6678.85,Food,100115,Card,DEV-10-2,iPhone,Hyderabad,7,3,0,8.85,10,4927.72,4062.76,2,827,581,0,0,0,515.24,0,
TXN10-03979,10,2026-07-23 08:32:32,2577.3,Taxi,100022,UPI,DEV-10-4,Android,Goa,8,3,0,62.78,11,4919.21,4055.59,57,388,584,0,0,0,520.05,0,
TXN10-03980,10,2026-07-23 09:25:06,3854.07,Food,100050,UPI,DEV-10-1,iPhone,Goa,9,3,0,52.57,12,4935.57,4066.76,19,1287,585,0,0,0,0.0,0,
TXN10-03981,10,2026-07-23 10:18:08,2529.93,Food,100019,Card,DEV-10-1,iPhone,Bangalore,10,3,0,53.03,13,4932.78,4061.89,31,1288,574,0,0,0,454.99,0,
TXN10-03982,10,2026-07-23 10:41:17,2333.7,Taxi,100001,Card,DEV-10-3,Android,Mumbai,10,3,0,23.15,14,4926.6,4058.49,401,586,908,0,0,0,845.32,0,
TXN10-03983,10,2026-07-23 11:09:43,6892.8,Airlines,100027,UPI,DEV-10-2,iPhone,Hyderabad,11,3,0,28.43,15,4922.65,4060.26,52,828,582,0,0,0,621.46,0,
TXN10-03984,10,2026-07-23 12:11:35,5344.72,Taxi,100043,UPI,DEV-10-5,iPhone,Hyderabad,12,3,0,61.87,16,4927.7,4056.28,20,259,583,0,0,0,0.0,0,
TXN10-03985,10,2026-07-23 12:24:42,1959.76,Food,100014,Card,DEV-10-6,iPhone,Mumbai,12,3,0,13.12,17,4913.28,4053.08,47,176,909,0,0,0,621.46,0,
TXN10-03986,10,2026-07-23 12:59:26,3326.32,Food,100011,UPI,DEV-10-1,iPhone,Goa,12,3,0,34.73,18,4905.7,4050.63,54,1289,586,0,0,0,440.32,0,
TXN10-03987,10,2026-07-23 13:32:18,9057.12,Food,100003,Card,DEV-10-4,Android,Mumbai,13,3,0,32.87,19,4893.27,4047.3,159,389,910,0,0,0,440.32,0,
TXN10-03988,10,2026-07-23 14:11:08,2408.48,Airlines,100007,Card,DEV-10-2,iPhone,Goa,14,3,0,38.83,20,4903.95,4047.59,243,829,587,0,0,0,440.32,0,
TXN10-03989,10,2026-07-23 15:57:08,1866.25,Taxi,100063,UPI,DEV-10-2,iPhone,Delhi,15,3,0,106.0,21,4903.21,4063.96,17,830,757,0,0,0,1521.64,0,
TXN10-03990,10,2026-07-23 16:13:07,4009.18,Airlines,100045,Card,DEV-10-1,iPhone,Delhi,16,3,0,15.98,22,4884.3,4068.98,26,1290,758,0,0,0,0.0,0,
TXN10-03991,10,2026-07-23 16:20:21,9066.44,Hotels,100041,Card,DEV-10-3,Android,Delhi,16,3,0,7.23,23,4882.04,4063.96,24,587,759,0,0,0,0.0,0,
TXN10-03992,10,2026-07-23 16:22:16,9876.98,Airlines,100007,Card,DEV-10-6,iPhone,Chennai,16,3,0,1.92,24,4892.82,4064.26,244,177,526,0,0,0,1767.65,0,
TXN10-03993,10,2026-07-23 16:30:42,4537.47,Food,100004,Card,DEV-10-2,iPhone,Bangalore,16,3,0,8.43,25,4905.64,4066.87,91,831,575,0,0,0,290.17,0,
TXN10-03994,10,2026-07-23 16:57:35,893.58,Hotels,100052,Card,DEV-10-5,iPhone,Hyderabad,16,3,0,26.88,26,4904.69,4061.7,11,260,584,0,0,0,499.99,0,
TXN10-03995,10,2026-07-23 17:58:40,3398.19,Airlines,100083,UPI,DEV-10-1,iPhone,Bangalore,17,3,0,61.08,27,4890.29,4066.08,11,1291,576,0,0,0,499.99,0,
TXN10-03996,10,2026-07-23 17:59:31,7145.17,Hotels,100033,Card,DEV-10-8,Web,Pune,17,3,0,0.85,28,4886.47,4061.57,41,83,4,0,0,0,735.23,0,
TXN10-03997,10,2026-07-23 18:01:06,3156.79,Taxi,100131,UPI,DEV-10-6,iPhone,Delhi,18,3,0,1.58,29,4892.24,4057.97,1,178,760,0,0,1,1179.48,0,
TXN10-03998,10,2026-07-23 18:10:19,3620.7,Hotels,100012,UPI,DEV-10-1,iPhone,Goa,18,3,0,9.22,30,4887.82,4053.74,106,1292,588,0,0,0,1521.64,0,
TXN10-03999,10,2026-07-23 18:56:56,1199.15,Taxi,100006,Card,DEV-10-3,Android,Mumbai,18,3,0,46.62,31,4884.67,4058.31,182,588,911,0,0,0,440.32,0,
TXN10-04000,10,2026-07-23 19:27:37,6073.01,Taxi,100031,UPI,DEV-10-3,Android,Mumbai,19,3,0,30.68,32,4883.61,4059.22,38,589,912,0,0,0,0.0,0,
TXN10-04001,10,2026-07-23 19:41:34,7243.57,Food,100002,UPI,DEV-10-1,iPhone,Goa,19,3,0,13.95,33,4886.67,4054.45,306,1293,589,0,0,0,440.32,0,
TXN10-04002,10,2026-07-23 20:40:54,4055.83,Airlines,100047,Card,DEV-10-6,iPhone,Delhi,20,3,0,59.33,34,4902.73,4062.75,23,179,761,0,0,0,1521.64,0,
TXN10-04003,10,2026-07-23 20:54:01,6721.58,Taxi,100024,Card,DEV-10-1,iPhone,Goa,20,3,0,13.12,35,4900.54,4057.74,56,1294,590,0,0,0,1521.64,0,
TXN10-04004,10,2026-07-23 21:08:55,3947.98,Food,100018,UPI,DEV-10-1,iPhone,Delhi,21,3,0,14.9,36,4897.43,4055.87,37,1295,762,0,0,0,1521.64,0,
TXN10-04005,10,2026-07-23 21:21:29,1874.72,Airlines,100027,Card,DEV-10-6,iPhone,Bangalore,21,3,0,12.57,37,4894.98,4050.94,53,180,577,0,0,0,1750.11,0,
TXN10-04006,10,2026-07-23 21:58:52,1805.29,Food,100091,Card,DEV-10-2,iPhone,Chennai,21,3,0,37.38,38,4888.62,4053.74,5,832,527,0,0,0,290.17,0,
TXN10-04007,10,2026-07-23 22:56:53,6101.53,Airlines,100029,UPI,DEV-10-1,iPhone,Hyderabad,22,3,0,58.02,39,4875.47,4061.24,39,1296,585,0,0,0,515.24,0,
TXN10-04008,10,2026-07-23 23:22:20,7084.08,Hotels,100056,Card,DEV-10-2,iPhone,Bangalore,23,3,0,25.45,40,4885.03,4063.14,11,833,578,0,0,0,499.99,0,
TXN10-04009,10,2026-07-23 23:54:19,10000.0,Taxi,100001,UPI,DEV-10-6,iPhone,Delhi,23,3,0,31.98,41,4885.53,4067.22,402,181,763,0,0,0,1750.11,0,
TXN10-04010,10,2026-07-24 02:24:59,2698.01,Hotels,100005,UPI,DEV-10-1,iPhone,Goa,2,4,0,150.67,1,4893.54,4080.15,252,1297,591,0,0,0,1521.64,1,ato_odd_hour
TXN10-04011,10,2026-07-24 05:38:25,1912.44,Taxi,100006,UPI,DEV-10-2,iPhone,Hyderabad,5,4,0,193.43,2,4890.87,4090.13,183,834,586,0,0,0,520.05,0,
TXN10-04012,10,2026-07-24 06:23:55,1844.95,Hotels,100010,UPI,DEV-10-2,iPhone,Hyderabad,6,4,0,45.5,3,4884.85,4096.77,154,835,587,0,0,0,0.0,0,
TXN10-04013,10,2026-07-24 06:25:08,1677.77,Taxi,100006,Card,DEV-10-3,Android,Mumbai,6,4,0,1.22,4,4876.87,4094.35,184,590,913,0,0,0,621.46,0,
TXN10-04014,10,2026-07-24 07:00:09,3742.37,Food,100132,UPI,DEV-10-1,iPhone,Chennai,7,4,0,35.02,5,4875.73,4095.18,1,1298,528,0,0,1,1033.1,0,
TXN10-04015,10,2026-07-24 07:17:49,812.23,Airlines,100103,UPI,DEV-10-3,Android,Chennai,7,4,0,17.67,6,4872.76,4090.23,4,591,529,0,0,0,0.0,0,
TXN10-04016,10,2026-07-24 07:20:24,913.38,Hotels,100005,Card,DEV-10-13,Web,Hyderabad,7,4,0,2.58,7,4862.16,4090.14,253,10,588,0,0,0,515.24,0,
TXN10-04017,10,2026-07-24 07:24:00,8266.25,Hotels,100074,Card,DEV-10-7,Web,Hyderabad,7,4,0,3.6,8,4834.61,4093.03,11,126,589,0,0,0,0.0,0,
TXN10-04018,10,2026-07-24 07:52:43,3796.56,Hotels,100080,UPI,DEV-10-2,iPhone,Mumbai,7,4,0,28.72,9,4862.47,4101.24,10,836,914,0,0,0,621.46,0,
TXN10-04019,10,2026-07-24 08:05:09,10000.0,Taxi,100006,Card,DEV-10-1,iPhone,Bangalore,8,4,0,12.43,10,4848.75,4096.06,185,1299,579,0,0,0,845.32,0,
TXN10-04020,10,2026-07-24 08:05:14,5996.2,Hotels,100033,UPI,DEV-10-1,iPhone,Goa,8,4,0,0.08,11,4862.27,4099.17,42,1300,592,0,0,0,454.99,0,
TXN10-04021,10,2026-07-24 08:16:25,4655.28,Taxi,100070,Card,DEV-10-7,Web,Delhi,8,4,0,11.18,12,4748.12,3387.49,10,127,764,0,0,0,1521.64,0,
TXN10-04022,10,2026-07-24 08:38:28,1904.41,Airlines,100007,Card,DEV-10-11,Web,Hyderabad,8,4,0,22.05,13,4747.88,3383.04,245,21,590,0,0,0,1266.53,0,
TXN10-04023,10,2026-07-24 08:44:49,4308.81,Airlines,100029,Card,DEV-10-1,iPhone,Goa,8,4,0,6.35,14,4739.5,3386.12,40,1301,593,0,0,0,520.05,0,
TXN10-04024,10,2026-07-24 08:50:14,1756.33,Hotels,100052,Card,DEV-10-7,Web,Chennai,8,4,0,5.42,15,4740.91,3390.41,12,128,530,0,0,0,706.92,0,
TXN10-04025,10,2026-07-24 08:52:00,2433.89,Hotels,100020,UPI,DEV-10-6,iPhone,Chennai,8,4,0,1.77,16,4733.08,3389.4,57,182,531,0,0,0,0.0,0,
TXN10-04026,10,2026-07-24 08:53:05,10000.0,Hotels,100005,Card,DEV-10-4,Android,Mumbai,8,4,0,1.08,17,4727.06,3387.0,254,390,915,0,0,0,1033.1,0,
TXN10-04027,10,2026-07-24 08:54:20,2104.6,Hotels,100075,Card,DEV-10-7,Web,Bangalore,8,4,0,1.25,18,4740.83,3393.26,5,129,580,0,0,0,845.32,0,
TXN10-04028,10,2026-07-24 08:59:19,2703.72,Food,100039,UPI,DEV-10-5,iPhone,Chennai,8,4,0,4.98,19,4730.59,3397.76,21,261,532,0,0,0,290.17,0,
TXN10-04029,10,2026-07-24 09:38:29,10000.0,Food,100115,UPI,DEV-10-3,Android,Chennai,9,4,0,39.17,20,4726.6,3402.16,3,592,533,0,0,0,0.0,0,
TXN10-04030,10,2026-07-24 09:46:49,10000.0,Airlines,100007,UPI,DEV-10-1,iPhone,Hyderabad,9,4,0,8.33,21,4740.44,3408.38,246,1302,591,0,0,0,515.24,0,
TXN10-04031,10,2026-07-24 09:56:38,7395.21,Hotels,100020,Card,DEV-10-1,iPhone,Goa,9,4,0,9.82,22,4754.21,3414.51,58,1303,594,0,0,0,520.05,0,
TXN10-04032,10,2026-07-24 10:14:21,10000.0,Hotels,100035,Card,DEV-10-6,iPhone,Delhi,10,4,0,17.72,23,4757.49,3420.77,22,183,765,0,0,0,1521.64,0,
TXN10-04033,10,2026-07-24 10:14:36,4013.86,Hotels,100077,UPI,DEV-10-3,Android,Mumbai,10,4,0,0.25,24,4771.29,3426.81,7,593,916,0,0,0,1153.24,0,
TXN10-04034,10,2026-07-24 10:27:22,4987.56,Hotels,100061,UPI,DEV-10-2,iPhone,Goa,10,4,0,12.77,25,4769.3,3422.53,9,837,595,0,0,0,440.32,0,
TXN10-04035,10,2026-07-24 10:39:31,1810.62,Airlines,100007,UPI,DEV-10-3,Android,Goa,10,4,0,12.15,26,4772.74,3424.87,247,594,596,0,0,0,0.0,0,
TXN10-04036,10,2026-07-24 11:15:27,7217.86,Hotels,100030,UPI,DEV-10-2,iPhone,Bangalore,11,4,0,35.93,27,4774.89,3422.75,36,838,581,0,0,0,454.99,0,
TXN10-04037,10,2026-07-24 11:20:22,6537.28,Food,100002,Card,DEV-10-6,iPhone,Chennai,11,4,0,4.92,28,4781.3,3420.54,307,184,534,0,0,0,290.17,0,
TXN10-04038,10,2026-07-24 11:33:22,5250.0,Airlines,100001,Card,DEV-UNK-5513,Web,Mumbai,11,4,0,13.0,29,4785.9,3417.23,403,1,917,1,0,0,1033.1,1,unknown_device
TXN10-04039,10,2026-07-24 11:55:04,7087.52,Hotels,100068,Card,DEV-10-2,iPhone,Goa,11,4,0,21.7,30,4794.32,3414.41,7,839,597,0,0,0,440.32,0,
TXN10-04040,10,2026-07-24 12:16:41,2988.34,Hotels,100005,Card,DEV-10-1,iPhone,Bangalore,12,4,0,21.62,31,4800.3,3411.95,255,1304,582,0,0,0,454.99,0,
TXN10-04041,10,2026-07-24 12:49:03,5250.0,Airlines,100001,Card,DEV-UNK-6026,iPhone,Mumbai,12,4,0,32.37,32,4795.59,3408.76,404,1,918,1,0,0,845.32,1,unknown_device
TXN10-04042,10,2026-07-24 13:01:24,5998.76,Taxi,100022,Card,DEV-10-3,Android,Goa,13,4,0,12.35,33,4796.77,3404.41,58,595,598,0,0,0,440.32,0,
TXN10-04043,10,2026-07-24 13:06:51,5680.71,Taxi,100131,Card,DEV-10-1,iPhone,Chennai,13,4,0,5.45,34,4799.88,3400.54,2,1305,535,0,0,0,706.92,0,
TXN10-04044,10,2026-07-24 13:15:11,5288.78,Food,100011,Card,DEV-10-4,Android,Hyderabad,13,4,0,8.33,35,4802.16,3396.44,55,391,592,0,0,0,515.24,0,
TXN10-04045,10,2026-07-24 13:25:36,3310.21,Hotels,100017,Card,DEV-10-15,iPhone,Chennai,13,4,0,10.42,36,4803.41,3392.15,69,8,536,0,0,0,515.24,0,
TXN10-04046,10,2026-07-24 13:33:47,6929.88,Airlines,100007,UPI,DEV-10-3,Android,Delhi,13,4,0,8.18,37,4799.57,3388.63,248,596,766,0,0,0,1767.65,0,
TXN10-04047,10,2026-07-24 13:35:50,10000.0,Food,100058,Card,DEV-10-1,iPhone,Chennai,13,4,0,2.05,38,4805.03,3386.0,7,1306,537,0,0,0,1767.65,0,
TXN10-04048,10,2026-07-24 13:37:07,4316.57,Hotels,100077,UPI,DEV-10-5,iPhone,Delhi,13,4,0,1.28,39,4818.32,3391.83,8,262,767,0,0,0,1767.65,0,
TXN10-04049,10,2026-07-24 13:42:19,2156.01,Airlines,100007,UPI,DEV-10-1,iPhone,Mumbai,13,4,0,5.2,40,4817.04,3387.6,249,1307,919,0,0,0,1153.24,0,
TXN10-04050,10,2026-07-24 13:49:24,2754.27,Hotels,100005,UPI,DEV-10-6,iPhone,Chennai,13,4,0,7.08,41,4812.78,3389.89,256,185,538,0,0,0,1033.1,0,
TXN10-04051,10,2026-07-24 13:49:50,4936.96,Airlines,100007,Card,DEV-10-1,iPhone,Goa,13,4,0,0.43,42,4807.55,3387.16,250,1308,599,0,0,0,706.92,0,
TXN10-04052,10,2026-07-24 14:03:43,6988.42,Airlines,100133,UPI,DEV-10-6,iPhone,Mumbai,14,4,0,13.88,43,4807.97,3387.17,1,186,920,0,0,1,440.32,0,
TXN10-04053,10,2026-07-24 14:17:04,3346.6,Taxi,100054,UPI,DEV-10-4,Android,Chennai,14,4,0,13.35,44,4810.55,3388.44,15,392,539,0,0,0,1033.1,0,
TXN10-04054,10,2026-07-24 14:25:54,6137.79,Hotels,100020,Card,DEV-10-1,iPhone,Mumbai,14,4,0,8.83,45,4806.83,3384.94,59,1309,921,0,0,0,1033.1,0,
TXN10-04055,10,2026-07-24 14:54:27,7498.95,Food,100018,UPI,DEV-10-1,iPhone,Bangalore,14,4,0,28.55,46,4806.13,3384.63,38,1310,583,0,0,0,845.32,0,
TXN10-04056,10,2026-07-24 15:20:23,2076.44,Taxi,100006,Card,DEV-10-16,iPhone,Mumbai,15,4,0,25.93,47,4808.35,3395.95,186,8,922,0,0,0,845.32,0,
TXN10-04057,10,2026-07-24 16:43:12,2633.48,Food,100002,Card,DEV-10-3,Android,Chennai,16,4,0,82.82,48,4808.56,3416.81,308,597,540,0,0,0,1033.1,0,
TXN10-04058,10,2026-07-24 16:52:52,3314.53,Airlines,100026,UPI,DEV-10-1,iPhone,Chennai,16,4,0,9.67,49,4807.73,3417.3,61,1311,541,0,0,0,0.0,0,
TXN10-04059,10,2026-07-24 17:09:51,2372.39,Taxi,100119,UPI,DEV-10-7,Web,Chennai,17,4,0,16.98,50,4803.47,3418.13,3,130,542,0,0,0,0.0,0,
TXN10-04060,10,2026-07-24 17:22:40,3998.46,Taxi,100073,UPI,DEV-10-2,iPhone,Delhi,17,4,0,12.82,51,4796.36,3424.7,8,840,768,0,0,0,1767.65,0,
TXN10-04061,10,2026-07-24 17:29:25,1248.79,Hotels,100116,Card,DEV-10-7,Web,Goa,17,4,0,6.75,52,4794.29,3420.49,2,131,600,0,0,0,1521.64,0,
TXN10-04062,10,2026-07-24 18:05:16,5518.51,Airlines,100013,Card,DEV-10-1,iPhone,Hyderabad,18,4,0,35.85,53,4791.93,3434.93,92,1312,593,0,0,0,520.05,0,
TXN10-04063,10,2026-07-24 18:11:56,4633.07,Food,100003,Card,DEV-10-1,iPhone,Hyderabad,18,4,0,6.67,54,4791.16,3434.74,160,1313,594,0,0,0,0.0,0,
TXN10-04064,10,2026-07-24 18:23:55,2656.38,Taxi,100001,UPI,DEV-10-1,iPhone,Delhi,18,4,0,11.98,55,4790.74,3430.26,405,1314,769,0,0,0,1266.53,0,
TXN10-04065,10,2026-07-24 18:44:38,2999.65,Hotels,100030,UPI,DEV-10-4,Android,Chennai,18,4,0,20.72,56,4785.19,3427.52,37,393,543,0,0,0,1767.65,0,
TXN10-04066,10,2026-07-24 18:47:46,3640.92,Hotels,100010,Card,DEV-10-2,iPhone,Bangalore,18,4,0,3.13,57,4780.55,3424.27,155,841,584,0,0,0,290.17,0,
TXN10-04067,10,2026-07-24 19:42:49,1560.08,Airlines,100007,UPI,DEV-10-1,iPhone,Goa,19,4,0,55.05,58,4772.1,3423.05,251,1315,601,0,0,0,454.99,0,
TXN10-04068,10,2026-07-24 20:09:18,9435.57,Airlines,100001,Card,DEV-10-1,iPhone,Mumbai,20,4,0,26.48,59,4750.17,3416.52,406,1316,923,0,0,0,440.32,1,distant_800km_15min
TXN10-04069,10,2026-07-24 20:19:18,3912.93,Airlines,100001,Card,DEV-10-1,iPhone,Jaipur,20,4,0,10.0,60,4748.71,3414.39,407,1317,23,0,0,0,920.74,1,distant_800km_15min
TXN10-04070,10,2026-07-24 20:21:50,9335.59,Taxi,100001,Card,DEV-10-4,Android,Bangalore,20,4,0,2.53,61,4746.54,3410.23,408,394,585,0,0,0,1561.54,0,
TXN10-04071,10,2026-07-24 20:49:57,4252.79,Taxi,100119,Card,DEV-10-3,Android,Goa,20,4,0,28.12,62,4750.5,3414.66,4,598,602,0,0,0,454.99,0,
TXN10-04072,10,2026-07-24 20:49:58,6735.45,Food,100055,Card,DEV-10-5,iPhone,Bangalore,20,4,0,0.02,63,4749.21,3410.34,5,263,586,0,0,0,454.99,0,
TXN10-04073,10,2026-07-24 20:58:29,10000.0,Food,100002,Card,DEV-10-3,Android,Goa,20,4,0,8.52,64,4754.33,3407.43,309,599,603,0,0,0,454.99,0,
TXN10-04074,10,2026-07-24 21:01:42,4132.56,Food,100019,UPI,DEV-10-1,iPhone,Delhi,21,4,0,3.22,65,4767.82,3413.4,32,1318,770,0,0,0,1521.64,0,
TXN10-04075,10,2026-07-24 21:13:06,7560.17,Taxi,100006,Card,DEV-10-2,iPhone,Chennai,21,4,0,11.4,66,4769.61,3412.88,187,842,544,0,0,0,1767.65,0,
TXN10-04076,10,2026-07-24 21:24:28,4767.61,Airlines,100047,UPI,DEV-10-2,iPhone,Mumbai,21,4,0,11.37,67,4776.77,3411.43,24,843,924,0,0,0,1033.1,0,
TXN10-04077,10,2026-07-24 21:37:07,7987.97,Taxi,100043,UPI,DEV-10-7,Web,Bangalore,21,4,0,12.65,68,4776.74,3407.06,21,132,587,0,0,0,845.32,0,
TXN10-04078,10,2026-07-24 21:51:33,50000.0,Luxury Goods,100001,Card,DEV-10-1,iPhone,Mumbai,21,4,0,14.43,69,4774.85,3405.07,409,1319,925,0,0,0,845.32,1,large_luxury_purchase
TXN10-04079,10,2026-07-24 22:04:35,7912.23,Taxi,100120,Card,DEV-10-8,Web,Chennai,22,4,0,13.03,70,4899.92,4103.24,2,84,545,0,0,0,1033.1,0,
TXN10-04080,10,2026-07-24 22:34:10,5596.53,Taxi,100001,Card,DEV-10-1,iPhone,Bangalore,22,4,0,29.58,71,4912.82,4104.78,410,1320,588,0,0,0,290.17,0,
TXN10-04081,10,2026-07-24 22:39:40,2075.33,Food,100014,Card,DEV-10-1,iPhone,Lucknow,22,4,0,5.5,72,4905.77,4101.23,48,1321,4,0,0,0,1581.87,0,
TXN10-04082,10,2026-07-24 23:34:02,2866.2,Hotels,100017,Card,DEV-10-1,iPhone,Chennai,23,4,0,54.37,73,4904.48,4108.16,70,1322,546,0,0,0,1532.1,0,
TXN10-04083,10,2026-07-24 23:52:25,5028.96,Airlines,100118,UPI,DEV-10-2,iPhone,Goa,23,4,0,18.38,74,4895.8,4108.9,3,844,604,0,0,0,706.92,0,
TXN10-04084,10,2026-07-25 00:48:44,1252.35,Taxi,100001,UPI,DEV-10-6,iPhone,Hyderabad,0,5,1,56.32,1,4896.14,4103.62,411,187,595,0,0,0,520.05,1,ato_odd_hour_short_gap
TXN10-04085,10,2026-07-25 05:02:52,1619.96,Airlines,100007,Card,DEV-10-3,Android,Mumbai,5,5,1,254.13,2,4897.77,4108.31,252,600,926,0,0,0,621.46,0,
TXN10-04086,10,2026-07-25 05:17:34,4772.48,Taxi,100134,Card,DEV-10-5,iPhone,Goa,5,5,1,14.7,3,4889.34,4106.39,1,264,605,0,0,1,440.32,0,
TXN10-04087,10,2026-07-25 05:30:35,2869.69,Food,100003,UPI,DEV-10-5,iPhone,Delhi,5,5,1,13.02,4,4883.64,4105.0,161,265,771,0,0,0,1521.64,0,
TXN10-04088,10,2026-07-25 05:45:44,5131.68,Hotels,100072,UPI,DEV-10-3,Android,Mumbai,5,5,1,15.15,5,4878.48,4101.0,6,601,927,0,0,0,1153.24,0,
TXN10-04089,10,2026-07-25 05:58:58,961.91,Airlines,100007,Card,DEV-10-4,Android,Goa,5,5,1,13.23,6,4879.12,4095.78,253,395,606,0,0,0,440.32,0,
TXN10-04090,10,2026-07-25 06:18:11,5751.68,Food,100002,UPI,DEV-10-1,iPhone,Delhi,6,5,1,19.22,7,4869.75,4100.53,310,1323,772,0,0,0,1521.64,0,
TXN10-04091,10,2026-07-25 06:41:35,7382.01,Airlines,100118,Card,DEV-10-3,Android,Chennai,6,5,1,23.4,8,4882.46,4103.31,4,602,547,0,0,0,1767.65,0,
TXN10-04092,10,2026-07-25 07:15:59,2537.55,Food,100002,UPI,DEV-10-1,iPhone,Goa,7,5,1,34.4,9,4883.65,4103.97,311,1324,607,0,0,0,706.92,0,
TXN10-04093,10,2026-07-25 07:22:08,4127.86,Taxi,100001,UPI,DEV-10-9,Android,Chennai,7,5,1,6.15,10,4877.65,4100.43,412,68,548,0,0,0,706.92,0,
TXN10-04094,10,2026-07-25 07:24:15,1451.4,Food,100003,UPI,DEV-10-3,Android,Delhi,7,5,1,2.12,11,4875.74,4095.37,162,603,773,0,0,0,1767.65,0,
TXN10-04095,10,2026-07-25 07:25:59,6100.55,Food,100003,UPI,DEV-10-4,Android,Delhi,7,5,1,1.73,12,4874.32,4096.46,163,396,774,0,0,0,0.0,0,
TXN10-04096,10,2026-07-25 07:35:47,706.64,Airlines,100036,UPI,DEV-10-2,iPhone,Goa,7,5,1,9.8,13,4877.44,4091.71,39,845,608,0,0,0,1521.64,0,
TXN10-04097,10,2026-07-25 07:51:15,2654.07,Food,100019,UPI,DEV-10-3,Android,Chennai,7,5,1,15.47,14,4857.31,4098.99,33,604,549,0,0,0,706.92,0,
TXN10-04098,10,2026-07-25 07:54:41,1214.82,Food,100002,Card,DEV-10-1,iPhone,Chennai,7,5,1,3.43,15,4851.69,4095.27,312,1325,550,0,0,0,0.0,0,
TXN10-04099,10,2026-07-25 08:04:33,4734.01,Hotels,100010,Card,DEV-10-1,iPhone,Mumbai,8,5,1,9.87,16,4842.44,4094.15,156,1326,928,0,0,0,1033.1,0,
TXN10-04100,10,2026-07-25 08:15:06,975.69,Food,100037,UPI,DEV-10-5,iPhone,Kochi,8,5,1,10.55,17,4849.8,4091.35,22,266,8,0,0,0,1080.19,0,
TXN10-04101,10,2026-07-25 08:47:05,1571.35,Airlines,100001,Card,DEV-10-1,iPhone,Mumbai,8,5,1,31.98,18,4836.38,4095.39,413,1327,929,0,0,0,1080.19,1,distant_800km_15min
TXN10-04102,10,2026-07-25 08:47:10,2325.71,Airlines,100027,Card,DEV-10-5,iPhone,Mumbai,8,5,1,0.08,19,4828.09,4093.48,54,267,930,0,0,0,0.0,0,
TXN10-04103,10,2026-07-25 08:57:05,2066.52,Airlines,100001,Card,DEV-10-1,iPhone,Bangalore,8,5,1,9.92,20,4828.87,4092.98,414,1328,589,0,0,0,845.32,1,distant_800km_15min
TXN10-04104,10,2026-07-25 09:30:41,1208.95,Food,100002,Card,DEV-10-2,iPhone,Delhi,9,5,1,33.6,21,4816.37,4093.88,313,846,775,0,0,0,1750.11,0,
TXN10-04105,10,2026-07-25 09:43:29,8730.97,Taxi,100131,UPI,DEV-10-3,Android,Hyderabad,9,5,1,12.8,22,4797.52,4093.34,3,605,596,0,0,0,1266.53,0,
TXN10-04106,10,2026-07-25 10:06:14,2351.2,Taxi,100073,Card,DEV-10-1,iPhone,Hyderabad,10,5,1,22.75,23,4807.56,4099.5,9,1329,597,0,0,0,0.0,0,
TXN10-04107,10,2026-07-25 10:22:23,3918.88,Airlines,100007,Card,DEV-10-4,Android,Goa,10,5,1,16.15,24,4804.98,4100.73,254,397,609,0,0,0,520.05,0,
TXN10-04108,10,2026-07-25 10:28:59,2534.36,Airlines,100026,Card,DEV-10-2,iPhone,Goa,10,5,1,6.6,25,4802.74,4095.76,62,847,610,0,0,0,0.0,0,
TXN10-04109,10,2026-07-25 10:29:44,7612.84,Food,100053,Card,DEV-10-1,iPhone,Delhi,10,5,1,0.75,26,4796.99,4092.16,8,1330,776,0,0,0,1521.64,0,
TXN10-04110,10,2026-07-25 10:45:07,2824.81,Hotels,100005,Card,DEV-10-4,Android,Mumbai,10,5,1,15.38,27,4804.1,4089.43,257,398,931,0,0,0,1153.24,0,
TXN10-04111,10,2026-07-25 10:46:55,869.48,Airlines,100082,Card,DEV-10-3,Android,Goa,10,5,1,1.8,28,4799.12,4085.49,15,606,611,0,0,0,440.32,0,
TXN10-04112,10,2026-07-25 11:23:58,5594.32,Taxi,100006,Card,DEV-10-7,Web,Goa,11,5,1,37.05,29,4794.64,4088.82,188,133,612,0,0,0,0.0,0,
TXN10-04113,10,2026-07-25 11:25:37,10000.0,Hotels,100059,Card,DEV-10-1,iPhone,Goa,11,5,1,1.65,30,4796.65,4083.87,15,1331,613,0,0,0,0.0,0,
TXN10-04114,10,2026-07-25 11:28:28,1660.61,Airlines,100029,Card,DEV-10-1,iPhone,Hyderabad,11,5,1,2.85,31,4809.69,4087.04,41,1332,598,0,0,0,520.05,0,
TXN10-04115,10,2026-07-25 11:47:29,9332.16,Taxi,100135,Card,DEV-10-2,iPhone,Chennai,11,5,1,19.02,32,4801.81,4084.96,1,848,551,0,0,1,515.24,0,
TXN10-04116,10,2026-07-25 11:49:58,10000.0,Airlines,100009,Card,DEV-10-1,iPhone,Goa,11,5,1,2.48,33,4813.11,4086.11,132,1333,614,0,0,0,706.92,0,
TXN10-04117,10,2026-07-25 11:58:58,894.68,Food,100106,Card,DEV-10-1,iPhone,Mumbai,11,5,1,9.0,34,4814.89,4088.21,3,1334,932,0,0,0,440.32,0,
TXN10-04118,10,2026-07-25 12:16:53,5312.86,Airlines,100007,UPI,DEV-10-1,iPhone,Mumbai,12,5,1,17.92,35,4792.18,4084.63,255,1335,933,0,0,0,0.0,0,
TXN10-04119,10,2026-07-25 12:37:15,9904.92,Food,100003,UPI,DEV-10-1,iPhone,Hyderabad,12,5,1,20.37,36,4795.53,4086.49,164,1336,599,0,0,0,621.46,0,
TXN10-04120,10,2026-07-25 12:53:38,2581.39,Airlines,100009,UPI,DEV-10-7,Web,Hyderabad,12,5,1,16.38,37,4813.47,4098.85,133,134,600,0,0,0,0.0,0,
TXN10-04121,10,2026-07-25 12:54:23,5425.99,Food,100057,Card,DEV-10-2,iPhone,Mumbai,12,5,1,0.75,38,4807.89,4095.24,13,849,934,0,0,0,621.46,0,
TXN10-04122,10,2026-07-25 13:20:46,9095.2,Taxi,100006,UPI,DEV-10-1,iPhone,Mumbai,13,5,1,26.38,39,4820.72,4106.76,189,1337,935,0,0,0,0.0,0,
TXN10-04123,10,2026-07-25 13:35:11,2187.86,Airlines,100066,Card,DEV-10-1,iPhone,Mumbai,13,5,1,14.42,40,4831.48,4107.18,18,1338,936,0,0,0,0.0,0,
TXN10-04124,10,2026-07-25 14:00:15,3732.07,Food,100008,UPI,DEV-10-6,iPhone,Chennai,14,5,1,25.07,41,4824.84,4104.15,77,188,552,0,0,0,1033.1,0,
TXN10-04125,10,2026-07-25 14:24:38,4391.85,Taxi,100043,UPI,DEV-10-7,Web,Delhi,14,5,1,24.38,42,4814.82,4108.36,22,135,777,0,0,0,1767.65,0,
TXN10-04126,10,2026-07-25 14:25:20,1200.24,Taxi,100038,Card,DEV-10-1,iPhone,Mumbai,14,5,1,0.7,43,4813.76,4103.25,38,1339,937,0,0,0,1153.24,0,
TXN10-04127,10,2026-07-25 14:34:58,1577.08,Hotels,100096,Card,DEV-10-1,iPhone,Chennai,14,5,1,9.63,44,4811.66,4104.88,6,1340,553,0,0,0,1033.1,0,
TXN10-04128,10,2026-07-25 14:55:56,10000.0,Food,100002,Card,DEV-10-1,iPhone,Mumbai,14,5,1,20.97,45,4803.55,4102.93,314,1341,938,0,0,0,1033.1,0,
TXN10-04129,10,2026-07-25 15:17:49,4289.6,Food,100037,UPI,DEV-10-4,Android,Chennai,15,5,1,21.88,46,4816.54,4106.0,23,399,554,0,0,0,1033.1,0,
TXN10-04130,10,2026-07-25 15:29:34,2072.18,Airlines,100013,Card,DEV-10-2,iPhone,Chennai,15,5,1,11.75,47,4817.42,4105.85,93,850,555,0,0,0,0.0,0,
TXN10-04131,10,2026-07-25 15:33:08,8728.16,Taxi,100038,Card,DEV-10-2,iPhone,Hyderabad,15,5,1,3.57,48,4810.58,4103.01,39,851,601,0,0,0,515.24,0,
TXN10-04132,10,2026-07-25 15:36:02,6137.38,Hotels,100012,UPI,DEV-10-1,iPhone,Delhi,15,5,1,2.9,49,4820.32,4102.55,107,1342,778,0,0,0,1266.53,0,
TXN10-04133,10,2026-07-25 15:52:46,6044.33,Food,100002,Card,DEV-10-4,Android,Mumbai,15,5,1,16.73,50,4797.77,4091.81,315,400,939,0,0,0,1153.24,0,
TXN10-04134,10,2026-07-25 16:28:36,2997.12,Taxi,100105,Card,DEV-10-1,iPhone,Mumbai,16,5,1,35.83,51,4799.68,4096.91,4,1343,940,0,0,0,0.0,0,
TXN10-04135,10,2026-07-25 16:29:39,8322.89,Food,100002,Card,DEV-10-5,iPhone,Bangalore,16,5,1,1.05,52,4795.18,4092.78,316,268,590,0,0,0,845.32,0,
TXN10-04136,10,2026-07-25 16:33:07,3609.44,Food,100028,UPI,DEV-10-2,iPhone,Chennai,16,5,1,3.47,53,4803.96,4091.47,28,852,556,0,0,0,290.17,0,
TXN10-04137,10,2026-07-25 16:43:26,3313.0,Taxi,100032,UPI,DEV-10-4,Android,Chennai,16,5,1,10.32,54,4800.99,4086.82,40,401,557,0,0,0,0.0,0,
TXN10-04138,10,2026-07-25 16:51:32,6838.63,Airlines,100013,Card,DEV-10-1,iPhone,Mumbai,16,5,1,8.1,55,4801.4,4090.22,94,1344,941,0,0,0,1033.1,0,
TXN10-04139,10,2026-07-25 16:55:25,1736.43,Airlines,100045,UPI,DEV-10-1,iPhone,Bangalore,16,5,1,3.88,56,4793.54,4083.25,27,1345,591,0,0,0,845.32,0,
TXN10-04140,10,2026-07-25 17:17:23,2893.58,Food,100004,UPI,DEV-10-7,Web,Delhi,17,5,1,21.97,57,4789.51,4085.47,92,136,779,0,0,0,1750.11,0,
TXN10-04141,10,2026-07-25 17:41:05,2068.78,Airlines,100089,Card,DEV-10-1,iPhone,Chennai,17,5,1,23.7,58,4779.58,4090.97,3,1346,558,0,0,0,1767.65,0,
TXN10-04142,10,2026-07-25 18:49:51,3741.49,Airlines,100007,UPI,DEV-10-9,Android,Goa,18,5,1,68.77,59,4776.49,4097.15,256,69,615,0,0,0,706.92,0,
TXN10-04143,10,2026-07-25 19:03:32,1153.51,Food,100002,Card,DEV-10-4,Android,Mumbai,19,5,1,13.68,60,4777.25,4096.93,317,402,942,0,0,0,440.32,0,
TXN10-04144,10,2026-07-25 19:27:15,5785.85,Hotels,100005,UPI,DEV-10-1,iPhone,Mumbai,19,5,1,23.72,61,4768.21,4095.81,258,1347,943,0,0,0,0.0,0,
TXN10-04145,10,2026-07-25 19:27:47,2644.52,Hotels,100005,UPI,DEV-10-3,Android,Delhi,19,5,1,0.53,62,4770.74,4091.02,259,607,780,0,0,0,1153.24,0,
TXN10-04146,10,2026-07-25 19:30:50,5842.54,Food,100008,Card,DEV-10-4,Android,Chennai,19,5,1,3.05,63,4765.47,4087.31,78,403,559,0,0,0,1767.65,0,
TXN10-04147,10,2026-07-25 19:31:32,3182.96,Taxi,100054,Card,DEV-10-1,iPhone,Delhi,19,5,1,0.7,64,4768.13,4082.6,16,1348,781,0,0,0,1767.65,0,
TXN10-04148,10,2026-07-25 19:46:40,2126.32,Food,100004,Card,DEV-10-3,Android,Mumbai,19,5,1,15.13,65,4764.22,4078.32,93,608,944,0,0,0,1153.24,0,
TXN10-04149,10,2026-07-25 20:14:33,3665.22,Hotels,100056,UPI,DEV-10-3,Android,Mumbai,20,5,1,27.88,66,4756.7,4080.37,12,609,945,0,0,0,0.0,0,
TXN10-04150,10,2026-07-25 20:17:34,6673.13,Food,100051,UPI,DEV-10-2,iPhone,Bangalore,20,5,1,3.02,67,4754.01,4075.7,14,853,592,0,0,0,845.32,0,
TXN10-04151,10,2026-07-25 20:18:21,2017.71,Taxi,100040,UPI,DEV-10-1,iPhone,Delhi,20,5,1,0.78,68,4758.73,4071.8,25,1349,782,0,0,0,1750.11,0,
TXN10-04152,10,2026-07-25 20:41:06,3783.17,Food,100003,UPI,DEV-10-5,iPhone,Delhi,20,5,1,22.75,69,4752.01,4069.06,165,269,783,0,0,0,0.0,0,
TXN10-04153,10,2026-07-25 20:58:10,7968.7,Food,100055,UPI,DEV-10-1,iPhone,Goa,20,5,1,17.07,70,4749.64,4064.37,6,1350,616,0,0,0,1521.64,0,
TXN10-04154,10,2026-07-25 21:30:53,6153.66,Taxi,100112,Card,DEV-10-4,Android,Goa,21,5,1,32.72,71,4750.47,4064.98,4,404,617,0,0,0,0.0,0,
TXN10-04155,10,2026-07-25 22:10:21,1735.55,Airlines,100089,UPI,DEV-10-2,iPhone,Chennai,22,5,1,39.47,72,4742.77,4072.95,4,854,560,0,0,0,706.92,0,
TXN10-04156,10,2026-07-25 22:44:14,2646.97,Airlines,100007,UPI,DEV-10-3,Android,Hyderabad,22,5,1,33.88,73,4731.4,4077.85,257,610,602,0,0,0,515.24,0,
TXN10-04157,10,2026-07-25 23:07:11,3117.6,Food,100015,Card,DEV-10-1,iPhone,Bangalore,23,5,1,22.95,74,4721.28,4083.61,50,1351,593,0,0,0,499.99,0,
TXN10-04158,10,2026-07-25 23:11:11,6569.19,Taxi,100093,Card,DEV-10-5,iPhone,Goa,23,5,1,4.0,75,4717.31,4079.34,5,270,618,0,0,0,454.99,1,ato_higher_amount_short_gap
TXN10-04159,10,2026-07-25 23:26:51,1760.85,Airlines,100013,Card,DEV-10-6,iPhone,Bangalore,23,5,1,15.67,76,4728.9,4077.93,95,189,594,0,0,0,454.99,0,
TXN10-04160,10,2026-07-25 23:28:51,2349.17,Taxi,100001,Card,DEV-10-3,Android,Goa,23,5,1,2.0,77,4721.57,4075.56,415,611,619,0,0,0,454.99,0,
TXN10-04161,10,2026-07-25 23:45:11,1041.51,Taxi,100001,Card,DEV-10-2,iPhone,Bangalore,23,5,1,16.33,78,4725.09,4079.87,416,855,595,0,0,0,454.99,0,
TXN10-04162,10,2026-07-26 00:53:35,5250.0,Airlines,100001,Card,DEV-UNK-4348,iPhone,Mumbai,0,6,1,68.4,1,4716.0,4078.93,417,1,946,1,0,0,845.32,1,unknown_device
TXN10-04163,10,2026-07-26 05:43:39,4015.21,Hotels,100010,Card,DEV-10-2,iPhone,Chennai,5,6,1,290.07,2,4605.5,3400.42,157,856,561,0,0,0,1033.1,0,
TXN10-04164,10,2026-07-26 06:01:42,3448.33,Hotels,100020,UPI,DEV-10-2,iPhone,Goa,6,6,1,18.05,3,4612.76,3396.01,60,857,620,0,0,0,706.92,0,
TXN10-04165,10,2026-07-26 06:30:52,3269.3,Hotels,100012,UPI,DEV-10-2,iPhone,Bangalore,6,6,1,29.17,4,4613.95,3400.1,108,858,596,0,0,0,454.99,0,
TXN10-04166,10,2026-07-26 06:51:15,8089.63,Taxi,100006,UPI,DEV-10-1,iPhone,Mumbai,6,6,1,20.38,5,4598.43,3391.87,190,1352,947,0,0,0,845.32,0,
TXN10-04167,10,2026-07-26 07:16:17,2715.83,Taxi,100136,Card,DEV-10-2,iPhone,Delhi,7,6,1,25.03,6,4619.11,3406.93,1,859,784,0,0,1,1153.24,0,
TXN10-04168,10,2026-07-26 07:37:26,3247.63,Hotels,100010,Card,DEV-10-2,iPhone,Bangalore,7,6,1,21.15,7,4620.91,3405.74,158,860,597,0,0,0,1750.11,0,
TXN10-04169,10,2026-07-26 08:40:48,7862.85,Airlines,100118,UPI,DEV-10-6,iPhone,Hyderabad,8,6,1,63.37,8,4606.64,3405.53,5,190,603,0,0,0,499.99,0,
TXN10-04170,10,2026-07-26 09:18:22,4677.57,Food,100002,UPI,DEV-10-1,iPhone,Goa,9,6,1,37.57,9,4600.31,3411.14,318,1353,621,0,0,0,520.05,0,
TXN10-04171,10,2026-07-26 09:38:26,2966.06,Food,100014,Card,DEV-10-2,iPhone,Goa,9,6,1,20.07,10,4611.7,3409.65,49,861,622,0,0,0,0.0,0,
TXN10-04172,10,2026-07-26 09:47:51,4713.86,Airlines,100007,UPI,DEV-10-7,Web,Mumbai,9,6,1,9.42,11,4598.76,3411.96,258,137,948,0,0,0,440.32,0,
TXN10-04173,10,2026-07-26 10:26:14,4237.47,Food,100002,UPI,DEV-10-4,Android,Mumbai,10,6,1,38.38,12,4599.05,3407.65,319,405,949,0,0,0,0.0,0,
TXN10-04174,10,2026-07-26 10:50:47,4481.45,Taxi,100001,UPI,DEV-10-2,iPhone,Delhi,10,6,1,24.55,13,4611.37,3406.4,418,862,785,0,0,0,1153.24,0,
TXN10-04175,10,2026-07-26 11:32:06,7250.62,Food,100004,Card,DEV-10-6,iPhone,Chennai,11,6,1,41.32,14,4621.32,3407.62,94,191,562,0,0,0,1767.65,0,
TXN10-04176,10,2026-07-26 13:57:20,8068.49,Food,100042,UPI,DEV-10-1,iPhone,Delhi,13,6,1,145.23,15,4632.9,3440.18,21,1354,786,0,0,0,1767.65,0,
TXN10-04177,10,2026-07-26 14:30:37,6587.82,Taxi,100022,UPI,DEV-10-3,Android,Hyderabad,14,6,1,33.28,16,4654.39,3457.3,59,612,604,0,0,0,1266.53,0,
TXN10-04178,10,2026-07-26 14:51:33,9163.2,Airlines,100009,Card,DEV-10-1,iPhone,Kochi,14,6,1,20.93,17,4659.81,3458.72,134,1355,9,0,0,0,862.76,0,
TXN10-04179,10,2026-07-26 15:00:51,2346.73,Food,100016,UPI,DEV-10-1,iPhone,Goa,15,6,1,9.3,18,4669.39,3466.15,36,1356,623,0,0,0,640.58,0,
TXN10-04180,10,2026-07-26 15:22:16,7087.86,Hotels,100020,Card,DEV-10-4,Android,Chennai,15,6,1,21.42,19,4667.27,3467.32,61,406,563,0,0,0,706.92,0,
TXN10-04181,10,2026-07-26 15:29:39,4444.19,Food,100034,UPI,DEV-10-2,iPhone,Bangalore,15,6,1,7.38,20,4679.08,3467.95,25,863,598,0,0,0,290.17,0,
TXN10-04182,10,2026-07-26 16:43:09,4050.49,Airlines,100007,UPI,DEV-10-1,iPhone,Bangalore,16,6,1,73.5,21,4663.16,3471.63,259,1357,599,0,0,0,0.0,0,
TXN10-04183,10,2026-07-26 16:45:13,7879.24,Food,100002,Card,DEV-10-4,Android,Hyderabad,16,6,1,2.07,22,4661.52,3467.13,320,407,605,0,0,0,499.99,0,
TXN10-04184,10,2026-07-26 17:00:35,2212.58,Taxi,100117,UPI,DEV-10-1,iPhone,Delhi,17,6,1,15.37,23,4670.1,3466.48,3,1358,787,0,0,0,1266.53,0,
TXN10-04185,10,2026-07-26 17:38:52,5572.7,Food,100044,Card,DEV-10-1,iPhone,Delhi,17,6,1,38.28,24,4681.5,3476.96,14,1359,788,0,0,0,0.0,0,
TXN10-04186,10,2026-07-26 17:41:55,2037.41,Taxi,100137,UPI,DEV-10-5,iPhone,Mumbai,17,6,1,3.05,25,4683.89,3472.6,1,271,950,0,0,1,1153.24,0,
TXN10-04187,10,2026-07-26 19:36:55,6161.03,Hotels,100010,Card,DEV-10-5,iPhone,Bangalore,19,6,1,115.0,26,4666.62,3479.14,159,272,600,0,0,0,845.32,0,
TXN10-04188,10,2026-07-26 19:39:24,9461.96,Hotels,100010,Card,DEV-10-7,Web,Mumbai,19,6,1,2.48,27,4670.65,3475.31,160,138,951,0,0,0,845.32,0,
TXN10-04189,10,2026-07-26 20:00:16,7846.2,Airlines,100026,UPI,DEV-10-1,iPhone,Goa,20,6,1,20.87,28,4683.53,3479.49,63,1360,624,0,0,0,440.32,0,
TXN10-04190,10,2026-07-26 20:21:33,1789.96,Food,100023,Card,DEV-10-3,Android,Hyderabad,20,6,1,21.28,29,4692.01,3478.67,27,613,606,0,0,0,520.05,0,
TXN10-04191,10,2026-07-26 20:27:49,1430.86,Food,100003,Card,DEV-10-1,iPhone,Bangalore,20,6,1,6.27,30,4684.25,3477.25,166,1361,601,0,0,0,499.99,0,
TXN10-04192,10,2026-07-26 20:56:22,7104.32,Food,100138,Card,DEV-10-4,Android,Chennai,20,6,1,28.55,31,4650.55,3478.05,1,408,564,0,0,1,290.17,0,
TXN10-04193,10,2026-07-26 21:26:04,2860.64,Taxi,100093,UPI,DEV-10-1,iPhone,Mumbai,21,6,1,29.7,32,4649.09,3476.91,6,1362,952,0,0,0,1033.1,0,
TXN10-04194,10,2026-07-26 21:27:11,1135.4,Food,100102,Card,DEV-10-1,iPhone,Chennai,21,6,1,1.12,33,4644.28,3473.47,8,1363,565,0,0,0,1033.1,0,
TXN10-04195,10,2026-07-26 21:27:31,3209.62,Taxi,100067,UPI,DEV-10-3,Android,Mumbai,21,6,1,0.33,34,4634.88,3473.55,14,614,953,0,0,0,1033.1,0,
TXN10-04196,10,2026-07-26 21:31:32,6063.82,Food,100069,Card,DEV-10-2,iPhone,Mumbai,21,6,1,4.02,35,4631.07,3469.68,4,864,954,0,0,0,0.0,0,
TXN10-04197,10,2026-07-26 22:07:19,6418.18,Food,100004,Card,DEV-10-5,iPhone,Goa,22,6,1,35.78,36,4636.03,3470.4,95,273,625,0,0,0,440.32,0,
TXN10-04198,10,2026-07-26 22:38:53,4531.07,Food,100004,Card,DEV-10-1,iPhone,Hyderabad,22,6,1,31.57,37,4645.41,3475.05,96,1364,607,0,0,0,520.05,0,
TXN10-04199,10,2026-07-26 22:51:13,5082.43,Food,100078,UPI,DEV-10-6,iPhone,Hyderabad,22,6,1,12.33,38,4645.11,3470.41,7,192,608,0,0,0,0.0,0,
TXN10-04200,10,2026-07-26 23:01:49,3065.01,Airlines,100007,UPI,DEV-10-2,iPhone,Bangalore,23,6,1,10.6,39,4646.27,3465.85,260,865,602,0,0,0,499.99,0,
TXN10-04201,10,2026-07-26 23:30:26,4211.63,Taxi,100001,Card,DEV-10-4,Android,Bangalore,23,6,1,28.62,40,4646.71,3464.61,419,409,603,0,0,0,0.0,0,
TXN10-04202,10,2026-07-27 05:32:22,6383.51,Taxi,100001,Card,DEV-10-2,iPhone,Chennai,5,0,0,361.93,1,4655.13,3459.74,420,866,566,0,0,0,290.17,0,
TXN10-04203,10,2026-07-27 05:38:17,10000.0,Hotels,100010,Card,DEV-10-2,iPhone,Mumbai,5,0,0,5.92,2,4659.76,3456.26,161,867,955,0,0,0,1033.1,0,
TXN10-04204,10,2026-07-27 06:07:40,7728.62,Taxi,100038,Card,DEV-10-1,iPhone,Delhi,6,0,0,29.38,3,4680.41,3468.37,40,1365,789,0,0,0,1153.24,0,
TXN10-04205,10,2026-07-27 06:13:25,2960.85,Food,100058,Card,DEV-10-2,iPhone,Delhi,6,0,0,5.75,4,4688.58,3467.3,8,868,790,0,0,0,0.0,0,
TXN10-04206,10,2026-07-27 07:46:15,5164.99,Food,100081,Card,DEV-10-10,iPhone,Goa,7,0,0,92.83,5,4679.3,3464.64,4,40,626,0,0,0,1521.64,0,
TXN10-04207,10,2026-07-27 08:06:14,8835.33,Food,100055,Card,DEV-10-2,iPhone,Chennai,8,0,0,19.98,6,4683.82,3471.33,7,869,567,0,0,0,706.92,0,
TXN10-04208,10,2026-07-27 08:44:16,2761.79,Airlines,100007,UPI,DEV-10-1,iPhone,Hyderabad,8,0,0,38.03,7,4695.1,3473.34,261,1366,609,0,0,0,515.24,0,
TXN10-04209,10,2026-07-27 09:37:18,7255.09,Food,100003,UPI,DEV-10-3,Android,Bangalore,9,0,0,53.03,8,4686.11,3468.25,167,615,604,0,0,0,499.99,0,
TXN10-04210,10,2026-07-27 10:02:22,2477.2,Taxi,100001,UPI,DEV-10-1,iPhone,Chennai,10,0,0,25.07,9,4690.1,3470.36,421,1367,568,0,0,0,290.17,0,
TXN10-04211,10,2026-07-27 10:56:25,9870.64,Hotels,100005,Card,DEV-10-1,iPhone,Mumbai,10,0,0,54.05,10,4684.78,3472.25,260,1368,956,0,0,0,1033.1,0,
TXN10-04212,10,2026-07-27 11:01:44,5978.28,Airlines,100009,UPI,DEV-10-7,Web,Delhi,11,0,0,5.32,11,4698.87,3478.02,135,139,791,0,0,0,1153.24,0,
TXN10-04213,10,2026-07-27 11:39:38,10000.0,Taxi,100024,UPI,DEV-10-2,iPhone,Bangalore,11,0,0,37.9,12,4682.14,3475.86,57,870,605,0,0,0,1750.11,0,
TXN10-04214,10,2026-07-27 12:43:01,3591.13,Taxi,100038,Card,DEV-10-2,iPhone,Bangalore,12,0,0,63.38,13,4693.07,3491.04,41,871,606,0,0,0,0.0,0,
TXN10-04215,10,2026-07-27 13:15:44,2580.92,Food,100002,Card,DEV-10-4,Android,Mumbai,13,0,0,32.72,14,4686.58,3495.99,321,410,957,0,0,0,845.32,0,
TXN10-04216,10,2026-07-27 13:35:32,2838.95,Food,100015,Card,DEV-10-6,iPhone,Chennai,13,0,0,19.8,15,4680.76,3492.91,51,193,569,0,0,0,1033.1,0,
TXN10-04217,10,2026-07-27 13:49:46,10000.0,Hotels,100005,Card,DEV-10-2,iPhone,Chennai,13,0,0,14.23,16,4675.69,3489.43,261,872,570,0,0,0,0.0,0,
TXN10-04218,10,2026-07-27 15:17:23,998.23,Food,100106,Card,DEV-10-8,Web,Bangalore,15,0,0,87.62,17,4692.0,3508.29,4,85,607,0,0,0,290.17,0,
TXN10-04219,10,2026-07-27 15:44:14,5256.6,Airlines,100007,UPI,DEV-10-41,iPhone,Delhi,15,0,0,26.85,18,4686.6,3512.48,262,1,792,1,0,0,1750.11,0,
TXN10-04220,10,2026-07-27 16:33:49,1398.8,Hotels,100005,Card,DEV-10-10,iPhone,Hyderabad,16,0,0,49.58,19,4696.03,3515.1,262,41,610,0,0,0,1266.53,0,
TXN10-04221,10,2026-07-27 17:03:06,9653.91,Hotels,100041,Card,DEV-10-6,iPhone,Delhi,17,0,0,29.28,20,4685.86,3519.35,25,194,793,0,0,0,1266.53,0,
TXN10-04222,10,2026-07-27 17:36:32,4276.33,Food,100019,Card,DEV-10-1,iPhone,Bangalore,17,0,0,33.43,21,4707.87,3531.3,34,1369,608,0,0,0,1750.11,0,
TXN10-04223,10,2026-07-27 17:37:02,1770.16,Taxi,100137,UPI,DEV-10-4,Android,Delhi,17,0,0,0.5,22,4706.66,3526.43,2,411,794,0,0,0,1750.11,0,
TXN10-04224,10,2026-07-27 17:49:10,1651.08,Food,100042,Card,DEV-10-3,Android,Hyderabad,17,0,0,12.13,23,4687.26,3523.43,22,616,611,0,0,0,1266.53,0,
TXN10-04225,10,2026-07-27 18:18:45,4902.58,Food,100039,UPI,DEV-10-3,Android,Chennai,18,0,0,29.58,24,4674.22,3535.84,22,617,571,0,0,0,515.24,0,
TXN10-04226,10,2026-07-27 19:28:40,1156.93,Food,100002,Card,DEV-10-2,iPhone,Delhi,19,0,0,69.92,25,4697.76,3547.74,322,873,795,0,0,0,1767.65,0,
TXN10-04227,10,2026-07-27 19:54:09,3324.21,Taxi,100098,UPI,DEV-10-2,iPhone,Hyderabad,19,0,0,25.48,26,4685.41,3547.46,5,874,612,0,0,0,1266.53,0,
TXN10-04228,10,2026-07-27 20:33:43,6206.22,Food,100014,Card,DEV-10-2,iPhone,Hyderabad,20,0,0,39.57,27,4692.18,3564.26,50,875,613,0,0,0,0.0,0,
TXN10-04229,10,2026-07-27 20:42:18,4180.41,Food,100019,Card,DEV-10-1,iPhone,Goa,20,0,0,8.58,28,4696.54,3560.05,35,1370,627,0,0,0,520.05,0,
TXN10-04230,10,2026-07-27 21:18:06,5751.29,Airlines,100013,UPI,DEV-10-2,iPhone,Mumbai,21,0,0,35.8,29,4697.55,3559.85,96,876,958,0,0,0,440.32,0,
TXN10-04231,10,2026-07-27 22:32:28,2294.51,Hotels,100005,UPI,DEV-10-11,Web,Chennai,22,0,0,74.37,30,4726.09,3571.26,263,22,572,0,0,0,1033.1,0,
TXN10-04232,10,2026-07-27 23:27:57,1872.63,Hotels,100030,UPI,DEV-10-3,Android,Delhi,23,0,0,55.48,31,4724.2,3577.58,38,618,796,0,0,0,1767.65,0,
TXN10-04233,10,2026-07-27 23:40:29,8862.58,Food,100003,Card,DEV-10-1,iPhone,Chennai,23,0,0,12.53,32,4705.15,3575.47,168,1371,573,0,0,0,1767.65,0,
TXN10-04234,10,2026-07-28 01:24:52,1614.23,Food,100004,UPI,DEV-10-6,iPhone,Mumbai,1,1,0,104.38,1,4729.22,3583.77,97,195,959,0,0,0,1033.1,1,ato_short_gap_odd_hour
TXN10-04235,10,2026-07-28 05:03:37,6181.28,Airlines,100007,UPI,DEV-10-5,iPhone,Mumbai,5,1,0,218.75,2,4720.05,3582.47,263,274,960,0,0,0,0.0,0,
TXN10-04236,10,2026-07-28 05:15:23,4621.53,Taxi,100024,Card,DEV-10-9,Android,Chennai,5,1,0,11.77,3,4724.34,3578.08,58,70,574,0,0,0,1033.1,0,
TXN10-04237,10,2026-07-28 05:28:18,4106.55,Hotels,100005,Card,DEV-10-7,Web,Delhi,5,1,0,12.92,4,4724.04,3572.85,264,140,797,0,0,0,1767.65,0,
TXN10-04238,10,2026-07-28 05:38:40,5624.9,Airlines,100118,Card,DEV-10-2,iPhone,Delhi,5,1,0,10.37,5,4722.24,3567.79,6,877,798,0,0,0,0.0,0,
TXN10-04239,10,2026-07-28 05:57:39,6952.06,Food,100060,UPI,DEV-10-3,Android,Delhi,5,1,0,18.98,6,4727.37,3572.0,9,619,799,0,0,0,0.0,0,
TXN10-04240,10,2026-07-28 06:02:53,2236.44,Food,100014,Card,DEV-10-1,iPhone,Goa,6,1,0,5.23,7,4733.86,3568.8,51,1372,628,0,0,0,1521.64,0,
TXN10-04241,10,2026-07-28 06:08:25,3198.44,Hotels,100099,Card,DEV-10-1,iPhone,Goa,6,1,0,5.53,8,4731.04,3570.39,5,1373,629,0,0,0,0.0,0,
TXN10-04242,10,2026-07-28 06:13:38,4400.0,Food,100050,Card,DEV-10-5,iPhone,Delhi,6,1,0,5.22,9,4726.59,3566.15,20,275,800,0,0,0,1521.64,0,
TXN10-04243,10,2026-07-28 06:13:53,1069.29,Hotels,100059,Card,DEV-10-4,Android,Delhi,6,1,0,0.25,10,4725.64,3561.02,16,412,801,0,0,0,0.0,0,
TXN10-04244,10,2026-07-28 06:38:51,3095.18,Hotels,100005,UPI,DEV-10-3,Android,Chennai,6,1,0,24.97,11,4710.9,3565.6,265,620,575,0,0,0,1767.65,0,
TXN10-04245,10,2026-07-28 07:13:25,4820.26,Hotels,100012,UPI,DEV-10-2,iPhone,Chennai,7,1,0,34.57,12,4705.63,3568.6,109,878,576,0,0,0,0.0,0,
TXN10-04246,10,2026-07-28 07:31:35,2099.17,Taxi,100001,Card,DEV-10-3,Android,Hyderabad,7,1,0,18.17,13,4705.96,3563.43,422,621,614,0,0,0,515.24,1,ato_higher_amount
TXN10-04247,10,2026-07-28 09:15:14,1807.95,Food,100003,Card,DEV-10-5,iPhone,Delhi,9,1,0,103.65,14,4702.42,3560.13,169,276,802,0,0,0,1266.53,0,
TXN10-04248,10,2026-07-28 09:19:00,8501.29,Taxi,100006,Card,DEV-10-5,iPhone,Bangalore,9,1,0,3.77,15,4694.01,3558.36,191,277,609,0,0,0,1750.11,0,
TXN10-04249,10,2026-07-28 10:05:36,1648.7,Hotels,100005,UPI,DEV-10-7,Web,Hyderabad,10,1,0,46.6,16,4711.33,3562.35,266,141,615,0,0,0,499.99,0,
TXN10-04250,10,2026-07-28 10:18:19,9569.15,Airlines,100026,Card,DEV-10-2,iPhone,Chennai,10,1,0,12.72,17,4705.08,3568.95,64,879,577,0,0,0,515.24,0,
TXN10-04251,10,2026-07-28 11:40:00,3040.28,Food,100002,Card,DEV-10-2,iPhone,Hyderabad,11,1,0,81.68,18,4713.84,3577.18,323,880,616,0,0,0,515.24,0,
TXN10-04252,10,2026-07-28 11:54:12,5673.63,Taxi,100136,Card,DEV-10-3,Android,Goa,11,1,0,14.2,19,4713.95,3577.13,2,622,630,0,0,0,520.05,0,
TXN10-04253,10,2026-07-28 12:24:15,3006.4,Airlines,100103,UPI,DEV-10-2,iPhone,Mumbai,12,1,0,30.05,20,4718.73,3577.31,5,881,961,0,0,0,440.32,0,
TXN10-04254,10,2026-07-28 12:50:30,2589.34,Taxi,100001,Card,DEV-10-2,iPhone,Mumbai,12,1,0,26.25,21,4713.75,3573.3,423,882,962,0,0,0,0.0,0,
TXN10-04255,10,2026-07-28 13:08:46,4040.31,Airlines,100104,Card,DEV-10-1,iPhone,Chennai,13,1,0,18.27,22,4707.59,3569.95,4,1374,578,0,0,0,1033.1,0,
TXN10-04256,10,2026-07-28 14:15:02,2119.29,Airlines,100009,UPI,DEV-10-1,iPhone,Chennai,14,1,0,66.27,23,4731.11,3569.17,136,1375,579,0,0,0,0.0,0,
TXN10-04257,10,2026-07-28 14:53:55,2990.09,Taxi,100024,UPI,DEV-10-5,iPhone,Hyderabad,14,1,0,38.88,24,4723.52,3566.75,59,278,617,0,0,0,515.24,0,
TXN10-04258,10,2026-07-28 15:08:13,1631.56,Hotels,100139,Card,DEV-10-1,iPhone,Mumbai,15,1,0,14.3,25,4718.49,3562.8,2,1376,963,0,0,0,621.46,0,
TXN10-04259,10,2026-07-28 15:11:10,4325.69,Hotels,100010,UPI,DEV-10-1,iPhone,Delhi,15,1,0,2.95,26,4709.57,3561.5,162,1377,803,0,0,0,1153.24,0,
TXN10-04260,10,2026-07-28 16:38:34,8283.33,Hotels,100005,Card,DEV-10-7,Web,Hyderabad,16,1,0,87.4,27,4716.95,3572.57,267,142,618,0,0,0,1266.53,0,
TXN10-04261,10,2026-07-28 16:41:04,883.09,Airlines,100009,UPI,DEV-10-2,iPhone,Hyderabad,16,1,0,2.5,28,4735.93,3574.17,137,883,619,0,0,0,0.0,0,
TXN10-04262,10,2026-07-28 16:59:09,3052.14,Airlines,100013,Card,DEV-10-2,iPhone,Mumbai,16,1,0,18.08,29,4733.11,3576.83,97,884,964,0,0,0,621.46,0,
TXN10-04263,10,2026-07-28 17:02:08,1245.59,Taxi,100006,Card,DEV-10-5,iPhone,Mumbai,17,1,0,2.98,30,4728.22,3572.77,192,279,965,0,0,0,0.0,0,
TXN10-04264,10,2026-07-28 18:31:18,2816.58,Food,100050,Card,DEV-10-7,Web,Mumbai,18,1,0,89.17,31,4708.95,3580.59,21,143,966,0,0,0,0.0,0,
TXN10-04265,10,2026-07-28 19:08:43,6197.24,Airlines,100007,UPI,DEV-10-11,Web,Mumbai,19,1,0,37.42,32,4710.05,3579.95,264,23,967,0,0,0,0.0,0,
TXN10-04266,10,2026-07-28 19:13:30,5825.24,Food,100003,UPI,DEV-10-2,iPhone,Hyderabad,19,1,0,4.78,33,4714.37,3575.64,170,885,620,0,0,0,621.46,0,
TXN10-04267,10,2026-07-28 19:49:31,3616.61,Hotels,100035,Card,DEV-10-2,iPhone,Chennai,19,1,0,36.02,34,4722.32,3575.06,23,886,580,0,0,0,515.24,0,
TXN10-04268,10,2026-07-28 20:42:00,883.16,Taxi,100021,Card,DEV-10-2,iPhone,Delhi,20,1,0,52.48,35,4728.08,3571.67,84,887,804,0,0,0,1767.65,0,
TXN10-04269,10,2026-07-28 21:21:52,4170.95,Taxi,100114,UPI,DEV-10-7,Web,Mumbai,21,1,0,39.87,36,4716.94,3572.48,4,144,968,0,0,0,1153.24,0,
TXN10-04270,10,2026-07-28 21:23:35,3669.96,Taxi,100048,Card,DEV-10-7,Web,Bangalore,21,1,0,1.72,37,4715.36,3567.43,24,145,610,0,0,0,845.32,0,
TXN10-04271,10,2026-07-28 22:58:37,6178.75,Airlines,100007,UPI,DEV-10-2,iPhone,Chennai,22,1,0,95.03,38,4706.09,3564.84,265,888,581,0,0,0,290.17,0,
TXN10-04272,10,2026-07-28 23:24:41,3928.98,Taxi,100054,UPI,DEV-10-8,Web,Goa,23,1,0,26.07,39,4718.75,3562.32,17,86,631,0,0,0,706.92,0,
TXN10-04273,10,2026-07-29 01:42:24,6673.42,Food,100002,UPI,DEV-10-2,iPhone,Chennai,1,2,0,137.72,1,4716.46,3557.4,324,889,582,0,0,0,706.92,1,ato_higher_amount_odd_hour
TXN10-04274,10,2026-07-29 01:56:19,2452.73,Airlines,100036,UPI,DEV-10-2,iPhone,Mumbai,1,2,0,13.92,2,4722.11,3553.81,40,890,969,0,0,0,1033.1,1,ato_odd_hour
TXN10-04275,10,2026-07-29 05:00:26,4184.06,Hotels,100010,Card,DEV-10-10,iPhone,Goa,5,2,0,184.12,3,4715.57,3550.77,163,42,632,0,0,0,440.32,0,
TXN10-04276,10,2026-07-29 05:54:24,2695.68,Airlines,100007,Card,DEV-10-1,iPhone,Delhi,5,2,0,53.97,4,4719.63,3560.2,266,1378,805,0,0,0,1521.64,0,
TXN10-04277,10,2026-07-29 07:01:07,2047.6,Taxi,100043,Card,DEV-10-2,iPhone,Goa,7,2,0,66.72,5,4717.04,3570.75,23,891,633,0,0,0,1521.64,0,
TXN10-04278,10,2026-07-29 07:35:10,7848.81,Food,100110,Card,DEV-10-2,iPhone,Delhi,7,2,0,34.05,6,4702.85,3572.74,2,892,806,0,0,0,1521.64,0,
TXN10-04279,10,2026-07-29 07:43:06,6010.11,Hotels,100052,UPI,DEV-10-1,iPhone,Hyderabad,7,2,0,7.93,7,4717.07,3575.58,13,1379,621,0,0,0,1266.53,0,
TXN10-04280,10,2026-07-29 08:08:53,1867.45,Airlines,100013,UPI,DEV-10-1,iPhone,Mumbai,8,2,0,25.78,8,4699.32,3568.28,98,1380,970,0,0,0,621.46,0,
TXN10-04281,10,2026-07-29 08:45:18,1328.27,Airlines,100047,UPI,DEV-10-1,iPhone,Chennai,8,2,0,36.42,9,4691.01,3566.33,25,1381,583,0,0,0,1033.1,0,
TXN10-04282,10,2026-07-29 10:12:49,3679.0,Taxi,100038,Card,DEV-10-4,Android,Mumbai,10,2,0,87.52,10,4685.82,3572.93,42,413,971,0,0,0,1033.1,0,
TXN10-04283,10,2026-07-29 10:27:58,6899.4,Hotels,100086,UPI,DEV-10-5,iPhone,Mumbai,10,2,0,15.15,11,4682.87,3568.11,8,280,972,0,0,0,0.0,0,
TXN10-04284,10,2026-07-29 11:09:13,3066.32,Taxi,100123,UPI,DEV-10-1,iPhone,Chennai,11,2,0,41.25,12,4689.35,3564.89,3,1382,584,0,0,0,1033.1,0,
TXN10-04285,10,2026-07-29 12:14:17,2108.82,Food,100044,Card,DEV-10-5,iPhone,Bangalore,12,2,0,65.07,13,4693.99,3572.71,15,281,611,0,0,0,290.17,0,
TXN10-04286,10,2026-07-29 13:15:14,4652.59,Hotels,100005,UPI,DEV-10-1,iPhone,Mumbai,13,2,0,60.95,14,4685.72,3578.92,268,1383,973,0,0,0,845.32,0,
TXN10-04287,10,2026-07-29 14:33:49,3758.62,Food,100011,UPI,DEV-10-2,iPhone,Goa,14,2,0,78.58,15,4670.76,3575.8,56,893,634,0,0,0,440.32,0,
TXN10-04288,10,2026-07-29 14:55:27,10000.0,Taxi,100001,Card,DEV-10-4,Android,Chennai,14,2,0,21.63,16,4660.06,3573.18,424,414,585,0,0,0,706.92,0,
TXN10-04289,10,2026-07-29 14:59:50,2138.51,Food,100023,Card,DEV-10-3,Android,Mumbai,14,2,0,4.38,17,4676.05,3579.74,28,623,974,0,0,0,1033.1,0,
TXN10-04290,10,2026-07-29 15:25:41,5183.81,Food,100008,Card,DEV-10-2,iPhone,Mumbai,15,2,0,25.85,18,4674.97,3580.45,79,894,975,0,0,0,0.0,0,
TXN10-04291,10,2026-07-29 15:51:45,3912.97,Hotels,100072,UPI,DEV-10-4,Android,Bangalore,15,2,0,26.07,19,4676.49,3575.21,7,415,612,0,0,0,845.32,0,
TXN10-04292,10,2026-07-29 17:21:25,4885.32,Taxi,100092,Card,DEV-10-1,iPhone,Mumbai,17,2,0,89.67,20,4675.44,3583.42,3,1384,976,0,0,0,845.32,0,
TXN10-04293,10,2026-07-29 17:53:50,5793.23,Hotels,100096,UPI,DEV-10-1,iPhone,Delhi,17,2,0,32.42,21,4674.28,3583.29,7,1385,807,0,0,0,1153.24,0,
TXN10-04294,10,2026-07-29 18:13:36,5036.81,Airlines,100007,Card,DEV-10-2,iPhone,Chennai,18,2,0,19.77,22,4677.64,3578.43,267,895,586,0,0,0,1767.65,0,
TXN10-04295,10,2026-07-29 18:38:20,4019.78,Taxi,100001,Card,DEV-10-3,Android,Mumbai,18,2,0,24.73,23,4678.71,3573.12,425,624,977,0,0,0,1033.1,0,
TXN10-04296,10,2026-07-29 18:46:58,2770.63,Food,100015,Card,DEV-10-4,Android,Mumbai,18,2,0,8.63,24,4676.74,3567.96,52,416,978,0,0,0,0.0,0,
TXN10-04297,10,2026-07-29 18:54:45,2371.1,Hotels,100033,UPI,DEV-10-3,Android,Mumbai,18,2,0,7.78,25,4669.97,3563.66,43,625,979,0,0,0,0.0,0,
TXN10-04298,10,2026-07-29 18:55:29,4855.89,Airlines,100027,UPI,DEV-10-3,Android,Bangalore,18,2,0,0.73,26,4663.11,3560.54,55,626,613,0,0,0,845.32,0,
TXN10-04299,10,2026-07-29 19:58:44,10000.0,Food,100094,Card,DEV-10-1,iPhone,Hyderabad,19,2,0,63.25,27,4653.12,3555.29,3,1386,622,0,0,0,499.99,0,
TXN10-04300,10,2026-07-29 21:22:45,10000.0,Hotels,100020,Card,DEV-10-7,Web,Chennai,21,2,0,84.02,28,4676.7,3564.46,62,146,587,0,0,0,515.24,0,
TXN10-04301,10,2026-07-29 21:40:44,10000.0,Food,100011,Card,DEV-10-14,iPhone,Delhi,21,2,0,17.98,29,4692.55,3570.94,57,8,808,0,0,0,1767.65,0,
TXN10-04302,10,2026-07-29 22:19:30,2450.34,Taxi,100021,Card,DEV-10-3,Android,Chennai,22,2,0,38.77,30,4707.97,3582.62,85,627,588,0,0,0,1767.65,0,
TXN10-04303,10,2026-07-29 22:23:16,3683.34,Taxi,100022,Card,DEV-10-6,iPhone,Delhi,22,2,0,3.77,31,4701.27,3579.41,60,196,809,0,0,0,1767.65,0,
TXN10-04304,10,2026-07-29 22:23:28,2735.49,Taxi,100054,Card,DEV-10-1,iPhone,Mumbai,22,2,0,0.2,32,4698.26,3574.54,18,1387,980,0,0,0,1153.24,0,
TXN10-04305,10,2026-07-29 22:31:26,3983.28,Food,100018,Card,DEV-10-6,iPhone,Delhi,22,2,0,7.97,33,4692.47,3570.85,39,197,810,0,0,0,1153.24,0,
TXN10-04306,10,2026-07-29 22:52:55,9295.47,Food,100011,Card,DEV-10-4,Android,Mumbai,22,2,0,21.48,34,4690.38,3565.8,58,417,981,0,0,0,1153.24,0,
TXN10-04307,10,2026-07-30 06:34:17,1215.56,Hotels,100099,UPI,DEV-10-2,iPhone,Goa,6,3,0,461.37,1,4716.29,3597.72,6,896,635,0,0,0,440.32,0,
TXN10-04308,10,2026-07-30 06:44:40,9124.25,Taxi,100098,Card,DEV-10-1,iPhone,Bangalore,6,3,0,10.38,2,4706.73,3602.76,6,1388,614,0,0,0,454.99,0,
TXN10-04309,10,2026-07-30 06:50:46,2011.99,Taxi,100031,UPI,DEV-10-5,iPhone,Chennai,6,3,0,6.1,3,4698.63,3603.23,39,282,589,0,0,0,290.17,0,
TXN10-04310,10,2026-07-30 06:59:56,3237.55,Airlines,100007,Card,DEV-10-3,Android,Goa,6,3,0,9.17,4,4690.59,3600.83,268,628,636,0,0,0,706.92,0,
TXN10-04311,10,2026-07-30 07:17:24,2153.07,Hotels,100010,UPI,DEV-10-1,iPhone,Bangalore,7,3,0,17.47,5,4683.53,3601.36,164,1389,615,0,0,0,454.99,0,
TXN10-04312,10,2026-07-30 07:35:49,1134.68,Food,100039,UPI,DEV-10-2,iPhone,Delhi,7,3,0,18.42,6,4677.67,3605.0,23,897,811,0,0,0,1750.11,0,
TXN10-04313,10,2026-07-30 07:38:55,6587.55,Taxi,100105,Card,DEV-10-3,Android,Delhi,7,3,0,3.1,7,4667.06,3604.8,5,629,812,0,0,0,0.0,0,
TXN10-04314,10,2026-07-30 07:48:20,10000.0,Taxi,100001,Card,DEV-10-2,iPhone,Chennai,7,3,0,9.42,8,4672.79,3600.94,426,898,590,0,0,0,1767.65,0,
TXN10-04315,10,2026-07-30 07:59:47,2387.7,Airlines,100088,Card,DEV-10-1,iPhone,Delhi,7,3,0,11.45,9,4688.65,3607.27,5,1390,813,0,0,0,1767.65,0,
TXN10-04316,10,2026-07-30 08:23:04,8865.57,Hotels,100033,Card,DEV-10-2,iPhone,Hyderabad,8,3,0,23.28,10,4681.82,3604.09,44,899,623,0,0,0,1266.53,0,
TXN10-04317,10,2026-07-30 08:43:38,2204.98,Food,100008,Card,DEV-10-2,iPhone,Goa,8,3,0,20.57,11,4700.48,3609.42,80,900,637,0,0,0,520.05,0,
TXN10-04318,10,2026-07-30 09:18:28,9502.9,Food,100018,Card,DEV-10-8,Web,Mumbai,9,3,0,34.83,12,4693.1,3606.62,40,87,982,0,0,0,440.32,0,
TXN10-04319,10,2026-07-30 09:52:19,8837.11,Taxi,100006,UPI,DEV-10-1,iPhone,Delhi,9,3,0,33.85,13,4709.81,3615.77,193,1391,814,0,0,0,1153.24,0,
TXN10-04320,10,2026-07-30 09:56:57,7552.56,Airlines,100029,Card,DEV-10-11,Web,Pune,9,3,0,4.63,14,4721.98,3617.37,42,24,5,0,0,0,1179.48,0,
TXN10-04321,10,2026-07-30 10:26:18,1783.09,Airlines,100029,Card,DEV-10-3,Android,Bangalore,10,3,0,29.35,15,4736.8,3618.64,43,630,616,0,0,0,735.23,0,
TXN10-04322,10,2026-07-30 10:28:54,2902.16,Airlines,100026,UPI,DEV-10-2,iPhone,Hyderabad,10,3,0,2.6,16,4728.11,3616.86,65,901,624,0,0,0,499.99,0,
TXN10-04323,10,2026-07-30 11:04:20,2935.39,Hotels,100095,Card,DEV-10-4,Android,Chennai,11,3,0,35.43,17,4729.79,3615.88,4,418,591,0,0,0,515.24,0,
TXN10-04324,10,2026-07-30 11:38:46,9419.93,Food,100130,Card,DEV-10-5,iPhone,Mumbai,11,3,0,34.43,18,4718.15,3615.27,2,283,983,0,0,0,1033.1,0,
TXN10-04325,10,2026-07-30 12:08:10,1491.65,Food,100015,UPI,DEV-10-5,iPhone,Mumbai,12,3,0,29.4,19,4731.93,3618.91,53,284,984,0,0,0,0.0,0,
TXN10-04326,10,2026-07-30 14:06:20,4319.84,Food,100034,UPI,DEV-10-2,iPhone,Hyderabad,14,3,0,118.17,20,4720.1,3627.48,26,902,625,0,0,0,621.46,0,
TXN10-04327,10,2026-07-30 14:15:17,4428.51,Taxi,100022,Card,DEV-10-1,iPhone,Chennai,14,3,0,8.95,21,4725.75,3625.36,61,1392,592,0,0,0,515.24,0,
TXN10-04328,10,2026-07-30 14:47:35,6252.0,Hotels,100035,Card,DEV-10-2,iPhone,Mumbai,14,3,0,32.3,22,4724.88,3620.05,24,903,985,0,0,0,1033.1,0,
TXN10-04329,10,2026-07-30 15:20:56,6121.06,Food,100016,Card,DEV-10-4,Android,Chennai,15,3,0,33.35,23,4729.37,3615.66,37,419,593,0,0,0,1033.1,0,
TXN10-04330,10,2026-07-30 16:09:53,1331.75,Food,100002,Card,DEV-10-1,iPhone,Delhi,16,3,0,48.95,24,4741.88,3613.1,325,1393,815,0,0,0,1767.65,0,
TXN10-04331,10,2026-07-30 16:58:56,3480.09,Hotels,100010,Card,DEV-10-3,Android,Delhi,16,3,0,49.05,25,4717.82,3614.41,165,631,816,0,0,0,0.0,0,
TXN10-04332,10,2026-07-30 18:56:49,4015.06,Airlines,100009,UPI,DEV-10-4,Android,Goa,18,3,0,117.88,26,4718.76,3626.62,138,420,638,0,0,0,1521.64,0,
TXN10-04333,10,2026-07-30 18:59:49,2734.55,Taxi,100155,Card,DEV-10-4,Android,Bangalore,18,3,0,3.0,27,4727.22,3621.69,1,421,617,0,0,1,454.99,1,ato_short_gap
TXN10-04334,10,2026-07-30 19:20:41,2870.2,Taxi,100100,Card,DEV-10-1,iPhone,Delhi,19,3,0,20.87,28,4721.25,3617.9,5,1394,817,0,0,0,1750.11,0,
TXN10-04335,10,2026-07-30 19:36:46,1555.02,Taxi,100070,UPI,DEV-10-3,Android,Goa,19,3,0,16.08,29,4711.66,3618.55,11,632,639,0,0,0,1521.64,0,
TXN10-04336,10,2026-07-30 19:56:07,5877.22,Food,100055,UPI,DEV-10-3,Android,Hyderabad,19,3,0,19.35,30,4694.63,3619.98,8,633,626,0,0,0,520.05,0,
TXN10-04337,10,2026-07-30 20:24:13,10000.0,Taxi,100111,UPI,DEV-10-5,iPhone,Bangalore,20,3,0,28.1,31,4698.16,3615.15,5,285,618,0,0,0,499.99,0,
TXN10-04338,10,2026-07-30 21:07:07,2108.93,Airlines,100027,UPI,DEV-10-2,iPhone,Chennai,21,3,0,42.9,32,4709.9,3630.28,56,904,594,0,0,0,290.17,0,
TXN10-04339,10,2026-07-30 21:46:55,7111.99,Taxi,100084,Card,DEV-10-3,Android,Mumbai,21,3,0,39.8,33,4712.89,3634.96,6,634,986,0,0,0,1033.1,0,
TXN10-04340,10,2026-07-30 22:17:52,5932.13,Airlines,100133,Card,DEV-10-2,iPhone,Chennai,22,3,0,30.95,34,4728.83,3633.81,2,905,595,0,0,0,1033.1,0,
TXN10-04341,10,2026-07-30 23:10:17,2275.78,Airlines,100026,Card,DEV-10-3,Android,Hyderabad,23,3,0,52.42,35,4728.32,3633.63,66,635,627,0,0,0,515.24,0,
TXN10-04342,10,2026-07-30 23:11:59,3849.16,Hotels,100033,UPI,DEV-10-2,iPhone,Bangalore,23,3,0,1.7,36,4720.97,3630.66,45,906,619,0,0,0,499.99,0,
TXN10-04343,10,2026-07-30 23:51:33,6635.43,Hotels,100061,Card,DEV-10-1,iPhone,Hyderabad,23,3,0,39.57,37,4711.29,3628.66,10,1395,628,0,0,0,499.99,0,
TXN10-04344,10,2026-07-31 06:10:35,2465.74,Taxi,100101,Card,DEV-10-1,iPhone,Bangalore,6,4,0,379.03,1,4715.65,3624.58,3,1396,620,0,0,0,499.99,0,
TXN10-04345,10,2026-07-31 06:14:53,2388.2,Hotels,100062,UPI,DEV-10-1,iPhone,Bangalore,6,4,0,4.3,2,4708.89,3621.22,6,1397,621,0,0,0,0.0,0,
TXN10-04346,10,2026-07-31 06:18:57,9682.93,Food,100002,Card,DEV-10-8,Web,Bangalore,6,4,0,4.07,3,4701.94,3618.02,326,88,622,0,0,0,0.0,0,
TXN10-04347,10,2026-07-31 06:23:47,4110.03,Taxi,100100,Card,DEV-10-2,iPhone,Chennai,6,4,0,4.83,4,4716.81,3622.82,6,907,596,0,0,0,290.17,0,
TXN10-04348,10,2026-07-31 06:41:28,2820.63,Taxi,100048,UPI,DEV-10-15,iPhone,Pune,6,4,0,17.68,5,4732.69,3621.14,25,9,6,0,0,0,914.36,0,
TXN10-04349,10,2026-07-31 06:47:54,3381.9,Airlines,100007,UPI,DEV-10-4,Android,Bangalore,6,4,0,6.43,6,4726.99,3617.23,269,422,623,0,0,0,735.23,0,
TXN10-04350,10,2026-07-31 06:54:55,7238.36,Food,100019,Card,DEV-10-1,iPhone,Delhi,6,4,0,7.02,7,4722.98,3612.59,36,1398,818,0,0,0,1750.11,0,
TXN10-04351,10,2026-07-31 07:04:29,5787.73,Airlines,100118,Card,DEV-10-1,iPhone,Hyderabad,7,4,0,9.57,8,4733.39,3614.79,7,1399,629,0,0,0,1266.53,0,
TXN10-04352,10,2026-07-31 07:10:11,597.54,Airlines,100029,Card,DEV-10-5,iPhone,Bangalore,7,4,0,5.7,9,4736.52,3609.87,44,286,624,0,0,0,499.99,0,
TXN10-04353,10,2026-07-31 07:13:15,8024.99,Taxi,100006,UPI,DEV-10-3,Android,Delhi,7,4,0,3.07,10,4724.27,3611.53,194,636,819,0,0,0,1750.11,0,
TXN10-04354,10,2026-07-31 07:31:07,8309.03,Food,100014,Card,DEV-10-8,Web,Hyderabad,7,4,0,17.87,11,4746.54,3609.24,52,89,630,0,0,0,1266.53,0,
TXN10-04355,10,2026-07-31 07:53:27,6897.99,Airlines,100001,Card,DEV-10-1,iPhone,Mumbai,7,4,0,22.33,12,4759.97,3614.07,427,1400,987,0,0,0,621.46,1,distant_800km_15min
TXN10-04356,10,2026-07-31 08:02:27,4949.17,Airlines,100001,Card,DEV-10-1,iPhone,Jaipur,8,4,0,9.0,13,4766.31,3610.58,428,1401,24,0,0,0,920.74,1,distant_800km_15min
TXN10-04357,10,2026-07-31 08:09:56,6752.77,Airlines,100029,Card,DEV-10-3,Android,Chennai,8,4,0,7.48,14,4747.62,3604.0,45,637,597,0,0,0,1607.1,0,
TXN10-04358,10,2026-07-31 08:11:10,4650.79,Taxi,100021,UPI,DEV-10-9,Android,Delhi,8,4,0,1.23,15,4753.57,3600.3,86,71,820,0,0,0,1767.65,0,
TXN10-04359,10,2026-07-31 08:12:56,899.98,Taxi,100079,UPI,DEV-10-1,iPhone,Goa,8,4,0,1.77,16,4753.27,3594.98,7,1402,640,0,0,0,1521.64,0,
TXN10-04360,10,2026-07-31 08:28:50,2697.82,Airlines,100007,Card,DEV-10-2,iPhone,Goa,8,4,0,15.9,17,4742.15,3601.06,270,908,641,0,0,0,0.0,0,
TXN10-04361,10,2026-07-31 08:51:09,9875.52,Taxi,100001,UPI,DEV-10-2,iPhone,Bangalore,8,4,0,22.32,18,4754.69,3606.39,429,909,625,0,0,0,454.99,0,
TXN10-04362,10,2026-07-31 08:57:33,4433.96,Hotels,100005,Card,DEV-10-5,iPhone,Hyderabad,8,4,0,6.4,19,4769.2,3611.47,269,287,631,0,0,0,499.99,0,
TXN10-04363,10,2026-07-31 10:02:54,2245.31,Taxi,100127,UPI,DEV-10-3,Android,Chennai,10,4,0,65.35,20,4734.89,3600.14,2,638,598,0,0,0,515.24,0,
TXN10-04364,10,2026-07-31 10:16:43,3959.79,Airlines,100027,UPI,DEV-10-1,iPhone,Hyderabad,10,4,0,13.82,21,4713.58,3596.26,57,1403,632,0,0,0,515.24,0,
TXN10-04365,10,2026-07-31 10:18:59,2879.87,Airlines,100009,UPI,DEV-10-7,Web,Hyderabad,10,4,0,2.27,22,4711.3,3591.06,139,147,633,0,0,0,0.0,0,
TXN10-04366,10,2026-07-31 11:06:22,5279.9,Taxi,100001,UPI,DEV-10-4,Android,Mumbai,11,4,0,47.38,23,4713.7,3594.33,430,423,988,0,0,0,621.46,0,
TXN10-04367,10,2026-07-31 11:38:06,1341.22,Food,100037,Card,DEV-10-2,iPhone,Chennai,11,4,0,31.73,24,4700.6,3601.2,24,910,599,0,0,0,1033.1,0,
TXN10-04368,10,2026-07-31 11:44:19,6271.91,Airlines,100083,Card,DEV-10-2,iPhone,Mumbai,11,4,0,6.22,25,4690.39,3600.48,12,911,989,0,0,0,1033.1,0,
TXN10-04369,10,2026-07-31 11:54:23,5938.84,Hotels,100012,Card,DEV-10-4,Android,Goa,11,4,0,10.07,26,4695.18,3596.07,110,424,642,0,0,0,440.32,0,
TXN10-04370,10,2026-07-31 11:54:29,1039.96,Taxi,100022,Card,DEV-10-2,iPhone,Hyderabad,11,4,0,0.1,27,4698.94,3591.28,62,912,634,0,0,0,520.05,0,
TXN10-04371,10,2026-07-31 13:02:03,5624.22,Taxi,100048,Card,DEV-10-6,iPhone,Hyderabad,13,4,0,67.57,28,4680.07,3608.78,26,198,635,0,0,0,0.0,0,
TXN10-04372,10,2026-07-31 13:07:20,2307.82,Food,100057,UPI,DEV-10-4,Android,Goa,13,4,0,5.28,29,4679.9,3608.74,14,425,643,0,0,0,520.05,0,
TXN10-04373,10,2026-07-31 13:07:55,3512.92,Taxi,100063,Card,DEV-10-3,Android,Goa,13,4,0,0.58,30,4672.69,3605.61,18,639,644,0,0,0,0.0,0,
TXN10-04374,10,2026-07-31 13:08:40,5250.0,Airlines,100001,Card,DEV-UNK-7512,Web,Mumbai,13,4,0,0.75,31,4669.18,3600.71,431,1,990,1,0,0,440.32,1,unknown_device
TXN10-04375,10,2026-07-31 13:23:08,3734.03,Hotels,100107,Card,DEV-10-1,iPhone,Mumbai,13,4,0,14.47,32,4669.06,3600.69,6,1404,991,0,0,0,0.0,0,
TXN10-04376,10,2026-07-31 14:43:28,4874.92,Airlines,100007,UPI,DEV-10-3,Android,Goa,14,4,0,80.33,33,4653.1,3627.69,271,640,645,0,0,0,440.32,0,
TXN10-04377,10,2026-07-31 14:44:15,3364.63,Taxi,100024,UPI,DEV-10-1,iPhone,Mumbai,14,4,0,0.78,34,4653.79,3622.07,60,1405,992,0,0,0,440.32,0,
TXN10-04378,10,2026-07-31 15:12:38,2201.68,Taxi,100117,Card,DEV-10-3,Android,Goa,15,4,0,28.38,35,4640.95,3619.29,4,641,646,0,0,0,440.32,0,
TXN10-04379,10,2026-07-31 15:31:29,9159.76,Airlines,100007,Card,DEV-10-7,Web,Hyderabad,15,4,0,18.85,36,4641.34,3619.02,272,148,636,0,0,0,520.05,0,
TXN10-04380,10,2026-07-31 15:44:37,2322.92,Hotels,100025,Card,DEV-10-1,iPhone,Goa,15,4,0,13.13,37,4655.33,3622.12,42,1406,647,0,0,0,520.05,0,
TXN10-04381,10,2026-07-31 15:44:59,2831.71,Taxi,100043,UPI,DEV-10-2,iPhone,Goa,15,4,0,0.37,38,4648.13,3618.84,24,913,648,0,0,0,0.0,0,
TXN10-04382,10,2026-07-31 15:49:23,7035.28,Hotels,100010,Card,DEV-10-6,iPhone,Delhi,15,4,0,4.4,39,4642.54,3614.67,166,199,821,0,0,0,1521.64,0,
TXN10-04383,10,2026-07-31 16:42:11,2382.68,Taxi,100063,Card,DEV-10-5,iPhone,Chennai,16,4,0,52.8,40,4649.88,3611.55,19,288,600,0,0,0,1767.65,0,
TXN10-04384,10,2026-07-31 17:06:05,2152.76,Food,100128,Card,DEV-10-1,iPhone,Delhi,17,4,0,23.9,41,4653.22,3616.8,2,1407,822,0,0,0,1767.65,0,
TXN10-04385,10,2026-07-31 17:29:43,5916.19,Food,100004,Card,DEV-10-3,Android,Chennai,17,4,0,23.63,42,4665.11,3623.27,98,642,601,0,0,0,1767.65,0,
TXN10-04386,10,2026-07-31 17:46:28,2459.86,Airlines,100007,UPI,DEV-10-2,iPhone,Chennai,17,4,0,16.75,43,4668.97,3618.34,273,914,602,0,0,0,0.0,0,
TXN10-04387,10,2026-07-31 17:53:01,3079.43,Food,100002,Card,DEV-10-17,iPhone,Delhi,17,4,0,6.55,44,4662.17,3614.84,327,4,823,0,0,0,1767.65,0,
TXN10-04388,10,2026-07-31 17:54:00,3623.98,Taxi,100121,Card,DEV-10-1,iPhone,Bangalore,17,4,0,0.98,45,4657.32,3610.36,2,1408,626,0,0,0,1750.11,0,
TXN10-04389,10,2026-07-31 18:11:22,2077.55,Food,100015,Card,DEV-10-9,Android,Mumbai,18,4,0,17.37,46,4651.51,3610.49,54,72,993,0,0,0,845.32,0,
TXN10-04390,10,2026-07-31 18:26:03,8146.41,Hotels,100010,Card,DEV-10-5,iPhone,Delhi,18,4,0,14.68,47,4649.78,3617.16,167,289,824,0,0,0,1153.24,0,
TXN10-04391,10,2026-07-31 18:27:54,1458.79,Food,100014,Card,DEV-10-7,Web,Mumbai,18,4,0,1.85,48,4660.51,3616.78,53,149,994,0,0,0,1153.24,0,
TXN10-04392,10,2026-07-31 18:27:58,50000.0,Luxury Goods,100001,Card,DEV-10-1,iPhone,Mumbai,18,4,0,0.07,49,4650.72,3615.57,432,1409,995,0,0,0,0.0,1,large_luxury_purchase
TXN10-04393,10,2026-07-31 18:40:09,1812.36,Hotels,100005,Card,DEV-10-2,iPhone,Goa,18,4,0,12.18,50,4788.98,4391.29,270,915,649,0,0,0,440.32,0,
TXN10-04394,10,2026-07-31 18:46:43,4756.91,Taxi,100043,Card,DEV-10-3,Android,Mumbai,18,4,0,6.57,51,4785.36,4393.25,25,643,996,0,0,0,440.32,0,
TXN10-04395,10,2026-07-31 18:51:31,10000.0,Airlines,100082,UPI,DEV-10-3,Android,Hyderabad,18,4,0,4.8,52,4788.76,4392.79,16,644,637,0,0,0,621.46,0,
TXN10-04396,10,2026-07-31 19:02:42,863.23,Food,100018,Card,DEV-10-7,Web,Chennai,19,4,0,11.18,53,4804.6,4395.48,41,150,603,0,0,0,515.24,0,
TXN10-04397,10,2026-07-31 19:16:03,1806.83,Taxi,100024,Card,DEV-10-5,iPhone,Hyderabad,19,4,0,13.35,54,4792.65,4394.16,61,290,638,0,0,0,515.24,0,
TXN10-04398,10,2026-07-31 19:30:52,5085.48,Taxi,100001,UPI,DEV-10-1,iPhone,Hyderabad,19,4,0,14.82,55,4783.63,4390.58,433,1410,639,0,0,0,0.0,0,
TXN10-04399,10,2026-07-31 19:52:48,5990.37,Food,100002,UPI,DEV-10-4,Android,Chennai,19,4,0,21.93,56,4794.28,4387.02,328,426,604,0,0,0,515.24,0,
TXN10-04400,10,2026-07-31 19:57:08,7984.95,Taxi,100001,UPI,DEV-10-5,iPhone,Delhi,19,4,0,4.33,57,4797.89,4380.9,434,291,825,0,0,0,1767.65,0,
TXN10-04401,10,2026-07-31 20:06:33,4372.97,Hotels,100025,Card,DEV-10-2,iPhone,Hyderabad,20,4,0,9.42,58,4807.46,4377.79,43,916,640,0,0,0,1266.53,0,
TXN10-04402,10,2026-07-31 20:17:42,4414.96,Airlines,100009,UPI,DEV-10-1,iPhone,Mumbai,20,4,0,11.15,59,4792.26,4370.48,140,1411,997,0,0,0,621.46,0,
TXN10-04403,10,2026-07-31 20:39:26,1039.28,Hotels,100046,UPI,DEV-10-3,Android,Delhi,20,4,0,21.73,60,4780.08,4369.71,28,645,826,0,0,0,1153.24,0,
TXN10-04404,10,2026-07-31 20:47:06,1799.07,Hotels,100052,Card,DEV-10-3,Android,Goa,20,4,0,7.67,61,4768.85,4367.94,14,646,650,0,0,0,1521.64,0,
TXN10-04405,10,2026-07-31 21:31:41,1660.1,Food,100003,UPI,DEV-10-1,iPhone,Delhi,21,4,0,44.58,62,4732.86,4390.26,171,1412,827,0,0,0,1521.64,0,
TXN10-04406,10,2026-07-31 21:37:13,2714.95,Food,100004,Card,DEV-10-1,iPhone,Goa,21,4,0,5.53,63,4713.56,4389.81,99,1413,651,0,0,0,1521.64,0,
TXN10-04407,10,2026-07-31 21:52:29,7455.06,Food,100003,Card,DEV-10-2,iPhone,Goa,21,4,0,15.27,64,4569.4,3606.83,172,917,652,0,0,0,0.0,0,
TXN10-04408,10,2026-07-31 22:11:04,4073.11,Airlines,100009,Card,DEV-10-2,iPhone,Mumbai,22,4,0,18.58,65,4568.01,3605.63,141,918,998,0,0,0,440.32,0,
TXN10-04409,10,2026-07-31 22:22:30,5186.8,Taxi,100006,Card,DEV-10-4,Android,Goa,22,4,0,11.43,66,4566.51,3600.25,195,427,653,0,0,0,440.32,0,
TXN10-04410,10,2026-07-31 23:15:08,802.74,Hotels,100059,UPI,DEV-10-2,iPhone,Bangalore,23,4,0,52.63,67,4572.85,3602.81,17,919,627,0,0,0,454.99,0,
TXN10-04411,10,2026-07-31 23:28:59,2182.2,Hotels,100033,UPI,DEV-10-2,iPhone,Mumbai,23,4,0,13.85,68,4561.39,3603.32,46,920,999,0,0,0,845.32,0,
TXN10-04412,10,2026-07-31 23:36:55,2701.59,Food,100058,Card,DEV-10-2,iPhone,Mumbai,23,4,0,7.93,69,4559.31,3604.49,9,921,1000,0,0,0,0.0,0,
TXN10-04413,10,2026-07-31 23:56:21,2042.67,Hotels,100035,Card,DEV-10-11,Web,Goa,23,4,0,19.43,70,4552.24,3605.84,25,25,654,0,0,0,440.32,0,
TXN10-04414,10,2026-08-01 03:50:48,5250.0,Airlines,100001,Card,DEV-UNK-9677,Android,Mumbai,3,5,1,234.45,1,4554.64,3603.91,435,1,1001,1,0,0,440.32,1,unknown_device
TXN10-04415,10,2026-08-01 05:05:10,3007.66,Food,100094,Card,DEV-10-42,Web,Mumbai,5,5,1,74.37,2,4565.67,3600.46,4,1,1002,1,0,0,0.0,0,
TXN10-04416,10,2026-08-01 05:47:07,10000.0,Taxi,100140,Card,DEV-10-1,iPhone,Hyderabad,5,5,1,41.95,3,4563.73,3611.11,1,1414,641,0,0,1,621.46,0,
TXN10-04417,10,2026-08-01 06:41:04,4963.07,Hotels,100012,UPI,DEV-10-3,Android,Goa,6,5,1,53.95,4,4587.81,3622.99,111,647,655,0,0,0,520.05,0,
TXN10-04418,10,2026-08-01 06:43:55,2242.6,Food,100002,Card,DEV-10-3,Android,Goa,6,5,1,2.85,5,4580.39,3619.74,329,648,656,0,0,0,0.0,0,
TXN10-04419,10,2026-08-01 06:56:00,3510.31,Food,100003,Card,DEV-10-7,Web,Goa,6,5,1,12.08,6,4573.24,3616.5,173,151,657,0,0,0,0.0,0,
TXN10-04420,10,2026-08-01 07:15:23,7891.11,Airlines,100083,Card,DEV-10-1,iPhone,Delhi,7,5,1,19.38,7,4570.0,3611.46,13,1415,828,0,0,0,1521.64,0,
TXN10-04421,10,2026-08-01 07:27:24,1423.67,Taxi,100043,UPI,DEV-10-5,iPhone,Hyderabad,7,5,1,12.02,8,4592.72,3625.74,26,292,642,0,0,0,1266.53,0,
TXN10-04422,10,2026-08-01 07:44:04,4669.62,Taxi,100070,Card,DEV-10-10,iPhone,Mumbai,7,5,1,16.67,9,4594.93,3623.6,12,43,1003,0,0,0,621.46,0,
TXN10-04423,10,2026-08-01 08:03:48,9175.4,Food,100124,UPI,DEV-10-1,iPhone,Delhi,8,5,1,19.73,10,4611.58,3622.68,2,1416,829,0,0,0,1153.24,0,
TXN10-04424,10,2026-08-01 08:57:04,2085.51,Food,100011,Card,DEV-10-3,Android,Hyderabad,8,5,1,53.27,11,4653.34,3636.39,59,649,643,0,0,0,1266.53,0,
TXN10-04425,10,2026-08-01 09:02:41,1226.8,Hotels,100020,UPI,DEV-10-3,Android,Bangalore,9,5,1,5.62,12,4653.4,3636.35,63,650,628,0,0,0,499.99,0,
TXN10-04426,10,2026-08-01 09:24:21,5240.34,Airlines,100007,Card,DEV-10-5,iPhone,Bangalore,9,5,1,21.67,13,4642.75,3635.7,274,293,629,0,0,0,0.0,0,
TXN10-04427,10,2026-08-01 10:05:32,2132.03,Hotels,100005,Card,DEV-10-2,iPhone,Delhi,10,5,1,41.18,14,4642.58,3629.3,271,922,830,0,0,0,1750.11,0,
TXN10-04428,10,2026-08-01 10:43:39,6237.84,Food,100097,Card,DEV-10-1,iPhone,Delhi,10,5,1,38.12,15,4641.45,3640.88,2,1417,831,0,0,0,0.0,0,
TXN10-04429,10,2026-08-01 11:21:42,6156.73,Food,100011,UPI,DEV-10-2,iPhone,Delhi,11,5,1,38.05,16,4664.12,3640.06,60,923,832,0,0,0,0.0,0,
TXN10-04430,10,2026-08-01 12:11:30,4617.17,Taxi,100001,UPI,DEV-10-1,iPhone,Mumbai,12,5,1,49.8,17,4638.46,3624.82,436,1418,1004,0,0,0,1153.24,0,
TXN10-04431,10,2026-08-01 12:25:21,1961.5,Taxi,100100,UPI,DEV-10-2,iPhone,Hyderabad,12,5,1,13.85,18,4636.23,3624.61,7,924,644,0,0,0,621.46,0,
TXN10-04432,10,2026-08-01 12:31:50,7221.02,Hotels,100005,UPI,DEV-10-1,iPhone,Bangalore,12,5,1,6.48,19,4627.69,3621.97,272,1419,630,0,0,0,499.99,0,
TXN10-04433,10,2026-08-01 12:44:02,10000.0,Airlines,100009,Card,DEV-10-5,iPhone,Chennai,12,5,1,12.2,20,4619.11,3612.63,142,294,605,0,0,0,290.17,0,
TXN10-04434,10,2026-08-01 13:02:23,5010.9,Food,100003,Card,DEV-10-4,Android,Delhi,13,5,1,18.35,21,4640.31,3629.03,174,428,833,0,0,0,1767.65,0,
TXN10-04435,10,2026-08-01 13:05:52,2920.03,Airlines,100007,Card,DEV-10-4,Android,Mumbai,13,5,1,3.48,22,4641.49,3623.29,275,429,1005,0,0,0,1153.24,0,
TXN10-04436,10,2026-08-01 13:41:09,2715.01,Food,100141,UPI,DEV-10-1,iPhone,Delhi,13,5,1,35.28,23,4629.56,3618.95,1,1420,834,0,0,1,1153.24,0,
TXN10-04437,10,2026-08-01 14:13:30,4171.57,Food,100128,UPI,DEV-10-5,iPhone,Mumbai,14,5,1,32.35,24,4626.3,3620.21,3,295,1006,0,0,0,1153.24,0,
TXN10-04438,10,2026-08-01 14:21:05,5998.82,Airlines,100142,Card,DEV-10-1,iPhone,Delhi,14,5,1,7.58,25,4624.85,3614.52,1,1421,835,0,0,1,1153.24,0,
TXN10-04439,10,2026-08-01 14:22:57,4443.3,Hotels,100012,UPI,DEV-10-4,Android,Delhi,14,5,1,1.87,26,4629.22,3609.59,112,430,836,0,0,0,0.0,0,
TXN10-04440,10,2026-08-01 15:14:46,3122.76,Taxi,100001,Card,DEV-10-1,iPhone,Chennai,15,5,1,51.82,27,4632.96,3604.75,437,1422,606,0,0,0,1767.65,0,
TXN10-04441,10,2026-08-01 15:45:06,1697.68,Food,100008,UPI,DEV-10-1,iPhone,Chennai,15,5,1,30.33,28,4619.31,3611.72,81,1423,607,0,0,0,0.0,0,
TXN10-04442,10,2026-08-01 16:13:12,3138.55,Taxi,100001,UPI,DEV-10-6,iPhone,Bangalore,16,5,1,28.1,29,4605.19,3614.61,438,200,631,0,0,0,290.17,0,
TXN10-04443,10,2026-08-01 17:38:41,3539.94,Airlines,100026,Card,DEV-10-3,Android,Hyderabad,17,5,1,85.48,30,4608.7,3635.32,67,651,645,0,0,0,499.99,0,
TXN10-04444,10,2026-08-01 17:42:23,10000.0,Airlines,100007,Card,DEV-10-1,iPhone,Bangalore,17,5,1,3.7,31,4613.57,3632.89,276,1424,632,0,0,0,499.99,0,
TXN10-04445,10,2026-08-01 18:05:02,5419.21,Food,100004,Card,DEV-10-1,iPhone,Goa,18,5,1,22.65,32,4631.35,3640.03,100,1425,658,0,0,0,454.99,0,
TXN10-04446,10,2026-08-01 18:36:34,4560.47,Taxi,100040,Card,DEV-10-1,iPhone,Delhi,18,5,1,31.53,33,4633.94,3634.32,26,1426,837,0,0,0,1521.64,0,
TXN10-04447,10,2026-08-01 18:53:22,7323.37,Food,100076,Card,DEV-10-1,iPhone,Bangalore,18,5,1,16.8,34,4636.63,3633.96,4,1427,633,0,0,0,1750.11,0,
TXN10-04448,10,2026-08-01 18:55:16,5260.85,Taxi,100079,Card,DEV-10-1,iPhone,Bangalore,18,5,1,1.9,35,4645.44,3631.24,8,1428,634,0,0,0,0.0,0,
TXN10-04449,10,2026-08-01 19:25:01,4538.36,Food,100125,Card,DEV-10-3,Android,Bangalore,19,5,1,29.75,36,4658.91,3625.88,2,652,635,0,0,0,0.0,0,
TXN10-04450,10,2026-08-01 19:55:49,4789.41,Food,100003,UPI,DEV-10-3,Android,Hyderabad,19,5,1,30.8,37,4670.84,3642.9,175,653,646,0,0,0,499.99,0,
TXN10-04451,10,2026-08-01 20:05:30,6902.86,Food,100015,UPI,DEV-10-2,iPhone,Goa,20,5,1,9.68,38,4671.23,3636.87,55,925,659,0,0,0,520.05,0,
TXN10-04452,10,2026-08-01 20:16:47,2960.33,Taxi,100038,Card,DEV-10-4,Android,Mumbai,20,5,1,11.28,39,4681.95,3638.66,43,431,1007,0,0,0,440.32,0,
TXN10-04453,10,2026-08-01 20:34:45,2101.71,Food,100002,UPI,DEV-10-2,iPhone,Chennai,20,5,1,17.97,40,4678.47,3641.01,330,926,608,0,0,0,1033.1,0,
TXN10-04454,10,2026-08-01 21:01:45,7277.31,Food,100002,Card,DEV-10-1,iPhone,Delhi,21,5,1,27.0,41,4661.9,3644.75,331,1429,838,0,0,0,1767.65,0,
TXN10-04455,10,2026-08-01 21:05:59,4466.28,Taxi,100114,Card,DEV-10-3,Android,Mumbai,21,5,1,4.23,42,4670.59,3641.8,5,654,1008,0,0,0,1153.24,0,
TXN10-04456,10,2026-08-01 21:09:35,10000.0,Food,100037,Card,DEV-10-10,iPhone,Delhi,21,5,1,3.6,43,4669.91,3635.79,25,44,839,0,0,0,1153.24,0,
TXN10-04457,10,2026-08-01 21:19:07,2252.39,Food,100004,Card,DEV-10-4,Android,Goa,21,5,1,9.53,44,4687.5,3642.63,101,432,660,0,0,0,1521.64,0,
TXN10-04458,10,2026-08-01 21:35:36,5791.23,Taxi,100001,Card,DEV-10-2,iPhone,Chennai,21,5,1,16.48,45,4674.63,3644.32,439,927,609,0,0,0,706.92,0,
TXN10-04459,10,2026-08-01 21:35:47,5620.01,Taxi,100040,UPI,DEV-10-3,Android,Hyderabad,21,5,1,0.18,46,4678.3,3638.89,27,655,647,0,0,0,515.24,0,
TXN10-04460,10,2026-08-01 21:45:28,6412.78,Taxi,100021,UPI,DEV-10-1,iPhone,Chennai,21,5,1,9.68,47,4681.39,3633.31,87,1430,610,0,0,0,515.24,0,
TXN10-04461,10,2026-08-01 22:55:53,1927.78,Hotels,100017,Card,DEV-10-1,iPhone,Hyderabad,22,5,1,70.42,48,4703.46,3634.78,71,1431,648,0,0,0,515.24,0,
TXN10-04462,10,2026-08-01 23:32:47,4437.79,Hotels,100005,Card,DEV-10-1,iPhone,Delhi,23,5,1,36.9,49,4710.91,3647.15,273,1432,840,0,0,0,1266.53,0,
TXN10-04463,10,2026-08-01 23:42:09,9771.91,Food,100002,Card,DEV-10-1,iPhone,Mumbai,23,5,1,9.37,50,4710.01,3641.14,332,1433,1009,0,0,0,1153.24,0,
TXN10-04464,10,2026-08-02 01:05:09,1363.16,Food,100002,UPI,DEV-10-10,iPhone,Goa,1,6,1,83.0,1,4737.22,3652.49,333,45,661,0,0,0,440.32,1,ato_odd_hour
TXN10-04465,10,2026-08-02 05:03:54,7099.17,Hotels,100010,UPI,DEV-10-3,Android,Chennai,5,6,1,238.75,2,4726.04,3651.59,168,656,611,0,0,0,706.92,0,
TXN10-04466,10,2026-08-02 05:34:55,2930.97,Taxi,100032,UPI,DEV-10-3,Android,Chennai,5,6,1,31.02,3,4733.88,3648.09,41,657,612,0,0,0,0.0,0,
TXN10-04467,10,2026-08-02 06:07:40,1747.85,Taxi,100137,Card,DEV-10-7,Web,Chennai,6,6,1,32.75,4,4734.54,3654.62,3,152,613,0,0,0,0.0,0,
TXN10-04468,10,2026-08-02 06:19:17,1621.65,Hotels,100041,UPI,DEV-10-5,iPhone,Bangalore,6,6,1,11.62,5,4724.69,3652.6,26,296,636,0,0,0,290.17,0,
TXN10-04469,10,2026-08-02 06:37:55,4567.15,Airlines,100029,Card,DEV-10-2,iPhone,Delhi,6,6,1,18.63,6,4719.25,3655.99,46,928,841,0,0,0,1750.11,0,
TXN10-04470,10,2026-08-02 06:48:02,2488.55,Hotels,100012,UPI,DEV-10-1,iPhone,Mumbai,6,6,1,10.12,7,4718.75,3649.98,113,1434,1010,0,0,0,1153.24,0,
TXN10-04471,10,2026-08-02 06:58:00,3275.86,Food,100002,Card,DEV-10-3,Android,Mumbai,6,6,1,9.97,8,4700.32,3647.06,334,658,1011,0,0,0,0.0,0,
TXN10-04472,10,2026-08-02 07:15:01,5533.62,Taxi,100111,Card,DEV-10-1,iPhone,Mumbai,7,6,1,17.02,9,4695.65,3641.98,6,1435,1012,0,0,0,0.0,0,
TXN10-04473,10,2026-08-02 07:17:34,8874.59,Food,100102,Card,DEV-10-3,Android,Delhi,7,6,1,2.55,10,4704.89,3640.52,9,659,842,0,0,0,1153.24,0,
TXN10-04474,10,2026-08-02 07:20:07,7792.17,Food,100019,Card,DEV-10-5,iPhone,Hyderabad,7,6,1,2.55,11,4718.52,3642.35,37,297,649,0,0,0,1266.53,0,
TXN10-04475,10,2026-08-02 07:30:12,7680.23,Hotels,100017,Card,DEV-10-2,iPhone,Hyderabad,7,6,1,10.08,12,4728.53,3640.63,72,929,650,0,0,0,0.0,0,
TXN10-04476,10,2026-08-02 07:31:05,4605.24,Hotels,100020,UPI,DEV-10-1,iPhone,Hyderabad,7,6,1,0.88,13,4738.11,3638.59,64,1436,651,0,0,0,0.0,0,
TXN10-04477,10,2026-08-02 07:34:08,4334.25,Airlines,100089,Card,DEV-10-1,iPhone,Delhi,7,6,1,3.05,14,4737.68,3632.71,5,1437,843,0,0,0,1266.53,0,
TXN10-04478,10,2026-08-02 07:47:44,8607.84,Food,100004,Card,DEV-10-1,iPhone,Chennai,7,6,1,13.6,15,4741.2,3631.79,102,1438,614,0,0,0,1767.65,0,
TXN10-04479,10,2026-08-02 07:53:58,8290.13,Food,100002,Card,DEV-10-2,iPhone,Chennai,7,6,1,6.23,16,4753.67,3632.55,335,930,615,0,0,0,0.0,0,
TXN10-04480,10,2026-08-02 08:02:13,3770.49,Hotels,100107,Card,DEV-10-1,iPhone,Mumbai,8,6,1,8.25,17,4765.04,3632.23,7,1439,1013,0,0,0,1033.1,0,
TXN10-04481,10,2026-08-02 08:14:30,3930.83,Food,100002,Card,DEV-10-1,iPhone,Delhi,8,6,1,12.28,18,4761.86,3626.84,336,1440,844,0,0,0,1153.24,0,
TXN10-04482,10,2026-08-02 08:20:41,2906.6,Airlines,100118,Card,DEV-10-9,Android,Hyderabad,8,6,1,6.18,19,4759.2,3621.34,8,73,652,0,0,0,1266.53,0,
TXN10-04483,10,2026-08-02 08:39:44,892.84,Taxi,100001,UPI,DEV-10-2,iPhone,Delhi,8,6,1,19.05,20,4753.3,3617.08,440,931,845,0,0,0,1266.53,0,
TXN10-04484,10,2026-08-02 09:07:29,10000.0,Airlines,100009,UPI,DEV-10-1,iPhone,Bangalore,9,6,1,27.75,21,4731.1,3619.31,143,1441,637,0,0,0,1750.11,0,
TXN10-04485,10,2026-08-02 09:15:53,2186.97,Airlines,100143,Card,DEV-10-1,iPhone,Mumbai,9,6,1,8.4,22,4747.83,3625.7,1,1442,1014,0,0,1,845.32,0,
TXN10-04486,10,2026-08-02 09:43:13,8282.95,Food,100003,UPI,DEV-10-2,iPhone,Hyderabad,9,6,1,27.33,23,4745.57,3632.95,176,932,653,0,0,0,621.46,0,
TXN10-04487,10,2026-08-02 09:58:47,4995.78,Airlines,100009,UPI,DEV-10-2,iPhone,Bangalore,9,6,1,15.57,24,4756.94,3638.41,144,933,638,0,0,0,499.99,0,
TXN10-04488,10,2026-08-02 09:58:50,7038.66,Food,100008,UPI,DEV-10-10,iPhone,Delhi,9,6,1,0.05,25,4757.7,3632.65,82,46,846,0,0,0,1750.11,0,
TXN10-04489,10,2026-08-02 10:10:07,1832.3,Hotels,100005,Card,DEV-10-2,iPhone,Delhi,10,6,1,11.28,26,4764.92,3629.16,274,934,847,0,0,0,0.0,0,
TXN10-04490,10,2026-08-02 10:12:13,3264.12,Taxi,100006,Card,DEV-10-9,Android,Chennai,10,6,1,2.1,27,4755.67,3627.17,196,74,616,0,0,0,1767.65,0,
TXN10-04491,10,2026-08-02 10:12:38,8420.93,Hotels,100077,Card,DEV-10-1,iPhone,Hyderabad,10,6,1,0.42,28,4750.98,3622.42,9,1443,654,0,0,0,515.24,0,
TXN10-04492,10,2026-08-02 10:29:23,2880.1,Food,100049,Card,DEV-10-1,iPhone,Mumbai,10,6,1,16.75,29,4764.13,3628.12,13,1444,1015,0,0,0,621.46,0,
TXN10-04493,10,2026-08-02 10:37:29,3503.01,Food,100002,UPI,DEV-10-2,iPhone,Delhi,10,6,1,8.1,30,4758.22,3623.96,337,935,848,0,0,0,1153.24,0,
TXN10-04494,10,2026-08-02 10:41:29,3191.3,Hotels,100025,UPI,DEV-10-4,Android,Delhi,10,6,1,4.0,31,4754.3,3618.97,44,433,849,0,0,0,0.0,1,ato_short_gap
TXN10-04495,10,2026-08-02 10:58:55,3689.75,Hotels,100005,Card,DEV-10-2,iPhone,Pune,10,6,1,17.43,32,4750.27,3619.99,275,936,7,0,0,0,1179.48,0,
TXN10-04496,10,2026-08-02 11:02:07,5408.05,Taxi,100021,Card,DEV-10-6,iPhone,Bangalore,11,6,1,3.2,33,4746.97,3614.83,88,201,639,0,0,0,735.23,0,
TXN10-04497,10,2026-08-02 11:21:25,5418.9,Hotels,100005,UPI,DEV-10-4,Android,Delhi,11,6,1,19.3,34,4749.02,3609.4,276,434,850,0,0,0,1750.11,0,
TXN10-04498,10,2026-08-02 11:43:59,4747.78,Taxi,100063,Card,DEV-10-2,iPhone,Hyderabad,11,6,1,22.57,35,4743.33,3606.9,20,937,655,0,0,0,1266.53,0,
TXN10-04499,10,2026-08-02 11:57:41,4024.79,Hotels,100025,UPI,DEV-10-2,iPhone,Hyderabad,11,6,1,13.7,36,4743.34,3601.31,45,938,656,0,0,0,0.0,0,
TXN10-04500,10,2026-08-02 12:06:11,7009.86,Food,100034,UPI,DEV-10-1,iPhone,Chennai,12,6,1,8.5,37,4741.13,3595.97,27,1445,617,0,0,0,515.24,0,
TXN10-04501,10,2026-08-02 12:11:46,6411.08,Food,100014,UPI,DEV-10-6,iPhone,Hyderabad,12,6,1,5.58,38,4748.11,3592.63,54,202,657,0,0,0,515.24,0,
TXN10-04502,10,2026-08-02 12:24:36,2644.89,Hotels,100056,Card,DEV-10-6,iPhone,Hyderabad,12,6,1,12.83,39,4753.21,3588.3,13,203,658,0,0,0,0.0,0,
TXN10-04503,10,2026-08-02 12:32:19,3206.19,Food,100003,UPI,DEV-10-5,iPhone,Delhi,12,6,1,7.72,40,4746.76,3584.7,177,298,851,0,0,0,1266.53,0,
TXN10-04504,10,2026-08-02 12:38:14,4628.08,Taxi,100001,Card,DEV-10-7,Web,Chennai,12,6,1,5.92,41,4742.06,3580.24,441,153,618,0,0,0,1767.65,0,
TXN10-04505,10,2026-08-02 12:38:30,1766.58,Taxi,100114,UPI,DEV-10-5,iPhone,Jaipur,12,6,1,0.27,42,4741.72,3574.8,6,299,25,0,0,0,1607.1,0,
TXN10-04506,10,2026-08-02 12:57:16,4745.5,Hotels,100012,UPI,DEV-10-4,Android,Goa,12,6,1,18.77,43,4732.7,3573.12,114,435,662,0,0,0,1302.74,0,
TXN10-04507,10,2026-08-02 13:09:07,2613.74,Hotels,100122,Card,DEV-10-1,iPhone,Delhi,13,6,1,11.85,44,4732.74,3567.72,2,1446,852,0,0,0,1521.64,0,
TXN10-04508,10,2026-08-02 13:24:38,3896.01,Hotels,100012,Card,DEV-10-5,iPhone,Mumbai,13,6,1,15.52,45,4726.36,3564.23,115,300,1016,0,0,0,1153.24,0,
TXN10-04509,10,2026-08-02 13:54:09,1735.05,Hotels,100010,UPI,DEV-10-2,iPhone,Chennai,13,6,1,29.52,46,4723.87,3559.17,169,939,619,0,0,0,1033.1,0,
TXN10-04510,10,2026-08-02 14:02:35,9382.74,Hotels,100068,Card,DEV-10-4,Android,Mumbai,14,6,1,8.43,47,4704.85,3558.17,8,436,1017,0,0,0,1033.1,0,
TXN10-04511,10,2026-08-02 14:10:06,50000.0,Luxury Goods,100001,Card,DEV-10-1,iPhone,Mumbai,14,6,1,7.52,48,4718.85,3562.02,442,1447,1018,0,0,0,0.0,1,large_luxury_purchase
TXN10-04512,10,2026-08-02 14:21:05,5327.49,Food,100016,UPI,DEV-10-1,iPhone,Chennai,14,6,1,10.98,49,4854.02,4330.4,38,1448,620,0,0,0,1033.1,0,
TXN10-04513,10,2026-08-02 14:33:34,1710.67,Airlines,100009,Card,DEV-10-4,Android,Hyderabad,14,6,1,12.48,50,4850.26,4329.44,145,437,659,0,0,0,515.24,0,
TXN10-04514,10,2026-08-02 14:35:27,5761.73,Food,100042,Card,DEV-10-6,iPhone,Hyderabad,14,6,1,1.88,51,4840.91,4326.37,23,204,660,0,0,0,0.0,0,
TXN10-04515,10,2026-08-02 14:44:55,1969.94,Food,100011,Card,DEV-10-1,iPhone,Mumbai,14,6,1,9.47,52,4843.65,4320.24,61,1449,1019,0,0,0,621.46,0,
TXN10-04516,10,2026-08-02 14:56:33,5046.68,Airlines,100013,Card,DEV-10-3,Android,Delhi,14,6,1,11.63,53,4822.3,4316.61,99,660,853,0,0,0,1153.24,0,
TXN10-04517,10,2026-08-02 15:04:02,5455.69,Taxi,100022,Card,DEV-10-2,iPhone,Mumbai,15,6,1,7.48,54,4830.31,4314.52,63,940,1020,0,0,0,1153.24,0,
TXN10-04518,10,2026-08-02 15:12:51,2249.08,Food,100094,Card,DEV-10-1,iPhone,Hyderabad,15,6,1,8.82,55,4832.16,4308.26,5,1450,661,0,0,0,621.46,0,
TXN10-04519,10,2026-08-02 15:31:48,2554.89,Food,100004,Card,DEV-10-1,iPhone,Mumbai,15,6,1,18.95,56,4818.95,4315.12,103,1451,1021,0,0,0,621.46,0,
TXN10-04520,10,2026-08-02 15:44:56,10000.0,Airlines,100009,Card,DEV-10-7,Web,Delhi,15,6,1,13.13,57,4812.26,4310.49,146,154,854,0,0,0,1153.24,0,
TXN10-04521,10,2026-08-02 16:31:41,6600.59,Food,100003,UPI,DEV-10-2,iPhone,Goa,16,6,1,46.75,58,4827.56,4313.31,178,941,663,0,0,0,1521.64,0,
TXN10-04522,10,2026-08-02 16:36:39,4447.97,Taxi,100006,Card,DEV-10-1,iPhone,Goa,16,6,1,4.97,59,4832.77,4308.03,197,1452,664,0,0,0,0.0,0,
TXN10-04523,10,2026-08-02 16:51:23,4069.63,Taxi,100022,Card,DEV-10-3,Android,Hyderabad,16,6,1,14.73,60,4824.96,4311.04,64,661,662,0,0,0,520.05,0,
TXN10-04524,10,2026-08-02 17:42:23,3475.09,Food,100003,UPI,DEV-10-1,iPhone,Chennai,17,6,1,51.0,61,4836.52,4318.8,179,1453,621,0,0,0,515.24,0,
TXN10-04525,10,2026-08-02 17:50:14,3485.79,Taxi,100006,Card,DEV-10-7,Web,Bangalore,17,6,1,7.85,62,4832.5,4313.04,198,155,640,0,0,0,290.17,0,
TXN10-04526,10,2026-08-02 17:51:44,1520.12,Taxi,100024,Card,DEV-10-1,iPhone,Goa,17,6,1,1.5,63,4828.52,4307.29,62,1454,665,0,0,0,454.99,0,
TXN10-04527,10,2026-08-02 18:06:26,3506.06,Food,100002,UPI,DEV-10-3,Android,Chennai,18,6,1,14.7,64,4818.79,4304.68,338,662,622,0,0,0,706.92,0,
TXN10-04528,10,2026-08-02 18:06:44,1764.03,Food,100008,UPI,DEV-10-6,iPhone,Delhi,18,6,1,0.3,65,4814.94,4298.95,83,205,855,0,0,0,1767.65,0,
TXN10-04529,10,2026-08-02 18:11:47,3548.48,Taxi,100022,Card,DEV-10-1,iPhone,Chennai,18,6,1,5.05,66,4806.02,4295.82,65,1455,623,0,0,0,1767.65,0,
TXN10-04530,10,2026-08-02 18:26:04,3122.62,Taxi,100131,UPI,DEV-10-2,iPhone,Goa,18,6,1,14.28,67,4802.36,4290.09,4,942,666,0,0,0,706.92,0,
TXN10-04531,10,2026-08-02 18:39:28,3338.84,Taxi,100022,Card,DEV-10-2,iPhone,Chennai,18,6,1,13.4,68,4797.47,4284.8,66,943,624,0,0,0,706.92,0,
TXN10-04532,10,2026-08-02 18:51:37,4393.35,Food,100115,Card,DEV-10-2,iPhone,Chennai,18,6,1,12.15,69,4793.24,4279.31,4,944,625,0,0,0,0.0,0,
TXN10-04533,10,2026-08-02 19:07:59,3932.02,Food,100002,Card,DEV-10-5,iPhone,Bangalore,19,6,1,16.37,70,4792.09,4273.17,339,301,641,0,0,0,290.17,0,
TXN10-04534,10,2026-08-02 19:24:31,4141.74,Taxi,100070,Card,DEV-10-2,iPhone,Mumbai,19,6,1,16.53,71,4789.61,4267.26,13,945,1022,0,0,0,845.32,0,
TXN10-04535,10,2026-08-02 19:48:59,7338.01,Taxi,100024,Card,DEV-10-1,iPhone,Delhi,19,6,1,24.47,72,4770.27,4265.49,63,1456,856,0,0,0,1153.24,0,
TXN10-04536,10,2026-08-02 20:28:10,10000.0,Food,100003,Card,DEV-10-9,Android,Delhi,20,6,1,39.18,73,4787.16,4270.05,180,75,857,0,0,0,0.0,0,
TXN10-04537,10,2026-08-02 20:47:18,7756.47,Hotels,100005,UPI,DEV-10-4,Android,Mumbai,20,6,1,19.13,74,4802.27,4273.06,277,438,1023,0,0,0,1153.24,0,
TXN10-04538,10,2026-08-02 21:00:19,3185.65,Food,100011,UPI,DEV-10-1,iPhone,Mumbai,21,6,1,13.02,75,4804.16,4274.22,62,1457,1024,0,0,0,0.0,0,
TXN10-04539,10,2026-08-02 22:26:04,2543.15,Taxi,100022,Card,DEV-10-2,iPhone,Hyderabad,22,6,1,85.75,76,4812.13,4291.92,67,946,663,0,0,0,621.46,0,
TXN10-04540,10,2026-08-02 22:54:04,1092.06,Hotels,100061,Card,DEV-10-1,iPhone,Delhi,22,6,1,28.0,77,4805.48,4299.93,11,1458,858,0,0,0,1266.53,0,
TXN10-04541,10,2026-08-02 23:23:19,8965.91,Taxi,100040,Card,DEV-10-3,Android,Mumbai,23,6,1,29.25,78,4799.68,4303.61,28,663,1025,0,0,0,1153.24,0,
TXN10-04542,10,2026-08-02 23:38:04,7484.26,Taxi,100001,UPI,DEV-10-6,iPhone,Bangalore,23,6,1,14.75,79,4813.66,4309.4,443,206,642,0,0,0,845.32,0,
TXN10-04543,10,2026-08-02 23:40:51,10000.0,Hotels,100059,Card,DEV-10-4,Android,Delhi,23,6,1,2.78,80,4821.5,4305.49,18,439,859,0,0,0,1750.11,0,
TXN10-04544,10,2026-08-02 23:44:10,2976.44,Hotels,100041,Card,DEV-10-4,Android,Bangalore,23,6,1,3.32,81,4836.64,4308.28,27,440,643,0,0,0,1750.11,0,
TXN10-04545,10,2026-08-02 23:45:44,8683.92,Taxi,100032,Card,DEV-10-1,iPhone,Mumbai,23,6,1,1.57,82,4831.21,4303.16,42,1459,1026,0,0,0,845.32,0,
TXN10-04546,10,2026-08-03 05:07:19,4281.01,Airlines,100007,Card,DEV-10-3,Android,Mumbai,5,0,0,321.58,1,4842.41,4301.91,277,664,1027,0,0,0,0.0,0,
TXN10-04547,10,2026-08-03 05:19:17,8742.93,Food,100016,UPI,DEV-10-2,iPhone,Mumbai,5,0,0,11.97,2,4840.79,4295.77,39,947,1028,0,0,0,0.0,0,
TXN10-04548,10,2026-08-03 05:22:21,1918.5,Airlines,100007,Card,DEV-10-4,Android,Chennai,5,0,0,3.07,3,4852.06,4294.67,278,441,626,0,0,0,1033.1,0,
TXN10-04549,10,2026-08-03 06:14:02,1154.56,Food,100003,Card,DEV-10-3,Android,Delhi,6,0,0,51.68,4,4821.17,4302.44,181,665,860,0,0,0,1767.65,0,
TXN10-04550,10,2026-08-03 06:22:22,6398.14,Airlines,100066,UPI,DEV-10-1,iPhone,Mumbai,6,0,0,8.33,5,4810.51,4300.72,19,1460,1029,0,0,0,1153.24,0,
TXN10-04551,10,2026-08-03 06:42:45,6910.91,Airlines,100065,Card,DEV-10-1,iPhone,Delhi,6,0,0,20.38,6,4815.11,4295.33,10,1461,861,0,0,0,1153.24,0,
TXN10-04552,10,2026-08-03 06:49:31,2064.18,Hotels,100080,Card,DEV-10-6,iPhone,Bangalore,6,0,0,6.77,7,4821.17,4290.59,11,207,644,0,0,0,1750.11,0,
TXN10-04553,10,2026-08-03 06:57:12,9788.12,Airlines,100027,Card,DEV-10-2,iPhone,Hyderabad,6,0,0,7.68,8,4813.22,4286.95,58,948,664,0,0,0,499.99,0,
TXN10-04554,10,2026-08-03 07:30:20,1789.74,Food,100002,Card,DEV-10-2,iPhone,Hyderabad,7,0,0,33.13,9,4827.52,4289.06,340,949,665,0,0,0,0.0,0,
TXN10-04555,10,2026-08-03 07:32:50,4502.81,Hotels,100010,UPI,DEV-10-2,iPhone,Hyderabad,7,0,0,2.5,10,4818.81,4285.99,170,950,666,0,0,0,0.0,0,
TXN10-04556,10,2026-08-03 07:49:49,10000.0,Food,100015,Card,DEV-10-3,Android,Mumbai,7,0,0,16.98,11,4816.91,4285.99,56,666,1030,0,0,0,621.46,0,
TXN10-04557,10,2026-08-03 08:28:09,3169.17,Taxi,100022,UPI,DEV-10-10,iPhone,Chennai,8,0,0,38.33,12,4820.25,4289.56,68,47,627,0,0,0,1033.1,0,
TXN10-04558,10,2026-08-03 08:30:11,1950.35,Airlines,100104,Card,DEV-10-4,Android,Bangalore,8,0,0,2.03,13,4815.53,4284.34,5,442,645,0,0,0,290.17,0,
TXN10-04559,10,2026-08-03 08:31:38,4580.96,Taxi,100100,Card,DEV-10-4,Android,Bangalore,8,0,0,1.45,14,4807.37,4280.96,8,443,646,0,0,0,0.0,0,
TXN10-04560,10,2026-08-03 08:32:09,4731.98,Airlines,100027,Card,DEV-10-1,iPhone,Delhi,8,0,0,0.52,15,4806.73,4274.89,59,1462,862,0,0,0,1750.11,0,
TXN10-04561,10,2026-08-03 09:23:16,5464.46,Taxi,100092,UPI,DEV-10-3,Android,Chennai,9,0,0,51.12,16,4812.33,4273.5,4,667,628,0,0,0,1767.65,0,
TXN10-04562,10,2026-08-03 09:29:15,5286.22,Hotels,100010,UPI,DEV-10-2,iPhone,Delhi,9,0,0,5.98,17,4814.17,4267.58,171,951,863,0,0,0,1767.65,0,
TXN10-04563,10,2026-08-03 10:19:58,5064.6,Taxi,100021,UPI,DEV-10-3,Android,Mumbai,10,0,0,50.72,18,4815.22,4269.91,89,668,1031,0,0,0,1153.24,0,
TXN10-04564,10,2026-08-03 11:17:33,6024.72,Airlines,100007,Card,DEV-10-1,iPhone,Mumbai,11,0,0,57.58,19,4798.21,4267.0,279,1463,1032,0,0,0,0.0,0,
TXN10-04565,10,2026-08-03 11:53:46,1290.66,Food,100144,UPI,DEV-10-2,iPhone,Bangalore,11,0,0,36.22,20,4786.89,4258.45,1,952,647,0,0,1,845.32,0,
TXN10-04566,10,2026-08-03 12:49:03,1265.51,Food,100004,Card,DEV-10-1,iPhone,Hyderabad,12,0,0,55.28,21,4780.33,4262.05,104,1464,667,0,0,0,499.99,0,
TXN10-04567,10,2026-08-03 14:46:48,3785.88,Food,100019,Card,DEV-10-4,Android,Chandigarh,14,0,0,117.75,22,4767.17,4266.35,38,444,5,0,0,0,1494.28,0,
TXN10-04568,10,2026-08-03 14:50:50,6104.45,Airlines,100007,Card,DEV-10-3,Android,Delhi,14,0,0,4.03,23,4764.37,4260.57,280,669,864,0,0,0,227.78,0,
TXN10-04569,10,2026-08-03 16:10:56,3857.7,Food,100145,Card,DEV-10-2,iPhone,Goa,16,0,0,80.1,24,4777.59,4262.4,1,953,667,0,0,1,1521.64,0,
TXN10-04570,10,2026-08-03 16:54:33,7147.26,Taxi,100006,UPI,DEV-10-5,iPhone,Delhi,16,0,0,43.62,25,4784.63,4258.84,199,302,865,0,0,0,1521.64,0,
TXN10-04571,10,2026-08-03 17:20:30,1632.89,Hotels,100020,Card,DEV-10-3,Android,Bangalore,17,0,0,25.95,26,4777.45,4252.74,65,670,648,0,0,0,1750.11,0,
TXN10-04572,10,2026-08-03 17:44:44,6861.03,Hotels,100033,Card,DEV-10-5,iPhone,Delhi,17,0,0,24.23,27,4778.5,4259.04,47,303,866,0,0,0,1750.11,0,
TXN10-04573,10,2026-08-03 17:46:33,5250.0,Airlines,100001,Card,DEV-UNK-9087,Web,Mumbai,17,0,0,1.82,28,4784.46,4254.39,444,1,1033,1,0,0,1153.24,1,unknown_device
TXN10-04574,10,2026-08-03 18:26:21,3582.83,Airlines,100007,UPI,DEV-10-3,Android,Chennai,18,0,0,39.8,29,4794.47,4257.24,281,671,629,0,0,0,1033.1,0,
TXN10-04575,10,2026-08-03 18:31:37,10000.0,Airlines,100066,UPI,DEV-10-3,Android,Chennai,18,0,0,5.27,30,4790.99,4251.63,20,672,630,0,0,0,0.0,0,
TXN10-04576,10,2026-08-03 19:58:20,9079.38,Food,100015,UPI,DEV-10-3,Android,Mumbai,19,0,0,86.72,31,4820.62,4261.61,57,673,1034,0,0,0,1033.1,0,
TXN10-04577,10,2026-08-03 20:28:13,2946.92,Hotels,100017,UPI,DEV-10-4,Android,Delhi,20,0,0,29.88,32,4832.82,4261.58,73,445,867,0,0,0,1153.24,0,
TXN10-04578,10,2026-08-03 20:51:54,4756.76,Taxi,100006,Card,DEV-10-4,Android,Mumbai,20,0,0,23.68,33,4825.33,4268.11,200,446,1035,0,0,0,1153.24,0,
TXN10-04579,10,2026-08-03 21:00:55,5012.85,Hotels,100017,Card,DEV-10-1,iPhone,Delhi,21,0,0,9.02,34,4825.14,4262.0,74,1465,868,0,0,0,1153.24,0,
TXN10-04580,10,2026-08-03 21:37:15,5276.79,Food,100146,Card,DEV-10-2,iPhone,Mumbai,21,0,0,36.33,35,4823.02,4261.72,1,954,1036,0,0,1,1153.24,0,
TXN10-04581,10,2026-08-03 21:59:31,5644.58,Food,100002,UPI,DEV-10-1,iPhone,Delhi,21,0,0,22.27,36,4824.32,4255.69,341,1466,869,0,0,0,1153.24,0,
TXN10-04582,10,2026-08-03 22:14:06,3597.11,Hotels,100017,Card,DEV-10-2,iPhone,Delhi,22,0,0,14.58,37,4826.65,4249.85,75,955,870,0,0,0,0.0,0,
TXN10-04583,10,2026-08-03 22:38:30,5330.38,Hotels,100020,UPI,DEV-10-2,iPhone,Mumbai,22,0,0,24.4,38,4830.36,4248.21,66,956,1037,0,0,0,1153.24,0,
TXN10-04584,10,2026-08-03 22:43:10,4282.35,Food,100002,UPI,DEV-10-6,iPhone,Goa,22,0,0,4.67,39,4831.78,4242.25,342,208,668,0,0,0,440.32,0,
TXN10-04585,10,2026-08-03 23:05:52,1748.97,Hotels,100020,Card,DEV-10-5,iPhone,Mumbai,23,0,0,22.7,40,4830.23,4236.34,67,304,1038,0,0,0,440.32,0,
TXN10-04586,10,2026-08-03 23:06:27,3140.86,Airlines,100009,Card,DEV-10-1,iPhone,Bangalore,23,0,0,0.58,41,4821.52,4233.51,147,1467,649,0,0,0,845.32,0,
TXN10-04587,10,2026-08-03 23:24:49,3343.3,Hotels,100030,UPI,DEV-10-4,Android,Chennai,23,0,0,18.37,42,4816.79,4228.48,39,447,631,0,0,0,290.17,0,
TXN10-04588,10,2026-08-03 23:56:15,5029.26,Taxi,100067,Card,DEV-10-3,Android,Bangalore,23,0,0,31.43,43,4809.52,4226.81,15,674,650,0,0,0,290.17,0,
TXN10-04589,10,2026-08-03 23:57:09,7810.86,Taxi,100021,Card,DEV-10-9,Android,Goa,23,0,0,0.9,44,4810.13,4220.87,90,76,669,0,0,0,454.99,0,
TXN10-04590,10,2026-08-03 23:59:44,3728.42,Taxi,100070,UPI,DEV-10-4,Android,Goa,23,0,0,2.58,45,4818.56,4217.93,14,448,670,0,0,0,0.0,0,
TXN10-04591,10,2026-08-04 01:06:46,1906.49,Airlines,100001,Card,DEV-10-1,iPhone,Mumbai,1,1,0,67.03,1,4815.51,4212.41,445,1468,1039,0,0,0,440.32,1,distant_800km_15min
TXN10-04592,10,2026-08-04 01:12:46,1538.49,Airlines,100001,Card,DEV-10-1,iPhone,Jaipur,1,1,0,6.0,2,4807.38,4209.33,446,1469,26,0,0,0,920.74,1,distant_800km_15min
TXN10-04593,10,2026-08-04 05:29:46,1870.93,Hotels,100005,Card,DEV-10-2,iPhone,Bangalore,5,1,0,257.0,3,4805.8,4226.43,278,957,651,0,0,0,1561.54,0,
TXN10-04594,10,2026-08-04 06:00:45,2218.73,Food,100050,Card,DEV-10-2,iPhone,Bangalore,6,1,0,30.98,4,4789.13,4233.48,22,958,652,0,0,0,0.0,0,
TXN10-04595,10,2026-08-04 06:52:22,7384.61,Food,100002,Card,DEV-10-4,Android,Bangalore,6,1,0,51.62,5,4810.2,4251.07,343,449,653,0,0,0,0.0,0,
TXN10-04596,10,2026-08-04 07:19:30,8991.69,Airlines,100013,Card,DEV-10-1,iPhone,Mumbai,7,1,0,27.13,6,4817.53,4253.29,100,1470,1040,0,0,0,845.32,0,
TXN10-04597,10,2026-08-04 07:48:44,4901.04,Food,100008,Card,DEV-10-4,Android,Goa,7,1,0,29.23,7,4837.22,4256.61,84,450,671,0,0,0,440.32,0,
TXN10-04598,10,2026-08-04 08:05:19,5174.82,Food,100060,Card,DEV-10-2,iPhone,Mumbai,8,1,0,16.58,8,4837.41,4250.55,10,959,1041,0,0,0,440.32,0,
TXN10-04599,10,2026-08-04 08:34:28,2567.37,Food,100102,Card,DEV-10-10,iPhone,Goa,8,1,0,29.15,9,4838.36,4244.54,10,48,672,0,0,0,440.32,0,
TXN10-04600,10,2026-08-04 12:15:30,4248.52,Hotels,100010,UPI,DEV-10-1,iPhone,Goa,12,1,0,221.03,10,4828.33,4256.79,172,1471,673,0,0,0,0.0,0,
TXN10-04601,10,2026-08-04 12:50:52,1719.15,Taxi,100024,Card,DEV-10-8,Web,Delhi,12,1,0,35.37,11,4838.39,4260.21,64,90,871,0,0,0,1521.64,0,
TXN10-04602,10,2026-08-04 12:54:14,7357.09,Taxi,100043,Card,DEV-10-5,iPhone,Bangalore,12,1,0,3.37,12,4829.4,4257.35,27,305,654,0,0,0,1750.11,0,
TXN10-04603,10,2026-08-04 13:54:48,8483.67,Airlines,100089,Card,DEV-10-2,iPhone,Chennai,13,1,0,60.57,13,4838.96,4259.29,6,960,632,0,0,0,290.17,0,
TXN10-04604,10,2026-08-04 14:28:57,2243.37,Taxi,100040,UPI,DEV-10-2,iPhone,Chennai,14,1,0,34.15,14,4857.3,4261.24,29,961,633,0,0,0,0.0,0,
TXN10-04605,10,2026-08-04 14:58:53,6934.85,Food,100023,Card,DEV-10-4,Android,Hyderabad,14,1,0,29.93,15,4855.15,4262.37,29,451,668,0,0,0,515.24,0,
TXN10-04606,10,2026-08-04 15:13:24,7178.69,Hotels,100005,Card,DEV-10-1,iPhone,Bangalore,15,1,0,14.52,16,4872.01,4266.35,279,1472,655,0,0,0,499.99,0,
TXN10-04607,10,2026-08-04 16:28:56,2424.07,Taxi,100001,UPI,DEV-10-1,iPhone,Goa,16,1,0,75.53,17,4878.66,4261.99,447,1473,674,0,0,0,454.99,0,
TXN10-04608,10,2026-08-04 16:48:14,3578.17,Taxi,100040,UPI,DEV-10-5,iPhone,Goa,16,1,0,19.3,18,4873.27,4260.84,30,306,675,0,0,0,0.0,0,
TXN10-04609,10,2026-08-04 17:22:03,2764.69,Airlines,100007,Card,DEV-10-6,iPhone,Delhi,17,1,0,33.82,19,4885.31,4261.97,282,209,872,0,0,0,1521.64,0,
TXN10-04610,10,2026-08-04 17:30:53,6657.71,Airlines,100007,Card,DEV-10-15,iPhone,Mumbai,17,1,0,8.83,20,4879.18,4257.33,283,10,1042,0,0,0,1153.24,0,
TXN10-04611,10,2026-08-04 17:46:53,1428.91,Airlines,100036,UPI,DEV-10-2,iPhone,Chennai,17,1,0,16.0,21,4884.31,4252.26,41,962,634,0,0,0,1033.1,0,
TXN10-04612,10,2026-08-04 17:47:35,5308.83,Hotels,100005,UPI,DEV-10-10,iPhone,Hyderabad,17,1,0,0.7,22,4874.38,4250.17,280,49,669,0,0,0,515.24,0,
TXN10-04613,10,2026-08-04 19:42:54,6153.59,Taxi,100054,Card,DEV-10-1,iPhone,Delhi,19,1,0,115.32,23,4875.01,4260.16,19,1474,873,0,0,0,1266.53,0,
TXN10-04614,10,2026-08-04 19:54:45,5172.49,Airlines,100009,Card,DEV-10-4,Android,Mumbai,19,1,0,11.85,24,4882.34,4260.17,148,452,1043,0,0,0,1153.24,0,
TXN10-04615,10,2026-08-04 21:43:59,3074.83,Taxi,100067,Card,DEV-10-5,iPhone,Goa,21,1,0,109.23,25,4900.4,4266.41,16,307,676,0,0,0,440.32,0,
TXN10-04616,10,2026-08-04 22:01:48,2864.45,Airlines,100009,UPI,DEV-10-3,Android,Delhi,22,1,0,17.82,26,4895.11,4261.36,149,675,874,0,0,0,1521.64,0,
TXN10-04617,10,2026-08-04 22:09:52,7661.82,Airlines,100007,UPI,DEV-10-1,iPhone,Hyderabad,22,1,0,8.07,27,4889.24,4256.59,284,1475,670,0,0,0,1266.53,0,
TXN10-04618,10,2026-08-04 22:40:18,10000.0,Food,100004,Card,DEV-10-4,Android,Bangalore,22,1,0,30.43,28,4897.23,4253.05,105,453,656,0,0,0,499.99,0,
TXN10-04619,10,2026-08-04 22:42:34,3477.27,Food,100004,Card,DEV-10-2,iPhone,Bangalore,22,1,0,2.27,29,4911.89,4255.71,106,963,657,0,0,0,0.0,0,
TXN10-04620,10,2026-08-04 22:54:57,2198.76,Airlines,100029,UPI,DEV-10-1,iPhone,Goa,22,1,0,12.38,30,4907.78,4250.3,47,1476,677,0,0,0,454.99,0,
TXN10-04621,10,2026-08-04 22:55:23,10000.0,Airlines,100013,Card,DEV-10-2,iPhone,Mumbai,22,1,0,0.43,31,4900.04,4246.69,101,964,1044,0,0,0,440.32,0,
TXN10-04622,10,2026-08-04 23:27:08,1827.04,Taxi,100001,UPI,DEV-10-2,iPhone,Mumbai,23,1,0,31.75,32,4913.77,4260.63,448,965,1045,0,0,0,0.0,0,
TXN10-04623,10,2026-08-04 23:48:23,2837.64,Taxi,100001,Card,DEV-10-11,Web,Bangalore,23,1,0,21.25,33,4904.96,4257.73,449,26,658,0,0,0,845.32,0,
TXN10-04624,10,2026-08-05 06:28:39,1632.85,Food,100094,Card,DEV-10-1,iPhone,Bangalore,6,2,0,400.27,1,4909.41,4272.63,6,1477,659,0,0,0,0.0,0,
TXN10-04625,10,2026-08-05 06:50:47,4037.06,Taxi,100032,UPI,DEV-10-3,Android,Delhi,6,2,0,22.13,2,4900.0,4270.09,43,676,875,0,0,0,1750.11,0,
TXN10-04626,10,2026-08-05 07:04:33,10000.0,Food,100008,UPI,DEV-10-1,iPhone,Goa,7,2,0,13.77,3,4905.71,4267.6,85,1478,678,0,0,0,1521.64,0,
TXN10-04627,10,2026-08-05 07:13:55,989.11,Airlines,100007,UPI,DEV-10-6,iPhone,Goa,7,2,0,9.37,4,4920.31,4270.17,285,210,679,0,0,0,0.0,0,
TXN10-04628,10,2026-08-05 08:11:21,2973.13,Food,100016,Card,DEV-10-2,iPhone,Goa,8,2,0,57.43,5,4906.2,4281.21,40,966,680,0,0,0,0.0,0,
TXN10-04629,10,2026-08-05 08:40:43,2913.89,Food,100002,UPI,DEV-10-2,iPhone,Hyderabad,8,2,0,29.37,6,4900.64,4276.31,344,967,671,0,0,0,520.05,0,
TXN10-04630,10,2026-08-05 08:49:24,5848.89,Hotels,100046,UPI,DEV-10-5,iPhone,Delhi,8,2,0,8.68,7,4905.2,4273.35,29,308,876,0,0,0,1266.53,0,
TXN10-04631,10,2026-08-05 08:58:11,3162.84,Hotels,100010,UPI,DEV-10-7,Web,Goa,8,2,0,8.78,8,4907.91,4267.52,173,156,681,0,0,0,1521.64,0,
TXN10-04632,10,2026-08-05 09:02:30,2077.27,Taxi,100105,Card,DEV-10-2,iPhone,Goa,9,2,0,4.32,9,4902.92,4262.43,6,968,682,0,0,0,0.0,0,
TXN10-04633,10,2026-08-05 09:09:24,3528.78,Food,100060,Card,DEV-10-8,Web,Chennai,9,2,0,6.9,10,4894.87,4259.02,11,91,635,0,0,0,706.92,0,
TXN10-04634,10,2026-08-05 09:25:27,6695.6,Hotels,100072,Card,DEV-10-1,iPhone,Delhi,9,2,0,16.05,11,4890.99,4253.59,8,1479,877,0,0,0,1767.65,0,
TXN10-04635,10,2026-08-05 09:52:57,10000.0,Airlines,100029,Card,DEV-10-2,iPhone,Goa,9,2,0,27.5,12,4896.1,4248.64,48,969,683,0,0,0,1521.64,0,
TXN10-04636,10,2026-08-05 10:03:03,3251.62,Food,100002,UPI,DEV-10-3,Android,Hyderabad,10,2,0,10.1,13,4910.52,4251.28,345,677,672,0,0,0,520.05,0,
TXN10-04637,10,2026-08-05 10:09:52,3003.32,Food,100011,Card,DEV-10-2,iPhone,Mumbai,10,2,0,6.82,14,4905.85,4246.19,63,970,1046,0,0,0,621.46,0,
TXN10-04638,10,2026-08-05 10:31:34,3899.12,Airlines,100007,Card,DEV-10-3,Android,Chennai,10,2,0,21.7,15,4898.3,4251.56,286,678,636,0,0,0,1033.1,0,
TXN10-04639,10,2026-08-05 10:31:45,10000.0,Food,100003,Card,DEV-10-1,iPhone,Mumbai,10,2,0,0.18,16,4895.49,4245.9,182,1480,1047,0,0,0,1033.1,0,
TXN10-04640,10,2026-08-05 10:33:44,4658.66,Food,100141,Card,DEV-10-7,Web,Delhi,10,2,0,1.98,17,4909.83,4248.53,2,157,878,0,0,0,1153.24,0,
TXN10-04641,10,2026-08-05 10:34:15,9357.23,Taxi,100100,Card,DEV-10-9,Android,Mumbai,10,2,0,0.52,18,4909.13,4242.6,9,77,1048,0,0,0,1153.24,0,
TXN10-04642,10,2026-08-05 10:38:01,2302.79,Hotels,100147,UPI,DEV-10-3,Android,Delhi,10,2,0,3.77,19,4921.55,4243.17,1,679,879,0,0,1,1153.24,0,
TXN10-04643,10,2026-08-05 10:41:33,5727.56,Airlines,100108,UPI,DEV-10-2,iPhone,Delhi,10,2,0,3.53,20,4914.26,4239.5,8,971,880,0,0,0,0.0,0,
TXN10-04644,10,2026-08-05 10:56:26,4100.22,Taxi,100021,Card,DEV-10-1,iPhone,Mumbai,10,2,0,14.88,21,4916.51,4233.83,91,1481,1049,0,0,0,1153.24,0,
TXN10-04645,10,2026-08-05 10:58:23,5542.93,Hotels,100010,UPI,DEV-10-7,Web,Delhi,10,2,0,1.95,22,4914.25,4228.18,174,158,881,0,0,0,1153.24,0,
TXN10-04646,10,2026-08-05 11:15:48,8492.91,Food,100028,Card,DEV-10-6,iPhone,Goa,11,2,0,17.42,23,4921.11,4227.18,29,211,684,0,0,0,1521.64,0,
TXN10-04647,10,2026-08-05 11:36:54,2360.76,Taxi,100092,Card,DEV-10-4,Android,Delhi,11,2,0,21.1,24,4930.98,4225.5,5,454,882,0,0,0,1521.64,0,
TXN10-04648,10,2026-08-05 11:38:36,4432.45,Airlines,100045,Card,DEV-10-6,iPhone,Goa,11,2,0,1.7,25,4923.9,4221.82,28,212,685,0,0,0,1521.64,0,
TXN10-04649,10,2026-08-05 11:52:30,6704.31,Taxi,100067,UPI,DEV-10-3,Android,Delhi,11,2,0,13.9,26,4922.55,4216.1,17,680,883,0,0,0,1521.64,0,
TXN10-04650,10,2026-08-05 11:53:20,6189.31,Hotels,100148,Card,DEV-10-1,iPhone,Mumbai,11,2,0,0.83,27,4927.43,4211.35,1,1482,1050,0,0,1,1153.24,0,
TXN10-04651,10,2026-08-05 12:07:32,4297.88,Hotels,100005,UPI,DEV-10-1,iPhone,Mumbai,12,2,0,14.2,28,4930.88,4206.11,281,1483,1051,0,0,0,0.0,0,
TXN10-04652,10,2026-08-05 12:22:38,4571.82,Food,100003,Card,DEV-10-1,iPhone,Delhi,12,2,0,15.1,29,4936.86,4203.65,183,1484,884,0,0,0,1153.24,0,
TXN10-04653,10,2026-08-05 12:42:52,10000.0,Taxi,100022,Card,DEV-10-5,iPhone,Goa,12,2,0,20.23,30,4935.87,4197.96,69,309,686,0,0,0,1521.64,0,
TXN10-04654,10,2026-08-05 12:57:07,4160.72,Airlines,100082,Card,DEV-10-1,iPhone,Bangalore,12,2,0,14.25,31,4949.63,4200.53,17,1485,660,0,0,0,454.99,0,
TXN10-04655,10,2026-08-05 13:16:46,6972.59,Airlines,100007,UPI,DEV-10-4,Android,Goa,13,2,0,19.65,32,4948.29,4200.71,287,455,687,0,0,0,454.99,0,
TXN10-04656,10,2026-08-05 13:45:24,4425.5,Taxi,100024,Card,DEV-10-7,Web,Hyderabad,13,2,0,28.63,33,4953.78,4196.33,65,159,673,0,0,0,520.05,0,
TXN10-04657,10,2026-08-05 14:02:53,3060.17,Airlines,100001,Card,DEV-10-1,iPhone,Mumbai,14,2,0,17.48,34,4952.35,4190.74,450,1486,1052,0,0,0,621.46,1,distant_800km_15min
TXN10-04658,10,2026-08-05 14:11:53,4061.06,Airlines,100001,Card,DEV-10-1,iPhone,Bangalore,14,2,0,9.0,35,4947.25,4186.24,451,1487,661,0,0,0,845.32,1,distant_800km_15min
TXN10-04659,10,2026-08-05 14:12:46,6027.42,Hotels,100147,UPI,DEV-10-1,iPhone,Delhi,14,2,0,0.88,36,4944.87,4180.86,2,1488,885,0,0,0,1750.11,0,
TXN10-04660,10,2026-08-05 14:13:29,2131.37,Food,100091,Card,DEV-10-1,iPhone,Mumbai,14,2,0,0.72,37,4947.77,4175.63,6,1489,1053,0,0,0,1153.24,0,
TXN10-04661,10,2026-08-05 14:30:45,4785.07,Taxi,100119,UPI,DEV-10-4,Android,Delhi,14,2,0,17.27,38,4940.24,4172.58,5,456,886,0,0,0,1153.24,0,
TXN10-04662,10,2026-08-05 14:46:48,10000.0,Airlines,100007,Card,DEV-10-3,Android,Mumbai,14,2,0,16.05,39,4942.98,4172.14,288,681,1054,0,0,0,1153.24,0,
TXN10-04663,10,2026-08-05 14:49:25,1338.66,Food,100011,Card,DEV-10-2,iPhone,Hyderabad,14,2,0,2.62,40,4956.47,4174.73,64,972,674,0,0,0,621.46,0,
TXN10-04664,10,2026-08-05 14:53:54,5167.23,Hotels,100090,Card,DEV-10-3,Android,Mumbai,14,2,0,4.48,41,4946.85,4173.33,4,682,1055,0,0,0,621.46,0,
TXN10-04665,10,2026-08-05 15:05:21,2650.5,Taxi,100073,UPI,DEV-10-9,Android,Chennai,15,2,0,11.45,42,4941.45,4168.23,10,78,637,0,0,0,1033.1,0,
TXN10-04666,10,2026-08-05 15:33:23,1101.63,Taxi,100001,Card,DEV-10-1,iPhone,Mumbai,15,2,0,28.03,43,4934.69,4169.88,452,1490,1056,0,0,0,1033.1,0,
TXN10-04667,10,2026-08-05 15:42:07,6651.26,Hotels,100005,UPI,DEV-10-2,iPhone,Mumbai,15,2,0,8.73,44,4924.5,4169.01,282,973,1057,0,0,0,0.0,0,
TXN10-04668,10,2026-08-05 15:46:18,10000.0,Hotels,100116,Card,DEV-10-6,iPhone,Delhi,15,2,0,4.18,45,4929.08,4164.43,3,213,887,0,0,0,1153.24,0,
TXN10-04669,10,2026-08-05 15:49:18,8465.63,Food,100002,Card,DEV-10-6,iPhone,Goa,15,2,0,3.0,46,4942.49,4167.06,346,214,688,0,0,0,1521.64,1,ato_short_gap
TXN10-04670,10,2026-08-05 16:01:04,4717.01,Hotels,100099,UPI,DEV-10-1,iPhone,Mumbai,16,2,0,11.77,47,4954.54,4170.65,7,1491,1058,0,0,0,440.32,0,
TXN10-04671,10,2026-08-05 16:12:11,3709.76,Hotels,100147,Card,DEV-10-1,iPhone,Hyderabad,16,2,0,11.12,48,4953.91,4165.16,3,1492,675,0,0,0,621.46,0,
TXN10-04672,10,2026-08-05 16:20:02,10000.0,Airlines,100026,Card,DEV-10-1,iPhone,Bangalore,16,2,0,7.85,49,4950.64,4160.16,68,1493,662,0,0,0,499.99,0,
TXN10-04673,10,2026-08-05 16:24:02,3271.98,Taxi,100121,Card,DEV-10-1,iPhone,Goa,16,2,0,4.0,50,4963.89,4162.72,3,1494,689,0,0,0,454.99,0,
TXN10-04674,10,2026-08-05 16:27:10,2512.91,Hotels,100010,UPI,DEV-10-1,iPhone,Delhi,16,2,0,3.13,51,4959.46,4158.17,175,1495,888,0,0,0,1521.64,0,
TXN10-04675,10,2026-08-05 17:19:16,5082.54,Airlines,100007,UPI,DEV-10-6,iPhone,Mumbai,17,2,0,52.1,52,4953.07,4154.62,289,215,1059,0,0,0,1153.24,0,
TXN10-04676,10,2026-08-05 17:52:58,1809.32,Taxi,100022,Card,DEV-10-6,iPhone,Goa,17,2,0,33.7,53,4953.59,4154.62,70,216,690,0,0,0,440.32,0,
TXN10-04677,10,2026-08-05 17:59:15,2769.85,Hotels,100068,Card,DEV-10-1,iPhone,Chennai,17,2,0,6.28,54,4943.19,4157.49,9,1496,638,0,0,0,706.92,0,
TXN10-04678,10,2026-08-05 17:59:38,5799.48,Airlines,100088,UPI,DEV-10-2,iPhone,Bangalore,17,2,0,0.38,55,4937.53,4153.55,6,974,663,0,0,0,290.17,0,
TXN10-04679,10,2026-08-05 18:00:30,3426.23,Hotels,100005,UPI,DEV-10-8,Web,Bangalore,18,2,0,0.87,56,4939.76,4148.38,283,92,664,0,0,0,0.0,0,
TXN10-04680,10,2026-08-05 18:01:28,10000.0,Hotels,100075,Card,DEV-10-3,Android,Bangalore,18,2,0,0.97,57,4935.84,4143.72,6,683,665,0,0,0,0.0,0,
TXN10-04681,10,2026-08-05 19:15:03,6729.18,Hotels,100017,UPI,DEV-10-4,Android,Delhi,19,2,0,73.58,58,4963.83,4169.51,76,457,889,0,0,0,1750.11,0,
TXN10-04682,10,2026-08-05 19:29:01,2437.23,Taxi,100022,UPI,DEV-10-4,Android,Hyderabad,19,2,0,13.97,59,4968.43,4165.04,71,458,676,0,0,0,1266.53,0,
TXN10-04683,10,2026-08-05 19:46:07,8424.37,Taxi,100001,UPI,DEV-10-4,Android,Chennai,19,2,0,17.1,60,4961.84,4161.61,453,459,639,0,0,0,515.24,0,
TXN10-04684,10,2026-08-05 19:47:13,4295.63,Airlines,100013,Card,DEV-10-1,iPhone,Hyderabad,19,2,0,1.1,61,4970.84,4159.94,102,1497,677,0,0,0,515.24,0,
TXN10-04685,10,2026-08-05 19:55:16,1035.26,Airlines,100113,UPI,DEV-10-7,Web,Delhi,19,2,0,8.05,62,4969.09,4154.69,2,160,890,0,0,0,1266.53,0,
TXN10-04686,10,2026-08-05 21:19:51,3904.82,Taxi,100001,Card,DEV-10-3,Android,Goa,21,2,0,84.58,63,4945.86,4151.56,454,684,691,0,0,0,1521.64,0,
TXN10-04687,10,2026-08-05 21:54:15,4679.66,Airlines,100007,UPI,DEV-10-1,iPhone,Goa,21,2,0,34.4,64,4916.9,4141.19,290,1498,692,0,0,0,0.0,0,
TXN10-04688,10,2026-08-05 22:00:33,5575.03,Taxi,100024,Card,DEV-10-1,iPhone,Delhi,22,2,0,6.3,65,4916.29,4135.84,66,1499,891,0,0,0,1521.64,0,
TXN10-04689,10,2026-08-05 22:24:21,2532.94,Food,100129,Card,DEV-10-14,iPhone,Delhi,22,2,0,23.8,66,4933.32,4142.82,2,9,892,0,0,0,0.0,0,
TXN10-04690,10,2026-08-05 22:40:46,4418.94,Hotels,100012,Card,DEV-10-1,iPhone,Mumbai,22,2,0,16.42,67,4929.54,4144.34,116,1500,1060,0,0,0,1153.24,0,
TXN10-04691,10,2026-08-05 22:45:44,1670.42,Airlines,100036,UPI,DEV-10-4,Android,Bangalore,22,2,0,4.97,68,4928.21,4139.04,42,460,666,0,0,0,845.32,0,
TXN10-04692,10,2026-08-05 23:03:53,4526.06,Food,100042,Card,DEV-10-3,Android,Bangalore,23,2,0,18.15,69,4908.41,4136.34,24,685,667,0,0,0,0.0,0,
TXN10-04693,10,2026-08-05 23:56:28,6605.81,Food,100016,Card,DEV-10-3,Android,Chennai,23,2,0,52.58,70,4907.42,4131.02,41,686,640,0,0,0,290.17,0,
TXN10-04694,10,2026-08-06 05:05:08,3223.56,Taxi,100040,Card,DEV-10-5,iPhone,Delhi,5,3,0,308.67,1,4911.81,4126.58,31,310,893,0,0,0,1767.65,0,
TXN10-04695,10,2026-08-06 05:29:08,3801.71,Taxi,100021,Card,DEV-10-1,iPhone,Mumbai,5,3,0,24.0,2,4907.45,4122.15,92,1501,1061,0,0,0,1153.24,0,
TXN10-04696,10,2026-08-06 05:48:18,2089.37,Airlines,100047,Card,DEV-10-2,iPhone,Goa,5,3,0,19.17,3,4904.61,4117.23,26,975,693,0,0,0,440.32,0,
TXN10-04697,10,2026-08-06 05:56:29,5250.0,Airlines,100001,Card,DEV-UNK-4089,Web,Mumbai,5,3,0,8.18,4,4897.39,4114.41,455,1,1062,1,0,0,440.32,1,unknown_device
TXN10-04698,10,2026-08-06 05:57:20,2728.71,Hotels,100005,UPI,DEV-10-1,iPhone,Bangalore,5,3,0,0.85,5,4898.3,4109.18,284,1502,668,0,0,0,845.32,0,
TXN10-04699,10,2026-08-06 06:07:02,2368.86,Taxi,100001,Card,DEV-10-1,iPhone,Chennai,6,3,0,9.7,6,4892.76,4105.4,456,1503,641,0,0,0,290.17,0,
TXN10-04700,10,2026-08-06 06:55:02,1274.47,Hotels,100046,UPI,DEV-10-5,iPhone,Mumbai,6,3,0,48.0,7,4892.25,4105.51,30,311,1063,0,0,0,1033.1,0,
TXN10-04701,10,2026-08-06 07:18:35,5686.54,Hotels,100010,Card,DEV-10-2,iPhone,Mumbai,7,3,0,23.55,8,4894.25,4111.67,176,976,1064,0,0,0,0.0,0,
TXN10-04702,10,2026-08-06 07:28:48,8131.31,Hotels,100010,Card,DEV-10-1,iPhone,Indore,7,3,0,10.22,9,4896.28,4106.59,177,1504,6,0,0,0,509.83,0,
TXN10-04703,10,2026-08-06 07:32:20,2640.94,Food,100050,UPI,DEV-10-3,Android,Bangalore,7,3,0,3.53,10,4904.55,4104.59,23,687,669,0,0,0,1099.36,0,
TXN10-04704,10,2026-08-06 07:37:53,1061.6,Taxi,100001,Card,DEV-10-1,iPhone,Chennai,7,3,0,5.55,11,4908.41,4101.76,457,1505,642,0,0,0,290.17,0,
TXN10-04705,10,2026-08-06 07:38:15,5323.07,Food,100034,Card,DEV-10-1,iPhone,Mumbai,7,3,0,0.37,12,4898.59,4101.12,28,1506,1065,0,0,0,1033.1,0,
TXN10-04706,10,2026-08-06 07:39:04,10000.0,Food,100014,UPI,DEV-10-6,iPhone,Goa,7,3,0,0.82,13,4895.37,4100.28,55,217,694,0,0,0,440.32,0,
TXN10-04707,10,2026-08-06 08:14:27,4314.75,Food,100149,Card,DEV-10-1,iPhone,Chennai,8,3,0,35.38,14,4901.78,4103.56,1,1507,643,0,0,1,706.92,0,
TXN10-04708,10,2026-08-06 08:21:57,8744.73,Food,100011,UPI,DEV-10-4,Android,Delhi,8,3,0,7.5,15,4900.28,4098.43,65,461,894,0,0,0,1767.65,0,
TXN10-04709,10,2026-08-06 08:41:10,4357.4,Hotels,100005,Card,DEV-10-2,iPhone,Chennai,8,3,0,19.22,16,4899.98,4098.13,285,977,644,0,0,0,1767.65,0,
TXN10-04710,10,2026-08-06 09:18:14,6240.31,Airlines,100026,UPI,DEV-10-2,iPhone,Hyderabad,9,3,0,37.07,17,4905.47,4095.96,69,978,678,0,0,0,515.24,0,
TXN10-04711,10,2026-08-06 10:04:29,3675.38,Airlines,100065,Card,DEV-10-5,iPhone,Mumbai,10,3,0,46.25,18,4880.23,4093.3,11,312,1066,0,0,0,621.46,0,
TXN10-04712,10,2026-08-06 10:37:01,6706.36,Food,100002,Card,DEV-10-4,Android,Goa,10,3,0,32.53,19,4890.18,4094.76,347,462,695,0,0,0,440.32,0,
TXN10-04713,10,2026-08-06 11:04:44,7451.63,Food,100028,Card,DEV-10-2,iPhone,Indore,11,3,0,27.72,20,4899.88,4094.58,30,979,7,0,0,0,844.95,0,
TXN10-04714,10,2026-08-06 11:22:29,3845.85,Taxi,100063,Card,DEV-10-4,Android,Mumbai,11,3,0,17.75,21,4906.42,4091.37,21,463,1067,0,0,0,509.83,0,
TXN10-04715,10,2026-08-06 12:18:34,4829.73,Hotels,100017,Card,DEV-10-6,iPhone,Hyderabad,12,3,0,56.08,22,4900.87,4086.91,77,218,679,0,0,0,621.46,0,
TXN10-04716,10,2026-08-06 12:46:55,12866.38,Hotels,100035,Card,DEV-UNK-6936,Android,Goa,12,3,0,28.35,23,4900.69,4081.67,26,1,696,1,0,0,520.05,1,ato_higher_amount_new_device
TXN10-04717,10,2026-08-06 12:58:12,3989.57,Hotels,100033,UPI,DEV-10-2,iPhone,Goa,12,3,0,11.28,24,4921.06,4096.25,48,980,697,0,0,0,0.0,0,
TXN10-04718,10,2026-08-06 13:01:21,5110.1,Hotels,100139,Card,DEV-10-2,iPhone,Chennai,13,3,0,3.15,25,4918.68,4091.29,3,981,645,0,0,0,706.92,0,
TXN10-04719,10,2026-08-06 13:02:32,2623.62,Food,100002,Card,DEV-10-1,iPhone,Chennai,13,3,0,1.18,26,4919.17,4086.1,348,1508,646,0,0,0,0.0,0,
TXN10-04720,10,2026-08-06 14:10:53,2444.21,Taxi,100001,Card,DEV-10-1,iPhone,Hyderabad,14,3,0,68.35,27,4914.85,4087.62,458,1509,680,0,0,0,515.24,0,
TXN10-04721,10,2026-08-06 14:43:27,5577.76,Food,100023,UPI,DEV-10-1,iPhone,Delhi,14,3,0,32.57,28,4909.8,4089.44,30,1510,895,0,0,0,1266.53,0,
TXN10-04722,10,2026-08-06 14:46:01,1431.01,Food,100034,Card,DEV-10-4,Android,Mumbai,14,3,0,2.57,29,4911.5,4084.39,29,464,1068,0,0,0,1153.24,0,
TXN10-04723,10,2026-08-06 14:48:48,2141.17,Food,100037,UPI,DEV-10-3,Android,Mumbai,14,3,0,2.78,30,4899.26,4087.58,26,688,1069,0,0,0,0.0,0,
TXN10-04724,10,2026-08-06 15:22:01,2257.84,Taxi,100135,Card,DEV-10-4,Android,Bangalore,15,3,0,33.22,31,4889.16,4089.46,2,465,670,0,0,0,845.32,0,
TXN10-04725,10,2026-08-06 15:27:44,3050.14,Hotels,100005,Card,DEV-10-2,iPhone,Mumbai,15,3,0,5.72,32,4882.5,4086.42,286,982,1070,0,0,0,845.32,0,
TXN10-04726,10,2026-08-06 15:49:21,2196.68,Hotels,100059,Card,DEV-10-1,iPhone,Delhi,15,3,0,21.62,33,4877.87,4082.29,19,1511,896,0,0,0,1153.24,0,
TXN10-04727,10,2026-08-06 15:59:29,10000.0,Taxi,100054,UPI,DEV-10-2,iPhone,Delhi,15,3,0,10.13,34,4871.12,4079.36,20,983,897,0,0,0,0.0,0,
TXN10-04728,10,2026-08-06 16:29:03,1085.95,Food,100023,Card,DEV-10-8,Web,Bangalore,16,3,0,29.57,35,4892.95,4083.56,31,93,671,0,0,0,1750.11,0,
TXN10-04729,10,2026-08-06 16:32:07,4260.17,Taxi,100067,Card,DEV-10-7,Web,Mumbai,16,3,0,3.07,36,4883.39,4082.87,18,161,1071,0,0,0,845.32,0,
TXN10-04730,10,2026-08-06 16:37:14,2819.55,Food,100037,Card,DEV-10-3,Android,Hyderabad,16,3,0,5.12,37,4881.83,4077.87,27,689,681,0,0,0,621.46,0,
TXN10-04731,10,2026-08-06 17:04:38,8976.18,Hotels,100005,UPI,DEV-10-7,Web,Chennai,17,3,0,27.4,38,4880.17,4078.58,287,162,647,0,0,0,515.24,0,
TXN10-04732,10,2026-08-06 17:16:14,4232.53,Hotels,100005,Card,DEV-10-4,Android,Mumbai,17,3,0,11.6,39,4890.41,4078.61,288,466,1072,0,0,0,1033.1,0,
TXN10-04733,10,2026-08-06 17:27:00,2683.7,Hotels,100033,Card,DEV-10-4,Android,Hyderabad,17,3,0,10.77,40,4888.77,4073.65,49,467,682,0,0,0,621.46,0,
TXN10-04734,10,2026-08-06 17:41:23,1290.47,Food,100023,UPI,DEV-10-2,iPhone,Mumbai,17,3,0,14.38,41,4883.29,4070.06,32,984,1073,0,0,0,621.46,0,
TXN10-04735,10,2026-08-06 17:48:36,2863.84,Food,100002,UPI,DEV-10-5,iPhone,Goa,17,3,0,7.22,42,4874.37,4068.94,349,313,698,0,0,0,440.32,0,
TXN10-04736,10,2026-08-06 17:49:09,7498.22,Taxi,100100,UPI,DEV-10-1,iPhone,Delhi,17,3,0,0.55,43,4869.39,4065.13,10,1512,898,0,0,0,1521.64,0,
TXN10-04737,10,2026-08-06 17:51:06,7418.25,Hotels,100046,UPI,DEV-10-2,iPhone,Mumbai,17,3,0,1.95,44,4875.88,4062.2,31,985,1074,0,0,0,1153.24,0,
TXN10-04738,10,2026-08-06 18:13:35,5562.08,Hotels,100147,UPI,DEV-10-5,iPhone,Mumbai,18,3,0,22.48,45,4882.15,4059.15,4,314,1075,0,0,0,0.0,0,
TXN10-04739,10,2026-08-06 18:16:39,4879.78,Airlines,100088,Card,DEV-10-3,Android,Delhi,18,3,0,3.07,46,4883.82,4054.3,7,690,899,0,0,0,1153.24,0,
TXN10-04740,10,2026-08-06 18:28:41,10000.0,Food,100053,Card,DEV-10-3,Android,Bangalore,18,3,0,12.03,47,4883.81,4049.33,9,691,672,0,0,0,1750.11,0,
TXN10-04741,10,2026-08-06 18:40:16,6601.43,Taxi,100001,UPI,DEV-10-3,Android,Mumbai,18,3,0,11.58,48,4896.32,4052.26,459,692,1076,0,0,0,845.32,0,
TXN10-04742,10,2026-08-06 18:45:45,1058.98,Hotels,100080,Card,DEV-10-6,iPhone,Hyderabad,18,3,0,5.48,49,4900.48,4048.19,12,219,683,0,0,0,621.46,0,
TXN10-04743,10,2026-08-06 19:02:31,10000.0,Taxi,100079,UPI,DEV-10-1,iPhone,Goa,19,3,0,16.77,50,4898.54,4055.94,9,1513,699,0,0,0,520.05,0,
TXN10-04744,10,2026-08-06 19:26:41,2900.13,Food,100149,Card,DEV-10-3,Android,Mumbai,19,3,0,24.17,51,4915.98,4062.5,2,693,1077,0,0,0,440.32,0,
TXN10-04745,10,2026-08-06 19:34:00,5910.19,Airlines,100088,Card,DEV-10-12,iPhone,Hyderabad,19,3,0,7.32,52,4911.06,4058.76,8,17,684,0,0,0,621.46,0,
TXN10-04746,10,2026-08-06 19:56:32,10000.0,Taxi,100031,UPI,DEV-10-10,iPhone,Chennai,19,3,0,22.53,53,4919.34,4060.34,40,50,648,0,0,0,515.24,0,
TXN10-04747,10,2026-08-06 20:05:27,2162.07,Taxi,100131,Card,DEV-10-2,iPhone,Mumbai,20,3,0,8.92,54,4931.74,4063.12,5,986,1078,0,0,0,1033.1,0,
TXN10-04748,10,2026-08-06 20:09:17,2862.94,Food,100003,UPI,DEV-10-4,Android,Mumbai,20,3,0,3.83,55,4925.0,4060.47,184,468,1079,0,0,0,0.0,0,
TXN10-04749,10,2026-08-06 20:19:18,4653.09,Food,100011,UPI,DEV-10-1,iPhone,Hyderabad,20,3,0,10.02,56,4919.99,4056.81,66,1514,685,0,0,0,621.46,0,
TXN10-04750,10,2026-08-06 20:23:24,6327.59,Hotels,100075,Card,DEV-10-1,iPhone,Hyderabad,20,3,0,4.1,57,4919.35,4051.91,7,1515,686,0,0,0,0.0,0,
TXN10-04751,10,2026-08-06 20:25:11,2968.18,Food,100044,UPI,DEV-10-2,iPhone,Bangalore,20,3,0,1.78,58,4910.45,4044.78,16,987,673,0,0,0,499.99,0,
TXN10-04752,10,2026-08-06 20:49:31,10000.0,Taxi,100121,UPI,DEV-10-3,Android,Delhi,20,3,0,24.33,59,4905.76,4041.01,4,694,900,0,0,0,1750.11,0,
TXN10-04753,10,2026-08-06 21:21:15,2352.65,Food,100015,UPI,DEV-10-4,Android,Mumbai,21,3,0,31.73,60,4924.82,4046.38,58,469,1080,0,0,0,1153.24,0,
TXN10-04754,10,2026-08-06 21:53:17,2284.53,Food,100002,Card,DEV-10-1,iPhone,Bangalore,21,3,0,32.03,61,4913.33,4046.91,350,1516,674,0,0,0,845.32,0,
TXN10-04755,10,2026-08-06 22:06:11,2289.4,Hotels,100064,UPI,DEV-10-5,iPhone,Mumbai,22,3,0,12.9,62,4906.99,4044.09,10,315,1081,0,0,0,845.32,0,
TXN10-04756,10,2026-08-06 22:19:40,3885.38,Taxi,100120,Card,DEV-10-1,iPhone,Chennai,22,3,0,13.48,63,4898.22,4045.81,3,1517,649,0,0,0,1033.1,0,
TXN10-04757,10,2026-08-06 22:42:20,3872.29,Airlines,100026,Card,DEV-10-2,iPhone,Hyderabad,22,3,0,22.67,64,4895.78,4041.25,70,988,687,0,0,0,515.24,0,
TXN10-04758,10,2026-08-06 23:23:24,3475.75,Taxi,100022,UPI,DEV-10-2,iPhone,Mumbai,23,3,0,41.07,65,4902.15,4044.05,72,989,1082,0,0,0,621.46,0,
TXN10-04759,10,2026-08-06 23:28:56,2774.91,Food,100004,Card,DEV-10-4,Android,Hyderabad,23,3,0,5.53,66,4898.72,4039.79,107,470,688,0,0,0,621.46,0,
TXN10-04760,10,2026-08-06 23:33:06,1369.63,Airlines,100007,Card,DEV-10-4,Android,Bangalore,23,3,0,4.17,67,4893.63,4036.28,291,471,675,0,0,0,499.99,0,
TXN10-04761,10,2026-08-06 23:33:14,7186.84,Taxi,100117,UPI,DEV-10-6,iPhone,Mumbai,23,3,0,0.13,68,4885.2,4035.12,5,220,1083,0,0,0,845.32,0,
TXN10-04762,10,2026-08-06 23:37:01,3191.03,Taxi,100001,Card,DEV-10-1,iPhone,Delhi,23,3,0,3.78,69,4890.69,4031.87,460,1518,901,0,0,0,1153.24,0,
TXN10-04763,10,2026-08-07 05:27:04,2994.5,Hotels,100090,UPI,DEV-10-7,Web,Chennai,5,4,0,350.05,1,4882.47,4031.81,5,163,650,0,0,0,1767.65,0,
TXN10-04764,10,2026-08-07 05:35:29,5016.28,Food,100060,UPI,DEV-10-3,Android,Goa,5,4,0,8.42,2,4877.97,4028.06,12,695,700,0,0,0,706.92,0,
TXN10-04765,10,2026-08-07 05:45:02,3503.5,Airlines,100009,Card,DEV-10-9,Android,Goa,5,4,0,9.55,3,4878.3,4023.28,150,79,701,0,0,0,0.0,0,
TXN10-04766,10,2026-08-07 06:04:53,3879.37,Food,100008,UPI,DEV-10-4,Android,Mumbai,6,4,0,19.85,4,4875.05,4019.07,86,472,1084,0,0,0,440.32,0,
TXN10-04767,10,2026-08-07 06:11:02,3755.98,Airlines,100013,Card,DEV-10-1,iPhone,Bangalore,6,4,0,6.15,5,4878.4,4017.65,103,1519,676,0,0,0,845.32,0,
TXN10-04768,10,2026-08-07 06:50:42,5951.5,Hotels,100025,Card,DEV-10-3,Android,Hyderabad,6,4,0,39.67,6,4880.51,4026.41,46,696,689,0,0,0,499.99,0,
TXN10-04769,10,2026-08-07 06:59:34,7673.19,Food,100002,Card,DEV-10-6,iPhone,Delhi,6,4,0,8.87,7,4877.44,4025.1,351,221,902,0,0,0,1266.53,0,
TXN10-04770,10,2026-08-07 07:09:30,4249.53,Taxi,100043,Card,DEV-10-1,iPhone,Chennai,7,4,0,9.93,8,4881.95,4027.17,28,1520,651,0,0,0,1767.65,0,
TXN10-04771,10,2026-08-07 07:09:42,4683.22,Hotels,100035,Card,DEV-10-2,iPhone,Chennai,7,4,0,0.2,9,4880.44,4022.48,27,990,652,0,0,0,0.0,0,
TXN10-04772,10,2026-08-07 07:11:01,6901.73,Food,100014,UPI,DEV-10-4,Android,Delhi,7,4,0,1.32,10,4890.19,4017.04,56,473,903,0,0,0,1767.65,0,
TXN10-04773,10,2026-08-07 07:32:40,7848.42,Taxi,100006,Card,DEV-10-7,Web,Goa,7,4,0,21.65,11,4879.32,4016.63,201,164,702,0,0,0,1521.64,0,
TXN10-04774,10,2026-08-07 07:54:19,6470.95,Food,100138,Card,DEV-10-1,iPhone,Mumbai,7,4,0,21.65,12,4881.6,4018.04,2,1521,1085,0,0,0,440.32,0,
TXN10-04775,10,2026-08-07 08:18:05,2005.65,Food,100014,Card,DEV-10-8,Web,Delhi,8,4,0,23.77,13,4890.9,4027.48,57,94,904,0,0,0,1153.24,0,
TXN10-04776,10,2026-08-07 08:24:53,3509.88,Food,100057,Card,DEV-10-1,iPhone,Hyderabad,8,4,0,6.8,14,4883.97,4025.11,15,1522,690,0,0,0,1266.53,0,
TXN10-04777,10,2026-08-07 08:28:53,9939.82,Hotels,100033,UPI,DEV-10-6,iPhone,Bangalore,8,4,0,4.0,15,4885.92,4024.25,50,222,677,0,0,0,499.99,0,
TXN10-04778,10,2026-08-07 08:42:06,6947.32,Food,100141,Card,DEV-10-5,iPhone,Delhi,8,4,0,13.22,16,4898.04,4027.01,3,316,905,0,0,0,1750.11,0,
TXN10-04779,10,2026-08-07 09:36:32,1859.21,Airlines,100007,Card,DEV-10-1,iPhone,Mumbai,9,4,0,54.43,17,4892.12,4025.64,292,1523,1086,0,0,0,1153.24,0,
TXN10-04780,10,2026-08-07 09:59:39,4635.95,Airlines,100007,Card,DEV-10-7,Web,Delhi,9,4,0,23.12,18,4884.84,4023.55,293,165,906,0,0,0,1153.24,0,
TXN10-04781,10,2026-08-07 09:59:59,8478.09,Food,100015,UPI,DEV-10-1,iPhone,Mumbai,9,4,0,0.33,19,4884.25,4018.75,59,1524,1087,0,0,0,1153.24,0,
TXN10-04782,10,2026-08-07 10:15:06,8310.34,Taxi,100006,Card,DEV-10-1,iPhone,Chennai,10,4,0,15.12,20,4899.16,4020.5,202,1525,653,0,0,0,1033.1,0,
TXN10-04783,10,2026-08-07 10:46:25,9992.91,Food,100014,UPI,DEV-10-4,Android,Goa,10,4,0,31.32,21,4914.43,4027.27,58,474,703,0,0,0,706.92,0,
TXN10-04784,10,2026-08-07 10:51:23,3312.12,Taxi,100001,UPI,DEV-10-19,iPhone,Delhi,10,4,0,4.97,22,4926.58,4030.1,461,3,907,0,0,0,1521.64,0,
TXN10-04785,10,2026-08-07 10:52:29,3200.3,Airlines,100013,UPI,DEV-10-4,Android,Bangalore,10,4,0,1.1,23,4922.73,4026.06,104,475,678,0,0,0,1750.11,0,
TXN10-04786,10,2026-08-07 11:03:34,4820.7,Food,100150,Card,DEV-10-2,iPhone,Delhi,11,4,0,11.08,24,4918.63,4022.14,1,991,908,0,0,1,1750.11,0,
TXN10-04787,10,2026-08-07 11:17:02,6246.0,Food,100004,Card,DEV-10-2,iPhone,Goa,11,4,0,13.47,25,4917.54,4022.1,108,992,704,0,0,0,1521.64,0,
TXN10-04788,10,2026-08-07 11:38:54,5338.15,Food,100003,Card,DEV-10-8,Web,Mumbai,11,4,0,21.87,26,4929.21,4018.82,185,95,1088,0,0,0,440.32,0,
TXN10-04789,10,2026-08-07 12:06:17,8922.59,Airlines,100082,Card,DEV-10-4,Android,Hyderabad,12,4,0,27.38,27,4933.87,4023.14,18,476,691,0,0,0,621.46,0,
TXN10-04790,10,2026-08-07 12:15:31,8373.83,Airlines,100013,UPI,DEV-10-3,Android,Hyderabad,12,4,0,9.23,28,4943.39,4023.04,105,697,692,0,0,0,0.0,0,
TXN10-04791,10,2026-08-07 12:17:48,2998.77,Taxi,100024,Card,DEV-10-5,iPhone,Mumbai,12,4,0,2.28,29,4951.56,4021.73,67,317,1089,0,0,0,621.46,0,
TXN10-04792,10,2026-08-07 12:37:02,6831.06,Hotels,100010,Card,DEV-10-7,Web,Mumbai,12,4,0,19.23,30,4946.92,4018.07,178,166,1090,0,0,0,0.0,0,
TXN10-04793,10,2026-08-07 13:01:06,2068.9,Food,100002,Card,DEV-10-1,iPhone,Goa,13,4,0,24.07,31,4951.38,4014.35,352,1526,705,0,0,0,440.32,0,
TXN10-04794,10,2026-08-07 13:18:59,4131.31,Taxi,100092,Card,DEV-10-3,Android,Hyderabad,13,4,0,17.88,32,4951.93,4028.32,6,698,693,0,0,0,520.05,0,
TXN10-04795,10,2026-08-07 13:23:14,3049.77,Taxi,100043,UPI,DEV-10-1,iPhone,Mumbai,13,4,0,4.25,33,4952.88,4028.08,29,1527,1091,0,0,0,621.46,0,
TXN10-04796,10,2026-08-07 13:33:51,7584.05,Airlines,100007,Card,DEV-10-2,iPhone,Mumbai,13,4,0,10.62,34,4948.34,4024.35,294,993,1092,0,0,0,0.0,0,
TXN10-04797,10,2026-08-07 13:46:10,2099.96,Taxi,100022,Card,DEV-10-2,iPhone,Hyderabad,13,4,0,12.32,35,4954.61,4021.61,73,994,694,0,0,0,621.46,0,
TXN10-04798,10,2026-08-07 14:04:49,2999.15,Taxi,100024,Card,DEV-10-1,iPhone,Delhi,14,4,0,18.65,36,4947.84,4019.24,68,1528,909,0,0,0,1266.53,0,
TXN10-04799,10,2026-08-07 14:19:32,1618.93,Food,100002,Card,DEV-10-4,Android,Goa,14,4,0,14.72,37,4943.23,4015.6,353,477,706,0,0,0,1521.64,0,
TXN10-04800,10,2026-08-07 14:24:17,3892.91,Food,100128,Card,DEV-10-6,iPhone,Chennai,14,4,0,4.75,38,4935.39,4014.11,4,223,654,0,0,0,706.92,0,
TXN10-04801,10,2026-08-07 15:03:28,7605.21,Food,100004,Card,DEV-10-1,iPhone,Goa,15,4,0,39.18,39,4936.79,4018.44,109,1529,707,0,0,0,706.92,0,
TXN10-04802,10,2026-08-07 15:04:04,7103.71,Food,100049,UPI,DEV-10-4,Android,Hyderabad,15,4,0,0.6,40,4943.08,4015.79,14,478,695,0,0,0,520.05,0,
TXN10-04803,10,2026-08-07 15:18:36,4358.58,Hotels,100005,UPI,DEV-10-1,iPhone,Mumbai,15,4,0,14.53,41,4954.64,4014.93,289,1530,1093,0,0,0,621.46,0,
TXN10-04804,10,2026-08-07 16:39:47,2169.61,Airlines,100104,UPI,DEV-10-1,iPhone,Chennai,16,4,0,81.18,42,4949.59,4019.44,6,1531,655,0,0,0,1033.1,0,
TXN10-04805,10,2026-08-07 16:45:34,846.24,Hotels,100005,UPI,DEV-10-1,iPhone,Goa,16,4,0,5.78,43,4949.08,4019.78,290,1532,708,0,0,0,706.92,0,
TXN10-04806,10,2026-08-07 17:47:13,7765.67,Airlines,100066,Card,DEV-10-3,Android,Chennai,17,4,0,61.65,44,4949.6,4029.92,21,699,656,0,0,0,706.92,0,
TXN10-04807,10,2026-08-07 18:01:15,1690.95,Taxi,100001,Card,DEV-10-6,iPhone,Hyderabad,18,4,0,14.03,45,4963.98,4035.51,462,224,696,0,0,0,515.24,0,
TXN10-04808,10,2026-08-07 18:08:02,3410.41,Food,100051,UPI,DEV-10-2,iPhone,Mumbai,18,4,0,6.78,46,4956.17,4033.85,15,995,1094,0,0,0,621.46,0,
TXN10-04809,10,2026-08-07 18:10:31,3467.72,Hotels,100086,UPI,DEV-10-1,iPhone,Chennai,18,4,0,2.48,47,4952.49,4029.75,9,1533,657,0,0,0,1033.1,0,
TXN10-04810,10,2026-08-07 18:54:48,4649.7,Airlines,100104,UPI,DEV-10-4,Android,Hyderabad,18,4,0,44.28,48,4843.62,3377.35,7,479,697,0,0,0,515.24,0,
TXN10-04811,10,2026-08-07 19:00:14,1852.3,Taxi,100067,UPI,DEV-10-8,Web,Goa,19,4,0,5.43,49,4843.16,3373.3,19,96,709,0,0,0,520.05,0,
TXN10-04812,10,2026-08-07 19:06:03,4365.77,Food,100003,Card,DEV-10-1,iPhone,Chennai,19,4,0,5.82,50,4845.54,3370.83,186,1534,658,0,0,0,706.92,0,
TXN10-04813,10,2026-08-07 19:11:25,6662.89,Taxi,100111,Card,DEV-10-5,iPhone,Goa,19,4,0,5.37,51,4844.39,3366.86,7,318,710,0,0,0,706.92,0,
TXN10-04814,10,2026-08-07 19:12:18,5217.16,Hotels,100012,UPI,DEV-10-5,iPhone,Hyderabad,19,4,0,0.88,52,4848.75,3364.0,117,319,698,0,0,0,520.05,0,
TXN10-04815,10,2026-08-07 19:14:11,6003.88,Hotels,100010,Card,DEV-10-1,iPhone,Goa,19,4,0,1.88,53,4849.63,3360.02,179,1535,711,0,0,0,520.05,0,
TXN10-04816,10,2026-08-07 19:54:08,3339.79,Food,100050,Card,DEV-10-5,iPhone,Chennai,19,4,0,39.95,54,4856.41,3364.76,24,320,659,0,0,0,706.92,0,
TXN10-04817,10,2026-08-07 20:43:47,2034.24,Airlines,100007,UPI,DEV-10-3,Android,Hyderabad,20,4,0,49.65,55,4856.64,3368.89,295,700,699,0,0,0,515.24,0,
TXN10-04818,10,2026-08-07 20:47:26,1465.37,Taxi,100098,Card,DEV-10-4,Android,Delhi,20,4,0,3.65,56,4857.21,3368.39,7,480,910,0,0,0,1266.53,0,
TXN10-04819,10,2026-08-07 20:57:54,2810.53,Food,100106,Card,DEV-10-2,iPhone,Hyderabad,20,4,0,10.47,57,4849.02,3368.44,5,996,700,0,0,0,1266.53,0,
TXN10-04820,10,2026-08-07 20:58:37,4255.92,Airlines,100036,UPI,DEV-10-3,Android,Mumbai,20,4,0,0.72,58,4844.11,3365.87,43,701,1095,0,0,0,621.46,0,
TXN10-04821,10,2026-08-07 21:11:31,4607.73,Airlines,100036,Card,DEV-10-7,Web,Bangalore,21,4,0,12.9,59,4842.69,3361.94,44,167,679,0,0,0,845.32,0,
TXN10-04822,10,2026-08-07 21:18:45,1962.58,Airlines,100007,UPI,DEV-10-3,Android,Chennai,21,4,0,7.23,60,4842.13,3357.93,296,702,660,0,0,0,290.17,0,
TXN10-04823,10,2026-08-07 21:25:52,6654.25,Taxi,100001,Card,DEV-10-2,iPhone,Mumbai,21,4,0,7.12,61,4835.24,3356.86,463,997,1096,0,0,0,1033.1,0,
TXN10-04824,10,2026-08-07 21:27:15,8178.34,Taxi,100048,Card,DEV-10-11,Web,Chennai,21,4,0,1.38,62,4839.58,3354.02,27,27,661,0,0,0,1033.1,0,
TXN10-04825,10,2026-08-07 21:51:40,4126.98,Taxi,100098,UPI,DEV-10-4,Android,Goa,21,4,0,24.42,63,4860.26,3356.73,8,481,712,0,0,0,706.92,0,
TXN10-04826,10,2026-08-07 22:12:24,3566.47,Food,100060,UPI,DEV-10-3,Android,Mumbai,22,4,0,20.73,64,4854.17,3358.32,13,703,1097,0,0,0,440.32,0,
TXN10-04827,10,2026-08-07 22:12:40,3714.04,Food,100138,Card,DEV-10-2,iPhone,Chennai,22,4,0,0.27,65,4851.09,3354.89,3,998,662,0,0,0,1033.1,0,
TXN10-04828,10,2026-08-07 22:57:06,1529.84,Food,100003,Card,DEV-10-1,iPhone,Goa,22,4,0,44.43,66,4847.56,3355.3,187,1536,713,0,0,0,706.92,0,
TXN10-04829,10,2026-08-07 22:58:22,6143.66,Airlines,100029,Card,DEV-10-6,iPhone,Hyderabad,22,4,0,1.27,67,4839.64,3355.21,49,225,701,0,0,0,520.05,0,
TXN10-04830,10,2026-08-07 23:03:48,3190.08,Airlines,100026,Card,DEV-10-10,iPhone,Delhi,23,4,0,5.43,68,4842.75,3351.81,71,51,911,0,0,0,1266.53,0,
TXN10-04831,10,2026-08-07 23:36:29,6006.22,Taxi,100001,UPI,DEV-10-2,iPhone,Chennai,23,4,0,32.68,69,4854.8,3348.43,464,999,663,0,0,0,1767.65,0,
TXN10-04832,10,2026-08-07 23:52:19,1391.16,Food,100003,Card,DEV-10-3,Android,Mumbai,23,4,0,15.83,70,4862.68,3347.24,188,704,1098,0,0,0,1033.1,0,
TXN10-04833,10,2026-08-08 02:49:07,4492.85,Hotels,100046,Card,DEV-UNK-8786,iPhone,Hyderabad,2,5,1,176.8,1,4861.13,3348.7,32,1,702,1,0,0,621.46,1,ato_odd_hour_new_device
TXN10-04834,10,2026-08-08 05:07:03,2516.53,Taxi,100001,Card,DEV-10-1,iPhone,Goa,5,5,1,137.93,2,4863.75,3351.47,465,1537,714,0,0,0,520.05,0,
TXN10-04835,10,2026-08-08 05:08:32,3014.04,Airlines,100009,Card,DEV-10-2,iPhone,Mumbai,5,5,1,1.48,3,4858.15,3349.43,151,1000,1099,0,0,0,440.32,0,
TXN10-04836,10,2026-08-08 05:09:43,5071.18,Hotels,100056,Card,DEV-10-3,Android,Goa,5,5,1,1.18,4,4853.76,3346.65,14,705,715,0,0,0,440.32,0,
TXN10-04837,10,2026-08-08 05:15:31,2325.98,Airlines,100029,Card,DEV-10-1,iPhone,Delhi,5,5,1,5.8,5,4854.27,3342.69,50,1538,912,0,0,0,1521.64,0,
TXN10-04838,10,2026-08-08 05:26:35,4518.2,Hotels,100090,Card,DEV-10-2,iPhone,Bangalore,5,5,1,11.07,6,4848.28,3340.99,6,1001,680,0,0,0,1750.11,0,
TXN10-04839,10,2026-08-08 05:27:05,2669.95,Hotels,100030,Card,DEV-10-3,Android,Mumbai,5,5,1,0.5,7,4847.5,3337.07,40,706,1100,0,0,0,845.32,0,
TXN10-04840,10,2026-08-08 05:30:15,4150.76,Hotels,100080,Card,DEV-10-1,iPhone,Mumbai,5,5,1,3.17,8,4842.37,3334.81,13,1539,1101,0,0,0,0.0,0,
TXN10-04841,10,2026-08-08 05:41:06,2868.57,Taxi,100024,UPI,DEV-10-4,Android,Hyderabad,5,5,1,10.85,9,4840.74,3331.05,69,482,703,0,0,0,621.46,0,
TXN10-04842,10,2026-08-08 05:54:01,4465.78,Airlines,100083,Card,DEV-10-3,Android,Mumbai,5,5,1,12.92,10,4823.96,3322.97,14,707,1102,0,0,0,621.46,0,
TXN10-04843,10,2026-08-08 05:57:24,4996.17,Hotels,100017,UPI,DEV-10-3,Android,Goa,5,5,1,3.38,11,4823.12,3319.11,78,708,716,0,0,0,440.32,0,
TXN10-04844,10,2026-08-08 06:35:05,2571.8,Taxi,100001,UPI,DEV-10-6,iPhone,Chennai,6,5,1,37.68,12,4823.52,3315.24,466,226,664,0,0,0,706.92,0,
TXN10-04845,10,2026-08-08 06:56:51,3964.85,Hotels,100046,Card,DEV-10-5,iPhone,Chennai,6,5,1,21.77,13,4827.06,3321.84,33,321,665,0,0,0,0.0,0,
TXN10-04846,10,2026-08-08 07:07:04,3691.57,Taxi,100022,Card,DEV-10-1,iPhone,Delhi,7,5,1,10.22,14,4825.04,3318.21,74,1540,913,0,0,0,1767.65,0,
TXN10-04847,10,2026-08-08 07:30:19,3551.24,Taxi,100021,Card,DEV-10-3,Android,Delhi,7,5,1,23.25,15,4823.16,3315.13,93,709,914,0,0,0,0.0,0,
TXN10-04848,10,2026-08-08 07:47:37,5064.96,Taxi,100001,UPI,DEV-10-8,Web,Delhi,7,5,1,17.3,16,4820.53,3315.69,467,97,915,0,0,0,0.0,0,
TXN10-04849,10,2026-08-08 08:03:08,10000.0,Taxi,100073,Card,DEV-10-1,iPhone,Goa,8,5,1,15.52,17,4821.1,3311.82,11,1541,717,0,0,0,1521.64,0,
TXN10-04850,10,2026-08-08 08:25:53,8443.15,Taxi,100151,Card,DEV-10-1,iPhone,Goa,8,5,1,22.75,18,4823.04,3314.6,1,1542,718,0,0,1,0.0,0,
TXN10-04851,10,2026-08-08 08:32:41,2238.99,Taxi,100021,UPI,DEV-10-2,iPhone,Chennai,8,5,1,6.8,19,4831.51,3315.34,94,1002,666,0,0,0,706.92,0,
TXN10-04852,10,2026-08-08 08:43:57,2716.0,Hotels,100041,Card,DEV-10-2,iPhone,Delhi,8,5,1,11.27,20,4825.46,3313.83,28,1003,916,0,0,0,1767.65,0,
TXN10-04853,10,2026-08-08 09:00:27,2251.39,Food,100091,UPI,DEV-10-4,Android,Goa,9,5,1,16.5,21,4826.93,3312.75,7,483,719,0,0,0,1521.64,0,
TXN10-04854,10,2026-08-08 09:16:22,3468.83,Food,100003,UPI,DEV-10-2,iPhone,Delhi,9,5,1,15.92,22,4829.32,3310.52,189,1004,917,0,0,0,1521.64,0,
TXN10-04855,10,2026-08-08 09:30:19,5496.85,Food,100003,UPI,DEV-10-2,iPhone,Hyderabad,9,5,1,13.95,23,4825.19,3311.11,190,1005,704,0,0,0,1266.53,0,
TXN10-04856,10,2026-08-08 09:46:25,2295.46,Food,100144,UPI,DEV-10-3,Android,Mumbai,9,5,1,16.1,24,4826.75,3307.41,2,710,1103,0,0,0,621.46,0,
TXN10-04857,10,2026-08-08 09:55:49,3810.91,Food,100014,UPI,DEV-10-3,Android,Chennai,9,5,1,9.4,25,4820.86,3305.81,59,711,667,0,0,0,1033.1,0,
TXN10-04858,10,2026-08-08 10:35:38,5559.53,Airlines,100007,Card,DEV-10-1,iPhone,Goa,10,5,1,39.82,26,4824.77,3303.62,297,1543,720,0,0,0,706.92,0,
TXN10-04859,10,2026-08-08 11:17:32,4121.78,Food,100085,Card,DEV-10-1,iPhone,Bangalore,11,5,1,41.9,27,4823.19,3303.11,4,1544,681,0,0,0,454.99,0,
TXN10-04860,10,2026-08-08 11:26:47,1315.5,Food,100003,Card,DEV-10-8,Web,Delhi,11,5,1,9.25,28,4818.46,3302.65,191,98,918,0,0,0,1750.11,0,
TXN10-04861,10,2026-08-08 11:30:55,2504.84,Food,100078,Card,DEV-10-2,iPhone,Delhi,11,5,1,4.13,29,4810.33,3303.12,8,1006,919,0,0,0,0.0,0,
TXN10-04862,10,2026-08-08 11:32:16,3358.49,Food,100003,Card,DEV-10-2,iPhone,Chennai,11,5,1,1.35,30,4804.99,3301.16,192,1007,668,0,0,0,1767.65,0,
TXN10-04863,10,2026-08-08 11:39:30,4014.43,Taxi,100067,Card,DEV-10-3,Android,Chennai,11,5,1,7.23,31,4801.65,3298.07,20,712,669,0,0,0,0.0,0,
TXN10-04864,10,2026-08-08 11:52:20,2099.56,Hotels,100025,Card,DEV-10-1,iPhone,Hyderabad,11,5,1,12.83,32,4799.84,3294.49,47,1545,705,0,0,0,515.24,0,
TXN10-04865,10,2026-08-08 12:01:55,980.77,Food,100008,UPI,DEV-10-1,iPhone,Bangalore,12,5,1,9.58,33,4793.63,3293.24,87,1546,682,0,0,0,499.99,0,
TXN10-04866,10,2026-08-08 12:03:20,8880.08,Hotels,100059,Card,DEV-10-1,iPhone,Mumbai,12,5,1,1.42,34,4784.89,3294.51,20,1547,1104,0,0,0,845.32,0,
TXN10-04867,10,2026-08-08 12:12:56,2779.7,Hotels,100074,Card,DEV-10-9,Android,Chennai,12,5,1,9.6,35,4794.66,3300.32,12,80,670,0,0,0,1033.1,0,
TXN10-04868,10,2026-08-08 12:15:39,4635.96,Food,100002,Card,DEV-10-7,Web,Goa,12,5,1,2.72,36,4790.05,3297.95,354,168,721,0,0,0,706.92,0,
TXN10-04869,10,2026-08-08 13:03:47,1236.26,Airlines,100013,UPI,DEV-10-3,Android,Goa,13,5,1,48.13,37,4778.1,3294.97,106,713,722,0,0,0,0.0,0,
TXN10-04870,10,2026-08-08 13:14:51,5933.17,Taxi,100176,UPI,DEV-10-2,iPhone,Mumbai,13,5,1,11.07,38,4774.22,3298.15,1,1008,1105,0,0,1,440.32,1,ato_new_merchant_same_category
TXN10-04871,10,2026-08-08 13:18:10,5781.02,Taxi,100001,Card,DEV-10-3,Android,Delhi,13,5,1,3.32,39,4776.89,3294.82,468,714,920,0,0,0,1153.24,0,
TXN10-04872,10,2026-08-08 13:19:16,7069.78,Airlines,100007,Card,DEV-10-1,iPhone,Goa,13,5,1,1.1,40,4779.19,3291.39,298,1548,723,0,0,0,1521.64,0,
TXN10-04873,10,2026-08-08 13:36:57,3029.42,Airlines,100013,UPI,DEV-10-1,iPhone,Hyderabad,13,5,1,17.68,41,4784.43,3289.45,107,1549,706,0,0,0,520.05,0,
TXN10-04874,10,2026-08-08 13:46:20,3266.25,Food,100110,Card,DEV-10-2,iPhone,Goa,13,5,1,9.38,42,4785.15,3289.03,3,1009,724,0,0,0,520.05,0,
TXN10-04875,10,2026-08-08 13:49:05,2424.19,Hotels,100005,UPI,DEV-10-4,Android,Mumbai,13,5,1,2.75,43,4781.68,3286.07,291,484,1106,0,0,0,440.32,0,
TXN10-04876,10,2026-08-08 14:23:25,4760.98,Taxi,100087,Card,DEV-10-1,iPhone,Mumbai,14,5,1,34.33,44,4775.66,3294.84,6,1550,1107,0,0,0,0.0,0,
TXN10-04877,10,2026-08-08 14:38:47,1872.92,Hotels,100005,UPI,DEV-10-4,Android,Chennai,14,5,1,15.37,45,4775.63,3291.07,292,485,671,0,0,0,1033.1,0,
TXN10-04878,10,2026-08-08 14:44:11,7352.46,Hotels,100095,Card,DEV-10-1,iPhone,Bangalore,14,5,1,5.4,46,4769.0,3290.23,5,1551,683,0,0,0,290.17,0,
TXN10-04879,10,2026-08-08 14:52:52,4040.38,Airlines,100007,UPI,DEV-10-1,iPhone,Bangalore,14,5,1,8.68,47,4774.88,3288.79,299,1552,684,0,0,0,0.0,0,
TXN10-04880,10,2026-08-08 14:54:36,2433.86,Taxi,100134,UPI,DEV-10-4,Android,Chennai,14,5,1,1.73,48,4773.21,3285.23,2,486,672,0,0,0,290.17,0,
TXN10-04881,10,2026-08-08 15:10:05,4033.19,Airlines,100009,UPI,DEV-10-2,iPhone,Bangalore,15,5,1,15.48,49,4767.91,3283.39,152,1010,685,0,0,0,290.17,0,
TXN10-04882,10,2026-08-08 15:19:02,3547.54,Hotels,100010,Card,DEV-10-1,iPhone,Goa,15,5,1,8.95,50,4769.97,3282.64,180,1553,725,0,0,0,454.99,0,
TXN10-04883,10,2026-08-08 15:52:49,3115.16,Food,100014,UPI,DEV-10-1,iPhone,Delhi,15,5,1,33.78,51,4774.17,3279.9,60,1554,921,0,0,0,1521.64,0,
TXN10-04884,10,2026-08-08 16:13:10,10000.0,Food,100015,UPI,DEV-10-1,iPhone,Goa,16,5,1,20.35,52,4770.42,3277.13,60,1555,726,0,0,0,1521.64,0,
TXN10-04885,10,2026-08-08 16:14:36,9045.41,Hotels,100072,Card,DEV-10-1,iPhone,Bangalore,16,5,1,1.43,53,4785.94,3285.61,9,1556,686,0,0,0,454.99,0,
TXN10-04886,10,2026-08-08 16:55:40,3711.47,Taxi,100134,UPI,DEV-10-3,Android,Goa,16,5,1,41.07,54,4795.55,3288.11,3,715,727,0,0,0,454.99,0,
TXN10-04887,10,2026-08-08 17:14:40,1768.06,Hotels,100025,UPI,DEV-10-1,iPhone,Delhi,17,5,1,19.0,55,4793.11,3284.81,48,1557,922,0,0,0,1521.64,0,
TXN10-04888,10,2026-08-08 17:34:42,2380.95,Airlines,100009,Card,DEV-10-3,Android,Mumbai,17,5,1,20.03,56,4786.31,3284.24,153,716,1108,0,0,0,1153.24,0,
TXN10-04889,10,2026-08-08 17:38:20,3351.03,Food,100037,UPI,DEV-10-1,iPhone,Hyderabad,17,5,1,3.63,57,4780.92,3282.53,28,1558,707,0,0,0,621.46,0,
TXN10-04890,10,2026-08-08 17:39:37,5752.07,Hotels,100025,Card,DEV-10-4,Android,Goa,17,5,1,1.28,58,4780.5,3282.7,49,487,728,0,0,0,520.05,0,
TXN10-04891,10,2026-08-08 18:05:22,10000.0,Taxi,100001,Card,DEV-10-5,iPhone,Goa,18,5,1,25.75,59,4769.52,3277.23,469,322,729,0,0,0,0.0,0,
TXN10-04892,10,2026-08-08 18:19:05,3372.69,Airlines,100089,UPI,DEV-10-1,iPhone,Bangalore,18,5,1,13.72,60,4781.24,3282.89,7,1559,687,0,0,0,454.99,0,
TXN10-04893,10,2026-08-08 18:31:19,6367.24,Food,100004,Card,DEV-10-1,iPhone,Delhi,18,5,1,12.23,61,4778.09,3279.89,110,1560,923,0,0,0,1750.11,0,
TXN10-04894,10,2026-08-08 18:36:08,1303.98,Food,100144,Card,DEV-10-4,Android,Ahmedabad,18,5,1,4.82,62,4781.64,3277.08,3,488,3,0,0,0,777.41,0,
TXN10-04895,10,2026-08-08 18:37:15,4961.99,Hotels,100025,Card,DEV-10-6,iPhone,Delhi,18,5,1,1.12,63,4774.37,3281.18,50,227,924,0,0,0,777.41,0,
TXN10-04896,10,2026-08-08 18:45:58,6379.76,Hotels,100096,Card,DEV-10-5,iPhone,Hyderabad,18,5,1,8.72,64,4774.79,3277.53,8,323,708,0,0,0,1266.53,0,
TXN10-04897,10,2026-08-08 18:54:03,1936.07,Hotels,100012,UPI,DEV-10-1,iPhone,Mumbai,18,5,1,8.08,65,4772.69,3276.2,118,1561,1109,0,0,0,621.46,0,
TXN10-04898,10,2026-08-08 18:55:31,2850.86,Hotels,100005,UPI,DEV-10-5,iPhone,Mumbai,18,5,1,1.47,66,4765.28,3278.84,293,324,1110,0,0,0,0.0,0,
TXN10-04899,10,2026-08-08 19:00:12,2023.18,Taxi,100001,Card,DEV-10-5,iPhone,Chennai,19,5,1,4.68,67,4761.03,3276.44,470,325,673,0,0,0,1033.1,0,
TXN10-04900,10,2026-08-08 19:12:52,4452.26,Taxi,100151,Card,DEV-10-5,iPhone,Chennai,19,5,1,12.67,68,4754.96,3275.34,2,326,674,0,0,0,0.0,0,
TXN10-04901,10,2026-08-08 19:15:51,2850.49,Food,100138,UPI,DEV-10-2,iPhone,Chandigarh,19,5,1,2.98,69,4754.29,3271.74,4,1011,6,0,0,0,1995.05,0,
TXN10-04902,10,2026-08-08 19:40:46,7298.74,Taxi,100022,UPI,DEV-10-7,Web,Lucknow,19,5,1,24.92,70,4750.55,3272.95,75,169,5,0,0,0,592.89,0,
TXN10-04903,10,2026-08-08 19:49:25,2875.79,Airlines,100089,UPI,DEV-10-10,iPhone,Mumbai,19,5,1,8.65,71,4756.18,3271.52,8,52,1111,0,0,0,1194.67,0,
TXN10-04904,10,2026-08-08 19:52:57,6961.51,Food,100037,Card,DEV-10-4,Android,Chennai,19,5,1,3.53,72,4752.04,3269.11,29,489,675,0,0,0,1033.1,0,
TXN10-04905,10,2026-08-08 20:03:50,7694.49,Food,100003,Card,DEV-10-2,iPhone,Mumbai,20,5,1,10.88,73,4756.82,3270.75,193,1012,1112,0,0,0,1033.1,0,
TXN10-04906,10,2026-08-08 20:04:23,7085.51,Airlines,100001,Card,DEV-10-1,iPhone,Mumbai,20,5,1,0.55,74,4763.28,3270.04,471,1562,1113,0,0,0,0.0,1,distant_800km_15min
TXN10-04907,10,2026-08-08 20:15:23,2464.33,Airlines,100001,Card,DEV-10-1,iPhone,Jaipur,20,5,1,11.0,75,4763.68,3270.32,472,1563,27,0,0,0,920.74,1,distant_800km_15min
TXN10-04908,10,2026-08-08 20:47:06,696.89,Taxi,100032,UPI,DEV-10-2,iPhone,Delhi,20,5,1,31.72,76,4768.45,3272.22,44,1013,925,0,0,0,237.53,0,
TXN10-04909,10,2026-08-08 20:53:49,5663.03,Airlines,100007,Card,DEV-10-4,Android,Bangalore,20,5,1,6.72,77,4759.5,3274.17,300,490,688,0,0,0,1750.11,0,
TXN10-04910,10,2026-08-08 21:15:39,4667.12,Food,100008,UPI,DEV-10-8,Web,Bangalore,21,5,1,21.83,78,4745.02,3270.22,88,99,689,0,0,0,0.0,0,
TXN10-04911,10,2026-08-08 21:18:21,1679.86,Hotels,100010,UPI,DEV-10-2,iPhone,Hyderabad,21,5,1,2.7,79,4744.85,3266.62,181,1014,709,0,0,0,499.99,0,
TXN10-04912,10,2026-08-08 21:35:48,5359.56,Airlines,100108,UPI,DEV-10-4,Android,Bangalore,21,5,1,17.45,80,4739.33,3274.28,9,491,690,0,0,0,499.99,0,
TXN10-04913,10,2026-08-08 22:16:32,4508.88,Food,100050,UPI,DEV-10-3,Android,Bangalore,22,5,1,40.73,81,4737.0,3273.46,25,717,691,0,0,0,0.0,0,
TXN10-04914,10,2026-08-08 22:45:11,10000.0,Taxi,100001,UPI,DEV-10-1,iPhone,Goa,22,5,1,28.65,82,4736.49,3269.86,473,1564,730,0,0,0,454.99,0,
TXN10-04915,10,2026-08-08 22:56:39,3012.68,Food,100002,UPI,DEV-10-2,iPhone,Hyderabad,22,5,1,11.47,83,4754.31,3276.5,355,1015,710,0,0,0,520.05,0,
TXN10-04916,10,2026-08-08 23:05:27,2380.55,Food,100106,UPI,DEV-10-43,Web,Goa,23,5,1,8.8,84,4750.48,3273.9,6,1,731,1,0,0,520.05,0,
TXN10-04917,10,2026-08-08 23:34:33,2907.7,Food,100023,UPI,DEV-10-1,iPhone,Delhi,23,5,1,29.1,85,4745.95,3275.76,33,1565,926,0,0,0,1521.64,0,
TXN10-04918,10,2026-08-08 23:47:34,2988.46,Airlines,100065,Card,DEV-10-5,iPhone,Delhi,23,5,1,13.02,86,4730.83,3268.36,12,327,927,0,0,0,0.0,1,ato_higher_amount
TXN10-04919,10,2026-08-09 05:03:13,1780.73,Taxi,100111,Card,DEV-10-9,Android,Hyderabad,5,6,1,315.65,1,4734.41,3265.56,8,81,711,0,0,0,1266.53,0,
TXN10-04920,10,2026-08-09 05:22:02,5822.52,Hotels,100010,Card,DEV-10-6,iPhone,Chennai,5,6,1,18.82,2,4722.69,3266.59,182,228,676,0,0,0,515.24,0,
TXN10-04921,10,2026-08-09 05:35:57,4099.85,Food,100002,UPI,DEV-10-5,iPhone,Mumbai,5,6,1,13.92,3,4729.06,3265.91,356,328,1114,0,0,0,1033.1,0,
TXN10-04922,10,2026-08-09 05:46:33,10577.87,Taxi,100001,UPI,DEV-UNK-1920,Web,Chennai,5,6,1,10.6,4,4727.68,3262.45,474,1,677,1,0,0,1033.1,1,ato_new_device_higher_amount
TXN10-04923,10,2026-08-09 06:04:55,3561.59,Taxi,100024,Card,DEV-10-4,Android,Bangalore,6,6,1,18.37,5,4740.51,3270.34,70,492,692,0,0,0,290.17,0,
TXN10-04924,10,2026-08-09 06:14:51,2011.44,Taxi,100043,Card,DEV-10-1,iPhone,Delhi,6,6,1,9.93,6,4744.48,3267.8,30,1566,928,0,0,0,1750.11,0,
TXN10-04925,10,2026-08-09 06:50:46,4894.6,Airlines,100109,Card,DEV-10-3,Android,Delhi,6,6,1,35.92,7,4750.7,3272.5,5,718,929,0,0,0,0.0,0,
TXN10-04926,10,2026-08-09 06:54:36,10000.0,Hotels,100046,Card,DEV-10-6,iPhone,Delhi,6,6,1,3.83,8,4751.02,3268.9,34,229,930,0,0,0,0.0,0,
TXN10-04927,10,2026-08-09 06:56:40,8832.53,Hotels,100005,Card,DEV-10-1,iPhone,Mumbai,6,6,1,2.07,9,4762.53,3274.54,294,1567,1115,0,0,0,1153.24,0,
TXN10-04928,10,2026-08-09 07:10:19,2055.44,Taxi,100021,UPI,DEV-10-3,Android,Mumbai,7,6,1,13.65,10,4774.72,3279.32,95,719,1116,0,0,0,0.0,0,
TXN10-04929,10,2026-08-09 07:22:34,7843.78,Hotels,100005,Card,DEV-10-1,iPhone,Chennai,7,6,1,12.25,11,4751.38,3280.04,295,1568,678,0,0,0,1033.1,0,
TXN10-04930,10,2026-08-09 07:38:52,6749.88,Hotels,100020,UPI,DEV-10-4,Android,Delhi,7,6,1,16.3,12,4752.99,3287.56,68,493,931,0,0,0,1767.65,0,
TXN10-04931,10,2026-08-09 08:10:58,3107.12,Hotels,100095,UPI,DEV-10-1,iPhone,Goa,8,6,1,32.1,13,4743.18,3286.62,6,1569,732,0,0,0,1521.64,0,
TXN10-04932,10,2026-08-09 08:24:30,4288.52,Taxi,100022,Card,DEV-10-3,Android,Hyderabad,8,6,1,13.53,14,4745.44,3289.82,76,720,712,0,0,0,520.05,0,
TXN10-04933,10,2026-08-09 08:30:54,6569.59,Airlines,100113,Card,DEV-10-4,Android,Goa,8,6,1,6.4,15,4744.42,3286.23,3,494,733,0,0,0,520.05,0,
TXN10-04934,10,2026-08-09 08:32:49,6196.88,Food,100097,Card,DEV-10-3,Android,Chennai,8,6,1,1.92,16,4748.47,3283.71,3,721,679,0,0,0,706.92,0,
TXN10-04935,10,2026-08-09 08:42:17,6991.91,Airlines,100108,UPI,DEV-10-1,iPhone,Mumbai,8,6,1,9.47,17,4760.23,3279.37,10,1570,1117,0,0,0,1033.1,0,
TXN10-04936,10,2026-08-09 08:55:36,5413.88,Hotels,100052,UPI,DEV-10-11,Web,Hyderabad,8,6,1,13.32,18,4765.17,3277.42,15,28,713,0,0,0,621.46,0,
TXN10-04937,10,2026-08-09 08:59:44,8323.84,Food,100002,UPI,DEV-10-2,iPhone,Bangalore,8,6,1,4.13,19,4766.6,3273.94,357,1016,693,0,0,0,499.99,0,
TXN10-04938,10,2026-08-09 09:01:39,2978.63,Hotels,100010,Card,DEV-10-8,Web,Mumbai,9,6,1,1.92,20,4774.43,3274.59,183,100,1118,0,0,0,845.32,0,
TXN10-04939,10,2026-08-09 09:30:37,3069.16,Food,100002,Card,DEV-10-7,Web,Bangalore,9,6,1,28.97,21,4764.64,3267.8,358,170,694,0,0,0,845.32,0,
TXN10-04940,10,2026-08-09 10:18:34,918.62,Food,100003,UPI,DEV-10-2,iPhone,Delhi,10,6,1,47.95,22,4749.15,3272.7,194,1017,932,0,0,0,1750.11,0,
TXN10-04941,10,2026-08-09 10:33:00,1615.29,Food,100018,UPI,DEV-10-1,iPhone,Bangalore,10,6,1,14.43,23,4744.77,3276.51,42,1571,695,0,0,0,1750.11,0,
TXN10-04942,10,2026-08-09 11:10:19,1464.95,Food,100003,Card,DEV-10-2,iPhone,Delhi,11,6,1,37.32,24,4744.9,3289.0,195,1018,933,0,0,0,1750.11,0,
TXN10-04943,10,2026-08-09 11:17:36,1912.26,Hotels,100030,UPI,DEV-10-3,Android,Mumbai,11,6,1,7.28,25,4737.54,3288.97,41,722,1119,0,0,0,1153.24,0,
TXN10-04944,10,2026-08-09 11:21:42,10000.0,Airlines,100029,Card,DEV-10-2,iPhone,Mumbai,11,6,1,4.1,26,4729.68,3291.52,51,1019,1120,0,0,0,0.0,0,
TXN10-04945,10,2026-08-09 12:24:26,5072.34,Hotels,100041,UPI,DEV-10-1,iPhone,Bangalore,12,6,1,62.73,27,4734.19,3309.22,29,1572,696,0,0,0,845.32,0,
TXN10-04946,10,2026-08-09 12:46:52,1351.19,Airlines,100009,Card,DEV-10-3,Android,Hyderabad,12,6,1,22.43,28,4750.16,3315.16,154,723,714,0,0,0,499.99,0,
TXN10-04947,10,2026-08-09 13:04:17,7155.54,Food,100008,UPI,DEV-10-4,Android,Chennai,13,6,1,17.42,29,4742.45,3319.11,89,495,680,0,0,0,515.24,0,
TXN10-04948,10,2026-08-09 13:09:32,8833.09,Food,100002,UPI,DEV-10-2,iPhone,Bangalore,13,6,1,5.25,30,4752.77,3319.54,359,1020,697,0,0,0,290.17,0,
TXN10-04949,10,2026-08-09 13:16:51,5591.32,Airlines,100113,UPI,DEV-10-8,Web,Goa,13,6,1,7.32,31,4762.02,3321.45,4,101,734,0,0,0,454.99,0,
TXN10-04950,10,2026-08-09 13:30:53,4925.42,Food,100019,Card,DEV-10-1,iPhone,Hyderabad,13,6,1,14.03,32,4765.87,3321.42,39,1573,715,0,0,0,520.05,0,
TXN10-04951,10,2026-08-09 13:36:10,3084.21,Food,100016,Card,DEV-10-1,iPhone,Hyderabad,13,6,1,5.28,33,4766.23,3317.67,42,1574,716,0,0,0,0.0,0,
TXN10-04952,10,2026-08-09 13:39:43,2359.14,Hotels,100012,Card,DEV-10-2,iPhone,Bangalore,13,6,1,3.55,34,4762.43,3314.89,119,1021,698,0,0,0,499.99,0,
TXN10-04953,10,2026-08-09 14:11:54,3178.18,Food,100053,UPI,DEV-10-4,Android,Bangalore,14,6,1,32.18,35,4650.79,2515.81,10,496,699,0,0,0,0.0,0,
TXN10-04954,10,2026-08-09 14:51:10,5484.56,Hotels,100005,UPI,DEV-10-5,iPhone,Chennai,14,6,1,39.27,36,4656.18,2517.45,296,329,681,0,0,0,290.17,0,
TXN10-04955,10,2026-08-09 14:53:31,1423.48,Hotels,100152,UPI,DEV-10-4,Android,Chennai,14,6,1,2.35,37,4658.07,2514.9,1,497,682,0,0,1,0.0,0,
TXN10-04956,10,2026-08-09 15:05:13,6235.83,Food,100011,Card,DEV-10-1,iPhone,Mumbai,15,6,1,11.7,38,4647.97,2522.13,67,1575,1121,0,0,0,1033.1,0,
TXN10-04957,10,2026-08-09 15:09:24,3003.11,Taxi,100070,Card,DEV-10-2,iPhone,Hyderabad,15,6,1,4.18,39,4651.59,2520.39,15,1022,717,0,0,0,621.46,0,
TXN10-04958,10,2026-08-09 15:18:51,5250.0,Airlines,100001,Card,DEV-UNK-9291,Web,Mumbai,15,6,1,9.45,40,4653.31,2519.01,475,1,1122,1,0,0,621.46,1,unknown_device
TXN10-04959,10,2026-08-09 15:25:58,3339.53,Food,100003,UPI,DEV-10-4,Android,Mumbai,15,6,1,7.12,41,4654.66,2516.31,196,498,1123,0,0,0,0.0,0,
TXN10-04960,10,2026-08-09 15:54:36,2857.38,Food,100004,UPI,DEV-10-2,iPhone,Bangalore,15,6,1,28.63,42,4644.28,2504.98,111,1023,700,0,0,0,845.32,0,
TXN10-04961,10,2026-08-09 15:56:43,3837.51,Hotels,100033,Card,DEV-10-2,iPhone,Mumbai,15,6,1,2.12,43,4640.21,2503.58,51,1024,1124,0,0,0,845.32,0,
TXN10-04962,10,2026-08-09 16:08:48,10000.0,Hotels,100005,Card,DEV-10-1,iPhone,Mumbai,16,6,1,12.08,44,4638.39,2501.03,297,1576,1125,0,0,0,0.0,0,
TXN10-04963,10,2026-08-09 16:14:03,10000.0,Airlines,100153,UPI,DEV-10-6,iPhone,Mumbai,16,6,1,5.25,45,4650.52,2511.15,1,230,1126,0,0,1,0.0,0,
TXN10-04964,10,2026-08-09 16:44:35,3149.82,Airlines,100036,Card,DEV-10-1,iPhone,Chennai,16,6,1,30.53,46,4658.69,2525.13,45,1577,683,0,0,0,1033.1,0,
TXN10-04965,10,2026-08-09 16:56:20,10000.0,Airlines,100065,Card,DEV-10-10,iPhone,Hyderabad,16,6,1,11.75,47,4656.61,2526.0,13,53,718,0,0,0,515.24,0,
TXN10-04966,10,2026-08-09 17:04:26,1724.77,Food,100037,UPI,DEV-10-2,iPhone,Bangalore,17,6,1,8.1,48,4668.7,2535.88,30,1025,701,0,0,0,499.99,0,
TXN10-04967,10,2026-08-09 17:06:56,1549.63,Airlines,100104,Card,DEV-10-2,iPhone,Chennai,17,6,1,2.5,49,4662.05,2536.86,8,1026,684,0,0,0,290.17,0,
TXN10-04968,10,2026-08-09 17:15:27,1431.97,Hotels,100030,Card,DEV-10-1,iPhone,Chennai,17,6,1,8.52,50,4655.04,2538.3,42,1578,685,0,0,0,0.0,0,
TXN10-04969,10,2026-08-09 17:39:50,3243.61,Airlines,100009,UPI,DEV-10-6,iPhone,Bangalore,17,6,1,24.38,51,4647.8,2540.03,155,231,702,0,0,0,290.17,0,
TXN10-04970,10,2026-08-09 17:45:46,3679.43,Hotels,100017,Card,DEV-10-3,Android,Chennai,17,6,1,5.93,52,4647.28,2540.3,79,724,686,0,0,0,290.17,0,
TXN10-04971,10,2026-08-09 17:55:03,1200.83,Taxi,100024,Card,DEV-10-2,iPhone,Mumbai,17,6,1,9.28,53,4654.76,2538.63,71,1027,1127,0,0,0,1033.1,0,
TXN10-04972,10,2026-08-09 18:00:10,6136.17,Food,100015,Card,DEV-10-1,iPhone,Goa,18,6,1,5.12,54,4646.99,2541.04,61,1579,735,0,0,0,440.32,0,
TXN10-04973,10,2026-08-09 18:12:00,5196.69,Food,100042,UPI,DEV-10-3,Android,Delhi,18,6,1,11.83,55,4661.92,2542.91,25,725,934,0,0,0,1521.64,0,
TXN10-04974,10,2026-08-09 18:13:42,3711.92,Hotels,100072,UPI,DEV-10-1,iPhone,Goa,18,6,1,1.7,56,4663.12,2540.17,10,1580,736,0,0,0,1521.64,0,
TXN10-04975,10,2026-08-09 18:23:46,4238.26,Hotels,100005,Card,DEV-10-2,iPhone,Delhi,18,6,1,10.07,57,4660.99,2537.72,298,1028,935,0,0,0,1521.64,0,
TXN10-04976,10,2026-08-09 18:32:46,9020.75,Food,100002,Card,DEV-10-9,Android,Chennai,18,6,1,9.0,58,4663.49,2536.75,360,82,687,0,0,0,1767.65,0,
TXN10-04977,10,2026-08-09 18:44:52,4734.71,Airlines,100007,Card,DEV-10-9,Android,Goa,18,6,1,12.1,59,4676.26,2544.34,301,83,737,0,0,0,706.92,0,
TXN10-04978,10,2026-08-09 18:48:22,2968.88,Airlines,100027,UPI,DEV-10-5,iPhone,Hyderabad,18,6,1,3.5,60,4676.39,2541.48,60,330,719,0,0,0,520.05,0,
TXN10-04979,10,2026-08-09 18:50:00,4045.89,Hotels,100020,Card,DEV-10-2,iPhone,Hyderabad,18,6,1,1.63,61,4672.57,2539.92,69,1029,720,0,0,0,0.0,0,
TXN10-04980,10,2026-08-09 19:00:52,5568.37,Food,100014,UPI,DEV-10-1,iPhone,Delhi,19,6,1,10.87,62,4671.8,2540.06,61,1581,936,0,0,0,1266.53,0,
TXN10-04981,10,2026-08-09 19:02:58,7221.0,Taxi,100079,Card,DEV-10-3,Android,Chennai,19,6,1,2.1,63,4673.8,2537.58,10,726,688,0,0,0,1767.65,0,
TXN10-04982,10,2026-08-09 19:04:52,5536.81,Taxi,100127,Card,DEV-10-1,iPhone,Bangalore,19,6,1,1.9,64,4679.47,2537.59,3,1582,703,0,0,0,290.17,0,
TXN10-04983,10,2026-08-09 19:11:52,5600.96,Food,100028,UPI,DEV-10-4,Android,Goa,19,6,1,7.0,65,4683.04,2537.67,31,499,738,0,0,0,454.99,0,
TXN10-04984,10,2026-08-09 19:22:30,5845.73,Taxi,100006,Card,DEV-10-11,Web,Hyderabad,19,6,1,10.63,66,4685.08,2535.21,203,29,721,0,0,0,520.05,0,
TXN10-04985,10,2026-08-09 20:15:32,2539.77,Hotels,100020,Card,DEV-10-1,iPhone,Bangalore,20,6,1,53.03,67,4682.97,2535.41,70,1583,704,0,0,0,499.99,0,
TXN10-04986,10,2026-08-09 20:24:43,7158.71,Food,100011,Card,DEV-10-4,Android,Chennai,20,6,1,9.18,68,4678.21,2534.6,68,500,689,0,0,0,290.17,0,
TXN10-04987,10,2026-08-09 20:37:22,7312.64,Food,100002,UPI,DEV-10-9,Android,Delhi,20,6,1,12.65,69,4671.89,2524.85,361,84,937,0,0,0,1767.65,0,
TXN10-04988,10,2026-08-09 20:43:34,1063.78,Hotels,100005,Card,DEV-10-1,iPhone,Goa,20,6,1,6.2,70,4677.75,2525.11,299,1584,739,0,0,0,1521.64,0,
TXN10-04989,10,2026-08-09 20:57:54,7937.08,Taxi,100031,UPI,DEV-10-2,iPhone,Mumbai,20,6,1,14.33,71,4662.91,2526.64,41,1030,1128,0,0,0,440.32,0,
TXN10-04990,10,2026-08-09 21:27:13,7500.34,Taxi,100151,Card,DEV-10-1,iPhone,Goa,21,6,1,29.32,72,4673.44,2530.36,3,1585,740,0,0,0,440.32,0,
TXN10-04991,10,2026-08-09 21:48:14,6381.75,Hotels,100012,Card,DEV-10-1,iPhone,Hyderabad,21,6,1,21.02,73,4679.7,2531.05,120,1586,722,0,0,0,520.05,0,
TXN10-04992,10,2026-08-09 21:51:28,4592.57,Food,100015,Card,DEV-10-1,iPhone,Delhi,21,6,1,3.23,74,4683.46,2529.51,62,1587,938,0,0,0,1266.53,0,
TXN10-04993,10,2026-08-09 21:52:18,1149.99,Taxi,100006,Card,DEV-10-3,Android,Goa,21,6,1,0.83,75,4683.26,2526.73,204,727,741,0,0,0,1521.64,0,
TXN10-04994,10,2026-08-09 22:20:19,4904.03,Hotels,100061,UPI,DEV-10-8,Web,Bangalore,22,6,1,28.02,76,4675.49,2529.37,12,102,705,0,0,0,454.99,0,
TXN10-04995,10,2026-08-09 22:48:53,5065.52,Airlines,100109,Card,DEV-10-1,iPhone,Chennai,22,6,1,28.57,77,4680.68,2527.41,6,1588,690,0,0,0,290.17,0,
TXN10-04996,10,2026-08-09 22:52:57,1721.18,Airlines,100007,UPI,DEV-10-1,iPhone,Mumbai,22,6,1,4.07,78,4681.52,2524.7,302,1589,1129,0,0,0,1033.1,0,
TXN10-04997,10,2026-08-09 23:39:41,6012.39,Food,100049,Card,DEV-10-2,iPhone,Goa,23,6,1,46.73,79,4667.3,2516.98,15,1031,742,0,0,0,440.32,0,
TXN10-04998,10,2026-08-09 23:52:29,6729.25,Food,100003,UPI,DEV-10-1,iPhone,Bangalore,23,6,1,12.8,80,4653.33,2502.42,197,1590,706,0,0,0,454.99,0,
TXN10-04999,10,2026-08-09 23:54:14,2345.29,Hotels,100025,Card,DEV-10-10,iPhone,Mumbai,23,6,1,1.75,81,4657.91,2501.55,51,54,1130,0,0,0,845.32,0,
TXN10-05000,10,2026-08-09 23:56:07,8589.61,Hotels,100005,UPI,DEV-10-2,iPhone,Chennai,23,6,1,1.88,82,4652.82,2501.14,300,1032,691,0,0,0,1033.1,0,
