transaction_id,user_id,timestamp,transaction_amount,merchant_category,merchant_id,payment_method,device_id,device_type,city,hour_of_day,day_of_week,is_weekend,transaction_gap_minutes,daily_transaction_count,average_amount_last_7_days,std_amount_last_7_days,merchant_visit_frequency,device_usage_frequency,location_visit_frequency,new_device,new_location,new_merchant,distance_from_last_transaction_km,label,fraud_type
TXN04-00001,4,2026-05-12 08:09:28,29105.38,Fuel,40009,Card,DEV-04-2,iPhone,Mumbai,8,1,0,0.0,1,29105.38,0.0,1,1,1,1,1,1,0.0,0,
TXN04-00002,4,2026-05-12 08:35:08,10503.52,Hotels,40001,UPI,DEV-04-1,iPhone,Pune,8,1,0,25.67,2,29105.38,0.0,1,1,1,1,1,1,120.15,0,
TXN04-00003,4,2026-05-12 09:06:10,33388.98,Office,40028,UPI,DEV-04-1,iPhone,Pune,9,1,0,31.03,3,19804.45,9300.93,1,2,2,0,0,1,0.0,0,
TXN04-00004,4,2026-05-12 10:19:51,29643.35,Office,40017,UPI,DEV-04-1,iPhone,Mumbai,10,1,0,73.68,4,24332.63,9933.8,1,3,2,0,0,1,120.15,0,
TXN04-00005,4,2026-05-12 10:22:24,15353.79,Hotels,40006,Card,DEV-04-1,iPhone,Mumbai,10,1,0,2.55,5,25660.31,8904.97,1,4,3,0,0,1,0.0,0,
TXN04-00006,4,2026-05-12 10:24:46,41260.39,Hotels,40013,Card,DEV-04-2,iPhone,Delhi,10,1,0,2.37,6,23599.0,8968.54,1,2,1,0,1,1,1153.24,0,
TXN04-00007,4,2026-05-12 10:28:48,23086.36,Hotels,40019,UPI,DEV-04-1,iPhone,Mumbai,10,1,0,4.03,7,26542.57,10504.84,1,5,4,0,0,1,1153.24,0,
TXN04-00008,4,2026-05-12 10:39:30,6369.6,Fuel,40026,Bank Transfer,DEV-04-1,iPhone,Mumbai,10,1,0,10.7,8,26048.82,9800.5,1,6,5,0,0,1,0.0,0,
TXN04-00009,4,2026-05-12 11:12:27,3277.1,Fuel,40009,UPI,DEV-04-1,iPhone,Mumbai,11,1,0,32.95,9,23588.92,11242.84,2,7,6,0,0,0,0.0,0,
TXN04-00010,4,2026-05-12 12:02:03,16622.38,Suppliers,40003,Card,DEV-04-1,iPhone,Pune,12,1,0,49.6,10,21332.05,12373.54,1,8,3,0,0,1,120.15,0,
TXN04-00011,4,2026-05-12 12:19:50,4967.29,Suppliers,40003,Card,DEV-04-1,iPhone,Mumbai,12,1,0,17.78,11,20861.08,11823.3,2,9,7,0,0,0,120.15,0,
TXN04-00012,4,2026-05-12 12:19:50,34283.49,Hotels,40010,Bank Transfer,DEV-04-1,iPhone,Mumbai,12,1,0,0.0,12,19416.19,12163.85,1,10,8,0,0,1,0.0,0,
TXN04-00013,4,2026-05-12 12:52:07,14616.71,Fuel,40009,Card,DEV-04-1,iPhone,Mumbai,12,1,0,32.28,13,20655.14,12349.66,3,11,9,0,0,0,0.0,0,
TXN04-00014,4,2026-05-12 13:20:10,22222.98,Fuel,40009,UPI,DEV-04-2,iPhone,Mumbai,13,1,0,28.05,14,20190.64,11973.77,4,3,10,0,0,0,0.0,0,
TXN04-00015,4,2026-05-12 13:40:01,50000.0,Fuel,40002,Bank Transfer,DEV-04-2,iPhone,Mumbai,13,1,0,19.85,15,20335.81,11550.08,1,4,11,0,0,1,0.0,0,
TXN04-00016,4,2026-05-12 14:41:34,31968.48,Suppliers,40024,UPI,DEV-04-2,iPhone,Pune,14,1,0,61.55,16,22313.42,13388.96,1,5,4,0,0,1,120.15,0,
TXN04-00017,4,2026-05-12 14:45:19,6561.15,Hotels,40030,Card,DEV-04-1,iPhone,Mumbai,14,1,0,3.75,17,22916.86,13172.78,1,12,12,0,0,1,120.15,0,
TXN04-00018,4,2026-05-12 15:14:26,12181.88,Office,40017,Bank Transfer,DEV-04-1,iPhone,Delhi,15,1,0,29.12,18,21954.76,13346.36,2,13,2,0,0,0,1153.24,0,
TXN04-00019,4,2026-05-12 15:20:07,7099.76,Office,40008,Card,DEV-04-1,iPhone,Mumbai,15,1,0,5.68,19,21411.82,13162.09,1,14,13,0,0,1,1153.24,0,
TXN04-00020,4,2026-05-12 15:57:09,31797.73,Fuel,40009,Card,DEV-04-1,iPhone,Mumbai,15,1,0,37.03,20,20658.56,13203.64,5,15,14,0,0,0,0.0,0,
TXN04-00021,4,2026-05-12 16:10:11,25986.05,Office,40008,Bank Transfer,DEV-04-1,iPhone,Mumbai,16,1,0,13.03,21,21215.52,13096.3,2,16,15,0,0,0,0.0,0,
TXN04-00022,4,2026-05-12 16:20:23,8200.7,Suppliers,40003,UPI,DEV-04-1,iPhone,Mumbai,16,1,0,10.2,22,21442.68,12821.0,3,17,16,0,0,0,0.0,0,
TXN04-00023,4,2026-05-12 16:35:39,19661.61,Suppliers,40003,Card,DEV-04-1,iPhone,Mumbai,16,1,0,15.27,23,20840.78,12826.32,4,18,17,0,0,0,0.0,0,
TXN04-00024,4,2026-05-12 16:36:49,13184.82,Suppliers,40022,UPI,DEV-04-2,iPhone,Mumbai,16,1,0,1.17,24,20789.51,12546.69,1,6,18,0,0,1,0.0,0,
TXN04-00025,4,2026-05-12 16:45:17,22111.52,Suppliers,40003,Bank Transfer,DEV-04-2,iPhone,Delhi,16,1,0,8.47,25,20472.65,12376.17,5,7,3,0,0,0,1153.24,0,
TXN04-00026,4,2026-05-12 16:51:08,29524.19,Suppliers,40003,Card,DEV-04-1,iPhone,Delhi,16,1,0,5.85,26,20538.2,12130.37,6,19,4,0,0,0,0.0,0,
TXN04-00027,4,2026-05-12 17:07:03,3315.41,Suppliers,40003,Card,DEV-04-1,iPhone,Mumbai,17,1,0,15.92,27,20883.82,12019.68,7,20,19,0,0,0,1153.24,0,
TXN04-00028,4,2026-05-12 17:09:27,40849.32,Office,40031,UPI,DEV-04-1,iPhone,Mumbai,17,1,0,2.4,28,20233.13,12252.75,1,21,20,0,0,1,0.0,0,
TXN04-00029,4,2026-05-12 17:39:47,22349.64,Fuel,40009,Card,DEV-04-2,iPhone,Mumbai,17,1,0,30.33,29,20969.43,12625.59,6,8,21,0,0,0,0.0,0,
TXN04-00030,4,2026-05-12 17:53:20,8739.97,Hotels,40010,Card,DEV-04-2,iPhone,Mumbai,17,1,0,13.55,30,21017.02,12408.55,2,9,22,0,0,0,0.0,0,
TXN04-00031,4,2026-05-12 18:05:40,11014.43,Fuel,40002,UPI,DEV-04-1,iPhone,Mumbai,18,1,0,12.33,31,20607.78,12397.44,2,22,23,0,0,0,0.0,0,
TXN04-00032,4,2026-05-12 18:06:49,27485.15,Fuel,40002,UPI,DEV-04-1,iPhone,Mumbai,18,1,0,1.15,32,20298.32,12313.07,3,23,24,0,0,0,0.0,0,
TXN04-00033,4,2026-05-12 18:11:30,23214.0,Hotels,40006,Bank Transfer,DEV-04-1,iPhone,Delhi,18,1,0,4.68,33,20522.91,12183.49,2,24,5,0,0,0,1153.24,0,
TXN04-00034,4,2026-05-12 18:11:34,6629.95,Fuel,40026,Bank Transfer,DEV-04-1,iPhone,Mumbai,18,1,0,0.07,34,20604.46,12006.34,2,25,25,0,0,0,1153.24,0,
TXN04-00035,4,2026-05-12 18:27:03,41586.45,Fuel,40002,UPI,DEV-04-1,iPhone,Mumbai,18,1,0,15.48,35,20193.44,12061.8,4,26,26,0,0,0,0.0,0,
TXN04-00036,4,2026-05-12 19:02:58,15536.87,Fuel,40009,Bank Transfer,DEV-04-1,iPhone,Mumbai,19,1,0,35.92,36,20804.67,12410.99,7,27,27,0,0,0,0.0,0,
TXN04-00037,4,2026-05-12 19:12:32,9597.81,Hotels,40001,Card,DEV-04-1,iPhone,Mumbai,19,1,0,9.57,37,20658.34,12267.99,2,28,28,0,0,0,0.0,0,
TXN04-00038,4,2026-05-12 20:03:24,7295.52,Hotels,40006,Bank Transfer,DEV-04-2,iPhone,Mumbai,20,1,0,50.87,38,20359.41,12233.27,3,10,29,0,0,0,0.0,0,
TXN04-00039,4,2026-05-12 20:09:13,7322.38,Office,40005,Card,DEV-04-2,iPhone,Mumbai,20,1,0,5.82,39,20015.62,12251.02,1,11,30,0,0,1,0.0,0,
TXN04-00040,4,2026-05-12 20:16:01,50000.0,Suppliers,40004,Card,DEV-04-2,iPhone,Mumbai,20,1,0,6.8,40,19690.16,12258.24,1,12,31,0,0,1,0.0,0,
TXN04-00041,4,2026-05-12 20:55:58,10145.93,Hotels,40007,Card,DEV-04-1,iPhone,Mumbai,20,1,0,39.95,41,20447.9,12996.19,1,29,32,0,0,1,0.0,0,
TXN04-00042,4,2026-05-12 20:56:37,26301.2,Hotels,40010,UPI,DEV-04-1,iPhone,Mumbai,20,1,0,0.65,42,20196.64,12934.71,3,30,33,0,0,0,0.0,0,
TXN04-00043,4,2026-05-13 03:30:55,26000.0,Suppliers,40001,Card,DEV-UNK-6605,Android,Mumbai,3,2,0,394.3,1,20341.98,12813.64,3,1,34,1,0,0,0.0,1,unknown_device
TXN04-00044,4,2026-05-13 07:15:14,9476.15,Overseas Merchant,909043,Card,DEV-04-1,iPhone,Singapore,7,2,0,224.32,2,20473.56,12692.45,1,31,1,0,1,1,3903.78,1,foreign_merchant
TXN04-00045,4,2026-05-13 08:05:32,16205.41,Hotels,40019,Card,DEV-04-2,iPhone,Mumbai,8,2,0,50.3,3,20223.62,12653.98,2,13,35,0,0,0,3903.78,0,
TXN04-00046,4,2026-05-13 08:07:51,30697.2,Office,40005,UPI,DEV-04-1,iPhone,Mumbai,8,2,0,2.32,4,20134.33,12526.6,2,32,36,0,0,0,0.0,0,
TXN04-00047,4,2026-05-13 08:07:53,44273.39,Suppliers,40022,Card,DEV-04-2,iPhone,Mumbai,8,2,0,0.03,5,20363.96,12485.08,2,14,37,0,0,0,0.0,0,
TXN04-00048,4,2026-05-13 08:57:51,5137.18,Hotels,40001,Card,DEV-04-1,iPhone,Mumbai,8,2,0,49.97,6,20872.67,12824.39,4,33,38,0,0,0,0.0,0,
TXN04-00049,4,2026-05-13 09:40:25,20645.23,Hotels,40030,UPI,DEV-04-1,iPhone,Mumbai,9,2,0,42.57,7,20544.85,12887.57,2,34,39,0,0,0,0.0,0,
TXN04-00050,4,2026-05-13 09:46:55,15958.06,Fuel,40026,Card,DEV-04-1,iPhone,Mumbai,9,2,0,6.5,8,20546.89,12755.4,3,35,40,0,0,0,0.0,0,
TXN04-00051,4,2026-05-13 09:50:26,50000.0,Hotels,40001,Card,DEV-04-1,iPhone,Mumbai,9,2,0,3.52,9,20455.12,12643.53,5,36,41,0,0,0,0.0,0,
TXN04-00052,4,2026-05-13 10:00:37,5244.39,Fuel,40002,UPI,DEV-04-2,iPhone,Mumbai,10,2,0,10.18,10,21034.43,13172.11,5,15,42,0,0,0,0.0,0,
TXN04-00053,4,2026-05-13 10:02:39,6565.99,Hotels,40013,Card,DEV-04-2,iPhone,Mumbai,10,2,0,2.03,11,20730.77,13223.86,2,16,43,0,0,0,0.0,0,
TXN04-00054,4,2026-05-13 10:08:25,12357.42,Hotels,40001,Card,DEV-04-2,iPhone,Pune,10,2,0,5.77,12,20463.51,13239.53,6,17,5,0,0,0,120.15,0,
TXN04-00055,4,2026-05-13 10:08:56,50000.0,Hotels,40001,Card,DEV-04-2,iPhone,Mumbai,10,2,0,0.52,13,20313.4,13161.82,7,18,44,0,0,0,120.15,0,
TXN04-00056,4,2026-05-13 10:29:06,17305.74,Suppliers,40003,Card,DEV-04-1,iPhone,Mumbai,10,2,0,20.17,14,20853.16,13631.43,8,37,45,0,0,0,0.0,0,
TXN04-00057,4,2026-05-13 10:34:41,21632.03,Fuel,40002,UPI,DEV-04-2,iPhone,Mumbai,10,2,0,5.58,15,20789.81,13517.34,6,19,46,0,0,0,0.0,0,
TXN04-00058,4,2026-05-13 10:58:22,24278.5,Hotels,40029,Card,DEV-04-1,iPhone,Mumbai,10,2,0,23.68,16,20804.59,13398.7,1,38,47,0,0,1,0.0,0,
TXN04-00059,4,2026-05-13 10:58:31,50000.0,Hotels,40001,Card,DEV-04-1,iPhone,Mumbai,10,2,0,0.15,17,20864.48,13290.39,8,39,48,0,0,0,0.0,0,
TXN04-00060,4,2026-05-13 11:06:28,13797.77,Fuel,40009,UPI,DEV-04-2,iPhone,Mumbai,11,2,0,7.95,18,21358.3,13703.45,8,20,49,0,0,0,0.0,0,
TXN04-00061,4,2026-05-13 11:26:52,34597.39,Office,40032,Card,DEV-04-2,iPhone,Mumbai,11,2,0,20.4,19,21232.29,13623.2,1,21,50,0,0,1,0.0,0,
TXN04-00062,4,2026-05-13 11:27:19,48537.99,Fuel,40002,UPI,DEV-04-2,iPhone,Mumbai,11,2,0,0.45,20,21451.39,13617.25,7,22,51,0,0,0,0.0,0,
TXN04-00063,4,2026-05-13 11:45:46,16818.87,Office,40005,UPI,DEV-04-1,iPhone,Mumbai,11,2,0,18.45,21,21888.28,13931.31,3,40,52,0,0,0,0.0,0,
TXN04-00064,4,2026-05-13 12:01:37,16859.53,Hotels,40001,Card,DEV-04-1,iPhone,Mumbai,12,2,0,15.85,22,21807.81,13834.82,9,41,53,0,0,0,0.0,0,
TXN04-00065,4,2026-05-13 12:07:28,36510.37,Fuel,40002,Card,DEV-04-2,iPhone,Pune,12,2,0,5.85,23,21730.49,13740.02,8,23,6,0,0,0,120.15,0,
TXN04-00066,4,2026-05-13 12:26:16,23540.05,Fuel,40009,Bank Transfer,DEV-04-2,iPhone,Mumbai,12,2,0,18.8,24,21957.87,13754.73,9,24,54,0,0,0,120.15,0,
TXN04-00067,4,2026-05-13 12:26:32,21921.68,Hotels,40019,Bank Transfer,DEV-04-1,iPhone,Mumbai,12,2,0,0.27,25,21981.85,13651.5,3,42,55,0,0,0,0.0,0,
TXN04-00068,4,2026-05-13 12:54:56,10284.7,Hotels,40029,Card,DEV-04-1,iPhone,Mumbai,12,2,0,28.4,26,21980.95,13549.24,2,43,56,0,0,0,0.0,0,
TXN04-00069,4,2026-05-13 13:25:03,31519.65,Hotels,40007,Card,DEV-04-1,iPhone,Mumbai,13,2,0,30.12,27,21808.95,13522.74,2,44,57,0,0,0,0.0,0,
TXN04-00070,4,2026-05-13 13:35:23,30200.27,Fuel,40002,UPI,DEV-04-2,iPhone,Mumbai,13,2,0,10.33,28,21949.68,13474.46,9,25,58,0,0,0,0.0,0,
TXN04-00071,4,2026-05-13 13:49:18,20544.68,Suppliers,40003,Card,DEV-04-1,iPhone,Mumbai,13,2,0,13.92,29,22067.55,13413.64,9,45,59,0,0,0,0.0,0,
TXN04-00072,4,2026-05-13 13:51:07,44485.04,Office,40033,Card,DEV-04-1,iPhone,Mumbai,13,2,0,1.82,30,22046.1,13320.06,1,46,60,0,0,1,0.0,0,
TXN04-00073,4,2026-05-13 14:05:39,27670.69,Fuel,40009,Bank Transfer,DEV-04-1,iPhone,Mumbai,14,2,0,14.53,31,22357.75,13485.39,10,47,61,0,0,0,0.0,0,
TXN04-00074,4,2026-05-13 14:13:01,24001.74,Suppliers,40003,Card,DEV-04-1,iPhone,Mumbai,14,2,0,7.37,32,22430.53,13406.93,10,48,62,0,0,0,0.0,0,
TXN04-00075,4,2026-05-13 14:50:44,6249.79,Fuel,40020,UPI,DEV-04-2,iPhone,Mumbai,14,2,0,37.72,33,22451.76,13317.28,1,26,63,0,0,1,0.0,0,
TXN04-00076,4,2026-05-13 14:58:53,14807.52,Hotels,40006,Card,DEV-04-1,iPhone,Mumbai,14,2,0,8.15,34,22235.74,13358.09,4,49,64,0,0,0,0.0,0,
TXN04-00077,4,2026-05-13 15:04:10,22515.52,Hotels,40029,Card,DEV-04-1,iPhone,Mumbai,15,2,0,5.28,35,22138.0,13296.88,3,50,65,0,0,0,0.0,0,
TXN04-00078,4,2026-05-13 15:07:46,8239.35,Fuel,40002,Card,DEV-04-1,iPhone,Mumbai,15,2,0,3.6,36,22142.9,13210.33,10,51,66,0,0,0,0.0,0,
TXN04-00079,4,2026-05-13 15:12:23,8741.24,Fuel,40002,UPI,DEV-04-1,iPhone,Mumbai,15,2,0,4.62,37,21964.65,13218.24,11,52,67,0,0,0,0.0,0,
TXN04-00080,4,2026-05-13 15:13:02,17235.28,Office,40005,Bank Transfer,DEV-04-2,iPhone,Delhi,15,2,0,0.65,38,21797.26,13217.25,4,27,6,0,0,0,1153.24,0,
TXN04-00081,4,2026-05-13 15:16:01,20861.59,Hotels,40013,Card,DEV-04-2,iPhone,Mumbai,15,2,0,2.98,39,21740.24,13144.16,3,28,68,0,0,0,1153.24,0,
TXN04-00082,4,2026-05-13 15:24:09,50000.0,Suppliers,40015,UPI,DEV-04-2,iPhone,Mumbai,15,2,0,8.13,40,21729.39,13063.13,1,29,69,0,0,1,0.0,0,
TXN04-00083,4,2026-05-13 15:32:31,16262.19,Hotels,40029,UPI,DEV-04-1,iPhone,Delhi,15,2,0,8.37,41,22074.15,13348.86,4,53,7,0,0,0,1153.24,0,
TXN04-00084,4,2026-05-13 15:37:00,16943.01,Suppliers,40003,Card,DEV-04-2,iPhone,Mumbai,15,2,0,4.48,42,22004.13,13283.35,11,30,70,0,0,0,1153.24,0,
TXN04-00085,4,2026-05-13 15:43:11,29767.87,Hotels,40010,Card,DEV-04-2,iPhone,Kolkata,15,2,0,6.18,43,21943.88,13215.45,4,31,1,0,1,0,1654.84,0,
TXN04-00086,4,2026-05-13 15:52:44,30699.28,Office,40017,Card,DEV-04-1,iPhone,Mumbai,15,2,0,9.55,44,22035.93,13164.54,3,54,71,0,0,0,1654.84,0,
TXN04-00087,4,2026-05-13 16:34:51,45014.74,Hotels,40019,Card,DEV-04-2,iPhone,Mumbai,16,2,0,42.12,45,22136.66,13120.69,4,32,72,0,0,0,0.0,0,
TXN04-00088,4,2026-05-13 16:40:22,37340.41,Fuel,40002,Card,DEV-04-1,iPhone,Mumbai,16,2,0,5.52,46,22399.63,13271.05,12,55,73,0,0,0,0.0,0,
TXN04-00089,4,2026-05-13 16:59:13,14304.79,Office,40016,Bank Transfer,DEV-04-2,iPhone,Mumbai,16,2,0,18.85,47,22569.41,13290.12,1,33,74,0,0,1,0.0,0,
TXN04-00090,4,2026-05-13 17:16:58,7409.85,Hotels,40001,UPI,DEV-04-1,iPhone,Pune,17,2,0,17.75,48,22476.55,13243.92,10,56,7,0,0,0,120.15,0,
TXN04-00091,4,2026-05-13 17:18:23,10512.93,Suppliers,40022,Bank Transfer,DEV-04-1,iPhone,Mumbai,17,2,0,1.42,49,22309.14,13264.49,3,57,75,0,0,0,120.15,0,
TXN04-00092,4,2026-05-13 18:03:09,25511.55,Hotels,40001,UPI,DEV-04-1,iPhone,Mumbai,18,2,0,44.77,50,22179.51,13248.61,11,58,76,0,0,0,0.0,0,
TXN04-00093,4,2026-05-13 18:36:32,28156.62,Hotels,40006,Card,DEV-04-2,iPhone,Mumbai,18,2,0,33.38,51,22215.73,13180.94,5,34,77,0,0,0,0.0,0,
TXN04-00094,4,2026-05-13 18:47:41,25499.72,Fuel,40181,Card,DEV-04-1,iPhone,Pune,18,2,0,11.15,52,22279.61,13124.19,1,59,8,0,0,1,120.15,1,ato_higher_amount_new_merchant_same_category
TXN04-00095,4,2026-05-13 18:49:42,4925.49,Office,40016,Bank Transfer,DEV-04-2,iPhone,Mumbai,18,2,0,2.02,53,22313.87,13058.37,2,35,78,0,0,0,120.15,0,
TXN04-00096,4,2026-05-13 18:54:33,17510.92,Fuel,40002,UPI,DEV-04-2,iPhone,Mumbai,18,2,0,4.85,54,22130.83,13110.13,13,36,79,0,0,0,0.0,0,
TXN04-00097,4,2026-05-13 18:58:22,10646.28,Suppliers,40003,Card,DEV-04-2,iPhone,Mumbai,18,2,0,3.82,55,22082.71,13050.1,12,37,80,0,0,0,0.0,0,
TXN04-00098,4,2026-05-13 19:26:00,33758.52,Suppliers,40022,Card,DEV-04-2,iPhone,Mumbai,19,2,0,27.63,56,21964.81,13033.95,4,38,81,0,0,0,0.0,0,
TXN04-00099,4,2026-05-13 19:30:47,27891.91,Fuel,40002,Card,DEV-04-3,iPhone,Pune,19,2,0,4.78,57,22085.15,13021.33,14,1,9,1,0,0,120.15,0,
TXN04-00100,4,2026-05-13 19:54:40,27813.01,Fuel,40002,Card,DEV-04-1,iPhone,Mumbai,19,2,0,23.88,58,22143.81,12968.41,15,60,82,0,0,0,120.15,0,
TXN04-00101,4,2026-05-13 19:56:55,36583.52,Hotels,40014,Card,DEV-04-1,iPhone,Mumbai,19,2,0,2.25,59,22200.5,12915.72,1,61,83,0,0,1,0.0,0,
TXN04-00102,4,2026-05-13 20:19:41,25823.96,Suppliers,40003,Card,DEV-04-2,iPhone,Delhi,20,2,0,22.77,60,22342.9,12930.28,13,39,8,0,0,0,1153.24,0,
TXN04-00103,4,2026-05-13 20:21:07,13196.47,Suppliers,40011,UPI,DEV-04-2,iPhone,Mumbai,20,2,0,1.43,61,22377.03,12871.31,1,40,84,0,0,1,1153.24,0,
TXN04-00104,4,2026-05-13 20:55:15,36282.18,Hotels,40006,UPI,DEV-04-3,iPhone,Mumbai,20,2,0,34.13,62,22287.9,12840.27,6,2,85,0,0,0,0.0,0,
TXN04-00105,4,2026-05-13 23:58:33,50000.0,Bank Transfer,40001,Bank Transfer,DEV-04-1,iPhone,Mumbai,23,2,0,183.3,63,22422.46,12851.16,12,62,86,0,0,0,0.0,1,rapid_repeated_transfers
TXN04-00106,4,2026-05-14 00:00:33,50000.0,Bank Transfer,40001,Bank Transfer,DEV-04-1,iPhone,Mumbai,0,3,0,2.0,1,22685.1,13067.27,13,63,87,0,0,0,0.0,1,rapid_repeated_transfers
TXN04-00107,4,2026-05-14 00:01:33,48172.72,Bank Transfer,40001,Bank Transfer,DEV-04-1,iPhone,Mumbai,0,3,0,1.0,2,22942.79,13270.83,14,64,88,0,0,0,0.0,1,rapid_repeated_transfers
TXN04-00108,4,2026-05-14 08:09:54,27768.23,Suppliers,40034,Bank Transfer,DEV-04-1,iPhone,Delhi,8,3,0,488.35,3,23178.58,13429.91,1,65,9,0,0,1,1153.24,0,
TXN04-00109,4,2026-05-14 08:19:21,8184.93,Hotels,40001,Bank Transfer,DEV-04-1,iPhone,Mumbai,8,3,0,9.45,4,23221.08,13374.81,15,66,89,0,0,0,1153.24,0,
TXN04-00110,4,2026-05-14 08:24:00,36908.64,Suppliers,40015,UPI,DEV-04-1,iPhone,Mumbai,8,3,0,4.65,5,23083.14,13390.28,2,67,90,0,0,0,0.0,0,
TXN04-00111,4,2026-05-14 08:30:21,14645.91,Office,40028,UPI,DEV-04-2,iPhone,Mumbai,8,3,0,6.35,6,23208.82,13393.71,2,41,91,0,0,0,0.0,0,
TXN04-00112,4,2026-05-14 08:53:42,7764.52,Office,40005,Bank Transfer,DEV-04-1,iPhone,Mumbai,8,3,0,23.35,7,23131.68,13357.77,5,68,92,0,0,0,0.0,0,
TXN04-00113,4,2026-05-14 09:29:58,44434.33,Suppliers,40004,Bank Transfer,DEV-04-2,iPhone,Delhi,9,3,0,36.27,8,22994.47,13376.34,2,42,10,0,0,0,1153.24,0,
TXN04-00114,4,2026-05-14 09:42:29,13663.67,Hotels,40001,Card,DEV-04-1,iPhone,Mumbai,9,3,0,12.52,9,23184.2,13467.55,16,69,93,0,0,0,1153.24,0,
TXN04-00115,4,2026-05-14 10:07:59,23067.76,Hotels,40013,Card,DEV-04-1,iPhone,Mumbai,10,3,0,25.5,10,23100.69,13437.71,4,70,94,0,0,0,0.0,0,
TXN04-00116,4,2026-05-14 10:13:36,22766.28,Fuel,40012,UPI,DEV-04-2,iPhone,Mumbai,10,3,0,5.62,11,23100.4,13379.16,1,43,95,0,0,1,0.0,0,
TXN04-00117,4,2026-05-14 11:13:51,8288.39,Suppliers,40035,Bank Transfer,DEV-04-1,iPhone,Pune,11,3,0,60.25,12,23097.52,13321.4,1,71,10,0,0,1,120.15,0,
TXN04-00118,4,2026-05-14 11:18:14,26538.69,Suppliers,40003,Card,DEV-04-2,iPhone,Mumbai,11,3,0,4.38,13,22970.95,13334.22,14,44,96,0,0,0,120.15,0,
TXN04-00119,4,2026-05-14 11:36:20,27758.33,Hotels,40029,Card,DEV-04-2,iPhone,Delhi,11,3,0,18.1,14,23001.19,13281.63,5,45,11,0,0,0,1153.24,0,
TXN04-00120,4,2026-05-14 11:42:51,19699.17,Office,40017,Card,DEV-04-2,iPhone,Mumbai,11,3,0,6.52,15,23041.16,13232.83,4,46,97,0,0,0,1153.24,0,
TXN04-00121,4,2026-05-14 11:45:34,3878.49,Office,40008,UPI,DEV-04-1,iPhone,Mumbai,11,3,0,2.72,16,23013.31,13181.08,3,72,98,0,0,0,0.0,0,
TXN04-00122,4,2026-05-14 12:19:02,4453.64,Suppliers,40011,Card,DEV-04-1,iPhone,Mumbai,12,3,0,33.47,17,22855.17,13240.31,2,73,99,0,0,0,0.0,0,
TXN04-00123,4,2026-05-14 12:56:15,8927.34,Office,40017,Bank Transfer,DEV-04-1,iPhone,Mumbai,12,3,0,37.22,18,22704.34,13289.91,5,74,100,0,0,0,0.0,0,
TXN04-00124,4,2026-05-14 13:01:14,48663.72,Suppliers,40035,Bank Transfer,DEV-04-2,iPhone,Mumbai,13,3,0,4.98,19,22592.33,13293.47,2,47,101,0,0,0,0.0,0,
TXN04-00125,4,2026-05-14 13:37:14,16690.98,Office,40033,Card,DEV-04-3,iPhone,Mumbai,13,3,0,36.0,20,22802.59,13443.54,2,3,102,0,0,0,0.0,0,
TXN04-00126,4,2026-05-14 13:54:50,40268.49,Fuel,40009,Card,DEV-04-3,iPhone,Pune,13,3,0,17.6,21,22753.69,13400.72,11,4,11,0,0,0,120.15,0,
TXN04-00127,4,2026-05-14 14:22:54,7031.53,Hotels,40001,UPI,DEV-04-2,iPhone,Mumbai,14,3,0,28.07,22,22892.7,13437.61,17,48,103,0,0,0,120.15,0,
TXN04-00128,4,2026-05-14 14:53:51,23645.21,Office,40005,Card,DEV-04-2,iPhone,Mumbai,14,3,0,30.95,23,22767.81,13457.82,6,49,104,0,0,0,0.0,0,
TXN04-00129,4,2026-05-14 15:07:19,35397.92,Hotels,40006,Bank Transfer,DEV-04-2,iPhone,Mumbai,15,3,0,13.47,24,22774.66,13405.37,7,50,105,0,0,0,0.0,0,
TXN04-00130,4,2026-05-14 15:19:40,50000.0,Suppliers,40034,Card,DEV-04-2,iPhone,Mumbai,15,3,0,12.35,25,22872.52,13399.12,2,51,106,0,0,0,0.0,0,
TXN04-00131,4,2026-05-14 15:44:57,24187.79,Hotels,40001,Card,DEV-04-1,iPhone,Mumbai,15,3,0,25.28,26,23081.19,13556.28,18,75,107,0,0,0,0.0,0,
TXN04-00132,4,2026-05-14 15:47:55,17266.29,Office,40008,Card,DEV-04-1,iPhone,Mumbai,15,3,0,2.97,27,23089.64,13504.78,4,76,108,0,0,0,0.0,0,
TXN04-00133,4,2026-05-14 15:49:51,16129.03,Fuel,40002,UPI,DEV-04-1,iPhone,Mumbai,15,3,0,1.93,28,23045.52,13463.0,16,77,109,0,0,0,0.0,0,
TXN04-00134,4,2026-05-14 16:03:38,5918.96,Fuel,40021,UPI,DEV-04-1,iPhone,Mumbai,16,3,0,13.78,29,22993.52,13425.6,1,78,110,0,0,1,0.0,0,
TXN04-00135,4,2026-05-14 16:07:22,5744.22,Suppliers,40015,Card,DEV-04-2,iPhone,Mumbai,16,3,0,3.73,30,22866.1,13455.89,3,52,111,0,0,0,0.0,0,
TXN04-00136,4,2026-05-14 16:12:54,7871.04,Hotels,40014,Bank Transfer,DEV-04-2,iPhone,Mumbai,16,3,0,5.53,31,22739.27,13486.11,2,53,112,0,0,0,0.0,0,
TXN04-00137,4,2026-05-14 16:18:49,24101.28,Fuel,40036,Card,DEV-04-2,iPhone,Delhi,16,3,0,5.92,32,22629.94,13496.35,1,54,12,0,0,1,1153.24,0,
TXN04-00138,4,2026-05-14 16:27:41,12462.81,Suppliers,40003,UPI,DEV-04-2,iPhone,Mumbai,16,3,0,8.87,33,22640.68,13447.58,15,55,113,0,0,0,1153.24,0,
TXN04-00139,4,2026-05-14 16:40:03,5422.02,Suppliers,40003,Card,DEV-04-1,iPhone,Mumbai,16,3,0,12.37,34,22566.93,13426.55,16,79,114,0,0,0,0.0,0,
TXN04-00140,4,2026-05-14 16:52:43,12481.26,Suppliers,40027,Bank Transfer,DEV-04-3,iPhone,Mumbai,16,3,0,12.67,35,22443.58,13456.41,1,5,115,0,0,1,0.0,0,
TXN04-00141,4,2026-05-14 16:52:56,17079.5,Suppliers,40004,Card,DEV-04-1,iPhone,Mumbai,16,3,0,0.22,36,22372.42,13434.48,3,80,116,0,0,0,0.0,0,
TXN04-00142,4,2026-05-14 16:57:49,3490.68,Suppliers,40027,Card,DEV-04-1,iPhone,Mumbai,16,3,0,4.88,37,22334.89,13394.13,2,81,117,0,0,0,0.0,0,
TXN04-00143,4,2026-05-14 17:13:38,9610.08,Fuel,40002,Card,DEV-04-1,iPhone,Delhi,17,3,0,15.82,38,22202.18,13439.58,17,82,13,0,0,0,1153.24,0,
TXN04-00144,4,2026-05-14 17:40:01,6411.61,Office,40033,Bank Transfer,DEV-04-2,iPhone,Mumbai,17,3,0,26.38,39,22114.12,13433.55,3,56,118,0,0,0,1153.24,0,
TXN04-00145,4,2026-05-14 17:42:03,6746.79,Fuel,40037,Card,DEV-04-2,iPhone,Mumbai,17,3,0,2.03,40,22005.08,13450.19,1,57,119,0,0,1,0.0,0,
TXN04-00146,4,2026-05-14 18:11:34,50000.0,Hotels,40001,Card,DEV-04-1,iPhone,Mumbai,18,3,0,29.52,41,21899.85,13463.08,19,83,120,0,0,0,0.0,0,
TXN04-00147,4,2026-05-14 18:41:59,15536.7,Office,40005,Card,DEV-04-2,iPhone,Mumbai,18,3,0,30.42,42,22092.32,13615.59,7,58,121,0,0,0,0.0,0,
TXN04-00148,4,2026-05-14 18:44:45,33814.66,Hotels,40007,Card,DEV-04-2,iPhone,Mumbai,18,3,0,2.77,43,22047.72,13579.89,3,59,122,0,0,0,0.0,0,
TXN04-00149,4,2026-05-14 18:57:28,26968.52,Suppliers,40004,Bank Transfer,DEV-04-3,iPhone,Delhi,18,3,0,12.72,44,22127.23,13568.22,4,6,14,0,0,0,1153.24,0,
TXN04-00150,4,2026-05-14 19:20:29,24680.99,Office,40008,UPI,DEV-04-1,iPhone,Mumbai,19,3,0,23.02,45,22159.72,13528.39,5,84,123,0,0,0,1153.24,0,
TXN04-00151,4,2026-05-14 19:28:18,8680.17,Hotels,40010,Card,DEV-04-3,iPhone,Pune,19,3,0,7.82,46,22176.53,13484.78,5,7,12,0,0,0,120.15,0,
TXN04-00152,4,2026-05-14 19:42:04,50000.0,Suppliers,40015,Card,DEV-04-2,iPhone,Mumbai,19,3,0,13.77,47,22087.15,13484.56,4,60,124,0,0,0,120.15,0,
TXN04-00153,4,2026-05-14 20:35:56,21140.64,Fuel,40020,UPI,DEV-04-2,iPhone,Delhi,20,3,0,53.87,48,22270.78,13628.25,2,61,15,0,0,0,1153.24,0,
TXN04-00154,4,2026-05-14 20:49:59,22526.88,Office,40028,UPI,DEV-04-3,iPhone,Mumbai,20,3,0,14.05,49,22263.4,13583.95,3,8,125,0,0,0,1153.24,0,
TXN04-00155,4,2026-05-14 20:51:56,11729.68,Hotels,40001,UPI,DEV-04-1,iPhone,Mumbai,20,3,0,1.95,50,22265.11,13539.79,20,85,126,0,0,0,0.0,0,
TXN04-00156,4,2026-05-14 20:56:30,11112.77,Fuel,40002,Bank Transfer,DEV-04-3,iPhone,Mumbai,20,3,0,4.57,51,22197.14,13522.38,18,9,127,0,0,0,0.0,0,
TXN04-00157,4,2026-05-15 08:27:16,10029.54,Hotels,40030,Card,DEV-04-3,iPhone,Mumbai,8,4,0,690.77,1,22126.08,13507.96,3,10,128,0,0,0,0.0,0,
TXN04-00158,4,2026-05-15 08:49:54,12571.45,Suppliers,40003,UPI,DEV-04-1,iPhone,Mumbai,8,4,0,22.63,2,22049.04,13499.22,17,86,129,0,0,0,0.0,0,
TXN04-00159,4,2026-05-15 08:51:46,5297.16,Suppliers,40003,Bank Transfer,DEV-04-1,iPhone,Delhi,8,4,0,1.87,3,21989.05,13477.41,18,87,16,0,0,0,1153.24,0,
TXN04-00160,4,2026-05-15 09:00:29,5646.12,Suppliers,40003,Bank Transfer,DEV-04-1,iPhone,Mumbai,9,4,0,8.72,4,21884.07,13499.61,19,88,130,0,0,0,1153.24,0,
TXN04-00161,4,2026-05-15 09:32:50,24688.52,Fuel,40002,UPI,DEV-04-1,iPhone,Mumbai,9,4,0,32.35,5,21782.58,13518.06,19,89,131,0,0,0,0.0,0,
TXN04-00162,4,2026-05-15 09:37:28,6105.85,Suppliers,40003,UPI,DEV-04-3,iPhone,Delhi,9,4,0,4.63,6,21800.63,13477.95,20,11,17,0,0,0,1153.24,0,
TXN04-00163,4,2026-05-15 09:42:36,5499.7,Suppliers,40011,UPI,DEV-04-1,iPhone,Mumbai,9,4,0,5.13,7,21703.75,13492.4,3,90,132,0,0,0,1153.24,0,
TXN04-00164,4,2026-05-15 10:05:32,15528.53,Hotels,40013,Bank Transfer,DEV-04-2,iPhone,Pune,10,4,0,22.93,8,21604.34,13510.33,5,62,13,0,0,0,120.15,0,
TXN04-00165,4,2026-05-15 10:12:40,3531.96,Suppliers,40011,UPI,DEV-04-2,iPhone,Mumbai,10,4,0,7.13,9,21567.29,13477.38,4,63,133,0,0,0,120.15,0,
TXN04-00166,4,2026-05-15 10:18:12,5299.26,Hotels,40006,Card,DEV-04-2,iPhone,Mumbai,10,4,0,5.53,10,21457.99,13509.2,8,64,134,0,0,0,0.0,0,
TXN04-00167,4,2026-05-15 10:42:47,22271.51,Suppliers,40011,Card,DEV-04-1,iPhone,Ahmedabad,10,4,0,24.58,11,21360.65,13526.36,5,91,1,0,1,0,439.98,0,
TXN04-00168,4,2026-05-15 10:51:06,27526.77,Office,40016,UPI,DEV-04-2,iPhone,Mumbai,10,4,0,8.32,12,21366.1,13485.99,3,65,135,0,0,0,439.98,0,
TXN04-00169,4,2026-05-15 11:28:43,22592.28,Hotels,40029,Card,DEV-04-2,iPhone,Mumbai,11,4,0,37.62,13,21402.77,13454.14,6,66,136,0,0,0,0.0,0,
TXN04-00170,4,2026-05-15 11:31:29,48749.83,Office,40032,Card,DEV-04-3,iPhone,Mumbai,11,4,0,2.77,14,21409.81,13414.58,2,12,137,0,0,0,0.0,0,
TXN04-00171,4,2026-05-15 11:34:05,7804.86,Hotels,40007,Bank Transfer,DEV-04-1,iPhone,Pune,11,4,0,2.6,15,21570.63,13537.49,4,92,14,0,0,0,120.15,0,
TXN04-00172,4,2026-05-15 11:45:44,10192.11,Hotels,40029,Card,DEV-04-3,iPhone,Mumbai,11,4,0,11.65,16,21490.13,13538.59,7,13,138,0,0,0,120.15,0,
TXN04-00173,4,2026-05-15 11:47:02,11505.96,Office,40005,Card,DEV-04-2,iPhone,Mumbai,11,4,0,1.3,17,21424.45,13526.48,8,67,139,0,0,0,0.0,0,
TXN04-00174,4,2026-05-15 11:48:27,50000.0,Hotels,40001,UPI,DEV-04-3,iPhone,Mumbai,11,4,0,1.42,18,21367.11,13508.27,21,14,140,0,0,0,0.0,0,
TXN04-00175,4,2026-05-15 12:07:59,29133.35,Hotels,40030,UPI,DEV-04-1,iPhone,Mumbai,12,4,0,19.53,19,21531.67,13642.19,4,93,141,0,0,0,0.0,0,
TXN04-00176,4,2026-05-15 12:27:02,30324.78,Hotels,40010,Card,DEV-04-1,iPhone,Mumbai,12,4,0,19.05,20,21575.11,13615.22,6,94,142,0,0,0,0.0,0,
TXN04-00177,4,2026-05-15 12:44:53,16785.08,Office,40016,UPI,DEV-04-2,iPhone,Pune,12,4,0,17.85,21,21624.82,13592.41,4,68,15,0,0,0,120.15,0,
TXN04-00178,4,2026-05-15 13:05:15,25836.78,Office,40028,Card,DEV-04-1,iPhone,Mumbai,13,4,0,20.37,22,21597.48,13558.81,4,95,143,0,0,0,120.15,0,
TXN04-00179,4,2026-05-15 13:05:15,17671.52,Office,40005,Card,DEV-04-2,iPhone,Mumbai,13,4,0,0.0,23,21621.3,13524.38,9,69,144,0,0,0,0.0,0,
TXN04-00180,4,2026-05-15 13:23:55,21893.67,Fuel,40002,Bank Transfer,DEV-04-3,iPhone,Mumbai,13,4,0,18.67,24,21599.23,13489.76,20,15,145,0,0,0,0.0,0,
TXN04-00181,4,2026-05-15 13:45:05,30613.4,Office,40005,Card,DEV-04-1,iPhone,Mumbai,13,4,0,21.17,25,21600.87,13452.26,10,96,146,0,0,0,0.0,0,
TXN04-00182,4,2026-05-15 13:57:47,33789.45,Hotels,40001,Card,DEV-04-3,iPhone,Mumbai,13,4,0,12.7,26,21650.66,13431.67,22,16,147,0,0,0,0.0,0,
TXN04-00183,4,2026-05-15 14:59:07,27414.2,Suppliers,40018,Card,DEV-04-1,iPhone,Mumbai,14,4,0,61.33,27,21717.35,13424.74,1,97,148,0,0,1,0.0,0,
TXN04-00184,4,2026-05-15 15:06:51,25973.49,Hotels,40006,Bank Transfer,DEV-04-2,iPhone,Mumbai,15,4,0,7.73,28,21748.49,13394.59,9,70,149,0,0,0,0.0,0,
TXN04-00185,4,2026-05-15 15:15:52,9066.98,Fuel,40002,UPI,DEV-04-3,iPhone,Delhi,15,4,0,9.02,29,21771.45,13361.76,21,17,18,0,0,0,1153.24,0,
TXN04-00186,4,2026-05-15 15:19:02,8845.33,Office,40016,UPI,DEV-04-3,iPhone,Mumbai,15,4,0,3.17,30,21702.77,13358.11,5,18,150,0,0,0,1153.24,0,
TXN04-00187,4,2026-05-15 15:29:40,5496.79,Hotels,40007,UPI,DEV-04-2,iPhone,Mumbai,15,4,0,10.63,31,21633.65,13355.29,5,71,151,0,0,0,0.0,0,
TXN04-00188,4,2026-05-15 16:12:27,15920.03,Suppliers,40003,Bank Transfer,DEV-04-1,iPhone,Chandigarh,16,4,0,42.78,32,21547.35,13371.43,21,98,1,0,1,0,1354.32,0,
TXN04-00189,4,2026-05-15 17:15:53,11997.74,Hotels,40019,Card,DEV-04-1,iPhone,Mumbai,17,4,0,63.43,33,21517.42,13342.1,5,99,152,0,0,0,1354.32,0,
TXN04-00190,4,2026-05-15 17:17:43,30108.33,Suppliers,40015,Card,DEV-04-1,iPhone,Mumbai,17,4,0,1.83,34,21467.05,13324.67,5,100,153,0,0,0,0.0,0,
TXN04-00191,4,2026-05-15 17:34:24,27837.94,Hotels,40019,UPI,DEV-04-2,iPhone,Mumbai,17,4,0,16.68,35,21512.53,13304.25,6,72,154,0,0,0,0.0,0,
TXN04-00192,4,2026-05-15 17:47:39,37334.69,Hotels,40001,UPI,DEV-04-3,iPhone,Delhi,17,4,0,13.25,36,21545.65,13277.23,23,19,19,0,0,0,1153.24,0,
TXN04-00193,4,2026-05-15 18:11:54,14308.16,Suppliers,40003,Card,DEV-04-2,iPhone,Mumbai,18,4,0,24.25,37,21627.89,13291.29,22,73,155,0,0,0,1153.24,0,
TXN04-00194,4,2026-05-15 19:18:28,32274.78,Office,40028,Bank Transfer,DEV-04-1,iPhone,Mumbai,19,4,0,66.57,38,21589.96,13267.22,5,101,156,0,0,0,0.0,0,
TXN04-00195,4,2026-05-15 19:29:55,16057.03,Suppliers,40004,Bank Transfer,DEV-04-3,iPhone,Mumbai,19,4,0,11.45,39,21645.04,13255.09,5,20,157,0,0,0,0.0,0,
TXN04-00196,4,2026-05-15 19:32:03,50000.0,Suppliers,40003,Card,DEV-04-3,iPhone,Pune,19,4,0,2.13,40,21616.38,13227.08,23,21,16,0,0,0,120.15,0,
TXN04-00197,4,2026-05-15 19:34:48,38076.33,Suppliers,40004,UPI,DEV-04-1,iPhone,Mumbai,19,4,0,2.75,41,21761.19,13347.37,6,102,158,0,0,0,120.15,0,
TXN04-00198,4,2026-05-15 19:48:48,9109.69,Hotels,40001,UPI,DEV-04-3,iPhone,Mumbai,19,4,0,14.0,42,21844.01,13363.85,24,22,159,0,0,0,0.0,0,
TXN04-00199,4,2026-05-15 20:01:38,31831.07,Hotels,40001,UPI,DEV-04-2,iPhone,Delhi,20,4,0,12.83,43,21779.7,13360.59,25,74,20,0,0,0,1153.24,0,
TXN04-00200,4,2026-05-15 20:04:19,28306.0,Suppliers,40011,Bank Transfer,DEV-04-1,iPhone,Mumbai,20,4,0,2.68,44,21830.21,13345.91,6,103,160,0,0,0,1153.24,0,
TXN04-00201,4,2026-05-15 20:04:45,13498.56,Office,40005,UPI,DEV-04-1,iPhone,Mumbai,20,4,0,0.43,45,21862.59,13320.34,11,104,161,0,0,0,0.0,0,
TXN04-00202,4,2026-05-15 20:08:56,19255.81,Office,40028,Card,DEV-04-2,iPhone,Mumbai,20,4,0,4.18,46,21820.97,13300.19,6,75,162,0,0,0,0.0,0,
TXN04-00203,4,2026-05-15 20:10:47,27876.81,Office,40005,UPI,DEV-04-1,iPhone,Mumbai,20,4,0,1.85,47,21808.27,13268.45,12,105,163,0,0,0,0.0,0,
TXN04-00204,4,2026-05-15 20:26:30,19413.57,Suppliers,40003,UPI,DEV-04-1,iPhone,Mumbai,20,4,0,15.72,48,21838.17,13242.54,24,106,164,0,0,0,0.0,0,
TXN04-00205,4,2026-05-15 20:31:53,3777.15,Hotels,40029,UPI,DEV-04-1,iPhone,Mumbai,20,4,0,5.38,49,21826.28,13211.13,8,107,165,0,0,0,0.0,0,
TXN04-00206,4,2026-05-15 20:32:08,15605.91,Hotels,40007,UPI,DEV-04-1,iPhone,Mumbai,20,4,0,0.25,50,21738.24,13238.73,6,108,166,0,0,0,0.0,0,
TXN04-00207,4,2026-05-15 20:33:13,3626.23,Suppliers,40004,UPI,DEV-04-2,iPhone,Mumbai,20,4,0,1.08,51,21708.47,13213.44,7,76,167,0,0,0,0.0,0,
TXN04-00208,4,2026-05-15 20:55:05,13609.56,Office,40016,UPI,DEV-04-1,iPhone,Delhi,20,4,0,21.87,52,21621.12,13240.97,6,109,21,0,0,0,1153.24,0,
TXN04-00209,4,2026-05-16 08:14:03,50000.0,Office,40028,UPI,DEV-04-2,iPhone,Mumbai,8,5,1,678.97,1,21582.6,13220.72,7,77,168,0,0,0,1153.24,0,
TXN04-00210,4,2026-05-16 08:20:22,18886.44,Fuel,40021,Card,DEV-04-2,iPhone,Mumbai,8,5,1,6.32,2,21718.57,13334.04,2,78,169,0,0,0,0.0,0,
TXN04-00211,4,2026-05-16 08:33:19,26830.59,Suppliers,40003,Card,DEV-04-1,iPhone,Mumbai,8,5,1,12.95,3,21705.08,13303.68,25,110,170,0,0,0,0.0,0,
TXN04-00212,4,2026-05-16 08:43:15,50000.0,Hotels,40001,UPI,DEV-04-1,iPhone,Mumbai,8,5,1,9.93,4,21729.37,13276.79,26,111,171,0,0,0,0.0,0,
TXN04-00213,4,2026-05-16 08:54:46,5642.95,Office,40005,Card,DEV-04-1,iPhone,Mumbai,8,5,1,11.52,5,21862.73,13386.33,13,112,172,0,0,0,0.0,0,
TXN04-00214,4,2026-05-16 08:54:59,7828.52,Fuel,40012,Card,DEV-04-3,iPhone,Mumbai,8,5,1,0.22,6,21786.58,13400.81,2,23,173,0,0,0,0.0,0,
TXN04-00215,4,2026-05-16 08:57:52,18680.14,Suppliers,40003,UPI,DEV-04-1,iPhone,Mumbai,8,5,1,2.88,7,21721.35,13403.31,26,113,174,0,0,0,0.0,0,
TXN04-00216,4,2026-05-16 09:05:59,12286.76,Suppliers,40011,UPI,DEV-UNK-3678,Android,Mumbai,9,5,1,8.12,8,21707.21,13373.71,7,1,175,1,0,0,0.0,1,ato_new_device
TXN04-00217,4,2026-05-16 09:06:36,36538.07,Hotels,40001,UPI,DEV-04-1,iPhone,Pune,9,5,1,0.62,9,21663.59,13358.03,27,114,17,0,0,0,120.15,0,
TXN04-00218,4,2026-05-16 09:08:40,15110.4,Fuel,40002,Card,DEV-04-1,iPhone,Mumbai,9,5,1,2.07,10,21732.14,13365.24,22,115,176,0,0,0,120.15,0,
TXN04-00219,4,2026-05-16 09:39:59,15342.47,Suppliers,40022,Card,DEV-04-1,iPhone,Delhi,9,5,1,31.32,11,21701.76,13342.05,5,116,22,0,0,0,1153.24,0,
TXN04-00220,4,2026-05-16 10:03:21,8012.43,Office,40028,Card,DEV-04-3,iPhone,Mumbai,10,5,1,23.37,12,21672.73,13318.46,8,24,177,0,0,0,1153.24,0,
TXN04-00221,4,2026-05-16 10:14:44,31936.89,Hotels,40030,UPI,DEV-04-1,iPhone,Mumbai,10,5,1,11.38,13,21610.63,13319.89,5,117,178,0,0,0,0.0,0,
TXN04-00222,4,2026-05-16 10:18:38,24994.89,Suppliers,40003,UPI,DEV-04-1,iPhone,Mumbai,10,5,1,3.9,14,21657.36,13307.78,27,118,179,0,0,0,0.0,0,
TXN04-00223,4,2026-05-16 10:22:26,50000.0,Suppliers,40035,Card,DEV-04-1,iPhone,Mumbai,10,5,1,3.8,15,21672.39,13279.65,3,119,180,0,0,0,0.0,0,
TXN04-00224,4,2026-05-16 11:12:47,11848.63,Fuel,40002,Bank Transfer,DEV-04-2,iPhone,Mumbai,11,5,1,50.35,16,21799.42,13384.34,23,79,181,0,0,0,0.0,0,
TXN04-00225,4,2026-05-16 11:19:36,11855.68,Office,40005,Card,DEV-04-3,iPhone,Mumbai,11,5,1,6.82,17,21755.0,13370.9,14,25,182,0,0,0,0.0,0,
TXN04-00226,4,2026-05-16 11:27:28,4084.65,Suppliers,40004,Bank Transfer,DEV-04-3,iPhone,Mumbai,11,5,1,7.87,18,21711.0,13357.4,8,26,183,0,0,0,0.0,0,
TXN04-00227,4,2026-05-16 11:28:14,9829.48,Suppliers,40018,Card,DEV-04-1,iPhone,Mumbai,11,5,1,0.77,19,21633.01,13379.06,2,120,184,0,0,0,0.0,0,
TXN04-00228,4,2026-05-16 11:52:01,30066.93,Hotels,40001,Card,DEV-04-4,Android,Mumbai,11,5,1,23.78,20,21581.01,13372.42,28,1,185,1,0,0,0.0,0,
TXN04-00229,4,2026-05-16 11:57:12,11006.1,Suppliers,40003,Card,DEV-04-3,iPhone,Mumbai,11,5,1,5.18,21,21618.23,13354.84,28,27,186,0,0,0,0.0,0,
TXN04-00230,4,2026-05-16 11:58:24,5776.46,Office,40005,Card,DEV-04-1,iPhone,Mumbai,11,5,1,1.2,22,21571.89,13344.01,15,121,187,0,0,0,0.0,0,
TXN04-00231,4,2026-05-16 12:04:21,7219.08,Fuel,40021,Bank Transfer,DEV-04-3,iPhone,Mumbai,12,5,1,5.95,23,21503.21,13355.47,3,28,188,0,0,0,0.0,0,
TXN04-00232,4,2026-05-16 12:05:34,6820.84,Suppliers,40004,Card,DEV-04-1,iPhone,Delhi,12,5,1,1.22,24,21441.38,13359.48,9,122,23,0,0,0,1153.24,0,
TXN04-00233,4,2026-05-16 12:13:40,35434.2,Office,40005,UPI,DEV-04-2,iPhone,Mumbai,12,5,1,8.1,25,21378.36,13365.03,16,80,189,0,0,0,1153.24,0,
TXN04-00234,4,2026-05-16 12:32:29,6383.12,Suppliers,40011,UPI,DEV-04-2,iPhone,Delhi,12,5,1,18.82,26,21438.68,13367.93,8,81,24,0,0,0,1153.24,0,
TXN04-00235,4,2026-05-16 12:34:33,29127.86,Fuel,40009,UPI,DEV-04-3,iPhone,Mumbai,12,5,1,2.07,27,21374.34,13375.44,12,29,190,0,0,0,1153.24,0,
TXN04-00236,4,2026-05-16 12:44:47,14794.58,Fuel,40023,Bank Transfer,DEV-04-3,iPhone,Pune,12,5,1,10.23,28,21407.34,13356.49,1,30,18,0,0,1,120.15,0,
TXN04-00237,4,2026-05-16 12:56:00,9150.8,Suppliers,40003,Card,DEV-04-3,iPhone,Mumbai,12,5,1,11.22,29,21379.32,13335.08,29,31,191,0,0,0,120.15,0,
TXN04-00238,4,2026-05-16 13:08:23,50000.0,Office,40032,Bank Transfer,DEV-04-4,Android,Mumbai,13,5,1,12.38,30,21327.72,13330.51,3,2,192,0,0,0,0.0,0,
TXN04-00239,4,2026-05-16 13:16:26,6595.93,Suppliers,40027,UPI,DEV-04-4,Android,Mumbai,13,5,1,8.05,31,21448.19,13431.14,3,3,193,0,0,0,0.0,0,
TXN04-00240,4,2026-05-16 13:18:03,18547.53,Office,40008,UPI,DEV-04-1,iPhone,Mumbai,13,5,1,1.62,32,21386.05,13437.25,6,123,194,0,0,0,0.0,0,
TXN04-00241,4,2026-05-16 13:23:47,17918.62,Suppliers,40003,UPI,DEV-04-3,iPhone,Mumbai,13,5,1,5.73,33,21374.22,13410.48,30,32,195,0,0,0,0.0,0,
TXN04-00242,4,2026-05-16 13:23:47,13470.92,Fuel,40021,Card,DEV-04-1,iPhone,Mumbai,13,5,1,0.0,34,21359.88,13384.47,4,124,196,0,0,0,0.0,0,
TXN04-00243,4,2026-05-16 13:45:37,8833.79,Fuel,40009,Card,DEV-04-3,iPhone,Mumbai,13,5,1,21.83,35,21327.28,13366.37,13,33,197,0,0,0,0.0,0,
TXN04-00244,4,2026-05-16 13:49:53,19763.1,Hotels,40013,Bank Transfer,DEV-04-1,iPhone,Mumbai,13,5,1,4.27,36,21275.87,13362.8,6,125,198,0,0,0,0.0,0,
TXN04-00245,4,2026-05-16 14:02:08,47178.33,Suppliers,40038,Card,DEV-04-2,iPhone,Mumbai,14,5,1,12.25,37,21269.67,13335.74,1,82,199,0,0,1,0.0,0,
TXN04-00246,4,2026-05-16 14:14:20,19063.87,Hotels,40007,UPI,DEV-04-1,iPhone,Mumbai,14,5,1,12.2,38,21375.42,13410.62,7,126,200,0,0,0,0.0,0,
TXN04-00247,4,2026-05-16 14:15:08,22282.7,Office,40005,Card,DEV-04-2,iPhone,Mumbai,14,5,1,0.8,39,21366.02,13384.14,17,83,201,0,0,0,0.0,0,
TXN04-00248,4,2026-05-16 14:50:50,8975.7,Office,40005,UPI,DEV-04-3,iPhone,Mumbai,14,5,1,35.7,40,21369.73,13357.14,18,34,202,0,0,0,0.0,0,
TXN04-00249,4,2026-05-16 15:11:05,38768.82,Suppliers,40003,UPI,DEV-04-1,iPhone,Mumbai,15,5,1,20.25,41,21319.76,13353.31,31,127,203,0,0,0,0.0,0,
TXN04-00250,4,2026-05-16 15:11:20,11473.77,Hotels,40006,UPI,DEV-04-2,iPhone,Mumbai,15,5,1,0.25,42,21389.84,13372.08,10,84,204,0,0,0,0.0,0,
TXN04-00251,4,2026-05-16 15:22:23,6634.8,Office,40028,Card,DEV-04-1,iPhone,Mumbai,15,5,1,11.05,43,21350.17,13359.98,9,128,205,0,0,0,0.0,0,
TXN04-00252,4,2026-05-16 15:23:11,45486.14,Office,40031,Card,DEV-04-1,iPhone,Mumbai,15,5,1,0.8,44,21291.54,13365.52,2,129,206,0,0,0,0.0,0,
TXN04-00253,4,2026-05-16 15:38:01,35806.58,Suppliers,40015,UPI,DEV-04-1,iPhone,Mumbai,15,5,1,14.83,45,21387.55,13425.43,6,130,207,0,0,0,0.0,0,
TXN04-00254,4,2026-05-16 15:52:12,6845.6,Office,40005,UPI,DEV-04-3,iPhone,Mumbai,15,5,1,14.18,46,21444.55,13429.38,19,35,208,0,0,0,0.0,0,
TXN04-00255,4,2026-05-16 16:15:40,3989.7,Suppliers,40024,UPI,DEV-04-2,iPhone,Mumbai,16,5,1,23.47,47,21387.07,13434.06,2,85,209,0,0,0,0.0,0,
TXN04-00256,4,2026-05-16 16:18:12,10614.54,Hotels,40001,Card,DEV-04-2,iPhone,Mumbai,16,5,1,2.53,48,21318.85,13451.71,29,86,210,0,0,0,0.0,0,
TXN04-00257,4,2026-05-16 16:21:02,17320.29,Hotels,40025,Card,DEV-04-2,iPhone,Mumbai,16,5,1,2.83,49,21277.03,13442.0,1,87,211,0,0,1,0.0,0,
TXN04-00258,4,2026-05-16 16:22:21,22613.0,Office,40028,Bank Transfer,DEV-04-2,iPhone,Mumbai,16,5,1,1.32,50,21261.64,13418.09,10,88,212,0,0,0,0.0,0,
TXN04-00259,4,2026-05-16 16:26:11,17585.98,Office,40005,Card,DEV-04-2,iPhone,Mumbai,16,5,1,3.83,51,21266.87,13392.32,20,89,213,0,0,0,0.0,0,
TXN04-00260,4,2026-05-16 16:32:02,44000.77,Suppliers,40027,UPI,DEV-04-1,iPhone,Mumbai,16,5,1,5.85,52,21252.66,13368.39,4,131,214,0,0,0,0.0,0,
TXN04-00261,4,2026-05-16 16:42:31,29131.73,Office,40005,Card,DEV-04-1,iPhone,Mumbai,16,5,1,10.48,53,21340.15,13416.75,21,132,215,0,0,0,0.0,0,
TXN04-00262,4,2026-05-16 16:56:51,12222.25,Office,40008,UPI,DEV-04-1,iPhone,Mumbai,16,5,1,14.33,54,21370.01,13399.67,7,133,216,0,0,0,0.0,0,
TXN04-00263,4,2026-05-16 17:22:30,5362.62,Hotels,40007,Card,DEV-04-3,iPhone,Mumbai,17,5,1,25.65,55,21335.09,13385.97,8,36,217,0,0,0,0.0,0,
TXN04-00264,4,2026-05-16 17:26:27,21057.13,Hotels,40001,Bank Transfer,DEV-04-2,iPhone,Mumbai,17,5,1,3.95,56,21274.36,13396.61,30,90,218,0,0,0,0.0,0,
TXN04-00265,4,2026-05-16 17:43:31,13069.48,Office,40031,UPI,DEV-04-1,iPhone,Mumbai,17,5,1,17.07,57,21273.54,13371.22,3,134,219,0,0,0,0.0,0,
TXN04-00266,4,2026-05-16 17:47:51,7306.45,Suppliers,40003,UPI,DEV-04-4,Android,Mumbai,17,5,1,4.33,58,21242.58,13355.44,32,4,220,0,0,0,0.0,0,
TXN04-00267,4,2026-05-16 17:52:55,6558.34,Fuel,40009,Card,DEV-04-4,Android,Mumbai,17,5,1,5.07,59,21190.19,13357.57,14,5,221,0,0,0,0.0,0,
TXN04-00268,4,2026-05-16 17:55:32,50000.0,Office,40008,Card,DEV-04-4,Android,Mumbai,17,5,1,2.62,60,21135.39,13362.46,8,6,222,0,0,0,0.0,0,
TXN04-00269,4,2026-05-16 18:10:46,6615.54,Fuel,40020,UPI,DEV-04-2,iPhone,Mumbai,18,5,1,15.23,61,21243.09,13453.11,3,91,223,0,0,0,0.0,0,
TXN04-00270,4,2026-05-16 18:11:52,16090.44,Hotels,40019,UPI,DEV-04-1,iPhone,Mumbai,18,5,1,1.1,62,21188.71,13457.56,7,135,224,0,0,0,0.0,0,
TXN04-00271,4,2026-05-16 18:26:54,25605.24,Suppliers,40022,UPI,DEV-04-2,iPhone,Mumbai,18,5,1,15.03,63,21169.83,13436.18,6,92,225,0,0,0,0.0,0,
TXN04-00272,4,2026-05-16 18:31:26,33369.37,Fuel,40009,UPI,DEV-04-3,iPhone,Mumbai,18,5,1,4.53,64,21186.2,13414.07,15,37,226,0,0,0,0.0,0,
TXN04-00273,4,2026-05-16 18:35:33,17404.92,Fuel,40012,UPI,DEV-04-2,iPhone,Pune,18,5,1,4.12,65,21230.99,13409.67,3,93,19,0,0,0,120.15,0,
TXN04-00274,4,2026-05-16 18:38:46,17856.11,Office,40016,Card,DEV-04-4,Android,Mumbai,18,5,1,3.22,66,21216.97,13387.09,7,7,227,0,0,0,120.15,0,
TXN04-00275,4,2026-05-16 18:48:05,14329.65,Suppliers,40015,Card,DEV-04-1,iPhone,Mumbai,18,5,1,9.32,67,21204.71,13364.17,7,136,228,0,0,0,0.0,0,
TXN04-00276,4,2026-05-16 18:57:58,2913.89,Office,40016,UPI,DEV-04-1,iPhone,Mumbai,18,5,1,9.88,68,21179.71,13346.27,8,137,229,0,0,0,0.0,0,
TXN04-00277,4,2026-05-16 19:02:28,5801.31,Hotels,40006,UPI,DEV-04-1,iPhone,Mumbai,19,5,1,4.5,69,21113.53,13367.2,11,138,230,0,0,0,0.0,0,
TXN04-00278,4,2026-05-16 19:47:16,9262.92,Fuel,40020,UPI,DEV-04-3,iPhone,Mumbai,19,5,1,44.8,70,21058.25,13374.61,4,38,231,0,0,0,0.0,0,
TXN04-00279,4,2026-05-16 20:05:37,9875.14,Suppliers,40022,Card,DEV-04-1,iPhone,Mumbai,20,5,1,18.35,71,21015.82,13369.2,7,139,232,0,0,0,0.0,0,
TXN04-00280,4,2026-05-16 20:20:35,21620.13,Hotels,40001,Card,DEV-04-2,iPhone,Mumbai,20,5,1,14.97,72,20975.89,13361.82,31,94,233,0,0,0,0.0,0,
TXN04-00281,4,2026-05-16 20:24:22,28471.54,Hotels,40014,UPI,DEV-04-3,iPhone,Pune,20,5,1,3.78,73,20978.19,13337.99,3,39,20,0,0,0,120.15,0,
TXN04-00282,4,2026-05-16 20:33:08,17860.44,Fuel,40021,UPI,DEV-04-1,iPhone,Mumbai,20,5,1,8.77,74,21004.86,13321.71,5,140,234,0,0,0,120.15,0,
TXN04-00283,4,2026-05-16 20:39:40,23057.28,Fuel,40020,Card,DEV-04-3,iPhone,Mumbai,20,5,1,6.53,75,20993.71,13299.38,5,40,235,0,0,0,0.0,0,
TXN04-00284,4,2026-05-16 20:46:21,18313.3,Fuel,40023,Bank Transfer,DEV-04-4,Android,Mumbai,20,5,1,6.68,76,21001.0,13276.43,2,8,236,0,0,0,0.0,0,
TXN04-00285,4,2026-05-16 20:48:00,10957.17,Fuel,40021,Bank Transfer,DEV-04-1,iPhone,Mumbai,20,5,1,1.65,77,20991.53,13253.99,6,141,237,0,0,0,0.0,0,
TXN04-00286,4,2026-05-16 20:58:33,48751.97,Fuel,40002,UPI,DEV-04-2,iPhone,Mumbai,20,5,1,10.55,78,20956.32,13244.02,24,95,238,0,0,0,0.0,0,
TXN04-00287,4,2026-05-17 08:44:38,20532.31,Fuel,40012,Bank Transfer,DEV-04-1,iPhone,Mumbai,8,6,1,706.08,1,21053.51,13322.26,4,142,239,0,0,0,0.0,0,
TXN04-00288,4,2026-05-17 08:53:43,18527.23,Suppliers,40015,UPI,DEV-04-1,iPhone,Mumbai,8,6,1,9.08,2,21051.7,13299.07,8,143,240,0,0,0,0.0,0,
TXN04-00289,4,2026-05-17 08:54:13,22621.21,Hotels,40030,Bank Transfer,DEV-04-2,iPhone,Delhi,8,6,1,0.5,3,21042.93,13276.79,6,96,25,0,0,0,1153.24,0,
TXN04-00290,4,2026-05-17 09:11:55,4332.74,Hotels,40039,Card,DEV-04-1,iPhone,Mumbai,9,6,1,17.7,4,21048.39,13254.12,1,144,241,0,0,1,1153.24,0,
TXN04-00291,4,2026-05-17 09:21:09,25639.13,Suppliers,40004,Bank Transfer,DEV-04-1,iPhone,Mumbai,9,6,1,9.23,5,20990.75,13267.48,10,145,242,0,0,0,0.0,0,
TXN04-00292,4,2026-05-17 09:34:59,38131.84,Hotels,40001,Card,DEV-04-3,iPhone,Mumbai,9,6,1,13.83,6,21006.73,13247.46,32,41,243,0,0,0,0.0,0,
TXN04-00293,4,2026-05-17 09:44:13,23667.61,Suppliers,40004,UPI,DEV-04-4,Android,Mumbai,9,6,1,9.23,7,21065.37,13262.55,11,9,244,0,0,0,0.0,0,
TXN04-00294,4,2026-05-17 10:19:43,34071.11,Fuel,40009,Card,DEV-04-1,iPhone,Mumbai,10,6,1,35.5,8,21074.25,13240.76,16,146,245,0,0,0,0.0,0,
TXN04-00295,4,2026-05-17 10:26:58,11903.96,Hotels,40001,Bank Transfer,DEV-04-1,iPhone,Mumbai,10,6,1,7.25,9,21118.46,13239.87,33,147,246,0,0,0,0.0,0,
TXN04-00296,4,2026-05-17 10:54:51,14211.9,Fuel,40012,UPI,DEV-04-1,iPhone,Mumbai,10,6,1,27.88,10,21087.23,13228.26,5,148,247,0,0,0,0.0,0,
TXN04-00297,4,2026-05-17 11:13:34,20427.71,Suppliers,40004,Bank Transfer,DEV-04-1,iPhone,Mumbai,11,6,1,18.72,11,21064.0,13211.92,12,149,248,0,0,0,0.0,0,
TXN04-00298,4,2026-05-17 11:15:08,11501.89,Suppliers,40022,UPI,DEV-04-3,iPhone,Mumbai,11,6,1,1.57,12,21061.86,13189.71,8,42,249,0,0,0,0.0,0,
TXN04-00299,4,2026-05-17 12:51:15,14563.38,Office,40008,Bank Transfer,DEV-04-1,iPhone,Mumbai,12,6,1,96.12,13,21029.78,13179.16,9,150,250,0,0,0,0.0,0,
TXN04-00300,4,2026-05-17 13:19:30,24410.74,Suppliers,40034,Card,DEV-04-2,iPhone,Mumbai,13,6,1,28.25,14,21008.15,13162.4,3,97,251,0,0,0,0.0,0,
TXN04-00301,4,2026-05-17 13:27:05,50000.0,Fuel,40002,Card,DEV-04-2,iPhone,Mumbai,13,6,1,7.58,15,21019.49,13141.91,25,98,252,0,0,0,0.0,0,
TXN04-00302,4,2026-05-17 13:40:12,31403.21,Hotels,40010,Bank Transfer,DEV-04-4,Android,Mumbai,13,6,1,13.12,16,21115.77,13225.62,7,10,253,0,0,0,0.0,0,
TXN04-00303,4,2026-05-17 14:12:08,21695.02,Suppliers,40004,Bank Transfer,DEV-04-2,iPhone,Delhi,14,6,1,31.93,17,21149.84,13216.92,13,99,26,0,0,0,1153.24,0,
TXN04-00304,4,2026-05-17 14:32:13,5198.31,Hotels,40006,UPI,DEV-04-2,iPhone,Mumbai,14,6,1,20.08,18,21151.64,13195.13,12,100,254,0,0,0,1153.24,0,
TXN04-00305,4,2026-05-17 15:00:42,14208.43,Hotels,40001,UPI,DEV-04-3,iPhone,Mumbai,15,6,1,28.48,19,21099.16,13205.04,34,43,255,0,0,0,0.0,0,
TXN04-00306,4,2026-05-17 15:12:30,13189.16,Office,40040,UPI,DEV-04-4,Android,Pune,15,6,1,11.8,20,21076.56,13189.26,1,11,21,0,0,1,120.15,0,
TXN04-00307,4,2026-05-17 15:12:41,5607.05,Hotels,40029,Card,DEV-04-4,Android,Mumbai,15,6,1,0.18,21,21050.79,13175.38,9,12,256,0,0,0,120.15,0,
TXN04-00308,4,2026-05-17 15:22:41,3407.53,Hotels,40041,Card,DEV-04-1,iPhone,Mumbai,15,6,1,10.0,22,21000.48,13183.31,1,151,257,0,0,1,0.0,0,
TXN04-00309,4,2026-05-17 15:28:04,21341.15,Suppliers,40035,Bank Transfer,DEV-04-1,iPhone,Mumbai,15,6,1,5.38,23,20943.36,13199.89,4,152,258,0,0,0,0.0,0,
TXN04-00310,4,2026-05-17 15:39:13,50000.0,Hotels,40001,UPI,DEV-04-2,iPhone,Mumbai,15,6,1,11.15,24,20944.65,13178.53,35,101,259,0,0,0,0.0,0,
TXN04-00311,4,2026-05-17 15:57:53,5666.4,Suppliers,40011,Card,DEV-04-2,iPhone,Mumbai,15,6,1,18.67,25,21038.38,13260.01,9,102,260,0,0,0,0.0,0,
TXN04-00312,4,2026-05-17 16:35:28,10584.62,Hotels,40010,UPI,DEV-04-2,iPhone,Mumbai,16,6,1,37.58,26,20988.95,13267.25,8,103,261,0,0,0,0.0,0,
TXN04-00313,4,2026-05-17 16:46:44,9835.0,Suppliers,40003,Card,DEV-04-4,Android,Mumbai,16,6,1,11.27,27,20955.6,13259.02,33,13,262,0,0,0,0.0,0,
TXN04-00314,4,2026-05-17 17:12:28,15972.05,Office,40008,Card,DEV-04-1,iPhone,Pune,17,6,1,25.73,28,20920.07,13252.69,10,153,22,0,0,0,120.15,0,
TXN04-00315,4,2026-05-17 17:12:28,54549.7,Hotels,40182,Bank Transfer,DEV-04-1,iPhone,Mumbai,17,6,1,0.0,29,20904.32,13234.51,1,154,263,0,0,1,120.15,1,ato_higher_amount_new_merchant_same_category
TXN04-00316,4,2026-05-17 18:03:15,13386.67,Hotels,40042,Card,DEV-04-4,Android,Mumbai,18,6,1,50.78,30,21011.13,13348.35,1,14,264,0,0,1,0.0,0,
TXN04-00317,4,2026-05-17 18:06:31,7316.49,Fuel,40043,UPI,DEV-04-2,iPhone,Mumbai,18,6,1,3.27,31,20987.0,13334.09,1,104,265,0,0,1,0.0,0,
TXN04-00318,4,2026-05-17 18:55:31,20640.89,Suppliers,40022,UPI,DEV-04-2,iPhone,Mumbai,18,6,1,49.0,32,20943.87,13335.09,9,105,266,0,0,0,0.0,0,
TXN04-00319,4,2026-05-17 18:59:35,40490.08,Fuel,40009,UPI,DEV-04-1,iPhone,Mumbai,18,6,1,4.07,33,20942.92,13314.12,17,155,267,0,0,0,0.0,0,
TXN04-00320,4,2026-05-17 19:02:19,5069.55,Suppliers,40035,UPI,DEV-04-4,Android,Mumbai,19,6,1,2.73,34,21004.2,13338.07,5,15,268,0,0,0,0.0,0,
TXN04-00321,4,2026-05-17 19:20:28,18683.66,Office,40033,UPI,DEV-04-3,iPhone,Mumbai,19,6,1,18.15,35,20954.4,13346.88,4,44,269,0,0,0,0.0,0,
TXN04-00322,4,2026-05-17 19:21:30,8959.4,Hotels,40019,UPI,DEV-04-4,Android,Delhi,19,6,1,1.03,36,20947.33,13326.67,8,16,27,0,0,0,1153.24,0,
TXN04-00323,4,2026-05-17 19:55:03,24869.61,Office,40005,Card,DEV-04-4,Android,Mumbai,19,6,1,33.55,37,20910.1,13322.67,22,17,270,0,0,0,1153.24,0,
TXN04-00324,4,2026-05-17 19:57:30,10233.65,Suppliers,40035,Card,DEV-04-2,iPhone,Mumbai,19,6,1,2.45,38,20922.36,13303.85,6,106,271,0,0,0,0.0,0,
TXN04-00325,4,2026-05-17 20:04:54,6163.11,Office,40031,UPI,DEV-04-1,iPhone,Mumbai,20,6,1,7.4,39,20889.37,13296.53,4,156,272,0,0,0,0.0,0,
TXN04-00326,4,2026-05-17 20:20:13,17022.21,Suppliers,40003,UPI,DEV-04-4,Android,Mumbai,20,6,1,15.32,40,20844.06,13301.09,34,18,273,0,0,0,0.0,0,
TXN04-00327,4,2026-05-18 08:20:24,50000.0,Suppliers,40018,UPI,DEV-04-1,iPhone,Mumbai,8,0,0,720.18,1,20832.33,13282.35,3,157,274,0,0,0,0.0,0,
TXN04-00328,4,2026-05-18 08:29:27,10514.27,Suppliers,40011,UPI,DEV-04-3,iPhone,Pune,8,0,0,9.05,2,20921.53,13359.46,10,45,23,0,0,0,120.15,0,
TXN04-00329,4,2026-05-18 08:49:08,10327.87,Hotels,40042,Bank Transfer,DEV-04-4,Android,Mumbai,8,0,0,19.68,3,20889.8,13351.41,2,19,275,0,0,0,120.15,0,
TXN04-00330,4,2026-05-18 08:53:22,14088.19,Suppliers,40003,Card,DEV-04-1,iPhone,Mumbai,8,0,0,4.23,4,20857.7,13343.78,35,158,276,0,0,0,0.0,0,
TXN04-00331,4,2026-05-18 09:42:27,14780.25,Fuel,40002,Bank Transfer,DEV-04-3,iPhone,Mumbai,9,0,0,49.08,5,20837.18,13328.74,26,46,277,0,0,0,0.0,0,
TXN04-00332,4,2026-05-18 10:39:31,36221.14,Hotels,40019,Card,DEV-04-5,iPhone,Pune,10,0,0,57.07,6,20818.88,13312.74,9,1,24,1,0,0,120.15,0,
TXN04-00333,4,2026-05-18 11:22:03,49797.23,Suppliers,40024,Bank Transfer,DEV-04-1,iPhone,Mumbai,11,0,0,42.53,7,20865.28,13319.45,3,159,278,0,0,0,120.15,0,
TXN04-00334,4,2026-05-18 11:26:32,20647.03,Hotels,40042,Card,DEV-04-3,iPhone,Mumbai,11,0,0,4.48,8,20952.16,13393.32,3,47,279,0,0,0,0.0,0,
TXN04-00335,4,2026-05-18 11:27:32,15191.03,Hotels,40191,Bank Transfer,DEV-04-12,Android,Mumbai,11,0,0,1.0,9,20951.25,13373.27,1,1,280,1,0,1,0.0,1,ato_short_gap_new_merchant_same_category
TXN04-00336,4,2026-05-18 11:31:59,6655.63,Fuel,40002,Card,DEV-04-4,Android,Mumbai,11,0,0,4.45,10,20934.05,13356.99,27,20,281,0,0,0,0.0,0,
TXN04-00337,4,2026-05-18 11:46:36,7940.53,Suppliers,40011,UPI,DEV-04-3,iPhone,Delhi,11,0,0,14.62,11,20891.56,13359.76,11,48,28,0,0,0,1153.24,0,
TXN04-00338,4,2026-05-18 12:16:56,13804.0,Office,40005,Card,DEV-04-3,iPhone,Mumbai,12,0,0,30.33,12,20853.13,13358.51,23,49,282,0,0,0,1153.24,0,
TXN04-00339,4,2026-05-18 12:34:49,28512.85,Hotels,40006,Card,DEV-04-1,iPhone,Mumbai,12,0,0,17.88,13,20832.27,13344.23,13,160,283,0,0,0,0.0,0,
TXN04-00340,4,2026-05-18 12:52:39,37764.67,Hotels,40006,UPI,DEV-04-2,iPhone,Mumbai,12,0,0,17.83,14,20854.93,13331.04,14,107,284,0,0,0,0.0,0,
TXN04-00341,4,2026-05-18 13:44:40,12117.61,Office,40005,UPI,DEV-04-5,iPhone,Mumbai,13,0,0,52.02,15,20904.66,13342.88,24,2,285,0,0,0,0.0,0,
TXN04-00342,4,2026-05-18 14:07:36,35537.74,Office,40005,Card,DEV-04-3,iPhone,Mumbai,14,0,0,22.93,16,20878.89,13331.77,25,50,286,0,0,0,0.0,0,
TXN04-00343,4,2026-05-18 14:16:59,5592.71,Fuel,40009,UPI,DEV-04-1,iPhone,Mumbai,14,0,0,9.38,17,20921.76,13335.77,18,161,287,0,0,0,0.0,0,
TXN04-00344,4,2026-05-18 14:21:40,16629.41,Suppliers,40003,Card,DEV-04-3,iPhone,Mumbai,14,0,0,4.68,18,20877.06,13341.94,36,51,288,0,0,0,0.0,0,
TXN04-00345,4,2026-05-18 14:34:23,42719.2,Hotels,40013,Card,DEV-04-1,iPhone,Mumbai,14,0,0,12.72,19,20864.72,13324.5,7,162,289,0,0,0,0.0,0,
TXN04-00346,4,2026-05-18 14:59:45,12627.69,Suppliers,40175,Bank Transfer,DEV-04-9,iPhone,Delhi,14,0,0,25.37,20,20928.06,13356.95,1,1,29,1,0,1,1153.24,1,ato_higher_amount_new_merchant_same_category
TXN04-00347,4,2026-05-18 15:30:58,27101.84,Hotels,40001,Card,DEV-04-2,iPhone,Mumbai,15,0,0,31.22,21,20904.07,13345.07,36,108,290,0,0,0,1153.24,0,
TXN04-00348,4,2026-05-18 15:37:43,14391.01,Office,40008,Card,DEV-04-2,iPhone,Mumbai,15,0,0,6.75,22,20921.93,13329.97,11,109,291,0,0,0,0.0,0,
TXN04-00349,4,2026-05-18 15:40:27,28805.47,Hotels,40007,UPI,DEV-04-3,iPhone,Pune,15,0,0,2.73,23,20903.17,13315.4,9,52,25,0,0,0,120.15,0,
TXN04-00350,4,2026-05-18 16:00:06,23892.14,Fuel,40012,Card,DEV-04-2,iPhone,Mumbai,16,0,0,19.65,24,20925.81,13303.01,6,110,292,0,0,0,120.15,0,
TXN04-00351,4,2026-05-18 16:00:43,17689.5,Hotels,40010,Card,DEV-04-3,iPhone,Mumbai,16,0,0,0.62,25,20934.29,13284.94,9,53,293,0,0,0,0.0,0,
TXN04-00352,4,2026-05-18 17:45:52,19813.5,Fuel,40021,UPI,DEV-04-1,iPhone,Mumbai,17,0,0,105.15,26,20925.04,13267.13,7,163,294,0,0,0,0.0,0,
TXN04-00353,4,2026-05-18 18:18:00,11083.84,Office,40005,UPI,DEV-04-2,iPhone,Delhi,18,0,0,32.13,27,20921.88,13248.4,26,111,30,0,0,0,1153.24,0,
TXN04-00354,4,2026-05-18 18:35:22,49319.57,Hotels,40001,Card,DEV-04-1,iPhone,Mumbai,18,0,0,17.37,28,20894.01,13239.95,37,164,295,0,0,0,1153.24,0,
TXN04-00355,4,2026-05-18 18:46:35,24930.95,Fuel,40002,Bank Transfer,DEV-04-2,iPhone,Mumbai,18,0,0,11.22,29,20974.31,13307.04,28,112,296,0,0,0,0.0,0,
TXN04-00356,4,2026-05-18 19:33:19,11567.85,Suppliers,40018,Card,DEV-04-2,iPhone,Mumbai,19,0,0,46.73,30,20985.46,13289.93,4,113,297,0,0,0,0.0,0,
TXN04-00357,4,2026-05-18 19:48:12,18583.25,Fuel,40009,UPI,DEV-04-4,Android,Mumbai,19,0,0,14.88,31,20959.0,13280.61,19,21,298,0,0,0,0.0,0,
TXN04-00358,4,2026-05-18 20:38:11,12830.02,Hotels,40001,Card,DEV-04-2,iPhone,Mumbai,20,0,0,49.98,32,20952.35,13262.59,38,114,299,0,0,0,0.0,0,
TXN04-00359,4,2026-05-18 20:49:18,40642.09,Suppliers,40018,UPI,DEV-04-3,iPhone,Mumbai,20,0,0,11.12,33,20929.66,13250.99,5,54,300,0,0,0,0.0,0,
TXN04-00360,4,2026-05-19 06:41:09,32792.9,Overseas Merchant,965973,Card,DEV-04-1,iPhone,Unknown Country,6,1,0,591.85,1,20984.57,13273.25,1,165,1,0,1,1,8211.14,1,foreign_merchant
TXN04-00361,4,2026-05-19 08:08:12,21843.24,Fuel,40012,Card,DEV-04-5,iPhone,Pune,8,1,0,87.05,2,21017.37,13269.36,7,3,26,0,0,0,8307.79,0,
TXN04-00362,4,2026-05-19 08:13:08,26539.23,Hotels,40039,Card,DEV-04-2,iPhone,Mumbai,8,1,0,4.93,3,20997.2,13262.57,2,115,301,0,0,0,120.15,0,
TXN04-00363,4,2026-05-19 08:14:03,10339.63,Suppliers,40015,Card,DEV-04-1,iPhone,Goa,8,1,0,0.92,4,21012.55,13247.39,9,166,1,0,1,0,440.32,0,
TXN04-00364,4,2026-05-19 08:23:06,24072.54,Suppliers,40027,UPI,DEV-04-4,Android,Mumbai,8,1,0,9.05,5,20983.07,13240.93,5,22,302,0,0,0,440.32,0,
TXN04-00365,4,2026-05-19 08:42:54,12832.59,Suppliers,40003,Bank Transfer,DEV-04-3,iPhone,Mumbai,8,1,0,19.8,6,21020.55,13230.42,37,55,303,0,0,0,0.0,0,
TXN04-00366,4,2026-05-19 08:43:35,50000.0,Suppliers,40027,Card,DEV-04-1,iPhone,Mumbai,8,1,0,0.68,7,20997.99,13219.15,6,167,304,0,0,0,0.0,0,
TXN04-00367,4,2026-05-19 08:49:33,5063.1,Fuel,40002,Card,DEV-04-1,iPhone,Delhi,8,1,0,5.97,8,21077.67,13287.97,29,168,31,0,0,0,1153.24,0,
TXN04-00368,4,2026-05-19 08:57:30,50000.0,Hotels,40039,UPI,DEV-04-2,iPhone,Pune,8,1,0,7.95,9,21033.79,13296.14,3,116,27,0,0,0,1179.48,0,
TXN04-00369,4,2026-05-19 09:16:52,26851.16,Suppliers,40027,Card,DEV-04-2,iPhone,Mumbai,9,1,0,19.37,10,21079.3,13366.59,7,117,305,0,0,0,120.15,0,
TXN04-00370,4,2026-05-19 10:19:08,22625.45,Fuel,40002,Card,DEV-04-5,iPhone,Mumbai,10,1,0,62.27,11,21095.07,13351.71,30,4,306,0,0,0,0.0,0,
TXN04-00371,4,2026-05-19 10:49:54,9790.51,Hotels,40013,UPI,DEV-04-1,iPhone,Mumbai,10,1,0,30.77,12,21071.02,13349.82,8,169,307,0,0,0,0.0,0,
TXN04-00372,4,2026-05-19 11:06:34,8967.39,Suppliers,40015,UPI,DEV-04-1,iPhone,Mumbai,11,1,0,16.67,13,21039.94,13344.53,10,170,308,0,0,0,0.0,0,
TXN04-00373,4,2026-05-19 11:36:54,25840.66,Suppliers,40003,Card,DEV-04-2,iPhone,Mumbai,11,1,0,30.33,14,21055.62,13326.98,38,118,309,0,0,0,0.0,0,
TXN04-00374,4,2026-05-19 12:05:26,37577.84,Fuel,40023,Bank Transfer,DEV-04-2,iPhone,Delhi,12,1,0,28.53,15,21081.01,13327.29,3,119,32,0,0,0,1153.24,0,
TXN04-00375,4,2026-05-19 12:21:48,43838.76,Suppliers,40022,Card,DEV-04-1,iPhone,Mumbai,12,1,0,16.37,16,21134.63,13328.82,10,171,310,0,0,0,1153.24,0,
TXN04-00376,4,2026-05-19 12:23:07,30660.3,Hotels,40010,Card,DEV-04-1,iPhone,Mumbai,12,1,0,1.32,17,21197.17,13363.54,10,172,311,0,0,0,0.0,0,
TXN04-00377,4,2026-05-19 12:35:20,12269.31,Office,40016,Bank Transfer,DEV-04-2,iPhone,Mumbai,12,1,0,12.22,18,21223.17,13354.36,9,120,312,0,0,0,0.0,0,
TXN04-00378,4,2026-05-19 13:17:32,19230.72,Fuel,40009,Card,DEV-04-1,iPhone,Mumbai,13,1,0,42.2,19,21216.72,13358.12,20,173,313,0,0,0,0.0,0,
TXN04-00379,4,2026-05-19 13:24:21,14950.36,Suppliers,40003,Bank Transfer,DEV-04-2,iPhone,Mumbai,13,1,0,6.82,20,21208.5,13358.42,39,121,314,0,0,0,0.0,0,
TXN04-00380,4,2026-05-19 14:38:02,10370.05,Hotels,40001,Card,DEV-04-3,iPhone,Mumbai,14,1,0,73.68,21,21112.21,13276.61,39,56,315,0,0,0,0.0,0,
TXN04-00381,4,2026-05-19 14:50:04,11923.79,Fuel,40023,UPI,DEV-04-1,iPhone,Mumbai,14,1,0,12.03,22,21092.8,13272.66,4,174,316,0,0,0,0.0,0,
TXN04-00382,4,2026-05-19 15:18:06,20124.98,Office,40008,Card,DEV-04-2,iPhone,Mumbai,15,1,0,28.03,23,21092.09,13273.14,12,122,317,0,0,0,0.0,0,
TXN04-00383,4,2026-05-19 15:25:28,25654.31,Hotels,40029,Card,DEV-04-2,iPhone,Mumbai,15,1,0,7.37,24,21127.97,13252.86,10,123,318,0,0,0,0.0,0,
TXN04-00384,4,2026-05-19 15:42:23,36374.27,Suppliers,40022,Card,DEV-04-3,iPhone,Delhi,15,1,0,16.92,25,21140.4,13236.76,11,57,33,0,0,0,1153.24,0,
TXN04-00385,4,2026-05-19 15:49:52,17796.47,Suppliers,40003,UPI,DEV-04-1,iPhone,Delhi,15,1,0,7.48,26,21182.14,13242.58,40,175,34,0,0,0,0.0,0,
TXN04-00386,4,2026-05-19 17:01:15,31394.65,Office,40040,Card,DEV-04-1,iPhone,Mumbai,17,1,0,71.38,27,21166.6,13307.89,2,176,319,0,0,0,1153.24,0,
TXN04-00387,4,2026-05-19 17:15:05,15575.32,Fuel,40002,UPI,DEV-04-2,iPhone,Mumbai,17,1,0,13.83,28,21190.06,13263.26,31,124,320,0,0,0,0.0,0,
TXN04-00388,4,2026-05-19 17:41:00,4947.83,Office,40005,UPI,DEV-04-1,iPhone,Delhi,17,1,0,25.92,29,21171.13,13266.43,27,177,35,0,0,0,1153.24,0,
TXN04-00389,4,2026-05-19 17:55:40,16332.78,Fuel,40009,Card,DEV-04-3,iPhone,Delhi,17,1,0,14.67,30,21160.54,13277.86,21,58,36,0,0,0,0.0,0,
TXN04-00390,4,2026-05-19 18:11:55,11673.7,Hotels,40001,Bank Transfer,DEV-04-1,iPhone,Mumbai,18,1,0,16.25,31,21192.85,13298.37,40,178,321,0,0,0,1153.24,0,
TXN04-00391,4,2026-05-19 18:23:42,40870.54,Fuel,40009,UPI,DEV-04-2,iPhone,Pune,18,1,0,11.78,32,21166.12,13289.23,22,125,28,0,0,0,120.15,0,
TXN04-00392,4,2026-05-19 18:30:45,6772.42,Suppliers,40003,Bank Transfer,DEV-04-2,iPhone,Mumbai,18,1,0,7.05,33,21164.1,13286.2,41,126,322,0,0,0,120.15,0,
TXN04-00393,4,2026-05-19 18:38:43,23602.67,Office,40044,Card,DEV-04-1,iPhone,Mumbai,18,1,0,7.97,34,21123.79,13289.36,1,179,323,0,0,1,0.0,0,
TXN04-00394,4,2026-05-19 19:16:51,14529.85,Hotels,40041,Card,DEV-04-2,iPhone,Mumbai,19,1,0,38.13,35,21178.82,13291.22,2,127,324,0,0,0,0.0,0,
TXN04-00395,4,2026-05-19 19:30:06,17783.56,Fuel,40002,Card,DEV-04-2,iPhone,Mumbai,19,1,0,13.25,36,21160.2,13277.24,32,128,325,0,0,0,0.0,0,
TXN04-00396,4,2026-05-19 19:51:08,14959.45,Suppliers,40003,Card,DEV-04-2,iPhone,Mumbai,19,1,0,21.03,37,21150.77,13259.89,42,129,326,0,0,0,0.0,0,
TXN04-00397,4,2026-05-19 20:04:04,28440.71,Suppliers,40003,Card,DEV-04-3,iPhone,Mumbai,20,1,0,12.93,38,21172.18,13243.68,43,59,327,0,0,0,0.0,0,
TXN04-00398,4,2026-05-19 20:22:15,9603.73,Hotels,40001,Bank Transfer,DEV-04-3,iPhone,Mumbai,20,1,0,18.18,39,21150.58,13159.35,41,60,328,0,0,0,0.0,0,
TXN04-00399,4,2026-05-19 20:30:36,10809.26,Hotels,40006,UPI,DEV-04-5,iPhone,Delhi,20,1,0,8.35,40,21118.33,13155.09,15,5,37,0,0,0,1153.24,0,
TXN04-00400,4,2026-05-19 20:41:27,7650.91,Office,40017,Card,DEV-04-1,iPhone,Mumbai,20,1,0,10.85,41,21089.61,13147.98,6,180,329,0,0,0,1153.24,0,
TXN04-00401,4,2026-05-20 08:00:34,15161.26,Suppliers,40003,Card,DEV-04-2,iPhone,Mumbai,8,2,0,679.12,1,21086.79,13189.93,44,130,330,0,0,0,0.0,0,
TXN04-00402,4,2026-05-20 08:24:45,28217.44,Fuel,40002,Bank Transfer,DEV-04-4,Android,Mumbai,8,2,0,24.18,2,20991.2,13160.56,33,23,331,0,0,0,0.0,0,
TXN04-00403,4,2026-05-20 08:33:32,20921.66,Hotels,40006,Card,DEV-04-1,iPhone,Mumbai,8,2,0,8.78,3,21011.55,13147.59,16,181,332,0,0,0,0.0,0,
TXN04-00404,4,2026-05-20 08:41:22,24099.7,Office,40017,Bank Transfer,DEV-04-2,iPhone,Mumbai,8,2,0,7.83,4,21011.3,13129.11,7,131,333,0,0,0,0.0,0,
TXN04-00405,4,2026-05-20 08:42:57,14473.93,Office,40008,Card,DEV-04-1,iPhone,Pune,8,2,0,1.58,5,21019.95,13111.72,13,182,29,0,0,0,120.15,0,
TXN04-00406,4,2026-05-20 09:17:24,7026.96,Hotels,40001,Card,DEV-04-3,iPhone,Mumbai,9,2,0,34.45,6,21046.1,13089.31,42,61,334,0,0,0,120.15,0,
TXN04-00407,4,2026-05-20 09:29:53,6313.52,Hotels,40001,Bank Transfer,DEV-04-1,iPhone,Bangalore,9,2,0,12.48,7,21006.94,13091.94,43,183,1,0,1,0,845.32,0,
TXN04-00408,4,2026-05-20 10:19:29,13686.17,Suppliers,40038,Card,DEV-04-3,iPhone,Pune,10,2,0,49.6,8,20926.22,12983.36,2,62,30,0,0,0,735.23,0,
TXN04-00409,4,2026-05-20 10:42:27,8469.9,Suppliers,40038,Card,DEV-04-2,iPhone,Mumbai,10,2,0,22.97,9,20913.89,13006.08,3,132,335,0,0,0,120.15,0,
TXN04-00410,4,2026-05-20 11:21:43,15109.13,Hotels,40006,Card,DEV-04-1,iPhone,Mumbai,11,2,0,39.27,10,20805.65,12959.86,17,184,336,0,0,0,0.0,0,
TXN04-00411,4,2026-05-20 11:28:04,22420.18,Office,40008,Card,DEV-04-1,iPhone,Mumbai,11,2,0,6.35,11,20669.95,12874.74,14,185,337,0,0,0,0.0,0,
TXN04-00412,4,2026-05-20 11:34:57,7047.4,Fuel,40036,Bank Transfer,DEV-04-1,iPhone,Mumbai,11,2,0,6.88,12,20674.97,12856.62,2,186,338,0,0,0,0.0,0,
TXN04-00413,4,2026-05-20 11:59:12,27592.26,Hotels,40001,UPI,DEV-04-2,iPhone,Mumbai,11,2,0,24.25,13,20646.97,12875.61,44,133,339,0,0,0,0.0,0,
TXN04-00414,4,2026-05-20 12:19:05,12970.23,Office,40008,UPI,DEV-04-1,iPhone,Mumbai,12,2,0,19.88,14,20632.23,12869.8,15,187,340,0,0,0,0.0,0,
TXN04-00415,4,2026-05-20 12:50:10,16927.73,Hotels,40010,UPI,DEV-04-4,Android,Mumbai,12,2,0,31.08,15,20598.05,12893.72,11,24,341,0,0,0,0.0,0,
TXN04-00416,4,2026-05-20 13:09:22,29960.81,Fuel,40020,Card,DEV-04-2,iPhone,Mumbai,13,2,0,19.2,16,20617.19,12883.32,6,134,342,0,0,0,0.0,0,
TXN04-00417,4,2026-05-20 13:25:57,27722.67,Suppliers,40035,Card,DEV-04-2,iPhone,Mumbai,13,2,0,16.58,17,20612.7,12879.79,7,135,343,0,0,0,0.0,0,
TXN04-00418,4,2026-05-20 13:39:54,22592.71,Office,40008,Card,DEV-04-5,iPhone,Mumbai,13,2,0,13.95,18,20605.56,12875.16,16,6,344,0,0,0,0.0,0,
TXN04-00419,4,2026-05-20 13:58:00,24051.26,Suppliers,40015,Card,DEV-04-2,iPhone,Mumbai,13,2,0,18.1,19,20542.47,12829.97,11,136,345,0,0,0,0.0,0,
TXN04-00420,4,2026-05-20 14:52:14,50000.0,Fuel,40020,Card,DEV-04-5,iPhone,Mumbai,14,2,0,54.23,20,20563.44,12838.39,7,7,346,0,0,0,0.0,0,
TXN04-00421,4,2026-05-20 14:55:56,26197.43,Hotels,40041,Bank Transfer,DEV-04-1,iPhone,Mumbai,14,2,0,3.7,21,20648.76,12917.07,3,188,347,0,0,0,0.0,0,
TXN04-00422,4,2026-05-20 15:00:46,24471.01,Suppliers,40045,Bank Transfer,DEV-04-1,iPhone,Mumbai,15,2,0,4.83,22,20681.77,12916.66,1,189,348,0,0,1,0.0,0,
TXN04-00423,4,2026-05-20 15:12:54,17336.24,Hotels,40046,UPI,DEV-04-1,iPhone,Mumbai,15,2,0,12.13,23,20758.56,12921.77,1,190,349,0,0,1,0.0,0,
TXN04-00424,4,2026-05-20 15:20:36,21949.26,Fuel,40012,Card,DEV-04-1,iPhone,Mumbai,15,2,0,7.7,24,20758.56,12940.56,8,191,350,0,0,0,0.0,0,
TXN04-00425,4,2026-05-20 15:30:26,13792.18,Suppliers,40024,Bank Transfer,DEV-04-1,iPhone,Mumbai,15,2,0,9.83,25,20676.54,12843.5,4,192,351,0,0,0,0.0,0,
TXN04-00426,4,2026-05-20 16:26:11,30785.52,Office,40031,Bank Transfer,DEV-04-3,iPhone,Mumbai,16,2,0,55.75,26,20623.88,12880.74,5,63,352,0,0,0,0.0,0,
TXN04-00427,4,2026-05-20 16:32:08,6939.96,Hotels,40042,Card,DEV-04-1,iPhone,Mumbai,16,2,0,5.95,27,20653.77,12873.55,4,193,353,0,0,0,0.0,0,
TXN04-00428,4,2026-05-20 16:44:11,20778.23,Fuel,40009,Card,DEV-04-1,iPhone,Mumbai,16,2,0,12.05,28,20492.23,12813.04,23,194,354,0,0,0,0.0,0,
TXN04-00429,4,2026-05-20 16:50:54,17190.59,Office,40008,UPI,DEV-04-2,iPhone,Mumbai,16,2,0,6.72,29,20493.07,12794.19,17,137,355,0,0,0,0.0,0,
TXN04-00430,4,2026-05-20 16:59:36,46399.69,Hotels,40025,UPI,DEV-04-2,iPhone,Delhi,16,2,0,8.7,30,20501.56,12791.04,2,138,38,0,0,0,1153.24,0,
TXN04-00431,4,2026-05-20 17:07:25,44376.52,Office,40005,Card,DEV-04-5,iPhone,Mumbai,17,2,0,7.82,31,20577.51,12848.81,28,8,356,0,0,0,1153.24,0,
TXN04-00432,4,2026-05-20 17:17:49,11069.04,Suppliers,40003,Card,DEV-04-5,iPhone,Mumbai,17,2,0,10.4,32,20685.91,12893.13,45,9,357,0,0,0,0.0,0,
TXN04-00433,4,2026-05-20 17:25:07,29617.63,Hotels,40001,Card,DEV-04-5,iPhone,Pune,17,2,0,7.3,33,20687.54,12891.88,45,10,31,0,0,0,120.15,0,
TXN04-00434,4,2026-05-20 17:46:22,26599.71,Fuel,40009,Card,DEV-04-1,iPhone,Mumbai,17,2,0,21.25,34,20713.65,12882.04,24,195,358,0,0,0,120.15,0,
TXN04-00435,4,2026-05-20 17:49:48,5280.22,Fuel,40023,Card,DEV-04-1,iPhone,Mumbai,17,2,0,3.43,35,20730.81,12867.16,5,196,359,0,0,0,0.0,0,
TXN04-00436,4,2026-05-20 18:07:32,33666.6,Hotels,40014,Bank Transfer,DEV-04-3,iPhone,Mumbai,18,2,0,17.73,36,20671.83,12891.46,4,64,360,0,0,0,0.0,0,
TXN04-00437,4,2026-05-20 18:10:39,50000.0,Fuel,40021,Bank Transfer,DEV-04-1,iPhone,Mumbai,18,2,0,3.12,37,20709.61,12891.71,8,197,361,0,0,0,0.0,0,
TXN04-00438,4,2026-05-20 18:16:22,9461.03,Fuel,40002,Card,DEV-04-3,iPhone,Mumbai,18,2,0,5.72,38,20794.51,12968.96,34,65,362,0,0,0,0.0,0,
TXN04-00439,4,2026-05-20 18:22:59,10348.22,Suppliers,40003,UPI,DEV-04-2,iPhone,Delhi,18,2,0,6.62,39,20761.75,12964.49,46,139,39,0,0,0,1153.24,0,
TXN04-00440,4,2026-05-20 18:44:58,10356.19,Suppliers,40015,Card,DEV-04-1,iPhone,Mumbai,18,2,0,21.98,40,20710.28,12970.38,12,198,363,0,0,0,1153.24,0,
TXN04-00441,4,2026-05-20 18:52:22,2780.06,Hotels,40006,Card,DEV-04-2,iPhone,Hyderabad,18,2,0,7.4,41,20712.14,12970.75,18,140,1,0,1,0,621.46,0,
TXN04-00442,4,2026-05-20 19:19:37,27180.02,Suppliers,40003,Card,DEV-04-1,iPhone,Mumbai,19,2,0,27.25,42,20698.58,13013.06,47,199,364,0,0,0,621.46,0,
TXN04-00443,4,2026-05-20 19:39:12,13381.31,Fuel,40009,UPI,DEV-04-1,iPhone,Mumbai,19,2,0,19.58,43,20658.43,13011.77,25,200,365,0,0,0,0.0,0,
TXN04-00444,4,2026-05-20 19:39:17,7873.42,Hotels,40006,Card,DEV-04-4,Android,Mumbai,19,2,0,0.08,44,20637.27,12998.75,19,25,366,0,0,0,0.0,0,
TXN04-00445,4,2026-05-20 19:43:16,11392.24,Hotels,40007,Card,DEV-04-3,iPhone,Ahmedabad,19,2,0,3.98,45,20600.28,12998.02,10,66,2,0,0,0,439.98,0,
TXN04-00446,4,2026-05-20 19:58:10,5498.02,Office,40016,Card,DEV-04-2,iPhone,Mumbai,19,2,0,14.9,46,20506.08,12991.67,10,141,367,0,0,0,439.98,0,
TXN04-00447,4,2026-05-20 20:39:58,50000.0,Bank Transfer,40001,Bank Transfer,DEV-04-1,iPhone,Mumbai,20,2,0,41.8,47,20468.13,13026.61,46,201,368,0,0,0,0.0,1,rapid_repeated_transfers
TXN04-00448,4,2026-05-20 20:40:58,26656.81,Bank Transfer,40001,Bank Transfer,DEV-04-1,iPhone,Mumbai,20,2,0,1.0,48,20553.98,13104.47,47,202,369,0,0,0,0.0,1,rapid_repeated_transfers
TXN04-00449,4,2026-05-20 20:43:58,50000.0,Bank Transfer,40001,Bank Transfer,DEV-04-1,iPhone,Mumbai,20,2,0,3.0,49,20571.67,13089.58,48,203,370,0,0,0,0.0,1,rapid_repeated_transfers
TXN04-00450,4,2026-05-20 22:29:30,26000.0,Suppliers,40001,Card,DEV-UNK-6101,Android,Mumbai,22,2,0,105.53,50,20611.43,13157.9,49,1,371,1,0,0,0.0,1,unknown_device
TXN04-00451,4,2026-05-21 08:43:56,17474.02,Hotels,40006,UPI,DEV-04-2,iPhone,Mumbai,8,3,0,614.43,1,20357.71,12937.71,20,142,372,0,0,0,0.0,0,
TXN04-00452,4,2026-05-21 08:54:47,20652.78,Fuel,40047,Card,DEV-04-1,iPhone,Mumbai,8,3,0,10.85,2,20386.35,12920.54,1,204,373,0,0,1,0.0,0,
TXN04-00453,4,2026-05-21 09:05:54,32814.08,Office,40044,UPI,DEV-04-4,Android,Mumbai,9,3,0,11.12,3,20387.13,12901.53,2,26,374,0,0,0,0.0,0,
TXN04-00454,4,2026-05-21 09:25:44,25259.75,Suppliers,40004,Card,DEV-04-1,iPhone,Mumbai,9,3,0,19.83,4,20423.58,12900.11,14,205,375,0,0,0,0.0,0,
TXN04-00455,4,2026-05-21 09:34:17,48747.64,Hotels,40001,Card,DEV-04-6,Web,Mumbai,9,3,0,8.55,5,20367.35,12836.97,50,1,376,1,0,0,0.0,0,
TXN04-00456,4,2026-05-21 10:18:22,50000.0,Fuel,40002,Card,DEV-04-5,iPhone,Mumbai,10,3,0,44.08,6,20455.8,12959.82,35,11,377,0,0,0,0.0,0,
TXN04-00457,4,2026-05-21 10:41:59,9779.49,Suppliers,40045,UPI,DEV-04-4,Android,Mumbai,10,3,0,23.62,7,20542.69,13039.27,2,27,378,0,0,0,0.0,0,
TXN04-00458,4,2026-05-21 10:47:40,22634.77,Suppliers,40011,Card,DEV-04-4,Android,Mumbai,10,3,0,5.68,8,20511.13,13033.14,12,28,379,0,0,0,0.0,0,
TXN04-00459,4,2026-05-21 11:22:21,14926.53,Fuel,40002,UPI,DEV-04-2,iPhone,Mumbai,11,3,0,34.68,9,20535.59,13031.84,36,143,380,0,0,0,0.0,0,
TXN04-00460,4,2026-05-21 11:35:01,17626.29,Fuel,40037,Card,DEV-04-1,iPhone,Mumbai,11,3,0,12.67,10,20519.15,13016.25,2,206,381,0,0,0,0.0,0,
TXN04-00461,4,2026-05-21 11:35:28,15976.29,Suppliers,40027,UPI,DEV-04-2,iPhone,Pune,11,3,0,0.45,11,20510.69,12998.14,8,144,32,0,0,0,120.15,0,
TXN04-00462,4,2026-05-21 11:40:17,20557.39,Hotels,40010,Card,DEV-04-4,Android,Pune,11,3,0,4.82,12,20476.24,12994.5,12,29,33,0,0,0,0.0,0,
TXN04-00463,4,2026-05-21 11:41:32,50000.0,Fuel,40009,UPI,DEV-04-3,iPhone,Mumbai,11,3,0,1.25,13,20476.47,12975.55,26,67,382,0,0,0,120.15,0,
TXN04-00464,4,2026-05-21 12:26:57,9020.36,Office,40016,Card,DEV-04-4,Android,Mumbai,12,3,0,45.42,14,20660.99,13050.36,11,30,383,0,0,0,0.0,0,
TXN04-00465,4,2026-05-21 12:38:02,43773.81,Hotels,40041,UPI,DEV-04-2,iPhone,Mumbai,12,3,0,11.08,15,20626.96,13046.41,4,145,384,0,0,0,0.0,0,
TXN04-00466,4,2026-05-21 12:57:10,5458.35,Fuel,40009,Bank Transfer,DEV-04-4,Android,Mumbai,12,3,0,19.13,16,20728.85,13090.64,27,31,385,0,0,0,0.0,0,
TXN04-00467,4,2026-05-21 13:01:33,11932.76,Hotels,40001,Card,DEV-04-5,iPhone,Mumbai,13,3,0,4.38,17,20602.52,13028.78,51,12,386,0,0,0,0.0,0,
TXN04-00468,4,2026-05-21 13:02:02,11972.91,Hotels,40029,UPI,DEV-04-1,iPhone,Mumbai,13,3,0,0.48,18,20577.24,13018.16,11,207,387,0,0,0,0.0,0,
TXN04-00469,4,2026-05-21 13:02:26,16297.85,Hotels,40039,Card,DEV-04-4,Android,Mumbai,13,3,0,0.4,19,20552.23,13007.48,4,32,388,0,0,0,0.0,0,
TXN04-00470,4,2026-05-21 13:23:51,27936.8,Suppliers,40003,Card,DEV-04-1,iPhone,Mumbai,13,3,0,21.42,20,20539.9,12990.63,48,208,389,0,0,0,0.0,0,
TXN04-00471,4,2026-05-21 13:48:56,39722.97,Suppliers,40004,Bank Transfer,DEV-04-4,Android,Lucknow,13,3,0,25.08,21,20572.49,12995.04,15,33,1,0,1,0,1194.67,0,
TXN04-00472,4,2026-05-21 13:57:45,13820.85,Hotels,40014,Card,DEV-04-6,Web,Pune,13,3,0,8.82,22,20570.91,12992.67,5,2,34,0,0,0,1176.73,0,
TXN04-00473,4,2026-05-21 14:06:09,50000.0,Hotels,40007,Card,DEV-04-2,iPhone,Mumbai,14,3,0,8.4,23,20551.4,12978.94,11,146,390,0,0,0,120.15,0,
TXN04-00474,4,2026-05-21 14:07:02,14172.88,Suppliers,40004,UPI,DEV-04-4,Android,Mumbai,14,3,0,0.88,24,20636.27,13056.02,16,34,391,0,0,0,0.0,0,
TXN04-00475,4,2026-05-21 14:22:31,22594.29,Fuel,40048,Card,DEV-04-2,iPhone,Mumbai,14,3,0,15.48,25,20617.69,13041.83,1,147,392,0,0,1,0.0,0,
TXN04-00476,4,2026-05-21 14:36:00,28397.04,Office,40032,Card,DEV-04-7,iPhone,Mumbai,14,3,0,13.48,26,20662.42,13021.84,4,1,393,1,0,0,0.0,0,
TXN04-00477,4,2026-05-21 15:28:06,15980.58,Office,40005,Bank Transfer,DEV-04-6,Web,Mumbai,15,3,0,52.1,27,20548.77,12944.79,29,3,394,0,0,0,0.0,0,
TXN04-00478,4,2026-05-21 15:59:55,16702.52,Suppliers,40018,Bank Transfer,DEV-04-4,Android,Mumbai,15,3,0,31.82,28,20547.3,12979.82,6,35,395,0,0,0,0.0,0,
TXN04-00479,4,2026-05-21 16:10:26,50000.0,Office,40017,UPI,DEV-04-4,Android,Delhi,16,3,0,10.52,29,20621.9,12951.52,8,36,40,0,0,0,1153.24,0,
TXN04-00480,4,2026-05-21 16:15:51,33960.82,Office,40005,Card,DEV-04-3,iPhone,Mumbai,16,3,0,5.42,30,20744.72,13029.54,30,68,396,0,0,0,1153.24,0,
TXN04-00481,4,2026-05-21 16:43:19,6845.55,Hotels,40001,UPI,DEV-04-7,iPhone,Delhi,16,3,0,27.47,31,20842.86,13051.61,52,2,41,0,0,0,1153.24,0,
TXN04-00482,4,2026-05-21 17:03:09,26748.59,Office,40016,Bank Transfer,DEV-04-2,iPhone,Mumbai,17,3,0,19.83,32,20888.52,13068.63,12,148,397,0,0,0,1153.24,0,
TXN04-00483,4,2026-05-21 17:06:48,3163.15,Office,40049,Card,DEV-04-4,Android,Mumbai,17,3,0,3.65,33,20905.76,13053.26,1,37,398,0,0,1,0.0,0,
TXN04-00484,4,2026-05-21 17:22:35,15169.3,Hotels,40025,UPI,DEV-04-3,iPhone,Mumbai,17,3,0,15.78,34,20886.8,13074.32,3,69,399,0,0,0,0.0,0,
TXN04-00485,4,2026-05-21 17:29:05,25035.09,Office,40032,Card,DEV-04-5,iPhone,Delhi,17,3,0,6.5,35,20870.03,13058.8,5,13,42,0,0,0,1153.24,0,
TXN04-00486,4,2026-05-21 17:35:48,24326.37,Office,40033,Card,DEV-04-1,iPhone,Mumbai,17,3,0,6.72,36,20882.21,13041.63,5,209,400,0,0,0,1153.24,0,
TXN04-00487,4,2026-05-21 18:00:37,26000.0,Suppliers,40001,Card,DEV-UNK-1827,iPhone,Mumbai,18,3,0,24.82,37,20976.2,13015.71,53,1,401,1,0,0,0.0,1,unknown_device
TXN04-00488,4,2026-05-21 18:23:06,20202.36,Office,40008,Bank Transfer,DEV-04-1,iPhone,Mumbai,18,3,0,22.48,38,20905.82,12923.14,18,210,402,0,0,0,0.0,0,
TXN04-00489,4,2026-05-21 18:43:49,7709.61,Hotels,40007,Card,DEV-04-8,Android,Mumbai,18,3,0,20.72,39,20919.5,12919.92,12,1,403,1,0,0,0.0,0,
TXN04-00490,4,2026-05-21 19:49:18,10212.0,Hotels,40006,UPI,DEV-04-3,iPhone,Mumbai,19,3,0,65.48,40,20762.95,12876.37,21,70,404,0,0,0,0.0,0,
TXN04-00491,4,2026-05-21 20:30:01,27718.47,Suppliers,40011,Card,DEV-04-1,iPhone,Mumbai,20,3,0,40.72,41,20731.73,12870.07,13,211,405,0,0,0,0.0,0,
TXN04-00492,4,2026-05-21 20:41:09,16459.69,Hotels,40001,UPI,DEV-04-2,iPhone,Pune,20,3,0,11.13,42,20751.19,12875.65,54,149,35,0,0,0,120.15,0,
TXN04-00493,4,2026-05-21 20:42:49,21912.32,Office,40028,UPI,DEV-04-5,iPhone,Mumbai,20,3,0,1.67,43,20738.54,12858.75,11,14,406,0,0,0,120.15,0,
TXN04-00494,4,2026-05-22 08:06:14,14661.0,Fuel,40002,Card,DEV-04-3,iPhone,Mumbai,8,4,0,683.42,1,20792.01,12876.52,37,71,407,0,0,0,0.0,0,
TXN04-00495,4,2026-05-22 08:19:01,22082.51,Office,40044,UPI,DEV-04-1,iPhone,Mumbai,8,4,0,12.78,2,20773.87,12861.77,3,212,408,0,0,0,0.0,0,
TXN04-00496,4,2026-05-22 09:21:10,50000.0,Office,40005,Card,DEV-04-6,Web,Mumbai,9,4,0,62.15,3,20925.69,12843.09,31,4,409,0,0,0,0.0,0,
TXN04-00497,4,2026-05-22 09:29:07,8868.85,Hotels,40001,UPI,DEV-04-6,Web,Pune,9,4,0,7.95,4,21012.22,12921.39,55,5,36,0,0,0,120.15,0,
TXN04-00498,4,2026-05-22 09:30:15,23063.16,Hotels,40025,Card,DEV-04-1,iPhone,Mumbai,9,4,0,1.13,5,20976.19,12919.1,4,213,410,0,0,0,120.15,0,
TXN04-00499,4,2026-05-22 09:36:37,13953.15,Office,40005,UPI,DEV-04-2,iPhone,Delhi,9,4,0,6.37,6,20971.36,12918.02,32,150,43,0,0,0,1153.24,0,
TXN04-00500,4,2026-05-22 09:46:37,24489.0,Hotels,40014,Card,DEV-04-3,iPhone,Pune,9,4,0,10.0,7,21040.76,12889.67,6,72,37,0,0,0,1179.48,0,
TXN04-00501,4,2026-05-22 10:13:09,8534.52,Office,40005,Bank Transfer,DEV-04-2,iPhone,Mumbai,10,4,0,26.53,8,21119.78,12871.01,33,151,411,0,0,0,120.15,0,
TXN04-00502,4,2026-05-22 11:08:00,17057.45,Hotels,40006,Card,DEV-04-3,iPhone,Mumbai,11,4,0,54.85,9,21106.79,12893.97,22,73,412,0,0,0,0.0,0,
TXN04-00503,4,2026-05-22 11:09:14,41632.24,Suppliers,40011,Card,DEV-04-6,Web,Mumbai,11,4,0,1.23,10,21094.67,12876.56,14,6,413,0,0,0,0.0,0,
TXN04-00504,4,2026-05-22 11:12:43,10307.74,Hotels,40030,UPI,DEV-04-6,Web,Mumbai,11,4,0,3.48,11,21155.98,12906.05,7,7,414,0,0,0,0.0,0,
TXN04-00505,4,2026-05-22 11:16:01,12650.76,Hotels,40013,Card,DEV-04-3,iPhone,Mumbai,11,4,0,3.3,12,21123.69,12900.37,9,74,415,0,0,0,0.0,0,
TXN04-00506,4,2026-05-22 11:19:00,11573.93,Hotels,40019,UPI,DEV-04-2,iPhone,Mumbai,11,4,0,2.98,13,21098.55,12889.46,10,152,416,0,0,0,0.0,0,
TXN04-00507,4,2026-05-22 11:25:35,18866.05,Office,40170,UPI,DEV-04-1,iPhone,Mumbai,11,4,0,6.58,14,21070.37,12880.77,1,214,417,0,0,1,0.0,1,ato_new_merchant_same_category
TXN04-00508,4,2026-05-22 11:32:47,8374.87,Office,40044,Bank Transfer,DEV-04-5,iPhone,Mumbai,11,4,0,7.2,15,20977.18,12811.4,4,15,418,0,0,0,0.0,0,
TXN04-00509,4,2026-05-22 11:33:02,14827.25,Office,40005,UPI,DEV-04-3,iPhone,Mumbai,11,4,0,0.25,16,20939.89,12810.73,34,75,419,0,0,0,0.0,0,
TXN04-00510,4,2026-05-22 11:36:25,18615.46,Suppliers,40018,UPI,DEV-04-1,iPhone,Mumbai,11,4,0,3.38,17,20960.67,12795.1,7,215,420,0,0,0,0.0,0,
TXN04-00511,4,2026-05-22 11:43:16,27004.8,Fuel,40012,Card,DEV-04-2,iPhone,Mumbai,11,4,0,6.85,18,20953.75,12776.84,9,153,421,0,0,0,0.0,0,
TXN04-00512,4,2026-05-22 11:46:01,41043.56,Suppliers,40004,UPI,DEV-04-7,iPhone,Mumbai,11,4,0,2.75,19,21003.34,12767.6,17,3,422,0,0,0,0.0,0,
TXN04-00513,4,2026-05-22 11:55:47,33759.4,Suppliers,40003,Card,DEV-04-1,iPhone,Delhi,11,4,0,9.77,20,21004.95,12725.08,49,216,44,0,0,0,1153.24,0,
TXN04-00514,4,2026-05-22 12:21:52,4525.17,Hotels,40001,Card,DEV-04-8,Android,Mumbai,12,4,0,26.08,21,21018.63,12736.3,56,2,423,0,0,0,1153.24,0,
TXN04-00515,4,2026-05-22 12:43:22,22976.94,Suppliers,40038,Bank Transfer,DEV-04-4,Android,Mumbai,12,4,0,21.5,22,20942.3,12757.59,4,38,424,0,0,0,0.0,0,
TXN04-00516,4,2026-05-22 12:46:39,27860.46,Suppliers,40004,Card,DEV-04-1,iPhone,Mumbai,12,4,0,3.28,23,20960.62,12756.05,18,217,425,0,0,0,0.0,0,
TXN04-00517,4,2026-05-22 12:46:51,6610.93,Hotels,40013,Card,DEV-04-1,iPhone,Lucknow,12,4,0,0.2,24,20980.97,12742.72,10,218,2,0,0,0,1194.67,0,
TXN04-00518,4,2026-05-22 12:52:40,26203.92,Hotels,40001,Card,DEV-04-5,iPhone,Mumbai,12,4,0,5.82,25,20938.71,12747.74,57,16,426,0,0,0,1194.67,0,
TXN04-00519,4,2026-05-22 13:05:44,15992.76,Suppliers,40024,Card,DEV-04-4,Android,Mumbai,13,4,0,13.07,26,20949.43,12765.72,5,39,427,0,0,0,0.0,0,
TXN04-00520,4,2026-05-22 13:28:35,21372.06,Suppliers,40004,Card,DEV-04-2,iPhone,Lucknow,13,4,0,22.85,27,20932.02,12768.44,19,154,3,0,0,0,1194.67,0,
TXN04-00521,4,2026-05-22 13:30:35,6980.49,Suppliers,40024,Card,DEV-04-15,iPhone,Mumbai,13,4,0,2.0,28,20933.32,12749.68,6,1,428,1,0,0,1194.67,1,ato_short_gap
TXN04-00522,4,2026-05-22 13:44:24,6478.18,Fuel,40009,Bank Transfer,DEV-04-2,iPhone,Mumbai,13,4,0,13.82,29,20892.4,12753.3,28,155,429,0,0,0,0.0,0,
TXN04-00523,4,2026-05-22 14:21:52,24562.69,Office,40005,Bank Transfer,DEV-04-4,Android,Mumbai,14,4,0,37.47,30,20783.48,12765.47,35,40,430,0,0,0,0.0,0,
TXN04-00524,4,2026-05-22 14:43:43,9496.2,Fuel,40037,Bank Transfer,DEV-04-4,Android,Mumbai,14,4,0,21.85,31,20794.56,12748.38,3,41,431,0,0,0,0.0,0,
TXN04-00525,4,2026-05-22 14:44:43,35648.33,Suppliers,40003,Bank Transfer,DEV-04-2,iPhone,Mumbai,14,4,0,1.0,32,20761.53,12744.33,50,156,432,0,0,0,0.0,0,
TXN04-00526,4,2026-05-22 14:53:28,11879.39,Office,40040,Card,DEV-04-7,iPhone,Delhi,14,4,0,8.75,33,20804.93,12751.03,3,4,45,0,0,0,1153.24,0,
TXN04-00527,4,2026-05-22 15:00:15,10071.95,Suppliers,40015,Bank Transfer,DEV-04-6,Web,Mumbai,15,4,0,6.78,34,20759.64,12755.06,13,8,433,0,0,0,1153.24,0,
TXN04-00528,4,2026-05-22 15:08:22,37073.35,Hotels,40046,Card,DEV-04-1,iPhone,Pune,15,4,0,8.12,35,20713.28,12764.92,2,219,38,0,0,0,120.15,0,
TXN04-00529,4,2026-05-22 15:20:51,19491.45,Hotels,40001,UPI,DEV-04-1,iPhone,Delhi,15,4,0,12.48,36,20829.87,12782.03,58,220,46,0,0,0,1179.48,0,
TXN04-00530,4,2026-05-22 15:22:55,3709.05,Suppliers,40003,Card,DEV-04-2,iPhone,Mumbai,15,4,0,2.07,37,20825.97,12763.59,51,157,434,0,0,0,1153.24,0,
TXN04-00531,4,2026-05-22 15:34:44,35291.01,Office,40005,Card,DEV-04-4,Android,Mumbai,15,4,0,11.82,38,20820.76,12770.21,36,42,435,0,0,0,0.0,0,
TXN04-00532,4,2026-05-22 15:35:46,8761.01,Suppliers,40038,Card,DEV-04-1,iPhone,Mumbai,15,4,0,1.03,39,20862.82,12775.41,5,221,436,0,0,0,0.0,0,
TXN04-00533,4,2026-05-22 15:44:25,12106.49,Office,40032,Card,DEV-04-4,Android,Mumbai,15,4,0,8.65,40,20827.74,12773.46,6,43,437,0,0,0,0.0,0,
TXN04-00534,4,2026-05-22 15:45:47,13343.79,Office,40008,UPI,DEV-04-1,iPhone,Mumbai,15,4,0,1.37,41,20802.54,12763.58,19,222,438,0,0,0,0.0,0,
TXN04-00535,4,2026-05-22 15:50:48,50000.0,Hotels,40010,UPI,DEV-04-8,Android,Mumbai,15,4,0,5.02,42,20781.04,12751.44,13,3,439,0,0,0,0.0,0,
TXN04-00536,4,2026-05-22 15:59:19,14506.38,Suppliers,40018,Bank Transfer,DEV-04-1,iPhone,Mumbai,15,4,0,8.52,43,20865.0,12828.81,8,223,440,0,0,0,0.0,0,
TXN04-00537,4,2026-05-22 16:25:10,33862.41,Suppliers,40003,Card,DEV-04-1,iPhone,Mumbai,16,4,0,25.85,44,20860.94,12830.6,52,224,441,0,0,0,0.0,0,
TXN04-00538,4,2026-05-22 16:28:33,16604.59,Hotels,40001,Card,DEV-04-2,iPhone,Mumbai,16,4,0,3.38,45,20898.2,12831.03,59,158,442,0,0,0,0.0,0,
TXN04-00539,4,2026-05-22 16:45:46,18312.65,Suppliers,40003,Card,DEV-04-3,iPhone,Mumbai,16,4,0,17.22,46,20885.93,12814.74,53,76,443,0,0,0,0.0,0,
TXN04-00540,4,2026-05-22 17:05:27,40603.68,Hotels,40006,Bank Transfer,DEV-04-2,iPhone,Mumbai,17,4,0,19.68,47,20878.6,12797.21,23,159,444,0,0,0,0.0,0,
TXN04-00541,4,2026-05-22 17:12:43,14786.97,Office,40005,Card,DEV-04-3,iPhone,Mumbai,17,4,0,7.27,48,20934.63,12822.07,37,77,445,0,0,0,0.0,0,
TXN04-00542,4,2026-05-22 17:22:23,24430.56,Fuel,40021,UPI,DEV-04-1,iPhone,Delhi,17,4,0,9.67,49,20916.45,12826.3,9,225,47,0,0,0,1153.24,0,
TXN04-00543,4,2026-05-22 17:28:17,20447.33,Hotels,40050,Card,DEV-04-1,iPhone,Mumbai,17,4,0,5.9,50,20926.43,12809.43,1,226,446,0,0,1,1153.24,0,
TXN04-00544,4,2026-05-22 17:31:26,32200.42,Fuel,40009,Card,DEV-04-3,iPhone,Mumbai,17,4,0,3.15,51,20925.07,12791.3,29,78,447,0,0,0,0.0,0,
TXN04-00545,4,2026-05-22 17:44:45,17607.19,Hotels,40030,Card,DEV-04-3,iPhone,Mumbai,17,4,0,13.32,52,20937.43,12800.08,8,79,448,0,0,0,0.0,0,
TXN04-00546,4,2026-05-22 17:58:38,17417.77,Hotels,40046,Card,DEV-04-6,Web,Mumbai,17,4,0,13.88,53,20881.54,12771.4,3,9,449,0,0,0,0.0,0,
TXN04-00547,4,2026-05-22 18:01:35,21204.9,Suppliers,40004,UPI,DEV-04-5,iPhone,Mumbai,18,4,0,2.95,54,20871.76,12754.67,20,17,450,0,0,0,0.0,0,
TXN04-00548,4,2026-05-22 18:03:52,11118.53,Hotels,40014,Card,DEV-04-3,iPhone,Mumbai,18,4,0,2.28,55,20872.7,12736.71,7,80,451,0,0,0,0.0,0,
TXN04-00549,4,2026-05-22 18:17:35,38130.3,Office,40031,Card,DEV-04-4,Android,Mumbai,18,4,0,13.72,56,20863.71,12742.46,6,44,452,0,0,0,0.0,0,
TXN04-00550,4,2026-05-22 18:25:04,14908.27,Office,40016,Bank Transfer,DEV-04-1,iPhone,Mumbai,18,4,0,7.48,57,20912.21,12757.32,13,227,453,0,0,0,0.0,0,
TXN04-00551,4,2026-05-22 18:41:48,50000.0,Fuel,40036,Card,DEV-04-1,iPhone,Mumbai,18,4,0,16.73,58,20895.4,12743.39,3,228,454,0,0,0,0.0,0,
TXN04-00552,4,2026-05-22 19:22:50,20404.0,Suppliers,40024,Card,DEV-04-2,iPhone,Mumbai,19,4,0,41.03,59,20945.05,12821.92,7,160,455,0,0,0,0.0,0,
TXN04-00553,4,2026-05-22 19:43:03,19541.69,Hotels,40025,Bank Transfer,DEV-04-1,iPhone,Delhi,19,4,0,20.22,60,20827.19,12729.6,5,229,48,0,0,0,1153.24,0,
TXN04-00554,4,2026-05-22 19:52:00,17327.35,Suppliers,40003,UPI,DEV-04-1,iPhone,Pune,19,4,0,8.95,61,20856.58,12714.55,54,230,39,0,0,0,1179.48,0,
TXN04-00555,4,2026-05-22 19:58:03,5959.25,Office,40008,UPI,DEV-04-3,iPhone,Pune,19,4,0,6.05,62,20846.66,12698.05,20,81,40,0,0,0,0.0,0,
TXN04-00556,4,2026-05-22 19:59:51,5843.29,Suppliers,40003,Card,DEV-04-7,iPhone,Mumbai,19,4,0,1.8,63,20804.96,12704.65,55,5,456,0,0,0,120.15,0,
TXN04-00557,4,2026-05-22 20:06:29,20571.35,Fuel,40002,Bank Transfer,DEV-04-5,iPhone,Mumbai,20,4,0,6.63,64,20731.21,12739.35,38,18,457,0,0,0,0.0,0,
TXN04-00558,4,2026-05-22 20:12:19,26497.19,Suppliers,40035,UPI,DEV-04-6,Web,Mumbai,20,4,0,5.83,65,20714.74,12751.43,8,10,458,0,0,0,0.0,0,
TXN04-00559,4,2026-05-22 20:23:39,15544.83,Fuel,40021,UPI,DEV-04-5,iPhone,Mumbai,20,4,0,11.33,66,20731.03,12737.15,10,19,459,0,0,0,0.0,0,
TXN04-00560,4,2026-05-22 20:26:58,6140.35,Hotels,40019,Card,DEV-04-2,iPhone,Mumbai,20,4,0,3.32,67,20720.13,12739.92,11,161,460,0,0,0,0.0,0,
TXN04-00561,4,2026-05-22 20:29:09,21989.67,Suppliers,40022,Card,DEV-04-5,iPhone,Delhi,20,4,0,2.18,68,20679.18,12745.4,12,20,49,0,0,0,1153.24,0,
TXN04-00562,4,2026-05-22 20:49:07,10139.32,Suppliers,40011,UPI,DEV-04-3,iPhone,Mumbai,20,4,0,19.97,69,20793.13,12714.31,15,82,461,0,0,0,1153.24,0,
TXN04-00563,4,2026-05-22 20:56:50,7747.09,Office,40005,UPI,DEV-04-8,Android,Mumbai,20,4,0,7.72,70,20783.32,12721.18,38,4,462,0,0,0,0.0,0,
TXN04-00564,4,2026-05-23 03:39:07,42727.75,Bank Transfer,40001,Bank Transfer,DEV-04-1,iPhone,Mumbai,3,5,1,402.28,1,20746.6,12722.02,60,231,463,0,0,0,0.0,1,rapid_repeated_transfers
TXN04-00565,4,2026-05-23 03:41:07,50000.0,Bank Transfer,40001,Bank Transfer,DEV-04-1,iPhone,Mumbai,3,5,1,2.0,2,20808.35,12757.3,61,232,464,0,0,0,0.0,1,rapid_repeated_transfers
TXN04-00566,4,2026-05-23 03:42:07,50000.0,Bank Transfer,40001,Bank Transfer,DEV-04-1,iPhone,Mumbai,3,5,1,1.0,3,20890.12,12832.5,62,233,465,0,0,0,0.0,1,rapid_repeated_transfers
TXN04-00567,4,2026-05-23 09:01:35,7530.62,Suppliers,40034,Card,DEV-04-2,iPhone,Mumbai,9,5,1,319.47,4,20882.91,12798.42,4,162,466,0,0,0,0.0,0,
TXN04-00568,4,2026-05-23 09:19:00,9490.23,Suppliers,40003,Card,DEV-04-1,iPhone,Pune,9,5,1,17.42,5,20840.97,12815.53,56,234,41,0,0,0,120.15,0,
TXN04-00569,4,2026-05-23 09:19:55,35579.42,Fuel,40048,UPI,DEV-04-1,iPhone,Mumbai,9,5,1,0.92,6,20808.54,12811.54,2,235,467,0,0,0,120.15,0,
TXN04-00570,4,2026-05-23 09:39:50,8478.27,Hotels,40029,UPI,DEV-04-4,Android,Mumbai,9,5,1,19.92,7,20850.62,12817.48,12,45,468,0,0,0,0.0,0,
TXN04-00571,4,2026-05-23 09:44:11,16351.82,Fuel,40043,Bank Transfer,DEV-04-2,iPhone,Mumbai,9,5,1,4.35,8,20831.06,12831.1,2,163,469,0,0,0,0.0,0,
TXN04-00572,4,2026-05-23 09:46:47,8595.31,Suppliers,40011,Card,DEV-04-3,iPhone,Mumbai,9,5,1,2.6,9,20818.34,12815.08,16,83,470,0,0,0,0.0,0,
TXN04-00573,4,2026-05-23 09:57:30,5408.57,Fuel,40036,UPI,DEV-04-4,Android,Mumbai,9,5,1,10.72,10,20783.71,12813.39,4,46,471,0,0,0,0.0,0,
TXN04-00574,4,2026-05-23 10:27:00,29174.47,Hotels,40001,Card,DEV-04-6,Web,Mumbai,10,5,1,29.5,11,20648.9,12764.66,63,11,472,0,0,0,0.0,0,
TXN04-00575,4,2026-05-23 10:37:27,50000.0,Hotels,40007,Card,DEV-04-1,iPhone,Mumbai,10,5,1,10.45,12,20673.19,12754.56,13,236,473,0,0,0,0.0,0,
TXN04-00576,4,2026-05-23 10:47:29,39448.45,Office,40005,UPI,DEV-04-3,iPhone,Mumbai,10,5,1,10.03,13,20756.5,12831.73,39,84,474,0,0,0,0.0,0,
TXN04-00577,4,2026-05-23 10:48:45,9744.26,Hotels,40014,Bank Transfer,DEV-04-2,iPhone,Mumbai,10,5,1,1.27,14,20809.46,12851.99,8,164,475,0,0,0,0.0,0,
TXN04-00578,4,2026-05-23 10:50:44,23887.99,Fuel,40012,Card,DEV-04-1,iPhone,Mumbai,10,5,1,1.98,15,20778.2,12847.26,10,237,476,0,0,0,0.0,0,
TXN04-00579,4,2026-05-23 10:57:36,5269.4,Fuel,40002,Card,DEV-04-1,iPhone,Mumbai,10,5,1,6.87,16,20786.96,12830.21,39,238,477,0,0,0,0.0,0,
TXN04-00580,4,2026-05-23 11:03:31,18830.01,Office,40005,UPI,DEV-04-2,iPhone,Mumbai,11,5,1,5.92,17,20743.37,12838.47,40,165,478,0,0,0,0.0,0,
TXN04-00581,4,2026-05-23 11:03:55,14715.03,Hotels,40010,Card,DEV-04-3,iPhone,Delhi,11,5,1,0.4,18,20738.01,12820.88,14,85,50,0,0,0,1153.24,0,
TXN04-00582,4,2026-05-23 11:06:49,8918.96,Hotels,40029,Card,DEV-04-1,iPhone,Mumbai,11,5,1,2.9,19,20721.19,12806.9,13,239,479,0,0,0,1153.24,0,
TXN04-00583,4,2026-05-23 11:11:00,14424.38,Hotels,40030,Bank Transfer,DEV-04-1,iPhone,Mumbai,11,5,1,4.18,20,20688.31,12804.17,9,240,480,0,0,0,0.0,0,
TXN04-00584,4,2026-05-23 11:20:47,10376.91,Office,40016,Card,DEV-04-2,iPhone,Mumbai,11,5,1,9.78,21,20720.18,12809.26,14,166,481,0,0,0,0.0,0,
TXN04-00585,4,2026-05-23 11:26:25,14918.8,Fuel,40002,Bank Transfer,DEV-04-4,Android,Mumbai,11,5,1,5.63,22,20691.37,12803.02,40,47,482,0,0,0,0.0,0,
TXN04-00586,4,2026-05-23 11:50:01,8042.64,Suppliers,40003,Bank Transfer,DEV-04-2,iPhone,Mumbai,11,5,1,23.6,23,20751.97,12781.42,57,167,483,0,0,0,0.0,0,
TXN04-00587,4,2026-05-23 11:57:31,28540.44,Hotels,40014,Card,DEV-04-6,Web,Pune,11,5,1,7.5,24,20717.58,12797.05,9,12,42,0,0,0,120.15,0,
TXN04-00588,4,2026-05-23 11:57:32,11089.57,Office,40028,Card,DEV-04-2,iPhone,Mumbai,11,5,1,0.02,25,20739.43,12785.83,12,168,484,0,0,0,120.15,0,
TXN04-00589,4,2026-05-23 12:06:01,12254.07,Fuel,40020,Bank Transfer,DEV-04-1,iPhone,Mumbai,12,5,1,8.48,26,20831.43,12765.67,8,241,485,0,0,0,0.0,0,
TXN04-00590,4,2026-05-23 12:18:08,5915.87,Suppliers,40011,Bank Transfer,DEV-04-1,iPhone,Mumbai,12,5,1,12.12,27,20766.32,12750.13,17,242,486,0,0,0,0.0,0,
TXN04-00591,4,2026-05-23 12:25:02,26364.29,Hotels,40013,Card,DEV-04-1,iPhone,Mumbai,12,5,1,6.9,28,20724.72,12756.43,11,243,487,0,0,0,0.0,0,
TXN04-00592,4,2026-05-23 12:29:14,21725.44,Hotels,40001,UPI,DEV-04-2,iPhone,Mumbai,12,5,1,4.2,29,20740.47,12742.08,64,169,488,0,0,0,0.0,0,
TXN04-00593,4,2026-05-23 12:44:39,30153.54,Hotels,40019,Bank Transfer,DEV-04-3,iPhone,Mumbai,12,5,1,15.42,30,20759.95,12729.62,12,86,489,0,0,0,0.0,0,
TXN04-00594,4,2026-05-23 12:54:12,38720.13,Hotels,40041,UPI,DEV-04-2,iPhone,Mumbai,12,5,1,9.55,31,20802.97,12735.34,5,170,490,0,0,0,0.0,0,
TXN04-00595,4,2026-05-23 13:13:25,21761.9,Office,40044,Bank Transfer,DEV-04-4,Android,Mumbai,13,5,1,19.22,32,20804.02,12679.52,5,48,491,0,0,0,0.0,0,
TXN04-00596,4,2026-05-23 13:24:53,24005.86,Fuel,40020,Card,DEV-04-3,iPhone,Mumbai,13,5,1,11.47,33,20882.32,12703.18,9,87,492,0,0,0,0.0,0,
TXN04-00597,4,2026-05-23 13:31:10,14055.06,Hotels,40051,Card,DEV-04-4,Android,Mumbai,13,5,1,6.28,34,20891.15,12686.31,1,49,493,0,0,1,0.0,0,
TXN04-00598,4,2026-05-23 14:24:08,10830.93,Office,40005,Card,DEV-04-3,iPhone,Mumbai,14,5,1,52.97,35,20835.43,12669.01,41,88,494,0,0,0,0.0,0,
TXN04-00599,4,2026-05-23 14:34:34,35009.39,Fuel,40002,Card,DEV-04-1,iPhone,Mumbai,14,5,1,10.43,36,20806.92,12662.18,41,244,495,0,0,0,0.0,0,
TXN04-00600,4,2026-05-23 14:43:13,21092.94,Hotels,40001,Card,DEV-04-1,iPhone,Mumbai,14,5,1,8.65,37,20847.27,12666.76,65,245,496,0,0,0,0.0,0,
TXN04-00601,4,2026-05-23 14:57:43,23638.4,Suppliers,40004,Card,DEV-04-6,Web,Mumbai,14,5,1,14.5,38,20881.7,12650.9,21,13,497,0,0,0,0.0,0,
TXN04-00602,4,2026-05-23 15:05:02,32958.15,Suppliers,40003,Card,DEV-04-6,Web,Mumbai,15,5,1,7.32,39,20889.5,12633.82,58,14,498,0,0,0,0.0,0,
TXN04-00603,4,2026-05-23 15:10:23,3617.44,Hotels,40019,Bank Transfer,DEV-04-6,Web,Mumbai,15,5,1,5.35,40,20923.6,12632.22,13,15,499,0,0,0,0.0,0,
TXN04-00604,4,2026-05-23 15:15:36,13776.83,Fuel,40002,Bank Transfer,DEV-04-2,iPhone,Mumbai,15,5,1,5.22,41,20850.79,12637.76,42,171,500,0,0,0,0.0,0,
TXN04-00605,4,2026-05-23 15:23:23,14917.56,Suppliers,40004,Bank Transfer,DEV-04-3,iPhone,Pune,15,5,1,7.78,42,20801.09,12570.13,22,89,43,0,0,0,120.15,0,
TXN04-00606,4,2026-05-23 15:37:50,50000.0,Suppliers,40018,Card,DEV-04-4,Android,Mumbai,15,5,1,14.45,43,20784.42,12556.2,9,50,501,0,0,0,120.15,0,
TXN04-00607,4,2026-05-23 15:53:19,10922.23,Office,40005,UPI,DEV-04-4,Android,Mumbai,15,5,1,15.48,44,20864.35,12622.66,42,51,502,0,0,0,0.0,0,
TXN04-00608,4,2026-05-23 16:35:26,30279.04,Suppliers,40004,Card,DEV-04-5,iPhone,Mumbai,16,5,1,42.12,45,20861.81,12616.27,23,21,503,0,0,0,0.0,0,
TXN04-00609,4,2026-05-23 16:55:44,25094.35,Hotels,40006,Card,DEV-04-3,iPhone,Mumbai,16,5,1,20.3,46,20865.11,12618.59,24,90,504,0,0,0,0.0,0,
TXN04-00610,4,2026-05-23 17:14:02,10186.81,Suppliers,40011,Card,DEV-04-3,iPhone,Mumbai,17,5,1,18.3,47,20902.21,12612.04,18,91,505,0,0,0,0.0,0,
TXN04-00611,4,2026-05-23 17:47:40,8216.7,Hotels,40006,UPI,DEV-04-2,iPhone,Mumbai,17,5,1,33.63,48,20938.45,12626.93,25,172,506,0,0,0,0.0,0,
TXN04-00612,4,2026-05-23 18:17:15,15411.51,Fuel,40002,Card,DEV-04-8,Android,Mumbai,18,5,1,29.58,49,20954.28,12549.32,43,5,507,0,0,0,0.0,0,
TXN04-00613,4,2026-05-23 18:18:48,10845.06,Office,40008,Bank Transfer,DEV-04-1,iPhone,Delhi,18,5,1,1.55,50,20938.08,12534.53,21,246,51,0,0,0,1153.24,0,
TXN04-00614,4,2026-05-23 18:20:54,11546.05,Office,40005,UPI,DEV-04-2,iPhone,Mumbai,18,5,1,2.1,51,20908.65,12528.07,43,173,508,0,0,0,1153.24,0,
TXN04-00615,4,2026-05-23 18:30:33,44295.85,Suppliers,40022,Card,DEV-04-2,iPhone,Mumbai,18,5,1,9.65,52,20867.66,12535.63,13,174,509,0,0,0,0.0,0,
TXN04-00616,4,2026-05-23 18:47:58,35332.97,Office,40033,Card,DEV-04-3,iPhone,Mumbai,18,5,1,17.42,53,20918.69,12615.49,6,92,510,0,0,0,0.0,0,
TXN04-00617,4,2026-05-23 18:55:34,25511.32,Hotels,40041,Card,DEV-04-6,Web,Mumbai,18,5,1,7.6,54,20980.28,12634.43,6,16,511,0,0,0,0.0,0,
TXN04-00618,4,2026-05-23 19:04:25,35588.83,Hotels,40010,Card,DEV-04-1,iPhone,Mumbai,19,5,1,8.85,55,21091.39,12590.03,15,247,512,0,0,0,0.0,0,
TXN04-00619,4,2026-05-23 19:16:14,6446.75,Office,40031,UPI,DEV-04-3,iPhone,Mumbai,19,5,1,11.82,56,21133.9,12595.97,7,93,513,0,0,0,0.0,0,
TXN04-00620,4,2026-05-23 19:30:41,7670.14,Suppliers,40003,Bank Transfer,DEV-04-4,Android,Delhi,19,5,1,14.45,57,21090.96,12602.52,59,52,52,0,0,0,1153.24,0,
TXN04-00621,4,2026-05-23 20:16:11,18798.22,Hotels,40010,UPI,DEV-04-3,iPhone,Mumbai,20,5,1,45.5,58,21119.18,12611.01,16,94,514,0,0,0,1153.24,0,
TXN04-00622,4,2026-05-23 20:45:39,31573.47,Office,40031,UPI,DEV-04-3,iPhone,Mumbai,20,5,1,29.47,59,21092.99,12659.43,8,95,515,0,0,0,0.0,0,
TXN04-00623,4,2026-05-24 08:11:01,50000.0,Hotels,40025,UPI,DEV-04-7,iPhone,Mumbai,8,6,1,685.37,1,21080.3,12606.99,6,6,516,0,0,0,0.0,0,
TXN04-00624,4,2026-05-24 08:17:06,46456.34,Suppliers,40038,UPI,DEV-04-3,iPhone,Mumbai,8,6,1,6.08,2,21166.11,12686.17,6,96,517,0,0,0,0.0,0,
TXN04-00625,4,2026-05-24 08:17:22,26721.18,Suppliers,40003,UPI,DEV-04-2,iPhone,Mumbai,8,6,1,0.27,3,21240.94,12741.64,60,175,518,0,0,0,0.0,0,
TXN04-00626,4,2026-05-24 08:49:23,19338.75,Hotels,40001,UPI,DEV-04-2,iPhone,Mumbai,8,6,1,32.02,4,21259.25,12745.06,66,176,519,0,0,0,0.0,0,
TXN04-00627,4,2026-05-24 08:55:05,10235.84,Office,40008,Card,DEV-04-1,iPhone,Mumbai,8,6,1,5.7,5,21257.61,12763.3,22,248,520,0,0,0,0.0,0,
TXN04-00628,4,2026-05-24 09:04:12,50000.0,Suppliers,40035,Card,DEV-04-5,iPhone,Mumbai,9,6,1,9.12,6,21225.0,12758.46,9,22,521,0,0,0,0.0,0,
TXN04-00629,4,2026-05-24 09:14:15,29655.72,Suppliers,40035,Card,DEV-04-2,iPhone,Mumbai,9,6,1,10.05,7,21360.11,12820.51,10,177,522,0,0,0,0.0,0,
TXN04-00630,4,2026-05-24 09:22:30,45676.49,Office,40028,UPI,DEV-04-2,iPhone,Pune,9,6,1,8.25,8,21372.0,12826.33,13,178,44,0,0,0,120.15,0,
TXN04-00631,4,2026-05-24 09:47:46,18650.53,Hotels,40050,Card,DEV-04-2,iPhone,Mumbai,9,6,1,25.27,9,21387.57,12880.46,2,179,523,0,0,0,120.15,0,
TXN04-00632,4,2026-05-24 10:03:12,17766.7,Office,40044,Card,DEV-04-1,iPhone,Mumbai,10,6,1,15.43,10,21379.48,12862.25,6,249,524,0,0,0,0.0,0,
TXN04-00633,4,2026-05-24 10:12:53,26229.64,Hotels,40010,Bank Transfer,DEV-04-1,iPhone,Mumbai,10,6,1,9.68,11,21368.82,12844.76,17,250,525,0,0,0,0.0,0,
TXN04-00634,4,2026-05-24 10:37:33,35284.67,Hotels,40010,Card,DEV-04-3,iPhone,Pune,10,6,1,24.67,12,21373.62,12837.58,18,97,45,0,0,0,120.15,0,
TXN04-00635,4,2026-05-24 10:44:20,13121.54,Hotels,40025,UPI,DEV-04-4,Android,Mumbai,10,6,1,6.78,13,21414.66,12840.82,7,53,526,0,0,0,120.15,0,
TXN04-00636,4,2026-05-24 10:44:23,16432.67,Fuel,40002,Card,DEV-04-1,iPhone,Mumbai,10,6,1,0.05,14,21390.27,12829.78,44,251,527,0,0,0,0.0,0,
TXN04-00637,4,2026-05-24 11:09:22,9145.27,Suppliers,40052,Card,DEV-04-5,iPhone,Lucknow,11,6,1,24.98,15,21396.8,12826.69,1,23,4,0,0,1,1194.67,0,
TXN04-00638,4,2026-05-24 11:32:31,15607.53,Suppliers,40018,Bank Transfer,DEV-04-1,iPhone,Mumbai,11,6,1,23.15,16,21392.7,12851.48,10,252,528,0,0,0,1194.67,0,
TXN04-00639,4,2026-05-24 11:32:45,10761.32,Hotels,40001,Card,DEV-04-2,iPhone,Mumbai,11,6,1,0.23,17,21375.69,12836.39,67,180,529,0,0,0,0.0,0,
TXN04-00640,4,2026-05-24 11:49:00,11560.46,Hotels,40006,Card,DEV-04-1,iPhone,Mumbai,11,6,1,16.25,18,21344.56,12830.4,26,253,530,0,0,0,0.0,0,
TXN04-00641,4,2026-05-24 11:52:28,33263.56,Suppliers,40015,UPI,DEV-04-5,iPhone,Mumbai,11,6,1,3.47,19,21315.95,12822.51,14,24,531,0,0,0,0.0,0,
TXN04-00642,4,2026-05-24 12:03:36,64439.26,Overseas Merchant,908316,Card,DEV-04-1,iPhone,Dubai,12,6,1,11.13,20,21350.79,12820.0,1,254,1,0,1,1,1935.09,1,foreign_merchant
TXN04-00643,4,2026-05-24 13:13:50,25116.65,Hotels,40007,Card,DEV-04-5,iPhone,Delhi,13,6,1,70.23,21,21496.2,13023.44,14,25,53,0,0,0,2195.3,0,
TXN04-00644,4,2026-05-24 13:15:38,40001.33,Fuel,40002,Card,DEV-04-5,iPhone,Mumbai,13,6,1,1.8,22,21506.72,13005.95,45,26,532,0,0,0,1153.24,0,
TXN04-00645,4,2026-05-24 13:19:19,14509.34,Suppliers,40003,Card,DEV-04-1,iPhone,Mumbai,13,6,1,3.68,23,21560.33,13025.09,61,255,533,0,0,0,0.0,0,
TXN04-00646,4,2026-05-24 13:34:00,11305.75,Office,40016,Bank Transfer,DEV-04-1,iPhone,Mumbai,13,6,1,14.68,24,21448.87,12957.76,15,256,534,0,0,0,0.0,0,
TXN04-00647,4,2026-05-24 13:56:20,11369.26,Fuel,40021,Bank Transfer,DEV-04-6,Web,Mumbai,13,6,1,22.33,25,21390.45,12958.05,11,17,535,0,0,0,0.0,0,
TXN04-00648,4,2026-05-24 13:58:19,10811.64,Office,40016,Card,DEV-04-6,Web,Mumbai,13,6,1,1.98,26,21361.4,12950.47,16,18,536,0,0,0,0.0,0,
TXN04-00649,4,2026-05-24 14:49:24,16979.3,Hotels,40007,Card,DEV-04-7,iPhone,Mumbai,14,6,1,51.08,27,21376.75,12952.44,15,7,537,0,0,0,0.0,0,
TXN04-00650,4,2026-05-24 15:11:48,15356.28,Suppliers,40004,Bank Transfer,DEV-04-3,iPhone,Delhi,15,6,1,22.4,28,21384.81,12948.84,24,98,54,0,0,0,1153.24,0,
TXN04-00651,4,2026-05-24 15:11:53,4154.71,Hotels,40001,UPI,DEV-04-2,iPhone,Mumbai,15,6,1,0.08,29,21367.33,12934.12,68,181,538,0,0,0,1153.24,0,
TXN04-00652,4,2026-05-24 15:15:54,50000.0,Suppliers,40003,Bank Transfer,DEV-04-8,Android,Delhi,15,6,1,4.02,30,21386.88,12950.76,62,6,55,0,0,0,1153.24,0,
TXN04-00653,4,2026-05-24 15:16:23,41596.08,Hotels,40001,UPI,DEV-04-2,iPhone,Mumbai,15,6,1,0.48,31,21469.82,13023.15,69,182,539,0,0,0,1153.24,0,
TXN04-00654,4,2026-05-24 15:22:39,13397.27,Hotels,40006,Bank Transfer,DEV-04-1,iPhone,Mumbai,15,6,1,6.27,32,21527.99,13049.12,27,257,540,0,0,0,0.0,0,
TXN04-00655,4,2026-05-24 15:40:10,50000.0,Fuel,40002,UPI,DEV-04-2,iPhone,Mumbai,15,6,1,17.52,33,21474.8,12967.18,46,183,541,0,0,0,0.0,0,
TXN04-00656,4,2026-05-24 16:01:08,12299.7,Suppliers,40004,UPI,DEV-04-5,iPhone,Mumbai,16,6,1,20.97,34,21603.68,13029.58,25,27,542,0,0,0,0.0,0,
TXN04-00657,4,2026-05-24 16:10:10,32835.52,Hotels,40001,UPI,DEV-04-3,iPhone,Delhi,16,6,1,9.03,35,21576.71,13020.29,70,99,56,0,0,0,1153.24,0,
TXN04-00658,4,2026-05-24 16:20:10,27935.58,Hotels,40053,Card,DEV-04-1,iPhone,Mumbai,16,6,1,10.0,36,21609.25,13015.51,1,258,543,0,0,1,1153.24,0,
TXN04-00659,4,2026-05-24 16:43:38,13783.0,Hotels,40006,UPI,DEV-04-1,iPhone,Pune,16,6,1,23.47,37,21659.4,13006.35,28,259,46,0,0,0,120.15,0,
TXN04-00660,4,2026-05-24 17:14:02,33930.46,Hotels,40010,Card,DEV-04-2,iPhone,Mumbai,17,6,1,30.4,38,21591.8,12910.44,19,184,544,0,0,0,120.15,0,
TXN04-00661,4,2026-05-24 17:20:02,28291.08,Office,40016,Card,DEV-04-4,Android,Mumbai,17,6,1,6.0,39,21627.56,12908.77,17,54,545,0,0,0,0.0,0,
TXN04-00662,4,2026-05-24 17:22:10,37775.48,Hotels,40014,Card,DEV-04-5,iPhone,Pune,17,6,1,2.13,40,21646.82,12895.06,10,28,47,0,0,0,120.15,0,
TXN04-00663,4,2026-05-24 17:49:01,12249.06,Overseas Merchant,914553,Card,DEV-04-1,iPhone,Bangkok,17,6,1,26.85,41,21693.3,12905.46,1,260,1,0,1,1,2891.93,1,foreign_merchant
TXN04-00664,4,2026-05-24 17:56:43,15835.99,Suppliers,40018,Card,DEV-04-8,Android,Mumbai,17,6,1,7.7,42,21666.16,12896.82,11,7,546,0,0,0,3001.63,0,
TXN04-00665,4,2026-05-24 18:02:55,50000.0,Hotels,40025,Card,DEV-04-2,iPhone,Mumbai,18,6,1,6.2,43,21649.46,12882.1,8,185,547,0,0,0,0.0,0,
TXN04-00666,4,2026-05-24 18:09:34,16155.04,Suppliers,40003,Card,DEV-04-1,iPhone,Mumbai,18,6,1,6.65,44,21795.86,12958.66,63,261,548,0,0,0,0.0,0,
TXN04-00667,4,2026-05-24 18:14:39,28618.42,Fuel,40002,Card,DEV-04-4,Android,Mumbai,18,6,1,5.08,45,21779.69,12943.6,47,55,549,0,0,0,0.0,0,
TXN04-00668,4,2026-05-24 18:59:09,28846.15,Fuel,40002,Bank Transfer,DEV-04-2,iPhone,Mumbai,18,6,1,44.5,46,21802.55,12948.61,48,186,550,0,0,0,0.0,0,
TXN04-00669,4,2026-05-24 19:08:23,7453.4,Hotels,40001,Card,DEV-04-1,iPhone,Mumbai,19,6,1,9.23,47,21817.17,12902.81,71,262,551,0,0,0,0.0,0,
TXN04-00670,4,2026-05-24 19:09:17,26811.11,Hotels,40046,UPI,DEV-04-6,Web,Mumbai,19,6,1,0.9,48,21776.02,12907.17,4,19,552,0,0,0,0.0,0,
TXN04-00671,4,2026-05-24 19:40:04,5199.86,Fuel,40020,Card,DEV-04-5,iPhone,Mumbai,19,6,1,30.78,49,21836.2,12909.04,10,29,553,0,0,0,0.0,0,
TXN04-00672,4,2026-05-24 20:00:03,8773.36,Suppliers,40034,Bank Transfer,DEV-04-5,iPhone,Mumbai,20,6,1,19.98,50,21812.95,12942.42,5,30,554,0,0,0,0.0,0,
TXN04-00673,4,2026-05-24 20:20:03,13746.72,Suppliers,40015,Card,DEV-04-3,iPhone,Mumbai,20,6,1,20.0,51,21820.48,12934.08,15,100,555,0,0,0,0.0,0,
TXN04-00674,4,2026-05-24 20:34:27,28044.99,Hotels,40001,UPI,DEV-04-7,iPhone,Mumbai,20,6,1,14.4,52,21811.04,12938.77,72,8,556,0,0,0,0.0,0,
TXN04-00675,4,2026-05-24 20:46:12,26260.63,Office,40008,Card,DEV-04-4,Android,Mumbai,20,6,1,11.75,53,21828.95,12924.48,23,56,557,0,0,0,0.0,0,
TXN04-00676,4,2026-05-25 08:14:13,50000.0,Hotels,40006,Card,DEV-04-2,iPhone,Mumbai,8,0,0,688.02,1,21841.65,12908.12,29,187,558,0,0,0,0.0,0,
TXN04-00677,4,2026-05-25 08:21:02,50000.0,Bank Transfer,40001,Bank Transfer,DEV-04-1,iPhone,Mumbai,8,0,0,6.82,2,21841.65,12908.12,73,263,559,0,0,0,0.0,1,rapid_repeated_transfers
TXN04-00678,4,2026-05-25 08:23:02,50000.0,Bank Transfer,40001,Bank Transfer,DEV-04-1,iPhone,Mumbai,8,0,0,2.0,3,21922.1,12977.0,74,264,560,0,0,0,0.0,1,rapid_repeated_transfers
TXN04-00679,4,2026-05-25 08:24:02,50000.0,Bank Transfer,40001,Bank Transfer,DEV-04-1,iPhone,Mumbai,8,0,0,1.0,4,22002.09,13044.63,75,265,561,0,0,0,0.0,1,rapid_repeated_transfers
TXN04-00680,4,2026-05-25 08:26:33,21756.82,Suppliers,40024,Card,DEV-04-3,iPhone,Mumbai,8,0,0,2.52,5,22081.63,13111.05,8,101,562,0,0,0,0.0,0,
TXN04-00681,4,2026-05-25 08:35:47,43099.76,Hotels,40013,UPI,DEV-04-2,iPhone,Mumbai,8,0,0,9.23,6,22113.57,13096.51,12,188,563,0,0,0,0.0,0,
TXN04-00682,4,2026-05-25 08:37:55,16186.44,Hotels,40192,Card,DEV-04-2,iPhone,Mumbai,8,0,0,2.13,7,22173.02,13125.43,1,189,564,0,0,1,0.0,1,ato_new_merchant_same_category
TXN04-00683,4,2026-05-25 08:41:45,28622.7,Fuel,40009,Card,DEV-04-3,iPhone,Mumbai,8,0,0,3.83,8,22156.11,13110.73,30,102,565,0,0,0,0.0,0,
TXN04-00684,4,2026-05-25 08:46:21,19483.43,Suppliers,40034,Card,DEV-04-4,Android,Mumbai,8,0,0,4.6,9,22174.33,13096.74,6,57,566,0,0,0,0.0,0,
TXN04-00685,4,2026-05-25 08:56:59,25385.31,Hotels,40007,Bank Transfer,DEV-04-1,iPhone,Delhi,8,0,0,10.63,10,22223.03,13093.74,16,266,57,0,0,0,1153.24,0,
TXN04-00686,4,2026-05-25 09:22:38,11749.29,Suppliers,40022,UPI,DEV-04-1,iPhone,Pune,9,0,0,25.65,11,22231.94,13076.36,14,267,48,0,0,0,1179.48,0,
TXN04-00687,4,2026-05-25 09:39:20,11719.64,Suppliers,40054,Card,DEV-04-2,iPhone,Mumbai,9,0,0,16.7,12,22202.5,13069.76,1,190,567,0,0,1,120.15,0,
TXN04-00688,4,2026-05-25 10:17:25,15108.84,Suppliers,40027,Card,DEV-04-7,iPhone,Mumbai,10,0,0,38.08,13,22193.9,13075.64,9,9,568,0,0,0,0.0,0,
TXN04-00689,4,2026-05-25 10:18:03,17736.14,Suppliers,40003,Card,DEV-04-2,iPhone,Mumbai,10,0,0,0.63,14,22174.05,13062.69,64,191,569,0,0,0,0.0,0,
TXN04-00690,4,2026-05-25 10:57:16,15573.36,Fuel,40023,Card,DEV-04-2,iPhone,Mumbai,10,0,0,39.22,15,22122.27,13043.52,6,192,570,0,0,0,0.0,0,
TXN04-00691,4,2026-05-25 11:30:27,21593.13,Fuel,40012,Bank Transfer,DEV-04-3,iPhone,Mumbai,11,0,0,33.18,16,22049.55,12996.48,11,103,571,0,0,0,0.0,0,
TXN04-00692,4,2026-05-25 11:37:29,21333.15,Hotels,40046,Card,DEV-04-1,iPhone,Mumbai,11,0,0,7.03,17,22091.63,12970.73,5,268,572,0,0,0,0.0,0,
TXN04-00693,4,2026-05-25 11:43:52,11444.3,Suppliers,40018,Card,DEV-04-4,Android,Mumbai,11,0,0,6.38,18,22089.5,12952.56,12,58,573,0,0,0,0.0,0,
TXN04-00694,4,2026-05-25 11:56:49,24566.56,Suppliers,40003,UPI,DEV-04-5,iPhone,Delhi,11,0,0,12.95,19,22099.34,12943.14,65,31,58,0,0,0,1153.24,0,
TXN04-00695,4,2026-05-25 12:19:29,5124.49,Hotels,40007,UPI,DEV-04-2,iPhone,Delhi,12,0,0,22.67,20,22129.57,12936.29,17,193,59,0,0,0,0.0,0,
TXN04-00696,4,2026-05-25 12:44:27,25794.44,Fuel,40048,Card,DEV-04-4,Android,Mumbai,12,0,0,24.97,21,22063.87,12963.07,3,59,574,0,0,0,1153.24,0,
TXN04-00697,4,2026-05-25 13:53:09,5466.43,Fuel,40009,Card,DEV-04-7,iPhone,Mumbai,13,0,0,68.7,22,22058.17,12945.29,31,10,575,0,0,0,0.0,0,
TXN04-00698,4,2026-05-25 14:02:38,21419.47,Hotels,40030,Card,DEV-04-1,iPhone,Mumbai,14,0,0,9.48,23,22011.56,12956.89,10,269,576,0,0,0,0.0,0,
TXN04-00699,4,2026-05-25 14:15:54,5867.46,Suppliers,40035,Card,DEV-04-1,iPhone,Mumbai,14,0,0,13.27,24,21971.91,12937.02,11,270,577,0,0,0,0.0,0,
TXN04-00700,4,2026-05-25 14:35:21,10942.74,Office,40044,Card,DEV-04-1,iPhone,Pune,14,0,0,19.45,25,21929.17,12922.4,7,271,49,0,0,0,120.15,0,
TXN04-00701,4,2026-05-25 14:37:59,26763.78,Fuel,40002,Card,DEV-04-2,iPhone,Delhi,14,0,0,2.63,26,21898.22,12917.32,49,194,60,0,0,0,1179.48,0,
TXN04-00702,4,2026-05-25 15:03:16,27530.4,Hotels,40001,Bank Transfer,DEV-04-5,iPhone,Mumbai,15,0,0,25.28,27,21938.04,12910.47,76,32,578,0,0,0,1153.24,0,
TXN04-00703,4,2026-05-25 15:04:13,5553.96,Fuel,40002,Card,DEV-04-1,iPhone,Mumbai,15,0,0,0.95,28,21953.75,12895.72,50,272,579,0,0,0,0.0,0,
TXN04-00704,4,2026-05-25 15:30:12,50000.0,Suppliers,40045,UPI,DEV-04-3,iPhone,Mumbai,15,0,0,25.98,29,21907.81,12906.78,3,104,580,0,0,0,0.0,0,
TXN04-00705,4,2026-05-25 15:34:59,41058.89,Fuel,40021,Card,DEV-04-2,iPhone,Mumbai,15,0,0,4.78,30,21971.95,12989.07,12,195,581,0,0,0,0.0,0,
TXN04-00706,4,2026-05-25 15:39:46,11776.29,Fuel,40002,Bank Transfer,DEV-04-1,iPhone,Mumbai,15,0,0,4.78,31,22046.65,13021.9,51,273,582,0,0,0,0.0,0,
TXN04-00707,4,2026-05-25 15:41:08,11759.95,Hotels,40019,UPI,DEV-04-2,iPhone,Mumbai,15,0,0,1.37,32,21998.95,13028.24,14,196,583,0,0,0,0.0,0,
TXN04-00708,4,2026-05-25 16:21:01,32832.04,Suppliers,40003,Card,DEV-04-1,iPhone,Mumbai,16,0,0,39.88,33,21976.98,13055.4,66,274,584,0,0,0,0.0,0,
TXN04-00709,4,2026-05-25 16:32:39,18947.1,Hotels,40019,UPI,DEV-04-2,iPhone,Mumbai,16,0,0,11.63,34,22007.38,13049.72,15,197,585,0,0,0,0.0,0,
TXN04-00710,4,2026-05-25 16:44:24,19014.56,Suppliers,40055,Card,DEV-04-3,iPhone,Mumbai,16,0,0,11.75,35,21998.83,13032.48,1,105,586,0,0,1,0.0,0,
TXN04-00711,4,2026-05-25 17:05:31,7336.86,Office,40017,Bank Transfer,DEV-04-3,iPhone,Mumbai,17,0,0,21.12,36,21990.52,13015.27,9,106,587,0,0,0,0.0,0,
TXN04-00712,4,2026-05-25 17:55:41,9703.2,Hotels,40007,Bank Transfer,DEV-04-1,iPhone,Mumbai,17,0,0,50.17,37,21955.77,13037.68,18,275,588,0,0,0,0.0,0,
TXN04-00713,4,2026-05-25 17:58:46,27527.45,Fuel,40020,Bank Transfer,DEV-04-5,iPhone,Mumbai,17,0,0,3.08,38,21921.73,13035.52,11,33,589,0,0,0,0.0,0,
TXN04-00714,4,2026-05-25 18:03:49,17891.11,Fuel,40021,Bank Transfer,DEV-04-2,iPhone,Mumbai,18,0,0,5.05,39,21937.26,13020.78,13,198,590,0,0,0,0.0,0,
TXN04-00715,4,2026-05-25 18:07:09,15559.39,Hotels,40041,UPI,DEV-04-1,iPhone,Delhi,18,0,0,3.33,40,21926.08,13004.52,7,276,61,0,0,0,1153.24,0,
TXN04-00716,4,2026-05-25 18:13:11,38533.21,Fuel,40026,Card,DEV-04-2,iPhone,Mumbai,18,0,0,6.03,41,21908.54,12990.88,4,199,591,0,0,0,1153.24,0,
TXN04-00717,4,2026-05-25 18:51:01,10208.95,Suppliers,40015,Card,DEV-04-7,iPhone,Mumbai,18,0,0,37.83,42,21900.28,12962.73,16,11,592,0,0,0,0.0,0,
TXN04-00718,4,2026-05-25 18:58:32,17976.49,Fuel,40009,Card,DEV-04-1,iPhone,Mumbai,18,0,0,7.52,43,21867.98,12959.35,32,277,593,0,0,0,0.0,0,
TXN04-00719,4,2026-05-25 19:16:28,11348.61,Hotels,40030,Card,DEV-04-2,iPhone,Mumbai,19,0,0,17.93,44,21857.26,12943.09,11,200,594,0,0,0,0.0,0,
TXN04-00720,4,2026-05-25 19:16:46,25153.54,Suppliers,40003,Bank Transfer,DEV-04-6,Web,Mumbai,19,0,0,0.3,45,21828.39,12937.0,67,20,595,0,0,0,0.0,0,
TXN04-00721,4,2026-05-25 19:52:39,9702.78,Suppliers,40027,Card,DEV-04-2,iPhone,Mumbai,19,0,0,35.88,46,21874.76,12943.58,10,201,596,0,0,0,0.0,0,
TXN04-00722,4,2026-05-25 20:13:13,46526.73,Hotels,40007,Bank Transfer,DEV-04-2,iPhone,Mumbai,20,0,0,20.57,47,21841.32,12941.48,19,202,597,0,0,0,0.0,0,
TXN04-00723,4,2026-05-25 20:28:49,23854.39,Office,40005,UPI,DEV-04-4,Android,Delhi,20,0,0,15.6,48,21908.95,12987.99,44,60,62,0,0,0,1153.24,0,
TXN04-00724,4,2026-05-25 20:59:48,34897.6,Suppliers,40034,Bank Transfer,DEV-04-2,iPhone,Mumbai,20,0,0,30.98,49,21887.77,12960.36,7,203,598,0,0,0,1153.24,0,
TXN04-00725,4,2026-05-26 02:37:46,49439.95,Overseas Merchant,993292,Card,DEV-04-1,iPhone,Dubai,2,1,0,337.97,1,21923.41,12960.44,1,278,2,0,0,1,1935.09,1,foreign_merchant
TXN04-00726,4,2026-05-26 08:12:49,14555.3,Office,40005,Card,DEV-04-2,iPhone,Mumbai,8,1,0,335.05,2,21969.37,13045.61,45,204,599,0,0,0,1935.09,0,
TXN04-00727,4,2026-05-26 08:27:33,16484.76,Suppliers,40015,Card,DEV-04-1,iPhone,Mumbai,8,1,0,14.73,3,21962.58,13070.44,17,279,600,0,0,0,0.0,0,
TXN04-00728,4,2026-05-26 08:35:17,17372.27,Suppliers,40011,Card,DEV-04-2,iPhone,Mumbai,8,1,0,7.73,4,21947.49,13055.58,19,205,601,0,0,0,0.0,0,
TXN04-00729,4,2026-05-26 08:46:36,8804.29,Hotels,40006,Card,DEV-04-7,iPhone,Mumbai,8,1,0,11.32,5,21882.54,12983.43,30,12,602,0,0,0,0.0,0,
TXN04-00730,4,2026-05-26 08:53:44,8582.0,Fuel,40002,Bank Transfer,DEV-04-2,iPhone,Mumbai,8,1,0,7.13,6,21892.87,12971.52,52,206,603,0,0,0,0.0,0,
TXN04-00731,4,2026-05-26 09:16:44,6719.61,Suppliers,40011,Bank Transfer,DEV-04-1,iPhone,Mumbai,9,1,0,23.0,7,21778.46,12905.59,20,280,604,0,0,0,0.0,0,
TXN04-00732,4,2026-05-26 09:43:20,28605.12,Office,40005,Card,DEV-04-2,iPhone,Mumbai,9,1,0,26.6,8,21722.85,12926.97,46,207,605,0,0,0,0.0,0,
TXN04-00733,4,2026-05-26 09:45:46,9732.78,Suppliers,40003,Card,DEV-04-2,iPhone,Mumbai,9,1,0,2.43,9,21741.8,12914.19,68,208,606,0,0,0,0.0,0,
TXN04-00734,4,2026-05-26 10:08:48,19507.19,Fuel,40012,Card,DEV-04-1,iPhone,Mumbai,10,1,0,23.03,10,21708.81,12911.75,12,281,607,0,0,0,0.0,0,
TXN04-00735,4,2026-05-26 10:19:28,27445.97,Suppliers,40027,UPI,DEV-04-1,iPhone,Pune,10,1,0,10.67,11,21700.25,12912.17,11,282,50,0,0,0,120.15,0,
TXN04-00736,4,2026-05-26 10:50:29,15348.55,Suppliers,40034,Bank Transfer,DEV-04-1,iPhone,Mumbai,10,1,0,31.02,12,21748.75,12900.5,8,283,608,0,0,0,120.15,0,
TXN04-00737,4,2026-05-26 11:00:15,7436.58,Office,40005,UPI,DEV-04-3,iPhone,Mumbai,11,1,0,9.77,13,21731.22,12887.16,47,107,609,0,0,0,0.0,0,
TXN04-00738,4,2026-05-26 11:04:39,26306.65,Hotels,40030,Card,DEV-04-4,Android,Mumbai,11,1,0,4.4,14,21692.16,12891.15,12,61,610,0,0,0,0.0,0,
TXN04-00739,4,2026-05-26 11:06:16,50000.0,Hotels,40051,UPI,DEV-04-3,iPhone,Mumbai,11,1,0,1.62,15,21704.73,12875.82,2,108,611,0,0,0,0.0,0,
TXN04-00740,4,2026-05-26 11:21:39,24689.23,Hotels,40046,Bank Transfer,DEV-04-1,iPhone,Mumbai,11,1,0,15.38,16,21816.54,12942.71,6,284,612,0,0,0,0.0,0,
TXN04-00741,4,2026-05-26 11:34:41,25554.86,Suppliers,40003,Bank Transfer,DEV-04-1,iPhone,Mumbai,11,1,0,13.03,17,21824.34,12925.98,69,285,613,0,0,0,0.0,0,
TXN04-00742,4,2026-05-26 11:51:58,23485.64,Suppliers,40034,UPI,DEV-04-2,iPhone,Mumbai,11,1,0,17.28,18,21823.57,12925.75,9,209,614,0,0,0,0.0,0,
TXN04-00743,4,2026-05-26 11:56:53,18187.31,Hotels,40029,UPI,DEV-04-8,Android,Mumbai,11,1,0,4.92,19,21828.07,12908.51,14,8,615,0,0,0,0.0,0,
TXN04-00744,4,2026-05-26 12:40:09,50000.0,Fuel,40002,UPI,DEV-04-2,iPhone,Mumbai,12,1,0,43.27,20,21716.94,12866.82,53,210,616,0,0,0,0.0,0,
TXN04-00745,4,2026-05-26 12:57:01,35329.27,Suppliers,40038,UPI,DEV-04-1,iPhone,Mumbai,12,1,0,16.87,21,21794.0,12933.59,7,286,617,0,0,0,0.0,0,
TXN04-00746,4,2026-05-26 13:03:35,20436.25,Fuel,40009,Card,DEV-04-2,iPhone,Mumbai,13,1,0,6.57,22,21830.79,12935.21,33,211,618,0,0,0,0.0,0,
TXN04-00747,4,2026-05-26 13:41:47,6849.73,Hotels,40010,Card,DEV-04-1,iPhone,Mumbai,13,1,0,38.2,23,21852.82,12947.31,20,287,619,0,0,0,0.0,0,
TXN04-00748,4,2026-05-26 13:43:02,4831.19,Office,40005,Card,DEV-04-3,iPhone,Mumbai,13,1,0,1.25,24,21812.05,12953.28,48,109,620,0,0,0,0.0,0,
TXN04-00749,4,2026-05-26 13:50:12,25525.39,Suppliers,40003,UPI,DEV-04-1,iPhone,Mumbai,13,1,0,7.17,25,21766.03,12965.8,70,288,621,0,0,0,0.0,0,
TXN04-00750,4,2026-05-26 13:55:51,40049.93,Suppliers,40024,Card,DEV-04-1,iPhone,Mumbai,13,1,0,5.65,26,21776.19,12949.74,9,289,622,0,0,0,0.0,0,
TXN04-00751,4,2026-05-26 13:58:08,29957.75,Fuel,40002,Bank Transfer,DEV-04-1,iPhone,Mumbai,13,1,0,2.28,27,21825.45,12966.94,54,290,623,0,0,0,0.0,0,
TXN04-00752,4,2026-05-26 14:09:18,18911.59,Office,40017,Bank Transfer,DEV-04-1,iPhone,Mumbai,14,1,0,11.17,28,21847.31,12956.34,10,291,624,0,0,0,0.0,0,
TXN04-00753,4,2026-05-26 14:39:32,24099.53,Office,40017,Bank Transfer,DEV-04-3,iPhone,Mumbai,14,1,0,30.23,29,21870.27,12943.54,11,110,625,0,0,0,0.0,0,
TXN04-00754,4,2026-05-26 14:58:55,7246.06,Fuel,40048,Card,DEV-04-2,iPhone,Mumbai,14,1,0,19.38,30,21903.0,12933.74,4,212,626,0,0,0,0.0,0,
TXN04-00755,4,2026-05-26 14:59:59,10085.6,Hotels,40014,UPI,DEV-04-5,iPhone,Mumbai,14,1,0,1.07,31,21863.7,12938.61,11,34,627,0,0,0,0.0,0,
TXN04-00756,4,2026-05-26 15:02:06,27968.51,Office,40005,Card,DEV-04-1,iPhone,Kolkata,15,1,0,2.12,32,21832.21,12935.6,49,292,2,0,0,0,1654.84,0,
TXN04-00757,4,2026-05-26 15:06:46,7100.16,Fuel,40026,Card,DEV-04-2,iPhone,Mumbai,15,1,0,4.67,33,21848.57,12922.22,5,213,628,0,0,0,1654.84,0,
TXN04-00758,4,2026-05-26 15:21:14,8317.33,Office,40016,UPI,DEV-04-1,iPhone,Mumbai,15,1,0,14.47,34,21813.84,12944.29,18,293,629,0,0,0,0.0,0,
TXN04-00759,4,2026-05-26 15:22:25,39801.89,Office,40008,Card,DEV-04-3,iPhone,Mumbai,15,1,0,1.18,35,21777.95,12945.74,24,111,630,0,0,0,0.0,0,
TXN04-00760,4,2026-05-26 15:22:38,13415.44,Suppliers,40003,Card,DEV-04-5,iPhone,Mumbai,15,1,0,0.22,36,21825.76,12961.76,71,35,631,0,0,0,0.0,0,
TXN04-00761,4,2026-05-26 15:27:33,33130.76,Suppliers,40004,UPI,DEV-04-1,iPhone,Mumbai,15,1,0,4.92,37,21793.29,12967.45,26,294,632,0,0,0,0.0,0,
TXN04-00762,4,2026-05-26 15:32:01,13735.81,Hotels,40006,Bank Transfer,DEV-04-8,Android,Mumbai,15,1,0,4.47,38,21823.29,12963.37,31,9,633,0,0,0,0.0,0,
TXN04-00763,4,2026-05-26 15:32:05,32817.1,Hotels,40051,Card,DEV-04-1,iPhone,Mumbai,15,1,0,0.07,39,21801.95,12952.91,3,295,634,0,0,0,0.0,0,
TXN04-00764,4,2026-05-26 15:37:44,9552.18,Suppliers,40004,Bank Transfer,DEV-04-1,iPhone,Mumbai,15,1,0,5.65,40,21830.93,12948.16,27,296,635,0,0,0,0.0,0,
TXN04-00765,4,2026-05-26 15:39:24,17127.98,Hotels,40056,Bank Transfer,DEV-04-1,iPhone,Mumbai,15,1,0,1.67,41,21798.71,12946.4,1,297,636,0,0,1,0.0,0,
TXN04-00766,4,2026-05-26 16:22:48,30605.21,Office,40008,Card,DEV-04-7,iPhone,Mumbai,16,1,0,43.4,42,21758.59,12942.37,25,13,637,0,0,0,0.0,0,
TXN04-00767,4,2026-05-26 16:25:15,10458.16,Suppliers,40003,Card,DEV-04-5,iPhone,Mumbai,16,1,0,2.45,43,21781.81,12933.3,72,36,638,0,0,0,0.0,0,
TXN04-00768,4,2026-05-26 16:41:34,7802.76,Office,40040,UPI,DEV-04-1,iPhone,Mumbai,16,1,0,16.32,44,21752.17,12929.31,4,298,639,0,0,0,0.0,0,
TXN04-00769,4,2026-05-26 16:45:43,37908.66,Fuel,40043,Card,DEV-04-1,iPhone,Pune,16,1,0,4.15,45,21715.74,12932.03,3,299,51,0,0,0,120.15,0,
TXN04-00770,4,2026-05-26 16:57:32,22665.33,Hotels,40001,UPI,DEV-04-7,iPhone,Mumbai,16,1,0,11.82,46,21757.91,12941.52,77,14,640,0,0,0,120.15,0,
TXN04-00771,4,2026-05-26 17:06:32,7088.21,Suppliers,40003,Card,DEV-04-3,iPhone,Mumbai,17,1,0,9.0,47,21735.18,12932.24,73,112,641,0,0,0,0.0,0,
TXN04-00772,4,2026-05-26 17:40:48,29643.86,Suppliers,40045,UPI,DEV-04-2,iPhone,Mumbai,17,1,0,34.27,48,21713.08,12949.99,4,214,642,0,0,0,0.0,0,
TXN04-00773,4,2026-05-26 17:50:07,30526.12,Hotels,40010,Bank Transfer,DEV-04-1,iPhone,Mumbai,17,1,0,9.32,49,21777.39,12927.87,21,300,643,0,0,0,0.0,0,
TXN04-00774,4,2026-05-26 17:51:43,8501.2,Hotels,40007,UPI,DEV-04-5,iPhone,Mumbai,17,1,0,1.6,50,21800.12,12918.75,20,37,644,0,0,0,0.0,0,
TXN04-00775,4,2026-05-26 17:53:17,23476.19,Suppliers,40015,UPI,DEV-04-2,iPhone,Mumbai,17,1,0,1.57,51,21765.66,12919.7,18,215,645,0,0,0,0.0,0,
TXN04-00776,4,2026-05-26 18:26:55,21598.96,Office,40005,Bank Transfer,DEV-04-1,iPhone,Mumbai,18,1,0,33.63,52,21760.79,12903.61,50,301,646,0,0,0,0.0,0,
TXN04-00777,4,2026-05-26 18:43:06,41812.95,Hotels,40019,Bank Transfer,DEV-04-8,Android,Mumbai,18,1,0,16.18,53,21794.7,12897.34,16,10,647,0,0,0,0.0,0,
TXN04-00778,4,2026-05-26 19:14:10,20140.92,Hotels,40001,Card,DEV-04-2,iPhone,Mumbai,19,1,0,31.07,54,21846.83,12920.87,78,216,648,0,0,0,0.0,0,
TXN04-00779,4,2026-05-26 20:09:01,31734.55,Hotels,40007,Card,DEV-04-5,iPhone,Mumbai,20,1,0,54.85,55,21872.99,12955.62,21,38,649,0,0,0,0.0,0,
TXN04-00780,4,2026-05-26 20:23:30,22841.66,Hotels,40007,UPI,DEV-04-4,Android,Mumbai,20,1,0,14.48,56,21931.08,12950.09,22,62,650,0,0,0,0.0,0,
TXN04-00781,4,2026-05-26 20:50:42,19455.73,Fuel,40023,UPI,DEV-04-5,iPhone,Mumbai,20,1,0,27.2,57,22000.32,12933.73,7,39,651,0,0,0,0.0,0,
TXN04-00782,4,2026-05-26 21:19:25,31339.84,Suppliers,40004,Card,DEV-04-1,iPhone,Pune,21,1,0,28.72,58,21993.64,12917.4,28,302,52,0,0,0,120.15,1,ato_odd_hour
TXN04-00783,4,2026-05-27 08:11:44,5492.64,Suppliers,40027,Card,DEV-04-1,iPhone,Mumbai,8,2,0,652.32,1,22036.1,12921.46,12,303,652,0,0,0,120.15,0,
TXN04-00784,4,2026-05-27 08:20:33,50000.0,Hotels,40042,Card,DEV-04-2,iPhone,Mumbai,8,2,0,8.82,2,21992.8,12932.19,5,217,653,0,0,0,0.0,0,
TXN04-00785,4,2026-05-27 08:39:24,29317.7,Hotels,40025,Card,DEV-04-2,iPhone,Mumbai,8,2,0,18.85,3,22052.78,13024.25,9,218,654,0,0,0,0.0,0,
TXN04-00786,4,2026-05-27 08:44:36,50000.0,Suppliers,40011,Card,DEV-04-5,iPhone,Pune,8,2,0,5.2,4,22086.46,13040.44,21,40,53,0,0,0,120.15,0,
TXN04-00787,4,2026-05-27 08:49:48,5242.47,Fuel,40020,Card,DEV-04-2,iPhone,Mumbai,8,2,0,5.2,5,22159.72,13101.39,12,219,655,0,0,0,120.15,0,
TXN04-00788,4,2026-05-27 08:57:23,22745.68,Office,40033,Card,DEV-04-4,Android,Mumbai,8,2,0,7.58,6,22115.43,13112.75,7,63,656,0,0,0,0.0,0,
TXN04-00789,4,2026-05-27 09:00:40,37214.98,Fuel,40009,Card,DEV-04-3,iPhone,Mumbai,9,2,0,3.28,7,22117.08,13095.66,34,113,657,0,0,0,0.0,0,
TXN04-00790,4,2026-05-27 09:26:07,20117.3,Hotels,40057,UPI,DEV-04-6,Web,Mumbai,9,2,0,25.45,8,22195.9,13095.45,1,21,658,0,0,1,0.0,0,
TXN04-00791,4,2026-05-27 09:46:29,4019.82,Hotels,40001,UPI,DEV-04-4,Android,Mumbai,9,2,0,20.37,9,22231.94,13070.66,79,64,659,0,0,0,0.0,0,
TXN04-00792,4,2026-05-27 09:52:00,20230.26,Hotels,40001,UPI,DEV-04-5,iPhone,Mumbai,9,2,0,5.52,10,22184.51,13086.59,80,41,660,0,0,0,0.0,0,
TXN04-00793,4,2026-05-27 10:08:50,27428.25,Hotels,40007,UPI,DEV-04-8,Android,Mumbai,10,2,0,16.83,11,22179.44,13069.96,23,11,661,0,0,0,0.0,0,
TXN04-00794,4,2026-05-27 10:11:54,50000.0,Suppliers,40052,UPI,DEV-04-3,iPhone,Mumbai,10,2,0,3.07,12,22193.04,13055.75,2,114,662,0,0,0,0.0,0,
TXN04-00795,4,2026-05-27 10:32:02,21757.69,Hotels,40001,Card,DEV-04-2,iPhone,Mumbai,10,2,0,20.13,13,22287.11,13124.76,81,220,663,0,0,0,0.0,0,
TXN04-00796,4,2026-05-27 10:35:48,20602.35,Office,40017,Card,DEV-04-8,Android,Delhi,10,2,0,3.77,14,22285.74,13107.82,12,12,63,0,0,0,1153.24,0,
TXN04-00797,4,2026-05-27 10:38:14,29855.13,Office,40032,Card,DEV-04-2,iPhone,Mumbai,10,2,0,2.43,15,22281.41,13091.2,7,221,664,0,0,0,1153.24,0,
TXN04-00798,4,2026-05-27 10:47:41,7900.66,Hotels,40051,UPI,DEV-04-1,iPhone,Mumbai,10,2,0,9.45,16,22336.52,13077.94,4,304,665,0,0,0,0.0,0,
TXN04-00799,4,2026-05-27 11:20:30,35936.62,Office,40005,Card,DEV-04-2,iPhone,Mumbai,11,2,0,32.82,17,22299.41,13081.56,51,222,666,0,0,0,0.0,0,
TXN04-00800,4,2026-05-27 11:23:12,63613.48,Hotels,40007,UPI,DEV-04-1,iPhone,Mumbai,11,2,0,2.7,18,22352.95,13094.64,24,305,667,0,0,0,0.0,1,ato_higher_amount
TXN04-00801,4,2026-05-27 11:34:02,32118.85,Hotels,40050,UPI,DEV-04-4,Android,Mumbai,11,2,0,10.83,19,22458.85,13260.27,3,65,668,0,0,0,0.0,0,
TXN04-00802,4,2026-05-27 11:50:56,12405.24,Hotels,40006,Card,DEV-04-3,iPhone,Mumbai,11,2,0,16.9,20,22523.3,13246.13,32,115,669,0,0,0,0.0,0,
TXN04-00803,4,2026-05-27 11:56:37,4166.52,Hotels,40029,Card,DEV-04-3,iPhone,Mumbai,11,2,0,5.68,21,22497.36,13239.03,15,116,670,0,0,0,0.0,0,
TXN04-00804,4,2026-05-27 12:17:52,13069.94,Suppliers,40015,UPI,DEV-04-1,iPhone,Mumbai,12,2,0,21.25,22,22437.29,13268.88,19,306,671,0,0,0,0.0,0,
TXN04-00805,4,2026-05-27 12:44:57,23837.21,Suppliers,40004,Bank Transfer,DEV-04-2,iPhone,Mumbai,12,2,0,27.08,23,22437.55,13268.7,29,223,672,0,0,0,0.0,0,
TXN04-00806,4,2026-05-27 12:50:24,8736.49,Suppliers,40034,UPI,DEV-04-2,iPhone,Mumbai,12,2,0,5.45,24,22455.26,13265.95,10,224,673,0,0,0,0.0,0,
TXN04-00807,4,2026-05-27 12:58:11,8089.75,Suppliers,40003,Card,DEV-04-4,Android,Mumbai,12,2,0,7.78,25,22420.18,13267.08,74,66,674,0,0,0,0.0,0,
TXN04-00808,4,2026-05-27 13:24:42,28852.77,Office,40008,Card,DEV-04-7,iPhone,Mumbai,13,2,0,26.52,26,22364.24,13281.27,26,15,675,0,0,0,0.0,0,
TXN04-00809,4,2026-05-27 13:47:03,8351.55,Suppliers,40003,Bank Transfer,DEV-04-4,Android,Mumbai,13,2,0,22.35,27,22366.55,13299.57,75,67,676,0,0,0,0.0,0,
TXN04-00810,4,2026-05-27 14:06:33,9070.71,Suppliers,40003,Bank Transfer,DEV-04-4,Android,Mumbai,14,2,0,19.5,28,22326.3,13318.15,76,68,677,0,0,0,0.0,0,
TXN04-00811,4,2026-05-27 14:56:34,16792.58,Hotels,40010,Card,DEV-04-5,iPhone,Mumbai,14,2,0,50.02,29,22211.13,13276.31,22,42,678,0,0,0,0.0,0,
TXN04-00812,4,2026-05-27 15:04:40,6274.44,Hotels,40006,Card,DEV-04-4,Android,Mumbai,15,2,0,8.1,30,22191.39,13278.64,33,69,679,0,0,0,0.0,0,
TXN04-00813,4,2026-05-27 15:14:05,13842.68,Suppliers,40003,Bank Transfer,DEV-04-5,iPhone,Mumbai,15,2,0,9.42,31,22162.95,13300.84,77,43,680,0,0,0,0.0,0,
TXN04-00814,4,2026-05-27 15:18:20,11547.72,Hotels,40007,Card,DEV-04-2,iPhone,Mumbai,15,2,0,4.25,32,22141.62,13290.43,25,225,681,0,0,0,0.0,0,
TXN04-00815,4,2026-05-27 15:49:03,20679.45,Suppliers,40003,Card,DEV-04-3,iPhone,Mumbai,15,2,0,30.72,33,22136.34,13311.61,78,117,682,0,0,0,0.0,0,
TXN04-00816,4,2026-05-27 16:12:21,31717.27,Office,40005,Card,DEV-04-2,iPhone,Mumbai,16,2,0,23.3,34,22132.61,13294.73,52,226,683,0,0,0,0.0,0,
TXN04-00817,4,2026-05-27 16:27:33,20799.04,Office,40033,Card,DEV-04-3,iPhone,Mumbai,16,2,0,15.2,35,22135.0,13296.37,8,118,684,0,0,0,0.0,0,
TXN04-00818,4,2026-05-27 16:34:19,50000.0,Office,40005,Card,DEV-04-1,iPhone,Mumbai,16,2,0,6.77,36,22170.53,13274.22,53,307,685,0,0,0,0.0,0,
TXN04-00819,4,2026-05-27 16:47:51,45498.89,Fuel,40012,Card,DEV-04-1,iPhone,Mumbai,16,2,0,13.53,37,22245.46,13348.41,13,308,686,0,0,0,0.0,0,
TXN04-00820,4,2026-05-27 16:54:38,9154.28,Office,40033,UPI,DEV-04-8,Android,Mumbai,16,2,0,6.78,38,22318.05,13397.6,9,13,687,0,0,0,0.0,0,
TXN04-00821,4,2026-05-27 17:22:00,18697.66,Fuel,40023,Card,DEV-04-4,Android,Mumbai,17,2,0,27.37,39,22194.19,13333.32,8,70,688,0,0,0,0.0,0,
TXN04-00822,4,2026-05-27 17:33:46,28893.62,Fuel,40020,Card,DEV-04-1,iPhone,Mumbai,17,2,0,11.77,40,22166.05,13329.15,13,309,689,0,0,0,0.0,0,
TXN04-00823,4,2026-05-27 17:36:07,16192.1,Suppliers,40027,Card,DEV-04-3,iPhone,Mumbai,17,2,0,2.35,41,22183.34,13316.36,13,119,690,0,0,0,0.0,0,
TXN04-00824,4,2026-05-27 18:16:57,15972.25,Overseas Merchant,916909,Card,DEV-04-1,iPhone,Unknown Country,18,2,0,40.83,42,22131.18,13254.92,1,310,2,0,0,1,8211.14,1,foreign_merchant
TXN04-00825,4,2026-05-27 18:24:10,12042.24,Suppliers,40003,Bank Transfer,DEV-04-1,iPhone,Mumbai,18,2,0,7.22,43,22145.79,13245.02,79,311,691,0,0,0,8211.14,0,
TXN04-00826,4,2026-05-27 18:38:31,26607.44,Hotels,40010,Card,DEV-04-3,iPhone,Pune,18,2,0,14.35,44,22119.61,13237.82,23,120,54,0,0,0,120.15,0,
TXN04-00827,4,2026-05-27 19:17:39,8978.49,Office,40040,UPI,DEV-04-3,iPhone,Pune,19,2,0,39.13,45,22212.06,13206.36,5,121,55,0,0,0,0.0,0,
TXN04-00828,4,2026-05-27 19:23:06,33487.61,Office,40028,Bank Transfer,DEV-04-7,iPhone,Delhi,19,2,0,5.45,46,22164.78,13221.06,14,16,64,0,0,0,1179.48,0,
TXN04-00829,4,2026-05-27 19:45:29,10857.75,Hotels,40056,Card,DEV-04-2,iPhone,Delhi,19,2,0,22.38,47,22282.72,13228.46,2,227,65,0,0,0,0.0,0,
TXN04-00830,4,2026-05-27 19:51:31,36079.25,Suppliers,40004,Card,DEV-04-2,iPhone,Mumbai,19,2,0,6.03,48,22252.97,13224.05,30,228,692,0,0,0,1153.24,0,
TXN04-00831,4,2026-05-27 20:22:40,4421.51,Office,40017,Card,DEV-04-1,iPhone,Pune,20,2,0,31.15,49,22332.61,13214.99,13,312,56,0,0,0,120.15,0,
TXN04-00832,4,2026-05-27 20:25:39,27181.06,Fuel,40002,Card,DEV-04-2,iPhone,Mumbai,20,2,0,2.98,50,22286.08,13229.27,55,229,693,0,0,0,120.15,0,
TXN04-00833,4,2026-05-27 20:25:47,27090.03,Suppliers,40003,Card,DEV-04-4,Android,Mumbai,20,2,0,0.13,51,22298.76,13214.46,80,71,694,0,0,0,0.0,0,
TXN04-00834,4,2026-05-27 20:35:20,36561.44,Hotels,40050,Card,DEV-04-1,iPhone,Mumbai,20,2,0,9.55,52,22311.15,13199.62,4,313,695,0,0,0,0.0,0,
TXN04-00835,4,2026-05-28 03:57:42,26000.0,Suppliers,40001,Card,DEV-UNK-8803,Android,Mumbai,3,3,0,442.37,1,22183.12,13115.86,82,1,696,1,0,0,0.0,1,unknown_device
TXN04-00836,4,2026-05-28 08:05:05,7722.63,Suppliers,40011,Card,DEV-04-6,Web,Mumbai,8,3,0,247.38,2,22193.03,13100.26,22,22,697,0,0,0,0.0,0,
TXN04-00837,4,2026-05-28 08:55:04,13526.39,Suppliers,40052,Card,DEV-04-1,iPhone,Pune,8,3,0,49.98,3,22171.65,13135.62,3,314,57,0,0,0,120.15,0,
TXN04-00838,4,2026-05-28 09:07:13,26166.25,Suppliers,40011,Card,DEV-04-3,iPhone,Pune,9,3,0,12.15,4,22121.42,13131.7,23,122,58,0,0,0,0.0,0,
TXN04-00839,4,2026-05-28 09:26:31,31141.76,Hotels,40006,UPI,DEV-04-1,iPhone,Mumbai,9,3,0,19.3,5,22123.78,13132.35,34,315,698,0,0,0,120.15,0,
TXN04-00840,4,2026-05-28 09:37:51,33541.05,Suppliers,40038,Card,DEV-04-2,iPhone,Pune,9,3,0,11.33,6,22077.93,13069.9,8,230,59,0,0,0,120.15,0,
TXN04-00841,4,2026-05-28 10:30:12,48330.57,Office,40005,Card,DEV-04-2,iPhone,Mumbai,10,3,0,52.35,7,22035.07,13005.09,54,231,699,0,0,0,120.15,0,
TXN04-00842,4,2026-05-28 10:36:17,17661.63,Suppliers,40003,Card,DEV-04-6,Web,Mumbai,10,3,0,6.08,8,22103.37,13056.97,81,23,700,0,0,0,0.0,0,
TXN04-00843,4,2026-05-28 11:38:34,10601.14,Suppliers,40003,Card,DEV-04-2,iPhone,Mumbai,11,3,0,62.28,9,22169.33,13100.99,82,232,701,0,0,0,0.0,0,
TXN04-00844,4,2026-05-28 12:06:51,6887.4,Suppliers,40027,Card,DEV-04-2,iPhone,Mumbai,12,3,0,28.28,10,22069.9,13053.15,14,233,702,0,0,0,0.0,0,
TXN04-00845,4,2026-05-28 12:23:53,41485.01,Suppliers,40004,UPI,DEV-04-4,Android,Mumbai,12,3,0,17.03,11,22030.05,13059.13,31,72,703,0,0,0,0.0,0,
TXN04-00846,4,2026-05-28 12:36:06,16698.42,Fuel,40009,Card,DEV-04-1,iPhone,Mumbai,12,3,0,12.22,12,22115.26,13079.87,35,316,704,0,0,0,0.0,0,
TXN04-00847,4,2026-05-28 13:01:19,15018.41,Hotels,40046,UPI,DEV-04-1,iPhone,Mumbai,13,3,0,25.22,13,22087.84,13024.78,7,317,705,0,0,0,0.0,0,
TXN04-00848,4,2026-05-28 13:07:24,14511.82,Hotels,40013,Card,DEV-04-1,iPhone,Mumbai,13,3,0,6.08,14,22138.08,13039.94,13,318,706,0,0,0,0.0,0,
TXN04-00849,4,2026-05-28 13:25:42,11878.5,Fuel,40058,Bank Transfer,DEV-04-4,Android,Mumbai,13,3,0,18.3,15,22102.56,13042.38,1,73,707,0,0,1,0.0,0,
TXN04-00850,4,2026-05-28 13:32:44,12044.12,Suppliers,40011,Card,DEV-04-1,iPhone,Mumbai,13,3,0,7.03,16,22075.59,13035.72,24,319,708,0,0,0,0.0,0,
TXN04-00851,4,2026-05-28 13:33:58,11515.58,Suppliers,40059,UPI,DEV-04-3,iPhone,Mumbai,13,3,0,1.23,17,22049.19,13028.7,1,123,709,0,0,1,0.0,0,
TXN04-00852,4,2026-05-28 14:41:04,2583.18,Fuel,40002,UPI,DEV-04-1,iPhone,Mumbai,14,3,0,67.1,18,21924.0,12996.92,56,320,710,0,0,0,0.0,0,
TXN04-00853,4,2026-05-28 15:05:12,18180.99,Hotels,40001,UPI,DEV-UNK-1891,Web,Mumbai,15,3,0,24.13,19,21872.56,13017.79,83,1,711,1,0,0,0.0,1,ato_new_device
TXN04-00854,4,2026-05-28 15:05:46,50000.0,Bank Transfer,40001,Bank Transfer,DEV-04-1,iPhone,Mumbai,15,3,0,0.57,20,21862.77,13001.9,84,321,712,0,0,0,0.0,1,rapid_repeated_transfers
TXN04-00855,4,2026-05-28 15:07:46,50000.0,Bank Transfer,40001,Bank Transfer,DEV-04-1,iPhone,Mumbai,15,3,0,2.0,21,21937.2,13064.88,85,322,713,0,0,0,0.0,1,rapid_repeated_transfers
TXN04-00856,4,2026-05-28 15:08:46,41369.7,Bank Transfer,40001,Bank Transfer,DEV-04-1,iPhone,Mumbai,15,3,0,1.0,22,22011.25,13126.81,86,323,714,0,0,0,0.0,1,rapid_repeated_transfers
TXN04-00857,4,2026-05-28 15:11:14,34264.79,Fuel,40021,Card,DEV-04-1,iPhone,Mumbai,15,3,0,2.47,23,22062.19,13146.99,14,324,715,0,0,0,0.0,0,
TXN04-00858,4,2026-05-28 15:34:08,20640.87,Hotels,40006,Card,DEV-04-4,Android,Mumbai,15,3,0,22.9,24,22110.31,13158.1,35,74,716,0,0,0,0.0,0,
TXN04-00859,4,2026-05-28 15:57:26,50000.0,Suppliers,40004,Card,DEV-04-3,iPhone,Mumbai,15,3,0,23.3,25,22106.45,13141.03,32,124,717,0,0,0,0.0,0,
TXN04-00860,4,2026-05-28 16:19:06,7719.06,Suppliers,40034,Bank Transfer,DEV-04-8,Android,Mumbai,16,3,0,21.67,26,22089.43,13158.64,11,14,718,0,0,0,0.0,0,
TXN04-00861,4,2026-05-28 16:46:08,28474.95,Suppliers,40003,UPI,DEV-04-1,iPhone,Mumbai,16,3,0,27.03,27,22091.74,13156.05,83,325,719,0,0,0,0.0,0,
TXN04-00862,4,2026-05-28 17:34:24,5488.49,Hotels,40030,Card,DEV-04-2,iPhone,Mumbai,17,3,0,48.27,28,22157.25,13168.36,13,234,720,0,0,0,0.0,0,
TXN04-00863,4,2026-05-28 17:51:26,21314.51,Office,40008,UPI,DEV-04-2,iPhone,Mumbai,17,3,0,17.03,29,22107.15,13195.82,27,235,721,0,0,0,0.0,0,
TXN04-00864,4,2026-05-28 18:08:01,43745.95,Fuel,40002,Card,DEV-04-3,iPhone,Pune,18,3,0,16.58,30,22094.69,13194.35,57,125,60,0,0,0,120.15,0,
TXN04-00865,4,2026-05-28 18:19:17,14806.06,Suppliers,40003,Card,DEV-04-3,iPhone,Mumbai,18,3,0,11.27,31,22152.12,13223.81,84,126,722,0,0,0,120.15,0,
TXN04-00866,4,2026-05-28 18:23:45,7115.51,Suppliers,40034,Card,DEV-04-1,iPhone,Mumbai,18,3,0,4.47,32,22137.81,13228.83,12,326,723,0,0,0,0.0,0,
TXN04-00867,4,2026-05-28 18:30:52,24865.85,Hotels,40010,UPI,DEV-04-6,Web,Mumbai,18,3,0,7.12,33,22098.06,13233.84,24,24,724,0,0,0,0.0,0,
TXN04-00868,4,2026-05-28 18:39:38,30328.76,Suppliers,40004,Card,DEV-04-3,iPhone,Mumbai,18,3,0,8.77,34,22105.37,13217.13,33,127,725,0,0,0,0.0,0,
TXN04-00869,4,2026-05-28 19:31:43,21629.85,Hotels,40039,UPI,DEV-04-5,iPhone,Pune,19,3,0,52.08,35,22165.05,13203.05,5,44,61,0,0,0,120.15,0,
TXN04-00870,4,2026-05-28 19:42:36,24122.78,Hotels,40050,Bank Transfer,DEV-04-7,iPhone,Delhi,19,3,0,10.88,36,22163.64,13185.7,5,17,66,0,0,0,1179.48,0,
TXN04-00871,4,2026-05-28 19:43:34,34046.71,Suppliers,40004,Card,DEV-04-3,iPhone,Mumbai,19,3,0,0.97,37,22168.78,13168.76,34,128,726,0,0,0,1153.24,0,
TXN04-00872,4,2026-05-28 20:21:09,35672.23,Office,40016,UPI,DEV-04-2,iPhone,Mumbai,20,3,0,37.58,38,22231.34,13168.43,19,236,727,0,0,0,0.0,0,
TXN04-00873,4,2026-05-28 20:21:39,23227.29,Fuel,40020,Bank Transfer,DEV-04-1,iPhone,Mumbai,20,3,0,0.5,39,22266.53,13169.1,14,327,728,0,0,0,0.0,0,
TXN04-00874,4,2026-05-28 23:27:43,30380.3,Fuel,40023,Bank Transfer,DEV-04-3,iPhone,Mumbai,23,3,0,186.07,40,22270.92,13197.46,9,129,729,0,0,0,0.0,1,ato_odd_hour
TXN04-00875,4,2026-05-29 08:13:12,43455.01,Hotels,40006,Bank Transfer,DEV-04-2,iPhone,Mumbai,8,4,0,525.48,1,22312.29,13198.18,36,237,730,0,0,0,0.0,0,
TXN04-00876,4,2026-05-29 08:14:02,26791.61,Office,40028,Card,DEV-04-2,iPhone,Mumbai,8,4,0,0.83,2,22367.78,13225.17,15,238,731,0,0,0,0.0,0,
TXN04-00877,4,2026-05-29 08:16:00,4470.59,Suppliers,40011,Card,DEV-04-2,iPhone,Mumbai,8,4,0,1.97,3,22379.36,13209.78,25,239,732,0,0,0,0.0,0,
TXN04-00878,4,2026-05-29 08:36:28,46961.83,Hotels,40007,UPI,DEV-04-5,iPhone,Mumbai,8,4,0,20.47,4,22333.26,13241.43,26,45,733,0,0,0,0.0,0,
TXN04-00879,4,2026-05-29 09:16:29,18414.93,Suppliers,40045,Card,DEV-04-5,iPhone,Mumbai,9,4,0,40.02,5,22397.56,13283.72,5,46,734,0,0,0,0.0,0,
TXN04-00880,4,2026-05-29 09:21:47,16251.92,Suppliers,40004,Card,DEV-04-4,Android,Mumbai,9,4,0,5.3,6,22315.09,13209.94,35,75,735,0,0,0,0.0,0,
TXN04-00881,4,2026-05-29 09:41:11,15241.4,Suppliers,40034,UPI,DEV-04-1,iPhone,Mumbai,9,4,0,19.4,7,22354.45,13223.24,13,328,736,0,0,0,0.0,0,
TXN04-00882,4,2026-05-29 09:49:08,50000.0,Hotels,40006,Bank Transfer,DEV-04-3,iPhone,Mumbai,9,4,0,7.95,8,22330.18,13227.78,37,130,737,0,0,0,0.0,0,
TXN04-00883,4,2026-05-29 10:20:19,15209.16,Suppliers,40034,Card,DEV-04-9,iPhone,Mumbai,10,4,0,31.18,9,22439.02,13284.29,14,2,738,0,0,0,0.0,0,
TXN04-00884,4,2026-05-29 10:33:27,32397.15,Suppliers,40003,Card,DEV-04-1,iPhone,Mumbai,10,4,0,13.13,10,22420.09,13272.03,85,329,739,0,0,0,0.0,0,
TXN04-00885,4,2026-05-29 10:34:09,5936.65,Office,40032,UPI,DEV-04-1,iPhone,Mumbai,10,4,0,0.7,11,22446.14,13264.47,8,330,740,0,0,0,0.0,0,
TXN04-00886,4,2026-05-29 10:38:06,8438.91,Hotels,40007,Card,DEV-04-1,iPhone,Mumbai,10,4,0,3.95,12,22403.15,13273.88,27,331,741,0,0,0,0.0,0,
TXN04-00887,4,2026-05-29 10:49:21,3401.99,Hotels,40039,Card,DEV-04-1,iPhone,Mumbai,10,4,0,11.25,13,22366.88,13275.67,6,332,742,0,0,0,0.0,0,
TXN04-00888,4,2026-05-29 11:01:57,4964.94,Hotels,40006,UPI,DEV-04-3,iPhone,Mumbai,11,4,0,12.6,14,22317.74,13293.47,38,131,743,0,0,0,0.0,0,
TXN04-00889,4,2026-05-29 11:30:36,11580.23,Hotels,40001,Card,DEV-04-4,Android,Mumbai,11,4,0,28.65,15,22329.46,13334.76,87,76,744,0,0,0,0.0,0,
TXN04-00890,4,2026-05-29 11:40:39,28073.57,Fuel,40002,UPI,DEV-04-1,iPhone,Mumbai,11,4,0,10.05,16,22367.52,13355.1,58,333,745,0,0,0,0.0,0,
TXN04-00891,4,2026-05-29 11:51:45,8983.56,Suppliers,40045,UPI,DEV-04-2,iPhone,Mumbai,11,4,0,11.1,17,22320.94,13339.23,6,240,746,0,0,0,0.0,0,
TXN04-00892,4,2026-05-29 11:53:24,23055.35,Fuel,40021,UPI,DEV-04-1,iPhone,Mumbai,11,4,0,1.65,18,22285.74,13339.18,15,334,747,0,0,0,0.0,0,
TXN04-00893,4,2026-05-29 12:10:15,28432.23,Hotels,40001,UPI,DEV-04-6,Web,Mumbai,12,4,0,16.85,19,22257.5,13326.18,88,25,748,0,0,0,0.0,0,
TXN04-00894,4,2026-05-29 12:23:47,12844.22,Hotels,40053,Card,DEV-04-2,iPhone,Mumbai,12,4,0,13.53,20,22320.58,13298.65,2,241,749,0,0,0,0.0,0,
TXN04-00895,4,2026-05-29 12:27:34,50000.0,Fuel,40009,Card,DEV-04-8,Android,Mumbai,12,4,0,3.78,21,22295.64,13290.01,36,15,750,0,0,0,0.0,0,
TXN04-00896,4,2026-05-29 12:41:22,41778.71,Hotels,40001,Bank Transfer,DEV-04-1,iPhone,Mumbai,12,4,0,13.8,22,22368.36,13348.03,89,335,751,0,0,0,0.0,0,
TXN04-00897,4,2026-05-29 12:45:36,16478.22,Hotels,40056,Card,DEV-04-3,iPhone,Mumbai,12,4,0,4.23,23,22417.71,13384.9,3,132,752,0,0,0,0.0,0,
TXN04-00898,4,2026-05-29 13:05:23,46755.59,Fuel,40002,UPI,DEV-04-2,iPhone,Mumbai,13,4,0,19.78,24,22419.39,13394.73,59,242,753,0,0,0,0.0,0,
TXN04-00899,4,2026-05-29 13:06:55,15790.58,Suppliers,40004,Bank Transfer,DEV-04-3,iPhone,Delhi,13,4,0,1.53,25,22500.56,13448.64,36,133,67,0,0,0,1153.24,0,
TXN04-00900,4,2026-05-29 13:18:37,49077.09,Office,40049,Card,DEV-04-8,Android,Mumbai,13,4,0,11.7,26,22482.9,13435.33,2,16,754,0,0,0,1153.24,0,
TXN04-00901,4,2026-05-29 13:41:50,13270.95,Suppliers,40045,Card,DEV-04-5,iPhone,Mumbai,13,4,0,23.22,27,22596.91,13498.15,7,47,755,0,0,0,0.0,0,
TXN04-00902,4,2026-05-29 14:03:18,5426.81,Hotels,40001,Card,DEV-04-6,Web,Mumbai,14,4,0,21.47,28,22614.83,13481.23,90,26,756,0,0,0,0.0,0,
TXN04-00903,4,2026-05-29 14:35:00,13496.9,Suppliers,40003,Card,DEV-04-4,Android,Delhi,14,4,0,31.7,29,22564.34,13509.65,86,77,68,0,0,0,1153.24,0,
TXN04-00904,4,2026-05-29 14:43:18,41576.13,Hotels,40001,UPI,DEV-04-3,iPhone,Pune,14,4,0,8.3,30,22540.48,13499.85,91,134,62,0,0,0,1179.48,0,
TXN04-00905,4,2026-05-29 14:47:24,16934.27,Fuel,40009,UPI,DEV-04-3,iPhone,Mumbai,14,4,0,4.1,31,22590.53,13519.55,37,135,757,0,0,0,120.15,0,
TXN04-00906,4,2026-05-29 14:56:20,43161.63,Office,40016,Card,DEV-04-1,iPhone,Mumbai,14,4,0,8.93,32,22603.87,13511.47,20,336,758,0,0,0,0.0,0,
TXN04-00907,4,2026-05-29 15:10:44,8607.3,Suppliers,40034,UPI,DEV-04-1,iPhone,Mumbai,15,4,0,14.4,33,22653.13,13534.73,15,337,759,0,0,0,0.0,0,
TXN04-00908,4,2026-05-29 16:03:27,25447.41,Suppliers,40003,UPI,DEV-04-4,Android,Mumbai,16,4,0,52.72,34,22680.0,13509.38,87,78,760,0,0,0,0.0,0,
TXN04-00909,4,2026-05-29 16:18:42,8301.5,Office,40005,UPI,DEV-04-3,iPhone,Mumbai,16,4,0,15.25,35,22687.44,13491.97,55,136,761,0,0,0,0.0,0,
TXN04-00910,4,2026-05-29 16:20:56,9700.85,Fuel,40184,Bank Transfer,DEV-04-2,iPhone,Mumbai,16,4,0,2.23,36,22648.88,13494.39,1,243,762,0,0,1,0.0,1,ato_new_merchant_same_category
TXN04-00911,4,2026-05-29 16:29:48,18220.87,Office,40016,UPI,DEV-04-2,iPhone,Mumbai,16,4,0,8.87,37,22600.17,13512.97,21,244,763,0,0,0,0.0,0,
TXN04-00912,4,2026-05-29 16:46:39,23221.27,Office,40005,Bank Transfer,DEV-04-1,iPhone,Delhi,16,4,0,16.85,38,22599.93,13513.04,56,338,69,0,0,0,1153.24,0,
TXN04-00913,4,2026-05-29 16:59:31,7316.83,Fuel,40036,Bank Transfer,DEV-04-4,Android,Mumbai,16,4,0,12.87,39,22601.59,13494.96,5,79,764,0,0,0,1153.24,0,
TXN04-00914,4,2026-05-29 18:00:14,50000.0,Fuel,40020,UPI,DEV-04-3,iPhone,Mumbai,18,4,0,60.72,40,22534.65,13574.23,15,137,765,0,0,0,0.0,0,
TXN04-00915,4,2026-05-29 18:12:49,14965.75,Fuel,40058,Card,DEV-04-2,iPhone,Mumbai,18,4,0,12.58,41,22644.52,13654.72,2,245,766,0,0,0,0.0,0,
TXN04-00916,4,2026-05-29 18:25:53,18800.7,Suppliers,40022,Card,DEV-04-3,iPhone,Mumbai,18,4,0,13.07,42,22602.25,13649.21,15,138,767,0,0,0,0.0,0,
TXN04-00917,4,2026-05-29 18:45:07,13114.53,Suppliers,40015,Card,DEV-04-5,iPhone,Mumbai,18,4,0,19.23,43,22516.77,13574.86,20,48,768,0,0,0,0.0,0,
TXN04-00918,4,2026-05-29 18:45:39,20110.15,Office,40017,Card,DEV-04-2,iPhone,Mumbai,18,4,0,0.53,44,22491.08,13565.18,14,246,769,0,0,0,0.0,0,
TXN04-00919,4,2026-05-29 18:51:27,23466.19,Fuel,40002,UPI,DEV-04-6,Web,Mumbai,18,4,0,5.8,45,22484.59,13547.25,60,27,770,0,0,0,0.0,0,
TXN04-00920,4,2026-05-29 19:06:52,9820.75,Fuel,40020,UPI,DEV-04-1,iPhone,Pune,19,4,0,15.42,46,22487.26,13528.93,16,339,63,0,0,0,120.15,0,
TXN04-00921,4,2026-05-29 19:15:58,36742.51,Suppliers,40054,Card,DEV-04-3,iPhone,Mumbai,19,4,0,9.1,47,22452.93,13526.62,2,139,771,0,0,0,120.15,0,
TXN04-00922,4,2026-05-29 20:06:26,13804.04,Suppliers,40003,Card,DEV-04-1,iPhone,Mumbai,20,4,0,50.47,48,22610.41,13561.03,88,340,772,0,0,0,0.0,0,
TXN04-00923,4,2026-05-29 20:08:32,29142.08,Office,40016,Bank Transfer,DEV-04-2,iPhone,Mumbai,20,4,0,2.1,49,22591.87,13568.43,22,247,773,0,0,0,0.0,0,
TXN04-00924,4,2026-05-29 20:09:34,50000.0,Hotels,40060,Bank Transfer,DEV-04-3,iPhone,Mumbai,20,4,0,1.03,50,22609.77,13554.19,1,140,774,0,0,1,0.0,0,
TXN04-00925,4,2026-05-29 20:15:55,11371.51,Office,40016,Card,DEV-04-1,iPhone,Mumbai,20,4,0,6.35,51,22673.98,13627.93,23,341,775,0,0,0,0.0,0,
TXN04-00926,4,2026-05-29 20:48:51,17034.95,Hotels,40001,Card,DEV-04-2,iPhone,Mumbai,20,4,0,32.93,52,22709.82,13645.47,92,248,776,0,0,0,0.0,0,
TXN04-00927,4,2026-05-30 08:02:30,32159.04,Office,40005,UPI,DEV-04-1,iPhone,Pune,8,5,1,673.65,1,22563.32,13491.63,57,342,64,0,0,0,120.15,0,
TXN04-00928,4,2026-05-30 08:17:06,14997.4,Suppliers,40015,Card,DEV-04-1,iPhone,Mumbai,8,5,1,14.6,2,22589.9,13482.37,21,343,777,0,0,0,120.15,0,
TXN04-00929,4,2026-05-30 08:26:47,10391.74,Suppliers,40003,UPI,DEV-04-2,iPhone,Pune,8,5,1,9.68,3,22568.93,13469.63,89,249,65,0,0,0,120.15,0,
TXN04-00930,4,2026-05-30 08:29:46,47120.09,Suppliers,40004,Card,DEV-04-6,Web,Mumbai,8,5,1,2.98,4,22535.38,13466.2,37,28,778,0,0,0,120.15,0,
TXN04-00931,4,2026-05-30 08:34:01,50000.0,Fuel,40026,Bank Transfer,DEV-04-2,iPhone,Mumbai,8,5,1,4.25,5,22602.92,13509.12,6,250,779,0,0,0,0.0,0,
TXN04-00932,4,2026-05-30 08:42:02,8766.13,Hotels,40025,Card,DEV-04-3,iPhone,Mumbai,8,5,1,8.02,6,22677.98,13566.39,10,141,780,0,0,0,0.0,0,
TXN04-00933,4,2026-05-30 09:03:13,16702.59,Suppliers,40015,UPI,DEV-04-1,iPhone,Mumbai,9,5,1,21.18,7,22681.37,13562.77,22,344,781,0,0,0,0.0,0,
TXN04-00934,4,2026-05-30 09:08:42,18699.07,Suppliers,40061,Bank Transfer,DEV-04-1,iPhone,Mumbai,9,5,1,5.48,8,22665.03,13547.82,1,345,782,0,0,1,0.0,0,
TXN04-00935,4,2026-05-30 09:14:27,27829.82,Office,40008,Card,DEV-04-5,iPhone,Mumbai,9,5,1,5.75,9,22654.22,13530.93,28,49,783,0,0,0,0.0,0,
TXN04-00936,4,2026-05-30 09:17:18,50000.0,Hotels,40001,UPI,DEV-04-2,iPhone,Mumbai,9,5,1,2.85,10,22668.29,13515.22,93,251,784,0,0,0,0.0,0,
TXN04-00937,4,2026-05-30 09:17:26,34131.13,Office,40008,UPI,DEV-04-6,Web,Mumbai,9,5,1,0.13,11,22742.36,13571.48,29,29,785,0,0,0,0.0,0,
TXN04-00938,4,2026-05-30 09:20:15,12606.02,Hotels,40010,Card,DEV-04-1,iPhone,Mumbai,9,5,1,2.82,12,22774.43,13568.79,25,346,786,0,0,0,0.0,0,
TXN04-00939,4,2026-05-30 09:40:29,6803.88,Suppliers,40054,Bank Transfer,DEV-04-5,iPhone,Mumbai,9,5,1,20.23,13,22785.65,13558.67,3,50,787,0,0,0,0.0,0,
TXN04-00940,4,2026-05-30 09:44:01,43260.48,Fuel,40009,UPI,DEV-04-3,iPhone,Mumbai,9,5,1,3.53,14,22742.34,13565.75,38,142,788,0,0,0,0.0,0,
TXN04-00941,4,2026-05-30 09:56:37,14181.76,Hotels,40042,Card,DEV-04-9,iPhone,Mumbai,9,5,1,12.6,15,22853.9,13601.71,6,3,789,0,0,0,0.0,0,
TXN04-00942,4,2026-05-30 10:07:29,15506.23,Office,40008,UPI,DEV-04-4,Android,Mumbai,10,5,1,10.87,16,22877.74,13578.78,30,80,790,0,0,0,0.0,0,
TXN04-00943,4,2026-05-30 10:09:01,36869.35,Suppliers,40034,Card,DEV-04-4,Android,Mumbai,10,5,1,1.53,17,22857.77,13565.78,16,81,791,0,0,0,0.0,0,
TXN04-00944,4,2026-05-30 10:20:24,31200.87,Hotels,40010,Card,DEV-04-4,Android,Delhi,10,5,1,11.38,18,22895.64,13566.95,26,82,70,0,0,0,1153.24,0,
TXN04-00945,4,2026-05-30 10:57:00,39602.61,Fuel,40043,Card,DEV-04-1,iPhone,Mumbai,10,5,1,36.6,19,22815.11,13524.68,4,347,792,0,0,0,1153.24,0,
TXN04-00946,4,2026-05-30 11:01:36,4095.51,Fuel,40009,Card,DEV-04-2,iPhone,Delhi,11,5,1,4.6,20,22908.92,13521.72,39,252,71,0,0,0,1153.24,0,
TXN04-00947,4,2026-05-30 11:03:17,17072.39,Office,40016,Bank Transfer,DEV-04-2,iPhone,Mumbai,11,5,1,1.68,21,22857.66,13538.85,24,253,793,0,0,0,1153.24,0,
TXN04-00948,4,2026-05-30 11:06:41,4469.81,Fuel,40009,Card,DEV-04-5,iPhone,Mumbai,11,5,1,3.4,22,22875.1,13552.38,40,51,794,0,0,0,0.0,0,
TXN04-00949,4,2026-05-30 11:07:34,8506.66,Suppliers,40003,Card,DEV-04-4,Android,Mumbai,11,5,1,0.88,23,22862.95,13566.88,90,83,795,0,0,0,0.0,0,
TXN04-00950,4,2026-05-30 11:18:39,50000.0,Suppliers,40011,UPI,DEV-04-1,iPhone,Delhi,11,5,1,11.08,24,22846.78,13580.45,26,348,72,0,0,0,1153.24,0,
TXN04-00951,4,2026-05-30 11:19:44,7514.85,Hotels,40006,UPI,DEV-04-2,iPhone,Mumbai,11,5,1,1.08,25,22920.76,13635.6,39,254,796,0,0,0,1153.24,0,
TXN04-00952,4,2026-05-30 11:46:07,8215.53,Hotels,40010,Bank Transfer,DEV-04-1,iPhone,Mumbai,11,5,1,26.38,26,22934.81,13655.81,27,349,797,0,0,0,0.0,0,
TXN04-00953,4,2026-05-30 11:52:16,12083.52,Suppliers,40024,Bank Transfer,DEV-04-4,Android,Mumbai,11,5,1,6.15,27,22935.28,13655.29,10,84,798,0,0,0,0.0,0,
TXN04-00954,4,2026-05-30 12:06:47,19796.7,Suppliers,40003,Card,DEV-04-4,Android,Mumbai,12,5,1,14.52,28,22951.96,13675.88,91,85,799,0,0,0,0.0,0,
TXN04-00955,4,2026-05-30 12:25:21,24694.49,Suppliers,40003,Bank Transfer,DEV-04-4,Android,Mumbai,12,5,1,18.57,29,22980.79,13665.28,92,86,800,0,0,0,0.0,0,
TXN04-00956,4,2026-05-30 13:00:18,50000.0,Suppliers,40024,Card,DEV-04-2,iPhone,Mumbai,13,5,1,34.95,30,22925.55,13672.83,11,255,801,0,0,0,0.0,0,
TXN04-00957,4,2026-05-30 13:06:10,32556.29,Suppliers,40015,Bank Transfer,DEV-04-2,iPhone,Mumbai,13,5,1,5.87,31,23000.34,13727.68,23,256,802,0,0,0,0.0,0,
TXN04-00958,4,2026-05-30 13:21:45,18672.16,Hotels,40001,Card,DEV-04-4,Android,Mumbai,13,5,1,15.58,32,23030.16,13736.68,94,87,803,0,0,0,0.0,0,
TXN04-00959,4,2026-05-30 13:22:47,4811.07,Office,40008,Bank Transfer,DEV-04-1,iPhone,Mumbai,13,5,1,1.03,33,23018.16,13719.65,31,350,804,0,0,0,0.0,0,
TXN04-00960,4,2026-05-30 13:44:41,37452.46,Suppliers,40018,Bank Transfer,DEV-04-3,iPhone,Mumbai,13,5,1,21.9,34,22989.89,13763.68,13,143,805,0,0,0,0.0,0,
TXN04-00961,4,2026-05-30 13:48:56,16599.51,Hotels,40013,Card,DEV-04-6,Web,Delhi,13,5,1,4.25,35,23029.73,13765.6,14,30,73,0,0,0,1153.24,0,
TXN04-00962,4,2026-05-30 13:56:45,11783.24,Hotels,40010,Card,DEV-04-1,iPhone,Mumbai,13,5,1,7.82,36,23012.07,13750.8,28,351,806,0,0,0,1153.24,0,
TXN04-00963,4,2026-05-30 13:57:12,20428.95,Fuel,40002,Card,DEV-04-5,iPhone,Mumbai,13,5,1,0.45,37,22981.3,13744.49,61,52,807,0,0,0,0.0,0,
TXN04-00964,4,2026-05-30 14:08:37,17413.49,Hotels,40030,UPI,DEV-04-3,iPhone,Mumbai,14,5,1,11.42,38,22974.33,13726.34,14,144,808,0,0,0,0.0,0,
TXN04-00965,4,2026-05-30 14:40:29,10078.59,Office,40017,UPI,DEV-04-3,iPhone,Delhi,14,5,1,31.87,39,22959.39,13719.05,15,145,74,0,0,0,1153.24,0,
TXN04-00966,4,2026-05-30 14:52:32,28995.68,Hotels,40013,UPI,DEV-04-1,iPhone,Mumbai,14,5,1,12.05,40,22929.21,13735.23,15,352,809,0,0,0,1153.24,0,
TXN04-00967,4,2026-05-30 15:42:51,9608.33,Office,40005,Card,DEV-04-3,iPhone,Delhi,15,5,1,50.32,41,22942.36,13697.28,58,146,75,0,0,0,1153.24,0,
TXN04-00968,4,2026-05-30 15:55:05,41791.92,Hotels,40001,UPI,DEV-04-1,iPhone,Mumbai,15,5,1,12.23,42,22938.71,13700.66,95,353,810,0,0,0,1153.24,0,
TXN04-00969,4,2026-05-30 16:17:51,15505.95,Suppliers,40054,UPI,DEV-04-1,iPhone,Mumbai,16,5,1,22.77,43,22990.94,13717.5,4,354,811,0,0,0,0.0,0,
TXN04-00970,4,2026-05-30 16:23:33,12446.27,Hotels,40006,Card,DEV-04-2,iPhone,Mumbai,16,5,1,5.7,44,22970.26,13704.17,40,257,812,0,0,0,0.0,0,
TXN04-00971,4,2026-05-30 16:28:43,28490.57,Hotels,40057,Bank Transfer,DEV-04-4,Android,Mumbai,16,5,1,5.17,45,22941.27,13696.4,2,88,813,0,0,0,0.0,0,
TXN04-00972,4,2026-05-30 16:29:32,28752.9,Suppliers,40045,Card,DEV-04-4,Android,Mumbai,16,5,1,0.82,46,22956.52,13680.65,8,89,814,0,0,0,0.0,0,
TXN04-00973,4,2026-05-30 16:38:12,37286.97,Fuel,40043,UPI,DEV-04-1,iPhone,Mumbai,16,5,1,8.67,47,22952.32,13678.64,5,355,815,0,0,0,0.0,0,
TXN04-00974,4,2026-05-30 16:42:23,14868.97,Hotels,40029,Card,DEV-04-7,iPhone,Kolkata,16,5,1,4.18,48,22991.6,13680.43,16,18,3,0,0,0,1654.84,0,
TXN04-00975,4,2026-05-30 16:53:13,28345.78,Suppliers,40015,Card,DEV-04-1,iPhone,Mumbai,16,5,1,10.83,49,22969.4,13668.3,24,356,816,0,0,0,1654.84,0,
TXN04-00976,4,2026-05-30 16:56:14,5186.0,Hotels,40006,Card,DEV-04-2,iPhone,Mumbai,16,5,1,3.02,50,22978.29,13670.74,41,258,817,0,0,0,0.0,0,
TXN04-00977,4,2026-05-30 17:06:00,40455.99,Office,40005,Card,DEV-04-1,iPhone,Mumbai,17,5,1,9.77,51,22929.81,13683.57,59,357,818,0,0,0,0.0,0,
TXN04-00978,4,2026-05-30 17:26:48,9626.89,Suppliers,40011,UPI,DEV-04-2,iPhone,Mumbai,17,5,1,20.8,52,23012.28,13697.73,27,259,819,0,0,0,0.0,0,
TXN04-00979,4,2026-05-30 17:33:23,22622.41,Hotels,40050,Card,DEV-04-6,Web,Mumbai,17,5,1,6.58,53,22975.91,13696.84,6,31,820,0,0,0,0.0,0,
TXN04-00980,4,2026-05-30 17:38:47,23955.01,Suppliers,40003,UPI,DEV-04-1,iPhone,Pune,17,5,1,5.4,54,22974.95,13678.28,93,358,66,0,0,0,120.15,0,
TXN04-00981,4,2026-05-30 17:46:13,6303.18,Suppliers,40003,UPI,DEV-04-6,Web,Mumbai,17,5,1,7.43,55,22977.6,13659.88,94,32,821,0,0,0,120.15,0,
TXN04-00982,4,2026-05-30 17:52:35,11854.79,Office,40033,Bank Transfer,DEV-04-2,iPhone,Mumbai,17,5,1,6.37,56,22972.43,13665.83,10,260,822,0,0,0,0.0,0,
TXN04-00983,4,2026-05-30 17:53:41,8576.57,Office,40008,Card,DEV-04-7,iPhone,Mumbai,17,5,1,1.1,57,22942.46,13659.57,32,19,823,0,0,0,0.0,0,
TXN04-00984,4,2026-05-30 18:05:56,10454.98,Hotels,40030,Bank Transfer,DEV-04-2,iPhone,Mumbai,18,5,1,12.25,58,22903.84,13661.46,15,261,824,0,0,0,0.0,0,
TXN04-00985,4,2026-05-30 18:12:05,14393.43,Fuel,40043,Card,DEV-04-5,iPhone,Mumbai,18,5,1,6.15,59,22870.47,13658.31,6,53,825,0,0,0,0.0,0,
TXN04-00986,4,2026-05-30 18:42:32,4961.57,Fuel,40012,Card,DEV-04-9,iPhone,Mumbai,18,5,1,30.45,60,22872.92,13642.86,14,4,826,0,0,0,0.0,0,
TXN04-00987,4,2026-05-30 18:45:20,12566.82,Office,40005,Card,DEV-04-1,iPhone,Mumbai,18,5,1,2.8,61,22824.64,13656.08,60,359,827,0,0,0,0.0,0,
TXN04-00988,4,2026-05-30 18:47:32,21180.34,Fuel,40048,Card,DEV-04-2,iPhone,Mumbai,18,5,1,2.2,62,22797.07,13648.05,5,262,828,0,0,0,0.0,1,ato_short_gap
TXN04-00989,4,2026-05-30 18:48:45,27418.01,Suppliers,40059,UPI,DEV-04-1,iPhone,Mumbai,18,5,1,1.22,63,22759.02,13632.77,2,360,829,0,0,0,0.0,0,
TXN04-00990,4,2026-05-30 18:55:03,19030.67,Suppliers,40055,UPI,DEV-04-2,iPhone,Mumbai,18,5,1,6.3,64,22771.51,13616.61,2,263,830,0,0,0,0.0,0,
TXN04-00991,4,2026-05-30 19:13:56,21299.7,Office,40032,Card,DEV-04-2,iPhone,Mumbai,19,5,1,18.88,65,22719.64,13619.24,9,264,831,0,0,0,0.0,0,
TXN04-00992,4,2026-05-30 19:16:18,25335.26,Office,40005,UPI,DEV-04-2,iPhone,Mumbai,19,5,1,2.37,66,22759.56,13593.22,61,265,832,0,0,0,0.0,0,
TXN04-00993,4,2026-05-30 19:17:13,15820.61,Suppliers,40003,Card,DEV-04-1,iPhone,Delhi,19,5,1,0.92,67,22766.47,13575.64,95,361,76,0,0,0,1153.24,0,
TXN04-00994,4,2026-05-30 19:22:49,35276.32,Fuel,40002,Card,DEV-04-1,iPhone,Delhi,19,5,1,5.6,68,22747.9,13562.22,62,362,77,0,0,0,0.0,0,
TXN04-00995,4,2026-05-30 19:52:01,4946.25,Fuel,40026,Card,DEV-04-4,Android,Mumbai,19,5,1,29.2,69,22821.71,13555.08,7,90,833,0,0,0,1153.24,0,
TXN04-00996,4,2026-05-30 19:57:18,14368.71,Hotels,40013,Card,DEV-04-2,iPhone,Hyderabad,19,5,1,5.28,70,22774.04,13568.35,16,266,2,0,0,0,621.46,0,
TXN04-00997,4,2026-05-30 20:05:00,6628.07,Suppliers,40052,Bank Transfer,DEV-04-2,iPhone,Mumbai,20,5,1,7.7,71,22751.69,13557.21,4,267,834,0,0,0,621.46,0,
TXN04-00998,4,2026-05-30 20:43:57,50000.0,Suppliers,40018,Card,DEV-04-2,iPhone,Mumbai,20,5,1,38.95,72,22719.32,13581.12,14,268,835,0,0,0,0.0,0,
TXN04-00999,4,2026-05-31 08:08:39,17513.18,Suppliers,40018,UPI,DEV-04-4,Android,Mumbai,8,6,1,684.7,1,22768.33,13646.07,15,91,836,0,0,0,0.0,0,
TXN04-01000,4,2026-05-31 08:26:14,6188.28,Suppliers,40054,UPI,DEV-04-2,iPhone,Pune,8,6,1,17.58,2,22607.56,13554.85,5,269,67,0,0,0,120.15,0,
TXN04-01001,4,2026-05-31 08:43:43,38892.05,Hotels,40010,UPI,DEV-04-3,iPhone,Pune,8,6,1,17.48,3,22563.77,13563.23,29,147,68,0,0,0,0.0,0,
TXN04-01002,4,2026-05-31 08:51:37,50000.0,Suppliers,40003,Bank Transfer,DEV-04-3,iPhone,Mumbai,8,6,1,7.9,4,22615.91,13588.29,96,148,837,0,0,0,120.15,0,
TXN04-01003,4,2026-05-31 08:52:50,15880.39,Suppliers,40003,Bank Transfer,DEV-04-1,iPhone,Delhi,8,6,1,1.22,5,22688.74,13643.3,97,363,78,0,0,0,1153.24,0,
TXN04-01004,4,2026-05-31 09:07:18,7789.42,Fuel,40062,Card,DEV-04-2,iPhone,Mumbai,9,6,1,14.47,6,22630.97,13577.69,1,270,838,0,0,1,1153.24,0,
TXN04-01005,4,2026-05-31 09:10:47,7063.65,Hotels,40001,UPI,DEV-04-1,iPhone,Mumbai,9,6,1,3.48,7,22591.49,13581.15,96,364,839,0,0,0,0.0,0,
TXN04-01006,4,2026-05-31 09:19:09,4251.03,Suppliers,40055,UPI,DEV-04-5,iPhone,Mumbai,9,6,1,8.37,8,22531.41,13599.73,3,54,840,0,0,0,0.0,0,
TXN04-01007,4,2026-05-31 09:36:16,8324.86,Hotels,40030,Bank Transfer,DEV-04-7,iPhone,Mumbai,9,6,1,17.12,9,22421.23,13579.56,16,20,841,0,0,0,0.0,0,
TXN04-01008,4,2026-05-31 09:36:52,14099.48,Office,40008,UPI,DEV-04-4,Android,Mumbai,9,6,1,0.6,10,22383.84,13580.91,33,92,842,0,0,0,0.0,0,
TXN04-01009,4,2026-05-31 09:44:50,11882.76,Fuel,40002,UPI,DEV-04-4,Android,Mumbai,9,6,1,7.97,11,22361.93,13569.6,63,93,843,0,0,0,0.0,0,
TXN04-01010,4,2026-05-31 09:54:57,3763.08,Office,40016,Bank Transfer,DEV-04-3,iPhone,Mumbai,9,6,1,10.12,12,22344.02,13578.95,25,149,844,0,0,0,0.0,0,
TXN04-01011,4,2026-05-31 09:59:01,20928.94,Suppliers,40045,Card,DEV-04-3,iPhone,Mumbai,9,6,1,4.07,13,22295.0,13594.48,9,150,845,0,0,0,0.0,0,
TXN04-01012,4,2026-05-31 10:01:21,27248.67,Office,40005,Card,DEV-04-6,Web,Mumbai,10,6,1,2.33,14,22291.4,13576.76,62,33,846,0,0,0,0.0,0,
TXN04-01013,4,2026-05-31 10:25:51,19603.2,Fuel,40023,UPI,DEV-04-4,Android,Delhi,10,6,1,24.5,15,22306.03,13593.55,10,94,79,0,0,0,1153.24,0,
TXN04-01014,4,2026-05-31 10:47:07,31253.03,Suppliers,40004,Card,DEV-04-7,iPhone,Mumbai,10,6,1,21.27,16,22304.38,13602.28,38,21,847,0,0,0,1153.24,0,
TXN04-01015,4,2026-05-31 10:57:31,38707.89,Fuel,40021,Card,DEV-04-2,iPhone,Mumbai,10,6,1,10.4,17,22328.05,13592.05,16,271,848,0,0,0,0.0,0,
TXN04-01016,4,2026-05-31 11:05:47,5286.02,Hotels,40001,Bank Transfer,DEV-04-7,iPhone,Mumbai,11,6,1,8.27,18,22371.27,13600.09,97,22,849,0,0,0,0.0,0,
TXN04-01017,4,2026-05-31 11:26:22,31555.81,Office,40005,Card,DEV-04-5,iPhone,Mumbai,11,6,1,20.58,19,22361.09,13611.43,63,55,850,0,0,0,0.0,0,
TXN04-01018,4,2026-05-31 11:35:02,35763.81,Fuel,40063,Bank Transfer,DEV-04-8,Android,Mumbai,11,6,1,8.67,20,22433.96,13619.95,1,17,851,0,0,1,0.0,0,
TXN04-01019,4,2026-05-31 12:18:29,10059.91,Office,40005,UPI,DEV-04-2,iPhone,Mumbai,12,6,1,43.45,21,22357.82,13477.29,64,272,852,0,0,0,0.0,0,
TXN04-01020,4,2026-05-31 12:19:21,5896.15,Suppliers,40035,UPI,DEV-04-1,iPhone,Mumbai,12,6,1,0.87,22,22325.2,13474.26,12,365,853,0,0,0,0.0,0,
TXN04-01021,4,2026-05-31 12:23:21,19224.48,Fuel,40009,UPI,DEV-04-1,iPhone,Mumbai,12,6,1,4.0,23,22281.73,13482.86,41,366,854,0,0,0,0.0,0,
TXN04-01022,4,2026-05-31 12:27:09,16726.24,Fuel,40002,Card,DEV-04-1,iPhone,Mumbai,12,6,1,3.8,24,22273.67,13465.98,64,367,855,0,0,0,0.0,0,
TXN04-01023,4,2026-05-31 12:33:00,10106.93,Suppliers,40018,Bank Transfer,DEV-04-1,iPhone,Mumbai,12,6,1,5.85,25,22259.07,13451.25,16,368,856,0,0,0,0.0,0,
TXN04-01024,4,2026-05-31 12:34:20,13820.02,Suppliers,40024,UPI,DEV-04-1,iPhone,Mumbai,12,6,1,1.33,26,22227.17,13447.96,12,369,857,0,0,0,0.0,0,
TXN04-01025,4,2026-05-31 12:43:43,65396.28,Hotels,40025,Bank Transfer,DEV-04-5,iPhone,Mumbai,12,6,1,9.38,27,22205.16,13437.22,11,56,858,0,0,0,0.0,1,ato_higher_amount
TXN04-01026,4,2026-05-31 13:06:07,50000.0,Hotels,40006,Card,DEV-04-1,iPhone,Mumbai,13,6,1,22.4,28,22317.93,13599.46,42,370,859,0,0,0,0.0,0,
TXN04-01027,4,2026-05-31 13:18:57,18164.76,Fuel,40047,Bank Transfer,DEV-04-1,iPhone,Mumbai,13,6,1,12.83,29,22336.78,13660.02,2,371,860,0,0,0,0.0,0,
TXN04-01028,4,2026-05-31 13:21:32,3501.22,Suppliers,40003,Card,DEV-04-8,Android,Mumbai,13,6,1,2.58,30,22346.35,13655.81,98,18,861,0,0,0,0.0,0,
TXN04-01029,4,2026-05-31 13:42:51,7636.86,Hotels,40006,Card,DEV-04-2,iPhone,Mumbai,13,6,1,21.32,31,22325.92,13678.13,43,273,862,0,0,0,0.0,0,
TXN04-01030,4,2026-05-31 14:12:02,50000.0,Office,40005,Card,DEV-04-7,iPhone,Mumbai,14,6,1,29.18,32,22346.35,13692.53,65,23,863,0,0,0,0.0,0,
TXN04-01031,4,2026-05-31 14:15:14,15216.62,Office,40005,Card,DEV-04-2,iPhone,Mumbai,14,6,1,3.2,33,22418.74,13747.4,66,274,864,0,0,0,0.0,0,
TXN04-01032,4,2026-05-31 14:25:35,15647.22,Hotels,40001,Bank Transfer,DEV-04-3,iPhone,Mumbai,14,6,1,10.35,34,22399.93,13734.36,98,151,865,0,0,0,0.0,0,
TXN04-01033,4,2026-05-31 14:26:05,10478.14,Fuel,40009,Bank Transfer,DEV-04-2,iPhone,Delhi,14,6,1,0.5,35,22382.35,13720.79,42,275,80,0,0,0,1153.24,0,
TXN04-01034,4,2026-05-31 14:27:11,10753.78,Suppliers,40064,Card,DEV-04-7,iPhone,Mumbai,14,6,1,1.1,36,22351.43,13716.34,1,24,866,0,0,1,1153.24,0,
TXN04-01035,4,2026-05-31 14:29:40,25118.3,Hotels,40010,Card,DEV-04-1,iPhone,Mumbai,14,6,1,2.48,37,22321.38,13711.25,30,372,867,0,0,0,0.0,0,
TXN04-01036,4,2026-05-31 14:51:25,23054.69,Office,40033,Card,DEV-04-2,iPhone,Mumbai,14,6,1,21.75,38,22342.47,13709.27,11,276,868,0,0,0,0.0,0,
TXN04-01037,4,2026-05-31 15:00:49,12480.5,Hotels,40050,Card,DEV-04-2,iPhone,Mumbai,15,6,1,9.4,39,22344.31,13691.6,7,277,869,0,0,0,0.0,0,
TXN04-01038,4,2026-05-31 15:04:53,14519.03,Hotels,40041,Bank Transfer,DEV-04-1,iPhone,Mumbai,15,6,1,4.07,40,22318.89,13683.08,8,373,870,0,0,0,0.0,0,
TXN04-01039,4,2026-05-31 15:10:16,12689.75,Suppliers,40052,Card,DEV-04-2,iPhone,Mumbai,15,6,1,5.38,41,22298.83,13671.19,5,278,871,0,0,0,0.0,0,
TXN04-01040,4,2026-05-31 15:18:16,17332.6,Hotels,40013,Card,DEV-04-7,iPhone,Mumbai,15,6,1,8.0,42,22217.17,13588.83,17,25,872,0,0,0,0.0,0,
TXN04-01041,4,2026-05-31 15:26:12,23659.04,Office,40005,UPI,DEV-04-2,iPhone,Mumbai,15,6,1,7.93,43,22227.37,13583.68,67,279,873,0,0,0,0.0,0,
TXN04-01042,4,2026-05-31 15:51:14,6911.79,Hotels,40007,Bank Transfer,DEV-04-3,iPhone,Mumbai,15,6,1,25.03,44,22159.13,13509.95,28,152,874,0,0,0,0.0,0,
TXN04-01043,4,2026-05-31 16:05:13,19557.04,Suppliers,40003,UPI,DEV-04-5,iPhone,Mumbai,16,6,1,13.98,45,22145.17,13522.91,99,57,875,0,0,0,0.0,0,
TXN04-01044,4,2026-05-31 16:59:09,9238.43,Hotels,40010,Card,DEV-04-1,iPhone,Mumbai,16,6,1,53.93,46,22117.29,13537.77,31,374,876,0,0,0,0.0,0,
TXN04-01045,4,2026-05-31 17:14:33,50000.0,Hotels,40019,Bank Transfer,DEV-04-1,iPhone,Pune,17,6,1,15.4,47,22052.99,13540.14,17,375,69,0,0,0,120.15,0,
TXN04-01046,4,2026-05-31 17:14:55,38401.75,Suppliers,40003,UPI,DEV-04-1,iPhone,Mumbai,17,6,1,0.37,48,22125.58,13597.16,100,376,877,0,0,0,120.15,0,
TXN04-01047,4,2026-05-31 17:15:54,33934.01,Office,40028,Bank Transfer,DEV-04-4,Android,Mumbai,17,6,1,0.98,49,22167.74,13604.71,16,95,878,0,0,0,0.0,0,
TXN04-01048,4,2026-05-31 17:44:41,10433.75,Hotels,40001,Bank Transfer,DEV-04-3,iPhone,Mumbai,17,6,1,28.78,50,22141.86,13608.74,99,153,879,0,0,0,0.0,0,
TXN04-01049,4,2026-05-31 17:56:14,8518.5,Fuel,40012,Bank Transfer,DEV-04-3,iPhone,Mumbai,17,6,1,11.55,51,22137.14,13612.48,15,154,880,0,0,0,0.0,0,
TXN04-01050,4,2026-05-31 17:57:07,13662.22,Hotels,40001,Card,DEV-04-2,iPhone,Mumbai,17,6,1,0.88,52,22118.14,13626.37,100,280,881,0,0,0,0.0,0,
TXN04-01051,4,2026-05-31 18:02:07,35415.91,Suppliers,40004,UPI,DEV-04-3,iPhone,Mumbai,18,6,1,5.0,53,22096.23,13615.49,39,155,882,0,0,0,0.0,0,
TXN04-01052,4,2026-05-31 18:04:14,16934.77,Suppliers,40003,Bank Transfer,DEV-04-2,iPhone,Pune,18,6,1,2.12,54,22058.45,13558.12,101,281,70,0,0,0,120.15,0,
TXN04-01053,4,2026-05-31 18:09:02,37269.45,Suppliers,40024,Bank Transfer,DEV-04-3,iPhone,Mumbai,18,6,1,4.8,55,22045.21,13543.09,13,156,883,0,0,0,120.15,0,
TXN04-01054,4,2026-05-31 18:12:57,9218.26,Fuel,40043,UPI,DEV-04-1,iPhone,Mumbai,18,6,1,3.92,56,22099.77,13561.77,7,377,884,0,0,0,0.0,0,
TXN04-01055,4,2026-05-31 18:16:41,19149.62,Suppliers,40018,Card,DEV-04-1,iPhone,Mumbai,18,6,1,3.73,57,22049.64,13573.43,17,378,885,0,0,0,0.0,0,
TXN04-01056,4,2026-05-31 18:31:23,13458.09,Hotels,40029,Card,DEV-04-1,iPhone,Jaipur,18,6,1,14.7,58,22042.16,13556.73,17,379,1,0,1,0,920.74,0,
TXN04-01057,4,2026-05-31 18:58:00,6069.78,Suppliers,40038,UPI,DEV-04-4,Android,Mumbai,18,6,1,26.62,59,22020.1,13546.27,9,96,886,0,0,0,920.74,0,
TXN04-01058,4,2026-05-31 18:59:29,31647.17,Hotels,40006,Bank Transfer,DEV-04-9,iPhone,Mumbai,18,6,1,1.48,60,21961.55,13565.84,44,5,887,0,0,0,0.0,0,
TXN04-01059,4,2026-05-31 19:18:43,18036.46,Fuel,40002,Card,DEV-04-4,Android,Delhi,19,6,1,19.23,61,22011.4,13569.92,65,97,81,0,0,0,1153.24,0,
TXN04-01060,4,2026-05-31 19:20:09,50000.0,Suppliers,40004,UPI,DEV-04-3,iPhone,Mumbai,19,6,1,1.43,62,22001.18,13553.96,40,157,888,0,0,0,1153.24,0,
TXN04-01061,4,2026-05-31 19:26:17,34095.74,Suppliers,40004,Card,DEV-04-1,iPhone,Pune,19,6,1,6.13,63,22072.98,13610.42,41,380,71,0,0,0,120.15,0,
TXN04-01062,4,2026-05-31 19:26:29,10030.53,Hotels,40065,UPI,DEV-04-1,iPhone,Mumbai,19,6,1,0.2,64,22103.72,13606.56,1,381,889,0,0,1,120.15,0,
TXN04-01063,4,2026-05-31 19:27:04,50000.0,Fuel,40012,UPI,DEV-04-7,iPhone,Mumbai,19,6,1,0.58,65,22072.93,13602.84,16,26,890,0,0,0,0.0,0,
TXN04-01064,4,2026-05-31 19:32:11,12787.35,Fuel,40023,Card,DEV-04-4,Android,Mumbai,19,6,1,5.12,66,22143.99,13658.18,11,98,891,0,0,0,0.0,0,
TXN04-01065,4,2026-05-31 19:57:39,17343.47,Suppliers,40003,UPI,DEV-04-1,iPhone,Mumbai,19,6,1,25.47,67,22163.29,13639.56,102,382,892,0,0,0,0.0,0,
TXN04-01066,4,2026-05-31 20:00:39,18832.03,Office,40028,Bank Transfer,DEV-04-6,Web,Mumbai,20,6,1,3.0,68,22185.1,13624.98,17,34,893,0,0,0,0.0,1,ato_short_gap
TXN04-01067,4,2026-05-31 20:11:21,23909.47,Hotels,40001,UPI,DEV-04-5,iPhone,Mumbai,20,6,1,10.7,69,22176.59,13608.73,101,58,894,0,0,0,0.0,0,
TXN04-01068,4,2026-05-31 20:11:50,38459.42,Hotels,40029,Bank Transfer,DEV-04-2,iPhone,Mumbai,20,6,1,0.48,70,22180.98,13591.77,18,282,895,0,0,0,0.0,0,
TXN04-01069,4,2026-05-31 20:20:43,15760.66,Fuel,40023,Card,DEV-04-1,iPhone,Mumbai,20,6,1,8.88,71,22243.54,13609.67,12,383,896,0,0,0,0.0,0,
TXN04-01070,4,2026-05-31 20:25:15,14112.1,Fuel,40043,Card,DEV-04-5,iPhone,Mumbai,20,6,1,4.53,72,22227.17,13596.36,8,59,897,0,0,0,0.0,0,
TXN04-01071,4,2026-05-31 20:48:47,19918.75,Hotels,40001,Bank Transfer,DEV-04-1,iPhone,Mumbai,20,6,1,23.53,73,22181.69,13614.95,102,384,898,0,0,0,0.0,0,
TXN04-01072,4,2026-05-31 22:03:31,20587.85,Suppliers,40004,Card,DEV-UNK-2811,Android,Mumbai,22,6,1,74.73,74,22175.97,13598.22,42,1,899,1,0,0,0.0,1,ato_new_device_odd_hour
TXN04-01073,4,2026-06-01 08:03:33,31572.27,Hotels,40006,Card,DEV-04-3,iPhone,Mumbai,8,0,0,600.03,1,22171.97,13581.32,45,158,900,0,0,0,0.0,0,
TXN04-01074,4,2026-06-01 08:14:43,12401.48,Office,40005,Bank Transfer,DEV-04-2,iPhone,Mumbai,8,0,0,11.17,2,22125.55,13517.47,68,283,901,0,0,0,0.0,0,
TXN04-01075,4,2026-06-01 08:24:14,31782.83,Fuel,40047,Card,DEV-04-2,iPhone,Mumbai,8,0,0,9.52,3,21889.23,13339.03,3,284,902,0,0,0,0.0,0,
TXN04-01076,4,2026-06-01 08:40:19,10836.0,Fuel,40009,Card,DEV-04-4,Android,Mumbai,8,0,0,16.08,4,21875.28,13336.28,43,99,903,0,0,0,0.0,0,
TXN04-01077,4,2026-06-01 08:41:11,7552.69,Hotels,40010,Card,DEV-04-1,iPhone,Mumbai,8,0,0,0.87,5,21847.26,13330.93,32,385,904,0,0,0,0.0,0,
TXN04-01078,4,2026-06-01 08:56:10,33676.67,Suppliers,40003,Bank Transfer,DEV-04-2,iPhone,Mumbai,8,0,0,14.98,6,21799.67,13362.35,103,285,905,0,0,0,0.0,0,
TXN04-01079,4,2026-06-01 09:15:37,7678.72,Suppliers,40003,UPI,DEV-04-5,iPhone,Mumbai,9,0,0,19.45,7,21820.76,13374.54,104,60,906,0,0,0,0.0,0,
TXN04-01080,4,2026-06-01 09:25:08,10453.84,Suppliers,40034,Card,DEV-04-1,iPhone,Mumbai,9,0,0,9.52,8,21810.41,13383.9,17,386,907,0,0,0,0.0,0,
TXN04-01081,4,2026-06-01 09:27:10,27856.77,Office,40005,Card,DEV-04-9,iPhone,Mumbai,9,0,0,2.03,9,21781.58,13379.12,69,6,908,0,0,0,0.0,0,
TXN04-01082,4,2026-06-01 10:26:38,5114.44,Suppliers,40018,Card,DEV-04-1,iPhone,Mumbai,10,0,0,59.47,10,21850.09,13401.11,18,387,909,0,0,0,0.0,0,
TXN04-01083,4,2026-06-01 10:31:03,26933.06,Fuel,40012,Card,DEV-04-4,Android,Mumbai,10,0,0,4.42,11,21807.51,13410.58,17,100,910,0,0,0,0.0,0,
TXN04-01084,4,2026-06-01 10:35:31,25325.24,Office,40017,Card,DEV-04-1,iPhone,Mumbai,10,0,0,4.47,12,21820.51,13396.04,16,388,911,0,0,0,0.0,0,
TXN04-01085,4,2026-06-01 10:37:50,11535.06,Hotels,40025,UPI,DEV-04-1,iPhone,Mumbai,10,0,0,2.32,13,21829.39,13380.23,12,389,912,0,0,0,0.0,0,
TXN04-01086,4,2026-06-01 10:56:44,13809.96,Hotels,40001,Card,DEV-04-3,iPhone,Mumbai,10,0,0,18.9,14,21803.39,13373.31,103,159,913,0,0,0,0.0,0,
TXN04-01087,4,2026-06-01 11:08:19,14264.75,Suppliers,40018,Bank Transfer,DEV-04-1,iPhone,Mumbai,11,0,0,11.58,15,21798.94,13375.67,19,390,914,0,0,0,0.0,0,
TXN04-01088,4,2026-06-01 11:08:57,50000.0,Office,40044,UPI,DEV-04-3,iPhone,Mumbai,11,0,0,0.63,16,21779.96,13364.15,8,160,915,0,0,0,0.0,0,
TXN04-01089,4,2026-06-01 11:10:55,7004.53,Hotels,40046,UPI,DEV-04-1,iPhone,Mumbai,11,0,0,1.97,17,21850.87,13421.91,8,391,916,0,0,0,0.0,0,
TXN04-01090,4,2026-06-01 11:24:14,8494.97,Fuel,40009,UPI,DEV-04-4,Android,Mumbai,11,0,0,13.32,18,21813.66,13425.62,44,101,917,0,0,0,0.0,0,
TXN04-01091,4,2026-06-01 11:27:16,17072.19,Hotels,40053,Card,DEV-04-4,Android,Pune,11,0,0,3.03,19,21780.36,13425.31,3,102,72,0,0,0,120.15,0,
TXN04-01092,4,2026-06-01 11:38:30,21221.93,Suppliers,40003,Card,DEV-04-2,iPhone,Mumbai,11,0,0,11.23,20,21770.15,13444.17,105,286,918,0,0,0,120.15,0,
TXN04-01093,4,2026-06-01 11:48:56,39558.92,Office,40017,Card,DEV-04-1,iPhone,Mumbai,11,0,0,10.43,21,21794.66,13434.23,17,392,919,0,0,0,0.0,0,
TXN04-01094,4,2026-06-01 11:57:54,32528.46,Hotels,40067,Card,DEV-UNK-8257,Android,Mumbai,11,0,0,8.97,22,21832.23,13462.87,1,1,920,1,0,1,0.0,1,ato_new_device
TXN04-01095,4,2026-06-01 12:00:26,24441.26,Fuel,40009,Card,DEV-04-4,Android,Mumbai,12,0,0,2.53,23,21858.97,13456.63,45,103,921,0,0,0,0.0,0,
TXN04-01096,4,2026-06-01 12:21:45,43570.26,Fuel,40002,UPI,DEV-04-2,iPhone,Mumbai,12,0,0,21.32,24,21907.26,13431.13,66,287,922,0,0,0,0.0,0,
TXN04-01097,4,2026-06-01 12:25:48,34735.5,Office,40016,Card,DEV-04-4,Android,Mumbai,12,0,0,4.05,25,21961.29,13457.81,26,104,923,0,0,0,0.0,0,
TXN04-01098,4,2026-06-01 12:41:16,10511.38,Office,40049,UPI,DEV-04-1,iPhone,Mumbai,12,0,0,15.47,26,21993.06,13456.12,3,393,924,0,0,0,0.0,0,
TXN04-01099,4,2026-06-01 12:55:42,49348.36,Hotels,40001,UPI,DEV-04-1,iPhone,Mumbai,12,0,0,14.43,27,21955.04,13466.91,104,394,925,0,0,0,0.0,0,
TXN04-01100,4,2026-06-01 13:02:21,19835.77,Hotels,40006,Card,DEV-04-3,iPhone,Mumbai,13,0,0,6.65,28,22023.02,13519.06,46,161,926,0,0,0,0.0,0,
TXN04-01101,4,2026-06-01 13:03:22,15599.38,Hotels,40001,Card,DEV-04-1,iPhone,Mumbai,13,0,0,1.02,29,22017.6,13502.76,105,395,927,0,0,0,0.0,0,
TXN04-01102,4,2026-06-01 13:33:46,27110.22,Office,40031,UPI,DEV-04-3,iPhone,Mumbai,13,0,0,30.4,30,22001.76,13489.84,9,162,928,0,0,0,0.0,0,
TXN04-01103,4,2026-06-01 13:44:12,14345.89,Suppliers,40034,UPI,DEV-04-4,Android,Mumbai,13,0,0,10.43,31,22014.34,13475.59,18,105,929,0,0,0,0.0,0,
TXN04-01104,4,2026-06-01 13:52:43,3343.69,Hotels,40001,Bank Transfer,DEV-04-2,iPhone,Mumbai,13,0,0,8.52,32,21995.5,13464.38,106,288,930,0,0,0,0.0,0,
TXN04-01105,4,2026-06-01 14:17:59,15955.8,Suppliers,40003,UPI,DEV-04-2,iPhone,Mumbai,14,0,0,25.27,33,22031.5,13480.54,106,289,931,0,0,0,0.0,0,
TXN04-01106,4,2026-06-01 14:33:44,42157.74,Office,40005,UPI,DEV-04-2,iPhone,Mumbai,14,0,0,15.75,34,22016.54,13467.29,70,290,932,0,0,0,0.0,0,
TXN04-01107,4,2026-06-01 14:52:25,50000.0,Fuel,40020,Card,DEV-04-1,iPhone,Mumbai,14,0,0,18.68,35,22081.89,13507.58,17,396,933,0,0,0,0.0,0,
TXN04-01108,4,2026-06-01 14:56:57,27660.49,Hotels,40030,UPI,DEV-04-1,iPhone,Mumbai,14,0,0,4.53,36,22150.65,13561.73,17,397,934,0,0,0,0.0,0,
TXN04-01109,4,2026-06-01 14:58:43,16987.86,Suppliers,40018,Card,DEV-04-2,iPhone,Pune,14,0,0,1.77,37,22164.19,13547.8,20,291,73,0,0,0,120.15,0,
TXN04-01110,4,2026-06-01 15:07:32,9728.41,Fuel,40023,UPI,DEV-04-4,Android,Mumbai,15,0,0,8.82,38,22179.14,13539.21,13,106,935,0,0,0,120.15,0,
TXN04-01111,4,2026-06-01 15:12:44,18951.81,Office,40028,UPI,DEV-04-4,Android,Mumbai,15,0,0,5.2,39,22148.54,13536.61,18,107,936,0,0,0,0.0,0,
TXN04-01112,4,2026-06-01 15:24:54,8906.32,Suppliers,40003,Bank Transfer,DEV-04-2,iPhone,Mumbai,15,0,0,12.17,40,22140.71,13520.94,107,292,937,0,0,0,0.0,0,
TXN04-01113,4,2026-06-01 15:25:47,19733.88,Fuel,40002,UPI,DEV-04-5,iPhone,Pune,15,0,0,0.88,41,22108.35,13520.2,67,61,74,0,0,0,120.15,0,
TXN04-01114,4,2026-06-01 15:39:19,3068.71,Hotels,40007,Card,DEV-04-3,iPhone,Delhi,15,0,0,13.53,42,21987.72,13433.4,29,163,82,0,0,0,1179.48,0,
TXN04-01115,4,2026-06-01 15:49:13,9532.15,Suppliers,40034,Card,DEV-04-1,iPhone,Mumbai,15,0,0,9.9,43,21991.46,13463.5,19,398,938,0,0,0,1153.24,0,
TXN04-01116,4,2026-06-01 16:03:40,9590.81,Fuel,40002,Card,DEV-04-3,iPhone,Mumbai,16,0,0,14.45,44,21960.92,13461.1,68,164,939,0,0,0,0.0,0,
TXN04-01117,4,2026-06-01 16:12:11,16260.26,Fuel,40009,Card,DEV-04-1,iPhone,Mumbai,16,0,0,8.52,45,21930.67,13458.5,46,399,940,0,0,0,0.0,0,
TXN04-01118,4,2026-06-01 16:20:59,22957.94,Hotels,40014,Card,DEV-04-5,iPhone,Mumbai,16,0,0,8.8,46,21916.84,13444.99,12,62,941,0,0,0,0.0,0,
TXN04-01119,4,2026-06-01 16:32:56,50000.0,Suppliers,40018,Card,DEV-04-1,iPhone,Mumbai,16,0,0,11.95,47,21899.96,13449.88,21,400,942,0,0,0,0.0,0,
TXN04-01120,4,2026-06-01 16:47:35,29859.56,Hotels,40006,UPI,DEV-04-5,iPhone,Mumbai,16,0,0,14.65,48,21975.72,13520.49,47,63,943,0,0,0,0.0,0,
TXN04-01121,4,2026-06-01 17:10:12,44131.77,Suppliers,40018,Bank Transfer,DEV-04-3,iPhone,Mumbai,17,0,0,22.62,49,22030.79,13506.62,22,165,944,0,0,0,0.0,0,
TXN04-01122,4,2026-06-01 17:19:09,16558.16,Suppliers,40015,Card,DEV-04-5,iPhone,Mumbai,17,0,0,8.95,50,22084.69,13534.11,25,64,945,0,0,0,0.0,0,
TXN04-01123,4,2026-06-01 17:44:58,22384.06,Fuel,40012,UPI,DEV-04-1,iPhone,Delhi,17,0,0,25.82,51,22071.25,13520.38,18,401,83,0,0,0,1153.24,0,
TXN04-01124,4,2026-06-01 18:06:18,44783.55,Hotels,40001,Bank Transfer,DEV-04-3,iPhone,Mumbai,18,0,0,21.33,52,22099.13,13535.31,107,166,946,0,0,0,1153.24,0,
TXN04-01125,4,2026-06-01 18:42:31,29468.84,Hotels,40025,Card,DEV-04-2,iPhone,Mumbai,18,0,0,36.22,53,22130.48,13570.08,13,293,947,0,0,0,0.0,0,
TXN04-01126,4,2026-06-01 18:46:05,28707.33,Suppliers,40011,Card,DEV-04-1,iPhone,Mumbai,18,0,0,3.57,54,22148.42,13558.32,28,402,948,0,0,0,0.0,0,
TXN04-01127,4,2026-06-01 19:01:11,18959.04,Hotels,40001,Bank Transfer,DEV-04-5,iPhone,Delhi,19,0,0,15.1,55,22203.99,13564.25,108,65,84,0,0,0,1153.24,0,
TXN04-01128,4,2026-06-01 19:15:18,17855.92,Hotels,40006,UPI,DEV-04-9,iPhone,Mumbai,19,0,0,14.12,56,22196.05,13548.61,48,7,949,0,0,0,1153.24,0,
TXN04-01129,4,2026-06-01 19:23:32,30061.3,Fuel,40023,Card,DEV-04-10,Web,Mumbai,19,0,0,8.23,57,22204.75,13555.48,14,1,950,1,0,0,0.0,0,
TXN04-01130,4,2026-06-01 19:24:45,44898.89,Fuel,40009,Card,DEV-04-4,Android,Pune,19,0,0,1.22,58,22223.96,13544.45,47,108,75,0,0,0,120.15,0,
TXN04-01131,4,2026-06-01 19:27:22,32196.75,Office,40005,Card,DEV-04-7,iPhone,Mumbai,19,0,0,2.62,59,22279.27,13574.08,71,27,951,0,0,0,120.15,0,
TXN04-01132,4,2026-06-01 19:30:23,19537.3,Office,40005,Card,DEV-04-3,iPhone,Mumbai,19,0,0,3.02,60,22303.4,13566.36,72,167,952,0,0,0,0.0,0,
TXN04-01133,4,2026-06-01 19:36:41,17736.07,Hotels,40007,Card,DEV-04-1,iPhone,Delhi,19,0,0,6.3,61,22296.68,13550.57,30,403,85,0,0,0,1153.24,0,
TXN04-01134,4,2026-06-01 19:42:40,15908.56,Suppliers,40003,Card,DEV-04-3,iPhone,Mumbai,19,0,0,5.98,62,22285.64,13536.01,108,168,953,0,0,0,1153.24,0,
TXN04-01135,4,2026-06-01 19:50:44,50000.0,Suppliers,40003,Card,DEV-04-1,iPhone,Mumbai,19,0,0,8.07,63,22270.24,13523.28,109,404,954,0,0,0,0.0,0,
TXN04-01136,4,2026-06-01 20:00:31,20130.54,Office,40005,UPI,DEV-04-6,Web,Mumbai,20,0,0,9.78,64,22367.57,13577.39,73,35,955,0,0,0,0.0,0,
TXN04-01137,4,2026-06-01 20:04:08,28013.18,Fuel,40037,Card,DEV-04-8,Android,Mumbai,20,0,0,3.62,65,22362.18,13561.46,4,19,956,0,0,0,0.0,0,
TXN04-01138,4,2026-06-01 20:04:39,9398.32,Suppliers,40018,Bank Transfer,DEV-04-3,iPhone,Mumbai,20,0,0,0.52,66,22375.77,13547.98,23,169,957,0,0,0,0.0,0,
TXN04-01139,4,2026-06-01 20:08:21,30899.45,Suppliers,40035,Bank Transfer,DEV-04-3,iPhone,Mumbai,20,0,0,3.7,67,22344.65,13546.6,13,170,958,0,0,0,0.0,0,
TXN04-01140,4,2026-06-01 20:15:44,18333.53,Fuel,40009,UPI,DEV-04-1,iPhone,Mumbai,20,0,0,7.38,68,22307.17,13501.19,48,405,959,0,0,0,0.0,0,
TXN04-01141,4,2026-06-01 20:17:19,14119.46,Fuel,40002,Bank Transfer,DEV-04-2,iPhone,Mumbai,20,0,0,1.58,69,22297.67,13486.43,69,294,960,0,0,0,0.0,0,
TXN04-01142,4,2026-06-01 20:21:10,11222.54,Suppliers,40011,UPI,DEV-04-6,Web,Delhi,20,0,0,3.85,70,22278.15,13476.24,29,36,86,0,0,0,1153.24,0,
TXN04-01143,4,2026-06-01 20:32:57,35071.54,Office,40017,UPI,DEV-04-4,Android,Delhi,20,0,0,11.78,71,22248.0,13486.8,18,109,87,0,0,0,0.0,0,
TXN04-01144,4,2026-06-01 20:33:57,10669.25,Hotels,40010,UPI,DEV-04-10,Web,Mumbai,20,0,0,1.0,72,22278.53,13485.23,33,2,961,0,0,0,1153.24,0,
TXN04-01145,4,2026-06-01 20:51:58,43354.56,Suppliers,40011,Card,DEV-04-9,iPhone,Mumbai,20,0,0,18.02,73,22250.96,13481.05,30,8,962,0,0,0,0.0,0,
TXN04-01146,4,2026-06-01 21:22:59,14702.72,Fuel,40140,Card,DEV-04-1,iPhone,Mumbai,21,0,0,31.02,74,22271.04,13506.16,1,406,963,0,0,1,0.0,1,ato_odd_hour
TXN04-01147,4,2026-06-01 22:01:36,20258.23,Hotels,40007,Card,DEV-04-2,iPhone,Mumbai,22,0,0,38.62,75,22253.11,13495.17,31,295,964,0,0,0,0.0,1,ato_odd_hour
TXN04-01148,4,2026-06-01 22:49:37,26000.0,Suppliers,40001,Card,DEV-UNK-6314,Android,Mumbai,22,0,0,48.02,76,22248.39,13479.55,109,1,965,1,0,0,0.0,1,unknown_device
TXN04-01149,4,2026-06-02 03:45:17,26000.0,Suppliers,40001,Card,DEV-UNK-7462,Web,Mumbai,3,1,0,295.67,1,22192.98,13415.69,110,1,966,1,0,0,0.0,1,unknown_device
TXN04-01150,4,2026-06-02 08:37:35,14946.04,Hotels,40013,Bank Transfer,DEV-04-1,iPhone,Mumbai,8,1,0,292.3,2,22245.17,13438.61,18,407,967,0,0,0,0.0,0,
TXN04-01151,4,2026-06-02 08:52:50,45145.36,Suppliers,40045,UPI,DEV-04-1,iPhone,Mumbai,8,1,0,15.25,3,22259.76,13427.34,10,408,968,0,0,0,0.0,0,
TXN04-01152,4,2026-06-02 09:12:41,33808.58,Hotels,40001,UPI,DEV-04-2,iPhone,Mumbai,9,1,0,19.85,4,22346.61,13456.8,111,296,969,0,0,0,0.0,0,
TXN04-01153,4,2026-06-02 09:35:51,29115.66,Suppliers,40003,Card,DEV-04-1,iPhone,Mumbai,9,1,0,23.17,5,22410.96,13446.69,110,409,970,0,0,0,0.0,0,
TXN04-01154,4,2026-06-02 09:58:34,16116.27,Suppliers,40011,Bank Transfer,DEV-04-1,iPhone,Mumbai,9,1,0,22.72,6,22442.36,13449.01,31,410,971,0,0,0,0.0,0,
TXN04-01155,4,2026-06-02 10:02:34,33557.64,Office,40032,UPI,DEV-04-4,Android,Mumbai,10,1,0,4.0,7,22427.33,13436.56,10,110,972,0,0,0,0.0,0,
TXN04-01156,4,2026-06-02 10:17:51,13574.06,Suppliers,40004,Bank Transfer,DEV-04-1,iPhone,Mumbai,10,1,0,15.28,8,22460.7,13446.71,43,411,973,0,0,0,0.0,0,
TXN04-01157,4,2026-06-02 10:23:50,11219.73,Fuel,40002,Card,DEV-04-2,iPhone,Mumbai,10,1,0,5.98,9,22427.75,13451.45,70,297,974,0,0,0,0.0,0,
TXN04-01158,4,2026-06-02 10:51:23,35370.69,Hotels,40029,UPI,DEV-04-1,iPhone,Mumbai,10,1,0,27.55,10,22417.95,13458.11,19,412,975,0,0,0,0.0,0,
TXN04-01159,4,2026-06-02 11:31:40,11985.74,Fuel,40026,Card,DEV-04-3,iPhone,Mumbai,11,1,0,40.28,11,22404.05,13431.91,8,171,976,0,0,0,0.0,0,
TXN04-01160,4,2026-06-02 11:43:37,10029.63,Fuel,40002,UPI,DEV-04-3,iPhone,Mumbai,11,1,0,11.95,12,22371.59,13440.65,71,172,977,0,0,0,0.0,0,
TXN04-01161,4,2026-06-02 11:59:36,16911.61,Hotels,40019,UPI,DEV-04-3,iPhone,Mumbai,11,1,0,15.98,13,22349.36,13468.64,18,173,978,0,0,0,0.0,0,
TXN04-01162,4,2026-06-02 12:33:14,19495.11,Hotels,40013,UPI,DEV-04-1,iPhone,Mumbai,12,1,0,33.63,14,22336.35,13455.14,19,413,979,0,0,0,0.0,0,
TXN04-01163,4,2026-06-02 12:38:04,24148.11,Office,40008,Card,DEV-04-2,iPhone,Mumbai,12,1,0,4.83,15,22329.57,13439.79,34,298,980,0,0,0,0.0,0,
TXN04-01164,4,2026-06-02 12:42:18,16662.7,Fuel,40002,Card,DEV-04-1,iPhone,Mumbai,12,1,0,4.23,16,22267.87,13371.79,72,414,981,0,0,0,0.0,0,
TXN04-01165,4,2026-06-02 12:55:24,23727.59,Suppliers,40054,UPI,DEV-04-4,Android,Mumbai,12,1,0,13.1,17,22254.52,13358.65,6,111,982,0,0,0,0.0,0,
TXN04-01166,4,2026-06-02 12:58:41,9125.88,Suppliers,40055,Bank Transfer,DEV-04-4,Android,Mumbai,12,1,0,3.28,18,22226.9,13343.57,4,112,983,0,0,0,0.0,0,
TXN04-01167,4,2026-06-02 12:58:48,8803.22,Suppliers,40055,Card,DEV-04-2,iPhone,Mumbai,12,1,0,0.12,19,22195.78,13342.97,5,299,984,0,0,0,0.0,0,
TXN04-01168,4,2026-06-02 13:03:00,8787.75,Office,40005,Bank Transfer,DEV-04-1,iPhone,Mumbai,13,1,0,4.2,20,22164.04,13343.05,74,415,985,0,0,0,0.0,0,
TXN04-01169,4,2026-06-02 13:07:30,30549.54,Hotels,40006,Card,DEV-04-2,iPhone,Delhi,13,1,0,4.5,21,22136.44,13358.63,49,300,88,0,0,0,1153.24,0,
TXN04-01170,4,2026-06-02 13:10:10,17654.64,Suppliers,40059,Bank Transfer,DEV-04-1,iPhone,Mumbai,13,1,0,2.67,22,22156.33,13349.09,3,416,986,0,0,0,1153.24,0,
TXN04-01171,4,2026-06-02 13:13:55,31978.29,Suppliers,40018,Card,DEV-04-3,iPhone,Mumbai,13,1,0,3.75,23,22145.71,13335.12,24,174,987,0,0,0,0.0,0,
TXN04-01172,4,2026-06-02 13:36:35,10621.87,Fuel,40012,Bank Transfer,DEV-04-2,iPhone,Mumbai,13,1,0,22.67,24,22168.85,13327.94,19,301,988,0,0,0,0.0,0,
TXN04-01173,4,2026-06-02 13:39:36,12204.44,Hotels,40007,Bank Transfer,DEV-04-6,Web,Mumbai,13,1,0,3.02,25,22141.74,13324.01,32,37,989,0,0,0,0.0,0,
TXN04-01174,4,2026-06-02 13:44:14,44893.91,Suppliers,40011,UPI,DEV-04-3,iPhone,Mumbai,13,1,0,4.63,26,22195.07,13301.18,32,175,990,0,0,0,0.0,0,
TXN04-01175,4,2026-06-02 14:19:54,23369.14,Office,40005,Card,DEV-04-4,Android,Mumbai,14,1,0,35.67,27,22188.05,13358.51,75,113,991,0,0,0,0.0,0,
TXN04-01176,4,2026-06-02 14:23:20,45169.89,Fuel,40002,UPI,DEV-04-1,iPhone,Mumbai,14,1,0,3.43,28,22190.84,13342.84,73,417,992,0,0,0,0.0,0,
TXN04-01177,4,2026-06-02 14:57:20,22782.21,Fuel,40047,Card,DEV-04-5,iPhone,Mumbai,14,1,0,34.0,29,22240.65,13389.12,4,66,993,0,0,0,0.0,0,
TXN04-01178,4,2026-06-02 15:44:28,22545.43,Fuel,40002,UPI,DEV-04-1,iPhone,Mumbai,15,1,0,47.13,30,22355.04,13412.86,74,418,994,0,0,0,0.0,0,
TXN04-01179,4,2026-06-02 16:06:05,28855.51,Hotels,40007,Card,DEV-04-2,iPhone,Mumbai,16,1,0,21.62,31,22355.51,13396.61,33,302,995,0,0,0,0.0,0,
TXN04-01180,4,2026-06-02 16:42:14,2856.05,Hotels,40029,UPI,DEV-04-5,iPhone,Mumbai,16,1,0,36.15,32,22415.6,13394.65,20,67,996,0,0,0,0.0,0,
TXN04-01181,4,2026-06-02 16:48:16,25643.92,Fuel,40002,UPI,DEV-04-5,iPhone,Delhi,16,1,0,6.03,33,22330.32,13407.31,75,68,89,0,0,0,1153.24,0,
TXN04-01182,4,2026-06-02 16:51:49,19430.0,Fuel,40002,Card,DEV-04-5,iPhone,Mumbai,16,1,0,3.55,34,22338.36,13392.03,76,69,997,0,0,0,1153.24,0,
TXN04-01183,4,2026-06-02 17:08:52,7662.65,Suppliers,40003,Card,DEV-04-2,iPhone,Mumbai,17,1,0,17.05,35,22367.59,13387.92,111,303,998,0,0,0,0.0,0,
TXN04-01184,4,2026-06-02 17:16:30,42565.34,Fuel,40002,Card,DEV-04-9,iPhone,Mumbai,17,1,0,7.63,36,22331.9,13391.22,77,9,999,0,0,0,0.0,0,
TXN04-01185,4,2026-06-02 17:29:07,14538.16,Suppliers,40035,UPI,DEV-04-5,iPhone,Mumbai,17,1,0,12.62,37,22380.89,13411.92,14,70,1000,0,0,0,0.0,0,
TXN04-01186,4,2026-06-02 17:41:10,11247.85,Hotels,40013,Card,DEV-04-7,iPhone,Mumbai,17,1,0,12.05,38,22344.32,13412.66,20,28,1001,0,0,0,0.0,0,
TXN04-01187,4,2026-06-02 17:58:24,25328.52,Hotels,40006,Card,DEV-04-1,iPhone,Mumbai,17,1,0,17.23,39,22328.34,13432.87,50,419,1002,0,0,0,0.0,0,
TXN04-01188,4,2026-06-02 18:04:30,20594.59,Hotels,40039,UPI,DEV-04-4,Android,Mumbai,18,1,0,6.1,40,22335.62,13417.37,7,114,1003,0,0,0,0.0,0,
TXN04-01189,4,2026-06-02 18:17:48,44552.49,Hotels,40001,Card,DEV-04-8,Android,Mumbai,18,1,0,13.3,41,22331.41,13401.39,112,20,1004,0,0,0,0.0,0,
TXN04-01190,4,2026-06-02 18:58:33,14173.76,Hotels,40019,UPI,DEV-04-1,iPhone,Mumbai,18,1,0,40.75,42,22339.83,13427.92,19,420,1005,0,0,0,0.0,0,
TXN04-01191,4,2026-06-02 19:44:28,20986.01,Hotels,40030,Card,DEV-04-1,iPhone,Mumbai,19,1,0,45.92,43,22325.35,13433.5,18,421,1006,0,0,0,0.0,0,
TXN04-01192,4,2026-06-02 19:46:14,27966.37,Hotels,40001,Card,DEV-04-1,iPhone,Mumbai,19,1,0,1.77,44,22322.11,13417.39,113,422,1007,0,0,0,0.0,0,
TXN04-01193,4,2026-06-02 19:47:35,31683.92,Fuel,40009,Bank Transfer,DEV-04-10,Web,Mumbai,19,1,0,1.35,45,22335.74,13404.04,49,3,1008,0,0,0,0.0,0,
TXN04-01194,4,2026-06-02 19:51:59,36209.36,Office,40032,UPI,DEV-04-3,iPhone,Mumbai,19,1,0,4.4,46,22358.27,13395.72,11,176,1009,0,0,0,0.0,0,
TXN04-01195,4,2026-06-02 19:52:35,6566.19,Fuel,40020,UPI,DEV-UNK-1356,iPhone,Mumbai,19,1,0,0.6,47,22391.56,13396.79,18,1,1010,1,0,0,0.0,1,ato_new_device_short_gap
TXN04-01196,4,2026-06-02 19:53:43,23065.14,Hotels,40001,Card,DEV-04-1,iPhone,Mumbai,19,1,0,1.13,48,22353.61,13403.09,114,423,1011,0,0,0,0.0,0,
TXN04-01197,4,2026-06-02 20:51:29,22677.3,Hotels,40010,UPI,DEV-04-2,iPhone,Delhi,20,1,0,57.77,49,22338.53,13426.71,34,304,90,0,0,0,1153.24,0,
TXN04-01198,4,2026-06-03 08:06:43,30191.58,Office,40028,UPI,DEV-04-9,iPhone,Mumbai,8,2,0,675.23,1,22317.65,13419.44,19,10,1012,0,0,0,1153.24,0,
TXN04-01199,4,2026-06-03 08:14:13,3010.7,Hotels,40060,Bank Transfer,DEV-04-2,iPhone,Mumbai,8,2,0,7.5,2,22377.17,13399.44,2,305,1013,0,0,0,0.0,0,
TXN04-01200,4,2026-06-03 08:19:19,8298.35,Fuel,40002,Bank Transfer,DEV-04-3,iPhone,Mumbai,8,2,0,5.1,3,22330.62,13416.89,78,177,1014,0,0,0,0.0,0,
TXN04-01201,4,2026-06-03 08:21:45,17786.46,Suppliers,40034,Card,DEV-04-2,iPhone,Mumbai,8,2,0,2.43,4,22230.37,13365.47,20,306,1015,0,0,0,0.0,0,
TXN04-01202,4,2026-06-03 08:43:43,26713.29,Fuel,40009,Card,DEV-04-4,Android,Delhi,8,2,0,21.97,5,22202.65,13362.7,50,115,91,0,0,0,1153.24,0,
TXN04-01203,4,2026-06-03 08:50:03,24451.8,Suppliers,40003,Bank Transfer,DEV-04-2,iPhone,Mumbai,8,2,0,6.33,6,22187.41,13284.79,112,307,1016,0,0,0,1153.24,0,
TXN04-01204,4,2026-06-03 09:08:40,25285.24,Office,40005,Card,DEV-04-1,iPhone,Mumbai,9,2,0,18.62,7,22155.23,13280.71,76,424,1017,0,0,0,0.0,0,
TXN04-01205,4,2026-06-03 09:22:49,37707.79,Office,40028,Card,DEV-04-1,iPhone,Mumbai,9,2,0,14.15,8,22162.77,13265.58,20,425,1018,0,0,0,0.0,0,
TXN04-01206,4,2026-06-03 09:25:24,13478.78,Hotels,40013,Bank Transfer,DEV-04-1,iPhone,Pune,9,2,0,2.58,9,22200.14,13271.48,21,426,76,0,0,0,120.15,0,
TXN04-01207,4,2026-06-03 09:27:49,3461.78,Office,40106,Card,DEV-04-4,Android,Mumbai,9,2,0,2.42,10,22184.18,13277.96,1,116,1019,0,0,1,120.15,1,ato_short_gap
TXN04-01208,4,2026-06-03 09:37:21,50000.0,Office,40148,UPI,DEV-UNK-8266,Web,Mumbai,9,2,0,9.53,11,22139.28,13293.61,1,1,1020,1,0,1,0.0,1,ato_new_device
TXN04-01209,4,2026-06-03 09:40:54,50000.0,Fuel,40023,Card,DEV-04-1,iPhone,Mumbai,9,2,0,3.55,12,22205.94,13347.28,15,427,1021,0,0,0,0.0,0,
TXN04-01210,4,2026-06-03 09:46:04,6666.72,Suppliers,40015,UPI,DEV-04-3,iPhone,Pune,9,2,0,5.17,13,22272.27,13400.15,26,178,77,0,0,0,120.15,0,
TXN04-01211,4,2026-06-03 09:53:18,8749.65,Suppliers,40003,Card,DEV-04-5,iPhone,Mumbai,9,2,0,7.23,14,22283.49,13407.8,113,71,1022,0,0,0,120.15,0,
TXN04-01212,4,2026-06-03 09:59:31,32705.96,Fuel,40002,UPI,DEV-04-3,iPhone,Mumbai,9,2,0,6.22,15,22251.19,13408.06,79,179,1023,0,0,0,0.0,0,
TXN04-01213,4,2026-06-03 10:00:35,21608.14,Fuel,40021,Card,DEV-04-5,iPhone,Mumbai,10,2,0,1.07,16,22276.08,13401.78,17,72,1024,0,0,0,0.0,0,
TXN04-01214,4,2026-06-03 10:06:34,35310.73,Hotels,40001,Card,DEV-04-7,iPhone,Mumbai,10,2,0,5.98,17,22274.49,13385.89,115,29,1025,0,0,0,0.0,0,
TXN04-01215,4,2026-06-03 10:21:02,11573.68,Suppliers,40004,Card,DEV-04-1,iPhone,Mumbai,10,2,0,14.47,18,22227.25,13346.07,44,428,1026,0,0,0,0.0,0,
TXN04-01216,4,2026-06-03 10:22:23,21627.2,Suppliers,40004,Bank Transfer,DEV-04-6,Web,Mumbai,10,2,0,1.35,19,22201.94,13340.3,45,38,1027,0,0,0,0.0,0,
TXN04-01217,4,2026-06-03 10:23:41,9839.99,Hotels,40001,Card,DEV-04-2,iPhone,Mumbai,10,2,0,1.3,20,22200.58,13324.51,116,308,1028,0,0,0,0.0,0,
TXN04-01218,4,2026-06-03 10:24:52,14926.32,Suppliers,40015,Bank Transfer,DEV-04-2,iPhone,Mumbai,10,2,0,1.18,21,22171.36,13322.28,27,309,1029,0,0,0,0.0,0,
TXN04-01219,4,2026-06-03 10:28:56,44670.01,Suppliers,40022,Card,DEV-04-1,iPhone,Mumbai,10,2,0,4.07,22,22154.27,13311.2,16,429,1030,0,0,0,0.0,0,
TXN04-01220,4,2026-06-03 10:38:06,15667.77,Office,40005,Card,DEV-04-1,iPhone,Mumbai,10,2,0,9.17,23,22212.11,13371.47,77,430,1031,0,0,0,0.0,0,
TXN04-01221,4,2026-06-03 10:51:31,28503.22,Suppliers,40052,Bank Transfer,DEV-04-2,iPhone,Mumbai,10,2,0,13.42,24,22212.4,13367.78,6,310,1032,0,0,0,0.0,0,
TXN04-01222,4,2026-06-03 11:06:12,10831.11,Office,40033,Card,DEV-04-4,Android,Mumbai,11,2,0,14.68,25,22227.27,13355.46,12,117,1033,0,0,0,0.0,0,
TXN04-01223,4,2026-06-03 11:17:53,6007.43,Suppliers,40003,Bank Transfer,DEV-04-7,iPhone,Mumbai,11,2,0,11.68,26,22200.4,13351.15,114,30,1034,0,0,0,0.0,0,
TXN04-01224,4,2026-06-03 11:20:23,25353.69,Suppliers,40064,Card,DEV-04-7,iPhone,Pune,11,2,0,2.5,27,22162.29,13358.49,2,31,78,0,0,0,120.15,0,
TXN04-01225,4,2026-06-03 11:28:26,33952.01,Fuel,40002,Bank Transfer,DEV-04-1,iPhone,Mumbai,11,2,0,8.05,28,22039.57,13205.28,80,431,1035,0,0,0,120.15,0,
TXN04-01226,4,2026-06-03 11:41:30,16190.34,Office,40031,Card,DEV-04-1,iPhone,Mumbai,11,2,0,13.07,29,22043.9,13208.88,10,432,1036,0,0,0,0.0,0,
TXN04-01227,4,2026-06-03 11:42:25,12526.56,Hotels,40066,Card,DEV-04-3,iPhone,Mumbai,11,2,0,0.92,30,22030.12,13196.38,1,180,1037,0,0,1,0.0,0,
TXN04-01228,4,2026-06-03 11:46:47,21478.23,Fuel,40021,Card,DEV-04-1,iPhone,Pune,11,2,0,4.37,31,22007.81,13188.9,18,433,79,0,0,0,120.15,0,
TXN04-01229,4,2026-06-03 11:53:07,6644.84,Suppliers,40052,Card,DEV-04-4,Android,Mumbai,11,2,0,6.33,32,22029.11,13180.7,7,118,1038,0,0,0,120.15,0,
TXN04-01230,4,2026-06-03 11:55:35,19366.2,Office,40016,Bank Transfer,DEV-04-2,iPhone,Pune,11,2,0,2.47,33,21993.08,13186.24,27,311,80,0,0,0,120.15,0,
TXN04-01231,4,2026-06-03 11:58:42,22195.47,Suppliers,40003,UPI,DEV-04-5,iPhone,Mumbai,11,2,0,3.12,34,22028.68,13158.56,115,73,1039,0,0,0,120.15,0,
TXN04-01232,4,2026-06-03 12:00:24,14319.36,Hotels,40010,Card,DEV-04-4,Android,Mumbai,12,2,0,1.7,35,22029.07,13143.18,35,119,1040,0,0,0,0.0,0,
TXN04-01233,4,2026-06-03 12:20:24,15088.53,Suppliers,40003,Card,DEV-04-6,Web,Mumbai,12,2,0,20.0,36,22031.99,13141.33,116,39,1041,0,0,0,0.0,0,
TXN04-01234,4,2026-06-03 12:48:49,9040.44,Hotels,40029,Card,DEV-04-6,Web,Mumbai,12,2,0,28.42,37,22011.55,13145.31,21,40,1042,0,0,0,0.0,0,
TXN04-01235,4,2026-06-03 13:04:46,25229.96,Office,40032,UPI,DEV-04-2,iPhone,Mumbai,13,2,0,15.95,38,22044.86,13142.68,12,312,1043,0,0,0,0.0,0,
TXN04-01236,4,2026-06-03 13:23:29,50000.0,Fuel,40002,Bank Transfer,DEV-04-3,iPhone,Mumbai,13,2,0,18.72,39,22052.31,13128.22,81,181,1044,0,0,0,0.0,0,
TXN04-01237,4,2026-06-03 13:34:46,48647.21,Office,40005,Card,DEV-04-1,iPhone,Mumbai,13,2,0,11.28,40,22101.71,13193.35,78,434,1045,0,0,0,0.0,0,
TXN04-01238,4,2026-06-03 13:51:47,18605.85,Hotels,40001,Card,DEV-04-1,iPhone,Mumbai,13,2,0,17.02,41,22195.86,13238.59,117,435,1046,0,0,0,0.0,0,
TXN04-01239,4,2026-06-03 13:52:35,31684.57,Fuel,40020,Card,DEV-04-1,iPhone,Delhi,13,2,0,0.8,42,22187.5,13224.29,19,436,92,0,0,0,1153.24,0,
TXN04-01240,4,2026-06-03 13:53:50,34613.02,Office,40005,Card,DEV-04-3,iPhone,Mumbai,13,2,0,1.25,43,22209.58,13216.82,79,182,1047,0,0,0,1153.24,0,
TXN04-01241,4,2026-06-03 13:56:55,11008.76,Hotels,40013,UPI,DEV-04-8,Android,Mumbai,13,2,0,3.08,44,22238.36,13214.96,22,21,1048,0,0,0,0.0,0,
TXN04-01242,4,2026-06-03 13:59:26,50000.0,Suppliers,40054,UPI,DEV-04-2,iPhone,Mumbai,13,2,0,2.52,45,22212.37,13210.68,7,313,1049,0,0,0,0.0,0,
TXN04-01243,4,2026-06-03 14:19:27,3028.52,Suppliers,40035,Card,DEV-04-2,iPhone,Mumbai,14,2,0,20.02,46,22307.11,13262.76,15,314,1050,0,0,0,0.0,0,
TXN04-01244,4,2026-06-03 14:19:31,19817.47,Suppliers,40027,Card,DEV-04-5,iPhone,Mumbai,14,2,0,0.07,47,22262.59,13279.72,15,74,1051,0,0,0,0.0,0,
TXN04-01245,4,2026-06-03 14:28:11,23997.06,Fuel,40063,UPI,DEV-04-1,iPhone,Mumbai,14,2,0,8.67,48,22256.95,13264.93,2,437,1052,0,0,0,0.0,0,
TXN04-01246,4,2026-06-03 14:30:05,17564.67,Hotels,40010,UPI,DEV-04-4,Android,Mumbai,14,2,0,1.9,49,22260.95,13249.93,36,120,1053,0,0,0,0.0,0,
TXN04-01247,4,2026-06-03 14:30:08,43606.94,Hotels,40067,UPI,DEV-04-1,iPhone,Mumbai,14,2,0,0.05,50,22250.18,13236.64,2,438,1054,0,0,0,0.0,0,
TXN04-01248,4,2026-06-03 14:43:13,28614.61,Office,40005,Card,DEV-04-2,iPhone,Mumbai,14,2,0,13.08,51,22299.05,13260.81,80,315,1055,0,0,0,0.0,0,
TXN04-01249,4,2026-06-03 14:43:49,19246.08,Fuel,40009,UPI,DEV-04-1,iPhone,Mumbai,14,2,0,0.6,52,22313.47,13249.09,51,439,1056,0,0,0,0.0,0,
TXN04-01250,4,2026-06-03 15:37:44,12760.77,Suppliers,40011,UPI,DEV-04-5,iPhone,Mumbai,15,2,0,53.92,53,22400.2,13254.06,33,75,1057,0,0,0,0.0,0,
TXN04-01251,4,2026-06-03 16:40:40,12594.65,Suppliers,40003,Card,DEV-04-2,iPhone,Pune,16,2,0,62.93,54,22300.13,13233.22,117,316,81,0,0,0,120.15,0,
TXN04-01252,4,2026-06-03 16:49:52,5127.76,Suppliers,40003,Card,DEV-04-6,Web,Mumbai,16,2,0,9.2,55,22223.96,13194.11,118,41,1058,0,0,0,120.15,0,
TXN04-01253,4,2026-06-03 16:54:52,50000.0,Office,40031,Card,DEV-04-1,iPhone,Mumbai,16,2,0,5.0,56,22214.64,13204.76,11,440,1059,0,0,0,0.0,0,
TXN04-01254,4,2026-06-03 17:24:43,43842.1,Suppliers,40022,Card,DEV-04-1,iPhone,Mumbai,17,2,0,29.85,57,22287.1,13270.98,17,441,1060,0,0,0,0.0,0,
TXN04-01255,4,2026-06-03 17:25:47,50000.0,Suppliers,40024,UPI,DEV-04-3,iPhone,Mumbai,17,2,0,1.07,58,22336.88,13295.97,14,183,1061,0,0,0,0.0,0,
TXN04-01256,4,2026-06-03 17:45:32,21641.08,Hotels,40006,Card,DEV-04-7,iPhone,Mumbai,17,2,0,19.75,59,22399.96,13370.58,51,32,1062,0,0,0,0.0,0,
TXN04-01257,4,2026-06-03 17:49:13,20596.33,Hotels,40046,UPI,DEV-04-5,iPhone,Mumbai,17,2,0,3.68,60,22398.21,13355.18,9,76,1063,0,0,0,0.0,0,
TXN04-01258,4,2026-06-03 18:02:12,21902.2,Hotels,40013,Bank Transfer,DEV-04-4,Android,Pune,18,2,0,12.98,61,22394.05,13340.07,23,121,82,0,0,0,120.15,0,
TXN04-01259,4,2026-06-03 18:15:28,12169.56,Fuel,40026,UPI,DEV-04-6,Web,Mumbai,18,2,0,13.27,62,22392.92,13324.75,9,42,1064,0,0,0,120.15,0,
TXN04-01260,4,2026-06-03 18:18:56,8763.09,Hotels,40001,Card,DEV-04-4,Android,Mumbai,18,2,0,3.47,63,22384.18,13330.2,118,122,1065,0,0,0,0.0,0,
TXN04-01261,4,2026-06-03 18:31:49,20296.3,Office,40008,Bank Transfer,DEV-04-7,iPhone,Delhi,18,2,0,12.88,64,22376.64,13336.97,35,33,93,0,0,0,1153.24,0,
TXN04-01262,4,2026-06-03 18:46:46,11478.46,Suppliers,40064,Card,DEV-04-1,iPhone,Mumbai,18,2,0,14.95,65,22362.13,13335.8,3,442,1066,0,0,0,1153.24,0,
TXN04-01263,4,2026-06-03 19:21:11,40296.86,Office,40005,Card,DEV-04-1,iPhone,Mumbai,19,2,0,34.42,66,22367.88,13330.57,81,443,1067,0,0,0,0.0,0,
TXN04-01264,4,2026-06-03 19:45:24,50000.0,Office,40017,UPI,DEV-04-4,Android,Mumbai,19,2,0,24.22,67,22383.54,13347.6,19,123,1068,0,0,0,0.0,0,
TXN04-01265,4,2026-06-03 20:23:27,34427.01,Office,40008,Card,DEV-04-2,iPhone,Mumbai,20,2,0,38.05,68,22483.79,13388.34,36,317,1069,0,0,0,0.0,0,
TXN04-01266,4,2026-06-04 03:14:12,28328.8,Overseas Merchant,939482,Card,DEV-04-1,iPhone,Unknown Country,3,3,0,410.75,1,22457.25,13410.79,1,444,3,0,0,1,8211.14,1,foreign_merchant
TXN04-01267,4,2026-06-04 08:09:22,16825.66,Fuel,40002,Card,DEV-04-1,iPhone,Mumbai,8,3,0,295.17,2,22496.93,13409.4,82,445,1070,0,0,0,8211.14,0,
TXN04-01268,4,2026-06-04 08:26:54,20476.25,Office,40005,Card,DEV-04-2,iPhone,Mumbai,8,3,0,17.53,3,22483.77,13396.62,82,318,1071,0,0,0,0.0,0,
TXN04-01269,4,2026-06-04 08:38:28,36855.1,Hotels,40019,Card,DEV-04-2,iPhone,Pune,8,3,0,11.57,4,22479.12,13381.45,20,319,83,0,0,0,120.15,0,
TXN04-01270,4,2026-06-04 08:44:45,19210.26,Suppliers,40011,Card,DEV-04-7,iPhone,Mumbai,8,3,0,6.28,5,22512.33,13383.79,34,34,1072,0,0,0,120.15,0,
TXN04-01271,4,2026-06-04 09:01:48,11542.08,Suppliers,40003,Bank Transfer,DEV-04-3,iPhone,Pune,9,3,0,17.05,6,22525.45,13377.76,119,184,84,0,0,0,120.15,0,
TXN04-01272,4,2026-06-04 09:16:04,16319.64,Office,40005,UPI,DEV-04-2,iPhone,Delhi,9,3,0,14.27,7,22491.68,13386.98,83,320,94,0,0,0,1179.48,0,
TXN04-01273,4,2026-06-04 09:18:30,7232.24,Hotels,40010,Card,DEV-04-6,Web,Mumbai,9,3,0,2.43,8,22477.46,13374.82,37,43,1073,0,0,0,1153.24,0,
TXN04-01274,4,2026-06-04 09:57:01,9166.79,Suppliers,40035,UPI,DEV-04-4,Android,Mumbai,9,3,0,38.52,9,22396.69,13393.03,16,124,1074,0,0,0,0.0,0,
TXN04-01275,4,2026-06-04 10:03:16,3236.0,Fuel,40037,Bank Transfer,DEV-04-3,iPhone,Delhi,10,3,0,6.25,10,22366.2,13392.62,5,185,95,0,0,0,1153.24,0,
TXN04-01276,4,2026-06-04 10:15:49,25047.01,Suppliers,40004,Bank Transfer,DEV-04-1,iPhone,Mumbai,10,3,0,12.55,11,22322.23,13408.55,46,446,1075,0,0,0,1153.24,0,
TXN04-01277,4,2026-06-04 10:23:08,24297.43,Fuel,40009,Card,DEV-04-1,iPhone,Mumbai,10,3,0,7.32,12,22328.48,13393.8,52,447,1076,0,0,0,0.0,0,
TXN04-01278,4,2026-06-04 10:29:16,16480.13,Hotels,40001,UPI,DEV-04-4,Android,Mumbai,10,3,0,6.13,13,22332.98,13378.8,119,125,1077,0,0,0,0.0,0,
TXN04-01279,4,2026-06-04 10:33:21,38980.75,Hotels,40006,Card,DEV-04-1,iPhone,Mumbai,10,3,0,4.08,14,22260.1,13323.62,52,448,1078,0,0,0,0.0,0,
TXN04-01280,4,2026-06-04 10:47:04,41496.52,Fuel,40021,Bank Transfer,DEV-04-6,Web,Mumbai,10,3,0,13.72,15,22308.88,13345.7,19,44,1079,0,0,0,0.0,0,
TXN04-01281,4,2026-06-04 10:51:32,50000.0,Office,40017,Bank Transfer,DEV-04-1,iPhone,Mumbai,10,3,0,4.47,16,22352.69,13361.88,20,449,1080,0,0,0,0.0,0,
TXN04-01282,4,2026-06-04 11:06:11,17261.12,Fuel,40068,Card,DEV-04-5,iPhone,Mumbai,11,3,0,14.65,17,22415.67,13411.57,1,77,1081,0,0,1,0.0,0,
TXN04-01283,4,2026-06-04 11:24:10,18578.58,Hotels,40010,Bank Transfer,DEV-04-10,Web,Mumbai,11,3,0,17.98,18,22403.95,13398.57,38,4,1082,0,0,0,0.0,0,
TXN04-01284,4,2026-06-04 11:34:25,10410.5,Office,40008,UPI,DEV-04-2,iPhone,Mumbai,11,3,0,10.25,19,22395.28,13384.61,37,321,1083,0,0,0,0.0,0,
TXN04-01285,4,2026-06-04 11:41:54,48721.79,Hotels,40019,Bank Transfer,DEV-04-9,iPhone,Mumbai,11,3,0,7.48,20,22394.85,13384.99,21,11,1084,0,0,0,0.0,0,
TXN04-01286,4,2026-06-04 11:43:00,30002.68,Fuel,40020,Card,DEV-04-2,iPhone,Mumbai,11,3,0,1.1,21,22454.41,13428.23,20,322,1085,0,0,0,0.0,0,
TXN04-01287,4,2026-06-04 11:47:11,50000.0,Fuel,40037,Card,DEV-04-10,Web,Mumbai,11,3,0,4.18,22,22471.45,13417.84,6,5,1086,0,0,0,0.0,0,
TXN04-01288,4,2026-06-04 11:52:52,43538.51,Fuel,40023,UPI,DEV-04-2,iPhone,Mumbai,11,3,0,5.68,23,22533.45,13466.11,16,323,1087,0,0,0,0.0,0,
TXN04-01289,4,2026-06-04 11:54:50,22028.46,Suppliers,40018,Card,DEV-04-1,iPhone,Mumbai,11,3,0,1.97,24,22580.65,13487.69,25,450,1088,0,0,0,0.0,0,
TXN04-01290,4,2026-06-04 11:59:58,34675.85,Suppliers,40003,Card,DEV-04-4,Android,Mumbai,11,3,0,5.13,25,22579.41,13472.59,120,126,1089,0,0,0,0.0,0,
TXN04-01291,4,2026-06-04 12:00:47,26277.89,Suppliers,40003,UPI,DEV-04-2,iPhone,Mumbai,12,3,0,0.82,26,22606.48,13469.64,121,324,1090,0,0,0,0.0,0,
TXN04-01292,4,2026-06-04 12:38:48,13441.27,Suppliers,40003,UPI,DEV-04-2,iPhone,Mumbai,12,3,0,38.02,27,22620.9,13447.75,122,325,1091,0,0,0,0.0,0,
TXN04-01293,4,2026-06-04 13:02:29,11568.87,Suppliers,40015,Card,DEV-04-8,Android,Mumbai,13,3,0,23.68,28,22617.36,13449.96,28,22,1092,0,0,0,0.0,0,
TXN04-01294,4,2026-06-04 13:42:52,27285.32,Suppliers,40059,UPI,DEV-04-5,iPhone,Mumbai,13,3,0,40.38,29,22684.03,13470.7,4,78,1093,0,0,0,0.0,0,
TXN04-01295,4,2026-06-04 13:43:39,30164.64,Suppliers,40022,Card,DEV-04-7,iPhone,Pune,13,3,0,0.78,30,22694.42,13457.26,18,35,85,0,0,0,120.15,0,
TXN04-01296,4,2026-06-04 13:52:33,12851.08,Suppliers,40022,Card,DEV-04-2,iPhone,Mumbai,13,3,0,8.9,31,22711.25,13446.76,19,326,1094,0,0,0,120.15,0,
TXN04-01297,4,2026-06-04 14:27:34,21492.37,Fuel,40043,UPI,DEV-04-1,iPhone,Mumbai,14,3,0,35.02,32,22689.09,13439.75,9,451,1095,0,0,0,0.0,0,
TXN04-01298,4,2026-06-04 14:38:46,33965.29,Hotels,40057,Card,DEV-04-1,iPhone,Mumbai,14,3,0,11.2,33,22686.41,13424.8,3,452,1096,0,0,0,0.0,0,
TXN04-01299,4,2026-06-04 14:56:09,17908.06,Hotels,40001,UPI,DEV-04-1,iPhone,Mumbai,14,3,0,17.38,34,22756.77,13401.47,120,453,1097,0,0,0,0.0,0,
TXN04-01300,4,2026-06-04 15:03:34,9979.63,Suppliers,40003,Card,DEV-04-10,Web,Mumbai,15,3,0,7.42,35,22745.92,13388.43,123,6,1098,0,0,0,0.0,0,
TXN04-01301,4,2026-06-04 15:15:30,27936.72,Hotels,40001,UPI,DEV-04-6,Web,Pune,15,3,0,11.93,36,22536.32,13293.21,121,45,86,0,0,0,120.15,0,
TXN04-01302,4,2026-06-04 15:22:49,31241.45,Fuel,40021,Card,DEV-04-3,iPhone,Mumbai,15,3,0,7.32,37,22548.49,13280.7,20,186,1099,0,0,0,120.15,0,
TXN04-01303,4,2026-06-04 15:32:00,32080.39,Fuel,40026,Card,DEV-04-1,iPhone,Mumbai,15,3,0,9.18,38,22568.02,13272.16,10,454,1100,0,0,0,0.0,0,
TXN04-01304,4,2026-06-04 15:43:50,5636.51,Overseas Merchant,946425,Card,DEV-04-1,iPhone,Unknown Country,15,3,0,11.83,39,22593.73,13279.48,1,455,4,0,0,1,8211.14,1,foreign_merchant
TXN04-01305,4,2026-06-04 16:03:55,16975.12,Suppliers,40034,UPI,DEV-04-1,iPhone,Mumbai,16,3,0,20.08,40,22494.03,13239.82,21,456,1101,0,0,0,8211.14,0,
TXN04-01306,4,2026-06-04 16:08:09,8541.98,Fuel,40068,Card,DEV-04-4,Android,Pune,16,3,0,4.23,41,22481.66,13227.55,2,127,87,0,0,0,120.15,0,
TXN04-01307,4,2026-06-04 16:29:53,7116.0,Fuel,40020,Card,DEV-04-1,iPhone,Mumbai,16,3,0,21.73,42,22483.51,13225.54,21,457,1102,0,0,0,120.15,0,
TXN04-01308,4,2026-06-04 16:54:37,50000.0,Suppliers,40018,Card,DEV-04-3,iPhone,Mumbai,16,3,0,24.73,43,22435.62,13242.42,26,187,1103,0,0,0,0.0,0,
TXN04-01309,4,2026-06-04 17:02:38,34663.09,Suppliers,40018,Card,DEV-04-4,Android,Mumbai,17,3,0,8.02,44,22497.28,13291.55,27,128,1104,0,0,0,0.0,0,
TXN04-01310,4,2026-06-04 17:12:10,11683.38,Office,40005,UPI,DEV-04-3,iPhone,Mumbai,17,3,0,9.53,45,22524.44,13289.12,84,188,1105,0,0,0,0.0,0,
TXN04-01311,4,2026-06-04 17:15:51,19694.05,Suppliers,40011,Bank Transfer,DEV-04-1,iPhone,Mumbai,17,3,0,3.68,46,22500.29,13284.15,35,458,1106,0,0,0,0.0,0,
TXN04-01312,4,2026-06-04 17:17:26,9624.39,Fuel,40009,Card,DEV-04-3,iPhone,Mumbai,17,3,0,1.58,47,22494.06,13270.04,53,189,1107,0,0,0,0.0,0,
TXN04-01313,4,2026-06-04 17:19:43,24928.57,Fuel,40043,UPI,DEV-04-1,iPhone,Delhi,17,3,0,2.28,48,22465.52,13269.13,10,459,96,0,0,0,1153.24,0,
TXN04-01314,4,2026-06-04 17:34:01,14174.22,Office,40049,Bank Transfer,DEV-04-2,iPhone,Mumbai,17,3,0,14.3,49,22470.97,13254.95,4,327,1108,0,0,0,1153.24,0,
TXN04-01315,4,2026-06-04 17:41:12,14886.25,Office,40028,Bank Transfer,DEV-04-1,iPhone,Mumbai,17,3,0,7.18,50,22490.18,13236.6,21,460,1109,0,0,0,0.0,0,
TXN04-01316,4,2026-06-04 17:42:37,14679.3,Suppliers,40059,Bank Transfer,DEV-04-4,Android,Mumbai,17,3,0,1.42,51,22473.4,13226.8,5,129,1110,0,0,0,0.0,0,
TXN04-01317,4,2026-06-04 18:43:41,27971.43,Fuel,40002,Bank Transfer,DEV-04-9,iPhone,Mumbai,18,3,0,61.07,52,22439.63,13236.84,83,12,1111,0,0,0,0.0,0,
TXN04-01318,4,2026-06-04 18:52:36,12645.07,Hotels,40069,Card,DEV-04-3,iPhone,Mumbai,18,3,0,8.92,53,22451.95,13224.66,1,190,1112,0,0,1,0.0,0,
TXN04-01319,4,2026-06-04 19:05:39,20917.64,Suppliers,40035,UPI,DEV-04-1,iPhone,Mumbai,19,3,0,13.05,54,22430.15,13218.03,17,461,1113,0,0,0,0.0,0,
TXN04-01320,4,2026-06-04 19:37:54,30880.0,Suppliers,40024,UPI,DEV-04-4,Android,Pune,19,3,0,32.25,55,22428.57,13218.16,15,130,88,0,0,0,120.15,0,
TXN04-01321,4,2026-06-04 19:47:11,13240.15,Office,40031,Card,DEV-04-2,iPhone,Mumbai,19,3,0,9.28,56,22417.74,13227.28,12,328,1114,0,0,0,120.15,0,
TXN04-01322,4,2026-06-04 19:51:30,5590.12,Fuel,40012,Card,DEV-04-4,Android,Mumbai,19,3,0,4.32,57,22397.35,13219.64,20,131,1115,0,0,0,0.0,0,
TXN04-01323,4,2026-06-04 20:48:38,28810.8,Office,40032,Card,DEV-04-1,iPhone,Mumbai,20,3,0,57.13,58,22328.5,13243.05,13,462,1116,0,0,0,0.0,0,
TXN04-01324,4,2026-06-04 20:53:39,30714.14,Suppliers,40003,Bank Transfer,DEV-04-1,iPhone,Mumbai,20,3,0,5.02,59,22342.91,13231.85,124,463,1117,0,0,0,0.0,0,
TXN04-01325,4,2026-06-05 08:29:49,12110.56,Office,40040,Card,DEV-04-1,iPhone,Mumbai,8,4,0,696.17,1,22326.46,13210.34,6,464,1118,0,0,0,0.0,0,
TXN04-01326,4,2026-06-05 08:31:12,28039.72,Office,40005,Card,DEV-04-4,Android,Mumbai,8,4,0,1.38,2,22303.65,13204.39,85,132,1119,0,0,0,0.0,0,
TXN04-01327,4,2026-06-05 08:56:10,23535.11,Suppliers,40004,Bank Transfer,DEV-04-4,Android,Mumbai,8,4,0,24.97,3,22261.41,13155.62,47,133,1120,0,0,0,0.0,0,
TXN04-01328,4,2026-06-05 09:06:07,25598.37,Fuel,40063,Bank Transfer,DEV-04-2,iPhone,Mumbai,9,4,0,9.95,4,22264.25,13141.1,3,329,1121,0,0,0,0.0,0,
TXN04-01329,4,2026-06-05 09:14:24,22972.55,Hotels,40042,Card,DEV-04-5,iPhone,Mumbai,9,4,0,8.28,5,22271.66,13127.43,7,79,1122,0,0,0,0.0,0,
TXN04-01330,4,2026-06-05 09:23:04,16583.29,Suppliers,40034,Bank Transfer,DEV-04-1,iPhone,Mumbai,9,4,0,8.67,6,22295.22,13137.73,22,465,1123,0,0,0,0.0,0,
TXN04-01331,4,2026-06-05 09:27:14,13496.66,Fuel,40002,Card,DEV-04-7,iPhone,Mumbai,9,4,0,4.17,7,22282.53,13125.88,84,36,1124,0,0,0,0.0,0,
TXN04-01332,4,2026-06-05 09:48:08,40157.73,Suppliers,40011,Card,DEV-04-4,Android,Mumbai,9,4,0,20.9,8,22278.65,13128.21,36,134,1125,0,0,0,0.0,0,
TXN04-01333,4,2026-06-05 09:56:31,25546.6,Hotels,40070,Card,DEV-04-4,Android,Mumbai,9,4,0,8.38,9,22256.78,13090.16,1,135,1126,0,0,1,0.0,0,
TXN04-01334,4,2026-06-05 10:08:29,12287.35,Fuel,40021,UPI,DEV-04-1,iPhone,Pune,10,4,0,11.97,10,22264.07,13076.55,21,466,89,0,0,0,120.15,0,
TXN04-01335,4,2026-06-05 10:34:59,26151.05,Fuel,40002,Card,DEV-04-1,iPhone,Mumbai,10,4,0,26.5,11,22271.36,13078.46,85,467,1127,0,0,0,120.15,0,
TXN04-01336,4,2026-06-05 11:10:47,13450.48,Office,40005,UPI,DEV-04-4,Android,Mumbai,11,4,0,35.8,12,22391.91,13035.95,86,136,1128,0,0,0,0.0,0,
TXN04-01337,4,2026-06-05 11:11:43,7702.66,Office,40005,UPI,DEV-04-4,Android,Mumbai,11,4,0,0.93,13,22371.96,13028.23,87,137,1129,0,0,0,0.0,0,
TXN04-01338,4,2026-06-05 11:38:34,48286.33,Hotels,40006,Bank Transfer,DEV-04-6,Web,Delhi,11,4,0,26.85,14,22363.3,13036.68,53,46,97,0,0,0,1153.24,0,
TXN04-01339,4,2026-06-05 11:47:15,20325.41,Suppliers,40003,Bank Transfer,DEV-04-8,Android,Mumbai,11,4,0,8.68,15,22408.42,13091.23,125,23,1130,0,0,0,1153.24,0,
TXN04-01340,4,2026-06-05 11:54:18,17316.28,Hotels,40014,Card,DEV-04-1,iPhone,Mumbai,11,4,0,7.05,16,22432.34,13090.79,13,468,1131,0,0,0,0.0,0,
TXN04-01341,4,2026-06-05 12:50:00,3047.12,Office,40005,UPI,DEV-04-2,iPhone,Delhi,12,4,0,55.7,17,22336.43,13039.81,88,330,98,0,0,0,1153.24,0,
TXN04-01342,4,2026-06-05 13:00:05,16503.44,Hotels,40066,Card,DEV-04-5,iPhone,Mumbai,13,4,0,10.08,18,22292.99,13057.18,2,80,1132,0,0,0,1153.24,0,
TXN04-01343,4,2026-06-05 13:08:33,30992.08,Hotels,40007,UPI,DEV-04-2,iPhone,Mumbai,13,4,0,8.47,19,22239.38,13019.26,34,331,1133,0,0,0,0.0,0,
TXN04-01344,4,2026-06-05 13:11:35,28542.63,Hotels,40001,Bank Transfer,DEV-04-1,iPhone,Mumbai,13,4,0,3.03,20,22259.09,13011.21,122,469,1134,0,0,0,0.0,0,
TXN04-01345,4,2026-06-05 13:57:00,17511.3,Suppliers,40003,UPI,DEV-04-3,iPhone,Delhi,13,4,0,45.42,21,22233.03,12959.8,126,191,99,0,0,0,1153.24,0,
TXN04-01346,4,2026-06-05 14:52:08,39344.87,Fuel,40002,Bank Transfer,DEV-04-5,iPhone,Mumbai,14,4,0,55.13,22,22248.43,12939.18,86,81,1135,0,0,0,1153.24,0,
TXN04-01347,4,2026-06-05 15:02:28,7107.6,Suppliers,40015,Card,DEV-04-1,iPhone,Mumbai,15,4,0,10.33,23,22239.75,12926.43,29,470,1136,0,0,0,0.0,0,
TXN04-01348,4,2026-06-05 15:15:14,26604.4,Suppliers,40004,Bank Transfer,DEV-04-2,iPhone,Mumbai,15,4,0,12.77,24,22236.35,12930.22,48,332,1137,0,0,0,0.0,0,
TXN04-01349,4,2026-06-05 15:25:04,15571.91,Suppliers,40024,UPI,DEV-04-2,iPhone,Delhi,15,4,0,9.83,25,22246.25,12917.22,16,333,100,0,0,0,1153.24,0,
TXN04-01350,4,2026-06-05 18:09:45,23872.08,Suppliers,40003,Bank Transfer,DEV-04-8,Android,Pune,18,4,0,164.68,26,22261.98,12888.11,127,24,90,0,0,0,1179.48,0,
TXN04-01351,4,2026-06-05 18:10:00,50000.0,Office,40005,Card,DEV-04-7,iPhone,Mumbai,18,4,0,0.25,27,22265.67,12873.55,89,37,1138,0,0,0,120.15,0,
TXN04-01352,4,2026-06-05 18:24:16,8961.04,Office,40017,Card,DEV-04-1,iPhone,Mumbai,18,4,0,14.27,28,22346.02,12936.92,21,471,1139,0,0,0,0.0,0,
TXN04-01353,4,2026-06-05 19:24:32,22830.82,Suppliers,40003,Bank Transfer,DEV-04-1,iPhone,Mumbai,19,4,0,60.27,29,22342.86,12985.95,128,472,1140,0,0,0,0.0,0,
TXN04-01354,4,2026-06-05 19:42:12,36520.22,Suppliers,40004,Card,DEV-04-1,iPhone,Mumbai,19,4,0,17.67,30,22343.99,12970.93,49,473,1141,0,0,0,0.0,0,
TXN04-01355,4,2026-06-05 19:54:38,26294.75,Hotels,40001,Card,DEV-04-5,iPhone,Mumbai,19,4,0,12.43,31,22376.73,12973.8,123,82,1142,0,0,0,0.0,0,
TXN04-01356,4,2026-06-05 20:37:57,20847.86,Office,40008,Card,DEV-04-3,iPhone,Mumbai,20,4,0,43.32,32,22351.4,12930.4,38,192,1143,0,0,0,0.0,0,
TXN04-01357,4,2026-06-05 23:41:45,26000.0,Suppliers,40001,Card,DEV-UNK-7400,Android,Mumbai,23,4,0,183.8,33,22360.26,12928.06,124,1,1144,1,0,0,0.0,1,unknown_device
TXN04-01358,4,2026-06-06 08:13:52,33138.31,Suppliers,40055,UPI,DEV-04-1,iPhone,Mumbai,8,5,1,512.12,1,22345.94,12920.61,6,474,1145,0,0,0,0.0,0,
TXN04-01359,4,2026-06-06 08:20:54,14680.48,Fuel,40002,Bank Transfer,DEV-04-1,iPhone,Mumbai,8,5,1,7.03,2,22388.13,12926.16,87,475,1146,0,0,0,0.0,0,
TXN04-01360,4,2026-06-06 08:28:30,11499.51,Suppliers,40004,Card,DEV-04-1,iPhone,Delhi,8,5,1,7.6,3,22398.1,12918.55,50,476,101,0,0,0,1153.24,0,
TXN04-01361,4,2026-06-06 08:29:28,10529.18,Fuel,40009,Card,DEV-04-6,Web,Mumbai,8,5,1,0.97,4,22372.82,12914.21,54,47,1147,0,0,0,1153.24,0,
TXN04-01362,4,2026-06-06 08:52:47,15172.62,Fuel,40063,UPI,DEV-04-2,iPhone,Pune,8,5,1,23.32,5,22254.84,12815.19,4,334,91,0,0,0,120.15,0,
TXN04-01363,4,2026-06-06 08:59:59,24252.46,Hotels,40007,Card,DEV-04-4,Android,Mumbai,8,5,1,7.2,6,22238.37,12804.82,35,138,1148,0,0,0,120.15,0,
TXN04-01364,4,2026-06-06 09:00:47,35193.27,Office,40032,Card,DEV-04-3,iPhone,Mumbai,9,5,1,0.8,7,22243.04,12790.32,14,193,1149,0,0,0,0.0,0,
TXN04-01365,4,2026-06-06 09:06:41,22396.0,Suppliers,40003,Card,DEV-04-1,iPhone,Mumbai,9,5,1,5.9,8,22285.95,12802.67,129,477,1150,0,0,0,0.0,0,
TXN04-01366,4,2026-06-06 09:09:42,50000.0,Hotels,40056,Card,DEV-04-4,Android,Mumbai,9,5,1,3.02,9,22294.52,12801.51,4,139,1151,0,0,0,0.0,0,
TXN04-01367,4,2026-06-06 09:10:40,17424.78,Office,40044,Bank Transfer,DEV-04-1,iPhone,Mumbai,9,5,1,0.97,10,22358.66,12855.81,9,478,1152,0,0,0,0.0,0,
TXN04-01368,4,2026-06-06 09:27:04,40292.23,Hotels,40006,Card,DEV-04-8,Android,Delhi,9,5,1,16.4,11,22265.26,12809.38,54,25,102,0,0,0,1153.24,0,
TXN04-01369,4,2026-06-06 09:31:29,9783.89,Suppliers,40003,Bank Transfer,DEV-04-3,iPhone,Mumbai,9,5,1,4.42,12,22307.18,12823.91,130,194,1153,0,0,0,1153.24,0,
TXN04-01370,4,2026-06-06 09:33:43,6380.32,Hotels,40001,UPI,DEV-04-11,Android,Mumbai,9,5,1,2.23,13,22278.13,12823.18,125,1,1154,1,0,0,0.0,0,
TXN04-01371,4,2026-06-06 09:50:19,12706.28,Fuel,40043,Card,DEV-04-2,iPhone,Mumbai,9,5,1,16.6,14,22228.35,12799.26,11,335,1155,0,0,0,0.0,0,
TXN04-01372,4,2026-06-06 10:17:14,34380.18,Fuel,40002,UPI,DEV-04-5,iPhone,Delhi,10,5,1,26.92,15,22206.4,12807.82,88,83,103,0,0,0,1153.24,0,
TXN04-01373,4,2026-06-06 10:26:11,8701.23,Office,40017,UPI,DEV-04-1,iPhone,Mumbai,10,5,1,8.95,16,22213.83,12813.95,22,479,1156,0,0,0,1153.24,0,
TXN04-01374,4,2026-06-06 10:36:13,12916.92,Office,40040,UPI,DEV-04-2,iPhone,Mumbai,10,5,1,10.03,17,22182.33,12815.59,7,336,1157,0,0,0,0.0,0,
TXN04-01375,4,2026-06-06 10:44:27,30934.45,Office,40028,Card,DEV-04-1,iPhone,Mumbai,10,5,1,8.23,18,22160.78,12808.45,22,480,1158,0,0,0,0.0,0,
TXN04-01376,4,2026-06-06 10:48:05,6751.23,Office,40008,Card,DEV-04-4,Android,Mumbai,10,5,1,3.63,19,22181.14,12800.55,39,140,1159,0,0,0,0.0,0,
TXN04-01377,4,2026-06-06 11:02:38,18707.6,Hotels,40007,Card,DEV-04-3,iPhone,Mumbai,11,5,1,14.55,20,22146.8,12779.71,36,195,1160,0,0,0,0.0,0,
TXN04-01378,4,2026-06-06 11:13:54,22674.53,Suppliers,40003,Bank Transfer,DEV-04-3,iPhone,Mumbai,11,5,1,11.27,21,22223.79,12762.49,131,196,1161,0,0,0,0.0,0,
TXN04-01379,4,2026-06-06 11:28:47,5495.2,Hotels,40069,UPI,DEV-04-3,iPhone,Mumbai,11,5,1,14.88,22,22194.24,12686.55,2,197,1162,0,0,0,0.0,0,
TXN04-01380,4,2026-06-06 11:41:37,26119.36,Office,40005,Card,DEV-04-6,Web,Mumbai,11,5,1,12.83,23,22155.23,12697.34,90,48,1163,0,0,0,0.0,0,
TXN04-01381,4,2026-06-06 12:04:35,15514.87,Suppliers,40064,Card,DEV-04-1,iPhone,Mumbai,12,5,1,22.97,24,22220.74,12686.21,4,481,1164,0,0,0,0.0,0,
TXN04-01382,4,2026-06-06 12:08:10,18843.04,Hotels,40006,Card,DEV-04-2,iPhone,Mumbai,12,5,1,3.58,25,22210.72,12689.82,55,337,1165,0,0,0,0.0,0,
TXN04-01383,4,2026-06-06 12:12:55,34022.1,Hotels,40051,Card,DEV-04-5,iPhone,Mumbai,12,5,1,4.75,26,22202.85,12676.03,5,84,1166,0,0,0,0.0,0,
TXN04-01384,4,2026-06-06 13:05:20,7517.4,Suppliers,40004,Bank Transfer,DEV-04-5,iPhone,Mumbai,13,5,1,52.42,27,22159.59,12631.67,51,85,1167,0,0,0,0.0,0,
TXN04-01385,4,2026-06-06 13:05:38,50000.0,Office,40017,Card,DEV-04-2,iPhone,Pune,13,5,1,0.3,28,22125.38,12636.7,23,338,92,0,0,0,120.15,0,
TXN04-01386,4,2026-06-06 13:07:02,25950.09,Hotels,40006,Bank Transfer,DEV-04-5,iPhone,Mumbai,13,5,1,1.4,29,22166.14,12698.25,56,86,1168,0,0,0,120.15,0,
TXN04-01387,4,2026-06-06 13:26:43,33457.96,Suppliers,40022,Card,DEV-04-9,iPhone,Mumbai,13,5,1,19.68,30,22223.83,12685.4,20,13,1169,0,0,0,0.0,0,
TXN04-01388,4,2026-06-06 13:42:15,14679.27,Suppliers,40011,Bank Transfer,DEV-04-3,iPhone,Mumbai,13,5,1,15.53,31,22250.07,12682.18,37,198,1170,0,0,0,0.0,0,
TXN04-01389,4,2026-06-06 14:16:14,37251.09,Hotels,40006,Card,DEV-04-1,iPhone,Mumbai,14,5,1,33.98,32,22250.08,12710.17,57,482,1171,0,0,0,0.0,0,
TXN04-01390,4,2026-06-06 14:33:59,8489.93,Suppliers,40011,Card,DEV-04-1,iPhone,Mumbai,14,5,1,17.75,33,22285.38,12716.0,38,483,1172,0,0,0,0.0,0,
TXN04-01391,4,2026-06-06 14:44:21,29408.98,Hotels,40050,UPI,DEV-04-4,Android,Mumbai,14,5,1,10.37,34,22281.64,12719.82,8,141,1173,0,0,0,0.0,0,
TXN04-01392,4,2026-06-06 14:48:23,26699.87,Hotels,40066,Bank Transfer,DEV-04-1,iPhone,Mumbai,14,5,1,4.03,35,22298.37,12709.56,3,484,1174,0,0,0,0.0,0,
TXN04-01393,4,2026-06-06 15:03:27,7217.89,Hotels,40019,Card,DEV-04-5,iPhone,Mumbai,15,5,1,15.07,36,22292.98,12707.2,22,87,1175,0,0,0,0.0,0,
TXN04-01394,4,2026-06-06 15:12:10,50000.0,Office,40008,UPI,DEV-04-10,Web,Mumbai,15,5,1,8.72,37,22257.67,12713.22,40,7,1176,0,0,0,0.0,0,
TXN04-01395,4,2026-06-06 15:51:31,24439.67,Suppliers,40004,Card,DEV-04-3,iPhone,Mumbai,15,5,1,39.35,38,22352.27,12768.89,52,199,1177,0,0,0,0.0,0,
TXN04-01396,4,2026-06-06 15:56:14,14430.93,Hotels,40007,Card,DEV-04-2,iPhone,Mumbai,15,5,1,4.72,39,22311.63,12734.53,37,339,1178,0,0,0,0.0,0,
TXN04-01397,4,2026-06-06 16:10:41,7065.09,Office,40031,Card,DEV-04-1,iPhone,Delhi,16,5,1,14.45,40,22293.22,12725.33,13,485,104,0,0,0,1153.24,0,
TXN04-01398,4,2026-06-06 16:21:17,24049.87,Office,40005,Card,DEV-04-1,iPhone,Mumbai,16,5,1,10.6,41,22273.5,12742.36,91,486,1179,0,0,0,1153.24,0,
TXN04-01399,4,2026-06-06 16:27:10,21457.95,Fuel,40002,UPI,DEV-UNK-2997,iPhone,Mumbai,16,5,1,5.88,42,22300.61,12733.77,89,1,1180,1,0,0,0.0,1,ato_new_device
TXN04-01400,4,2026-06-06 16:35:31,39026.92,Hotels,40010,Bank Transfer,DEV-04-3,iPhone,Mumbai,16,5,1,8.35,43,22269.03,12741.35,39,200,1181,0,0,0,0.0,0,
TXN04-01401,4,2026-06-06 16:54:25,17655.47,Suppliers,40011,Card,DEV-04-1,iPhone,Mumbai,16,5,1,18.9,44,22276.23,12767.94,39,487,1182,0,0,0,0.0,0,
TXN04-01402,4,2026-06-06 17:00:44,27375.03,Suppliers,40011,Bank Transfer,DEV-04-1,iPhone,Mumbai,17,5,1,6.32,45,22305.57,12742.94,40,488,1183,0,0,0,0.0,0,
TXN04-01403,4,2026-06-06 17:15:31,27634.1,Hotels,40071,Card,DEV-04-2,iPhone,Mumbai,17,5,1,14.78,46,22274.8,12714.83,1,340,1184,0,0,1,0.0,0,
TXN04-01404,4,2026-06-06 17:16:05,30475.02,Office,40008,Card,DEV-04-1,iPhone,Mumbai,17,5,1,0.57,47,22287.38,12702.54,41,489,1185,0,0,0,0.0,0,
TXN04-01405,4,2026-06-06 17:16:25,28671.33,Suppliers,40003,Bank Transfer,DEV-04-3,iPhone,Mumbai,17,5,1,0.33,48,22306.55,12693.83,132,201,1186,0,0,0,0.0,0,
TXN04-01406,4,2026-06-06 17:23:49,28845.48,Suppliers,40003,Card,DEV-04-7,iPhone,Mumbai,17,5,1,7.4,49,22321.42,12682.71,133,38,1187,0,0,0,0.0,0,
TXN04-01407,4,2026-06-06 17:25:14,24689.39,Suppliers,40011,Card,DEV-04-5,iPhone,Mumbai,17,5,1,1.42,50,22336.63,12671.83,41,88,1188,0,0,0,0.0,0,
TXN04-01408,4,2026-06-06 17:27:09,41121.36,Bank Transfer,40001,Bank Transfer,DEV-04-1,iPhone,Mumbai,17,5,1,1.92,51,22371.74,12657.43,126,490,1189,0,0,0,0.0,1,rapid_repeated_transfers
TXN04-01409,4,2026-06-06 17:29:09,31495.52,Bank Transfer,40001,Bank Transfer,DEV-04-1,iPhone,Mumbai,17,5,1,2.0,52,22415.34,12674.92,127,491,1190,0,0,0,0.0,1,rapid_repeated_transfers
TXN04-01410,4,2026-06-06 17:30:09,43801.35,Bank Transfer,40001,Bank Transfer,DEV-04-1,iPhone,Mumbai,17,5,1,1.0,53,22436.41,12667.74,128,492,1191,0,0,0,0.0,1,rapid_repeated_transfers
TXN04-01411,4,2026-06-06 17:32:51,50000.0,Fuel,40002,Card,DEV-04-2,iPhone,Mumbai,17,5,1,2.7,54,22485.87,12694.66,90,341,1192,0,0,0,0.0,0,
TXN04-01412,4,2026-06-06 17:37:18,13454.52,Fuel,40012,Card,DEV-04-3,iPhone,Delhi,17,5,1,4.45,55,22549.24,12763.33,21,202,105,0,0,0,1153.24,0,
TXN04-01413,4,2026-06-06 17:37:30,4391.34,Fuel,40037,UPI,DEV-04-1,iPhone,Mumbai,17,5,1,0.2,56,22528.24,12756.06,7,493,1193,0,0,0,1153.24,0,
TXN04-01414,4,2026-06-06 17:42:29,6323.14,Suppliers,40038,Bank Transfer,DEV-04-1,iPhone,Delhi,17,5,1,4.98,57,22483.06,12785.54,10,494,106,0,0,0,1153.24,0,
TXN04-01415,4,2026-06-06 17:51:55,22120.04,Hotels,40006,Card,DEV-04-1,iPhone,Mumbai,17,5,1,9.43,58,22483.1,12785.48,58,495,1194,0,0,0,1153.24,0,
TXN04-01416,4,2026-06-06 18:19:46,18598.37,Suppliers,40011,Card,DEV-04-1,iPhone,Delhi,18,5,1,27.85,59,22586.1,12782.7,42,496,107,0,0,0,1153.24,0,
TXN04-01417,4,2026-06-06 18:21:22,6105.37,Office,40031,UPI,DEV-04-2,iPhone,Mumbai,18,5,1,1.6,60,22576.85,12769.31,14,342,1195,0,0,0,1153.24,0,
TXN04-01418,4,2026-06-06 18:32:10,46073.32,Office,40005,Card,DEV-04-4,Android,Mumbai,18,5,1,10.8,61,22538.72,12779.06,92,142,1196,0,0,0,0.0,0,
TXN04-01419,4,2026-06-06 18:45:30,31920.93,Fuel,40002,Card,DEV-04-1,iPhone,Mumbai,18,5,1,13.33,62,22657.24,12806.51,91,497,1197,0,0,0,0.0,0,
TXN04-01420,4,2026-06-06 18:48:13,34021.38,Office,40040,Card,DEV-04-1,iPhone,Lucknow,18,5,1,2.72,63,22682.16,12814.06,8,498,5,0,0,0,1194.67,0,
TXN04-01421,4,2026-06-06 19:06:50,11370.6,Hotels,40001,Bank Transfer,DEV-04-3,iPhone,Delhi,19,5,1,18.62,64,22706.01,12837.34,129,203,108,0,0,0,430.84,0,
TXN04-01422,4,2026-06-06 19:09:44,7653.28,Suppliers,40054,Bank Transfer,DEV-04-4,Android,Mumbai,19,5,1,2.9,65,22679.71,12834.03,8,143,1198,0,0,0,1153.24,0,
TXN04-01423,4,2026-06-06 19:43:21,18453.05,Suppliers,40022,Card,DEV-04-4,Android,Delhi,19,5,1,33.62,66,22628.22,12879.84,21,144,109,0,0,0,1153.24,0,
TXN04-01424,4,2026-06-06 19:47:52,20676.59,Suppliers,40003,Card,DEV-04-11,Android,Mumbai,19,5,1,4.52,67,22618.49,12866.39,134,2,1199,0,0,0,1153.24,0,
TXN04-01425,4,2026-06-06 19:50:52,25582.41,Suppliers,40003,UPI,DEV-04-1,iPhone,Mumbai,19,5,1,3.0,68,22613.97,12851.76,135,499,1200,0,0,0,0.0,0,
TXN04-01426,4,2026-06-06 20:05:41,41861.96,Suppliers,40027,Card,DEV-04-10,Web,Mumbai,20,5,1,14.82,69,22718.8,12824.35,16,8,1201,0,0,0,0.0,0,
TXN04-01427,4,2026-06-06 20:06:34,50000.0,Hotels,40001,Card,DEV-04-6,Web,Mumbai,20,5,1,0.88,70,22763.42,12842.62,130,49,1202,0,0,0,0.0,0,
TXN04-01428,4,2026-06-06 20:41:37,15377.84,Fuel,40023,Bank Transfer,DEV-04-2,iPhone,Mumbai,20,5,1,35.05,71,22826.76,12894.59,17,343,1203,0,0,0,0.0,0,
TXN04-01429,4,2026-06-06 20:54:37,17012.34,Office,40016,Card,DEV-04-7,iPhone,Delhi,20,5,1,13.0,72,22746.25,12832.61,28,39,110,0,0,0,1153.24,0,
TXN04-01430,4,2026-06-07 08:17:28,7706.95,Office,40017,Card,DEV-04-3,iPhone,Mumbai,8,6,1,682.85,1,22745.08,12833.11,24,204,1204,0,0,0,1153.24,0,
TXN04-01431,4,2026-06-07 08:25:53,8623.84,Suppliers,40003,Card,DEV-04-4,Android,Mumbai,8,6,1,8.42,2,22710.19,12838.61,136,145,1205,0,0,0,0.0,0,
TXN04-01432,4,2026-06-07 08:44:22,35116.91,Hotels,40019,Bank Transfer,DEV-04-1,iPhone,Pune,8,6,1,18.48,3,22678.22,12823.03,23,500,93,0,0,0,120.15,0,
TXN04-01433,4,2026-06-07 08:44:38,13287.89,Suppliers,40003,Bank Transfer,DEV-04-4,Android,Mumbai,8,6,1,0.27,4,22707.08,12822.12,137,146,1206,0,0,0,120.15,0,
TXN04-01434,4,2026-06-07 08:57:24,18296.5,Fuel,40021,Bank Transfer,DEV-04-6,Web,Mumbai,8,6,1,12.77,5,22637.58,12773.01,22,50,1207,0,0,0,0.0,0,
TXN04-01435,4,2026-06-07 08:57:57,3333.39,Hotels,40007,UPI,DEV-04-1,iPhone,Mumbai,8,6,1,0.55,6,22627.51,12759.89,38,501,1208,0,0,0,0.0,0,
TXN04-01436,4,2026-06-07 09:08:16,4663.48,Office,40008,Card,DEV-04-5,iPhone,Mumbai,9,6,1,10.32,7,22617.17,12773.71,42,89,1209,0,0,0,0.0,0,
TXN04-01437,4,2026-06-07 09:08:22,45687.29,Hotels,40007,Card,DEV-04-1,iPhone,Mumbai,9,6,1,0.1,8,22575.61,12788.05,39,502,1210,0,0,0,0.0,0,
TXN04-01438,4,2026-06-07 09:16:46,13313.66,Fuel,40072,UPI,DEV-04-3,iPhone,Mumbai,9,6,1,8.4,9,22665.02,12814.28,1,205,1211,0,0,1,0.0,0,
TXN04-01439,4,2026-06-07 09:25:10,19973.39,Suppliers,40004,Card,DEV-04-4,Android,Mumbai,9,6,1,8.4,10,22686.0,12791.52,53,147,1212,0,0,0,0.0,0,
TXN04-01440,4,2026-06-07 09:42:45,37459.32,Office,40073,Card,DEV-04-3,iPhone,Mumbai,9,6,1,17.58,11,22732.95,12781.54,1,206,1213,0,0,1,0.0,0,
TXN04-01441,4,2026-06-07 09:47:16,44101.75,Office,40017,Bank Transfer,DEV-04-2,iPhone,Pune,9,6,1,4.52,12,22792.29,12790.4,25,344,94,0,0,0,120.15,0,
TXN04-01442,4,2026-06-07 09:49:08,10832.55,Office,40040,Card,DEV-04-2,iPhone,Mumbai,9,6,1,1.87,13,22841.62,12816.57,9,345,1214,0,0,0,120.15,0,
TXN04-01443,4,2026-06-07 09:49:55,30288.34,Hotels,40030,Card,DEV-04-3,iPhone,Mumbai,9,6,1,0.78,14,22813.88,12814.73,19,207,1215,0,0,0,0.0,0,
TXN04-01444,4,2026-06-07 10:09:08,46948.0,Suppliers,40064,UPI,DEV-04-1,iPhone,Mumbai,10,6,1,19.22,15,22869.51,12814.44,5,503,1216,0,0,0,0.0,0,
TXN04-01445,4,2026-06-07 10:11:12,35539.98,Fuel,40009,Card,DEV-04-1,iPhone,Mumbai,10,6,1,2.07,16,22925.25,12851.8,55,504,1217,0,0,0,0.0,0,
TXN04-01446,4,2026-06-07 10:41:32,49224.99,Hotels,40006,Card,DEV-04-6,Web,Mumbai,10,6,1,30.33,17,22962.14,12865.08,59,51,1218,0,0,0,0.0,0,
TXN04-01447,4,2026-06-07 10:44:17,50000.0,Office,40028,Card,DEV-04-11,Android,Mumbai,10,6,1,2.75,18,23022.79,12911.9,23,3,1219,0,0,0,0.0,0,
TXN04-01448,4,2026-06-07 10:54:27,37395.3,Suppliers,40003,UPI,DEV-04-2,iPhone,Mumbai,10,6,1,10.17,19,23066.09,12970.72,138,346,1220,0,0,0,0.0,0,
TXN04-01449,4,2026-06-07 10:55:53,21074.58,Hotels,40029,UPI,DEV-04-2,iPhone,Mumbai,10,6,1,1.43,20,23099.1,12973.97,22,347,1221,0,0,0,0.0,0,
TXN04-01450,4,2026-06-07 10:56:19,39778.86,Fuel,40012,UPI,DEV-04-3,iPhone,Mumbai,10,6,1,0.43,21,23094.45,12959.42,22,208,1222,0,0,0,0.0,0,
TXN04-01451,4,2026-06-07 11:02:17,32113.68,Fuel,40063,Bank Transfer,DEV-04-2,iPhone,Kolkata,11,6,1,5.97,22,23096.91,12962.48,5,348,4,0,0,0,1654.84,0,
TXN04-01452,4,2026-06-07 11:07:55,9263.47,Suppliers,40003,Card,DEV-04-3,iPhone,Mumbai,11,6,1,5.63,23,23158.58,12941.4,139,209,1223,0,0,0,1654.84,0,
TXN04-01453,4,2026-06-07 11:18:00,20711.35,Hotels,40050,UPI,DEV-04-2,iPhone,Mumbai,11,6,1,10.08,24,23126.71,12943.63,9,349,1224,0,0,0,0.0,0,
TXN04-01454,4,2026-06-07 11:22:03,47201.11,Suppliers,40038,UPI,DEV-04-9,iPhone,Mumbai,11,6,1,4.05,25,23121.19,12929.32,11,14,1225,0,0,0,0.0,0,
TXN04-01455,4,2026-06-07 11:30:17,8600.55,Fuel,40009,Card,DEV-04-2,iPhone,Mumbai,11,6,1,8.23,26,23156.99,12974.21,56,350,1226,0,0,0,0.0,0,
TXN04-01456,4,2026-06-07 11:42:23,18938.08,Fuel,40021,Card,DEV-04-1,iPhone,Mumbai,11,6,1,12.1,27,23094.83,12978.73,23,505,1227,0,0,0,0.0,0,
TXN04-01457,4,2026-06-07 11:46:30,20137.16,Fuel,40037,Card,DEV-04-4,Android,Surat,11,6,1,4.12,28,23085.34,12965.43,8,148,1,0,1,0,232.92,0,
TXN04-01458,4,2026-06-07 12:08:08,17832.2,Suppliers,40059,Card,DEV-04-8,Android,Mumbai,12,6,1,21.63,29,23078.62,12951.42,6,26,1228,0,0,0,232.92,0,
TXN04-01459,4,2026-06-07 12:10:07,12121.73,Hotels,40013,Bank Transfer,DEV-04-3,iPhone,Mumbai,12,6,1,1.98,30,23066.7,12939.1,24,210,1229,0,0,0,0.0,0,
TXN04-01460,4,2026-06-07 12:20:23,37342.38,Hotels,40001,Card,DEV-04-7,iPhone,Mumbai,12,6,1,10.27,31,23110.51,12923.46,131,40,1230,0,0,0,0.0,0,
TXN04-01461,4,2026-06-07 12:21:54,9024.79,Suppliers,40003,UPI,DEV-04-6,Web,Mumbai,12,6,1,1.52,32,23142.85,12926.54,140,52,1231,0,0,0,0.0,0,
TXN04-01462,4,2026-06-07 12:31:19,21303.48,Fuel,40002,Card,DEV-04-2,iPhone,Mumbai,12,6,1,9.42,33,23134.24,12953.81,92,351,1232,0,0,0,0.0,0,
TXN04-01463,4,2026-06-07 12:33:25,24756.62,Fuel,40002,Bank Transfer,DEV-04-3,iPhone,Mumbai,12,6,1,2.1,34,23159.74,12939.15,93,211,1233,0,0,0,0.0,0,
TXN04-01464,4,2026-06-07 12:37:06,11352.54,Office,40017,Card,DEV-04-2,iPhone,Mumbai,12,6,1,3.68,35,23184.65,12931.67,26,352,1234,0,0,0,0.0,0,
TXN04-01465,4,2026-06-07 12:38:25,26111.12,Suppliers,40105,Bank Transfer,DEV-04-1,iPhone,Delhi,12,6,1,1.32,36,23157.76,12929.25,1,506,111,0,0,1,1153.24,1,ato_short_gap
TXN04-01466,4,2026-06-07 12:45:50,21008.97,Hotels,40006,Card,DEV-04-6,Web,Mumbai,12,6,1,7.42,37,23068.48,12771.95,60,53,1235,0,0,0,1153.24,0,
TXN04-01467,4,2026-06-07 13:04:43,35500.76,Hotels,40069,UPI,DEV-04-6,Web,Mumbai,13,6,1,18.88,38,23063.81,12757.83,3,54,1236,0,0,0,0.0,0,
TXN04-01468,4,2026-06-07 13:11:00,41180.89,Suppliers,40038,UPI,DEV-04-2,iPhone,Mumbai,13,6,1,6.28,39,23030.93,12706.96,12,353,1237,0,0,0,0.0,0,
TXN04-01469,4,2026-06-07 13:11:24,20145.24,Suppliers,40003,Card,DEV-04-7,iPhone,Mumbai,13,6,1,0.4,40,23071.99,12721.83,141,41,1238,0,0,0,0.0,0,
TXN04-01470,4,2026-06-07 13:23:55,6197.85,Office,40073,Card,DEV-04-1,iPhone,Mumbai,13,6,1,12.52,41,23120.86,12700.63,2,507,1239,0,0,0,0.0,0,
TXN04-01471,4,2026-06-07 13:26:48,13561.43,Suppliers,40011,UPI,DEV-04-2,iPhone,Mumbai,13,6,1,2.88,42,23082.57,12711.71,43,354,1240,0,0,0,0.0,0,
TXN04-01472,4,2026-06-07 13:40:10,17326.15,Hotels,40057,Bank Transfer,DEV-04-2,iPhone,Mumbai,13,6,1,13.37,43,23061.08,12705.39,4,355,1241,0,0,0,0.0,0,
TXN04-01473,4,2026-06-07 13:43:19,4674.75,Office,40017,Card,DEV-04-7,iPhone,Mumbai,13,6,1,3.15,44,23082.95,12687.14,27,42,1242,0,0,0,0.0,0,
TXN04-01474,4,2026-06-07 13:47:59,50000.0,Fuel,40021,UPI,DEV-04-3,iPhone,Mumbai,13,6,1,4.67,45,23041.49,12702.86,24,212,1243,0,0,0,0.0,0,
TXN04-01475,4,2026-06-07 13:48:57,21976.13,Fuel,40002,Card,DEV-04-5,iPhone,Mumbai,13,6,1,0.97,46,23102.08,12752.63,94,90,1244,0,0,0,0.0,0,
TXN04-01476,4,2026-06-07 13:54:06,16355.4,Office,40016,Card,DEV-04-3,iPhone,Lucknow,13,6,1,5.15,47,23099.55,12738.43,29,213,6,0,0,0,1194.67,0,
TXN04-01477,4,2026-06-07 13:56:33,3711.56,Hotels,40001,UPI,DEV-04-6,Web,Mumbai,13,6,1,2.45,48,23084.46,12728.16,132,55,1245,0,0,0,1194.67,0,
TXN04-01478,4,2026-06-07 13:58:15,8859.56,Office,40016,Bank Transfer,DEV-04-1,iPhone,Mumbai,13,6,1,1.7,49,23041.22,12746.78,30,508,1246,0,0,0,0.0,0,
TXN04-01479,4,2026-06-07 14:25:35,10449.62,Fuel,40021,Card,DEV-04-3,iPhone,Goa,14,6,1,27.33,50,22966.69,12709.26,25,214,2,0,0,0,440.32,0,
TXN04-01480,4,2026-06-07 14:29:45,21885.5,Suppliers,40011,Card,DEV-04-5,iPhone,Mumbai,14,6,1,4.17,51,23005.77,12733.81,44,91,1247,0,0,0,440.32,0,
TXN04-01481,4,2026-06-07 14:30:24,17455.98,Hotels,40014,Card,DEV-04-8,Android,Mumbai,14,6,1,0.65,52,23003.25,12719.6,14,27,1248,0,0,0,0.0,0,
TXN04-01482,4,2026-06-07 14:30:54,50000.0,Fuel,40063,Bank Transfer,DEV-04-3,iPhone,Mumbai,14,6,1,0.5,53,22990.81,12708.04,6,215,1249,0,0,0,0.0,0,
TXN04-01483,4,2026-06-07 14:42:16,4093.69,Office,40016,Card,DEV-04-1,iPhone,Mumbai,14,6,1,11.37,54,23051.24,12757.8,31,509,1250,0,0,0,0.0,0,
TXN04-01484,4,2026-06-07 15:31:51,3553.09,Fuel,40009,Card,DEV-04-7,iPhone,Mumbai,15,6,1,49.58,55,23086.56,12832.74,57,43,1251,0,0,0,0.0,0,
TXN04-01485,4,2026-06-07 15:51:50,20676.89,Suppliers,40150,Card,DEV-UNK-8989,Web,Mumbai,15,6,1,19.98,56,23078.97,12843.31,1,1,1252,1,0,1,0.0,1,ato_new_device
TXN04-01486,4,2026-06-07 15:52:40,43836.31,Hotels,40025,Card,DEV-04-2,iPhone,Mumbai,15,6,1,0.83,57,23073.54,12829.31,14,356,1253,0,0,0,0.0,0,
TXN04-01487,4,2026-06-07 16:01:43,17162.15,Hotels,40019,UPI,DEV-04-2,iPhone,Mumbai,16,6,1,9.05,58,23120.31,12852.6,24,357,1254,0,0,0,0.0,0,
TXN04-01488,4,2026-06-07 16:04:10,21647.11,Office,40032,Card,DEV-04-2,iPhone,Mumbai,16,6,1,2.45,59,23106.92,12841.25,15,358,1255,0,0,0,0.0,0,
TXN04-01489,4,2026-06-07 16:17:28,24638.46,Suppliers,40064,Bank Transfer,DEV-04-1,iPhone,Delhi,16,6,1,13.3,60,23111.61,12840.33,6,510,112,0,0,0,1153.24,0,
TXN04-01490,4,2026-06-07 16:37:32,15129.14,Fuel,40009,Card,DEV-04-4,Android,Mumbai,16,6,1,20.07,61,23115.04,12826.13,58,149,1256,0,0,0,1153.24,0,
TXN04-01491,4,2026-06-07 16:46:32,8314.11,Office,40005,Card,DEV-04-1,iPhone,Delhi,16,6,1,9.0,62,23097.17,12817.33,93,511,113,0,0,0,1153.24,0,
TXN04-01492,4,2026-06-07 16:47:54,14764.53,Fuel,40047,Card,DEV-04-2,iPhone,Mumbai,16,6,1,1.37,63,23064.17,12822.01,5,359,1257,0,0,0,1153.24,0,
TXN04-01493,4,2026-06-07 16:50:58,25540.98,Hotels,40010,Card,DEV-04-1,iPhone,Mumbai,16,6,1,3.07,64,23045.69,12813.7,40,512,1258,0,0,0,0.0,0,
TXN04-01494,4,2026-06-07 16:53:18,21912.21,Fuel,40043,Card,DEV-04-2,iPhone,Mumbai,16,6,1,2.33,65,23051.23,12799.99,12,360,1259,0,0,0,0.0,0,
TXN04-01495,4,2026-06-07 16:55:05,45070.28,Suppliers,40052,Bank Transfer,DEV-04-6,Web,Mumbai,16,6,1,1.78,66,23048.71,12785.9,8,56,1260,0,0,0,0.0,0,
TXN04-01496,4,2026-06-07 16:59:48,24280.22,Suppliers,40027,Bank Transfer,DEV-04-1,iPhone,Mumbai,16,6,1,4.72,67,23128.16,12811.14,17,513,1261,0,0,0,0.0,0,
TXN04-01497,4,2026-06-07 17:00:51,11605.23,Suppliers,40027,Bank Transfer,DEV-04-5,iPhone,Mumbai,17,6,1,1.05,68,23130.71,12797.08,18,92,1262,0,0,0,0.0,0,
TXN04-01498,4,2026-06-07 17:08:42,46146.66,Overseas Merchant,976205,Card,DEV-04-1,iPhone,Singapore,17,6,1,7.85,69,23105.26,12794.39,1,514,2,0,0,1,3903.78,1,foreign_merchant
TXN04-01499,4,2026-06-07 17:17:49,28954.52,Hotels,40001,Bank Transfer,DEV-04-1,iPhone,Mumbai,17,6,1,9.12,70,23038.79,12775.46,133,515,1263,0,0,0,3903.78,0,
TXN04-01500,4,2026-06-07 17:27:34,16436.67,Fuel,40012,Bank Transfer,DEV-04-1,iPhone,Mumbai,17,6,1,9.75,71,23051.88,12764.35,23,516,1264,0,0,0,0.0,0,
TXN04-01501,4,2026-06-07 17:43:55,21075.76,Hotels,40013,Card,DEV-04-1,iPhone,Mumbai,17,6,1,16.35,72,23037.28,12754.03,25,517,1265,0,0,0,0.0,0,
TXN04-01502,4,2026-06-07 17:43:59,21092.39,Suppliers,40024,Bank Transfer,DEV-04-2,iPhone,Mumbai,17,6,1,0.07,73,23032.96,12740.31,17,361,1266,0,0,0,0.0,0,
TXN04-01503,4,2026-06-07 17:51:27,50000.0,Suppliers,40022,UPI,DEV-04-1,iPhone,Mumbai,17,6,1,7.47,74,23056.43,12726.88,22,518,1267,0,0,0,0.0,0,
TXN04-01504,4,2026-06-07 17:52:31,38505.15,Hotels,40010,UPI,DEV-04-2,iPhone,Mumbai,17,6,1,1.07,75,23115.65,12775.35,41,362,1268,0,0,0,0.0,0,
TXN04-01505,4,2026-06-07 17:57:12,42120.65,Hotels,40001,Bank Transfer,DEV-04-1,iPhone,Mumbai,17,6,1,4.68,76,23202.52,12783.46,134,519,1269,0,0,0,0.0,0,
TXN04-01506,4,2026-06-07 18:27:02,8165.27,Suppliers,40015,Bank Transfer,DEV-04-3,iPhone,Mumbai,18,6,1,29.83,77,23240.17,12819.28,30,216,1270,0,0,0,0.0,0,
TXN04-01507,4,2026-06-07 19:22:46,11228.57,Office,40005,Card,DEV-04-5,iPhone,Mumbai,19,6,1,55.73,78,23199.62,12791.22,94,93,1271,0,0,0,0.0,0,
TXN04-01508,4,2026-06-07 19:30:06,9021.47,Suppliers,40035,Bank Transfer,DEV-04-8,Android,Delhi,19,6,1,7.33,79,23117.42,12743.33,18,28,114,0,0,0,1153.24,0,
TXN04-01509,4,2026-06-07 19:31:40,6738.84,Fuel,40002,UPI,DEV-04-1,iPhone,Mumbai,19,6,1,1.57,80,23085.74,12746.5,95,520,1272,0,0,0,1153.24,0,
TXN04-01510,4,2026-06-07 19:33:38,23778.32,Hotels,40001,Card,DEV-04-1,iPhone,Mumbai,19,6,1,1.97,81,23072.15,12760.69,135,521,1273,0,0,0,0.0,0,
TXN04-01511,4,2026-06-07 19:41:58,13041.35,Hotels,40010,Card,DEV-04-8,Android,Delhi,19,6,1,8.33,82,23073.73,12746.42,42,29,115,0,0,0,1153.24,0,
TXN04-01512,4,2026-06-07 19:50:00,14828.35,Hotels,40074,UPI,DEV-04-3,iPhone,Mumbai,19,6,1,8.03,83,23051.29,12740.97,1,217,1274,0,0,1,1153.24,0,
TXN04-01513,4,2026-06-07 20:21:47,8139.2,Hotels,40001,UPI,DEV-04-1,iPhone,Delhi,20,6,1,31.78,84,23034.88,12774.16,136,522,116,0,0,0,1153.24,0,
TXN04-01514,4,2026-06-07 20:37:59,24335.26,Office,40005,Card,DEV-04-5,iPhone,Mumbai,20,6,1,16.2,85,23021.39,12786.72,95,94,1275,0,0,0,1153.24,0,
TXN04-01515,4,2026-06-07 20:56:20,36729.89,Hotels,40006,UPI,DEV-04-1,iPhone,Mumbai,20,6,1,18.35,86,23031.36,12786.02,61,523,1276,0,0,0,0.0,0,
TXN04-01516,4,2026-06-07 22:55:27,13684.65,Suppliers,40011,Bank Transfer,DEV-04-1,iPhone,Pune,22,6,1,119.12,87,23067.8,12801.99,45,524,95,0,0,0,120.15,1,ato_odd_hour_higher_amount
TXN04-01517,4,2026-06-07 23:42:23,12015.41,Hotels,40010,UPI,DEV-04-3,iPhone,Mumbai,23,6,1,46.93,88,23046.67,12795.3,43,218,1277,0,0,0,120.15,1,ato_odd_hour_higher_amount
TXN04-01518,4,2026-06-08 08:21:56,43000.22,Suppliers,40004,UPI,DEV-04-1,iPhone,Delhi,8,0,0,519.55,1,23026.55,12804.05,54,525,117,0,0,0,1153.24,0,
TXN04-01519,4,2026-06-08 08:24:40,11970.15,Hotels,40001,Card,DEV-04-1,iPhone,Mumbai,8,0,0,2.73,2,23051.87,12832.4,137,526,1278,0,0,0,1153.24,0,
TXN04-01520,4,2026-06-08 08:29:07,16488.68,Fuel,40023,Card,DEV-04-6,Web,Mumbai,8,0,0,4.45,3,23026.91,12828.7,18,57,1279,0,0,0,0.0,0,
TXN04-01521,4,2026-06-08 08:55:26,22140.86,Suppliers,40054,Bank Transfer,DEV-04-1,iPhone,Mumbai,8,0,0,26.32,4,23074.6,12812.7,9,527,1280,0,0,0,0.0,0,
TXN04-01522,4,2026-06-08 09:04:46,11123.72,Hotels,40007,UPI,DEV-04-3,iPhone,Mumbai,9,0,0,9.33,5,23048.56,12802.85,40,219,1281,0,0,0,0.0,0,
TXN04-01523,4,2026-06-08 09:10:25,42205.28,Suppliers,40004,Card,DEV-04-5,iPhone,Mumbai,9,0,0,5.65,6,23021.71,12800.91,55,95,1282,0,0,0,0.0,0,
TXN04-01524,4,2026-06-08 09:47:48,21913.27,Office,40033,Card,DEV-04-2,iPhone,Pune,9,0,0,37.38,7,23117.32,12825.18,13,363,96,0,0,0,120.15,0,
TXN04-01525,4,2026-06-08 10:04:29,8204.99,Suppliers,40004,UPI,DEV-04-1,iPhone,Mumbai,10,0,0,16.68,8,23114.6,12810.83,56,528,1283,0,0,0,120.15,0,
TXN04-01526,4,2026-06-08 10:25:28,27852.69,Hotels,40006,Card,DEV-04-8,Android,Mumbai,10,0,0,20.98,9,23081.02,12815.9,62,30,1284,0,0,0,0.0,0,
TXN04-01527,4,2026-06-08 10:29:54,3021.93,Hotels,40074,Card,DEV-04-1,iPhone,Mumbai,10,0,0,4.43,10,23132.23,12789.4,2,529,1285,0,0,0,0.0,0,
TXN04-01528,4,2026-06-08 10:42:47,19003.72,Suppliers,40045,Card,DEV-04-7,iPhone,Delhi,10,0,0,12.88,11,23099.41,12840.37,11,44,118,0,0,0,1153.24,0,
TXN04-01529,4,2026-06-08 10:54:33,26983.14,Hotels,40006,Bank Transfer,DEV-04-3,iPhone,Mumbai,10,0,0,11.77,12,23090.16,12827.34,63,220,1286,0,0,0,1153.24,0,
TXN04-01530,4,2026-06-08 10:54:51,26395.03,Office,40032,Card,DEV-04-4,Android,Mumbai,10,0,0,0.3,13,23098.93,12814.22,16,150,1287,0,0,0,0.0,0,
TXN04-01531,4,2026-06-08 10:55:16,20088.28,Suppliers,40004,Bank Transfer,DEV-04-5,iPhone,Mumbai,10,0,0,0.42,14,23106.34,12800.76,57,96,1288,0,0,0,0.0,0,
TXN04-01532,4,2026-06-08 11:44:28,33932.41,Suppliers,40011,Card,DEV-04-1,iPhone,Pune,11,0,0,49.2,15,23167.52,12764.23,46,530,97,0,0,0,120.15,0,
TXN04-01533,4,2026-06-08 12:28:26,33649.94,Office,40017,Card,DEV-04-8,Android,Mumbai,12,0,0,43.97,16,23056.64,12751.1,28,31,1289,0,0,0,120.15,0,
TXN04-01534,4,2026-06-08 12:38:14,31139.75,Hotels,40001,UPI,DEV-04-3,iPhone,Mumbai,12,0,0,9.8,17,23080.94,12746.54,138,221,1290,0,0,0,0.0,0,
TXN04-01535,4,2026-06-08 12:39:23,35201.56,Hotels,40001,Card,DEV-04-8,Android,Mumbai,12,0,0,1.15,18,23099.38,12737.77,139,32,1291,0,0,0,0.0,0,
TXN04-01536,4,2026-06-08 13:14:48,26403.79,Suppliers,40038,Card,DEV-04-8,Android,Mumbai,13,0,0,35.42,19,23120.59,12712.3,13,33,1292,0,0,0,0.0,0,
TXN04-01537,4,2026-06-08 13:24:07,15344.39,Suppliers,40015,Card,DEV-04-2,iPhone,Mumbai,13,0,0,9.32,20,23128.14,12698.65,31,364,1293,0,0,0,0.0,0,
TXN04-01538,4,2026-06-08 13:31:49,42666.8,Office,40005,Card,DEV-04-10,Web,Mumbai,13,0,0,7.7,21,23110.28,12689.55,96,9,1294,0,0,0,0.0,0,
TXN04-01539,4,2026-06-08 13:37:28,35482.82,Fuel,40023,Bank Transfer,DEV-04-1,iPhone,Mumbai,13,0,0,5.65,22,23145.96,12722.57,19,531,1295,0,0,0,0.0,0,
TXN04-01540,4,2026-06-08 13:49:34,23555.73,Hotels,40019,Card,DEV-04-1,iPhone,Delhi,13,0,0,12.1,23,23194.44,12729.22,25,532,119,0,0,0,1153.24,0,
TXN04-01541,4,2026-06-08 13:51:59,50000.0,Office,40044,Card,DEV-04-2,iPhone,Mumbai,13,0,0,2.42,24,23195.27,12714.65,10,365,1296,0,0,0,1153.24,0,
TXN04-01542,4,2026-06-08 13:56:40,19241.29,Fuel,40058,Card,DEV-04-1,iPhone,Mumbai,13,0,0,4.68,25,23302.03,12743.37,3,533,1297,0,0,0,0.0,0,
TXN04-01543,4,2026-06-08 13:57:01,22129.06,Suppliers,40011,Card,DEV-04-4,Android,Mumbai,13,0,0,0.35,26,23292.76,12730.29,47,151,1298,0,0,0,0.0,0,
TXN04-01544,4,2026-06-08 14:11:13,22082.55,Fuel,40012,Card,DEV-04-2,iPhone,Pune,14,0,0,14.2,27,23290.11,12715.9,24,366,98,0,0,0,120.15,0,
TXN04-01545,4,2026-06-08 14:35:52,10858.74,Hotels,40001,Card,DEV-04-4,Android,Mumbai,14,0,0,24.65,28,23261.02,12693.71,140,152,1299,0,0,0,120.15,0,
TXN04-01546,4,2026-06-08 16:14:46,42914.59,Fuel,40002,Card,DEV-04-2,iPhone,Pune,16,0,0,98.9,29,23384.97,12669.07,96,367,99,0,0,0,120.15,0,
TXN04-01547,4,2026-06-08 17:08:12,24491.44,Fuel,40072,Card,DEV-04-1,iPhone,Mumbai,17,0,0,53.43,30,23354.14,12664.58,2,534,1300,0,0,0,120.15,0,
TXN04-01548,4,2026-06-08 17:18:04,50000.0,Bank Transfer,40001,Bank Transfer,DEV-04-1,iPhone,Mumbai,17,0,0,9.87,31,23308.04,12624.54,141,535,1301,0,0,0,0.0,1,rapid_repeated_transfers
TXN04-01549,4,2026-06-08 17:18:06,20553.64,Office,40017,Card,DEV-04-3,iPhone,Pune,17,0,0,0.03,32,23370.55,12675.59,29,222,100,0,0,0,120.15,0,
TXN04-01550,4,2026-06-08 17:22:24,5662.19,Hotels,40006,Bank Transfer,DEV-04-1,iPhone,Mumbai,17,0,0,4.3,33,23379.9,12672.03,64,536,1302,0,0,0,120.15,0,
TXN04-01551,4,2026-06-08 17:43:48,30882.07,Office,40033,Bank Transfer,DEV-04-6,Web,Mumbai,17,0,0,21.4,34,23338.51,12686.09,14,58,1303,0,0,0,0.0,0,
TXN04-01552,4,2026-06-08 18:05:43,24048.97,Hotels,40001,Bank Transfer,DEV-04-3,iPhone,Mumbai,18,0,0,21.92,35,23358.36,12691.23,142,223,1304,0,0,0,0.0,0,
TXN04-01553,4,2026-06-08 18:11:04,17921.3,Office,40040,Card,DEV-04-7,iPhone,Mumbai,18,0,0,5.35,36,23309.92,12648.86,10,45,1305,0,0,0,0.0,0,
TXN04-01554,4,2026-06-08 18:32:50,28302.01,Suppliers,40034,Card,DEV-04-1,iPhone,Mumbai,18,0,0,21.77,37,23297.36,12636.78,23,537,1306,0,0,0,0.0,0,
TXN04-01555,4,2026-06-08 18:45:30,14507.55,Fuel,40002,Card,DEV-04-2,iPhone,Mumbai,18,0,0,12.67,38,23294.64,12635.57,97,368,1307,0,0,0,0.0,0,
TXN04-01556,4,2026-06-08 19:43:42,7602.52,Fuel,40009,UPI,DEV-04-1,iPhone,Delhi,19,0,0,58.2,39,23235.26,12690.34,59,538,120,0,0,0,1153.24,0,
TXN04-01557,4,2026-06-08 19:57:40,13511.37,Hotels,40001,Bank Transfer,DEV-04-2,iPhone,Mumbai,19,0,0,13.97,40,23134.55,12645.69,143,369,1308,0,0,0,1153.24,0,
TXN04-01558,4,2026-06-08 20:08:38,14375.71,Suppliers,40018,Card,DEV-04-3,iPhone,Mumbai,20,0,0,10.97,41,23121.33,12673.14,28,224,1309,0,0,0,0.0,0,
TXN04-01559,4,2026-06-08 20:09:11,40871.34,Office,40008,UPI,DEV-04-1,iPhone,Pune,20,0,0,0.55,42,23100.46,12665.2,43,539,101,0,0,0,120.15,0,
TXN04-01560,4,2026-06-09 09:07:44,45541.55,Office,40033,Bank Transfer,DEV-04-1,iPhone,Mumbai,9,1,0,778.55,1,23137.6,12711.49,15,540,1310,0,0,0,120.15,0,
TXN04-01561,4,2026-06-09 09:09:06,6772.94,Hotels,40066,Bank Transfer,DEV-04-1,iPhone,Mumbai,9,1,0,1.37,2,23192.38,12744.07,4,541,1311,0,0,0,0.0,0,
TXN04-01562,4,2026-06-09 09:16:32,38750.62,Hotels,40001,Bank Transfer,DEV-04-4,Android,Mumbai,9,1,0,7.43,3,23126.28,12758.94,144,153,1312,0,0,0,0.0,0,
TXN04-01563,4,2026-06-09 09:34:12,19221.65,Suppliers,40045,Card,DEV-04-3,iPhone,Mumbai,9,1,0,17.67,4,23164.38,12766.65,12,225,1313,0,0,0,0.0,0,
TXN04-01564,4,2026-06-09 10:10:27,13056.81,Suppliers,40003,Bank Transfer,DEV-04-12,Android,Mumbai,10,1,0,36.25,5,23131.94,12780.85,142,2,1314,0,0,0,0.0,0,
TXN04-01565,4,2026-06-09 10:17:29,48238.98,Hotels,40056,Card,DEV-04-2,iPhone,Mumbai,10,1,0,7.03,6,23107.3,12774.91,5,370,1315,0,0,0,0.0,0,
TXN04-01566,4,2026-06-09 10:41:52,48869.63,Suppliers,40180,UPI,DEV-04-1,iPhone,Mumbai,10,1,0,24.38,7,23221.4,12828.26,1,542,1316,0,0,1,0.0,1,ato_new_merchant_same_category
TXN04-01567,4,2026-06-09 11:10:53,29734.92,Hotels,40013,Bank Transfer,DEV-04-1,iPhone,Mumbai,11,1,0,29.02,8,23254.49,12876.86,26,543,1317,0,0,0,0.0,0,
TXN04-01568,4,2026-06-09 11:23:05,46680.31,Suppliers,40003,Card,DEV-04-1,iPhone,Mumbai,11,1,0,12.2,9,23270.33,12865.09,143,544,1318,0,0,0,0.0,0,
TXN04-01569,4,2026-06-09 11:59:54,10180.43,Hotels,40019,Card,DEV-04-2,iPhone,Mumbai,11,1,0,36.82,10,23403.73,12915.48,26,371,1319,0,0,0,0.0,0,
TXN04-01570,4,2026-06-09 12:14:25,18509.12,Suppliers,40003,UPI,DEV-04-1,iPhone,Mumbai,12,1,0,14.52,11,23371.32,12916.2,144,545,1320,0,0,0,0.0,0,
TXN04-01571,4,2026-06-09 12:19:21,50000.0,Hotels,40001,Bank Transfer,DEV-04-6,Web,Mumbai,12,1,0,4.93,12,23359.43,12902.64,145,59,1321,0,0,0,0.0,0,
TXN04-01572,4,2026-06-09 13:03:41,50000.0,Hotels,40065,Card,DEV-04-4,Android,Mumbai,13,1,0,44.33,13,23556.47,12998.98,2,154,1322,0,0,0,0.0,0,
TXN04-01573,4,2026-06-09 13:09:19,41471.78,Fuel,40002,Card,DEV-04-13,iPhone,Mumbai,13,1,0,5.63,14,23604.74,13060.81,98,1,1323,1,0,0,0.0,0,
TXN04-01574,4,2026-06-09 13:16:21,23352.68,Suppliers,40174,Card,DEV-04-2,iPhone,Mumbai,13,1,0,7.03,15,23643.15,13097.3,1,372,1324,0,0,1,0.0,1,ato_new_merchant_same_category
TXN04-01575,4,2026-06-09 13:44:41,13165.29,Suppliers,40003,Card,DEV-04-2,iPhone,Mumbai,13,1,0,28.33,16,23650.45,13058.22,145,373,1325,0,0,0,0.0,0,
TXN04-01576,4,2026-06-09 13:51:42,12666.97,Hotels,40057,Card,DEV-04-7,iPhone,Mumbai,13,1,0,7.02,17,23624.3,13052.41,5,46,1326,0,0,0,0.0,0,
TXN04-01577,4,2026-06-09 14:30:18,3692.11,Fuel,40009,Bank Transfer,DEV-04-1,iPhone,Mumbai,14,1,0,38.6,18,23543.68,13035.5,60,546,1327,0,0,0,0.0,0,
TXN04-01578,4,2026-06-09 14:33:57,28398.62,Office,40008,UPI,DEV-04-7,iPhone,Mumbai,14,1,0,3.65,19,23494.18,13056.83,44,47,1328,0,0,0,0.0,0,
TXN04-01579,4,2026-06-09 15:01:50,13492.91,Office,40017,UPI,DEV-04-3,iPhone,Delhi,15,1,0,27.88,20,23508.18,13059.07,30,226,121,0,0,0,1153.24,0,
TXN04-01580,4,2026-06-09 15:02:55,6642.36,Office,40005,UPI,DEV-04-5,iPhone,Mumbai,15,1,0,1.08,21,23483.27,13052.36,97,97,1329,0,0,0,1153.24,0,
TXN04-01581,4,2026-06-09 15:06:08,11070.59,Fuel,40021,UPI,DEV-04-4,Android,Mumbai,15,1,0,3.22,22,23441.48,13063.05,26,155,1330,0,0,0,0.0,0,
TXN04-01582,4,2026-06-09 15:08:19,5884.97,Hotels,40010,UPI,DEV-04-7,iPhone,Mumbai,15,1,0,2.18,23,23410.86,13061.35,44,48,1331,0,0,0,0.0,0,
TXN04-01583,4,2026-06-09 15:46:56,19332.38,Suppliers,40004,Card,DEV-04-5,iPhone,Mumbai,15,1,0,38.62,24,23369.62,13090.29,58,98,1332,0,0,0,0.0,0,
TXN04-01584,4,2026-06-09 15:57:32,29815.81,Hotels,40001,Card,DEV-04-1,iPhone,Mumbai,15,1,0,10.6,25,23359.65,13075.65,146,547,1333,0,0,0,0.0,0,
TXN04-01585,4,2026-06-09 16:09:31,25362.71,Suppliers,40061,Bank Transfer,DEV-04-3,iPhone,Hyderabad,16,1,0,11.98,26,23362.02,13076.73,2,227,3,0,0,0,621.46,0,
TXN04-01586,4,2026-06-09 16:20:02,21036.67,Fuel,40009,Card,DEV-04-4,Android,Mumbai,16,1,0,10.52,27,23366.95,13061.0,61,156,1334,0,0,0,621.46,0,
TXN04-01587,4,2026-06-09 16:38:48,14755.86,Hotels,40001,Card,DEV-04-5,iPhone,Delhi,16,1,0,18.77,28,23361.23,13045.45,147,99,122,0,0,0,1153.24,0,
TXN04-01588,4,2026-06-09 16:41:53,8715.46,Hotels,40042,UPI,DEV-04-1,iPhone,Mumbai,16,1,0,3.08,29,23340.13,13036.4,8,548,1335,0,0,0,1153.24,0,
TXN04-01589,4,2026-06-09 16:52:08,24195.93,Hotels,40014,UPI,DEV-04-5,iPhone,Mumbai,16,1,0,10.25,30,23358.52,13047.11,15,100,1336,0,0,0,0.0,0,
TXN04-01590,4,2026-06-09 17:01:42,40087.19,Hotels,40001,Card,DEV-04-2,iPhone,Mumbai,17,1,0,9.57,31,23360.58,13031.14,148,374,1337,0,0,0,0.0,0,
TXN04-01591,4,2026-06-09 17:11:48,12116.23,Office,40005,Card,DEV-04-1,iPhone,Delhi,17,1,0,10.1,32,23440.25,13034.04,98,549,123,0,0,0,1153.24,0,
TXN04-01592,4,2026-06-09 17:43:53,16217.93,Suppliers,40003,UPI,DEV-04-1,iPhone,Mumbai,17,1,0,32.08,33,23417.15,13022.11,146,550,1338,0,0,0,1153.24,0,
TXN04-01593,4,2026-06-09 18:17:09,12688.72,Suppliers,40003,Card,DEV-04-1,iPhone,Mumbai,18,1,0,33.27,34,23401.59,13042.02,147,551,1339,0,0,0,0.0,0,
TXN04-01594,4,2026-06-09 18:25:24,44414.28,Suppliers,40167,UPI,DEV-04-4,Android,Delhi,18,1,0,8.25,35,23322.71,13010.19,1,157,124,0,0,1,1153.24,1,ato_higher_amount_new_merchant_same_category
TXN04-01595,4,2026-06-09 18:27:26,16394.52,Suppliers,40038,Card,DEV-04-2,iPhone,Mumbai,18,1,0,2.03,36,23374.79,13036.21,14,375,1340,0,0,0,1153.24,0,
TXN04-01596,4,2026-06-09 18:31:29,18041.05,Hotels,40019,UPI,DEV-04-2,iPhone,Mumbai,18,1,0,4.05,37,23357.6,13024.74,27,376,1341,0,0,0,0.0,0,
TXN04-01597,4,2026-06-09 18:36:34,15984.78,Suppliers,40003,Card,DEV-04-1,iPhone,Mumbai,18,1,0,5.08,38,23344.54,13011.39,148,552,1342,0,0,0,0.0,0,
TXN04-01598,4,2026-06-09 18:40:31,10072.57,Office,40005,Card,DEV-04-2,iPhone,Mumbai,18,1,0,3.95,39,23326.5,13000.53,99,377,1343,0,0,0,0.0,0,
TXN04-01599,4,2026-06-09 18:45:24,11141.16,Fuel,40002,Card,DEV-04-1,iPhone,Delhi,18,1,0,4.88,40,23294.09,13001.12,99,553,125,0,0,0,1153.24,0,
TXN04-01600,4,2026-06-09 18:54:49,13204.76,Hotels,40041,Card,DEV-04-1,iPhone,Mumbai,18,1,0,9.42,41,23264.45,12999.08,9,554,1344,0,0,0,1153.24,0,
TXN04-01601,4,2026-06-09 19:18:54,14872.52,Hotels,40067,Card,DEV-04-3,iPhone,Mumbai,19,1,0,24.08,42,23262.09,13000.82,3,228,1345,0,0,0,0.0,0,
TXN04-01602,4,2026-06-09 19:23:59,27320.13,Suppliers,40004,Card,DEV-04-2,iPhone,Delhi,19,1,0,5.08,43,23241.68,12991.57,59,378,126,0,0,0,1153.24,0,
TXN04-01603,4,2026-06-09 19:41:00,30920.99,Hotels,40006,UPI,DEV-04-2,iPhone,Mumbai,19,1,0,17.02,44,23251.57,12977.35,65,379,1346,0,0,0,1153.24,0,
TXN04-01604,4,2026-06-09 19:42:11,14165.97,Office,40017,Card,DEV-04-2,iPhone,Delhi,19,1,0,1.18,45,23270.14,12967.11,31,380,127,0,0,0,1153.24,0,
TXN04-01605,4,2026-06-09 20:03:13,3859.5,Suppliers,40003,Card,DEV-04-1,iPhone,Mumbai,20,1,0,21.03,46,23231.03,13002.82,149,555,1347,0,0,0,1153.24,0,
TXN04-01606,4,2026-06-09 20:18:12,6215.23,Suppliers,40022,UPI,DEV-04-1,iPhone,Mumbai,20,1,0,14.98,47,23183.66,13022.11,23,556,1348,0,0,0,0.0,0,
TXN04-01607,4,2026-06-09 20:18:49,22023.98,Suppliers,40054,Card,DEV-04-3,iPhone,Mumbai,20,1,0,0.62,48,23142.28,13033.12,10,229,1349,0,0,0,0.0,0,
TXN04-01608,4,2026-06-09 20:24:01,17594.7,Suppliers,40055,UPI,DEV-04-5,iPhone,Pune,20,1,0,5.2,49,23139.56,13017.37,7,101,102,0,0,0,120.15,0,
TXN04-01609,4,2026-06-10 08:12:46,35982.71,Hotels,40001,Card,DEV-04-4,Android,Mumbai,8,2,0,708.75,1,23109.96,13031.41,149,158,1350,0,0,0,120.15,0,
TXN04-01610,4,2026-06-10 08:15:40,38268.45,Hotels,40001,Card,DEV-04-2,iPhone,Mumbai,8,2,0,2.9,2,23190.38,13008.84,150,381,1351,0,0,0,0.0,0,
TXN04-01611,4,2026-06-10 08:34:53,17387.6,Hotels,40060,Bank Transfer,DEV-04-4,Android,Mumbai,8,2,0,19.22,3,23276.87,13022.23,3,159,1352,0,0,0,0.0,0,
TXN04-01612,4,2026-06-10 08:38:36,15953.88,Suppliers,40045,Bank Transfer,DEV-04-4,Android,Mumbai,8,2,0,3.72,4,23262.5,13009.58,13,160,1353,0,0,0,0.0,0,
TXN04-01613,4,2026-06-10 09:18:06,50000.0,Hotels,40001,Bank Transfer,DEV-04-2,iPhone,Mumbai,9,2,0,39.5,5,23228.26,13044.77,151,382,1354,0,0,0,0.0,0,
TXN04-01614,4,2026-06-10 09:31:19,35405.22,Hotels,40010,UPI,DEV-04-5,iPhone,Mumbai,9,2,0,13.22,6,23331.24,13078.46,45,102,1355,0,0,0,0.0,0,
TXN04-01615,4,2026-06-10 10:21:52,24583.63,Suppliers,40003,UPI,DEV-04-2,iPhone,Mumbai,10,2,0,50.55,7,23286.4,12987.78,150,383,1356,0,0,0,0.0,0,
TXN04-01616,4,2026-06-10 10:42:55,8585.77,Fuel,40009,UPI,DEV-04-3,iPhone,Pune,10,2,0,21.05,8,23314.24,12978.75,62,230,103,0,0,0,120.15,0,
TXN04-01617,4,2026-06-10 11:20:27,5212.95,Office,40005,Card,DEV-04-3,iPhone,Mumbai,11,2,0,37.53,9,23334.22,13001.89,100,231,1357,0,0,0,120.15,0,
TXN04-01618,4,2026-06-10 11:22:17,12829.01,Fuel,40036,UPI,DEV-04-3,iPhone,Mumbai,11,2,0,1.83,10,23288.11,13017.39,6,232,1358,0,0,0,0.0,0,
TXN04-01619,4,2026-06-10 11:26:33,9644.9,Office,40005,Card,DEV-04-2,iPhone,Mumbai,11,2,0,4.27,11,23261.57,13011.51,101,384,1359,0,0,0,0.0,0,
TXN04-01620,4,2026-06-10 11:28:09,11542.92,Hotels,40013,Card,DEV-04-2,iPhone,Mumbai,11,2,0,1.6,12,23227.09,13013.03,27,385,1360,0,0,0,0.0,0,
TXN04-01621,4,2026-06-10 12:20:21,7985.79,Hotels,40007,Bank Transfer,DEV-04-3,iPhone,Pune,12,2,0,52.2,13,23297.86,13078.97,41,233,104,0,0,0,120.15,0,
TXN04-01622,4,2026-06-10 12:31:22,23506.64,Hotels,40013,UPI,DEV-04-3,iPhone,Mumbai,12,2,0,11.02,14,23279.56,13095.41,28,234,1361,0,0,0,120.15,0,
TXN04-01623,4,2026-06-10 13:45:15,18643.92,Hotels,40001,Card,DEV-04-3,iPhone,Mumbai,13,2,0,73.88,15,23176.77,12990.5,152,235,1362,0,0,0,0.0,0,
TXN04-01624,4,2026-06-10 13:52:33,42286.48,Suppliers,40003,UPI,DEV-04-5,iPhone,Mumbai,13,2,0,7.3,16,23176.87,12990.46,151,103,1363,0,0,0,0.0,0,
TXN04-01625,4,2026-06-10 14:13:06,42259.86,Fuel,40009,Bank Transfer,DEV-04-14,Web,Mumbai,14,2,0,20.55,17,23136.32,12970.31,63,1,1364,1,0,0,0.0,0,
TXN04-01626,4,2026-06-10 14:43:07,50000.0,Office,40008,Card,DEV-04-7,iPhone,Mumbai,14,2,0,30.02,18,23207.2,12987.69,45,49,1365,0,0,0,0.0,0,
TXN04-01627,4,2026-06-10 15:06:01,31182.85,Fuel,40002,Card,DEV-04-3,iPhone,Delhi,15,2,0,22.9,19,23274.43,13073.17,100,236,128,0,0,0,1153.24,0,
TXN04-01628,4,2026-06-10 15:12:50,41950.92,Hotels,40014,UPI,DEV-04-1,iPhone,Mumbai,15,2,0,6.82,20,23295.35,13062.19,16,557,1366,0,0,0,1153.24,1,ato_higher_amount
TXN04-01629,4,2026-06-10 15:13:02,25710.93,Hotels,40066,UPI,DEV-04-3,iPhone,Mumbai,15,2,0,0.2,21,23344.58,13080.0,5,237,1367,0,0,0,0.0,0,
TXN04-01630,4,2026-06-10 15:13:55,13317.22,Suppliers,40011,UPI,DEV-04-2,iPhone,Pune,15,2,0,0.88,22,23350.8,13063.34,48,386,105,0,0,0,120.15,0,
TXN04-01631,4,2026-06-10 15:19:15,50000.0,Office,40016,UPI,DEV-04-1,iPhone,Mumbai,15,2,0,5.33,23,23324.47,13056.28,32,558,1368,0,0,0,120.15,0,
TXN04-01632,4,2026-06-10 15:33:33,7026.55,Fuel,40002,Card,DEV-04-7,iPhone,Mumbai,15,2,0,14.3,24,23394.3,13110.23,101,50,1369,0,0,0,0.0,0,
TXN04-01633,4,2026-06-10 15:52:21,45815.08,Office,40008,UPI,DEV-04-4,Android,Mumbai,15,2,0,18.8,25,23379.29,13125.67,46,161,1370,0,0,0,0.0,0,
TXN04-01634,4,2026-06-10 16:06:47,50000.0,Suppliers,40011,UPI,DEV-04-8,Android,Mumbai,16,2,0,14.43,26,23437.87,13158.43,49,34,1371,0,0,0,0.0,0,
TXN04-01635,4,2026-06-10 16:09:33,15636.48,Office,40017,Bank Transfer,DEV-04-2,iPhone,Mumbai,16,2,0,2.77,27,23507.04,13210.83,32,387,1372,0,0,0,0.0,0,
TXN04-01636,4,2026-06-10 16:37:18,4024.08,Hotels,40041,UPI,DEV-04-4,Android,Mumbai,16,2,0,27.75,28,23486.6,13199.74,10,162,1373,0,0,0,0.0,0,
TXN04-01637,4,2026-06-10 16:42:42,28746.86,Suppliers,40004,UPI,DEV-04-3,iPhone,Mumbai,16,2,0,5.4,29,23464.34,13225.29,60,238,1374,0,0,0,0.0,0,
TXN04-01638,4,2026-06-10 17:54:36,3952.82,Hotels,40001,Bank Transfer,DEV-04-1,iPhone,Mumbai,17,2,0,71.9,30,23345.55,13097.91,153,559,1375,0,0,0,0.0,0,
TXN04-01639,4,2026-06-10 17:58:18,5391.76,Suppliers,40075,UPI,DEV-04-8,Android,Mumbai,17,2,0,3.7,31,23294.65,13118.28,1,35,1376,0,0,1,0.0,0,
TXN04-01640,4,2026-06-10 18:03:07,8268.38,Suppliers,40011,Card,DEV-04-2,iPhone,Mumbai,18,2,0,4.82,32,23251.32,13150.04,50,388,1377,0,0,0,0.0,0,
TXN04-01641,4,2026-06-10 18:28:14,19196.1,Suppliers,40015,Card,DEV-04-5,iPhone,Mumbai,18,2,0,25.12,33,23279.18,13156.49,32,104,1378,0,0,0,0.0,0,
TXN04-01642,4,2026-06-10 18:30:59,16959.27,Office,40005,Bank Transfer,DEV-04-2,iPhone,Mumbai,18,2,0,2.75,34,23268.46,13140.87,102,389,1379,0,0,0,0.0,0,
TXN04-01643,4,2026-06-10 18:34:31,13856.22,Hotels,40029,Bank Transfer,DEV-04-2,iPhone,Mumbai,18,2,0,3.53,35,23259.7,13143.96,23,390,1380,0,0,0,0.0,0,
TXN04-01644,4,2026-06-10 18:50:15,21759.03,Suppliers,40004,Bank Transfer,DEV-04-1,iPhone,Mumbai,18,2,0,15.73,36,23265.94,13138.93,61,560,1381,0,0,0,0.0,0,
TXN04-01645,4,2026-06-10 18:50:36,29177.89,Hotels,40029,Card,DEV-04-5,iPhone,Mumbai,18,2,0,0.35,37,23262.0,13121.95,24,105,1382,0,0,0,0.0,0,
TXN04-01646,4,2026-06-10 18:54:12,10096.8,Suppliers,40076,Card,DEV-04-4,Android,Mumbai,18,2,0,3.6,38,23277.44,13108.28,1,163,1383,0,0,1,0.0,0,
TXN04-01647,4,2026-06-10 19:12:42,19018.28,Hotels,40001,Card,DEV-04-6,Web,Delhi,19,2,0,18.5,39,23243.12,13108.42,154,60,129,0,0,0,1153.24,0,
TXN04-01648,4,2026-06-10 19:25:11,17638.89,Office,40016,Card,DEV-04-2,iPhone,Mumbai,19,2,0,12.48,40,23187.71,13081.16,33,391,1384,0,0,0,1153.24,0,
TXN04-01649,4,2026-06-10 19:33:26,20055.88,Fuel,40068,Card,DEV-04-1,iPhone,Mumbai,19,2,0,8.25,41,23173.29,13067.22,3,561,1385,0,0,0,0.0,0,
TXN04-01650,4,2026-06-10 20:19:16,50000.0,Fuel,40009,Card,DEV-04-4,Android,Delhi,20,2,0,45.83,42,23095.52,12996.23,64,164,130,0,0,0,1153.24,0,
TXN04-01651,4,2026-06-10 20:39:44,44021.63,Suppliers,40004,UPI,DEV-04-3,iPhone,Mumbai,20,2,0,20.47,43,23135.97,13055.54,62,239,1386,0,0,0,1153.24,0,
TXN04-01652,4,2026-06-10 23:29:11,15741.52,Suppliers,40022,UPI,DEV-04-1,iPhone,Mumbai,23,2,0,169.45,44,23190.07,13081.77,24,562,1387,0,0,0,0.0,1,ato_short_gap_odd_hour
TXN04-01653,4,2026-06-11 08:47:10,31655.63,Suppliers,40003,Bank Transfer,DEV-04-3,iPhone,Mumbai,8,3,0,557.98,1,23155.53,13127.98,152,240,1388,0,0,0,0.0,0,
TXN04-01654,4,2026-06-11 08:48:03,28598.86,Hotels,40025,Card,DEV-04-1,iPhone,Mumbai,8,3,0,0.88,2,23177.73,13118.01,15,563,1389,0,0,0,0.0,0,
TXN04-01655,4,2026-06-11 08:48:21,17039.71,Suppliers,40003,UPI,DEV-04-1,iPhone,Pune,8,3,0,0.3,3,23191.84,13103.83,153,564,106,0,0,0,120.15,0,
TXN04-01656,4,2026-06-11 09:07:36,12268.99,Office,40008,Card,DEV-04-1,iPhone,Mumbai,9,3,0,19.25,4,23206.16,13094.09,47,565,1390,0,0,0,120.15,0,
TXN04-01657,4,2026-06-11 09:36:43,7711.55,Hotels,40019,UPI,DEV-04-2,iPhone,Mumbai,9,3,0,29.12,5,23237.29,13092.91,28,392,1391,0,0,0,0.0,0,
TXN04-01658,4,2026-06-11 09:54:17,17064.22,Fuel,40002,Bank Transfer,DEV-04-1,iPhone,Mumbai,9,3,0,17.57,6,23196.86,13099.76,102,566,1392,0,0,0,0.0,0,
TXN04-01659,4,2026-06-11 09:54:39,7090.94,Office,40008,Card,DEV-04-5,iPhone,Mumbai,9,3,0,0.37,7,23180.93,13086.46,48,106,1393,0,0,0,0.0,0,
TXN04-01660,4,2026-06-11 10:17:32,19645.54,Hotels,40014,Card,DEV-04-1,iPhone,Mumbai,10,3,0,22.88,8,23222.72,13086.77,17,567,1394,0,0,0,0.0,0,
TXN04-01661,4,2026-06-11 10:20:01,50000.0,Hotels,40001,Card,DEV-04-7,iPhone,Delhi,10,3,0,2.48,9,23213.4,13070.99,155,51,131,0,0,0,1153.24,0,
TXN04-01662,4,2026-06-11 10:26:12,15753.94,Office,40005,UPI,DEV-04-5,iPhone,Mumbai,10,3,0,6.18,10,23280.33,13141.98,103,107,1395,0,0,0,1153.24,0,
TXN04-01663,4,2026-06-11 10:28:17,10543.29,Hotels,40042,UPI,DEV-04-1,iPhone,Mumbai,10,3,0,2.08,11,23260.78,13130.5,9,568,1396,0,0,0,0.0,0,
TXN04-01664,4,2026-06-11 10:39:51,3414.27,Hotels,40001,Bank Transfer,DEV-04-5,iPhone,Mumbai,10,3,0,11.57,12,23204.39,13134.44,156,108,1397,0,0,0,0.0,0,
TXN04-01665,4,2026-06-11 10:46:25,6379.26,Hotels,40030,Card,DEV-04-1,iPhone,Mumbai,10,3,0,6.57,13,23152.98,13155.99,20,569,1398,0,0,0,0.0,0,
TXN04-01666,4,2026-06-11 11:10:41,14880.52,Hotels,40046,Card,DEV-04-3,iPhone,Pune,11,3,0,24.27,14,23006.58,13109.01,10,241,107,0,0,0,120.15,0,
TXN04-01667,4,2026-06-11 11:28:01,3763.78,Hotels,40001,UPI,DEV-04-3,iPhone,Mumbai,11,3,0,17.33,15,22996.92,13113.63,157,242,1399,0,0,0,120.15,0,
TXN04-01668,4,2026-06-11 11:28:31,9480.61,Office,40017,Bank Transfer,DEV-04-2,iPhone,Mumbai,11,3,0,0.5,16,22946.84,13133.17,33,393,1400,0,0,0,0.0,0,
TXN04-01669,4,2026-06-11 11:34:27,8272.83,Office,40005,Bank Transfer,DEV-04-10,Web,Mumbai,11,3,0,5.93,17,22944.42,13135.57,104,10,1401,0,0,0,0.0,0,
TXN04-01670,4,2026-06-11 11:38:16,18634.53,Suppliers,40004,Bank Transfer,DEV-04-3,iPhone,Mumbai,11,3,0,3.82,18,22906.31,13139.74,63,243,1402,0,0,0,0.0,0,
TXN04-01671,4,2026-06-11 11:57:17,17648.48,Suppliers,40003,Card,DEV-04-6,Web,Mumbai,11,3,0,19.02,19,22685.75,13020.64,154,61,1403,0,0,0,0.0,0,
TXN04-01672,4,2026-06-11 11:59:08,28119.49,Hotels,40057,Card,DEV-04-4,Android,Mumbai,11,3,0,1.85,20,22672.57,13006.14,6,165,1404,0,0,0,0.0,0,
TXN04-01673,4,2026-06-11 12:05:56,25684.17,Suppliers,40038,Card,DEV-04-1,iPhone,Delhi,12,3,0,6.8,21,22645.9,13010.32,15,570,132,0,0,0,1153.24,0,
TXN04-01674,4,2026-06-11 12:36:50,9002.67,Fuel,40002,Bank Transfer,DEV-04-3,iPhone,Mumbai,12,3,0,30.9,22,22653.85,12994.21,103,244,1405,0,0,0,1153.24,0,
TXN04-01675,4,2026-06-11 12:44:44,19930.2,Fuel,40009,Card,DEV-04-2,iPhone,Mumbai,12,3,0,7.9,23,22642.23,13004.42,65,394,1406,0,0,0,0.0,0,
TXN04-01676,4,2026-06-11 13:04:34,11479.82,Hotels,40006,Card,DEV-04-1,iPhone,Mumbai,13,3,0,19.83,24,22664.12,12992.8,66,571,1407,0,0,0,0.0,0,
TXN04-01677,4,2026-06-11 13:51:18,15704.4,Fuel,40047,Card,DEV-04-13,iPhone,Mumbai,13,3,0,46.73,25,22602.95,13014.48,6,2,1408,0,0,0,0.0,0,
TXN04-01678,4,2026-06-11 14:02:00,21693.75,Suppliers,40076,Card,DEV-04-3,iPhone,Mumbai,14,3,0,10.7,26,22610.44,13009.69,2,245,1409,0,0,0,0.0,0,
TXN04-01679,4,2026-06-11 14:33:40,6859.51,Suppliers,40003,UPI,DEV-04-1,iPhone,Mumbai,14,3,0,31.67,27,22610.97,13009.65,155,572,1410,0,0,0,0.0,0,
TXN04-01680,4,2026-06-11 14:43:45,25034.72,Suppliers,40003,Bank Transfer,DEV-04-8,Android,Mumbai,14,3,0,10.08,28,22539.82,13021.47,156,36,1411,0,0,0,0.0,0,
TXN04-01681,4,2026-06-11 14:45:12,20855.06,Suppliers,40077,Card,DEV-04-3,iPhone,Mumbai,14,3,0,1.45,29,22546.35,13005.04,1,246,1412,0,0,1,0.0,0,
TXN04-01682,4,2026-06-11 14:50:19,24229.36,Suppliers,40003,Card,DEV-04-2,iPhone,Mumbai,14,3,0,5.12,30,22541.94,12988.34,157,395,1413,0,0,0,0.0,0,
TXN04-01683,4,2026-06-11 14:52:01,29847.28,Hotels,40001,UPI,DEV-04-1,iPhone,Mumbai,14,3,0,1.7,31,22546.33,12971.7,158,573,1414,0,0,0,0.0,0,
TXN04-01684,4,2026-06-11 14:58:40,38333.07,Fuel,40009,Card,DEV-04-12,Android,Mumbai,14,3,0,6.65,32,22577.42,12974.85,66,3,1415,0,0,0,0.0,0,
TXN04-01685,4,2026-06-11 15:39:06,21872.15,Suppliers,40018,Card,DEV-04-3,iPhone,Mumbai,15,3,0,40.43,33,22590.09,13015.29,29,247,1416,0,0,0,0.0,0,
TXN04-01686,4,2026-06-11 16:11:02,5235.96,Office,40031,UPI,DEV-04-5,iPhone,Mumbai,16,3,0,31.93,34,22684.81,12996.99,15,109,1417,0,0,0,0.0,0,
TXN04-01687,4,2026-06-11 16:52:57,48473.61,Hotels,40006,Bank Transfer,DEV-04-1,iPhone,Mumbai,16,3,0,41.92,35,22679.85,13003.29,67,574,1418,0,0,0,0.0,0,
TXN04-01688,4,2026-06-11 17:02:25,24287.19,Suppliers,40034,UPI,DEV-04-2,iPhone,Mumbai,17,3,0,9.47,36,22675.82,12995.06,24,396,1419,0,0,0,0.0,0,
TXN04-01689,4,2026-06-11 17:04:25,15154.7,Hotels,40001,UPI,DEV-04-3,iPhone,Mumbai,17,3,0,2.0,37,22648.45,12980.7,159,248,1420,0,0,0,0.0,0,
TXN04-01690,4,2026-06-11 17:08:33,16957.02,Suppliers,40022,Bank Transfer,DEV-04-3,iPhone,Mumbai,17,3,0,4.13,38,22628.73,12969.29,25,249,1421,0,0,0,0.0,0,
TXN04-01691,4,2026-06-11 17:11:09,50000.0,Office,40016,UPI,DEV-04-1,iPhone,Mumbai,17,3,0,2.6,39,22613.84,12955.51,34,575,1422,0,0,0,0.0,0,
TXN04-01692,4,2026-06-11 17:43:23,21185.6,Fuel,40043,Card,DEV-04-9,iPhone,Mumbai,17,3,0,32.23,40,22816.54,13083.09,13,15,1423,0,0,0,0.0,0,
TXN04-01693,4,2026-06-11 17:59:50,50000.0,Suppliers,40004,Card,DEV-04-3,iPhone,Mumbai,17,3,0,16.45,41,22812.2,13065.95,64,250,1424,0,0,0,0.0,0,
TXN04-01694,4,2026-06-11 18:25:20,12369.25,Fuel,40009,Bank Transfer,DEV-04-7,iPhone,Pune,18,3,0,25.5,42,22884.32,13123.32,67,52,108,0,0,0,120.15,0,
TXN04-01695,4,2026-06-11 18:33:53,40677.01,Fuel,40043,UPI,DEV-04-3,iPhone,Mumbai,18,3,0,8.55,43,22856.5,13117.08,14,251,1425,0,0,0,120.15,0,
TXN04-01696,4,2026-06-11 18:41:43,21017.87,Suppliers,40078,Card,DEV-04-1,iPhone,Mumbai,18,3,0,7.83,44,22903.52,13131.62,1,576,1426,0,0,1,0.0,0,
TXN04-01697,4,2026-06-11 18:42:01,27583.75,Office,40008,Bank Transfer,DEV-04-1,iPhone,Mumbai,18,3,0,0.3,45,22898.56,13114.69,49,577,1427,0,0,0,0.0,0,
TXN04-01698,4,2026-06-11 19:02:56,21674.23,Hotels,40041,Card,DEV-04-3,iPhone,Mumbai,19,3,0,20.92,46,22924.59,13121.0,11,252,1428,0,0,0,0.0,0,
TXN04-01699,4,2026-06-11 19:03:52,11950.95,Office,40008,UPI,DEV-04-2,iPhone,Mumbai,19,3,0,0.93,47,22921.3,13103.88,50,397,1429,0,0,0,0.0,0,
TXN04-01700,4,2026-06-11 19:07:51,29970.39,Office,40005,Bank Transfer,DEV-04-1,iPhone,Mumbai,19,3,0,3.98,48,22897.7,13115.54,105,578,1430,0,0,0,0.0,0,
TXN04-01701,4,2026-06-11 19:12:49,20863.66,Suppliers,40024,Card,DEV-04-1,iPhone,Mumbai,19,3,0,4.97,49,22916.27,13103.31,18,579,1431,0,0,0,0.0,0,
TXN04-01702,4,2026-06-11 19:19:15,20628.58,Office,40008,Card,DEV-04-2,iPhone,Mumbai,19,3,0,6.43,50,22910.89,13086.57,51,398,1432,0,0,0,0.0,0,
TXN04-01703,4,2026-06-11 19:20:13,38809.56,Suppliers,40004,Card,DEV-04-1,iPhone,Mumbai,19,3,0,0.97,51,22904.93,13069.99,65,580,1433,0,0,0,0.0,0,
TXN04-01704,4,2026-06-11 19:40:08,3705.52,Fuel,40048,Card,DEV-04-1,iPhone,Mumbai,19,3,0,19.92,52,22925.64,13088.88,6,581,1434,0,0,0,0.0,0,
TXN04-01705,4,2026-06-11 19:54:21,10455.73,Office,40008,Bank Transfer,DEV-04-1,iPhone,Mumbai,19,3,0,14.22,53,22946.06,13103.49,52,582,1435,0,0,0,0.0,0,
TXN04-01706,4,2026-06-11 20:01:27,13988.02,Fuel,40068,UPI,DEV-04-3,iPhone,Mumbai,20,3,0,7.1,54,22913.45,13101.89,4,253,1436,0,0,0,0.0,0,
TXN04-01707,4,2026-06-11 20:08:48,19584.62,Fuel,40079,Card,DEV-04-1,iPhone,Mumbai,20,3,0,7.35,55,22890.2,13092.72,1,583,1437,0,0,1,0.0,0,
TXN04-01708,4,2026-06-11 20:10:30,5603.0,Suppliers,40015,Bank Transfer,DEV-04-2,iPhone,Mumbai,20,3,0,1.7,56,22881.62,13076.79,33,399,1438,0,0,0,0.0,0,
TXN04-01709,4,2026-06-11 20:22:11,27445.6,Hotels,40001,Card,DEV-04-1,iPhone,Mumbai,20,3,0,11.68,57,22836.86,13089.34,160,584,1439,0,0,0,0.0,0,
TXN04-01710,4,2026-06-11 20:25:38,18237.06,Suppliers,40003,UPI,DEV-04-2,iPhone,Mumbai,20,3,0,3.45,58,22848.76,13074.52,158,400,1440,0,0,0,0.0,0,
TXN04-01711,4,2026-06-11 20:31:26,17226.28,Fuel,40012,Card,DEV-04-1,iPhone,Mumbai,20,3,0,5.8,59,22836.88,13059.75,25,585,1441,0,0,0,0.0,0,
TXN04-01712,4,2026-06-11 20:34:16,34236.75,Suppliers,40061,Card,DEV-04-6,Web,Mumbai,20,3,0,2.83,60,22822.46,13046.05,3,62,1442,0,0,0,0.0,0,
TXN04-01713,4,2026-06-11 20:45:26,9899.92,Fuel,40072,Card,DEV-04-4,Android,Mumbai,20,3,0,11.17,61,22851.72,13042.09,3,166,1443,0,0,0,0.0,0,
TXN04-01714,4,2026-06-12 08:00:24,20404.82,Suppliers,40035,UPI,DEV-04-3,iPhone,Mumbai,8,4,0,674.97,1,22782.9,13065.59,19,254,1444,0,0,0,0.0,0,
TXN04-01715,4,2026-06-12 08:04:33,25281.33,Hotels,40006,Card,DEV-04-2,iPhone,Mumbai,8,4,0,4.15,2,22776.8,13049.38,68,401,1445,0,0,0,0.0,0,
TXN04-01716,4,2026-06-12 08:22:31,22705.46,Suppliers,40015,Bank Transfer,DEV-04-1,iPhone,Mumbai,8,4,0,17.97,3,22783.2,13033.3,34,586,1446,0,0,0,0.0,0,
TXN04-01717,4,2026-06-12 08:39:38,7826.76,Hotels,40066,UPI,DEV-04-3,iPhone,Mumbai,8,4,0,17.12,4,22796.89,13036.08,6,255,1447,0,0,0,0.0,0,
TXN04-01718,4,2026-06-12 08:45:52,21197.01,Office,40005,UPI,DEV-04-1,iPhone,Mumbai,8,4,0,6.23,5,22758.61,13041.34,106,587,1448,0,0,0,0.0,0,
TXN04-01719,4,2026-06-12 08:55:25,41314.31,Suppliers,40003,Card,DEV-04-1,iPhone,Mumbai,8,4,0,9.55,6,22754.62,13024.93,159,588,1449,0,0,0,0.0,0,
TXN04-01720,4,2026-06-12 08:58:07,30854.15,Hotels,40006,Bank Transfer,DEV-04-3,iPhone,Mumbai,8,4,0,2.7,7,22799.98,13058.48,69,256,1450,0,0,0,0.0,0,
TXN04-01721,4,2026-06-12 09:16:45,34472.42,Hotels,40001,Card,DEV-04-10,Web,Mumbai,9,4,0,18.63,8,22812.98,13080.74,161,11,1451,0,0,0,0.0,0,
TXN04-01722,4,2026-06-12 09:16:52,39807.43,Suppliers,40034,Card,DEV-04-6,Web,Mumbai,9,4,0,0.12,9,22842.72,13077.27,25,63,1452,0,0,0,0.0,0,
TXN04-01723,4,2026-06-12 09:39:45,8041.88,Fuel,40068,Card,DEV-04-3,iPhone,Mumbai,9,4,0,22.88,10,22926.02,13109.46,5,257,1453,0,0,0,0.0,0,
TXN04-01724,4,2026-06-12 09:43:33,50000.0,Suppliers,40003,UPI,DEV-04-2,iPhone,Mumbai,9,4,0,3.8,11,22888.05,13114.24,160,402,1454,0,0,0,0.0,0,
TXN04-01725,4,2026-06-12 09:47:00,21978.39,Hotels,40007,Card,DEV-04-10,Web,Pune,9,4,0,3.45,12,22957.04,13168.57,42,12,109,0,0,0,120.15,0,
TXN04-01726,4,2026-06-12 09:51:58,30788.6,Hotels,40019,Bank Transfer,DEV-04-2,iPhone,Mumbai,9,4,0,4.97,13,22910.78,13139.97,29,403,1455,0,0,0,120.15,0,
TXN04-01727,4,2026-06-12 10:00:22,18276.17,Hotels,40010,Bank Transfer,DEV-04-2,iPhone,Mumbai,10,4,0,8.4,14,22924.12,13145.29,46,404,1456,0,0,0,0.0,0,
TXN04-01728,4,2026-06-12 10:01:09,17963.5,Fuel,40063,Card,DEV-04-1,iPhone,Mumbai,10,4,0,0.78,15,22912.32,13130.69,7,589,1457,0,0,0,0.0,0,
TXN04-01729,4,2026-06-12 10:12:19,45099.84,Hotels,40010,Card,DEV-04-2,iPhone,Mumbai,10,4,0,11.17,16,22926.73,13122.13,47,405,1458,0,0,0,0.0,0,
TXN04-01730,4,2026-06-12 10:29:30,13499.45,Hotels,40010,Bank Transfer,DEV-04-2,iPhone,Mumbai,10,4,0,17.18,17,22982.86,13152.79,48,406,1459,0,0,0,0.0,0,
TXN04-01731,4,2026-06-12 10:30:29,20006.38,Hotels,40007,UPI,DEV-04-4,Android,Mumbai,10,4,0,0.98,18,22958.92,13144.79,43,167,1460,0,0,0,0.0,0,
TXN04-01732,4,2026-06-12 10:37:38,10480.15,Suppliers,40003,Bank Transfer,DEV-04-5,iPhone,Mumbai,10,4,0,7.15,19,22943.4,13144.64,161,110,1461,0,0,0,0.0,0,
TXN04-01733,4,2026-06-12 10:39:01,10169.25,Suppliers,40004,Card,DEV-04-2,iPhone,Mumbai,10,4,0,1.38,20,22912.0,13142.93,66,407,1462,0,0,0,0.0,0,
TXN04-01734,4,2026-06-12 10:44:48,7732.48,Office,40080,UPI,DEV-04-3,iPhone,Delhi,10,4,0,5.78,21,22879.99,13141.9,1,258,133,0,0,1,1153.24,0,
TXN04-01735,4,2026-06-12 11:10:05,12375.8,Hotels,40006,Bank Transfer,DEV-04-1,iPhone,Pune,11,4,0,25.28,22,22842.02,13147.26,70,590,110,0,0,0,1179.48,0,
TXN04-01736,4,2026-06-12 11:55:57,24091.45,Suppliers,40027,UPI,DEV-04-3,iPhone,Mumbai,11,4,0,45.87,23,22833.58,13127.91,19,259,1463,0,0,0,120.15,0,
TXN04-01737,4,2026-06-12 12:51:25,39536.89,Hotels,40056,Card,DEV-04-1,iPhone,Pune,12,4,0,55.47,24,22886.85,13090.15,6,591,111,0,0,0,120.15,0,
TXN04-01738,4,2026-06-12 12:58:18,6749.73,Overseas Merchant,923825,Card,DEV-04-1,iPhone,London,12,4,0,6.88,25,22928.9,13100.3,1,592,1,0,1,1,7306.0,1,foreign_merchant
TXN04-01739,4,2026-06-12 13:12:30,23339.23,Suppliers,40003,Card,DEV-04-1,iPhone,Mumbai,13,4,0,14.2,26,22869.43,13145.34,162,593,1464,0,0,0,7191.7,0,
TXN04-01740,4,2026-06-12 13:24:59,17223.74,Hotels,40029,Card,DEV-04-2,iPhone,Mumbai,13,4,0,12.48,27,22870.62,13128.71,25,408,1465,0,0,0,0.0,0,
TXN04-01741,4,2026-06-12 13:28:35,8507.47,Fuel,40002,Card,DEV-04-3,iPhone,Pune,13,4,0,3.6,28,22856.36,13115.19,104,260,112,0,0,0,120.15,0,
TXN04-01742,4,2026-06-12 13:30:26,14686.88,Suppliers,40077,UPI,DEV-04-1,iPhone,Mumbai,13,4,0,1.85,29,22820.22,13118.39,2,594,1466,0,0,0,120.15,0,
TXN04-01743,4,2026-06-12 13:43:19,10524.05,Suppliers,40054,UPI,DEV-04-3,iPhone,Mumbai,13,4,0,12.88,30,22799.78,13108.22,11,261,1467,0,0,0,0.0,0,
TXN04-01744,4,2026-06-12 13:53:19,15146.39,Suppliers,40003,Card,DEV-04-2,iPhone,Mumbai,13,4,0,10.0,31,22769.01,13106.17,163,409,1468,0,0,0,0.0,0,
TXN04-01745,4,2026-06-12 14:11:55,23415.61,Office,40016,Card,DEV-04-2,iPhone,Pune,14,4,0,18.6,32,22763.09,13109.08,35,410,113,0,0,0,120.15,0,
TXN04-01746,4,2026-06-12 14:12:32,36791.25,Office,40005,Card,DEV-04-2,iPhone,Mumbai,14,4,0,0.62,33,22764.72,13092.72,107,411,1469,0,0,0,120.15,0,
TXN04-01747,4,2026-06-12 14:14:08,35049.98,Fuel,40012,Card,DEV-04-5,iPhone,Delhi,14,4,0,1.6,34,22799.7,13095.09,26,111,134,0,0,0,1153.24,0,
TXN04-01748,4,2026-06-12 14:23:11,39009.09,Fuel,40012,Card,DEV-04-1,iPhone,Pune,14,4,0,9.05,35,22830.17,13093.02,27,595,114,0,0,0,1179.48,0,
TXN04-01749,4,2026-06-12 14:31:50,44854.73,Hotels,40006,Card,DEV-04-2,iPhone,Mumbai,14,4,0,8.65,36,22870.32,13101.51,71,412,1470,0,0,0,120.15,0,
TXN04-01750,4,2026-06-12 14:43:30,9597.4,Office,40005,Card,DEV-04-1,iPhone,Mumbai,14,4,0,11.67,37,22924.73,13130.81,108,596,1471,0,0,0,0.0,0,
TXN04-01751,4,2026-06-12 14:44:14,36299.02,Hotels,40001,UPI,DEV-04-3,iPhone,Mumbai,14,4,0,0.73,38,22891.83,13131.26,162,262,1472,0,0,0,0.0,0,
TXN04-01752,4,2026-06-12 14:47:50,22052.66,Suppliers,40003,UPI,DEV-04-3,iPhone,Mumbai,14,4,0,3.6,39,22924.85,13131.9,164,263,1473,0,0,0,0.0,0,
TXN04-01753,4,2026-06-12 14:54:28,50000.0,Suppliers,40003,Card,DEV-04-1,iPhone,Mumbai,14,4,0,6.63,40,22882.26,13106.59,165,597,1474,0,0,0,0.0,0,
TXN04-01754,4,2026-06-12 15:18:05,40379.92,Hotels,40046,Card,DEV-04-4,Android,Mumbai,15,4,0,23.62,41,22978.97,13166.8,11,168,1475,0,0,0,0.0,0,
TXN04-01755,4,2026-06-12 15:41:18,18367.32,Hotels,40057,UPI,DEV-04-15,iPhone,Kolkata,15,4,0,23.22,42,23040.23,13189.89,7,2,5,0,0,0,1654.84,0,
TXN04-01756,4,2026-06-12 15:58:23,28051.9,Suppliers,40027,Card,DEV-04-1,iPhone,Delhi,15,4,0,17.08,43,23028.72,13175.67,20,598,135,0,0,0,1317.75,0,
TXN04-01757,4,2026-06-12 16:11:35,40450.81,Suppliers,40004,UPI,DEV-04-1,iPhone,Mumbai,16,4,0,13.2,44,23041.06,13161.82,67,599,1476,0,0,0,1153.24,0,
TXN04-01758,4,2026-06-12 16:21:20,15814.51,Suppliers,40003,UPI,DEV-04-1,iPhone,Mumbai,16,4,0,9.75,45,23083.73,13173.84,166,600,1477,0,0,0,0.0,0,
TXN04-01759,4,2026-06-12 16:46:57,19706.2,Office,40044,UPI,DEV-04-2,iPhone,Mumbai,16,4,0,25.62,46,23065.96,13162.62,11,413,1478,0,0,0,0.0,0,
TXN04-01760,4,2026-06-12 16:53:28,37777.26,Fuel,40009,UPI,DEV-04-2,iPhone,Mumbai,16,4,0,6.52,47,23057.76,13147.61,68,414,1479,0,0,0,0.0,0,
TXN04-01761,4,2026-06-12 16:58:02,14064.01,Office,40008,Card,DEV-04-1,iPhone,Mumbai,16,4,0,4.57,48,23093.58,13151.61,53,601,1480,0,0,0,0.0,0,
TXN04-01762,4,2026-06-12 16:58:49,9975.7,Office,40008,Card,DEV-04-6,Web,Mumbai,16,4,0,0.78,49,23071.66,13143.15,54,64,1481,0,0,0,0.0,0,
TXN04-01763,4,2026-06-12 17:01:31,5051.39,Fuel,40026,Card,DEV-04-2,iPhone,Mumbai,17,4,0,2.7,50,23039.95,13143.0,11,415,1482,0,0,0,0.0,0,
TXN04-01764,4,2026-06-12 17:16:23,50000.0,Suppliers,40004,Card,DEV-04-1,iPhone,Mumbai,17,4,0,14.87,51,22996.5,13156.78,68,602,1483,0,0,0,0.0,0,
TXN04-01765,4,2026-06-12 17:23:00,26000.0,Suppliers,40001,Card,DEV-UNK-9270,Android,Mumbai,17,4,0,6.62,52,23061.57,13207.45,163,1,1484,1,0,0,0.0,1,unknown_device
TXN04-01766,4,2026-06-12 17:32:31,21453.27,Office,40028,UPI,DEV-04-3,iPhone,Mumbai,17,4,0,9.52,53,23068.63,13192.35,24,264,1485,0,0,0,0.0,0,
TXN04-01767,4,2026-06-12 17:33:30,11884.18,Hotels,40081,Card,DEV-04-5,iPhone,Delhi,17,4,0,0.98,54,23064.76,13176.76,1,112,136,0,0,1,1153.24,0,
TXN04-01768,4,2026-06-12 17:37:44,25451.12,Fuel,40002,Bank Transfer,DEV-04-1,iPhone,Mumbai,17,4,0,4.23,55,23038.01,13172.31,105,603,1486,0,0,0,1153.24,0,
TXN04-01769,4,2026-06-12 18:01:43,23273.67,Hotels,40010,Card,DEV-04-6,Web,Mumbai,18,4,0,23.98,56,23043.77,13157.11,49,65,1487,0,0,0,0.0,0,
TXN04-01770,4,2026-06-12 18:03:36,50000.0,Suppliers,40035,Card,DEV-04-8,Android,Mumbai,18,4,0,1.88,57,23044.32,13141.45,20,37,1488,0,0,0,0.0,0,
TXN04-01771,4,2026-06-12 18:15:06,17046.62,Suppliers,40004,UPI,DEV-04-2,iPhone,Mumbai,18,4,0,11.5,58,23042.34,13157.06,69,416,1489,0,0,0,0.0,0,
TXN04-01772,4,2026-06-12 18:20:53,28643.86,Office,40017,Card,DEV-04-7,iPhone,Mumbai,18,4,0,5.78,59,23028.07,13144.63,34,53,1490,0,0,0,0.0,0,
TXN04-01773,4,2026-06-12 18:35:12,24499.05,Office,40008,Bank Transfer,DEV-04-1,iPhone,Chandigarh,18,4,0,14.32,60,23074.93,13129.47,55,604,2,0,0,0,1354.32,0,
TXN04-01774,4,2026-06-12 19:28:39,43173.37,Office,40008,Bank Transfer,DEV-04-16,Android,Mumbai,19,4,0,53.45,61,23078.9,13129.65,56,1,1491,1,0,0,1354.32,0,
TXN04-01775,4,2026-06-12 19:35:17,21440.52,Suppliers,40003,Card,DEV-04-3,iPhone,Mumbai,19,4,0,6.63,62,23126.63,13150.48,167,265,1492,0,0,0,0.0,0,
TXN04-01776,4,2026-06-12 20:03:15,25353.73,Suppliers,40015,Card,DEV-04-3,iPhone,Delhi,20,4,0,27.97,63,23083.19,13149.17,35,266,137,0,0,0,1153.24,0,
TXN04-01777,4,2026-06-12 20:23:19,8351.1,Office,40017,UPI,DEV-04-3,iPhone,Mumbai,20,4,0,20.07,64,23088.58,13134.01,35,267,1493,0,0,0,1153.24,0,
TXN04-01778,4,2026-06-12 20:24:23,10666.09,Fuel,40036,Card,DEV-04-1,iPhone,Mumbai,20,4,0,1.07,65,23053.66,13138.0,7,605,1494,0,0,0,0.0,0,
TXN04-01779,4,2026-06-12 20:30:15,11651.06,Office,40005,UPI,DEV-04-4,Android,Delhi,20,4,0,5.87,66,23024.37,13136.24,109,169,138,0,0,0,1153.24,0,
TXN04-01780,4,2026-06-12 20:47:18,4967.24,Fuel,40058,UPI,DEV-04-3,iPhone,Mumbai,20,4,0,17.05,67,23002.63,13147.43,4,268,1495,0,0,0,1153.24,0,
TXN04-01781,4,2026-06-12 20:53:06,22453.05,Hotels,40010,UPI,DEV-04-2,iPhone,Mumbai,20,4,0,5.8,68,22960.09,13161.03,50,417,1496,0,0,0,0.0,0,
TXN04-01782,4,2026-06-12 20:54:43,12037.92,Suppliers,40003,Bank Transfer,DEV-04-2,iPhone,Mumbai,20,4,0,1.62,69,22958.9,13145.56,168,418,1497,0,0,0,0.0,0,
TXN04-01783,4,2026-06-12 20:59:35,22804.57,Hotels,40081,Card,DEV-04-6,Web,Pune,20,4,0,4.87,70,22933.26,13140.75,2,66,115,0,0,0,120.15,0,
TXN04-01784,4,2026-06-13 05:16:40,26000.0,Suppliers,40001,Card,DEV-UNK-8612,Web,Mumbai,5,5,1,497.08,1,22925.76,13139.91,164,1,1498,1,0,0,120.15,1,unknown_device
TXN04-01785,4,2026-06-13 08:11:12,31889.67,Office,40073,Card,DEV-04-1,iPhone,Mumbai,8,5,1,174.53,2,22932.96,13125.36,3,606,1499,0,0,0,0.0,0,
TXN04-01786,4,2026-06-13 08:25:14,28933.87,Hotels,40001,Card,DEV-04-4,Android,Mumbai,8,5,1,14.03,3,22949.4,13132.52,165,170,1500,0,0,0,0.0,0,
TXN04-01787,4,2026-06-13 08:35:34,7298.46,Suppliers,40045,Card,DEV-04-1,iPhone,Mumbai,8,5,1,10.33,4,23019.65,13125.42,14,607,1501,0,0,0,0.0,0,
TXN04-01788,4,2026-06-13 08:39:23,37814.18,Hotels,40001,UPI,DEV-04-10,Web,Mumbai,8,5,1,3.82,5,22982.75,13132.07,166,13,1502,0,0,0,0.0,0,
TXN04-01789,4,2026-06-13 09:11:17,8886.15,Fuel,40002,Card,DEV-04-2,iPhone,Mumbai,9,5,1,31.9,6,22954.93,13141.92,106,419,1503,0,0,0,0.0,0,
TXN04-01790,4,2026-06-13 09:21:55,34907.72,Office,40017,Bank Transfer,DEV-04-3,iPhone,Mumbai,9,5,1,10.63,7,22921.59,13144.15,36,269,1504,0,0,0,0.0,0,
TXN04-01791,4,2026-06-13 09:30:10,10369.53,Suppliers,40003,Card,DEV-04-1,iPhone,Mumbai,9,5,1,8.25,8,22908.83,13129.89,169,608,1505,0,0,0,0.0,0,
TXN04-01792,4,2026-06-13 10:02:43,24172.12,Office,40005,Bank Transfer,DEV-04-7,iPhone,Mumbai,10,5,1,32.55,9,22973.87,13125.42,110,54,1506,0,0,0,0.0,0,
TXN04-01793,4,2026-06-13 10:19:22,50000.0,Hotels,40070,UPI,DEV-04-2,iPhone,Mumbai,10,5,1,16.65,10,22949.57,13113.72,2,420,1507,0,0,0,0.0,0,
TXN04-01794,4,2026-06-13 10:33:54,13583.53,Suppliers,40003,UPI,DEV-04-3,iPhone,Delhi,10,5,1,14.53,11,23047.9,13161.26,170,270,139,0,0,0,1153.24,0,
TXN04-01795,4,2026-06-13 10:42:46,16883.01,Suppliers,40004,Card,DEV-04-2,iPhone,Mumbai,10,5,1,8.87,12,23049.48,13160.08,70,421,1508,0,0,0,1153.24,0,
TXN04-01796,4,2026-06-13 11:21:18,3423.63,Suppliers,40003,Card,DEV-04-2,iPhone,Mumbai,11,5,1,38.53,13,23066.18,13179.26,171,422,1509,0,0,0,0.0,0,
TXN04-01797,4,2026-06-13 11:44:53,39996.86,Suppliers,40022,Card,DEV-04-4,Android,Mumbai,11,5,1,23.58,14,23053.86,13201.26,26,171,1510,0,0,0,0.0,0,
TXN04-01798,4,2026-06-13 11:47:09,4948.99,Office,40028,UPI,DEV-04-1,iPhone,Mumbai,11,5,1,2.27,15,23094.49,13211.44,25,609,1511,0,0,0,0.0,0,
TXN04-01799,4,2026-06-13 11:48:49,16891.1,Hotels,40013,UPI,DEV-04-10,Web,Mumbai,11,5,1,1.67,16,23051.08,13225.37,29,14,1512,0,0,0,0.0,0,
TXN04-01800,4,2026-06-13 12:18:16,10302.53,Suppliers,40015,Card,DEV-04-1,iPhone,Mumbai,12,5,1,29.45,17,23038.13,13242.88,36,610,1513,0,0,0,0.0,0,
TXN04-01801,4,2026-06-13 12:56:45,27912.58,Suppliers,40003,UPI,DEV-04-2,iPhone,Mumbai,12,5,1,38.48,18,23007.59,13241.65,172,423,1514,0,0,0,0.0,0,
TXN04-01802,4,2026-06-13 13:16:21,21116.35,Suppliers,40077,Card,DEV-04-2,iPhone,Mumbai,13,5,1,19.6,19,22984.61,13186.7,3,424,1515,0,0,0,0.0,0,
TXN04-01803,4,2026-06-13 14:17:26,15121.98,Suppliers,40003,Card,DEV-04-3,iPhone,Mumbai,14,5,1,61.08,20,22940.29,13183.79,173,271,1516,0,0,0,0.0,0,
TXN04-01804,4,2026-06-13 14:30:24,8595.08,Office,40016,UPI,DEV-04-1,iPhone,Mumbai,14,5,1,12.97,21,22921.4,13173.45,36,611,1517,0,0,0,0.0,0,
TXN04-01805,4,2026-06-13 15:05:45,34061.36,Suppliers,40011,Card,DEV-04-1,iPhone,Pune,15,5,1,35.35,22,22934.89,13193.25,51,612,116,0,0,0,120.15,0,
TXN04-01806,4,2026-06-13 15:13:35,14733.56,Hotels,40007,Card,DEV-04-6,Web,Mumbai,15,5,1,7.83,23,22896.11,13136.94,44,67,1518,0,0,0,120.15,0,
TXN04-01807,4,2026-06-13 15:35:12,29366.98,Hotels,40042,UPI,DEV-04-6,Web,Mumbai,15,5,1,21.62,24,22876.3,13127.13,10,68,1519,0,0,0,0.0,0,
TXN04-01808,4,2026-06-13 15:44:48,24551.15,Fuel,40020,Card,DEV-04-1,iPhone,Mumbai,15,5,1,9.6,25,22892.01,13115.11,22,613,1520,0,0,0,0.0,0,
TXN04-01809,4,2026-06-13 15:44:51,31411.19,Suppliers,40015,Card,DEV-04-1,iPhone,Mumbai,15,5,1,0.05,26,22896.02,13099.52,37,614,1521,0,0,0,0.0,0,
TXN04-01810,4,2026-06-13 15:53:49,15408.5,Office,40031,UPI,DEV-04-2,iPhone,Mumbai,15,5,1,8.97,27,22912.86,13105.97,16,425,1522,0,0,0,0.0,0,
TXN04-01811,4,2026-06-13 16:18:39,12779.97,Suppliers,40003,Bank Transfer,DEV-04-4,Android,Mumbai,16,5,1,24.83,28,22953.6,13097.13,174,172,1523,0,0,0,0.0,0,
TXN04-01812,4,2026-06-13 16:29:13,13822.27,Hotels,40029,Bank Transfer,DEV-04-5,iPhone,Mumbai,16,5,1,10.57,29,22929.88,13122.25,26,113,1524,0,0,0,0.0,0,
TXN04-01813,4,2026-06-13 16:40:52,9973.93,Fuel,40009,UPI,DEV-04-2,iPhone,Mumbai,16,5,1,11.65,30,22868.7,13105.8,69,426,1525,0,0,0,0.0,0,
TXN04-01814,4,2026-06-13 16:41:09,10886.93,Hotels,40013,Bank Transfer,DEV-UNK-3982,Android,Mumbai,16,5,1,0.28,31,22837.48,13105.26,30,1,1526,1,0,0,0.0,1,ato_new_device_higher_amount
TXN04-01815,4,2026-06-13 16:57:18,22744.31,Suppliers,40015,UPI,DEV-04-1,iPhone,Mumbai,16,5,1,16.15,32,22821.09,13115.95,38,615,1527,0,0,0,0.0,0,
TXN04-01816,4,2026-06-13 17:05:32,6371.57,Suppliers,40022,Bank Transfer,DEV-04-1,iPhone,Mumbai,17,5,1,8.23,33,22809.88,13114.04,27,616,1528,0,0,0,0.0,0,
TXN04-01817,4,2026-06-13 17:17:01,9734.14,Suppliers,40035,UPI,DEV-04-2,iPhone,Mumbai,17,5,1,11.48,34,22725.23,13159.86,21,427,1529,0,0,0,0.0,0,
TXN04-01818,4,2026-06-13 18:15:43,45227.69,Hotels,40010,Card,DEV-04-1,iPhone,Delhi,18,5,1,58.7,35,22595.93,13101.55,51,617,140,0,0,0,1153.24,0,
TXN04-01819,4,2026-06-13 18:20:53,14257.35,Suppliers,40064,UPI,DEV-04-1,iPhone,Mumbai,18,5,1,5.17,36,22662.17,13148.41,7,618,1530,0,0,0,1153.24,0,
TXN04-01820,4,2026-06-13 18:26:02,14488.96,Hotels,40013,Card,DEV-04-1,iPhone,Mumbai,18,5,1,5.15,37,22682.45,13129.13,31,619,1531,0,0,0,0.0,0,
TXN04-01821,4,2026-06-13 18:28:12,11155.93,Suppliers,40075,Card,DEV-04-17,iPhone,Mumbai,18,5,1,2.17,38,22662.12,13119.17,2,1,1532,1,0,0,0.0,0,
TXN04-01822,4,2026-06-13 18:30:20,7971.0,Hotels,40025,Bank Transfer,DEV-04-5,iPhone,Pune,18,5,1,2.13,39,22633.64,13115.39,16,114,117,0,0,0,120.15,0,
TXN04-01823,4,2026-06-13 18:37:47,49083.03,Suppliers,40011,UPI,DEV-04-3,iPhone,Mumbai,18,5,1,7.45,40,22539.32,13083.45,52,272,1533,0,0,0,120.15,0,
TXN04-01824,4,2026-06-13 18:53:53,26592.55,Hotels,40046,Bank Transfer,DEV-04-1,iPhone,Mumbai,18,5,1,16.1,41,22553.42,13145.5,12,620,1534,0,0,0,0.0,0,
TXN04-01825,4,2026-06-13 18:56:27,14626.64,Fuel,40023,UPI,DEV-04-1,iPhone,Mumbai,18,5,1,2.57,42,22563.41,13130.75,20,621,1535,0,0,0,0.0,0,
TXN04-01826,4,2026-06-13 19:12:25,6423.36,Suppliers,40015,Card,DEV-04-2,iPhone,Mumbai,19,5,1,15.97,43,22608.49,13120.07,39,428,1536,0,0,0,0.0,0,
TXN04-01827,4,2026-06-13 19:37:26,25364.73,Fuel,40002,UPI,DEV-04-1,iPhone,Mumbai,19,5,1,25.02,44,22568.43,13128.48,107,622,1537,0,0,0,0.0,0,
TXN04-01828,4,2026-06-13 19:44:54,20553.62,Office,40016,Card,DEV-04-2,iPhone,Mumbai,19,5,1,7.47,45,22585.54,13127.61,37,429,1538,0,0,0,0.0,0,
TXN04-01829,4,2026-06-13 19:50:31,8987.99,Hotels,40013,UPI,DEV-04-1,iPhone,Mumbai,19,5,1,5.62,46,22585.23,13127.65,32,623,1539,0,0,0,0.0,0,
TXN04-01830,4,2026-06-13 20:13:17,37136.31,Office,40031,Bank Transfer,DEV-04-1,iPhone,Mumbai,20,5,1,22.77,47,22427.81,13069.49,17,624,1540,0,0,0,0.0,0,
TXN04-01831,4,2026-06-13 20:45:24,10331.93,Hotels,40056,Card,DEV-04-8,Android,Mumbai,20,5,1,32.12,48,22481.93,13085.22,7,38,1541,0,0,0,0.0,0,
TXN04-01832,4,2026-06-14 08:01:06,6920.63,Suppliers,40003,UPI,DEV-04-17,iPhone,Delhi,8,6,1,675.7,1,22465.31,13096.4,175,2,141,0,0,0,1153.24,0,
TXN04-01833,4,2026-06-14 08:14:45,15590.73,Hotels,40014,Bank Transfer,DEV-04-2,iPhone,Pune,8,6,1,13.65,2,22426.74,13102.98,18,430,118,0,0,0,1179.48,0,
TXN04-01834,4,2026-06-14 08:20:24,14672.54,Suppliers,40078,UPI,DEV-04-2,iPhone,Mumbai,8,6,1,5.65,3,22446.3,13086.87,2,431,1542,0,0,0,120.15,0,
TXN04-01835,4,2026-06-14 08:36:30,17475.55,Hotels,40001,Card,DEV-04-5,iPhone,Mumbai,8,6,1,16.1,4,22461.31,13074.47,167,115,1543,0,0,0,0.0,0,
TXN04-01836,4,2026-06-14 08:41:54,38113.8,Suppliers,40038,Card,DEV-04-1,iPhone,Pune,8,6,1,5.4,5,22448.97,13060.63,16,625,119,0,0,0,120.15,0,
TXN04-01837,4,2026-06-14 09:25:35,50000.0,Suppliers,40045,Bank Transfer,DEV-04-3,iPhone,Mumbai,9,6,1,43.68,6,22553.72,13047.32,15,273,1544,0,0,0,120.15,0,
TXN04-01838,4,2026-06-14 10:08:40,47204.33,Suppliers,40003,Bank Transfer,DEV-04-1,iPhone,Mumbai,10,6,1,43.08,7,22540.97,13084.25,176,626,1545,0,0,0,0.0,0,
TXN04-01839,4,2026-06-14 10:19:15,50000.0,Fuel,40026,Card,DEV-04-1,iPhone,Mumbai,10,6,1,10.58,8,22508.55,13085.65,12,627,1546,0,0,0,0.0,0,
TXN04-01840,4,2026-06-14 10:33:59,8310.88,Office,40008,UPI,DEV-04-1,iPhone,Mumbai,10,6,1,14.73,9,22578.33,13142.03,57,628,1547,0,0,0,0.0,0,
TXN04-01841,4,2026-06-14 10:37:40,26772.43,Suppliers,40018,Bank Transfer,DEV-04-1,iPhone,Mumbai,10,6,1,3.68,10,22542.21,13144.95,30,629,1548,0,0,0,0.0,0,
TXN04-01842,4,2026-06-14 11:13:29,50000.0,Suppliers,40034,Card,DEV-04-1,iPhone,Mumbai,11,6,1,35.82,11,22344.71,13025.68,26,630,1549,0,0,0,0.0,0,
TXN04-01843,4,2026-06-14 11:14:57,38626.38,Suppliers,40061,UPI,DEV-04-18,Web,Pune,11,6,1,1.47,12,22415.62,13083.94,4,1,120,1,0,0,120.15,0,
TXN04-01844,4,2026-06-14 11:34:45,15753.51,Office,40016,Card,DEV-04-6,Web,Mumbai,11,6,1,19.8,13,22433.52,13063.92,38,69,1550,0,0,0,120.15,0,
TXN04-01845,4,2026-06-14 11:40:52,19396.46,Suppliers,40024,UPI,DEV-04-12,Android,Mumbai,11,6,1,6.12,14,22416.35,13051.5,19,4,1551,0,0,0,0.0,0,
TXN04-01846,4,2026-06-14 11:53:50,32064.75,Suppliers,40064,Bank Transfer,DEV-04-2,iPhone,Mumbai,11,6,1,12.97,15,22423.4,13067.5,8,432,1552,0,0,0,0.0,0,
TXN04-01847,4,2026-06-14 12:04:43,10450.25,Fuel,40023,Bank Transfer,DEV-04-2,iPhone,Mumbai,12,6,1,10.88,16,22448.19,13059.83,21,433,1553,0,0,0,0.0,0,
TXN04-01848,4,2026-06-14 12:05:50,11740.51,Fuel,40037,UPI,DEV-04-19,iPhone,Mumbai,12,6,1,1.12,17,22417.43,13057.18,9,1,1554,1,0,0,0.0,0,
TXN04-01849,4,2026-06-14 12:38:36,7497.72,Hotels,40001,Bank Transfer,DEV-04-1,iPhone,Mumbai,12,6,1,32.77,18,22440.45,13120.54,168,631,1555,0,0,0,0.0,0,
TXN04-01850,4,2026-06-14 12:53:09,31513.68,Hotels,40001,UPI,DEV-04-5,iPhone,Mumbai,12,6,1,14.55,19,22405.17,13142.49,169,116,1556,0,0,0,0.0,0,
TXN04-01851,4,2026-06-14 13:04:58,36867.46,Fuel,40002,Card,DEV-04-3,iPhone,Mumbai,13,6,1,11.82,20,22394.76,13133.69,108,274,1557,0,0,0,0.0,0,
TXN04-01852,4,2026-06-14 13:15:56,25049.1,Office,40016,UPI,DEV-04-4,Android,Delhi,13,6,1,10.97,21,22389.36,13136.07,39,173,142,0,0,0,1153.24,0,
TXN04-01853,4,2026-06-14 13:20:56,11945.1,Hotels,40172,Card,DEV-UNK-5190,iPhone,Delhi,13,6,1,5.0,22,22396.3,13119.62,1,1,143,1,0,1,0.0,1,ato_new_device_short_gap
TXN04-01854,4,2026-06-14 13:24:36,4590.1,Office,40005,Card,DEV-04-2,iPhone,Mumbai,13,6,1,3.67,23,22411.31,13104.36,111,434,1558,0,0,0,1153.24,0,
TXN04-01855,4,2026-06-14 13:33:14,8903.2,Hotels,40001,Card,DEV-04-1,iPhone,Delhi,13,6,1,8.63,24,22387.88,13128.15,170,632,144,0,0,0,1153.24,0,
TXN04-01856,4,2026-06-14 14:26:53,38675.98,Suppliers,40022,Bank Transfer,DEV-04-1,iPhone,Mumbai,14,6,1,53.65,25,22473.7,13084.81,28,633,1559,0,0,0,1153.24,0,
TXN04-01857,4,2026-06-14 14:50:19,30202.24,Hotels,40001,Card,DEV-04-1,iPhone,Pune,14,6,1,23.43,26,22507.64,13049.38,171,634,121,0,0,0,120.15,0,
TXN04-01858,4,2026-06-14 14:55:53,24962.78,Hotels,40010,Bank Transfer,DEV-04-2,iPhone,Mumbai,14,6,1,5.57,27,22528.22,13037.98,52,435,1560,0,0,0,120.15,0,
TXN04-01859,4,2026-06-14 15:01:30,13276.06,Office,40016,Card,DEV-04-8,Android,Mumbai,15,6,1,5.62,28,22534.71,13021.19,40,39,1561,0,0,0,0.0,0,
TXN04-01860,4,2026-06-14 15:03:55,32060.48,Hotels,40019,Card,DEV-04-5,iPhone,Mumbai,15,6,1,2.42,29,22510.08,13012.61,30,117,1562,0,0,0,0.0,0,
TXN04-01861,4,2026-06-14 15:12:35,50000.0,Suppliers,40055,UPI,DEV-04-4,Android,Pune,15,6,1,8.67,30,22535.42,13004.62,8,174,122,0,0,0,120.15,0,
TXN04-01862,4,2026-06-14 15:16:04,10329.53,Suppliers,40003,Card,DEV-04-1,iPhone,Mumbai,15,6,1,3.48,31,22608.07,13063.8,177,635,1563,0,0,0,120.15,0,
TXN04-01863,4,2026-06-14 15:17:53,11310.96,Hotels,40001,UPI,DEV-04-1,iPhone,Mumbai,15,6,1,1.82,32,22575.68,13061.75,172,636,1564,0,0,0,0.0,0,
TXN04-01864,4,2026-06-14 15:53:45,8785.85,Hotels,40001,UPI,DEV-04-4,Android,Mumbai,15,6,1,35.87,33,22544.9,13026.19,173,175,1565,0,0,0,0.0,0,
TXN04-01865,4,2026-06-14 16:00:07,37593.88,Suppliers,40024,Bank Transfer,DEV-04-2,iPhone,Mumbai,16,6,1,6.37,34,22508.5,13028.13,20,436,1566,0,0,0,0.0,0,
TXN04-01866,4,2026-06-14 16:10:35,30956.08,Office,40016,Card,DEV-04-2,iPhone,Mumbai,16,6,1,10.47,35,22564.98,13065.42,41,437,1567,0,0,0,0.0,0,
TXN04-01867,4,2026-06-14 16:54:54,15591.19,Suppliers,40003,Card,DEV-04-2,iPhone,Mumbai,16,6,1,44.32,36,22654.98,13125.78,178,438,1568,0,0,0,0.0,0,
TXN04-01868,4,2026-06-14 17:04:59,28427.9,Fuel,40009,Bank Transfer,DEV-04-1,iPhone,Mumbai,17,6,1,10.08,37,22600.78,13101.69,70,637,1569,0,0,0,0.0,0,
TXN04-01869,4,2026-06-14 17:10:57,32439.32,Fuel,40009,Card,DEV-04-1,iPhone,Mumbai,17,6,1,5.97,38,22552.89,13047.81,71,638,1570,0,0,0,0.0,0,
TXN04-01870,4,2026-06-14 17:41:04,3865.27,Hotels,40067,UPI,DEV-04-2,iPhone,Mumbai,17,6,1,30.12,39,22578.91,13067.46,4,439,1571,0,0,0,0.0,0,
TXN04-01871,4,2026-06-14 17:45:39,13681.26,Suppliers,40004,UPI,DEV-04-1,iPhone,Mumbai,17,6,1,4.58,40,22536.18,13120.98,71,639,1572,0,0,0,0.0,0,
TXN04-01872,4,2026-06-14 17:51:18,22296.09,Office,40080,UPI,DEV-04-2,iPhone,Mumbai,17,6,1,5.65,41,22512.19,13111.27,2,440,1573,0,0,0,0.0,0,
TXN04-01873,4,2026-06-14 18:09:00,12964.3,Fuel,40021,Card,DEV-04-1,iPhone,Mumbai,18,6,1,17.7,42,22339.69,13000.36,27,640,1574,0,0,0,0.0,0,
TXN04-01874,4,2026-06-14 18:12:49,11934.36,Hotels,40070,Card,DEV-04-7,iPhone,Mumbai,18,6,1,3.82,43,22314.21,12991.85,3,55,1575,0,0,0,0.0,0,
TXN04-01875,4,2026-06-14 18:16:46,9392.72,Hotels,40001,UPI,DEV-04-13,iPhone,Mumbai,18,6,1,3.95,44,22286.09,12985.45,174,3,1576,0,0,0,0.0,0,
TXN04-01876,4,2026-06-14 18:18:15,12889.31,Suppliers,40018,Card,DEV-04-4,Android,Mumbai,18,6,1,1.48,45,22251.24,12985.16,31,176,1577,0,0,0,0.0,0,
TXN04-01877,4,2026-06-14 18:23:01,33635.52,Hotels,40007,UPI,DEV-04-1,iPhone,Pune,18,6,1,4.77,46,22226.0,12976.73,45,641,123,0,0,0,120.15,0,
TXN04-01878,4,2026-06-14 18:37:17,10271.24,Suppliers,40011,Card,DEV-04-4,Android,Mumbai,18,6,1,14.27,47,22294.66,12969.53,53,177,1578,0,0,0,120.15,0,
TXN04-01879,4,2026-06-14 18:41:08,27712.89,Fuel,40009,Card,DEV-04-10,Web,Mumbai,18,6,1,3.85,48,22262.34,12967.04,72,15,1579,0,0,0,0.0,0,
TXN04-01880,4,2026-06-14 19:14:20,16541.26,Hotels,40066,UPI,DEV-04-1,iPhone,Mumbai,19,6,1,33.2,49,22276.95,12952.71,7,642,1580,0,0,0,0.0,0,
TXN04-01881,4,2026-06-14 19:20:00,16689.78,Hotels,40060,Card,DEV-04-1,iPhone,Mumbai,19,6,1,5.67,50,22261.61,12938.77,4,643,1581,0,0,0,0.0,0,
TXN04-01882,4,2026-06-14 19:38:44,17816.38,Hotels,40030,Card,DEV-04-9,iPhone,Chandigarh,19,6,1,18.73,51,22349.77,12937.74,21,16,3,0,0,0,1354.32,0,
TXN04-01883,4,2026-06-14 19:58:06,14340.51,Office,40017,Card,DEV-04-2,iPhone,Delhi,19,6,1,19.37,52,22383.01,12942.37,37,441,145,0,0,0,227.78,0,
TXN04-01884,4,2026-06-14 20:46:03,2151.4,Hotels,40001,UPI,DEV-04-1,iPhone,Mumbai,20,6,1,47.95,53,22394.52,12945.03,175,644,1582,0,0,0,1153.24,0,
TXN04-01885,4,2026-06-14 20:58:21,26715.27,Office,40005,Card,DEV-04-1,iPhone,Mumbai,20,6,1,12.3,54,22300.81,12966.06,112,645,1583,0,0,0,0.0,0,
TXN04-01886,4,2026-06-15 08:20:44,29211.41,Hotels,40029,UPI,DEV-04-4,Android,Surat,8,0,0,682.38,1,22364.17,12966.7,27,178,2,0,0,0,232.92,0,
TXN04-01887,4,2026-06-15 08:28:31,6749.03,Office,40044,Bank Transfer,DEV-04-1,iPhone,Mumbai,8,0,0,7.78,2,22354.92,12933.15,12,646,1584,0,0,0,232.92,0,
TXN04-01888,4,2026-06-15 08:34:10,30423.28,Office,40005,Card,DEV-04-8,Android,Delhi,8,0,0,5.65,3,22328.38,12955.14,113,40,146,0,0,0,1153.24,0,
TXN04-01889,4,2026-06-15 08:39:58,6907.85,Hotels,40019,Card,DEV-04-3,iPhone,Mumbai,8,0,0,5.8,4,22350.38,12944.38,31,275,1585,0,0,0,1153.24,0,
TXN04-01890,4,2026-06-15 09:25:07,16919.33,Fuel,40026,Bank Transfer,DEV-04-3,iPhone,Mumbai,9,0,0,45.15,5,22285.19,12949.84,13,276,1586,0,0,0,0.0,0,
TXN04-01891,4,2026-06-15 09:35:10,22626.17,Hotels,40042,Bank Transfer,DEV-04-3,iPhone,Mumbai,9,0,0,10.05,6,22270.56,12935.21,11,277,1587,0,0,0,0.0,0,
TXN04-01892,4,2026-06-15 09:42:35,9179.35,Office,40008,Card,DEV-04-9,iPhone,Mumbai,9,0,0,7.42,7,22271.53,12917.64,58,17,1588,0,0,0,0.0,0,
TXN04-01893,4,2026-06-15 09:48:35,30969.77,Fuel,40023,UPI,DEV-04-1,iPhone,Mumbai,9,0,0,6.0,8,22236.93,12935.59,22,647,1589,0,0,0,0.0,0,
TXN04-01894,4,2026-06-15 09:53:46,31082.35,Suppliers,40003,Card,DEV-04-1,iPhone,Mumbai,9,0,0,5.18,9,22260.59,12926.03,179,648,1590,0,0,0,0.0,1,ato_higher_amount
TXN04-01895,4,2026-06-15 10:06:27,24105.94,Hotels,40001,Card,DEV-04-1,iPhone,Mumbai,10,0,0,12.68,10,22322.59,12913.32,176,649,1591,0,0,0,0.0,0,
TXN04-01896,4,2026-06-15 10:20:57,46930.06,Suppliers,40003,UPI,DEV-04-5,iPhone,Mumbai,10,0,0,14.5,11,22327.41,12896.19,180,118,1592,0,0,0,0.0,0,
TXN04-01897,4,2026-06-15 10:33:13,7527.77,Hotels,40001,Card,DEV-04-3,iPhone,Mumbai,10,0,0,12.27,12,22431.43,12934.42,177,278,1593,0,0,0,0.0,0,
TXN04-01898,4,2026-06-15 10:41:34,50000.0,Fuel,40009,Card,DEV-04-3,iPhone,Mumbai,10,0,0,8.35,13,22391.15,12940.08,73,279,1594,0,0,0,0.0,0,
TXN04-01899,4,2026-06-15 11:05:57,22117.41,Hotels,40030,Card,DEV-04-2,iPhone,Mumbai,11,0,0,24.38,14,22458.46,13066.76,22,442,1595,0,0,0,0.0,0,
TXN04-01900,4,2026-06-15 11:22:38,34232.65,Hotels,40001,UPI,DEV-04-5,iPhone,Mumbai,11,0,0,16.68,15,22457.54,13049.0,178,119,1596,0,0,0,0.0,0,
TXN04-01901,4,2026-06-15 11:24:09,10384.07,Office,40082,UPI,DEV-04-1,iPhone,Mumbai,11,0,0,1.52,16,22489.45,13045.68,1,650,1597,0,0,1,0.0,0,
TXN04-01902,4,2026-06-15 11:49:50,18165.57,Office,40040,Card,DEV-04-1,iPhone,Pune,11,0,0,25.68,17,22425.63,13047.14,11,651,124,0,0,0,120.15,0,
TXN04-01903,4,2026-06-15 12:11:11,13827.27,Office,40080,Bank Transfer,DEV-04-2,iPhone,Mumbai,12,0,0,21.35,18,22414.12,13031.38,3,443,1598,0,0,0,120.15,0,
TXN04-01904,4,2026-06-15 12:17:52,17126.94,Hotels,40013,Card,DEV-04-1,iPhone,Pune,12,0,0,6.68,19,22390.97,13021.42,33,652,125,0,0,0,120.15,0,
TXN04-01905,4,2026-06-15 12:21:06,3342.64,Hotels,40053,Bank Transfer,DEV-04-3,iPhone,Mumbai,12,0,0,3.23,20,22376.82,13006.76,4,280,1599,0,0,0,120.15,0,
TXN04-01906,4,2026-06-15 12:28:18,11875.8,Hotels,40013,UPI,DEV-04-9,iPhone,Mumbai,12,0,0,7.2,21,22325.79,13026.55,34,18,1600,0,0,0,0.0,0,
TXN04-01907,4,2026-06-15 12:31:42,34129.68,Suppliers,40011,Bank Transfer,DEV-04-3,iPhone,Mumbai,12,0,0,3.4,22,22267.41,13024.46,54,281,1601,0,0,0,0.0,0,
TXN04-01908,4,2026-06-15 13:13:25,38384.35,Suppliers,40015,Card,DEV-04-4,Android,Mumbai,13,0,0,41.72,23,22240.68,13031.07,40,179,1602,0,0,0,0.0,0,
TXN04-01909,4,2026-06-15 13:30:27,17695.72,Fuel,40012,UPI,DEV-04-3,iPhone,Pune,13,0,0,17.03,24,22291.56,13068.72,28,282,126,0,0,0,120.15,0,
TXN04-01910,4,2026-06-15 14:09:01,16737.66,Suppliers,40003,Bank Transfer,DEV-04-8,Android,Mumbai,14,0,0,38.57,25,22116.91,13015.94,181,41,1603,0,0,0,120.15,0,
TXN04-01911,4,2026-06-15 14:10:03,9105.51,Fuel,40048,Card,DEV-04-6,Web,Mumbai,14,0,0,1.03,26,22102.26,13001.21,7,70,1604,0,0,0,0.0,0,
TXN04-01912,4,2026-06-15 14:12:41,8310.24,Suppliers,40024,UPI,DEV-04-5,iPhone,Mumbai,14,0,0,2.63,27,22066.9,13018.86,21,120,1605,0,0,0,0.0,0,
TXN04-01913,4,2026-06-15 14:22:18,16867.39,Suppliers,40052,UPI,DEV-04-4,Android,Mumbai,14,0,0,9.62,28,22029.51,13020.86,9,180,1606,0,0,0,0.0,0,
TXN04-01914,4,2026-06-15 14:34:27,29484.76,Office,40005,Bank Transfer,DEV-04-5,iPhone,Mumbai,14,0,0,12.15,29,22015.52,13005.98,114,121,1607,0,0,0,0.0,0,
TXN04-01915,4,2026-06-15 14:36:36,49094.51,Office,40017,Card,DEV-04-1,iPhone,Mumbai,14,0,0,2.15,30,22066.0,12998.72,38,653,1608,0,0,0,0.0,0,
TXN04-01916,4,2026-06-15 14:41:49,15362.36,Office,40017,Bank Transfer,DEV-04-1,iPhone,Pune,14,0,0,5.22,31,22139.05,13056.77,39,654,127,0,0,0,120.15,0,
TXN04-01917,4,2026-06-15 14:47:53,7829.89,Office,40005,Card,DEV-04-4,Android,Mumbai,14,0,0,6.07,32,22120.78,13043.89,115,181,1609,0,0,0,120.15,0,
TXN04-01918,4,2026-06-15 15:01:14,20321.66,Hotels,40006,Card,DEV-04-3,iPhone,Delhi,15,0,0,13.35,33,22082.37,13047.35,72,283,147,0,0,0,1153.24,0,
TXN04-01919,4,2026-06-15 15:02:14,16458.77,Suppliers,40003,Card,DEV-04-2,iPhone,Mumbai,15,0,0,1.0,34,22077.65,13030.16,182,444,1610,0,0,0,1153.24,0,
TXN04-01920,4,2026-06-15 15:10:03,14419.25,Office,40044,Card,DEV-04-8,Android,Pune,15,0,0,7.82,35,22062.62,13015.97,13,42,128,0,0,0,120.15,0,
TXN04-01921,4,2026-06-15 15:14:51,5358.34,Office,40031,Card,DEV-04-3,iPhone,Mumbai,15,0,0,4.8,36,22042.24,13004.58,18,284,1611,0,0,0,120.15,0,
TXN04-01922,4,2026-06-15 15:16:00,27288.08,Office,40044,UPI,DEV-04-2,iPhone,Mumbai,15,0,0,1.15,37,21997.87,13015.66,14,445,1612,0,0,0,0.0,0,
TXN04-01923,4,2026-06-15 15:18:36,43925.09,Bank Transfer,40001,Bank Transfer,DEV-04-1,iPhone,Mumbai,15,0,0,2.6,38,22011.9,13001.24,179,655,1613,0,0,0,0.0,1,rapid_repeated_transfers
TXN04-01924,4,2026-06-15 15:21:36,50000.0,Bank Transfer,40001,Bank Transfer,DEV-04-1,iPhone,Mumbai,15,0,0,3.0,39,22069.87,13032.73,180,656,1614,0,0,0,0.0,1,rapid_repeated_transfers
TXN04-01925,4,2026-06-15 15:22:36,40195.48,Bank Transfer,40001,Bank Transfer,DEV-04-1,iPhone,Mumbai,15,0,0,1.0,40,22143.57,13094.15,181,657,1615,0,0,0,0.0,1,rapid_repeated_transfers
TXN04-01926,4,2026-06-15 15:34:41,9851.98,Suppliers,40004,Bank Transfer,DEV-04-3,iPhone,Mumbai,15,0,0,12.08,41,22191.07,13109.57,72,285,1616,0,0,0,0.0,0,
TXN04-01927,4,2026-06-15 15:41:24,30330.62,Suppliers,40018,Card,DEV-04-4,Android,Mumbai,15,0,0,6.72,42,22158.69,13107.57,32,182,1617,0,0,0,0.0,0,
TXN04-01928,4,2026-06-15 15:44:44,16458.32,Hotels,40001,UPI,DEV-04-2,iPhone,Mumbai,15,0,0,3.33,43,22180.08,13097.06,182,446,1618,0,0,0,0.0,0,
TXN04-01929,4,2026-06-15 15:47:49,38177.01,Fuel,40047,Card,DEV-04-1,iPhone,Mumbai,15,0,0,3.08,44,22165.14,13083.21,7,658,1619,0,0,0,0.0,0,
TXN04-01930,4,2026-06-15 16:11:33,5324.56,Suppliers,40003,Card,DEV-04-1,iPhone,Mumbai,16,0,0,23.73,45,22206.84,13091.62,183,659,1620,0,0,0,0.0,0,
TXN04-01931,4,2026-06-15 16:17:51,11710.99,Hotels,40006,UPI,DEV-04-4,Android,Mumbai,16,0,0,6.3,46,22108.95,13076.94,73,183,1621,0,0,0,0.0,0,
TXN04-01932,4,2026-06-15 16:44:57,40315.98,Office,40005,UPI,DEV-04-8,Android,Delhi,16,0,0,27.1,47,22081.94,13070.67,116,43,148,0,0,0,1153.24,0,
TXN04-01933,4,2026-06-15 16:54:39,50000.0,Suppliers,40004,Card,DEV-04-4,Android,Mumbai,16,0,0,9.7,48,22129.18,13086.59,73,184,1622,0,0,0,1153.24,0,
TXN04-01934,4,2026-06-15 17:25:16,5611.65,Office,40008,Card,DEV-04-5,iPhone,Mumbai,17,0,0,30.62,49,22170.12,13109.9,59,122,1623,0,0,0,0.0,0,
TXN04-01935,4,2026-06-15 17:36:21,26565.64,Hotels,40025,Card,DEV-04-2,iPhone,Mumbai,17,0,0,11.08,50,22127.0,13119.99,17,447,1624,0,0,0,0.0,0,
TXN04-01936,4,2026-06-15 17:40:54,10405.57,Suppliers,40061,UPI,DEV-04-1,iPhone,Pune,17,0,0,4.55,51,22138.53,13104.89,5,660,129,0,0,0,120.15,0,
TXN04-01937,4,2026-06-15 17:55:16,8657.56,Suppliers,40035,UPI,DEV-04-1,iPhone,Mumbai,17,0,0,14.37,52,22085.34,13110.84,22,661,1625,0,0,0,120.15,0,
TXN04-01938,4,2026-06-15 17:55:23,23833.44,Suppliers,40004,UPI,DEV-04-4,Android,Mumbai,17,0,0,0.12,53,22050.55,13111.63,74,185,1626,0,0,0,0.0,0,
TXN04-01939,4,2026-06-15 18:03:26,11837.14,Fuel,40012,Bank Transfer,DEV-04-9,iPhone,Mumbai,18,0,0,8.05,54,22055.16,13094.99,29,19,1627,0,0,0,0.0,0,
TXN04-01940,4,2026-06-15 18:19:13,29718.37,Fuel,40009,Bank Transfer,DEV-04-3,iPhone,Mumbai,18,0,0,15.78,55,22034.23,13120.16,74,286,1628,0,0,0,0.0,0,
TXN04-01941,4,2026-06-15 18:26:36,4496.47,Suppliers,40035,Card,DEV-04-1,iPhone,Mumbai,18,0,0,7.38,56,22054.09,13109.0,23,662,1629,0,0,0,0.0,0,
TXN04-01942,4,2026-06-15 18:28:23,50000.0,Fuel,40012,Card,DEV-04-2,iPhone,Delhi,18,0,0,1.78,57,22008.84,13122.33,30,448,149,0,0,0,1153.24,0,
TXN04-01943,4,2026-06-15 18:30:21,43143.79,Fuel,40002,Card,DEV-04-2,iPhone,Mumbai,18,0,0,1.97,58,22080.79,13181.87,109,449,1630,0,0,0,1153.24,0,
TXN04-01944,4,2026-06-15 18:33:20,10979.66,Fuel,40009,Card,DEV-04-3,iPhone,Delhi,18,0,0,2.98,59,22118.95,13221.24,75,287,150,0,0,0,1153.24,0,
TXN04-01945,4,2026-06-15 18:59:09,22834.68,Suppliers,40003,Card,DEV-04-1,iPhone,Mumbai,18,0,0,25.82,60,22109.88,13227.67,184,663,1631,0,0,0,1153.24,0,
TXN04-01946,4,2026-06-15 19:02:55,14141.95,Hotels,40013,Bank Transfer,DEV-04-2,iPhone,Mumbai,19,0,0,3.77,61,22111.74,13210.75,35,450,1632,0,0,0,0.0,0,
TXN04-01947,4,2026-06-15 19:11:01,10842.54,Fuel,40036,UPI,DEV-04-2,iPhone,Mumbai,19,0,0,8.1,62,22091.35,13199.99,8,451,1633,0,0,0,0.0,0,
TXN04-01948,4,2026-06-15 19:11:21,16986.49,Fuel,40020,Bank Transfer,DEV-04-12,Android,Pune,19,0,0,0.33,63,22062.66,13195.35,23,5,130,0,0,0,120.15,0,
TXN04-01949,4,2026-06-15 19:44:16,9568.07,Fuel,40002,Card,DEV-04-1,iPhone,Mumbai,19,0,0,32.92,64,22086.6,13177.59,110,664,1634,0,0,0,120.15,0,
TXN04-01950,4,2026-06-15 20:07:45,11369.98,Hotels,40001,UPI,DEV-04-3,iPhone,Mumbai,20,0,0,23.48,65,22076.54,13185.64,183,288,1635,0,0,0,0.0,0,
TXN04-01951,4,2026-06-15 20:11:23,35699.96,Fuel,40021,Bank Transfer,DEV-04-4,Android,Pune,20,0,0,3.63,66,22020.78,13173.48,28,186,131,0,0,0,120.15,0,
TXN04-01952,4,2026-06-15 20:53:27,14092.15,Office,40005,Card,DEV-04-1,iPhone,Mumbai,20,0,0,42.07,67,22055.68,13174.75,117,665,1636,0,0,0,120.15,0,
TXN04-01953,4,2026-06-16 08:10:34,20332.89,Suppliers,40011,Card,DEV-04-1,iPhone,Mumbai,8,1,0,677.12,1,22035.41,13164.09,55,666,1637,0,0,0,0.0,0,
TXN04-01954,4,2026-06-16 08:29:18,22365.98,Hotels,40001,Card,DEV-04-1,iPhone,Mumbai,8,1,0,18.73,2,22031.09,13147.65,184,667,1638,0,0,0,0.0,0,
TXN04-01955,4,2026-06-16 08:42:50,39652.51,Fuel,40009,Card,DEV-04-3,iPhone,Mumbai,8,1,0,13.53,3,22031.94,13131.01,76,289,1639,0,0,0,0.0,0,
TXN04-01956,4,2026-06-16 08:50:42,26562.59,Office,40005,UPI,DEV-04-3,iPhone,Mumbai,8,1,0,7.87,4,22076.44,13144.21,118,290,1640,0,0,0,0.0,0,
TXN04-01957,4,2026-06-16 08:58:59,23680.17,Hotels,40172,UPI,DEV-04-3,iPhone,Mumbai,8,1,0,8.28,5,22087.74,13129.57,2,291,1641,0,0,0,0.0,1,ato_new_merchant_same_category
TXN04-01958,4,2026-06-16 09:29:49,10599.68,Suppliers,40015,UPI,DEV-04-2,iPhone,Mumbai,9,1,0,30.83,6,22028.98,13060.32,41,452,1642,0,0,0,0.0,0,
TXN04-01959,4,2026-06-16 09:43:19,17829.94,Hotels,40060,Bank Transfer,DEV-04-5,iPhone,Mumbai,9,1,0,13.5,7,22007.15,13072.2,5,123,1643,0,0,0,0.0,0,
TXN04-01960,4,2026-06-16 09:44:17,16105.3,Fuel,40009,Card,DEV-04-6,Web,Mumbai,9,1,0,0.97,8,21996.6,13057.36,77,71,1644,0,0,0,0.0,0,
TXN04-01961,4,2026-06-16 09:44:43,26247.39,Hotels,40006,UPI,DEV-04-1,iPhone,Pune,9,1,0,0.43,9,21981.76,13044.25,74,668,132,0,0,0,120.15,0,
TXN04-01962,4,2026-06-16 09:57:43,48589.3,Office,40005,UPI,DEV-04-1,iPhone,Mumbai,9,1,0,13.0,10,21992.48,13029.6,119,669,1645,0,0,0,120.15,0,
TXN04-01963,4,2026-06-16 09:58:34,50000.0,Hotels,40001,UPI,DEV-04-1,iPhone,Mumbai,9,1,0,0.85,11,22059.14,13081.04,185,670,1646,0,0,0,0.0,0,
TXN04-01964,4,2026-06-16 10:15:59,19980.92,Hotels,40030,UPI,DEV-04-1,iPhone,Mumbai,10,1,0,17.42,12,22151.73,13147.57,23,671,1647,0,0,0,0.0,0,
TXN04-01965,4,2026-06-16 10:22:16,41690.31,Suppliers,40061,Card,DEV-04-4,Android,Mumbai,10,1,0,6.28,13,22080.91,13082.8,6,187,1648,0,0,0,0.0,0,
TXN04-01966,4,2026-06-16 10:55:25,50000.0,Suppliers,40003,Card,DEV-04-8,Android,Mumbai,10,1,0,33.15,14,22062.91,13050.84,185,44,1649,0,0,0,0.0,0,
TXN04-01967,4,2026-06-16 11:02:26,3037.62,Suppliers,40003,Card,DEV-04-4,Android,Mumbai,11,1,0,7.02,15,22132.76,13108.97,186,188,1650,0,0,0,0.0,0,
TXN04-01968,4,2026-06-16 11:12:03,50000.0,Office,40005,Card,DEV-04-2,iPhone,Mumbai,11,1,0,9.62,16,22066.01,13138.02,120,453,1651,0,0,0,0.0,0,
TXN04-01969,4,2026-06-16 11:27:27,25070.53,Hotels,40006,Bank Transfer,DEV-04-1,iPhone,Mumbai,11,1,0,15.4,17,22074.31,13154.61,75,672,1652,0,0,0,0.0,0,
TXN04-01970,4,2026-06-16 11:53:46,15565.17,Suppliers,40083,Bank Transfer,DEV-04-1,iPhone,Mumbai,11,1,0,26.32,18,22081.78,13139.04,1,673,1653,0,0,1,0.0,0,
TXN04-01971,4,2026-06-16 12:07:34,3878.9,Hotels,40014,Card,DEV-04-4,Android,Mumbai,12,1,0,13.8,19,22095.21,13129.62,19,189,1654,0,0,0,0.0,0,
TXN04-01972,4,2026-06-16 12:11:43,37802.77,Hotels,40039,UPI,DEV-04-2,iPhone,Mumbai,12,1,0,4.15,20,22049.9,13144.64,8,454,1655,0,0,0,0.0,0,
TXN04-01973,4,2026-06-16 12:20:44,13473.52,Fuel,40002,Card,DEV-04-2,iPhone,Mumbai,12,1,0,9.02,21,22028.31,13109.21,111,455,1656,0,0,0,0.0,0,
TXN04-01974,4,2026-06-16 12:22:30,34687.57,Suppliers,40055,Card,DEV-04-3,iPhone,Delhi,12,1,0,1.77,22,22007.03,13099.83,9,292,151,0,0,0,1153.24,0,
TXN04-01975,4,2026-06-16 12:30:57,17590.26,Hotels,40001,Card,DEV-04-4,Android,Mumbai,12,1,0,8.45,23,22038.5,13098.76,186,190,1657,0,0,0,1153.24,0,
TXN04-01976,4,2026-06-16 12:55:41,31022.78,Fuel,40012,Card,DEV-04-3,iPhone,Mumbai,12,1,0,24.73,24,22027.49,13084.41,31,293,1658,0,0,0,0.0,0,
TXN04-01977,4,2026-06-16 13:02:45,50000.0,Hotels,40053,Card,DEV-04-2,iPhone,Mumbai,13,1,0,7.07,25,22049.7,13075.87,5,456,1659,0,0,0,0.0,0,
TXN04-01978,4,2026-06-16 13:13:45,13996.71,Hotels,40007,Card,DEV-04-10,Web,Mumbai,13,1,0,11.0,26,22001.62,13056.25,46,16,1660,0,0,0,0.0,0,
TXN04-01979,4,2026-06-16 13:15:11,18413.64,Suppliers,40003,UPI,DEV-04-2,iPhone,Mumbai,13,1,0,1.43,27,21981.86,13046.17,187,457,1661,0,0,0,0.0,0,
TXN04-01980,4,2026-06-16 13:30:44,10156.61,Fuel,40043,UPI,DEV-04-3,iPhone,Mumbai,13,1,0,15.55,28,21969.66,13047.19,15,294,1662,0,0,0,0.0,0,
TXN04-01981,4,2026-06-16 13:53:47,22210.68,Fuel,40026,Card,DEV-04-2,iPhone,Mumbai,13,1,0,23.05,29,21985.24,13061.0,14,458,1663,0,0,0,0.0,0,
TXN04-01982,4,2026-06-16 13:57:16,50000.0,Hotels,40001,Bank Transfer,DEV-04-2,iPhone,Mumbai,13,1,0,3.48,30,21985.8,13044.87,187,459,1664,0,0,0,0.0,0,
TXN04-01983,4,2026-06-16 14:32:13,27492.18,Office,40008,Card,DEV-04-1,iPhone,Mumbai,14,1,0,34.95,31,22100.14,13086.9,60,674,1665,0,0,0,0.0,0,
TXN04-01984,4,2026-06-16 15:02:32,30257.9,Office,40005,Card,DEV-04-10,Web,Mumbai,15,1,0,30.32,32,22119.2,13095.07,121,17,1666,0,0,0,0.0,0,
TXN04-01985,4,2026-06-16 15:03:27,21765.11,Suppliers,40045,UPI,DEV-04-2,iPhone,Mumbai,15,1,0,0.92,33,22177.65,13078.55,16,460,1667,0,0,0,0.0,0,
TXN04-01986,4,2026-06-16 15:19:41,50000.0,Suppliers,40015,UPI,DEV-04-1,iPhone,Mumbai,15,1,0,16.23,34,22244.62,13057.72,42,675,1668,0,0,0,0.0,0,
TXN04-01987,4,2026-06-16 15:28:13,11054.87,Hotels,40001,UPI,DEV-04-8,Android,Mumbai,15,1,0,8.53,35,22313.32,13114.27,188,45,1669,0,0,0,0.0,0,
TXN04-01988,4,2026-06-16 15:45:43,42606.98,Office,40031,UPI,DEV-04-1,iPhone,Mumbai,15,1,0,17.5,36,22285.52,13109.98,19,676,1670,0,0,0,0.0,0,
TXN04-01989,4,2026-06-16 16:04:30,13304.76,Hotels,40001,Bank Transfer,DEV-04-3,iPhone,Mumbai,16,1,0,18.78,37,22324.49,13158.87,189,295,1671,0,0,0,0.0,0,
TXN04-01990,4,2026-06-16 16:11:29,12901.6,Fuel,40037,UPI,DEV-04-3,iPhone,Mumbai,16,1,0,6.98,38,22294.65,13165.62,10,296,1672,0,0,0,0.0,0,
TXN04-01991,4,2026-06-16 16:14:34,50000.0,Hotels,40001,UPI,DEV-04-8,Android,Mumbai,16,1,0,3.08,39,22271.45,13157.61,190,46,1673,0,0,0,0.0,0,
TXN04-01992,4,2026-06-16 16:20:14,25493.64,Fuel,40012,UPI,DEV-04-2,iPhone,Mumbai,16,1,0,5.67,40,22342.97,13229.22,32,461,1674,0,0,0,0.0,0,
TXN04-01993,4,2026-06-16 16:21:36,29388.99,Hotels,40065,Card,DEV-04-4,Android,Mumbai,16,1,0,1.37,41,22350.73,13213.84,3,191,1675,0,0,0,0.0,0,
TXN04-01994,4,2026-06-16 16:26:53,18113.01,Suppliers,40052,UPI,DEV-04-1,iPhone,Delhi,16,1,0,5.28,42,22368.02,13202.2,10,677,152,0,0,0,1153.24,0,
TXN04-01995,4,2026-06-16 16:43:22,20403.61,Hotels,40001,Card,DEV-04-5,iPhone,Mumbai,16,1,0,16.48,43,22409.92,13197.29,191,124,1676,0,0,0,1153.24,0,
TXN04-01996,4,2026-06-16 16:50:16,14467.58,Office,40032,Card,DEV-04-4,Android,Mumbai,16,1,0,6.9,44,22404.99,13181.44,17,192,1677,0,0,0,0.0,0,
TXN04-01997,4,2026-06-16 16:52:48,9637.81,Office,40017,Card,DEV-04-1,iPhone,Delhi,16,1,0,2.53,45,22381.08,13186.99,40,678,153,0,0,0,1153.24,0,
TXN04-01998,4,2026-06-16 17:05:16,19936.86,Suppliers,40003,Bank Transfer,DEV-04-6,Web,Mumbai,17,1,0,12.47,46,22306.27,13172.69,188,72,1678,0,0,0,1153.24,0,
TXN04-01999,4,2026-06-16 17:06:04,29959.44,Suppliers,40022,Card,DEV-04-8,Android,Mumbai,17,1,0,0.8,47,22300.46,13157.06,29,47,1679,0,0,0,0.0,0,
TXN04-02000,4,2026-06-16 17:16:34,25696.95,Hotels,40007,Card,DEV-04-5,iPhone,Mumbai,17,1,0,10.5,48,22344.2,13152.79,47,125,1680,0,0,0,0.0,0,
TXN04-02001,4,2026-06-16 17:38:14,31390.25,Office,40032,Card,DEV-04-2,iPhone,Mumbai,17,1,0,21.67,49,22352.39,13137.74,18,462,1681,0,0,0,0.0,0,
TXN04-02002,4,2026-06-16 17:52:36,34483.9,Office,40032,Card,DEV-04-5,iPhone,Mumbai,17,1,0,14.37,50,22389.49,13141.79,19,126,1682,0,0,0,0.0,0,
TXN04-02003,4,2026-06-16 17:55:53,16366.8,Hotels,40014,Card,DEV-04-2,iPhone,Delhi,17,1,0,3.28,51,22418.99,13139.3,20,463,154,0,0,0,1153.24,0,
TXN04-02004,4,2026-06-16 17:56:15,39205.16,Office,40005,Card,DEV-04-2,iPhone,Mumbai,17,1,0,0.37,52,22404.26,13126.7,122,464,1683,0,0,0,1153.24,0,
TXN04-02005,4,2026-06-16 18:02:14,3971.13,Hotels,40014,UPI,DEV-04-2,iPhone,Delhi,18,1,0,5.98,53,22445.04,13136.8,21,465,155,0,0,0,1153.24,0,
TXN04-02006,4,2026-06-16 18:19:21,13299.4,Suppliers,40004,Card,DEV-04-1,iPhone,Mumbai,18,1,0,17.12,54,22423.88,13159.49,75,679,1684,0,0,0,1153.24,0,
TXN04-02007,4,2026-06-16 18:22:06,50000.0,Hotels,40029,Card,DEV-04-4,Android,Mumbai,18,1,0,2.75,55,22401.79,13151.2,28,193,1685,0,0,0,0.0,0,
TXN04-02008,4,2026-06-16 18:23:59,13650.0,Office,40040,UPI,DEV-04-1,iPhone,Mumbai,18,1,0,1.88,56,22468.45,13204.99,12,680,1686,0,0,0,0.0,0,
TXN04-02009,4,2026-06-16 18:30:20,12294.52,Office,40032,Card,DEV-04-8,Android,Mumbai,18,1,0,6.35,57,22408.67,13180.41,20,48,1687,0,0,0,0.0,0,
TXN04-02010,4,2026-06-16 18:42:31,25261.41,Suppliers,40052,Card,DEV-04-2,iPhone,Mumbai,18,1,0,12.18,58,22440.33,13202.24,11,466,1688,0,0,0,0.0,0,
TXN04-02011,4,2026-06-16 18:53:22,29362.46,Office,40032,Card,DEV-04-1,iPhone,Mumbai,18,1,0,10.85,59,22474.69,13191.16,21,681,1689,0,0,0,0.0,0,
TXN04-02012,4,2026-06-16 18:54:29,42011.24,Hotels,40039,UPI,DEV-04-2,iPhone,Mumbai,18,1,0,1.12,60,22491.41,13179.5,9,467,1690,0,0,0,0.0,0,
TXN04-02013,4,2026-06-16 19:04:34,12931.47,Hotels,40051,Card,DEV-04-5,iPhone,Mumbai,19,1,0,10.08,61,22561.32,13206.44,6,127,1691,0,0,0,0.0,0,
TXN04-02014,4,2026-06-16 19:07:53,5641.69,Suppliers,40038,UPI,DEV-04-2,iPhone,Mumbai,19,1,0,3.32,62,22538.01,13198.93,17,468,1692,0,0,0,0.0,0,
TXN04-02015,4,2026-06-16 19:23:50,14175.12,Hotels,40010,Card,DEV-04-1,iPhone,Mumbai,19,1,0,15.95,63,22515.66,13219.69,53,682,1693,0,0,0,0.0,0,
TXN04-02016,4,2026-06-16 19:50:30,5124.81,Fuel,40048,UPI,DEV-04-4,Android,Mumbai,19,1,0,26.67,64,22483.54,13243.15,8,194,1694,0,0,0,0.0,0,
TXN04-02017,4,2026-06-16 19:57:27,3800.4,Hotels,40001,Card,DEV-04-2,iPhone,Mumbai,19,1,0,6.95,65,22441.41,13254.62,192,469,1695,0,0,0,0.0,0,
TXN04-02018,4,2026-06-16 20:02:18,27155.54,Suppliers,40027,UPI,DEV-04-4,Android,Mumbai,20,1,0,4.85,66,22396.27,13270.23,21,195,1696,0,0,0,0.0,0,
TXN04-02019,4,2026-06-16 20:49:15,50000.0,Suppliers,40076,UPI,DEV-04-1,iPhone,Pune,20,1,0,46.95,67,22505.17,13262.64,3,683,133,0,0,0,120.15,0,
TXN04-02020,4,2026-06-16 20:49:25,7493.79,Hotels,40050,Card,DEV-04-1,iPhone,Mumbai,20,1,0,0.17,68,22572.07,13315.57,10,684,1697,0,0,0,120.15,0,
TXN04-02021,4,2026-06-16 20:57:16,8722.45,Fuel,40002,Bank Transfer,DEV-04-6,Web,Mumbai,20,1,0,7.85,69,22535.47,13320.08,112,73,1698,0,0,0,0.0,0,
TXN04-02022,4,2026-06-17 06:14:36,50000.0,Bank Transfer,40001,Bank Transfer,DEV-04-1,iPhone,Mumbai,6,2,0,557.33,1,22502.03,13321.26,193,685,1699,0,0,0,0.0,1,rapid_repeated_transfers
TXN04-02023,4,2026-06-17 06:17:36,50000.0,Bank Transfer,40001,Bank Transfer,DEV-04-1,iPhone,Mumbai,6,2,0,3.0,2,22568.45,13373.45,194,686,1700,0,0,0,0.0,1,rapid_repeated_transfers
TXN04-02024,4,2026-06-17 06:20:36,45357.1,Bank Transfer,40001,Bank Transfer,DEV-04-1,iPhone,Mumbai,6,2,0,3.0,3,22634.55,13424.87,195,687,1701,0,0,0,0.0,1,rapid_repeated_transfers
TXN04-02025,4,2026-06-17 08:16:29,15887.74,Hotels,40025,Card,DEV-04-20,Web,Mumbai,8,2,0,115.88,4,22619.43,13449.48,18,1,1702,1,0,0,0.0,0,
TXN04-02026,4,2026-06-17 08:25:02,28789.39,Suppliers,40011,Card,DEV-04-4,Android,Mumbai,8,2,0,8.55,5,22603.21,13437.32,56,196,1703,0,0,0,0.0,0,
TXN04-02027,4,2026-06-17 09:08:48,4775.1,Hotels,40074,Card,DEV-04-3,iPhone,Mumbai,9,2,0,43.77,6,22646.81,13450.5,3,297,1704,0,0,0,0.0,0,
TXN04-02028,4,2026-06-17 09:16:43,14415.31,Fuel,40048,UPI,DEV-04-2,iPhone,Mumbai,9,2,0,7.92,7,22603.75,13462.83,9,470,1705,0,0,0,0.0,0,
TXN04-02029,4,2026-06-17 09:31:44,49690.05,Fuel,40036,Card,DEV-04-6,Web,Mumbai,9,2,0,15.02,8,22486.87,13402.43,9,74,1706,0,0,0,0.0,0,
TXN04-02030,4,2026-06-17 09:45:15,13854.28,Office,40017,UPI,DEV-04-3,iPhone,Delhi,9,2,0,13.52,9,22552.42,13452.55,41,298,156,0,0,0,1153.24,0,
TXN04-02031,4,2026-06-17 09:56:21,7189.51,Fuel,40021,Bank Transfer,DEV-04-1,iPhone,Mumbai,9,2,0,11.1,10,22531.51,13443.12,29,688,1707,0,0,0,1153.24,0,
TXN04-02032,4,2026-06-17 10:01:24,18922.41,Hotels,40001,UPI,DEV-04-4,Android,Mumbai,10,2,0,5.05,11,22494.72,13447.94,196,197,1708,0,0,0,0.0,0,
TXN04-02033,4,2026-06-17 10:06:36,27133.48,Hotels,40014,UPI,DEV-04-3,iPhone,Mumbai,10,2,0,5.2,12,22486.17,13432.98,22,299,1709,0,0,0,0.0,0,
TXN04-02034,4,2026-06-17 10:19:54,46465.16,Office,40080,Bank Transfer,DEV-04-2,iPhone,Mumbai,10,2,0,13.3,13,22497.27,13418.86,4,471,1710,0,0,0,0.0,0,
TXN04-02035,4,2026-06-17 10:27:29,22592.28,Office,40049,Card,DEV-04-3,iPhone,Mumbai,10,2,0,7.58,14,22549.49,13469.36,5,300,1711,0,0,0,0.0,0,
TXN04-02036,4,2026-06-17 10:36:02,27773.55,Suppliers,40038,Card,DEV-04-6,Web,Mumbai,10,2,0,8.55,15,22549.59,13453.32,18,75,1712,0,0,0,0.0,0,
TXN04-02037,4,2026-06-17 10:40:28,8059.01,Suppliers,40064,Card,DEV-04-1,iPhone,Mumbai,10,2,0,4.43,16,22562.0,13439.73,9,689,1713,0,0,0,0.0,0,
TXN04-02038,4,2026-06-17 10:46:25,7516.94,Suppliers,40003,Card,DEV-04-5,iPhone,Delhi,10,2,0,5.95,17,22560.75,13441.06,189,128,157,0,0,0,1153.24,0,
TXN04-02039,4,2026-06-17 11:07:33,6036.88,Suppliers,40003,Card,DEV-04-6,Web,Mumbai,11,2,0,21.13,18,22525.1,13445.04,190,76,1714,0,0,0,1153.24,0,
TXN04-02040,4,2026-06-17 11:25:13,8382.49,Office,40082,UPI,DEV-04-1,iPhone,Mumbai,11,2,0,17.67,19,22550.09,13450.22,2,690,1715,0,0,0,0.0,0,
TXN04-02041,4,2026-06-17 11:38:22,50000.0,Hotels,40053,UPI,DEV-04-5,iPhone,Delhi,11,2,0,13.15,20,22573.29,13458.51,6,129,158,0,0,0,1153.24,0,
TXN04-02042,4,2026-06-17 11:48:34,15140.7,Fuel,40048,UPI,DEV-04-2,iPhone,Mumbai,11,2,0,10.2,21,22638.44,13508.65,10,472,1716,0,0,0,1153.24,0,
TXN04-02043,4,2026-06-17 12:00:39,2245.41,Fuel,40012,Card,DEV-04-2,iPhone,Mumbai,12,2,0,12.08,22,22620.67,13497.56,33,473,1717,0,0,0,0.0,0,
TXN04-02044,4,2026-06-17 12:12:54,19419.23,Hotels,40030,Card,DEV-04-3,iPhone,Mumbai,12,2,0,12.25,23,22572.5,13517.86,24,301,1718,0,0,0,0.0,0,
TXN04-02045,4,2026-06-17 12:14:03,5367.72,Office,40005,Bank Transfer,DEV-04-8,Android,Mumbai,12,2,0,1.15,24,22565.06,13502.78,123,49,1719,0,0,0,0.0,0,
TXN04-02046,4,2026-06-17 12:21:45,7438.83,Suppliers,40054,UPI,DEV-04-9,iPhone,Mumbai,12,2,0,7.7,25,22558.89,13510.04,12,20,1720,0,0,0,0.0,0,
TXN04-02047,4,2026-06-17 12:22:37,33642.43,Hotels,40006,Card,DEV-04-1,iPhone,Pune,12,2,0,0.87,26,22523.31,13514.01,76,691,134,0,0,0,120.15,0,
TXN04-02048,4,2026-06-17 12:37:27,28740.73,Suppliers,40027,Card,DEV-04-1,iPhone,Delhi,12,2,0,14.83,27,22547.16,13524.66,22,692,159,0,0,0,1179.48,0,
TXN04-02049,4,2026-06-17 12:39:50,26191.0,Suppliers,40018,Card,DEV-04-1,iPhone,Mumbai,12,2,0,2.38,28,22561.7,13512.1,33,693,1721,0,0,0,1153.24,0,
TXN04-02050,4,2026-06-17 12:43:48,9420.6,Fuel,40043,UPI,DEV-04-1,iPhone,Pune,12,2,0,3.97,29,22570.2,13497.41,16,694,135,0,0,0,120.15,0,
TXN04-02051,4,2026-06-17 13:01:46,7764.13,Hotels,40001,Bank Transfer,DEV-04-7,iPhone,Delhi,13,2,0,17.97,30,22539.48,13496.57,197,56,160,0,0,0,1179.48,0,
TXN04-02052,4,2026-06-17 13:08:31,10610.31,Suppliers,40011,Card,DEV-04-10,Web,Delhi,13,2,0,6.75,31,22505.03,13499.65,57,18,161,0,0,0,0.0,0,
TXN04-02053,4,2026-06-17 13:09:45,12732.05,Hotels,40001,UPI,DEV-04-3,iPhone,Delhi,13,2,0,1.23,32,22477.37,13496.11,198,302,162,0,0,0,0.0,0,
TXN04-02054,4,2026-06-17 13:13:32,21671.8,Office,40080,UPI,DEV-04-2,iPhone,Mumbai,13,2,0,3.78,33,22454.76,13488.6,5,474,1722,0,0,0,1153.24,0,
TXN04-02055,4,2026-06-17 13:49:35,35818.82,Hotels,40013,Bank Transfer,DEV-04-2,iPhone,Mumbai,13,2,0,36.05,34,22461.79,13487.4,36,475,1723,0,0,0,0.0,0,
TXN04-02056,4,2026-06-17 13:52:34,39955.77,Hotels,40019,Card,DEV-04-1,iPhone,Mumbai,13,2,0,2.98,35,22446.78,13468.92,32,695,1724,0,0,0,0.0,0,
TXN04-02057,4,2026-06-17 13:58:28,16743.74,Suppliers,40004,Bank Transfer,DEV-04-8,Android,Mumbai,13,2,0,5.9,36,22487.31,13479.61,76,50,1725,0,0,0,0.0,0,
TXN04-02058,4,2026-06-17 13:59:28,11646.49,Hotels,40189,Card,DEV-04-4,Android,Mumbai,13,2,0,1.0,37,22474.05,13466.86,1,198,1726,0,0,1,0.0,1,ato_new_merchant_same_category_short_gap
TXN04-02059,4,2026-06-17 14:01:49,19805.31,Fuel,40084,UPI,DEV-04-2,iPhone,Mumbai,14,2,0,2.35,38,22449.1,13461.35,1,476,1727,0,0,1,0.0,0,
TXN04-02060,4,2026-06-17 14:19:25,24113.94,Office,40085,UPI,DEV-04-1,iPhone,Mumbai,14,2,0,17.6,39,22397.36,13428.22,1,696,1728,0,0,1,0.0,0,
TXN04-02061,4,2026-06-17 14:29:35,32320.64,Office,40005,Bank Transfer,DEV-04-1,iPhone,Mumbai,14,2,0,10.17,40,22401.31,13413.02,124,697,1729,0,0,0,0.0,0,
TXN04-02062,4,2026-06-17 14:47:53,18415.62,Office,40008,UPI,DEV-04-6,Web,Mumbai,14,2,0,18.3,41,22360.66,13356.0,61,77,1730,0,0,0,0.0,0,
TXN04-02063,4,2026-06-17 15:23:30,24227.02,Suppliers,40003,Card,DEV-04-3,iPhone,Mumbai,15,2,0,35.62,42,22234.67,13304.11,191,303,1731,0,0,0,0.0,0,
TXN04-02064,4,2026-06-17 15:29:43,17570.54,Hotels,40001,UPI,DEV-04-3,iPhone,Mumbai,15,2,0,6.22,43,22239.28,13289.04,199,304,1732,0,0,0,0.0,0,
TXN04-02065,4,2026-06-17 15:37:23,22034.28,Hotels,40006,Bank Transfer,DEV-04-1,iPhone,Pune,15,2,0,7.67,44,22263.69,13270.75,77,698,136,0,0,0,120.15,0,
TXN04-02066,4,2026-06-17 15:47:18,13646.29,Hotels,40056,Card,DEV-04-3,iPhone,Mumbai,15,2,0,9.92,45,22263.16,13255.42,8,305,1733,0,0,0,120.15,0,
TXN04-02067,4,2026-06-17 15:54:06,7524.98,Suppliers,40015,Card,DEV-04-1,iPhone,Delhi,15,2,0,6.8,46,22188.87,13213.29,43,699,163,0,0,0,1153.24,0,
TXN04-02068,4,2026-06-17 15:59:03,13527.32,Office,40017,UPI,DEV-04-2,iPhone,Mumbai,15,2,0,4.95,47,22155.08,13216.78,42,477,1734,0,0,0,1153.24,0,
TXN04-02069,4,2026-06-17 16:02:25,34082.94,Fuel,40063,UPI,DEV-04-3,iPhone,Mumbai,16,2,0,3.37,48,22135.24,13208.04,8,306,1735,0,0,0,0.0,0,
TXN04-02070,4,2026-06-17 16:12:58,34170.05,Hotels,40014,Card,DEV-04-1,iPhone,Mumbai,16,2,0,10.55,49,22113.54,13164.21,23,700,1736,0,0,0,0.0,0,
TXN04-02071,4,2026-06-17 16:22:08,20959.34,Hotels,40001,Card,DEV-04-3,iPhone,Delhi,16,2,0,9.17,50,22141.26,13161.74,200,307,164,0,0,0,1153.24,0,
TXN04-02072,4,2026-06-17 16:37:44,11065.45,Suppliers,40004,Bank Transfer,DEV-04-3,iPhone,Delhi,16,2,0,15.6,51,22180.19,13133.11,77,308,165,0,0,0,0.0,0,
TXN04-02073,4,2026-06-17 16:46:53,50000.0,Hotels,40029,Card,DEV-04-4,Android,Mumbai,16,2,0,9.15,52,22139.54,13140.08,29,199,1737,0,0,0,1153.24,0,
TXN04-02074,4,2026-06-17 17:10:39,35524.82,Hotels,40007,UPI,DEV-04-7,iPhone,Pune,17,2,0,23.77,53,22203.44,13192.49,48,57,137,0,0,0,120.15,0,
TXN04-02075,4,2026-06-17 17:21:50,31302.54,Suppliers,40003,Card,DEV-04-5,iPhone,Mumbai,17,2,0,11.18,54,22233.93,13192.76,192,130,1738,0,0,0,120.15,0,
TXN04-02076,4,2026-06-17 17:57:21,18627.58,Fuel,40002,Card,DEV-04-4,Android,Pune,17,2,0,35.52,55,22296.51,13170.74,113,200,138,0,0,0,120.15,0,
TXN04-02077,4,2026-06-17 17:57:56,34687.02,Suppliers,40003,Card,DEV-04-5,iPhone,Mumbai,17,2,0,0.58,56,22288.14,13156.86,193,131,1739,0,0,0,120.15,0,
TXN04-02078,4,2026-06-17 17:59:01,36848.13,Hotels,40001,UPI,DEV-04-1,iPhone,Mumbai,17,2,0,1.08,57,22355.02,13145.25,201,701,1740,0,0,0,0.0,0,
TXN04-02079,4,2026-06-17 17:59:33,8779.63,Suppliers,40003,Card,DEV-04-2,iPhone,Mumbai,17,2,0,0.53,58,22388.03,13148.44,194,478,1741,0,0,0,0.0,0,
TXN04-02080,4,2026-06-17 18:01:21,12228.27,Suppliers,40027,Card,DEV-04-2,iPhone,Mumbai,18,2,0,1.8,59,22357.11,13149.47,23,479,1742,0,0,0,0.0,0,
TXN04-02081,4,2026-06-17 18:10:42,23398.98,Suppliers,40024,UPI,DEV-04-7,iPhone,Mumbai,18,2,0,9.35,60,22366.11,13141.17,22,58,1743,0,0,0,0.0,0,
TXN04-02082,4,2026-06-17 18:12:14,50000.0,Fuel,40021,Card,DEV-04-2,iPhone,Pune,18,2,0,1.53,61,22368.45,13126.36,30,480,139,0,0,0,120.15,0,
TXN04-02083,4,2026-06-17 18:15:26,20197.29,Suppliers,40003,Card,DEV-04-14,Web,Mumbai,18,2,0,3.2,62,22430.96,13177.06,195,2,1744,0,0,0,120.15,0,
TXN04-02084,4,2026-06-17 18:27:40,20468.54,Suppliers,40055,Bank Transfer,DEV-04-5,iPhone,Mumbai,18,2,0,12.23,63,22425.92,13162.6,10,132,1745,0,0,0,0.0,0,
TXN04-02085,4,2026-06-17 18:36:46,33870.28,Hotels,40010,UPI,DEV-04-3,iPhone,Mumbai,18,2,0,9.1,64,22460.63,13182.92,54,309,1746,0,0,0,0.0,0,
TXN04-02086,4,2026-06-17 18:46:29,7614.33,Suppliers,40003,Card,DEV-04-2,iPhone,Mumbai,18,2,0,9.72,65,22486.45,13179.15,196,481,1747,0,0,0,0.0,0,
TXN04-02087,4,2026-06-17 18:57:52,14710.1,Fuel,40009,Card,DEV-04-1,iPhone,Mumbai,18,2,0,11.38,66,22467.25,13210.98,78,702,1748,0,0,0,0.0,0,
TXN04-02088,4,2026-06-17 18:58:42,16084.68,Suppliers,40022,Card,DEV-04-6,Web,Mumbai,18,2,0,0.83,67,22449.66,13201.15,30,78,1749,0,0,0,0.0,0,
TXN04-02089,4,2026-06-17 18:59:53,34374.83,Suppliers,40024,Card,DEV-04-8,Android,Mumbai,18,2,0,1.18,68,22435.26,13189.68,23,51,1750,0,0,0,0.0,0,
TXN04-02090,4,2026-06-17 19:15:50,7872.94,Hotels,40019,Card,DEV-04-1,iPhone,Mumbai,19,2,0,15.95,69,22470.0,13200.85,33,703,1751,0,0,0,0.0,0,
TXN04-02091,4,2026-06-17 19:15:55,12162.15,Suppliers,40054,UPI,DEV-04-4,Android,Mumbai,19,2,0,0.08,70,22437.05,13204.13,13,201,1752,0,0,0,0.0,0,
TXN04-02092,4,2026-06-17 19:23:02,12415.28,Hotels,40001,Card,DEV-04-2,iPhone,Mumbai,19,2,0,7.12,71,22413.91,13198.24,202,482,1753,0,0,0,0.0,0,
TXN04-02093,4,2026-06-17 19:55:35,14421.44,Fuel,40020,UPI,DEV-04-3,iPhone,Delhi,19,2,0,32.55,72,22407.44,13219.25,24,310,166,0,0,0,1153.24,0,
TXN04-02094,4,2026-06-17 19:57:16,15223.61,Hotels,40050,UPI,DEV-04-2,iPhone,Mumbai,19,2,0,1.68,73,22389.46,13209.78,11,483,1754,0,0,0,1153.24,0,
TXN04-02095,4,2026-06-17 20:13:26,24389.13,Hotels,40007,Bank Transfer,DEV-04-3,iPhone,Mumbai,20,2,0,16.17,74,22373.35,13199.29,49,311,1755,0,0,0,0.0,0,
TXN04-02096,4,2026-06-17 20:51:42,28045.84,Suppliers,40003,Card,DEV-04-6,Web,Mumbai,20,2,0,38.27,75,22266.91,13108.66,197,79,1756,0,0,0,0.0,0,
TXN04-02097,4,2026-06-17 21:53:32,28623.11,Suppliers,40004,UPI,DEV-04-7,iPhone,Mumbai,21,2,0,61.83,76,22279.9,13096.78,78,59,1757,0,0,0,0.0,1,ato_odd_hour
TXN04-02098,4,2026-06-18 01:48:23,7686.03,Overseas Merchant,938576,Card,DEV-04-1,iPhone,London,1,3,0,234.85,1,22308.85,13096.53,1,704,2,0,0,1,7191.7,1,foreign_merchant
TXN04-02099,4,2026-06-18 08:00:33,50000.0,Hotels,40019,Card,DEV-04-1,iPhone,Mumbai,8,3,0,372.17,2,22276.06,13100.11,34,705,1758,0,0,0,7191.7,0,
TXN04-02100,4,2026-06-18 08:00:57,17273.92,Suppliers,40027,Bank Transfer,DEV-04-11,Android,Mumbai,8,3,0,0.4,3,22338.08,13150.84,24,4,1759,0,0,0,0.0,0,
TXN04-02101,4,2026-06-18 08:20:33,26421.96,Suppliers,40015,UPI,DEV-04-1,iPhone,Mumbai,8,3,0,19.6,4,22326.78,13138.33,44,706,1760,0,0,0,0.0,0,
TXN04-02102,4,2026-06-18 08:42:23,14589.59,Suppliers,40003,Bank Transfer,DEV-04-2,iPhone,Mumbai,8,3,0,21.83,5,22335.9,13125.11,198,484,1761,0,0,0,0.0,0,
TXN04-02103,4,2026-06-18 08:46:25,24427.68,Office,40017,Bank Transfer,DEV-04-4,Android,Delhi,8,3,0,4.03,6,22318.69,13115.59,43,202,167,0,0,0,1153.24,0,
TXN04-02104,4,2026-06-18 09:26:18,9107.3,Suppliers,40011,Card,DEV-04-1,iPhone,Mumbai,9,3,0,39.88,7,22322.76,13138.18,58,707,1762,0,0,0,1153.24,0,
TXN04-02105,4,2026-06-18 09:27:42,14627.59,Hotels,40025,Card,DEV-04-1,iPhone,Delhi,9,3,0,1.4,8,22293.26,13138.32,19,708,168,0,0,0,1153.24,0,
TXN04-02106,4,2026-06-18 09:35:06,50000.0,Suppliers,40003,Card,DEV-04-2,iPhone,Mumbai,9,3,0,7.4,9,22276.19,13128.65,199,485,1763,0,0,0,1153.24,0,
TXN04-02107,4,2026-06-18 09:42:27,50000.0,Suppliers,40003,Card,DEV-04-5,iPhone,Mumbai,9,3,0,7.35,10,22370.37,13175.43,200,133,1764,0,0,0,0.0,0,
TXN04-02108,4,2026-06-18 09:56:09,18545.97,Fuel,40002,Bank Transfer,DEV-04-1,iPhone,Mumbai,9,3,0,13.7,11,22477.99,13232.08,114,709,1765,0,0,0,0.0,0,
TXN04-02109,4,2026-06-18 09:57:59,50000.0,Fuel,40026,Card,DEV-04-7,iPhone,Mumbai,9,3,0,1.83,12,22469.24,13218.64,15,60,1766,0,0,0,0.0,0,
TXN04-02110,4,2026-06-18 10:01:02,50000.0,Fuel,40020,Bank Transfer,DEV-04-1,iPhone,Pune,10,3,0,3.05,13,22530.42,13267.43,25,710,140,0,0,0,120.15,0,
TXN04-02111,4,2026-06-18 10:30:45,19324.17,Suppliers,40003,Card,DEV-04-2,iPhone,Delhi,10,3,0,29.72,14,22578.85,13295.14,201,486,169,0,0,0,1179.48,0,
TXN04-02112,4,2026-06-18 10:30:46,21812.14,Hotels,40069,Card,DEV-04-2,iPhone,Mumbai,10,3,0,0.02,15,22571.58,13281.18,4,487,1767,0,0,0,1153.24,0,
TXN04-02113,4,2026-06-18 10:33:20,14995.89,Hotels,40046,Card,DEV-04-2,iPhone,Kolkata,10,3,0,2.57,16,22569.89,13266.44,13,488,6,0,0,0,1654.84,0,
TXN04-02114,4,2026-06-18 10:56:43,18476.24,Suppliers,40018,Bank Transfer,DEV-04-1,iPhone,Pune,10,3,0,23.38,17,22631.88,13232.96,34,711,141,0,0,0,1575.38,0,
TXN04-02115,4,2026-06-18 11:18:55,8265.57,Hotels,40001,Bank Transfer,DEV-04-4,Android,Mumbai,11,3,0,22.2,18,22639.91,13229.34,203,203,1768,0,0,0,120.15,0,
TXN04-02116,4,2026-06-18 11:34:22,21998.92,Hotels,40001,Card,DEV-04-4,Android,Mumbai,11,3,0,15.45,19,22679.42,13216.78,204,204,1769,0,0,0,0.0,0,
TXN04-02117,4,2026-06-18 11:34:57,25135.73,Hotels,40042,Card,DEV-04-7,iPhone,Mumbai,11,3,0,0.58,20,22710.13,13199.21,12,61,1770,0,0,0,0.0,0,
TXN04-02118,4,2026-06-18 12:11:21,22932.23,Hotels,40001,Card,DEV-04-8,Android,Delhi,12,3,0,36.4,21,22717.29,13237.39,205,52,170,0,0,0,1153.24,0,
TXN04-02119,4,2026-06-18 12:13:16,27655.16,Fuel,40036,Card,DEV-04-7,iPhone,Mumbai,12,3,0,1.92,22,22717.77,13222.51,10,62,1771,0,0,0,1153.24,0,
TXN04-02120,4,2026-06-18 12:14:27,50000.0,Fuel,40020,Bank Transfer,DEV-04-6,Web,Mumbai,12,3,0,1.18,23,22728.84,13209.74,26,80,1772,0,0,0,0.0,0,
TXN04-02121,4,2026-06-18 12:16:07,30707.84,Hotels,40006,UPI,DEV-04-3,iPhone,Mumbai,12,3,0,1.67,24,22789.85,13257.71,78,312,1773,0,0,0,0.0,0,
TXN04-02122,4,2026-06-18 12:22:06,19231.87,Fuel,40002,UPI,DEV-04-1,iPhone,Mumbai,12,3,0,5.98,25,22807.52,13248.18,115,712,1774,0,0,0,0.0,0,
TXN04-02123,4,2026-06-18 13:05:53,26017.84,Office,40016,Card,DEV-04-3,iPhone,Mumbai,13,3,0,43.78,26,22862.31,13251.17,42,313,1775,0,0,0,0.0,0,
TXN04-02124,4,2026-06-18 13:27:12,9366.42,Suppliers,40003,UPI,DEV-04-1,iPhone,Mumbai,13,3,0,21.32,27,22869.37,13237.18,202,713,1776,0,0,0,0.0,0,
TXN04-02125,4,2026-06-18 14:54:41,46334.35,Suppliers,40011,UPI,DEV-04-1,iPhone,Mumbai,14,3,0,87.48,28,22874.72,13311.09,59,714,1777,0,0,0,0.0,0,
TXN04-02126,4,2026-06-18 15:10:42,11577.61,Fuel,40043,Card,DEV-04-1,iPhone,Mumbai,15,3,0,16.02,29,22892.86,13337.57,17,715,1778,0,0,0,0.0,0,
TXN04-02127,4,2026-06-18 15:24:18,22023.49,Hotels,40056,Bank Transfer,DEV-04-3,iPhone,Mumbai,15,3,0,13.6,30,22867.26,13333.32,9,314,1779,0,0,0,0.0,0,
TXN04-02128,4,2026-06-18 15:44:15,18391.66,Fuel,40002,UPI,DEV-04-1,iPhone,Mumbai,15,3,0,19.95,31,22867.6,13333.3,116,716,1780,0,0,0,0.0,0,
TXN04-02129,4,2026-06-18 15:48:32,34050.54,Fuel,40002,Card,DEV-04-6,Web,Mumbai,15,3,0,4.28,32,22857.5,13319.93,117,81,1781,0,0,0,0.0,0,
TXN04-02130,4,2026-06-18 16:02:54,20398.21,Fuel,40058,Card,DEV-04-2,iPhone,Mumbai,16,3,0,14.37,33,22882.71,13315.5,5,489,1782,0,0,0,0.0,0,
TXN04-02131,4,2026-06-18 16:09:15,10113.28,Suppliers,40022,UPI,DEV-04-1,iPhone,Mumbai,16,3,0,6.35,34,22877.13,13301.05,31,717,1783,0,0,0,0.0,0,
TXN04-02132,4,2026-06-18 16:14:34,50000.0,Hotels,40042,Bank Transfer,DEV-04-2,iPhone,Mumbai,16,3,0,5.32,35,22888.09,13288.51,13,490,1784,0,0,0,0.0,0,
TXN04-02133,4,2026-06-18 16:18:25,28389.24,Fuel,40009,UPI,DEV-04-2,iPhone,Mumbai,16,3,0,3.85,36,22948.87,13335.41,79,491,1785,0,0,0,0.0,0,
TXN04-02134,4,2026-06-18 16:21:16,50000.0,Fuel,40009,Card,DEV-04-2,iPhone,Mumbai,16,3,0,2.85,37,22961.05,13322.96,80,492,1786,0,0,0,0.0,0,
TXN04-02135,4,2026-06-18 16:30:49,11005.44,Hotels,40010,Card,DEV-04-1,iPhone,Mumbai,16,3,0,9.55,38,23021.4,13369.12,55,718,1787,0,0,0,0.0,0,
TXN04-02136,4,2026-06-18 16:53:45,4880.37,Suppliers,40004,Card,DEV-04-2,iPhone,Mumbai,16,3,0,22.93,39,22937.77,13326.76,79,493,1788,0,0,0,0.0,0,
TXN04-02137,4,2026-06-18 16:57:48,20897.46,Hotels,40056,Card,DEV-04-3,iPhone,Pune,16,3,0,4.05,40,22897.55,13339.1,10,315,142,0,0,0,120.15,0,
TXN04-02138,4,2026-06-18 17:11:15,22314.38,Fuel,40002,UPI,DEV-04-2,iPhone,Mumbai,17,3,0,13.45,41,22859.86,13314.32,118,494,1789,0,0,0,120.15,0,
TXN04-02139,4,2026-06-18 17:39:09,22176.68,Hotels,40014,UPI,DEV-04-3,iPhone,Mumbai,17,3,0,27.9,42,22858.64,13299.45,24,316,1790,0,0,0,0.0,0,
TXN04-02140,4,2026-06-18 17:46:15,14362.87,Suppliers,40055,Bank Transfer,DEV-04-1,iPhone,Mumbai,17,3,0,7.1,43,22860.86,13299.25,11,719,1791,0,0,0,0.0,0,
TXN04-02141,4,2026-06-18 17:46:35,10703.2,Hotels,40001,Card,DEV-04-5,iPhone,Mumbai,17,3,0,0.33,44,22841.89,13290.45,206,134,1792,0,0,0,0.0,0,
TXN04-02142,4,2026-06-18 17:51:15,50000.0,Hotels,40001,UPI,DEV-04-5,iPhone,Mumbai,17,3,0,4.67,45,22814.85,13287.97,207,135,1793,0,0,0,0.0,0,
TXN04-02143,4,2026-06-18 18:11:07,14634.42,Fuel,40012,Card,DEV-04-5,iPhone,Mumbai,18,3,0,19.87,46,22814.85,13287.97,34,136,1794,0,0,0,0.0,0,
TXN04-02144,4,2026-06-18 18:13:13,50000.0,Fuel,40012,Bank Transfer,DEV-04-3,iPhone,Mumbai,18,3,0,2.1,47,22796.68,13278.79,35,317,1795,0,0,0,0.0,0,
TXN04-02145,4,2026-06-18 18:23:19,10639.05,Hotels,40001,Card,DEV-04-3,iPhone,Mumbai,18,3,0,10.1,48,22856.99,13325.63,208,318,1796,0,0,0,0.0,0,
TXN04-02146,4,2026-06-18 18:26:11,14854.78,Hotels,40001,UPI,DEV-04-1,iPhone,Mumbai,18,3,0,2.87,49,22853.16,13328.9,209,720,1797,0,0,0,0.0,0,
TXN04-02147,4,2026-06-18 18:30:24,25503.01,Suppliers,40003,Bank Transfer,DEV-04-4,Android,Mumbai,18,3,0,4.22,50,22835.46,13319.45,203,205,1798,0,0,0,0.0,0,
TXN04-02148,4,2026-06-18 18:34:19,44292.91,Hotels,40050,Card,DEV-04-1,iPhone,Mumbai,18,3,0,3.92,51,22801.89,13293.53,12,721,1799,0,0,0,0.0,0,
TXN04-02149,4,2026-06-18 18:38:10,13460.6,Suppliers,40034,Card,DEV-04-3,iPhone,Mumbai,18,3,0,3.85,52,22849.33,13317.1,27,319,1800,0,0,0,0.0,0,
TXN04-02150,4,2026-06-18 18:51:43,31080.07,Hotels,40042,Card,DEV-04-4,Android,Mumbai,18,3,0,13.55,53,22822.14,13336.97,14,206,1801,0,0,0,0.0,0,
TXN04-02151,4,2026-06-18 18:57:37,23505.13,Fuel,40002,Card,DEV-04-2,iPhone,Mumbai,18,3,0,5.9,54,22840.37,13327.88,119,495,1802,0,0,0,0.0,0,
TXN04-02152,4,2026-06-18 18:59:03,50000.0,Office,40033,Card,DEV-04-3,iPhone,Mumbai,18,3,0,1.43,55,22841.83,13313.23,16,320,1803,0,0,0,0.0,0,
TXN04-02153,4,2026-06-18 19:00:41,20243.92,Office,40031,Bank Transfer,DEV-04-3,iPhone,Mumbai,19,3,0,1.63,56,22901.52,13359.27,20,321,1804,0,0,0,0.0,0,
TXN04-02154,4,2026-06-18 19:02:03,20782.17,Hotels,40006,Card,DEV-UNK-2379,Android,Mumbai,19,3,0,1.37,57,22895.69,13345.19,79,1,1805,1,0,0,0.0,1,ato_short_gap_new_device
TXN04-02155,4,2026-06-18 19:33:35,50000.0,Hotels,40019,UPI,DEV-04-1,iPhone,Mumbai,19,3,0,31.53,58,22876.54,13383.43,35,722,1806,0,0,0,0.0,0,
TXN04-02156,4,2026-06-18 19:40:53,37055.31,Hotels,40006,Bank Transfer,DEV-04-6,Web,Mumbai,19,3,0,7.3,59,22979.19,13413.5,80,82,1807,0,0,0,0.0,0,
TXN04-02157,4,2026-06-18 19:41:44,23426.68,Hotels,40001,Card,DEV-04-1,iPhone,Mumbai,19,3,0,0.85,60,23010.33,13414.96,210,723,1808,0,0,0,0.0,0,
TXN04-02158,4,2026-06-18 20:19:35,15118.95,Fuel,40002,Bank Transfer,DEV-04-2,iPhone,Pune,20,3,0,37.85,61,23105.71,13413.48,120,496,143,0,0,0,120.15,0,
TXN04-02159,4,2026-06-18 20:24:17,17663.52,Office,40028,Card,DEV-04-4,Android,Mumbai,20,3,0,4.7,62,23078.26,13417.19,26,207,1809,0,0,0,120.15,0,
TXN04-02160,4,2026-06-18 20:25:27,16300.94,Fuel,40012,Card,DEV-04-6,Web,Mumbai,20,3,0,1.17,63,23066.23,13404.7,36,83,1810,0,0,0,0.0,0,
TXN04-02161,4,2026-06-18 20:42:34,27799.7,Hotels,40006,Card,DEV-04-3,iPhone,Mumbai,20,3,0,17.12,64,23050.01,13423.24,81,322,1811,0,0,0,0.0,0,
TXN04-02162,4,2026-06-18 20:52:56,31865.06,Office,40082,Card,DEV-04-1,iPhone,Pune,20,3,0,10.37,65,23089.96,13410.67,3,724,144,0,0,0,120.15,0,
TXN04-02163,4,2026-06-19 08:02:59,36479.08,Office,40008,Card,DEV-04-1,iPhone,Mumbai,8,4,0,670.05,1,23115.54,13416.45,62,725,1812,0,0,0,120.15,0,
TXN04-02164,4,2026-06-19 08:07:57,33882.2,Hotels,40001,Card,DEV-04-2,iPhone,Mumbai,8,4,0,4.97,2,23140.54,13430.89,211,497,1813,0,0,0,0.0,0,
TXN04-02165,4,2026-06-19 08:09:25,35753.85,Hotels,40001,Card,DEV-04-9,iPhone,Mumbai,8,4,0,1.47,3,23164.46,13425.47,212,21,1814,0,0,0,0.0,0,
TXN04-02166,4,2026-06-19 08:27:39,17009.27,Suppliers,40003,UPI,DEV-04-8,Android,Mumbai,8,4,0,18.23,4,23193.52,13438.56,204,53,1815,0,0,0,0.0,0,
TXN04-02167,4,2026-06-19 08:28:35,24848.51,Hotels,40001,Card,DEV-04-4,Android,Delhi,8,4,0,0.93,5,23179.78,13426.78,213,208,171,0,0,0,1153.24,0,
TXN04-02168,4,2026-06-19 08:32:20,13297.39,Office,40005,Card,DEV-04-5,iPhone,Mumbai,8,4,0,3.75,6,23183.48,13412.12,125,137,1816,0,0,0,1153.24,0,
TXN04-02169,4,2026-06-19 09:06:21,35883.51,Office,40008,Card,DEV-04-1,iPhone,Mumbai,9,4,0,34.02,7,23142.53,13412.89,63,726,1817,0,0,0,0.0,0,
TXN04-02170,4,2026-06-19 09:26:17,29980.23,Hotels,40006,UPI,DEV-04-1,iPhone,Mumbai,9,4,0,19.93,8,23108.41,13407.52,82,727,1818,0,0,0,0.0,0,
TXN04-02171,4,2026-06-19 09:51:27,19466.88,Office,40040,Bank Transfer,DEV-04-9,iPhone,Mumbai,9,4,0,25.17,9,23099.82,13361.8,13,22,1819,0,0,0,0.0,0,
TXN04-02172,4,2026-06-19 09:55:11,30199.28,Hotels,40006,UPI,DEV-04-5,iPhone,Mumbai,9,4,0,3.73,10,23074.37,13357.91,83,138,1820,0,0,0,0.0,0,
TXN04-02173,4,2026-06-19 10:06:39,33925.22,Office,40008,Bank Transfer,DEV-04-8,Android,Mumbai,10,4,0,11.47,11,23112.74,13373.03,64,54,1821,0,0,0,0.0,0,
TXN04-02174,4,2026-06-19 10:10:44,40863.72,Office,40028,Card,DEV-04-5,iPhone,Mumbai,10,4,0,4.08,12,23137.04,13367.8,27,139,1822,0,0,0,0.0,0,
TXN04-02175,4,2026-06-19 10:18:40,12510.25,Fuel,40012,Card,DEV-04-4,Android,Mumbai,10,4,0,7.93,13,23127.52,13353.66,37,209,1823,0,0,0,0.0,0,
TXN04-02176,4,2026-06-19 10:19:44,24595.34,Office,40005,UPI,DEV-04-2,iPhone,Mumbai,10,4,0,1.07,14,23103.71,13348.13,126,498,1824,0,0,0,0.0,0,
TXN04-02177,4,2026-06-19 10:28:19,36400.28,Suppliers,40015,Card,DEV-04-1,iPhone,Mumbai,10,4,0,8.58,15,23107.05,13333.37,45,728,1825,0,0,0,0.0,0,
TXN04-02178,4,2026-06-19 10:39:14,22812.75,Suppliers,40022,Bank Transfer,DEV-04-1,iPhone,Mumbai,10,4,0,10.92,16,23223.19,13356.61,32,729,1826,0,0,0,0.0,0,
TXN04-02179,4,2026-06-19 11:50:31,50000.0,Suppliers,40011,UPI,DEV-04-2,iPhone,Mumbai,11,4,0,71.28,17,23281.72,13341.34,60,499,1827,0,0,0,0.0,0,
TXN04-02180,4,2026-06-19 11:58:26,24260.53,Suppliers,40015,Card,DEV-04-4,Android,Mumbai,11,4,0,7.92,18,23340.2,13401.41,46,210,1828,0,0,0,0.0,0,
TXN04-02181,4,2026-06-19 12:05:09,10296.78,Suppliers,40027,Card,DEV-04-1,iPhone,Mumbai,12,4,0,6.72,19,23342.27,13386.38,25,730,1829,0,0,0,0.0,0,
TXN04-02182,4,2026-06-19 12:09:58,8617.19,Hotels,40006,UPI,DEV-04-9,iPhone,Mumbai,12,4,0,4.82,20,23312.96,13385.59,84,23,1830,0,0,0,0.0,0,
TXN04-02183,4,2026-06-19 12:17:42,16734.15,Hotels,40029,UPI,DEV-04-5,iPhone,Mumbai,12,4,0,7.73,21,23280.01,13388.64,30,140,1831,0,0,0,0.0,0,
TXN04-02184,4,2026-06-19 12:33:30,50000.0,Hotels,40071,Card,DEV-04-1,iPhone,Mumbai,12,4,0,15.8,22,23265.36,13377.23,2,731,1832,0,0,0,0.0,0,
TXN04-02185,4,2026-06-19 12:35:51,31422.48,Hotels,40069,Card,DEV-04-2,iPhone,Mumbai,12,4,0,2.35,23,23325.04,13421.72,5,500,1833,0,0,0,0.0,0,
TXN04-02186,4,2026-06-19 12:52:26,8705.42,Suppliers,40015,Card,DEV-04-3,iPhone,Delhi,12,4,0,16.58,24,23306.93,13405.3,47,323,172,0,0,0,1153.24,0,
TXN04-02187,4,2026-06-19 13:02:01,26717.5,Suppliers,40003,Card,DEV-04-2,iPhone,Mumbai,13,4,0,9.58,25,23311.29,13400.22,205,501,1834,0,0,0,1153.24,0,
TXN04-02188,4,2026-06-19 13:24:18,8684.59,Hotels,40046,Card,DEV-04-1,iPhone,Delhi,13,4,0,22.28,26,23318.83,13401.18,14,732,173,0,0,0,1153.24,0,
TXN04-02189,4,2026-06-19 13:27:24,17139.99,Office,40008,Card,DEV-04-6,Web,Mumbai,13,4,0,3.1,27,23299.77,13415.9,65,84,1835,0,0,0,1153.24,0,
TXN04-02190,4,2026-06-19 13:30:22,41396.66,Hotels,40014,Card,DEV-04-3,iPhone,Delhi,13,4,0,2.97,28,23319.04,13400.84,25,324,174,0,0,0,1153.24,0,
TXN04-02191,4,2026-06-19 13:33:57,27692.96,Suppliers,40035,Card,DEV-04-2,iPhone,Delhi,13,4,0,3.58,29,23378.66,13421.7,24,502,175,0,0,0,0.0,0,
TXN04-02192,4,2026-06-19 13:55:58,17405.13,Fuel,40002,Bank Transfer,DEV-04-2,iPhone,Mumbai,13,4,0,22.02,30,23435.49,13418.72,121,503,1836,0,0,0,1153.24,0,
TXN04-02193,4,2026-06-19 14:18:18,4845.16,Hotels,40029,Card,DEV-04-4,Android,Mumbai,14,4,0,22.33,31,23365.87,13425.51,31,211,1837,0,0,0,0.0,0,
TXN04-02194,4,2026-06-19 14:18:22,5781.69,Hotels,40007,Card,DEV-04-1,iPhone,Mumbai,14,4,0,0.07,32,23324.34,13439.03,50,733,1838,0,0,0,0.0,0,
TXN04-02195,4,2026-06-19 14:38:02,50000.0,Hotels,40007,Card,DEV-04-21,iPhone,Mumbai,14,4,0,19.67,33,23201.29,13419.96,51,1,1839,1,0,0,0.0,0,
TXN04-02196,4,2026-06-19 14:46:59,23837.71,Suppliers,40022,Bank Transfer,DEV-04-2,iPhone,Mumbai,14,4,0,8.95,34,23262.79,13465.19,33,504,1840,0,0,0,0.0,0,
TXN04-02197,4,2026-06-19 14:58:18,19638.13,Office,40032,Card,DEV-04-5,iPhone,Mumbai,14,4,0,11.32,35,23206.46,13420.18,22,141,1841,0,0,0,0.0,0,
TXN04-02198,4,2026-06-19 15:14:11,19388.3,Fuel,40002,UPI,DEV-04-2,iPhone,Mumbai,15,4,0,15.88,36,23198.43,13406.13,122,505,1842,0,0,0,0.0,0,
TXN04-02199,4,2026-06-19 15:44:24,14049.09,Fuel,40002,Card,DEV-04-4,Android,Pune,15,4,0,30.22,37,23161.95,13395.61,123,212,145,0,0,0,120.15,0,
TXN04-02200,4,2026-06-19 15:47:36,27050.88,Hotels,40019,Card,DEV-04-4,Android,Pune,15,4,0,3.2,38,23141.42,13387.49,36,213,146,0,0,0,0.0,0,
TXN04-02201,4,2026-06-19 15:51:53,4120.0,Office,40008,Bank Transfer,DEV-04-5,iPhone,Mumbai,15,4,0,4.28,39,23150.21,13373.72,66,142,1843,0,0,0,120.15,0,
TXN04-02202,4,2026-06-19 16:00:30,17357.06,Office,40005,Card,DEV-04-1,iPhone,Mumbai,16,4,0,8.62,40,23096.43,13401.99,127,734,1844,0,0,0,0.0,0,
TXN04-02203,4,2026-06-19 16:45:35,19478.49,Hotels,40010,Card,DEV-04-1,iPhone,Mumbai,16,4,0,45.08,41,23060.81,13390.03,56,735,1845,0,0,0,0.0,0,
TXN04-02204,4,2026-06-19 17:26:42,28299.58,Hotels,40014,Card,DEV-04-3,iPhone,Mumbai,17,4,0,41.12,42,23050.01,13351.6,26,325,1846,0,0,0,0.0,0,
TXN04-02205,4,2026-06-19 18:08:27,24019.9,Hotels,40006,Card,DEV-04-4,Android,Pune,18,4,0,41.75,43,23023.37,13341.32,85,214,147,0,0,0,120.15,0,
TXN04-02206,4,2026-06-19 18:08:49,3915.46,Hotels,40007,Card,DEV-04-1,iPhone,Mumbai,18,4,0,0.37,44,23025.66,13326.07,52,736,1847,0,0,0,120.15,0,
TXN04-02207,4,2026-06-19 18:17:44,14584.98,Suppliers,40003,UPI,DEV-04-4,Android,Mumbai,18,4,0,8.92,45,22995.48,13354.42,206,215,1848,0,0,0,0.0,0,
TXN04-02208,4,2026-06-19 18:25:57,6209.32,Suppliers,40003,Card,DEV-04-4,Android,Mumbai,18,4,0,8.22,46,22963.16,13357.72,207,216,1849,0,0,0,0.0,0,
TXN04-02209,4,2026-06-19 18:46:58,8663.55,Office,40005,Card,DEV-04-1,iPhone,Mumbai,18,4,0,21.02,47,22921.11,13381.58,128,737,1850,0,0,0,0.0,0,
TXN04-02210,4,2026-06-19 18:47:32,30772.99,Office,40049,UPI,DEV-04-2,iPhone,Mumbai,18,4,0,0.57,48,22888.41,13383.62,6,506,1851,0,0,0,0.0,0,
TXN04-02211,4,2026-06-19 18:58:02,12785.8,Fuel,40009,Bank Transfer,DEV-04-1,iPhone,Pune,18,4,0,10.5,49,22906.45,13373.6,81,738,148,0,0,0,120.15,0,
TXN04-02212,4,2026-06-19 19:00:04,7403.73,Suppliers,40004,Card,DEV-04-6,Web,Mumbai,19,4,0,2.03,50,22883.35,13367.06,80,85,1852,0,0,0,120.15,0,
TXN04-02213,4,2026-06-19 19:04:17,34666.0,Bank Transfer,40001,Bank Transfer,DEV-04-1,iPhone,Mumbai,19,4,0,4.22,51,22848.08,13372.2,214,739,1853,0,0,0,0.0,1,rapid_repeated_transfers
TXN04-02214,4,2026-06-19 19:06:17,50000.0,Bank Transfer,40001,Bank Transfer,DEV-04-1,iPhone,Mumbai,19,4,0,2.0,52,22874.94,13368.85,215,740,1854,0,0,0,0.0,1,rapid_repeated_transfers
TXN04-02215,4,2026-06-19 19:06:17,50000.0,Bank Transfer,40001,Bank Transfer,DEV-04-1,iPhone,Mumbai,19,4,0,0.0,53,22936.45,13415.87,216,741,1855,0,0,0,0.0,1,rapid_repeated_transfers
TXN04-02216,4,2026-06-19 19:22:02,23921.9,Suppliers,40003,Card,DEV-04-2,iPhone,Mumbai,19,4,0,15.75,54,22997.68,13462.23,208,507,1856,0,0,0,0.0,0,
TXN04-02217,4,2026-06-19 20:03:15,14818.73,Office,40017,UPI,DEV-04-6,Web,Delhi,20,4,0,41.22,55,22957.56,13443.0,44,86,176,0,0,0,1153.24,0,
TXN04-02218,4,2026-06-19 20:04:51,11653.34,Hotels,40025,Bank Transfer,DEV-04-4,Android,Mumbai,20,4,0,1.6,56,22933.67,13448.08,20,217,1857,0,0,0,1153.24,0,
TXN04-02219,4,2026-06-19 20:05:38,5721.98,Hotels,40001,UPI,DEV-04-5,iPhone,Mumbai,20,4,0,0.78,57,22908.15,13443.55,217,143,1858,0,0,0,0.0,0,
TXN04-02220,4,2026-06-19 20:09:44,19527.05,Fuel,40002,Card,DEV-04-3,iPhone,Mumbai,20,4,0,4.1,58,22869.35,13453.11,124,326,1859,0,0,0,0.0,0,
TXN04-02221,4,2026-06-19 20:37:59,47394.0,Fuel,40009,UPI,DEV-04-1,iPhone,Mumbai,20,4,0,28.25,59,22947.81,13443.41,82,742,1860,0,0,0,0.0,0,
TXN04-02222,4,2026-06-19 20:46:50,9972.34,Fuel,40002,Card,DEV-04-1,iPhone,Mumbai,20,4,0,8.85,60,23003.11,13478.33,125,743,1861,0,0,0,0.0,0,
TXN04-02223,4,2026-06-19 20:47:01,31722.71,Fuel,40009,Card,DEV-04-1,iPhone,Mumbai,20,4,0,0.18,61,22973.7,13477.3,83,744,1862,0,0,0,0.0,0,
TXN04-02224,4,2026-06-19 20:47:31,50000.0,Suppliers,40004,Card,DEV-04-2,iPhone,Mumbai,20,4,0,0.5,62,23034.09,13456.41,81,508,1863,0,0,0,0.0,0,
TXN04-02225,4,2026-06-19 20:55:28,18994.77,Suppliers,40027,Card,DEV-04-5,iPhone,Mumbai,20,4,0,7.95,63,23121.3,13522.13,26,144,1864,0,0,0,0.0,0,
TXN04-02226,4,2026-06-20 04:53:50,15075.94,Overseas Merchant,978302,Card,DEV-04-1,iPhone,Unknown Country,4,5,1,478.37,1,23112.68,13523.54,1,745,5,0,0,1,8211.14,1,foreign_merchant
TXN04-02227,4,2026-06-20 08:16:29,46840.28,Suppliers,40004,Bank Transfer,DEV-04-1,iPhone,Mumbai,8,5,1,202.65,2,23068.0,13537.05,82,746,1865,0,0,0,8211.14,0,
TXN04-02228,4,2026-06-20 08:55:00,8761.4,Hotels,40042,UPI,DEV-04-1,iPhone,Mumbai,8,5,1,38.52,3,23111.12,13573.2,15,747,1866,0,0,0,0.0,0,
TXN04-02229,4,2026-06-20 08:59:03,20105.52,Suppliers,40004,Card,DEV-04-5,iPhone,Mumbai,8,5,1,4.05,4,23078.51,13574.98,83,145,1867,0,0,0,0.0,0,
TXN04-02230,4,2026-06-20 09:13:11,19586.51,Suppliers,40011,UPI,DEV-04-2,iPhone,Delhi,9,5,1,14.13,5,23104.01,13558.82,61,509,177,0,0,0,1153.24,0,
TXN04-02231,4,2026-06-20 09:33:22,8169.29,Hotels,40013,Bank Transfer,DEV-04-1,iPhone,Mumbai,9,5,1,20.18,6,23098.12,13549.98,37,748,1868,0,0,0,1153.24,0,
TXN04-02232,4,2026-06-20 09:40:18,24381.56,Fuel,40002,Card,DEV-04-3,iPhone,Mumbai,9,5,1,6.93,7,23064.19,13553.23,126,327,1869,0,0,0,0.0,0,
TXN04-02233,4,2026-06-20 10:07:07,12868.64,Fuel,40002,UPI,DEV-04-1,iPhone,Mumbai,10,5,1,26.82,8,23064.66,13553.27,127,749,1870,0,0,0,0.0,0,
TXN04-02234,4,2026-06-20 10:16:14,24038.47,Suppliers,40022,Bank Transfer,DEV-04-3,iPhone,Mumbai,10,5,1,9.12,9,23041.54,13546.58,34,328,1871,0,0,0,0.0,0,
TXN04-02235,4,2026-06-20 10:18:00,36292.39,Fuel,40021,Card,DEV-04-1,iPhone,Mumbai,10,5,1,1.77,10,23043.8,13531.33,31,750,1872,0,0,0,0.0,0,
TXN04-02236,4,2026-06-20 10:27:33,43306.75,Suppliers,40011,UPI,DEV-04-1,iPhone,Delhi,10,5,1,9.55,11,23012.79,13485.14,62,751,178,0,0,0,1153.24,0,
TXN04-02237,4,2026-06-20 10:42:58,24204.91,Hotels,40050,Bank Transfer,DEV-04-8,Android,Delhi,10,5,1,15.42,12,23094.09,13524.12,13,55,179,0,0,0,0.0,0,
TXN04-02238,4,2026-06-20 10:50:59,7265.11,Hotels,40001,Bank Transfer,DEV-04-1,iPhone,Mumbai,10,5,1,8.02,13,23096.6,13508.92,218,752,1873,0,0,0,1153.24,0,
TXN04-02239,4,2026-06-20 11:00:58,20152.77,Hotels,40001,Card,DEV-04-7,iPhone,Mumbai,11,5,1,9.98,14,23060.86,13514.56,219,63,1874,0,0,0,0.0,0,
TXN04-02240,4,2026-06-20 11:41:53,28534.53,Suppliers,40052,Bank Transfer,DEV-04-1,iPhone,Mumbai,11,5,1,40.92,15,23098.63,13482.97,12,753,1875,0,0,0,0.0,0,
TXN04-02241,4,2026-06-20 11:52:36,35078.45,Office,40049,Card,DEV-04-1,iPhone,Mumbai,11,5,1,10.72,16,23127.87,13461.03,7,754,1876,0,0,0,0.0,0,
TXN04-02242,4,2026-06-20 13:19:40,36270.07,Hotels,40025,Card,DEV-04-3,iPhone,Mumbai,13,5,1,87.07,17,23177.99,13487.46,21,329,1877,0,0,0,0.0,0,
TXN04-02243,4,2026-06-20 13:27:21,17075.62,Fuel,40012,Card,DEV-04-4,Android,Mumbai,13,5,1,7.68,18,23207.74,13486.54,38,218,1878,0,0,0,0.0,0,
TXN04-02244,4,2026-06-20 13:37:23,8120.15,Hotels,40042,Bank Transfer,DEV-04-1,iPhone,Pune,13,5,1,10.03,19,23193.83,13474.4,16,755,149,0,0,0,120.15,0,
TXN04-02245,4,2026-06-20 13:46:40,9309.36,Hotels,40060,Card,DEV-04-3,iPhone,Pune,13,5,1,9.28,20,23159.73,13478.19,6,330,150,0,0,0,0.0,0,
TXN04-02246,4,2026-06-20 13:47:15,6105.49,Suppliers,40003,Card,DEV-04-2,iPhone,Pune,13,5,1,0.58,21,23128.47,13479.0,209,510,151,0,0,0,0.0,0,
TXN04-02247,4,2026-06-20 14:18:49,8294.46,Hotels,40006,Card,DEV-04-5,iPhone,Mumbai,14,5,1,31.57,22,23108.11,13497.87,86,146,1879,0,0,0,120.15,0,
TXN04-02248,4,2026-06-20 14:20:52,16603.26,Suppliers,40061,Bank Transfer,DEV-04-4,Android,Mumbai,14,5,1,2.05,23,23074.75,13500.94,7,219,1880,0,0,0,0.0,0,
TXN04-02249,4,2026-06-20 15:34:31,18638.37,Suppliers,40011,UPI,DEV-04-1,iPhone,Delhi,15,5,1,73.65,24,23086.88,13501.48,63,756,180,0,0,0,1153.24,0,
TXN04-02250,4,2026-06-20 15:46:32,23176.14,Suppliers,40052,Bank Transfer,DEV-04-1,iPhone,Mumbai,15,5,1,12.02,25,23040.25,13524.39,13,757,1881,0,0,0,1153.24,0,
TXN04-02251,4,2026-06-20 15:47:36,50000.0,Fuel,40002,Card,DEV-04-4,Android,Mumbai,15,5,1,1.07,26,23040.56,13509.05,128,220,1882,0,0,0,0.0,0,
TXN04-02252,4,2026-06-20 15:49:33,16105.67,Suppliers,40059,Bank Transfer,DEV-04-3,iPhone,Mumbai,15,5,1,1.95,27,23101.55,13554.42,7,331,1883,0,0,0,0.0,0,
TXN04-02253,4,2026-06-20 16:03:51,14237.07,Hotels,40006,Card,DEV-04-3,iPhone,Delhi,16,5,1,14.3,28,23103.13,13553.57,87,332,181,0,0,0,1153.24,0,
TXN04-02254,4,2026-06-20 16:06:01,27887.5,Fuel,40036,Bank Transfer,DEV-04-2,iPhone,Mumbai,16,5,1,2.17,29,23083.12,13544.8,11,511,1884,0,0,0,1153.24,0,
TXN04-02255,4,2026-06-20 16:07:13,50000.0,Hotels,40001,UPI,DEV-04-6,Web,Mumbai,16,5,1,1.2,30,23093.94,13531.45,220,87,1885,0,0,0,0.0,0,
TXN04-02256,4,2026-06-20 16:38:30,5804.5,Office,40005,Card,DEV-04-2,iPhone,Mumbai,16,5,1,31.28,31,23198.89,13590.53,129,512,1886,0,0,0,0.0,0,
TXN04-02257,4,2026-06-20 17:03:31,18314.02,Hotels,40042,UPI,DEV-04-1,iPhone,Mumbai,17,5,1,25.02,32,23218.38,13619.29,17,758,1887,0,0,0,0.0,0,
TXN04-02258,4,2026-06-20 17:10:39,50000.0,Hotels,40001,UPI,DEV-04-3,iPhone,Mumbai,17,5,1,7.13,33,23245.46,13597.62,221,333,1888,0,0,0,0.0,0,
TXN04-02259,4,2026-06-20 17:15:23,18569.68,Office,40033,Card,DEV-04-6,Web,Mumbai,17,5,1,4.73,34,23305.99,13641.58,17,88,1889,0,0,0,0.0,0,
TXN04-02260,4,2026-06-20 17:30:37,6329.81,Fuel,40002,UPI,DEV-04-9,iPhone,Mumbai,17,5,1,15.23,35,23325.98,13628.15,129,24,1890,0,0,0,0.0,0,
TXN04-02261,4,2026-06-20 17:35:58,6213.38,Suppliers,40004,Card,DEV-04-2,iPhone,Mumbai,17,5,1,5.35,36,23287.62,13636.63,84,513,1891,0,0,0,0.0,0,
TXN04-02262,4,2026-06-20 18:07:47,23647.23,Office,40008,UPI,DEV-04-3,iPhone,Mumbai,18,5,1,31.82,37,23249.16,13645.29,67,334,1892,0,0,0,0.0,0,
TXN04-02263,4,2026-06-20 18:33:21,30350.55,Suppliers,40055,UPI,DEV-04-1,iPhone,Mumbai,18,5,1,25.57,38,23302.67,13622.24,12,759,1893,0,0,0,0.0,0,
TXN04-02264,4,2026-06-20 18:40:39,9252.89,Hotels,40019,Card,DEV-04-4,Android,Mumbai,18,5,1,7.3,39,23260.09,13570.77,37,221,1894,0,0,0,0.0,0,
TXN04-02265,4,2026-06-20 18:48:17,18059.86,Office,40005,Card,DEV-04-1,iPhone,Mumbai,18,5,1,7.63,40,23228.33,13571.74,130,760,1895,0,0,0,0.0,0,
TXN04-02266,4,2026-06-20 18:58:22,34364.64,Hotels,40053,Bank Transfer,DEV-04-2,iPhone,Mumbai,18,5,1,10.08,41,23228.49,13582.25,7,514,1896,0,0,0,0.0,0,
TXN04-02267,4,2026-06-20 19:31:54,22120.0,Fuel,40012,UPI,DEV-04-1,iPhone,Mumbai,19,5,1,33.53,42,23291.99,13568.85,39,761,1897,0,0,0,0.0,0,
TXN04-02268,4,2026-06-20 19:50:10,9188.35,Hotels,40001,UPI,DEV-04-3,iPhone,Mumbai,19,5,1,18.27,43,23290.84,13583.42,222,335,1898,0,0,0,0.0,0,
TXN04-02269,4,2026-06-20 19:57:46,10195.39,Hotels,40001,Card,DEV-04-2,iPhone,Mumbai,19,5,1,7.6,44,23291.29,13582.94,223,515,1899,0,0,0,0.0,0,
TXN04-02270,4,2026-06-20 20:32:04,22967.76,Suppliers,40011,Bank Transfer,DEV-04-3,iPhone,Mumbai,20,5,1,34.3,45,23229.92,13581.11,64,336,1900,0,0,0,0.0,0,
TXN04-02271,4,2026-06-20 20:33:56,19260.21,Office,40005,UPI,DEV-04-10,Web,Delhi,20,5,1,1.87,46,23229.33,13565.67,131,19,182,0,0,0,1153.24,0,
TXN04-02272,4,2026-06-20 20:44:45,17248.73,Suppliers,40003,Card,DEV-04-4,Android,Mumbai,20,5,1,10.82,47,23220.33,13551.6,210,222,1901,0,0,0,1153.24,0,
TXN04-02273,4,2026-06-20 20:50:48,12444.24,Office,40008,UPI,DEV-04-1,iPhone,Mumbai,20,5,1,6.05,48,23236.01,13540.67,68,762,1902,0,0,0,0.0,0,
TXN04-02274,4,2026-06-20 20:50:53,14252.9,Hotels,40071,Card,DEV-04-4,Android,Mumbai,20,5,1,0.08,49,23211.6,13535.06,3,223,1903,0,0,0,0.0,0,
TXN04-02275,4,2026-06-21 08:01:56,23599.32,Office,40008,Bank Transfer,DEV-04-1,iPhone,Mumbai,8,6,1,671.05,1,23228.19,13519.57,69,763,1904,0,0,0,0.0,0,
TXN04-02276,4,2026-06-21 08:12:55,8834.85,Fuel,40043,Card,DEV-04-4,Android,Mumbai,8,6,1,10.98,2,23229.02,13504.31,18,224,1905,0,0,0,0.0,0,
TXN04-02277,4,2026-06-21 08:18:23,37783.84,Hotels,40001,UPI,DEV-04-2,iPhone,Mumbai,8,6,1,5.47,3,23213.77,13516.74,224,516,1906,0,0,0,0.0,0,
TXN04-02278,4,2026-06-21 08:23:02,18427.27,Suppliers,40045,UPI,DEV-04-1,iPhone,Mumbai,8,6,1,4.65,4,23265.94,13528.27,17,764,1907,0,0,0,0.0,0,
TXN04-02279,4,2026-06-21 08:44:11,12075.02,Hotels,40014,UPI,DEV-04-2,iPhone,Mumbai,8,6,1,21.15,5,23234.5,13524.25,27,517,1908,0,0,0,0.0,0,
TXN04-02280,4,2026-06-21 09:13:00,11146.18,Office,40033,Card,DEV-04-13,iPhone,Mumbai,9,6,1,28.82,6,23209.31,13519.36,18,4,1909,0,0,0,0.0,0,
TXN04-02281,4,2026-06-21 09:21:11,22571.66,Suppliers,40003,Card,DEV-04-1,iPhone,Mumbai,9,6,1,8.18,7,23182.14,13516.23,211,765,1910,0,0,0,0.0,0,
TXN04-02282,4,2026-06-21 09:23:43,19970.33,Fuel,40002,UPI,DEV-04-8,Android,Mumbai,9,6,1,2.53,8,23180.77,13501.06,130,56,1911,0,0,0,0.0,0,
TXN04-02283,4,2026-06-21 09:25:42,8920.3,Hotels,40001,UPI,DEV-04-4,Android,Mumbai,9,6,1,1.98,9,23113.29,13441.76,225,225,1912,0,0,0,0.0,0,
TXN04-02284,4,2026-06-21 09:47:46,4458.19,Fuel,40002,Card,DEV-04-3,iPhone,Mumbai,9,6,1,22.07,10,23081.47,13443.45,131,337,1913,0,0,0,0.0,0,
TXN04-02285,4,2026-06-21 09:56:16,23230.05,Hotels,40014,UPI,DEV-04-1,iPhone,Pune,9,6,1,8.5,11,23039.8,13457.2,28,766,152,0,0,0,120.15,0,
TXN04-02286,4,2026-06-21 10:40:21,16689.08,Suppliers,40003,Card,DEV-04-1,iPhone,Mumbai,10,6,1,44.08,12,22949.85,13373.1,212,767,1914,0,0,0,120.15,0,
TXN04-02287,4,2026-06-21 10:42:12,8825.72,Suppliers,40054,Card,DEV-04-3,iPhone,Mumbai,10,6,1,1.85,13,22935.78,13361.35,14,338,1915,0,0,0,0.0,0,
TXN04-02288,4,2026-06-21 10:50:06,21171.33,Fuel,40043,Card,DEV-04-2,iPhone,Pune,10,6,1,7.9,14,22904.15,13363.04,19,518,153,0,0,0,120.15,0,
TXN04-02289,4,2026-06-21 10:52:49,5935.07,Suppliers,40011,Bank Transfer,DEV-04-6,Web,Mumbai,10,6,1,2.72,15,22900.27,13348.34,65,89,1916,0,0,0,120.15,0,
TXN04-02290,4,2026-06-21 11:25:53,24777.01,Suppliers,40027,UPI,DEV-04-1,iPhone,Mumbai,11,6,1,33.07,16,22766.21,13304.28,27,768,1917,0,0,0,0.0,0,
TXN04-02291,4,2026-06-21 11:53:18,44122.12,Fuel,40009,Card,DEV-04-3,iPhone,Mumbai,11,6,1,27.42,17,22794.06,13314.42,84,339,1918,0,0,0,0.0,0,
TXN04-02292,4,2026-06-21 11:59:39,34759.31,Hotels,40001,UPI,DEV-04-6,Web,Lucknow,11,6,1,6.35,18,22821.16,13345.49,226,90,7,0,0,0,1194.67,0,
TXN04-02293,4,2026-06-21 12:11:07,11304.02,Office,40085,UPI,DEV-04-2,iPhone,Mumbai,12,6,1,11.47,19,22900.86,13349.04,2,519,1919,0,0,0,1194.67,0,
TXN04-02294,4,2026-06-21 12:18:01,50000.0,Suppliers,40035,Card,DEV-04-1,iPhone,Mumbai,12,6,1,6.9,20,22874.8,13345.33,25,769,1920,0,0,0,0.0,0,
TXN04-02295,4,2026-06-21 12:21:10,13980.81,Hotels,40007,Card,DEV-04-7,iPhone,Mumbai,12,6,1,3.15,21,22935.62,13391.96,53,64,1921,0,0,0,0.0,0,
TXN04-02296,4,2026-06-21 12:31:10,27582.51,Suppliers,40004,Bank Transfer,DEV-04-1,iPhone,Mumbai,12,6,1,10.0,22,22915.59,13383.66,85,770,1922,0,0,0,0.0,0,
TXN04-02297,4,2026-06-21 12:32:15,9280.58,Fuel,40002,Bank Transfer,DEV-04-3,iPhone,Mumbai,12,6,1,1.08,23,22926.0,13370.53,132,340,1923,0,0,0,0.0,0,
TXN04-02298,4,2026-06-21 12:38:03,3449.68,Hotels,40001,Card,DEV-04-4,Android,Pune,12,6,1,5.8,24,22895.61,13371.11,227,226,154,0,0,0,120.15,0,
TXN04-02299,4,2026-06-21 12:40:24,5397.84,Hotels,40013,UPI,DEV-04-5,iPhone,Mumbai,12,6,1,2.35,25,22886.6,13382.85,38,147,1924,0,0,0,120.15,0,
TXN04-02300,4,2026-06-21 12:42:19,14615.31,Suppliers,40003,Card,DEV-04-1,iPhone,Mumbai,12,6,1,1.92,26,22847.73,13393.31,213,771,1925,0,0,0,0.0,0,
TXN04-02301,4,2026-06-21 13:19:42,8274.35,Hotels,40014,Card,DEV-04-1,iPhone,Mumbai,13,6,1,37.38,27,22773.81,13405.61,29,772,1926,0,0,0,0.0,0,
TXN04-02302,4,2026-06-21 13:49:20,8037.04,Suppliers,40059,Bank Transfer,DEV-04-2,iPhone,Mumbai,13,6,1,29.63,28,22837.45,13399.55,8,520,1927,0,0,0,0.0,0,
TXN04-02303,4,2026-06-21 14:04:15,24494.22,Office,40016,Card,DEV-04-6,Web,Delhi,14,6,1,14.92,29,22804.34,13402.8,43,91,183,0,0,0,1153.24,0,
TXN04-02304,4,2026-06-21 14:14:46,46131.01,Office,40005,Bank Transfer,DEV-04-7,iPhone,Mumbai,14,6,1,10.52,30,22808.11,13388.07,132,65,1928,0,0,0,1153.24,0,
TXN04-02305,4,2026-06-21 14:18:15,13417.89,Hotels,40025,UPI,DEV-04-6,Web,Delhi,14,6,1,3.48,31,22860.05,13418.27,22,92,184,0,0,0,1153.24,0,
TXN04-02306,4,2026-06-21 15:24:06,5004.41,Hotels,40006,Card,DEV-04-2,iPhone,Mumbai,15,6,1,65.85,32,22775.48,13404.31,88,521,1929,0,0,0,1153.24,0,
TXN04-02307,4,2026-06-21 15:24:37,46072.89,Hotels,40006,Card,DEV-04-2,iPhone,Mumbai,15,6,1,0.52,33,22735.37,13415.7,89,522,1930,0,0,0,0.0,0,
TXN04-02308,4,2026-06-21 15:34:29,27763.85,Suppliers,40003,Card,DEV-04-5,iPhone,Mumbai,15,6,1,9.87,34,22787.93,13446.18,214,148,1931,0,0,0,0.0,0,
TXN04-02309,4,2026-06-21 16:19:49,50000.0,Hotels,40019,UPI,DEV-04-2,iPhone,Mumbai,16,6,1,45.33,35,22778.89,13438.13,38,523,1932,0,0,0,0.0,0,
TXN04-02310,4,2026-06-21 16:38:20,10922.75,Office,40016,Bank Transfer,DEV-04-1,iPhone,Mumbai,16,6,1,18.52,36,22840.34,13484.97,44,773,1933,0,0,0,0.0,0,
TXN04-02311,4,2026-06-21 16:47:01,6518.6,Fuel,40012,Card,DEV-04-1,iPhone,Pune,16,6,1,8.68,37,22813.49,13481.62,40,774,155,0,0,0,120.15,0,
TXN04-02312,4,2026-06-21 16:51:53,3954.39,Suppliers,40011,Card,DEV-04-5,iPhone,Mumbai,16,6,1,4.87,38,22776.88,13488.55,66,149,1934,0,0,0,120.15,0,
TXN04-02313,4,2026-06-21 17:09:47,22151.74,Hotels,40001,Card,DEV-04-1,iPhone,Pune,17,6,1,17.9,39,22737.94,13526.23,228,775,156,0,0,0,120.15,0,
TXN04-02314,4,2026-06-21 17:10:24,50000.0,Suppliers,40035,Card,DEV-04-8,Android,Mumbai,17,6,1,0.62,40,22736.62,13511.05,26,57,1935,0,0,0,120.15,0,
TXN04-02315,4,2026-06-21 18:18:47,36206.55,Fuel,40086,UPI,DEV-04-8,Android,Mumbai,18,6,1,68.38,41,22941.4,13593.86,1,58,1936,0,0,1,0.0,0,
TXN04-02316,4,2026-06-21 18:29:23,20352.94,Office,40031,Card,DEV-04-4,Android,Mumbai,18,6,1,10.6,42,22947.27,13599.03,21,227,1937,0,0,0,0.0,0,
TXN04-02317,4,2026-06-21 19:40:26,19267.8,Fuel,40009,Card,DEV-04-6,Web,Mumbai,19,6,1,71.05,43,23000.52,13637.55,85,93,1938,0,0,0,0.0,0,
TXN04-02318,4,2026-06-21 20:02:11,50000.0,Office,40005,Card,DEV-04-2,iPhone,Mumbai,20,6,1,21.75,44,23011.88,13632.39,133,524,1939,0,0,0,0.0,0,
TXN04-02319,4,2026-06-21 20:18:39,44584.95,Fuel,40087,UPI,DEV-04-4,Android,Delhi,20,6,1,16.47,45,23073.92,13677.91,1,228,185,0,0,1,1153.24,0,
TXN04-02320,4,2026-06-21 20:48:16,3978.45,Suppliers,40004,UPI,DEV-04-2,iPhone,Mumbai,20,6,1,29.62,46,23171.47,13679.66,86,525,1940,0,0,0,1153.24,0,
TXN04-02321,4,2026-06-21 20:56:25,30595.39,Fuel,40037,UPI,DEV-04-4,Android,Mumbai,20,6,1,8.15,47,23127.45,13694.78,11,229,1941,0,0,0,0.0,0,
TXN04-02322,4,2026-06-22 09:07:58,18264.28,Hotels,40010,UPI,DEV-04-1,iPhone,Mumbai,9,0,0,731.55,1,23180.91,13709.16,57,776,1942,0,0,0,0.0,0,
TXN04-02323,4,2026-06-22 09:14:52,16695.93,Hotels,40006,Card,DEV-04-11,Android,Mumbai,9,0,0,6.9,2,23169.56,13695.35,90,5,1943,0,0,0,0.0,0,
TXN04-02324,4,2026-06-22 09:20:05,22461.38,Office,40005,UPI,DEV-04-4,Android,Mumbai,9,0,0,5.22,3,23154.64,13683.09,134,230,1944,0,0,0,0.0,0,
TXN04-02325,4,2026-06-22 09:43:39,17922.76,Suppliers,40015,Card,DEV-04-3,iPhone,Mumbai,9,0,0,23.57,4,23201.05,13694.89,48,341,1945,0,0,0,0.0,0,
TXN04-02326,4,2026-06-22 10:00:42,38381.32,Suppliers,40004,Card,DEV-04-1,iPhone,Mumbai,10,0,0,17.05,5,23152.49,13702.67,87,777,1946,0,0,0,0.0,0,
TXN04-02327,4,2026-06-22 10:12:18,22485.84,Fuel,40020,UPI,DEV-04-1,iPhone,Mumbai,10,0,0,11.6,6,23185.61,13722.17,27,778,1947,0,0,0,0.0,0,
TXN04-02328,4,2026-06-22 10:17:57,7777.18,Hotels,40007,Card,DEV-04-4,Android,Mumbai,10,0,0,5.65,7,23183.99,13706.32,54,231,1948,0,0,0,0.0,0,
TXN04-02329,4,2026-06-22 10:26:23,24151.52,Fuel,40026,Bank Transfer,DEV-04-1,iPhone,Mumbai,10,0,0,8.43,8,23093.36,13678.43,16,779,1949,0,0,0,0.0,0,
TXN04-02330,4,2026-06-22 10:56:37,49800.42,Hotels,40001,Bank Transfer,DEV-04-1,iPhone,Mumbai,10,0,0,30.23,9,23069.5,13612.26,229,780,1950,0,0,0,0.0,0,
TXN04-02331,4,2026-06-22 11:12:09,20614.34,Hotels,40025,Card,DEV-04-2,iPhone,Mumbai,11,0,0,15.53,10,23133.73,13672.79,23,526,1951,0,0,0,0.0,0,
TXN04-02332,4,2026-06-22 11:24:35,18188.32,Suppliers,40064,Card,DEV-04-1,iPhone,Mumbai,11,0,0,12.43,11,23131.71,13664.93,10,781,1952,0,0,0,0.0,0,
TXN04-02333,4,2026-06-22 11:52:44,5372.14,Hotels,40014,UPI,DEV-04-6,Web,Mumbai,11,0,0,28.15,12,23131.76,13664.91,30,94,1953,0,0,0,0.0,0,
TXN04-02334,4,2026-06-22 11:58:36,11133.17,Office,40044,UPI,DEV-04-5,iPhone,Mumbai,11,0,0,5.87,13,23090.56,13675.76,15,150,1954,0,0,0,0.0,0,
TXN04-02335,4,2026-06-22 12:01:24,14382.33,Suppliers,40004,Card,DEV-04-1,iPhone,Mumbai,12,0,0,2.8,14,23062.88,13672.01,88,782,1955,0,0,0,0.0,0,
TXN04-02336,4,2026-06-22 13:03:35,15692.29,Hotels,40006,Bank Transfer,DEV-04-4,Android,Mumbai,13,0,0,62.18,15,23124.4,13677.51,91,232,1956,0,0,0,0.0,0,
TXN04-02337,4,2026-06-22 13:06:55,14816.0,Office,40005,UPI,DEV-04-2,iPhone,Mumbai,13,0,0,3.33,16,23107.08,13666.26,135,527,1957,0,0,0,0.0,0,
TXN04-02338,4,2026-06-22 13:16:50,26447.83,Suppliers,40003,Card,DEV-04-1,iPhone,Delhi,13,0,0,9.92,17,23052.14,13652.1,215,783,186,0,0,0,1153.24,0,
TXN04-02339,4,2026-06-22 13:30:44,7206.61,Suppliers,40015,UPI,DEV-04-1,iPhone,Mumbai,13,0,0,13.9,18,23072.54,13650.62,49,784,1958,0,0,0,1153.24,0,
TXN04-02340,4,2026-06-22 13:44:12,7596.11,Fuel,40002,UPI,DEV-04-2,iPhone,Mumbai,13,0,0,13.47,19,23035.64,13656.14,133,528,1959,0,0,0,0.0,0,
TXN04-02341,4,2026-06-22 13:49:18,22805.22,Office,40040,UPI,DEV-04-5,iPhone,Mumbai,13,0,0,5.1,20,22999.82,13660.5,14,151,1960,0,0,0,0.0,0,
TXN04-02342,4,2026-06-22 14:01:36,13227.37,Office,40028,Bank Transfer,DEV-04-4,Android,Mumbai,14,0,0,12.3,21,22999.37,13644.68,28,233,1961,0,0,0,0.0,0,
TXN04-02343,4,2026-06-22 14:18:13,6429.59,Office,40073,UPI,DEV-04-5,iPhone,Mumbai,14,0,0,16.62,22,23057.68,13646.25,4,152,1962,0,0,0,0.0,0,
TXN04-02344,4,2026-06-22 14:39:51,24568.92,Office,40073,Card,DEV-04-1,iPhone,Mumbai,14,0,0,21.63,23,22957.44,13636.58,5,785,1963,0,0,0,0.0,0,
TXN04-02345,4,2026-06-22 15:30:15,4671.52,Suppliers,40003,Card,DEV-04-1,iPhone,Mumbai,15,0,0,50.4,24,22933.64,13590.19,216,786,1964,0,0,0,0.0,0,
TXN04-02346,4,2026-06-22 15:36:13,22262.79,Hotels,40053,Card,DEV-04-6,Web,Mumbai,15,0,0,5.97,25,22921.27,13604.43,8,95,1965,0,0,0,0.0,0,
TXN04-02347,4,2026-06-22 15:54:12,24623.19,Hotels,40060,Card,DEV-04-1,iPhone,Mumbai,15,0,0,17.98,26,22880.84,13608.0,7,787,1966,0,0,0,0.0,0,
TXN04-02348,4,2026-06-22 17:06:07,26167.78,Hotels,40081,Card,DEV-04-1,iPhone,Mumbai,17,0,0,71.92,27,22846.82,13526.61,3,788,1967,0,0,0,0.0,0,
TXN04-02349,4,2026-06-22 17:07:50,47022.22,Hotels,40014,Bank Transfer,DEV-04-1,iPhone,Mumbai,17,0,0,1.72,28,22854.82,13511.28,31,789,1968,0,0,0,0.0,0,
TXN04-02350,4,2026-06-22 17:28:07,6150.3,Hotels,40001,Card,DEV-04-22,Web,Mumbai,17,0,0,20.28,29,22954.6,13536.46,230,1,1969,1,0,0,0.0,0,
TXN04-02351,4,2026-06-22 17:57:19,33174.71,Office,40044,UPI,DEV-04-8,Android,Mumbai,17,0,0,29.2,30,22968.08,13577.31,16,59,1970,0,0,0,0.0,0,
TXN04-02352,4,2026-06-22 18:36:27,30872.54,Suppliers,40003,Card,DEV-04-2,iPhone,Mumbai,18,0,0,39.13,31,22962.77,13507.8,217,529,1971,0,0,0,0.0,0,
TXN04-02353,4,2026-06-22 18:41:33,13591.64,Hotels,40010,Bank Transfer,DEV-04-1,iPhone,Mumbai,18,0,0,5.1,32,22982.16,13496.9,58,790,1972,0,0,0,0.0,0,
TXN04-02354,4,2026-06-22 18:53:39,6116.7,Fuel,40009,UPI,DEV-04-12,Android,Mumbai,18,0,0,12.1,33,22959.2,13488.36,86,6,1973,0,0,0,0.0,0,
TXN04-02355,4,2026-06-22 19:02:36,33119.21,Hotels,40014,Card,DEV-04-5,iPhone,Mumbai,19,0,0,8.95,34,22918.32,13513.99,32,153,1974,0,0,0,0.0,0,
TXN04-02356,4,2026-06-22 19:18:29,12286.35,Office,40016,Card,DEV-04-1,iPhone,Mumbai,19,0,0,15.88,35,23009.19,13532.87,45,791,1975,0,0,0,0.0,0,
TXN04-02357,4,2026-06-22 19:23:49,14834.59,Hotels,40030,Bank Transfer,DEV-04-2,iPhone,Mumbai,19,0,0,5.33,36,22982.91,13526.68,25,530,1976,0,0,0,0.0,0,
TXN04-02358,4,2026-06-22 19:32:52,35282.09,Fuel,40026,UPI,DEV-04-23,Android,Mumbai,19,0,0,9.05,37,22962.99,13516.12,17,1,1977,1,0,0,0.0,0,
TXN04-02359,4,2026-06-22 19:51:25,12541.31,Suppliers,40083,Bank Transfer,DEV-04-3,iPhone,Mumbai,19,0,0,18.55,38,23025.86,13513.47,2,342,1978,0,0,0,0.0,0,
TXN04-02360,4,2026-06-22 19:54:01,22658.11,Hotels,40001,UPI,DEV-04-3,iPhone,Jaipur,19,0,0,2.6,39,23000.29,13506.89,231,343,2,0,0,0,920.74,0,
TXN04-02361,4,2026-06-22 19:58:07,25996.56,Fuel,40002,UPI,DEV-04-8,Android,Delhi,19,0,0,4.1,40,22999.46,13490.46,134,60,187,0,0,0,237.53,0,
TXN04-02362,4,2026-06-22 20:10:50,21394.99,Fuel,40002,Card,DEV-04-2,iPhone,Mumbai,20,0,0,12.72,41,23035.04,13479.02,135,531,1979,0,0,0,1153.24,0,
TXN04-02363,4,2026-06-22 20:30:53,12086.02,Fuel,40058,Card,DEV-04-3,iPhone,Mumbai,20,0,0,20.05,42,23000.24,13464.73,6,344,1980,0,0,0,0.0,0,
TXN04-02364,4,2026-06-22 20:31:01,35540.37,Hotels,40001,UPI,DEV-04-24,Android,Pune,20,0,0,0.13,43,22973.75,13459.1,232,1,157,1,0,0,120.15,0,
TXN04-02365,4,2026-06-22 20:34:01,42722.33,Fuel,40002,UPI,DEV-04-2,iPhone,Mumbai,20,0,0,3.0,44,23004.18,13456.98,136,532,1981,0,0,0,120.15,0,
TXN04-02366,4,2026-06-22 20:52:02,21679.28,Hotels,40057,Bank Transfer,DEV-04-12,Android,Mumbai,20,0,0,18.02,45,23051.8,13475.52,8,7,1982,0,0,0,0.0,0,
TXN04-02367,4,2026-06-22 21:45:30,26000.0,Suppliers,40001,Card,DEV-UNK-2881,Android,Mumbai,21,0,0,53.47,46,23070.13,13468.48,233,1,1983,1,0,0,0.0,1,unknown_device
TXN04-02368,4,2026-06-22 22:34:31,20324.66,Office,40166,UPI,DEV-04-1,iPhone,Mumbai,22,0,0,49.02,47,23077.19,13453.01,1,792,1984,0,0,1,0.0,1,ato_new_merchant_same_category_odd_hour
TXN04-02369,4,2026-06-23 08:23:59,23364.71,Hotels,40013,Bank Transfer,DEV-04-3,iPhone,Mumbai,8,1,0,589.47,1,23077.17,13453.01,39,345,1985,0,0,0,0.0,0,
TXN04-02370,4,2026-06-23 08:34:43,34889.2,Hotels,40006,UPI,DEV-04-3,iPhone,Mumbai,8,1,0,10.73,2,23079.58,13452.98,92,346,1986,0,0,0,0.0,0,
TXN04-02371,4,2026-06-23 08:46:48,16166.02,Suppliers,40054,Card,DEV-04-3,iPhone,Mumbai,8,1,0,12.08,3,23068.1,13440.86,15,347,1987,0,0,0,0.0,0,
TXN04-02372,4,2026-06-23 08:55:16,50000.0,Fuel,40002,UPI,DEV-04-3,iPhone,Mumbai,8,1,0,8.47,4,23043.05,13444.01,137,348,1988,0,0,0,0.0,0,
TXN04-02373,4,2026-06-23 09:03:57,20032.15,Fuel,40002,Card,DEV-04-8,Android,Mumbai,9,1,0,8.68,5,23106.47,13508.79,138,61,1989,0,0,0,0.0,0,
TXN04-02374,4,2026-06-23 09:20:53,19685.18,Hotels,40006,Card,DEV-04-2,iPhone,Mumbai,9,1,0,16.93,6,23099.08,13493.39,93,533,1990,0,0,0,0.0,0,
TXN04-02375,4,2026-06-23 09:21:32,42495.28,Suppliers,40055,Card,DEV-04-1,iPhone,Mumbai,9,1,0,0.65,7,23090.89,13478.23,13,793,1991,0,0,0,0.0,0,
TXN04-02376,4,2026-06-23 09:43:44,16411.32,Suppliers,40011,Card,DEV-04-5,iPhone,Delhi,9,1,0,22.2,8,23180.21,13511.29,67,154,188,0,0,0,1153.24,0,
TXN04-02377,4,2026-06-23 09:53:09,13027.1,Hotels,40065,Card,DEV-04-4,Android,Mumbai,9,1,0,9.42,9,23173.56,13526.34,4,234,1992,0,0,0,1153.24,0,
TXN04-02378,4,2026-06-23 10:05:59,25655.76,Suppliers,40022,UPI,DEV-04-5,iPhone,Mumbai,10,1,0,12.83,10,23022.86,13428.75,35,155,1993,0,0,0,0.0,0,
TXN04-02379,4,2026-06-23 10:25:19,50000.0,Suppliers,40022,Card,DEV-04-6,Web,Mumbai,10,1,0,19.33,11,22991.4,13413.33,36,96,1994,0,0,0,0.0,0,
TXN04-02380,4,2026-06-23 10:31:54,32534.84,Fuel,40012,Card,DEV-04-1,iPhone,Mumbai,10,1,0,6.58,12,23056.64,13462.56,41,794,1995,0,0,0,0.0,0,
TXN04-02381,4,2026-06-23 10:32:10,4072.76,Office,40005,Card,DEV-04-2,iPhone,Mumbai,10,1,0,0.27,13,23079.48,13454.36,136,534,1996,0,0,0,0.0,0,
TXN04-02382,4,2026-06-23 10:48:01,7981.38,Fuel,40088,Card,DEV-04-5,iPhone,Mumbai,10,1,0,15.85,14,23033.79,13470.38,1,156,1997,0,0,1,0.0,0,
TXN04-02383,4,2026-06-23 10:48:09,32471.69,Office,40016,UPI,DEV-04-1,iPhone,Mumbai,10,1,0,0.13,15,22997.69,13474.34,46,795,1998,0,0,0,0.0,0,
TXN04-02384,4,2026-06-23 10:48:15,20669.69,Hotels,40006,Card,DEV-04-5,iPhone,Mumbai,10,1,0,0.1,16,23020.36,13466.17,94,157,1999,0,0,0,0.0,0,
TXN04-02385,4,2026-06-23 10:48:30,14501.18,Hotels,40069,Card,DEV-04-1,iPhone,Delhi,10,1,0,0.25,17,23014.75,13450.58,6,796,189,0,0,0,1153.24,0,
TXN04-02386,4,2026-06-23 10:54:54,9640.39,Suppliers,40018,Card,DEV-04-3,iPhone,Mumbai,10,1,0,6.4,18,22994.48,13440.97,35,349,2000,0,0,0,1153.24,0,
TXN04-02387,4,2026-06-23 11:16:14,27900.88,Hotels,40007,Bank Transfer,DEV-04-1,iPhone,Mumbai,11,1,0,21.33,19,22881.06,13322.74,55,797,2001,0,0,0,0.0,0,
TXN04-02388,4,2026-06-23 11:26:04,19598.59,Fuel,40002,Bank Transfer,DEV-04-5,iPhone,Mumbai,11,1,0,9.83,20,22893.04,13309.09,139,158,2002,0,0,0,0.0,0,
TXN04-02389,4,2026-06-23 11:39:33,13226.45,Suppliers,40035,UPI,DEV-04-1,iPhone,Delhi,11,1,0,13.48,21,22879.98,13309.63,27,798,190,0,0,0,1153.24,0,
TXN04-02390,4,2026-06-23 11:39:42,7841.93,Hotels,40001,Card,DEV-04-8,Android,Mumbai,11,1,0,0.15,22,22857.0,13302.1,234,62,2003,0,0,0,1153.24,0,
TXN04-02391,4,2026-06-23 11:41:43,25138.07,Office,40028,UPI,DEV-04-8,Android,Pune,11,1,0,2.02,23,22821.33,13306.38,29,63,158,0,0,0,120.15,0,
TXN04-02392,4,2026-06-23 11:42:17,9796.25,Suppliers,40003,Card,DEV-04-11,Android,Mumbai,11,1,0,0.57,24,22826.82,13291.08,218,6,2004,0,0,0,120.15,0,
TXN04-02393,4,2026-06-23 12:00:33,23468.63,Fuel,40036,UPI,DEV-04-2,iPhone,Pune,12,1,0,18.27,25,22813.15,13301.51,12,535,159,0,0,0,120.15,0,
TXN04-02394,4,2026-06-23 12:12:08,47652.14,Suppliers,40015,UPI,DEV-04-2,iPhone,Mumbai,12,1,0,11.58,26,22824.08,13265.22,50,536,2005,0,0,0,120.15,0,
TXN04-02395,4,2026-06-23 12:17:37,22701.98,Suppliers,40004,UPI,DEV-04-7,iPhone,Mumbai,12,1,0,5.48,27,22882.91,13304.37,89,66,2006,0,0,0,0.0,0,
TXN04-02396,4,2026-06-23 12:17:43,34363.82,Suppliers,40003,Card,DEV-04-7,iPhone,Mumbai,12,1,0,0.1,28,22882.48,13288.64,219,67,2007,0,0,0,0.0,0,
TXN04-02397,4,2026-06-23 12:41:10,22032.87,Office,40005,Bank Transfer,DEV-04-2,iPhone,Mumbai,12,1,0,23.45,29,22916.63,13309.06,137,537,2008,0,0,0,0.0,0,
TXN04-02398,4,2026-06-23 12:50:14,14236.28,Fuel,40009,UPI,DEV-04-7,iPhone,Mumbai,12,1,0,9.07,30,22914.54,13293.35,87,68,2009,0,0,0,0.0,0,
TXN04-02399,4,2026-06-23 12:58:30,17767.93,Fuel,40002,Card,DEV-04-5,iPhone,Delhi,12,1,0,8.27,31,22874.76,13294.14,140,159,191,0,0,0,1153.24,0,
TXN04-02400,4,2026-06-23 13:38:11,26237.38,Hotels,40006,Bank Transfer,DEV-04-2,iPhone,Mumbai,13,1,0,39.68,32,22860.02,13254.58,95,538,2010,0,0,0,1153.24,0,
TXN04-02401,4,2026-06-23 13:57:23,24354.52,Fuel,40037,UPI,DEV-04-5,iPhone,Mumbai,13,1,0,19.2,33,22804.73,13204.74,12,160,2011,0,0,0,0.0,0,
TXN04-02402,4,2026-06-23 14:25:39,32238.46,Suppliers,40003,Card,DEV-04-2,iPhone,Mumbai,14,1,0,28.27,34,22808.43,13189.19,220,539,2012,0,0,0,0.0,0,
TXN04-02403,4,2026-06-23 14:28:04,24453.95,Suppliers,40077,Card,DEV-04-6,Web,Mumbai,14,1,0,2.42,35,22830.88,13181.5,4,97,2013,0,0,0,0.0,0,
TXN04-02404,4,2026-06-23 14:30:53,8827.76,Office,40016,Bank Transfer,DEV-04-4,Android,Mumbai,14,1,0,2.82,36,22834.74,13166.07,47,235,2014,0,0,0,0.0,0,
TXN04-02405,4,2026-06-23 15:00:05,8324.38,Office,40005,Bank Transfer,DEV-04-2,iPhone,Pune,15,1,0,29.2,37,22790.4,13181.73,138,540,160,0,0,0,120.15,0,
TXN04-02406,4,2026-06-23 15:11:12,15239.21,Suppliers,40052,Card,DEV-04-4,Android,Pune,15,1,0,11.12,38,22740.62,13211.06,14,236,161,0,0,0,0.0,0,
TXN04-02407,4,2026-06-23 15:30:27,30978.62,Fuel,40002,Card,DEV-04-1,iPhone,Mumbai,15,1,0,19.25,39,22685.55,13152.21,141,799,2015,0,0,0,120.15,0,
TXN04-02408,4,2026-06-23 15:38:41,10034.45,Office,40005,UPI,DEV-04-7,iPhone,Mumbai,15,1,0,8.23,40,22705.29,13142.76,139,69,2016,0,0,0,0.0,0,
TXN04-02409,4,2026-06-23 15:51:38,9768.22,Office,40016,Card,DEV-04-4,Android,Mumbai,15,1,0,12.95,41,22627.74,13121.18,48,237,2017,0,0,0,0.0,0,
TXN04-02410,4,2026-06-23 16:02:41,21717.25,Hotels,40006,Card,DEV-04-9,iPhone,Delhi,16,1,0,11.05,42,22597.2,13120.53,96,25,192,0,0,0,1153.24,0,
TXN04-02411,4,2026-06-23 16:10:15,28993.29,Suppliers,40003,UPI,DEV-04-2,iPhone,Mumbai,16,1,0,7.57,43,22617.18,13112.76,221,541,2018,0,0,0,1153.24,0,
TXN04-02412,4,2026-06-23 16:30:05,29931.33,Fuel,40020,Card,DEV-04-8,Android,Mumbai,16,1,0,19.83,44,22577.76,13095.3,28,64,2019,0,0,0,0.0,0,
TXN04-02413,4,2026-06-23 16:50:48,24158.88,Office,40008,UPI,DEV-04-2,iPhone,Mumbai,16,1,0,20.72,45,22620.16,13109.46,70,542,2020,0,0,0,0.0,0,
TXN04-02414,4,2026-06-23 17:02:49,13848.03,Fuel,40012,Card,DEV-04-5,iPhone,Mumbai,17,1,0,12.02,46,22655.07,13094.17,42,161,2021,0,0,0,0.0,0,
TXN04-02415,4,2026-06-23 17:06:45,8293.62,Suppliers,40004,Card,DEV-04-4,Android,Mumbai,17,1,0,3.93,47,22622.8,13111.44,90,238,2022,0,0,0,0.0,0,
TXN04-02416,4,2026-06-23 17:15:56,50000.0,Suppliers,40034,Card,DEV-04-6,Web,Mumbai,17,1,0,9.18,48,22588.35,13114.46,28,98,2023,0,0,0,0.0,0,
TXN04-02417,4,2026-06-23 17:27:37,14012.0,Hotels,40007,Card,DEV-04-4,Android,Pune,17,1,0,11.68,49,22646.77,13182.13,56,239,162,0,0,0,120.15,0,
TXN04-02418,4,2026-06-23 18:00:26,40803.0,Fuel,40012,UPI,DEV-04-4,Android,Delhi,18,1,0,32.82,50,22551.15,13187.81,43,240,193,0,0,0,1179.48,0,
TXN04-02419,4,2026-06-23 18:27:59,16009.03,Suppliers,40003,Card,DEV-04-3,iPhone,Mumbai,18,1,0,27.55,51,22618.31,13149.8,222,350,2024,0,0,0,1153.24,0,
TXN04-02420,4,2026-06-23 18:31:10,12594.98,Suppliers,40003,Card,DEV-04-3,iPhone,Mumbai,18,1,0,3.18,52,22627.37,13143.97,223,351,2025,0,0,0,0.0,0,
TXN04-02421,4,2026-06-23 18:42:43,19438.77,Suppliers,40024,UPI,DEV-04-1,iPhone,Mumbai,18,1,0,11.55,53,22596.47,13152.62,24,800,2026,0,0,0,0.0,0,
TXN04-02422,4,2026-06-23 19:03:06,50000.0,Fuel,40002,Card,DEV-04-3,iPhone,Pune,19,1,0,20.38,54,22524.74,13130.12,142,352,163,0,0,0,120.15,0,
TXN04-02423,4,2026-06-23 19:06:39,13752.78,Hotels,40007,UPI,DEV-04-1,iPhone,Mumbai,19,1,0,3.55,55,22615.37,13191.38,57,801,2027,0,0,0,120.15,0,
TXN04-02424,4,2026-06-23 19:22:18,16434.65,Suppliers,40003,Card,DEV-04-4,Android,Mumbai,19,1,0,15.65,56,22635.2,13171.93,224,241,2028,0,0,0,0.0,0,
TXN04-02425,4,2026-06-23 19:50:16,5371.93,Fuel,40089,UPI,DEV-04-4,Android,Mumbai,19,1,0,27.97,57,22640.73,13168.86,1,242,2029,0,0,1,0.0,0,
TXN04-02426,4,2026-06-23 20:11:24,21528.52,Fuel,40012,Bank Transfer,DEV-04-4,Android,Mumbai,20,1,0,21.13,58,22676.53,13165.35,44,243,2030,0,0,0,0.0,0,
TXN04-02427,4,2026-06-23 20:17:10,23641.26,Office,40032,UPI,DEV-04-1,iPhone,Mumbai,20,1,0,5.77,59,22673.72,13149.33,23,802,2031,0,0,0,0.0,0,
TXN04-02428,4,2026-06-23 20:40:43,50000.0,Suppliers,40011,Bank Transfer,DEV-04-2,iPhone,Mumbai,20,1,0,23.55,60,22676.09,13133.33,68,543,2032,0,0,0,0.0,0,
TXN04-02429,4,2026-06-23 20:48:56,13528.36,Office,40073,Card,DEV-04-1,iPhone,Mumbai,20,1,0,8.22,61,22742.73,13186.36,6,803,2033,0,0,0,0.0,0,
TXN04-02430,4,2026-06-23 22:29:54,26000.0,Suppliers,40001,Card,DEV-UNK-8472,Android,Mumbai,22,1,0,100.97,62,22725.08,13117.45,235,1,2034,1,0,0,0.0,1,unknown_device
TXN04-02431,4,2026-06-24 06:08:07,26000.0,Suppliers,40001,Card,DEV-UNK-9558,Web,Mumbai,6,2,0,458.22,1,22733.08,13102.41,236,1,2035,1,0,0,0.0,1,unknown_device
TXN04-02432,4,2026-06-24 08:01:04,28001.86,Suppliers,40022,Card,DEV-04-2,iPhone,Mumbai,8,2,0,112.95,2,22551.53,12946.0,37,544,2036,0,0,0,0.0,0,
TXN04-02433,4,2026-06-24 08:04:16,31842.14,Office,40032,Card,DEV-04-1,iPhone,Delhi,8,2,0,3.2,3,22564.89,12932.93,24,804,194,0,0,0,1153.24,0,
TXN04-02434,4,2026-06-24 08:24:15,3063.42,Fuel,40009,Bank Transfer,DEV-04-1,iPhone,Mumbai,8,2,0,19.98,4,22604.0,12936.8,88,805,2037,0,0,0,1153.24,0,
TXN04-02435,4,2026-06-24 08:37:43,24939.43,Office,40044,Card,DEV-04-4,Android,Mumbai,8,2,0,13.47,5,22540.94,12969.15,17,244,2038,0,0,0,0.0,0,
TXN04-02436,4,2026-06-24 09:22:38,20313.98,Hotels,40013,Card,DEV-04-2,iPhone,Mumbai,9,2,0,44.92,6,22610.45,12949.28,40,545,2039,0,0,0,0.0,0,
TXN04-02437,4,2026-06-24 10:06:13,36299.45,Fuel,40009,Bank Transfer,DEV-04-1,iPhone,Mumbai,10,2,0,43.58,7,22606.71,12896.31,89,806,2040,0,0,0,0.0,0,
TXN04-02438,4,2026-06-24 10:06:15,24421.74,Fuel,40009,UPI,DEV-04-14,Web,Mumbai,10,2,0,0.03,8,22640.52,12898.29,90,3,2041,0,0,0,0.0,0,
TXN04-02439,4,2026-06-24 10:30:23,26780.65,Suppliers,40011,UPI,DEV-04-2,iPhone,Mumbai,10,2,0,24.13,9,22574.79,12873.87,69,546,2042,0,0,0,0.0,0,
TXN04-02440,4,2026-06-24 10:45:56,38435.52,Office,40082,UPI,DEV-04-1,iPhone,Mumbai,10,2,0,15.55,10,22608.43,12868.58,4,807,2043,0,0,0,0.0,0,
TXN04-02441,4,2026-06-24 10:59:52,29293.27,Hotels,40014,UPI,DEV-04-6,Web,Mumbai,10,2,0,13.93,11,22685.34,12870.55,33,99,2044,0,0,0,0.0,0,
TXN04-02442,4,2026-06-24 11:07:27,11388.69,Suppliers,40034,Card,DEV-04-3,iPhone,Mumbai,11,2,0,7.58,12,22701.74,12858.77,29,353,2045,0,0,0,0.0,0,
TXN04-02443,4,2026-06-24 11:24:47,5451.89,Hotels,40007,UPI,DEV-04-7,iPhone,Mumbai,11,2,0,17.33,13,22715.02,12844.31,58,70,2046,0,0,0,0.0,0,
TXN04-02444,4,2026-06-24 11:24:52,30767.35,Suppliers,40011,UPI,DEV-04-2,iPhone,Mumbai,11,2,0,0.08,14,22672.29,12857.05,70,547,2047,0,0,0,0.0,0,
TXN04-02445,4,2026-06-24 11:41:45,11405.9,Fuel,40002,Card,DEV-04-4,Android,Delhi,11,2,0,16.88,15,22660.02,12787.36,143,245,195,0,0,0,1153.24,0,
TXN04-02446,4,2026-06-24 11:47:41,20089.1,Hotels,40001,Bank Transfer,DEV-04-5,iPhone,Mumbai,11,2,0,5.93,16,22632.17,12783.76,237,162,2048,0,0,0,1153.24,0,
TXN04-02447,4,2026-06-24 12:01:17,37074.57,Suppliers,40022,Card,DEV-04-3,iPhone,Mumbai,12,2,0,13.6,17,22695.03,12754.28,38,354,2049,0,0,0,0.0,0,
TXN04-02448,4,2026-06-24 12:42:43,16482.34,Fuel,40068,Card,DEV-04-1,iPhone,Mumbai,12,2,0,41.43,18,22769.78,12784.34,6,808,2050,0,0,0,0.0,0,
TXN04-02449,4,2026-06-24 12:48:36,35510.64,Office,40005,Bank Transfer,DEV-04-5,iPhone,Mumbai,12,2,0,5.88,19,22787.53,12770.7,140,163,2051,0,0,0,0.0,0,
TXN04-02450,4,2026-06-24 13:33:12,17090.61,Suppliers,40003,Card,DEV-04-3,iPhone,Mumbai,13,2,0,44.6,20,22916.88,12787.36,225,355,2052,0,0,0,0.0,0,
TXN04-02451,4,2026-06-24 13:49:36,8712.54,Fuel,40002,Card,DEV-04-4,Android,Delhi,13,2,0,16.4,21,22869.47,12774.15,144,246,196,0,0,0,1153.24,0,
TXN04-02452,4,2026-06-24 13:53:29,50000.0,Hotels,40006,Bank Transfer,DEV-04-7,iPhone,Mumbai,13,2,0,3.88,22,22790.37,12764.83,97,71,2053,0,0,0,1153.24,0,
TXN04-02453,4,2026-06-24 13:54:32,50000.0,Hotels,40051,UPI,DEV-04-3,iPhone,Mumbai,13,2,0,1.05,23,22859.08,12821.63,7,356,2054,0,0,0,0.0,0,
TXN04-02454,4,2026-06-24 14:19:38,39992.52,Fuel,40020,Card,DEV-04-3,iPhone,Mumbai,14,2,0,25.1,24,22976.81,12925.44,29,357,2055,0,0,0,0.0,0,
TXN04-02455,4,2026-06-24 14:33:54,8530.65,Suppliers,40034,Card,DEV-04-1,iPhone,Mumbai,14,2,0,14.27,25,22996.33,12945.31,30,809,2056,0,0,0,0.0,0,
TXN04-02456,4,2026-06-24 14:37:45,46967.09,Suppliers,40034,Card,DEV-04-6,Web,Mumbai,14,2,0,3.85,26,22959.62,12949.34,31,100,2057,0,0,0,0.0,0,
TXN04-02457,4,2026-06-24 14:43:10,9070.52,Suppliers,40133,Bank Transfer,DEV-UNK-1971,Web,Mumbai,14,2,0,5.42,27,23020.4,12989.09,1,1,2058,1,0,1,0.0,1,ato_new_device
TXN04-02458,4,2026-06-24 14:44:51,7149.14,Fuel,40009,UPI,DEV-04-6,Web,Mumbai,14,2,0,1.68,28,22985.17,12991.56,91,101,2059,0,0,0,0.0,0,
TXN04-02459,4,2026-06-24 14:56:33,18996.28,Office,40005,UPI,DEV-04-3,iPhone,Mumbai,14,2,0,11.7,29,22956.72,13013.85,141,358,2060,0,0,0,0.0,0,
TXN04-02460,4,2026-06-24 14:58:02,15570.5,Hotels,40001,Card,DEV-04-1,iPhone,Mumbai,14,2,0,1.48,30,22946.74,12998.96,238,810,2061,0,0,0,0.0,0,
TXN04-02461,4,2026-06-24 15:21:44,18783.93,Suppliers,40024,Card,DEV-04-3,iPhone,Delhi,15,2,0,23.7,31,22928.21,12987.87,25,359,197,0,0,0,1153.24,0,
TXN04-02462,4,2026-06-24 15:50:45,3905.39,Fuel,40058,Bank Transfer,DEV-04-3,iPhone,Mumbai,15,2,0,29.02,32,22953.75,13027.35,7,360,2062,0,0,0,1153.24,0,
TXN04-02463,4,2026-06-24 15:57:47,6470.65,Suppliers,40018,Bank Transfer,DEV-04-5,iPhone,Mumbai,15,2,0,7.03,33,22944.59,13039.47,36,164,2063,0,0,0,0.0,0,
TXN04-02464,4,2026-06-24 16:03:45,10118.42,Hotels,40041,Card,DEV-04-2,iPhone,Mumbai,16,2,0,5.97,34,22898.41,13061.62,12,548,2064,0,0,0,0.0,0,
TXN04-02465,4,2026-06-24 16:11:43,13364.05,Hotels,40041,UPI,DEV-04-3,iPhone,Mumbai,16,2,0,7.97,35,22866.06,13060.87,13,361,2065,0,0,0,0.0,0,
TXN04-02466,4,2026-06-24 16:11:51,3770.3,Suppliers,40003,Card,DEV-04-4,Android,Mumbai,16,2,0,0.13,36,22842.06,13053.09,226,247,2066,0,0,0,0.0,0,
TXN04-02467,4,2026-06-24 16:19:15,2930.23,Office,40016,UPI,DEV-04-10,Web,Mumbai,16,2,0,7.4,37,22765.29,13075.61,49,20,2067,0,0,0,0.0,0,
TXN04-02468,4,2026-06-24 16:30:56,15913.58,Suppliers,40022,Card,DEV-04-2,iPhone,Mumbai,16,2,0,11.68,38,22719.77,13113.16,39,549,2068,0,0,0,0.0,0,
TXN04-02469,4,2026-06-24 17:13:42,12444.31,Fuel,40062,UPI,DEV-04-5,iPhone,Mumbai,17,2,0,42.77,39,22630.33,13049.43,2,165,2069,0,0,0,0.0,0,
TXN04-02470,4,2026-06-24 17:26:55,5280.86,Hotels,40030,UPI,DEV-04-3,iPhone,Mumbai,17,2,0,13.22,40,22582.47,13052.11,26,362,2070,0,0,0,0.0,0,
TXN04-02471,4,2026-06-24 17:40:52,11028.63,Office,40005,UPI,DEV-04-1,iPhone,Mumbai,17,2,0,13.95,41,22538.67,13064.55,142,811,2071,0,0,0,0.0,0,
TXN04-02472,4,2026-06-24 17:46:48,4421.91,Hotels,40007,Card,DEV-04-3,iPhone,Mumbai,17,2,0,5.93,42,22509.6,13060.82,59,363,2072,0,0,0,0.0,0,
TXN04-02473,4,2026-06-24 17:56:54,41291.95,Suppliers,40003,Card,DEV-04-9,iPhone,Mumbai,17,2,0,10.1,43,22464.04,13075.83,227,26,2073,0,0,0,0.0,0,
TXN04-02474,4,2026-06-24 18:02:25,8022.19,Suppliers,40003,Card,DEV-04-2,iPhone,Mumbai,18,2,0,5.52,44,22514.87,13112.2,228,550,2074,0,0,0,0.0,0,
TXN04-02475,4,2026-06-24 18:10:25,14279.74,Hotels,40001,Card,DEV-04-2,iPhone,Mumbai,18,2,0,8.0,45,22478.09,13115.84,239,551,2075,0,0,0,0.0,0,
TXN04-02476,4,2026-06-24 18:13:30,9763.46,Office,40005,Card,DEV-04-4,Android,Mumbai,18,2,0,3.08,46,22384.85,13065.06,143,248,2076,0,0,0,0.0,0,
TXN04-02477,4,2026-06-24 18:14:13,20748.96,Hotels,40007,UPI,DEV-04-4,Android,Mumbai,18,2,0,0.72,47,22352.82,13063.91,60,249,2077,0,0,0,0.0,0,
TXN04-02478,4,2026-06-24 18:27:20,4945.53,Hotels,40090,UPI,DEV-04-3,iPhone,Mumbai,18,2,0,13.12,48,22354.22,13063.71,1,364,2078,0,0,1,0.0,0,
TXN04-02479,4,2026-06-24 19:41:57,13782.66,Hotels,40010,Card,DEV-04-4,Android,Mumbai,19,2,0,74.62,49,22416.93,13128.87,59,250,2079,0,0,0,0.0,0,
TXN04-02480,4,2026-06-24 20:24:21,27039.82,Hotels,40066,UPI,DEV-04-6,Web,Mumbai,20,2,0,42.4,50,22428.86,13158.56,8,102,2080,0,0,0,0.0,0,
TXN04-02481,4,2026-06-24 20:28:45,36389.01,Hotels,40007,Card,DEV-04-1,iPhone,Mumbai,20,2,0,4.4,51,22440.84,13143.55,61,812,2081,0,0,0,0.0,0,
TXN04-02482,4,2026-06-24 20:30:23,20756.35,Suppliers,40011,Card,DEV-04-5,iPhone,Pune,20,2,0,1.63,52,22476.98,13145.65,71,166,164,0,0,0,120.15,0,
TXN04-02483,4,2026-06-24 20:31:29,16255.8,Hotels,40060,Bank Transfer,DEV-04-1,iPhone,Mumbai,20,2,0,1.1,53,22472.53,13128.95,8,813,2082,0,0,0,120.15,0,
TXN04-02484,4,2026-06-24 20:51:52,31903.59,Suppliers,40022,Card,DEV-04-5,iPhone,Mumbai,20,2,0,20.38,54,22442.06,13129.66,40,167,2083,0,0,0,0.0,0,
TXN04-02485,4,2026-06-24 20:59:26,23057.3,Hotels,40070,Card,DEV-04-5,iPhone,Mumbai,20,2,0,7.57,55,22466.45,13121.5,4,168,2084,0,0,0,0.0,0,
TXN04-02486,4,2026-06-25 08:42:59,15138.81,Hotels,40006,Bank Transfer,DEV-04-1,iPhone,Mumbai,8,3,0,703.55,1,22442.42,13095.79,98,814,2085,0,0,0,0.0,0,
TXN04-02487,4,2026-06-25 08:43:43,7463.51,Hotels,40019,Card,DEV-04-3,iPhone,Mumbai,8,3,0,0.73,2,22423.4,13084.03,39,365,2086,0,0,0,0.0,0,
TXN04-02488,4,2026-06-25 08:43:56,32060.48,Fuel,40002,UPI,DEV-04-1,iPhone,Mumbai,8,3,0,0.22,3,22384.54,13089.19,145,815,2087,0,0,0,0.0,0,
TXN04-02489,4,2026-06-25 09:09:52,4620.33,Hotels,40039,UPI,DEV-04-5,iPhone,Mumbai,9,3,0,25.93,4,22404.37,13098.05,10,169,2088,0,0,0,0.0,0,
TXN04-02490,4,2026-06-25 09:33:49,5700.92,Office,40005,Card,DEV-04-2,iPhone,Delhi,9,3,0,23.95,5,22412.93,13122.93,144,552,198,0,0,0,1153.24,0,
TXN04-02491,4,2026-06-25 09:50:40,20497.35,Hotels,40006,Bank Transfer,DEV-04-3,iPhone,Mumbai,9,3,0,16.85,6,22225.24,13014.63,99,366,2089,0,0,0,1153.24,0,
TXN04-02492,4,2026-06-25 09:53:39,37449.13,Office,40032,Bank Transfer,DEV-04-2,iPhone,Delhi,9,3,0,2.98,7,22220.74,12997.97,25,553,199,0,0,0,1153.24,0,
TXN04-02493,4,2026-06-25 09:53:44,16562.27,Office,40031,Bank Transfer,DEV-04-12,Android,Mumbai,9,3,0,0.08,8,22260.29,13004.2,22,8,2090,0,0,0,1153.24,0,
TXN04-02494,4,2026-06-25 09:59:32,19017.24,Suppliers,40003,Card,DEV-04-3,iPhone,Mumbai,9,3,0,5.8,9,22182.89,12945.59,229,367,2091,0,0,0,0.0,0,
TXN04-02495,4,2026-06-25 10:12:55,6184.7,Office,40028,Bank Transfer,DEV-04-3,iPhone,Mumbai,10,3,0,13.38,10,22102.21,12868.29,30,368,2092,0,0,0,0.0,0,
TXN04-02496,4,2026-06-25 10:20:18,17711.01,Suppliers,40027,UPI,DEV-04-3,iPhone,Mumbai,10,3,0,7.38,11,22060.86,12877.08,28,369,2093,0,0,0,0.0,0,
TXN04-02497,4,2026-06-25 10:24:26,33585.87,Hotels,40007,UPI,DEV-04-3,iPhone,Mumbai,10,3,0,4.13,12,22049.59,12862.29,62,370,2094,0,0,0,0.0,0,
TXN04-02498,4,2026-06-25 10:32:48,14011.3,Office,40017,Card,DEV-04-1,iPhone,Mumbai,10,3,0,8.37,13,22087.25,12891.59,45,816,2095,0,0,0,0.0,0,
TXN04-02499,4,2026-06-25 10:34:06,28985.13,Fuel,40002,Card,DEV-04-5,iPhone,Mumbai,10,3,0,1.3,14,22084.7,12893.09,146,170,2096,0,0,0,0.0,0,
TXN04-02500,4,2026-06-25 10:49:17,10844.84,Suppliers,40038,UPI,DEV-04-1,iPhone,Mumbai,10,3,0,15.18,15,22102.57,12881.16,19,817,2097,0,0,0,0.0,0,
TXN04-02501,4,2026-06-25 10:57:02,10806.6,Hotels,40014,Card,DEV-04-2,iPhone,Pune,10,3,0,7.75,16,22082.8,12892.56,34,554,165,0,0,0,120.15,0,
TXN04-02502,4,2026-06-25 11:06:09,8650.25,Suppliers,40018,UPI,DEV-04-3,iPhone,Mumbai,11,3,0,9.12,17,22053.66,12888.61,37,371,2098,0,0,0,120.15,0,
TXN04-02503,4,2026-06-25 11:52:33,28077.27,Fuel,40021,Card,DEV-04-2,iPhone,Pune,11,3,0,46.4,18,22046.8,12920.04,32,555,166,0,0,0,120.15,0,
TXN04-02504,4,2026-06-25 12:43:11,18208.77,Hotels,40019,UPI,DEV-04-2,iPhone,Mumbai,12,3,0,50.63,19,21956.87,12900.16,40,556,2099,0,0,0,120.15,0,
TXN04-02505,4,2026-06-25 12:46:21,18717.82,Hotels,40001,Bank Transfer,DEV-04-1,iPhone,Pune,12,3,0,3.17,20,21947.06,12884.68,240,818,167,0,0,0,120.15,0,
TXN04-02506,4,2026-06-25 12:52:01,21746.92,Office,40005,Card,DEV-04-2,iPhone,Mumbai,12,3,0,5.67,21,21938.63,12868.91,145,557,2100,0,0,0,120.15,0,
TXN04-02507,4,2026-06-25 13:38:17,35496.71,Fuel,40020,Bank Transfer,DEV-04-4,Android,Mumbai,13,3,0,46.27,22,21960.36,12867.97,30,251,2101,0,0,0,0.0,0,
TXN04-02508,4,2026-06-25 13:43:26,24824.64,Office,40049,Bank Transfer,DEV-04-1,iPhone,Delhi,13,3,0,5.15,23,21995.7,12869.71,8,819,200,0,0,0,1153.24,0,
TXN04-02509,4,2026-06-25 14:02:55,5971.6,Fuel,40062,Card,DEV-04-4,Android,Mumbai,14,3,0,19.48,24,22003.07,12853.75,3,252,2102,0,0,0,1153.24,0,
TXN04-02510,4,2026-06-25 14:10:00,18065.08,Hotels,40013,Bank Transfer,DEV-04-1,iPhone,Mumbai,14,3,0,7.08,25,21961.43,12862.95,41,820,2103,0,0,0,0.0,0,
TXN04-02511,4,2026-06-25 14:13:35,50000.0,Fuel,40002,Card,DEV-04-1,iPhone,Mumbai,14,3,0,3.58,26,21951.34,12847.81,147,821,2104,0,0,0,0.0,0,
TXN04-02512,4,2026-06-25 14:36:48,19034.14,Suppliers,40045,Card,DEV-04-2,iPhone,Mumbai,14,3,0,23.22,27,22023.81,12909.97,18,558,2105,0,0,0,0.0,0,
TXN04-02513,4,2026-06-25 14:43:26,12332.15,Suppliers,40052,UPI,DEV-04-1,iPhone,Mumbai,14,3,0,6.63,28,22016.11,12894.21,15,822,2106,0,0,0,0.0,0,
TXN04-02514,4,2026-06-25 14:44:28,27114.95,Hotels,40056,Bank Transfer,DEV-04-2,iPhone,Mumbai,14,3,0,1.03,29,21991.21,12886.96,11,559,2107,0,0,0,0.0,0,
TXN04-02515,4,2026-06-25 14:47:05,4931.7,Hotels,40013,Card,DEV-04-4,Android,Mumbai,14,3,0,2.62,30,22004.35,12873.04,42,253,2108,0,0,0,0.0,0,
TXN04-02516,4,2026-06-25 15:03:58,3742.61,Fuel,40002,Card,DEV-04-2,iPhone,Pune,15,3,0,16.88,31,21898.19,12842.64,148,560,168,0,0,0,120.15,0,
TXN04-02517,4,2026-06-25 15:16:12,19167.56,Hotels,40051,Card,DEV-04-2,iPhone,Pune,15,3,0,12.23,32,21878.1,12864.88,8,561,169,0,0,0,0.0,0,
TXN04-02518,4,2026-06-25 16:08:59,13145.72,Suppliers,40003,UPI,DEV-04-8,Android,Mumbai,16,3,0,52.78,33,21852.1,12899.08,230,65,2109,0,0,0,120.15,0,
TXN04-02519,4,2026-06-25 16:50:44,35014.93,Hotels,40001,UPI,DEV-04-2,iPhone,Mumbai,16,3,0,41.75,34,21724.28,12782.4,241,562,2110,0,0,0,0.0,0,
TXN04-02520,4,2026-06-25 17:21:41,40525.8,Hotels,40007,UPI,DEV-04-1,iPhone,Mumbai,17,3,0,30.95,35,21804.0,12804.58,63,823,2111,0,0,0,0.0,0,
TXN04-02521,4,2026-06-25 17:52:22,19227.93,Hotels,40178,Card,DEV-04-2,iPhone,Delhi,17,3,0,30.68,36,21827.0,12790.98,1,563,201,0,0,1,1153.24,1,ato_higher_amount_new_merchant_same_category
TXN04-02522,4,2026-06-25 18:27:15,7020.29,Hotels,40060,UPI,DEV-04-1,iPhone,Mumbai,18,3,0,34.88,37,21812.55,12736.48,9,824,2112,0,0,0,1153.24,0,
TXN04-02523,4,2026-06-25 18:53:53,14573.45,Suppliers,40004,Bank Transfer,DEV-04-2,iPhone,Mumbai,18,3,0,26.63,38,21699.97,12739.24,91,564,2113,0,0,0,0.0,0,
TXN04-02524,4,2026-06-25 19:05:11,29277.98,Office,40005,UPI,DEV-04-3,iPhone,Mumbai,19,3,0,11.3,39,21605.51,12710.19,146,372,2114,0,0,0,0.0,0,
TXN04-02525,4,2026-06-25 19:07:50,12998.91,Hotels,40050,Card,DEV-04-2,iPhone,Delhi,19,3,0,2.65,40,21626.24,12699.25,14,565,202,0,0,0,1153.24,0,
TXN04-02526,4,2026-06-25 19:32:59,29603.8,Office,40091,Card,DEV-04-2,iPhone,Mumbai,19,3,0,25.15,41,21602.99,12690.01,1,566,2115,0,0,1,1153.24,0,
TXN04-02527,4,2026-06-25 19:49:08,40029.2,Suppliers,40034,Card,DEV-04-3,iPhone,Mumbai,19,3,0,16.15,42,21500.9,12618.67,32,373,2116,0,0,0,0.0,0,
TXN04-02528,4,2026-06-25 19:55:12,4019.57,Hotels,40006,Card,DEV-04-1,iPhone,Mumbai,19,3,0,6.07,43,21550.97,12638.27,100,825,2117,0,0,0,0.0,0,
TXN04-02529,4,2026-06-25 20:09:42,35340.85,Suppliers,40003,Bank Transfer,DEV-04-1,iPhone,Mumbai,20,3,0,14.5,44,21503.72,12653.91,231,826,2118,0,0,0,0.0,0,
TXN04-02530,4,2026-06-25 20:09:57,17489.32,Office,40092,Card,DEV-04-10,Web,Mumbai,20,3,0,0.25,45,21540.91,12657.19,1,21,2119,0,0,1,0.0,0,
TXN04-02531,4,2026-06-25 20:34:16,9245.72,Suppliers,40064,UPI,DEV-04-1,iPhone,Mumbai,20,3,0,24.32,46,21571.96,12684.14,11,827,2120,0,0,0,0.0,0,
TXN04-02532,4,2026-06-25 20:37:36,43044.15,Hotels,40093,Card,DEV-04-3,iPhone,Mumbai,20,3,0,3.33,47,21538.74,12683.15,1,374,2121,0,0,1,0.0,0,
TXN04-02533,4,2026-06-25 20:51:14,50000.0,Fuel,40087,Card,DEV-04-11,Android,Mumbai,20,3,0,13.63,48,21579.83,12727.98,2,7,2122,0,0,0,0.0,0,
TXN04-02534,4,2026-06-25 20:52:34,16410.94,Fuel,40037,Card,DEV-04-13,iPhone,Mumbai,20,3,0,1.33,49,21656.23,12795.76,13,5,2123,0,0,0,0.0,0,
TXN04-02535,4,2026-06-26 08:21:20,20900.35,Suppliers,40011,Card,DEV-04-7,iPhone,Mumbai,8,4,0,688.77,1,21502.84,12778.58,72,72,2124,0,0,0,0.0,0,
TXN04-02536,4,2026-06-26 08:54:19,31318.36,Hotels,40006,Bank Transfer,DEV-04-2,iPhone,Mumbai,8,4,0,32.98,2,21526.68,12802.86,101,567,2125,0,0,0,0.0,0,
TXN04-02537,4,2026-06-26 10:22:49,26810.85,Suppliers,40018,Card,DEV-04-1,iPhone,Pune,10,4,0,88.5,3,21400.52,12831.27,38,828,170,0,0,0,120.15,0,
TXN04-02538,4,2026-06-26 10:23:04,18571.98,Suppliers,40015,Bank Transfer,DEV-04-2,iPhone,Mumbai,10,4,0,0.25,4,21415.5,12816.64,51,568,2126,0,0,0,120.15,0,
TXN04-02539,4,2026-06-26 11:00:26,5150.86,Fuel,40009,Card,DEV-04-11,Android,Mumbai,11,4,0,37.37,5,21362.1,12810.66,92,8,2127,0,0,0,0.0,0,
TXN04-02540,4,2026-06-26 11:13:33,9380.66,Suppliers,40003,UPI,DEV-04-5,iPhone,Mumbai,11,4,0,13.12,6,21317.19,12821.25,232,171,2128,0,0,0,0.0,0,
TXN04-02541,4,2026-06-26 11:18:05,24521.06,Office,40005,Bank Transfer,DEV-04-2,iPhone,Mumbai,11,4,0,4.53,7,21284.22,12818.85,147,569,2129,0,0,0,0.0,0,
TXN04-02542,4,2026-06-26 11:28:08,19035.49,Suppliers,40004,UPI,DEV-04-5,iPhone,Mumbai,11,4,0,10.05,8,21293.14,12802.3,92,172,2130,0,0,0,0.0,0,
TXN04-02543,4,2026-06-26 11:30:57,7864.35,Office,40028,Bank Transfer,DEV-04-1,iPhone,Mumbai,11,4,0,2.82,9,21286.93,12785.25,31,829,2131,0,0,0,0.0,0,
TXN04-02544,4,2026-06-26 11:36:45,22813.57,Hotels,40019,Card,DEV-UNK-7980,iPhone,Mumbai,11,4,0,5.8,10,21250.16,12786.99,41,1,2132,1,0,0,0.0,1,ato_higher_amount_new_device
TXN04-02545,4,2026-06-26 11:43:36,32927.53,Hotels,40030,UPI,DEV-04-5,iPhone,Mumbai,11,4,0,6.85,11,21254.43,12769.77,27,173,2133,0,0,0,0.0,0,
TXN04-02546,4,2026-06-26 12:13:52,45880.88,Fuel,40012,UPI,DEV-04-2,iPhone,Mumbai,12,4,0,30.27,12,21264.12,12716.84,45,570,2134,0,0,0,0.0,0,
TXN04-02547,4,2026-06-26 12:14:59,29352.13,Hotels,40030,Bank Transfer,DEV-04-1,iPhone,Mumbai,12,4,0,1.12,13,21331.75,12764.56,28,830,2135,0,0,0,0.0,0,
TXN04-02548,4,2026-06-26 12:17:07,28281.96,Fuel,40020,Bank Transfer,DEV-04-1,iPhone,Mumbai,12,4,0,2.13,14,21353.72,12753.95,31,831,2136,0,0,0,0.0,0,
TXN04-02549,4,2026-06-26 12:23:09,12313.62,Fuel,40094,UPI,DEV-04-1,iPhone,Delhi,12,4,0,6.03,15,21385.36,12756.77,1,832,203,0,0,1,1153.24,0,
TXN04-02550,4,2026-06-26 12:36:34,32374.93,Hotels,40046,Bank Transfer,DEV-04-1,iPhone,Delhi,12,4,0,13.42,16,21254.25,12683.26,15,833,204,0,0,0,0.0,0,
TXN04-02551,4,2026-06-26 12:40:32,13545.21,Office,40032,Bank Transfer,DEV-04-2,iPhone,Delhi,12,4,0,3.97,17,21284.72,12679.2,26,571,205,0,0,0,0.0,0,
TXN04-02552,4,2026-06-26 13:14:40,10838.55,Office,40017,Bank Transfer,DEV-04-4,Android,Mumbai,13,4,0,34.13,18,21283.09,12682.77,46,254,2137,0,0,0,1153.24,0,
TXN04-02553,4,2026-06-26 13:21:11,37997.14,Suppliers,40011,Bank Transfer,DEV-04-11,Android,Mumbai,13,4,0,6.52,19,21254.47,12677.14,73,9,2138,0,0,0,0.0,0,
TXN04-02554,4,2026-06-26 14:37:41,45152.05,Office,40008,Card,DEV-04-2,iPhone,Mumbai,14,4,0,76.5,20,21373.07,12687.46,71,572,2139,0,0,0,0.0,0,
TXN04-02555,4,2026-06-26 14:55:51,16951.03,Fuel,40088,Bank Transfer,DEV-04-2,iPhone,Mumbai,14,4,0,18.17,21,21352.65,12676.52,2,573,2140,0,0,0,0.0,0,
TXN04-02556,4,2026-06-26 15:00:50,8295.66,Office,40008,Card,DEV-04-3,iPhone,Mumbai,15,4,0,4.98,22,21345.14,12678.33,72,375,2141,0,0,0,0.0,0,
TXN04-02557,4,2026-06-26 15:05:57,5814.84,Hotels,40019,Card,DEV-04-15,iPhone,Mumbai,15,4,0,5.12,23,21308.79,12679.33,42,3,2142,0,0,0,0.0,0,
TXN04-02558,4,2026-06-26 15:40:19,15279.17,Suppliers,40003,UPI,DEV-04-1,iPhone,Mumbai,15,4,0,34.37,24,21270.98,12705.21,233,834,2143,0,0,0,0.0,0,
TXN04-02559,4,2026-06-26 16:04:44,44494.38,Suppliers,40003,Bank Transfer,DEV-04-2,iPhone,Delhi,16,4,0,24.42,25,21317.37,12718.95,234,574,206,0,0,0,1153.24,0,
TXN04-02560,4,2026-06-26 16:11:50,12111.65,Hotels,40001,UPI,DEV-04-2,iPhone,Mumbai,16,4,0,7.1,26,21382.3,12760.06,242,575,2144,0,0,0,1153.24,0,
TXN04-02561,4,2026-06-26 16:12:12,22802.93,Hotels,40006,Card,DEV-04-1,iPhone,Mumbai,16,4,0,0.37,27,21356.4,12751.61,102,835,2145,0,0,0,0.0,0,
TXN04-02562,4,2026-06-26 16:19:27,32621.5,Fuel,40037,UPI,DEV-04-5,iPhone,Mumbai,16,4,0,7.25,28,21360.43,12734.07,14,174,2146,0,0,0,0.0,0,
TXN04-02563,4,2026-06-26 16:27:08,31464.57,Suppliers,40003,Card,DEV-04-1,iPhone,Pune,16,4,0,7.68,29,21391.71,12730.18,235,836,171,0,0,0,120.15,0,
TXN04-02564,4,2026-06-26 16:38:47,12731.64,Hotels,40001,Card,DEV-04-2,iPhone,Mumbai,16,4,0,11.65,30,21419.61,12723.55,243,576,2147,0,0,0,120.15,0,
TXN04-02565,4,2026-06-26 17:12:55,25042.61,Fuel,40002,Bank Transfer,DEV-04-2,iPhone,Pune,17,4,0,34.13,31,21400.92,12731.34,149,577,172,0,0,0,120.15,0,
TXN04-02566,4,2026-06-26 17:23:10,38371.75,Hotels,40001,Card,DEV-04-4,Android,Mumbai,17,4,0,10.25,32,21410.98,12715.18,244,255,2148,0,0,0,120.15,0,
TXN04-02567,4,2026-06-26 17:44:20,26737.19,Fuel,40088,Card,DEV-04-4,Android,Mumbai,17,4,0,21.17,33,21438.81,12741.22,3,256,2149,0,0,0,0.0,0,
TXN04-02568,4,2026-06-26 17:53:46,6492.5,Office,40049,Card,DEV-04-3,iPhone,Mumbai,17,4,0,9.43,34,21453.4,12726.69,9,376,2150,0,0,0,0.0,0,
TXN04-02569,4,2026-06-26 18:07:53,7846.93,Hotels,40010,Card,DEV-04-1,iPhone,Mumbai,18,4,0,14.12,35,21412.3,12733.29,60,837,2151,0,0,0,0.0,0,
TXN04-02570,4,2026-06-26 18:51:16,16829.79,Hotels,40039,Bank Transfer,DEV-04-4,Android,Mumbai,18,4,0,43.38,36,21486.79,12749.9,11,257,2152,0,0,0,0.0,0,
TXN04-02571,4,2026-06-26 18:52:45,44986.63,Suppliers,40003,Card,DEV-04-6,Web,Mumbai,18,4,0,1.48,37,21473.86,12734.53,236,103,2153,0,0,0,0.0,0,
TXN04-02572,4,2026-06-26 19:03:07,9097.22,Fuel,40023,UPI,DEV-04-2,iPhone,Mumbai,19,4,0,10.37,38,21602.74,12782.09,23,578,2154,0,0,0,0.0,0,
TXN04-02573,4,2026-06-26 19:04:28,13474.53,Office,40008,Card,DEV-04-12,Android,Mumbai,19,4,0,1.35,39,21531.52,12780.33,73,9,2155,0,0,0,0.0,0,
TXN04-02574,4,2026-06-26 19:40:57,46237.65,Hotels,40001,Bank Transfer,DEV-04-2,iPhone,Mumbai,19,4,0,36.48,40,21342.77,12642.86,245,579,2156,0,0,0,0.0,0,
TXN04-02575,4,2026-06-26 19:43:11,12287.19,Hotels,40006,Card,DEV-04-2,iPhone,Mumbai,19,4,0,2.23,41,21412.31,12693.37,103,580,2157,0,0,0,0.0,0,
TXN04-02576,4,2026-06-26 19:48:07,26293.28,Suppliers,40003,UPI,DEV-04-5,iPhone,Mumbai,19,4,0,4.93,42,21386.89,12684.8,237,175,2158,0,0,0,0.0,0,
TXN04-02577,4,2026-06-26 19:54:47,26446.93,Suppliers,40034,Bank Transfer,DEV-04-12,Android,Mumbai,19,4,0,6.67,43,21400.52,12669.8,33,10,2159,0,0,0,0.0,0,
TXN04-02578,4,2026-06-26 20:13:31,37137.96,Fuel,40063,Card,DEV-04-1,iPhone,Mumbai,20,4,0,18.73,44,21509.56,12682.52,9,838,2160,0,0,0,0.0,0,
TXN04-02579,4,2026-06-26 20:21:49,14439.09,Suppliers,40038,Card,DEV-04-6,Web,Delhi,20,4,0,8.3,45,21553.22,12691.63,20,104,207,0,0,0,1153.24,0,
TXN04-02580,4,2026-06-26 20:25:51,8784.23,Hotels,40001,Card,DEV-04-2,iPhone,Mumbai,20,4,0,4.03,46,21533.4,12679.49,246,581,2161,0,0,0,1153.24,0,
TXN04-02581,4,2026-06-26 20:39:26,36949.11,Office,40092,UPI,DEV-04-1,iPhone,Mumbai,20,4,0,13.58,47,21425.85,12623.3,2,839,2162,0,0,0,0.0,0,
TXN04-02582,4,2026-06-26 20:46:40,18239.51,Suppliers,40095,Card,DEV-04-8,Android,Mumbai,20,4,0,7.23,48,21468.97,12632.2,1,66,2163,0,0,1,0.0,0,
TXN04-02583,4,2026-06-27 08:11:12,28238.73,Hotels,40006,Card,DEV-04-4,Android,Mumbai,8,5,1,684.53,1,21408.16,12581.97,104,258,2164,0,0,0,0.0,0,
TXN04-02584,4,2026-06-27 08:26:25,43793.32,Suppliers,40011,UPI,DEV-04-2,iPhone,Mumbai,8,5,1,15.22,2,21355.9,12514.69,74,582,2165,0,0,0,0.0,0,
TXN04-02585,4,2026-06-27 08:34:33,18439.95,Suppliers,40011,UPI,DEV-04-4,Android,Pune,8,5,1,8.13,3,21418.75,12553.29,75,259,173,0,0,0,120.15,0,
TXN04-02586,4,2026-06-27 08:59:50,36062.85,Hotels,40096,Card,DEV-04-1,iPhone,Mumbai,8,5,1,25.28,4,21449.63,12553.75,1,840,2166,0,0,1,120.15,0,
TXN04-02587,4,2026-06-27 09:02:18,20344.89,Suppliers,40011,Card,DEV-04-4,Android,Mumbai,9,5,1,2.47,5,21490.56,12559.93,76,260,2167,0,0,0,0.0,0,
TXN04-02588,4,2026-06-27 09:08:35,24461.26,Hotels,40097,Card,DEV-04-6,Web,Mumbai,9,5,1,6.28,6,21487.36,12542.52,1,105,2168,0,0,1,0.0,0,
TXN04-02589,4,2026-06-27 09:09:34,22984.87,Hotels,40010,UPI,DEV-04-3,iPhone,Pune,9,5,1,0.98,7,21495.65,12526.02,61,377,174,0,0,0,120.15,0,
TXN04-02590,4,2026-06-27 09:12:06,23002.8,Suppliers,40034,UPI,DEV-04-1,iPhone,Mumbai,9,5,1,2.53,8,21499.78,12508.86,34,841,2169,0,0,0,120.15,0,
TXN04-02591,4,2026-06-27 09:27:24,20980.68,Fuel,40047,Card,DEV-04-4,Android,Mumbai,9,5,1,15.3,9,21509.27,12508.7,8,261,2170,0,0,0,0.0,0,
TXN04-02592,4,2026-06-27 09:28:01,18402.73,Suppliers,40003,Bank Transfer,DEV-04-1,iPhone,Mumbai,9,5,1,0.62,10,21507.81,12491.39,238,842,2171,0,0,0,0.0,0,
TXN04-02593,4,2026-06-27 09:28:07,31640.5,Office,40033,Bank Transfer,DEV-04-5,iPhone,Delhi,9,5,1,0.1,11,21499.23,12475.19,19,176,208,0,0,0,1153.24,0,
TXN04-02594,4,2026-06-27 09:44:46,50000.0,Suppliers,40022,Card,DEV-04-3,iPhone,Mumbai,9,5,1,16.65,12,21556.26,12483.1,41,378,2172,0,0,0,1153.24,0,
TXN04-02595,4,2026-06-27 10:07:05,6934.28,Office,40092,UPI,DEV-04-1,iPhone,Delhi,10,5,1,22.32,13,21634.84,12554.93,3,843,209,0,0,0,1153.24,0,
TXN04-02596,4,2026-06-27 10:38:16,26846.56,Hotels,40039,Card,DEV-04-10,Web,Mumbai,10,5,1,31.18,14,21510.42,12545.64,12,22,2173,0,0,0,1153.24,0,
TXN04-02597,4,2026-06-27 10:42:36,11344.57,Hotels,40042,Bank Transfer,DEV-04-2,iPhone,Mumbai,10,5,1,4.33,15,21525.24,12531.35,18,583,2174,0,0,0,0.0,0,
TXN04-02598,4,2026-06-27 10:50:05,50000.0,Suppliers,40003,UPI,DEV-04-1,iPhone,Mumbai,10,5,1,7.48,16,21489.52,12541.98,239,844,2175,0,0,0,0.0,0,
TXN04-02599,4,2026-06-27 11:00:56,10399.03,Suppliers,40011,UPI,DEV-04-4,Android,Mumbai,11,5,1,10.85,17,21608.22,12608.85,77,262,2176,0,0,0,0.0,0,
TXN04-02600,4,2026-06-27 11:10:21,23887.83,Hotels,40010,Card,DEV-04-7,iPhone,Mumbai,11,5,1,9.42,18,21581.13,12622.42,62,73,2177,0,0,0,0.0,0,
TXN04-02601,4,2026-06-27 11:10:54,12649.08,Hotels,40050,Card,DEV-04-7,iPhone,Mumbai,11,5,1,0.55,19,21587.52,12605.51,15,74,2178,0,0,0,0.0,0,
TXN04-02602,4,2026-06-27 11:13:56,5866.91,Office,40028,Card,DEV-04-13,iPhone,Pune,11,5,1,3.03,20,21562.83,12596.83,32,6,175,0,0,0,120.15,0,
TXN04-02603,4,2026-06-27 11:56:27,13254.27,Office,40008,UPI,DEV-04-4,Android,Mumbai,11,5,1,42.52,21,21462.6,12615.52,74,263,2179,0,0,0,120.15,0,
TXN04-02604,4,2026-06-27 12:03:32,27281.43,Fuel,40012,Bank Transfer,DEV-04-16,Android,Mumbai,12,5,1,7.08,22,21439.92,12605.45,46,2,2180,0,0,0,0.0,0,
TXN04-02605,4,2026-06-27 12:09:15,27712.44,Suppliers,40004,Bank Transfer,DEV-04-1,iPhone,Pune,12,5,1,5.72,23,21456.01,12591.79,93,845,176,0,0,0,120.15,0,
TXN04-02606,4,2026-06-27 12:29:23,28280.47,Fuel,40002,UPI,DEV-04-3,iPhone,Mumbai,12,5,1,20.13,24,21473.2,12578.75,150,379,2181,0,0,0,120.15,0,
TXN04-02607,4,2026-06-27 12:45:39,7740.27,Office,40005,UPI,DEV-04-7,iPhone,Mumbai,12,5,1,16.27,25,21491.85,12566.55,148,75,2182,0,0,0,0.0,0,
TXN04-02608,4,2026-06-27 13:10:07,21379.9,Office,40005,UPI,DEV-04-2,iPhone,Mumbai,13,5,1,24.47,26,21454.28,12569.88,149,584,2183,0,0,0,0.0,0,
TXN04-02609,4,2026-06-27 13:33:39,24731.27,Suppliers,40011,Card,DEV-04-7,iPhone,Delhi,13,5,1,23.53,27,21425.48,12561.05,78,76,210,0,0,0,1153.24,0,
TXN04-02610,4,2026-06-27 13:35:10,5571.29,Office,40044,Bank Transfer,DEV-04-4,Android,Mumbai,13,5,1,1.52,28,21434.51,12545.07,18,264,2184,0,0,0,1153.24,0,
TXN04-02611,4,2026-06-27 13:37:44,44999.19,Fuel,40002,UPI,DEV-04-3,iPhone,Mumbai,13,5,1,2.57,29,21427.55,12553.16,151,380,2185,0,0,0,0.0,0,
TXN04-02612,4,2026-06-27 13:42:39,17386.28,Hotels,40006,UPI,DEV-04-1,iPhone,Mumbai,13,5,1,4.92,30,21491.78,12596.12,105,846,2186,0,0,0,0.0,0,
TXN04-02613,4,2026-06-27 13:49:19,18138.07,Fuel,40020,Card,DEV-04-2,iPhone,Mumbai,13,5,1,6.67,31,21555.88,12573.2,32,585,2187,0,0,0,0.0,0,
TXN04-02614,4,2026-06-27 13:57:04,18290.27,Suppliers,40003,Bank Transfer,DEV-04-2,iPhone,Mumbai,13,5,1,7.75,32,21546.57,12557.33,240,586,2188,0,0,0,0.0,0,
TXN04-02615,4,2026-06-27 13:58:43,15085.52,Suppliers,40011,Card,DEV-04-3,iPhone,Mumbai,13,5,1,1.65,33,21537.72,12541.4,79,381,2189,0,0,0,0.0,0,
TXN04-02616,4,2026-06-27 14:03:33,31183.67,Hotels,40006,UPI,DEV-04-1,iPhone,Mumbai,14,5,1,4.83,34,21520.24,12528.88,106,847,2190,0,0,0,0.0,0,
TXN04-02617,4,2026-06-27 14:17:32,33607.31,Office,40005,Card,DEV-04-5,iPhone,Mumbai,14,5,1,13.98,35,21546.35,12522.0,150,177,2191,0,0,0,0.0,0,
TXN04-02618,4,2026-06-27 14:24:32,22093.26,Office,40028,UPI,DEV-04-2,iPhone,Mumbai,14,5,1,7.0,36,21628.35,12532.78,33,587,2192,0,0,0,0.0,0,
TXN04-02619,4,2026-06-27 14:34:23,19379.75,Suppliers,40015,Card,DEV-04-2,iPhone,Mumbai,14,5,1,9.85,37,21629.61,12515.86,52,588,2193,0,0,0,0.0,0,
TXN04-02620,4,2026-06-27 14:53:01,33662.57,Hotels,40007,Card,DEV-04-1,iPhone,Mumbai,14,5,1,18.63,38,21623.54,12499.52,64,848,2194,0,0,0,0.0,0,
TXN04-02621,4,2026-06-27 14:58:53,11709.28,Office,40028,Card,DEV-04-3,iPhone,Delhi,14,5,1,5.87,39,21655.9,12498.27,34,382,211,0,0,0,1153.24,0,
TXN04-02622,4,2026-06-27 15:01:29,16799.79,Suppliers,40024,Card,DEV-04-24,Android,Mumbai,15,5,1,2.6,40,21629.24,12492.1,26,2,2195,0,0,0,1153.24,0,
TXN04-02623,4,2026-06-27 15:09:51,26613.63,Hotels,40014,UPI,DEV-04-3,iPhone,Mumbai,15,5,1,8.37,41,21616.32,12477.88,35,383,2196,0,0,0,0.0,0,
TXN04-02624,4,2026-06-27 15:38:44,44126.16,Office,40092,Bank Transfer,DEV-04-2,iPhone,Surat,15,5,1,28.88,42,21637.65,12479.58,4,589,3,0,0,0,232.92,0,
TXN04-02625,4,2026-06-27 16:15:46,21856.22,Suppliers,40004,UPI,DEV-04-8,Android,Mumbai,16,5,1,37.03,43,21558.81,12430.24,94,67,2197,0,0,0,232.92,0,
TXN04-02626,4,2026-06-27 16:19:04,5806.18,Office,40073,Card,DEV-04-3,iPhone,Mumbai,16,5,1,3.3,44,21559.61,12413.45,7,384,2198,0,0,0,0.0,0,
TXN04-02627,4,2026-06-27 16:53:40,34757.69,Hotels,40041,Bank Transfer,DEV-04-4,Android,Mumbai,16,5,1,34.6,45,21559.62,12413.44,14,265,2199,0,0,0,0.0,0,
TXN04-02628,4,2026-06-27 17:00:37,15592.88,Suppliers,40035,UPI,DEV-04-2,iPhone,Mumbai,17,5,1,6.95,46,21595.19,12415.57,28,590,2200,0,0,0,0.0,0,
TXN04-02629,4,2026-06-27 17:07:52,5886.47,Suppliers,40011,Card,DEV-04-4,Android,Mumbai,17,5,1,7.25,47,21587.86,12418.31,80,266,2201,0,0,0,0.0,0,
TXN04-02630,4,2026-06-27 17:21:21,4725.2,Office,40028,UPI,DEV-04-1,iPhone,Mumbai,17,5,1,13.48,48,21476.79,12372.5,35,849,2202,0,0,0,0.0,0,
TXN04-02631,4,2026-06-27 17:21:56,15209.64,Office,40016,UPI,DEV-04-1,iPhone,Mumbai,17,5,1,0.58,49,21431.64,12386.3,50,850,2203,0,0,0,0.0,0,
TXN04-02632,4,2026-06-27 17:35:37,9302.83,Fuel,40012,Card,DEV-04-9,iPhone,Mumbai,17,5,1,13.68,50,21455.57,12365.66,47,27,2204,0,0,0,0.0,0,
TXN04-02633,4,2026-06-27 17:53:24,15179.35,Hotels,40069,UPI,DEV-04-10,Web,Mumbai,17,5,1,17.78,51,21463.9,12356.43,7,23,2205,0,0,0,0.0,0,
TXN04-02634,4,2026-06-27 18:53:49,19230.42,Suppliers,40015,UPI,DEV-04-3,iPhone,Mumbai,18,5,1,60.42,52,21459.17,12384.23,53,385,2206,0,0,0,0.0,0,
TXN04-02635,4,2026-06-27 19:08:48,27269.96,Fuel,40047,UPI,DEV-04-1,iPhone,Mumbai,19,5,1,14.98,53,21418.05,12366.42,9,851,2207,0,0,0,0.0,0,
TXN04-02636,4,2026-06-27 19:28:25,20566.18,Suppliers,40004,Card,DEV-04-2,iPhone,Delhi,19,5,1,19.62,54,21433.9,12353.4,95,591,212,0,0,0,1153.24,0,
TXN04-02637,4,2026-06-27 19:32:47,50000.0,Office,40091,Card,DEV-04-1,iPhone,Mumbai,19,5,1,4.37,55,21429.69,12353.43,2,852,2208,0,0,0,1153.24,0,
TXN04-02638,4,2026-06-27 19:37:02,14637.96,Hotels,40071,Bank Transfer,DEV-04-5,iPhone,Mumbai,19,5,1,4.25,56,21506.91,12425.58,4,178,2209,0,0,0,0.0,0,
TXN04-02639,4,2026-06-27 19:55:44,8949.19,Suppliers,40035,UPI,DEV-04-2,iPhone,Mumbai,19,5,1,18.7,57,21521.64,12414.19,29,592,2210,0,0,0,0.0,0,
TXN04-02640,4,2026-06-27 19:56:35,15133.13,Hotels,40001,UPI,DEV-04-2,iPhone,Mumbai,19,5,1,0.85,58,21487.75,12414.57,247,593,2211,0,0,0,0.0,0,
TXN04-02641,4,2026-06-27 20:08:26,18021.96,Hotels,40001,Card,DEV-04-2,iPhone,Mumbai,20,5,1,11.85,59,21501.06,12405.1,248,594,2212,0,0,0,0.0,0,
TXN04-02642,4,2026-06-27 20:16:21,23228.32,Hotels,40006,UPI,DEV-04-5,iPhone,Mumbai,20,5,1,7.92,60,21491.71,12389.73,107,179,2213,0,0,0,0.0,0,
TXN04-02643,4,2026-06-27 20:21:40,50000.0,Suppliers,40059,Card,DEV-04-1,iPhone,Mumbai,20,5,1,5.32,61,21496.36,12373.43,9,853,2214,0,0,0,0.0,0,
TXN04-02644,4,2026-06-27 20:26:19,22994.68,Fuel,40072,UPI,DEV-04-1,iPhone,Delhi,20,5,1,4.65,62,21572.58,12444.24,4,854,213,0,0,0,1153.24,0,
TXN04-02645,4,2026-06-27 20:40:08,32343.2,Hotels,40046,Card,DEV-04-6,Web,Mumbai,20,5,1,13.82,63,21578.85,12460.34,16,106,2215,0,0,0,1153.24,0,
TXN04-02646,4,2026-06-27 20:59:49,8423.24,Suppliers,40003,Bank Transfer,DEV-04-4,Android,Mumbai,20,5,1,19.68,64,21663.9,12489.28,241,267,2216,0,0,0,0.0,0,
TXN04-02647,4,2026-06-28 08:28:25,20656.42,Office,40005,UPI,DEV-04-1,iPhone,Delhi,8,6,1,688.6,1,21622.52,12511.45,151,855,214,0,0,0,1153.24,0,
TXN04-02648,4,2026-06-28 08:40:28,28779.47,Fuel,40023,UPI,DEV-04-1,iPhone,Mumbai,8,6,1,12.05,2,21619.9,12494.58,24,856,2217,0,0,0,1153.24,0,
TXN04-02649,4,2026-06-28 08:42:27,16912.92,Suppliers,40003,UPI,DEV-04-3,iPhone,Mumbai,8,6,1,1.98,3,21639.25,12483.22,242,386,2218,0,0,0,0.0,0,
TXN04-02650,4,2026-06-28 08:48:22,16667.88,Hotels,40019,Bank Transfer,DEV-04-9,iPhone,Mumbai,8,6,1,5.92,4,21652.32,12475.73,43,28,2219,0,0,0,0.0,0,
TXN04-02651,4,2026-06-28 09:18:19,42246.29,Suppliers,40018,Card,DEV-04-1,iPhone,Mumbai,9,6,1,29.95,5,21667.25,12466.45,39,857,2220,0,0,0,0.0,0,
TXN04-02652,4,2026-06-28 09:29:42,10640.82,Suppliers,40077,Card,DEV-04-5,iPhone,Mumbai,9,6,1,11.38,6,21759.96,12527.87,5,180,2221,0,0,0,0.0,0,
TXN04-02653,4,2026-06-28 09:37:29,15727.11,Suppliers,40061,UPI,DEV-04-2,iPhone,Mumbai,9,6,1,7.78,7,21729.83,12524.23,8,595,2222,0,0,0,0.0,0,
TXN04-02654,4,2026-06-28 09:38:43,13142.83,Office,40031,UPI,DEV-04-1,iPhone,Mumbai,9,6,1,1.23,8,21713.6,12511.18,23,858,2223,0,0,0,0.0,0,
TXN04-02655,4,2026-06-28 09:43:59,28973.08,Office,40032,UPI,DEV-04-2,iPhone,Mumbai,9,6,1,5.27,9,21690.5,12502.21,27,596,2224,0,0,0,0.0,0,
TXN04-02656,4,2026-06-28 10:11:02,36391.58,Office,40085,Card,DEV-04-9,iPhone,Mumbai,10,6,1,27.05,10,21752.6,12492.32,3,29,2225,0,0,0,0.0,0,
TXN04-02657,4,2026-06-28 10:24:50,3931.13,Suppliers,40003,UPI,DEV-04-3,iPhone,Mumbai,10,6,1,13.8,11,21792.06,12498.54,243,387,2226,0,0,0,0.0,0,
TXN04-02658,4,2026-06-28 10:26:47,23420.48,Office,40040,Bank Transfer,DEV-04-5,iPhone,Mumbai,10,6,1,1.95,12,21744.04,12515.95,15,181,2227,0,0,0,0.0,0,
TXN04-02659,4,2026-06-28 10:28:38,3123.43,Suppliers,40018,UPI,DEV-04-1,iPhone,Pune,10,6,1,1.85,13,21748.54,12499.46,40,859,177,0,0,0,120.15,0,
TXN04-02660,4,2026-06-28 10:38:18,28141.93,Office,40008,UPI,DEV-04-1,iPhone,Mumbai,10,6,1,9.67,14,21698.74,12519.73,75,860,2228,0,0,0,120.15,0,
TXN04-02661,4,2026-06-28 10:39:10,8347.33,Suppliers,40098,Card,DEV-04-2,iPhone,Mumbai,10,6,1,0.87,15,21715.92,12507.44,1,597,2229,0,0,1,0.0,0,
TXN04-02662,4,2026-06-28 10:56:45,18440.29,Hotels,40006,Bank Transfer,DEV-04-1,iPhone,Mumbai,10,6,1,17.58,16,21772.03,12529.57,108,861,2230,0,0,0,0.0,0,
TXN04-02663,4,2026-06-28 11:20:53,24727.63,Hotels,40066,Card,DEV-04-4,Android,Mumbai,11,6,1,24.13,17,21763.1,12513.95,9,268,2231,0,0,0,0.0,0,
TXN04-02664,4,2026-06-28 11:34:33,20092.35,Fuel,40020,Bank Transfer,DEV-04-16,Android,Mumbai,11,6,1,13.67,18,21762.97,12513.92,33,3,2232,0,0,0,0.0,0,
TXN04-02665,4,2026-06-28 11:46:55,27237.32,Suppliers,40018,UPI,DEV-04-11,Android,Mumbai,11,6,1,12.37,19,21758.5,12497.48,41,10,2233,0,0,0,0.0,0,
TXN04-02666,4,2026-06-28 11:52:50,48195.73,Office,40008,UPI,DEV-04-4,Android,Mumbai,11,6,1,5.92,20,21773.11,12484.0,76,269,2234,0,0,0,0.0,0,
TXN04-02667,4,2026-06-28 12:06:27,18553.3,Fuel,40002,Card,DEV-04-4,Android,Pune,12,6,1,13.62,21,21749.28,12503.87,152,270,178,0,0,0,120.15,0,
TXN04-02668,4,2026-06-28 12:26:06,50000.0,Fuel,40072,Bank Transfer,DEV-04-3,iPhone,Mumbai,12,6,1,19.65,22,21713.71,12434.33,5,388,2235,0,0,0,120.15,0,
TXN04-02669,4,2026-06-28 12:34:49,19896.51,Suppliers,40003,Card,DEV-04-3,iPhone,Mumbai,12,6,1,8.72,23,21807.64,12516.69,244,389,2236,0,0,0,0.0,0,
TXN04-02670,4,2026-06-28 12:46:18,12503.32,Suppliers,40003,Card,DEV-04-3,iPhone,Mumbai,12,6,1,11.48,24,21916.18,12479.25,245,390,2237,0,0,0,0.0,0,
TXN04-02671,4,2026-06-28 12:58:00,21426.22,Hotels,40001,Bank Transfer,DEV-04-4,Android,Delhi,12,6,1,11.7,25,21890.74,12471.95,249,271,215,0,0,0,1153.24,0,
TXN04-02672,4,2026-06-28 13:02:15,16039.94,Office,40005,Bank Transfer,DEV-04-1,iPhone,Mumbai,13,6,1,4.25,26,21889.49,12455.15,152,862,2238,0,0,0,1153.24,0,
TXN04-02673,4,2026-06-28 13:02:56,24079.12,Office,40008,UPI,DEV-04-3,iPhone,Delhi,13,6,1,0.68,27,21873.76,12442.09,77,391,216,0,0,0,1153.24,0,
TXN04-02674,4,2026-06-28 13:10:36,14765.83,Suppliers,40003,Card,DEV-04-1,iPhone,Mumbai,13,6,1,7.67,28,21879.67,12425.92,246,863,2239,0,0,0,1153.24,0,
TXN04-02675,4,2026-06-28 13:37:11,31582.9,Suppliers,40083,Card,DEV-04-1,iPhone,Mumbai,13,6,1,26.58,29,21897.08,12411.39,3,864,2240,0,0,0,0.0,0,
TXN04-02676,4,2026-06-28 14:24:00,50000.0,Suppliers,40054,UPI,DEV-04-1,iPhone,Mumbai,14,6,1,46.82,30,21911.11,12378.45,16,865,2241,0,0,0,0.0,0,
TXN04-02677,4,2026-06-28 14:46:30,19657.02,Office,40005,Card,DEV-04-6,Web,Mumbai,14,6,1,22.5,31,21986.83,12447.24,153,107,2242,0,0,0,0.0,0,
TXN04-02678,4,2026-06-28 15:05:37,14510.38,Hotels,40056,UPI,DEV-04-1,iPhone,Mumbai,15,6,1,19.12,32,21980.56,12431.09,12,866,2243,0,0,0,0.0,0,
TXN04-02679,4,2026-06-28 15:34:54,21890.47,Suppliers,40045,UPI,DEV-04-5,iPhone,Mumbai,15,6,1,29.28,33,21925.51,12372.43,19,182,2244,0,0,0,0.0,0,
TXN04-02680,4,2026-06-28 15:39:54,50000.0,Hotels,40006,Bank Transfer,DEV-04-4,Android,Mumbai,15,6,1,5.0,34,21925.42,12355.74,109,272,2245,0,0,0,0.0,1,ato_short_gap
TXN04-02681,4,2026-06-28 15:44:13,12581.38,Hotels,40010,UPI,DEV-04-1,iPhone,Mumbai,15,6,1,4.32,35,22000.88,12424.46,63,867,2246,0,0,0,0.0,0,
TXN04-02682,4,2026-06-28 16:02:18,32316.78,Suppliers,40027,Card,DEV-04-1,iPhone,Mumbai,16,6,1,18.08,36,21975.63,12417.35,29,868,2247,0,0,0,0.0,0,
TXN04-02683,4,2026-06-28 16:10:05,37206.12,Office,40005,Bank Transfer,DEV-04-11,Android,Mumbai,16,6,1,7.78,37,22003.28,12412.23,154,11,2248,0,0,0,0.0,0,
TXN04-02684,4,2026-06-28 16:12:57,32059.79,Hotels,40001,Card,DEV-04-2,iPhone,Mumbai,16,6,1,2.87,38,22043.82,12420.44,250,598,2249,0,0,0,0.0,0,
TXN04-02685,4,2026-06-28 16:13:16,6084.0,Suppliers,40011,Card,DEV-04-2,iPhone,Mumbai,16,6,1,0.32,39,22070.46,12414.63,81,599,2250,0,0,0,0.0,0,
TXN04-02686,4,2026-06-28 16:22:39,39818.67,Suppliers,40003,Card,DEV-04-9,iPhone,Pune,16,6,1,9.38,40,21953.66,12357.77,247,30,179,0,0,0,120.15,0,
TXN04-02687,4,2026-06-28 16:33:48,26039.91,Fuel,40009,UPI,DEV-04-7,iPhone,Mumbai,16,6,1,11.15,41,22001.05,12375.53,93,77,2251,0,0,0,120.15,0,
TXN04-02688,4,2026-06-28 16:34:15,9510.44,Office,40099,Card,DEV-04-1,iPhone,Delhi,16,6,1,0.45,42,22011.73,12360.89,1,869,217,0,0,1,1153.24,0,
TXN04-02689,4,2026-06-28 16:56:28,11706.08,Fuel,40021,Card,DEV-04-5,iPhone,Mumbai,16,6,1,22.22,43,22097.21,12336.13,33,183,2252,0,0,0,1153.24,0,
TXN04-02690,4,2026-06-28 17:13:25,17266.06,Suppliers,40022,Card,DEV-04-1,iPhone,Mumbai,17,6,1,16.95,44,21994.95,12279.54,42,870,2253,0,0,0,0.0,0,
TXN04-02691,4,2026-06-28 17:21:43,11159.45,Fuel,40020,Card,DEV-04-25,Web,Mumbai,17,6,1,8.3,45,21982.37,12265.62,34,1,2254,1,0,0,0.0,0,
TXN04-02692,4,2026-06-28 17:23:05,5325.64,Hotels,40065,Card,DEV-04-1,iPhone,Mumbai,17,6,1,1.37,46,21953.66,12261.98,5,871,2255,0,0,0,0.0,0,
TXN04-02693,4,2026-06-28 17:34:19,15228.41,Fuel,40094,Bank Transfer,DEV-04-1,iPhone,Mumbai,17,6,1,11.23,47,21909.67,12275.5,2,872,2256,0,0,0,0.0,0,
TXN04-02694,4,2026-06-28 18:02:59,11711.37,Suppliers,40061,Card,DEV-04-8,Android,Mumbai,18,6,1,28.67,48,21892.04,12264.09,9,68,2257,0,0,0,0.0,0,
TXN04-02695,4,2026-06-28 18:16:01,28515.53,Office,40005,UPI,DEV-04-3,iPhone,Pune,18,6,1,13.03,49,21865.25,12259.04,155,392,180,0,0,0,120.15,0,
TXN04-02696,4,2026-06-28 18:16:12,28903.92,Fuel,40012,UPI,DEV-04-7,iPhone,Mumbai,18,6,1,0.18,50,21882.71,12247.67,48,78,2258,0,0,0,120.15,0,
TXN04-02697,4,2026-06-28 18:36:06,28148.6,Fuel,40021,Card,DEV-04-3,iPhone,Pune,18,6,1,19.9,51,21867.51,12246.78,34,393,181,0,0,0,120.15,0,
TXN04-02698,4,2026-06-28 18:59:47,5198.87,Hotels,40001,UPI,DEV-04-3,iPhone,Mumbai,18,6,1,23.68,52,21884.0,12234.92,251,394,2259,0,0,0,120.15,0,
TXN04-02699,4,2026-06-28 19:06:58,22118.37,Office,40016,Card,DEV-04-1,iPhone,Mumbai,19,6,1,7.18,53,21840.32,12248.6,51,873,2260,0,0,0,0.0,0,
TXN04-02700,4,2026-06-28 19:07:09,44096.57,Fuel,40009,UPI,DEV-04-3,iPhone,Pune,19,6,1,0.18,54,21841.05,12232.61,94,395,182,0,0,0,120.15,0,
TXN04-02701,4,2026-06-28 19:08:54,6566.21,Fuel,40002,UPI,DEV-04-2,iPhone,Mumbai,19,6,1,1.75,55,21899.01,12269.21,153,600,2261,0,0,0,120.15,0,
TXN04-02702,4,2026-06-28 19:31:36,50000.0,Hotels,40001,UPI,DEV-04-1,iPhone,Mumbai,19,6,1,22.7,56,21859.18,12278.09,252,874,2262,0,0,0,0.0,0,
TXN04-02703,4,2026-06-28 19:40:15,19707.22,Hotels,40100,Card,DEV-04-3,iPhone,Mumbai,19,6,1,8.65,57,21932.08,12345.33,1,396,2263,0,0,1,0.0,0,
TXN04-02704,4,2026-06-28 19:57:41,23067.66,Suppliers,40003,UPI,DEV-04-2,iPhone,Mumbai,19,6,1,17.43,58,21933.22,12345.11,248,601,2264,0,0,0,0.0,0,
TXN04-02705,4,2026-06-28 20:01:20,20471.52,Hotels,40070,UPI,DEV-04-3,iPhone,Mumbai,20,6,1,3.65,59,21936.15,12329.28,5,397,2265,0,0,0,0.0,0,
TXN04-02706,4,2026-06-28 20:08:13,50000.0,Suppliers,40015,UPI,DEV-04-1,iPhone,Mumbai,20,6,1,6.88,60,21859.85,12246.46,54,875,2266,0,0,0,0.0,0,
TXN04-02707,4,2026-06-28 20:13:44,5978.11,Suppliers,40004,Bank Transfer,DEV-04-8,Android,Mumbai,20,6,1,5.52,61,21932.38,12313.61,96,69,2267,0,0,0,0.0,0,
TXN04-02708,4,2026-06-28 20:19:37,12808.02,Fuel,40012,Card,DEV-04-8,Android,Mumbai,20,6,1,5.88,62,21832.88,12286.11,49,70,2268,0,0,0,0.0,0,
TXN04-02709,4,2026-06-28 20:28:15,26357.65,Hotels,40006,Card,DEV-04-1,iPhone,Mumbai,20,6,1,8.63,63,21809.68,12278.82,110,876,2269,0,0,0,0.0,0,
TXN04-02710,4,2026-06-28 20:32:33,13921.69,Hotels,40014,Card,DEV-04-4,Android,Mumbai,20,6,1,4.3,64,21821.34,12265.22,36,273,2270,0,0,0,0.0,0,
TXN04-02711,4,2026-06-28 20:39:52,7149.23,Hotels,40001,Bank Transfer,DEV-04-1,iPhone,Mumbai,20,6,1,7.32,65,21801.13,12256.02,253,877,2271,0,0,0,0.0,0,
TXN04-02712,4,2026-06-28 20:43:50,16323.72,Suppliers,40018,Card,DEV-04-1,iPhone,Mumbai,20,6,1,3.97,66,21763.76,12262.67,42,878,2272,0,0,0,0.0,0,
TXN04-02713,4,2026-06-28 20:55:34,8311.41,Suppliers,40018,Card,DEV-04-3,iPhone,Mumbai,20,6,1,11.73,67,21795.25,12232.77,43,398,2273,0,0,0,0.0,0,
TXN04-02714,4,2026-06-28 20:56:23,50000.0,Hotels,40001,Card,DEV-04-2,iPhone,Mumbai,20,6,1,0.82,68,21760.94,12236.07,254,602,2274,0,0,0,0.0,0,
TXN04-02715,4,2026-06-29 08:04:06,9635.38,Hotels,40046,Bank Transfer,DEV-04-2,iPhone,Delhi,8,0,0,667.72,1,21810.32,12310.55,17,603,218,0,0,0,1153.24,0,
TXN04-02716,4,2026-06-29 08:05:44,11936.3,Office,40101,Card,DEV-04-4,Android,Mumbai,8,0,0,1.63,2,21779.41,12310.16,1,274,2275,0,0,1,1153.24,0,
TXN04-02717,4,2026-06-29 08:20:32,9521.87,Hotels,40081,Card,DEV-04-13,iPhone,Delhi,8,0,0,14.8,3,21754.5,12304.52,4,7,219,0,0,0,1153.24,0,
TXN04-02718,4,2026-06-29 08:47:34,9279.16,Hotels,40102,UPI,DEV-04-1,iPhone,Mumbai,8,0,0,27.03,4,21723.6,12304.3,1,879,2276,0,0,1,1153.24,0,
TXN04-02719,4,2026-06-29 09:05:08,11556.29,Hotels,40001,Card,DEV-04-5,iPhone,Mumbai,9,0,0,17.57,5,21692.26,12304.61,255,184,2277,0,0,0,0.0,0,
TXN04-02720,4,2026-06-29 09:09:32,50000.0,Suppliers,40059,UPI,DEV-04-2,iPhone,Mumbai,9,0,0,4.4,6,21675.36,12313.91,10,604,2278,0,0,0,0.0,0,
TXN04-02721,4,2026-06-29 09:17:13,8184.93,Suppliers,40003,Card,DEV-04-1,iPhone,Mumbai,9,0,0,7.68,7,21759.25,12392.89,249,880,2279,0,0,0,0.0,0,
TXN04-02722,4,2026-06-29 09:36:14,32761.06,Office,40040,UPI,DEV-04-5,iPhone,Mumbai,9,0,0,19.02,8,21723.29,12411.5,16,185,2280,0,0,0,0.0,0,
TXN04-02723,4,2026-06-29 09:54:49,7057.91,Fuel,40043,Bank Transfer,DEV-04-1,iPhone,Pune,9,0,0,18.58,9,21760.67,12422.34,20,881,183,0,0,0,120.15,0,
TXN04-02724,4,2026-06-29 10:25:46,50000.0,Suppliers,40003,Bank Transfer,DEV-04-1,iPhone,Delhi,10,0,0,30.95,10,21714.93,12427.6,250,882,220,0,0,0,1179.48,0,
TXN04-02725,4,2026-06-29 10:27:27,50000.0,Office,40005,Card,DEV-04-3,iPhone,Mumbai,10,0,0,1.68,11,21780.37,12508.05,156,399,2281,0,0,0,1153.24,0,
TXN04-02726,4,2026-06-29 10:48:03,9462.97,Hotels,40001,Bank Transfer,DEV-04-7,iPhone,Mumbai,10,0,0,20.6,12,21851.63,12572.28,256,79,2282,0,0,0,0.0,0,
TXN04-02727,4,2026-06-29 11:20:44,20014.67,Hotels,40006,UPI,DEV-04-2,iPhone,Mumbai,11,0,0,32.68,13,21752.65,12524.36,111,605,2283,0,0,0,0.0,0,
TXN04-02728,4,2026-06-29 11:41:27,20602.55,Fuel,40009,Bank Transfer,DEV-04-4,Android,Mumbai,11,0,0,20.72,14,21757.27,12523.38,95,275,2284,0,0,0,0.0,0,
TXN04-02729,4,2026-06-29 11:42:55,11727.23,Office,40033,Card,DEV-04-3,iPhone,Mumbai,11,0,0,1.47,15,21754.35,12507.7,20,400,2285,0,0,0,0.0,0,
TXN04-02730,4,2026-06-29 11:47:41,5508.93,Fuel,40002,Card,DEV-04-2,iPhone,Mumbai,11,0,0,4.77,16,21729.1,12502.04,154,606,2286,0,0,0,0.0,0,
TXN04-02731,4,2026-06-29 11:55:35,8397.45,Fuel,40079,UPI,DEV-04-3,iPhone,Mumbai,11,0,0,7.9,17,21729.44,12501.59,2,401,2287,0,0,0,0.0,0,
TXN04-02732,4,2026-06-29 11:59:56,50000.0,Office,40008,UPI,DEV-04-1,iPhone,Pune,11,0,0,4.35,18,21722.55,12508.18,78,883,184,0,0,0,120.15,0,
TXN04-02733,4,2026-06-29 12:03:20,37244.44,Hotels,40001,Card,DEV-04-2,iPhone,Mumbai,12,0,0,3.4,19,21812.27,12582.73,257,607,2288,0,0,0,120.15,0,
TXN04-02734,4,2026-06-29 12:06:54,9911.25,Office,40016,UPI,DEV-04-3,iPhone,Mumbai,12,0,0,3.57,20,21851.04,12590.64,52,402,2289,0,0,0,0.0,0,
TXN04-02735,4,2026-06-29 12:27:26,16217.75,Hotels,40057,UPI,DEV-04-2,iPhone,Mumbai,12,0,0,20.53,21,21821.12,12589.01,9,608,2290,0,0,0,0.0,0,
TXN04-02736,4,2026-06-29 12:53:16,11135.86,Office,40040,Card,DEV-04-1,iPhone,Mumbai,12,0,0,25.83,22,21807.11,12576.38,17,884,2291,0,0,0,0.0,0,
TXN04-02737,4,2026-06-29 13:05:52,16878.38,Hotels,40067,Card,DEV-04-5,iPhone,Mumbai,13,0,0,12.6,23,21795.72,12583.97,5,186,2292,0,0,0,0.0,0,
TXN04-02738,4,2026-06-29 13:50:11,7576.07,Suppliers,40003,Card,DEV-04-6,Web,Mumbai,13,0,0,44.32,24,21859.33,12601.03,251,108,2293,0,0,0,0.0,0,
TXN04-02739,4,2026-06-29 14:13:02,12215.59,Office,40016,Bank Transfer,DEV-04-2,iPhone,Mumbai,14,0,0,22.85,25,21845.06,12613.99,53,609,2294,0,0,0,0.0,0,
TXN04-02740,4,2026-06-29 14:15:21,29734.63,Hotels,40025,Card,DEV-04-5,iPhone,Mumbai,14,0,0,2.32,26,21820.8,12607.34,24,187,2295,0,0,0,0.0,0,
TXN04-02741,4,2026-06-29 14:31:40,33927.68,Suppliers,40003,Card,DEV-04-5,iPhone,Mumbai,14,0,0,16.32,27,21879.5,12589.78,252,188,2296,0,0,0,0.0,0,
TXN04-02742,4,2026-06-29 14:39:26,22786.25,Fuel,40012,UPI,DEV-04-2,iPhone,Pune,14,0,0,7.77,28,21909.77,12588.42,50,610,185,0,0,0,120.15,0,
TXN04-02743,4,2026-06-29 14:40:29,16107.39,Office,40033,Card,DEV-04-5,iPhone,Mumbai,14,0,0,1.05,29,21905.3,12587.79,21,189,2297,0,0,0,120.15,0,
TXN04-02744,4,2026-06-29 14:42:28,15201.91,Fuel,40020,UPI,DEV-04-6,Web,Mumbai,14,0,0,1.98,30,21890.76,12575.34,35,109,2298,0,0,0,0.0,0,
TXN04-02745,4,2026-06-29 15:01:20,34390.71,Office,40005,Card,DEV-04-4,Android,Mumbai,15,0,0,18.87,31,21874.04,12564.06,157,276,2299,0,0,0,0.0,0,
TXN04-02746,4,2026-06-29 15:04:26,2398.5,Fuel,40009,UPI,DEV-04-1,iPhone,Mumbai,15,0,0,3.1,32,21905.26,12563.9,96,885,2300,0,0,0,0.0,0,
TXN04-02747,4,2026-06-29 15:25:39,29625.17,Hotels,40007,Bank Transfer,DEV-04-3,iPhone,Mumbai,15,0,0,21.22,33,21856.73,12585.83,65,403,2301,0,0,0,0.0,0,
TXN04-02748,4,2026-06-29 15:52:06,12154.44,Hotels,40056,Card,DEV-04-2,iPhone,Mumbai,15,0,0,26.45,34,21917.95,12578.07,13,611,2302,0,0,0,0.0,0,
TXN04-02749,4,2026-06-29 16:03:34,2943.48,Suppliers,40003,Card,DEV-04-1,iPhone,Mumbai,16,0,0,11.47,35,21886.85,12586.76,253,886,2303,0,0,0,0.0,0,
TXN04-02750,4,2026-06-29 16:04:43,22908.01,Fuel,40009,Card,DEV-04-1,iPhone,Delhi,16,0,0,1.15,36,21839.73,12606.46,97,887,221,0,0,0,1153.24,0,
TXN04-02751,4,2026-06-29 16:34:24,26525.78,Hotels,40067,Card,DEV-04-1,iPhone,Delhi,16,0,0,29.68,37,21842.38,12590.92,6,888,222,0,0,0,0.0,0,
TXN04-02752,4,2026-06-29 16:39:52,13535.32,Fuel,40002,Card,DEV-04-2,iPhone,Pune,16,0,0,5.47,38,21853.97,12577.48,155,612,186,0,0,0,1179.48,0,
TXN04-02753,4,2026-06-29 16:45:06,15210.04,Office,40008,Bank Transfer,DEV-04-3,iPhone,Mumbai,16,0,0,5.23,39,21833.43,12568.73,79,404,2304,0,0,0,120.15,0,
TXN04-02754,4,2026-06-29 17:09:02,10914.38,Office,40085,Card,DEV-04-2,iPhone,Mumbai,17,0,0,23.93,40,21743.96,12523.88,4,613,2305,0,0,0,0.0,0,
TXN04-02755,4,2026-06-29 17:14:57,36201.79,Hotels,40001,Card,DEV-04-2,iPhone,Mumbai,17,0,0,5.92,41,21717.22,12519.95,258,614,2306,0,0,0,0.0,0,
TXN04-02756,4,2026-06-29 17:48:52,5865.12,Suppliers,40004,UPI,DEV-04-3,iPhone,Mumbai,17,0,0,33.92,42,21791.42,12516.52,97,405,2307,0,0,0,0.0,0,
TXN04-02757,4,2026-06-29 18:06:35,31425.86,Fuel,40036,Card,DEV-04-1,iPhone,Mumbai,18,0,0,17.72,43,21723.99,12528.57,13,889,2308,0,0,0,0.0,0,
TXN04-02758,4,2026-06-29 18:06:36,26000.0,Suppliers,40001,Card,DEV-UNK-7793,iPhone,Mumbai,18,0,0,0.02,44,21747.89,12522.37,259,1,2309,1,0,0,0.0,1,unknown_device
TXN04-02759,4,2026-06-29 18:15:52,21775.33,Hotels,40103,Card,DEV-04-26,Web,Pune,18,0,0,9.27,45,21758.34,12508.75,1,1,187,1,0,1,120.15,0,
TXN04-02760,4,2026-06-29 18:23:00,26794.57,Hotels,40007,Bank Transfer,DEV-04-2,iPhone,Mumbai,18,0,0,7.13,46,21758.38,12493.41,66,615,2310,0,0,0,120.15,0,
TXN04-02761,4,2026-06-29 18:27:36,11175.24,Hotels,40093,Bank Transfer,DEV-04-1,iPhone,Mumbai,18,0,0,4.6,47,21770.69,12480.6,2,890,2311,0,0,0,0.0,0,
TXN04-02762,4,2026-06-29 18:27:43,5568.03,Hotels,40025,Bank Transfer,DEV-04-4,Android,Mumbai,18,0,0,0.12,48,21744.85,12476.33,25,277,2312,0,0,0,0.0,0,
TXN04-02763,4,2026-06-29 18:34:48,22991.65,Office,40005,Bank Transfer,DEV-04-1,iPhone,Mumbai,18,0,0,7.08,49,21705.49,12486.6,158,891,2313,0,0,0,0.0,0,
TXN04-02764,4,2026-06-29 19:01:23,35738.65,Fuel,40023,Bank Transfer,DEV-04-10,Web,Delhi,19,0,0,26.58,50,21744.17,12478.76,25,24,223,0,0,0,1153.24,0,
TXN04-02765,4,2026-06-29 19:26:43,6765.35,Suppliers,40011,Card,DEV-04-6,Web,Mumbai,19,0,0,25.33,51,21790.82,12502.35,82,110,2314,0,0,0,1153.24,0,
TXN04-02766,4,2026-06-29 19:38:01,5596.33,Fuel,40020,Card,DEV-04-9,iPhone,Mumbai,19,0,0,11.3,52,21720.76,12506.45,36,31,2315,0,0,0,0.0,0,
TXN04-02767,4,2026-06-29 19:52:32,34112.26,Fuel,40002,Bank Transfer,DEV-04-8,Android,Mumbai,19,0,0,14.52,53,21703.69,12523.69,156,71,2316,0,0,0,0.0,0,
TXN04-02768,4,2026-06-29 20:23:22,50000.0,Bank Transfer,40001,Bank Transfer,DEV-04-1,iPhone,Mumbai,20,0,0,30.83,54,21722.14,12567.79,260,892,2317,0,0,0,0.0,1,rapid_repeated_transfers
TXN04-02769,4,2026-06-29 20:24:22,50000.0,Bank Transfer,40001,Bank Transfer,DEV-04-1,iPhone,Mumbai,20,0,0,1.0,55,21791.79,12630.32,261,893,2318,0,0,0,0.0,1,rapid_repeated_transfers
TXN04-02770,4,2026-06-29 20:29:22,26996.37,Bank Transfer,40001,Bank Transfer,DEV-04-1,iPhone,Mumbai,20,0,0,5.0,56,21861.1,12691.85,262,894,2319,0,0,0,0.0,1,rapid_repeated_transfers
TXN04-02771,4,2026-06-29 20:56:51,31591.02,Office,40040,Card,DEV-04-1,iPhone,Mumbai,20,0,0,27.48,57,21812.96,12671.44,18,895,2320,0,0,0,0.0,0,
TXN04-02772,4,2026-06-29 21:46:07,22831.05,Suppliers,40183,Bank Transfer,DEV-04-1,iPhone,Mumbai,21,0,0,49.27,58,21826.8,12679.05,1,896,2321,0,0,1,0.0,1,ato_new_merchant_same_category_odd_hour
TXN04-02773,4,2026-06-30 08:11:54,50000.0,Fuel,40002,Bank Transfer,DEV-04-10,Web,Mumbai,8,1,0,625.78,1,21833.0,12678.93,157,25,2322,0,0,0,0.0,0,
TXN04-02774,4,2026-06-30 08:13:07,27799.84,Fuel,40079,Card,DEV-04-8,Android,Delhi,8,1,0,1.22,2,21902.55,12740.19,3,72,224,0,0,0,1153.24,0,
TXN04-02775,4,2026-06-30 08:30:02,16528.03,Office,40017,UPI,DEV-04-1,iPhone,Mumbai,8,1,0,16.92,3,21913.5,12743.35,47,897,2323,0,0,0,1153.24,0,
TXN04-02776,4,2026-06-30 08:45:38,8293.01,Office,40008,Card,DEV-04-2,iPhone,Mumbai,8,1,0,15.6,4,21868.16,12729.76,80,616,2324,0,0,0,0.0,0,
TXN04-02777,4,2026-06-30 09:23:54,22508.12,Hotels,40102,Card,DEV-04-3,iPhone,Mumbai,9,1,0,38.27,5,21736.96,12687.38,2,406,2325,0,0,0,0.0,0,
TXN04-02778,4,2026-06-30 09:26:05,33918.96,Suppliers,40004,Bank Transfer,DEV-04-1,iPhone,Mumbai,9,1,0,2.18,6,21738.88,12671.65,98,898,2326,0,0,0,0.0,0,
TXN04-02779,4,2026-06-30 09:28:43,6875.75,Office,40017,Card,DEV-04-2,iPhone,Mumbai,9,1,0,2.63,7,21769.1,12670.41,48,617,2327,0,0,0,0.0,0,
TXN04-02780,4,2026-06-30 09:41:57,26227.46,Suppliers,40003,Card,DEV-04-4,Android,Pune,9,1,0,13.23,8,21732.24,12676.34,254,278,188,0,0,0,120.15,0,
TXN04-02781,4,2026-06-30 09:59:18,13513.72,Hotels,40042,UPI,DEV-04-1,iPhone,Mumbai,9,1,0,17.35,9,21778.19,12683.78,19,899,2328,0,0,0,120.15,0,
TXN04-02782,4,2026-06-30 10:01:36,4092.27,Fuel,40021,UPI,DEV-04-3,iPhone,Mumbai,10,1,0,2.3,10,21757.74,12674.72,35,407,2329,0,0,0,0.0,0,
TXN04-02783,4,2026-06-30 10:20:29,18609.57,Office,40101,Card,DEV-04-3,iPhone,Mumbai,10,1,0,18.88,11,21704.36,12703.57,2,408,2330,0,0,0,0.0,0,
TXN04-02784,4,2026-06-30 10:24:40,7219.23,Suppliers,40052,Bank Transfer,DEV-04-2,iPhone,Mumbai,10,1,0,4.18,12,21696.72,12688.8,16,618,2331,0,0,0,0.0,0,
TXN04-02785,4,2026-06-30 10:37:23,18678.96,Suppliers,40054,Card,DEV-04-2,iPhone,Mumbai,10,1,0,12.72,13,21607.4,12620.1,17,619,2332,0,0,0,0.0,0,
TXN04-02786,4,2026-06-30 10:38:15,15306.31,Hotels,40001,Card,DEV-04-3,iPhone,Mumbai,10,1,0,0.87,14,21600.16,12605.31,263,409,2333,0,0,0,0.0,0,
TXN04-02787,4,2026-06-30 11:07:55,50000.0,Hotels,40074,Card,DEV-04-3,iPhone,Mumbai,11,1,0,29.67,15,21641.26,12622.8,4,410,2334,0,0,0,0.0,0,
TXN04-02788,4,2026-06-30 11:31:50,31572.3,Hotels,40060,Card,DEV-04-13,iPhone,Delhi,11,1,0,23.92,16,21701.77,12713.69,10,8,225,0,0,0,1153.24,0,
TXN04-02789,4,2026-06-30 11:41:55,28707.99,Office,40031,Card,DEV-04-2,iPhone,Mumbai,11,1,0,10.08,17,21774.23,12727.83,24,620,2335,0,0,0,1153.24,0,
TXN04-02790,4,2026-06-30 12:08:22,28516.85,Fuel,40020,Card,DEV-04-2,iPhone,Mumbai,12,1,0,26.45,18,21817.71,12734.08,37,621,2336,0,0,0,0.0,0,
TXN04-02791,4,2026-06-30 12:15:23,36328.26,Office,40016,Card,DEV-04-1,iPhone,Mumbai,12,1,0,7.02,19,21769.39,12672.11,54,900,2337,0,0,0,0.0,0,
TXN04-02792,4,2026-06-30 12:22:01,5686.24,Office,40082,Card,DEV-04-1,iPhone,Mumbai,12,1,0,6.63,20,21772.0,12693.37,5,901,2338,0,0,0,0.0,0,
TXN04-02793,4,2026-06-30 12:40:50,21873.31,Suppliers,40045,UPI,DEV-04-1,iPhone,Delhi,12,1,0,18.82,21,21731.38,12703.02,20,902,226,0,0,0,1153.24,0,
TXN04-02794,4,2026-06-30 12:49:29,20655.94,Office,40008,Card,DEV-04-5,iPhone,Mumbai,12,1,0,8.65,22,21730.98,12703.01,81,190,2339,0,0,0,1153.24,0,
TXN04-02795,4,2026-06-30 12:52:32,13569.88,Suppliers,40024,Card,DEV-04-1,iPhone,Mumbai,12,1,0,3.05,23,21747.19,12697.53,27,903,2340,0,0,0,0.0,0,
TXN04-02796,4,2026-06-30 12:58:13,28193.92,Hotels,40019,Bank Transfer,DEV-04-1,iPhone,Mumbai,12,1,0,5.68,24,21726.59,12688.15,44,904,2341,0,0,0,0.0,0,
TXN04-02797,4,2026-06-30 13:11:17,21539.48,Suppliers,40083,Bank Transfer,DEV-04-2,iPhone,Mumbai,13,1,0,13.07,25,21752.86,12690.72,4,622,2342,0,0,0,0.0,0,
TXN04-02798,4,2026-06-30 13:11:48,13116.16,Hotels,40001,UPI,DEV-04-6,Web,Mumbai,13,1,0,0.52,26,21752.32,12674.77,264,111,2343,0,0,0,0.0,0,
TXN04-02799,4,2026-06-30 13:16:07,30162.3,Hotels,40001,UPI,DEV-04-3,iPhone,Mumbai,13,1,0,4.32,27,21730.67,12666.24,265,411,2344,0,0,0,0.0,0,
TXN04-02800,4,2026-06-30 13:21:33,30543.92,Fuel,40047,UPI,DEV-04-1,iPhone,Mumbai,13,1,0,5.43,28,21751.75,12657.4,10,905,2345,0,0,0,0.0,0,
TXN04-02801,4,2026-06-30 13:24:52,24514.06,Office,40028,Card,DEV-04-4,Android,Mumbai,13,1,0,3.32,29,21773.68,12649.21,36,279,2346,0,0,0,0.0,0,
TXN04-02802,4,2026-06-30 13:25:56,16056.78,Fuel,40036,UPI,DEV-04-2,iPhone,Mumbai,13,1,0,1.07,30,21780.5,12634.21,14,623,2347,0,0,0,0.0,0,
TXN04-02803,4,2026-06-30 13:36:09,22661.51,Suppliers,40003,UPI,DEV-04-4,Android,Mumbai,13,1,0,10.22,31,21766.29,12621.74,255,280,2348,0,0,0,0.0,0,
TXN04-02804,4,2026-06-30 14:00:26,21623.36,Fuel,40020,Bank Transfer,DEV-04-5,iPhone,Delhi,14,1,0,24.28,32,21750.96,12634.87,38,191,227,0,0,0,1153.24,0,
TXN04-02805,4,2026-06-30 14:17:50,37449.65,Suppliers,40003,UPI,DEV-04-1,iPhone,Mumbai,14,1,0,17.4,33,21750.64,12619.18,256,906,2349,0,0,0,1153.24,0,
TXN04-02806,4,2026-06-30 14:32:35,7815.99,Office,40040,Card,DEV-04-3,iPhone,Mumbai,14,1,0,14.75,34,21789.12,12646.82,19,412,2350,0,0,0,0.0,0,
TXN04-02807,4,2026-06-30 14:34:13,6322.16,Hotels,40014,Card,DEV-04-3,iPhone,Pune,14,1,0,1.63,35,21754.37,12650.25,37,413,189,0,0,0,120.15,0,
TXN04-02808,4,2026-06-30 14:34:17,16000.35,Fuel,40104,Card,DEV-04-3,iPhone,Mumbai,14,1,0,0.07,36,21716.07,12657.85,1,414,2351,0,0,1,120.15,0,
TXN04-02809,4,2026-06-30 14:40:41,20945.01,Office,40033,Card,DEV-04-8,Android,Delhi,14,1,0,6.4,37,21701.92,12645.36,22,73,228,0,0,0,1153.24,0,
TXN04-02810,4,2026-06-30 15:00:09,27087.56,Fuel,40002,UPI,DEV-04-4,Android,Mumbai,15,1,0,19.47,38,21733.16,12627.85,158,281,2352,0,0,0,1153.24,0,
TXN04-02811,4,2026-06-30 15:20:15,16747.76,Hotels,40007,Card,DEV-04-1,iPhone,Mumbai,15,1,0,20.1,39,21762.49,12626.5,67,907,2353,0,0,0,0.0,0,
TXN04-02812,4,2026-06-30 15:22:14,33621.93,Suppliers,40003,Card,DEV-04-1,iPhone,Mumbai,15,1,0,1.98,40,21750.11,12613.36,257,908,2354,0,0,0,0.0,0,
TXN04-02813,4,2026-06-30 15:42:52,29854.78,Office,40028,UPI,DEV-04-2,iPhone,Mumbai,15,1,0,20.63,41,21785.65,12620.92,37,624,2355,0,0,0,0.0,0,
TXN04-02814,4,2026-06-30 15:43:12,33958.56,Hotels,40019,Card,DEV-04-1,iPhone,Mumbai,15,1,0,0.33,42,21805.57,12611.69,45,909,2356,0,0,0,0.0,0,
TXN04-02815,4,2026-06-30 15:48:17,19421.78,Suppliers,40003,Card,DEV-04-3,iPhone,Mumbai,15,1,0,5.08,43,21835.51,12610.54,258,415,2357,0,0,0,0.0,0,
TXN04-02816,4,2026-06-30 15:51:17,20916.88,Suppliers,40059,UPI,DEV-04-1,iPhone,Hyderabad,15,1,0,3.0,44,21829.58,12595.61,11,910,4,0,0,0,621.46,0,
TXN04-02817,4,2026-06-30 16:00:22,38913.57,Suppliers,40105,Bank Transfer,DEV-04-4,Android,Mumbai,16,1,0,9.08,45,21856.97,12581.46,2,282,2358,0,0,0,621.46,0,
TXN04-02818,4,2026-06-30 16:00:54,12212.64,Fuel,40002,Bank Transfer,DEV-04-5,iPhone,Mumbai,16,1,0,0.53,46,21898.77,12594.31,159,192,2359,0,0,0,0.0,0,
TXN04-02819,4,2026-06-30 16:02:17,44360.86,Hotels,40057,Card,DEV-04-5,iPhone,Mumbai,16,1,0,1.38,47,21875.09,12587.99,10,193,2360,0,0,0,0.0,0,
TXN04-02820,4,2026-06-30 16:03:49,8139.73,Suppliers,40018,UPI,DEV-04-3,iPhone,Mumbai,16,1,0,1.53,48,21930.46,12636.88,44,416,2361,0,0,0,0.0,0,
TXN04-02821,4,2026-06-30 16:09:47,14745.99,Hotels,40006,Card,DEV-04-1,iPhone,Mumbai,16,1,0,5.97,49,21896.82,12639.77,112,911,2362,0,0,0,0.0,0,
TXN04-02822,4,2026-06-30 16:11:48,9757.89,Suppliers,40076,Card,DEV-04-5,iPhone,Mumbai,16,1,0,2.02,50,21862.07,12639.8,4,194,2363,0,0,0,0.0,0,
TXN04-02823,4,2026-06-30 16:44:00,50000.0,Fuel,40037,UPI,DEV-04-3,iPhone,Mumbai,16,1,0,32.2,51,21812.87,12647.56,15,417,2364,0,0,0,0.0,0,
TXN04-02824,4,2026-06-30 16:51:11,19706.49,Hotels,40051,Card,DEV-04-4,Android,Pune,16,1,0,7.18,52,21875.89,12723.25,9,283,190,0,0,0,120.15,0,
TXN04-02825,4,2026-06-30 17:40:51,50000.0,Suppliers,40061,Card,DEV-04-1,iPhone,Mumbai,17,1,0,49.67,53,21873.88,12664.08,10,912,2365,0,0,0,120.15,0,
TXN04-02826,4,2026-06-30 17:42:22,10330.33,Office,40044,Bank Transfer,DEV-04-4,Android,Mumbai,17,1,0,1.52,54,21942.82,12724.78,19,284,2366,0,0,0,0.0,0,
TXN04-02827,4,2026-06-30 17:54:03,33143.68,Hotels,40067,UPI,DEV-04-1,iPhone,Pune,17,1,0,11.68,55,21914.42,12722.15,7,913,191,0,0,0,120.15,0,
TXN04-02828,4,2026-06-30 18:15:47,21032.63,Fuel,40002,Card,DEV-04-4,Android,Mumbai,18,1,0,21.73,56,21895.7,12699.95,160,285,2367,0,0,0,120.15,0,
TXN04-02829,4,2026-06-30 18:36:23,15585.97,Fuel,40002,UPI,DEV-04-10,Web,Mumbai,18,1,0,20.6,57,21930.81,12703.84,161,26,2368,0,0,0,0.0,0,
TXN04-02830,4,2026-06-30 18:47:53,32770.8,Suppliers,40083,UPI,DEV-04-6,Web,Mumbai,18,1,0,11.5,58,21921.36,12707.12,5,112,2369,0,0,0,0.0,0,
TXN04-02831,4,2026-06-30 18:48:07,19243.82,Suppliers,40004,Bank Transfer,DEV-04-3,iPhone,Mumbai,18,1,0,0.23,59,21947.89,12702.88,99,418,2370,0,0,0,0.0,0,
TXN04-02832,4,2026-06-30 18:49:02,9254.36,Fuel,40002,Bank Transfer,DEV-04-3,iPhone,Mumbai,18,1,0,0.92,60,21941.29,12688.08,162,419,2371,0,0,0,0.0,0,
TXN04-02833,4,2026-06-30 18:51:45,9442.57,Suppliers,40003,Bank Transfer,DEV-04-4,Android,Mumbai,18,1,0,2.72,61,21910.43,12688.04,259,286,2372,0,0,0,0.0,0,
TXN04-02834,4,2026-06-30 19:17:07,11973.97,Suppliers,40003,Bank Transfer,DEV-04-2,iPhone,Pune,19,1,0,25.37,62,21831.4,12635.87,260,625,192,0,0,0,120.15,0,
TXN04-02835,4,2026-06-30 19:22:31,17188.74,Suppliers,40011,Card,DEV-04-12,Android,Mumbai,19,1,0,5.4,63,21820.52,12642.43,83,11,2373,0,0,0,120.15,0,
TXN04-02836,4,2026-06-30 19:22:46,32659.43,Office,40005,Card,DEV-04-3,iPhone,Mumbai,19,1,0,0.25,64,21809.25,12629.1,159,420,2374,0,0,0,0.0,0,
TXN04-02837,4,2026-06-30 19:30:29,10278.37,Hotels,40007,UPI,DEV-04-2,iPhone,Mumbai,19,1,0,7.72,65,21835.59,12625.06,68,626,2375,0,0,0,0.0,0,
TXN04-02838,4,2026-06-30 19:51:55,25041.54,Hotels,40010,Card,DEV-04-2,iPhone,Delhi,19,1,0,21.43,66,21847.5,12611.83,64,627,229,0,0,0,1153.24,0,
TXN04-02839,4,2026-06-30 20:07:04,45731.61,Fuel,40021,Card,DEV-04-4,Android,Delhi,20,1,0,15.15,67,21855.23,12597.53,36,287,230,0,0,0,0.0,0,
TXN04-02840,4,2026-06-30 20:22:22,6515.74,Fuel,40002,UPI,DEV-04-1,iPhone,Mumbai,20,1,0,15.3,68,21909.64,12667.12,163,914,2376,0,0,0,1153.24,0,
TXN04-02841,4,2026-06-30 20:28:43,9140.13,Hotels,40019,UPI,DEV-04-3,iPhone,Delhi,20,1,0,6.35,69,21872.37,12674.37,46,421,231,0,0,0,1153.24,0,
TXN04-02842,4,2026-06-30 20:53:36,21476.75,Fuel,40062,Card,DEV-04-6,Web,Mumbai,20,1,0,24.88,70,21793.45,12622.5,4,113,2377,0,0,0,1153.24,0,
TXN04-02843,4,2026-06-30 20:54:49,15765.07,Hotels,40001,Card,DEV-04-11,Android,Mumbai,20,1,0,1.22,71,21792.68,12607.22,266,12,2378,0,0,0,0.0,0,
TXN04-02844,4,2026-06-30 20:57:27,12939.33,Suppliers,40003,Card,DEV-04-1,iPhone,Pune,20,1,0,2.63,72,21778.12,12595.46,261,915,193,0,0,0,120.15,0,
TXN04-02845,4,2026-07-01 07:40:56,40057.74,Bank Transfer,40001,Bank Transfer,DEV-04-1,iPhone,Mumbai,7,2,0,643.48,1,21736.27,12614.71,267,916,2379,0,0,0,120.15,1,rapid_repeated_transfers
TXN04-02846,4,2026-07-01 07:42:56,50000.0,Bank Transfer,40001,Bank Transfer,DEV-04-1,iPhone,Mumbai,7,2,0,2.0,2,21780.53,12631.52,268,917,2380,0,0,0,0.0,1,rapid_repeated_transfers
TXN04-02847,4,2026-07-01 07:44:56,50000.0,Bank Transfer,40001,Bank Transfer,DEV-04-1,iPhone,Mumbai,7,2,0,2.0,3,21848.53,12691.93,269,918,2381,0,0,0,0.0,1,rapid_repeated_transfers
TXN04-02848,4,2026-07-01 08:05:21,14621.93,Hotels,40001,UPI,DEV-04-1,iPhone,Mumbai,8,2,0,20.42,4,21877.52,12769.3,270,919,2382,0,0,0,0.0,0,
TXN04-02849,4,2026-07-01 08:06:23,18509.74,Fuel,40002,UPI,DEV-04-1,iPhone,Mumbai,8,2,0,1.03,5,21860.04,12758.86,164,920,2383,0,0,0,0.0,0,
TXN04-02850,4,2026-07-01 08:11:20,26017.33,Fuel,40079,Card,DEV-04-1,iPhone,Mumbai,8,2,0,4.95,6,21851.99,12744.58,4,921,2384,0,0,0,0.0,0,
TXN04-02851,4,2026-07-01 08:21:43,18770.65,Hotels,40053,Card,DEV-04-1,iPhone,Mumbai,8,2,0,10.38,7,21861.98,12730.92,9,922,2385,0,0,0,0.0,0,
TXN04-02852,4,2026-07-01 08:41:34,8921.08,Suppliers,40015,Card,DEV-04-1,iPhone,Mumbai,8,2,0,19.85,8,21892.34,12712.81,55,923,2386,0,0,0,0.0,0,
TXN04-02853,4,2026-07-01 08:42:34,46708.99,Office,40106,Bank Transfer,DEV-04-3,iPhone,Mumbai,8,2,0,1.0,9,21861.23,12713.4,2,422,2387,0,0,0,0.0,0,
TXN04-02854,4,2026-07-01 08:43:21,49419.09,Fuel,40012,Card,DEV-04-1,iPhone,Mumbai,8,2,0,0.78,10,21920.67,12756.07,51,924,2388,0,0,0,0.0,0,
TXN04-02855,4,2026-07-01 08:50:30,9697.42,Hotels,40025,Card,DEV-04-1,iPhone,Mumbai,8,2,0,7.15,11,21986.3,12811.3,26,925,2389,0,0,0,0.0,0,
TXN04-02856,4,2026-07-01 08:58:24,9895.04,Hotels,40030,UPI,DEV-04-4,Android,Pune,8,2,0,7.9,12,21957.04,12810.05,29,288,194,0,0,0,120.15,0,
TXN04-02857,4,2026-07-01 09:16:17,22853.28,Suppliers,40003,Card,DEV-04-4,Android,Mumbai,9,2,0,17.88,13,21928.39,12808.29,262,289,2390,0,0,0,120.15,0,
TXN04-02858,4,2026-07-01 09:24:04,13544.45,Office,40099,Card,DEV-04-3,iPhone,Mumbai,9,2,0,7.78,14,21934.42,12808.13,2,423,2391,0,0,0,0.0,0,
TXN04-02859,4,2026-07-01 09:25:52,31582.12,Hotels,40025,Card,DEV-04-1,iPhone,Mumbai,9,2,0,1.8,15,21914.54,12799.45,27,926,2392,0,0,0,0.0,0,
TXN04-02860,4,2026-07-01 09:40:53,7542.85,Suppliers,40004,UPI,DEV-04-5,iPhone,Mumbai,9,2,0,15.02,16,21937.4,12792.93,100,195,2393,0,0,0,0.0,0,
TXN04-02861,4,2026-07-01 09:49:03,17508.18,Office,40008,UPI,DEV-04-6,Web,Mumbai,9,2,0,8.17,17,21903.45,12796.89,82,114,2394,0,0,0,0.0,0,
TXN04-02862,4,2026-07-01 09:55:50,18957.94,Suppliers,40052,UPI,DEV-04-1,iPhone,Mumbai,9,2,0,6.78,18,21893.11,12783.6,17,927,2395,0,0,0,0.0,0,
TXN04-02863,4,2026-07-01 09:59:08,19369.88,Fuel,40009,Card,DEV-04-27,Web,Mumbai,9,2,0,3.3,19,21886.22,12769.38,98,1,2396,1,0,0,0.0,0,
TXN04-02864,4,2026-07-01 10:02:30,16935.54,Suppliers,40003,UPI,DEV-04-8,Android,Mumbai,10,2,0,3.37,20,21880.32,12755.0,263,74,2397,0,0,0,0.0,0,
TXN04-02865,4,2026-07-01 10:04:11,7875.55,Hotels,40007,Card,DEV-04-3,iPhone,Mumbai,10,2,0,1.68,21,21868.77,12742.33,69,424,2398,0,0,0,0.0,0,
TXN04-02866,4,2026-07-01 10:09:24,40087.04,Hotels,40046,Card,DEV-04-3,iPhone,Mumbai,10,2,0,5.22,22,21796.22,12755.29,18,425,2399,0,0,0,0.0,0,
TXN04-02867,4,2026-07-01 10:10:08,18111.65,Hotels,40081,Card,DEV-04-1,iPhone,Pune,10,2,0,0.73,23,21838.96,12770.95,5,928,195,0,0,0,120.15,0,
TXN04-02868,4,2026-07-01 10:49:22,21790.86,Office,40040,Bank Transfer,DEV-04-1,iPhone,Pune,10,2,0,39.23,24,21779.79,12759.54,20,929,196,0,0,0,0.0,0,
TXN04-02869,4,2026-07-01 10:52:11,11779.07,Suppliers,40015,Bank Transfer,DEV-04-4,Android,Mumbai,10,2,0,2.82,25,21779.82,12744.63,56,290,2400,0,0,0,120.15,0,
TXN04-02870,4,2026-07-01 10:55:07,17840.32,Suppliers,40003,Card,DEV-04-1,iPhone,Mumbai,10,2,0,2.93,26,21756.5,12738.9,264,930,2401,0,0,0,0.0,0,
TXN04-02871,4,2026-07-01 11:03:34,26960.81,Fuel,40002,Card,DEV-04-5,iPhone,Mumbai,11,2,0,8.45,27,21729.81,12735.08,165,196,2402,0,0,0,0.0,0,
TXN04-02872,4,2026-07-01 11:16:19,38740.79,Suppliers,40011,UPI,DEV-04-2,iPhone,Mumbai,11,2,0,12.75,28,21766.11,12727.74,84,628,2403,0,0,0,0.0,0,
TXN04-02873,4,2026-07-01 11:18:19,16727.04,Office,40091,UPI,DEV-UNK-9546,Web,Mumbai,11,2,0,2.0,29,21805.58,12739.2,3,1,2404,1,0,0,0.0,1,ato_new_device_short_gap
TXN04-02874,4,2026-07-01 11:37:31,18130.03,Suppliers,40076,Card,DEV-04-1,iPhone,Mumbai,11,2,0,19.2,30,21810.97,12724.58,5,931,2405,0,0,0,0.0,0,
TXN04-02875,4,2026-07-01 11:39:22,15645.6,Fuel,40009,Card,DEV-04-12,Android,Pune,11,2,0,1.85,31,21802.41,12711.01,99,12,197,0,0,0,120.15,0,
TXN04-02876,4,2026-07-01 11:42:51,18062.13,Suppliers,40003,Card,DEV-04-6,Web,Mumbai,11,2,0,3.48,32,21812.27,12704.59,265,115,2406,0,0,0,120.15,0,
TXN04-02877,4,2026-07-01 11:47:19,38168.52,Hotels,40019,Card,DEV-04-1,iPhone,Delhi,11,2,0,4.47,33,21803.57,12691.12,47,932,232,0,0,0,1153.24,0,
TXN04-02878,4,2026-07-01 11:54:50,42370.15,Office,40031,Card,DEV-04-2,iPhone,Mumbai,11,2,0,7.52,34,21845.52,12715.24,25,629,2407,0,0,0,1153.24,0,
TXN04-02879,4,2026-07-01 11:58:34,31524.71,Office,40033,UPI,DEV-04-8,Android,Mumbai,11,2,0,3.73,35,21893.03,12738.76,23,75,2408,0,0,0,0.0,0,
TXN04-02880,4,2026-07-01 12:21:19,13066.73,Suppliers,40054,Card,DEV-04-1,iPhone,Mumbai,12,2,0,22.75,36,21880.18,12726.23,18,933,2409,0,0,0,0.0,0,
TXN04-02881,4,2026-07-01 12:29:01,10235.0,Office,40005,UPI,DEV-04-3,iPhone,Mumbai,12,2,0,7.7,37,21859.83,12718.57,160,426,2410,0,0,0,0.0,0,
TXN04-02882,4,2026-07-01 12:32:55,22999.14,Hotels,40001,UPI,DEV-04-1,iPhone,Mumbai,12,2,0,3.9,38,21833.04,12716.13,271,934,2411,0,0,0,0.0,0,
TXN04-02883,4,2026-07-01 12:32:59,33664.84,Fuel,40002,Bank Transfer,DEV-04-1,iPhone,Mumbai,12,2,0,0.07,39,21835.73,12701.63,166,935,2412,0,0,0,0.0,0,
TXN04-02884,4,2026-07-01 12:38:01,17356.24,Fuel,40037,Card,DEV-04-1,iPhone,Delhi,12,2,0,5.03,40,21862.86,12699.66,16,936,233,0,0,0,1153.24,0,
TXN04-02885,4,2026-07-01 12:39:11,8063.32,Suppliers,40034,UPI,DEV-04-8,Android,Mumbai,12,2,0,1.17,41,21852.54,12686.95,35,76,2413,0,0,0,1153.24,0,
TXN04-02886,4,2026-07-01 13:13:29,11993.05,Office,40005,Card,DEV-04-5,iPhone,Pune,13,2,0,34.3,42,21801.91,12699.11,161,197,198,0,0,0,120.15,0,
TXN04-02887,4,2026-07-01 13:17:23,12334.18,Suppliers,40004,Card,DEV-04-3,iPhone,Mumbai,13,2,0,3.9,43,21779.46,12693.23,101,427,2414,0,0,0,120.15,0,
TXN04-02888,4,2026-07-01 13:30:59,14148.16,Office,40005,UPI,DEV-04-10,Web,Mumbai,13,2,0,13.6,44,21757.9,12686.75,162,27,2415,0,0,0,0.0,0,
TXN04-02889,4,2026-07-01 13:56:19,27843.53,Suppliers,40003,Card,DEV-04-4,Android,Delhi,13,2,0,25.33,45,21651.27,12572.86,266,291,234,0,0,0,1153.24,0,
TXN04-02890,4,2026-07-01 14:18:13,26955.45,Hotels,40066,Bank Transfer,DEV-04-1,iPhone,Mumbai,14,2,0,21.9,46,21665.48,12561.93,10,937,2416,0,0,0,1153.24,0,
TXN04-02891,4,2026-07-01 14:19:45,38002.84,Fuel,40002,Card,DEV-04-1,iPhone,Hyderabad,14,2,0,1.53,47,21635.57,12533.75,167,938,5,0,0,0,621.46,0,
TXN04-02892,4,2026-07-01 14:38:05,8144.8,Hotels,40006,UPI,DEV-04-4,Android,Mumbai,14,2,0,18.33,48,21645.09,12498.07,113,292,2417,0,0,0,621.46,0,
TXN04-02893,4,2026-07-01 15:05:02,10209.16,Suppliers,40004,Bank Transfer,DEV-04-3,iPhone,Mumbai,15,2,0,26.95,49,21696.7,12520.05,102,428,2418,0,0,0,0.0,0,
TXN04-02894,4,2026-07-01 15:12:17,36734.61,Office,40005,Bank Transfer,DEV-04-3,iPhone,Mumbai,15,2,0,7.25,50,21670.17,12517.74,163,429,2419,0,0,0,0.0,0,
TXN04-02895,4,2026-07-01 15:34:37,18397.42,Suppliers,40022,UPI,DEV-04-3,iPhone,Mumbai,15,2,0,22.33,51,21711.63,12537.82,43,430,2420,0,0,0,0.0,0,
TXN04-02896,4,2026-07-01 15:45:17,44179.26,Fuel,40002,UPI,DEV-04-5,iPhone,Mumbai,15,2,0,10.67,52,21703.99,12524.37,168,198,2421,0,0,0,0.0,0,
TXN04-02897,4,2026-07-01 16:02:23,47230.79,Hotels,40001,Card,DEV-04-1,iPhone,Mumbai,16,2,0,17.1,53,21832.18,12534.15,272,939,2422,0,0,0,0.0,0,
TXN04-02898,4,2026-07-01 16:12:39,26284.04,Office,40049,Card,DEV-04-7,iPhone,Delhi,16,2,0,10.27,54,21979.84,12572.47,10,80,235,0,0,0,1153.24,0,
TXN04-02899,4,2026-07-01 17:03:26,22615.34,Office,40028,UPI,DEV-04-1,iPhone,Mumbai,17,2,0,50.78,55,22048.26,12551.64,38,940,2423,0,0,0,1153.24,0,
TXN04-02900,4,2026-07-01 17:04:05,19532.79,Suppliers,40003,Card,DEV-04-1,iPhone,Mumbai,17,2,0,0.65,56,22049.58,12537.1,267,941,2424,0,0,0,0.0,0,
TXN04-02901,4,2026-07-01 17:07:39,21949.03,Office,40107,UPI,DEV-04-1,iPhone,Mumbai,17,2,0,3.57,57,22043.75,12523.16,1,942,2425,0,0,1,0.0,0,
TXN04-02902,4,2026-07-01 17:35:56,18216.71,Fuel,40021,Card,DEV-04-2,iPhone,Mumbai,17,2,0,28.28,58,22104.7,12502.96,37,630,2426,0,0,0,0.0,0,
TXN04-02903,4,2026-07-01 17:42:52,48225.89,Suppliers,40004,Card,DEV-04-1,iPhone,Mumbai,17,2,0,6.93,59,22121.38,12492.97,103,943,2427,0,0,0,0.0,0,
TXN04-02904,4,2026-07-01 17:56:18,30677.55,Fuel,40048,Card,DEV-04-3,iPhone,Mumbai,17,2,0,13.43,60,22223.01,12526.7,11,431,2428,0,0,0,0.0,0,
TXN04-02905,4,2026-07-01 18:11:59,29796.61,Suppliers,40024,Bank Transfer,DEV-04-2,iPhone,Mumbai,18,2,0,15.68,61,22249.88,12504.03,28,631,2429,0,0,0,0.0,0,
TXN04-02906,4,2026-07-01 18:17:40,44159.0,Hotels,40001,Card,DEV-04-3,iPhone,Pune,18,2,0,5.68,62,22300.2,12509.08,273,432,199,0,0,0,120.15,0,
TXN04-02907,4,2026-07-01 18:22:40,12338.19,Office,40016,Card,DEV-04-3,iPhone,Mumbai,18,2,0,5.0,63,22351.15,12538.88,55,433,2430,0,0,0,120.15,1,ato_short_gap
TXN04-02908,4,2026-07-01 18:26:11,25073.88,Office,40082,Card,DEV-04-1,iPhone,Mumbai,18,2,0,3.52,64,22327.86,12533.57,6,944,2431,0,0,0,0.0,0,
TXN04-02909,4,2026-07-01 18:52:13,41983.3,Hotels,40006,UPI,DEV-04-2,iPhone,Mumbai,18,2,0,26.03,65,22374.67,12506.13,114,632,2432,0,0,0,0.0,0,
TXN04-02910,4,2026-07-01 18:52:55,7650.58,Fuel,40002,UPI,DEV-04-5,iPhone,Mumbai,18,2,0,0.7,66,22420.17,12527.18,169,199,2433,0,0,0,0.0,0,
TXN04-02911,4,2026-07-01 19:00:32,22160.26,Hotels,40001,Card,DEV-04-2,iPhone,Mumbai,19,2,0,7.62,67,22385.98,12532.79,274,633,2434,0,0,0,0.0,0,
TXN04-02912,4,2026-07-01 19:01:32,50000.0,Hotels,40042,Card,DEV-04-2,iPhone,Mumbai,19,2,0,1.0,68,22385.46,12518.31,20,634,2435,0,0,0,0.0,0,
TXN04-02913,4,2026-07-01 19:23:57,7645.91,Hotels,40007,Bank Transfer,DEV-04-11,Android,Mumbai,19,2,0,22.42,69,22449.09,12573.79,70,13,2436,0,0,0,0.0,0,
TXN04-02914,4,2026-07-01 19:35:48,15828.24,Office,40008,UPI,DEV-04-1,iPhone,Mumbai,19,2,0,11.85,70,22415.06,12579.32,83,945,2437,0,0,0,0.0,0,
TXN04-02915,4,2026-07-01 19:36:06,4712.14,Hotels,40014,UPI,DEV-04-7,iPhone,Delhi,19,2,0,0.3,71,22399.95,12568.84,38,81,236,0,0,0,1153.24,0,
TXN04-02916,4,2026-07-01 20:10:35,14859.33,Suppliers,40003,Bank Transfer,DEV-04-3,iPhone,Mumbai,20,2,0,34.48,72,22379.15,12590.57,268,434,2438,0,0,0,1153.24,0,
TXN04-02917,4,2026-07-01 20:17:08,13036.04,Office,40108,Card,DEV-04-3,iPhone,Pune,20,2,0,6.55,73,22361.94,12581.29,1,435,200,0,0,1,120.15,0,
TXN04-02918,4,2026-07-01 20:24:43,36524.99,Suppliers,40003,Bank Transfer,DEV-04-4,Android,Mumbai,20,2,0,7.58,74,22329.89,12587.17,269,293,2439,0,0,0,120.15,0,
TXN04-02919,4,2026-07-02 00:21:39,26000.0,Suppliers,40001,Card,DEV-UNK-3584,Android,Mumbai,0,3,0,236.93,1,22324.08,12633.5,275,1,2440,1,0,0,0.0,1,unknown_device
TXN04-02920,4,2026-07-02 04:39:24,50000.0,Bank Transfer,40001,Bank Transfer,DEV-04-1,iPhone,Mumbai,4,3,0,257.75,2,22332.55,12620.17,276,946,2441,0,0,0,0.0,1,rapid_repeated_transfers
TXN04-02921,4,2026-07-02 04:41:24,50000.0,Bank Transfer,40001,Bank Transfer,DEV-04-1,iPhone,Mumbai,4,3,0,2.0,3,22396.15,12675.1,277,947,2442,0,0,0,0.0,1,rapid_repeated_transfers
TXN04-02922,4,2026-07-02 04:45:24,45040.21,Bank Transfer,40001,Bank Transfer,DEV-04-1,iPhone,Mumbai,4,3,0,4.0,4,22459.46,12729.23,278,948,2443,0,0,0,0.0,1,rapid_repeated_transfers
TXN04-02923,4,2026-07-02 08:00:50,4588.13,Hotels,40013,Card,DEV-04-2,iPhone,Mumbai,8,3,0,195.43,5,22511.14,12760.36,43,635,2444,0,0,0,0.0,0,
TXN04-02924,4,2026-07-02 09:00:37,17768.11,Fuel,40088,UPI,DEV-04-1,iPhone,Mumbai,9,3,0,59.78,6,22499.52,12785.09,4,949,2445,0,0,0,0.0,0,
TXN04-02925,4,2026-07-02 09:25:40,50000.0,Office,40099,Card,DEV-04-2,iPhone,Mumbai,9,3,0,25.05,7,22529.75,12758.3,3,636,2446,0,0,0,0.0,0,
TXN04-02926,4,2026-07-02 09:34:41,44107.23,Office,40005,UPI,DEV-04-2,iPhone,Delhi,9,3,0,9.02,8,22631.58,12800.3,164,637,237,0,0,0,1153.24,0,
TXN04-02927,4,2026-07-02 09:36:26,4382.83,Fuel,40002,Bank Transfer,DEV-04-5,iPhone,Mumbai,9,3,0,1.75,9,22680.84,12826.81,170,200,2447,0,0,0,1153.24,0,
TXN04-02928,4,2026-07-02 09:38:18,21553.08,Suppliers,40011,Card,DEV-04-1,iPhone,Delhi,9,3,0,1.87,10,22638.97,12841.93,85,950,238,0,0,0,1153.24,0,
TXN04-02929,4,2026-07-02 09:52:16,6502.04,Suppliers,40011,Card,DEV-04-6,Web,Mumbai,9,3,0,13.97,11,22641.38,12841.62,86,116,2448,0,0,0,1153.24,0,
TXN04-02930,4,2026-07-02 10:03:17,21867.97,Hotels,40070,UPI,DEV-04-1,iPhone,Mumbai,10,3,0,11.02,12,22592.55,12870.22,6,951,2449,0,0,0,0.0,0,
TXN04-02931,4,2026-07-02 10:24:24,48310.7,Hotels,40109,Bank Transfer,DEV-04-10,Web,Mumbai,10,3,0,21.12,13,22639.93,12858.77,1,28,2450,0,0,1,0.0,0,
TXN04-02932,4,2026-07-02 10:43:02,25325.06,Hotels,40010,UPI,DEV-04-10,Web,Mumbai,10,3,0,18.63,14,22679.3,12926.51,65,29,2451,0,0,0,0.0,0,
TXN04-02933,4,2026-07-02 10:57:37,7847.95,Fuel,40009,UPI,DEV-04-1,iPhone,Mumbai,10,3,0,14.58,15,22740.45,12916.76,100,952,2452,0,0,0,0.0,0,
TXN04-02934,4,2026-07-02 10:59:10,19799.98,Hotels,40029,Card,DEV-04-2,iPhone,Mumbai,10,3,0,1.55,16,22705.97,12921.64,32,638,2453,0,0,0,0.0,0,
TXN04-02935,4,2026-07-02 11:27:08,34785.87,Suppliers,40015,Card,DEV-04-6,Web,Mumbai,11,3,0,27.97,17,22731.78,12904.66,57,117,2454,0,0,0,0.0,0,
TXN04-02936,4,2026-07-02 11:27:54,13207.03,Hotels,40001,Card,DEV-04-3,iPhone,Mumbai,11,3,0,0.77,18,22759.62,12902.73,279,436,2455,0,0,0,0.0,0,
TXN04-02937,4,2026-07-02 11:34:05,14600.55,Hotels,40090,Card,DEV-04-1,iPhone,Mumbai,11,3,0,6.18,19,22737.61,12896.0,2,953,2456,0,0,0,0.0,0,
TXN04-02938,4,2026-07-02 11:35:42,6310.87,Office,40110,Bank Transfer,DEV-04-4,Android,Mumbai,11,3,0,1.62,20,22718.9,12887.06,1,294,2457,0,0,1,0.0,0,
TXN04-02939,4,2026-07-02 11:51:20,50000.0,Suppliers,40027,Card,DEV-04-1,iPhone,Mumbai,11,3,0,15.63,21,22681.27,12896.18,30,954,2458,0,0,0,0.0,0,
TXN04-02940,4,2026-07-02 12:14:03,45978.71,Hotels,40025,Bank Transfer,DEV-04-6,Web,Mumbai,12,3,0,22.72,22,22731.55,12959.7,28,118,2459,0,0,0,0.0,0,
TXN04-02941,4,2026-07-02 12:19:40,27934.19,Hotels,40001,Card,DEV-04-1,iPhone,Mumbai,12,3,0,5.62,23,22784.75,12992.43,280,955,2460,0,0,0,0.0,0,
TXN04-02942,4,2026-07-02 12:34:43,28344.15,Suppliers,40064,Card,DEV-04-2,iPhone,Pune,12,3,0,15.05,24,22796.51,12979.92,12,639,201,0,0,0,120.15,0,
TXN04-02943,4,2026-07-02 12:42:37,19639.88,Suppliers,40022,Bank Transfer,DEV-04-1,iPhone,Mumbai,12,3,0,7.9,25,22809.14,12967.83,44,956,2461,0,0,0,120.15,0,
TXN04-02944,4,2026-07-02 12:47:47,21864.63,Office,40040,UPI,DEV-04-1,iPhone,Mumbai,12,3,0,5.17,26,22821.75,12980.17,21,957,2462,0,0,0,0.0,0,
TXN04-02945,4,2026-07-02 12:53:37,25127.44,Hotels,40030,Card,DEV-04-4,Android,Mumbai,12,3,0,5.83,27,22822.02,12980.14,30,295,2463,0,0,0,0.0,0,
TXN04-02946,4,2026-07-02 13:00:50,16934.72,Hotels,40001,Card,DEV-04-1,iPhone,Mumbai,13,3,0,7.22,28,22827.27,12965.82,281,958,2464,0,0,0,0.0,0,
TXN04-02947,4,2026-07-02 13:27:41,21653.4,Suppliers,40011,UPI,DEV-04-5,iPhone,Mumbai,13,3,0,26.85,29,22813.88,12954.12,87,201,2465,0,0,0,0.0,0,
TXN04-02948,4,2026-07-02 13:58:06,14321.71,Hotels,40006,Card,DEV-04-2,iPhone,Delhi,13,3,0,30.42,30,22777.77,12954.44,115,640,239,0,0,0,1153.24,0,
TXN04-02949,4,2026-07-02 13:58:16,15411.69,Fuel,40087,Card,DEV-04-3,iPhone,Delhi,13,3,0,0.17,31,22758.55,12945.97,3,437,240,0,0,0,0.0,0,
TXN04-02950,4,2026-07-02 14:26:44,50000.0,Suppliers,40022,Card,DEV-04-5,iPhone,Mumbai,14,3,0,28.47,32,22728.62,12887.9,45,202,2466,0,0,0,1153.24,0,
TXN04-02951,4,2026-07-02 14:36:20,18016.59,Suppliers,40015,UPI,DEV-04-2,iPhone,Mumbai,14,3,0,9.6,33,22790.74,12938.69,58,641,2467,0,0,0,0.0,0,
TXN04-02952,4,2026-07-02 15:14:58,9234.62,Office,40005,Card,DEV-04-1,iPhone,Mumbai,15,3,0,38.63,34,22887.35,12926.64,165,959,2468,0,0,0,0.0,0,
TXN04-02953,4,2026-07-02 15:21:54,33133.05,Hotels,40050,UPI,DEV-04-10,Web,Delhi,15,3,0,6.93,35,22864.52,12941.96,16,30,241,0,0,0,1153.24,0,
TXN04-02954,4,2026-07-02 15:44:35,50000.0,Fuel,40002,Card,DEV-04-3,iPhone,Mumbai,15,3,0,22.68,36,22888.07,12936.44,171,438,2469,0,0,0,1153.24,0,
TXN04-02955,4,2026-07-02 15:51:46,28391.77,Hotels,40006,Card,DEV-04-6,Web,Mumbai,15,3,0,7.18,37,22950.11,12986.4,116,119,2470,0,0,0,0.0,0,
TXN04-02956,4,2026-07-02 16:02:32,12354.49,Hotels,40111,Card,DEV-04-3,iPhone,Mumbai,16,3,0,10.77,38,22962.53,12974.17,1,439,2471,0,0,1,0.0,0,
TXN04-02957,4,2026-07-02 16:19:50,29802.11,Fuel,40012,UPI,DEV-04-7,iPhone,Mumbai,16,3,0,17.3,39,22960.73,12975.59,52,82,2472,0,0,0,0.0,0,
TXN04-02958,4,2026-07-02 16:27:44,7321.4,Office,40031,UPI,DEV-04-3,iPhone,Mumbai,16,3,0,7.9,40,22976.31,12964.91,26,440,2473,0,0,0,0.0,0,
TXN04-02959,4,2026-07-02 16:37:50,16614.03,Office,40108,Card,DEV-04-2,iPhone,Mumbai,16,3,0,10.1,41,22940.73,12971.6,2,642,2474,0,0,0,0.0,0,
TXN04-02960,4,2026-07-02 16:47:18,23983.74,Fuel,40009,UPI,DEV-04-1,iPhone,Kolkata,16,3,0,9.47,42,22926.38,12960.38,101,960,7,0,0,0,1654.84,0,
TXN04-02961,4,2026-07-02 17:10:54,22841.43,Hotels,40050,Card,DEV-04-6,Web,Mumbai,17,3,0,23.6,43,22901.37,12947.67,17,120,2475,0,0,0,1654.84,0,
TXN04-02962,4,2026-07-02 17:20:51,33473.37,Suppliers,40004,UPI,DEV-04-9,iPhone,Mumbai,17,3,0,9.95,44,22901.23,12933.01,104,32,2476,0,0,0,0.0,0,
TXN04-02963,4,2026-07-02 17:38:42,3987.22,Suppliers,40018,Bank Transfer,DEV-04-1,iPhone,Mumbai,17,3,0,17.85,45,22885.28,12915.6,45,961,2477,0,0,0,0.0,0,
TXN04-02964,4,2026-07-02 17:41:26,23902.02,Fuel,40089,Card,DEV-04-3,iPhone,Mumbai,17,3,0,2.73,46,22842.62,12932.15,2,441,2478,0,0,0,0.0,0,
TXN04-02965,4,2026-07-02 18:03:34,25087.02,Office,40049,UPI,DEV-04-4,Android,Mumbai,18,3,0,22.13,47,22853.17,12931.1,11,296,2479,0,0,0,0.0,0,
TXN04-02966,4,2026-07-02 18:17:19,10622.37,Fuel,40002,Bank Transfer,DEV-04-4,Android,Pune,18,3,0,13.75,48,22858.2,12916.96,172,297,202,0,0,0,120.15,0,
TXN04-02967,4,2026-07-02 18:47:55,24032.06,Office,40005,Card,DEV-04-1,iPhone,Mumbai,18,3,0,30.6,49,22866.31,12908.14,166,962,2480,0,0,0,120.15,0,
TXN04-02968,4,2026-07-02 18:53:20,10608.8,Hotels,40001,UPI,DEV-04-3,iPhone,Pune,18,3,0,5.42,50,22868.93,12893.75,282,442,203,0,0,0,120.15,0,
TXN04-02969,4,2026-07-02 18:58:40,16717.92,Suppliers,40022,Bank Transfer,DEV-04-1,iPhone,Mumbai,18,3,0,5.33,51,22860.02,12900.85,46,963,2481,0,0,0,120.15,0,
TXN04-02970,4,2026-07-02 19:33:50,21611.91,Suppliers,40003,UPI,DEV-04-1,iPhone,Mumbai,19,3,0,35.17,52,22838.71,12917.15,270,964,2482,0,0,0,0.0,0,
TXN04-02971,4,2026-07-02 19:56:06,18867.54,Fuel,40026,Card,DEV-04-7,iPhone,Mumbai,19,3,0,22.27,53,22839.62,12874.93,18,83,2483,0,0,0,0.0,0,
TXN04-02972,4,2026-07-02 20:46:02,25338.61,Hotels,40013,UPI,DEV-04-1,iPhone,Mumbai,20,3,0,49.93,54,22799.22,12851.42,44,965,2484,0,0,0,0.0,0,
TXN04-02973,4,2026-07-02 23:04:39,26107.91,Suppliers,40011,Card,DEV-04-1,iPhone,Mumbai,23,3,0,138.62,55,22757.5,12797.13,88,966,2485,0,0,0,0.0,1,ato_odd_hour
TXN04-02974,4,2026-07-03 04:26:15,27511.22,Overseas Merchant,943472,Card,DEV-04-1,iPhone,Unknown Country,4,4,0,321.6,1,22765.14,12783.54,1,967,6,0,0,1,8211.14,1,foreign_merchant
TXN04-02975,4,2026-07-03 08:04:22,16688.85,Suppliers,40011,Card,DEV-04-11,Android,Mumbai,8,4,0,218.12,2,22775.92,12771.01,89,14,2486,0,0,0,8211.14,0,
TXN04-02976,4,2026-07-03 08:23:36,17819.58,Hotels,40001,Card,DEV-04-2,iPhone,Mumbai,8,4,0,19.23,3,22766.35,12773.99,283,643,2487,0,0,0,0.0,0,
TXN04-02977,4,2026-07-03 08:35:33,43906.66,Fuel,40094,Card,DEV-04-8,Android,Delhi,8,4,0,11.95,4,22755.13,12761.67,3,77,242,0,0,0,1153.24,0,
TXN04-02978,4,2026-07-03 08:37:33,10488.3,Office,40005,Bank Transfer,DEV-04-8,Android,Pune,8,4,0,2.0,5,22802.99,12786.77,167,78,204,0,0,0,1179.48,1,ato_short_gap
TXN04-02979,4,2026-07-03 08:44:01,8103.01,Office,40016,UPI,DEV-04-2,iPhone,Mumbai,8,4,0,6.47,6,22775.19,12785.7,56,644,2488,0,0,0,120.15,0,
TXN04-02980,4,2026-07-03 09:00:52,6138.81,Hotels,40001,UPI,DEV-04-8,Android,Mumbai,9,4,0,16.85,7,22722.78,12798.14,284,79,2489,0,0,0,0.0,0,
TXN04-02981,4,2026-07-03 09:12:04,24278.96,Suppliers,40022,Card,DEV-04-3,iPhone,Delhi,9,4,0,11.2,8,22685.43,12807.87,47,443,243,0,0,0,1153.24,0,
TXN04-02982,4,2026-07-03 09:31:44,4800.0,Fuel,40047,UPI,DEV-04-28,iPhone,Mumbai,9,4,0,19.67,9,22689.01,12793.7,11,1,2490,1,0,0,1153.24,0,
TXN04-02983,4,2026-07-03 09:46:11,31218.36,Suppliers,40011,Bank Transfer,DEV-04-2,iPhone,Mumbai,9,4,0,14.45,10,22648.9,12807.33,90,645,2491,0,0,0,0.0,0,
TXN04-02984,4,2026-07-03 10:03:30,22736.37,Suppliers,40027,Card,DEV-04-2,iPhone,Mumbai,10,4,0,17.32,11,22668.07,12799.4,31,646,2492,0,0,0,0.0,0,
TXN04-02985,4,2026-07-03 10:03:49,12598.3,Hotels,40014,Card,DEV-04-1,iPhone,Mumbai,10,4,0,0.32,12,22668.23,12785.11,39,968,2493,0,0,0,0.0,0,
TXN04-02986,4,2026-07-03 10:35:55,11433.28,Suppliers,40018,Card,DEV-04-3,iPhone,Mumbai,10,4,0,32.1,13,22645.6,12805.27,46,444,2494,0,0,0,0.0,0,
TXN04-02987,4,2026-07-03 10:58:37,31286.53,Hotels,40001,UPI,DEV-04-1,iPhone,Mumbai,10,4,0,22.7,14,22620.57,12801.91,285,969,2495,0,0,0,0.0,0,
TXN04-02988,4,2026-07-03 11:31:14,7409.94,Hotels,40001,Card,DEV-04-1,iPhone,Mumbai,11,4,0,32.62,15,22746.28,12802.7,286,970,2496,0,0,0,0.0,0,
TXN04-02989,4,2026-07-03 11:42:46,21956.05,Suppliers,40034,Card,DEV-04-1,iPhone,Mumbai,11,4,0,11.53,16,22711.59,12823.32,36,971,2497,0,0,0,0.0,0,
TXN04-02990,4,2026-07-03 11:44:03,16803.3,Suppliers,40003,Card,DEV-04-1,iPhone,Mumbai,11,4,0,1.28,17,22686.88,12814.18,271,972,2498,0,0,0,0.0,0,
TXN04-02991,4,2026-07-03 12:49:23,20675.96,Suppliers,40011,Card,DEV-04-3,iPhone,Mumbai,12,4,0,65.33,18,22615.1,12810.15,91,445,2499,0,0,0,0.0,0,
TXN04-02992,4,2026-07-03 12:54:57,29513.03,Office,40008,UPI,DEV-04-1,iPhone,Mumbai,12,4,0,5.57,19,22610.69,12795.92,84,973,2500,0,0,0,0.0,0,
TXN04-02993,4,2026-07-03 12:58:14,12731.55,Fuel,40020,Card,DEV-04-2,iPhone,Mumbai,12,4,0,3.28,20,22626.34,12785.62,39,647,2501,0,0,0,0.0,0,
TXN04-02994,4,2026-07-03 13:36:13,9680.13,Office,40032,UPI,DEV-04-1,iPhone,Mumbai,13,4,0,37.98,21,22595.71,12775.46,28,974,2502,0,0,0,0.0,0,
TXN04-02995,4,2026-07-03 13:40:15,10357.92,Fuel,40009,Card,DEV-04-1,iPhone,Mumbai,13,4,0,4.03,22,22566.42,12775.75,102,975,2503,0,0,0,0.0,0,
TXN04-02996,4,2026-07-03 14:39:20,31302.39,Fuel,40002,Bank Transfer,DEV-04-8,Android,Mumbai,14,4,0,59.08,23,22487.53,12743.42,173,80,2504,0,0,0,0.0,0,
TXN04-02997,4,2026-07-03 14:49:07,6469.79,Suppliers,40105,Card,DEV-04-1,iPhone,Mumbai,14,4,0,9.78,24,22507.47,12735.88,3,976,2505,0,0,0,0.0,0,
TXN04-02998,4,2026-07-03 14:57:11,18037.04,Suppliers,40004,Card,DEV-04-2,iPhone,Mumbai,14,4,0,8.07,25,22483.76,12755.95,105,648,2506,0,0,0,0.0,0,
TXN04-02999,4,2026-07-03 15:14:18,16151.27,Office,40005,Bank Transfer,DEV-04-4,Android,Mumbai,15,4,0,17.12,26,22543.64,12729.41,168,298,2507,0,0,0,0.0,0,
TXN04-03000,4,2026-07-03 15:16:12,34832.08,Suppliers,40055,Bank Transfer,DEV-04-2,iPhone,Delhi,15,4,0,1.9,27,22529.18,12718.63,14,649,244,0,0,0,1153.24,0,
TXN04-03001,4,2026-07-03 15:45:00,5749.57,Suppliers,40003,Bank Transfer,DEV-04-7,iPhone,Mumbai,15,4,0,28.8,28,22573.42,12727.34,272,84,2508,0,0,0,1153.24,0,
TXN04-03002,4,2026-07-03 15:57:23,28688.48,Office,40005,UPI,DEV-04-22,Web,Delhi,15,4,0,12.38,29,22535.44,12738.01,169,2,245,0,0,0,1153.24,0,
TXN04-03003,4,2026-07-03 16:27:31,18214.15,Fuel,40086,UPI,DEV-04-1,iPhone,Mumbai,16,4,0,30.13,30,22479.26,12730.24,2,977,2509,0,0,0,1153.24,0,
TXN04-03004,4,2026-07-03 16:27:38,14642.25,Suppliers,40003,UPI,DEV-04-4,Android,Mumbai,16,4,0,0.12,31,22469.56,12717.39,273,299,2510,0,0,0,0.0,0,
TXN04-03005,4,2026-07-03 16:39:38,14854.95,Suppliers,40011,Bank Transfer,DEV-04-3,iPhone,Mumbai,16,4,0,12.0,32,22473.91,12714.39,92,446,2511,0,0,0,0.0,0,
TXN04-03006,4,2026-07-03 16:45:55,21375.91,Fuel,40002,UPI,DEV-04-1,iPhone,Mumbai,16,4,0,6.28,33,22456.63,12705.14,174,978,2512,0,0,0,0.0,0,
TXN04-03007,4,2026-07-03 16:58:07,22783.55,Suppliers,40015,UPI,DEV-04-2,iPhone,Mumbai,16,4,0,12.2,34,22454.18,12690.86,59,650,2513,0,0,0,0.0,0,
TXN04-03008,4,2026-07-03 17:00:35,24396.8,Fuel,40009,Card,DEV-04-4,Android,Pune,17,4,0,2.47,35,22454.93,12676.54,103,300,205,0,0,0,120.15,0,
TXN04-03009,4,2026-07-03 17:13:20,15058.53,Suppliers,40003,Card,DEV-04-6,Web,Mumbai,17,4,0,12.75,36,22453.47,12676.28,274,121,2514,0,0,0,120.15,0,
TXN04-03010,4,2026-07-03 17:17:36,15096.37,Suppliers,40054,UPI,DEV-04-2,iPhone,Mumbai,17,4,0,4.27,37,22436.81,12666.84,19,651,2515,0,0,0,0.0,0,
TXN04-03011,4,2026-07-03 17:23:07,18386.58,Suppliers,40024,UPI,DEV-04-2,iPhone,Mumbai,17,4,0,5.52,38,22420.32,12657.38,29,652,2516,0,0,0,0.0,0,
TXN04-03012,4,2026-07-03 17:47:12,36907.12,Office,40044,Card,DEV-04-1,iPhone,Mumbai,17,4,0,24.08,39,22365.58,12648.66,20,979,2517,0,0,0,0.0,0,
TXN04-03013,4,2026-07-03 18:27:52,46894.17,Fuel,40012,UPI,DEV-04-10,Web,Mumbai,18,4,0,40.67,40,22467.01,12640.1,53,31,2518,0,0,0,0.0,0,
TXN04-03014,4,2026-07-03 18:35:31,7334.12,Suppliers,40064,UPI,DEV-04-6,Web,Mumbai,18,4,0,7.65,41,22522.03,12678.85,13,122,2519,0,0,0,0.0,0,
TXN04-03015,4,2026-07-03 19:30:17,6833.12,Fuel,40020,Card,DEV-04-3,iPhone,Mumbai,19,4,0,54.77,42,22500.52,12671.12,40,447,2520,0,0,0,0.0,0,
TXN04-03016,4,2026-07-03 20:17:45,12010.26,Office,40028,UPI,DEV-04-2,iPhone,Mumbai,20,4,0,47.47,43,22382.51,12668.38,39,653,2521,0,0,0,0.0,0,
TXN04-03017,4,2026-07-03 20:39:57,29582.58,Suppliers,40003,Card,DEV-04-1,iPhone,Mumbai,20,4,0,22.2,44,22374.7,12665.51,275,980,2522,0,0,0,0.0,0,
TXN04-03018,4,2026-07-03 20:51:25,16921.86,Hotels,40010,UPI,DEV-04-3,iPhone,Mumbai,20,4,0,11.47,45,22400.78,12668.64,66,448,2523,0,0,0,0.0,0,
TXN04-03019,4,2026-07-04 08:12:56,22361.93,Fuel,40058,Card,DEV-04-2,iPhone,Mumbai,8,5,1,681.52,1,22374.76,12668.25,8,654,2524,0,0,0,0.0,0,
TXN04-03020,4,2026-07-04 08:14:11,6825.85,Fuel,40062,UPI,DEV-04-5,iPhone,Pune,8,5,1,1.25,2,22374.73,12653.71,5,203,206,0,0,0,120.15,0,
TXN04-03021,4,2026-07-04 08:16:26,48287.93,Office,40005,Bank Transfer,DEV-04-6,Web,Delhi,8,5,1,2.25,3,22339.15,12661.04,170,123,246,0,0,0,1179.48,0,
TXN04-03022,4,2026-07-04 08:23:20,40032.49,Fuel,40012,Card,DEV-04-5,iPhone,Mumbai,8,5,1,6.9,4,22398.4,12707.07,54,204,2525,0,0,0,1153.24,0,
TXN04-03023,4,2026-07-04 08:29:52,40416.72,Hotels,40006,UPI,DEV-04-5,iPhone,Pune,8,5,1,6.53,5,22389.81,12693.88,117,205,207,0,0,0,120.15,0,
TXN04-03024,4,2026-07-04 08:53:42,18099.15,Suppliers,40035,Bank Transfer,DEV-04-5,iPhone,Mumbai,8,5,1,23.83,6,22439.98,12721.57,30,206,2526,0,0,0,120.15,0,
TXN04-03025,4,2026-07-04 09:17:09,20157.62,Suppliers,40003,Card,DEV-04-7,iPhone,Mumbai,9,5,1,23.45,7,22396.21,12764.13,276,85,2527,0,0,0,0.0,0,
TXN04-03026,4,2026-07-04 09:18:38,27618.46,Hotels,40001,Card,DEV-04-4,Android,Mumbai,9,5,1,1.48,8,22391.07,12749.9,287,301,2528,0,0,0,0.0,0,
TXN04-03027,4,2026-07-04 09:20:13,13718.4,Suppliers,40015,UPI,DEV-04-3,iPhone,Mumbai,9,5,1,1.58,9,22403.05,12737.72,60,449,2529,0,0,0,0.0,0,
TXN04-03028,4,2026-07-04 10:06:36,34047.81,Hotels,40001,Card,DEV-04-2,iPhone,Mumbai,10,5,1,46.38,10,22310.45,12709.91,288,655,2530,0,0,0,0.0,0,
TXN04-03029,4,2026-07-04 10:12:03,19806.09,Fuel,40020,UPI,DEV-04-1,iPhone,Mumbai,10,5,1,5.45,11,22373.07,12700.79,41,981,2531,0,0,0,0.0,0,
TXN04-03030,4,2026-07-04 10:22:34,11261.98,Hotels,40006,Card,DEV-04-2,iPhone,Pune,10,5,1,10.52,12,22367.16,12686.74,118,656,208,0,0,0,120.15,0,
TXN04-03031,4,2026-07-04 10:28:37,28826.23,Office,40044,Card,DEV-04-3,iPhone,Mumbai,10,5,1,6.05,13,22341.63,12683.31,21,450,2532,0,0,0,120.15,0,
TXN04-03032,4,2026-07-04 10:31:08,47511.53,Hotels,40006,UPI,DEV-04-1,iPhone,Mumbai,10,5,1,2.52,14,22356.5,12672.55,119,982,2533,0,0,0,0.0,0,
TXN04-03033,4,2026-07-04 10:59:30,50000.0,Hotels,40074,UPI,DEV-04-5,iPhone,Mumbai,10,5,1,28.37,15,22365.79,12676.94,5,207,2534,0,0,0,0.0,0,
TXN04-03034,4,2026-07-04 11:14:37,35009.78,Office,40016,Bank Transfer,DEV-04-4,Android,Mumbai,11,5,1,15.12,16,22514.97,12743.03,57,302,2535,0,0,0,0.0,0,
TXN04-03035,4,2026-07-04 11:24:04,27381.97,Suppliers,40045,UPI,DEV-04-1,iPhone,Mumbai,11,5,1,9.45,17,22543.89,12742.43,21,983,2536,0,0,0,0.0,0,
TXN04-03036,4,2026-07-04 11:29:19,7137.31,Hotels,40007,Bank Transfer,DEV-04-2,iPhone,Mumbai,11,5,1,5.25,18,22555.07,12729.82,71,657,2537,0,0,0,0.0,0,
TXN04-03037,4,2026-07-04 11:52:26,16952.14,Fuel,40112,Card,DEV-04-3,iPhone,Mumbai,11,5,1,23.12,19,22519.54,12736.62,1,451,2538,0,0,1,0.0,0,
TXN04-03038,4,2026-07-04 12:02:18,24814.88,Hotels,40006,Card,DEV-04-1,iPhone,Mumbai,12,5,1,9.87,20,22528.06,12731.65,120,984,2539,0,0,0,0.0,0,
TXN04-03039,4,2026-07-04 12:05:52,22010.95,Suppliers,40083,Card,DEV-04-1,iPhone,Mumbai,12,5,1,3.57,21,22522.38,12730.08,6,985,2540,0,0,0,0.0,0,
TXN04-03040,4,2026-07-04 12:56:27,13266.6,Suppliers,40004,UPI,DEV-04-1,iPhone,Delhi,12,5,1,50.58,22,22530.07,12734.24,106,986,247,0,0,0,1153.24,0,
TXN04-03041,4,2026-07-04 13:02:33,12109.21,Hotels,40010,Card,DEV-04-3,iPhone,Mumbai,13,5,1,6.1,23,22508.68,12727.3,67,452,2541,0,0,0,1153.24,0,
TXN04-03042,4,2026-07-04 13:07:54,9479.83,Fuel,40068,Card,DEV-04-7,iPhone,Pune,13,5,1,5.35,24,22484.71,12722.4,7,86,209,0,0,0,120.15,0,
TXN04-03043,4,2026-07-04 13:14:49,11010.81,Office,40107,Card,DEV-04-14,Web,Delhi,13,5,1,6.92,25,22457.29,12737.57,2,4,248,0,0,0,1179.48,0,
TXN04-03044,4,2026-07-04 13:22:45,9003.59,Fuel,40021,Card,DEV-04-3,iPhone,Mumbai,13,5,1,7.93,26,22430.98,12734.72,38,453,2542,0,0,0,1153.24,0,
TXN04-03045,4,2026-07-04 13:32:17,21802.62,Hotels,40046,UPI,DEV-04-3,iPhone,Delhi,13,5,1,9.53,27,22400.18,12736.31,19,454,249,0,0,0,1153.24,0,
TXN04-03046,4,2026-07-04 13:43:10,26842.28,Hotels,40001,UPI,DEV-04-1,iPhone,Mumbai,13,5,1,10.88,28,22391.67,12705.68,289,987,2543,0,0,0,1153.24,0,
TXN04-03047,4,2026-07-04 13:44:32,11834.83,Hotels,40013,Card,DEV-04-2,iPhone,Mumbai,13,5,1,1.37,29,22401.93,12692.82,45,658,2544,0,0,0,0.0,0,
TXN04-03048,4,2026-07-04 13:45:10,10548.29,Hotels,40019,Card,DEV-04-1,iPhone,Mumbai,13,5,1,0.63,30,22377.64,12688.32,48,988,2545,0,0,0,0.0,0,
TXN04-03049,4,2026-07-04 13:46:56,27522.04,Suppliers,40003,Bank Transfer,DEV-04-3,iPhone,Mumbai,13,5,1,1.77,31,22350.5,12686.39,277,455,2546,0,0,0,0.0,0,
TXN04-03050,4,2026-07-04 14:08:57,26482.62,Suppliers,40003,UPI,DEV-04-1,iPhone,Pune,14,5,1,22.02,32,22377.93,12717.68,278,989,210,0,0,0,120.15,0,
TXN04-03051,4,2026-07-04 14:30:44,9616.32,Office,40032,Card,DEV-04-1,iPhone,Mumbai,14,5,1,21.78,33,22362.1,12722.44,29,990,2547,0,0,0,120.15,0,
TXN04-03052,4,2026-07-04 15:24:10,14684.54,Suppliers,40034,Card,DEV-04-1,iPhone,Pune,15,5,1,53.43,34,22340.84,12769.24,37,991,211,0,0,0,120.15,0,
TXN04-03053,4,2026-07-04 15:28:38,22450.2,Fuel,40002,Card,DEV-04-3,iPhone,Mumbai,15,5,1,4.47,35,22322.99,12759.69,175,456,2548,0,0,0,120.15,0,
TXN04-03054,4,2026-07-04 15:33:00,38918.21,Office,40031,UPI,DEV-04-1,iPhone,Mumbai,15,5,1,4.37,36,22323.29,12744.85,27,992,2549,0,0,0,0.0,0,
TXN04-03055,4,2026-07-04 15:36:56,50000.0,Fuel,40009,Card,DEV-04-5,iPhone,Mumbai,15,5,1,3.93,37,22361.79,12755.07,104,208,2550,0,0,0,0.0,0,
TXN04-03056,4,2026-07-04 16:10:55,13746.74,Fuel,40009,Card,DEV-04-2,iPhone,Mumbai,16,5,1,33.98,38,22375.42,12781.43,105,659,2551,0,0,0,0.0,0,
TXN04-03057,4,2026-07-04 16:40:19,38127.1,Fuel,40026,Card,DEV-04-1,iPhone,Mumbai,16,5,1,29.4,39,22395.09,12778.05,19,993,2552,0,0,0,0.0,0,
TXN04-03058,4,2026-07-04 16:44:15,9262.01,Fuel,40002,Card,DEV-04-3,iPhone,Mumbai,16,5,1,3.93,40,22431.59,12785.64,176,457,2553,0,0,0,0.0,0,
TXN04-03059,4,2026-07-04 16:49:25,33467.7,Hotels,40056,Card,DEV-04-2,iPhone,Mumbai,16,5,1,5.17,41,22401.11,12786.5,14,660,2554,0,0,0,0.0,0,
TXN04-03060,4,2026-07-04 16:57:05,15498.0,Suppliers,40075,Bank Transfer,DEV-04-2,iPhone,Mumbai,16,5,1,7.67,42,22398.12,12783.77,3,661,2555,0,0,0,0.0,0,
TXN04-03061,4,2026-07-04 17:05:56,8639.6,Suppliers,40022,Card,DEV-04-2,iPhone,Mumbai,17,5,1,8.85,43,22397.9,12783.88,48,662,2556,0,0,0,0.0,0,
TXN04-03062,4,2026-07-04 17:09:54,20260.83,Suppliers,40083,Card,DEV-04-1,iPhone,Mumbai,17,5,1,3.97,44,22404.27,12776.34,7,994,2557,0,0,0,0.0,0,
TXN04-03063,4,2026-07-04 17:28:58,11674.43,Office,40044,UPI,DEV-04-1,iPhone,Mumbai,17,5,1,19.07,45,22457.01,12758.37,22,995,2558,0,0,0,0.0,0,
TXN04-03064,4,2026-07-04 17:56:57,12159.98,Hotels,40001,Card,DEV-04-2,iPhone,Mumbai,17,5,1,27.98,46,22479.45,12763.19,290,663,2559,0,0,0,0.0,0,
TXN04-03065,4,2026-07-04 18:05:53,10651.93,Hotels,40001,UPI,DEV-04-2,iPhone,Mumbai,18,5,1,8.93,47,22455.51,12758.04,291,664,2560,0,0,0,0.0,0,
TXN04-03066,4,2026-07-04 18:36:14,11425.54,Fuel,40002,UPI,DEV-04-2,iPhone,Mumbai,18,5,1,30.35,48,22428.19,12755.88,177,665,2561,0,0,0,0.0,0,
TXN04-03067,4,2026-07-04 18:49:39,8123.78,Suppliers,40027,Card,DEV-04-2,iPhone,Mumbai,18,5,1,13.42,49,22402.78,12752.08,32,666,2562,0,0,0,0.0,0,
TXN04-03068,4,2026-07-04 18:59:17,10621.45,Fuel,40086,UPI,DEV-04-1,iPhone,Mumbai,18,5,1,9.63,50,22377.13,12769.6,3,996,2563,0,0,0,0.0,0,
TXN04-03069,4,2026-07-04 19:09:06,22425.68,Office,40016,Bank Transfer,DEV-04-2,iPhone,Mumbai,19,5,1,9.82,51,22338.68,12779.87,58,667,2564,0,0,0,0.0,0,
TXN04-03070,4,2026-07-04 19:22:25,12552.93,Office,40031,UPI,DEV-04-2,iPhone,Mumbai,19,5,1,13.32,52,22338.88,12765.14,28,668,2565,0,0,0,0.0,0,
TXN04-03071,4,2026-07-04 19:41:12,10962.34,Suppliers,40003,UPI,DEV-04-7,iPhone,Delhi,19,5,1,18.78,53,22274.12,12728.11,279,87,250,0,0,0,1153.24,0,
TXN04-03072,4,2026-07-04 19:55:25,5454.26,Hotels,40030,UPI,DEV-04-4,Android,Mumbai,19,5,1,14.22,54,22248.0,12725.0,31,303,2566,0,0,0,1153.24,0,
TXN04-03073,4,2026-07-04 20:41:03,17388.24,Fuel,40037,Card,DEV-04-8,Android,Mumbai,20,5,1,45.63,55,22173.69,12737.16,17,81,2567,0,0,0,0.0,0,
TXN04-03074,4,2026-07-04 20:46:33,19279.14,Suppliers,40018,Card,DEV-04-1,iPhone,Mumbai,20,5,1,5.5,56,22162.51,12724.37,47,997,2568,0,0,0,0.0,0,
TXN04-03075,4,2026-07-05 05:15:28,26000.0,Suppliers,40001,Card,DEV-UNK-8080,Web,Mumbai,5,6,1,508.92,1,22187.88,12707.77,292,1,2569,1,0,0,0.0,1,unknown_device
TXN04-03076,4,2026-07-05 08:58:14,43167.17,Suppliers,40018,Card,DEV-04-3,iPhone,Mumbai,8,6,1,222.77,2,22210.34,12744.26,48,458,2570,0,0,0,0.0,0,
TXN04-03077,4,2026-07-05 09:08:53,17685.51,Fuel,40002,Bank Transfer,DEV-04-2,iPhone,Mumbai,9,6,1,10.65,3,22259.54,12769.63,178,669,2571,0,0,0,0.0,0,
TXN04-03078,4,2026-07-05 10:05:32,11816.56,Suppliers,40171,Card,DEV-04-4,Android,Mumbai,10,6,1,56.65,4,22250.04,12766.64,1,304,2572,0,0,1,0.0,1,ato_new_merchant_same_category
TXN04-03079,4,2026-07-05 10:31:04,16176.64,Office,40008,Card,DEV-04-3,iPhone,Mumbai,10,6,1,25.53,5,22277.97,12738.07,85,459,2573,0,0,0,0.0,0,
TXN04-03080,4,2026-07-05 10:33:56,31402.34,Fuel,40043,Card,DEV-04-5,iPhone,Delhi,10,6,1,2.87,6,22263.44,12726.38,21,209,251,0,0,0,1153.24,0,
TXN04-03081,4,2026-07-05 10:35:44,37288.5,Office,40017,Card,DEV-04-2,iPhone,Mumbai,10,6,1,1.8,7,22285.15,12719.03,49,670,2574,0,0,0,1153.24,0,
TXN04-03082,4,2026-07-05 11:04:28,36129.29,Hotels,40006,Bank Transfer,DEV-04-6,Web,Mumbai,11,6,1,28.73,8,22349.42,12747.48,121,124,2575,0,0,0,0.0,0,
TXN04-03083,4,2026-07-05 11:18:31,28781.75,Hotels,40019,Card,DEV-04-1,iPhone,Mumbai,11,6,1,14.05,9,22382.23,12750.0,49,998,2576,0,0,0,0.0,0,
TXN04-03084,4,2026-07-05 11:55:57,32693.52,Fuel,40026,Bank Transfer,DEV-04-1,iPhone,Mumbai,11,6,1,37.43,10,22323.89,12733.68,20,999,2577,0,0,0,0.0,0,
TXN04-03085,4,2026-07-05 12:23:01,11212.69,Suppliers,40015,UPI,DEV-04-1,iPhone,Mumbai,12,6,1,27.07,11,22357.8,12742.42,61,1000,2578,0,0,0,0.0,0,
TXN04-03086,4,2026-07-05 12:25:43,9569.51,Hotels,40001,Card,DEV-04-4,Android,Mumbai,12,6,1,2.7,12,22331.14,12738.81,293,305,2579,0,0,0,0.0,0,
TXN04-03087,4,2026-07-05 12:54:24,10528.41,Suppliers,40113,Card,DEV-04-2,iPhone,Mumbai,12,6,1,28.68,13,22263.43,12702.66,1,671,2580,0,0,1,0.0,0,
TXN04-03088,4,2026-07-05 13:18:38,18033.3,Suppliers,40003,UPI,DEV-04-14,Web,Mumbai,13,6,1,24.23,14,22265.87,12752.39,280,5,2581,0,0,0,0.0,0,
TXN04-03089,4,2026-07-05 13:42:57,7408.76,Hotels,40007,Card,DEV-04-4,Android,Mumbai,13,6,1,24.32,15,22233.06,12745.81,72,306,2582,0,0,0,0.0,0,
TXN04-03090,4,2026-07-05 13:49:35,9940.03,Suppliers,40114,Card,DEV-04-4,Android,Mumbai,13,6,1,6.63,16,22197.25,12751.19,1,307,2583,0,0,1,0.0,0,
TXN04-03091,4,2026-07-05 13:50:35,31257.68,Fuel,40023,UPI,DEV-04-3,iPhone,Mumbai,13,6,1,1.0,17,22167.72,12749.99,26,460,2584,0,0,0,0.0,0,
TXN04-03092,4,2026-07-05 14:00:22,30636.72,Office,40028,Card,DEV-04-6,Web,Mumbai,14,6,1,9.78,18,22189.57,12742.43,40,125,2585,0,0,0,0.0,0,
TXN04-03093,4,2026-07-05 14:11:39,8394.97,Hotels,40056,UPI,DEV-04-3,iPhone,Mumbai,14,6,1,11.28,19,22209.82,12733.85,15,461,2586,0,0,0,0.0,0,
TXN04-03094,4,2026-07-05 14:42:00,24445.2,Fuel,40002,UPI,DEV-04-3,iPhone,Pune,14,6,1,30.35,20,22110.05,12678.59,179,462,212,0,0,0,120.15,0,
TXN04-03095,4,2026-07-05 15:10:24,15012.75,Suppliers,40004,UPI,DEV-04-1,iPhone,Mumbai,15,6,1,28.4,21,22139.83,12688.26,107,1001,2587,0,0,0,120.15,0,
TXN04-03096,4,2026-07-05 15:40:32,30172.75,Fuel,40026,Card,DEV-04-4,Android,Mumbai,15,6,1,30.13,22,22056.12,12634.27,21,308,2588,0,0,0,0.0,0,
TXN04-03097,4,2026-07-05 15:59:01,30959.27,Hotels,40001,Card,DEV-04-9,iPhone,Mumbai,15,6,1,18.48,23,22098.51,12631.92,294,33,2589,0,0,0,0.0,0,
TXN04-03098,4,2026-07-05 16:22:37,34280.18,Hotels,40046,UPI,DEV-04-3,iPhone,Delhi,16,6,1,23.6,24,22073.24,12619.29,20,463,252,0,0,0,1153.24,0,
TXN04-03099,4,2026-07-05 16:54:04,5358.45,Office,40049,Card,DEV-04-3,iPhone,Mumbai,16,6,1,31.45,25,22080.7,12617.26,12,464,2590,0,0,0,1153.24,0,
TXN04-03100,4,2026-07-05 17:23:21,50000.0,Fuel,40009,UPI,DEV-04-1,iPhone,Mumbai,17,6,1,29.28,26,22144.93,12639.12,106,1002,2591,0,0,0,0.0,0,
TXN04-03101,4,2026-07-05 18:28:22,8612.61,Fuel,40002,UPI,DEV-04-2,iPhone,Mumbai,18,6,1,65.02,27,22224.33,12737.6,180,672,2592,0,0,0,0.0,0,
TXN04-03102,4,2026-07-05 18:35:24,18268.08,Suppliers,40027,Bank Transfer,DEV-04-1,iPhone,Mumbai,18,6,1,7.03,28,22190.72,12739.79,33,1003,2593,0,0,0,0.0,0,
TXN04-03103,4,2026-07-05 19:05:37,24408.9,Fuel,40002,Bank Transfer,DEV-04-6,Web,Pune,19,6,1,30.22,29,22208.32,12725.53,181,126,213,0,0,0,120.15,0,
TXN04-03104,4,2026-07-05 19:07:09,16971.02,Suppliers,40003,Card,DEV-04-2,iPhone,Mumbai,19,6,1,1.53,30,22213.99,12726.0,281,673,2594,0,0,0,120.15,0,
TXN04-03105,4,2026-07-05 19:18:34,37049.72,Suppliers,40027,UPI,DEV-04-1,iPhone,Mumbai,19,6,1,11.42,31,22185.51,12673.78,34,1004,2595,0,0,0,0.0,0,
TXN04-03106,4,2026-07-05 19:19:49,9926.76,Hotels,40115,Card,DEV-04-2,iPhone,Mumbai,19,6,1,1.25,32,22222.3,12679.61,1,674,2596,0,0,1,0.0,0,
TXN04-03107,4,2026-07-05 19:32:45,50000.0,Hotels,40006,Card,DEV-04-6,Web,Mumbai,19,6,1,12.93,33,22123.11,12618.52,122,127,2597,0,0,0,0.0,0,
TXN04-03108,4,2026-07-05 19:38:49,13100.52,Fuel,40023,Card,DEV-04-3,iPhone,Mumbai,19,6,1,6.07,34,22191.94,12678.64,27,465,2598,0,0,0,0.0,0,
TXN04-03109,4,2026-07-05 19:46:57,18869.65,Fuel,40002,UPI,DEV-04-2,iPhone,Mumbai,19,6,1,8.13,35,22175.63,12686.08,182,675,2599,0,0,0,0.0,0,
TXN04-03110,4,2026-07-05 19:52:20,14179.9,Fuel,40012,Card,DEV-04-1,iPhone,Mumbai,19,6,1,5.38,36,22167.49,12671.5,55,1005,2600,0,0,0,0.0,0,
TXN04-03111,4,2026-07-05 20:03:58,29296.57,Office,40008,UPI,DEV-04-2,iPhone,Mumbai,20,6,1,11.63,37,22149.73,12692.97,86,676,2601,0,0,0,0.0,0,
TXN04-03112,4,2026-07-05 20:20:50,10003.01,Hotels,40007,Card,DEV-04-8,Android,Mumbai,20,6,1,16.87,38,22161.67,12619.33,73,82,2602,0,0,0,0.0,0,
TXN04-03113,4,2026-07-05 20:38:47,43046.27,Fuel,40002,Card,DEV-04-4,Android,Mumbai,20,6,1,17.95,39,22141.48,12641.14,183,309,2603,0,0,0,0.0,0,
TXN04-03114,4,2026-07-06 08:15:44,16957.12,Fuel,40062,UPI,DEV-04-3,iPhone,Mumbai,8,0,0,696.95,1,22268.43,12615.51,6,466,2604,0,0,0,0.0,0,
TXN04-03115,4,2026-07-06 08:29:25,5925.79,Suppliers,40022,UPI,DEV-04-2,iPhone,Mumbai,8,0,0,13.68,2,22287.16,12602.09,49,677,2605,0,0,0,0.0,0,
TXN04-03116,4,2026-07-06 08:29:41,4990.92,Suppliers,40003,Card,DEV-04-1,iPhone,Mumbai,8,0,0,0.27,3,22246.05,12612.87,282,1006,2606,0,0,0,0.0,0,
TXN04-03117,4,2026-07-06 08:33:54,5320.02,Hotels,40019,Card,DEV-04-5,iPhone,Mumbai,8,0,0,4.22,4,22202.8,12626.57,50,210,2607,0,0,0,0.0,0,
TXN04-03118,4,2026-07-06 08:35:20,7958.37,Hotels,40001,Card,DEV-04-2,iPhone,Mumbai,8,0,0,1.43,5,22160.59,12638.92,295,678,2608,0,0,0,0.0,0,
TXN04-03119,4,2026-07-06 08:40:53,25874.06,Suppliers,40004,Card,DEV-04-3,iPhone,Mumbai,8,0,0,5.55,6,22125.18,12643.01,108,467,2609,0,0,0,0.0,0,
TXN04-03120,4,2026-07-06 08:52:59,13802.7,Hotels,40109,UPI,DEV-04-2,iPhone,Mumbai,8,0,0,12.1,7,22166.56,12628.05,2,679,2610,0,0,0,0.0,0,
TXN04-03121,4,2026-07-06 08:57:56,26200.97,Office,40016,Card,DEV-04-2,iPhone,Pune,8,0,0,4.95,8,22145.75,12619.21,59,680,214,0,0,0,120.15,0,
TXN04-03122,4,2026-07-06 09:04:42,4770.35,Hotels,40010,UPI,DEV-04-2,iPhone,Mumbai,9,0,0,6.77,9,22155.82,12605.16,68,681,2611,0,0,0,120.15,0,
TXN04-03123,4,2026-07-06 09:09:28,12745.34,Fuel,40002,Card,DEV-04-1,iPhone,Mumbai,9,0,0,4.77,10,22138.98,12623.83,184,1007,2612,0,0,0,0.0,0,
TXN04-03124,4,2026-07-06 09:16:39,18555.93,Office,40080,Card,DEV-04-1,iPhone,Mumbai,9,0,0,7.18,11,22046.54,12555.69,6,1008,2613,0,0,0,0.0,0,
TXN04-03125,4,2026-07-06 09:20:41,12197.04,Fuel,40002,Bank Transfer,DEV-04-9,iPhone,Delhi,9,0,0,4.03,12,22072.27,12537.86,185,34,253,0,0,0,1153.24,0,
TXN04-03126,4,2026-07-06 10:29:31,25254.96,Hotels,40103,Bank Transfer,DEV-04-3,iPhone,Mumbai,10,0,0,68.83,13,21918.76,12403.56,2,468,2614,0,0,0,1153.24,0,
TXN04-03127,4,2026-07-06 10:34:08,25491.86,Office,40016,Card,DEV-04-1,iPhone,Mumbai,10,0,0,4.62,14,21927.08,12389.2,60,1009,2615,0,0,0,0.0,0,
TXN04-03128,4,2026-07-06 11:08:18,28369.31,Office,40008,UPI,DEV-04-1,iPhone,Mumbai,11,0,0,34.17,15,21967.05,12374.77,87,1010,2616,0,0,0,0.0,0,
TXN04-03129,4,2026-07-06 11:37:26,31710.56,Fuel,40072,Bank Transfer,DEV-04-2,iPhone,Mumbai,11,0,0,29.13,16,21987.88,12378.5,6,682,2617,0,0,0,0.0,0,
TXN04-03130,4,2026-07-06 12:07:00,16233.43,Office,40008,Card,DEV-04-1,iPhone,Mumbai,12,0,0,29.57,17,22039.14,12305.28,88,1011,2618,0,0,0,0.0,0,
TXN04-03131,4,2026-07-06 12:07:35,14489.8,Suppliers,40034,Card,DEV-04-4,Android,Mumbai,12,0,0,0.58,18,22024.48,12293.19,38,310,2619,0,0,0,0.0,0,
TXN04-03132,4,2026-07-06 12:13:24,20097.48,Fuel,40084,UPI,DEV-04-2,iPhone,Mumbai,12,0,0,5.82,19,22005.5,12283.5,2,683,2620,0,0,0,0.0,0,
TXN04-03133,4,2026-07-06 13:17:19,6964.86,Office,40044,Card,DEV-04-2,iPhone,Mumbai,13,0,0,63.92,20,22055.82,12296.53,23,684,2621,0,0,0,0.0,0,
TXN04-03134,4,2026-07-06 13:18:40,14435.79,Hotels,40029,Card,DEV-04-1,iPhone,Mumbai,13,0,0,1.35,21,22017.71,12304.33,33,1012,2622,0,0,0,0.0,0,
TXN04-03135,4,2026-07-06 13:19:51,12487.41,Office,40032,Card,DEV-04-1,iPhone,Pune,13,0,0,1.18,22,21998.61,12294.7,30,1013,215,0,0,0,120.15,0,
TXN04-03136,4,2026-07-06 13:32:27,45523.59,Fuel,40062,Card,DEV-04-4,Android,Mumbai,13,0,0,12.6,23,21974.72,12288.47,7,311,2623,0,0,0,120.15,0,
TXN04-03137,4,2026-07-06 14:05:18,15721.66,Suppliers,40004,UPI,DEV-04-3,iPhone,Mumbai,14,0,0,32.85,24,22070.06,12323.55,109,469,2624,0,0,0,0.0,0,
TXN04-03138,4,2026-07-06 14:18:50,22847.23,Suppliers,40003,Bank Transfer,DEV-04-5,iPhone,Mumbai,14,0,0,13.53,25,22059.59,12327.25,283,211,2625,0,0,0,0.0,0,
TXN04-03139,4,2026-07-06 14:30:17,16734.48,Office,40040,Card,DEV-04-1,iPhone,Mumbai,14,0,0,11.45,26,22061.57,12311.82,22,1014,2626,0,0,0,0.0,0,
TXN04-03140,4,2026-07-06 14:31:16,25621.69,Fuel,40009,Card,DEV-04-29,Android,Mumbai,14,0,0,0.98,27,22048.21,12299.27,107,1,2627,1,0,0,0.0,0,
TXN04-03141,4,2026-07-06 14:40:02,17107.28,Fuel,40012,UPI,DEV-04-1,iPhone,Mumbai,14,0,0,8.77,28,22025.49,12301.53,56,1015,2628,0,0,0,0.0,0,
TXN04-03142,4,2026-07-06 14:44:24,7618.79,Hotels,40001,UPI,DEV-04-3,iPhone,Mumbai,14,0,0,4.37,29,22045.2,12311.13,296,470,2629,0,0,0,0.0,0,
TXN04-03143,4,2026-07-06 14:44:47,19211.94,Hotels,40006,Card,DEV-04-6,Web,Delhi,14,0,0,0.38,30,22008.95,12316.84,123,128,254,0,0,0,1153.24,0,
TXN04-03144,4,2026-07-06 14:54:18,22815.04,Hotels,40116,UPI,DEV-04-8,Android,Mumbai,14,0,0,9.52,31,22001.94,12302.19,1,83,2630,0,0,1,1153.24,0,
TXN04-03145,4,2026-07-06 15:18:38,28190.22,Hotels,40046,Bank Transfer,DEV-04-5,iPhone,Mumbai,15,0,0,24.33,32,22022.11,12262.72,21,212,2631,0,0,0,0.0,0,
TXN04-03146,4,2026-07-06 15:42:17,21053.17,Suppliers,40015,Bank Transfer,DEV-04-5,iPhone,Mumbai,15,0,0,23.65,33,22018.5,12260.7,62,213,2632,0,0,0,0.0,0,
TXN04-03147,4,2026-07-06 16:10:24,21056.79,Fuel,40063,Card,DEV-04-3,iPhone,Mumbai,16,0,0,28.12,34,22086.9,12243.98,10,471,2633,0,0,0,0.0,0,
TXN04-03148,4,2026-07-06 16:26:50,12193.36,Suppliers,40015,Bank Transfer,DEV-04-1,iPhone,Mumbai,16,0,0,16.43,35,22084.3,12228.66,63,1016,2634,0,0,0,0.0,0,
TXN04-03149,4,2026-07-06 17:05:50,34252.83,Hotels,40102,Card,DEV-04-1,iPhone,Mumbai,17,0,0,39.0,36,22087.07,12255.21,3,1017,2635,0,0,0,0.0,0,
TXN04-03150,4,2026-07-06 17:23:10,47023.71,Office,40017,Bank Transfer,DEV-04-13,iPhone,Mumbai,17,0,0,17.33,37,22110.48,12252.51,50,9,2636,0,0,0,0.0,0,
TXN04-03151,4,2026-07-06 17:36:39,11064.4,Hotels,40001,Card,DEV-04-4,Android,Mumbai,17,0,0,13.48,38,22173.55,12300.87,297,312,2637,0,0,0,0.0,0,
TXN04-03152,4,2026-07-06 17:51:54,26131.93,Hotels,40069,UPI,DEV-04-2,iPhone,Mumbai,17,0,0,15.25,39,22186.71,12286.18,8,685,2638,0,0,0,0.0,0,
TXN04-03153,4,2026-07-06 18:16:50,50000.0,Hotels,40010,Bank Transfer,DEV-04-2,iPhone,Mumbai,18,0,0,24.93,40,22164.58,12308.66,69,686,2639,0,0,0,0.0,0,
TXN04-03154,4,2026-07-06 18:36:36,50000.0,Office,40033,Bank Transfer,DEV-04-1,iPhone,Mumbai,18,0,0,19.77,41,22292.7,12392.18,24,1018,2640,0,0,0,0.0,0,
TXN04-03155,4,2026-07-06 18:42:53,15769.12,Suppliers,40004,UPI,DEV-04-9,iPhone,Mumbai,18,0,0,6.28,42,22363.56,12455.19,110,35,2641,0,0,0,0.0,0,
TXN04-03156,4,2026-07-06 19:38:30,33493.2,Office,40005,Card,DEV-04-4,Android,Mumbai,19,0,0,55.62,43,22395.43,12419.02,171,313,2642,0,0,0,0.0,0,
TXN04-03157,4,2026-07-06 19:45:28,19991.31,Fuel,40021,Card,DEV-04-1,iPhone,Mumbai,19,0,0,6.97,44,22423.88,12415.78,39,1019,2643,0,0,0,0.0,0,
TXN04-03158,4,2026-07-06 19:49:57,24107.23,Hotels,40007,Bank Transfer,DEV-04-8,Android,Mumbai,19,0,0,4.48,45,22417.66,12400.5,74,84,2644,0,0,0,0.0,0,
TXN04-03159,4,2026-07-06 19:54:34,22393.74,Fuel,40002,UPI,DEV-04-6,Web,Mumbai,19,0,0,4.62,46,22392.07,12386.65,186,129,2645,0,0,0,0.0,0,
TXN04-03160,4,2026-07-06 20:12:31,41081.93,Suppliers,40018,Bank Transfer,DEV-04-1,iPhone,Delhi,20,0,0,17.95,47,22392.08,12370.85,49,1020,255,0,0,0,1153.24,0,
TXN04-03161,4,2026-07-06 20:14:50,10092.96,Office,40032,Bank Transfer,DEV-04-6,Web,Mumbai,20,0,0,2.32,48,22439.63,12390.92,31,130,2646,0,0,0,1153.24,0,
TXN04-03162,4,2026-07-06 20:33:43,22535.15,Hotels,40115,Card,DEV-04-5,iPhone,Mumbai,20,0,0,18.88,49,22255.43,12277.53,2,214,2647,0,0,0,0.0,0,
TXN04-03163,4,2026-07-06 20:36:49,21215.3,Fuel,40173,Bank Transfer,DEV-UNK-9158,iPhone,Mumbai,20,0,0,3.1,50,22256.14,12261.87,1,1,2648,1,0,1,0.0,1,ato_new_device_new_merchant_same_category
TXN04-03164,4,2026-07-06 20:38:33,7429.47,Suppliers,40003,UPI,DEV-04-5,iPhone,Mumbai,20,0,0,1.73,51,22253.49,12246.37,284,215,2649,0,0,0,0.0,0,
TXN04-03165,4,2026-07-06 20:40:23,50000.0,Bank Transfer,40001,Bank Transfer,DEV-04-1,iPhone,Mumbai,20,0,0,1.83,52,22215.87,12253.55,298,1021,2650,0,0,0,0.0,1,rapid_repeated_transfers
TXN04-03166,4,2026-07-06 20:41:35,50000.0,Bank Transfer,40001,Bank Transfer,DEV-04-1,iPhone,Mumbai,20,0,0,1.2,53,22286.21,12317.41,299,1022,2651,0,0,0,0.0,1,rapid_repeated_transfers
TXN04-03167,4,2026-07-06 20:43:23,50000.0,Bank Transfer,40001,Bank Transfer,DEV-04-1,iPhone,Mumbai,20,0,0,1.8,54,22356.19,12380.23,300,1023,2652,0,0,0,0.0,1,rapid_repeated_transfers
TXN04-03168,4,2026-07-06 20:43:35,50000.0,Bank Transfer,40001,Bank Transfer,DEV-04-1,iPhone,Mumbai,20,0,0,0.2,55,22425.82,12442.03,301,1024,2653,0,0,0,0.0,1,rapid_repeated_transfers
TXN04-03169,4,2026-07-06 20:46:23,42025.58,Bank Transfer,40001,Bank Transfer,DEV-04-1,iPhone,Mumbai,20,0,0,2.8,56,22495.11,12502.83,302,1025,2654,0,0,0,0.0,1,rapid_repeated_transfers
TXN04-03170,4,2026-07-06 20:47:35,50000.0,Bank Transfer,40001,Bank Transfer,DEV-04-1,iPhone,Mumbai,20,0,0,1.2,57,22544.06,12525.28,303,1026,2655,0,0,0,0.0,1,rapid_repeated_transfers
TXN04-03171,4,2026-07-06 20:54:39,16898.09,Fuel,40043,Card,DEV-04-11,Android,Pune,20,0,0,7.07,58,22612.7,12584.52,22,15,216,0,0,0,120.15,0,
TXN04-03172,4,2026-07-07 08:20:50,19841.4,Fuel,40002,Card,DEV-04-3,iPhone,Mumbai,8,1,0,686.18,1,22493.08,12548.89,187,472,2656,0,0,0,120.15,0,
TXN04-03173,4,2026-07-07 08:21:23,9479.62,Hotels,40066,Card,DEV-04-5,iPhone,Mumbai,8,1,0,0.55,2,22486.42,12533.82,11,216,2657,0,0,0,0.0,0,
TXN04-03174,4,2026-07-07 09:02:43,12876.7,Office,40005,Card,DEV-04-1,iPhone,Mumbai,9,1,0,41.33,3,22504.42,12542.78,172,1027,2658,0,0,0,0.0,0,
TXN04-03175,4,2026-07-07 09:15:48,9705.33,Hotels,40041,Card,DEV-04-2,iPhone,Mumbai,9,1,0,13.08,4,22480.23,12536.28,15,687,2659,0,0,0,0.0,0,
TXN04-03176,4,2026-07-07 09:24:45,38757.31,Suppliers,40034,Card,DEV-04-3,iPhone,Mumbai,9,1,0,8.95,5,22448.06,12552.58,39,473,2660,0,0,0,0.0,0,
TXN04-03177,4,2026-07-07 09:42:10,19741.2,Hotels,40006,Card,DEV-04-1,iPhone,Mumbai,9,1,0,17.42,6,22490.06,12571.89,124,1028,2661,0,0,0,0.0,0,
TXN04-03178,4,2026-07-07 09:59:12,28271.09,Suppliers,40011,Bank Transfer,DEV-04-5,iPhone,Pune,9,1,0,17.03,7,22483.13,12556.8,93,217,217,0,0,0,120.15,0,
TXN04-03179,4,2026-07-07 10:01:14,27587.06,Hotels,40007,Bank Transfer,DEV-04-4,Android,Mumbai,10,1,0,2.03,8,22520.31,12552.03,75,314,2662,0,0,0,120.15,0,
TXN04-03180,4,2026-07-07 10:03:30,4836.06,Fuel,40026,Bank Transfer,DEV-04-2,iPhone,Mumbai,10,1,0,2.27,9,22579.49,12520.36,22,688,2663,0,0,0,0.0,0,
TXN04-03181,4,2026-07-07 10:22:49,46774.56,Suppliers,40117,Card,DEV-04-2,iPhone,Mumbai,10,1,0,19.32,10,22544.79,12550.36,1,689,2664,0,0,1,0.0,0,
TXN04-03182,4,2026-07-07 10:40:22,8956.92,Hotels,40030,Card,DEV-04-3,iPhone,Mumbai,10,1,0,17.55,11,22673.05,12610.06,32,474,2665,0,0,0,0.0,0,
TXN04-03183,4,2026-07-07 10:43:37,9742.28,Suppliers,40003,UPI,DEV-04-4,Android,Delhi,10,1,0,3.25,12,22638.41,12612.93,285,315,256,0,0,0,1153.24,0,
TXN04-03184,4,2026-07-07 10:45:22,12621.56,Hotels,40025,Card,DEV-04-7,iPhone,Mumbai,10,1,0,1.75,13,22605.93,12613.61,29,88,2666,0,0,0,1153.24,1,ato_higher_amount_short_gap
TXN04-03185,4,2026-07-07 10:59:40,23317.24,Hotels,40060,Bank Transfer,DEV-04-2,iPhone,Mumbai,10,1,0,14.3,14,22580.84,12607.67,11,690,2667,0,0,0,0.0,0,
TXN04-03186,4,2026-07-07 11:15:26,50000.0,Office,40031,Card,DEV-04-4,Android,Pune,11,1,0,15.77,15,22513.8,12532.4,29,316,218,0,0,0,120.15,0,
TXN04-03187,4,2026-07-07 13:12:28,28731.1,Fuel,40002,UPI,DEV-04-2,iPhone,Mumbai,13,1,0,117.03,16,22579.2,12684.55,188,691,2668,0,0,0,120.15,0,
TXN04-03188,4,2026-07-07 13:33:50,5441.75,Suppliers,40018,Card,DEV-04-12,Android,Mumbai,13,1,0,21.37,17,22566.71,12720.66,50,13,2669,0,0,0,0.0,0,
TXN04-03189,4,2026-07-07 13:55:40,10516.71,Hotels,40013,Bank Transfer,DEV-04-1,iPhone,Delhi,13,1,0,21.83,18,22521.99,12750.49,46,1029,257,0,0,0,1153.24,0,
TXN04-03190,4,2026-07-07 14:27:55,6702.98,Hotels,40007,Card,DEV-04-4,Android,Mumbai,14,1,0,32.25,19,22454.19,12758.79,76,317,2670,0,0,0,1153.24,0,
TXN04-03191,4,2026-07-07 15:13:20,14749.67,Office,40005,Card,DEV-04-2,iPhone,Mumbai,15,1,0,45.42,20,22502.48,12795.7,173,692,2671,0,0,0,0.0,0,
TXN04-03192,4,2026-07-07 15:17:21,5625.36,Fuel,40036,UPI,DEV-04-1,iPhone,Delhi,15,1,0,4.02,21,22482.13,12785.05,15,1030,258,0,0,0,1153.24,0,
TXN04-03193,4,2026-07-07 16:14:05,7654.44,Fuel,40118,Bank Transfer,DEV-04-2,iPhone,Mumbai,16,1,0,56.73,22,22401.79,12831.83,1,693,2672,0,0,1,1153.24,0,
TXN04-03194,4,2026-07-07 16:19:16,10070.16,Hotels,40050,Bank Transfer,DEV-04-11,Android,Mumbai,16,1,0,5.18,23,22362.04,12837.31,18,16,2673,0,0,0,0.0,0,
TXN04-03195,4,2026-07-07 16:31:03,5012.55,Office,40017,Card,DEV-04-7,iPhone,Mumbai,16,1,0,11.78,24,22329.0,12835.83,51,89,2674,0,0,0,0.0,0,
TXN04-03196,4,2026-07-07 16:39:04,15937.84,Office,40101,UPI,DEV-04-3,iPhone,Mumbai,16,1,0,8.02,25,22282.58,12849.85,3,475,2675,0,0,0,0.0,0,
TXN04-03197,4,2026-07-07 16:53:54,11542.72,Hotels,40102,Card,DEV-04-5,iPhone,Mumbai,16,1,0,14.83,26,22197.94,12789.86,4,218,2676,0,0,0,0.0,0,
TXN04-03198,4,2026-07-07 16:54:18,13608.85,Hotels,40007,Card,DEV-04-3,iPhone,Mumbai,16,1,0,0.4,27,22169.37,12784.58,77,476,2677,0,0,0,0.0,0,
TXN04-03199,4,2026-07-07 17:14:29,32886.39,Hotels,40001,Bank Transfer,DEV-04-8,Android,Mumbai,17,1,0,20.18,28,22146.48,12775.13,304,85,2678,0,0,0,0.0,0,
TXN04-03200,4,2026-07-07 17:22:45,44174.74,Hotels,40071,Card,DEV-04-30,iPhone,Mumbai,17,1,0,8.27,29,22175.12,12770.1,5,1,2679,1,0,0,0.0,0,
TXN04-03201,4,2026-07-07 18:08:13,35667.87,Suppliers,40004,UPI,DEV-04-4,Android,Mumbai,18,1,0,45.47,30,22161.85,12746.49,111,318,2680,0,0,0,0.0,0,
TXN04-03202,4,2026-07-07 18:28:53,32581.37,Hotels,40010,Card,DEV-04-5,iPhone,Mumbai,18,1,0,20.67,31,22201.09,12765.46,70,219,2681,0,0,0,0.0,0,
TXN04-03203,4,2026-07-07 18:30:09,24324.8,Fuel,40023,Card,DEV-04-1,iPhone,Pune,18,1,0,1.27,32,22228.84,12759.65,28,1031,219,0,0,0,120.15,0,
TXN04-03204,4,2026-07-07 18:41:13,3503.04,Suppliers,40003,UPI,DEV-04-1,iPhone,Mumbai,18,1,0,11.07,33,22252.21,12755.46,286,1032,2682,0,0,0,120.15,0,
TXN04-03205,4,2026-07-07 19:03:26,12617.49,Suppliers,40003,Card,DEV-04-4,Android,Mumbai,19,1,0,22.22,34,22250.99,12796.28,287,319,2683,0,0,0,0.0,0,
TXN04-03206,4,2026-07-07 19:18:26,29168.82,Fuel,40002,Card,DEV-04-2,iPhone,Mumbai,19,1,0,15.0,35,22252.73,12794.93,189,694,2684,0,0,0,0.0,0,
TXN04-03207,4,2026-07-07 20:01:38,26000.0,Suppliers,40001,Card,DEV-UNK-5696,Android,Mumbai,20,1,0,43.2,36,22281.96,12821.82,305,1,2685,1,0,0,0.0,1,unknown_device
TXN04-03208,4,2026-07-07 20:27:22,20269.36,Office,40008,Card,DEV-04-1,iPhone,Mumbai,20,1,0,25.73,37,22271.16,12755.75,89,1033,2686,0,0,0,0.0,0,
TXN04-03209,4,2026-07-08 08:04:52,29134.45,Fuel,40021,Card,DEV-04-6,Web,Delhi,8,2,0,697.5,1,22145.17,12626.74,40,131,259,0,0,0,1153.24,0,
TXN04-03210,4,2026-07-08 08:52:04,27407.49,Fuel,40043,UPI,DEV-04-4,Android,Mumbai,8,2,0,47.2,2,22121.11,12558.48,23,320,2687,0,0,0,1153.24,0,
TXN04-03211,4,2026-07-08 09:12:23,7040.97,Fuel,40043,Card,DEV-04-1,iPhone,Mumbai,9,2,0,20.32,3,22170.58,12544.71,24,1034,2688,0,0,0,0.0,0,
TXN04-03212,4,2026-07-08 09:23:04,50000.0,Hotels,40006,Card,DEV-04-4,Android,Mumbai,9,2,0,10.68,4,22125.91,12570.32,125,321,2689,0,0,0,0.0,0,
TXN04-03213,4,2026-07-08 09:40:09,21288.23,Suppliers,40004,UPI,DEV-04-1,iPhone,Delhi,9,2,0,17.08,5,22202.4,12656.77,112,1035,260,0,0,0,1153.24,0,
TXN04-03214,4,2026-07-08 09:47:12,14523.14,Hotels,40006,UPI,DEV-04-2,iPhone,Pune,9,2,0,7.05,6,22241.34,12632.73,126,695,220,0,0,0,1179.48,0,
TXN04-03215,4,2026-07-08 09:48:44,25940.64,Suppliers,40003,Card,DEV-04-7,iPhone,Mumbai,9,2,0,1.53,7,22219.53,12621.53,288,90,2690,0,0,0,120.15,0,
TXN04-03216,4,2026-07-08 09:53:42,10854.28,Suppliers,40004,UPI,DEV-04-1,iPhone,Mumbai,9,2,0,4.97,8,22243.35,12620.57,113,1036,2691,0,0,0,0.0,0,
TXN04-03217,4,2026-07-08 10:07:06,31056.75,Suppliers,40003,Card,DEV-04-9,iPhone,Mumbai,10,2,0,13.4,9,22284.51,12660.38,289,36,2692,0,0,0,0.0,0,
TXN04-03218,4,2026-07-08 10:14:54,11884.56,Fuel,40002,Bank Transfer,DEV-04-1,iPhone,Mumbai,10,2,0,7.8,10,22270.63,12649.42,190,1037,2693,0,0,0,0.0,0,
TXN04-03219,4,2026-07-08 10:21:53,35938.25,Fuel,40063,UPI,DEV-04-3,iPhone,Mumbai,10,2,0,6.98,11,22241.04,12643.51,11,477,2694,0,0,0,0.0,0,
TXN04-03220,4,2026-07-08 10:38:18,10981.17,Fuel,40021,Card,DEV-04-2,iPhone,Mumbai,10,2,0,16.42,12,22279.95,12646.57,41,696,2695,0,0,0,0.0,0,
TXN04-03221,4,2026-07-08 10:45:20,26148.57,Hotels,40001,Bank Transfer,DEV-04-1,iPhone,Mumbai,10,2,0,7.03,13,22247.95,12642.91,306,1038,2696,0,0,0,0.0,0,
TXN04-03222,4,2026-07-08 10:51:03,27260.78,Suppliers,40119,Card,DEV-04-1,iPhone,Mumbai,10,2,0,5.72,14,22260.29,12644.59,1,1039,2697,0,0,1,0.0,0,
TXN04-03223,4,2026-07-08 10:53:00,33876.03,Suppliers,40004,Card,DEV-04-1,iPhone,Kochi,10,2,0,1.95,15,22304.15,12635.0,114,1040,1,0,1,0,1080.19,0,
TXN04-03224,4,2026-07-08 10:56:46,35600.53,Office,40085,Card,DEV-04-4,Android,Mumbai,10,2,0,3.77,16,22349.58,12647.69,5,322,2698,0,0,0,1080.19,0,
TXN04-03225,4,2026-07-08 10:58:53,16476.71,Suppliers,40003,Card,DEV-04-9,iPhone,Mumbai,10,2,0,2.12,17,22387.01,12649.38,290,37,2699,0,0,0,0.0,0,
TXN04-03226,4,2026-07-08 11:10:57,20514.29,Hotels,40050,Card,DEV-04-3,iPhone,Mumbai,11,2,0,12.07,18,22357.39,12650.91,19,478,2700,0,0,0,0.0,0,
TXN04-03227,4,2026-07-08 11:23:36,6526.63,Office,40099,Card,DEV-04-3,iPhone,Mumbai,11,2,0,12.65,19,22321.71,12635.55,4,479,2701,0,0,0,0.0,0,
TXN04-03228,4,2026-07-08 11:42:17,34342.95,Fuel,40037,Card,DEV-04-3,iPhone,Mumbai,11,2,0,18.68,20,22307.71,12674.49,18,480,2702,0,0,0,0.0,0,
TXN04-03229,4,2026-07-08 11:57:14,20871.29,Suppliers,40120,UPI,DEV-04-3,iPhone,Mumbai,11,2,0,14.95,21,22251.59,12651.13,1,481,2703,0,0,1,0.0,0,
TXN04-03230,4,2026-07-08 12:29:09,6924.94,Office,40032,Card,DEV-04-4,Android,Mumbai,12,2,0,31.92,22,22281.9,12651.92,32,323,2704,0,0,0,0.0,0,
TXN04-03231,4,2026-07-08 12:53:13,32866.79,Office,40073,Bank Transfer,DEV-04-5,iPhone,Mumbai,12,2,0,24.07,23,22257.8,12693.01,8,220,2705,0,0,0,0.0,0,
TXN04-03232,4,2026-07-08 12:59:28,11839.81,Fuel,40121,UPI,DEV-04-10,Web,Mumbai,12,2,0,6.25,24,22288.47,12687.44,1,32,2706,0,0,1,0.0,0,
TXN04-03233,4,2026-07-08 13:04:57,11947.84,Hotels,40019,Card,DEV-04-2,iPhone,Mumbai,13,2,0,5.48,25,22258.35,12681.52,51,697,2707,0,0,0,0.0,0,
TXN04-03234,4,2026-07-08 13:59:34,6058.94,Hotels,40001,Card,DEV-04-2,iPhone,Mumbai,13,2,0,54.62,26,22294.41,12714.43,307,698,2708,0,0,0,0.0,0,
TXN04-03235,4,2026-07-08 14:00:41,34052.93,Suppliers,40034,UPI,DEV-04-4,Android,Mumbai,14,2,0,1.12,27,22247.35,12725.96,40,324,2709,0,0,0,0.0,0,
TXN04-03236,4,2026-07-08 14:02:21,16413.08,Hotels,40006,Card,DEV-04-1,iPhone,Mumbai,14,2,0,1.67,28,22281.47,12723.35,127,1041,2710,0,0,0,0.0,0,
TXN04-03237,4,2026-07-08 14:04:37,11654.5,Fuel,40089,Card,DEV-04-9,iPhone,Mumbai,14,2,0,2.27,29,22264.56,12708.9,3,38,2711,0,0,0,0.0,0,
TXN04-03238,4,2026-07-08 14:05:59,14621.44,Fuel,40002,Card,DEV-04-1,iPhone,Mumbai,14,2,0,1.37,30,22234.07,12703.33,191,1042,2712,0,0,0,0.0,0,
TXN04-03239,4,2026-07-08 14:08:18,48759.71,Fuel,40104,Card,DEV-04-1,iPhone,Mumbai,14,2,0,2.32,31,22212.26,12691.64,2,1043,2713,0,0,0,0.0,0,
TXN04-03240,4,2026-07-08 14:10:18,6744.35,Office,40091,UPI,DEV-04-2,iPhone,Mumbai,14,2,0,2.0,32,22288.11,12752.46,4,699,2714,0,0,0,0.0,0,
TXN04-03241,4,2026-07-08 14:14:43,50000.0,Suppliers,40004,Bank Transfer,DEV-04-1,iPhone,Mumbai,14,2,0,4.42,33,22243.83,12761.21,115,1044,2715,0,0,0,0.0,0,
TXN04-03242,4,2026-07-08 14:22:34,39203.58,Hotels,40013,Card,DEV-04-1,iPhone,Mumbai,14,2,0,7.85,34,22264.64,12835.16,47,1045,2716,0,0,0,0.0,0,
TXN04-03243,4,2026-07-08 14:25:40,15655.24,Office,40008,Card,DEV-04-6,Web,Mumbai,14,2,0,3.1,35,22312.9,12848.62,90,132,2717,0,0,0,0.0,0,
TXN04-03244,4,2026-07-08 14:46:51,6470.25,Hotels,40103,Card,DEV-04-3,iPhone,Mumbai,14,2,0,21.18,36,22334.3,12831.25,3,482,2718,0,0,0,0.0,0,
TXN04-03245,4,2026-07-08 14:53:24,16277.51,Fuel,40026,UPI,DEV-04-1,iPhone,Mumbai,14,2,0,6.55,37,22289.23,12840.81,23,1046,2719,0,0,0,0.0,0,
TXN04-03246,4,2026-07-08 15:08:02,12401.2,Hotels,40014,Card,DEV-04-1,iPhone,Mumbai,15,2,0,14.63,38,22306.47,12828.64,40,1047,2720,0,0,0,0.0,0,
TXN04-03247,4,2026-07-08 15:18:15,9478.2,Hotels,40006,Card,DEV-04-7,iPhone,Mumbai,15,2,0,10.22,39,22237.34,12816.27,128,91,2721,0,0,0,0.0,0,
TXN04-03248,4,2026-07-08 15:38:21,15030.09,Suppliers,40004,Card,DEV-04-1,iPhone,Mumbai,15,2,0,20.1,40,22212.0,12832.64,116,1048,2722,0,0,0,0.0,0,
TXN04-03249,4,2026-07-08 16:22:06,16085.09,Office,40082,UPI,DEV-04-1,iPhone,Mumbai,16,2,0,43.75,41,22045.6,12748.44,7,1049,2723,0,0,0,0.0,0,
TXN04-03250,4,2026-07-08 16:41:52,26353.89,Hotels,40001,Bank Transfer,DEV-04-1,iPhone,Mumbai,16,2,0,19.77,42,22028.62,12734.23,308,1050,2724,0,0,0,0.0,0,
TXN04-03251,4,2026-07-08 16:48:43,26196.86,Hotels,40006,Bank Transfer,DEV-04-5,iPhone,Delhi,16,2,0,6.85,43,22040.91,12718.22,129,221,261,0,0,0,1153.24,0,
TXN04-03252,4,2026-07-08 16:59:56,33129.94,Fuel,40063,Card,DEV-04-3,iPhone,Pune,16,2,0,11.22,44,22052.68,12702.11,12,483,221,0,0,0,1179.48,0,
TXN04-03253,4,2026-07-08 17:04:08,48165.13,Hotels,40006,Card,DEV-04-1,iPhone,Mumbai,17,2,0,4.2,45,22089.71,12733.04,130,1051,2725,0,0,0,120.15,0,
TXN04-03254,4,2026-07-08 17:36:13,39782.06,Suppliers,40003,Card,DEV-04-4,Android,Mumbai,17,2,0,32.08,46,22175.43,12824.94,291,325,2726,0,0,0,0.0,0,
TXN04-03255,4,2026-07-08 17:43:30,24498.27,Office,40168,UPI,DEV-UNK-1815,Web,Pune,17,2,0,7.28,47,22151.38,12783.91,1,1,222,1,0,1,120.15,1,ato_new_device_new_merchant_same_category
TXN04-03256,4,2026-07-08 18:02:19,36737.33,Office,40005,Bank Transfer,DEV-04-1,iPhone,Mumbai,18,2,0,18.82,48,22133.77,12776.41,174,1052,2727,0,0,0,120.15,0,
TXN04-03257,4,2026-07-08 18:14:59,18220.01,Suppliers,40018,Card,DEV-04-31,iPhone,Mumbai,18,2,0,12.67,49,22153.55,12793.61,51,1,2728,1,0,0,0.0,0,
TXN04-03258,4,2026-07-08 18:16:58,18906.16,Hotels,40001,Card,DEV-04-3,iPhone,Mumbai,18,2,0,1.98,50,22142.37,12777.14,309,484,2729,0,0,0,0.0,0,
TXN04-03259,4,2026-07-08 18:24:56,18746.62,Office,40005,UPI,DEV-04-1,iPhone,Mumbai,18,2,0,7.97,51,22098.36,12731.59,175,1053,2730,0,0,0,0.0,0,
TXN04-03260,4,2026-07-08 18:36:19,32720.98,Hotels,40001,UPI,DEV-04-4,Android,Mumbai,18,2,0,11.38,52,22080.33,12731.85,310,326,2731,0,0,0,0.0,0,
TXN04-03261,4,2026-07-08 18:43:33,34851.35,Hotels,40013,Card,DEV-04-7,iPhone,Mumbai,18,2,0,7.23,53,22110.56,12726.36,48,92,2732,0,0,0,0.0,0,
TXN04-03262,4,2026-07-08 18:50:16,24063.71,Hotels,40019,Bank Transfer,DEV-04-3,iPhone,Mumbai,18,2,0,6.72,54,22146.65,12726.35,52,485,2733,0,0,0,0.0,0,
TXN04-03263,4,2026-07-08 18:55:34,50000.0,Suppliers,40055,Card,DEV-04-1,iPhone,Mumbai,18,2,0,5.3,55,22136.93,12677.36,15,1054,2734,0,0,0,0.0,0,
TXN04-03264,4,2026-07-08 18:59:51,20523.92,Fuel,40036,Bank Transfer,DEV-04-2,iPhone,Mumbai,18,2,0,4.28,56,22215.86,12745.72,16,700,2735,0,0,0,0.0,0,
TXN04-03265,4,2026-07-08 19:06:02,3134.54,Fuel,40002,Card,DEV-04-2,iPhone,Mumbai,19,2,0,6.18,57,22132.28,12677.65,192,701,2736,0,0,0,0.0,0,
TXN04-03266,4,2026-07-08 19:13:19,13758.68,Hotels,40001,Card,DEV-04-2,iPhone,Mumbai,19,2,0,7.28,58,22078.46,12699.89,311,702,2737,0,0,0,0.0,0,
TXN04-03267,4,2026-07-08 19:16:09,31219.4,Office,40091,Card,DEV-04-6,Web,Pune,19,2,0,2.83,59,22054.96,12689.62,5,133,223,0,0,0,120.15,0,
TXN04-03268,4,2026-07-08 19:29:44,19794.04,Office,40122,Card,DEV-04-1,iPhone,Mumbai,19,2,0,13.58,60,22121.55,12675.68,1,1055,2738,0,0,1,120.15,0,
TXN04-03269,4,2026-07-08 19:46:33,35392.91,Fuel,40112,UPI,DEV-04-7,iPhone,Mumbai,19,2,0,16.82,61,22182.1,12655.78,2,93,2739,0,0,0,0.0,0,
TXN04-03270,4,2026-07-08 19:51:33,13689.42,Hotels,40014,UPI,DEV-04-2,iPhone,Mumbai,19,2,0,5.0,62,22219.42,12657.33,41,703,2740,0,0,0,0.0,0,
TXN04-03271,4,2026-07-08 20:05:51,50000.0,Hotels,40006,Card,DEV-04-1,iPhone,Mumbai,20,2,0,14.3,63,22195.4,12647.57,131,1056,2741,0,0,0,0.0,0,
TXN04-03272,4,2026-07-08 20:09:28,26368.17,Fuel,40037,UPI,DEV-04-6,Web,Mumbai,20,2,0,3.62,64,22273.5,12715.24,19,134,2742,0,0,0,0.0,0,
TXN04-03273,4,2026-07-08 20:25:16,8728.95,Suppliers,40004,Bank Transfer,DEV-04-9,iPhone,Mumbai,20,2,0,15.8,65,22291.85,12714.86,117,39,2743,0,0,0,0.0,0,
TXN04-03274,4,2026-07-08 20:28:38,10122.7,Hotels,40030,Card,DEV-04-1,iPhone,Mumbai,20,2,0,3.37,66,22253.64,12717.27,33,1057,2744,0,0,0,0.0,0,
TXN04-03275,4,2026-07-08 20:29:38,38665.73,Suppliers,40059,UPI,DEV-04-4,Android,Delhi,20,2,0,1.0,67,22219.56,12715.62,12,327,262,0,0,0,1153.24,1,ato_short_gap
TXN04-03276,4,2026-07-08 20:35:43,10041.0,Hotels,40039,UPI,DEV-04-2,iPhone,Mumbai,20,2,0,6.08,68,22265.63,12727.51,13,704,2745,0,0,0,1153.24,0,
TXN04-03277,4,2026-07-09 00:44:06,48977.04,Bank Transfer,40001,Bank Transfer,DEV-04-1,iPhone,Mumbai,0,3,0,248.38,1,22220.93,12742.33,312,1058,2746,0,0,0,0.0,1,rapid_repeated_transfers
TXN04-03278,4,2026-07-09 00:45:06,35736.48,Bank Transfer,40001,Bank Transfer,DEV-04-1,iPhone,Mumbai,0,3,0,1.0,2,22295.67,12802.64,313,1059,2747,0,0,0,0.0,1,rapid_repeated_transfers
TXN04-03279,4,2026-07-09 00:50:06,42998.95,Bank Transfer,40001,Bank Transfer,DEV-04-1,iPhone,Mumbai,0,3,0,5.0,3,22333.11,12804.41,314,1060,2748,0,0,0,0.0,1,rapid_repeated_transfers
TXN04-03280,4,2026-07-09 08:09:56,16949.18,Office,40108,Card,DEV-04-3,iPhone,Mumbai,8,3,0,439.83,4,22221.79,12644.7,3,486,2749,0,0,0,0.0,0,
TXN04-03281,4,2026-07-09 08:11:49,29152.5,Fuel,40089,Card,DEV-04-2,iPhone,Delhi,8,3,0,1.88,5,22207.02,12630.06,4,705,263,0,0,0,1153.24,0,
TXN04-03282,4,2026-07-09 08:14:14,50000.0,Bank Transfer,40001,Bank Transfer,DEV-04-1,iPhone,Mumbai,8,3,0,2.42,6,22226.42,12617.73,315,1061,2750,0,0,0,1153.24,1,rapid_repeated_transfers
TXN04-03283,4,2026-07-09 08:16:14,50000.0,Bank Transfer,40001,Bank Transfer,DEV-04-1,iPhone,Mumbai,8,3,0,2.0,7,22303.78,12684.89,316,1062,2751,0,0,0,0.0,1,rapid_repeated_transfers
TXN04-03284,4,2026-07-09 08:17:14,50000.0,Bank Transfer,40001,Bank Transfer,DEV-04-1,iPhone,Mumbai,8,3,0,1.0,8,22380.71,12750.85,317,1063,2752,0,0,0,0.0,1,rapid_repeated_transfers
TXN04-03285,4,2026-07-09 08:57:00,14058.54,Office,40082,UPI,DEV-04-3,iPhone,Mumbai,8,3,0,39.77,9,22457.22,12815.66,8,487,2753,0,0,0,0.0,0,
TXN04-03286,4,2026-07-09 08:59:14,12817.63,Office,40008,UPI,DEV-04-9,iPhone,Mumbai,8,3,0,2.23,10,22434.02,12805.53,91,40,2754,0,0,0,0.0,0,
TXN04-03287,4,2026-07-09 09:04:10,9851.11,Suppliers,40003,Card,DEV-04-2,iPhone,Pune,9,3,0,4.93,11,22420.35,12813.15,292,706,224,0,0,0,120.15,0,
TXN04-03288,4,2026-07-09 09:07:04,8918.02,Office,40123,Bank Transfer,DEV-04-5,iPhone,Mumbai,9,3,0,2.9,12,22385.72,12812.44,1,222,2755,0,0,1,120.15,0,
TXN04-03289,4,2026-07-09 09:17:33,3822.66,Fuel,40043,UPI,DEV-04-1,iPhone,Mumbai,9,3,0,10.48,13,22348.72,12814.23,25,1064,2756,0,0,0,0.0,0,
TXN04-03290,4,2026-07-09 09:26:20,6169.47,Suppliers,40011,UPI,DEV-04-4,Android,Mumbai,9,3,0,8.78,14,22221.86,12768.35,94,328,2757,0,0,0,0.0,0,
TXN04-03291,4,2026-07-09 09:27:16,18023.49,Fuel,40037,UPI,DEV-04-2,iPhone,Pune,9,3,0,0.93,15,22177.88,12778.43,20,707,225,0,0,0,120.15,0,
TXN04-03292,4,2026-07-09 10:05:54,25012.68,Hotels,40056,Card,DEV-04-2,iPhone,Mumbai,10,3,0,38.63,16,22200.93,12737.87,16,708,2758,0,0,0,120.15,0,
TXN04-03293,4,2026-07-09 10:20:18,44417.6,Hotels,40042,UPI,DEV-04-3,iPhone,Mumbai,10,3,0,14.4,17,22208.7,12721.12,21,488,2759,0,0,0,0.0,0,
TXN04-03294,4,2026-07-09 10:43:52,37742.75,Hotels,40070,Card,DEV-04-4,Android,Mumbai,10,3,0,23.57,18,22189.28,12717.19,7,329,2760,0,0,0,0.0,0,
TXN04-03295,4,2026-07-09 10:55:27,18395.92,Office,40005,Card,DEV-04-1,iPhone,Mumbai,10,3,0,11.58,19,22232.25,12725.82,176,1065,2761,0,0,0,0.0,0,
TXN04-03296,4,2026-07-09 11:33:06,27826.16,Hotels,40187,UPI,DEV-04-1,iPhone,Mumbai,11,3,0,37.65,20,22258.58,12731.12,1,1066,2762,0,0,1,0.0,1,ato_new_merchant_same_category
TXN04-03297,4,2026-07-09 11:55:33,43494.42,Suppliers,40004,UPI,DEV-04-1,iPhone,Mumbai,11,3,0,22.45,21,22262.59,12650.85,118,1067,2763,0,0,0,0.0,0,
TXN04-03298,4,2026-07-09 12:00:10,15074.68,Fuel,40058,UPI,DEV-04-2,iPhone,Mumbai,12,3,0,4.62,22,22321.9,12682.77,9,709,2764,0,0,0,0.0,0,
TXN04-03299,4,2026-07-09 12:04:22,12686.27,Suppliers,40038,Card,DEV-04-2,iPhone,Mumbai,12,3,0,4.2,23,22301.71,12670.85,21,710,2765,0,0,0,0.0,0,
TXN04-03300,4,2026-07-09 12:13:31,32572.73,Office,40017,Card,DEV-04-2,iPhone,Mumbai,12,3,0,9.15,24,22275.0,12663.36,52,711,2766,0,0,0,0.0,0,
TXN04-03301,4,2026-07-09 12:21:38,3010.55,Suppliers,40003,Bank Transfer,DEV-04-2,iPhone,Mumbai,12,3,0,8.12,25,22221.89,12627.17,293,712,2767,0,0,0,0.0,0,
TXN04-03302,4,2026-07-09 12:29:37,12639.02,Suppliers,40034,UPI,DEV-04-2,iPhone,Mumbai,12,3,0,7.98,26,22168.53,12650.1,41,713,2768,0,0,0,0.0,0,
TXN04-03303,4,2026-07-09 12:38:04,26263.27,Fuel,40012,UPI,DEV-04-1,iPhone,Mumbai,12,3,0,8.45,27,22124.9,12655.81,57,1068,2769,0,0,0,0.0,0,
TXN04-03304,4,2026-07-09 13:02:44,2804.18,Office,40005,Bank Transfer,DEV-04-7,iPhone,Mumbai,13,3,0,24.67,28,22150.31,12706.08,177,94,2770,0,0,0,0.0,0,
TXN04-03305,4,2026-07-09 13:24:42,14187.44,Hotels,40006,Card,DEV-04-6,Web,Mumbai,13,3,0,21.97,29,22096.27,12729.34,132,135,2771,0,0,0,0.0,0,
TXN04-03306,4,2026-07-09 13:34:56,12135.58,Suppliers,40076,Bank Transfer,DEV-04-2,iPhone,Delhi,13,3,0,10.23,30,22075.42,12736.16,6,714,264,0,0,0,1153.24,0,
TXN04-03307,4,2026-07-09 13:39:22,3134.13,Suppliers,40098,Card,DEV-04-2,iPhone,Delhi,13,3,0,4.43,31,22047.73,12729.2,2,715,265,0,0,0,0.0,0,
TXN04-03308,4,2026-07-09 14:10:12,3992.36,Fuel,40088,Card,DEV-04-2,iPhone,Mumbai,14,3,0,30.83,32,22035.02,12774.75,5,716,2772,0,0,0,1153.24,0,
TXN04-03309,4,2026-07-09 14:51:33,17154.1,Hotels,40053,Card,DEV-04-4,Android,Mumbai,14,3,0,41.35,33,21917.4,12740.24,10,330,2773,0,0,0,0.0,0,
TXN04-03310,4,2026-07-09 15:05:58,31724.61,Overseas Merchant,933662,Card,DEV-04-1,iPhone,London,15,3,0,14.42,34,21904.09,12724.92,1,1069,3,0,0,1,7191.7,1,foreign_merchant
TXN04-03311,4,2026-07-09 15:10:29,45859.97,Suppliers,40124,Card,DEV-04-9,iPhone,Mumbai,15,3,0,4.52,35,21931.45,12717.72,1,41,2774,0,0,1,7191.7,0,
TXN04-03312,4,2026-07-09 15:24:24,24565.31,Office,40008,Card,DEV-04-18,Web,Mumbai,15,3,0,13.92,36,22002.47,12766.58,92,2,2775,0,0,0,0.0,0,
TXN04-03313,4,2026-07-09 15:57:57,50000.0,Fuel,40036,Card,DEV-04-1,iPhone,Pune,15,3,0,33.55,37,21913.32,12694.2,17,1070,226,0,0,0,120.15,0,
TXN04-03314,4,2026-07-09 16:31:41,18600.59,Suppliers,40004,UPI,DEV-04-9,iPhone,Mumbai,16,3,0,33.73,38,22038.25,12775.94,119,42,2776,0,0,0,120.15,0,
TXN04-03315,4,2026-07-09 16:38:14,7646.97,Suppliers,40095,UPI,DEV-04-1,iPhone,Mumbai,16,3,0,6.55,39,22043.84,12773.99,2,1071,2777,0,0,0,0.0,0,
TXN04-03316,4,2026-07-09 16:38:26,45314.33,Suppliers,40083,Bank Transfer,DEV-04-1,iPhone,Mumbai,16,3,0,0.2,40,22003.4,12778.78,8,1072,2778,0,0,0,0.0,0,
TXN04-03317,4,2026-07-09 16:57:42,9980.71,Hotels,40029,UPI,DEV-04-3,iPhone,Mumbai,16,3,0,19.27,41,22063.32,12837.79,34,489,2779,0,0,0,0.0,0,
TXN04-03318,4,2026-07-09 17:01:58,4322.97,Hotels,40001,Card,DEV-04-7,iPhone,Mumbai,17,3,0,4.27,42,22029.48,12835.69,318,95,2780,0,0,0,0.0,0,
TXN04-03319,4,2026-07-09 17:18:08,26880.54,Suppliers,40003,Card,DEV-04-1,iPhone,Mumbai,17,3,0,16.17,43,21977.6,12869.68,294,1073,2781,0,0,0,0.0,0,
TXN04-03320,4,2026-07-09 17:27:35,11564.63,Fuel,40009,Card,DEV-04-2,iPhone,Pune,17,3,0,9.45,44,21959.14,12857.9,108,717,227,0,0,0,120.15,0,
TXN04-03321,4,2026-07-09 17:31:34,50000.0,Fuel,40020,Card,DEV-04-4,Android,Mumbai,17,3,0,3.98,45,21930.1,12851.64,42,331,2782,0,0,0,120.15,0,
TXN04-03322,4,2026-07-09 17:47:42,50000.0,Hotels,40001,Card,DEV-04-1,iPhone,Mumbai,17,3,0,16.13,46,22053.47,12919.23,319,1074,2783,0,0,0,0.0,0,
TXN04-03323,4,2026-07-09 17:59:32,39542.48,Hotels,40111,Card,DEV-04-8,Android,Mumbai,17,3,0,11.83,47,22131.53,12985.21,2,86,2784,0,0,0,0.0,0,
TXN04-03324,4,2026-07-09 18:00:59,5495.87,Hotels,40109,Card,DEV-04-1,iPhone,Mumbai,18,3,0,1.45,48,22180.03,12999.54,3,1075,2785,0,0,0,0.0,0,
TXN04-03325,4,2026-07-09 18:07:31,16125.5,Fuel,40002,Card,DEV-04-5,iPhone,Mumbai,18,3,0,6.53,49,22125.46,13028.32,193,223,2786,0,0,0,0.0,0,
TXN04-03326,4,2026-07-09 19:14:32,27835.71,Hotels,40071,Card,DEV-04-6,Web,Delhi,19,3,0,67.02,50,22183.1,13054.83,6,136,266,0,0,0,1153.24,0,
TXN04-03327,4,2026-07-09 19:37:01,8092.26,Hotels,40001,UPI,DEV-04-5,iPhone,Mumbai,19,3,0,22.48,51,22200.58,13058.22,320,224,2787,0,0,0,1153.24,0,
TXN04-03328,4,2026-07-09 19:45:04,4511.4,Office,40005,Bank Transfer,DEV-04-10,Web,Pune,19,3,0,8.05,52,22161.06,13061.22,178,33,228,0,0,0,120.15,0,
TXN04-03329,4,2026-07-09 20:12:00,16168.97,Fuel,40043,Bank Transfer,DEV-04-1,iPhone,Mumbai,20,3,0,26.93,53,22120.85,13093.36,26,1076,2788,0,0,0,120.15,0,
TXN04-03330,4,2026-07-09 20:19:15,19449.89,Office,40031,UPI,DEV-04-5,iPhone,Mumbai,20,3,0,7.25,54,22104.22,13078.83,30,225,2789,0,0,0,0.0,0,
TXN04-03331,4,2026-07-09 20:55:26,27622.12,Office,40016,UPI,DEV-04-1,iPhone,Mumbai,20,3,0,36.18,55,22087.77,13078.46,61,1077,2790,0,0,0,0.0,0,
TXN04-03332,4,2026-07-10 08:19:46,25883.13,Suppliers,40027,Card,DEV-04-2,iPhone,Mumbai,8,4,0,684.33,1,22091.96,13110.42,35,718,2791,0,0,0,0.0,0,
TXN04-03333,4,2026-07-10 08:42:02,32523.6,Fuel,40023,UPI,DEV-04-1,iPhone,Mumbai,8,4,0,22.27,2,22085.89,13081.23,29,1078,2792,0,0,0,0.0,0,
TXN04-03334,4,2026-07-10 08:47:51,11013.26,Fuel,40043,UPI,DEV-04-8,Android,Mumbai,8,4,0,5.82,3,22154.88,13071.69,27,87,2793,0,0,0,0.0,0,
TXN04-03335,4,2026-07-10 09:18:31,15458.67,Office,40017,Card,DEV-04-4,Android,Mumbai,9,4,0,30.67,4,22162.67,13075.37,53,332,2794,0,0,0,0.0,0,
TXN04-03336,4,2026-07-10 10:03:47,19368.37,Suppliers,40004,Card,DEV-04-3,iPhone,Pune,10,4,0,45.27,5,22165.6,13075.71,120,490,229,0,0,0,120.15,0,
TXN04-03337,4,2026-07-10 10:30:07,14913.56,Fuel,40072,Card,DEV-04-2,iPhone,Mumbai,10,4,0,26.33,6,22184.89,13066.57,7,719,2795,0,0,0,120.15,0,
TXN04-03338,4,2026-07-10 10:33:12,11745.68,Hotels,40125,UPI,DEV-04-1,iPhone,Mumbai,10,4,0,3.08,7,22164.23,13053.74,1,1079,2796,0,0,1,0.0,0,
TXN04-03339,4,2026-07-10 10:49:21,33975.77,Hotels,40013,Bank Transfer,DEV-04-4,Android,Mumbai,10,4,0,16.15,8,22165.12,13053.02,49,333,2797,0,0,0,0.0,0,
TXN04-03340,4,2026-07-10 11:32:18,7390.79,Hotels,40029,Bank Transfer,DEV-04-1,iPhone,Mumbai,11,4,0,42.95,9,22214.82,13053.9,35,1080,2798,0,0,0,0.0,0,
TXN04-03341,4,2026-07-10 11:54:26,50000.0,Suppliers,40027,Card,DEV-04-1,iPhone,Delhi,11,4,0,22.13,10,22188.66,13093.3,36,1081,267,0,0,0,1153.24,0,
TXN04-03342,4,2026-07-10 12:01:00,13911.35,Hotels,40001,Bank Transfer,DEV-04-3,iPhone,Mumbai,12,4,0,6.57,11,22267.9,13158.4,321,491,2799,0,0,0,1153.24,0,
TXN04-03343,4,2026-07-10 12:01:29,14240.13,Suppliers,40011,UPI,DEV-04-2,iPhone,Mumbai,12,4,0,0.48,12,22244.16,13147.22,95,720,2800,0,0,0,0.0,0,
TXN04-03344,4,2026-07-10 12:15:45,24306.0,Office,40033,Card,DEV-04-2,iPhone,Pune,12,4,0,14.27,13,22221.48,13135.47,25,721,230,0,0,0,120.15,0,
TXN04-03345,4,2026-07-10 12:44:50,19239.58,Suppliers,40011,Card,DEV-04-1,iPhone,Mumbai,12,4,0,29.08,14,22227.37,13117.37,96,1082,2801,0,0,0,120.15,0,
TXN04-03346,4,2026-07-10 12:51:56,11942.61,Office,40005,Card,DEV-04-3,iPhone,Mumbai,12,4,0,7.1,15,22223.32,13118.08,179,492,2802,0,0,0,0.0,0,
TXN04-03347,4,2026-07-10 13:23:45,4898.74,Suppliers,40003,Bank Transfer,DEV-04-3,iPhone,Mumbai,13,4,0,31.82,16,22200.43,13132.57,295,493,2803,0,0,0,0.0,0,
TXN04-03348,4,2026-07-10 13:24:06,6832.78,Hotels,40001,Card,DEV-04-1,iPhone,Mumbai,13,4,0,0.35,17,22151.55,13146.12,322,1083,2804,0,0,0,0.0,0,
TXN04-03349,4,2026-07-10 13:32:57,9491.65,Fuel,40047,Card,DEV-04-2,iPhone,Mumbai,13,4,0,8.85,18,22108.4,13152.68,12,722,2805,0,0,0,0.0,0,
TXN04-03350,4,2026-07-10 13:33:53,10278.49,Office,40008,UPI,DEV-04-2,iPhone,Mumbai,13,4,0,0.93,19,22072.96,13151.15,93,723,2806,0,0,0,0.0,0,
TXN04-03351,4,2026-07-10 14:05:33,7960.7,Fuel,40009,Card,DEV-04-7,iPhone,Mumbai,14,4,0,31.67,20,22107.65,13153.38,109,96,2807,0,0,0,0.0,0,
TXN04-03352,4,2026-07-10 15:09:56,14502.48,Hotels,40001,Card,DEV-04-1,iPhone,Delhi,15,4,0,64.38,21,22097.36,13174.95,323,1084,268,0,0,0,1153.24,0,
TXN04-03353,4,2026-07-10 15:22:10,11421.26,Office,40101,Card,DEV-04-32,Android,Mumbai,15,4,0,12.23,22,22056.49,13178.53,4,1,2808,1,0,0,1153.24,0,
TXN04-03354,4,2026-07-10 15:33:19,18065.99,Hotels,40006,UPI,DEV-04-3,iPhone,Mumbai,15,4,0,11.15,23,22026.37,13171.98,133,494,2809,0,0,0,0.0,0,
TXN04-03355,4,2026-07-10 16:12:40,25086.63,Hotels,40001,Card,DEV-04-4,Android,Mumbai,16,4,0,39.35,24,22042.43,13159.01,324,334,2810,0,0,0,0.0,0,
TXN04-03356,4,2026-07-10 16:23:45,50000.0,Suppliers,40004,UPI,DEV-04-7,iPhone,Mumbai,16,4,0,11.08,25,22051.05,13141.35,121,97,2811,0,0,0,0.0,0,
TXN04-03357,4,2026-07-10 16:30:05,17482.15,Hotels,40056,Card,DEV-04-6,Web,Delhi,16,4,0,6.33,26,22162.4,13236.12,17,137,269,0,0,0,1153.24,0,
TXN04-03358,4,2026-07-10 16:39:11,25583.57,Hotels,40039,UPI,DEV-04-3,iPhone,Mumbai,16,4,0,9.1,27,22149.14,13219.69,14,495,2812,0,0,0,1153.24,0,
TXN04-03359,4,2026-07-10 16:42:26,44135.96,Suppliers,40003,Card,DEV-04-4,Android,Delhi,16,4,0,3.25,28,22179.54,13215.22,296,335,270,0,0,0,1153.24,0,
TXN04-03360,4,2026-07-10 17:50:01,44995.36,Suppliers,40011,Bank Transfer,DEV-04-3,iPhone,Chennai,17,4,0,67.58,29,22246.42,13344.37,97,496,1,0,1,0,1767.65,0,
TXN04-03361,4,2026-07-10 18:06:58,7209.44,Hotels,40111,Card,DEV-04-33,Web,Mumbai,18,4,0,16.95,30,22311.79,13380.71,3,1,2813,1,0,0,1033.1,0,
TXN04-03362,4,2026-07-10 18:23:39,41192.0,Fuel,40104,UPI,DEV-04-3,iPhone,Delhi,18,4,0,16.68,31,22268.52,13385.89,3,497,271,0,0,0,1153.24,0,
TXN04-03363,4,2026-07-10 18:28:57,14157.74,Office,40031,Card,DEV-04-1,iPhone,Mumbai,18,4,0,5.3,32,22252.18,13359.28,31,1085,2814,0,0,0,1153.24,0,
TXN04-03364,4,2026-07-10 19:19:25,16270.34,Suppliers,40027,UPI,DEV-04-1,iPhone,Mumbai,19,4,0,50.47,33,22271.73,13342.41,37,1086,2815,0,0,0,0.0,0,
TXN04-03365,4,2026-07-10 19:26:28,47092.78,Fuel,40126,UPI,DEV-04-6,Web,Mumbai,19,4,0,7.05,34,22254.58,13327.19,1,138,2816,0,0,1,0.0,0,
TXN04-03366,4,2026-07-10 19:41:45,19442.61,Fuel,40002,UPI,DEV-04-1,iPhone,Mumbai,19,4,0,15.28,35,22369.61,13367.27,194,1087,2817,0,0,0,0.0,0,
TXN04-03367,4,2026-07-10 20:01:12,34692.03,Office,40127,Card,DEV-04-1,iPhone,Mumbai,20,4,0,19.45,36,22361.27,13349.13,1,1088,2818,0,0,1,0.0,0,
TXN04-03368,4,2026-07-10 20:04:45,30150.46,Hotels,40001,Card,DEV-04-1,iPhone,Mumbai,20,4,0,3.55,37,22396.3,13346.3,325,1089,2819,0,0,0,0.0,0,
TXN04-03369,4,2026-07-10 20:13:45,50000.0,Suppliers,40128,Card,DEV-04-4,Android,Mumbai,20,4,0,9.0,38,22418.27,13333.75,1,336,2820,0,0,1,0.0,0,
TXN04-03370,4,2026-07-10 20:26:56,50000.0,Hotels,40051,Card,DEV-04-1,iPhone,Mumbai,20,4,0,13.18,39,22525.89,13402.45,10,1090,2821,0,0,0,0.0,0,
TXN04-03371,4,2026-07-10 20:57:53,16209.04,Office,40129,Card,DEV-04-2,iPhone,Mumbai,20,4,0,30.95,40,22599.81,13492.37,1,724,2822,0,0,1,0.0,0,
TXN04-03372,4,2026-07-11 01:08:27,44171.63,Overseas Merchant,948864,Card,DEV-04-1,iPhone,Bangkok,1,5,1,250.57,1,22581.71,13477.53,1,1091,2,0,0,1,3001.63,1,foreign_merchant
TXN04-03373,4,2026-07-11 08:06:39,25163.0,Suppliers,40018,UPI,DEV-04-16,Android,Delhi,8,5,1,418.2,2,22642.7,13507.17,52,4,272,0,0,0,2930.03,0,
TXN04-03374,4,2026-07-11 08:17:46,13525.75,Suppliers,40003,Bank Transfer,DEV-04-9,iPhone,Mumbai,8,5,1,11.12,3,22622.73,13450.6,297,43,2823,0,0,0,1153.24,0,
TXN04-03375,4,2026-07-11 08:47:04,42203.46,Office,40005,Card,DEV-04-2,iPhone,Mumbai,8,5,1,29.3,4,22496.52,13412.24,180,725,2824,0,0,0,0.0,0,
TXN04-03376,4,2026-07-11 08:58:51,11132.06,Office,40080,UPI,DEV-04-4,Android,Mumbai,8,5,1,11.78,5,22565.19,13451.2,7,337,2825,0,0,0,0.0,0,
TXN04-03377,4,2026-07-11 09:05:20,14345.88,Suppliers,40003,Bank Transfer,DEV-04-1,iPhone,Mumbai,9,5,1,6.48,6,22532.71,13445.86,298,1092,2826,0,0,0,0.0,0,
TXN04-03378,4,2026-07-11 09:05:40,23321.86,Hotels,40039,UPI,DEV-04-5,iPhone,Mumbai,9,5,1,0.33,7,22509.52,13433.85,15,226,2827,0,0,0,0.0,0,
TXN04-03379,4,2026-07-11 09:05:49,20000.11,Fuel,40112,Card,DEV-04-7,iPhone,Mumbai,9,5,1,0.15,8,22511.81,13414.93,3,98,2828,0,0,0,0.0,0,
TXN04-03380,4,2026-07-11 09:24:45,13404.42,Hotels,40066,Card,DEV-04-3,iPhone,Mumbai,9,5,1,18.93,9,22521.84,13442.14,12,498,2829,0,0,0,0.0,0,
TXN04-03381,4,2026-07-11 09:26:44,30007.12,Suppliers,40059,Card,DEV-04-18,Web,Mumbai,9,5,1,1.98,10,22496.01,13431.83,13,3,2830,0,0,0,0.0,0,
TXN04-03382,4,2026-07-11 09:37:19,26757.42,Hotels,40013,Card,DEV-04-1,iPhone,Mumbai,9,5,1,10.58,11,22517.23,13418.77,50,1093,2831,0,0,0,0.0,0,
TXN04-03383,4,2026-07-11 10:06:33,37504.78,Fuel,40002,Bank Transfer,DEV-04-2,iPhone,Mumbai,10,5,1,29.23,12,22529.17,13401.74,195,726,2832,0,0,0,0.0,0,
TXN04-03384,4,2026-07-11 10:07:40,31739.61,Office,40080,Card,DEV-04-1,iPhone,Mumbai,10,5,1,1.12,13,22538.91,13411.36,8,1094,2833,0,0,0,0.0,0,
TXN04-03385,4,2026-07-11 10:36:47,25087.56,Fuel,40020,Card,DEV-04-1,iPhone,Mumbai,10,5,1,29.12,14,22516.04,13392.95,43,1095,2834,0,0,0,0.0,0,
TXN04-03386,4,2026-07-11 10:37:32,5660.09,Suppliers,40130,Card,DEV-04-1,iPhone,Mumbai,10,5,1,0.75,15,22523.33,13374.66,1,1096,2835,0,0,1,0.0,0,
TXN04-03387,4,2026-07-11 10:40:09,20700.37,Hotels,40025,Card,DEV-04-1,iPhone,Mumbai,10,5,1,2.62,16,22475.69,13385.71,30,1097,2836,0,0,0,0.0,0,
TXN04-03388,4,2026-07-11 12:13:46,9059.84,Office,40033,Card,DEV-04-3,iPhone,Mumbai,12,5,1,93.62,17,22395.94,13371.3,26,499,2837,0,0,0,0.0,0,
TXN04-03389,4,2026-07-11 12:14:42,32822.05,Office,40005,UPI,DEV-04-4,Android,Mumbai,12,5,1,0.93,18,22357.73,13371.14,181,338,2838,0,0,0,0.0,0,
TXN04-03390,4,2026-07-11 12:25:23,15856.21,Hotels,40109,Card,DEV-04-1,iPhone,Mumbai,12,5,1,10.68,19,22387.63,13363.71,4,1098,2839,0,0,0,0.0,0,
TXN04-03391,4,2026-07-11 12:41:53,15930.25,Office,40008,Bank Transfer,DEV-04-4,Android,Mumbai,12,5,1,16.5,20,22369.02,13349.2,94,339,2840,0,0,0,0.0,0,
TXN04-03392,4,2026-07-11 12:44:51,19507.6,Fuel,40087,Card,DEV-04-2,iPhone,Pune,12,5,1,2.97,21,22350.73,13334.62,4,727,231,0,0,0,120.15,0,
TXN04-03393,4,2026-07-11 12:53:17,10540.13,Fuel,40086,Card,DEV-04-5,iPhone,Mumbai,12,5,1,8.43,22,22342.68,13316.58,4,227,2841,0,0,0,120.15,0,
TXN04-03394,4,2026-07-11 12:54:26,6855.3,Hotels,40006,UPI,DEV-04-3,iPhone,Mumbai,12,5,1,1.15,23,22309.34,13312.5,134,500,2842,0,0,0,0.0,0,
TXN04-03395,4,2026-07-11 13:28:10,50000.0,Fuel,40047,Bank Transfer,DEV-04-4,Android,Mumbai,13,5,1,33.73,24,22427.11,13343.35,13,340,2843,0,0,0,0.0,0,
TXN04-03396,4,2026-07-11 13:47:47,18675.06,Fuel,40009,UPI,DEV-04-3,iPhone,Mumbai,13,5,1,19.62,25,22546.07,13469.29,110,501,2844,0,0,0,0.0,0,
TXN04-03397,4,2026-07-11 13:59:19,45811.68,Hotels,40006,Card,DEV-04-5,iPhone,Mumbai,13,5,1,11.53,26,22534.91,13451.47,135,228,2845,0,0,0,0.0,0,
TXN04-03398,4,2026-07-11 14:03:12,34814.27,Office,40016,UPI,DEV-04-8,Android,Mumbai,14,5,1,3.88,27,22601.8,13489.79,62,88,2846,0,0,0,0.0,0,
TXN04-03399,4,2026-07-11 14:10:02,11837.14,Fuel,40112,Bank Transfer,DEV-04-1,iPhone,Mumbai,14,5,1,6.83,28,22625.74,13504.05,4,1099,2847,0,0,0,0.0,0,
TXN04-03400,4,2026-07-11 14:13:08,9655.8,Hotels,40013,UPI,DEV-04-2,iPhone,Mumbai,14,5,1,3.1,29,22594.83,13497.01,51,728,2848,0,0,0,0.0,0,
TXN04-03401,4,2026-07-11 14:34:20,50000.0,Office,40106,UPI,DEV-04-2,iPhone,Mumbai,14,5,1,21.2,30,22594.94,13496.9,3,729,2849,0,0,0,0.0,0,
TXN04-03402,4,2026-07-11 14:44:41,7230.69,Hotels,40039,Bank Transfer,DEV-04-2,iPhone,Mumbai,14,5,1,10.35,31,22673.24,13556.75,16,730,2850,0,0,0,0.0,0,
TXN04-03403,4,2026-07-11 15:21:13,19178.41,Suppliers,40022,UPI,DEV-04-3,iPhone,Mumbai,15,5,1,36.53,32,22629.25,13562.43,50,502,2851,0,0,0,0.0,0,
TXN04-03404,4,2026-07-11 15:32:12,7822.33,Fuel,40058,Card,DEV-04-4,Android,Mumbai,15,5,1,10.98,33,22642.6,13576.39,10,341,2852,0,0,0,0.0,0,
TXN04-03405,4,2026-07-11 15:41:25,20550.19,Hotels,40001,Card,DEV-04-34,iPhone,Pune,15,5,1,9.22,34,22475.11,13510.9,326,1,232,1,0,0,120.15,0,
TXN04-03406,4,2026-07-11 15:43:36,17849.63,Hotels,40006,Card,DEV-04-4,Android,Mumbai,15,5,1,2.18,35,22469.61,13491.97,136,342,2853,0,0,0,120.15,1,ato_higher_amount
TXN04-03407,4,2026-07-11 15:45:27,13999.34,Office,40129,Card,DEV-04-3,iPhone,Delhi,15,5,1,1.85,36,22456.45,13474.99,2,503,273,0,0,0,1153.24,0,
TXN04-03408,4,2026-07-11 15:49:41,11562.92,Office,40005,Bank Transfer,DEV-04-1,iPhone,Mumbai,15,5,1,4.23,37,22432.42,13463.36,182,1100,2854,0,0,0,1153.24,0,
TXN04-03409,4,2026-07-11 16:12:15,21906.43,Hotels,40039,UPI,DEV-04-1,iPhone,Mumbai,16,5,1,22.57,38,22426.22,13467.87,17,1101,2855,0,0,0,0.0,0,
TXN04-03410,4,2026-07-11 16:18:01,12386.32,Fuel,40009,Card,DEV-04-1,iPhone,Mumbai,16,5,1,5.77,39,22424.75,13448.8,111,1102,2856,0,0,0,0.0,0,
TXN04-03411,4,2026-07-11 16:37:47,13554.8,Suppliers,40003,Card,DEV-04-1,iPhone,Mumbai,16,5,1,19.77,40,22396.39,13440.36,299,1103,2857,0,0,0,0.0,0,
TXN04-03412,4,2026-07-11 16:41:58,16173.17,Hotels,40090,Card,DEV-04-5,iPhone,Mumbai,16,5,1,4.18,41,22326.98,13422.38,3,229,2858,0,0,0,0.0,0,
TXN04-03413,4,2026-07-11 16:49:25,23027.2,Suppliers,40004,UPI,DEV-04-1,iPhone,Mumbai,16,5,1,7.45,42,22346.5,13408.38,122,1104,2859,0,0,0,0.0,0,
TXN04-03414,4,2026-07-11 16:55:55,16145.34,Hotels,40006,Card,DEV-04-1,iPhone,Pune,16,5,1,6.5,43,22317.01,13395.36,137,1105,233,0,0,0,120.15,0,
TXN04-03415,4,2026-07-11 17:00:42,10087.03,Office,40017,Card,DEV-04-35,Web,Mumbai,17,5,1,4.78,44,22318.83,13394.48,54,1,2860,1,0,0,120.15,0,
TXN04-03416,4,2026-07-11 17:38:50,20468.23,Fuel,40012,Card,DEV-04-5,iPhone,Mumbai,17,5,1,38.13,45,22359.03,13416.01,58,230,2861,0,0,0,0.0,0,
TXN04-03417,4,2026-07-11 17:55:55,10230.0,Fuel,40020,Card,DEV-04-1,iPhone,Mumbai,17,5,1,17.08,46,22353.68,13397.37,44,1106,2862,0,0,0,0.0,0,
TXN04-03418,4,2026-07-11 18:15:47,28411.68,Hotels,40001,Bank Transfer,DEV-04-1,iPhone,Mumbai,18,5,1,19.87,47,22381.44,13406.42,327,1107,2863,0,0,0,0.0,0,
TXN04-03419,4,2026-07-11 18:25:41,14377.55,Suppliers,40059,UPI,DEV-04-2,iPhone,Pune,18,5,1,9.9,48,22398.52,13391.25,14,731,234,0,0,0,120.15,0,
TXN04-03420,4,2026-07-11 18:35:49,27061.82,Fuel,40002,Card,DEV-04-1,iPhone,Mumbai,18,5,1,10.13,49,22375.86,13379.1,196,1108,2864,0,0,0,120.15,0,
TXN04-03421,4,2026-07-11 18:39:57,21173.44,Fuel,40062,Card,DEV-04-5,iPhone,Mumbai,18,5,1,4.13,50,22420.03,13368.68,8,231,2865,0,0,0,0.0,0,
TXN04-03422,4,2026-07-11 18:51:58,6166.85,Hotels,40053,UPI,DEV-04-1,iPhone,Mumbai,18,5,1,12.02,51,22456.9,13347.18,11,1109,2866,0,0,0,0.0,0,
TXN04-03423,4,2026-07-11 18:53:34,28327.9,Suppliers,40003,Card,DEV-04-4,Android,Mumbai,18,5,1,1.6,52,22411.01,13356.3,300,343,2867,0,0,0,0.0,0,
TXN04-03424,4,2026-07-11 19:32:05,24667.46,Suppliers,40015,Card,DEV-04-1,iPhone,Mumbai,19,5,1,38.52,53,22489.05,13372.57,64,1110,2868,0,0,0,0.0,0,
TXN04-03425,4,2026-07-11 19:34:52,32436.07,Hotels,40014,Bank Transfer,DEV-04-3,iPhone,Pune,19,5,1,2.78,54,22495.21,13354.17,42,504,235,0,0,0,120.15,0,
TXN04-03426,4,2026-07-11 20:38:01,21133.74,Hotels,40007,Card,DEV-04-1,iPhone,Mumbai,20,5,1,63.15,55,22604.31,13338.2,78,1111,2869,0,0,0,120.15,0,
TXN04-03427,4,2026-07-11 20:38:45,37778.24,Hotels,40115,UPI,DEV-04-4,Android,Mumbai,20,5,1,0.73,56,22600.16,13319.58,3,344,2870,0,0,0,0.0,0,
TXN04-03428,4,2026-07-11 20:58:33,14452.81,Hotels,40014,UPI,DEV-04-2,iPhone,Mumbai,20,5,1,19.8,57,22667.33,13358.65,43,732,2871,0,0,0,0.0,0,
TXN04-03429,4,2026-07-11 21:54:30,10334.48,Fuel,40089,Bank Transfer,DEV-04-1,iPhone,Mumbai,21,5,1,55.95,58,22644.12,13346.89,5,1112,2872,0,0,0,0.0,1,ato_odd_hour
TXN04-03430,4,2026-07-12 02:22:20,66821.2,Overseas Merchant,952469,Card,DEV-04-1,iPhone,Singapore,2,6,1,267.83,1,22609.45,13344.04,1,1113,3,0,0,1,3903.78,1,foreign_merchant
TXN04-03431,4,2026-07-12 04:51:15,26000.0,Suppliers,40001,Card,DEV-UNK-8015,Android,Mumbai,4,6,1,148.92,2,22733.64,13529.17,328,1,2873,1,0,0,3903.78,1,unknown_device
TXN04-03432,4,2026-07-12 08:01:46,12512.33,Hotels,40060,UPI,DEV-04-2,iPhone,Mumbai,8,6,1,190.52,3,22733.64,13529.17,12,733,2874,0,0,0,0.0,0,
TXN04-03433,4,2026-07-12 08:40:48,21434.32,Fuel,40009,Bank Transfer,DEV-04-1,iPhone,Pune,8,6,1,39.03,4,22705.01,13521.01,112,1114,236,0,0,0,120.15,0,
TXN04-03434,4,2026-07-12 09:01:51,35121.18,Fuel,40121,Card,DEV-04-2,iPhone,Mumbai,9,6,1,21.05,5,22644.13,13477.59,2,734,2875,0,0,0,120.15,0,
TXN04-03435,4,2026-07-12 09:18:03,48133.29,Office,40131,UPI,DEV-04-3,iPhone,Pune,9,6,1,16.2,6,22692.97,13491.12,1,505,237,0,0,1,120.15,0,
TXN04-03436,4,2026-07-12 09:28:25,11913.82,Hotels,40100,UPI,DEV-04-10,Web,Pune,9,6,1,10.37,7,22764.03,13539.01,2,34,238,0,0,0,0.0,0,
TXN04-03437,4,2026-07-12 09:55:43,25279.64,Office,40005,UPI,DEV-04-3,iPhone,Mumbai,9,6,1,27.3,8,22733.81,13532.23,183,506,2876,0,0,0,120.15,0,
TXN04-03438,4,2026-07-12 10:04:36,6944.85,Fuel,40002,Card,DEV-04-3,iPhone,Mumbai,10,6,1,8.88,9,22740.88,13514.08,197,507,2877,0,0,0,0.0,0,
TXN04-03439,4,2026-07-12 10:06:20,28440.19,Suppliers,40004,Bank Transfer,DEV-04-4,Android,Mumbai,10,6,1,1.73,10,22727.35,13527.45,123,345,2878,0,0,0,0.0,0,
TXN04-03440,4,2026-07-12 10:06:46,8703.73,Fuel,40002,Card,DEV-04-1,iPhone,Mumbai,10,6,1,0.43,11,22743.17,13512.04,198,1115,2879,0,0,0,0.0,0,
TXN04-03441,4,2026-07-12 10:25:53,18202.11,Hotels,40001,Card,DEV-04-3,iPhone,Mumbai,10,6,1,19.12,12,22704.39,13513.47,329,508,2880,0,0,0,0.0,0,
TXN04-03442,4,2026-07-12 10:48:47,13941.25,Fuel,40037,Bank Transfer,DEV-04-1,iPhone,Mumbai,10,6,1,22.9,13,22645.35,13518.94,21,1116,2881,0,0,0,0.0,0,
TXN04-03443,4,2026-07-12 11:20:46,12086.48,Fuel,40009,UPI,DEV-04-2,iPhone,Mumbai,11,6,1,31.98,14,22566.45,13522.73,113,735,2882,0,0,0,0.0,0,
TXN04-03444,4,2026-07-12 11:26:01,34296.98,Suppliers,40034,Bank Transfer,DEV-04-6,Web,Mumbai,11,6,1,5.25,15,22537.34,13515.2,42,139,2883,0,0,0,0.0,0,
TXN04-03445,4,2026-07-12 11:33:37,42046.04,Suppliers,40052,Bank Transfer,DEV-04-2,iPhone,Mumbai,11,6,1,7.6,16,22569.91,13510.61,18,736,2884,0,0,0,0.0,0,
TXN04-03446,4,2026-07-12 11:48:52,11476.46,Office,40129,UPI,DEV-04-1,iPhone,Mumbai,11,6,1,15.25,17,22623.71,13530.61,3,1117,2885,0,0,0,0.0,0,
TXN04-03447,4,2026-07-12 11:54:44,12560.61,Office,40031,Card,DEV-04-5,iPhone,Mumbai,11,6,1,5.87,18,22593.0,13524.58,32,232,2886,0,0,0,0.0,0,
TXN04-03448,4,2026-07-12 12:01:59,40590.81,Hotels,40001,UPI,DEV-04-2,iPhone,Mumbai,12,6,1,7.25,19,22537.54,13524.33,330,737,2887,0,0,0,0.0,0,
TXN04-03449,4,2026-07-12 12:09:26,41217.45,Fuel,40047,UPI,DEV-04-5,iPhone,Mumbai,12,6,1,7.45,20,22587.14,13538.76,14,233,2888,0,0,0,0.0,0,
TXN04-03450,4,2026-07-12 12:40:12,15067.24,Hotels,40014,Card,DEV-04-1,iPhone,Mumbai,12,6,1,30.77,21,22705.66,13561.78,44,1118,2889,0,0,0,0.0,0,
TXN04-03451,4,2026-07-12 12:51:04,50000.0,Hotels,40007,Card,DEV-04-5,iPhone,Mumbai,12,6,1,10.87,22,22684.67,13549.03,79,234,2890,0,0,0,0.0,0,
TXN04-03452,4,2026-07-12 12:57:45,20517.11,Fuel,40043,Bank Transfer,DEV-04-3,iPhone,Mumbai,12,6,1,6.68,23,22793.11,13609.13,28,509,2891,0,0,0,0.0,0,
TXN04-03453,4,2026-07-12 13:00:49,11374.1,Hotels,40053,UPI,DEV-04-9,iPhone,Mumbai,13,6,1,3.07,24,22786.88,13590.99,12,44,2892,0,0,0,0.0,0,
TXN04-03454,4,2026-07-12 13:13:34,26893.12,Fuel,40020,UPI,DEV-04-2,iPhone,Mumbai,13,6,1,12.75,25,22755.69,13585.48,45,738,2893,0,0,0,0.0,0,
TXN04-03455,4,2026-07-12 13:33:25,29073.03,Office,40005,UPI,DEV-04-1,iPhone,Pune,13,6,1,19.85,26,22779.9,13584.94,184,1119,239,0,0,0,120.15,0,
TXN04-03456,4,2026-07-12 13:41:58,6950.86,Fuel,40086,Card,DEV-04-2,iPhone,Chennai,13,6,1,8.55,27,22797.05,13570.39,5,739,2,0,0,0,914.36,0,
TXN04-03457,4,2026-07-12 13:42:44,3247.92,Hotels,40029,UPI,DEV-04-3,iPhone,Mumbai,13,6,1,0.77,28,22753.99,13577.02,36,510,2894,0,0,0,1033.1,0,
TXN04-03458,4,2026-07-12 14:08:26,8627.46,Hotels,40042,Card,DEV-04-7,iPhone,Mumbai,14,6,1,25.7,29,22732.8,13617.24,22,99,2895,0,0,0,0.0,0,
TXN04-03459,4,2026-07-12 14:10:53,41146.49,Fuel,40021,Card,DEV-04-1,iPhone,Mumbai,14,6,1,2.45,30,22694.26,13618.54,42,1120,2896,0,0,0,0.0,0,
TXN04-03460,4,2026-07-12 14:35:35,18102.83,Suppliers,40011,Card,DEV-04-2,iPhone,Mumbai,14,6,1,24.7,31,22783.75,13631.88,98,740,2897,0,0,0,0.0,0,
TXN04-03461,4,2026-07-12 15:33:50,38467.35,Suppliers,40015,Card,DEV-04-1,iPhone,Mumbai,15,6,1,58.25,32,22787.66,13646.41,65,1121,2898,0,0,0,0.0,0,
TXN04-03462,4,2026-07-12 15:38:30,37379.22,Hotels,40070,Card,DEV-04-11,Android,Mumbai,15,6,1,4.67,33,22830.5,13652.31,8,17,2899,0,0,0,0.0,0,
TXN04-03463,4,2026-07-12 16:01:09,9968.29,Fuel,40086,Card,DEV-04-2,iPhone,Mumbai,16,6,1,22.65,34,22827.97,13680.18,6,741,2900,0,0,0,0.0,0,
TXN04-03464,4,2026-07-12 16:03:06,20235.99,Office,40106,Card,DEV-04-3,iPhone,Mumbai,16,6,1,1.95,35,22792.84,13677.96,4,511,2901,0,0,0,0.0,0,
TXN04-03465,4,2026-07-12 16:15:52,13040.96,Suppliers,40083,UPI,DEV-04-5,iPhone,Mumbai,16,6,1,12.77,36,22785.87,13659.96,9,235,2902,0,0,0,0.0,0,
TXN04-03466,4,2026-07-12 16:17:05,15056.23,Hotels,40050,UPI,DEV-04-2,iPhone,Mumbai,16,6,1,1.22,37,22759.39,13650.82,20,742,2903,0,0,0,0.0,0,
TXN04-03467,4,2026-07-12 16:20:19,11930.71,Hotels,40001,Card,DEV-04-2,iPhone,Mumbai,16,6,1,3.23,38,22738.52,13638.19,331,743,2904,0,0,0,0.0,0,
TXN04-03468,4,2026-07-12 16:52:21,27709.43,Fuel,40009,UPI,DEV-04-3,iPhone,Mumbai,16,6,1,32.03,39,22677.95,13636.43,114,512,2905,0,0,0,0.0,0,
TXN04-03469,4,2026-07-12 16:55:31,18767.64,Office,40017,Card,DEV-04-2,iPhone,Mumbai,16,6,1,3.17,40,22738.52,13608.97,55,744,2906,0,0,0,0.0,0,
TXN04-03470,4,2026-07-12 17:05:34,10931.78,Fuel,40012,Bank Transfer,DEV-04-1,iPhone,Mumbai,17,6,1,10.05,41,22727.79,13592.13,59,1122,2907,0,0,0,0.0,0,
TXN04-03471,4,2026-07-12 17:15:22,50000.0,Hotels,40179,Bank Transfer,DEV-04-3,iPhone,Mumbai,17,6,1,9.8,42,22695.99,13587.57,1,513,2908,0,0,1,0.0,1,ato_new_merchant_same_category
TXN04-03472,4,2026-07-12 17:48:33,2227.6,Hotels,40006,Card,DEV-04-1,iPhone,Mumbai,17,6,1,33.18,43,22695.99,13587.57,138,1123,2909,0,0,0,0.0,0,
TXN04-03473,4,2026-07-12 18:36:13,22619.58,Hotels,40056,Card,DEV-04-4,Android,Mumbai,18,6,1,47.67,44,22690.7,13625.87,18,346,2910,0,0,0,0.0,0,
TXN04-03474,4,2026-07-12 18:36:46,8428.52,Hotels,40001,Bank Transfer,DEV-04-1,iPhone,Mumbai,18,6,1,0.55,45,22690.51,13607.5,332,1124,2911,0,0,0,0.0,0,
TXN04-03475,4,2026-07-12 18:41:06,11906.96,Hotels,40001,Card,DEV-04-6,Web,Mumbai,18,6,1,4.33,46,22652.17,13609.24,333,140,2912,0,0,0,0.0,0,
TXN04-03476,4,2026-07-12 19:08:38,17356.44,Office,40049,UPI,DEV-04-1,iPhone,Delhi,19,6,1,27.53,47,22633.79,13635.48,13,1125,274,0,0,0,1153.24,0,
TXN04-03477,4,2026-07-12 19:56:25,29651.08,Office,40031,Card,DEV-04-1,iPhone,Mumbai,19,6,1,47.78,48,22599.36,13601.61,33,1126,2913,0,0,0,1153.24,0,
TXN04-03478,4,2026-07-12 20:14:01,19100.78,Fuel,40002,Card,DEV-04-3,iPhone,Mumbai,20,6,1,17.6,49,22600.33,13602.1,199,514,2914,0,0,0,0.0,0,
TXN04-03479,4,2026-07-12 20:42:13,11433.94,Suppliers,40018,Card,DEV-04-4,Android,Mumbai,20,6,1,28.2,50,22569.24,13563.79,53,347,2915,0,0,0,0.0,0,
TXN04-03480,4,2026-07-12 21:08:11,31521.84,Suppliers,40169,Card,DEV-04-1,iPhone,Mumbai,21,6,1,25.97,51,22538.81,13557.71,1,1127,2916,0,0,1,0.0,1,ato_odd_hour_new_merchant_same_category
TXN04-03481,4,2026-07-13 08:05:08,33111.58,Suppliers,40003,Card,DEV-04-7,iPhone,Pune,8,0,0,656.95,1,22563.29,13547.33,301,100,240,0,0,0,120.15,0,
TXN04-03482,4,2026-07-13 08:42:55,16887.33,Hotels,40007,Card,DEV-04-1,iPhone,Pune,8,0,0,37.78,2,22781.25,13534.38,80,1128,241,0,0,0,0.0,0,
TXN04-03483,4,2026-07-13 08:51:00,18872.31,Fuel,40009,Card,DEV-04-8,Android,Delhi,8,0,0,8.08,3,22765.01,13519.26,115,89,275,0,0,0,1179.48,0,
TXN04-03484,4,2026-07-13 09:27:00,9689.35,Suppliers,40018,Bank Transfer,DEV-04-2,iPhone,Mumbai,9,0,0,36.0,4,22889.1,13547.92,54,745,2917,0,0,0,1153.24,0,
TXN04-03485,4,2026-07-13 09:46:11,39294.56,Suppliers,40003,UPI,DEV-04-2,iPhone,Mumbai,9,0,0,19.18,5,22852.34,13546.91,302,746,2918,0,0,0,0.0,0,
TXN04-03486,4,2026-07-13 10:07:02,50000.0,Fuel,40047,Card,DEV-04-1,iPhone,Mumbai,10,0,0,20.85,6,22898.01,13555.74,15,1129,2919,0,0,0,0.0,0,
TXN04-03487,4,2026-07-13 10:15:28,21729.2,Office,40123,Card,DEV-04-2,iPhone,Mumbai,10,0,0,8.43,7,22973.08,13611.69,2,747,2920,0,0,0,0.0,0,
TXN04-03488,4,2026-07-13 10:46:37,14395.86,Hotels,40067,Bank Transfer,DEV-04-5,iPhone,Mumbai,10,0,0,31.15,8,22956.29,13629.55,8,236,2921,0,0,0,0.0,0,
TXN04-03489,4,2026-07-13 11:05:34,19757.75,Hotels,40069,UPI,DEV-04-2,iPhone,Mumbai,11,0,0,18.95,9,22932.58,13618.09,9,748,2922,0,0,0,0.0,0,
TXN04-03490,4,2026-07-13 11:20:56,46997.52,Hotels,40132,Card,DEV-04-3,iPhone,Mumbai,11,0,0,15.37,10,22908.73,13616.09,1,515,2923,0,0,1,0.0,0,
TXN04-03491,4,2026-07-13 11:25:50,10762.77,Suppliers,40113,Card,DEV-04-1,iPhone,Delhi,11,0,0,4.9,11,22975.27,13655.92,2,1130,276,0,0,0,1153.24,0,
TXN04-03492,4,2026-07-13 11:49:18,12667.22,Suppliers,40003,UPI,DEV-04-1,iPhone,Mumbai,11,0,0,23.47,12,22917.4,13663.17,303,1131,2924,0,0,0,1153.24,0,
TXN04-03493,4,2026-07-13 12:04:33,29036.46,Hotels,40019,Card,DEV-04-1,iPhone,Mumbai,12,0,0,15.25,13,22889.17,13654.91,53,1132,2925,0,0,0,0.0,0,
TXN04-03494,4,2026-07-13 12:24:40,14559.62,Hotels,40041,UPI,DEV-04-2,iPhone,Mumbai,12,0,0,20.12,14,22955.63,13683.93,16,749,2926,0,0,0,0.0,0,
TXN04-03495,4,2026-07-13 12:50:24,8047.4,Hotels,40001,UPI,DEV-04-9,iPhone,Delhi,12,0,0,25.73,15,22932.44,13672.12,334,45,277,0,0,0,1153.24,0,
TXN04-03496,4,2026-07-13 13:03:19,4385.6,Office,40008,UPI,DEV-04-6,Web,Mumbai,13,0,0,12.92,16,22891.43,13675.55,95,141,2927,0,0,0,1153.24,0,
TXN04-03497,4,2026-07-13 13:34:13,8666.47,Office,40122,Card,DEV-04-1,iPhone,Mumbai,13,0,0,30.9,17,22873.79,13671.26,2,1133,2928,0,0,0,0.0,0,
TXN04-03498,4,2026-07-13 14:08:27,9376.8,Fuel,40036,UPI,DEV-04-9,iPhone,Mumbai,14,0,0,34.23,18,22854.19,13686.55,18,46,2929,0,0,0,0.0,0,
TXN04-03499,4,2026-07-13 14:15:18,5612.28,Office,40017,UPI,DEV-04-4,Android,Mumbai,14,0,0,6.85,19,22816.86,13685.93,56,348,2930,0,0,0,0.0,0,
TXN04-03500,4,2026-07-13 14:23:44,30246.2,Fuel,40043,Card,DEV-04-6,Web,Mumbai,14,0,0,8.43,20,22769.11,13715.77,29,142,2931,0,0,0,0.0,0,
TXN04-03501,4,2026-07-13 14:25:53,9277.77,Fuel,40021,Card,DEV-04-1,iPhone,Mumbai,14,0,0,2.15,21,22789.77,13702.43,43,1134,2932,0,0,0,0.0,0,
TXN04-03502,4,2026-07-13 14:38:23,16525.12,Fuel,40002,Card,DEV-04-3,iPhone,Mumbai,14,0,0,12.5,22,22761.27,13735.28,200,516,2933,0,0,0,0.0,0,
TXN04-03503,4,2026-07-13 14:53:04,20657.41,Fuel,40002,UPI,DEV-04-2,iPhone,Mumbai,14,0,0,14.68,23,22811.71,13749.61,201,750,2934,0,0,0,0.0,0,
TXN04-03504,4,2026-07-13 15:53:19,32838.45,Fuel,40068,Bank Transfer,DEV-04-2,iPhone,Mumbai,15,0,0,60.25,24,22795.53,13785.28,8,751,2935,0,0,0,0.0,0,
TXN04-03505,4,2026-07-13 16:54:48,12223.53,Suppliers,40003,Card,DEV-04-5,iPhone,Mumbai,16,0,0,61.48,25,22858.41,13803.0,304,237,2936,0,0,0,0.0,0,
TXN04-03506,4,2026-07-13 17:00:08,14556.17,Hotels,40006,Card,DEV-04-36,Android,Mumbai,17,0,0,5.33,26,22828.62,13795.11,139,1,2937,1,0,0,0.0,0,
TXN04-03507,4,2026-07-13 17:07:16,4476.64,Hotels,40006,UPI,DEV-04-1,iPhone,Mumbai,17,0,0,7.13,27,22773.44,13788.7,140,1135,2938,0,0,0,0.0,0,
TXN04-03508,4,2026-07-13 17:53:36,14283.91,Fuel,40012,Card,DEV-04-7,iPhone,Mumbai,17,0,0,46.33,28,22677.12,13786.17,60,101,2939,0,0,0,0.0,0,
TXN04-03509,4,2026-07-13 18:16:11,34594.86,Suppliers,40083,Card,DEV-04-1,iPhone,Mumbai,18,0,0,22.58,29,22653.54,13773.96,10,1136,2940,0,0,0,0.0,0,
TXN04-03510,4,2026-07-13 18:36:16,12481.56,Hotels,40006,Bank Transfer,DEV-04-2,iPhone,Mumbai,18,0,0,20.08,30,22610.27,13712.04,141,752,2941,0,0,0,0.0,0,
TXN04-03511,4,2026-07-13 18:46:56,9679.88,Suppliers,40003,Card,DEV-04-2,iPhone,Mumbai,18,0,0,10.67,31,22523.85,13659.65,305,753,2942,0,0,0,0.0,0,
TXN04-03512,4,2026-07-13 19:04:06,16647.46,Hotels,40025,Card,DEV-04-2,iPhone,Pune,19,0,0,17.17,32,22487.77,13657.38,31,754,242,0,0,0,120.15,0,
TXN04-03513,4,2026-07-13 19:59:50,6562.1,Fuel,40086,Bank Transfer,DEV-04-3,iPhone,Mumbai,19,0,0,55.73,33,22442.8,13705.31,7,517,2943,0,0,0,120.15,0,
TXN04-03514,4,2026-07-13 20:08:07,7822.82,Hotels,40006,UPI,DEV-04-3,iPhone,Mumbai,20,0,0,8.28,34,22397.94,13711.87,142,518,2944,0,0,0,0.0,0,
TXN04-03515,4,2026-07-14 08:21:56,8929.9,Fuel,40002,Card,DEV-04-1,iPhone,Mumbai,8,1,0,733.82,1,21982.68,13438.99,202,1137,2945,0,0,0,0.0,0,
TXN04-03516,4,2026-07-14 08:28:19,16281.16,Hotels,40039,Card,DEV-04-3,iPhone,Mumbai,8,1,0,6.38,2,21944.52,13437.83,18,519,2946,0,0,0,0.0,0,
TXN04-03517,4,2026-07-14 08:34:41,19512.94,Hotels,40013,Card,DEV-04-4,Android,Pune,8,1,0,6.37,3,21928.0,13421.7,52,349,243,0,0,0,120.15,0,
TXN04-03518,4,2026-07-14 09:21:47,16341.16,Hotels,40041,UPI,DEV-04-2,iPhone,Mumbai,9,1,0,47.1,4,21983.15,13416.64,17,755,2947,0,0,0,120.15,0,
TXN04-03519,4,2026-07-14 09:43:54,34900.16,Hotels,40001,UPI,DEV-04-3,iPhone,Mumbai,9,1,0,22.12,5,21923.99,13408.36,335,520,2948,0,0,0,0.0,0,
TXN04-03520,4,2026-07-14 10:23:36,9294.73,Fuel,40079,Card,DEV-04-3,iPhone,Mumbai,10,1,0,39.7,6,21903.88,13378.07,5,521,2949,0,0,0,0.0,0,
TXN04-03521,4,2026-07-14 10:26:52,11456.36,Hotels,40007,Bank Transfer,DEV-04-2,iPhone,Mumbai,10,1,0,3.27,7,21866.68,13375.81,81,756,2950,0,0,0,0.0,0,
TXN04-03522,4,2026-07-14 10:39:52,28501.69,Office,40031,UPI,DEV-04-2,iPhone,Mumbai,10,1,0,13.0,8,21836.06,13368.02,34,757,2951,0,0,0,0.0,0,
TXN04-03523,4,2026-07-14 11:16:49,21094.26,Office,40017,Card,DEV-04-1,iPhone,Pune,11,1,0,36.95,9,21869.42,13319.67,57,1138,244,0,0,0,120.15,0,
TXN04-03524,4,2026-07-14 11:28:44,21454.02,Hotels,40001,Card,DEV-04-1,iPhone,Mumbai,11,1,0,11.92,10,21867.12,13299.96,336,1139,2952,0,0,0,120.15,0,
TXN04-03525,4,2026-07-14 11:56:18,6203.97,Hotels,40025,UPI,DEV-04-1,iPhone,Mumbai,11,1,0,27.57,11,21865.9,13280.29,32,1140,2953,0,0,0,0.0,0,
TXN04-03526,4,2026-07-14 12:01:35,14621.88,Suppliers,40024,UPI,DEV-04-5,iPhone,Mumbai,12,1,0,5.28,12,21819.7,13287.86,30,238,2954,0,0,0,0.0,0,
TXN04-03527,4,2026-07-14 12:01:42,19550.97,Office,40032,UPI,DEV-04-3,iPhone,Mumbai,12,1,0,0.12,13,21798.53,13274.03,33,522,2955,0,0,0,0.0,0,
TXN04-03528,4,2026-07-14 12:06:27,50000.0,Office,40123,UPI,DEV-04-3,iPhone,Mumbai,12,1,0,4.75,14,21791.94,13255.11,3,523,2956,0,0,0,0.0,0,
TXN04-03529,4,2026-07-14 12:20:27,30271.25,Hotels,40019,Card,DEV-04-1,iPhone,Mumbai,12,1,0,14.0,15,21874.42,13323.06,54,1141,2957,0,0,0,0.0,0,
TXN04-03530,4,2026-07-14 12:33:19,6395.29,Office,40106,UPI,DEV-04-2,iPhone,Mumbai,12,1,0,12.87,16,21898.9,13311.33,5,758,2958,0,0,0,0.0,0,
TXN04-03531,4,2026-07-14 12:50:51,19478.35,Office,40028,Card,DEV-04-3,iPhone,Mumbai,12,1,0,17.53,17,21853.83,13318.15,41,524,2959,0,0,0,0.0,0,
TXN04-03532,4,2026-07-14 12:51:12,50000.0,Hotels,40066,Card,DEV-04-4,Android,Mumbai,12,1,0,0.35,18,21846.94,13299.44,13,350,2960,0,0,0,0.0,0,
TXN04-03533,4,2026-07-14 13:09:14,15264.72,Hotels,40010,UPI,DEV-04-2,iPhone,Pune,13,1,0,18.03,19,21928.31,13365.93,71,759,245,0,0,0,120.15,0,
TXN04-03534,4,2026-07-14 13:10:00,17438.58,Hotels,40103,Bank Transfer,DEV-04-1,iPhone,Mumbai,13,1,0,0.77,20,21909.11,13351.44,4,1142,2961,0,0,0,120.15,0,
TXN04-03535,4,2026-07-14 13:31:11,18605.15,Office,40110,Card,DEV-04-2,iPhone,Mumbai,13,1,0,21.18,21,21876.56,13348.53,2,760,2962,0,0,0,0.0,0,
TXN04-03536,4,2026-07-14 13:38:54,2766.66,Suppliers,40052,Card,DEV-04-2,iPhone,Pune,13,1,0,7.72,22,21914.5,13320.45,19,761,246,0,0,0,120.15,0,
TXN04-03537,4,2026-07-14 14:10:56,31467.54,Suppliers,40003,Bank Transfer,DEV-04-4,Android,Mumbai,14,1,0,32.03,23,21892.16,13346.01,306,351,2963,0,0,0,120.15,0,
TXN04-03538,4,2026-07-14 14:13:59,9900.1,Office,40005,UPI,DEV-04-6,Web,Mumbai,14,1,0,3.05,24,21919.68,13336.67,185,143,2964,0,0,0,0.0,0,
TXN04-03539,4,2026-07-14 14:34:02,11268.26,Hotels,40019,Bank Transfer,DEV-04-2,iPhone,Mumbai,14,1,0,20.05,25,21928.87,13327.29,55,762,2965,0,0,0,0.0,0,
TXN04-03540,4,2026-07-14 14:38:49,7216.32,Suppliers,40003,UPI,DEV-04-5,iPhone,Delhi,14,1,0,4.78,26,21898.32,13320.37,307,239,278,0,0,0,1153.24,0,
TXN04-03541,4,2026-07-14 15:00:10,5814.1,Suppliers,40045,UPI,DEV-04-1,iPhone,Mumbai,15,1,0,21.35,27,21856.37,13324.4,22,1143,2966,0,0,0,1153.24,0,
TXN04-03542,4,2026-07-14 15:11:41,5765.49,Hotels,40001,Bank Transfer,DEV-04-17,iPhone,Mumbai,15,1,0,11.52,28,21810.67,13332.85,337,3,2967,0,0,0,0.0,0,
TXN04-03543,4,2026-07-14 15:13:18,41172.95,Suppliers,40054,Card,DEV-04-5,iPhone,Bangalore,15,1,0,1.62,29,21765.08,13341.26,20,240,2,0,0,0,845.32,0,
TXN04-03544,4,2026-07-14 15:26:42,37704.8,Hotels,40006,UPI,DEV-04-1,iPhone,Pune,15,1,0,13.4,30,21886.35,13366.84,143,1144,247,0,0,0,735.23,0,
TXN04-03545,4,2026-07-14 15:42:51,6368.4,Fuel,40002,Card,DEV-04-3,iPhone,Mumbai,15,1,0,16.15,31,21931.29,13374.36,203,525,2968,0,0,0,120.15,0,
TXN04-03546,4,2026-07-14 16:29:12,28128.74,Hotels,40029,Card,DEV-04-2,iPhone,Mumbai,16,1,0,46.35,32,21961.41,13382.48,37,763,2969,0,0,0,0.0,0,
TXN04-03547,4,2026-07-14 16:42:56,36692.85,Suppliers,40003,Card,DEV-04-2,iPhone,Mumbai,16,1,0,13.73,33,22044.67,13370.86,308,764,2970,0,0,0,0.0,0,
TXN04-03548,4,2026-07-14 17:15:04,21978.53,Hotels,40029,Card,DEV-04-8,Android,Mumbai,17,1,0,32.13,34,22110.03,13400.01,38,90,2971,0,0,0,0.0,0,
TXN04-03549,4,2026-07-14 17:15:49,36805.36,Suppliers,40018,UPI,DEV-04-2,iPhone,Delhi,17,1,0,0.75,35,22109.65,13380.8,55,765,279,0,0,0,1153.24,0,
TXN04-03550,4,2026-07-14 17:25:24,40892.55,Suppliers,40011,UPI,DEV-04-37,iPhone,Mumbai,17,1,0,9.58,36,22088.53,13351.75,99,1,2972,1,0,0,1153.24,0,
TXN04-03551,4,2026-07-14 17:26:18,43814.84,Fuel,40086,Card,DEV-04-4,Android,Mumbai,17,1,0,0.9,37,22142.26,13370.39,8,352,2973,0,0,0,0.0,0,
TXN04-03552,4,2026-07-14 17:41:34,7614.73,Fuel,40023,Card,DEV-04-1,iPhone,Mumbai,17,1,0,15.27,38,22204.01,13401.21,30,1145,2974,0,0,0,0.0,0,
TXN04-03553,4,2026-07-14 17:54:49,9617.74,Hotels,40069,UPI,DEV-04-1,iPhone,Mumbai,17,1,0,13.25,39,22162.56,13404.67,10,1146,2975,0,0,0,0.0,0,
TXN04-03554,4,2026-07-14 18:15:44,19037.43,Fuel,40026,Card,DEV-04-12,Android,Pune,18,1,0,20.92,40,22088.55,13401.81,24,14,248,0,0,0,120.15,0,
TXN04-03555,4,2026-07-14 18:20:32,8833.42,Fuel,40012,Bank Transfer,DEV-04-2,iPhone,Mumbai,18,1,0,4.8,41,22079.91,13383.8,61,766,2976,0,0,0,120.15,0,
TXN04-03556,4,2026-07-14 18:29:52,22788.25,Office,40107,UPI,DEV-04-9,iPhone,Mumbai,18,1,0,9.33,42,22012.63,13390.52,3,47,2977,0,0,0,0.0,0,
TXN04-03557,4,2026-07-14 18:49:42,8804.69,Suppliers,40114,UPI,DEV-04-1,iPhone,Mumbai,18,1,0,19.83,43,22060.85,13372.6,2,1147,2978,0,0,0,0.0,0,
TXN04-03558,4,2026-07-14 18:52:57,12487.57,Hotels,40132,Bank Transfer,DEV-04-1,iPhone,Mumbai,18,1,0,3.25,44,22023.3,13372.22,2,1148,2979,0,0,0,0.0,0,
TXN04-03559,4,2026-07-14 18:56:39,20620.12,Suppliers,40004,UPI,DEV-04-5,iPhone,Mumbai,18,1,0,3.7,45,21996.36,13362.91,124,241,2980,0,0,0,0.0,0,
TXN04-03560,4,2026-07-14 18:58:32,41097.52,Suppliers,40130,Card,DEV-04-3,iPhone,Mumbai,18,1,0,1.88,46,21992.49,13344.27,2,526,2981,0,0,0,0.0,0,
TXN04-03561,4,2026-07-14 19:28:26,27143.46,Hotels,40001,Card,DEV-04-13,iPhone,Pune,19,1,0,29.9,47,22052.67,13386.8,338,10,249,0,0,0,120.15,0,
TXN04-03562,4,2026-07-14 19:58:08,9781.72,Suppliers,40011,UPI,DEV-04-1,iPhone,Mumbai,19,1,0,29.7,48,22067.01,13370.65,100,1149,2982,0,0,0,120.15,0,
TXN04-03563,4,2026-07-14 20:20:37,38640.28,Office,40005,Card,DEV-04-3,iPhone,Pune,20,1,0,22.48,49,22021.32,13384.83,186,527,250,0,0,0,120.15,0,
TXN04-03564,4,2026-07-14 20:30:07,29243.62,Office,40005,Card,DEV-04-2,iPhone,Mumbai,20,1,0,9.5,50,22073.07,13413.44,187,767,2983,0,0,0,120.15,0,
TXN04-03565,4,2026-07-14 20:33:53,50000.0,Office,40123,Bank Transfer,DEV-04-2,iPhone,Mumbai,20,1,0,3.77,51,22093.21,13399.97,4,768,2984,0,0,0,0.0,0,
TXN04-03566,4,2026-07-14 20:35:07,15863.84,Office,40099,Card,DEV-04-2,iPhone,Mumbai,20,1,0,1.23,52,22171.38,13462.22,5,769,2985,0,0,0,0.0,1,ato_short_gap
TXN04-03567,4,2026-07-15 08:02:06,11902.54,Suppliers,40035,Card,DEV-04-1,iPhone,Mumbai,8,2,0,686.98,1,22153.76,13447.53,31,1150,2986,0,0,0,0.0,0,
TXN04-03568,4,2026-07-15 08:03:08,15846.09,Office,40005,Card,DEV-04-1,iPhone,Mumbai,8,2,0,1.03,2,22125.21,13439.65,188,1151,2987,0,0,0,0.0,0,
TXN04-03569,4,2026-07-15 08:06:51,20085.45,Hotels,40001,Card,DEV-04-3,iPhone,Mumbai,8,2,0,3.72,3,22088.19,13438.6,339,528,2988,0,0,0,0.0,0,
TXN04-03570,4,2026-07-15 08:14:12,14501.83,Fuel,40002,UPI,DEV-04-2,iPhone,Mumbai,8,2,0,7.35,4,22082.63,13420.33,204,770,2989,0,0,0,0.0,0,
TXN04-03571,4,2026-07-15 08:40:22,17035.87,Suppliers,40078,Bank Transfer,DEV-04-4,Android,Mumbai,8,2,0,26.17,5,22061.63,13407.65,3,353,2990,0,0,0,0.0,0,
TXN04-03572,4,2026-07-15 08:43:05,18005.38,Hotels,40041,UPI,DEV-04-5,iPhone,Delhi,8,2,0,2.72,6,22047.75,13391.72,18,242,280,0,0,0,1153.24,0,
TXN04-03573,4,2026-07-15 08:51:29,8082.16,Fuel,40009,Bank Transfer,DEV-04-1,iPhone,Mumbai,8,2,0,8.4,7,22036.61,13374.94,116,1152,2991,0,0,0,1153.24,0,
TXN04-03574,4,2026-07-15 09:05:11,15119.86,Hotels,40111,UPI,DEV-04-7,iPhone,Mumbai,9,2,0,13.7,8,21983.37,13391.91,4,102,2992,0,0,0,0.0,0,
TXN04-03575,4,2026-07-15 09:29:12,10988.34,Suppliers,40003,Card,DEV-04-6,Web,Mumbai,9,2,0,24.02,9,21928.3,13310.92,309,144,2993,0,0,0,0.0,0,
TXN04-03576,4,2026-07-15 10:04:24,44785.62,Fuel,40012,Card,DEV-04-10,Web,Mumbai,10,2,0,35.2,10,21939.9,13358.67,62,35,2994,0,0,0,0.0,0,
TXN04-03577,4,2026-07-15 10:23:48,50000.0,Hotels,40041,UPI,DEV-04-1,iPhone,Delhi,10,2,0,19.4,11,21967.32,13410.82,19,1153,281,0,0,0,1153.24,0,
TXN04-03578,4,2026-07-15 10:29:45,20388.04,Office,40080,UPI,DEV-04-2,iPhone,Mumbai,10,2,0,5.95,12,22045.62,13473.55,9,771,2995,0,0,0,1153.24,0,
TXN04-03579,4,2026-07-15 10:38:40,8535.6,Suppliers,40133,Card,DEV-04-3,iPhone,Mumbai,10,2,0,8.92,13,22071.9,13461.12,2,529,2996,0,0,0,0.0,0,
TXN04-03580,4,2026-07-15 11:25:47,11055.83,Office,40028,UPI,DEV-04-3,iPhone,Mumbai,11,2,0,47.12,14,21999.63,13527.15,42,530,2997,0,0,0,0.0,0,
TXN04-03581,4,2026-07-15 11:50:04,5745.83,Office,40005,Card,DEV-04-1,iPhone,Mumbai,11,2,0,24.28,15,21933.48,13523.57,189,1154,2998,0,0,0,0.0,0,
TXN04-03582,4,2026-07-15 12:19:06,31852.03,Suppliers,40055,Card,DEV-04-2,iPhone,Mumbai,12,2,0,29.03,16,21890.51,13550.88,16,772,2999,0,0,0,0.0,0,
TXN04-03583,4,2026-07-15 12:21:43,42167.58,Hotels,40001,Bank Transfer,DEV-04-3,iPhone,Mumbai,12,2,0,2.62,17,21918.73,13542.02,340,531,3000,0,0,0,0.0,0,
TXN04-03584,4,2026-07-15 12:36:59,25627.74,Fuel,40012,Card,DEV-04-11,Android,Mumbai,12,2,0,15.27,18,22018.56,13561.01,63,18,3001,0,0,0,0.0,0,
TXN04-03585,4,2026-07-15 12:43:14,15559.65,Office,40017,Card,DEV-04-3,iPhone,Mumbai,12,2,0,6.25,19,22028.76,13543.2,58,532,3002,0,0,0,0.0,0,
TXN04-03586,4,2026-07-15 13:02:33,5775.23,Suppliers,40035,Card,DEV-04-1,iPhone,Mumbai,13,2,0,19.32,20,22008.59,13543.6,32,1155,3003,0,0,0,0.0,0,
TXN04-03587,4,2026-07-15 13:11:52,10405.22,Suppliers,40052,Card,DEV-04-1,iPhone,Mumbai,13,2,0,9.32,21,21991.11,13560.55,20,1156,3004,0,0,0,0.0,0,
TXN04-03588,4,2026-07-15 14:02:12,15541.36,Fuel,40012,Card,DEV-04-5,iPhone,Mumbai,14,2,0,50.33,22,21969.19,13552.03,64,243,3005,0,0,0,0.0,0,
TXN04-03589,4,2026-07-15 14:08:56,23619.62,Office,40110,Card,DEV-04-1,iPhone,Delhi,14,2,0,6.73,23,21940.54,13518.48,3,1157,282,0,0,0,1153.24,0,
TXN04-03590,4,2026-07-15 14:34:53,15528.07,Hotels,40050,UPI,DEV-04-3,iPhone,Mumbai,14,2,0,25.95,24,21876.48,13432.03,21,533,3006,0,0,0,1153.24,0,
TXN04-03591,4,2026-07-15 14:49:44,8587.83,Office,40049,Card,DEV-04-1,iPhone,Mumbai,14,2,0,14.85,25,21902.66,13410.79,14,1158,3007,0,0,0,0.0,0,
TXN04-03592,4,2026-07-15 15:13:15,13461.67,Fuel,40021,UPI,DEV-04-1,iPhone,Delhi,15,2,0,23.52,26,21907.91,13436.18,44,1159,283,0,0,0,1153.24,0,
TXN04-03593,4,2026-07-15 15:35:31,38012.25,Fuel,40058,Card,DEV-04-3,iPhone,Pune,15,2,0,22.27,27,21919.46,13427.2,11,534,251,0,0,0,1179.48,0,
TXN04-03594,4,2026-07-15 15:44:08,14484.16,Fuel,40023,UPI,DEV-04-3,iPhone,Mumbai,15,2,0,8.62,28,21986.08,13449.85,31,535,3008,0,0,0,120.15,0,
TXN04-03595,4,2026-07-15 16:02:28,24906.23,Hotels,40006,Card,DEV-04-3,iPhone,Mumbai,16,2,0,18.33,29,21964.39,13436.43,144,536,3009,0,0,0,0.0,0,
TXN04-03596,4,2026-07-15 16:09:38,23051.56,Fuel,40002,Card,DEV-04-1,iPhone,Mumbai,16,2,0,7.17,30,21972.87,13417.99,205,1160,3010,0,0,0,0.0,0,
TXN04-03597,4,2026-07-15 16:19:36,17743.14,Hotels,40019,Bank Transfer,DEV-04-1,iPhone,Mumbai,16,2,0,9.97,31,21975.97,13398.82,56,1161,3011,0,0,0,0.0,0,
TXN04-03598,4,2026-07-15 16:37:49,16878.9,Hotels,40010,Card,DEV-04-1,iPhone,Mumbai,16,2,0,18.22,32,21980.74,13397.02,72,1162,3012,0,0,0,0.0,0,
TXN04-03599,4,2026-07-15 16:44:11,50000.0,Suppliers,40064,Card,DEV-04-4,Android,Mumbai,16,2,0,6.37,33,21953.51,13397.73,14,354,3013,0,0,0,0.0,0,
TXN04-03600,4,2026-07-15 17:07:45,20632.26,Fuel,40002,UPI,DEV-04-1,iPhone,Mumbai,17,2,0,23.57,34,21914.25,13431.67,206,1163,3014,0,0,0,0.0,0,
TXN04-03601,4,2026-07-15 17:19:52,13527.71,Suppliers,40004,Card,DEV-04-2,iPhone,Chandigarh,17,2,0,12.12,35,21910.55,13412.48,125,773,4,0,0,0,1354.32,0,
TXN04-03602,4,2026-07-15 17:26:53,21059.35,Office,40017,Card,DEV-04-3,iPhone,Mumbai,17,2,0,7.02,36,21886.46,13400.71,59,537,3015,0,0,0,1354.32,0,
TXN04-03603,4,2026-07-15 17:33:04,3124.97,Office,40008,Card,DEV-04-2,iPhone,Mumbai,17,2,0,6.18,37,21884.09,13381.57,96,774,3016,0,0,0,0.0,0,
TXN04-03604,4,2026-07-15 17:34:36,13917.43,Suppliers,40024,Card,DEV-04-6,Web,Pune,17,2,0,1.53,38,21830.5,13399.9,31,145,252,0,0,0,120.15,0,
TXN04-03605,4,2026-07-15 17:35:48,13526.97,Hotels,40019,Card,DEV-04-2,iPhone,Mumbai,17,2,0,1.2,39,21807.95,13387.45,57,775,3017,0,0,0,120.15,0,
TXN04-03606,4,2026-07-15 17:38:26,21179.6,Fuel,40043,Card,DEV-04-5,iPhone,Mumbai,17,2,0,2.63,40,21733.15,13360.13,30,244,3018,0,0,0,0.0,0,
TXN04-03607,4,2026-07-15 18:27:03,39788.2,Fuel,40002,Bank Transfer,DEV-04-2,iPhone,Pune,18,2,0,48.62,41,21707.22,13408.79,207,776,253,0,0,0,120.15,0,
TXN04-03608,4,2026-07-15 18:40:16,4296.34,Hotels,40001,UPI,DEV-04-4,Android,Mumbai,18,2,0,13.22,42,21727.59,13430.86,341,355,3019,0,0,0,120.15,0,
TXN04-03609,4,2026-07-15 19:25:56,7121.91,Office,40108,UPI,DEV-04-10,Web,Mumbai,19,2,0,45.67,43,21601.82,13420.26,4,36,3020,0,0,0,0.0,0,
TXN04-03610,4,2026-07-15 19:35:02,14647.12,Office,40016,Bank Transfer,DEV-04-11,Android,Mumbai,19,2,0,9.1,44,21564.65,13442.74,63,19,3021,0,0,0,0.0,0,
TXN04-03611,4,2026-07-15 19:53:40,29124.18,Office,40017,Card,DEV-04-12,Android,Delhi,19,2,0,18.63,45,21526.8,13439.99,60,15,284,0,0,0,1153.24,0,
TXN04-03612,4,2026-07-15 20:16:41,36348.72,Hotels,40001,UPI,DEV-04-1,iPhone,Pune,20,2,0,23.02,46,21450.94,13374.23,342,1164,254,0,0,0,1179.48,0,
TXN04-03613,4,2026-07-15 20:32:34,21067.06,Hotels,40013,UPI,DEV-04-2,iPhone,Mumbai,20,2,0,15.88,47,21515.43,13373.32,53,777,3022,0,0,0,120.15,0,
TXN04-03614,4,2026-07-15 20:47:10,13347.89,Hotels,40014,UPI,DEV-04-2,iPhone,Mumbai,20,2,0,14.6,48,21548.15,13358.68,45,778,3023,0,0,0,0.0,0,
TXN04-03615,4,2026-07-15 20:55:21,19664.29,Fuel,40084,UPI,DEV-04-1,iPhone,Mumbai,20,2,0,8.18,49,21523.88,13346.34,3,1165,3024,0,0,0,0.0,0,
TXN04-03616,4,2026-07-16 08:04:26,11715.31,Office,40049,Card,DEV-04-8,Android,Mumbai,8,3,0,669.08,1,21330.43,13226.53,15,91,3025,0,0,0,0.0,0,
TXN04-03617,4,2026-07-16 08:09:41,41162.8,Hotels,40007,UPI,DEV-04-2,iPhone,Mumbai,8,3,0,5.25,2,21301.9,13217.24,82,779,3026,0,0,0,0.0,0,
TXN04-03618,4,2026-07-16 08:10:06,10656.61,Office,40005,UPI,DEV-04-1,iPhone,Mumbai,8,3,0,0.42,3,21373.75,13259.13,190,1166,3027,0,0,0,0.0,0,
TXN04-03619,4,2026-07-16 08:50:38,26616.8,Fuel,40002,Card,DEV-04-1,iPhone,Mumbai,8,3,0,40.53,4,21061.25,13041.79,208,1167,3028,0,0,0,0.0,0,
TXN04-03620,4,2026-07-16 09:05:21,37151.04,Suppliers,40011,Card,DEV-04-3,iPhone,Mumbai,9,3,0,14.72,5,21157.67,13056.25,101,538,3029,0,0,0,0.0,0,
TXN04-03621,4,2026-07-16 09:05:57,3674.18,Fuel,40002,Card,DEV-04-1,iPhone,Mumbai,9,3,0,0.6,6,21205.7,13065.97,209,1168,3030,0,0,0,0.0,0,
TXN04-03622,4,2026-07-16 09:09:09,17516.65,Hotels,40010,UPI,DEV-04-4,Android,Mumbai,9,3,0,3.2,7,21189.95,13083.92,73,356,3031,0,0,0,0.0,0,
TXN04-03623,4,2026-07-16 09:32:23,25135.0,Office,40005,UPI,DEV-04-1,iPhone,Mumbai,9,3,0,23.23,8,21286.27,13062.61,191,1169,3032,0,0,0,0.0,0,
TXN04-03624,4,2026-07-16 09:53:32,26611.81,Suppliers,40011,Bank Transfer,DEV-04-1,iPhone,Delhi,9,3,0,21.15,9,21297.86,13044.62,102,1170,285,0,0,0,1153.24,0,
TXN04-03625,4,2026-07-16 09:58:16,4167.14,Office,40073,UPI,DEV-04-1,iPhone,Mumbai,9,3,0,4.73,10,21313.82,13028.27,9,1171,3033,0,0,0,1153.24,0,
TXN04-03626,4,2026-07-16 10:14:19,34479.95,Suppliers,40022,Bank Transfer,DEV-04-1,iPhone,Pune,10,3,0,16.05,11,21251.22,13060.39,51,1172,255,0,0,0,120.15,0,
TXN04-03627,4,2026-07-16 10:26:56,20670.08,Hotels,40042,Card,DEV-04-4,Android,Mumbai,10,3,0,12.62,12,21221.38,13018.7,23,357,3034,0,0,0,120.15,0,
TXN04-03628,4,2026-07-16 10:38:53,12575.27,Suppliers,40003,Bank Transfer,DEV-04-7,iPhone,Mumbai,10,3,0,11.95,13,21219.73,12999.23,310,103,3035,0,0,0,0.0,0,
TXN04-03629,4,2026-07-16 11:17:42,41571.04,Hotels,40029,UPI,DEV-04-4,Android,Mumbai,11,3,0,38.82,14,21152.63,12994.75,39,358,3036,0,0,0,0.0,0,
TXN04-03630,4,2026-07-16 11:55:37,26000.0,Suppliers,40001,Card,DEV-UNK-2424,iPhone,Mumbai,11,3,0,37.92,15,21126.74,12999.61,343,1,3037,1,0,0,0.0,1,unknown_device
TXN04-03631,4,2026-07-16 12:06:37,25954.6,Fuel,40020,UPI,DEV-04-7,iPhone,Pune,12,3,0,11.0,16,21185.24,13009.33,46,104,256,0,0,0,120.15,0,
TXN04-03632,4,2026-07-16 12:58:07,50000.0,Suppliers,40015,UPI,DEV-04-2,iPhone,Mumbai,12,3,0,51.5,17,21231.05,13005.93,66,780,3038,0,0,0,120.15,0,
TXN04-03633,4,2026-07-16 13:06:58,12007.73,Office,40005,Bank Transfer,DEV-04-1,iPhone,Pune,13,3,0,8.85,18,21374.94,13062.22,192,1173,257,0,0,0,120.15,0,
TXN04-03634,4,2026-07-16 13:12:10,26344.34,Suppliers,40045,Card,DEV-04-2,iPhone,Mumbai,13,3,0,5.2,19,21346.47,13052.54,23,781,3039,0,0,0,120.15,0,
TXN04-03635,4,2026-07-16 13:27:52,8589.38,Office,40101,Card,DEV-04-2,iPhone,Mumbai,13,3,0,15.7,20,21383.42,13049.43,5,782,3040,0,0,0,0.0,0,
TXN04-03636,4,2026-07-16 13:33:41,29407.54,Hotels,40001,Bank Transfer,DEV-04-2,iPhone,Delhi,13,3,0,5.82,21,21344.65,13048.61,344,783,286,0,0,0,1153.24,0,
TXN04-03637,4,2026-07-16 13:41:01,10448.65,Fuel,40012,Bank Transfer,DEV-04-1,iPhone,Mumbai,13,3,0,7.33,22,21452.5,13027.05,65,1174,3041,0,0,0,1153.24,0,
TXN04-03638,4,2026-07-16 13:51:25,2728.29,Fuel,40058,UPI,DEV-04-1,iPhone,Mumbai,13,3,0,10.4,23,21419.15,13021.35,12,1175,3042,0,0,0,0.0,0,
TXN04-03639,4,2026-07-16 14:26:24,34361.3,Office,40091,Card,DEV-04-5,iPhone,Mumbai,14,3,0,34.98,24,21415.32,13026.66,6,245,3043,0,0,0,0.0,0,
TXN04-03640,4,2026-07-16 14:39:24,9758.26,Hotels,40071,Bank Transfer,DEV-04-1,iPhone,Delhi,14,3,0,13.0,25,21454.43,13026.36,7,1176,287,0,0,0,1153.24,0,
TXN04-03641,4,2026-07-16 14:55:05,16301.74,Hotels,40069,Card,DEV-04-5,iPhone,Mumbai,14,3,0,15.68,26,21432.09,13040.05,11,246,3044,0,0,0,1153.24,0,
TXN04-03642,4,2026-07-16 15:34:31,8626.35,Suppliers,40003,Card,DEV-04-3,iPhone,Pune,15,3,0,39.43,27,21301.44,12999.0,311,539,258,0,0,0,120.15,0,
TXN04-03643,4,2026-07-16 15:47:32,33024.65,Hotels,40007,Card,DEV-04-3,iPhone,Mumbai,15,3,0,13.02,28,21263.03,12997.97,83,540,3045,0,0,0,120.15,0,
TXN04-03644,4,2026-07-16 15:51:49,23508.64,Fuel,40002,UPI,DEV-04-2,iPhone,Mumbai,15,3,0,4.28,29,21298.56,12994.36,210,784,3046,0,0,0,0.0,0,
TXN04-03645,4,2026-07-16 17:02:45,15126.4,Suppliers,40134,Bank Transfer,DEV-04-1,iPhone,Mumbai,17,3,0,70.93,30,21280.58,12856.55,1,1177,3047,0,0,1,0.0,0,
TXN04-03646,4,2026-07-16 17:22:48,7055.12,Office,40135,UPI,DEV-04-12,Android,Mumbai,17,3,0,20.05,31,21244.52,12857.28,1,16,3048,0,0,1,0.0,0,
TXN04-03647,4,2026-07-16 17:36:32,35335.27,Hotels,40001,UPI,DEV-04-4,Android,Mumbai,17,3,0,13.73,32,21142.17,12790.42,345,359,3049,0,0,0,0.0,0,
TXN04-03648,4,2026-07-16 17:43:17,4780.26,Office,40016,Card,DEV-04-4,Android,Mumbai,17,3,0,6.75,33,21185.7,12794.88,64,360,3050,0,0,0,0.0,0,
TXN04-03649,4,2026-07-16 18:03:04,14693.73,Hotels,40006,Bank Transfer,DEV-04-2,iPhone,Mumbai,18,3,0,19.78,34,21037.91,12695.12,145,785,3051,0,0,0,0.0,0,
TXN04-03650,4,2026-07-16 18:05:12,5644.42,Suppliers,40119,Card,DEV-04-2,iPhone,Mumbai,18,3,0,2.13,35,21018.39,12680.44,2,786,3052,0,0,0,0.0,0,
TXN04-03651,4,2026-07-16 18:19:01,17171.73,Office,40108,UPI,DEV-04-2,iPhone,Mumbai,18,3,0,13.82,36,20986.14,12706.14,5,787,3053,0,0,0,0.0,0,
TXN04-03652,4,2026-07-16 18:33:19,39052.78,Suppliers,40003,Card,DEV-04-8,Android,Mumbai,18,3,0,14.3,37,20974.44,12688.4,312,92,3054,0,0,0,0.0,0,
TXN04-03653,4,2026-07-16 18:40:45,15457.07,Hotels,40006,Bank Transfer,DEV-04-5,iPhone,Mumbai,18,3,0,7.43,38,21029.72,12708.24,146,247,3055,0,0,0,0.0,0,
TXN04-03654,4,2026-07-16 18:50:14,9145.43,Hotels,40115,Card,DEV-04-4,Android,Mumbai,18,3,0,9.48,39,21012.73,12692.58,4,361,3056,0,0,0,0.0,0,
TXN04-03655,4,2026-07-16 19:18:42,29373.18,Suppliers,40003,Bank Transfer,DEV-04-1,iPhone,Mumbai,19,3,0,28.47,40,20955.75,12703.77,313,1178,3057,0,0,0,0.0,0,
TXN04-03656,4,2026-07-16 20:00:10,7629.71,Office,40028,UPI,DEV-04-4,Android,Mumbai,20,3,0,41.47,41,21071.12,12678.71,43,362,3058,0,0,0,0.0,0,
TXN04-03657,4,2026-07-17 00:52:54,26000.0,Suppliers,40001,Card,DEV-UNK-2192,Android,Mumbai,0,4,0,292.73,1,21029.67,12731.02,346,1,3059,1,0,0,0.0,1,unknown_device
TXN04-03658,4,2026-07-17 08:04:17,32821.79,Fuel,40118,Bank Transfer,DEV-04-2,iPhone,Mumbai,8,4,0,431.38,2,21044.92,12714.45,2,788,3060,0,0,0,0.0,0,
TXN04-03659,4,2026-07-17 08:20:30,45797.31,Hotels,40013,Card,DEV-04-2,iPhone,Mumbai,8,4,0,16.22,3,21066.2,12728.33,54,789,3061,0,0,0,0.0,0,
TXN04-03660,4,2026-07-17 09:13:20,24889.21,Hotels,40065,Bank Transfer,DEV-04-1,iPhone,Mumbai,9,4,0,52.83,4,21137.98,12793.39,6,1179,3062,0,0,0,0.0,0,
TXN04-03661,4,2026-07-17 09:24:35,6337.04,Fuel,40136,Card,DEV-04-11,Android,Mumbai,9,4,0,11.25,5,21167.0,12791.17,1,20,3063,0,0,1,0.0,0,
TXN04-03662,4,2026-07-17 09:28:21,42108.74,Office,40005,UPI,DEV-04-4,Android,Mumbai,9,4,0,3.77,6,21121.5,12797.84,193,363,3064,0,0,0,0.0,0,
TXN04-03663,4,2026-07-17 09:55:01,24425.36,Suppliers,40137,Card,DEV-04-3,iPhone,Mumbai,9,4,0,26.67,7,21185.69,12830.7,1,541,3065,0,0,1,0.0,0,
TXN04-03664,4,2026-07-17 11:30:55,50000.0,Suppliers,40054,Bank Transfer,DEV-04-1,iPhone,Mumbai,11,4,0,95.9,8,21210.31,12855.79,21,1180,3066,0,0,0,0.0,0,
TXN04-03665,4,2026-07-17 11:38:04,42322.12,Hotels,40138,Card,DEV-04-7,iPhone,Mumbai,11,4,0,7.15,9,21341.82,12931.46,1,105,3067,0,0,1,0.0,0,
TXN04-03666,4,2026-07-17 11:54:04,20350.05,Hotels,40006,Card,DEV-04-3,iPhone,Delhi,11,4,0,16.0,10,21406.38,12963.73,147,542,288,0,0,0,1153.24,0,
TXN04-03667,4,2026-07-17 12:18:38,47823.45,Suppliers,40004,Bank Transfer,DEV-04-1,iPhone,Mumbai,12,4,0,24.57,11,21350.82,12912.22,126,1181,3068,0,0,0,1153.24,0,
TXN04-03668,4,2026-07-17 12:20:54,35149.26,Hotels,40001,Card,DEV-04-4,Android,Mumbai,12,4,0,2.27,12,21432.78,12975.83,347,364,3069,0,0,0,0.0,0,
TXN04-03669,4,2026-07-17 13:00:02,9530.0,Hotels,40001,Card,DEV-04-5,iPhone,Mumbai,13,4,0,39.13,13,21511.66,13006.86,348,248,3070,0,0,0,0.0,0,
TXN04-03670,4,2026-07-17 13:06:07,19793.67,Suppliers,40105,Bank Transfer,DEV-04-1,iPhone,Mumbai,13,4,0,6.08,14,21474.57,13003.76,4,1182,3071,0,0,0,0.0,0,
TXN04-03671,4,2026-07-17 13:07:02,13328.68,Suppliers,40003,UPI,DEV-04-3,iPhone,Mumbai,13,4,0,0.92,15,21469.38,12984.01,314,543,3072,0,0,0,0.0,0,
TXN04-03672,4,2026-07-17 13:08:51,21423.58,Fuel,40084,Card,DEV-04-2,iPhone,Mumbai,13,4,0,1.82,16,21444.33,12971.86,4,790,3073,0,0,0,0.0,0,
TXN04-03673,4,2026-07-17 13:09:52,9172.77,Suppliers,40128,Bank Transfer,DEV-04-3,iPhone,Mumbai,13,4,0,1.02,17,21444.27,12951.95,2,544,3074,0,0,0,0.0,0,
TXN04-03674,4,2026-07-17 13:37:43,26943.99,Hotels,40139,Bank Transfer,DEV-04-5,iPhone,Mumbai,13,4,0,27.85,18,21574.31,12939.23,1,249,3075,0,0,1,0.0,0,
TXN04-03675,4,2026-07-17 13:55:29,8413.68,Office,40031,Bank Transfer,DEV-04-6,Web,Mumbai,13,4,0,17.77,19,21590.88,12922.68,35,146,3076,0,0,0,0.0,0,
TXN04-03676,4,2026-07-17 14:01:55,15413.22,Hotels,40001,Bank Transfer,DEV-04-8,Android,Mumbai,14,4,0,6.43,20,21550.34,12923.4,349,93,3077,0,0,0,0.0,0,
TXN04-03677,4,2026-07-17 14:20:55,19349.29,Suppliers,40004,Bank Transfer,DEV-04-3,iPhone,Pune,14,4,0,19.0,21,21573.27,12905.87,127,545,259,0,0,0,120.15,0,
TXN04-03678,4,2026-07-17 14:36:59,23848.8,Fuel,40021,Bank Transfer,DEV-04-3,iPhone,Mumbai,14,4,0,16.07,22,21566.45,12886.65,45,546,3078,0,0,0,120.15,0,
TXN04-03679,4,2026-07-17 15:00:07,25604.52,Suppliers,40011,Card,DEV-04-1,iPhone,Mumbai,15,4,0,23.13,23,21573.43,12867.54,103,1183,3079,0,0,0,0.0,0,
TXN04-03680,4,2026-07-17 15:05:41,28246.86,Fuel,40012,Card,DEV-04-1,iPhone,Mumbai,15,4,0,5.57,24,21585.72,12849.84,66,1184,3080,0,0,0,0.0,0,
TXN04-03681,4,2026-07-17 15:16:51,22842.92,Suppliers,40004,UPI,DEV-04-4,Android,Mumbai,15,4,0,11.17,25,21627.62,12849.08,128,365,3081,0,0,0,0.0,0,
TXN04-03682,4,2026-07-17 15:20:57,6285.23,Fuel,40063,Bank Transfer,DEV-04-1,iPhone,Mumbai,15,4,0,4.1,26,21631.32,12829.71,13,1185,3082,0,0,0,0.0,0,
TXN04-03683,4,2026-07-17 15:25:45,17241.33,Office,40017,UPI,DEV-04-3,iPhone,Delhi,15,4,0,4.8,27,21615.7,12845.24,61,547,289,0,0,0,1153.24,0,
TXN04-03684,4,2026-07-17 15:48:45,21059.81,Fuel,40036,UPI,DEV-04-4,Android,Pune,15,4,0,23.0,28,21613.2,12846.01,19,366,260,0,0,0,1179.48,0,
TXN04-03685,4,2026-07-17 15:55:46,5645.52,Suppliers,40003,Bank Transfer,DEV-04-12,Android,Mumbai,15,4,0,7.02,29,21611.52,12826.57,315,17,3083,0,0,0,120.15,0,
TXN04-03686,4,2026-07-17 15:57:26,16390.71,Hotels,40030,UPI,DEV-04-6,Web,Mumbai,15,4,0,1.67,30,21563.29,12837.12,34,147,3084,0,0,0,0.0,0,
TXN04-03687,4,2026-07-17 15:58:26,50000.0,Fuel,40002,UPI,DEV-04-1,iPhone,Delhi,15,4,0,1.0,31,21547.71,12820.91,211,1186,290,0,0,0,1153.24,0,
TXN04-03688,4,2026-07-17 17:03:09,41744.08,Office,40005,Card,DEV-04-1,iPhone,Mumbai,17,4,0,64.72,32,21468.14,12832.78,194,1187,3085,0,0,0,1153.24,0,
TXN04-03689,4,2026-07-17 17:13:06,6755.83,Hotels,40007,Card,DEV-04-5,iPhone,Delhi,17,4,0,9.95,33,21529.77,12861.78,84,250,291,0,0,0,1153.24,0,
TXN04-03690,4,2026-07-17 17:24:56,11097.09,Suppliers,40004,UPI,DEV-04-3,iPhone,Mumbai,17,4,0,11.83,34,21485.0,12867.92,129,548,3086,0,0,0,1153.24,0,
TXN04-03691,4,2026-07-17 17:42:08,6418.08,Fuel,40012,UPI,DEV-04-4,Android,Mumbai,17,4,0,17.2,35,21453.62,12861.11,67,367,3087,0,0,0,0.0,0,
TXN04-03692,4,2026-07-17 17:46:12,27792.8,Suppliers,40003,Card,DEV-04-3,iPhone,Mumbai,17,4,0,4.07,36,21408.33,12868.14,316,549,3088,0,0,0,0.0,0,
TXN04-03693,4,2026-07-17 17:55:07,15113.83,Suppliers,40015,UPI,DEV-04-6,Web,Mumbai,17,4,0,8.92,37,21356.51,12807.55,67,148,3089,0,0,0,0.0,0,
TXN04-03694,4,2026-07-17 18:02:37,13107.76,Fuel,40012,Bank Transfer,DEV-04-10,Web,Mumbai,18,4,0,7.5,38,21337.77,12792.86,68,37,3090,0,0,0,0.0,0,
TXN04-03695,4,2026-07-17 18:45:10,19087.52,Office,40005,Card,DEV-04-1,iPhone,Mumbai,18,4,0,42.55,39,21317.3,12763.26,195,1188,3091,0,0,0,0.0,0,
TXN04-03696,4,2026-07-17 19:22:08,30410.47,Hotels,40010,UPI,DEV-04-2,iPhone,Mumbai,19,4,0,36.97,40,21325.81,12760.83,74,791,3092,0,0,0,0.0,0,
TXN04-03697,4,2026-07-17 19:43:22,4671.12,Office,40107,UPI,DEV-04-2,iPhone,Mumbai,19,4,0,21.23,41,21280.96,12710.53,4,792,3093,0,0,0,0.0,0,
TXN04-03698,4,2026-07-17 19:50:19,20155.41,Suppliers,40024,Bank Transfer,DEV-04-2,iPhone,Mumbai,19,4,0,6.95,42,21230.78,12724.01,32,793,3094,0,0,0,0.0,0,
TXN04-03699,4,2026-07-17 19:53:20,13760.79,Hotels,40025,Bank Transfer,DEV-04-3,iPhone,Mumbai,19,4,0,3.02,43,21227.54,12704.97,33,550,3095,0,0,0,0.0,0,
TXN04-03700,4,2026-07-17 20:37:58,18193.05,Fuel,40009,Card,DEV-04-1,iPhone,Mumbai,20,4,0,44.63,44,20961.89,12536.41,117,1189,3096,0,0,0,0.0,0,
TXN04-03701,4,2026-07-17 20:50:11,8201.42,Hotels,40014,Bank Transfer,DEV-04-5,iPhone,Mumbai,20,4,0,12.22,45,20953.5,12518.32,46,251,3097,0,0,0,0.0,0,
TXN04-03702,4,2026-07-18 08:01:21,12039.18,Suppliers,40038,Bank Transfer,DEV-04-5,iPhone,Mumbai,8,5,1,671.17,1,20858.59,12488.51,22,252,3098,0,0,0,0.0,0,
TXN04-03703,4,2026-07-18 08:11:33,50000.0,Office,40080,UPI,DEV-04-1,iPhone,Mumbai,8,5,1,10.2,2,20818.7,12495.66,10,1190,3099,0,0,0,0.0,0,
TXN04-03704,4,2026-07-18 08:54:37,42486.73,Fuel,40037,Card,DEV-04-2,iPhone,Mumbai,8,5,1,43.07,3,20864.7,12556.08,22,794,3100,0,0,0,0.0,0,
TXN04-03705,4,2026-07-18 09:19:25,46362.76,Suppliers,40004,Card,DEV-04-4,Android,Mumbai,9,5,1,24.8,4,20976.34,12652.8,130,368,3101,0,0,0,0.0,0,
TXN04-03706,4,2026-07-18 09:25:54,8714.11,Fuel,40020,Card,DEV-04-1,iPhone,Mumbai,9,5,1,6.48,5,21077.75,12723.59,47,1191,3102,0,0,0,0.0,0,
TXN04-03707,4,2026-07-18 09:34:40,14307.81,Fuel,40140,Bank Transfer,DEV-04-3,iPhone,Mumbai,9,5,1,8.77,6,21012.23,12732.26,2,551,3103,0,0,0,0.0,0,
TXN04-03708,4,2026-07-18 09:34:53,6973.6,Office,40082,Bank Transfer,DEV-04-1,iPhone,Mumbai,9,5,1,0.22,7,20991.66,12718.12,9,1192,3104,0,0,0,0.0,0,
TXN04-03709,4,2026-07-18 09:53:29,11983.53,Suppliers,40015,UPI,DEV-04-2,iPhone,Mumbai,9,5,1,18.6,8,20930.98,12737.65,68,795,3105,0,0,0,0.0,0,
TXN04-03710,4,2026-07-18 10:08:25,47614.02,Suppliers,40024,Card,DEV-04-10,Web,Mumbai,10,5,1,14.93,9,20819.19,12719.12,33,38,3106,0,0,0,0.0,0,
TXN04-03711,4,2026-07-18 11:18:09,20181.13,Fuel,40002,Card,DEV-04-1,iPhone,Mumbai,11,5,1,69.73,10,20936.23,12814.8,212,1193,3107,0,0,0,0.0,0,
TXN04-03712,4,2026-07-18 11:40:23,22064.54,Fuel,40086,Card,DEV-04-1,iPhone,Mumbai,11,5,1,22.23,11,20933.9,12795.08,9,1194,3108,0,0,0,0.0,0,
TXN04-03713,4,2026-07-18 11:40:45,7155.18,Fuel,40140,Card,DEV-04-1,iPhone,Mumbai,11,5,1,0.37,12,20937.38,12775.53,3,1195,3109,0,0,0,0.0,0,
TXN04-03714,4,2026-07-18 11:42:23,19277.11,Suppliers,40004,Card,DEV-04-8,Android,Mumbai,11,5,1,1.63,13,20895.11,12778.67,131,94,3110,0,0,0,0.0,0,
TXN04-03715,4,2026-07-18 12:02:47,32184.9,Hotels,40074,UPI,DEV-04-3,iPhone,Delhi,12,5,1,20.4,14,20890.16,12759.43,6,552,292,0,0,0,1153.24,0,
TXN04-03716,4,2026-07-18 12:08:22,11886.48,Office,40008,UPI,DEV-04-1,iPhone,Mumbai,12,5,1,5.58,15,20924.59,12755.17,97,1196,3111,0,0,0,1153.24,0,
TXN04-03717,4,2026-07-18 12:13:46,20350.33,Suppliers,40024,Card,DEV-04-6,Web,Pune,12,5,1,5.4,16,20897.12,12745.49,34,149,261,0,0,0,120.15,0,
TXN04-03718,4,2026-07-18 12:39:45,5207.48,Office,40033,Card,DEV-04-1,iPhone,Mumbai,12,5,1,25.98,17,20910.6,12747.57,27,1197,3112,0,0,0,120.15,0,
TXN04-03719,4,2026-07-18 13:31:15,28153.72,Suppliers,40022,Card,DEV-04-11,Android,Mumbai,13,5,1,51.5,18,20867.31,12713.27,52,21,3113,0,0,0,0.0,0,
TXN04-03720,4,2026-07-18 13:31:46,18265.87,Fuel,40012,Card,DEV-04-1,iPhone,Mumbai,13,5,1,0.52,19,20889.79,12700.07,69,1198,3114,0,0,0,0.0,0,
TXN04-03721,4,2026-07-18 14:03:58,30013.01,Suppliers,40004,Bank Transfer,DEV-04-2,iPhone,Mumbai,14,5,1,32.2,20,20767.88,12639.38,132,796,3115,0,0,0,0.0,0,
TXN04-03722,4,2026-07-18 14:31:13,45048.6,Hotels,40056,Card,DEV-04-1,iPhone,Mumbai,14,5,1,27.25,21,20859.12,12644.22,19,1199,3116,0,0,0,0.0,0,
TXN04-03723,4,2026-07-18 14:32:19,37067.72,Office,40016,Card,DEV-04-1,iPhone,Delhi,14,5,1,1.1,22,20934.24,12696.12,65,1200,293,0,0,0,1153.24,0,
TXN04-03724,4,2026-07-18 14:46:05,9766.54,Hotels,40001,Card,DEV-04-1,iPhone,Mumbai,14,5,1,13.77,23,20936.65,12620.92,350,1201,3117,0,0,0,1153.24,0,
TXN04-03725,4,2026-07-18 14:46:45,13252.84,Suppliers,40003,UPI,DEV-04-1,iPhone,Mumbai,14,5,1,0.67,24,20901.96,12616.62,317,1202,3118,0,0,0,0.0,0,
TXN04-03726,4,2026-07-18 14:58:21,18509.97,Suppliers,40003,Card,DEV-04-6,Web,Mumbai,14,5,1,11.6,25,20878.28,12604.24,318,150,3119,0,0,0,0.0,0,
TXN04-03727,4,2026-07-18 15:51:12,8602.97,Hotels,40019,Bank Transfer,DEV-04-17,iPhone,Mumbai,15,5,1,52.85,26,20978.71,12663.98,58,4,3120,0,0,0,0.0,0,
TXN04-03728,4,2026-07-18 16:02:06,9603.11,Fuel,40141,Card,DEV-04-4,Android,Mumbai,16,5,1,10.9,27,20939.92,12663.03,1,369,3121,0,0,1,0.0,0,
TXN04-03729,4,2026-07-18 16:18:33,37911.94,Suppliers,40015,Card,DEV-04-2,iPhone,Mumbai,16,5,1,16.45,28,20928.13,12689.66,69,797,3122,0,0,0,0.0,0,
TXN04-03730,4,2026-07-18 16:22:21,14649.35,Fuel,40002,Card,DEV-04-3,iPhone,Pune,16,5,1,3.8,29,20981.37,12705.28,213,553,262,0,0,0,120.15,0,
TXN04-03731,4,2026-07-18 16:39:53,12236.84,Fuel,40002,Bank Transfer,DEV-04-1,iPhone,Mumbai,16,5,1,17.53,30,20984.8,12703.42,214,1203,3123,0,0,0,120.15,0,
TXN04-03732,4,2026-07-18 16:43:20,20482.52,Hotels,40001,Bank Transfer,DEV-04-1,iPhone,Mumbai,16,5,1,3.45,31,20972.46,12710.0,351,1204,3124,0,0,0,0.0,0,
TXN04-03733,4,2026-07-18 17:01:18,5775.31,Office,40040,UPI,DEV-04-2,iPhone,Mumbai,17,5,1,17.97,32,21014.0,12731.92,23,798,3125,0,0,0,0.0,0,
TXN04-03734,4,2026-07-18 17:49:38,25864.75,Fuel,40088,UPI,DEV-04-5,iPhone,Mumbai,17,5,1,48.33,33,20967.65,12760.53,6,253,3126,0,0,0,0.0,0,
TXN04-03735,4,2026-07-18 17:54:12,22736.9,Suppliers,40022,UPI,DEV-04-3,iPhone,Mumbai,17,5,1,4.57,34,20983.05,12743.4,53,554,3127,0,0,0,0.0,0,
TXN04-03736,4,2026-07-18 17:59:30,9875.68,Suppliers,40024,Card,DEV-04-2,iPhone,Mumbai,17,5,1,5.3,35,21022.38,12729.45,35,799,3128,0,0,0,0.0,0,
TXN04-03737,4,2026-07-18 18:23:57,41826.06,Hotels,40007,Card,DEV-04-6,Web,Delhi,18,5,1,24.45,36,20964.09,12737.91,85,151,294,0,0,0,1153.24,0,
TXN04-03738,4,2026-07-18 18:24:34,37908.01,Suppliers,40003,Card,DEV-04-2,iPhone,Pune,18,5,1,0.62,37,21029.48,12771.29,319,800,263,0,0,0,1179.48,0,
TXN04-03739,4,2026-07-18 19:03:13,12822.68,Hotels,40014,Bank Transfer,DEV-04-1,iPhone,Mumbai,19,5,1,38.65,38,21108.59,12843.24,47,1205,3129,0,0,0,120.15,0,
TXN04-03740,4,2026-07-18 19:19:17,26797.77,Hotels,40102,UPI,DEV-04-5,iPhone,Mumbai,19,5,1,16.07,39,21082.37,12831.34,5,254,3130,0,0,0,0.0,0,
TXN04-03741,4,2026-07-18 19:45:53,25197.04,Office,40049,Card,DEV-04-1,iPhone,Mumbai,19,5,1,26.6,40,21053.09,12838.18,16,1206,3131,0,0,0,0.0,0,
TXN04-03742,4,2026-07-18 19:49:00,26604.42,Hotels,40065,UPI,DEV-04-2,iPhone,Mumbai,19,5,1,3.12,41,21066.2,12819.96,7,801,3132,0,0,0,0.0,0,
TXN04-03743,4,2026-07-18 19:52:48,30628.23,Suppliers,40004,UPI,DEV-04-3,iPhone,Pune,19,5,1,3.8,42,21083.67,12803.49,133,555,264,0,0,0,120.15,0,
TXN04-03744,4,2026-07-18 20:02:10,10212.46,Suppliers,40003,Card,DEV-04-3,iPhone,Mumbai,20,5,1,9.37,43,21113.69,12794.51,320,556,3133,0,0,0,120.15,0,
TXN04-03745,4,2026-07-18 20:12:12,48360.91,Hotels,40006,Card,DEV-04-8,Android,Mumbai,20,5,1,10.03,44,21079.51,12788.97,148,95,3134,0,0,0,0.0,0,
TXN04-03746,4,2026-07-18 20:27:47,23980.08,Hotels,40014,Card,DEV-04-1,iPhone,Mumbai,20,5,1,15.58,45,21164.77,12859.44,48,1207,3135,0,0,0,0.0,0,
TXN04-03747,4,2026-07-18 20:33:26,20409.07,Suppliers,40133,Bank Transfer,DEV-04-4,Android,Mumbai,20,5,1,5.65,46,21173.54,12840.35,3,370,3136,0,0,0,0.0,0,
TXN04-03748,4,2026-07-18 20:38:42,17345.01,Hotels,40006,Card,DEV-04-2,iPhone,Mumbai,20,5,1,5.27,47,21171.28,12840.42,149,802,3137,0,0,0,0.0,0,
TXN04-03749,4,2026-07-18 20:41:28,26191.08,Suppliers,40011,UPI,DEV-04-2,iPhone,Mumbai,20,5,1,2.77,48,21107.63,12808.54,104,803,3138,0,0,0,0.0,0,
TXN04-03750,4,2026-07-18 20:49:09,7431.36,Office,40040,UPI,DEV-04-2,iPhone,Mumbai,20,5,1,7.68,49,21123.41,12791.77,24,804,3139,0,0,0,0.0,0,
TXN04-03751,4,2026-07-18 22:38:02,11717.09,Office,40082,Card,DEV-04-1,iPhone,Mumbai,22,5,1,108.88,50,21135.15,12814.9,10,1208,3140,0,0,0,0.0,1,ato_odd_hour
TXN04-03752,4,2026-07-19 08:09:36,49936.92,Office,40005,UPI,DEV-04-6,Web,Mumbai,8,6,1,571.57,1,20974.19,12595.76,196,152,3141,0,0,0,0.0,0,
TXN04-03753,4,2026-07-19 08:26:32,25569.19,Fuel,40026,Card,DEV-04-1,iPhone,Mumbai,8,6,1,16.93,2,21064.7,12679.53,25,1209,3142,0,0,0,0.0,0,
TXN04-03754,4,2026-07-19 08:35:51,16376.96,Office,40080,Card,DEV-04-6,Web,Mumbai,8,6,1,9.32,3,21078.73,12662.26,11,153,3143,0,0,0,0.0,0,
TXN04-03755,4,2026-07-19 08:44:40,24481.39,Fuel,40002,Card,DEV-04-2,iPhone,Mumbai,8,6,1,8.82,4,21062.98,12664.95,215,805,3144,0,0,0,0.0,0,
TXN04-03756,4,2026-07-19 08:47:28,24693.64,Office,40049,Card,DEV-04-1,iPhone,Mumbai,8,6,1,2.8,5,21073.59,12646.7,17,1210,3145,0,0,0,0.0,0,
TXN04-03757,4,2026-07-19 08:55:55,13098.15,Suppliers,40130,UPI,DEV-04-2,iPhone,Mumbai,8,6,1,8.45,6,21084.8,12628.71,3,806,3146,0,0,0,0.0,0,
TXN04-03758,4,2026-07-19 08:57:03,12396.32,Suppliers,40004,Bank Transfer,DEV-04-2,iPhone,Mumbai,8,6,1,1.13,7,21060.15,12616.99,134,807,3147,0,0,0,0.0,0,
TXN04-03759,4,2026-07-19 09:02:46,27594.29,Hotels,40066,Card,DEV-04-2,iPhone,Mumbai,9,6,1,5.72,8,20990.01,12601.78,14,808,3148,0,0,0,0.0,0,
TXN04-03760,4,2026-07-19 09:06:50,33437.32,Suppliers,40083,Card,DEV-04-4,Android,Mumbai,9,6,1,4.07,9,21010.33,12587.69,11,371,3149,0,0,0,0.0,0,
TXN04-03761,4,2026-07-19 09:15:13,28755.72,Suppliers,40018,UPI,DEV-04-1,iPhone,Mumbai,9,6,1,8.38,10,21048.45,12587.15,56,1211,3150,0,0,0,0.0,0,
TXN04-03762,4,2026-07-19 09:30:28,15683.72,Hotels,40069,UPI,DEV-04-2,iPhone,Mumbai,9,6,1,15.25,11,21016.94,12513.66,12,809,3151,0,0,0,0.0,0,
TXN04-03763,4,2026-07-19 09:43:22,19068.5,Hotels,40025,Card,DEV-04-38,Android,Mumbai,9,6,1,12.9,12,21000.58,12497.93,34,1,3152,1,0,0,0.0,0,
TXN04-03764,4,2026-07-19 09:59:51,34999.82,Hotels,40081,UPI,DEV-04-1,iPhone,Jaipur,9,6,1,16.48,13,20981.52,12496.13,6,1212,3,0,0,0,920.74,0,
TXN04-03765,4,2026-07-19 10:10:02,20661.43,Suppliers,40003,Bank Transfer,DEV-04-6,Web,Mumbai,10,6,1,10.18,14,21082.99,12508.73,321,154,3153,0,0,0,920.74,0,
TXN04-03766,4,2026-07-19 10:15:01,30238.86,Fuel,40012,Card,DEV-04-2,iPhone,Delhi,10,6,1,4.98,15,21081.69,12489.49,70,810,295,0,0,0,1153.24,0,
TXN04-03767,4,2026-07-19 10:17:33,4863.97,Office,40008,Card,DEV-04-6,Web,Mumbai,10,6,1,2.53,16,21109.78,12480.59,98,155,3154,0,0,0,1153.24,0,
TXN04-03768,4,2026-07-19 10:40:34,15142.94,Suppliers,40015,Card,DEV-04-1,iPhone,Mumbai,10,6,1,23.02,17,21068.87,12511.88,70,1213,3155,0,0,0,0.0,0,
TXN04-03769,4,2026-07-19 11:03:57,12834.38,Hotels,40142,UPI,DEV-04-1,iPhone,Pune,11,6,1,23.38,18,21072.55,12509.96,1,1214,265,0,0,1,120.15,0,
TXN04-03770,4,2026-07-19 11:09:42,20061.72,Suppliers,40003,Card,DEV-04-4,Android,Mumbai,11,6,1,5.75,19,21047.36,12499.1,322,372,3156,0,0,0,120.15,0,
TXN04-03771,4,2026-07-19 11:12:32,43747.39,Fuel,40094,Bank Transfer,DEV-04-4,Android,Mumbai,11,6,1,2.83,20,21044.35,12480.15,4,373,3157,0,0,0,0.0,0,
TXN04-03772,4,2026-07-19 11:13:09,17785.97,Suppliers,40004,Card,DEV-04-6,Web,Mumbai,11,6,1,0.62,21,21113.36,12523.68,135,156,3158,0,0,0,0.0,0,
TXN04-03773,4,2026-07-19 11:13:45,28660.11,Fuel,40047,Card,DEV-04-5,iPhone,Mumbai,11,6,1,0.6,22,21103.28,12506.03,16,255,3159,0,0,0,0.0,0,
TXN04-03774,4,2026-07-19 11:26:03,50000.0,Hotels,40006,UPI,DEV-04-2,iPhone,Mumbai,11,6,1,12.3,23,21113.55,12500.93,150,811,3160,0,0,0,0.0,0,
TXN04-03775,4,2026-07-19 11:37:56,31158.95,Hotels,40006,Card,DEV-04-2,iPhone,Mumbai,11,6,1,11.88,24,21137.73,12548.99,151,812,3161,0,0,0,0.0,0,
TXN04-03776,4,2026-07-19 11:50:52,34892.21,Fuel,40012,Bank Transfer,DEV-04-1,iPhone,Mumbai,11,6,1,12.93,25,21197.55,12549.71,71,1215,3162,0,0,0,0.0,0,
TXN04-03777,4,2026-07-19 11:52:34,13733.76,Office,40028,UPI,DEV-04-17,iPhone,Mumbai,11,6,1,1.7,26,21239.05,12553.27,44,5,3163,0,0,0,0.0,0,
TXN04-03778,4,2026-07-19 12:02:07,26545.76,Hotels,40138,Card,DEV-04-10,Web,Mumbai,12,6,1,9.55,27,21183.8,12524.55,2,39,3164,0,0,0,0.0,0,
TXN04-03779,4,2026-07-19 12:32:30,13253.72,Suppliers,40003,Bank Transfer,DEV-04-8,Android,Mumbai,12,6,1,30.38,28,21139.2,12479.18,323,96,3165,0,0,0,0.0,0,
TXN04-03780,4,2026-07-19 13:04:22,20385.51,Hotels,40143,Card,DEV-04-1,iPhone,Mumbai,13,6,1,31.87,29,21076.97,12425.3,1,1216,3166,0,0,1,0.0,0,
TXN04-03781,4,2026-07-19 13:12:30,25297.97,Suppliers,40011,Card,DEV-04-3,iPhone,Mumbai,13,6,1,8.13,30,21074.86,12406.34,105,557,3167,0,0,0,0.0,0,
TXN04-03782,4,2026-07-19 13:28:19,22834.08,Fuel,40002,Bank Transfer,DEV-04-2,iPhone,Mumbai,13,6,1,15.82,31,21069.98,12404.37,216,813,3168,0,0,0,0.0,0,
TXN04-03783,4,2026-07-19 13:33:16,38919.9,Office,40017,Card,DEV-04-1,iPhone,Delhi,13,6,1,4.95,32,21075.36,12385.83,62,1217,296,0,0,0,1153.24,0,
TXN04-03784,4,2026-07-19 13:40:08,28222.29,Suppliers,40059,UPI,DEV-04-7,iPhone,Mumbai,13,6,1,6.87,33,21105.38,12417.07,15,106,3169,0,0,0,1153.24,0,
TXN04-03785,4,2026-07-19 13:56:44,3714.09,Office,40005,UPI,DEV-04-5,iPhone,Pune,13,6,1,16.6,34,21225.04,12377.71,197,256,266,0,0,0,120.15,0,
TXN04-03786,4,2026-07-19 14:07:52,19106.14,Hotels,40001,Card,DEV-04-5,iPhone,Mumbai,14,6,1,11.13,35,21171.65,12396.48,352,257,3170,0,0,0,120.15,0,
TXN04-03787,4,2026-07-19 14:27:59,34182.47,Fuel,40021,Card,DEV-04-1,iPhone,Indore,14,6,1,20.12,36,21142.61,12347.21,46,1218,1,0,1,0,509.83,0,
TXN04-03788,4,2026-07-19 14:30:11,35436.15,Hotels,40067,Bank Transfer,DEV-04-3,iPhone,Mumbai,14,6,1,2.2,37,21182.37,12349.31,9,558,3171,0,0,0,509.83,0,
TXN04-03789,4,2026-07-19 15:02:44,50000.0,Hotels,40006,Card,DEV-04-1,iPhone,Mumbai,15,6,1,32.55,38,21235.21,12373.09,152,1219,3172,0,0,0,0.0,0,
TXN04-03790,4,2026-07-19 15:11:55,17257.46,Office,40005,Bank Transfer,DEV-04-1,iPhone,Mumbai,15,6,1,9.18,39,21322.64,12455.33,198,1220,3173,0,0,0,0.0,0,
TXN04-03791,4,2026-07-19 15:13:40,21274.18,Office,40016,UPI,DEV-04-7,iPhone,Mumbai,15,6,1,1.75,40,21310.32,12438.45,66,107,3174,0,0,0,0.0,0,
TXN04-03792,4,2026-07-19 15:22:40,7677.56,Hotels,40001,Card,DEV-04-6,Web,Mumbai,15,6,1,9.0,41,21310.21,12419.65,353,157,3175,0,0,0,0.0,0,
TXN04-03793,4,2026-07-19 15:28:11,3916.36,Suppliers,40011,Card,DEV-04-1,iPhone,Mumbai,15,6,1,5.52,42,21269.15,12423.41,106,1221,3176,0,0,0,0.0,0,
TXN04-03794,4,2026-07-19 15:37:24,48312.43,Hotels,40010,Card,DEV-04-5,iPhone,Mumbai,15,6,1,9.22,43,21165.08,12423.62,75,258,3177,0,0,0,0.0,0,
TXN04-03795,4,2026-07-19 15:37:31,31494.72,Suppliers,40024,Bank Transfer,DEV-04-8,Android,Mumbai,15,6,1,0.12,44,21246.61,12493.57,36,97,3178,0,0,0,0.0,0,
TXN04-03796,4,2026-07-19 15:41:48,17239.77,Office,40005,Card,DEV-04-9,iPhone,Mumbai,15,6,1,4.28,45,21228.94,12474.89,199,48,3179,0,0,0,0.0,0,
TXN04-03797,4,2026-07-19 15:53:57,12897.32,Hotels,40006,UPI,DEV-04-3,iPhone,Mumbai,15,6,1,12.15,46,21216.99,12458.11,153,559,3180,0,0,0,0.0,0,
TXN04-03798,4,2026-07-19 16:21:47,40515.85,Office,40092,UPI,DEV-04-2,iPhone,Mumbai,16,6,1,27.83,47,21300.43,12502.93,5,814,3181,0,0,0,0.0,0,
TXN04-03799,4,2026-07-19 16:32:38,13525.2,Suppliers,40015,Bank Transfer,DEV-04-1,iPhone,Mumbai,16,6,1,10.85,48,21358.48,12528.49,71,1222,3182,0,0,0,0.0,0,
TXN04-03800,4,2026-07-19 16:44:29,2837.69,Hotels,40066,Card,DEV-04-4,Android,Delhi,16,6,1,11.85,49,21334.88,12516.97,15,374,297,0,0,0,1153.24,0,
TXN04-03801,4,2026-07-19 16:49:56,50000.0,Hotels,40177,Card,DEV-UNK-2711,Android,Delhi,16,6,1,5.45,50,21279.34,12539.08,1,1,298,1,0,1,0.0,1,ato_new_device_new_merchant_same_category
TXN04-03802,4,2026-07-19 17:03:38,23825.04,Hotels,40065,Card,DEV-04-2,iPhone,Mumbai,17,6,1,13.7,51,21354.04,12650.59,8,815,3183,0,0,0,1153.24,0,
TXN04-03803,4,2026-07-19 17:36:40,9266.15,Suppliers,40003,Card,DEV-04-2,iPhone,Mumbai,17,6,1,33.03,52,21306.45,12559.06,324,816,3184,0,0,0,0.0,0,
TXN04-03804,4,2026-07-19 17:49:41,43624.15,Suppliers,40055,UPI,DEV-04-2,iPhone,Mumbai,17,6,1,13.02,53,21327.72,12532.67,17,817,3185,0,0,0,0.0,0,
TXN04-03805,4,2026-07-19 17:53:38,9984.27,Suppliers,40055,Card,DEV-04-2,iPhone,Mumbai,17,6,1,3.95,54,21394.87,12573.28,18,818,3186,0,0,0,0.0,0,
TXN04-03806,4,2026-07-19 18:05:41,26649.0,Suppliers,40113,Bank Transfer,DEV-04-1,iPhone,Mumbai,18,6,1,12.05,55,21360.61,12569.91,3,1223,3187,0,0,0,0.0,0,
TXN04-03807,4,2026-07-19 18:16:37,28519.34,Fuel,40088,Card,DEV-04-2,iPhone,Mumbai,18,6,1,10.93,56,21376.44,12554.4,7,819,3188,0,0,0,0.0,0,
TXN04-03808,4,2026-07-19 18:20:58,35965.24,Suppliers,40027,Bank Transfer,DEV-04-3,iPhone,Pune,18,6,1,4.35,57,21397.76,12541.7,38,560,267,0,0,0,120.15,0,
TXN04-03809,4,2026-07-19 18:40:14,25727.82,Hotels,40001,UPI,DEV-04-2,iPhone,Mumbai,18,6,1,19.27,58,21476.55,12565.28,354,820,3189,0,0,0,120.15,0,
TXN04-03810,4,2026-07-19 18:41:41,6312.02,Hotels,40006,Card,DEV-04-1,iPhone,Mumbai,18,6,1,1.45,59,21517.93,12556.46,154,1224,3190,0,0,0,0.0,0,
TXN04-03811,4,2026-07-19 18:43:16,7976.47,Office,40005,Card,DEV-04-2,iPhone,Mumbai,18,6,1,1.58,60,21472.54,12565.11,200,821,3191,0,0,0,0.0,0,
TXN04-03812,4,2026-07-19 18:43:20,28695.93,Fuel,40023,Card,DEV-04-10,Web,Mumbai,18,6,1,0.07,61,21432.37,12567.92,32,40,3192,0,0,0,0.0,0,
TXN04-03813,4,2026-07-19 19:04:55,14955.46,Fuel,40012,UPI,DEV-04-2,iPhone,Mumbai,19,6,1,21.58,62,21453.93,12555.48,72,822,3193,0,0,0,0.0,0,
TXN04-03814,4,2026-07-19 19:05:27,20089.17,Suppliers,40027,UPI,DEV-04-3,iPhone,Mumbai,19,6,1,0.53,63,21434.7,12541.86,39,561,3194,0,0,0,0.0,0,
TXN04-03815,4,2026-07-19 19:23:42,12265.39,Fuel,40009,UPI,DEV-04-3,iPhone,Delhi,19,6,1,18.25,64,21442.78,12540.11,118,562,299,0,0,0,1153.24,0,
TXN04-03816,4,2026-07-19 19:36:40,33310.38,Suppliers,40034,Bank Transfer,DEV-04-2,iPhone,Mumbai,19,6,1,12.97,65,21415.71,12531.49,43,823,3195,0,0,0,1153.24,0,
TXN04-03817,4,2026-07-19 19:46:10,13619.87,Office,40092,Card,DEV-04-1,iPhone,Mumbai,19,6,1,9.5,66,21450.7,12529.61,6,1225,3196,0,0,0,0.0,0,
TXN04-03818,4,2026-07-19 19:47:52,9397.71,Suppliers,40120,Card,DEV-04-1,iPhone,Mumbai,19,6,1,1.7,67,21427.73,12518.39,2,1226,3197,0,0,0,0.0,0,
TXN04-03819,4,2026-07-19 20:07:18,5580.63,Suppliers,40015,Card,DEV-04-6,Web,Mumbai,20,6,1,19.43,68,21368.34,12527.28,72,158,3198,0,0,0,0.0,0,
TXN04-03820,4,2026-07-19 20:12:09,50000.0,Suppliers,40018,Bank Transfer,DEV-04-2,iPhone,Mumbai,20,6,1,4.85,69,21322.18,12537.96,57,824,3199,0,0,0,0.0,0,
TXN04-03821,4,2026-07-19 20:12:57,8494.1,Suppliers,40003,Card,DEV-04-1,iPhone,Mumbai,20,6,1,0.8,70,21405.78,12614.79,325,1227,3200,0,0,0,0.0,0,
TXN04-03822,4,2026-07-19 20:14:36,28530.42,Fuel,40072,Card,DEV-04-2,iPhone,Mumbai,20,6,1,1.65,71,21374.86,12633.39,8,825,3201,0,0,0,0.0,0,
TXN04-03823,4,2026-07-19 20:18:01,16079.03,Suppliers,40004,Bank Transfer,DEV-04-3,iPhone,Mumbai,20,6,1,3.42,72,21395.66,12620.89,136,563,3202,0,0,0,0.0,0,
TXN04-03824,4,2026-07-19 20:25:17,4317.73,Suppliers,40052,Bank Transfer,DEV-04-1,iPhone,Mumbai,20,6,1,7.27,73,21380.25,12605.83,21,1228,3203,0,0,0,0.0,0,
TXN04-03825,4,2026-07-19 20:33:10,35276.78,Suppliers,40061,Card,DEV-04-4,Android,Mumbai,20,6,1,7.88,74,21330.94,12620.88,11,375,3204,0,0,0,0.0,0,
TXN04-03826,4,2026-07-19 20:39:56,20618.64,Hotels,40029,Card,DEV-04-2,iPhone,Mumbai,20,6,1,6.77,75,21371.13,12624.84,40,826,3205,0,0,0,0.0,0,
TXN04-03827,4,2026-07-19 20:55:25,15748.05,Fuel,40023,Card,DEV-04-1,iPhone,Delhi,20,6,1,15.48,76,21397.6,12613.6,33,1229,300,0,0,0,1153.24,0,
TXN04-03828,4,2026-07-19 20:55:39,6436.6,Fuel,40089,UPI,DEV-04-2,iPhone,Mumbai,20,6,1,0.23,77,21381.36,12599.09,6,827,3206,0,0,0,1153.24,0,
TXN04-03829,4,2026-07-19 20:55:58,15109.12,Office,40108,UPI,DEV-04-3,iPhone,Mumbai,20,6,1,0.32,78,21338.54,12606.36,6,564,3207,0,0,0,0.0,0,
TXN04-03830,4,2026-07-20 08:13:45,27957.83,Suppliers,40055,Card,DEV-04-8,Android,Mumbai,8,0,0,677.78,1,21257.55,12601.02,19,98,3208,0,0,0,0.0,0,
TXN04-03831,4,2026-07-20 09:18:07,19989.94,Suppliers,40144,UPI,DEV-04-2,iPhone,Mumbai,9,0,0,64.37,2,21296.32,12621.4,1,828,3209,0,0,1,0.0,0,
TXN04-03832,4,2026-07-20 09:19:06,21060.2,Office,40135,Card,DEV-04-1,iPhone,Mumbai,9,0,0,0.98,3,21292.57,12603.45,2,1230,3210,0,0,0,0.0,0,
TXN04-03833,4,2026-07-20 09:32:42,25356.29,Hotels,40039,Card,DEV-04-2,iPhone,Mumbai,9,0,0,13.6,4,21325.25,12588.05,19,829,3211,0,0,0,0.0,0,
TXN04-03834,4,2026-07-20 09:37:49,37836.19,Hotels,40007,Card,DEV-04-1,iPhone,Mumbai,9,0,0,5.12,5,21336.8,12571.85,86,1231,3212,0,0,0,0.0,0,
TXN04-03835,4,2026-07-20 09:38:46,37615.22,Hotels,40053,Card,DEV-04-1,iPhone,Mumbai,9,0,0,0.95,6,21383.94,12584.73,13,1232,3213,0,0,0,0.0,0,
TXN04-03836,4,2026-07-20 09:47:26,22623.96,Hotels,40001,UPI,DEV-04-4,Android,Mumbai,9,0,0,8.67,7,21379.14,12578.22,355,376,3214,0,0,0,0.0,0,
TXN04-03837,4,2026-07-20 10:05:23,25370.03,Hotels,40006,Card,DEV-04-3,iPhone,Mumbai,10,0,0,17.95,8,21382.69,12560.47,155,565,3215,0,0,0,0.0,0,
TXN04-03838,4,2026-07-20 10:33:22,22219.73,Suppliers,40018,Card,DEV-04-5,iPhone,Mumbai,10,0,0,27.98,9,21311.32,12486.64,58,259,3216,0,0,0,0.0,0,
TXN04-03839,4,2026-07-20 10:36:26,25341.74,Suppliers,40003,Card,DEV-04-2,iPhone,Delhi,10,0,0,3.07,10,21313.91,12468.94,326,830,301,0,0,0,1153.24,0,
TXN04-03840,4,2026-07-20 10:42:26,12359.42,Hotels,40030,Card,DEV-04-3,iPhone,Mumbai,10,0,0,6.0,11,21325.35,12453.06,35,566,3217,0,0,0,1153.24,0,
TXN04-03841,4,2026-07-20 10:56:27,50000.0,Hotels,40019,UPI,DEV-04-2,iPhone,Mumbai,10,0,0,14.02,12,21319.57,12456.75,59,831,3218,0,0,0,0.0,0,
TXN04-03842,4,2026-07-20 11:10:43,33081.19,Suppliers,40059,Card,DEV-04-3,iPhone,Mumbai,11,0,0,14.27,13,21405.48,12549.62,16,567,3219,0,0,0,0.0,0,
TXN04-03843,4,2026-07-20 11:37:21,9474.86,Hotels,40014,UPI,DEV-04-2,iPhone,Delhi,11,0,0,26.63,14,21396.16,12495.66,49,832,302,0,0,0,1153.24,0,
TXN04-03844,4,2026-07-20 11:57:59,30691.65,Hotels,40030,Card,DEV-04-13,iPhone,Mumbai,11,0,0,20.63,15,21387.06,12503.17,36,11,3220,0,0,0,1153.24,0,
TXN04-03845,4,2026-07-20 12:18:27,50000.0,Suppliers,40035,UPI,DEV-04-3,iPhone,Mumbai,12,0,0,20.47,16,21391.78,12506.36,33,568,3221,0,0,0,0.0,0,
TXN04-03846,4,2026-07-20 12:19:50,50000.0,Fuel,40002,Card,DEV-04-1,iPhone,Mumbai,12,0,0,1.38,17,21473.05,12581.07,217,1233,3222,0,0,0,0.0,0,
TXN04-03847,4,2026-07-20 13:33:26,30777.11,Suppliers,40003,Card,DEV-04-1,iPhone,Mumbai,13,0,0,73.6,18,21661.49,12648.77,327,1234,3223,0,0,0,0.0,0,
TXN04-03848,4,2026-07-20 13:38:13,17970.68,Fuel,40047,Card,DEV-04-6,Web,Mumbai,13,0,0,4.78,19,21724.66,12638.93,17,159,3224,0,0,0,0.0,0,
TXN04-03849,4,2026-07-20 13:41:32,13201.17,Fuel,40002,Card,DEV-04-2,iPhone,Mumbai,13,0,0,3.32,20,21713.97,12622.49,218,833,3225,0,0,0,0.0,0,
TXN04-03850,4,2026-07-20 13:51:12,22255.6,Hotels,40001,Card,DEV-04-5,iPhone,Mumbai,13,0,0,9.67,21,21689.78,12612.69,356,260,3226,0,0,0,0.0,0,
TXN04-03851,4,2026-07-20 13:59:09,4191.52,Suppliers,40003,Card,DEV-04-7,iPhone,Pune,13,0,0,7.95,22,21691.39,12594.85,328,108,268,0,0,0,120.15,0,
TXN04-03852,4,2026-07-20 14:27:04,20026.55,Fuel,40043,Card,DEV-04-2,iPhone,Mumbai,14,0,0,27.92,23,21733.54,12611.18,31,834,3227,0,0,0,120.15,0,
TXN04-03853,4,2026-07-20 14:51:06,46415.89,Office,40008,UPI,DEV-04-4,Android,Pune,14,0,0,24.03,24,21743.54,12608.43,99,377,269,0,0,0,120.15,0,
TXN04-03854,4,2026-07-20 14:52:12,36038.78,Hotels,40001,UPI,DEV-04-2,iPhone,Mumbai,14,0,0,1.1,25,21813.83,12658.95,357,835,3228,0,0,0,120.15,0,
TXN04-03855,4,2026-07-20 14:56:44,15558.72,Suppliers,40003,Bank Transfer,DEV-04-4,Android,Mumbai,14,0,0,4.53,26,21857.66,12681.47,329,378,3229,0,0,0,0.0,0,
TXN04-03856,4,2026-07-20 14:59:51,50000.0,Hotels,40010,Bank Transfer,DEV-04-1,iPhone,Mumbai,14,0,0,3.12,27,21839.76,12667.88,76,1235,3230,0,0,0,0.0,0,
TXN04-03857,4,2026-07-20 15:50:18,7240.11,Hotels,40010,Card,DEV-04-9,iPhone,Mumbai,15,0,0,50.45,28,21919.53,12738.16,77,49,3231,0,0,0,0.0,0,
TXN04-03858,4,2026-07-20 16:34:37,22006.56,Hotels,40056,Card,DEV-UNK-2926,Android,Mumbai,16,0,0,44.32,29,21847.02,12748.65,20,1,3232,1,0,0,0.0,1,ato_higher_amount_new_device
TXN04-03859,4,2026-07-20 16:45:23,19133.45,Fuel,40079,UPI,DEV-04-7,iPhone,Delhi,16,0,0,10.77,30,21847.47,12730.64,6,109,303,0,0,0,1153.24,0,
TXN04-03860,4,2026-07-20 17:14:13,29385.38,Hotels,40001,Bank Transfer,DEV-04-1,iPhone,Mumbai,17,0,0,28.83,31,21937.16,12717.37,358,1236,3233,0,0,0,1153.24,0,
TXN04-03861,4,2026-07-20 17:54:52,11936.07,Hotels,40066,Card,DEV-04-1,iPhone,Mumbai,17,0,0,40.65,32,21980.06,12716.95,16,1237,3234,0,0,0,0.0,0,
TXN04-03862,4,2026-07-20 18:17:28,18869.18,Hotels,40013,Card,DEV-04-4,Android,Mumbai,18,0,0,22.6,33,21915.69,12710.28,55,379,3235,0,0,0,0.0,0,
TXN04-03863,4,2026-07-20 18:26:32,31918.89,Hotels,40050,Card,DEV-04-1,iPhone,Mumbai,18,0,0,9.07,34,21907.06,12693.3,22,1238,3236,0,0,0,0.0,0,
TXN04-03864,4,2026-07-20 18:31:20,50000.0,Fuel,40068,Card,DEV-04-2,iPhone,Mumbai,18,0,0,4.8,35,21935.34,12686.49,9,836,3237,0,0,0,0.0,0,
TXN04-03865,4,2026-07-20 18:40:34,36174.01,Hotels,40090,UPI,DEV-04-4,Android,Pune,18,0,0,9.23,36,22041.33,12763.55,4,380,270,0,0,0,120.15,0,
TXN04-03866,4,2026-07-20 19:08:15,11883.18,Hotels,40006,Card,DEV-04-4,Android,Mumbai,19,0,0,27.68,37,22131.66,12783.27,156,381,3238,0,0,0,120.15,0,
TXN04-03867,4,2026-07-20 19:22:38,28620.91,Office,40031,UPI,DEV-04-1,iPhone,Mumbai,19,0,0,14.38,38,22102.71,12776.79,36,1239,3239,0,0,0,0.0,0,
TXN04-03868,4,2026-07-20 19:35:35,37593.76,Fuel,40021,Card,DEV-04-2,iPhone,Mumbai,19,0,0,12.95,39,22121.07,12763.46,47,837,3240,0,0,0,0.0,0,
TXN04-03869,4,2026-07-20 19:37:55,6520.28,Hotels,40006,Card,DEV-04-7,iPhone,Mumbai,19,0,0,2.33,40,22164.54,12771.8,157,110,3241,0,0,0,0.0,0,
TXN04-03870,4,2026-07-20 19:56:01,49866.34,Suppliers,40038,Card,DEV-04-2,iPhone,Mumbai,19,0,0,18.1,41,22120.71,12780.67,23,838,3242,0,0,0,0.0,0,
TXN04-03871,4,2026-07-20 19:58:22,25252.79,Suppliers,40052,Card,DEV-04-1,iPhone,Mumbai,19,0,0,2.35,42,22198.22,12846.54,22,1240,3243,0,0,0,0.0,0,
TXN04-03872,4,2026-07-20 20:05:43,26527.69,Hotels,40030,UPI,DEV-04-2,iPhone,Mumbai,20,0,0,7.35,43,22250.42,12820.84,37,839,3244,0,0,0,0.0,0,
TXN04-03873,4,2026-07-20 20:19:14,23023.53,Fuel,40012,Card,DEV-04-4,Android,Mumbai,20,0,0,13.52,44,22302.67,12800.04,73,382,3245,0,0,0,0.0,0,
TXN04-03874,4,2026-07-20 20:49:51,11350.78,Hotels,40001,Card,DEV-04-4,Android,Pune,20,0,0,30.62,45,22304.68,12782.25,359,383,271,0,0,0,120.15,0,
TXN04-03875,4,2026-07-21 08:11:26,39447.59,Suppliers,40003,UPI,DEV-04-1,iPhone,Mumbai,8,1,0,681.58,1,22274.25,12777.5,330,1241,3246,0,0,0,120.15,0,
TXN04-03876,4,2026-07-21 08:16:12,3567.81,Hotels,40001,Card,DEV-04-6,Web,Mumbai,8,1,0,4.77,2,22321.83,12791.67,360,160,3247,0,0,0,0.0,0,
TXN04-03877,4,2026-07-21 08:26:57,18047.82,Suppliers,40119,Card,DEV-04-5,iPhone,Mumbai,8,1,0,10.75,3,22306.97,12810.32,3,261,3248,0,0,0,0.0,0,
TXN04-03878,4,2026-07-21 08:37:10,50000.0,Suppliers,40003,Card,DEV-04-4,Android,Mumbai,8,1,0,10.22,4,22319.64,12825.28,331,384,3249,0,0,0,0.0,0,
TXN04-03879,4,2026-07-21 08:43:54,49160.52,Fuel,40026,Card,DEV-04-1,iPhone,Mumbai,8,1,0,6.73,5,22396.32,12889.87,26,1242,3250,0,0,0,0.0,0,
TXN04-03880,4,2026-07-21 09:10:43,50000.0,Suppliers,40003,Card,DEV-04-1,iPhone,Mumbai,9,1,0,26.82,6,22470.25,12948.47,332,1243,3251,0,0,0,0.0,0,
TXN04-03881,4,2026-07-21 09:13:41,16445.54,Fuel,40002,UPI,DEV-04-5,iPhone,Pune,9,1,0,2.97,7,22546.09,13010.89,219,262,272,0,0,0,120.15,0,
TXN04-03882,4,2026-07-21 09:30:42,16948.89,Fuel,40021,Bank Transfer,DEV-04-9,iPhone,Mumbai,9,1,0,17.02,8,22546.38,13010.75,48,50,3252,0,0,0,120.15,0,
TXN04-03883,4,2026-07-21 09:53:33,17330.2,Office,40017,Card,DEV-04-1,iPhone,Mumbai,9,1,0,22.85,9,22496.93,12997.81,63,1244,3253,0,0,0,0.0,0,
TXN04-03884,4,2026-07-21 10:13:39,42072.71,Suppliers,40024,UPI,DEV-04-1,iPhone,Mumbai,10,1,0,20.1,10,22482.73,12982.76,37,1245,3254,0,0,0,0.0,0,
TXN04-03885,4,2026-07-21 10:34:40,20305.09,Suppliers,40004,Bank Transfer,DEV-04-7,iPhone,Delhi,10,1,0,21.02,11,22603.4,13009.42,137,111,304,0,0,0,1153.24,0,
TXN04-03886,4,2026-07-21 11:07:01,16221.37,Suppliers,40114,Card,DEV-04-1,iPhone,Mumbai,11,1,0,32.35,12,22580.82,13006.28,3,1246,3255,0,0,0,1153.24,0,
TXN04-03887,4,2026-07-21 11:08:03,16968.81,Office,40028,Bank Transfer,DEV-04-1,iPhone,Pune,11,1,0,1.03,13,22563.35,12992.66,45,1247,273,0,0,0,120.15,0,
TXN04-03888,4,2026-07-21 11:27:59,27164.73,Fuel,40020,Card,DEV-04-2,iPhone,Mumbai,11,1,0,19.93,14,22552.02,12995.74,48,840,3256,0,0,0,120.15,0,
TXN04-03889,4,2026-07-21 11:48:47,8430.41,Fuel,40002,Card,DEV-04-1,iPhone,Mumbai,11,1,0,20.8,15,22567.71,12997.85,220,1248,3257,0,0,0,0.0,0,
TXN04-03890,4,2026-07-21 11:52:41,43856.31,Suppliers,40015,Card,DEV-04-12,Android,Mumbai,11,1,0,3.9,16,22528.98,13001.05,73,18,3258,0,0,0,0.0,0,
TXN04-03891,4,2026-07-21 11:54:01,32893.23,Suppliers,40003,UPI,DEV-04-3,iPhone,Mumbai,11,1,0,1.33,17,22587.25,13030.92,333,569,3259,0,0,0,0.0,0,
TXN04-03892,4,2026-07-21 12:10:41,11298.13,Office,40106,Card,DEV-04-3,iPhone,Mumbai,12,1,0,16.67,18,22615.56,12980.38,6,570,3260,0,0,0,0.0,0,
TXN04-03893,4,2026-07-21 13:04:48,24642.33,Hotels,40046,Card,DEV-04-1,iPhone,Mumbai,13,1,0,54.12,19,22540.56,12932.15,22,1249,3261,0,0,0,0.0,0,
TXN04-03894,4,2026-07-21 13:08:39,9453.24,Suppliers,40034,UPI,DEV-04-6,Web,Mumbai,13,1,0,3.85,20,22546.38,12914.7,44,161,3262,0,0,0,0.0,0,
TXN04-03895,4,2026-07-21 13:40:43,7608.42,Fuel,40009,Card,DEV-04-2,iPhone,Mumbai,13,1,0,32.07,21,22610.68,12934.63,119,841,3263,0,0,0,0.0,0,
TXN04-03896,4,2026-07-21 13:41:41,9099.64,Office,40085,UPI,DEV-04-3,iPhone,Mumbai,13,1,0,0.97,22,22568.89,12940.78,6,571,3264,0,0,0,0.0,0,
TXN04-03897,4,2026-07-21 13:47:23,46583.33,Fuel,40048,Card,DEV-04-1,iPhone,Pune,13,1,0,5.7,23,22531.47,12942.22,12,1250,274,0,0,0,120.15,0,
TXN04-03898,4,2026-07-21 14:05:39,26926.83,Fuel,40026,Bank Transfer,DEV-04-6,Web,Mumbai,14,1,0,18.27,24,22598.1,12985.96,27,162,3265,0,0,0,120.15,0,
TXN04-03899,4,2026-07-21 14:07:55,30063.67,Suppliers,40034,Card,DEV-04-2,iPhone,Mumbai,14,1,0,2.27,25,22610.06,12970.0,45,842,3266,0,0,0,0.0,0,
TXN04-03900,4,2026-07-21 14:15:14,18157.38,Office,40005,Bank Transfer,DEV-04-3,iPhone,Mumbai,14,1,0,7.32,26,22641.38,12968.23,201,572,3267,0,0,0,0.0,0,
TXN04-03901,4,2026-07-21 14:19:27,23777.09,Office,40005,Card,DEV-04-1,iPhone,Mumbai,14,1,0,4.22,27,22628.99,12952.45,202,1251,3268,0,0,0,0.0,0,
TXN04-03902,4,2026-07-21 14:22:03,25789.74,Suppliers,40003,Card,DEV-04-1,iPhone,Mumbai,14,1,0,2.6,28,22632.15,12934.73,334,1252,3269,0,0,0,0.0,0,
TXN04-03903,4,2026-07-21 14:56:12,11054.6,Suppliers,40137,Card,DEV-04-1,iPhone,Mumbai,14,1,0,34.15,29,22714.85,12914.22,2,1253,3270,0,0,0,0.0,0,
TXN04-03904,4,2026-07-21 14:59:12,42210.38,Hotels,40001,Card,DEV-04-1,iPhone,Mumbai,14,1,0,3.0,30,22682.73,12910.89,361,1254,3271,0,0,0,0.0,0,
TXN04-03905,4,2026-07-21 15:17:38,32182.22,Office,40008,Card,DEV-04-1,iPhone,Mumbai,15,1,0,18.43,31,22779.19,12889.28,100,1255,3272,0,0,0,0.0,0,
TXN04-03906,4,2026-07-21 15:37:15,12328.38,Hotels,40042,Card,DEV-04-1,iPhone,Mumbai,15,1,0,19.62,32,22763.9,12874.82,24,1256,3273,0,0,0,0.0,0,
TXN04-03907,4,2026-07-21 15:46:31,10588.35,Fuel,40023,Card,DEV-04-2,iPhone,Mumbai,15,1,0,9.27,33,22780.41,12857.6,34,843,3274,0,0,0,0.0,0,
TXN04-03908,4,2026-07-21 16:08:37,41257.07,Hotels,40006,Card,DEV-04-7,iPhone,Mumbai,16,1,0,22.1,34,22746.73,12855.76,158,112,3275,0,0,0,0.0,0,
TXN04-03909,4,2026-07-21 16:14:29,11706.44,Hotels,40029,Bank Transfer,DEV-04-1,iPhone,Mumbai,16,1,0,5.87,35,22797.72,12874.65,41,1257,3276,0,0,0,0.0,0,
TXN04-03910,4,2026-07-21 16:14:55,5615.86,Suppliers,40045,Card,DEV-04-7,iPhone,Mumbai,16,1,0,0.43,36,22767.25,12870.05,24,113,3277,0,0,0,0.0,0,
TXN04-03911,4,2026-07-21 18:27:18,14617.43,Hotels,40093,Card,DEV-04-1,iPhone,Pune,18,1,0,132.38,37,22646.42,12867.57,3,1258,275,0,0,0,120.15,0,
TXN04-03912,4,2026-07-21 18:30:24,28641.45,Office,40005,Bank Transfer,DEV-04-13,iPhone,Mumbai,18,1,0,3.1,38,22623.4,12874.6,203,12,3278,0,0,0,120.15,0,
TXN04-03913,4,2026-07-21 18:30:49,32140.1,Office,40016,UPI,DEV-04-4,Android,Pune,18,1,0,0.42,39,22640.31,12860.45,67,385,276,0,0,0,120.15,0,
TXN04-03914,4,2026-07-21 18:47:15,37578.17,Suppliers,40011,Bank Transfer,DEV-04-7,iPhone,Mumbai,18,1,0,16.43,40,22666.92,12852.23,107,114,3279,0,0,0,120.15,0,
TXN04-03915,4,2026-07-21 18:53:20,15915.97,Hotels,40069,UPI,DEV-04-6,Web,Pune,18,1,0,6.08,41,22776.33,12861.79,13,163,277,0,0,0,120.15,0,
TXN04-03916,4,2026-07-21 19:02:17,12188.96,Office,40082,UPI,DEV-04-3,iPhone,Mumbai,19,1,0,8.95,42,22711.47,12847.62,11,573,3280,0,0,0,120.15,0,
TXN04-03917,4,2026-07-21 19:24:13,31106.29,Suppliers,40119,Card,DEV-04-1,iPhone,Delhi,19,1,0,21.93,43,22681.92,12841.65,4,1259,305,0,0,0,1153.24,0,
TXN04-03918,4,2026-07-21 20:46:50,29063.49,Suppliers,40038,Card,DEV-04-7,iPhone,Mumbai,20,1,0,82.62,44,22607.39,12799.06,24,115,3281,0,0,0,1153.24,0,
TXN04-03919,4,2026-07-21 21:43:09,50000.0,Hotels,40041,UPI,DEV-04-1,iPhone,Mumbai,21,1,0,56.32,45,22625.74,12785.49,20,1260,3282,0,0,0,0.0,1,ato_odd_hour
TXN04-03920,4,2026-07-22 03:56:11,32463.67,Overseas Merchant,990030,Card,DEV-04-1,iPhone,New York,3,2,0,373.03,1,22703.28,12850.0,1,1261,1,0,1,1,12538.02,1,foreign_merchant
TXN04-03921,4,2026-07-22 09:07:10,6315.51,Office,40005,Card,DEV-04-2,iPhone,Mumbai,9,2,0,310.98,2,22907.93,12925.5,204,844,3283,0,0,0,12538.02,0,
TXN04-03922,4,2026-07-22 09:11:50,17869.27,Fuel,40037,UPI,DEV-04-7,iPhone,Mumbai,9,2,0,4.67,3,22860.11,12937.47,23,116,3284,0,0,0,0.0,0,
TXN04-03923,4,2026-07-22 09:36:26,14476.2,Office,40005,UPI,DEV-04-6,Web,Mumbai,9,2,0,24.6,4,22879.94,12924.53,205,164,3285,0,0,0,0.0,0,
TXN04-03924,4,2026-07-22 09:42:53,13251.9,Office,40005,Card,DEV-04-1,iPhone,Mumbai,9,2,0,6.45,5,22855.79,12913.78,206,1262,3286,0,0,0,0.0,0,
TXN04-03925,4,2026-07-22 10:43:49,35027.39,Suppliers,40055,Bank Transfer,DEV-04-1,iPhone,Mumbai,10,2,0,60.93,6,22734.37,12819.0,20,1263,3287,0,0,0,0.0,0,
TXN04-03926,4,2026-07-22 11:09:42,13739.27,Suppliers,40105,UPI,DEV-04-1,iPhone,Mumbai,11,2,0,25.88,7,22769.9,12817.46,5,1264,3288,0,0,0,0.0,0,
TXN04-03927,4,2026-07-22 11:29:29,7972.97,Office,40005,UPI,DEV-04-1,iPhone,Mumbai,11,2,0,19.78,8,22777.66,12811.18,207,1265,3289,0,0,0,0.0,0,
TXN04-03928,4,2026-07-22 11:42:51,13251.21,Hotels,40001,UPI,DEV-04-1,iPhone,Mumbai,11,2,0,13.37,9,22734.99,12817.3,362,1266,3290,0,0,0,0.0,0,
TXN04-03929,4,2026-07-22 12:17:02,2367.3,Fuel,40002,Card,DEV-04-5,iPhone,Mumbai,12,2,0,34.18,10,22756.62,12794.93,221,263,3291,0,0,0,0.0,0,
TXN04-03930,4,2026-07-22 12:27:41,37011.74,Hotels,40143,UPI,DEV-04-2,iPhone,Mumbai,12,2,0,10.65,11,22615.3,12807.69,2,845,3292,0,0,0,0.0,0,
TXN04-03931,4,2026-07-22 12:43:34,7207.44,Hotels,40030,Card,DEV-04-8,Android,Mumbai,12,2,0,15.88,12,22668.75,12842.88,38,99,3293,0,0,0,0.0,0,
TXN04-03932,4,2026-07-22 12:49:05,9654.55,Hotels,40001,UPI,DEV-04-7,iPhone,Mumbai,12,2,0,5.52,13,22624.07,12851.14,363,117,3294,0,0,0,0.0,0,
TXN04-03933,4,2026-07-22 13:00:02,22316.71,Suppliers,40134,Card,DEV-04-7,iPhone,Mumbai,13,2,0,10.95,14,22586.69,12851.43,2,118,3295,0,0,0,0.0,0,
TXN04-03934,4,2026-07-22 13:07:01,24660.09,Fuel,40002,Card,DEV-04-6,Web,Mumbai,13,2,0,6.98,15,22634.36,12819.62,222,165,3296,0,0,0,0.0,0,
TXN04-03935,4,2026-07-22 13:15:05,21276.6,Fuel,40094,Card,DEV-04-12,Android,Mumbai,13,2,0,8.07,16,22675.44,12803.19,5,19,3297,0,0,0,0.0,0,
TXN04-03936,4,2026-07-22 13:26:00,26891.33,Suppliers,40117,Card,DEV-04-3,iPhone,Mumbai,13,2,0,10.92,17,22671.42,12785.0,2,574,3298,0,0,0,0.0,0,
TXN04-03937,4,2026-07-22 13:27:31,18596.68,Hotels,40025,Bank Transfer,DEV-04-2,iPhone,Mumbai,13,2,0,1.52,18,22683.51,12768.67,35,846,3299,0,0,0,0.0,0,
TXN04-03938,4,2026-07-22 13:35:58,42603.37,Fuel,40020,UPI,DEV-04-1,iPhone,Mumbai,13,2,0,8.45,19,22671.84,12752.28,49,1267,3300,0,0,0,0.0,0,
TXN04-03939,4,2026-07-22 13:43:42,9678.15,Suppliers,40003,UPI,DEV-04-6,Web,Mumbai,13,2,0,7.73,20,22728.62,12778.34,335,166,3301,0,0,0,0.0,0,
TXN04-03940,4,2026-07-22 14:00:40,28782.41,Suppliers,40144,Card,DEV-04-3,iPhone,Mumbai,14,2,0,16.97,21,22691.55,12779.06,2,575,3302,0,0,0,0.0,0,
TXN04-03941,4,2026-07-22 14:06:34,28249.03,Suppliers,40011,UPI,DEV-04-9,iPhone,Mumbai,14,2,0,5.9,22,22729.16,12777.45,108,51,3303,0,0,0,0.0,0,
TXN04-03942,4,2026-07-22 14:20:40,4815.46,Hotels,40007,Card,DEV-04-2,iPhone,Mumbai,14,2,0,14.1,23,22742.31,12780.74,87,847,3304,0,0,0,0.0,0,
TXN04-03943,4,2026-07-22 14:26:01,27508.01,Hotels,40051,Bank Transfer,DEV-04-3,iPhone,Mumbai,14,2,0,5.35,24,22691.53,12798.14,11,576,3305,0,0,0,0.0,0,
TXN04-03944,4,2026-07-22 14:47:23,43727.09,Fuel,40012,Bank Transfer,DEV-04-1,iPhone,Mumbai,14,2,0,21.37,25,22725.47,12794.99,74,1268,3306,0,0,0,0.0,0,
TXN04-03945,4,2026-07-22 15:32:05,46824.62,Suppliers,40034,Card,DEV-04-4,Android,Mumbai,15,2,0,44.7,26,22851.61,12829.74,46,386,3307,0,0,0,0.0,0,
TXN04-03946,4,2026-07-22 15:38:51,27959.0,Hotels,40139,Card,DEV-04-2,iPhone,Mumbai,15,2,0,6.77,27,22876.65,12867.84,2,848,3308,0,0,0,0.0,0,
TXN04-03947,4,2026-07-22 16:30:34,11939.96,Suppliers,40011,UPI,DEV-04-1,iPhone,Mumbai,16,2,0,51.72,28,22923.65,12914.61,109,1269,3309,0,0,0,0.0,0,
TXN04-03948,4,2026-07-22 16:40:00,13972.47,Hotels,40001,Card,DEV-04-1,iPhone,Mumbai,16,2,0,9.43,29,22909.5,12923.93,364,1270,3310,0,0,0,0.0,0,
TXN04-03949,4,2026-07-22 17:34:56,7139.87,Fuel,40012,UPI,DEV-04-3,iPhone,Mumbai,17,2,0,54.93,30,22927.69,12880.23,75,577,3311,0,0,0,0.0,0,
TXN04-03950,4,2026-07-22 17:44:38,6638.5,Fuel,40020,Card,DEV-04-4,Android,Mumbai,17,2,0,9.7,31,22914.17,12916.81,50,387,3312,0,0,0,0.0,0,
TXN04-03951,4,2026-07-22 17:53:40,14965.67,Hotels,40025,UPI,DEV-04-1,iPhone,Mumbai,17,2,0,9.03,32,22866.85,12927.75,36,1271,3313,0,0,0,0.0,0,
TXN04-03952,4,2026-07-22 18:16:14,30594.11,Office,40031,Bank Transfer,DEV-04-1,iPhone,Mumbai,18,2,0,22.57,33,22843.95,12915.99,37,1272,3314,0,0,0,0.0,0,
TXN04-03953,4,2026-07-22 18:46:11,50000.0,Office,40017,Card,DEV-04-3,iPhone,Delhi,18,2,0,29.95,34,22871.14,12870.39,64,578,306,0,0,0,1153.24,0,
TXN04-03954,4,2026-07-22 18:48:39,25021.4,Hotels,40006,Bank Transfer,DEV-04-5,iPhone,Hyderabad,18,2,0,2.47,35,22949.78,12934.22,159,264,6,0,0,0,1266.53,0,
TXN04-03955,4,2026-07-22 19:00:49,15760.94,Suppliers,40137,UPI,DEV-04-2,iPhone,Mumbai,19,2,0,12.17,36,22955.76,12915.99,3,849,3315,0,0,0,621.46,0,
TXN04-03956,4,2026-07-22 19:07:27,7894.42,Suppliers,40144,UPI,DEV-04-2,iPhone,Mumbai,19,2,0,6.63,37,22935.03,12903.13,3,850,3316,0,0,0,0.0,0,
TXN04-03957,4,2026-07-22 19:14:26,28529.74,Office,40028,Card,DEV-04-1,iPhone,Mumbai,19,2,0,6.98,38,22891.81,12909.71,46,1273,3317,0,0,0,0.0,0,
TXN04-03958,4,2026-07-22 19:26:49,50000.0,Office,40005,Bank Transfer,DEV-04-7,iPhone,Delhi,19,2,0,12.38,39,22953.33,12885.4,208,119,307,0,0,0,1153.24,0,
TXN04-03959,4,2026-07-22 20:05:25,28422.58,Suppliers,40011,Card,DEV-04-5,iPhone,Mumbai,20,2,0,38.6,40,23037.42,12973.22,110,265,3318,0,0,0,1153.24,0,
TXN04-03960,4,2026-07-22 20:53:14,10235.74,Suppliers,40059,UPI,DEV-04-3,iPhone,Mumbai,20,2,0,47.82,41,23048.25,12983.34,17,579,3319,0,0,0,0.0,0,
TXN04-03961,4,2026-07-23 01:54:08,50000.0,Bank Transfer,40001,Bank Transfer,DEV-04-1,iPhone,Mumbai,1,3,0,300.9,1,23020.92,13000.34,365,1274,3320,0,0,0,0.0,1,rapid_repeated_transfers
TXN04-03962,4,2026-07-23 01:57:08,36055.9,Bank Transfer,40001,Bank Transfer,DEV-04-1,iPhone,Mumbai,1,3,0,3.0,2,23098.89,13062.09,366,1275,3321,0,0,0,0.0,1,rapid_repeated_transfers
TXN04-03963,4,2026-07-23 01:58:08,50000.0,Bank Transfer,40001,Bank Transfer,DEV-04-1,iPhone,Mumbai,1,3,0,1.0,3,23136.23,13061.73,367,1276,3322,0,0,0,0.0,1,rapid_repeated_transfers
TXN04-03964,4,2026-07-23 08:29:48,44281.5,Fuel,40020,Card,DEV-04-1,iPhone,Mumbai,8,3,0,391.67,4,23231.12,13111.42,51,1277,3323,0,0,0,0.0,0,
TXN04-03965,4,2026-07-23 08:47:53,12751.8,Suppliers,40083,Card,DEV-04-9,iPhone,Delhi,8,3,0,18.08,5,23291.96,13141.13,12,52,308,0,0,0,1153.24,0,
TXN04-03966,4,2026-07-23 08:55:57,7300.02,Suppliers,40011,UPI,DEV-04-2,iPhone,Mumbai,8,3,0,8.07,6,23251.89,13152.07,111,851,3324,0,0,0,1153.24,0,
TXN04-03967,4,2026-07-23 09:19:57,18411.5,Hotels,40060,Card,DEV-04-2,iPhone,Pune,9,3,0,24.0,7,23238.7,13151.07,13,852,278,0,0,0,120.15,0,
TXN04-03968,4,2026-07-23 09:30:05,16577.36,Suppliers,40038,Bank Transfer,DEV-04-2,iPhone,Mumbai,9,3,0,10.13,8,23224.71,13134.56,25,853,3325,0,0,0,120.15,0,
TXN04-03969,4,2026-07-23 09:49:44,14336.35,Suppliers,40003,Card,DEV-04-2,iPhone,Mumbai,9,3,0,19.65,9,23199.9,13139.01,336,854,3326,0,0,0,0.0,0,
TXN04-03970,4,2026-07-23 10:28:09,18530.18,Hotels,40070,UPI,DEV-04-1,iPhone,Indore,10,3,0,38.42,10,23194.07,13148.9,9,1278,2,0,0,0,509.83,0,
TXN04-03971,4,2026-07-23 10:41:51,36271.1,Fuel,40021,UPI,DEV-04-4,Android,Mumbai,10,3,0,13.7,11,23211.49,13138.77,49,388,3327,0,0,0,509.83,0,
TXN04-03972,4,2026-07-23 10:44:31,16697.58,Hotels,40001,Card,DEV-04-3,iPhone,Mumbai,10,3,0,2.67,12,23249.56,13138.48,368,580,3328,0,0,0,0.0,0,
TXN04-03973,4,2026-07-23 10:47:56,19801.04,Hotels,40010,Card,DEV-04-3,iPhone,Mumbai,10,3,0,3.42,13,23230.51,13124.11,78,581,3329,0,0,0,0.0,0,
TXN04-03974,4,2026-07-23 10:49:32,11625.51,Fuel,40009,Bank Transfer,DEV-04-1,iPhone,Mumbai,10,3,0,1.6,14,23220.57,13106.38,120,1279,3330,0,0,0,0.0,0,
TXN04-03975,4,2026-07-23 10:50:39,26950.25,Suppliers,40003,Card,DEV-04-6,Web,Mumbai,10,3,0,1.12,15,23187.06,13102.22,337,167,3331,0,0,0,0.0,0,
TXN04-03976,4,2026-07-23 10:54:16,46616.73,Hotels,40010,Card,DEV-04-2,iPhone,Mumbai,10,3,0,3.62,16,23197.91,13084.88,79,855,3332,0,0,0,0.0,0,
TXN04-03977,4,2026-07-23 11:00:25,27238.49,Fuel,40002,UPI,DEV-04-1,iPhone,Mumbai,11,3,0,6.15,17,23265.2,13126.06,223,1280,3333,0,0,0,0.0,0,
TXN04-03978,4,2026-07-23 11:48:30,19952.08,Hotels,40001,Card,DEV-04-4,Android,Mumbai,11,3,0,48.08,18,23224.02,13091.0,369,389,3334,0,0,0,0.0,0,
TXN04-03979,4,2026-07-23 11:48:43,35918.7,Hotels,40001,UPI,DEV-04-1,iPhone,Mumbai,11,3,0,0.22,19,23214.64,13073.4,370,1281,3335,0,0,0,0.0,0,
TXN04-03980,4,2026-07-23 11:50:48,16276.93,Suppliers,40003,UPI,DEV-04-7,iPhone,Mumbai,11,3,0,2.08,20,23250.94,13072.31,338,120,3336,0,0,0,0.0,0,
TXN04-03981,4,2026-07-23 12:14:55,11655.15,Office,40016,Bank Transfer,DEV-04-3,iPhone,Delhi,12,3,0,24.12,21,23215.33,13094.67,68,582,309,0,0,0,1153.24,0,
TXN04-03982,4,2026-07-23 12:23:32,4279.42,Office,40080,Bank Transfer,DEV-04-4,Android,Mumbai,12,3,0,8.62,22,23182.3,13090.5,12,390,3337,0,0,0,1153.24,0,
TXN04-03983,4,2026-07-23 12:37:57,5517.56,Office,40031,UPI,DEV-04-4,Android,Mumbai,12,3,0,14.42,23,23128.45,13110.61,38,391,3338,0,0,0,0.0,0,
TXN04-03984,4,2026-07-23 12:39:38,29451.12,Office,40005,UPI,DEV-04-4,Android,Mumbai,12,3,0,1.68,24,23078.42,13125.49,209,392,3339,0,0,0,0.0,0,
TXN04-03985,4,2026-07-23 12:48:08,14975.64,Fuel,40094,Card,DEV-04-14,Web,Pune,12,3,0,8.5,25,23096.47,13111.26,6,6,279,0,0,0,120.15,0,
TXN04-03986,4,2026-07-23 12:48:19,30069.04,Fuel,40012,UPI,DEV-04-2,iPhone,Delhi,12,3,0,0.18,26,23073.53,13099.82,76,856,310,0,0,0,1179.48,0,
TXN04-03987,4,2026-07-23 13:04:15,31738.59,Office,40092,Card,DEV-04-2,iPhone,Mumbai,13,3,0,15.93,27,23017.23,13026.59,7,857,3340,0,0,0,1153.24,0,
TXN04-03988,4,2026-07-23 13:10:43,35533.53,Fuel,40002,Card,DEV-04-3,iPhone,Mumbai,13,3,0,6.47,28,23072.97,13021.58,224,583,3341,0,0,0,0.0,0,
TXN04-03989,4,2026-07-23 13:17:28,39473.4,Suppliers,40015,Bank Transfer,DEV-04-2,iPhone,Mumbai,13,3,0,6.75,29,23098.92,13037.22,74,858,3342,0,0,0,0.0,0,
TXN04-03990,4,2026-07-23 13:30:47,8263.16,Office,40016,UPI,DEV-04-5,iPhone,Mumbai,13,3,0,13.32,30,23186.17,13043.17,69,266,3343,0,0,0,0.0,0,
TXN04-03991,4,2026-07-23 14:07:50,22424.38,Suppliers,40095,UPI,DEV-04-2,iPhone,Mumbai,14,3,0,37.05,31,23220.4,13036.97,3,859,3344,0,0,0,0.0,0,
TXN04-03992,4,2026-07-23 14:24:40,30457.89,Office,40005,Card,DEV-04-1,iPhone,Mumbai,14,3,0,16.83,32,23218.15,13018.56,210,1282,3345,0,0,0,0.0,0,
TXN04-03993,4,2026-07-23 14:30:49,31716.72,Fuel,40036,Bank Transfer,DEV-04-3,iPhone,Mumbai,14,3,0,6.15,33,23207.09,13010.74,20,584,3346,0,0,0,0.0,0,
TXN04-03994,4,2026-07-23 14:53:58,18393.58,Hotels,40070,Bank Transfer,DEV-04-13,iPhone,Mumbai,14,3,0,23.15,34,23269.3,12998.78,10,13,3347,0,0,0,0.0,0,
TXN04-03995,4,2026-07-23 15:02:21,27381.12,Suppliers,40078,Card,DEV-04-1,iPhone,Mumbai,15,3,0,8.38,35,23275.22,12996.08,4,1283,3348,0,0,0,0.0,0,
TXN04-03996,4,2026-07-23 15:04:02,16590.47,Suppliers,40054,Card,DEV-04-2,iPhone,Mumbai,15,3,0,1.68,36,23286.82,12979.54,22,860,3349,0,0,0,0.0,0,
TXN04-03997,4,2026-07-23 15:12:12,24206.17,Fuel,40048,Card,DEV-04-4,Android,Delhi,15,3,0,8.17,37,23267.96,12966.11,13,393,311,0,0,0,1153.24,0,
TXN04-03998,4,2026-07-23 15:46:35,16347.19,Fuel,40145,Bank Transfer,DEV-04-5,iPhone,Mumbai,15,3,0,34.38,38,23311.84,12942.82,1,267,3350,0,0,1,1153.24,0,
TXN04-03999,4,2026-07-23 15:56:11,16199.27,Hotels,40006,UPI,DEV-04-9,iPhone,Mumbai,15,3,0,9.6,39,23264.18,12956.0,160,53,3351,0,0,0,0.0,0,
TXN04-04000,4,2026-07-23 16:11:00,34869.26,Suppliers,40004,Bank Transfer,DEV-04-2,iPhone,Mumbai,16,3,0,14.82,40,23244.28,12943.16,138,861,3352,0,0,0,0.0,0,
TXN04-04001,4,2026-07-23 16:11:08,10363.76,Office,40099,Card,DEV-04-6,Web,Mumbai,16,3,0,0.13,41,23276.93,12939.6,6,168,3353,0,0,0,0.0,0,
TXN04-04002,4,2026-07-23 16:13:17,34537.63,Hotels,40116,Bank Transfer,DEV-04-3,iPhone,Mumbai,16,3,0,2.15,42,23240.76,12939.48,2,585,3354,0,0,0,0.0,0,
TXN04-04003,4,2026-07-23 16:31:37,9711.62,Office,40044,UPI,DEV-04-3,iPhone,Mumbai,16,3,0,18.33,43,23272.31,12935.14,24,586,3355,0,0,0,0.0,0,
TXN04-04004,4,2026-07-23 16:51:50,50000.0,Fuel,40072,Card,DEV-04-4,Android,Pune,16,3,0,20.22,44,23234.54,12936.87,9,394,280,0,0,0,120.15,0,
TXN04-04005,4,2026-07-23 16:53:41,50000.0,Suppliers,40003,UPI,DEV-04-2,iPhone,Pune,16,3,0,1.85,45,23308.89,12995.47,339,862,281,0,0,0,0.0,0,
TXN04-04006,4,2026-07-23 17:25:26,48626.75,Office,40005,Card,DEV-04-1,iPhone,Mumbai,17,3,0,31.75,46,23451.31,13053.52,211,1284,3356,0,0,0,120.15,0,
TXN04-04007,4,2026-07-23 17:31:34,7043.69,Hotels,40006,Card,DEV-04-2,iPhone,Mumbai,17,3,0,6.13,47,23521.24,13102.55,161,863,3357,0,0,0,0.0,0,
TXN04-04008,4,2026-07-23 17:54:18,20325.34,Fuel,40026,Card,DEV-04-5,iPhone,Mumbai,17,3,0,22.73,48,23494.63,13097.46,28,268,3358,0,0,0,0.0,0,
TXN04-04009,4,2026-07-23 18:01:37,5620.84,Suppliers,40011,Card,DEV-04-4,Android,Mumbai,18,3,0,7.32,49,23485.83,13080.32,112,395,3359,0,0,0,0.0,0,
TXN04-04010,4,2026-07-23 18:35:20,30742.35,Suppliers,40004,Bank Transfer,DEV-04-1,iPhone,Mumbai,18,3,0,33.72,50,23484.47,13096.86,139,1285,3360,0,0,0,0.0,0,
TXN04-04011,4,2026-07-23 18:53:25,10385.31,Suppliers,40022,Card,DEV-04-1,iPhone,Mumbai,18,3,0,18.08,51,23567.69,13091.68,54,1286,3361,0,0,0,0.0,0,
TXN04-04012,4,2026-07-23 18:58:48,50000.0,Hotels,40006,Card,DEV-04-6,Web,Pune,18,3,0,5.38,52,23530.76,13091.88,162,169,282,0,0,0,120.15,0,
TXN04-04013,4,2026-07-23 19:01:16,13600.09,Hotels,40001,UPI,DEV-04-4,Android,Mumbai,19,3,0,2.47,53,23604.7,13148.01,371,396,3362,0,0,0,120.15,0,
TXN04-04014,4,2026-07-23 19:04:25,33690.05,Suppliers,40004,Bank Transfer,DEV-04-1,iPhone,Delhi,19,3,0,3.15,54,23576.83,13140.27,140,1287,312,0,0,0,1153.24,0,
TXN04-04015,4,2026-07-23 19:07:18,34027.9,Suppliers,40095,UPI,DEV-04-2,iPhone,Mumbai,19,3,0,2.88,55,23604.92,13132.8,4,864,3363,0,0,0,1153.24,0,
TXN04-04016,4,2026-07-23 19:40:37,14241.4,Office,40005,Bank Transfer,DEV-04-6,Web,Mumbai,19,3,0,33.32,56,23617.85,13140.76,212,170,3364,0,0,0,0.0,0,
TXN04-04017,4,2026-07-23 19:43:34,27068.78,Suppliers,40004,Bank Transfer,DEV-04-4,Android,Mumbai,19,3,0,2.95,57,23591.88,13131.8,141,397,3365,0,0,0,0.0,0,
TXN04-04018,4,2026-07-23 19:54:27,29983.35,Suppliers,40022,UPI,DEV-04-1,iPhone,Mumbai,19,3,0,10.88,58,23601.48,13114.92,55,1288,3366,0,0,0,0.0,0,
TXN04-04019,4,2026-07-23 19:55:08,41976.71,Fuel,40037,Card,DEV-04-2,iPhone,Mumbai,19,3,0,0.68,59,23619.06,13101.11,24,865,3367,0,0,0,0.0,0,
TXN04-04020,4,2026-07-23 20:08:00,6706.32,Suppliers,40003,Bank Transfer,DEV-04-3,iPhone,Mumbai,20,3,0,12.87,60,23713.68,13109.32,340,587,3368,0,0,0,0.0,0,
TXN04-04021,4,2026-07-23 20:11:13,8840.67,Suppliers,40128,UPI,DEV-04-3,iPhone,Mumbai,20,3,0,3.22,61,23666.96,13121.53,3,588,3369,0,0,0,0.0,0,
TXN04-04022,4,2026-07-23 20:26:07,5528.77,Office,40016,Card,DEV-04-5,iPhone,Mumbai,20,3,0,14.9,62,23626.34,13126.44,70,269,3370,0,0,0,0.0,0,
TXN04-04023,4,2026-07-23 20:36:13,10010.92,Suppliers,40061,UPI,DEV-04-1,iPhone,Mumbai,20,3,0,10.1,63,23576.89,13142.49,12,1289,3371,0,0,0,0.0,0,
TXN04-04024,4,2026-07-23 20:51:34,14554.63,Suppliers,40003,Card,DEV-04-4,Android,Mumbai,20,3,0,15.35,64,23539.93,13143.61,341,398,3372,0,0,0,0.0,0,
TXN04-04025,4,2026-07-23 20:54:23,7313.67,Hotels,40100,Card,DEV-04-2,iPhone,Mumbai,20,3,0,2.82,65,23515.51,13134.08,3,866,3373,0,0,0,0.0,0,
TXN04-04026,4,2026-07-23 20:55:55,20840.87,Fuel,40021,Card,DEV-04-7,iPhone,Mumbai,20,3,0,1.53,66,23471.61,13143.28,50,121,3374,0,0,0,0.0,0,
TXN04-04027,4,2026-07-24 08:19:39,11817.57,Suppliers,40015,UPI,DEV-04-3,iPhone,Delhi,8,4,0,683.73,1,23432.18,13152.1,75,589,313,0,0,0,1153.24,0,
TXN04-04028,4,2026-07-24 08:28:14,33976.76,Suppliers,40054,Card,DEV-04-2,iPhone,Delhi,8,4,0,8.58,2,23339.84,13113.98,23,867,314,0,0,0,0.0,0,
TXN04-04029,4,2026-07-24 08:33:37,21104.04,Hotels,40010,UPI,DEV-04-4,Android,Mumbai,8,4,0,5.38,3,23368.67,13107.87,80,399,3375,0,0,0,1153.24,0,
TXN04-04030,4,2026-07-24 08:46:51,23299.2,Hotels,40139,UPI,DEV-04-1,iPhone,Mumbai,8,4,0,13.23,4,23362.55,13090.67,3,1290,3376,0,0,0,0.0,0,
TXN04-04031,4,2026-07-24 09:34:06,5338.31,Hotels,40001,UPI,DEV-04-1,iPhone,Pune,9,4,0,47.25,5,23353.55,13059.4,372,1291,283,0,0,0,120.15,0,
TXN04-04032,4,2026-07-24 09:35:24,27746.2,Suppliers,40003,Card,DEV-04-6,Web,Mumbai,9,4,0,1.3,6,23304.73,13075.28,342,171,3377,0,0,0,120.15,0,
TXN04-04033,4,2026-07-24 09:41:04,50000.0,Office,40129,Card,DEV-04-4,Android,Mumbai,9,4,0,5.67,7,23316.73,13059.63,4,400,3378,0,0,0,0.0,0,
TXN04-04034,4,2026-07-24 10:01:40,8483.16,Fuel,40009,Bank Transfer,DEV-04-1,iPhone,Mumbai,10,4,0,20.6,8,23385.85,13132.79,121,1292,3379,0,0,0,0.0,0,
TXN04-04035,4,2026-07-24 10:07:46,11150.23,Suppliers,40119,Bank Transfer,DEV-04-3,iPhone,Mumbai,10,4,0,6.1,9,23345.69,13137.82,5,590,3380,0,0,0,0.0,0,
TXN04-04036,4,2026-07-24 10:11:27,12122.68,Hotels,40013,UPI,DEV-04-1,iPhone,Mumbai,10,4,0,3.68,10,23312.9,13135.34,56,1293,3381,0,0,0,0.0,0,
TXN04-04037,4,2026-07-24 10:20:01,5972.5,Hotels,40007,Card,DEV-04-1,iPhone,Pune,10,4,0,8.57,11,23282.9,13130.47,88,1294,284,0,0,0,120.15,0,
TXN04-04038,4,2026-07-24 10:42:47,11906.13,Office,40017,Card,DEV-04-2,iPhone,Pune,10,4,0,22.77,12,23236.62,13143.34,65,868,285,0,0,0,0.0,0,
TXN04-04039,4,2026-07-24 11:30:51,31623.31,Fuel,40020,UPI,DEV-04-9,iPhone,Mumbai,11,4,0,48.07,13,23206.4,13138.8,52,54,3382,0,0,0,120.15,0,
TXN04-04040,4,2026-07-24 11:53:15,20499.78,Fuel,40020,Card,DEV-04-7,iPhone,Mumbai,11,4,0,22.4,14,23106.15,13052.69,53,122,3383,0,0,0,0.0,0,
TXN04-04041,4,2026-07-24 11:56:07,11948.5,Office,40099,Bank Transfer,DEV-04-8,Android,Pune,11,4,0,2.87,15,23106.56,13052.6,7,100,286,0,0,0,120.15,0,
TXN04-04042,4,2026-07-24 12:00:11,9661.98,Office,40016,Card,DEV-04-1,iPhone,Mumbai,12,4,0,4.07,16,23076.8,13047.88,71,1295,3384,0,0,0,120.15,0,
TXN04-04043,4,2026-07-24 12:19:37,41684.15,Office,40073,Bank Transfer,DEV-04-6,Web,Mumbai,12,4,0,19.43,17,22975.04,13003.22,10,172,3385,0,0,0,0.0,0,
TXN04-04044,4,2026-07-24 12:29:57,17223.66,Suppliers,40114,Card,DEV-04-4,Android,Pune,12,4,0,10.33,18,22992.46,13023.89,4,401,287,0,0,0,120.15,0,
TXN04-04045,4,2026-07-24 13:07:35,18917.47,Fuel,40047,UPI,DEV-04-1,iPhone,Mumbai,13,4,0,37.63,19,23047.57,13032.79,18,1296,3386,0,0,0,120.15,0,
TXN04-04046,4,2026-07-24 13:56:26,7087.2,Hotels,40053,Bank Transfer,DEV-04-1,iPhone,Pune,13,4,0,48.85,20,23107.32,13043.24,14,1297,288,0,0,0,120.15,0,
TXN04-04047,4,2026-07-24 13:56:32,19933.57,Suppliers,40011,Card,DEV-04-1,iPhone,Mumbai,13,4,0,0.1,21,23064.14,13052.1,113,1298,3387,0,0,0,120.15,0,
TXN04-04048,4,2026-07-24 14:18:52,24046.67,Suppliers,40027,Card,DEV-04-1,iPhone,Mumbai,14,4,0,22.33,22,23076.32,13047.06,40,1299,3388,0,0,0,0.0,0,
TXN04-04049,4,2026-07-24 14:27:35,50000.0,Office,40082,UPI,DEV-04-12,Android,Mumbai,14,4,0,8.72,23,23088.98,13045.72,12,20,3389,0,0,0,0.0,0,
TXN04-04050,4,2026-07-24 14:29:53,27253.23,Hotels,40010,Card,DEV-04-3,iPhone,Delhi,14,4,0,2.3,24,23161.33,13102.48,81,591,315,0,0,0,1153.24,0,
TXN04-04051,4,2026-07-24 14:38:29,14255.56,Hotels,40001,Card,DEV-04-2,iPhone,Mumbai,14,4,0,8.6,25,23170.48,13104.14,373,869,3390,0,0,0,1153.24,0,
TXN04-04052,4,2026-07-24 14:51:53,17797.1,Hotels,40001,Bank Transfer,DEV-04-1,iPhone,Mumbai,14,4,0,13.4,26,23146.58,13094.68,374,1300,3391,0,0,0,0.0,0,
TXN04-04053,4,2026-07-24 14:58:30,25011.57,Suppliers,40034,Card,DEV-04-3,iPhone,Mumbai,14,4,0,6.62,27,23132.27,13080.08,47,592,3392,0,0,0,0.0,0,
TXN04-04054,4,2026-07-24 15:02:52,10954.66,Fuel,40036,Card,DEV-04-4,Android,Mumbai,15,4,0,4.37,28,23130.69,13079.82,21,402,3393,0,0,0,0.0,0,
TXN04-04055,4,2026-07-24 15:21:50,19186.6,Suppliers,40098,Card,DEV-04-1,iPhone,Pune,15,4,0,18.97,29,23130.26,13098.34,3,1301,289,0,0,0,120.15,0,
TXN04-04056,4,2026-07-24 16:08:59,6769.75,Suppliers,40004,UPI,DEV-04-1,iPhone,Mumbai,16,4,0,47.15,30,23133.98,13055.71,142,1302,3394,0,0,0,120.15,0,
TXN04-04057,4,2026-07-24 16:12:46,46227.5,Bank Transfer,40001,Bank Transfer,DEV-04-1,iPhone,Mumbai,16,4,0,3.78,31,23089.64,13065.74,375,1303,3395,0,0,0,0.0,1,rapid_repeated_transfers
TXN04-04058,4,2026-07-24 16:13:46,50000.0,Bank Transfer,40001,Bank Transfer,DEV-04-1,iPhone,Mumbai,16,4,0,1.0,32,23152.17,13103.25,376,1304,3396,0,0,0,0.0,1,rapid_repeated_transfers
TXN04-04059,4,2026-07-24 16:18:46,50000.0,Bank Transfer,40001,Bank Transfer,DEV-04-1,iPhone,Mumbai,16,4,0,5.0,33,23224.54,13159.4,377,1305,3397,0,0,0,0.0,1,rapid_repeated_transfers
TXN04-04060,4,2026-07-24 16:21:57,18924.13,Hotels,40029,Bank Transfer,DEV-04-1,iPhone,Mumbai,16,4,0,3.18,34,23296.51,13214.63,42,1306,3398,0,0,0,0.0,0,
TXN04-04061,4,2026-07-24 16:22:04,40235.37,Suppliers,40095,Card,DEV-04-2,iPhone,Mumbai,16,4,0,0.12,35,23284.79,13198.84,5,870,3399,0,0,0,0.0,0,
TXN04-04062,4,2026-07-24 16:34:17,7062.09,Fuel,40112,Card,DEV-04-1,iPhone,Mumbai,16,4,0,12.22,36,23330.11,13210.22,5,1307,3400,0,0,0,0.0,0,
TXN04-04063,4,2026-07-24 16:38:38,24955.23,Suppliers,40003,Card,DEV-04-1,iPhone,Mumbai,16,4,0,4.35,37,23286.73,13219.24,343,1308,3401,0,0,0,0.0,0,
TXN04-04064,4,2026-07-24 16:39:26,40783.16,Suppliers,40003,Card,DEV-04-1,iPhone,Mumbai,16,4,0,0.8,38,23291.17,13201.93,344,1309,3402,0,0,0,0.0,0,
TXN04-04065,4,2026-07-24 16:52:07,22687.4,Office,40008,Bank Transfer,DEV-04-5,iPhone,Mumbai,16,4,0,12.68,39,23337.57,13215.07,101,270,3403,0,0,0,0.0,0,
TXN04-04066,4,2026-07-24 16:53:58,24736.7,Suppliers,40011,Bank Transfer,DEV-04-7,iPhone,Mumbai,16,4,0,1.85,40,23335.85,13197.62,114,123,3404,0,0,0,0.0,0,
TXN04-04067,4,2026-07-24 16:55:00,41870.1,Suppliers,40038,Card,DEV-04-1,iPhone,Mumbai,16,4,0,1.03,41,23339.55,13180.39,26,1310,3405,0,0,0,0.0,0,
TXN04-04068,4,2026-07-24 17:02:10,31642.9,Suppliers,40035,Bank Transfer,DEV-04-1,iPhone,Mumbai,17,4,0,7.17,42,23388.31,13197.23,34,1311,3406,0,0,0,0.0,0,
TXN04-04069,4,2026-07-24 17:11:14,22110.05,Fuel,40023,Card,DEV-04-8,Android,Mumbai,17,4,0,9.07,43,23361.73,13170.37,35,101,3407,0,0,0,0.0,0,
TXN04-04070,4,2026-07-24 17:15:24,38300.59,Hotels,40001,UPI,DEV-04-1,iPhone,Mumbai,17,4,0,4.17,44,23402.13,13142.89,378,1312,3408,0,0,0,0.0,0,
TXN04-04071,4,2026-07-24 17:15:27,12443.2,Hotels,40069,Card,DEV-04-2,iPhone,Mumbai,17,4,0,0.05,45,23441.24,13147.75,14,871,3409,0,0,0,0.0,0,
TXN04-04072,4,2026-07-24 17:38:37,18525.9,Hotels,40019,Bank Transfer,DEV-04-2,iPhone,Mumbai,17,4,0,23.17,46,23444.77,13144.61,60,872,3410,0,0,0,0.0,0,
TXN04-04073,4,2026-07-24 18:16:03,7992.66,Office,40005,UPI,DEV-04-1,iPhone,Mumbai,18,4,0,37.43,47,23514.68,13150.21,213,1313,3411,0,0,0,0.0,0,
TXN04-04074,4,2026-07-24 18:28:42,17534.35,Suppliers,40003,Card,DEV-04-3,iPhone,Mumbai,18,4,0,12.65,48,23473.73,13156.96,345,593,3412,0,0,0,0.0,0,
TXN04-04075,4,2026-07-24 18:32:06,23928.9,Suppliers,40059,UPI,DEV-04-1,iPhone,Mumbai,18,4,0,3.4,49,23458.1,13143.16,18,1314,3413,0,0,0,0.0,0,
TXN04-04076,4,2026-07-24 18:35:58,32301.0,Suppliers,40022,UPI,DEV-04-2,iPhone,Mumbai,18,4,0,3.87,50,23459.34,13125.92,56,873,3414,0,0,0,0.0,0,
TXN04-04077,4,2026-07-24 18:45:03,6837.03,Office,40085,Card,DEV-04-1,iPhone,Mumbai,18,4,0,9.08,51,23482.48,13116.52,7,1315,3415,0,0,0,0.0,0,
TXN04-04078,4,2026-07-24 18:58:11,16449.3,Office,40107,Card,DEV-04-3,iPhone,Mumbai,18,4,0,13.13,52,23450.41,13142.17,5,594,3416,0,0,0,0.0,0,
TXN04-04079,4,2026-07-24 19:08:06,23456.1,Fuel,40009,Bank Transfer,DEV-04-2,iPhone,Mumbai,19,4,0,9.92,53,23432.13,13129.87,122,874,3417,0,0,0,0.0,1,ato_higher_amount
TXN04-04080,4,2026-07-24 19:12:19,10061.48,Office,40028,Card,DEV-04-5,iPhone,Mumbai,19,4,0,4.22,54,23432.19,13112.76,47,271,3418,0,0,0,0.0,0,
TXN04-04081,4,2026-07-24 19:17:54,15864.66,Suppliers,40144,Card,DEV-04-2,iPhone,Mumbai,19,4,0,5.58,55,23397.47,13113.39,4,875,3419,0,0,0,0.0,0,
TXN04-04082,4,2026-07-24 19:34:34,38102.85,Office,40005,UPI,DEV-04-2,iPhone,Mumbai,19,4,0,16.67,56,23359.68,13114.08,214,876,3420,0,0,0,0.0,0,
TXN04-04083,4,2026-07-24 19:36:15,7448.44,Suppliers,40038,Card,DEV-04-3,iPhone,Mumbai,19,4,0,1.68,57,23397.88,13118.51,27,595,3421,0,0,0,0.0,0,
TXN04-04084,4,2026-07-24 20:16:24,29347.48,Office,40005,Bank Transfer,DEV-04-4,Android,Mumbai,20,4,0,40.15,58,23438.65,13132.78,215,403,3422,0,0,0,0.0,0,
TXN04-04085,4,2026-07-24 20:17:37,27339.41,Hotels,40007,UPI,DEV-04-5,iPhone,Mumbai,20,4,0,1.22,59,23454.0,13119.16,89,272,3423,0,0,0,0.0,0,
TXN04-04086,4,2026-07-24 20:40:37,28468.31,Hotels,40053,Bank Transfer,DEV-04-2,iPhone,Mumbai,20,4,0,23.0,60,23477.76,13117.9,15,877,3424,0,0,0,0.0,0,
TXN04-04087,4,2026-07-24 20:42:54,10243.79,Suppliers,40034,Card,DEV-04-2,iPhone,Mumbai,20,4,0,2.28,61,23490.69,13103.35,48,878,3425,0,0,0,0.0,0,
TXN04-04088,4,2026-07-25 08:24:28,9028.34,Suppliers,40054,Bank Transfer,DEV-04-2,iPhone,Delhi,8,5,1,701.57,1,23456.79,13048.66,24,879,316,0,0,0,1153.24,0,
TXN04-04089,4,2026-07-25 08:24:30,13851.48,Suppliers,40193,UPI,DEV-UNK-1895,Web,Mumbai,8,5,1,0.03,2,23419.31,13052.38,1,1,3426,1,0,1,1153.24,1,ato_new_merchant_same_category_new_device
TXN04-04090,4,2026-07-25 08:30:57,32392.63,Office,40016,UPI,DEV-04-8,Android,Mumbai,8,5,1,6.45,3,23394.53,13044.53,72,102,3427,0,0,0,0.0,0,
TXN04-04091,4,2026-07-25 08:37:50,6684.67,Hotels,40065,UPI,DEV-04-1,iPhone,Mumbai,8,5,1,6.88,4,23417.78,13035.67,9,1316,3428,0,0,0,0.0,0,
TXN04-04092,4,2026-07-25 08:49:56,30155.22,Hotels,40014,UPI,DEV-04-4,Android,Mumbai,8,5,1,12.1,5,23374.65,13046.48,50,404,3429,0,0,0,0.0,0,
TXN04-04093,4,2026-07-25 08:58:31,25593.28,Suppliers,40003,Bank Transfer,DEV-04-1,iPhone,Delhi,8,5,1,8.58,6,23342.87,13014.86,346,1317,317,0,0,0,1153.24,0,
TXN04-04094,4,2026-07-25 09:07:36,9792.95,Suppliers,40038,Card,DEV-04-1,iPhone,Delhi,9,5,1,9.08,7,23348.65,12998.62,28,1318,318,0,0,0,0.0,0,
TXN04-04095,4,2026-07-25 09:09:43,10911.54,Suppliers,40018,Card,DEV-04-3,iPhone,Pune,9,5,1,2.12,8,23313.9,13000.03,59,596,290,0,0,0,1179.48,0,
TXN04-04096,4,2026-07-25 09:10:54,27326.14,Hotels,40071,Card,DEV-04-1,iPhone,Mumbai,9,5,1,1.18,9,23282.18,12998.5,8,1319,3430,0,0,0,120.15,0,
TXN04-04097,4,2026-07-25 09:15:23,16428.59,Fuel,40021,Card,DEV-04-1,iPhone,Mumbai,9,5,1,4.48,10,23292.49,12983.51,51,1320,3431,0,0,0,0.0,0,
TXN04-04098,4,2026-07-25 09:36:02,16694.91,Office,40017,Card,DEV-04-3,iPhone,Mumbai,9,5,1,20.65,11,23318.07,12930.02,66,597,3432,0,0,0,0.0,0,
TXN04-04099,4,2026-07-25 10:03:18,24686.55,Hotels,40007,Card,DEV-04-2,iPhone,Mumbai,10,5,1,27.27,12,23330.18,12921.6,90,880,3433,0,0,0,0.0,0,
TXN04-04100,4,2026-07-25 10:11:48,21073.18,Fuel,40002,UPI,DEV-04-1,iPhone,Mumbai,10,5,1,8.5,13,23271.24,12862.86,225,1321,3434,0,0,0,0.0,0,
TXN04-04101,4,2026-07-25 10:13:46,24018.97,Hotels,40001,UPI,DEV-04-9,iPhone,Mumbai,10,5,1,1.97,14,23265.6,12846.84,379,55,3435,0,0,0,0.0,0,
TXN04-04102,4,2026-07-25 10:48:22,50000.0,Fuel,40009,Bank Transfer,DEV-04-7,iPhone,Mumbai,10,5,1,34.6,15,23267.53,12830.46,123,124,3436,0,0,0,0.0,0,
TXN04-04103,4,2026-07-25 10:48:49,12483.36,Hotels,40001,UPI,DEV-04-2,iPhone,Mumbai,10,5,1,0.45,16,23335.72,12884.84,380,881,3437,0,0,0,0.0,0,
TXN04-04104,4,2026-07-25 11:20:04,50000.0,Hotels,40001,Card,DEV-04-12,Android,Mumbai,11,5,1,31.25,17,23316.09,12895.49,381,21,3438,0,0,0,0.0,0,
TXN04-04105,4,2026-07-25 11:23:02,13566.93,Hotels,40001,UPI,DEV-04-1,iPhone,Pune,11,5,1,2.97,18,23383.98,12949.04,382,1322,291,0,0,0,120.15,0,
TXN04-04106,4,2026-07-25 11:31:11,7690.2,Fuel,40112,Card,DEV-04-3,iPhone,Mumbai,11,5,1,8.15,19,23359.07,12942.03,6,598,3439,0,0,0,120.15,0,
TXN04-04107,4,2026-07-25 11:46:48,22971.82,Fuel,40020,Bank Transfer,DEV-04-2,iPhone,Mumbai,11,5,1,15.62,20,23374.15,12971.51,54,882,3440,0,0,0,0.0,0,
TXN04-04108,4,2026-07-25 11:47:24,14156.91,Fuel,40084,Bank Transfer,DEV-04-1,iPhone,Mumbai,11,5,1,0.6,21,23373.12,12955.02,5,1323,3441,0,0,0,0.0,0,
TXN04-04109,4,2026-07-25 11:48:02,23825.05,Suppliers,40052,Card,DEV-04-39,Android,Mumbai,11,5,1,0.63,22,23349.73,12946.87,23,1,3442,1,0,0,0.0,0,
TXN04-04110,4,2026-07-25 11:51:11,12912.81,Suppliers,40015,UPI,DEV-04-5,iPhone,Mumbai,11,5,1,3.15,23,23350.94,12930.5,76,273,3443,0,0,0,0.0,0,
TXN04-04111,4,2026-07-25 12:03:07,8680.31,Office,40017,Bank Transfer,DEV-04-3,iPhone,Mumbai,12,5,1,11.93,24,23302.15,12933.43,67,599,3444,0,0,0,0.0,0,
TXN04-04112,4,2026-07-25 12:06:47,22284.01,Suppliers,40061,Card,DEV-04-3,iPhone,Mumbai,12,5,1,3.67,25,23265.22,12937.92,13,600,3445,0,0,0,0.0,0,
TXN04-04113,4,2026-07-25 12:11:39,8303.62,Office,40092,Card,DEV-04-2,iPhone,Mumbai,12,5,1,4.87,26,23291.48,12925.34,8,883,3446,0,0,0,0.0,0,
TXN04-04114,4,2026-07-25 12:17:34,13475.48,Fuel,40002,Card,DEV-04-4,Android,Mumbai,12,5,1,5.92,27,23261.06,12946.39,226,405,3447,0,0,0,0.0,0,
TXN04-04115,4,2026-07-25 12:18:04,23263.49,Hotels,40056,Card,DEV-04-3,iPhone,Pune,12,5,1,0.5,28,23236.41,12939.38,21,601,292,0,0,0,120.15,0,
TXN04-04116,4,2026-07-25 12:26:46,20417.46,Suppliers,40004,Bank Transfer,DEV-04-1,iPhone,Mumbai,12,5,1,8.7,29,23236.48,12923.11,143,1324,3448,0,0,0,120.15,0,
TXN04-04117,4,2026-07-25 12:32:42,23773.71,Hotels,40010,Bank Transfer,DEV-04-3,iPhone,Mumbai,12,5,1,5.93,30,23229.41,12907.67,82,602,3449,0,0,0,0.0,0,
TXN04-04118,4,2026-07-25 12:44:51,12407.09,Fuel,40048,Card,DEV-04-1,iPhone,Mumbai,12,5,1,12.15,31,23275.94,12876.05,14,1325,3450,0,0,0,0.0,0,
TXN04-04119,4,2026-07-25 12:48:17,15214.93,Suppliers,40004,Card,DEV-04-1,iPhone,Mumbai,12,5,1,3.43,32,23248.77,12871.39,144,1326,3451,0,0,0,0.0,0,
TXN04-04120,4,2026-07-25 12:56:44,23916.43,Suppliers,40003,Card,DEV-04-15,iPhone,Mumbai,12,5,1,8.45,33,23228.74,12861.58,347,4,3452,0,0,0,0.0,0,
TXN04-04121,4,2026-07-25 13:12:42,3917.89,Suppliers,40004,Bank Transfer,DEV-04-11,Android,Mumbai,13,5,1,15.97,34,23230.45,12845.62,145,22,3453,0,0,0,0.0,0,
TXN04-04122,4,2026-07-25 13:13:21,11232.08,Hotels,40067,Card,DEV-04-3,iPhone,Pune,13,5,1,0.65,35,23182.53,12865.6,10,603,293,0,0,0,120.15,0,
TXN04-04123,4,2026-07-25 13:17:59,14290.61,Suppliers,40059,Card,DEV-04-4,Android,Mumbai,13,5,1,4.63,36,23152.95,12863.38,19,406,3454,0,0,0,120.15,0,
TXN04-04124,4,2026-07-25 13:27:23,27158.26,Office,40008,Card,DEV-04-1,iPhone,Mumbai,13,5,1,9.4,37,23131.06,12855.01,102,1327,3455,0,0,0,0.0,0,
TXN04-04125,4,2026-07-25 13:44:10,30091.4,Fuel,40012,Bank Transfer,DEV-04-5,iPhone,Mumbai,13,5,1,16.78,38,23140.64,12867.77,77,274,3456,0,0,0,0.0,0,
TXN04-04126,4,2026-07-25 13:52:15,7333.11,Fuel,40002,Card,DEV-04-7,iPhone,Mumbai,13,5,1,8.08,39,23157.8,12856.5,227,125,3457,0,0,0,0.0,0,
TXN04-04127,4,2026-07-25 13:58:41,7045.78,Suppliers,40024,UPI,DEV-04-7,iPhone,Mumbai,13,5,1,6.43,40,23118.83,12864.59,38,126,3458,0,0,0,0.0,0,
TXN04-04128,4,2026-07-25 13:59:49,24548.63,Suppliers,40137,UPI,DEV-04-1,iPhone,Mumbai,13,5,1,1.13,41,23079.34,12873.4,4,1328,3459,0,0,0,0.0,0,
TXN04-04129,4,2026-07-25 14:16:42,34089.07,Suppliers,40003,Card,DEV-04-6,Web,Mumbai,14,5,1,16.88,42,23065.91,12869.01,348,173,3460,0,0,0,0.0,0,
TXN04-04130,4,2026-07-25 14:17:29,30303.14,Suppliers,40064,Card,DEV-04-1,iPhone,Delhi,14,5,1,0.78,43,23092.93,12864.78,15,1329,319,0,0,0,1153.24,0,
TXN04-04131,4,2026-07-25 14:54:42,16171.08,Office,40032,Card,DEV-04-3,iPhone,Mumbai,14,5,1,37.22,44,23079.21,12826.01,34,604,3461,0,0,0,1153.24,0,
TXN04-04132,4,2026-07-25 15:00:32,24144.13,Hotels,40006,Card,DEV-04-5,iPhone,Delhi,15,5,1,5.83,45,23073.44,12828.59,163,275,320,0,0,0,1153.24,0,
TXN04-04133,4,2026-07-25 15:08:55,4201.89,Suppliers,40003,Card,DEV-04-1,iPhone,Mumbai,15,5,1,8.38,46,23076.08,12812.9,349,1330,3462,0,0,0,1153.24,0,
TXN04-04134,4,2026-07-25 15:11:46,7742.62,Office,40107,Card,DEV-04-4,Android,Mumbai,15,5,1,2.85,47,23029.7,12831.21,6,407,3463,0,0,0,0.0,0,
TXN04-04135,4,2026-07-25 15:54:40,5267.5,Suppliers,40003,UPI,DEV-04-3,iPhone,Mumbai,15,5,1,42.9,48,23027.59,12833.66,350,605,3464,0,0,0,0.0,0,
TXN04-04136,4,2026-07-25 16:02:15,16267.23,Office,40028,Card,DEV-04-2,iPhone,Mumbai,16,5,1,7.58,49,23016.94,12846.59,48,884,3465,0,0,0,0.0,0,
TXN04-04137,4,2026-07-25 16:12:30,22470.35,Hotels,40014,Card,DEV-04-3,iPhone,Mumbai,16,5,1,10.25,50,23000.39,12835.18,51,606,3466,0,0,0,0.0,0,
TXN04-04138,4,2026-07-25 16:13:30,24718.14,Suppliers,40045,Bank Transfer,DEV-04-1,iPhone,Mumbai,16,5,1,1.0,51,22999.1,12819.51,25,1331,3467,0,0,0,0.0,1,ato_short_gap
TXN04-04139,4,2026-07-25 16:17:18,38636.36,Suppliers,40022,Card,DEV-04-10,Web,Mumbai,16,5,1,3.8,52,23003.29,12804.14,57,41,3468,0,0,0,0.0,0,
TXN04-04140,4,2026-07-25 17:11:21,9028.42,Fuel,40084,UPI,DEV-04-10,Web,Mumbai,17,5,1,54.05,53,23100.81,12821.94,6,42,3469,0,0,0,0.0,0,
TXN04-04141,4,2026-07-25 17:14:06,11232.94,Office,40033,Card,DEV-04-4,Android,Mumbai,17,5,1,2.75,54,23066.23,12825.12,28,408,3470,0,0,0,0.0,0,
TXN04-04142,4,2026-07-25 17:15:01,17906.27,Suppliers,40018,Card,DEV-04-2,iPhone,Mumbai,17,5,1,0.92,55,23037.23,12822.75,60,885,3471,0,0,0,0.0,0,
TXN04-04143,4,2026-07-25 17:16:36,23161.81,Suppliers,40004,UPI,DEV-04-8,Android,Mumbai,17,5,1,1.58,56,23024.69,12809.57,146,103,3472,0,0,0,0.0,0,
TXN04-04144,4,2026-07-25 17:27:38,30586.6,Fuel,40020,Card,DEV-04-1,iPhone,Mumbai,17,5,1,11.03,57,23025.02,12793.94,55,1332,3473,0,0,0,0.0,0,
TXN04-04145,4,2026-07-25 17:35:36,50000.0,Suppliers,40018,Card,DEV-04-4,Android,Delhi,17,5,1,7.97,58,23043.42,12783.79,61,409,321,0,0,0,1153.24,0,
TXN04-04146,4,2026-07-25 17:35:51,40017.16,Hotels,40132,Bank Transfer,DEV-04-1,iPhone,Mumbai,17,5,1,0.25,59,23108.85,12836.99,3,1333,3474,0,0,0,1153.24,0,
TXN04-04147,4,2026-07-25 17:58:04,36363.3,Suppliers,40004,Card,DEV-04-5,iPhone,Mumbai,17,5,1,22.22,60,23144.19,12878.85,147,276,3475,0,0,0,0.0,0,
TXN04-04148,4,2026-07-25 18:22:31,6369.28,Suppliers,40003,Card,DEV-04-6,Web,Mumbai,18,5,1,24.45,61,23208.63,12878.56,351,174,3476,0,0,0,0.0,0,
TXN04-04149,4,2026-07-25 18:47:44,49068.5,Fuel,40002,Bank Transfer,DEV-04-3,iPhone,Mumbai,18,5,1,25.22,62,23086.3,12867.25,228,607,3477,0,0,0,0.0,0,
TXN04-04150,4,2026-07-25 18:56:01,7924.81,Office,40040,UPI,DEV-04-1,iPhone,Delhi,18,5,1,8.28,63,23149.52,12915.18,25,1334,322,0,0,0,1153.24,0,
TXN04-04151,4,2026-07-25 19:06:24,13352.33,Office,40080,UPI,DEV-04-5,iPhone,Mumbai,19,5,1,10.38,64,23137.6,12926.96,13,277,3478,0,0,0,1153.24,0,
TXN04-04152,4,2026-07-25 19:08:43,50000.0,Hotels,40013,Card,DEV-04-1,iPhone,Mumbai,19,5,1,2.32,65,23113.85,12920.23,57,1335,3479,0,0,0,0.0,0,
TXN04-04153,4,2026-07-25 19:30:25,35238.7,Hotels,40001,Card,DEV-04-2,iPhone,Mumbai,19,5,1,21.7,66,23170.17,12986.56,383,886,3480,0,0,0,0.0,0,
TXN04-04154,4,2026-07-25 19:36:30,27343.68,Hotels,40013,Card,DEV-04-4,Android,Mumbai,19,5,1,6.08,67,23199.39,12984.39,58,410,3481,0,0,0,0.0,0,
TXN04-04155,4,2026-07-25 19:56:52,22310.26,Hotels,40081,Card,DEV-04-3,iPhone,Pune,19,5,1,20.37,68,23178.25,13010.91,7,608,294,0,0,0,120.15,0,
TXN04-04156,4,2026-07-25 20:00:25,35858.79,Suppliers,40134,UPI,DEV-04-2,iPhone,Mumbai,20,5,1,3.55,69,23176.14,12995.18,3,887,3482,0,0,0,120.15,0,
TXN04-04157,4,2026-07-25 20:10:25,14059.17,Hotels,40042,Bank Transfer,DEV-04-2,iPhone,Mumbai,20,5,1,10.0,70,23238.39,12994.36,25,888,3483,0,0,0,0.0,0,
TXN04-04158,4,2026-07-25 20:25:09,24106.61,Hotels,40001,Card,DEV-04-6,Web,Mumbai,20,5,1,14.73,71,23155.14,12942.92,384,175,3484,0,0,0,0.0,0,
TXN04-04159,4,2026-07-25 20:33:50,12378.16,Suppliers,40003,Bank Transfer,DEV-04-3,iPhone,Mumbai,20,5,1,8.68,72,23162.13,12957.96,352,609,3485,0,0,0,0.0,0,
TXN04-04160,4,2026-07-25 20:46:33,34678.93,Office,40016,UPI,DEV-04-7,iPhone,Mumbai,20,5,1,12.72,73,23142.62,12980.63,73,127,3486,0,0,0,0.0,0,
TXN04-04161,4,2026-07-25 21:09:25,20530.36,Suppliers,40018,Card,DEV-04-7,iPhone,Mumbai,21,5,1,22.87,74,23209.08,12969.77,62,128,3487,0,0,0,0.0,1,ato_odd_hour
TXN04-04162,4,2026-07-25 23:52:02,27656.56,Hotels,40071,UPI,DEV-04-5,iPhone,Mumbai,23,5,1,162.62,75,23230.58,12958.0,9,278,3488,0,0,0,0.0,1,ato_short_gap_odd_hour
TXN04-04163,4,2026-07-26 08:31:23,20691.9,Suppliers,40004,Card,DEV-04-3,iPhone,Mumbai,8,6,1,519.35,1,23170.38,12907.65,148,610,3489,0,0,0,0.0,0,
TXN04-04164,4,2026-07-26 08:34:53,37369.49,Suppliers,40003,UPI,DEV-04-1,iPhone,Mumbai,8,6,1,3.5,2,23164.34,12892.48,353,1336,3490,0,0,0,0.0,0,
TXN04-04165,4,2026-07-26 08:47:10,42026.42,Office,40005,UPI,DEV-04-6,Web,Mumbai,8,6,1,12.28,3,23212.44,12922.71,216,176,3491,0,0,0,0.0,0,
TXN04-04166,4,2026-07-26 08:50:10,17635.9,Fuel,40086,UPI,DEV-04-3,iPhone,Mumbai,8,6,1,3.0,4,23254.82,12955.88,10,611,3492,0,0,0,0.0,0,
TXN04-04167,4,2026-07-26 09:01:32,50000.0,Hotels,40138,Card,DEV-04-4,Android,Mumbai,9,6,1,11.37,5,23292.56,12953.78,3,411,3493,0,0,0,0.0,0,
TXN04-04168,4,2026-07-26 09:18:49,7807.97,Hotels,40142,UPI,DEV-04-2,iPhone,Mumbai,9,6,1,17.28,6,23309.3,13038.83,2,889,3494,0,0,0,0.0,0,
TXN04-04169,4,2026-07-26 09:43:46,13669.18,Suppliers,40022,Card,DEV-04-5,iPhone,Mumbai,9,6,1,24.95,7,23300.33,13070.42,58,279,3495,0,0,0,0.0,0,
TXN04-04170,4,2026-07-26 09:48:47,50000.0,Hotels,40006,UPI,DEV-04-8,Android,Mumbai,9,6,1,5.02,8,23276.61,13063.04,164,104,3496,0,0,0,0.0,0,
TXN04-04171,4,2026-07-26 09:50:26,28401.75,Office,40044,Card,DEV-04-1,iPhone,Mumbai,9,6,1,1.65,9,23342.26,13113.89,25,1337,3497,0,0,0,0.0,0,
TXN04-04172,4,2026-07-26 10:09:51,50000.0,Fuel,40021,UPI,DEV-04-5,iPhone,Mumbai,10,6,1,19.42,10,23326.05,13103.55,52,280,3498,0,0,0,0.0,0,
TXN04-04173,4,2026-07-26 10:16:20,24696.03,Suppliers,40011,Card,DEV-04-1,iPhone,Pune,10,6,1,6.48,11,23381.29,13181.05,115,1338,295,0,0,0,120.15,0,
TXN04-04174,4,2026-07-26 10:23:03,50000.0,Hotels,40014,Card,DEV-04-4,Android,Mumbai,10,6,1,6.72,12,23430.14,13149.04,52,412,3499,0,0,0,120.15,0,
TXN04-04175,4,2026-07-26 10:24:08,8802.02,Fuel,40043,Card,DEV-04-40,Web,Mumbai,10,6,1,1.08,13,23495.42,13198.59,32,1,3500,1,0,0,0.0,0,
TXN04-04176,4,2026-07-26 10:53:53,17111.41,Fuel,40020,Card,DEV-04-3,iPhone,Mumbai,10,6,1,29.75,14,23479.84,13212.18,56,612,3501,0,0,0,0.0,0,
TXN04-04177,4,2026-07-26 11:13:05,18237.98,Office,40005,UPI,DEV-04-2,iPhone,Pune,11,6,1,19.2,15,23448.8,13198.48,217,890,296,0,0,0,120.15,0,
TXN04-04178,4,2026-07-26 11:20:07,26000.0,Suppliers,40001,Card,DEV-UNK-6977,Android,Mumbai,11,6,1,7.03,16,23437.02,13211.8,385,1,3502,1,0,0,120.15,1,unknown_device
TXN04-04179,4,2026-07-26 11:25:46,6106.99,Hotels,40006,Card,DEV-04-8,Android,Mumbai,11,6,1,5.65,17,23443.34,13196.09,165,105,3503,0,0,0,0.0,0,
TXN04-04180,4,2026-07-26 11:33:56,30931.4,Hotels,40001,Card,DEV-04-2,iPhone,Mumbai,11,6,1,8.17,18,23334.97,13157.73,386,891,3504,0,0,0,0.0,0,
TXN04-04181,4,2026-07-26 11:34:08,50000.0,Hotels,40146,Card,DEV-04-3,iPhone,Mumbai,11,6,1,0.2,19,23353.68,13146.9,1,613,3505,0,0,1,0.0,0,
TXN04-04182,4,2026-07-26 11:43:30,3247.3,Office,40108,Card,DEV-04-19,iPhone,Mumbai,11,6,1,9.37,20,23400.08,13207.49,7,2,3506,0,0,0,0.0,0,
TXN04-04183,4,2026-07-26 12:09:19,31094.2,Fuel,40020,UPI,DEV-04-1,iPhone,Delhi,12,6,1,25.82,21,23337.89,13255.94,57,1339,323,0,0,0,1153.24,0,
TXN04-04184,4,2026-07-26 12:20:56,50000.0,Suppliers,40128,UPI,DEV-04-2,iPhone,Delhi,12,6,1,11.62,22,23357.05,13245.16,4,892,324,0,0,0,0.0,0,
TXN04-04185,4,2026-07-26 13:18:07,27231.37,Suppliers,40003,UPI,DEV-04-8,Android,Mumbai,13,6,1,57.18,23,23450.78,13333.16,354,106,3507,0,0,0,1153.24,0,
TXN04-04186,4,2026-07-26 13:18:46,20336.33,Fuel,40002,Card,DEV-04-3,iPhone,Mumbai,13,6,1,0.65,24,23460.14,13317.97,229,614,3508,0,0,0,0.0,0,
TXN04-04187,4,2026-07-26 13:22:57,8776.91,Hotels,40029,Card,DEV-04-5,iPhone,Mumbai,13,6,1,4.18,25,23452.43,13302.42,43,281,3509,0,0,0,0.0,0,
TXN04-04188,4,2026-07-26 13:52:03,50000.0,Hotels,40007,Card,DEV-04-2,iPhone,Mumbai,13,6,1,29.1,26,23367.33,13330.74,91,893,3510,0,0,0,0.0,0,
TXN04-04189,4,2026-07-26 13:54:56,14303.98,Office,40008,Bank Transfer,DEV-04-1,iPhone,Mumbai,13,6,1,2.88,27,23433.25,13379.84,103,1340,3511,0,0,0,0.0,0,
TXN04-04190,4,2026-07-26 13:58:06,26345.22,Hotels,40019,Bank Transfer,DEV-04-2,iPhone,Mumbai,13,6,1,3.17,28,23459.47,13351.53,61,894,3512,0,0,0,0.0,0,
TXN04-04191,4,2026-07-26 14:04:37,39145.5,Hotels,40006,Card,DEV-04-6,Web,Mumbai,14,6,1,6.52,29,23466.59,13335.8,166,177,3513,0,0,0,0.0,0,
TXN04-04192,4,2026-07-26 14:18:10,37070.79,Fuel,40002,Card,DEV-04-3,iPhone,Mumbai,14,6,1,13.55,30,23516.07,13356.69,230,615,3514,0,0,0,0.0,0,
TXN04-04193,4,2026-07-26 15:07:45,50000.0,Hotels,40001,Card,DEV-04-3,iPhone,Mumbai,15,6,1,49.58,31,23427.94,13317.63,387,616,3515,0,0,0,0.0,0,
TXN04-04194,4,2026-07-26 15:43:14,29322.22,Hotels,40057,UPI,DEV-04-5,iPhone,Mumbai,15,6,1,35.48,32,23537.25,13352.71,11,282,3516,0,0,0,0.0,0,
TXN04-04195,4,2026-07-26 16:20:44,8356.29,Hotels,40025,Card,DEV-04-2,iPhone,Mumbai,16,6,1,37.5,33,23578.62,13345.12,37,895,3517,0,0,0,0.0,0,
TXN04-04196,4,2026-07-26 16:22:39,26815.07,Office,40127,UPI,DEV-04-7,iPhone,Mumbai,16,6,1,1.92,34,23497.62,13339.67,2,129,3518,0,0,0,0.0,0,
TXN04-04197,4,2026-07-26 16:51:44,5259.43,Office,40031,UPI,DEV-04-4,Android,Delhi,16,6,1,29.08,35,23516.47,13257.63,39,413,325,0,0,0,1153.24,0,
TXN04-04198,4,2026-07-26 17:11:45,12119.1,Suppliers,40022,UPI,DEV-04-2,iPhone,Mumbai,17,6,1,20.02,36,23469.47,13289.33,59,896,3519,0,0,0,1153.24,0,
TXN04-04199,4,2026-07-26 17:17:36,36831.45,Suppliers,40003,Card,DEV-04-3,iPhone,Mumbai,17,6,1,5.85,37,23440.81,13284.76,355,617,3520,0,0,0,0.0,0,
TXN04-04200,4,2026-07-26 17:46:35,48237.63,Fuel,40063,Card,DEV-04-1,iPhone,Mumbai,17,6,1,28.98,38,23510.42,13282.52,14,1341,3521,0,0,0,0.0,0,
TXN04-04201,4,2026-07-26 17:55:25,50000.0,Hotels,40001,Card,DEV-04-1,iPhone,Delhi,17,6,1,8.83,39,23556.34,13301.52,388,1342,326,0,0,0,1153.24,0,
TXN04-04202,4,2026-07-26 18:15:12,5884.18,Hotels,40041,Bank Transfer,DEV-04-5,iPhone,Pune,18,6,1,19.78,40,23615.46,13366.86,21,283,297,0,0,0,1179.48,0,
TXN04-04203,4,2026-07-26 18:40:37,10481.92,Office,40005,UPI,DEV-04-3,iPhone,Mumbai,18,6,1,25.42,41,23521.06,13413.16,218,618,3522,0,0,0,120.15,0,
TXN04-04204,4,2026-07-26 18:40:48,48111.01,Office,40017,Bank Transfer,DEV-04-5,iPhone,Mumbai,18,6,1,0.18,42,23487.97,13412.18,68,284,3523,0,0,0,0.0,0,
TXN04-04205,4,2026-07-26 18:40:50,5354.39,Suppliers,40003,Card,DEV-04-5,iPhone,Mumbai,18,6,1,0.03,43,23550.3,13452.22,356,285,3524,0,0,0,0.0,0,
TXN04-04206,4,2026-07-26 18:46:14,36928.11,Hotels,40147,UPI,DEV-04-5,iPhone,Mumbai,18,6,1,5.4,44,23574.4,13464.19,1,286,3525,0,0,1,0.0,0,
TXN04-04207,4,2026-07-26 18:46:29,24912.46,Hotels,40007,UPI,DEV-04-3,iPhone,Mumbai,18,6,1,0.25,45,23608.29,13463.86,92,619,3526,0,0,0,0.0,0,
TXN04-04208,4,2026-07-26 19:35:46,5228.09,Suppliers,40004,Bank Transfer,DEV-04-5,iPhone,Mumbai,19,6,1,49.28,46,23671.61,13477.76,149,287,3527,0,0,0,0.0,0,
TXN04-04209,4,2026-07-26 20:19:20,20810.56,Hotels,40050,Card,DEV-04-9,iPhone,Mumbai,20,6,1,43.57,47,23686.98,13466.37,23,56,3528,0,0,0,0.0,0,
TXN04-04210,4,2026-07-26 20:29:47,18043.16,Hotels,40019,Card,DEV-04-1,iPhone,Mumbai,20,6,1,10.45,48,23729.82,13430.87,62,1343,3529,0,0,0,0.0,0,
TXN04-04211,4,2026-07-26 20:41:40,18158.71,Suppliers,40018,Bank Transfer,DEV-04-2,iPhone,Mumbai,20,6,1,11.88,49,23693.04,13437.58,63,897,3530,0,0,0,0.0,0,
TXN04-04212,4,2026-07-26 20:41:48,21142.56,Office,40085,Bank Transfer,DEV-04-5,iPhone,Mumbai,20,6,1,0.13,50,23678.66,13423.07,8,288,3531,0,0,0,0.0,0,
TXN04-04213,4,2026-07-26 21:03:50,20747.71,Suppliers,40176,Bank Transfer,DEV-04-1,iPhone,Mumbai,21,6,1,22.03,51,23760.14,13416.32,1,1344,3532,0,0,1,0.0,1,ato_new_merchant_same_category_odd_hour
TXN04-04214,4,2026-07-26 23:50:45,50000.0,Bank Transfer,40001,Bank Transfer,DEV-04-1,iPhone,Mumbai,23,6,1,166.92,52,23752.3,13399.72,389,1345,3533,0,0,0,0.0,1,rapid_repeated_transfers
TXN04-04215,4,2026-07-26 23:51:45,45377.71,Bank Transfer,40001,Bank Transfer,DEV-04-1,iPhone,Mumbai,23,6,1,1.0,53,23820.47,13448.83,390,1346,3534,0,0,0,0.0,1,rapid_repeated_transfers
TXN04-04216,4,2026-07-26 23:56:45,50000.0,Bank Transfer,40001,Bank Transfer,DEV-04-1,iPhone,Mumbai,23,6,1,5.0,54,23876.32,13476.03,391,1347,3535,0,0,0,0.0,1,rapid_repeated_transfers
TXN04-04217,4,2026-07-27 08:08:21,18012.84,Hotels,40050,UPI,DEV-04-4,Android,Mumbai,8,0,0,491.6,1,23943.82,13523.79,24,414,3536,0,0,0,0.0,0,
TXN04-04218,4,2026-07-27 08:09:31,12938.11,Fuel,40026,UPI,DEV-04-3,iPhone,Mumbai,8,0,0,1.17,2,23928.54,13509.7,29,620,3537,0,0,0,0.0,0,
TXN04-04219,4,2026-07-27 08:11:54,10220.58,Office,40005,Card,DEV-04-1,iPhone,Mumbai,8,0,0,2.38,3,23900.29,13503.79,219,1348,3538,0,0,0,0.0,0,
TXN04-04220,4,2026-07-27 09:33:58,17052.23,Fuel,40047,Card,DEV-04-8,Android,Mumbai,9,0,0,82.07,4,23868.05,13570.0,19,107,3539,0,0,0,0.0,0,
TXN04-04221,4,2026-07-27 09:37:43,12034.22,Hotels,40029,Card,DEV-04-1,iPhone,Mumbai,9,0,0,3.75,5,23850.44,13556.87,44,1349,3540,0,0,0,0.0,0,
TXN04-04222,4,2026-07-27 10:02:13,9973.11,Suppliers,40018,Card,DEV-04-3,iPhone,Mumbai,10,0,0,24.5,6,23750.85,13568.06,64,621,3541,0,0,0,0.0,0,
TXN04-04223,4,2026-07-27 10:30:38,42415.98,Suppliers,40004,UPI,DEV-04-1,iPhone,Mumbai,10,0,0,28.42,7,23710.86,13585.9,150,1350,3542,0,0,0,0.0,0,
TXN04-04224,4,2026-07-27 10:41:17,27812.47,Fuel,40009,UPI,DEV-04-4,Android,Mumbai,10,0,0,10.65,8,23759.21,13636.48,124,415,3543,0,0,0,0.0,0,
TXN04-04225,4,2026-07-27 10:42:20,7480.47,Hotels,40096,Card,DEV-04-3,iPhone,Mumbai,10,0,0,1.05,9,23769.74,13620.32,2,622,3544,0,0,0,0.0,0,
TXN04-04226,4,2026-07-27 11:00:59,21756.55,Hotels,40006,UPI,DEV-04-3,iPhone,Mumbai,11,0,0,18.65,10,23688.72,13584.91,167,623,3545,0,0,0,0.0,0,
TXN04-04227,4,2026-07-27 12:09:32,47191.73,Suppliers,40059,Card,DEV-04-41,Android,Mumbai,12,0,0,68.55,11,23677.95,13588.14,20,1,3546,1,0,0,0.0,0,
TXN04-04228,4,2026-07-27 12:22:22,4354.39,Hotels,40067,Card,DEV-04-2,iPhone,Mumbai,12,0,0,12.83,12,23601.5,13525.18,11,898,3547,0,0,0,0.0,0,
TXN04-04229,4,2026-07-27 12:26:45,19748.55,Hotels,40013,Bank Transfer,DEV-04-3,iPhone,Mumbai,12,0,0,4.38,13,23551.11,13543.22,59,624,3548,0,0,0,0.0,0,
TXN04-04230,4,2026-07-27 12:40:26,40758.79,Office,40148,Card,DEV-04-1,iPhone,Mumbai,12,0,0,13.68,14,23541.18,13526.92,2,1351,3549,0,0,0,0.0,0,
TXN04-04231,4,2026-07-27 14:07:16,26758.32,Fuel,40009,Bank Transfer,DEV-04-42,Web,Mumbai,14,0,0,86.83,15,23663.95,13571.35,125,1,3550,1,0,0,0.0,0,
TXN04-04232,4,2026-07-27 14:45:48,26917.25,Fuel,40062,Card,DEV-04-5,iPhone,Mumbai,14,0,0,38.53,16,23681.71,13570.98,9,289,3551,0,0,0,0.0,0,
TXN04-04233,4,2026-07-27 15:27:15,11918.16,Suppliers,40075,UPI,DEV-04-1,iPhone,Delhi,15,0,0,41.45,17,23548.59,13485.28,4,1352,327,0,0,0,1153.24,0,
TXN04-04234,4,2026-07-27 15:28:31,31483.9,Fuel,40002,Card,DEV-04-2,iPhone,Delhi,15,0,0,1.27,18,23517.74,13480.66,231,899,328,0,0,0,0.0,0,
TXN04-04235,4,2026-07-27 15:28:51,14031.47,Suppliers,40076,Card,DEV-04-1,iPhone,Delhi,15,0,0,0.33,19,23538.82,13469.03,7,1353,329,0,0,0,0.0,0,
TXN04-04236,4,2026-07-27 16:00:22,16403.43,Office,40005,Card,DEV-04-8,Android,Mumbai,16,0,0,31.52,20,23556.79,13451.8,220,108,3552,0,0,0,1153.24,0,
TXN04-04237,4,2026-07-27 16:00:31,20811.44,Suppliers,40004,UPI,DEV-04-4,Android,Mumbai,16,0,0,0.15,21,23537.91,13439.05,151,416,3553,0,0,0,0.0,0,
TXN04-04238,4,2026-07-27 16:01:39,16037.23,Hotels,40001,Card,DEV-04-10,Web,Mumbai,16,0,0,1.13,22,23530.74,13422.09,392,43,3554,0,0,0,0.0,0,
TXN04-04239,4,2026-07-27 16:10:48,37500.7,Suppliers,40055,Card,DEV-04-4,Android,Mumbai,16,0,0,9.15,23,23511.07,13409.94,21,417,3555,0,0,0,0.0,0,
TXN04-04240,4,2026-07-27 17:08:06,9984.22,Office,40033,UPI,DEV-04-4,Android,Mumbai,17,0,0,57.3,24,23563.36,13444.54,29,418,3556,0,0,0,0.0,0,
TXN04-04241,4,2026-07-27 17:09:31,12837.5,Office,40080,Card,DEV-04-8,Android,Delhi,17,0,0,1.42,25,23527.72,13444.85,14,109,330,0,0,0,1153.24,0,
TXN04-04242,4,2026-07-27 17:09:47,27234.13,Fuel,40012,Bank Transfer,DEV-04-1,iPhone,Mumbai,17,0,0,0.27,26,23499.74,13438.34,78,1354,3557,0,0,0,1153.24,0,
TXN04-04243,4,2026-07-27 17:22:47,15889.24,Fuel,40047,Bank Transfer,DEV-04-6,Web,Mumbai,17,0,0,13.0,27,23494.1,13436.33,20,178,3558,0,0,0,0.0,0,
TXN04-04244,4,2026-07-27 17:23:58,9666.96,Suppliers,40022,Card,DEV-04-1,iPhone,Mumbai,17,0,0,1.18,28,23474.25,13424.39,60,1355,3559,0,0,0,0.0,0,
TXN04-04245,4,2026-07-27 17:54:58,27594.2,Suppliers,40018,Bank Transfer,DEV-04-1,iPhone,Mumbai,17,0,0,31.0,29,23468.32,13429.98,65,1356,3560,0,0,0,0.0,0,
TXN04-04246,4,2026-07-27 18:03:57,19752.6,Suppliers,40027,UPI,DEV-04-3,iPhone,Mumbai,18,0,0,8.98,30,23479.07,13414.13,41,625,3561,0,0,0,0.0,0,
TXN04-04247,4,2026-07-27 18:07:18,23834.07,Hotels,40001,UPI,DEV-04-1,iPhone,Mumbai,18,0,0,3.35,31,23469.39,13398.04,393,1357,3562,0,0,0,0.0,0,
TXN04-04248,4,2026-07-27 18:27:06,6028.27,Office,40049,Bank Transfer,DEV-04-1,iPhone,Mumbai,18,0,0,19.8,32,23460.31,13406.49,18,1358,3563,0,0,0,0.0,0,
TXN04-04249,4,2026-07-27 18:34:55,19028.54,Fuel,40002,Card,DEV-04-3,iPhone,Mumbai,18,0,0,7.82,33,23345.81,13367.05,232,626,3564,0,0,0,0.0,0,
TXN04-04250,4,2026-07-27 20:21:34,35385.7,Office,40032,UPI,DEV-04-2,iPhone,Mumbai,20,0,0,106.65,34,23240.31,13358.77,35,900,3565,0,0,0,0.0,0,
TXN04-04251,4,2026-07-27 20:52:55,34442.91,Hotels,40029,Bank Transfer,DEV-04-1,iPhone,Mumbai,20,0,0,31.35,35,23304.23,13359.23,45,1359,3566,0,0,0,0.0,0,
TXN04-04252,4,2026-07-27 20:55:42,44408.44,Office,40032,Card,DEV-04-1,iPhone,Mumbai,20,0,0,2.78,36,23333.77,13353.8,36,1360,3567,0,0,0,0.0,0,
TXN04-04253,4,2026-07-27 23:56:51,8468.35,Hotels,40186,Card,DEV-04-6,Web,Mumbai,23,0,0,181.15,37,23389.53,13379.98,1,179,3568,0,0,1,0.0,1,ato_new_merchant_same_category_odd_hour
TXN04-04254,4,2026-07-28 08:06:55,11408.67,Hotels,40007,Card,DEV-04-2,iPhone,Delhi,8,1,0,490.07,1,23350.16,13384.23,93,901,331,0,0,0,1153.24,0,
TXN04-04255,4,2026-07-28 08:14:36,23990.33,Office,40008,UPI,DEV-04-5,iPhone,Mumbai,8,1,0,7.68,2,23276.18,13372.53,104,290,3569,0,0,0,1153.24,0,
TXN04-04256,4,2026-07-28 08:44:30,50000.0,Fuel,40047,UPI,DEV-04-1,iPhone,Mumbai,8,1,0,29.9,3,23204.48,13246.15,21,1361,3570,0,0,0,0.0,0,
TXN04-04257,4,2026-07-28 09:30:22,29623.05,Suppliers,40059,UPI,DEV-04-1,iPhone,Pune,9,1,0,45.87,4,23222.51,13259.2,21,1362,298,0,0,0,120.15,0,
TXN04-04258,4,2026-07-28 10:08:18,8347.65,Suppliers,40119,Bank Transfer,DEV-04-3,iPhone,Mumbai,10,1,0,37.93,5,23272.15,13273.48,6,627,3571,0,0,0,120.15,0,
TXN04-04259,4,2026-07-28 10:14:20,28096.4,Suppliers,40003,Card,DEV-04-1,iPhone,Delhi,10,1,0,6.03,6,23181.97,13260.01,357,1363,332,0,0,0,1153.24,0,
TXN04-04260,4,2026-07-28 10:39:18,33552.03,Office,40080,Card,DEV-04-1,iPhone,Mumbai,10,1,0,24.97,7,23202.81,13261.59,15,1364,3572,0,0,0,1153.24,0,
TXN04-04261,4,2026-07-28 11:35:24,36967.59,Office,40040,Card,DEV-04-4,Android,Mumbai,11,1,0,56.1,8,23255.5,13297.47,26,419,3573,0,0,0,0.0,0,
TXN04-04262,4,2026-07-28 11:52:10,11844.71,Suppliers,40114,Bank Transfer,DEV-04-4,Android,Mumbai,11,1,0,16.77,9,23332.22,13294.04,5,420,3574,0,0,0,0.0,0,
TXN04-04263,4,2026-07-28 11:59:22,23440.32,Hotels,40007,Bank Transfer,DEV-04-2,iPhone,Delhi,11,1,0,7.2,10,23220.16,13272.87,94,902,333,0,0,0,1153.24,0,
TXN04-04264,4,2026-07-28 12:03:44,31086.01,Office,40016,UPI,DEV-04-1,iPhone,Mumbai,12,1,0,4.37,11,23220.75,13255.03,74,1365,3575,0,0,0,1153.24,0,
TXN04-04265,4,2026-07-28 12:26:41,8667.86,Fuel,40002,Card,DEV-04-5,iPhone,Mumbai,12,1,0,22.95,12,23273.94,13246.78,233,291,3576,0,0,0,0.0,0,
TXN04-04266,4,2026-07-28 12:41:53,15726.78,Office,40122,Card,DEV-04-5,iPhone,Mumbai,12,1,0,15.2,13,23234.79,13250.55,3,292,3577,0,0,0,0.0,0,
TXN04-04267,4,2026-07-28 13:12:55,37238.35,Office,40129,Card,DEV-04-1,iPhone,Mumbai,13,1,0,31.03,14,23247.87,13254.6,5,1366,3578,0,0,0,0.0,0,
TXN04-04268,4,2026-07-28 13:20:51,34844.27,Fuel,40012,Card,DEV-04-1,iPhone,Delhi,13,1,0,7.93,15,23285.38,13256.58,79,1367,334,0,0,0,1153.24,0,
TXN04-04269,4,2026-07-28 13:33:39,7235.22,Fuel,40118,UPI,DEV-04-2,iPhone,Mumbai,13,1,0,12.8,16,23316.28,13252.29,3,903,3579,0,0,0,1153.24,0,
TXN04-04270,4,2026-07-28 13:54:30,8615.24,Suppliers,40024,UPI,DEV-04-1,iPhone,Mumbai,13,1,0,20.85,17,23290.95,13213.63,39,1368,3580,0,0,0,0.0,0,
TXN04-04271,4,2026-07-28 14:00:31,27205.4,Hotels,40013,Bank Transfer,DEV-04-1,iPhone,Mumbai,14,1,0,6.02,18,23251.6,13217.71,60,1369,3581,0,0,0,0.0,0,
TXN04-04272,4,2026-07-28 14:05:16,11608.02,Office,40017,Bank Transfer,DEV-04-8,Android,Mumbai,14,1,0,4.75,19,23262.18,13201.61,69,110,3582,0,0,0,0.0,0,
TXN04-04273,4,2026-07-28 15:03:26,4025.88,Hotels,40074,Card,DEV-04-1,iPhone,Mumbai,15,1,0,58.17,20,23189.35,13261.07,7,1370,3583,0,0,0,0.0,0,
TXN04-04274,4,2026-07-28 15:12:44,15092.14,Suppliers,40018,UPI,DEV-04-2,iPhone,Mumbai,15,1,0,9.3,21,23137.42,13280.51,66,904,3584,0,0,0,0.0,0,
TXN04-04275,4,2026-07-28 15:28:03,19761.02,Suppliers,40018,Card,DEV-04-1,iPhone,Mumbai,15,1,0,15.32,22,23091.11,13278.69,67,1371,3585,0,0,0,0.0,0,
TXN04-04276,4,2026-07-28 15:48:24,35510.3,Hotels,40006,Card,DEV-04-1,iPhone,Mumbai,15,1,0,20.35,23,23145.28,13269.91,168,1372,3586,0,0,0,0.0,0,
TXN04-04277,4,2026-07-28 16:01:08,25134.87,Suppliers,40038,Card,DEV-04-1,iPhone,Pune,16,1,0,12.73,24,23178.79,13267.49,29,1373,299,0,0,0,120.15,0,
TXN04-04278,4,2026-07-28 16:11:37,27256.71,Fuel,40020,UPI,DEV-04-2,iPhone,Mumbai,16,1,0,10.48,25,23135.1,13234.39,58,905,3587,0,0,0,120.15,0,
TXN04-04279,4,2026-07-28 16:28:19,16365.64,Office,40017,Bank Transfer,DEV-04-2,iPhone,Mumbai,16,1,0,16.7,26,23224.96,13208.87,70,906,3588,0,0,0,0.0,0,
TXN04-04280,4,2026-07-28 16:47:16,29470.58,Office,40008,UPI,DEV-04-2,iPhone,Mumbai,16,1,0,18.95,27,23206.37,13195.78,105,907,3589,0,0,0,0.0,0,
TXN04-04281,4,2026-07-28 16:50:27,15703.29,Hotels,40001,Card,DEV-04-5,iPhone,Mumbai,16,1,0,3.18,28,23223.3,13181.95,394,293,3590,0,0,0,0.0,0,
TXN04-04282,4,2026-07-28 16:53:43,25188.24,Fuel,40002,UPI,DEV-04-3,iPhone,Mumbai,16,1,0,3.27,29,23203.03,13169.94,234,628,3591,0,0,0,0.0,0,
TXN04-04283,4,2026-07-28 17:09:24,33862.78,Fuel,40036,UPI,DEV-04-3,iPhone,Mumbai,17,1,0,15.68,30,23208.37,13152.63,22,629,3592,0,0,0,0.0,0,
TXN04-04284,4,2026-07-28 17:26:03,11381.13,Fuel,40026,UPI,DEV-04-1,iPhone,Mumbai,17,1,0,16.65,31,23236.93,13146.54,30,1374,3593,0,0,0,0.0,0,
TXN04-04285,4,2026-07-28 17:32:31,22942.04,Fuel,40012,Bank Transfer,DEV-04-1,iPhone,Mumbai,17,1,0,6.47,32,23205.23,13143.22,80,1375,3594,0,0,0,0.0,0,
TXN04-04286,4,2026-07-28 17:53:19,13012.92,Suppliers,40003,UPI,DEV-04-1,iPhone,Mumbai,17,1,0,20.8,33,23204.53,13125.69,358,1376,3595,0,0,0,0.0,0,
TXN04-04287,4,2026-07-28 17:55:44,5575.9,Office,40082,Card,DEV-04-1,iPhone,Mumbai,17,1,0,2.42,34,23177.42,13118.73,13,1377,3596,0,0,0,0.0,0,
TXN04-04288,4,2026-07-28 17:57:23,14087.66,Hotels,40071,UPI,DEV-04-3,iPhone,Mumbai,17,1,0,1.65,35,23130.74,13132.56,10,630,3597,0,0,0,0.0,0,
TXN04-04289,4,2026-07-28 18:16:46,36029.25,Suppliers,40004,UPI,DEV-04-3,iPhone,Pune,18,1,0,19.38,36,23106.81,13123.4,152,631,300,0,0,0,120.15,0,
TXN04-04290,4,2026-07-28 18:54:27,28537.75,Suppliers,40004,UPI,DEV-04-2,iPhone,Pune,18,1,0,37.68,37,23105.64,13165.15,153,908,301,0,0,0,0.0,0,
TXN04-04291,4,2026-07-28 19:02:59,6430.27,Fuel,40089,Card,DEV-04-5,iPhone,Mumbai,19,1,0,8.53,38,23149.36,13155.96,7,294,3598,0,0,0,120.15,0,
TXN04-04292,4,2026-07-28 19:24:39,5446.41,Hotels,40066,UPI,DEV-04-2,iPhone,Mumbai,19,1,0,21.67,39,23083.38,13177.75,17,909,3599,0,0,0,0.0,0,
TXN04-04293,4,2026-07-29 08:03:01,10772.36,Hotels,40025,Card,DEV-04-4,Android,Mumbai,8,2,0,758.37,1,22922.32,13157.38,38,421,3600,0,0,0,0.0,0,
TXN04-04294,4,2026-07-29 08:26:47,8368.57,Office,40028,Card,DEV-04-9,iPhone,Mumbai,8,2,0,23.77,2,22889.75,13154.75,49,57,3601,0,0,0,0.0,0,
TXN04-04295,4,2026-07-29 08:55:09,17635.07,Fuel,40026,UPI,DEV-04-2,iPhone,Mumbai,8,2,0,28.37,3,22850.92,13158.53,31,910,3602,0,0,0,0.0,0,
TXN04-04296,4,2026-07-29 09:05:13,18374.23,Hotels,40053,Card,DEV-04-1,iPhone,Mumbai,9,2,0,10.07,4,22837.01,13143.73,16,1378,3603,0,0,0,0.0,0,
TXN04-04297,4,2026-07-29 09:15:10,14990.89,Suppliers,40075,Card,DEV-04-1,iPhone,Mumbai,9,2,0,9.95,5,22882.54,13132.97,5,1379,3604,0,0,0,0.0,0,
TXN04-04298,4,2026-07-29 09:25:35,9810.86,Hotels,40056,Bank Transfer,DEV-04-1,iPhone,Mumbai,9,2,0,10.42,6,22861.49,13121.76,22,1380,3605,0,0,0,0.0,0,
TXN04-04299,4,2026-07-29 09:26:07,24213.97,Hotels,40006,Card,DEV-04-1,iPhone,Delhi,9,2,0,0.53,7,22826.78,13121.52,169,1381,335,0,0,0,1153.24,0,
TXN04-04300,4,2026-07-29 09:31:12,36565.29,Office,40005,Card,DEV-04-1,iPhone,Delhi,9,2,0,5.08,8,22830.46,13104.31,221,1382,336,0,0,0,0.0,0,
TXN04-04301,4,2026-07-29 09:33:11,27562.72,Office,40082,Card,DEV-04-10,Web,Mumbai,9,2,0,1.98,9,22866.8,13105.96,14,44,3606,0,0,0,1153.24,0,
TXN04-04302,4,2026-07-29 09:34:02,29609.05,Office,40028,Card,DEV-04-1,iPhone,Pune,9,2,0,0.85,10,22879.19,13090.88,50,1383,302,0,0,0,120.15,0,
TXN04-04303,4,2026-07-29 09:49:33,22862.47,Fuel,40002,Bank Transfer,DEV-04-1,iPhone,Mumbai,9,2,0,15.52,11,22944.69,13096.11,235,1384,3607,0,0,0,120.15,0,
TXN04-04304,4,2026-07-29 10:04:44,10285.23,Fuel,40020,Card,DEV-04-4,Android,Mumbai,10,2,0,15.18,12,22944.47,13078.82,59,422,3608,0,0,0,0.0,0,
TXN04-04305,4,2026-07-29 10:33:40,11519.51,Office,40017,Card,DEV-04-2,iPhone,Pune,10,2,0,28.93,13,22911.16,13077.69,71,911,303,0,0,0,120.15,0,
TXN04-04306,4,2026-07-29 11:23:46,6825.62,Suppliers,40011,Card,DEV-04-5,iPhone,Pune,11,2,0,50.1,14,22873.33,13084.68,116,295,304,0,0,0,0.0,0,
TXN04-04307,4,2026-07-29 11:31:03,23136.5,Suppliers,40018,Bank Transfer,DEV-04-1,iPhone,Mumbai,11,2,0,7.28,15,22870.31,13088.26,68,1385,3609,0,0,0,120.15,0,
TXN04-04308,4,2026-07-29 11:35:50,31260.37,Hotels,40006,Bank Transfer,DEV-04-6,Web,Delhi,11,2,0,4.78,16,22871.01,13071.03,170,180,337,0,0,0,1153.24,0,
TXN04-04309,4,2026-07-29 11:48:16,22645.37,Hotels,40066,Bank Transfer,DEV-04-2,iPhone,Pune,11,2,0,12.43,17,22918.4,13068.72,18,912,305,0,0,0,1179.48,0,
TXN04-04310,4,2026-07-29 12:21:47,13120.88,Suppliers,40059,UPI,DEV-04-1,iPhone,Mumbai,12,2,0,33.52,18,22971.76,13026.02,22,1386,3610,0,0,0,120.15,0,
TXN04-04311,4,2026-07-29 12:36:13,31430.37,Office,40005,UPI,DEV-04-2,iPhone,Mumbai,12,2,0,14.43,19,22908.89,13015.76,222,913,3611,0,0,0,0.0,0,
TXN04-04312,4,2026-07-29 12:37:45,30931.03,Suppliers,40003,UPI,DEV-04-1,iPhone,Mumbai,12,2,0,1.53,20,22931.26,13005.98,359,1387,3612,0,0,0,0.0,0,
TXN04-04313,4,2026-07-29 12:38:12,26167.03,Office,40008,UPI,DEV-04-1,iPhone,Mumbai,12,2,0,0.45,21,22952.2,12995.37,106,1388,3613,0,0,0,0.0,0,
TXN04-04314,4,2026-07-29 12:41:11,21297.02,Suppliers,40061,UPI,DEV-04-2,iPhone,Delhi,12,2,0,2.98,22,22960.59,12979.43,14,914,338,0,0,0,1153.24,0,
TXN04-04315,4,2026-07-29 12:42:16,10245.43,Suppliers,40022,Card,DEV-04-1,iPhone,Mumbai,12,2,0,1.08,23,22956.26,12962.8,61,1389,3614,0,0,0,1153.24,0,
TXN04-04316,4,2026-07-29 12:49:58,16745.09,Fuel,40048,Card,DEV-04-1,iPhone,Pune,12,2,0,7.7,24,22998.92,12953.12,15,1390,306,0,0,0,120.15,0,
TXN04-04317,4,2026-07-29 12:50:23,17525.36,Fuel,40009,Card,DEV-04-2,iPhone,Mumbai,12,2,0,0.42,25,22982.64,12940.17,126,915,3615,0,0,0,120.15,0,
TXN04-04318,4,2026-07-29 12:54:26,18269.29,Office,40033,UPI,DEV-04-1,iPhone,Mumbai,12,2,0,4.05,26,22968.46,12926.34,30,1391,3616,0,0,0,0.0,0,
TXN04-04319,4,2026-07-29 13:10:01,22698.25,Hotels,40013,Bank Transfer,DEV-04-1,iPhone,Mumbai,13,2,0,15.58,27,22953.52,12945.04,61,1392,3617,0,0,0,0.0,0,
TXN04-04320,4,2026-07-29 13:11:08,7829.48,Fuel,40002,UPI,DEV-04-1,iPhone,Mumbai,13,2,0,1.12,28,22952.86,12928.22,236,1393,3618,0,0,0,0.0,0,
TXN04-04321,4,2026-07-29 13:28:58,27672.64,Hotels,40041,Card,DEV-04-1,iPhone,Mumbai,13,2,0,17.83,29,22918.84,12981.15,22,1394,3619,0,0,0,0.0,0,
TXN04-04322,4,2026-07-29 13:38:52,19957.73,Office,40016,Bank Transfer,DEV-04-1,iPhone,Mumbai,13,2,0,9.9,30,22879.85,12944.35,75,1395,3620,0,0,0,0.0,0,
TXN04-04323,4,2026-07-29 14:06:51,8648.29,Suppliers,40004,Bank Transfer,DEV-04-1,iPhone,Pune,14,2,0,27.98,31,22877.25,12955.06,154,1396,307,0,0,0,120.15,0,
TXN04-04324,4,2026-07-29 14:24:20,18418.67,Suppliers,40018,UPI,DEV-04-3,iPhone,Mumbai,14,2,0,17.48,32,22887.31,12942.51,69,632,3621,0,0,0,120.15,0,
TXN04-04325,4,2026-07-29 14:30:07,18551.36,Fuel,40012,Card,DEV-04-1,iPhone,Mumbai,14,2,0,5.78,33,22863.45,12942.35,81,1397,3622,0,0,0,0.0,0,
TXN04-04326,4,2026-07-29 14:54:27,29317.07,Suppliers,40035,UPI,DEV-04-7,iPhone,Mumbai,14,2,0,24.33,34,22797.37,12899.86,35,130,3623,0,0,0,0.0,0,
TXN04-04327,4,2026-07-29 15:04:47,19780.52,Hotels,40006,Card,DEV-04-1,iPhone,Mumbai,15,2,0,10.33,35,22814.44,12887.27,171,1398,3624,0,0,0,0.0,0,
TXN04-04328,4,2026-07-29 15:07:26,9581.67,Suppliers,40064,Card,DEV-04-8,Android,Mumbai,15,2,0,2.65,36,22806.52,12871.37,16,111,3625,0,0,0,0.0,0,
TXN04-04329,4,2026-07-29 15:14:36,23151.54,Office,40008,UPI,DEV-04-1,iPhone,Mumbai,15,2,0,7.17,37,22772.08,12872.25,107,1399,3626,0,0,0,0.0,0,
TXN04-04330,4,2026-07-29 15:19:32,17455.9,Office,40005,Card,DEV-04-4,Android,Mumbai,15,2,0,4.93,38,22773.07,12855.54,223,423,3627,0,0,0,0.0,0,
TXN04-04331,4,2026-07-29 15:26:43,29306.83,Fuel,40043,UPI,DEV-04-1,iPhone,Mumbai,15,2,0,7.18,39,22759.29,12841.72,33,1400,3628,0,0,0,0.0,0,
TXN04-04332,4,2026-07-29 15:54:10,8519.99,Office,40016,Bank Transfer,DEV-04-2,iPhone,Mumbai,15,2,0,27.45,40,22700.28,12801.23,76,916,3629,0,0,0,0.0,0,
TXN04-04333,4,2026-07-29 16:12:36,20862.25,Hotels,40060,Card,DEV-04-10,Web,Mumbai,16,2,0,18.43,41,22663.55,12804.94,14,45,3630,0,0,0,0.0,0,
TXN04-04334,4,2026-07-29 16:17:24,23024.17,Suppliers,40045,UPI,DEV-04-4,Android,Mumbai,16,2,0,4.8,42,22658.89,12788.72,26,424,3631,0,0,0,0.0,0,
TXN04-04335,4,2026-07-29 16:21:17,15783.81,Suppliers,40011,UPI,DEV-04-1,iPhone,Pune,16,2,0,3.88,43,22659.83,12772.24,117,1401,308,0,0,0,120.15,0,
TXN04-04336,4,2026-07-29 16:34:32,12340.26,Office,40031,UPI,DEV-04-10,Web,Mumbai,16,2,0,13.25,44,22669.74,12765.41,40,46,3632,0,0,0,120.15,0,
TXN04-04337,4,2026-07-29 16:36:57,16881.55,Office,40028,Card,DEV-04-2,iPhone,Mumbai,16,2,0,2.42,45,22643.19,12759.72,51,917,3633,0,0,0,0.0,0,
TXN04-04338,4,2026-07-29 16:52:34,9975.8,Fuel,40009,UPI,DEV-04-6,Web,Mumbai,16,2,0,15.62,46,22650.67,12755.48,127,181,3634,0,0,0,0.0,0,
TXN04-04339,4,2026-07-29 16:53:03,4840.8,Hotels,40147,Bank Transfer,DEV-04-3,iPhone,Mumbai,16,2,0,0.48,47,22618.17,12755.24,2,633,3635,0,0,0,0.0,0,
TXN04-04340,4,2026-07-29 17:08:42,10572.96,Suppliers,40022,Card,DEV-04-2,iPhone,Mumbai,17,2,0,15.65,48,22572.7,12770.52,62,918,3636,0,0,0,0.0,0,
TXN04-04341,4,2026-07-29 17:23:51,13271.75,Hotels,40001,Card,DEV-04-3,iPhone,Mumbai,17,2,0,15.15,49,22542.09,12768.57,395,634,3637,0,0,0,0.0,0,
TXN04-04342,4,2026-07-29 17:29:22,35875.33,Office,40040,Bank Transfer,DEV-04-4,Android,Mumbai,17,2,0,5.52,50,22518.5,12760.87,27,425,3638,0,0,0,0.0,0,
TXN04-04343,4,2026-07-29 17:32:02,5767.9,Hotels,40006,Bank Transfer,DEV-04-2,iPhone,Mumbai,17,2,0,2.67,51,22552.4,12762.37,172,919,3639,0,0,0,0.0,0,
TXN04-04344,4,2026-07-29 17:49:02,33398.92,Suppliers,40024,Card,DEV-04-4,Android,Mumbai,17,2,0,17.0,52,22589.4,12757.71,40,426,3640,0,0,0,0.0,0,
TXN04-04345,4,2026-07-29 17:57:41,41432.81,Fuel,40079,UPI,DEV-04-2,iPhone,Delhi,17,2,0,8.65,53,22636.31,12763.48,7,920,339,0,0,0,1153.24,0,
TXN04-04346,4,2026-07-29 17:58:07,23275.91,Suppliers,40137,Bank Transfer,DEV-04-2,iPhone,Mumbai,17,2,0,0.43,54,22684.01,12782.31,5,921,3641,0,0,0,1153.24,0,
TXN04-04347,4,2026-07-29 18:04:18,36109.82,Office,40008,Card,DEV-04-3,iPhone,Mumbai,18,2,0,6.18,55,22685.51,12766.15,108,635,3642,0,0,0,0.0,0,
TXN04-04348,4,2026-07-29 18:11:57,17918.0,Hotels,40013,UPI,DEV-04-5,iPhone,Mumbai,18,2,0,7.65,56,22719.41,12767.81,62,296,3643,0,0,0,0.0,0,
TXN04-04349,4,2026-07-29 18:38:31,12209.93,Office,40091,Card,DEV-04-4,Android,Pune,18,2,0,26.57,57,22687.4,12763.92,7,427,309,0,0,0,120.15,0,
TXN04-04350,4,2026-07-29 19:10:04,33072.33,Hotels,40013,Card,DEV-04-7,iPhone,Mumbai,19,2,0,31.55,58,22640.57,12721.93,63,131,3644,0,0,0,120.15,0,
TXN04-04351,4,2026-07-29 20:00:55,8086.56,Hotels,40046,Card,DEV-04-7,iPhone,Mumbai,20,2,0,50.85,59,22582.36,12670.3,23,132,3645,0,0,0,0.0,0,
TXN04-04352,4,2026-07-29 20:02:26,36947.43,Suppliers,40015,UPI,DEV-04-6,Web,Mumbai,20,2,0,1.52,60,22545.48,12675.23,77,182,3646,0,0,0,0.0,0,
TXN04-04353,4,2026-07-29 20:05:27,12491.38,Hotels,40019,Card,DEV-04-4,Android,Delhi,20,2,0,3.02,61,22567.17,12692.55,63,428,340,0,0,0,1153.24,0,
TXN04-04354,4,2026-07-29 20:09:27,12027.0,Suppliers,40004,Bank Transfer,DEV-UNK-8584,Web,Mumbai,20,2,0,4.0,62,22541.6,12686.57,155,1,3647,1,0,0,1153.24,1,ato_new_device
TXN04-04355,4,2026-07-29 20:09:52,15176.58,Hotels,40057,Bank Transfer,DEV-04-9,iPhone,Mumbai,20,2,0,0.42,63,22514.98,12681.51,12,58,3648,0,0,0,0.0,0,
TXN04-04356,4,2026-07-29 20:23:32,14063.73,Suppliers,40027,Bank Transfer,DEV-04-3,iPhone,Mumbai,20,2,0,13.67,64,22496.45,12670.84,42,636,3649,0,0,0,0.0,0,
TXN04-04357,4,2026-07-29 20:37:31,36538.49,Fuel,40002,Card,DEV-04-2,iPhone,Mumbai,20,2,0,13.98,65,22475.21,12661.93,237,922,3650,0,0,0,0.0,0,
TXN04-04358,4,2026-07-29 20:38:02,10818.16,Hotels,40065,Card,DEV-04-1,iPhone,Mumbai,20,2,0,0.52,66,22510.54,12665.59,10,1402,3651,0,0,0,0.0,0,
TXN04-04359,4,2026-07-30 08:03:13,13653.14,Suppliers,40003,Card,DEV-04-2,iPhone,Mumbai,8,3,0,685.18,1,22338.54,12541.13,360,923,3652,0,0,0,0.0,0,
TXN04-04360,4,2026-07-30 08:14:48,21670.34,Office,40005,Bank Transfer,DEV-04-1,iPhone,Pune,8,3,0,11.58,2,22316.6,12532.87,224,1403,310,0,0,0,120.15,0,
TXN04-04361,4,2026-07-30 08:47:03,45352.07,Hotels,40070,UPI,DEV-04-2,iPhone,Mumbai,8,3,0,32.25,3,22259.5,12484.08,11,924,3653,0,0,0,120.15,0,
TXN04-04362,4,2026-07-30 09:19:34,50000.0,Fuel,40002,Card,DEV-04-6,Web,Mumbai,9,3,0,32.52,4,22379.91,12521.46,238,183,3654,0,0,0,0.0,0,
TXN04-04363,4,2026-07-30 09:34:10,49559.48,Bank Transfer,40001,Bank Transfer,DEV-04-1,iPhone,Mumbai,9,3,0,14.6,5,22474.81,12609.0,396,1404,3655,0,0,0,0.0,1,rapid_repeated_transfers
TXN04-04364,4,2026-07-30 09:37:10,42227.45,Bank Transfer,40001,Bank Transfer,DEV-04-1,iPhone,Mumbai,9,3,0,3.0,6,22543.38,12666.36,397,1405,3656,0,0,0,0.0,1,rapid_repeated_transfers
TXN04-04365,4,2026-07-30 09:38:10,50000.0,Bank Transfer,40001,Bank Transfer,DEV-04-1,iPhone,Mumbai,9,3,0,1.0,7,22593.09,12688.88,398,1406,3657,0,0,0,0.0,1,rapid_repeated_transfers
TXN04-04366,4,2026-07-30 10:01:09,15640.19,Fuel,40048,Bank Transfer,DEV-04-1,iPhone,Pune,10,3,0,22.98,8,22683.15,12756.34,16,1407,311,0,0,0,120.15,0,
TXN04-04367,4,2026-07-30 10:05:17,21120.68,Fuel,40026,Card,DEV-04-14,Web,Mumbai,10,3,0,4.13,9,22665.4,12745.15,32,7,3658,0,0,0,120.15,0,
TXN04-04368,4,2026-07-30 11:11:13,16877.04,Suppliers,40114,UPI,DEV-04-1,iPhone,Mumbai,11,3,0,65.93,10,22603.99,12760.95,6,1408,3659,0,0,0,0.0,0,
TXN04-04369,4,2026-07-30 11:24:19,31706.98,Suppliers,40018,UPI,DEV-04-6,Web,Mumbai,11,3,0,13.1,11,22589.34,12747.9,70,184,3660,0,0,0,0.0,0,
TXN04-04370,4,2026-07-30 11:33:17,19191.19,Hotels,40001,Bank Transfer,DEV-04-1,iPhone,Mumbai,11,3,0,8.97,12,22612.6,12739.94,399,1409,3661,0,0,0,0.0,0,
TXN04-04371,4,2026-07-30 11:49:44,4247.43,Hotels,40147,Card,DEV-04-2,iPhone,Mumbai,11,3,0,16.45,13,22576.62,12738.87,3,925,3662,0,0,0,0.0,0,
TXN04-04372,4,2026-07-30 12:29:07,4512.36,Suppliers,40022,Bank Transfer,DEV-04-1,iPhone,Mumbai,12,3,0,39.38,14,22620.81,12755.61,63,1410,3663,0,0,0,0.0,0,
TXN04-04373,4,2026-07-30 13:25:24,20149.45,Hotels,40001,UPI,DEV-04-1,iPhone,Mumbai,13,3,0,56.28,15,22499.35,12787.45,400,1411,3664,0,0,0,0.0,0,
TXN04-04374,4,2026-07-30 13:30:17,16679.75,Suppliers,40004,Card,DEV-04-2,iPhone,Mumbai,13,3,0,4.88,16,22493.23,12771.35,156,926,3665,0,0,0,0.0,0,
TXN04-04375,4,2026-07-30 13:38:12,25104.79,Suppliers,40114,UPI,DEV-04-1,iPhone,Mumbai,13,3,0,7.92,17,22515.14,12754.12,7,1412,3666,0,0,0,0.0,0,
TXN04-04376,4,2026-07-30 13:59:07,22465.48,Fuel,40023,Bank Transfer,DEV-04-2,iPhone,Mumbai,13,3,0,20.92,18,22521.87,12738.23,36,927,3667,0,0,0,0.0,0,
TXN04-04377,4,2026-07-30 14:04:15,40267.3,Suppliers,40003,Card,DEV-04-3,iPhone,Mumbai,14,3,0,5.13,19,22521.72,12721.72,361,637,3668,0,0,0,0.0,0,
TXN04-04378,4,2026-07-30 14:05:28,50000.0,Fuel,40145,Card,DEV-04-7,iPhone,Delhi,14,3,0,1.22,20,22567.58,12737.17,2,133,341,0,0,0,1153.24,0,
TXN04-04379,4,2026-07-30 14:34:30,50000.0,Office,40008,Card,DEV-04-3,iPhone,Mumbai,14,3,0,29.03,21,22594.95,12831.72,109,638,3669,0,0,0,1153.24,0,
TXN04-04380,4,2026-07-30 15:03:28,50000.0,Suppliers,40003,Card,DEV-04-10,Web,Mumbai,15,3,0,28.97,22,22664.79,12920.03,362,47,3670,0,0,0,0.0,0,
TXN04-04381,4,2026-07-30 15:12:49,11938.07,Suppliers,40015,Card,DEV-04-4,Android,Mumbai,15,3,0,9.35,23,22748.0,13007.86,78,429,3671,0,0,0,0.0,0,
TXN04-04382,4,2026-07-30 15:46:12,31673.79,Office,40049,Card,DEV-04-43,iPhone,Mumbai,15,3,0,33.38,24,22719.85,13002.59,19,1,3672,1,0,0,0.0,0,
TXN04-04383,4,2026-07-30 15:53:37,31831.32,Suppliers,40045,Card,DEV-04-2,iPhone,Mumbai,15,3,0,7.42,25,22759.76,13006.49,27,928,3673,0,0,0,0.0,0,
TXN04-04384,4,2026-07-30 16:04:41,23629.79,Hotels,40013,Card,DEV-04-13,iPhone,Mumbai,16,3,0,11.07,26,22800.47,13010.35,64,14,3674,0,0,0,0.0,0,
TXN04-04385,4,2026-07-30 16:54:40,18018.75,Hotels,40001,Card,DEV-04-1,iPhone,Mumbai,16,3,0,49.98,27,22663.66,12883.07,401,1413,3675,0,0,0,0.0,0,
TXN04-04386,4,2026-07-30 17:15:10,8997.66,Suppliers,40117,Card,DEV-04-2,iPhone,Mumbai,17,3,0,20.5,28,22651.44,12868.31,3,929,3676,0,0,0,0.0,0,
TXN04-04387,4,2026-07-30 17:18:40,24270.65,Hotels,40066,UPI,DEV-04-1,iPhone,Mumbai,17,3,0,3.5,29,22615.6,12870.38,19,1414,3677,0,0,0,0.0,0,
TXN04-04388,4,2026-07-30 17:59:06,24742.39,Suppliers,40018,Card,DEV-04-4,Android,Mumbai,17,3,0,40.43,30,22598.46,12809.72,71,430,3678,0,0,0,0.0,0,
TXN04-04389,4,2026-07-30 18:37:56,24831.96,Suppliers,40064,UPI,DEV-04-2,iPhone,Mumbai,18,3,0,38.83,31,22627.51,12790.48,17,930,3679,0,0,0,0.0,0,
TXN04-04390,4,2026-07-30 18:44:54,32873.42,Office,40005,UPI,DEV-04-2,iPhone,Mumbai,18,3,0,6.97,32,22633.32,12774.1,225,931,3680,0,0,0,0.0,0,
TXN04-04391,4,2026-07-30 19:16:25,50000.0,Hotels,40001,Card,DEV-04-1,iPhone,Mumbai,19,3,0,31.52,33,22584.53,12724.32,402,1415,3681,0,0,0,0.0,0,
TXN04-04392,4,2026-07-30 19:55:19,34760.3,Fuel,40043,Card,DEV-04-1,iPhone,Mumbai,19,3,0,38.9,34,22596.58,12799.81,34,1416,3682,0,0,0,0.0,0,
TXN04-04393,4,2026-07-30 20:22:43,17822.45,Suppliers,40004,Card,DEV-04-6,Web,Pune,20,3,0,27.4,35,22709.28,12785.63,157,185,312,0,0,0,120.15,0,
TXN04-04394,4,2026-07-31 08:04:20,11637.3,Fuel,40021,Card,DEV-04-4,Android,Mumbai,8,4,0,701.62,1,22846.64,12775.76,53,431,3683,0,0,0,120.15,0,
TXN04-04395,4,2026-07-31 08:09:21,5367.99,Fuel,40002,Card,DEV-04-1,iPhone,Mumbai,8,4,0,5.02,2,22816.18,12771.72,239,1417,3684,0,0,0,0.0,0,
TXN04-04396,4,2026-07-31 08:27:19,5343.76,Office,40017,Card,DEV-04-4,Android,Mumbai,8,4,0,17.97,3,22798.65,12791.22,72,432,3685,0,0,0,0.0,0,
TXN04-04397,4,2026-07-31 08:57:39,4250.88,Hotels,40014,Bank Transfer,DEV-04-4,Android,Pune,8,4,0,30.33,4,22723.68,12844.69,53,433,313,0,0,0,120.15,0,
TXN04-04398,4,2026-07-31 09:11:49,13186.41,Hotels,40006,Card,DEV-04-6,Web,Mumbai,9,4,0,14.17,5,22673.35,12863.28,173,186,3686,0,0,0,120.15,0,
TXN04-04399,4,2026-07-31 09:12:40,6396.14,Hotels,40053,Bank Transfer,DEV-04-1,iPhone,Mumbai,9,4,0,0.85,6,22647.57,12855.28,17,1418,3687,0,0,0,0.0,0,
TXN04-04400,4,2026-07-31 09:17:55,25446.98,Hotels,40071,Card,DEV-04-1,iPhone,Mumbai,9,4,0,5.25,7,22603.53,12865.62,11,1419,3688,0,0,0,0.0,0,
TXN04-04401,4,2026-07-31 09:31:58,16136.24,Suppliers,40024,Bank Transfer,DEV-04-1,iPhone,Pune,9,4,0,14.05,8,22611.21,12849.07,41,1420,314,0,0,0,120.15,0,
TXN04-04402,4,2026-07-31 09:39:27,9370.54,Suppliers,40083,Card,DEV-04-3,iPhone,Mumbai,9,4,0,7.48,9,22626.56,12836.64,13,639,3689,0,0,0,120.15,0,
TXN04-04403,4,2026-07-31 09:50:19,6014.29,Office,40005,Card,DEV-04-3,iPhone,Mumbai,9,4,0,10.87,10,22516.45,12775.48,226,640,3690,0,0,0,0.0,0,
TXN04-04404,4,2026-07-31 10:08:50,14810.22,Fuel,40020,Card,DEV-04-9,iPhone,Mumbai,10,4,0,18.52,11,22540.63,12787.08,60,59,3691,0,0,0,0.0,0,
TXN04-04405,4,2026-07-31 10:16:11,15402.46,Hotels,40001,Card,DEV-04-1,iPhone,Mumbai,10,4,0,7.35,12,22547.93,12781.9,403,1421,3692,0,0,0,0.0,0,
TXN04-04406,4,2026-07-31 10:32:08,31001.5,Suppliers,40149,Bank Transfer,DEV-04-1,iPhone,Goa,10,4,0,15.95,13,22573.56,12758.07,1,1422,3,0,0,1,440.32,0,
TXN04-04407,4,2026-07-31 10:52:17,46436.33,Hotels,40001,Bank Transfer,DEV-04-6,Web,Mumbai,10,4,0,20.15,14,22625.45,12753.41,404,187,3693,0,0,0,440.32,0,
TXN04-04408,4,2026-07-31 11:25:15,17682.04,Suppliers,40144,UPI,DEV-04-2,iPhone,Mumbai,11,4,0,32.97,15,22689.97,12796.13,5,932,3694,0,0,0,0.0,0,
TXN04-04409,4,2026-07-31 11:51:57,16455.44,Hotels,40006,Card,DEV-04-1,iPhone,Mumbai,11,4,0,26.7,16,22652.19,12790.28,174,1423,3695,0,0,0,0.0,0,
TXN04-04410,4,2026-07-31 11:59:24,11630.72,Hotels,40051,Card,DEV-04-3,iPhone,Mumbai,11,4,0,7.45,17,22670.29,12799.06,12,641,3696,0,0,0,0.0,0,
TXN04-04411,4,2026-07-31 12:01:53,28111.52,Hotels,40001,Card,DEV-04-1,iPhone,Mumbai,12,4,0,2.48,18,22675.64,12794.03,405,1424,3697,0,0,0,0.0,0,
TXN04-04412,4,2026-07-31 12:04:25,12657.0,Hotels,40014,Card,DEV-04-9,iPhone,Delhi,12,4,0,2.53,19,22690.37,12779.81,54,60,342,0,0,0,1153.24,0,
TXN04-04413,4,2026-07-31 12:14:43,20893.48,Hotels,40060,Card,DEV-04-7,iPhone,Delhi,12,4,0,10.3,20,22663.25,12773.15,15,134,343,0,0,0,0.0,0,
TXN04-04414,4,2026-07-31 12:32:58,5583.27,Hotels,40013,Card,DEV-04-2,iPhone,Mumbai,12,4,0,18.25,21,22621.65,12749.18,65,933,3698,0,0,0,1153.24,0,
TXN04-04415,4,2026-07-31 12:34:24,50000.0,Suppliers,40095,Card,DEV-04-1,iPhone,Mumbai,12,4,0,1.43,22,22575.6,12762.64,6,1425,3699,0,0,0,0.0,0,
TXN04-04416,4,2026-07-31 12:42:06,15840.03,Fuel,40084,Card,DEV-04-3,iPhone,Mumbai,12,4,0,7.7,23,22649.52,12824.49,7,642,3700,0,0,0,0.0,0,
TXN04-04417,4,2026-07-31 12:46:40,25668.25,Suppliers,40024,UPI,DEV-04-2,iPhone,Mumbai,12,4,0,4.57,24,22631.22,12812.1,42,934,3701,0,0,0,0.0,0,
TXN04-04418,4,2026-07-31 12:48:57,5684.0,Suppliers,40095,Card,DEV-04-44,Android,Mumbai,12,4,0,2.28,25,22639.36,12795.87,7,1,3702,1,0,0,0.0,0,
TXN04-04419,4,2026-07-31 13:15:25,7003.67,Fuel,40043,Card,DEV-04-6,Web,Pune,13,4,0,26.47,26,22603.88,12824.46,35,188,315,0,0,0,120.15,0,
TXN04-04420,4,2026-07-31 13:19:08,10467.64,Fuel,40002,Card,DEV-04-3,iPhone,Mumbai,13,4,0,3.72,27,22562.17,12832.61,240,643,3703,0,0,0,120.15,0,
TXN04-04421,4,2026-07-31 13:28:24,16572.36,Suppliers,40120,Card,DEV-04-2,iPhone,Mumbai,13,4,0,9.27,28,22529.92,12830.66,3,935,3704,0,0,0,0.0,0,
TXN04-04422,4,2026-07-31 13:48:14,6419.22,Fuel,40087,Card,DEV-04-1,iPhone,Mumbai,13,4,0,19.83,29,22514.07,12817.26,5,1426,3705,0,0,0,0.0,0,
TXN04-04423,4,2026-07-31 14:17:11,14295.72,Office,40016,Card,DEV-04-1,iPhone,Mumbai,14,4,0,28.95,30,22519.17,12835.83,77,1427,3706,0,0,0,0.0,0,
TXN04-04424,4,2026-07-31 14:21:01,39050.15,Suppliers,40035,Card,DEV-04-6,Web,Mumbai,14,4,0,3.83,31,22493.17,12842.59,36,189,3707,0,0,0,0.0,0,
TXN04-04425,4,2026-07-31 14:45:31,41598.73,Fuel,40062,Bank Transfer,DEV-04-6,Web,Mumbai,14,4,0,24.5,32,22473.14,12817.17,10,190,3708,0,0,0,0.0,0,
TXN04-04426,4,2026-07-31 14:45:36,15525.44,Office,40092,UPI,DEV-04-4,Android,Mumbai,14,4,0,0.08,33,22524.27,12838.07,9,434,3709,0,0,0,0.0,0,
TXN04-04427,4,2026-07-31 14:47:42,14579.72,Suppliers,40004,UPI,DEV-04-2,iPhone,Mumbai,14,4,0,2.1,34,22505.61,12826.02,158,936,3710,0,0,0,0.0,0,
TXN04-04428,4,2026-07-31 15:20:12,44672.88,Hotels,40096,Bank Transfer,DEV-04-2,iPhone,Mumbai,15,4,0,32.5,35,22521.23,12850.02,3,937,3711,0,0,0,0.0,0,
TXN04-04429,4,2026-07-31 15:34:01,15139.67,Hotels,40001,Card,DEV-04-3,iPhone,Mumbai,15,4,0,13.82,36,22589.56,12899.77,406,644,3712,0,0,0,0.0,0,
TXN04-04430,4,2026-07-31 15:39:04,11326.21,Office,40016,Card,DEV-04-1,iPhone,Mumbai,15,4,0,5.05,37,22569.64,12888.26,78,1428,3713,0,0,0,0.0,0,
TXN04-04431,4,2026-07-31 15:59:00,20440.67,Fuel,40009,Card,DEV-04-1,iPhone,Mumbai,15,4,0,19.93,38,22539.66,12884.11,128,1429,3714,0,0,0,0.0,0,
TXN04-04432,4,2026-07-31 16:04:22,26970.92,Suppliers,40018,UPI,DEV-04-1,iPhone,Mumbai,16,4,0,5.37,39,22534.08,12867.42,72,1430,3715,0,0,0,0.0,0,
TXN04-04433,4,2026-07-31 16:22:28,9422.59,Suppliers,40117,Card,DEV-04-1,iPhone,Mumbai,16,4,0,18.1,40,22338.62,12676.25,4,1431,3716,0,0,0,0.0,0,
TXN04-04434,4,2026-07-31 16:24:28,35198.77,Hotels,40146,Card,DEV-04-7,iPhone,Mumbai,16,4,0,2.0,41,22303.9,12676.86,2,135,3717,0,0,0,0.0,1,ato_higher_amount_short_gap
TXN04-04435,4,2026-07-31 16:46:17,13961.33,Hotels,40001,Bank Transfer,DEV-04-4,Android,Pune,16,4,0,21.82,42,22322.83,12666.91,407,435,316,0,0,0,120.15,0,
TXN04-04436,4,2026-07-31 16:50:06,12305.61,Office,40040,UPI,DEV-04-3,iPhone,Kochi,16,4,0,3.82,43,22300.29,12657.25,28,645,2,0,0,0,989.71,0,
TXN04-04437,4,2026-07-31 16:54:13,25247.0,Fuel,40012,UPI,DEV-04-2,iPhone,Pune,16,4,0,4.12,44,22265.65,12684.3,82,938,317,0,0,0,989.71,0,
TXN04-04438,4,2026-07-31 17:14:57,6373.25,Office,40005,UPI,DEV-04-4,Android,Pune,17,4,0,20.73,45,22195.42,12668.92,227,436,318,0,0,0,0.0,0,
TXN04-04439,4,2026-07-31 17:27:19,14392.66,Fuel,40068,Card,DEV-04-1,iPhone,Mumbai,17,4,0,12.37,46,22135.0,12674.84,10,1432,3718,0,0,0,120.15,0,
TXN04-04440,4,2026-07-31 17:43:48,13261.3,Hotels,40001,Card,DEV-04-4,Android,Mumbai,17,4,0,16.48,47,22123.74,12679.88,408,437,3719,0,0,0,0.0,0,
TXN04-04441,4,2026-07-31 17:58:09,18778.33,Suppliers,40078,UPI,DEV-04-5,iPhone,Mumbai,17,4,0,14.35,48,22099.65,12671.04,5,297,3720,0,0,0,0.0,0,
TXN04-04442,4,2026-07-31 18:00:54,31332.24,Suppliers,40054,UPI,DEV-04-4,Android,Mumbai,18,4,0,2.75,49,22090.65,12655.04,25,438,3721,0,0,0,0.0,0,
TXN04-04443,4,2026-07-31 18:03:47,35188.9,Suppliers,40144,UPI,DEV-04-3,iPhone,Mumbai,18,4,0,2.88,50,22115.63,12647.03,6,646,3722,0,0,0,0.0,0,
TXN04-04444,4,2026-07-31 18:16:48,8800.6,Office,40040,Card,DEV-04-3,iPhone,Mumbai,18,4,0,13.02,51,22189.13,12643.76,29,647,3723,0,0,0,0.0,0,
TXN04-04445,4,2026-07-31 18:17:58,25905.48,Fuel,40002,Card,DEV-04-3,iPhone,Mumbai,18,4,0,1.17,52,22153.05,12645.78,241,648,3724,0,0,0,0.0,0,
TXN04-04446,4,2026-07-31 18:25:29,43719.55,Office,40108,UPI,DEV-04-1,iPhone,Mumbai,18,4,0,7.52,53,22163.13,12630.26,8,1433,3725,0,0,0,0.0,0,
TXN04-04447,4,2026-07-31 18:30:04,9824.75,Fuel,40136,Card,DEV-04-5,iPhone,Mumbai,18,4,0,4.58,54,22233.52,12677.15,2,298,3726,0,0,0,0.0,0,
TXN04-04448,4,2026-07-31 18:36:16,16852.97,Office,40005,Card,DEV-04-8,Android,Mumbai,18,4,0,6.2,55,22168.37,12699.34,228,112,3727,0,0,0,0.0,0,
TXN04-04449,4,2026-07-31 18:42:21,26290.5,Fuel,40009,Bank Transfer,DEV-04-9,iPhone,Delhi,18,4,0,6.08,56,22154.08,12685.24,129,61,344,0,0,0,1153.24,0,
TXN04-04450,4,2026-07-31 18:44:20,25418.72,Hotels,40010,Bank Transfer,DEV-04-1,iPhone,Mumbai,18,4,0,1.98,57,22165.17,12670.03,83,1434,3728,0,0,0,1153.24,0,
TXN04-04451,4,2026-07-31 19:01:31,19563.59,Hotels,40007,Bank Transfer,DEV-04-7,iPhone,Mumbai,19,4,0,17.18,58,22230.49,12659.62,95,136,3729,0,0,0,0.0,0,
TXN04-04452,4,2026-07-31 19:16:21,16425.12,Office,40008,UPI,DEV-04-5,iPhone,Mumbai,19,4,0,14.83,59,22252.8,12661.5,110,299,3730,0,0,0,0.0,0,
TXN04-04453,4,2026-07-31 19:18:50,50000.0,Office,40008,UPI,DEV-04-1,iPhone,Mumbai,19,4,0,2.48,60,22254.31,12660.77,111,1435,3731,0,0,0,0.0,0,
TXN04-04454,4,2026-07-31 19:29:37,40085.76,Hotels,40006,Card,DEV-04-5,iPhone,Pune,19,4,0,10.78,61,22328.89,12725.09,175,300,319,0,0,0,120.15,0,
TXN04-04455,4,2026-07-31 19:37:23,39332.65,Hotels,40007,Card,DEV-04-8,Android,Mumbai,19,4,0,7.77,62,22374.35,12725.75,96,113,3732,0,0,0,120.15,0,
TXN04-04456,4,2026-07-31 19:52:04,6867.44,Office,40008,UPI,DEV-04-2,iPhone,Mumbai,19,4,0,14.68,63,22419.93,12738.93,112,939,3733,0,0,0,0.0,0,
TXN04-04457,4,2026-07-31 20:08:57,12978.33,Suppliers,40003,UPI,DEV-04-7,iPhone,Mumbai,20,4,0,16.88,64,22378.24,12747.24,363,137,3734,0,0,0,0.0,0,
TXN04-04458,4,2026-07-31 20:09:58,13769.46,Hotels,40019,UPI,DEV-04-2,iPhone,Mumbai,20,4,0,1.02,65,22353.1,12739.44,64,940,3735,0,0,0,0.0,0,
TXN04-04459,4,2026-07-31 20:15:22,34848.25,Hotels,40001,Card,DEV-04-1,iPhone,Mumbai,20,4,0,5.4,66,22330.21,12730.14,409,1436,3736,0,0,0,0.0,0,
TXN04-04460,4,2026-07-31 20:22:52,12532.86,Suppliers,40003,Bank Transfer,DEV-04-3,iPhone,Mumbai,20,4,0,7.5,67,22331.53,12755.78,364,649,3737,0,0,0,0.0,0,
TXN04-04461,4,2026-07-31 20:30:08,21856.25,Suppliers,40052,Bank Transfer,DEV-04-3,iPhone,Mumbai,20,4,0,7.27,68,22305.4,12748.78,24,650,3738,0,0,0,0.0,0,
TXN04-04462,4,2026-07-31 20:32:25,8865.09,Hotels,40001,Card,DEV-04-1,iPhone,Mumbai,20,4,0,2.28,69,22304.2,12731.84,410,1437,3739,0,0,0,0.0,0,
TXN04-04463,4,2026-07-31 20:40:37,39430.43,Office,40005,UPI,DEV-04-1,iPhone,Pune,20,4,0,8.2,70,22268.56,12733.72,229,1438,320,0,0,0,120.15,0,
TXN04-04464,4,2026-07-31 20:43:36,39383.71,Fuel,40023,UPI,DEV-04-3,iPhone,Mumbai,20,4,0,2.98,71,22329.69,12762.11,37,651,3740,0,0,0,120.15,0,
TXN04-04465,4,2026-07-31 20:43:49,11616.86,Fuel,40084,Card,DEV-04-10,Web,Pune,20,4,0,0.22,72,22374.93,12775.33,8,48,321,0,0,0,120.15,0,
TXN04-04466,4,2026-07-31 20:59:00,9034.31,Office,40005,UPI,DEV-04-13,iPhone,Pune,20,4,0,15.18,73,22346.47,12770.38,230,15,322,0,0,0,0.0,0,
TXN04-04467,4,2026-08-01 08:15:13,8033.09,Suppliers,40003,Card,DEV-04-1,iPhone,Mumbai,8,5,1,676.22,1,22311.34,12771.79,365,1439,3741,0,0,0,120.15,0,
TXN04-04468,4,2026-08-01 08:16:49,15008.22,Hotels,40041,UPI,DEV-04-4,Android,Delhi,8,5,1,1.6,2,22273.77,12775.93,23,439,345,0,0,0,1153.24,0,
TXN04-04469,4,2026-08-01 08:19:16,14469.87,Suppliers,40022,UPI,DEV-04-1,iPhone,Mumbai,8,5,1,2.45,3,22254.7,12764.57,64,1440,3742,0,0,0,1153.24,0,
TXN04-04470,4,2026-08-01 08:24:39,22950.87,Fuel,40002,Card,DEV-04-2,iPhone,Mumbai,8,5,1,5.38,4,22291.13,12762.25,242,941,3743,0,0,0,0.0,0,
TXN04-04471,4,2026-08-01 08:33:38,6908.43,Hotels,40142,Bank Transfer,DEV-04-5,iPhone,Mumbai,8,5,1,8.98,5,22266.29,12751.74,3,301,3744,0,0,0,0.0,0,
TXN04-04472,4,2026-08-01 08:39:55,13903.04,Suppliers,40015,UPI,DEV-04-5,iPhone,Delhi,8,5,1,6.28,6,22266.87,12751.03,79,302,346,0,0,0,1153.24,0,
TXN04-04473,4,2026-08-01 08:43:48,26778.16,Hotels,40066,UPI,DEV-04-7,iPhone,Mumbai,8,5,1,3.88,7,22244.92,12741.47,20,138,3745,0,0,0,1153.24,0,
TXN04-04474,4,2026-08-01 08:51:10,14262.74,Office,40106,Card,DEV-04-1,iPhone,Mumbai,8,5,1,7.37,8,22236.06,12737.14,7,1441,3746,0,0,0,0.0,0,
TXN04-04475,4,2026-08-01 08:53:15,10209.88,Hotels,40029,Card,DEV-04-5,iPhone,Mumbai,8,5,1,2.08,9,22215.19,12726.98,46,303,3747,0,0,0,0.0,0,
TXN04-04476,4,2026-08-01 09:13:32,13069.09,Suppliers,40055,Card,DEV-04-3,iPhone,Mumbai,9,5,1,20.28,10,22223.71,12759.12,22,652,3748,0,0,0,0.0,0,
TXN04-04477,4,2026-08-01 09:32:35,50000.0,Suppliers,40150,Bank Transfer,DEV-04-1,iPhone,Mumbai,9,5,1,19.05,11,22214.85,12764.3,2,1442,3749,0,0,0,0.0,0,
TXN04-04478,4,2026-08-01 09:36:39,15924.7,Office,40017,Bank Transfer,DEV-04-1,iPhone,Mumbai,9,5,1,4.07,12,22302.72,12840.42,73,1443,3750,0,0,0,0.0,0,
TXN04-04479,4,2026-08-01 09:47:00,50000.0,Office,40016,Bank Transfer,DEV-04-1,iPhone,Mumbai,9,5,1,10.35,13,22285.94,12827.67,79,1444,3751,0,0,0,0.0,0,
TXN04-04480,4,2026-08-01 09:52:22,17620.47,Fuel,40002,Bank Transfer,DEV-04-1,iPhone,Mumbai,9,5,1,5.37,14,22358.68,12889.06,243,1445,3752,0,0,0,0.0,0,
TXN04-04481,4,2026-08-01 09:58:13,31209.81,Fuel,40112,Card,DEV-04-1,iPhone,Mumbai,9,5,1,5.85,15,22346.28,12874.46,7,1446,3753,0,0,0,0.0,0,
TXN04-04482,4,2026-08-01 10:28:59,19652.04,Suppliers,40011,UPI,DEV-04-1,iPhone,Mumbai,10,5,1,30.77,16,22362.39,12915.28,118,1447,3754,0,0,0,0.0,0,
TXN04-04483,4,2026-08-01 10:45:56,19186.26,Hotels,40007,UPI,DEV-04-2,iPhone,Mumbai,10,5,1,16.95,17,22355.28,12899.07,97,942,3755,0,0,0,0.0,0,
TXN04-04484,4,2026-08-01 10:52:26,5868.75,Fuel,40021,UPI,DEV-04-2,iPhone,Mumbai,10,5,1,6.5,18,22300.17,12828.86,54,943,3756,0,0,0,0.0,0,
TXN04-04485,4,2026-08-01 10:54:27,9186.21,Office,40005,Bank Transfer,DEV-04-3,iPhone,Mumbai,10,5,1,2.02,19,22257.04,12839.56,231,653,3757,0,0,0,0.0,0,
TXN04-04486,4,2026-08-01 10:55:48,17524.71,Suppliers,40003,Bank Transfer,DEV-04-7,iPhone,Mumbai,10,5,1,1.35,20,22222.82,12840.13,366,139,3758,0,0,0,0.0,0,
TXN04-04487,4,2026-08-01 11:22:24,11634.42,Office,40016,Card,DEV-04-1,iPhone,Mumbai,11,5,1,26.6,21,22137.81,12763.22,80,1448,3759,0,0,0,0.0,0,
TXN04-04488,4,2026-08-01 11:56:30,37509.44,Office,40005,Bank Transfer,DEV-04-1,iPhone,Pune,11,5,1,34.1,22,22209.96,12813.86,232,1449,323,0,0,0,120.15,0,
TXN04-04489,4,2026-08-01 11:56:50,7817.07,Fuel,40020,Bank Transfer,DEV-04-3,iPhone,Mumbai,11,5,1,0.33,23,22250.43,12821.01,61,654,3760,0,0,0,120.15,0,
TXN04-04490,4,2026-08-01 12:27:39,12699.47,Suppliers,40078,Card,DEV-04-1,iPhone,Mumbai,12,5,1,30.82,24,22311.14,12880.34,6,1450,3761,0,0,0,0.0,0,
TXN04-04491,4,2026-08-01 12:40:40,16393.93,Hotels,40010,Card,DEV-04-4,Android,Pune,12,5,1,13.02,25,22281.45,12889.69,84,440,324,0,0,0,120.15,0,
TXN04-04492,4,2026-08-01 12:41:16,31454.26,Suppliers,40004,Card,DEV-04-3,iPhone,Indore,12,5,1,0.6,26,22265.71,12876.04,159,655,3,0,0,0,511.24,0,
TXN04-04493,4,2026-08-01 12:44:06,14914.14,Office,40016,UPI,DEV-04-1,iPhone,Mumbai,12,5,1,2.83,27,22290.21,12867.59,81,1451,3762,0,0,0,509.83,0,
TXN04-04494,4,2026-08-01 12:46:47,31157.03,Office,40008,Bank Transfer,DEV-04-3,iPhone,Mumbai,12,5,1,2.68,28,22296.9,12863.1,113,656,3763,0,0,0,0.0,0,
TXN04-04495,4,2026-08-01 12:47:48,8742.62,Fuel,40020,Bank Transfer,DEV-04-2,iPhone,Pune,12,5,1,1.02,29,22320.46,12854.09,62,944,325,0,0,0,120.15,0,
TXN04-04496,4,2026-08-01 12:58:45,37289.22,Office,40005,UPI,DEV-04-2,iPhone,Mumbai,12,5,1,10.95,30,22298.95,12884.79,233,945,3764,0,0,0,120.15,0,
TXN04-04497,4,2026-08-01 13:57:06,17289.84,Hotels,40010,Card,DEV-04-2,iPhone,Pune,13,5,1,58.35,31,22446.95,12907.21,85,946,326,0,0,0,120.15,0,
TXN04-04498,4,2026-08-01 14:10:31,36375.5,Hotels,40006,UPI,DEV-04-13,iPhone,Mumbai,14,5,1,13.42,32,22469.02,12902.1,176,16,3765,0,0,0,120.15,0,
TXN04-04499,4,2026-08-01 14:20:06,24019.13,Hotels,40001,UPI,DEV-04-1,iPhone,Pune,14,5,1,9.58,33,22453.94,12919.3,411,1452,327,0,0,0,120.15,0,
TXN04-04500,4,2026-08-01 14:30:46,11943.77,Fuel,40002,Bank Transfer,DEV-04-2,iPhone,Mumbai,14,5,1,10.67,34,22458.18,12902.04,244,947,3766,0,0,0,120.15,0,
TXN04-04501,4,2026-08-01 14:53:41,25261.66,Suppliers,40024,UPI,DEV-04-5,iPhone,Mumbai,14,5,1,22.92,35,22429.76,12896.15,43,304,3767,0,0,0,0.0,0,
TXN04-04502,4,2026-08-01 15:31:07,17397.82,Hotels,40010,Card,DEV-04-2,iPhone,Mumbai,15,5,1,37.43,36,22539.55,12886.89,86,948,3768,0,0,0,0.0,0,
TXN04-04503,4,2026-08-01 16:23:52,2452.62,Fuel,40140,Card,DEV-04-5,iPhone,Mumbai,16,5,1,52.75,37,22540.09,12896.43,4,305,3769,0,0,0,0.0,0,
TXN04-04504,4,2026-08-01 16:38:42,11882.53,Fuel,40009,UPI,DEV-04-2,iPhone,Mumbai,16,5,1,14.83,38,22484.91,12921.55,130,949,3770,0,0,0,0.0,0,
TXN04-04505,4,2026-08-01 16:42:25,24558.38,Hotels,40014,Card,DEV-04-5,iPhone,Mumbai,16,5,1,3.72,39,22455.86,12915.73,55,306,3771,0,0,0,0.0,0,
TXN04-04506,4,2026-08-01 16:54:05,23951.3,Office,40005,Bank Transfer,DEV-04-1,iPhone,Mumbai,16,5,1,11.67,40,22461.6,12898.54,234,1453,3772,0,0,0,0.0,0,
TXN04-04507,4,2026-08-01 16:54:43,23328.09,Hotels,40039,Card,DEV-04-1,iPhone,Mumbai,16,5,1,0.63,41,22465.66,12881.19,20,1454,3773,0,0,0,0.0,0,
TXN04-04508,4,2026-08-01 16:57:31,8146.36,Hotels,40001,Card,DEV-04-2,iPhone,Mumbai,16,5,1,2.8,42,22468.01,12863.75,412,950,3774,0,0,0,0.0,0,
TXN04-04509,4,2026-08-01 17:32:29,50000.0,Office,40092,Card,DEV-04-1,iPhone,Mumbai,17,5,1,34.97,43,22484.77,12914.15,10,1455,3775,0,0,0,0.0,0,
TXN04-04510,4,2026-08-01 17:34:17,35056.82,Suppliers,40018,Bank Transfer,DEV-04-1,iPhone,Mumbai,17,5,1,1.8,44,22560.15,12976.39,73,1456,3776,0,0,0,0.0,0,
TXN04-04511,4,2026-08-01 17:48:50,50000.0,Hotels,40010,UPI,DEV-04-1,iPhone,Mumbai,17,5,1,14.55,45,22471.14,12898.25,87,1457,3777,0,0,0,0.0,0,
TXN04-04512,4,2026-08-01 17:50:11,9618.34,Hotels,40053,Card,DEV-04-2,iPhone,Mumbai,17,5,1,1.35,46,22546.56,12960.69,18,951,3778,0,0,0,0.0,0,
TXN04-04513,4,2026-08-01 17:50:54,30676.25,Suppliers,40027,UPI,DEV-04-7,iPhone,Mumbai,17,5,1,0.72,47,22511.24,12960.56,43,140,3779,0,0,0,0.0,0,
TXN04-04514,4,2026-08-01 18:08:42,37701.05,Hotels,40025,Card,DEV-04-2,iPhone,Mumbai,18,5,1,17.8,48,22495.7,12947.34,39,952,3780,0,0,0,0.0,0,
TXN04-04515,4,2026-08-01 18:10:08,50000.0,Fuel,40104,Bank Transfer,DEV-04-2,iPhone,Mumbai,18,5,1,1.43,49,22537.13,12953.96,4,953,3781,0,0,0,0.0,0,
TXN04-04516,4,2026-08-01 18:27:55,18322.42,Office,40040,Card,DEV-04-1,iPhone,Mumbai,18,5,1,17.78,50,22656.02,13005.15,30,1458,3782,0,0,0,0.0,0,
TXN04-04517,4,2026-08-01 18:51:30,11782.64,Hotels,40025,Card,DEV-04-8,Android,Mumbai,18,5,1,23.58,51,22572.24,12933.57,40,114,3783,0,0,0,0.0,0,
TXN04-04518,4,2026-08-01 19:04:58,25401.0,Hotels,40001,Card,DEV-04-1,iPhone,Mumbai,19,5,1,13.47,52,22582.75,12923.22,413,1459,3784,0,0,0,0.0,0,
TXN04-04519,4,2026-08-01 19:09:59,10912.95,Suppliers,40003,Card,DEV-04-9,iPhone,Mumbai,19,5,1,5.02,53,22540.76,12852.99,367,62,3785,0,0,0,0.0,0,
TXN04-04520,4,2026-08-01 19:32:14,43475.99,Office,40110,Card,DEV-04-4,Android,Mumbai,19,5,1,22.25,54,22474.3,12850.05,4,441,3786,0,0,0,0.0,0,
TXN04-04521,4,2026-08-01 20:07:01,14418.0,Suppliers,40105,Bank Transfer,DEV-04-6,Web,Mumbai,20,5,1,34.78,55,22482.3,12910.67,6,191,3787,0,0,0,0.0,0,
TXN04-04522,4,2026-08-01 20:47:50,14078.94,Suppliers,40004,UPI,DEV-04-5,iPhone,Mumbai,20,5,1,40.82,56,22473.0,12936.45,160,307,3788,0,0,0,0.0,0,
TXN04-04523,4,2026-08-01 20:48:26,9298.26,Suppliers,40120,Bank Transfer,DEV-04-2,iPhone,Mumbai,20,5,1,0.6,57,22449.81,12926.08,4,954,3789,0,0,0,0.0,0,
TXN04-04524,4,2026-08-01 20:59:23,11807.68,Hotels,40046,Bank Transfer,DEV-04-1,iPhone,Mumbai,20,5,1,10.95,58,22413.58,12926.66,24,1460,3790,0,0,0,0.0,0,
TXN04-04525,4,2026-08-01 22:25:39,8600.31,Hotels,40146,Card,DEV-04-14,Web,Mumbai,22,5,1,86.27,59,22389.55,12938.24,3,8,3791,0,0,0,0.0,1,ato_odd_hour_short_gap
TXN04-04526,4,2026-08-02 04:01:42,30391.96,Overseas Merchant,904799,Card,DEV-04-1,iPhone,New York,4,6,1,336.05,1,22337.05,12955.41,1,1461,2,0,0,1,12538.02,1,foreign_merchant
TXN04-04527,4,2026-08-02 07:59:28,63523.88,Overseas Merchant,920240,Card,DEV-04-1,iPhone,Bangkok,7,6,1,237.77,2,22359.18,12944.47,1,1462,3,0,0,1,13931.98,1,foreign_merchant
TXN04-04528,4,2026-08-02 08:01:50,41022.07,Hotels,40007,Card,DEV-04-4,Android,Mumbai,8,6,1,2.37,3,22471.96,13104.58,98,442,3792,0,0,0,3001.63,0,
TXN04-04529,4,2026-08-02 08:19:59,16930.84,Suppliers,40024,Card,DEV-04-3,iPhone,Mumbai,8,6,1,18.15,4,22522.65,13122.44,44,657,3793,0,0,0,0.0,0,
TXN04-04530,4,2026-08-02 08:22:56,9268.32,Office,40040,Card,DEV-04-7,iPhone,Delhi,8,6,1,2.95,5,22507.41,13107.79,31,141,347,0,0,0,1153.24,0,
TXN04-04531,4,2026-08-02 08:25:41,40019.39,Hotels,40001,UPI,DEV-04-4,Android,Mumbai,8,6,1,2.75,6,22471.43,13108.1,414,443,3794,0,0,0,1153.24,0,
TXN04-04532,4,2026-08-02 08:30:49,8820.87,Hotels,40053,Card,DEV-04-3,iPhone,Mumbai,8,6,1,5.13,7,22518.99,13122.08,19,658,3795,0,0,0,0.0,0,
TXN04-04533,4,2026-08-02 08:45:21,24145.18,Hotels,40010,UPI,DEV-04-3,iPhone,Mumbai,8,6,1,14.53,8,22446.38,13135.95,88,659,3796,0,0,0,0.0,0,
TXN04-04534,4,2026-08-02 09:00:47,9836.75,Suppliers,40133,Bank Transfer,DEV-04-1,iPhone,Mumbai,9,6,1,15.43,9,22410.76,13111.91,4,1463,3797,0,0,0,0.0,0,
TXN04-04535,4,2026-08-02 09:02:25,6494.15,Fuel,40026,Card,DEV-04-4,Android,Mumbai,9,6,1,1.63,10,22301.32,13048.64,33,444,3798,0,0,0,0.0,0,
TXN04-04536,4,2026-08-02 09:12:24,23742.56,Office,40028,Card,DEV-04-6,Web,Mumbai,9,6,1,9.98,11,22258.37,13056.85,52,192,3799,0,0,0,0.0,0,
TXN04-04537,4,2026-08-02 09:16:23,45945.66,Fuel,40151,Bank Transfer,DEV-04-1,iPhone,Mumbai,9,6,1,3.98,12,22262.39,13039.38,1,1464,3800,0,0,1,0.0,0,
TXN04-04538,4,2026-08-02 09:38:33,32175.78,Hotels,40007,Bank Transfer,DEV-04-45,iPhone,Pune,9,6,1,22.17,13,22365.75,13075.49,99,1,328,1,0,0,120.15,0,
TXN04-04539,4,2026-08-02 09:41:12,50000.0,Office,40033,UPI,DEV-04-3,iPhone,Mumbai,9,6,1,2.65,14,22392.26,13067.74,31,660,3801,0,0,0,120.15,0,
TXN04-04540,4,2026-08-02 09:46:34,25589.65,Office,40044,Bank Transfer,DEV-04-2,iPhone,Delhi,9,6,1,5.37,15,22490.45,13138.13,26,955,348,0,0,0,1153.24,0,
TXN04-04541,4,2026-08-02 10:03:26,27979.77,Suppliers,40113,Card,DEV-04-2,iPhone,Mumbai,10,6,1,16.87,16,22408.28,13074.86,4,956,3802,0,0,0,1153.24,0,
TXN04-04542,4,2026-08-02 10:14:49,14717.86,Suppliers,40003,UPI,DEV-04-46,Android,Mumbai,10,6,1,11.38,17,22348.6,12998.82,368,1,3803,1,0,0,0.0,0,
TXN04-04543,4,2026-08-02 10:22:15,14100.49,Hotels,40093,Card,DEV-04-3,iPhone,Pune,10,6,1,7.43,18,22321.56,13004.29,4,661,329,0,0,0,120.15,0,
TXN04-04544,4,2026-08-02 10:24:19,17965.27,Office,40152,Card,DEV-04-2,iPhone,Mumbai,10,6,1,2.07,19,22260.75,12929.52,1,957,3804,0,0,1,120.15,0,
TXN04-04545,4,2026-08-02 10:35:21,23934.86,Office,40082,Card,DEV-04-4,Android,Mumbai,10,6,1,11.03,20,22249.11,12913.92,15,445,3805,0,0,0,0.0,0,
TXN04-04546,4,2026-08-02 10:41:02,12192.47,Fuel,40021,Card,DEV-04-3,iPhone,Mumbai,10,6,1,5.68,21,22253.66,12896.76,55,662,3806,0,0,0,0.0,0,
TXN04-04547,4,2026-08-02 10:45:26,9484.19,Hotels,40025,Card,DEV-04-5,iPhone,Mumbai,10,6,1,4.4,22,22226.54,12889.93,41,308,3807,0,0,0,0.0,0,
TXN04-04548,4,2026-08-02 10:45:40,9613.58,Hotels,40050,UPI,DEV-04-1,iPhone,Mumbai,10,6,1,0.23,23,22192.29,12889.49,25,1465,3808,0,0,0,0.0,0,
TXN04-04549,4,2026-08-02 10:51:23,36508.47,Hotels,40006,Card,DEV-04-5,iPhone,Mumbai,10,6,1,5.72,24,22158.57,12888.62,177,309,3809,0,0,0,0.0,0,
TXN04-04550,4,2026-08-02 10:57:22,15730.77,Fuel,40002,UPI,DEV-04-7,iPhone,Mumbai,10,6,1,5.98,25,22210.57,12907.27,245,142,3810,0,0,0,0.0,0,
TXN04-04551,4,2026-08-02 11:17:21,24248.49,Office,40028,Bank Transfer,DEV-04-2,iPhone,Mumbai,11,6,1,19.98,26,22203.85,12909.99,53,958,3811,0,0,0,0.0,0,
TXN04-04552,4,2026-08-02 11:50:21,11989.25,Fuel,40063,Card,DEV-04-10,Web,Mumbai,11,6,1,33.0,27,22195.12,12824.6,15,49,3812,0,0,0,0.0,0,
TXN04-04553,4,2026-08-02 11:56:43,11160.6,Office,40005,Card,DEV-04-6,Web,Mumbai,11,6,1,6.37,28,22167.53,12818.21,235,193,3813,0,0,0,0.0,0,
TXN04-04554,4,2026-08-02 11:59:37,13165.42,Office,40005,UPI,DEV-04-4,Android,Mumbai,11,6,1,2.9,29,22137.86,12813.64,236,446,3814,0,0,0,0.0,0,
TXN04-04555,4,2026-08-02 12:04:24,19481.77,Fuel,40002,UPI,DEV-04-3,iPhone,Pune,12,6,1,4.78,30,22113.75,12804.84,246,663,330,0,0,0,120.15,0,
TXN04-04556,4,2026-08-02 12:35:50,14231.89,Office,40108,Card,DEV-04-2,iPhone,Mumbai,12,6,1,31.43,31,22007.28,12731.84,9,959,3815,0,0,0,120.15,0,
TXN04-04557,4,2026-08-02 12:41:22,29740.63,Fuel,40088,Bank Transfer,DEV-04-1,iPhone,Mumbai,12,6,1,5.53,32,21986.38,12721.08,8,1466,3816,0,0,0,0.0,0,
TXN04-04558,4,2026-08-02 13:03:52,21965.66,Suppliers,40077,UPI,DEV-04-5,iPhone,Mumbai,13,6,1,22.5,33,22007.17,12710.35,6,310,3817,0,0,0,0.0,0,
TXN04-04559,4,2026-08-02 13:34:21,41213.51,Fuel,40026,Card,DEV-04-5,iPhone,Mumbai,13,6,1,30.48,34,22033.14,12722.82,34,311,3818,0,0,0,0.0,0,
TXN04-04560,4,2026-08-02 13:34:46,7356.86,Office,40080,UPI,DEV-04-5,iPhone,Mumbai,13,6,1,0.42,35,22084.7,12744.47,16,312,3819,0,0,0,0.0,0,
TXN04-04561,4,2026-08-02 13:56:34,35172.27,Fuel,40063,Card,DEV-04-2,iPhone,Mumbai,13,6,1,21.8,36,21990.73,12695.33,16,960,3820,0,0,0,0.0,0,
TXN04-04562,4,2026-08-02 14:59:26,7934.05,Hotels,40006,Card,DEV-04-10,Web,Mumbai,14,6,1,62.87,37,21927.29,12690.41,178,50,3821,0,0,0,0.0,0,
TXN04-04563,4,2026-08-02 15:03:02,33451.51,Hotels,40001,Card,DEV-04-1,iPhone,Mumbai,15,6,1,3.6,38,21889.47,12694.06,415,1467,3822,0,0,0,0.0,0,
TXN04-04564,4,2026-08-02 15:08:21,5357.98,Fuel,40047,Card,DEV-04-2,iPhone,Delhi,15,6,1,5.32,39,21844.75,12623.9,22,961,349,0,0,0,1153.24,0,
TXN04-04565,4,2026-08-02 15:28:23,16614.79,Office,40008,Card,DEV-04-2,iPhone,Mumbai,15,6,1,20.03,40,21800.31,12635.82,114,962,3823,0,0,0,1153.24,0,
TXN04-04566,4,2026-08-02 15:33:23,12429.47,Office,40033,Card,DEV-04-47,Android,Delhi,15,6,1,5.0,41,21786.37,12621.68,32,1,350,1,0,0,1153.24,0,
TXN04-04567,4,2026-08-02 15:38:48,12079.18,Office,40016,Card,DEV-04-2,iPhone,Mumbai,15,6,1,5.42,42,21761.28,12614.03,82,963,3824,0,0,0,1153.24,0,
TXN04-04568,4,2026-08-02 15:58:56,9519.03,Hotels,40001,UPI,DEV-04-1,iPhone,Mumbai,15,6,1,20.13,43,21715.06,12617.83,416,1468,3825,0,0,0,0.0,0,
TXN04-04569,4,2026-08-02 16:19:37,5856.25,Office,40131,Card,DEV-04-1,iPhone,Mumbai,16,6,1,20.68,44,21682.45,12616.68,2,1469,3826,0,0,0,0.0,0,
TXN04-04570,4,2026-08-02 16:39:34,15991.85,Fuel,40037,Bank Transfer,DEV-04-2,iPhone,Pune,16,6,1,19.95,45,21661.98,12638.5,25,964,331,0,0,0,120.15,0,
TXN04-04571,4,2026-08-02 17:01:06,5497.5,Suppliers,40004,Card,DEV-04-2,iPhone,Mumbai,17,6,1,21.53,46,21690.76,12613.32,161,965,3827,0,0,0,120.15,0,
TXN04-04572,4,2026-08-02 17:13:33,9866.27,Fuel,40153,Card,DEV-04-5,iPhone,Mumbai,17,6,1,12.45,47,21673.01,12631.43,1,313,3828,0,0,1,0.0,0,
TXN04-04573,4,2026-08-02 17:32:00,22700.17,Hotels,40029,Card,DEV-04-4,Android,Mumbai,17,6,1,18.45,48,21600.71,12621.62,47,447,3829,0,0,0,0.0,0,
TXN04-04574,4,2026-08-02 17:33:43,39542.82,Office,40008,Card,DEV-04-1,iPhone,Mumbai,17,6,1,1.72,49,21603.65,12604.87,115,1470,3830,0,0,0,0.0,0,
TXN04-04575,4,2026-08-02 17:37:24,46323.44,Fuel,40002,UPI,DEV-04-17,iPhone,Delhi,17,6,1,3.68,50,21651.49,12622.0,247,6,351,0,0,0,1153.24,0,
TXN04-04576,4,2026-08-02 17:42:39,18876.72,Fuel,40118,Bank Transfer,DEV-04-1,iPhone,Mumbai,17,6,1,5.25,51,21717.11,12669.09,4,1471,3831,0,0,0,1153.24,0,
TXN04-04577,4,2026-08-02 18:00:11,30562.87,Hotels,40001,Card,DEV-04-3,iPhone,Pune,18,6,1,17.53,52,21563.39,12526.89,417,664,332,0,0,0,120.15,0,
TXN04-04578,4,2026-08-02 18:00:15,50000.0,Fuel,40012,Card,DEV-04-2,iPhone,Mumbai,18,6,1,0.07,53,21587.33,12518.8,83,966,3832,0,0,0,120.15,0,
TXN04-04579,4,2026-08-02 18:02:25,22514.51,Hotels,40006,Bank Transfer,DEV-04-7,iPhone,Mumbai,18,6,1,2.17,54,21662.69,12587.31,179,143,3833,0,0,0,0.0,0,
TXN04-04580,4,2026-08-02 18:14:54,40788.14,Suppliers,40003,Card,DEV-04-9,iPhone,Mumbai,18,6,1,12.48,55,21664.94,12570.72,369,63,3834,0,0,0,0.0,0,
TXN04-04581,4,2026-08-02 18:20:25,14842.34,Fuel,40026,Card,DEV-04-5,iPhone,Mumbai,18,6,1,5.52,56,21757.28,12582.66,35,314,3835,0,0,0,0.0,0,
TXN04-04582,4,2026-08-02 18:27:34,28447.86,Suppliers,40003,UPI,DEV-04-1,iPhone,Mumbai,18,6,1,7.15,57,21739.04,12571.05,370,1472,3836,0,0,0,0.0,0,
TXN04-04583,4,2026-08-02 19:03:33,12324.34,Suppliers,40098,Card,DEV-04-2,iPhone,Mumbai,19,6,1,35.98,58,21711.35,12501.43,4,967,3837,0,0,0,0.0,0,
TXN04-04584,4,2026-08-02 19:16:02,12967.1,Hotels,40132,UPI,DEV-04-3,iPhone,Delhi,19,6,1,12.48,59,21686.38,12494.15,4,665,352,0,0,0,1153.24,0,
TXN04-04585,4,2026-08-02 19:19:06,19402.86,Suppliers,40078,Bank Transfer,DEV-04-7,iPhone,Mumbai,19,6,1,3.07,60,21663.25,12485.63,7,144,3838,0,0,0,1153.24,0,
TXN04-04586,4,2026-08-02 19:33:09,4748.52,Office,40008,Card,DEV-04-9,iPhone,Mumbai,19,6,1,14.05,61,21657.27,12469.64,116,64,3839,0,0,0,0.0,0,
TXN04-04587,4,2026-08-02 19:44:55,37141.31,Suppliers,40076,Card,DEV-04-1,iPhone,Mumbai,19,6,1,11.77,62,21656.0,12471.34,8,1473,3840,0,0,0,0.0,0,
TXN04-04588,4,2026-08-02 20:10:33,7426.37,Office,40016,Bank Transfer,DEV-04-1,iPhone,Mumbai,20,6,1,25.63,63,21696.86,12480.18,83,1474,3841,0,0,0,0.0,0,
TXN04-04589,4,2026-08-02 20:13:13,27174.48,Hotels,40066,Card,DEV-04-4,Android,Mumbai,20,6,1,2.67,64,21659.31,12485.17,21,448,3842,0,0,0,0.0,0,
TXN04-04590,4,2026-08-02 20:24:35,8174.48,Suppliers,40027,Card,DEV-04-1,iPhone,Mumbai,20,6,1,11.37,65,21676.06,12488.29,44,1475,3843,0,0,0,0.0,0,
TXN04-04591,4,2026-08-02 20:28:16,12775.3,Fuel,40009,UPI,DEV-04-8,Android,Mumbai,20,6,1,3.68,66,21640.62,12491.01,131,115,3844,0,0,0,0.0,0,
TXN04-04592,4,2026-08-02 20:34:44,15317.32,Suppliers,40004,Card,DEV-04-1,iPhone,Mumbai,20,6,1,6.47,67,21626.79,12497.89,162,1476,3845,0,0,0,0.0,0,
TXN04-04593,4,2026-08-02 20:39:44,13252.2,Office,40028,Card,DEV-04-8,Android,Mumbai,20,6,1,5.0,68,21610.28,12485.69,54,116,3846,0,0,0,0.0,1,ato_short_gap
TXN04-04594,4,2026-08-02 20:59:40,35079.24,Hotels,40029,UPI,DEV-04-12,Android,Mumbai,20,6,1,19.93,69,21598.63,12508.12,48,22,3847,0,0,0,0.0,0,
TXN04-04595,4,2026-08-02 21:39:29,28270.65,Suppliers,40011,Card,DEV-04-1,iPhone,Mumbai,21,6,1,39.82,70,21636.24,12527.04,119,1477,3848,0,0,0,0.0,1,ato_odd_hour
TXN04-04596,4,2026-08-03 08:07:57,19478.93,Suppliers,40144,Card,DEV-04-1,iPhone,Mumbai,8,0,0,628.47,1,21441.43,12332.89,7,1478,3849,0,0,0,0.0,0,
TXN04-04597,4,2026-08-03 08:30:41,50000.0,Suppliers,40113,UPI,DEV-04-1,iPhone,Mumbai,8,0,0,22.73,2,21497.63,12343.31,5,1479,3850,0,0,0,0.0,0,
TXN04-04598,4,2026-08-03 08:45:30,50000.0,Hotels,40139,Card,DEV-04-4,Android,Mumbai,8,0,0,14.82,3,21573.04,12413.61,4,449,3851,0,0,0,0.0,0,
TXN04-04599,4,2026-08-03 08:52:05,13274.42,Hotels,40001,Bank Transfer,DEV-04-1,iPhone,Mumbai,8,0,0,6.58,4,21648.04,12482.69,418,1480,3852,0,0,0,0.0,0,
TXN04-04600,4,2026-08-03 08:54:47,34525.79,Office,40016,Card,DEV-04-1,iPhone,Mumbai,8,0,0,2.7,5,21626.01,12473.64,84,1481,3853,0,0,0,0.0,0,
TXN04-04601,4,2026-08-03 09:02:56,42959.33,Fuel,40026,UPI,DEV-04-1,iPhone,Delhi,9,0,0,8.15,6,21659.86,12474.73,36,1482,353,0,0,0,1153.24,0,
TXN04-04602,4,2026-08-03 09:26:34,10170.45,Suppliers,40003,Bank Transfer,DEV-04-1,iPhone,Mumbai,9,0,0,23.63,7,21715.62,12505.84,371,1483,3854,0,0,0,1153.24,0,
TXN04-04603,4,2026-08-03 09:28:53,13270.03,Office,40017,Card,DEV-04-1,iPhone,Mumbai,9,0,0,2.32,8,21685.48,12503.39,74,1484,3855,0,0,0,0.0,0,
TXN04-04604,4,2026-08-03 09:29:39,18391.61,Hotels,40001,Bank Transfer,DEV-04-1,iPhone,Mumbai,9,0,0,0.77,9,21663.56,12494.46,419,1485,3856,0,0,0,0.0,0,
TXN04-04605,4,2026-08-03 09:45:12,50000.0,Office,40135,UPI,DEV-04-4,Android,Delhi,9,0,0,15.55,10,21692.2,12499.95,3,450,354,0,0,0,1153.24,0,
TXN04-04606,4,2026-08-03 09:46:52,13422.79,Fuel,40020,Bank Transfer,DEV-04-3,iPhone,Mumbai,9,0,0,1.67,11,21765.92,12566.75,63,666,3857,0,0,0,1153.24,0,
TXN04-04607,4,2026-08-03 10:00:12,24555.22,Office,40008,UPI,DEV-04-2,iPhone,Mumbai,10,0,0,13.33,12,21744.25,12557.6,117,968,3858,0,0,0,0.0,0,
TXN04-04608,4,2026-08-03 10:08:10,18995.9,Office,40031,Card,DEV-04-8,Android,Mumbai,10,0,0,7.97,13,21782.13,12544.02,41,117,3859,0,0,0,0.0,0,
TXN04-04609,4,2026-08-03 10:15:14,15576.02,Suppliers,40004,Card,DEV-04-1,iPhone,Pune,10,0,0,7.07,14,21774.91,12528.56,163,1486,333,0,0,0,120.15,0,
TXN04-04610,4,2026-08-03 10:16:25,12361.97,Office,40008,UPI,DEV-04-5,iPhone,Mumbai,10,0,0,1.18,15,21758.89,12516.32,118,315,3860,0,0,0,120.15,0,
TXN04-04611,4,2026-08-03 10:32:31,48099.6,Office,40008,UPI,DEV-04-4,Android,Mumbai,10,0,0,16.1,16,21681.23,12481.1,119,451,3861,0,0,0,0.0,0,
TXN04-04612,4,2026-08-03 11:00:38,17064.46,Fuel,40002,UPI,DEV-04-1,iPhone,Mumbai,11,0,0,28.12,17,21770.58,12544.39,248,1487,3862,0,0,0,0.0,0,
TXN04-04613,4,2026-08-03 11:00:51,50000.0,Hotels,40001,UPI,DEV-04-1,iPhone,Mumbai,11,0,0,0.22,18,21758.42,12530.45,420,1488,3863,0,0,0,0.0,0,
TXN04-04614,4,2026-08-03 11:26:18,21429.37,Fuel,40009,Card,DEV-04-6,Web,Mumbai,11,0,0,25.45,19,21831.4,12612.21,132,194,3864,0,0,0,0.0,0,
TXN04-04615,4,2026-08-03 11:30:06,28460.84,Hotels,40111,UPI,DEV-04-4,Android,Pune,11,0,0,3.8,20,21830.36,12595.96,5,452,334,0,0,0,120.15,0,
TXN04-04616,4,2026-08-03 11:32:01,42086.33,Hotels,40001,Card,DEV-04-1,iPhone,Mumbai,11,0,0,1.92,21,21847.41,12584.24,421,1489,3865,0,0,0,120.15,0,
TXN04-04617,4,2026-08-03 11:37:44,32056.69,Fuel,40062,Card,DEV-04-1,iPhone,Delhi,11,0,0,5.72,22,21899.3,12609.71,11,1490,355,0,0,0,1153.24,0,
TXN04-04618,4,2026-08-03 11:40:52,28658.83,Office,40016,UPI,DEV-04-2,iPhone,Mumbai,11,0,0,3.13,23,21925.28,12604.02,85,969,3866,0,0,0,1153.24,0,
TXN04-04619,4,2026-08-03 11:58:49,17163.88,Fuel,40023,Card,DEV-04-11,Android,Mumbai,11,0,0,17.95,24,21942.46,12592.51,38,23,3867,0,0,0,0.0,0,
TXN04-04620,4,2026-08-03 12:00:57,7737.32,Suppliers,40054,UPI,DEV-04-2,iPhone,Mumbai,12,0,0,2.13,25,21930.3,12578.78,26,970,3868,0,0,0,0.0,0,
TXN04-04621,4,2026-08-03 12:14:50,26360.19,Suppliers,40052,Card,DEV-04-7,iPhone,Mumbai,12,0,0,13.88,26,21829.9,12534.13,25,145,3869,0,0,0,0.0,0,
TXN04-04622,4,2026-08-03 12:21:22,14583.52,Hotels,40111,Card,DEV-04-6,Web,Mumbai,12,0,0,6.53,27,21841.4,12520.29,6,195,3870,0,0,0,0.0,0,
TXN04-04623,4,2026-08-03 12:22:43,11044.72,Fuel,40023,Bank Transfer,DEV-04-3,iPhone,Mumbai,12,0,0,1.35,28,21867.36,12494.58,39,667,3871,0,0,0,0.0,0,
TXN04-04624,4,2026-08-03 13:26:42,16975.35,Hotels,40025,Card,DEV-04-1,iPhone,Mumbai,13,0,0,63.98,29,21797.15,12485.41,42,1491,3872,0,0,0,0.0,0,
TXN04-04625,4,2026-08-03 13:37:54,19967.78,Fuel,40002,Bank Transfer,DEV-04-8,Android,Mumbai,13,0,0,11.2,30,21784.91,12471.91,249,118,3873,0,0,0,0.0,0,
TXN04-04626,4,2026-08-03 13:37:54,37751.31,Office,40017,UPI,DEV-04-3,iPhone,Mumbai,13,0,0,0.0,31,21780.31,12456.45,75,668,3874,0,0,0,0.0,0,
TXN04-04627,4,2026-08-03 13:56:56,16573.3,Office,40091,UPI,DEV-04-2,iPhone,Mumbai,13,0,0,19.03,32,21820.64,12466.51,8,971,3875,0,0,0,0.0,0,
TXN04-04628,4,2026-08-03 14:05:58,10907.11,Hotels,40138,UPI,DEV-04-1,iPhone,Mumbai,14,0,0,9.03,33,21807.42,12453.58,4,1492,3876,0,0,0,0.0,0,
TXN04-04629,4,2026-08-03 14:20:19,15132.31,Hotels,40001,Card,DEV-04-3,iPhone,Mumbai,14,0,0,14.35,34,21767.49,12463.05,422,669,3877,0,0,0,0.0,0,
TXN04-04630,4,2026-08-03 14:34:12,31012.28,Office,40005,Card,DEV-04-8,Android,Mumbai,14,0,0,13.88,35,21750.82,12451.81,237,119,3878,0,0,0,0.0,0,
TXN04-04631,4,2026-08-03 14:37:47,19766.38,Hotels,40039,UPI,DEV-04-3,iPhone,Mumbai,14,0,0,3.58,36,21774.03,12444.82,21,670,3879,0,0,0,0.0,0,
TXN04-04632,4,2026-08-03 14:45:23,33401.13,Hotels,40096,UPI,DEV-04-3,iPhone,Mumbai,14,0,0,7.6,37,21769.02,12429.65,4,671,3880,0,0,0,0.0,0,
TXN04-04633,4,2026-08-03 15:06:16,17120.65,Fuel,40012,UPI,DEV-04-1,iPhone,Mumbai,15,0,0,20.88,38,21785.23,12440.58,84,1493,3881,0,0,0,0.0,0,
TXN04-04634,4,2026-08-03 15:15:19,18922.06,Hotels,40070,Card,DEV-04-3,iPhone,Mumbai,15,0,0,9.05,39,21773.59,12427.24,12,672,3882,0,0,0,0.0,0,
TXN04-04635,4,2026-08-03 15:22:26,9754.48,Fuel,40063,Bank Transfer,DEV-04-3,iPhone,Delhi,15,0,0,7.12,40,21766.5,12412.58,17,673,356,0,0,0,1153.24,0,
TXN04-04636,4,2026-08-03 15:28:22,25638.26,Fuel,40047,Bank Transfer,DEV-04-1,iPhone,Mumbai,15,0,0,5.93,41,21761.12,12417.32,23,1494,3883,0,0,0,1153.24,0,
TXN04-04637,4,2026-08-03 15:51:02,35825.58,Hotels,40001,Card,DEV-04-1,iPhone,Mumbai,15,0,0,22.67,42,21765.82,12418.82,423,1495,3884,0,0,0,0.0,0,
TXN04-04638,4,2026-08-03 15:58:52,11157.73,Office,40008,Card,DEV-04-14,Web,Pune,15,0,0,7.83,43,21800.79,12423.12,120,9,335,0,0,0,120.15,0,
TXN04-04639,4,2026-08-03 16:42:36,50000.0,Suppliers,40018,Bank Transfer,DEV-04-3,iPhone,Mumbai,16,0,0,43.73,44,21765.22,12449.92,74,674,3885,0,0,0,120.15,0,
TXN04-04640,4,2026-08-03 16:42:53,12759.47,Hotels,40025,Card,DEV-04-4,Android,Delhi,16,0,0,0.28,45,21835.81,12514.03,43,453,357,0,0,0,1153.24,0,
TXN04-04641,4,2026-08-03 16:47:58,14330.72,Suppliers,40022,Card,DEV-04-1,iPhone,Mumbai,16,0,0,5.08,46,21813.17,12506.62,65,1496,3886,0,0,0,1153.24,0,
TXN04-04642,4,2026-08-03 16:48:47,48830.36,Office,40005,Bank Transfer,DEV-04-3,iPhone,Mumbai,16,0,0,0.82,47,21794.56,12496.61,238,675,3887,0,0,0,0.0,0,
TXN04-04643,4,2026-08-03 16:51:11,15334.22,Suppliers,40004,Card,DEV-04-3,iPhone,Mumbai,16,0,0,2.4,48,21861.65,12553.37,164,676,3888,0,0,0,0.0,0,
TXN04-04644,4,2026-08-03 17:00:34,20905.25,Fuel,40020,Card,DEV-04-4,Android,Mumbai,17,0,0,9.38,49,21845.49,12542.01,64,454,3889,0,0,0,0.0,0,
TXN04-04645,4,2026-08-03 17:07:32,5765.76,Office,40005,Bank Transfer,DEV-04-3,iPhone,Mumbai,17,0,0,6.97,50,21843.17,12526.61,239,677,3890,0,0,0,0.0,0,
TXN04-04646,4,2026-08-03 17:08:01,14238.73,Office,40016,Card,DEV-04-2,iPhone,Mumbai,17,0,0,0.48,51,21803.57,12536.53,86,972,3891,0,0,0,0.0,0,
TXN04-04647,4,2026-08-03 17:12:32,12504.13,Hotels,40019,Card,DEV-04-1,iPhone,Mumbai,17,0,0,4.52,52,21822.85,12548.55,65,1497,3892,0,0,0,0.0,1,ato_higher_amount_short_gap
TXN04-04648,4,2026-08-03 17:39:51,7477.25,Office,40005,Card,DEV-04-7,iPhone,Mumbai,17,0,0,27.32,53,21844.61,12554.59,240,146,3893,0,0,0,0.0,0,
TXN04-04649,4,2026-08-03 17:50:40,40058.37,Office,40085,Card,DEV-04-2,iPhone,Mumbai,17,0,0,10.82,54,21809.05,12559.35,9,973,3894,0,0,0,0.0,0,
TXN04-04650,4,2026-08-03 17:51:33,4663.65,Fuel,40023,UPI,DEV-04-4,Android,Pune,17,0,0,0.88,55,21854.11,12576.49,40,455,336,0,0,0,120.15,0,
TXN04-04651,4,2026-08-03 17:58:05,11681.3,Suppliers,40154,UPI,DEV-04-6,Web,Mumbai,17,0,0,6.53,56,21797.49,12602.11,1,196,3895,0,0,1,120.15,0,
TXN04-04652,4,2026-08-03 18:10:03,43512.25,Hotels,40001,Card,DEV-UNK-6760,Web,Mumbai,18,0,0,11.97,57,21772.47,12626.89,424,1,3896,1,0,0,0.0,1,ato_new_device
TXN04-04653,4,2026-08-03 18:11:58,13190.89,Office,40008,Card,DEV-04-2,iPhone,Goa,18,0,0,1.92,58,21826.15,12657.36,121,974,4,0,0,0,440.32,0,
TXN04-04654,4,2026-08-03 18:15:38,25646.2,Office,40032,Card,DEV-04-3,iPhone,Mumbai,18,0,0,3.67,59,21804.88,12649.01,37,678,3897,0,0,0,440.32,0,
TXN04-04655,4,2026-08-03 18:49:30,25783.6,Suppliers,40078,Card,DEV-04-5,iPhone,Pune,18,0,0,33.87,60,21860.18,12640.89,8,316,337,0,0,0,120.15,0,
TXN04-04656,4,2026-08-03 18:52:08,47436.42,Fuel,40012,UPI,DEV-04-1,iPhone,Mumbai,18,0,0,2.63,61,21869.84,12626.82,85,1498,3898,0,0,0,120.15,0,
TXN04-04657,4,2026-08-03 18:55:07,12272.06,Hotels,40006,Card,DEV-04-9,iPhone,Mumbai,18,0,0,2.98,62,21932.66,12674.65,180,65,3899,0,0,0,0.0,0,
TXN04-04658,4,2026-08-03 19:00:07,14079.46,Suppliers,40018,Card,DEV-04-1,iPhone,Mumbai,19,0,0,5.0,63,21908.98,12668.12,75,1499,3900,0,0,0,0.0,1,ato_short_gap
TXN04-04659,4,2026-08-03 19:01:39,11389.92,Suppliers,40038,UPI,DEV-04-3,iPhone,Mumbai,19,0,0,1.53,64,21889.84,12658.53,30,679,3901,0,0,0,0.0,0,
TXN04-04660,4,2026-08-03 19:10:25,4104.9,Office,40122,Bank Transfer,DEV-04-10,Web,Mumbai,19,0,0,8.77,65,21864.23,12653.69,4,51,3902,0,0,0,0.0,0,
TXN04-04661,4,2026-08-03 19:20:17,49923.71,Suppliers,40038,Card,DEV-04-2,iPhone,Mumbai,19,0,0,9.87,66,21821.02,12668.53,31,975,3903,0,0,0,0.0,0,
TXN04-04662,4,2026-08-03 19:40:56,10970.83,Hotels,40006,UPI,DEV-04-3,iPhone,Mumbai,19,0,0,20.65,67,21889.23,12728.49,181,680,3904,0,0,0,0.0,0,
TXN04-04663,4,2026-08-03 19:57:05,14521.09,Hotels,40007,Card,DEV-04-2,iPhone,Mumbai,19,0,0,16.15,68,21862.79,12724.39,100,976,3905,0,0,0,0.0,0,
TXN04-04664,4,2026-08-03 20:03:19,12903.0,Office,40152,Card,DEV-04-8,Android,Mumbai,20,0,0,6.23,69,21845.06,12714.12,2,120,3906,0,0,0,0.0,0,
TXN04-04665,4,2026-08-03 20:03:35,36299.27,Fuel,40020,Card,DEV-04-1,iPhone,Delhi,20,0,0,0.27,70,21823.51,12706.36,65,1500,358,0,0,0,1153.24,0,
TXN04-04666,4,2026-08-03 20:19:35,5988.59,Office,40152,Card,DEV-04-1,iPhone,Mumbai,20,0,0,16.0,71,21858.31,12710.86,3,1501,3907,0,0,0,1153.24,0,
TXN04-04667,4,2026-08-03 20:37:27,30241.6,Office,40040,Card,DEV-04-9,iPhone,Mumbai,20,0,0,17.87,72,21787.64,12717.17,32,66,3908,0,0,0,0.0,0,
TXN04-04668,4,2026-08-03 23:07:32,16605.07,Office,40108,Card,DEV-04-2,iPhone,Mumbai,23,0,0,150.08,73,21723.01,12675.38,10,977,3909,0,0,0,0.0,1,ato_odd_hour_higher_amount
TXN04-04669,4,2026-08-04 08:13:37,13044.72,Hotels,40111,Bank Transfer,DEV-04-3,iPhone,Pune,8,1,0,546.08,1,21767.58,12666.23,7,681,338,0,0,0,120.15,0,
TXN04-04670,4,2026-08-04 08:22:25,14139.53,Fuel,40002,Card,DEV-04-1,iPhone,Pune,8,1,0,8.8,2,21741.14,12672.98,250,1502,339,0,0,0,0.0,0,
TXN04-04671,4,2026-08-04 08:28:57,14250.63,Office,40005,Card,DEV-04-3,iPhone,Chandigarh,8,1,0,6.53,3,21722.82,12663.19,241,682,5,0,0,0,1389.58,0,
TXN04-04672,4,2026-08-04 08:31:09,13746.47,Suppliers,40003,Card,DEV-04-3,iPhone,Mumbai,8,1,0,2.2,4,21704.86,12653.25,372,683,3910,0,0,0,1354.32,0,
TXN04-04673,4,2026-08-04 08:48:22,45050.94,Hotels,40007,Bank Transfer,DEV-04-5,iPhone,Mumbai,8,1,0,17.22,5,21617.71,12582.72,101,317,3911,0,0,0,0.0,0,
TXN04-04674,4,2026-08-04 08:51:04,30471.49,Office,40091,Card,DEV-04-5,iPhone,Mumbai,8,1,0,2.7,6,21673.91,12619.78,9,318,3912,0,0,0,0.0,0,
TXN04-04675,4,2026-08-04 08:55:32,24167.74,Suppliers,40064,Card,DEV-04-5,iPhone,Mumbai,8,1,0,4.47,7,21694.95,12612.0,18,319,3913,0,0,0,0.0,0,
TXN04-04676,4,2026-08-04 08:59:01,15330.12,Suppliers,40035,Bank Transfer,DEV-04-2,iPhone,Mumbai,8,1,0,3.48,8,21700.85,12597.52,37,978,3914,0,0,0,0.0,0,
TXN04-04677,4,2026-08-04 09:14:01,12760.54,Office,40008,Bank Transfer,DEV-04-1,iPhone,Mumbai,9,1,0,15.0,9,21685.69,12586.35,122,1503,3915,0,0,0,0.0,0,
TXN04-04678,4,2026-08-04 09:14:40,10207.31,Hotels,40050,Card,DEV-04-12,Android,Delhi,9,1,0,0.65,10,21664.49,12578.9,26,23,359,0,0,0,1153.24,0,
TXN04-04679,4,2026-08-04 09:19:32,29969.0,Hotels,40041,Card,DEV-04-3,iPhone,Mumbai,9,1,0,4.87,11,21637.34,12576.33,24,684,3916,0,0,0,1153.24,0,
TXN04-04680,4,2026-08-04 09:41:47,16601.24,Fuel,40153,Bank Transfer,DEV-04-1,iPhone,Mumbai,9,1,0,22.25,12,21638.16,12576.86,2,1504,3917,0,0,0,0.0,0,
TXN04-04681,4,2026-08-04 09:53:16,8992.81,Hotels,40019,Card,DEV-04-4,Android,Mumbai,9,1,0,11.48,13,21626.25,12564.36,66,456,3918,0,0,0,0.0,0,
TXN04-04682,4,2026-08-04 10:19:16,21245.43,Suppliers,40078,Card,DEV-04-4,Android,Mumbai,10,1,0,26.0,14,21612.45,12573.72,9,457,3919,0,0,0,0.0,0,
TXN04-04683,4,2026-08-04 10:26:50,20268.72,Fuel,40009,Card,DEV-04-7,iPhone,Mumbai,10,1,0,7.57,15,21611.58,12558.86,133,147,3920,0,0,0,0.0,0,
TXN04-04684,4,2026-08-04 11:19:43,27165.91,Suppliers,40003,Card,DEV-04-8,Android,Mumbai,11,1,0,52.88,16,21580.18,12545.56,373,121,3921,0,0,0,0.0,0,
TXN04-04685,4,2026-08-04 11:30:37,21340.83,Office,40016,UPI,DEV-04-2,iPhone,Mumbai,11,1,0,10.9,17,21593.35,12533.69,87,979,3922,0,0,0,0.0,0,
TXN04-04686,4,2026-08-04 12:02:47,32942.37,Suppliers,40022,Card,DEV-04-3,iPhone,Mumbai,12,1,0,32.17,18,21575.04,12531.73,66,685,3923,0,0,0,0.0,0,
TXN04-04687,4,2026-08-04 12:14:27,15549.13,Office,40092,UPI,DEV-04-6,Web,Mumbai,12,1,0,11.67,19,21579.44,12535.39,11,197,3924,0,0,0,0.0,0,
TXN04-04688,4,2026-08-04 12:18:31,13667.02,Fuel,40002,Card,DEV-04-2,iPhone,Mumbai,12,1,0,4.07,20,21565.19,12523.99,251,980,3925,0,0,0,0.0,0,
TXN04-04689,4,2026-08-04 12:23:02,21000.55,Suppliers,40034,Card,DEV-04-1,iPhone,Mumbai,12,1,0,4.52,21,21546.56,12515.08,49,1505,3926,0,0,0,0.0,0,
TXN04-04690,4,2026-08-04 12:23:04,49833.89,Hotels,40139,Card,DEV-04-2,iPhone,Mumbai,12,1,0,0.03,22,21545.27,12500.38,5,981,3927,0,0,0,0.0,0,
TXN04-04691,4,2026-08-04 12:30:13,29280.49,Fuel,40009,Card,DEV-04-1,iPhone,Mumbai,12,1,0,7.15,23,21642.13,12559.57,134,1506,3928,0,0,0,0.0,0,
TXN04-04692,4,2026-08-04 12:35:19,41391.95,Suppliers,40022,UPI,DEV-04-1,iPhone,Mumbai,12,1,0,5.1,24,21660.07,12550.26,67,1507,3929,0,0,0,0.0,0,
TXN04-04693,4,2026-08-04 12:48:18,47852.38,Hotels,40010,Bank Transfer,DEV-04-1,iPhone,Mumbai,12,1,0,12.98,25,21720.31,12583.19,89,1508,3930,0,0,0,0.0,0,
TXN04-04694,4,2026-08-04 12:52:55,8714.82,Hotels,40046,Card,DEV-04-5,iPhone,Pune,12,1,0,4.62,26,21781.51,12631.77,25,320,340,0,0,0,120.15,0,
TXN04-04695,4,2026-08-04 12:54:52,16760.74,Office,40017,Card,DEV-04-1,iPhone,Mumbai,12,1,0,1.95,27,21750.98,12632.76,76,1509,3931,0,0,0,120.15,0,
TXN04-04696,4,2026-08-04 13:10:33,26651.01,Office,40016,Card,DEV-04-1,iPhone,Mumbai,13,1,0,15.68,28,21739.35,12620.32,88,1510,3932,0,0,0,0.0,0,
TXN04-04697,4,2026-08-04 13:30:33,41493.47,Hotels,40019,Card,DEV-04-4,Android,Mumbai,13,1,0,20.0,29,21683.99,12599.03,67,458,3933,0,0,0,0.0,0,
TXN04-04698,4,2026-08-04 14:06:20,16561.19,Suppliers,40003,Bank Transfer,DEV-04-1,iPhone,Mumbai,14,1,0,35.78,30,21806.07,12631.74,374,1511,3934,0,0,0,0.0,0,
TXN04-04699,4,2026-08-04 14:29:19,50000.0,Suppliers,40024,Card,DEV-04-1,iPhone,Mumbai,14,1,0,22.98,31,21793.76,12619.45,45,1512,3935,0,0,0,0.0,0,
TXN04-04700,4,2026-08-04 15:10:21,25678.43,Office,40017,Card,DEV-04-5,iPhone,Indore,15,1,0,41.03,32,21901.68,12663.55,77,321,4,0,0,0,509.83,0,
TXN04-04701,4,2026-08-04 15:29:10,22237.73,Hotels,40001,Card,DEV-04-2,iPhone,Mumbai,15,1,0,18.82,33,21931.62,12675.0,425,982,3936,0,0,0,509.83,0,
TXN04-04702,4,2026-08-04 15:39:46,27142.46,Fuel,40063,Card,DEV-04-2,iPhone,Mumbai,15,1,0,10.6,34,21932.34,12660.12,18,983,3937,0,0,0,0.0,0,
TXN04-04703,4,2026-08-04 15:47:49,18246.66,Office,40073,UPI,DEV-04-2,iPhone,Delhi,15,1,0,8.05,35,21944.54,12647.8,11,984,360,0,0,0,1153.24,0,
TXN04-04704,4,2026-08-04 15:52:30,28083.49,Fuel,40009,Card,DEV-04-2,iPhone,Indore,15,1,0,4.68,36,21904.11,12631.95,135,985,5,0,0,0,677.01,0,
TXN04-04705,4,2026-08-04 16:33:18,43005.22,Hotels,40007,Bank Transfer,DEV-04-5,iPhone,Delhi,16,1,0,40.8,37,21911.49,12658.7,102,322,361,0,0,0,677.01,0,
TXN04-04706,4,2026-08-04 16:33:54,11697.07,Hotels,40001,UPI,DEV-04-1,iPhone,Mumbai,16,1,0,0.6,38,21961.0,12684.97,426,1513,3938,0,0,0,1153.24,0,
TXN04-04707,4,2026-08-04 16:48:33,27604.37,Hotels,40001,Card,DEV-04-1,iPhone,Mumbai,16,1,0,14.65,39,21919.28,12689.43,427,1514,3939,0,0,0,0.0,0,
TXN04-04708,4,2026-08-04 16:54:43,32522.01,Hotels,40025,Card,DEV-04-1,iPhone,Mumbai,16,1,0,6.17,40,21939.59,12702.76,44,1515,3940,0,0,0,0.0,0,
TXN04-04709,4,2026-08-04 17:00:11,24930.39,Hotels,40013,UPI,DEV-04-7,iPhone,Mumbai,17,1,0,5.47,41,21964.43,12698.18,66,148,3941,0,0,0,0.0,0,
TXN04-04710,4,2026-08-04 17:06:24,43730.67,Suppliers,40015,UPI,DEV-04-23,Android,Mumbai,17,1,0,6.22,42,21971.38,12684.11,80,2,3942,0,0,0,0.0,0,
TXN04-04711,4,2026-08-04 17:08:35,20140.92,Suppliers,40077,UPI,DEV-04-1,iPhone,Mumbai,17,1,0,2.18,43,22022.22,12712.76,7,1516,3943,0,0,0,0.0,0,
TXN04-04712,4,2026-08-04 17:12:42,9005.31,Fuel,40002,Card,DEV-04-2,iPhone,Mumbai,17,1,0,4.12,44,21990.16,12700.16,252,986,3944,0,0,0,0.0,0,
TXN04-04713,4,2026-08-04 17:23:54,31057.8,Office,40091,Card,DEV-04-2,iPhone,Mumbai,17,1,0,11.2,45,21959.89,12700.79,10,987,3945,0,0,0,0.0,0,
TXN04-04714,4,2026-08-04 17:30:43,12220.43,Office,40033,Bank Transfer,DEV-04-8,Android,Mumbai,17,1,0,6.82,46,22005.76,12698.04,33,122,3946,0,0,0,0.0,0,
TXN04-04715,4,2026-08-04 17:41:04,14786.32,Hotels,40010,Card,DEV-04-3,iPhone,Mumbai,17,1,0,10.35,47,21980.77,12706.72,90,686,3947,0,0,0,0.0,0,
TXN04-04716,4,2026-08-04 17:41:31,29254.03,Hotels,40100,Card,DEV-04-2,iPhone,Delhi,17,1,0,0.45,48,21964.03,12696.66,4,988,362,0,0,0,1153.24,0,
TXN04-04717,4,2026-08-04 17:48:32,10480.24,Suppliers,40024,Card,DEV-04-8,Android,Mumbai,17,1,0,7.02,49,21980.95,12686.77,46,123,3948,0,0,0,1153.24,0,
TXN04-04718,4,2026-08-04 17:51:19,20794.17,Office,40031,Card,DEV-04-4,Android,Mumbai,17,1,0,2.78,50,21954.33,12684.13,42,459,3949,0,0,0,0.0,0,
TXN04-04719,4,2026-08-04 18:12:56,19150.02,Office,40028,Card,DEV-04-7,iPhone,Mumbai,18,1,0,21.62,51,22028.81,12675.94,55,149,3950,0,0,0,0.0,0,
TXN04-04720,4,2026-08-04 18:15:02,25856.73,Office,40008,UPI,DEV-04-5,iPhone,Delhi,18,1,0,2.1,52,22022.13,12661.98,123,323,363,0,0,0,1153.24,0,
TXN04-04721,4,2026-08-04 18:28:02,7644.2,Office,40005,UPI,DEV-04-2,iPhone,Mumbai,18,1,0,13.0,53,21998.52,12645.32,242,989,3951,0,0,0,1153.24,0,
TXN04-04722,4,2026-08-04 18:39:53,41131.4,Hotels,40001,Card,DEV-04-8,Android,Delhi,18,1,0,11.85,54,21965.3,12649.5,428,124,364,0,0,0,1153.24,0,
TXN04-04723,4,2026-08-04 18:49:13,18898.02,Hotels,40006,Card,DEV-04-13,iPhone,Mumbai,18,1,0,9.33,55,22009.56,12668.33,182,17,3952,0,0,0,1153.24,0,
TXN04-04724,4,2026-08-04 18:55:41,50000.0,Office,40031,UPI,DEV-04-8,Android,Mumbai,18,1,0,6.47,56,21987.3,12665.31,43,125,3953,0,0,0,0.0,0,
TXN04-04725,4,2026-08-04 19:10:19,22214.12,Hotels,40001,UPI,DEV-04-3,iPhone,Mumbai,19,1,0,14.63,57,22087.92,12714.29,429,687,3954,0,0,0,0.0,0,
TXN04-04726,4,2026-08-04 19:40:26,22471.25,Office,40028,Card,DEV-04-4,Android,Delhi,19,1,0,30.12,58,22126.65,12689.06,56,460,365,0,0,0,1153.24,0,
TXN04-04727,4,2026-08-04 19:46:08,7161.14,Hotels,40029,Bank Transfer,DEV-04-1,iPhone,Delhi,19,1,0,5.7,59,22127.44,12674.44,49,1517,366,0,0,0,0.0,0,
TXN04-04728,4,2026-08-04 20:06:07,34296.18,Fuel,40185,Card,DEV-04-2,iPhone,Mumbai,20,1,0,19.98,60,22093.03,12680.14,1,990,3955,0,0,1,1153.24,1,ato_new_merchant_same_category_higher_amount
TXN04-04729,4,2026-08-04 20:17:21,16035.58,Fuel,40002,Card,DEV-04-1,iPhone,Mumbai,20,1,0,11.23,61,22121.02,12679.03,253,1518,3956,0,0,0,0.0,0,
TXN04-04730,4,2026-08-04 20:26:05,48338.91,Hotels,40029,Card,DEV-04-2,iPhone,Delhi,20,1,0,8.73,62,22107.1,12667.86,50,991,367,0,0,0,1153.24,0,
TXN04-04731,4,2026-08-04 20:35:03,18031.99,Hotels,40090,Card,DEV-04-1,iPhone,Mumbai,20,1,0,8.97,63,22166.99,12715.17,5,1519,3957,0,0,0,1153.24,0,
TXN04-04732,4,2026-08-04 20:45:07,14410.13,Suppliers,40011,UPI,DEV-04-3,iPhone,Pune,20,1,0,10.07,64,22157.57,12702.21,120,688,341,0,0,0,120.15,0,
TXN04-04733,4,2026-08-04 20:50:54,41822.97,Suppliers,40003,Card,DEV-04-48,Android,Mumbai,20,1,0,5.78,65,22139.96,12693.13,375,1,3958,1,0,0,120.15,0,
TXN04-04734,4,2026-08-04 20:55:37,10873.98,Hotels,40014,Card,DEV-04-2,iPhone,Pune,20,1,0,4.72,66,22184.59,12713.25,56,992,342,0,0,0,120.15,0,
TXN04-04735,4,2026-08-04 21:00:41,30629.68,Office,40190,Bank Transfer,DEV-04-1,iPhone,Mumbai,21,1,0,5.07,67,22159.0,12710.23,1,1520,3959,0,0,1,120.15,1,ato_odd_hour_new_merchant_same_category
TXN04-04736,4,2026-08-05 08:12:31,11752.98,Suppliers,40024,Card,DEV-04-2,iPhone,Mumbai,8,2,0,671.83,1,22203.93,12705.0,47,993,3960,0,0,0,0.0,0,
TXN04-04737,4,2026-08-05 08:15:05,17846.14,Office,40005,Bank Transfer,DEV-04-4,Android,Delhi,8,2,0,2.57,2,22180.34,12700.34,243,461,368,0,0,0,1153.24,0,
TXN04-04738,4,2026-08-05 08:17:08,8506.88,Office,40049,Bank Transfer,DEV-04-3,iPhone,Mumbai,8,2,0,2.05,3,22170.58,12687.69,20,689,3961,0,0,0,1153.24,0,
TXN04-04739,4,2026-08-05 08:30:48,9795.65,Fuel,40037,UPI,DEV-04-2,iPhone,Mumbai,8,2,0,13.67,4,22170.89,12687.35,26,994,3962,0,0,0,0.0,0,
TXN04-04740,4,2026-08-05 08:31:44,20793.69,Suppliers,40128,Card,DEV-04-3,iPhone,Mumbai,8,2,0,0.93,5,22143.08,12686.63,5,690,3963,0,0,0,0.0,0,
TXN04-04741,4,2026-08-05 09:10:53,35771.83,Fuel,40002,UPI,DEV-04-2,iPhone,Mumbai,9,2,0,39.15,6,22158.68,12698.0,254,995,3964,0,0,0,0.0,0,
TXN04-04742,4,2026-08-05 09:26:35,17426.22,Suppliers,40011,Bank Transfer,DEV-04-4,Android,Mumbai,9,2,0,15.7,7,22228.98,12724.48,121,462,3965,0,0,0,0.0,0,
TXN04-04743,4,2026-08-05 09:37:00,26632.72,Office,40135,UPI,DEV-04-4,Android,Mumbai,9,2,0,10.42,8,22156.59,12729.49,4,463,3966,0,0,0,0.0,0,
TXN04-04744,4,2026-08-05 10:13:45,14364.51,Hotels,40006,UPI,DEV-04-1,iPhone,Mumbai,10,2,0,36.75,9,22192.22,12733.08,183,1521,3967,0,0,0,0.0,0,
TXN04-04745,4,2026-08-05 10:20:44,23439.98,Suppliers,40003,Bank Transfer,DEV-04-2,iPhone,Mumbai,10,2,0,6.98,10,22174.43,12724.06,376,996,3968,0,0,0,0.0,0,
TXN04-04746,4,2026-08-05 10:50:50,35484.37,Fuel,40094,UPI,DEV-04-4,Android,Mumbai,10,2,0,30.1,11,22201.52,12714.03,7,464,3969,0,0,0,0.0,0,
TXN04-04747,4,2026-08-05 11:14:48,9750.84,Office,40092,Bank Transfer,DEV-04-2,iPhone,Mumbai,11,2,0,23.97,12,22231.64,12715.31,12,997,3970,0,0,0,0.0,0,
TXN04-04748,4,2026-08-05 11:42:15,12965.52,Office,40040,UPI,DEV-04-2,iPhone,Mumbai,11,2,0,27.45,13,22215.68,12729.58,33,998,3971,0,0,0,0.0,0,
TXN04-04749,4,2026-08-05 12:20:49,9583.81,Suppliers,40035,UPI,DEV-04-3,iPhone,Mumbai,12,2,0,38.57,14,22193.63,12737.2,38,691,3972,0,0,0,0.0,0,
TXN04-04750,4,2026-08-05 12:49:17,30647.49,Hotels,40013,Bank Transfer,DEV-04-3,iPhone,Pune,12,2,0,28.47,15,22164.5,12788.33,67,692,343,0,0,0,120.15,0,
TXN04-04751,4,2026-08-05 13:02:59,9223.45,Office,40131,Card,DEV-04-3,iPhone,Pune,13,2,0,13.7,16,22216.44,12818.33,3,693,344,0,0,0,0.0,0,
TXN04-04752,4,2026-08-05 13:09:54,50000.0,Office,40091,Card,DEV-04-1,iPhone,Mumbai,13,2,0,6.92,17,22186.43,12818.7,11,1522,3973,0,0,0,120.15,0,
TXN04-04753,4,2026-08-05 13:31:03,8683.9,Suppliers,40045,Card,DEV-04-1,iPhone,Mumbai,13,2,0,21.15,18,22270.36,12896.54,28,1523,3974,0,0,0,0.0,0,
TXN04-04754,4,2026-08-05 13:58:33,19781.98,Fuel,40140,Bank Transfer,DEV-04-4,Android,Mumbai,13,2,0,27.5,19,22244.2,12912.63,5,465,3975,0,0,0,0.0,0,
TXN04-04755,4,2026-08-05 14:00:26,11682.29,Suppliers,40011,UPI,DEV-04-2,iPhone,Mumbai,14,2,0,1.88,20,22238.5,12898.21,122,999,3976,0,0,0,0.0,0,
TXN04-04756,4,2026-08-05 14:29:01,26000.0,Suppliers,40001,Card,DEV-UNK-3442,iPhone,Mumbai,14,2,0,28.58,21,22254.41,12905.26,430,1,3977,1,0,0,0.0,1,unknown_device
TXN04-04757,4,2026-08-05 14:29:55,22288.29,Hotels,40057,Card,DEV-04-7,iPhone,Pune,14,2,0,0.9,22,22263.08,12891.58,13,150,345,0,0,0,120.15,0,
TXN04-04758,4,2026-08-05 14:48:12,28893.8,Suppliers,40054,Card,DEV-04-14,Web,Mumbai,14,2,0,18.28,23,22271.73,12890.34,27,10,3978,0,0,0,120.15,0,
TXN04-04759,4,2026-08-05 15:12:12,15623.2,Hotels,40046,Card,DEV-04-3,iPhone,Mumbai,15,2,0,24.0,24,22306.05,12904.65,26,694,3979,0,0,0,0.0,0,
TXN04-04760,4,2026-08-05 15:21:35,9982.49,Office,40005,UPI,DEV-04-7,iPhone,Mumbai,15,2,0,9.38,25,22299.8,12921.52,244,151,3980,0,0,0,0.0,0,
TXN04-04761,4,2026-08-05 15:45:56,21296.73,Fuel,40023,Bank Transfer,DEV-04-4,Android,Mumbai,15,2,0,24.35,26,22254.76,12930.7,41,466,3981,0,0,0,0.0,0,
TXN04-04762,4,2026-08-05 15:48:46,23222.9,Hotels,40100,Bank Transfer,DEV-04-1,iPhone,Mumbai,15,2,0,2.83,27,22252.53,12915.74,5,1524,3982,0,0,0,0.0,0,
TXN04-04763,4,2026-08-05 15:54:40,50000.0,Hotels,40046,UPI,DEV-04-3,iPhone,Delhi,15,2,0,5.9,28,22286.72,12898.79,27,695,369,0,0,0,1153.24,0,
TXN04-04764,4,2026-08-05 16:10:08,6096.03,Office,40155,Bank Transfer,DEV-04-3,iPhone,Mumbai,16,2,0,15.47,29,22351.02,12952.63,1,696,3983,0,0,1,1153.24,0,
TXN04-04765,4,2026-08-05 16:10:48,11599.5,Hotels,40029,Bank Transfer,DEV-04-3,iPhone,Mumbai,16,2,0,0.67,30,22313.4,12961.19,51,697,3984,0,0,0,0.0,0,
TXN04-04766,4,2026-08-05 16:19:38,31986.29,Suppliers,40004,UPI,DEV-04-2,iPhone,Delhi,16,2,0,8.83,31,22290.26,12986.22,165,1000,370,0,0,0,1153.24,0,
TXN04-04767,4,2026-08-05 16:28:08,9181.47,Office,40028,Card,DEV-04-8,Android,Mumbai,16,2,0,8.5,32,22327.85,12990.78,57,126,3985,0,0,0,1153.24,0,
TXN04-04768,4,2026-08-05 16:28:17,4752.44,Office,40008,Card,DEV-04-2,iPhone,Mumbai,16,2,0,0.15,33,22297.42,12991.11,124,1001,3986,0,0,0,0.0,0,
TXN04-04769,4,2026-08-05 16:35:51,28775.58,Suppliers,40045,UPI,DEV-04-4,Android,Mumbai,16,2,0,7.57,34,22279.85,13009.67,29,467,3987,0,0,0,0.0,0,
TXN04-04770,4,2026-08-05 16:51:09,18838.58,Hotels,40041,UPI,DEV-04-3,iPhone,Mumbai,16,2,0,15.3,35,22307.39,13010.81,25,698,3988,0,0,0,0.0,0,
TXN04-04771,4,2026-08-05 17:31:09,10458.04,Office,40092,UPI,DEV-04-1,iPhone,Mumbai,17,2,0,40.0,36,22385.73,12995.17,13,1525,3989,0,0,0,0.0,0,
TXN04-04772,4,2026-08-05 17:43:17,8193.85,Office,40082,Card,DEV-04-11,Android,Mumbai,17,2,0,12.13,37,22396.69,12983.12,16,24,3990,0,0,0,0.0,0,
TXN04-04773,4,2026-08-05 17:54:39,9216.27,Fuel,40012,Card,DEV-04-1,iPhone,Mumbai,17,2,0,11.37,38,22337.8,12990.25,86,1526,3991,0,0,0,0.0,0,
TXN04-04774,4,2026-08-05 17:57:37,13048.11,Office,40017,UPI,DEV-04-4,Android,Mumbai,17,2,0,2.97,39,22307.21,12990.52,78,468,3992,0,0,0,0.0,0,
TXN04-04775,4,2026-08-05 18:00:35,12564.89,Hotels,40007,UPI,DEV-04-1,iPhone,Mumbai,18,2,0,2.97,40,22238.63,12980.24,103,1527,3993,0,0,0,0.0,0,
TXN04-04776,4,2026-08-05 18:02:34,50000.0,Hotels,40007,Card,DEV-04-5,iPhone,Mumbai,18,2,0,1.98,41,22216.08,12973.49,104,324,3994,0,0,0,0.0,0,
TXN04-04777,4,2026-08-05 18:08:40,11430.73,Suppliers,40015,Card,DEV-04-11,Android,Delhi,18,2,0,6.1,42,22248.46,13025.35,81,25,371,0,0,0,1153.24,0,
TXN04-04778,4,2026-08-05 18:20:26,14841.03,Hotels,40056,Card,DEV-04-3,iPhone,Delhi,18,2,0,11.77,43,22233.34,13034.14,23,699,372,0,0,0,0.0,0,
TXN04-04779,4,2026-08-05 18:22:49,23488.11,Suppliers,40015,Card,DEV-04-8,Android,Mumbai,18,2,0,2.38,44,22216.14,13023.84,82,127,3995,0,0,0,1153.24,0,
TXN04-04780,4,2026-08-05 18:33:26,23638.63,Office,40008,Card,DEV-04-10,Web,Mumbai,18,2,0,10.62,45,22219.1,13008.87,125,52,3996,0,0,0,0.0,0,
TXN04-04781,4,2026-08-05 18:52:24,12601.96,Fuel,40009,UPI,DEV-04-4,Android,Delhi,18,2,0,18.97,46,22245.61,13000.08,136,469,373,0,0,0,1153.24,0,
TXN04-04782,4,2026-08-05 19:05:48,19601.89,Fuel,40009,Bank Transfer,DEV-04-2,iPhone,Mumbai,19,2,0,13.4,47,22223.29,12993.29,137,1002,3997,0,0,0,1153.24,0,
TXN04-04783,4,2026-08-05 19:35:30,23788.38,Office,40005,Card,DEV-04-6,Web,Mumbai,19,2,0,29.7,48,22192.11,12983.38,245,198,3998,0,0,0,0.0,0,
TXN04-04784,4,2026-08-05 19:57:53,32195.32,Hotels,40046,Bank Transfer,DEV-04-1,iPhone,Mumbai,19,2,0,22.38,49,22195.79,12968.61,28,1528,3999,0,0,0,0.0,0,
TXN04-04785,4,2026-08-05 20:21:01,38866.4,Suppliers,40075,UPI,DEV-04-4,Android,Delhi,20,2,0,23.13,50,22280.29,12978.14,6,470,374,0,0,0,1153.24,0,
TXN04-04786,4,2026-08-05 20:29:08,9199.72,Fuel,40002,UPI,DEV-04-10,Web,Mumbai,20,2,0,8.12,51,22338.11,12996.64,255,53,4000,0,0,0,1153.24,0,
TXN04-04787,4,2026-08-06 08:10:42,24939.9,Hotels,40071,Card,DEV-04-2,iPhone,Mumbai,8,3,0,701.57,1,22321.4,13005.7,12,1003,4001,0,0,0,0.0,0,
TXN04-04788,4,2026-08-06 08:15:53,11966.7,Fuel,40002,Card,DEV-04-7,iPhone,Delhi,8,3,0,5.18,2,22329.06,13006.27,256,152,375,0,0,0,1153.24,0,
TXN04-04789,4,2026-08-06 08:24:04,32530.69,Fuel,40021,UPI,DEV-04-1,iPhone,Mumbai,8,3,0,8.18,3,22304.85,13000.7,56,1529,4002,0,0,0,1153.24,0,
TXN04-04790,4,2026-08-06 08:43:33,32976.02,Hotels,40156,Card,DEV-04-2,iPhone,Mumbai,8,3,0,19.48,4,22328.68,12994.9,1,1004,4003,0,0,1,0.0,0,
TXN04-04791,4,2026-08-06 08:44:11,7973.09,Office,40016,Card,DEV-04-10,Web,Mumbai,8,3,0,0.63,5,22353.44,12989.91,89,54,4004,0,0,0,0.0,0,
TXN04-04792,4,2026-08-06 10:00:03,17580.5,Office,40005,Card,DEV-04-2,iPhone,Mumbai,10,3,0,75.87,6,22025.39,12775.18,246,1005,4005,0,0,0,0.0,0,
TXN04-04793,4,2026-08-06 10:49:04,12440.64,Fuel,40002,UPI,DEV-04-3,iPhone,Mumbai,10,3,0,49.02,7,22032.08,12788.19,257,700,4006,0,0,0,0.0,0,
TXN04-04794,4,2026-08-06 11:02:38,26831.16,Hotels,40157,UPI,DEV-04-4,Android,Pune,11,3,0,13.57,8,22009.57,12781.6,1,471,346,0,0,1,120.15,0,
TXN04-04795,4,2026-08-06 11:18:40,21569.16,Hotels,40001,Card,DEV-04-49,iPhone,Mumbai,11,3,0,16.03,9,22032.93,12781.3,431,1,4007,1,0,0,120.15,0,
TXN04-04796,4,2026-08-06 11:37:25,50000.0,Office,40044,UPI,DEV-04-2,iPhone,Mumbai,11,3,0,18.75,10,22015.77,12786.98,27,1006,4008,0,0,0,0.0,0,
TXN04-04797,4,2026-08-06 11:47:58,21450.17,Hotels,40070,Bank Transfer,DEV-04-14,Web,Pune,11,3,0,10.55,11,22081.46,12843.56,13,11,347,0,0,0,120.15,0,
TXN04-04798,4,2026-08-06 11:58:08,26139.04,Hotels,40006,UPI,DEV-04-1,iPhone,Mumbai,11,3,0,10.17,12,22121.84,12814.44,184,1530,4009,0,0,0,120.15,0,
TXN04-04799,4,2026-08-06 11:59:21,18150.68,Suppliers,40061,Bank Transfer,DEV-04-6,Web,Mumbai,11,3,0,1.22,13,22131.25,12800.9,15,199,4010,0,0,0,0.0,0,
TXN04-04800,4,2026-08-06 12:19:19,5544.91,Suppliers,40003,UPI,DEV-04-2,iPhone,Pune,12,3,0,19.97,14,22121.95,12787.38,377,1007,348,0,0,0,120.15,0,
TXN04-04801,4,2026-08-06 13:26:43,12671.03,Fuel,40043,UPI,DEV-04-3,iPhone,Mumbai,13,3,0,67.4,15,22128.98,12798.76,36,701,4011,0,0,0,120.15,0,
TXN04-04802,4,2026-08-06 13:32:12,5698.64,Fuel,40026,UPI,DEV-04-7,iPhone,Mumbai,13,3,0,5.48,16,22119.6,12804.22,37,153,4012,0,0,0,0.0,0,
TXN04-04803,4,2026-08-06 13:46:37,16975.82,Hotels,40069,Bank Transfer,DEV-04-10,Web,Mumbai,13,3,0,14.42,17,22074.15,12827.96,15,55,4013,0,0,0,0.0,0,
TXN04-04804,4,2026-08-06 14:06:22,18183.83,Suppliers,40003,UPI,DEV-04-1,iPhone,Mumbai,14,3,0,19.75,18,21952.72,12757.87,378,1531,4014,0,0,0,0.0,0,
TXN04-04805,4,2026-08-06 14:22:44,5309.23,Hotels,40096,Card,DEV-04-2,iPhone,Delhi,14,3,0,16.37,19,21943.87,12744.19,5,1008,376,0,0,0,1153.24,0,
TXN04-04806,4,2026-08-06 15:08:29,11885.36,Hotels,40007,UPI,DEV-04-1,iPhone,Mumbai,15,3,0,45.75,20,21772.7,12637.81,105,1532,4015,0,0,0,1153.24,0,
TXN04-04807,4,2026-08-06 15:27:03,6980.5,Office,40148,UPI,DEV-04-3,iPhone,Mumbai,15,3,0,18.57,21,21772.58,12637.9,3,702,4016,0,0,0,0.0,0,
TXN04-04808,4,2026-08-06 17:32:02,3312.83,Fuel,40118,Bank Transfer,DEV-04-1,iPhone,Mumbai,17,3,0,124.98,22,21718.82,12697.11,5,1533,4017,0,0,0,0.0,0,
TXN04-04809,4,2026-08-06 17:59:17,15330.17,Suppliers,40059,Card,DEV-04-1,iPhone,Pune,17,3,0,27.25,23,21667.79,12727.88,23,1534,349,0,0,0,120.15,0,
TXN04-04810,4,2026-08-06 18:38:27,16856.84,Office,40005,Card,DEV-04-5,iPhone,Mumbai,18,3,0,39.17,24,21645.17,12730.68,247,325,4018,0,0,0,120.15,0,
TXN04-04811,4,2026-08-06 18:43:58,20562.61,Suppliers,40011,Card,DEV-04-1,iPhone,Mumbai,18,3,0,5.52,25,21633.8,12717.68,123,1535,4019,0,0,0,0.0,0,
TXN04-04812,4,2026-08-06 19:02:58,23381.03,Suppliers,40003,Card,DEV-04-8,Android,Surat,19,3,0,19.0,26,21604.56,12705.95,379,128,4,0,0,0,232.92,0,
TXN04-04813,4,2026-08-06 19:06:41,21159.06,Fuel,40023,UPI,DEV-04-3,iPhone,Mumbai,19,3,0,3.72,27,21608.76,12691.18,42,703,4020,0,0,0,232.92,0,
TXN04-04814,4,2026-08-06 19:07:00,50000.0,Suppliers,40119,UPI,DEV-04-2,iPhone,Mumbai,19,3,0,0.32,28,21607.7,12676.19,7,1009,4021,0,0,0,0.0,0,
TXN04-04815,4,2026-08-06 19:31:07,19347.14,Hotels,40006,Bank Transfer,DEV-04-4,Android,Mumbai,19,3,0,24.12,29,21607.7,12676.19,185,472,4022,0,0,0,0.0,0,
TXN04-04816,4,2026-08-06 19:33:07,8413.4,Hotels,40172,Card,DEV-04-2,iPhone,Pune,19,3,0,2.0,30,21602.37,12661.71,3,1010,350,0,0,0,120.15,1,ato_short_gap
TXN04-04817,4,2026-08-06 19:47:33,39643.58,Suppliers,40004,UPI,DEV-04-2,iPhone,Mumbai,19,3,0,14.43,31,21571.34,12662.94,166,1011,4023,0,0,0,120.15,0,
TXN04-04818,4,2026-08-06 20:17:34,15467.2,Hotels,40090,Card,DEV-04-9,iPhone,Mumbai,20,3,0,30.02,32,21582.83,12677.11,6,67,4024,0,0,0,0.0,0,
TXN04-04819,4,2026-08-06 20:52:09,45033.44,Fuel,40047,Bank Transfer,DEV-04-3,iPhone,Mumbai,20,3,0,34.58,33,21577.29,12679.27,24,704,4025,0,0,0,0.0,0,
TXN04-04820,4,2026-08-06 20:58:54,19294.46,Fuel,40009,Card,DEV-04-2,iPhone,Mumbai,20,3,0,6.75,34,21632.35,12715.14,138,1012,4026,0,0,0,0.0,0,
TXN04-04821,4,2026-08-07 08:07:00,16763.27,Suppliers,40064,Card,DEV-04-2,iPhone,Mumbai,8,4,0,668.1,1,21650.32,12706.41,19,1013,4027,0,0,0,0.0,0,
TXN04-04822,4,2026-08-07 08:11:22,13228.88,Hotels,40158,Card,DEV-04-1,iPhone,Mumbai,8,4,0,4.37,2,21677.07,12684.08,1,1536,4028,0,0,1,0.0,0,
TXN04-04823,4,2026-08-07 08:40:45,9632.67,Suppliers,40011,Card,DEV-04-4,Android,Mumbai,8,4,0,29.38,3,21695.58,12665.97,124,473,4029,0,0,0,0.0,0,
TXN04-04824,4,2026-08-07 08:54:07,14785.96,Fuel,40002,Bank Transfer,DEV-04-2,iPhone,Mumbai,8,4,0,13.37,4,21667.33,12664.56,258,1014,4030,0,0,0,0.0,0,
TXN04-04825,4,2026-08-07 09:08:04,50000.0,Office,40005,Card,DEV-04-2,iPhone,Mumbai,9,4,0,13.95,5,21692.0,12640.85,248,1015,4031,0,0,0,0.0,0,
TXN04-04826,4,2026-08-07 09:47:59,28896.18,Fuel,40009,UPI,DEV-04-3,iPhone,Mumbai,9,4,0,39.92,6,21848.58,12727.24,139,705,4032,0,0,0,0.0,0,
TXN04-04827,4,2026-08-07 10:12:37,17794.89,Office,40106,UPI,DEV-04-1,iPhone,Mumbai,10,4,0,24.63,7,21919.48,12718.79,8,1537,4033,0,0,0,0.0,0,
TXN04-04828,4,2026-08-07 10:17:49,16346.44,Hotels,40139,UPI,DEV-04-4,Android,Mumbai,10,4,0,5.2,8,21925.15,12716.42,6,474,4034,0,0,0,0.0,0,
TXN04-04829,4,2026-08-07 10:25:28,17110.42,Hotels,40001,Card,DEV-04-1,iPhone,Mumbai,10,4,0,7.65,9,21911.96,12704.27,432,1538,4035,0,0,0,0.0,0,
TXN04-04830,4,2026-08-07 10:46:52,17092.29,Hotels,40090,Card,DEV-04-1,iPhone,Mumbai,10,4,0,21.4,10,21879.12,12698.68,7,1539,4036,0,0,0,0.0,0,
TXN04-04831,4,2026-08-07 10:53:49,11976.48,Hotels,40100,UPI,DEV-04-1,iPhone,Mumbai,10,4,0,6.95,11,21809.75,12644.37,6,1540,4037,0,0,0,0.0,0,
TXN04-04832,4,2026-08-07 11:00:50,6925.39,Suppliers,40159,Bank Transfer,DEV-04-9,iPhone,Mumbai,11,4,0,7.02,12,21786.56,12638.46,1,68,4038,0,0,1,0.0,0,
TXN04-04833,4,2026-08-07 11:35:22,4453.9,Office,40031,Card,DEV-04-3,iPhone,Mumbai,11,4,0,34.53,13,21761.19,12657.45,44,706,4039,0,0,0,0.0,0,
TXN04-04834,4,2026-08-07 11:43:41,28323.44,Suppliers,40003,UPI,DEV-04-2,iPhone,Mumbai,11,4,0,8.32,14,21720.47,12670.33,380,1016,4040,0,0,0,0.0,0,
TXN04-04835,4,2026-08-07 11:47:33,17780.4,Suppliers,40105,UPI,DEV-04-1,iPhone,Mumbai,11,4,0,3.87,15,21735.97,12659.49,7,1541,4041,0,0,0,0.0,0,
TXN04-04836,4,2026-08-07 11:49:24,20787.52,Fuel,40058,UPI,DEV-04-1,iPhone,Mumbai,11,4,0,1.85,16,21726.7,12646.1,13,1542,4042,0,0,0,0.0,0,
TXN04-04837,4,2026-08-07 11:55:13,40955.79,Fuel,40012,Bank Transfer,DEV-04-4,Android,Mumbai,11,4,0,5.82,17,21736.85,12643.6,87,475,4043,0,0,0,0.0,0,
TXN04-04838,4,2026-08-07 12:10:59,16784.24,Office,40008,Card,DEV-04-5,iPhone,Mumbai,12,4,0,15.77,18,21812.21,12686.47,126,326,4044,0,0,0,0.0,0,
TXN04-04839,4,2026-08-07 12:15:29,37690.34,Suppliers,40052,Card,DEV-04-13,iPhone,Mumbai,12,4,0,4.5,19,21802.54,12688.73,26,18,4045,0,0,0,0.0,0,
TXN04-04840,4,2026-08-07 12:40:16,19711.9,Hotels,40014,Card,DEV-04-1,iPhone,Pune,12,4,0,24.78,20,21811.76,12628.67,57,1543,351,0,0,0,120.15,0,
TXN04-04841,4,2026-08-07 12:47:48,27537.72,Hotels,40006,Card,DEV-04-8,Android,Mumbai,12,4,0,7.53,21,21811.8,12639.27,186,129,4046,0,0,0,120.15,0,
TXN04-04842,4,2026-08-07 12:59:15,10156.21,Hotels,40006,UPI,DEV-04-3,iPhone,Delhi,12,4,0,11.45,22,21863.46,12617.89,187,707,377,0,0,0,1153.24,0,
TXN04-04843,4,2026-08-07 13:02:39,7509.15,Suppliers,40004,UPI,DEV-04-4,Android,Mumbai,13,4,0,3.4,23,21835.85,12615.79,167,476,4047,0,0,0,1153.24,0,
TXN04-04844,4,2026-08-07 13:26:10,13576.51,Fuel,40002,UPI,DEV-04-2,iPhone,Mumbai,13,4,0,23.52,24,21863.92,12617.18,259,1017,4048,0,0,0,0.0,0,
TXN04-04845,4,2026-08-07 13:55:27,28000.08,Suppliers,40055,UPI,DEV-04-1,iPhone,Pune,13,4,0,29.28,25,21893.42,12613.51,23,1544,352,0,0,0,120.15,0,
TXN04-04846,4,2026-08-07 14:09:19,27093.02,Suppliers,40015,Bank Transfer,DEV-04-3,iPhone,Mumbai,14,4,0,13.87,26,21907.86,12602.08,83,708,4049,0,0,0,120.15,0,
TXN04-04847,4,2026-08-07 14:18:21,16918.63,Fuel,40160,Card,DEV-04-1,iPhone,Mumbai,14,4,0,9.03,27,21938.11,12599.14,1,1545,4050,0,0,1,0.0,0,
TXN04-04848,4,2026-08-07 14:27:18,40780.35,Hotels,40006,Card,DEV-04-2,iPhone,Mumbai,14,4,0,8.95,28,21885.79,12573.89,188,1018,4051,0,0,0,0.0,0,
TXN04-04849,4,2026-08-07 14:32:54,14900.43,Office,40085,Card,DEV-04-4,Android,Mumbai,14,4,0,5.6,29,21930.36,12592.45,10,477,4052,0,0,0,0.0,0,
TXN04-04850,4,2026-08-07 14:51:08,26784.03,Fuel,40094,Bank Transfer,DEV-04-1,iPhone,Surat,14,4,0,18.23,30,21899.69,12581.56,8,1546,5,0,0,0,232.92,0,
TXN04-04851,4,2026-08-07 15:03:55,32943.43,Hotels,40007,Card,DEV-04-1,iPhone,Mumbai,15,4,0,12.78,31,21911.23,12568.92,106,1547,4053,0,0,0,232.92,0,
TXN04-04852,4,2026-08-07 15:23:12,11100.03,Fuel,40020,Card,DEV-04-6,Web,Mumbai,15,4,0,19.28,32,21883.5,12531.55,66,200,4054,0,0,0,0.0,0,
TXN04-04853,4,2026-08-07 15:38:37,37096.07,Suppliers,40022,Card,DEV-04-1,iPhone,Pune,15,4,0,15.42,33,21873.95,12538.23,68,1548,353,0,0,0,120.15,0,
TXN04-04854,4,2026-08-07 16:03:28,18928.73,Fuel,40104,Card,DEV-04-1,iPhone,Mumbai,16,4,0,24.85,34,21938.42,12564.08,5,1549,4055,0,0,0,120.15,0,
TXN04-04855,4,2026-08-07 16:28:20,18767.71,Suppliers,40003,UPI,DEV-04-2,iPhone,Mumbai,16,4,0,24.87,35,21917.5,12560.93,381,1019,4056,0,0,0,0.0,0,
TXN04-04856,4,2026-08-07 16:36:07,11409.97,Office,40049,Card,DEV-04-12,Android,Mumbai,16,4,0,7.78,36,21910.01,12546.94,21,24,4057,0,0,0,0.0,0,
TXN04-04857,4,2026-08-07 17:21:46,10682.65,Fuel,40043,Card,DEV-04-5,iPhone,Pune,17,4,0,45.65,37,21956.07,12563.49,37,327,354,0,0,0,120.15,0,
TXN04-04858,4,2026-08-07 17:25:01,13859.63,Hotels,40066,Card,DEV-04-5,iPhone,Mumbai,17,4,0,3.25,38,21929.17,12560.54,22,328,4058,0,0,0,120.15,0,
TXN04-04859,4,2026-08-07 17:49:00,12385.0,Suppliers,40114,Bank Transfer,DEV-04-8,Android,Mumbai,17,4,0,23.98,39,21948.63,12569.18,8,130,4059,0,0,0,0.0,0,
TXN04-04860,4,2026-08-07 17:49:07,22557.85,Fuel,40021,Card,DEV-04-5,iPhone,Mumbai,17,4,0,0.12,40,21925.8,12562.84,57,329,4060,0,0,0,0.0,0,
TXN04-04861,4,2026-08-07 17:55:19,50000.0,Hotels,40070,UPI,DEV-04-3,iPhone,Mumbai,17,4,0,6.2,41,21927.31,12547.92,14,709,4061,0,0,0,0.0,0,
TXN04-04862,4,2026-08-07 18:55:16,19902.3,Fuel,40062,UPI,DEV-04-2,iPhone,Mumbai,18,4,0,59.95,42,21940.04,12650.69,12,1020,4062,0,0,0,0.0,0,
TXN04-04863,4,2026-08-07 18:55:32,10345.86,Suppliers,40105,UPI,DEV-04-13,iPhone,Mumbai,18,4,0,0.27,43,21935.1,12635.72,8,19,4063,0,0,0,0.0,0,
TXN04-04864,4,2026-08-07 19:08:47,30446.24,Hotels,40001,UPI,DEV-04-1,iPhone,Mumbai,19,4,0,13.25,44,21912.72,12648.06,433,1550,4064,0,0,0,0.0,0,
TXN04-04865,4,2026-08-07 19:27:55,43733.96,Fuel,40002,UPI,DEV-04-7,iPhone,Delhi,19,4,0,19.13,45,21878.5,12591.5,260,154,378,0,0,0,1153.24,0,
TXN04-04866,4,2026-08-07 19:43:01,30451.68,Fuel,40009,Card,DEV-04-4,Android,Mumbai,19,4,0,15.1,46,21844.83,12591.46,140,478,4065,0,0,0,1153.24,0,
TXN04-04867,4,2026-08-07 20:01:46,32548.2,Office,40005,Bank Transfer,DEV-04-3,iPhone,Mumbai,20,4,0,18.75,47,21902.35,12576.77,249,710,4066,0,0,0,0.0,0,
TXN04-04868,4,2026-08-07 20:18:13,50000.0,Suppliers,40095,Bank Transfer,DEV-04-1,iPhone,Mumbai,20,4,0,16.45,48,21938.52,12588.04,8,1551,4067,0,0,0,0.0,0,
TXN04-04869,4,2026-08-07 20:20:22,30578.6,Suppliers,40018,Card,DEV-04-11,Android,Mumbai,20,4,0,2.15,49,22007.13,12648.79,76,26,4068,0,0,0,0.0,0,
TXN04-04870,4,2026-08-07 20:23:36,28172.59,Suppliers,40004,Card,DEV-04-1,iPhone,Mumbai,20,4,0,3.23,50,22051.25,12647.14,168,1552,4069,0,0,0,0.0,0,
TXN04-04871,4,2026-08-07 20:37:42,21042.09,Hotels,40042,Card,DEV-04-1,iPhone,Mumbai,20,4,0,14.1,51,22099.05,12649.33,26,1553,4070,0,0,0,0.0,0,
TXN04-04872,4,2026-08-07 20:44:11,42215.36,Hotels,40001,UPI,DEV-04-1,iPhone,Mumbai,20,4,0,6.48,52,22037.0,12611.36,434,1554,4071,0,0,0,0.0,0,
TXN04-04873,4,2026-08-07 20:47:03,13702.61,Hotels,40109,Card,DEV-04-1,iPhone,Pune,20,4,0,2.87,53,22086.58,12635.41,5,1555,355,0,0,0,120.15,0,
TXN04-04874,4,2026-08-07 20:56:17,42190.74,Suppliers,40003,Card,DEV-04-2,iPhone,Mumbai,20,4,0,9.23,54,22066.03,12626.72,382,1021,4072,0,0,0,120.15,0,
TXN04-04875,4,2026-08-07 21:35:41,12463.84,Fuel,40188,UPI,DEV-04-3,iPhone,Mumbai,21,4,0,39.4,55,22147.3,12649.26,1,711,4073,0,0,1,0.0,1,ato_new_merchant_same_category_odd_hour
TXN04-04876,4,2026-08-08 02:35:45,31362.77,Overseas Merchant,998965,Card,DEV-04-1,iPhone,Singapore,2,5,1,300.07,1,22123.62,12642.84,1,1556,4,0,0,1,3903.78,1,foreign_merchant
TXN04-04877,4,2026-08-08 08:24:22,31206.78,Hotels,40001,Card,DEV-04-5,iPhone,Mumbai,8,5,1,348.62,2,22217.23,12651.94,435,330,4074,0,0,0,3903.78,0,
TXN04-04878,4,2026-08-08 08:37:37,12868.71,Fuel,40161,Card,DEV-04-3,iPhone,Mumbai,8,5,1,13.25,3,22275.27,12652.39,1,712,4075,0,0,1,0.0,0,
TXN04-04879,4,2026-08-08 09:15:42,22113.81,Suppliers,40119,UPI,DEV-04-1,iPhone,Mumbai,9,5,1,38.08,4,22334.34,12686.02,8,1557,4076,0,0,0,0.0,0,
TXN04-04880,4,2026-08-08 09:24:55,14403.41,Hotels,40010,Card,DEV-04-1,iPhone,Mumbai,9,5,1,9.22,5,22333.8,12670.27,91,1558,4077,0,0,0,0.0,0,
TXN04-04881,4,2026-08-08 09:27:28,22676.43,Office,40031,Card,DEV-04-2,iPhone,Mumbai,9,5,1,2.55,6,22314.17,12660.72,45,1022,4078,0,0,0,0.0,0,
TXN04-04882,4,2026-08-08 09:32:42,50000.0,Suppliers,40052,Card,DEV-04-3,iPhone,Delhi,9,5,1,5.23,7,22246.53,12585.4,27,713,379,0,0,0,1153.24,0,
TXN04-04883,4,2026-08-08 09:41:33,22325.64,Suppliers,40004,UPI,DEV-04-2,iPhone,Pune,9,5,1,8.85,8,22330.88,12656.73,169,1023,356,0,0,0,1179.48,0,
TXN04-04884,4,2026-08-08 09:55:23,20687.46,Hotels,40139,Card,DEV-04-1,iPhone,Mumbai,9,5,1,13.83,9,22273.9,12594.93,7,1559,4079,0,0,0,120.15,0,
TXN04-04885,4,2026-08-08 10:05:24,27284.53,Office,40040,Card,DEV-04-3,iPhone,Mumbai,10,5,1,10.02,10,22247.79,12587.28,34,714,4080,0,0,0,0.0,0,
TXN04-04886,4,2026-08-08 10:07:48,4664.41,Fuel,40002,Card,DEV-04-2,iPhone,Mumbai,10,5,1,2.4,11,22260.25,12574.18,261,1024,4081,0,0,0,0.0,0,
TXN04-04887,4,2026-08-08 10:17:49,6940.01,Hotels,40006,Card,DEV-04-3,iPhone,Mumbai,10,5,1,10.02,12,22216.81,12588.98,189,715,4082,0,0,0,0.0,0,
TXN04-04888,4,2026-08-08 10:47:48,29729.58,Hotels,40001,Card,DEV-04-3,iPhone,Mumbai,10,5,1,29.98,13,22192.84,12625.87,436,716,4083,0,0,0,0.0,0,
TXN04-04889,4,2026-08-08 10:50:24,8092.69,Fuel,40002,UPI,DEV-04-1,iPhone,Mumbai,10,5,1,2.6,14,22211.45,12615.82,262,1560,4084,0,0,0,0.0,0,
TXN04-04890,4,2026-08-08 11:01:02,25129.89,Hotels,40006,UPI,DEV-04-1,iPhone,Mumbai,11,5,1,10.63,15,22260.92,12621.52,190,1561,4085,0,0,0,0.0,0,
TXN04-04891,4,2026-08-08 11:08:28,34772.47,Hotels,40115,Card,DEV-04-1,iPhone,Mumbai,11,5,1,7.43,16,22268.02,12606.7,5,1562,4086,0,0,0,0.0,0,
TXN04-04892,4,2026-08-08 11:12:41,23492.53,Suppliers,40003,Card,DEV-04-13,iPhone,Mumbai,11,5,1,4.22,17,22298.9,12606.41,383,20,4087,0,0,0,0.0,0,
TXN04-04893,4,2026-08-08 11:13:21,48204.21,Fuel,40009,UPI,DEV-04-5,iPhone,Mumbai,11,5,1,0.67,18,22301.84,12591.01,141,331,4088,0,0,0,0.0,0,
TXN04-04894,4,2026-08-08 11:27:31,14652.77,Hotels,40097,UPI,DEV-04-1,iPhone,Mumbai,11,5,1,14.17,19,22391.91,12645.07,2,1563,4089,0,0,0,0.0,0,
TXN04-04895,4,2026-08-08 11:39:29,9501.03,Fuel,40145,Card,DEV-04-2,iPhone,Mumbai,11,5,1,11.97,20,22372.9,12635.33,3,1025,4090,0,0,0,0.0,0,
TXN04-04896,4,2026-08-08 12:17:06,6731.53,Hotels,40029,Bank Transfer,DEV-04-1,iPhone,Mumbai,12,5,1,37.62,21,22339.76,12624.01,52,1564,4091,0,0,0,0.0,0,
TXN04-04897,4,2026-08-08 12:43:21,50000.0,Suppliers,40162,UPI,DEV-04-1,iPhone,Mumbai,12,5,1,26.25,22,22317.15,12658.36,1,1565,4092,0,0,1,0.0,0,
TXN04-04898,4,2026-08-08 13:08:24,18986.44,Hotels,40163,UPI,DEV-04-4,Android,Mumbai,13,5,1,25.05,23,22379.11,12727.53,1,479,4093,0,0,1,0.0,0,
TXN04-04899,4,2026-08-08 13:56:31,34202.37,Suppliers,40003,Card,DEV-04-5,iPhone,Mumbai,13,5,1,48.12,24,22370.67,12712.81,384,332,4094,0,0,0,0.0,0,
TXN04-04900,4,2026-08-08 14:01:50,7467.54,Suppliers,40003,Card,DEV-04-1,iPhone,Mumbai,14,5,1,5.32,25,22412.74,12723.9,385,1566,4095,0,0,0,0.0,0,
TXN04-04901,4,2026-08-08 14:03:27,50000.0,Office,40040,Card,DEV-04-1,iPhone,Mumbai,14,5,1,1.62,26,22375.66,12729.84,35,1567,4096,0,0,0,0.0,0,
TXN04-04902,4,2026-08-08 14:05:30,50000.0,Suppliers,40052,Card,DEV-04-2,iPhone,Mumbai,14,5,1,2.05,27,22444.04,12787.96,28,1026,4097,0,0,0,0.0,0,
TXN04-04903,4,2026-08-08 14:10:46,12448.21,Hotels,40115,Card,DEV-04-2,iPhone,Mumbai,14,5,1,5.27,28,22477.76,12842.51,6,1027,4098,0,0,0,0.0,0,
TXN04-04904,4,2026-08-08 14:27:44,12164.22,Suppliers,40004,Card,DEV-04-1,iPhone,Mumbai,14,5,1,16.97,29,22449.12,12851.94,170,1568,4099,0,0,0,0.0,0,
TXN04-04905,4,2026-08-08 14:27:51,13690.76,Hotels,40042,Card,DEV-04-5,iPhone,Mumbai,14,5,1,0.12,30,22423.72,12846.2,27,333,4100,0,0,0,0.0,0,
TXN04-04906,4,2026-08-08 14:31:14,10869.48,Fuel,40020,Card,DEV-04-3,iPhone,Mumbai,14,5,1,3.38,31,22428.04,12842.98,67,717,4101,0,0,0,0.0,0,
TXN04-04907,4,2026-08-08 14:53:00,8345.52,Fuel,40043,UPI,DEV-04-6,Web,Mumbai,14,5,1,21.77,32,22399.57,12839.94,38,201,4102,0,0,0,0.0,0,
TXN04-04908,4,2026-08-08 14:56:04,14145.11,Hotels,40001,UPI,DEV-04-3,iPhone,Mumbai,14,5,1,3.07,33,22357.9,12858.02,437,718,4103,0,0,0,0.0,0,
TXN04-04909,4,2026-08-08 14:58:13,12984.16,Hotels,40125,UPI,DEV-04-7,iPhone,Mumbai,14,5,1,2.15,34,22337.72,12848.65,2,155,4104,0,0,0,0.0,0,
TXN04-04910,4,2026-08-08 15:08:22,42145.59,Hotels,40010,Card,DEV-04-1,iPhone,Mumbai,15,5,1,10.15,35,22314.8,12841.22,92,1569,4105,0,0,0,0.0,0,
TXN04-04911,4,2026-08-08 15:40:08,29825.08,Fuel,40002,UPI,DEV-04-7,iPhone,Mumbai,15,5,1,31.77,36,22375.46,12876.26,263,156,4106,0,0,0,0.0,0,
TXN04-04912,4,2026-08-08 15:46:14,10389.49,Suppliers,40015,Card,DEV-04-2,iPhone,Mumbai,15,5,1,6.1,37,22393.67,12865.77,84,1028,4107,0,0,0,0.0,0,
TXN04-04913,4,2026-08-08 16:02:45,32112.9,Hotels,40053,UPI,DEV-04-1,iPhone,Mumbai,16,5,1,16.52,38,22364.39,12863.7,20,1570,4108,0,0,0,0.0,0,
TXN04-04914,4,2026-08-08 16:02:58,28958.8,Fuel,40023,Card,DEV-04-5,iPhone,Mumbai,16,5,1,0.22,39,22388.11,12857.02,43,334,4109,0,0,0,0.0,0,
TXN04-04915,4,2026-08-08 16:17:21,42914.51,Hotels,40070,Card,DEV-04-8,Android,Mumbai,16,5,1,14.38,40,22404.06,12845.47,15,131,4110,0,0,0,0.0,0,
TXN04-04916,4,2026-08-08 16:52:28,12481.78,Hotels,40132,Card,DEV-04-5,iPhone,Mumbai,16,5,1,35.12,41,22523.15,12867.43,5,335,4111,0,0,0,0.0,0,
TXN04-04917,4,2026-08-08 17:02:37,26973.45,Hotels,40164,Card,DEV-04-2,iPhone,Mumbai,17,5,1,10.15,42,22528.31,12888.61,1,1029,4112,0,0,1,0.0,0,
TXN04-04918,4,2026-08-08 17:04:54,32281.95,Hotels,40070,Card,DEV-04-2,iPhone,Mumbai,17,5,1,2.28,43,22539.18,12874.72,16,1030,4113,0,0,0,0.0,0,
TXN04-04919,4,2026-08-08 17:12:04,13836.43,Office,40008,UPI,DEV-04-3,iPhone,Mumbai,17,5,1,7.17,44,22562.94,12867.98,127,719,4114,0,0,0,0.0,0,
TXN04-04920,4,2026-08-08 17:29:59,24820.54,Hotels,40042,Card,DEV-04-2,iPhone,Mumbai,17,5,1,17.92,45,22541.71,12859.51,28,1031,4115,0,0,0,0.0,0,
TXN04-04921,4,2026-08-08 17:44:01,21657.83,Office,40005,UPI,DEV-04-1,iPhone,Mumbai,17,5,1,14.03,46,22449.77,12788.81,250,1571,4116,0,0,0,0.0,0,
TXN04-04922,4,2026-08-08 17:48:12,9512.32,Fuel,40021,Card,DEV-04-1,iPhone,Delhi,17,5,1,4.18,47,22447.84,12773.3,58,1572,380,0,0,0,1153.24,0,
TXN04-04923,4,2026-08-08 18:14:25,43912.33,Suppliers,40003,Card,DEV-04-3,iPhone,Pune,18,5,1,26.22,48,22254.49,12659.45,386,720,357,0,0,0,1179.48,0,
TXN04-04924,4,2026-08-08 18:56:50,50000.0,Hotels,40165,UPI,DEV-04-1,iPhone,Mumbai,18,5,1,42.42,49,22343.32,12708.09,1,1573,4117,0,0,1,120.15,0,
TXN04-04925,4,2026-08-08 19:06:58,48759.28,Hotels,40109,Bank Transfer,DEV-04-1,iPhone,Delhi,19,5,1,10.13,50,22403.91,12780.96,6,1574,381,0,0,0,1153.24,0,
TXN04-04926,4,2026-08-08 19:23:43,17701.4,Suppliers,40003,Bank Transfer,DEV-04-2,iPhone,Mumbai,19,5,1,16.75,51,22497.12,12834.71,387,1032,4118,0,0,0,1153.24,0,
TXN04-04927,4,2026-08-08 19:46:28,6271.17,Suppliers,40134,Bank Transfer,DEV-04-2,iPhone,Mumbai,19,5,1,22.75,52,22433.64,12794.47,4,1033,4119,0,0,0,0.0,0,
TXN04-04928,4,2026-08-08 19:53:38,38413.76,Fuel,40002,UPI,DEV-04-5,iPhone,Mumbai,19,5,1,7.17,53,22393.93,12803.77,264,336,4120,0,0,0,0.0,0,
TXN04-04929,4,2026-08-08 19:59:14,38972.16,Suppliers,40105,Card,DEV-04-1,iPhone,Mumbai,19,5,1,5.6,54,22433.19,12812.58,9,1575,4121,0,0,0,0.0,0,
TXN04-04930,4,2026-08-08 20:06:00,20423.36,Hotels,40090,Card,DEV-04-2,iPhone,Mumbai,20,5,1,6.77,55,22473.63,12822.94,8,1034,4122,0,0,0,0.0,0,
TXN04-04931,4,2026-08-08 20:13:49,50000.0,Suppliers,40045,UPI,DEV-04-15,iPhone,Mumbai,20,5,1,7.82,56,22488.31,12817.15,30,5,4123,0,0,0,0.0,0,
TXN04-04932,4,2026-08-09 08:09:49,15465.63,Office,40008,Card,DEV-04-2,iPhone,Mumbai,8,6,1,716.0,1,22503.71,12729.82,128,1035,4124,0,0,0,0.0,0,
TXN04-04933,4,2026-08-09 08:11:38,4896.13,Fuel,40009,Card,DEV-04-3,iPhone,Mumbai,8,6,1,1.82,2,22486.29,12718.87,142,721,4125,0,0,0,0.0,0,
TXN04-04934,4,2026-08-09 08:15:35,26192.35,Hotels,40001,UPI,DEV-04-5,iPhone,Mumbai,8,6,1,3.95,3,22442.86,12733.12,438,337,4126,0,0,0,0.0,0,
TXN04-04935,4,2026-08-09 08:21:06,22581.58,Office,40005,Bank Transfer,DEV-04-1,iPhone,Mumbai,8,6,1,5.52,4,22465.73,12731.51,251,1576,4127,0,0,0,0.0,0,
TXN04-04936,4,2026-08-09 08:56:00,15295.61,Office,40016,Bank Transfer,DEV-04-7,iPhone,Mumbai,8,6,1,34.9,5,22484.94,12713.41,90,157,4128,0,0,0,0.0,0,
TXN04-04937,4,2026-08-09 09:02:23,35634.18,Suppliers,40004,Card,DEV-04-1,iPhone,Mumbai,9,6,1,6.38,6,22498.52,12702.81,171,1577,4129,0,0,0,0.0,0,
TXN04-04938,4,2026-08-09 09:06:21,14555.25,Hotels,40019,UPI,DEV-04-3,iPhone,Mumbai,9,6,1,3.97,7,22571.01,12694.41,68,722,4130,0,0,0,0.0,0,
TXN04-04939,4,2026-08-09 09:07:38,29337.62,Office,40108,Bank Transfer,DEV-04-2,iPhone,Mumbai,9,6,1,1.28,8,22551.12,12684.92,11,1036,4131,0,0,0,0.0,0,
TXN04-04940,4,2026-08-09 09:13:02,7757.57,Office,40092,Card,DEV-04-8,Android,Pune,9,6,1,5.4,9,22565.0,12689.28,14,132,358,0,0,0,120.15,0,
TXN04-04941,4,2026-08-09 09:28:58,9975.15,Fuel,40058,Card,DEV-04-2,iPhone,Mumbai,9,6,1,15.93,10,22470.25,12656.87,14,1037,4132,0,0,0,120.15,0,
TXN04-04942,4,2026-08-09 09:35:30,33185.71,Fuel,40023,Bank Transfer,DEV-04-2,iPhone,Pune,9,6,1,6.53,11,22439.32,12656.44,44,1038,359,0,0,0,120.15,0,
TXN04-04943,4,2026-08-09 09:42:44,3186.71,Fuel,40048,Card,DEV-04-3,iPhone,Mumbai,9,6,1,7.23,12,22373.43,12599.41,17,723,4133,0,0,0,120.15,0,
TXN04-04944,4,2026-08-09 09:49:32,23714.97,Fuel,40009,Card,DEV-04-8,Android,Mumbai,9,6,1,6.8,13,22317.84,12634.47,143,133,4134,0,0,0,0.0,0,
TXN04-04945,4,2026-08-09 10:00:10,32927.41,Suppliers,40003,Card,DEV-04-8,Android,Mumbai,10,6,1,10.63,14,22321.3,12619.01,388,134,4135,0,0,0,0.0,0,
TXN04-04946,4,2026-08-09 10:34:50,27288.14,Suppliers,40018,Bank Transfer,DEV-04-1,iPhone,Mumbai,10,6,1,34.67,15,22383.96,12659.68,77,1578,4136,0,0,0,0.0,0,
TXN04-04947,4,2026-08-09 10:47:21,21966.36,Hotels,40042,Bank Transfer,DEV-04-13,iPhone,Kochi,10,6,1,12.52,16,22482.49,12666.15,29,21,3,0,0,0,1080.19,0,
TXN04-04948,4,2026-08-09 10:50:25,33107.86,Hotels,40097,Card,DEV-04-6,Web,Mumbai,10,6,1,3.07,17,22481.2,12650.29,3,202,4137,0,0,0,1080.19,0,
TXN04-04949,4,2026-08-09 11:14:48,15926.93,Hotels,40007,UPI,DEV-04-3,iPhone,Mumbai,11,6,1,24.38,18,22489.62,12653.33,107,724,4138,0,0,0,0.0,0,
TXN04-04950,4,2026-08-09 11:35:00,3352.37,Suppliers,40038,Card,DEV-04-6,Web,Pune,11,6,1,20.2,19,22468.71,12657.28,32,203,360,0,0,0,120.15,0,
TXN04-04951,4,2026-08-09 11:46:58,6459.92,Suppliers,40078,Bank Transfer,DEV-04-1,iPhone,Pune,11,6,1,11.97,20,22420.8,12677.5,10,1579,361,0,0,0,0.0,0,
TXN04-04952,4,2026-08-09 11:53:18,50000.0,Suppliers,40027,Card,DEV-04-2,iPhone,Mumbai,11,6,1,6.33,21,22406.94,12691.9,45,1039,4139,0,0,0,120.15,0,
TXN04-04953,4,2026-08-09 12:14:00,7420.79,Hotels,40019,UPI,DEV-04-1,iPhone,Mumbai,12,6,1,20.7,22,22535.42,12776.62,69,1580,4140,0,0,0,0.0,0,
TXN04-04954,4,2026-08-09 12:16:24,24113.88,Suppliers,40003,Card,DEV-04-1,iPhone,Mumbai,12,6,1,2.4,23,22497.44,12782.97,389,1581,4141,0,0,0,0.0,0,
TXN04-04955,4,2026-08-09 12:23:43,7067.17,Hotels,40014,Card,DEV-04-2,iPhone,Mumbai,12,6,1,7.32,24,22501.49,12767.2,58,1040,4142,0,0,0,0.0,0,
TXN04-04956,4,2026-08-09 12:31:55,18355.64,Office,40031,Card,DEV-04-3,iPhone,Mumbai,12,6,1,8.2,25,22462.91,12774.5,46,725,4143,0,0,0,0.0,0,
TXN04-04957,4,2026-08-09 12:32:50,42986.98,Hotels,40006,Card,DEV-04-4,Android,Mumbai,12,6,1,0.92,26,22452.67,12760.21,191,480,4144,0,0,0,0.0,0,
TXN04-04958,4,2026-08-09 12:36:51,5404.15,Office,40005,Card,DEV-04-1,iPhone,Mumbai,12,6,1,4.02,27,22524.37,12794.56,252,1582,4145,0,0,0,0.0,0,
TXN04-04959,4,2026-08-09 13:01:36,10632.71,Suppliers,40015,Card,DEV-04-4,Android,Mumbai,13,6,1,24.75,28,22463.69,12817.89,85,481,4146,0,0,0,0.0,0,
TXN04-04960,4,2026-08-09 13:07:34,14329.75,Suppliers,40003,Card,DEV-04-3,iPhone,Mumbai,13,6,1,5.97,29,22435.42,12831.44,390,726,4147,0,0,0,0.0,0,
TXN04-04961,4,2026-08-09 13:15:03,6003.58,Office,40017,Card,DEV-04-50,iPhone,Delhi,13,6,1,7.48,30,22415.26,12821.83,79,1,382,1,0,0,1153.24,0,
TXN04-04962,4,2026-08-09 13:20:34,11040.95,Suppliers,40076,Card,DEV-04-1,iPhone,Mumbai,13,6,1,5.52,31,22374.54,12831.92,9,1583,4148,0,0,0,1153.24,0,
TXN04-04963,4,2026-08-09 13:36:32,11097.89,Hotels,40006,UPI,DEV-04-7,iPhone,Mumbai,13,6,1,15.97,32,22336.84,12803.98,192,158,4149,0,0,0,0.0,0,
TXN04-04964,4,2026-08-09 14:48:04,20264.68,Fuel,40009,Bank Transfer,DEV-04-3,iPhone,Mumbai,14,6,1,71.53,33,22276.95,12800.1,144,727,4150,0,0,0,0.0,0,
TXN04-04965,4,2026-08-09 14:50:11,22851.13,Fuel,40002,Card,DEV-04-1,iPhone,Pune,14,6,1,2.12,34,22271.96,12784.61,265,1584,362,0,0,0,120.15,0,
TXN04-04966,4,2026-08-09 15:02:53,27195.78,Hotels,40013,UPI,DEV-04-3,iPhone,Mumbai,15,6,1,12.7,35,22308.97,12764.62,68,728,4151,0,0,0,120.15,0,
TXN04-04967,4,2026-08-09 15:09:06,31614.53,Office,40005,Card,DEV-04-2,iPhone,Mumbai,15,6,1,6.22,36,22335.58,12742.68,253,1041,4152,0,0,0,0.0,0,
TXN04-04968,4,2026-08-09 15:13:16,17472.92,Hotels,40081,Card,DEV-04-1,iPhone,Mumbai,15,6,1,4.17,37,22358.6,12735.23,8,1585,4153,0,0,0,0.0,0,
TXN04-04969,4,2026-08-09 15:20:02,17680.65,Office,40033,Card,DEV-04-1,iPhone,Mumbai,15,6,1,6.77,38,22346.51,12721.78,34,1586,4154,0,0,0,0.0,0,
TXN04-04970,4,2026-08-09 15:41:06,20833.09,Hotels,40001,UPI,DEV-04-2,iPhone,Mumbai,15,6,1,21.07,39,22399.37,12732.3,439,1042,4155,0,0,0,0.0,0,
TXN04-04971,4,2026-08-09 15:47:23,36490.61,Suppliers,40077,UPI,DEV-04-2,iPhone,Mumbai,15,6,1,6.28,40,22395.48,12716.73,8,1043,4156,0,0,0,0.0,0,
TXN04-04972,4,2026-08-09 15:48:46,19166.92,Hotels,40039,Card,DEV-04-1,iPhone,Mumbai,15,6,1,1.38,41,22430.37,12720.28,22,1587,4157,0,0,0,0.0,0,
TXN04-04973,4,2026-08-09 15:56:52,30508.39,Suppliers,40027,UPI,DEV-04-2,iPhone,Mumbai,15,6,1,8.1,42,22422.32,12705.6,46,1044,4158,0,0,0,0.0,0,
TXN04-04974,4,2026-08-09 16:10:52,17670.32,Hotels,40014,UPI,DEV-04-6,Web,Mumbai,16,6,1,14.0,43,22474.14,12695.67,59,204,4159,0,0,0,0.0,0,
TXN04-04975,4,2026-08-09 16:28:36,33218.1,Suppliers,40003,UPI,DEV-04-5,iPhone,Mumbai,16,6,1,17.73,44,22503.31,12671.0,391,338,4160,0,0,0,0.0,0,
TXN04-04976,4,2026-08-09 16:36:30,49338.52,Suppliers,40003,Card,DEV-04-2,iPhone,Mumbai,16,6,1,7.9,45,22529.7,12666.53,392,1045,4161,0,0,0,0.0,0,
TXN04-04977,4,2026-08-09 16:52:36,17478.23,Suppliers,40011,Card,DEV-04-5,iPhone,Mumbai,16,6,1,16.1,46,22611.84,12731.81,125,339,4162,0,0,0,0.0,0,
TXN04-04978,4,2026-08-09 17:00:09,27190.94,Hotels,40006,UPI,DEV-04-6,Web,Pune,17,6,1,7.55,47,22599.22,12718.7,193,205,363,0,0,0,120.15,0,
TXN04-04979,4,2026-08-09 17:31:36,28680.21,Fuel,40072,UPI,DEV-04-2,iPhone,Mumbai,17,6,1,31.45,48,22684.02,12692.08,10,1046,4163,0,0,0,120.15,0,
TXN04-04980,4,2026-08-09 17:46:03,19775.58,Office,40017,UPI,DEV-04-2,iPhone,Mumbai,17,6,1,14.45,49,22607.81,12658.73,80,1047,4164,0,0,0,0.0,0,
TXN04-04981,4,2026-08-09 18:01:07,46402.41,Fuel,40002,Bank Transfer,DEV-04-1,iPhone,Mumbai,18,6,1,15.07,50,22512.84,12594.81,266,1588,4165,0,0,0,0.0,0,
TXN04-04982,4,2026-08-09 18:01:16,26584.94,Office,40028,Card,DEV-04-1,iPhone,Delhi,18,6,1,0.15,51,22572.12,12635.2,58,1589,383,0,0,0,1153.24,0,
TXN04-04983,4,2026-08-09 18:01:27,17703.42,Hotels,40006,Card,DEV-04-3,iPhone,Mumbai,18,6,1,0.18,52,22582.05,12621.13,194,729,4166,0,0,0,1153.24,0,
TXN04-04984,4,2026-08-09 18:01:32,27496.21,Fuel,40002,UPI,DEV-04-2,iPhone,Mumbai,18,6,1,0.08,53,22570.0,12607.86,267,1048,4167,0,0,0,0.0,0,
TXN04-04985,4,2026-08-09 18:06:39,23068.14,Suppliers,40011,UPI,DEV-04-2,iPhone,Mumbai,18,6,1,5.12,54,22582.3,12610.23,126,1049,4168,0,0,0,0.0,0,
TXN04-04986,4,2026-08-09 18:18:24,47220.06,Hotels,40025,Card,DEV-04-2,iPhone,Mumbai,18,6,1,11.75,55,22538.55,12577.68,45,1050,4169,0,0,0,0.0,0,
TXN04-04987,4,2026-08-09 18:29:57,27173.8,Office,40005,UPI,DEV-04-1,iPhone,Mumbai,18,6,1,11.55,56,22604.07,12643.59,254,1590,4170,0,0,0,0.0,0,
TXN04-04988,4,2026-08-09 18:57:00,35864.18,Hotels,40001,Bank Transfer,DEV-04-5,iPhone,Mumbai,18,6,1,27.05,57,22615.35,12630.0,440,340,4171,0,0,0,0.0,0,
TXN04-04989,4,2026-08-09 19:10:59,3989.98,Suppliers,40003,Card,DEV-04-2,iPhone,Mumbai,19,6,1,13.98,58,22673.47,12636.67,393,1051,4172,0,0,0,0.0,0,
TXN04-04990,4,2026-08-09 19:13:49,48125.72,Suppliers,40011,Bank Transfer,DEV-04-4,Android,Mumbai,19,6,1,2.83,59,22627.46,12655.03,127,482,4173,0,0,0,0.0,0,
TXN04-04991,4,2026-08-09 19:29:17,56196.38,Overseas Merchant,937624,Card,DEV-04-1,iPhone,Singapore,19,6,1,15.47,60,22722.23,12723.42,1,1591,5,0,0,1,3903.78,1,foreign_merchant
TXN04-04992,4,2026-08-09 20:02:00,14979.48,Suppliers,40003,Bank Transfer,DEV-04-7,iPhone,Mumbai,20,6,1,32.72,61,22813.88,12795.98,394,159,4174,0,0,0,3903.78,0,
TXN04-04993,4,2026-08-09 20:03:34,15782.67,Suppliers,40162,Card,DEV-04-1,iPhone,Mumbai,20,6,1,1.57,62,22794.54,12786.09,2,1592,4175,0,0,0,0.0,0,
TXN04-04994,4,2026-08-09 20:08:18,46461.9,Suppliers,40003,Card,DEV-04-5,iPhone,Mumbai,20,6,1,4.73,63,22777.27,12775.06,395,341,4176,0,0,0,0.0,0,
TXN04-04995,4,2026-08-09 20:18:24,9655.54,Hotels,40001,Card,DEV-04-4,Android,Pune,20,6,1,10.1,64,22862.8,12820.04,441,483,364,0,0,0,120.15,0,
TXN04-04996,4,2026-08-09 20:22:03,13714.88,Suppliers,40004,UPI,DEV-04-1,iPhone,Delhi,20,6,1,3.65,65,22830.27,12820.96,172,1593,384,0,0,0,1179.48,0,
TXN04-04997,4,2026-08-09 20:31:34,6998.72,Office,40005,Card,DEV-04-1,iPhone,Mumbai,20,6,1,9.52,66,22868.77,12814.31,255,1594,4177,0,0,0,1153.24,0,
TXN04-04998,4,2026-08-09 20:43:09,50000.0,Hotels,40001,UPI,DEV-04-1,iPhone,Delhi,20,6,1,11.58,67,22871.99,12840.03,442,1595,385,0,0,0,1153.24,0,
TXN04-04999,4,2026-08-09 20:43:57,19230.38,Hotels,40013,Bank Transfer,DEV-04-2,iPhone,Mumbai,20,6,1,0.8,68,22938.97,12894.65,69,1052,4178,0,0,0,1153.24,0,
TXN04-05000,4,2026-08-09 20:52:08,32462.96,Hotels,40006,Card,DEV-04-6,Web,Mumbai,20,6,1,8.18,69,22929.83,12880.07,195,206,4179,0,0,0,0.0,0,
