transaction_id,user_id,timestamp,transaction_amount,merchant_category,merchant_id,payment_method,device_id,device_type,city,hour_of_day,day_of_week,is_weekend,transaction_gap_minutes,daily_transaction_count,average_amount_last_7_days,std_amount_last_7_days,merchant_visit_frequency,device_usage_frequency,location_visit_frequency,new_device,new_location,new_merchant,distance_from_last_transaction_km,label,fraud_type
TXN03-00001,3,2026-05-12 00:15:06,1500.0,Fuel,30001,UPI,DEV-03-1,Android,Chennai,0,1,0,0.0,1,1500.0,0.0,1,1,1,1,1,1,0.0,1,midnight_fuel
TXN03-00002,3,2026-05-12 00:49:00,277.17,Fuel,30001,UPI,DEV-03-1,Android,Chennai,0,1,0,33.9,2,1500.0,0.0,2,2,2,0,0,0,0.0,1,midnight_fuel
TXN03-00003,3,2026-05-12 08:19:26,164.43,Grocery,30006,UPI,DEV-03-1,Android,Chennai,8,1,0,450.43,3,888.59,611.41,1,3,3,0,0,1,0.0,0,
TXN03-00004,3,2026-05-12 08:34:40,422.28,Household,30005,Card,DEV-03-1,Android,Chennai,8,1,0,15.23,4,647.2,604.77,1,4,4,0,0,1,0.0,0,
TXN03-00005,3,2026-05-12 08:37:36,594.97,Grocery,30003,Card,DEV-03-1,Android,Chennai,8,1,0,2.93,5,590.97,532.73,1,5,5,0,0,1,0.0,0,
TXN03-00006,3,2026-05-12 08:40:38,906.45,Grocery,30001,UPI,DEV-03-1,Android,Chennai,8,1,0,3.03,6,591.77,476.49,3,6,6,0,0,0,0.0,0,
TXN03-00007,3,2026-05-12 08:43:57,251.62,Household,30004,UPI,DEV-03-1,Android,Chennai,8,1,0,3.32,7,644.22,450.51,1,7,7,0,0,1,0.0,0,
TXN03-00008,3,2026-05-12 09:17:31,1123.86,Pharmacy,30008,Card,DEV-03-1,Android,Chennai,9,1,0,33.57,8,588.13,439.13,1,8,8,0,0,1,0.0,0,
TXN03-00009,3,2026-05-12 09:21:22,1500.0,Household,30009,UPI,DEV-03-1,Android,Chennai,9,1,0,3.85,9,655.1,447.35,1,9,9,0,0,1,0.0,0,
TXN03-00010,3,2026-05-12 09:29:30,729.97,Pharmacy,30008,UPI,DEV-03-1,Android,Chennai,9,1,0,8.13,10,748.98,498.39,2,10,10,0,0,0,0.0,0,
TXN03-00011,3,2026-05-12 09:31:19,1500.0,Grocery,30007,UPI,DEV-03-1,Android,Chennai,9,1,0,1.82,11,747.08,472.85,1,11,11,0,0,1,0.0,0,
TXN03-00012,3,2026-05-12 09:56:00,1500.0,Household,30004,Card,DEV-03-1,Android,Chennai,9,1,0,24.68,12,815.52,500.11,2,12,12,0,0,0,0.0,0,
TXN03-00013,3,2026-05-12 10:01:27,610.85,Grocery,30001,Card,DEV-03-1,Android,Chennai,10,1,0,5.45,13,872.56,514.84,4,13,13,0,0,0,0.0,0,
TXN03-00014,3,2026-05-12 10:30:02,797.68,Grocery,30002,Card,DEV-03-1,Android,Chennai,10,1,0,28.58,14,852.43,499.53,1,14,14,0,0,1,0.0,0,
TXN03-00015,3,2026-05-12 10:41:36,985.66,Pharmacy,30008,UPI,DEV-03-1,Android,Chennai,10,1,0,11.57,15,848.52,481.57,3,15,15,0,0,0,0.0,0,
TXN03-00016,3,2026-05-12 11:13:33,699.87,Household,30004,UPI,DEV-03-1,Android,Chennai,11,1,0,31.95,16,857.66,466.49,3,16,16,0,0,0,0.0,0,
TXN03-00017,3,2026-05-12 11:19:30,870.4,Pharmacy,30008,Card,DEV-03-1,Android,Chennai,11,1,0,5.95,17,847.8,453.29,4,17,17,0,0,0,0.0,0,
TXN03-00018,3,2026-05-12 11:27:33,1219.69,Grocery,30003,UPI,DEV-03-1,Android,Chennai,11,1,0,8.05,18,849.13,439.79,2,18,18,0,0,0,0.0,0,
TXN03-00019,3,2026-05-12 11:36:04,1327.27,Household,30009,UPI,DEV-03-1,Android,Chennai,11,1,0,8.52,19,869.72,435.75,2,19,19,0,0,0,0.0,0,
TXN03-00020,3,2026-05-12 11:49:27,219.13,Household,30005,UPI,DEV-03-1,Android,Chennai,11,1,0,13.38,20,893.8,436.26,2,20,20,0,0,0,0.0,0,
TXN03-00021,3,2026-05-12 11:50:40,645.74,Grocery,30010,UPI,DEV-03-1,Android,Chennai,11,1,0,1.22,21,860.07,449.92,1,21,21,0,0,1,0.0,0,
TXN03-00022,3,2026-05-12 11:54:24,577.34,Grocery,30002,UPI,DEV-03-1,Android,Chennai,11,1,0,3.73,22,849.86,441.44,2,22,22,0,0,0,0.0,0,
TXN03-00023,3,2026-05-12 12:01:11,1190.28,Household,30004,Card,DEV-03-1,Android,Chennai,12,1,0,6.78,23,837.47,435.01,4,23,23,0,0,0,0.0,0,
TXN03-00024,3,2026-05-12 12:34:56,987.68,Household,30005,UPI,DEV-03-1,Android,Chennai,12,1,0,33.75,24,852.81,431.49,3,24,24,0,0,0,0.0,0,
TXN03-00025,3,2026-05-12 12:37:05,263.21,Grocery,30001,Card,DEV-03-1,Android,Chennai,12,1,0,2.15,25,858.43,423.26,5,25,25,0,0,0,0.0,0,
TXN03-00026,3,2026-05-12 12:43:47,356.64,Pharmacy,30008,UPI,DEV-03-1,Android,Chennai,12,1,0,6.7,26,834.62,430.8,5,26,26,0,0,0,0.0,0,
TXN03-00027,3,2026-05-12 12:44:27,274.39,Pharmacy,30008,UPI,DEV-03-1,Android,Chennai,12,1,0,0.67,27,816.24,432.32,6,27,27,0,0,0,0.0,0,
TXN03-00028,3,2026-05-12 12:45:10,650.75,Household,30004,Card,DEV-03-1,Android,Chennai,12,1,0,0.72,28,796.17,436.41,5,28,28,0,0,0,0.0,0,
TXN03-00029,3,2026-05-12 12:51:49,460.32,Grocery,30001,Card,DEV-03-1,Android,Chennai,12,1,0,6.65,29,790.98,429.39,6,29,29,0,0,0,0.0,0,
TXN03-00030,3,2026-05-12 12:54:25,1167.96,Pharmacy,30008,Card,DEV-03-1,Android,Chennai,12,1,0,2.6,30,779.57,426.21,7,30,30,0,0,0,0.0,0,
TXN03-00031,3,2026-05-12 12:54:56,743.2,Household,30011,UPI,DEV-03-1,Android,Chennai,12,1,0,0.52,31,792.52,424.81,1,31,31,0,0,1,0.0,0,
TXN03-00032,3,2026-05-12 13:00:29,797.06,Household,30004,UPI,DEV-03-1,Android,Chennai,13,1,0,5.55,32,790.93,417.99,6,32,32,0,0,0,0.0,0,
TXN03-00033,3,2026-05-12 13:09:45,618.41,Grocery,30001,Card,DEV-03-1,Android,Chennai,13,1,0,9.27,33,791.12,411.41,7,33,33,0,0,0,0.0,0,
TXN03-00034,3,2026-05-12 13:11:35,966.05,Household,30011,UPI,DEV-03-1,Android,Chennai,13,1,0,1.83,34,785.89,406.21,2,34,34,0,0,0,0.0,0,
TXN03-00035,3,2026-05-12 13:18:13,858.1,Pharmacy,30008,Card,DEV-03-1,Android,Chennai,13,1,0,6.63,35,791.19,401.35,8,35,35,0,0,0,0.0,0,
TXN03-00036,3,2026-05-12 13:41:48,684.9,Grocery,30180,Card,DEV-03-1,Android,Chennai,13,1,0,23.58,36,793.1,395.73,1,36,36,0,0,1,0.0,1,ato_new_merchant_same_category
TXN03-00037,3,2026-05-12 13:45:30,905.85,Household,30004,UPI,DEV-03-1,Android,Chennai,13,1,0,3.7,37,790.09,390.6,7,37,37,0,0,0,0.0,0,
TXN03-00038,3,2026-05-12 14:04:25,435.62,Household,30009,Card,DEV-03-2,Android,Chennai,14,1,0,18.92,38,793.22,385.74,3,1,38,1,0,0,0.0,0,
TXN03-00039,3,2026-05-12 14:24:55,729.06,Household,30005,UPI,DEV-03-2,Android,Chennai,14,1,0,20.5,39,783.81,384.91,4,2,39,0,0,0,0.0,0,
TXN03-00040,3,2026-05-12 15:32:30,1012.81,Grocery,30002,Card,DEV-03-3,Android,Chennai,15,1,0,67.58,40,782.41,380.05,3,1,40,1,0,0,0.0,0,
TXN03-00041,3,2026-05-12 15:45:35,460.27,Grocery,30001,UPI,DEV-03-1,Android,Chennai,15,1,0,13.08,41,788.17,376.98,8,38,41,0,0,0,0.0,0,
TXN03-00042,3,2026-05-12 15:52:54,653.37,Pharmacy,30008,Card,DEV-03-2,Android,Chennai,15,1,0,7.32,42,780.17,375.78,9,3,42,0,0,0,0.0,0,
TXN03-00043,3,2026-05-12 16:12:15,392.27,Household,30012,UPI,DEV-03-1,Android,Chennai,16,1,0,19.35,43,777.15,371.78,1,39,43,0,0,1,0.0,0,
TXN03-00044,3,2026-05-12 16:16:21,1091.78,Household,30077,UPI,DEV-UNK-2496,Android,Chennai,16,1,0,4.1,44,768.2,371.98,1,1,44,1,0,1,0.0,1,ato_new_device_higher_amount
TXN03-00045,3,2026-05-12 16:44:16,1177.01,Pharmacy,30008,Card,DEV-03-1,Android,Chennai,16,1,0,27.92,45,775.55,370.88,10,40,45,0,0,0,0.0,0,
TXN03-00046,3,2026-05-12 17:10:56,430.18,Grocery,30003,UPI,DEV-03-3,Android,Chennai,17,1,0,26.67,46,784.47,371.48,3,2,46,0,0,0,0.0,0,
TXN03-00047,3,2026-05-12 17:13:02,1325.65,Household,30009,UPI,DEV-03-1,Android,Chennai,17,1,0,2.1,47,776.77,371.04,4,41,47,0,0,0,0.0,0,
TXN03-00048,3,2026-05-12 17:14:20,368.58,Household,30009,Card,DEV-03-3,Android,Chennai,17,1,0,1.3,48,788.45,375.51,5,3,48,0,0,0,0.0,0,
TXN03-00049,3,2026-05-12 17:37:52,785.57,Grocery,30002,Card,DEV-03-2,Android,Chennai,17,1,0,23.53,49,779.7,376.39,4,4,49,0,0,0,0.0,0,
TXN03-00050,3,2026-05-12 17:38:35,937.63,Household,30011,Card,DEV-03-2,Android,Chennai,17,1,0,0.72,50,779.82,372.53,3,5,50,0,0,0,0.0,0,
TXN03-00051,3,2026-05-12 17:45:57,965.76,Pharmacy,30008,Card,DEV-03-1,Android,Chennai,17,1,0,7.37,51,782.98,369.45,11,42,51,0,0,0,0.0,0,
TXN03-00052,3,2026-05-12 17:54:39,1068.57,Grocery,30006,Card,DEV-03-3,Android,Chennai,17,1,0,8.7,52,786.56,366.68,2,4,52,0,0,0,0.0,0,
TXN03-00053,3,2026-05-12 18:55:16,412.7,Household,30004,Card,DEV-03-3,Android,Chennai,18,1,0,60.62,53,791.99,365.2,8,5,53,0,0,0,0.0,0,
TXN03-00054,3,2026-05-12 19:20:43,497.3,Grocery,30001,Card,DEV-03-3,Android,Chennai,19,1,0,25.45,54,784.83,365.4,9,6,54,0,0,0,0.0,0,
TXN03-00055,3,2026-05-12 20:45:10,374.64,Pharmacy,30023,UPI,DEV-03-2,Android,Chennai,20,1,0,84.45,55,779.51,364.07,1,6,55,0,0,1,0.0,1,ato_odd_hour
TXN03-00056,3,2026-05-13 08:01:30,590.58,Household,30009,UPI,DEV-03-2,Android,Chennai,8,2,0,676.33,1,772.14,364.78,6,7,56,0,0,0,0.0,0,
TXN03-00057,3,2026-05-13 08:05:15,1221.58,Pharmacy,30008,Card,DEV-03-2,Android,Chennai,8,2,0,3.75,2,768.9,362.31,12,8,57,0,0,0,0.0,0,
TXN03-00058,3,2026-05-13 08:11:46,778.24,Household,30005,Card,DEV-03-1,Android,Chennai,8,2,0,6.52,3,776.84,364.0,5,43,58,0,0,0,0.0,0,
TXN03-00059,3,2026-05-13 08:15:19,970.46,Household,30013,Card,DEV-03-3,Android,Chennai,8,2,0,3.55,4,776.87,360.85,1,7,59,0,0,1,0.0,0,
TXN03-00060,3,2026-05-13 08:30:45,532.2,Grocery,30001,UPI,DEV-03-3,Android,Chennai,8,2,0,15.43,5,780.15,358.65,10,8,60,0,0,0,0.0,0,
TXN03-00061,3,2026-05-13 08:32:05,1308.61,Grocery,30001,Card,DEV-03-2,Android,Chennai,8,2,0,1.33,6,776.02,357.06,11,9,61,0,0,0,0.0,0,
TXN03-00062,3,2026-05-13 08:57:19,1500.0,Pharmacy,30008,Card,DEV-03-2,Android,Bangalore,8,2,0,25.23,7,784.75,360.52,13,10,1,0,1,0,290.17,0,
TXN03-00063,3,2026-05-13 09:04:16,1167.1,Grocery,30002,Card,DEV-03-1,Android,Chennai,9,2,0,6.95,8,796.28,368.78,5,44,62,0,0,0,290.17,0,
TXN03-00064,3,2026-05-13 09:12:14,653.66,Grocery,30006,UPI,DEV-03-1,Android,Chennai,9,2,0,7.97,9,802.17,368.77,3,45,63,0,0,0,0.0,0,
TXN03-00065,3,2026-05-13 09:14:38,1442.79,Grocery,30001,Card,DEV-03-1,Android,Chennai,9,2,0,2.4,10,799.85,366.34,12,46,64,0,0,0,0.0,0,
TXN03-00066,3,2026-05-13 09:21:19,404.25,Grocery,30002,Card,DEV-03-1,Android,Chennai,9,2,0,6.68,11,809.74,372.02,6,47,65,0,0,0,0.0,0,
TXN03-00067,3,2026-05-13 09:29:10,1370.97,Pharmacy,30008,UPI,DEV-03-1,Android,Chennai,9,2,0,7.85,12,803.6,372.5,14,48,66,0,0,0,0.0,0,
TXN03-00068,3,2026-05-13 09:38:59,1169.48,Pharmacy,30008,Card,DEV-03-3,Android,Chennai,9,2,0,9.82,13,812.07,376.06,15,9,67,0,0,0,0.0,0,
TXN03-00069,3,2026-05-13 09:40:58,578.19,Grocery,30001,Card,DEV-03-4,Web,Chennai,9,2,0,1.98,14,817.32,375.75,13,1,68,1,0,0,0.0,0,
TXN03-00070,3,2026-05-13 09:42:41,956.44,Pharmacy,30008,Card,DEV-03-3,Android,Chennai,9,2,0,1.72,15,813.86,374.11,16,10,69,0,0,0,0.0,0,
TXN03-00071,3,2026-05-13 09:43:55,1074.99,Grocery,30014,Card,DEV-03-2,Android,Chennai,9,2,0,1.23,16,815.89,371.82,1,11,70,0,0,1,0.0,0,
TXN03-00072,3,2026-05-13 10:32:49,341.06,Household,30013,Card,DEV-03-3,Android,Chennai,10,2,0,48.9,17,819.54,370.45,2,11,71,0,0,0,0.0,0,
TXN03-00073,3,2026-05-13 10:34:06,293.54,Pharmacy,30008,UPI,DEV-03-3,Android,Chennai,10,2,0,1.28,18,812.9,372.1,17,12,72,0,0,0,0.0,0,
TXN03-00074,3,2026-05-13 10:40:48,610.5,Pharmacy,30008,Card,DEV-03-4,Web,Chennai,10,2,0,6.7,19,805.78,374.44,18,2,73,0,0,0,0.0,0,
TXN03-00075,3,2026-05-13 10:48:01,562.84,Grocery,30001,Card,DEV-03-4,Web,Chennai,10,2,0,7.22,20,803.14,372.59,14,3,74,0,0,0,0.0,0,
TXN03-00076,3,2026-05-13 10:48:10,1203.01,Grocery,30002,UPI,DEV-03-2,Android,Chennai,10,2,0,0.15,21,799.94,371.12,7,12,75,0,0,0,0.0,0,
TXN03-00077,3,2026-05-13 10:48:12,643.14,Pharmacy,30008,UPI,DEV-03-3,Android,Chennai,10,2,0,0.03,22,805.24,371.52,19,13,76,0,0,0,0.0,0,
TXN03-00078,3,2026-05-13 10:58:20,355.81,Grocery,30002,Card,DEV-03-1,Android,Chennai,10,2,0,10.13,23,803.14,369.56,8,49,77,0,0,0,0.0,0,
TXN03-00079,3,2026-05-13 11:08:22,1500.0,Pharmacy,30008,Card,DEV-03-3,Android,Chennai,11,2,0,10.03,24,797.4,370.61,20,14,78,0,0,0,0.0,0,
TXN03-00080,3,2026-05-13 11:33:02,270.64,Pharmacy,30008,UPI,DEV-03-1,Android,Chennai,11,2,0,24.67,25,806.3,376.54,21,50,79,0,0,0,0.0,0,
TXN03-00081,3,2026-05-13 12:09:13,318.54,Pharmacy,30008,Card,DEV-03-2,Android,Chennai,12,2,0,36.18,26,799.6,378.89,22,13,80,0,0,0,0.0,0,
TXN03-00082,3,2026-05-13 12:24:37,586.84,Pharmacy,30008,UPI,DEV-03-1,Android,Chennai,12,2,0,15.4,27,793.66,380.27,23,51,81,0,0,0,0.0,0,
TXN03-00083,3,2026-05-13 12:30:13,134.81,Pharmacy,30008,UPI,DEV-03-4,Web,Chennai,12,2,0,5.6,28,791.14,378.62,24,4,82,0,0,0,0.0,0,
TXN03-00084,3,2026-05-13 12:32:07,624.17,Grocery,30001,Card,DEV-03-1,Android,Chennai,12,2,0,1.9,29,783.23,383.09,15,52,83,0,0,0,0.0,0,
TXN03-00085,3,2026-05-13 12:42:37,413.67,Grocery,30003,Card,DEV-03-1,Android,Chennai,12,2,0,10.5,30,781.34,381.19,4,53,84,0,0,0,0.0,0,
TXN03-00086,3,2026-05-13 13:16:00,769.6,Household,30012,UPI,DEV-03-3,Android,Chennai,13,2,0,33.38,31,777.01,381.01,2,15,85,0,0,0,0.0,0,
TXN03-00087,3,2026-05-13 13:19:33,660.62,Household,30004,UPI,DEV-03-3,Android,Chennai,13,2,0,3.55,32,776.93,378.79,9,16,86,0,0,0,0.0,0,
TXN03-00088,3,2026-05-13 13:31:55,921.01,Household,30013,Card,DEV-03-3,Android,Chennai,13,2,0,12.37,33,775.59,376.81,3,17,87,0,0,0,0.0,0,
TXN03-00089,3,2026-05-13 13:49:40,1070.27,Pharmacy,30008,Card,DEV-03-2,Android,Chennai,13,2,0,17.75,34,777.24,374.98,25,14,88,0,0,0,0.0,0,
TXN03-00090,3,2026-05-13 13:54:17,1065.25,Grocery,30015,Card,DEV-03-3,Android,Chennai,13,2,0,4.62,35,780.53,374.14,1,18,89,0,0,1,0.0,0,
TXN03-00091,3,2026-05-13 14:22:26,1500.0,Grocery,30002,UPI,DEV-03-1,Android,Chennai,14,2,0,28.15,36,783.7,373.26,9,54,90,0,0,0,0.0,0,
TXN03-00092,3,2026-05-13 14:45:55,661.22,Grocery,30001,Card,DEV-03-4,Web,Chennai,14,2,0,23.48,37,791.57,378.64,16,5,91,0,0,0,0.0,0,
TXN03-00093,3,2026-05-13 14:50:21,418.78,Grocery,30002,Card,DEV-03-1,Android,Chennai,14,2,0,4.43,38,790.15,376.81,10,55,92,0,0,0,0.0,0,
TXN03-00094,3,2026-05-13 14:54:38,237.43,Grocery,30001,UPI,DEV-03-1,Android,Chennai,14,2,0,4.28,39,786.16,376.74,17,56,93,0,0,0,0.0,0,
TXN03-00095,3,2026-05-13 14:55:41,401.84,Pharmacy,30008,UPI,DEV-03-2,Android,Chennai,14,2,0,1.05,40,780.32,378.93,26,15,94,0,0,0,0.0,0,
TXN03-00096,3,2026-05-13 15:00:08,247.91,Household,30011,UPI,DEV-03-1,Android,Chennai,15,2,0,4.45,41,776.34,378.91,4,57,95,0,0,0,0.0,0,
TXN03-00097,3,2026-05-13 15:20:15,1500.0,Grocery,30002,UPI,DEV-03-1,Android,Chennai,15,2,0,20.12,42,770.83,380.73,11,58,96,0,0,0,0.0,0,
TXN03-00098,3,2026-05-13 15:26:21,297.1,Pharmacy,30008,Card,DEV-03-3,Android,Chennai,15,2,0,6.1,43,778.35,385.85,27,19,97,0,0,0,0.0,0,
TXN03-00099,3,2026-05-13 15:32:50,956.77,Grocery,30001,Card,DEV-03-2,Android,Chennai,15,2,0,6.48,44,773.44,386.91,18,16,98,0,0,0,0.0,0,
TXN03-00100,3,2026-05-13 15:49:42,714.12,Pharmacy,30008,Card,DEV-03-1,Android,Chennai,15,2,0,16.87,45,775.29,385.39,28,59,99,0,0,0,0.0,0,
TXN03-00101,3,2026-05-13 15:56:17,369.38,Grocery,30001,UPI,DEV-03-1,Android,Chennai,15,2,0,6.58,46,774.68,383.51,19,60,100,0,0,0,0.0,0,
TXN03-00102,3,2026-05-13 15:59:12,1122.4,Household,30016,Card,DEV-03-2,Android,Chennai,15,2,0,2.92,47,770.67,383.71,1,17,101,0,0,1,0.0,0,
TXN03-00103,3,2026-05-13 16:13:16,323.82,Grocery,30003,UPI,DEV-03-3,Android,Chennai,16,2,0,14.07,48,774.12,383.39,5,20,102,0,0,0,0.0,0,
TXN03-00104,3,2026-05-13 16:31:25,1022.25,Pharmacy,30008,UPI,DEV-03-2,Android,Chennai,16,2,0,18.15,49,769.74,384.07,29,18,103,0,0,0,0.0,0,
TXN03-00105,3,2026-05-13 16:34:31,431.85,Grocery,30002,UPI,DEV-03-4,Web,Chennai,16,2,0,3.1,50,772.17,383.02,12,6,104,0,0,0,0.0,0,
TXN03-00106,3,2026-05-13 16:46:39,1101.58,Grocery,30014,UPI,DEV-03-1,Android,Chennai,16,2,0,12.13,51,768.93,382.62,2,61,105,0,0,0,0.0,0,
TXN03-00107,3,2026-05-13 16:58:42,1490.6,Pharmacy,30008,Card,DEV-03-3,Android,Chennai,16,2,0,12.05,52,772.07,382.16,30,21,106,0,0,0,0.0,0,
TXN03-00108,3,2026-05-13 17:03:17,1148.1,Grocery,30001,Card,DEV-03-1,Android,Chennai,17,2,0,4.58,53,778.78,386.61,20,62,107,0,0,0,0.0,0,
TXN03-00109,3,2026-05-13 17:08:44,379.5,Grocery,30002,UPI,DEV-03-2,Android,Chennai,17,2,0,5.45,54,782.2,386.43,13,19,108,0,0,0,0.0,0,
TXN03-00110,3,2026-05-13 17:16:29,1005.93,Household,30011,Card,DEV-03-2,Android,Chennai,17,2,0,7.75,55,778.51,386.57,5,20,109,0,0,0,0.0,0,
TXN03-00111,3,2026-05-13 17:21:49,941.68,Grocery,30001,Card,DEV-03-1,Android,Chennai,17,2,0,5.33,56,780.58,385.41,21,63,110,0,0,0,0.0,0,
TXN03-00112,3,2026-05-13 17:34:28,1144.68,Grocery,30006,UPI,DEV-03-1,Android,Chennai,17,2,0,12.65,57,782.03,383.98,4,64,111,0,0,0,0.0,0,
TXN03-00113,3,2026-05-13 17:59:25,1500.0,Pharmacy,30008,Card,DEV-03-1,Android,Chennai,17,2,0,24.95,58,785.27,383.78,31,65,112,0,0,0,0.0,0,
TXN03-00114,3,2026-05-13 18:01:40,1500.0,Pharmacy,30008,Card,DEV-03-1,Android,Chennai,18,2,0,2.25,59,791.59,387.89,32,66,113,0,0,0,0.0,0,
TXN03-00115,3,2026-05-13 18:16:28,644.94,Household,30012,UPI,DEV-03-2,Android,Chennai,18,2,0,14.8,60,797.8,391.8,3,21,114,0,0,0,0.0,0,
TXN03-00116,3,2026-05-13 18:20:34,763.02,Household,30005,UPI,DEV-03-1,Android,Chennai,18,2,0,4.1,61,796.48,390.35,6,67,115,0,0,0,0.0,0,
TXN03-00117,3,2026-05-13 18:22:36,1500.0,Grocery,30001,Card,DEV-03-4,Web,Chennai,18,2,0,2.03,62,796.19,388.67,22,7,116,0,0,0,0.0,0,
TXN03-00118,3,2026-05-13 18:31:45,1500.0,Grocery,30010,UPI,DEV-03-5,iPhone,Chennai,18,2,0,9.15,63,802.2,392.4,2,1,117,1,0,0,0.0,0,
TXN03-00119,3,2026-05-13 18:32:46,943.46,Household,30005,Card,DEV-03-4,Web,Chennai,18,2,0,1.02,64,808.12,395.93,7,8,118,0,0,0,0.0,0,
TXN03-00120,3,2026-05-13 18:34:30,768.62,Household,30005,UPI,DEV-03-2,Android,Chennai,18,2,0,1.73,65,809.25,394.46,8,22,119,0,0,0,0.0,0,
TXN03-00121,3,2026-05-13 18:40:04,715.83,Grocery,30001,Card,DEV-03-1,Android,Ahmedabad,18,2,0,5.57,66,808.91,392.83,23,68,1,0,1,0,1371.81,0,
TXN03-00122,3,2026-05-13 18:49:35,1500.0,Household,30005,Card,DEV-03-2,Android,Chennai,18,2,0,9.52,67,808.15,391.29,9,23,120,0,0,0,1371.81,0,
TXN03-00123,3,2026-05-13 18:50:29,520.99,Grocery,30002,UPI,DEV-03-2,Android,Chennai,18,2,0,0.9,68,813.82,394.65,14,24,121,0,0,0,0.0,0,
TXN03-00124,3,2026-05-13 19:00:33,409.39,Household,30009,Card,DEV-03-1,Android,Chennai,19,2,0,10.07,69,811.44,393.92,7,69,122,0,0,0,0.0,0,
TXN03-00125,3,2026-05-13 19:03:49,240.05,Pharmacy,30008,UPI,DEV-03-2,Android,Chennai,19,2,0,3.27,70,808.19,393.97,33,25,123,0,0,0,0.0,0,
TXN03-00126,3,2026-05-13 19:07:41,673.48,Household,30005,UPI,DEV-03-2,Android,Chennai,19,2,0,3.87,71,803.65,395.64,10,26,124,0,0,0,0.0,0,
TXN03-00127,3,2026-05-13 19:24:53,527.84,Pharmacy,30008,Card,DEV-03-4,Web,Chennai,19,2,0,17.2,72,802.62,394.24,34,9,125,0,0,0,0.0,0,
TXN03-00128,3,2026-05-13 19:30:46,131.4,Pharmacy,30008,UPI,DEV-03-5,iPhone,Chennai,19,2,0,5.88,73,800.45,393.43,35,2,126,0,0,0,0.0,0,
TXN03-00129,3,2026-05-13 21:53:46,638.72,Household,30012,UPI,DEV-03-6,Web,Chennai,21,2,0,143.0,74,795.22,396.29,4,1,127,1,0,0,0.0,1,ato_odd_hour_higher_amount
TXN03-00130,3,2026-05-14 08:05:00,390.69,Household,30012,UPI,DEV-03-5,iPhone,Chennai,8,3,0,611.23,1,794.01,394.99,5,3,128,0,0,0,0.0,0,
TXN03-00131,3,2026-05-14 08:59:26,555.76,Grocery,30003,Card,DEV-03-3,Android,Bangalore,8,3,0,54.43,2,790.91,395.05,6,22,2,0,0,0,290.17,0,
TXN03-00132,3,2026-05-14 09:41:27,1500.0,Household,30016,UPI,DEV-03-1,Android,Chennai,9,3,0,42.02,3,789.11,394.07,2,70,129,0,0,0,290.17,0,
TXN03-00133,3,2026-05-14 09:42:44,1190.96,Household,30004,UPI,DEV-03-2,Android,Chennai,9,3,0,1.28,4,794.5,397.38,10,27,130,0,0,0,0.0,0,
TXN03-00134,3,2026-05-14 09:43:16,744.52,Grocery,30010,Card,DEV-03-1,Android,Chennai,9,3,0,0.53,5,797.48,397.36,3,71,131,0,0,0,0.0,0,
TXN03-00135,3,2026-05-14 10:51:44,679.35,Grocery,30003,UPI,DEV-03-3,Android,Chennai,10,3,0,68.47,6,797.09,395.91,7,23,132,0,0,0,0.0,0,
TXN03-00136,3,2026-05-14 10:58:06,646.52,Household,30009,UPI,DEV-03-5,iPhone,Chennai,10,3,0,6.37,7,796.21,394.57,8,4,133,0,0,0,0.0,0,
TXN03-00137,3,2026-05-14 11:19:46,255.54,Household,30009,Card,DEV-03-3,Android,Chennai,11,3,0,21.67,8,795.11,393.32,9,24,134,0,0,0,0.0,0,
TXN03-00138,3,2026-05-14 11:20:46,1024.32,Grocery,30001,Card,DEV-03-2,Android,Chennai,11,3,0,1.0,9,791.17,394.56,24,28,135,0,0,0,0.0,0,
TXN03-00139,3,2026-05-14 11:52:33,397.56,Household,30005,Card,DEV-03-3,Android,Chennai,11,3,0,31.78,10,792.86,393.63,11,25,136,0,0,0,0.0,0,
TXN03-00140,3,2026-05-14 11:54:55,501.84,Household,30004,Card,DEV-03-1,Android,Chennai,11,3,0,2.37,11,790.02,393.63,11,72,137,0,0,0,0.0,0,
TXN03-00141,3,2026-05-14 11:55:36,299.59,Grocery,30014,UPI,DEV-03-1,Android,Chennai,11,3,0,0.68,12,787.96,392.97,3,73,138,0,0,0,0.0,0,
TXN03-00142,3,2026-05-14 12:13:42,178.48,Grocery,30003,UPI,DEV-03-1,Android,Chennai,12,3,0,18.1,13,784.5,393.72,8,74,139,0,0,0,0.0,0,
TXN03-00143,3,2026-05-14 12:49:12,333.58,Pharmacy,30008,Card,DEV-03-1,Android,Chennai,12,3,0,35.5,14,780.23,395.59,36,75,140,0,0,0,0.0,0,
TXN03-00144,3,2026-05-14 13:01:38,990.38,Pharmacy,30008,UPI,DEV-03-2,Android,Chennai,13,3,0,12.43,15,777.11,395.95,37,29,141,0,0,0,0.0,0,
TXN03-00145,3,2026-05-14 13:02:13,646.6,Pharmacy,30008,Card,DEV-03-1,Android,Chennai,13,3,0,0.58,16,778.59,394.97,38,76,142,0,0,0,0.0,0,
TXN03-00146,3,2026-05-14 13:19:42,1012.92,Grocery,30007,Card,DEV-03-4,Web,Chennai,13,3,0,17.48,17,777.68,393.76,2,10,143,0,0,0,0.0,0,
TXN03-00147,3,2026-05-14 13:27:49,620.13,Pharmacy,30008,Card,DEV-03-4,Web,Chennai,13,3,0,8.12,18,779.29,392.89,39,11,144,0,0,0,0.0,0,
TXN03-00148,3,2026-05-14 13:35:09,487.07,Grocery,30001,Card,DEV-03-3,Android,Chennai,13,3,0,7.33,19,778.21,391.77,25,26,145,0,0,0,0.0,0,
TXN03-00149,3,2026-05-14 13:39:38,438.26,Grocery,30001,UPI,DEV-03-2,Android,Chennai,13,3,0,4.48,20,776.24,391.17,26,30,146,0,0,0,0.0,0,
TXN03-00150,3,2026-05-14 13:43:05,489.04,Grocery,30001,UPI,DEV-03-1,Android,Chennai,13,3,0,3.45,21,773.97,390.83,27,77,147,0,0,0,0.0,0,
TXN03-00151,3,2026-05-14 13:44:37,528.76,Pharmacy,30008,Card,DEV-03-4,Web,Chennai,13,3,0,1.53,22,772.07,390.22,40,12,148,0,0,0,0.0,0,
TXN03-00152,3,2026-05-14 15:12:14,484.71,Grocery,30001,Card,DEV-03-1,Android,Chennai,15,3,0,87.62,23,770.46,389.42,28,78,149,0,0,0,0.0,0,
TXN03-00153,3,2026-05-14 15:14:45,1011.72,Pharmacy,30008,UPI,DEV-03-3,Android,Chennai,15,3,0,2.52,24,768.58,388.83,41,27,150,0,0,0,0.0,0,
TXN03-00154,3,2026-05-14 15:15:46,663.9,Pharmacy,30008,Card,DEV-03-1,Android,Chennai,15,3,0,1.02,25,770.17,388.05,42,79,151,0,0,0,0.0,0,
TXN03-00155,3,2026-05-14 15:31:03,409.98,Household,30017,Card,DEV-03-4,Web,Chennai,15,3,0,15.28,26,769.48,386.88,1,13,152,0,0,1,0.0,0,
TXN03-00156,3,2026-05-14 15:33:59,940.84,Pharmacy,30008,Card,DEV-03-2,Android,Chennai,15,3,0,2.93,27,767.16,386.7,43,31,153,0,0,0,0.0,0,
TXN03-00157,3,2026-05-14 16:32:54,1500.0,Household,30017,UPI,DEV-03-2,Android,Chennai,16,3,0,58.92,28,768.27,385.71,2,32,154,0,0,0,0.0,0,
TXN03-00158,3,2026-05-14 16:35:27,1204.55,Grocery,30001,Card,DEV-03-1,Android,Chennai,16,3,0,2.55,29,772.93,388.86,29,80,155,0,0,0,0.0,0,
TXN03-00159,3,2026-05-14 17:00:25,518.0,Pharmacy,30008,Card,DEV-03-2,Android,Chennai,17,3,0,24.97,30,775.66,389.14,44,33,156,0,0,0,0.0,0,
TXN03-00160,3,2026-05-14 17:08:14,889.33,Pharmacy,30008,Card,DEV-03-2,Android,Chennai,17,3,0,7.82,31,774.04,388.45,45,34,157,0,0,0,0.0,0,
TXN03-00161,3,2026-05-14 17:09:08,716.4,Grocery,30002,UPI,DEV-03-4,Web,Chennai,17,3,0,0.9,32,774.76,387.34,15,14,158,0,0,0,0.0,0,
TXN03-00162,3,2026-05-14 17:41:05,970.52,Pharmacy,30008,UPI,DEV-03-2,Android,Chennai,17,3,0,31.95,33,774.4,386.16,46,35,159,0,0,0,0.0,0,
TXN03-00163,3,2026-05-14 17:54:42,1105.47,Pharmacy,30008,UPI,DEV-03-1,Android,Chennai,17,3,0,13.62,34,775.61,385.27,47,81,160,0,0,0,0.0,0,
TXN03-00164,3,2026-05-14 18:09:08,274.22,Household,30009,Card,DEV-03-1,Android,Chennai,18,3,0,14.43,35,777.64,384.95,10,82,161,0,0,0,0.0,0,
TXN03-00165,3,2026-05-14 18:25:32,626.74,Pharmacy,30008,Card,DEV-03-2,Android,Chennai,18,3,0,16.4,36,774.57,385.77,48,36,162,0,0,0,0.0,0,
TXN03-00166,3,2026-05-14 18:39:32,1029.75,Grocery,30002,UPI,DEV-03-1,Android,Chennai,18,3,0,14.0,37,773.67,384.77,16,83,163,0,0,0,0.0,0,
TXN03-00167,3,2026-05-14 18:42:25,503.59,Grocery,30007,UPI,DEV-03-3,Android,Chennai,18,3,0,2.88,38,775.21,384.12,3,28,164,0,0,0,0.0,0,
TXN03-00168,3,2026-05-14 18:54:42,629.72,Grocery,30018,UPI,DEV-03-1,Android,Chennai,18,3,0,12.28,39,773.59,383.54,1,84,165,0,0,1,0.0,0,
TXN03-00169,3,2026-05-14 19:08:53,1358.24,Household,30004,UPI,DEV-03-1,Android,Chennai,19,3,0,14.18,40,772.73,382.56,12,85,166,0,0,0,0.0,0,
TXN03-00170,3,2026-05-14 19:11:23,738.71,Grocery,30001,Card,DEV-03-1,Android,Chennai,19,3,0,2.5,41,776.2,384.06,30,86,167,0,0,0,0.0,0,
TXN03-00171,3,2026-05-14 19:24:40,1500.0,Grocery,30002,UPI,DEV-03-5,iPhone,Chennai,19,3,0,13.28,42,775.98,382.94,17,5,168,0,0,0,0.0,0,
TXN03-00172,3,2026-05-14 19:32:27,351.72,Pharmacy,30008,Card,DEV-03-4,Web,Chennai,19,3,0,7.78,43,780.21,385.79,49,15,169,0,0,0,0.0,0,
TXN03-00173,3,2026-05-14 19:58:37,1500.0,Grocery,30003,Card,DEV-03-1,Android,Chennai,19,3,0,26.17,44,777.72,386.04,9,87,170,0,0,0,0.0,0,
TXN03-00174,3,2026-05-15 00:23:38,903.48,Fuel,30001,UPI,DEV-03-1,Android,Chennai,0,4,0,265.02,1,781.89,388.8,31,88,171,0,0,0,0.0,1,midnight_fuel
TXN03-00175,3,2026-05-15 08:07:17,278.31,Grocery,30007,UPI,DEV-03-1,Android,Chennai,8,4,0,463.65,2,782.59,387.79,4,89,172,0,0,0,0.0,0,
TXN03-00176,3,2026-05-15 09:06:04,753.11,Pharmacy,30008,Card,DEV-03-1,Android,Chennai,9,4,0,58.78,3,779.71,388.55,50,90,173,0,0,0,0.0,0,
TXN03-00177,3,2026-05-15 09:26:56,902.27,Grocery,30001,UPI,DEV-03-1,Android,Chennai,9,4,0,20.87,4,779.56,387.45,32,91,174,0,0,0,0.0,0,
TXN03-00178,3,2026-05-15 09:51:22,1104.97,Pharmacy,30008,Card,DEV-03-1,Android,Kolkata,9,4,0,24.43,5,780.25,386.46,51,92,1,0,1,0,1358.36,0,
TXN03-00179,3,2026-05-15 10:06:55,637.64,Grocery,30014,UPI,DEV-03-2,Android,Chennai,10,4,0,15.55,6,782.08,386.14,4,37,175,0,0,0,1358.36,0,
TXN03-00180,3,2026-05-15 10:12:31,659.48,Pharmacy,30008,UPI,DEV-03-1,Android,Chennai,10,4,0,5.6,7,781.27,385.21,52,93,176,0,0,0,0.0,0,
TXN03-00181,3,2026-05-15 10:18:36,526.2,Grocery,30006,Card,DEV-03-2,Android,Chennai,10,4,0,6.08,8,780.59,384.24,5,38,177,0,0,0,0.0,0,
TXN03-00182,3,2026-05-15 10:58:50,1092.05,Grocery,30001,UPI,DEV-03-2,Android,Chennai,10,4,0,40.23,9,779.19,383.64,33,39,178,0,0,0,0.0,0,
TXN03-00183,3,2026-05-15 10:59:36,1037.02,Grocery,30002,UPI,DEV-03-2,Android,Chennai,10,4,0,0.77,10,780.91,383.28,18,40,179,0,0,0,0.0,0,
TXN03-00184,3,2026-05-15 11:06:56,201.56,Pharmacy,30008,UPI,DEV-03-4,Web,Chennai,11,4,0,7.33,11,782.31,382.7,53,16,180,0,0,0,0.0,0,
TXN03-00185,3,2026-05-15 11:33:01,1500.0,Household,30004,UPI,DEV-03-4,Web,Chennai,11,4,0,26.08,12,779.15,384.04,13,17,181,0,0,0,0.0,0,
TXN03-00186,3,2026-05-15 11:50:21,497.83,Household,30011,UPI,DEV-03-2,Android,Chennai,11,4,0,17.33,13,783.05,386.63,6,41,182,0,0,0,0.0,0,
TXN03-00187,3,2026-05-15 13:02:37,162.31,Household,30004,Card,DEV-03-3,Android,Chennai,13,4,0,72.27,14,781.51,386.16,14,29,183,0,0,0,0.0,0,
TXN03-00188,3,2026-05-15 13:05:47,383.83,Pharmacy,30008,UPI,DEV-03-1,Android,Chennai,13,4,0,3.17,15,778.2,387.76,54,94,184,0,0,0,0.0,0,
TXN03-00189,3,2026-05-15 13:09:39,580.96,Household,30004,UPI,DEV-03-5,iPhone,Chennai,13,4,0,3.87,16,776.1,387.79,15,6,185,0,0,0,0.0,0,
TXN03-00190,3,2026-05-15 13:34:19,456.89,Household,30013,UPI,DEV-03-1,Android,Chennai,13,4,0,24.67,17,775.07,387.02,4,95,186,0,0,0,0.0,0,
TXN03-00191,3,2026-05-15 13:40:17,622.51,Grocery,30018,UPI,DEV-03-1,Android,Chennai,13,4,0,5.97,18,773.4,386.69,2,96,187,0,0,0,0.0,0,
TXN03-00192,3,2026-05-15 13:49:42,1498.93,Pharmacy,30008,UPI,DEV-03-1,Android,Chennai,13,4,0,9.42,19,772.61,385.83,55,97,188,0,0,0,0.0,0,
TXN03-00193,3,2026-05-15 13:52:06,750.0,Gaming Subscription,30001,UPI,DEV-03-1,Android,Chennai,13,4,0,2.4,20,776.39,388.36,34,98,189,0,0,0,0.0,1,gaming_subscription
TXN03-00194,3,2026-05-15 13:52:32,1131.64,Household,30013,UPI,DEV-03-4,Web,Chennai,13,4,0,0.43,21,776.25,387.35,5,18,190,0,0,0,0.0,0,
TXN03-00195,3,2026-05-15 14:00:30,899.89,Household,30004,UPI,DEV-03-4,Web,Chennai,14,4,0,7.97,22,778.08,387.19,16,19,191,0,0,0,0.0,0,
TXN03-00196,3,2026-05-15 14:18:26,511.74,Grocery,30014,Card,DEV-03-1,Android,Chennai,14,4,0,17.93,23,778.71,386.3,5,99,192,0,0,0,0.0,0,
TXN03-00197,3,2026-05-15 15:13:40,489.46,Household,30004,UPI,DEV-03-1,Android,Chennai,15,4,0,55.23,24,777.35,385.78,17,100,193,0,0,0,0.0,0,
TXN03-00198,3,2026-05-15 15:32:45,282.16,Household,30005,UPI,DEV-03-1,Android,Chennai,15,4,0,19.08,25,775.89,385.34,12,101,194,0,0,0,0.0,0,
TXN03-00199,3,2026-05-15 15:37:53,358.12,Household,30011,UPI,DEV-03-5,iPhone,Chennai,15,4,0,5.13,26,773.39,385.96,7,7,195,0,0,0,0.0,0,
TXN03-00200,3,2026-05-15 15:47:49,1500.0,Pharmacy,30008,Card,DEV-03-1,Android,Chennai,15,4,0,9.93,27,771.31,386.1,56,102,196,0,0,0,0.0,0,
TXN03-00201,3,2026-05-15 15:55:58,270.1,Pharmacy,30008,UPI,DEV-03-4,Web,Chennai,15,4,0,8.15,28,774.95,388.55,57,20,197,0,0,0,0.0,0,
TXN03-00202,3,2026-05-15 16:26:00,401.65,Pharmacy,30008,Card,DEV-03-1,Android,Chennai,16,4,0,30.03,29,772.44,389.21,58,103,198,0,0,0,0.0,0,
TXN03-00203,3,2026-05-15 16:28:39,449.05,Grocery,30170,Card,DEV-UNK-9984,Android,Chennai,16,4,0,2.65,30,770.6,389.12,1,1,199,1,0,1,0.0,1,ato_new_device_new_merchant_same_category
TXN03-00204,3,2026-05-15 16:53:37,1025.63,Household,30004,UPI,DEV-03-2,Android,Chennai,16,4,0,24.97,31,769.02,388.81,18,42,200,0,0,0,0.0,0,
TXN03-00205,3,2026-05-15 16:56:17,447.22,Household,30004,UPI,DEV-03-3,Android,Chennai,16,4,0,2.67,32,770.28,388.27,19,30,201,0,0,0,0.0,0,
TXN03-00206,3,2026-05-15 17:08:52,1066.69,Household,30004,UPI,DEV-03-3,Android,Chennai,17,4,0,12.58,33,768.7,387.97,20,31,202,0,0,0,0.0,0,
TXN03-00207,3,2026-05-15 17:15:50,553.08,Pharmacy,30008,Card,DEV-03-3,Android,Chennai,17,4,0,6.97,34,770.15,387.58,59,32,203,0,0,0,0.0,0,
TXN03-00208,3,2026-05-15 19:10:43,716.66,Grocery,30001,UPI,DEV-03-5,iPhone,Chennai,19,4,0,114.88,35,769.1,386.94,35,8,204,0,0,0,0.0,0,
TXN03-00209,3,2026-05-15 19:21:20,401.93,Household,30009,Card,DEV-03-4,Web,Chennai,19,4,0,10.62,36,768.85,386.03,11,21,205,0,0,0,0.0,0,
TXN03-00210,3,2026-05-15 19:32:27,474.58,Grocery,30007,Card,DEV-03-1,Android,Chennai,19,4,0,11.12,37,767.09,385.93,5,104,206,0,0,0,0.0,0,
TXN03-00211,3,2026-05-15 19:46:35,1018.36,Grocery,30002,UPI,DEV-03-5,iPhone,Chennai,19,4,0,14.13,38,765.7,385.54,19,9,207,0,0,0,0.0,0,
TXN03-00212,3,2026-05-16 08:57:28,884.96,Grocery,30014,Card,DEV-03-1,Android,Chennai,8,5,1,790.88,1,766.89,385.01,6,105,208,0,0,0,0.0,0,
TXN03-00213,3,2026-05-16 09:04:25,622.88,Grocery,30001,UPI,DEV-03-1,Android,Chennai,9,5,1,6.95,2,767.45,384.19,36,106,209,0,0,0,0.0,0,
TXN03-00214,3,2026-05-16 09:04:58,915.93,Household,30017,UPI,DEV-03-4,Web,Chennai,9,5,1,0.55,3,766.77,383.42,3,22,210,0,0,0,0.0,0,
TXN03-00215,3,2026-05-16 09:06:17,707.32,Household,30016,UPI,DEV-03-2,Android,Chennai,9,5,1,1.32,4,767.47,382.65,3,43,211,0,0,0,0.0,0,
TXN03-00216,3,2026-05-16 09:16:49,268.31,Pharmacy,30008,Card,DEV-03-3,Android,Chennai,9,5,1,10.53,5,767.19,381.78,60,33,212,0,0,0,0.0,0,
TXN03-00217,3,2026-05-16 09:29:01,641.86,Grocery,30006,Card,DEV-03-1,Android,Chennai,9,5,1,12.2,6,764.88,382.4,6,107,213,0,0,0,0.0,0,
TXN03-00218,3,2026-05-16 09:32:51,355.08,Household,30017,Card,DEV-03-3,Android,Chennai,9,5,1,3.83,7,764.31,381.61,4,34,214,0,0,0,0.0,0,
TXN03-00219,3,2026-05-16 09:36:59,1500.0,Grocery,30006,Card,DEV-03-1,Android,Chennai,9,5,1,4.13,8,762.44,381.74,7,108,215,0,0,0,0.0,0,
TXN03-00220,3,2026-05-16 09:55:48,342.92,Pharmacy,30008,UPI,DEV-03-1,Android,Chennai,9,5,1,18.82,9,765.8,384.1,61,109,216,0,0,0,0.0,0,
TXN03-00221,3,2026-05-16 10:28:11,773.5,Household,30004,UPI,DEV-03-1,Android,Chennai,10,5,1,32.38,10,763.88,384.28,21,110,217,0,0,0,0.0,0,
TXN03-00222,3,2026-05-16 10:52:49,1268.92,Grocery,30007,UPI,DEV-03-2,Android,Chennai,10,5,1,24.63,11,763.93,383.41,6,44,218,0,0,0,0.0,0,
TXN03-00223,3,2026-05-16 11:24:40,509.15,Pharmacy,30008,UPI,DEV-03-1,Android,Chennai,11,5,1,31.85,12,766.2,384.04,62,111,219,0,0,0,0.0,0,
TXN03-00224,3,2026-05-16 11:35:06,1500.0,Grocery,30010,Card,DEV-03-2,Android,Chennai,11,5,1,10.43,13,765.05,383.56,4,45,220,0,0,0,0.0,0,
TXN03-00225,3,2026-05-16 11:50:07,333.54,Grocery,30003,UPI,DEV-03-3,Android,Chennai,11,5,1,15.02,14,768.33,385.82,10,35,221,0,0,0,0.0,0,
TXN03-00226,3,2026-05-16 11:51:00,422.04,Pharmacy,30008,UPI,DEV-03-3,Android,Chennai,11,5,1,0.88,15,766.4,386.05,63,36,222,0,0,0,0.0,0,
TXN03-00227,3,2026-05-16 12:45:00,303.2,Pharmacy,30008,Card,DEV-03-3,Android,Chennai,12,5,1,54.0,16,764.87,385.87,64,37,223,0,0,0,0.0,0,
TXN03-00228,3,2026-05-16 12:48:02,244.56,Household,30013,Card,DEV-03-4,Web,Chennai,12,5,1,3.03,17,762.84,386.24,6,23,224,0,0,0,0.0,0,
TXN03-00229,3,2026-05-16 12:55:25,652.39,Grocery,30003,Card,DEV-03-1,Android,Chennai,12,5,1,7.38,18,760.57,386.91,11,112,225,0,0,0,0.0,0,
TXN03-00230,3,2026-05-16 12:58:05,701.78,Grocery,30007,UPI,DEV-03-4,Web,Chennai,12,5,1,2.67,19,760.09,386.13,7,24,226,0,0,0,0.0,0,
TXN03-00231,3,2026-05-16 12:59:38,1130.45,Pharmacy,30008,Card,DEV-03-3,Android,Chennai,12,5,1,1.55,20,759.84,385.3,65,38,227,0,0,0,0.0,0,
TXN03-00232,3,2026-05-16 13:11:10,481.41,Household,30005,Card,DEV-03-5,iPhone,Chennai,13,5,1,11.53,21,761.44,385.24,13,10,228,0,0,0,0.0,0,
TXN03-00233,3,2026-05-16 13:39:54,1229.64,Grocery,30002,Card,DEV-03-3,Android,Chennai,13,5,1,28.73,22,760.24,384.85,20,39,229,0,0,0,0.0,0,
TXN03-00234,3,2026-05-16 14:06:43,347.38,Pharmacy,30008,Card,DEV-03-1,Android,Chennai,14,5,1,26.82,23,762.25,385.24,66,113,230,0,0,0,0.0,0,
TXN03-00235,3,2026-05-16 14:41:11,646.94,Grocery,30019,UPI,DEV-03-3,Android,Chennai,14,5,1,34.47,24,760.48,385.37,1,40,231,0,0,1,0.0,0,
TXN03-00236,3,2026-05-16 14:50:09,379.49,Grocery,30015,Card,DEV-03-1,Android,Chennai,14,5,1,8.97,25,760.0,384.62,2,114,232,0,0,0,0.0,0,
TXN03-00237,3,2026-05-16 14:53:36,1286.15,Grocery,30001,UPI,DEV-03-1,Android,Chennai,14,5,1,3.45,26,758.38,384.6,37,115,233,0,0,0,0.0,0,
TXN03-00238,3,2026-05-16 15:07:24,285.06,Grocery,30010,UPI,DEV-03-1,Android,Chennai,15,5,1,13.8,27,760.61,385.31,5,116,234,0,0,0,0.0,0,
TXN03-00239,3,2026-05-16 15:16:21,1460.85,Pharmacy,30008,UPI,DEV-03-2,Android,Chennai,15,5,1,8.95,28,758.61,385.73,67,46,235,0,0,0,0.0,0,
TXN03-00240,3,2026-05-16 15:19:11,790.41,Grocery,30020,UPI,DEV-03-1,Android,Chennai,15,5,1,2.83,29,761.55,387.58,1,117,236,0,0,1,0.0,0,
TXN03-00241,3,2026-05-16 15:26:53,1104.35,Grocery,30001,Card,DEV-03-4,Web,Chennai,15,5,1,7.7,30,761.67,386.78,38,25,237,0,0,0,0.0,0,
TXN03-00242,3,2026-05-16 15:30:36,252.87,Pharmacy,30008,UPI,DEV-03-1,Android,Chennai,15,5,1,3.72,31,763.09,386.6,68,118,238,0,0,0,0.0,0,
TXN03-00243,3,2026-05-16 15:33:58,648.9,Grocery,30015,UPI,DEV-03-3,Android,Chennai,15,5,1,3.37,32,760.98,387.19,3,41,239,0,0,0,0.0,0,
TXN03-00244,3,2026-05-16 16:43:20,1321.77,Grocery,30002,Card,DEV-03-4,Web,Chennai,16,5,1,69.37,33,760.52,386.46,21,26,240,0,0,0,0.0,0,
TXN03-00245,3,2026-05-16 16:47:12,789.77,Household,30004,UPI,DEV-03-2,Android,Chennai,16,5,1,3.87,34,762.82,387.33,22,47,241,0,0,0,0.0,0,
TXN03-00246,3,2026-05-16 16:47:39,446.51,Pharmacy,30008,Card,DEV-03-2,Android,Chennai,16,5,1,0.45,35,762.93,386.54,69,48,242,0,0,0,0.0,0,
TXN03-00247,3,2026-05-16 17:04:37,466.18,Grocery,30002,UPI,DEV-03-2,Android,Chennai,17,5,1,16.97,36,761.65,386.28,22,49,243,0,0,0,0.0,0,
TXN03-00248,3,2026-05-16 17:31:17,236.02,Household,30021,Card,DEV-03-1,Android,Chennai,17,5,1,26.67,37,760.45,385.95,1,119,244,0,0,1,0.0,0,
TXN03-00249,3,2026-05-16 17:49:44,605.14,Household,30004,UPI,DEV-03-2,Android,Chennai,17,5,1,18.45,38,758.34,386.6,23,50,245,0,0,0,0.0,0,
TXN03-00250,3,2026-05-16 18:10:10,1075.55,Pharmacy,30008,Card,DEV-03-2,Android,Chennai,18,5,1,20.43,39,757.72,385.95,70,51,246,0,0,0,0.0,0,
TXN03-00251,3,2026-05-16 18:13:10,1409.86,Grocery,30090,UPI,DEV-UNK-9701,Android,Chennai,18,5,1,3.0,40,758.99,385.7,1,1,247,1,0,1,0.0,1,ato_new_device_short_gap
TXN03-00252,3,2026-05-16 18:19:52,599.44,Grocery,30010,UPI,DEV-03-2,Android,Chennai,18,5,1,6.7,41,761.58,387.11,6,52,248,0,0,0,0.0,0,
TXN03-00253,3,2026-05-16 18:53:25,415.88,Pharmacy,30008,Card,DEV-03-3,Android,Chennai,18,5,1,33.55,42,760.94,386.47,71,42,249,0,0,0,0.0,0,
TXN03-00254,3,2026-05-16 19:05:36,818.81,Grocery,30015,UPI,DEV-03-3,Android,Chennai,19,5,1,12.18,43,759.58,386.31,4,43,250,0,0,0,0.0,0,
TXN03-00255,3,2026-05-16 19:33:37,594.34,Pharmacy,30008,UPI,DEV-03-3,Android,Chennai,19,5,1,28.02,44,759.81,385.57,72,44,251,0,0,0,0.0,0,
TXN03-00256,3,2026-05-16 19:45:45,960.9,Pharmacy,30008,Card,DEV-03-3,Android,Chennai,19,5,1,12.13,45,759.16,384.95,73,45,252,0,0,0,0.0,0,
TXN03-00257,3,2026-05-16 19:47:46,819.83,Grocery,30003,Card,DEV-03-2,Android,Chennai,19,5,1,2.02,46,759.95,384.41,12,53,253,0,0,0,0.0,0,
TXN03-00258,3,2026-05-16 19:51:52,678.58,Pharmacy,30008,UPI,DEV-03-4,Web,Chennai,19,5,1,4.1,47,760.18,383.68,74,27,254,0,0,0,0.0,0,
TXN03-00259,3,2026-05-16 19:54:26,1082.65,Household,30012,Card,DEV-03-1,Android,Chennai,19,5,1,2.57,48,759.87,382.96,6,120,255,0,0,0,0.0,0,
TXN03-00260,3,2026-05-16 19:54:51,857.97,Household,30021,Card,DEV-03-4,Web,Chennai,19,5,1,0.42,49,761.11,382.75,2,28,256,0,0,0,0.0,0,
TXN03-00261,3,2026-05-17 02:00:17,531.0,Gaming Subscription,30001,UPI,DEV-03-1,Android,Chennai,2,6,1,365.43,1,761.49,382.06,39,121,257,0,0,0,0.0,1,gaming_subscription
TXN03-00262,3,2026-05-17 08:00:15,370.43,Household,30005,UPI,DEV-03-1,Android,Chennai,8,6,1,359.97,2,760.6,381.59,14,122,258,0,0,0,0.0,0,
TXN03-00263,3,2026-05-17 08:04:17,470.47,Household,30016,Card,DEV-03-6,Web,Chennai,8,6,1,4.03,3,759.11,381.62,4,2,259,0,0,0,0.0,0,
TXN03-00264,3,2026-05-17 08:08:22,482.12,Pharmacy,30008,UPI,DEV-03-1,Android,Chennai,8,6,1,4.08,4,758.02,381.31,75,123,260,0,0,0,0.0,0,
TXN03-00265,3,2026-05-17 08:20:35,712.68,Household,30017,Card,DEV-03-3,Android,Chennai,8,6,1,12.22,5,756.97,380.96,5,46,261,0,0,0,0.0,0,
TXN03-00266,3,2026-05-17 08:59:10,283.18,Household,30012,UPI,DEV-03-2,Android,Chennai,8,6,1,38.58,6,756.8,380.25,7,54,262,0,0,0,0.0,0,
TXN03-00267,3,2026-05-17 09:10:34,1010.5,Grocery,30002,Card,DEV-03-1,Android,Chennai,9,6,1,11.4,7,755.02,380.64,23,124,263,0,0,0,0.0,0,
TXN03-00268,3,2026-05-17 09:27:58,534.62,Pharmacy,30008,Card,DEV-03-2,Android,Chennai,9,6,1,17.4,8,755.98,380.25,76,55,264,0,0,0,0.0,0,
TXN03-00269,3,2026-05-17 09:39:53,215.77,Pharmacy,30008,UPI,DEV-03-2,Android,Chennai,9,6,1,11.92,9,755.15,379.78,77,56,265,0,0,0,0.0,0,
TXN03-00270,3,2026-05-17 10:03:16,195.27,Grocery,30002,UPI,DEV-03-3,Android,Chennai,10,6,1,23.38,10,753.15,380.49,24,47,266,0,0,0,0.0,0,
TXN03-00271,3,2026-05-17 10:39:58,222.51,Pharmacy,30008,Card,DEV-03-2,Android,Chennai,10,6,1,36.7,11,751.08,381.3,78,57,267,0,0,0,0.0,0,
TXN03-00272,3,2026-05-17 11:01:37,722.09,Grocery,30001,Card,DEV-03-2,Android,Chennai,11,6,1,21.65,12,749.13,381.94,40,58,268,0,0,0,0.0,0,
TXN03-00273,3,2026-05-17 11:32:43,359.21,Pharmacy,30008,UPI,DEV-03-2,Android,Chennai,11,6,1,31.1,13,749.03,381.24,79,59,269,0,0,0,0.0,0,
TXN03-00274,3,2026-05-17 11:38:04,1124.78,Household,30021,UPI,DEV-03-1,Android,Chennai,11,6,1,5.35,14,747.6,381.27,3,125,270,0,0,0,0.0,0,
TXN03-00275,3,2026-05-17 11:49:45,739.64,Grocery,30010,Card,DEV-03-1,Android,Chennai,11,6,1,11.68,15,748.98,381.25,7,126,271,0,0,0,0.0,0,
TXN03-00276,3,2026-05-17 11:51:03,504.79,Pharmacy,30008,Card,DEV-03-1,Android,Chennai,11,6,1,1.3,16,748.95,380.56,80,127,272,0,0,0,0.0,0,
TXN03-00277,3,2026-05-17 12:01:18,686.64,Grocery,30001,UPI,DEV-03-1,Android,Chennai,12,6,1,10.25,17,748.06,380.15,41,128,273,0,0,0,0.0,0,
TXN03-00278,3,2026-05-17 12:03:38,545.89,Pharmacy,30008,Card,DEV-03-5,iPhone,Chennai,12,6,1,2.33,18,747.84,379.48,81,11,274,0,0,0,0.0,0,
TXN03-00279,3,2026-05-17 12:21:06,346.72,Household,30012,UPI,DEV-03-2,Android,Chennai,12,6,1,17.47,19,747.11,378.99,8,60,275,0,0,0,0.0,0,
TXN03-00280,3,2026-05-17 12:26:21,711.7,Household,30004,Card,DEV-03-6,Web,Chennai,12,6,1,5.25,20,745.68,379.07,24,3,276,0,0,0,0.0,0,
TXN03-00281,3,2026-05-17 12:28:28,275.87,Household,30005,Card,DEV-03-1,Android,Chennai,12,6,1,2.12,21,745.56,378.4,15,129,277,0,0,0,0.0,0,
TXN03-00282,3,2026-05-17 12:42:36,217.25,Grocery,30002,UPI,DEV-03-4,Web,Chennai,12,6,1,14.13,22,743.89,378.76,25,29,278,0,0,0,0.0,0,
TXN03-00283,3,2026-05-17 12:43:08,474.14,Grocery,30003,UPI,DEV-03-4,Web,Chennai,12,6,1,0.53,23,742.02,379.38,13,30,279,0,0,0,0.0,0,
TXN03-00284,3,2026-05-17 13:31:59,1500.0,Pharmacy,30008,UPI,DEV-03-4,Web,Chennai,13,6,1,48.85,24,741.07,379.04,82,31,280,0,0,0,0.0,0,
TXN03-00285,3,2026-05-17 13:35:18,239.44,Household,30005,Card,DEV-03-1,Android,Chennai,13,6,1,3.32,25,743.74,381.03,16,130,281,0,0,0,0.0,0,
TXN03-00286,3,2026-05-17 13:57:21,495.77,Grocery,30001,Card,DEV-03-1,Android,Chennai,13,6,1,22.05,26,741.98,381.53,42,131,282,0,0,0,0.0,0,
TXN03-00287,3,2026-05-17 13:59:32,696.73,Household,30004,UPI,DEV-03-1,Android,Chennai,13,6,1,2.18,27,741.11,381.14,25,132,283,0,0,0,0.0,0,
TXN03-00288,3,2026-05-17 14:07:28,1035.16,Household,30009,Card,DEV-03-1,Android,Chennai,14,6,1,7.93,28,740.96,380.49,12,133,284,0,0,0,0.0,0,
TXN03-00289,3,2026-05-17 14:56:37,756.12,Household,30004,Card,DEV-03-5,iPhone,Chennai,14,6,1,49.15,29,741.98,380.22,26,12,285,0,0,0,0.0,0,
TXN03-00290,3,2026-05-17 16:12:12,1500.0,Household,30004,UPI,DEV-03-2,Android,Chennai,16,6,1,75.58,30,742.03,379.56,27,61,286,0,0,0,0.0,0,
TXN03-00291,3,2026-05-17 16:20:50,487.16,Pharmacy,30008,UPI,DEV-03-3,Android,Chennai,16,6,1,8.63,31,744.64,381.5,83,48,287,0,0,0,0.0,0,
TXN03-00292,3,2026-05-17 16:20:57,918.11,Pharmacy,30008,Card,DEV-03-3,Android,Chennai,16,6,1,0.12,32,743.76,381.15,84,49,288,0,0,0,0.0,0,
TXN03-00293,3,2026-05-17 16:28:40,490.42,Household,30004,UPI,DEV-03-1,Android,Chennai,16,6,1,7.72,33,744.36,380.63,28,134,289,0,0,0,0.0,0,
TXN03-00294,3,2026-05-17 16:37:47,521.56,Household,30016,UPI,DEV-03-2,Android,Chennai,16,6,1,9.12,34,743.49,380.27,5,62,290,0,0,0,0.0,0,
TXN03-00295,3,2026-05-17 17:17:13,1456.96,Household,30012,Card,DEV-03-4,Web,Chennai,17,6,1,39.43,35,742.73,379.84,9,32,291,0,0,0,0.0,0,
TXN03-00296,3,2026-05-17 17:54:16,1500.0,Grocery,30019,UPI,DEV-03-1,Android,Chennai,17,6,1,37.05,36,745.16,381.46,2,135,292,0,0,0,0.0,0,
TXN03-00297,3,2026-05-17 18:24:36,1500.0,Grocery,30019,Card,DEV-03-1,Android,Chennai,18,6,1,30.33,37,747.71,383.33,3,136,293,0,0,0,0.0,0,
TXN03-00298,3,2026-05-17 19:08:23,623.96,Pharmacy,30008,UPI,DEV-03-3,Android,Chennai,19,6,1,43.78,38,750.24,385.15,85,50,294,0,0,0,0.0,0,
TXN03-00299,3,2026-05-17 21:39:22,503.74,Gaming Subscription,30001,UPI,DEV-03-1,Android,Chennai,21,6,1,150.98,39,749.82,384.58,43,137,295,0,0,0,0.0,1,gaming_subscription
TXN03-00300,3,2026-05-18 08:10:50,555.56,Household,30004,Card,DEV-03-5,iPhone,Chennai,8,0,0,631.47,1,748.99,384.2,29,13,296,0,0,0,0.0,0,
TXN03-00301,3,2026-05-18 08:16:58,1396.22,Grocery,30001,UPI,DEV-03-3,Android,Chennai,8,0,0,6.13,2,748.35,383.72,44,51,297,0,0,0,0.0,0,
TXN03-00302,3,2026-05-18 08:37:24,473.24,Grocery,30014,Card,DEV-03-1,Android,Chennai,8,0,0,20.43,3,750.5,384.89,7,138,298,0,0,0,0.0,0,
TXN03-00303,3,2026-05-18 08:58:35,398.92,Household,30021,UPI,DEV-03-4,Web,Chennai,8,0,0,21.18,4,749.58,384.58,4,33,299,0,0,0,0.0,0,
TXN03-00304,3,2026-05-18 09:04:38,613.88,Grocery,30003,Card,DEV-03-5,iPhone,Chennai,9,0,0,6.05,5,748.42,384.47,14,14,300,0,0,0,0.0,0,
TXN03-00305,3,2026-05-18 09:20:52,464.45,Grocery,30010,UPI,DEV-03-5,iPhone,Chennai,9,0,0,16.23,6,747.98,383.92,8,15,301,0,0,0,0.0,0,
TXN03-00306,3,2026-05-18 09:25:11,479.01,Grocery,30001,UPI,DEV-03-1,Android,Chennai,9,0,0,4.32,7,747.05,383.63,45,139,302,0,0,0,0.0,0,
TXN03-00307,3,2026-05-18 09:28:40,814.73,Household,30005,Card,DEV-03-3,Android,Chennai,9,0,0,3.48,8,746.18,383.31,17,52,303,0,0,0,0.0,0,
TXN03-00308,3,2026-05-18 09:36:36,307.75,Grocery,30007,UPI,DEV-03-2,Android,Chennai,9,0,0,7.93,9,746.4,382.7,8,63,304,0,0,0,0.0,0,
TXN03-00309,3,2026-05-18 09:38:36,399.4,Household,30013,UPI,DEV-03-2,Android,Chennai,9,0,0,2.0,10,744.98,382.89,7,64,305,0,0,0,0.0,0,
TXN03-00310,3,2026-05-18 09:38:45,937.13,Grocery,30014,UPI,DEV-03-2,Android,Chennai,9,0,0,0.15,11,743.86,382.78,8,65,306,0,0,0,0.0,0,
TXN03-00311,3,2026-05-18 09:45:23,1489.68,Pharmacy,30008,UPI,DEV-03-2,Android,Chennai,9,0,0,6.63,12,744.48,382.32,86,66,307,0,0,0,0.0,0,
TXN03-00312,3,2026-05-18 10:10:22,1053.79,Grocery,30006,Card,DEV-03-3,Android,Chennai,10,0,0,24.98,13,746.88,384.03,8,53,308,0,0,0,0.0,0,
TXN03-00313,3,2026-05-18 10:20:43,440.65,Household,30021,Card,DEV-03-3,Android,Chennai,10,0,0,10.35,14,747.86,383.8,5,54,309,0,0,0,0.0,0,
TXN03-00314,3,2026-05-18 10:21:06,569.13,Grocery,30010,Card,DEV-03-3,Android,Chennai,10,0,0,0.38,15,746.88,383.58,9,55,310,0,0,0,0.0,0,
TXN03-00315,3,2026-05-18 10:46:28,495.89,Household,30004,Card,DEV-03-2,Android,Chennai,10,0,0,25.37,16,746.31,383.1,30,67,311,0,0,0,0.0,0,
TXN03-00316,3,2026-05-18 10:49:50,624.37,Pharmacy,30008,UPI,DEV-03-3,Android,Chennai,10,0,0,3.37,17,745.52,382.75,87,56,312,0,0,0,0.0,0,
TXN03-00317,3,2026-05-18 10:54:25,454.82,Pharmacy,30008,Card,DEV-03-4,Web,Chennai,10,0,0,4.58,18,745.13,382.21,88,34,313,0,0,0,0.0,0,
TXN03-00318,3,2026-05-18 11:13:51,951.8,Household,30005,UPI,DEV-03-1,Android,Chennai,11,0,0,19.43,19,744.22,381.95,18,140,314,0,0,0,0.0,0,
TXN03-00319,3,2026-05-18 11:23:13,738.19,Household,30009,Card,DEV-03-1,Android,Chennai,11,0,0,9.37,20,744.87,381.53,13,141,315,0,0,0,0.0,0,
TXN03-00320,3,2026-05-18 11:38:56,659.37,Household,30004,Card,DEV-03-4,Web,Chennai,11,0,0,15.72,21,744.85,380.93,31,35,316,0,0,0,0.0,0,
TXN03-00321,3,2026-05-18 11:50:47,885.22,Grocery,30002,UPI,DEV-03-2,Android,Chennai,11,0,0,11.85,22,744.58,380.36,26,68,317,0,0,0,0.0,0,
TXN03-00322,3,2026-05-18 12:01:10,237.28,Grocery,30006,UPI,DEV-03-2,Android,Chennai,12,0,0,10.38,23,745.02,379.85,9,69,318,0,0,0,0.0,0,
TXN03-00323,3,2026-05-18 12:03:54,1500.0,Grocery,30006,Card,DEV-03-3,Android,Chennai,12,0,0,2.73,24,743.44,380.31,10,57,319,0,0,0,0.0,0,
TXN03-00324,3,2026-05-18 12:10:55,861.45,Pharmacy,30008,UPI,DEV-03-1,Android,Chennai,12,0,0,7.02,25,745.79,382.04,89,142,320,0,0,0,0.0,0,
TXN03-00325,3,2026-05-18 12:15:25,781.7,Grocery,30019,Card,DEV-03-2,Android,Chennai,12,0,0,4.5,26,746.14,381.5,4,70,321,0,0,0,0.0,0,
TXN03-00326,3,2026-05-18 12:31:35,806.77,Pharmacy,30008,UPI,DEV-03-6,Web,Chennai,12,0,0,16.17,27,746.25,380.92,90,4,322,0,0,0,0.0,0,
TXN03-00327,3,2026-05-18 12:46:19,567.33,Pharmacy,30008,Card,DEV-03-6,Web,Chennai,12,0,0,14.73,28,746.44,380.35,91,5,323,0,0,0,0.0,0,
TXN03-00328,3,2026-05-18 12:48:32,676.68,Grocery,30019,Card,DEV-03-1,Android,Chennai,12,0,0,2.22,29,745.89,379.9,5,143,324,0,0,0,0.0,0,
TXN03-00329,3,2026-05-18 13:12:39,257.46,Grocery,30001,UPI,DEV-03-2,Android,Chennai,13,0,0,24.12,30,745.68,379.34,46,71,325,0,0,0,0.0,0,
TXN03-00330,3,2026-05-18 13:18:00,1500.0,Pharmacy,30008,Card,DEV-03-3,Android,Chennai,13,0,0,5.35,31,744.2,379.71,92,58,326,0,0,0,0.0,0,
TXN03-00331,3,2026-05-18 14:11:57,1500.0,Household,30004,Card,DEV-03-2,Android,Chennai,14,0,0,53.95,32,746.49,381.41,32,72,327,0,0,0,0.0,0,
TXN03-00332,3,2026-05-18 14:12:57,430.77,Household,30012,UPI,DEV-03-2,Android,Chennai,14,0,0,1.0,33,748.76,383.07,10,73,328,0,0,0,0.0,0,
TXN03-00333,3,2026-05-18 14:16:19,664.64,Grocery,30018,UPI,DEV-03-2,Android,Chennai,14,0,0,3.37,34,747.81,382.89,3,74,329,0,0,0,0.0,0,
TXN03-00334,3,2026-05-18 14:19:57,298.02,Grocery,30003,UPI,DEV-03-5,iPhone,Chennai,14,0,0,3.63,35,747.56,382.34,15,16,330,0,0,0,0.0,0,
TXN03-00335,3,2026-05-18 14:23:43,413.01,Pharmacy,30008,Card,DEV-03-5,iPhone,Chennai,14,0,0,3.77,36,746.21,382.56,93,17,331,0,0,0,0.0,0,
TXN03-00336,3,2026-05-18 14:40:12,1002.46,Pharmacy,30008,Card,DEV-03-1,Android,Chennai,14,0,0,16.48,37,745.21,382.42,94,144,332,0,0,0,0.0,0,
TXN03-00337,3,2026-05-18 14:46:01,596.84,Pharmacy,30008,UPI,DEV-03-7,iPhone,Chennai,14,0,0,5.82,38,745.98,382.1,95,1,333,1,0,0,0.0,0,
TXN03-00338,3,2026-05-18 14:50:59,362.6,Household,30012,UPI,DEV-03-2,Android,Chennai,14,0,0,4.97,39,745.54,381.62,11,75,334,0,0,0,0.0,0,
TXN03-00339,3,2026-05-18 14:57:03,599.66,Grocery,30006,UPI,DEV-03-2,Android,Chennai,14,0,0,6.07,40,744.4,381.63,11,76,335,0,0,0,0.0,0,
TXN03-00340,3,2026-05-18 15:09:11,240.17,Grocery,30001,Card,DEV-03-5,iPhone,Chennai,15,0,0,12.13,41,743.98,381.14,47,18,336,0,0,0,0.0,0,
TXN03-00341,3,2026-05-18 15:44:03,802.62,Household,30005,Card,DEV-03-1,Android,Chennai,15,0,0,34.87,42,742.5,381.56,19,145,337,0,0,0,0.0,0,
TXN03-00342,3,2026-05-18 15:49:37,1369.81,Grocery,30006,Card,DEV-03-5,iPhone,Chennai,15,0,0,5.57,43,742.67,381.01,12,19,338,0,0,0,0.0,0,
TXN03-00343,3,2026-05-18 15:55:03,1231.85,Household,30011,UPI,DEV-03-2,Android,Chennai,15,0,0,5.43,44,744.51,381.96,8,77,339,0,0,0,0.0,0,
TXN03-00344,3,2026-05-18 16:05:37,474.15,Pharmacy,30008,UPI,DEV-03-3,Android,Chennai,16,0,0,10.57,45,745.93,382.31,96,59,340,0,0,0,0.0,0,
TXN03-00345,3,2026-05-18 16:07:50,951.53,Household,30017,UPI,DEV-03-1,Android,Chennai,16,0,0,2.22,46,745.14,382.03,6,146,341,0,0,0,0.0,0,
TXN03-00346,3,2026-05-18 16:18:46,391.22,Grocery,30001,UPI,DEV-03-1,Android,Chennai,16,0,0,10.93,47,745.74,381.64,48,147,342,0,0,0,0.0,0,
TXN03-00347,3,2026-05-18 17:02:30,1056.2,Grocery,30003,UPI,DEV-03-2,Android,Chennai,17,0,0,43.73,48,744.71,381.56,16,78,343,0,0,0,0.0,0,
TXN03-00348,3,2026-05-18 17:05:08,1153.81,Grocery,30006,Card,DEV-03-3,Android,Chennai,17,0,0,2.63,49,745.61,381.38,13,60,344,0,0,0,0.0,0,
TXN03-00349,3,2026-05-18 17:09:35,716.11,Grocery,30002,Card,DEV-03-1,Android,Chennai,17,0,0,4.45,50,746.78,381.45,27,148,345,0,0,0,0.0,0,
TXN03-00350,3,2026-05-18 17:19:31,374.85,Pharmacy,30008,Card,DEV-03-2,Android,Chennai,17,0,0,9.93,51,746.69,380.91,97,79,346,0,0,0,0.0,0,
TXN03-00351,3,2026-05-18 17:22:35,518.86,Household,30005,UPI,DEV-03-1,Android,Chennai,17,0,0,3.07,52,745.63,380.88,20,149,347,0,0,0,0.0,0,
TXN03-00352,3,2026-05-18 17:35:55,227.47,Grocery,30001,Card,DEV-03-3,Android,Chennai,17,0,0,13.33,53,744.98,380.53,49,61,348,0,0,0,0.0,0,
TXN03-00353,3,2026-05-18 17:39:38,324.05,Grocery,30006,UPI,DEV-03-1,Android,Chennai,17,0,0,3.72,54,743.51,380.99,14,150,349,0,0,0,0.0,0,
TXN03-00354,3,2026-05-18 17:45:11,220.78,Grocery,30001,UPI,DEV-03-7,iPhone,Chennai,17,0,0,5.55,55,742.33,381.1,50,2,350,0,0,0,0.0,0,
TXN03-00355,3,2026-05-18 18:13:49,679.3,Pharmacy,30008,UPI,DEV-03-1,Android,Chennai,18,0,0,28.63,56,740.85,381.57,98,151,351,0,0,0,0.0,0,
TXN03-00356,3,2026-05-18 18:36:18,637.87,Pharmacy,30008,Card,DEV-03-2,Android,Chennai,18,0,0,22.48,57,740.68,381.04,99,80,352,0,0,0,0.0,0,
TXN03-00357,3,2026-05-18 18:38:09,657.68,Grocery,30018,UPI,DEV-03-4,Web,Chennai,18,0,0,1.85,58,740.39,380.55,4,36,353,0,0,0,0.0,0,
TXN03-00358,3,2026-05-18 18:40:05,564.02,Household,30016,UPI,DEV-03-3,Android,Chennai,18,0,0,1.93,59,740.16,380.04,6,62,354,0,0,0,0.0,0,
TXN03-00359,3,2026-05-18 18:55:03,407.89,Household,30011,Card,DEV-03-5,iPhone,Chennai,18,0,0,14.97,60,739.67,379.62,9,20,355,0,0,0,0.0,0,
TXN03-00360,3,2026-05-18 18:57:31,1287.2,Pharmacy,30008,Card,DEV-03-2,Android,Chennai,18,0,0,2.47,61,738.74,379.5,100,81,356,0,0,0,0.0,0,
TXN03-00361,3,2026-05-18 18:58:02,1097.9,Grocery,30003,Card,DEV-03-1,Android,Chennai,18,0,0,0.52,62,740.27,380.07,17,152,357,0,0,0,0.0,0,
TXN03-00362,3,2026-05-18 18:59:43,659.99,Grocery,30007,Card,DEV-03-1,Android,Chennai,18,0,0,1.68,63,741.26,380.01,9,153,358,0,0,0,0.0,0,
TXN03-00363,3,2026-05-18 19:02:31,455.4,Grocery,30001,UPI,DEV-UNK-8495,Android,Chennai,19,0,0,2.8,64,741.03,379.5,51,1,359,1,0,0,0.0,1,ato_new_device_short_gap
TXN03-00364,3,2026-05-18 19:12:04,1272.3,Grocery,30001,Card,DEV-03-6,Web,Chennai,19,0,0,9.55,65,740.25,379.28,52,6,360,0,0,0,0.0,0,
TXN03-00365,3,2026-05-18 19:15:50,1500.0,Grocery,30001,Card,DEV-03-1,Android,Chennai,19,0,0,3.77,66,741.71,379.78,53,154,361,0,0,0,0.0,0,
TXN03-00366,3,2026-05-18 19:29:35,963.06,Household,30009,UPI,DEV-03-7,iPhone,Chennai,19,0,0,13.75,67,743.78,381.32,14,3,362,0,0,0,0.0,0,
TXN03-00367,3,2026-05-18 19:36:46,389.66,Household,30009,UPI,DEV-03-3,Android,Chennai,19,0,0,7.18,68,744.38,380.97,15,63,363,0,0,0,0.0,0,
TXN03-00368,3,2026-05-18 19:36:54,668.31,Grocery,30003,Card,DEV-03-1,Android,Chennai,19,0,0,0.13,69,743.42,380.9,18,155,364,0,0,0,0.0,0,
TXN03-00369,3,2026-05-18 19:43:17,360.0,Household,30009,Card,DEV-03-1,Android,Chennai,19,0,0,6.38,70,743.21,380.41,16,156,365,0,0,0,0.0,0,
TXN03-00370,3,2026-05-18 19:46:12,930.06,Pharmacy,30008,UPI,DEV-03-2,Android,Chennai,19,0,0,2.92,71,742.17,380.41,101,82,366,0,0,0,0.0,0,
TXN03-00371,3,2026-05-18 19:59:37,931.32,Household,30004,Card,DEV-03-2,Android,Chennai,19,0,0,13.42,72,742.68,380.02,33,83,367,0,0,0,0.0,0,
TXN03-00372,3,2026-05-18 19:59:53,491.62,Grocery,30003,UPI,DEV-03-4,Web,Chennai,19,0,0,0.27,73,743.19,379.64,19,37,368,0,0,0,0.0,0,
TXN03-00373,3,2026-05-19 08:18:14,210.71,Household,30005,Card,DEV-03-1,Android,Chennai,8,1,0,738.35,1,741.73,377.55,21,157,369,0,0,0,0.0,0,
TXN03-00374,3,2026-05-19 08:19:52,186.46,Grocery,30018,Card,DEV-03-1,Android,Chennai,8,1,0,1.63,2,741.85,377.37,5,158,370,0,0,0,0.0,0,
TXN03-00375,3,2026-05-19 08:27:18,470.71,Grocery,30001,UPI,DEV-03-5,iPhone,Chennai,8,1,0,7.43,3,740.35,377.96,54,21,371,0,0,0,0.0,0,
TXN03-00376,3,2026-05-19 08:32:45,184.21,Household,30004,UPI,DEV-03-3,Android,Chennai,8,1,0,5.45,4,739.63,377.71,34,64,372,0,0,0,0.0,0,
TXN03-00377,3,2026-05-19 08:37:31,273.39,Grocery,30002,Card,DEV-03-1,Android,Chennai,8,1,0,4.77,5,738.99,378.45,28,159,373,0,0,0,0.0,0,
TXN03-00378,3,2026-05-19 08:46:22,1380.67,Pharmacy,30008,UPI,DEV-03-1,Android,Chennai,8,1,0,8.85,6,738.98,379.22,102,160,374,0,0,0,0.0,0,
TXN03-00379,3,2026-05-19 08:55:34,478.01,Grocery,30002,UPI,DEV-03-1,Android,Chennai,8,1,0,9.2,7,740.71,380.17,29,161,375,0,0,0,0.0,0,
TXN03-00380,3,2026-05-19 08:56:21,634.24,Household,30016,UPI,DEV-03-7,iPhone,Chennai,8,1,0,0.78,8,740.01,379.9,7,4,376,0,0,0,0.0,0,
TXN03-00381,3,2026-05-19 08:57:30,304.81,Household,30004,Card,DEV-03-2,Android,Chennai,8,1,0,1.15,9,739.72,379.43,35,84,377,0,0,0,0.0,0,
TXN03-00382,3,2026-05-19 09:02:40,553.44,Household,30012,UPI,DEV-03-1,Android,Chennai,9,1,0,5.17,10,738.56,379.59,12,162,378,0,0,0,0.0,0,
TXN03-00383,3,2026-05-19 09:07:32,1500.0,Pharmacy,30008,UPI,DEV-03-5,iPhone,Chennai,9,1,0,4.87,11,738.07,379.2,103,22,379,0,0,0,0.0,0,
TXN03-00384,3,2026-05-19 09:07:58,605.57,Grocery,30006,UPI,DEV-03-4,Web,Chennai,9,1,0,0.43,12,740.09,380.72,15,38,380,0,0,0,0.0,0,
TXN03-00385,3,2026-05-19 09:18:58,348.03,Grocery,30003,Card,DEV-03-4,Web,Chennai,9,1,0,11.0,13,738.72,380.27,20,39,381,0,0,0,0.0,0,
TXN03-00386,3,2026-05-19 09:19:12,415.33,Grocery,30020,UPI,DEV-03-3,Android,Mumbai,9,1,0,0.23,14,737.68,380.3,2,65,1,0,1,0,1033.1,0,
TXN03-00387,3,2026-05-19 09:26:11,199.32,Pharmacy,30008,Card,DEV-03-1,Android,Chennai,9,1,0,6.98,15,734.8,378.62,104,163,382,0,0,0,1033.1,0,
TXN03-00388,3,2026-05-19 09:42:43,1186.11,Grocery,30001,UPI,DEV-03-1,Android,Chennai,9,1,0,16.53,16,731.36,378.06,55,164,383,0,0,0,0.0,0,
TXN03-00389,3,2026-05-19 09:47:17,1343.34,Grocery,30018,Card,DEV-03-5,iPhone,Chennai,9,1,0,4.57,17,732.56,378.28,6,23,384,0,0,0,0.0,0,
TXN03-00390,3,2026-05-19 09:49:24,1306.89,Grocery,30015,UPI,DEV-03-3,Android,Chennai,9,1,0,2.12,18,734.18,379.08,5,66,385,0,0,0,0.0,0,
TXN03-00391,3,2026-05-19 10:15:08,477.51,Household,30004,UPI,DEV-03-1,Android,Chennai,10,1,0,25.73,19,733.99,378.62,36,165,386,0,0,0,0.0,0,
TXN03-00392,3,2026-05-19 10:58:45,300.84,Pharmacy,30008,UPI,DEV-03-5,iPhone,Chennai,10,1,0,43.62,20,732.47,379.12,105,24,387,0,0,0,0.0,0,
TXN03-00393,3,2026-05-19 11:35:34,946.65,Grocery,30001,Card,DEV-03-1,Android,Chennai,11,1,0,36.82,21,729.73,379.87,56,166,388,0,0,0,0.0,0,
TXN03-00394,3,2026-05-19 12:01:12,1353.62,Household,30005,UPI,DEV-03-2,Android,Chennai,12,1,0,25.63,22,729.48,379.03,22,85,389,0,0,0,0.0,0,
TXN03-00395,3,2026-05-19 12:12:24,452.18,Grocery,30001,Card,DEV-03-4,Web,Chennai,12,1,0,11.2,23,731.16,379.9,57,40,390,0,0,0,0.0,0,
TXN03-00396,3,2026-05-19 13:08:06,479.49,Pharmacy,30008,Card,DEV-03-2,Android,Chennai,13,1,0,55.7,24,732.81,381.07,106,86,391,0,0,0,0.0,0,
TXN03-00397,3,2026-05-19 13:26:51,542.39,Grocery,30002,Card,DEV-03-1,Android,Chennai,13,1,0,18.75,25,731.44,382.05,30,167,392,0,0,0,0.0,0,
TXN03-00398,3,2026-05-19 13:37:15,1007.44,Pharmacy,30008,UPI,DEV-03-3,Android,Chennai,13,1,0,10.4,26,730.91,381.65,107,67,393,0,0,0,0.0,0,
TXN03-00399,3,2026-05-19 13:44:18,531.88,Household,30012,Card,DEV-03-1,Android,Chennai,13,1,0,7.05,27,731.81,381.92,13,168,394,0,0,0,0.0,0,
TXN03-00400,3,2026-05-19 13:45:59,205.25,Pharmacy,30008,Card,DEV-03-1,Android,Chennai,13,1,0,1.68,28,730.77,381.95,108,169,395,0,0,0,0.0,0,
TXN03-00401,3,2026-05-19 13:47:11,631.5,Household,30017,Card,DEV-03-5,iPhone,Chennai,13,1,0,1.2,29,729.32,382.42,7,25,396,0,0,0,0.0,0,
TXN03-00402,3,2026-05-19 13:47:21,618.02,Pharmacy,30008,Card,DEV-03-3,Android,Chennai,13,1,0,0.17,30,729.06,381.93,109,68,397,0,0,0,0.0,0,
TXN03-00403,3,2026-05-19 14:24:11,462.73,Pharmacy,30008,Card,DEV-03-3,Android,Chennai,14,1,0,36.83,31,729.56,381.66,110,69,398,0,0,0,0.0,0,
TXN03-00404,3,2026-05-19 14:27:36,581.95,Grocery,30001,UPI,DEV-03-5,iPhone,Chennai,14,1,0,3.42,32,728.83,381.92,58,26,399,0,0,0,0.0,0,
TXN03-00405,3,2026-05-19 14:30:33,713.68,Grocery,30019,UPI,DEV-03-4,Web,Chennai,14,1,0,2.95,33,728.42,381.47,6,41,400,0,0,0,0.0,0,
TXN03-00406,3,2026-05-19 14:34:46,702.0,Grocery,30001,Card,DEV-03-2,Android,Chennai,14,1,0,4.22,34,728.38,380.95,59,87,401,0,0,0,0.0,0,
TXN03-00407,3,2026-05-19 14:35:41,764.53,Pharmacy,30008,UPI,DEV-03-2,Android,Chennai,14,1,0,0.92,35,728.31,380.43,111,88,402,0,0,0,0.0,0,
TXN03-00408,3,2026-05-19 15:04:34,1500.0,Grocery,30007,Card,DEV-03-1,Android,Chennai,15,1,0,28.88,36,728.41,379.92,10,170,403,0,0,0,0.0,0,
TXN03-00409,3,2026-05-19 15:05:35,640.58,Grocery,30015,UPI,DEV-03-2,Android,Chennai,15,1,0,1.02,37,730.5,381.52,6,89,404,0,0,0,0.0,0,
TXN03-00410,3,2026-05-19 15:08:25,728.34,Pharmacy,30008,UPI,DEV-03-7,iPhone,Chennai,15,1,0,2.83,38,730.26,381.03,112,5,405,0,0,0,0.0,0,
TXN03-00411,3,2026-05-19 15:16:30,490.0,Household,30021,Card,DEV-03-1,Android,Chennai,15,1,0,8.08,39,730.25,380.52,6,171,406,0,0,0,0.0,0,
TXN03-00412,3,2026-05-19 15:43:29,1404.39,Household,30009,Card,DEV-03-1,Android,Chennai,15,1,0,26.98,40,728.84,380.44,17,172,407,0,0,0,0.0,0,
TXN03-00413,3,2026-05-19 15:52:42,458.32,Grocery,30003,Card,DEV-03-2,Android,Chennai,15,1,0,9.22,41,731.39,381.79,21,90,408,0,0,0,0.0,0,
TXN03-00414,3,2026-05-19 16:13:02,1068.36,Pharmacy,30008,UPI,DEV-03-1,Android,Chennai,16,1,0,20.33,42,731.78,382.14,113,173,409,0,0,0,0.0,0,
TXN03-00415,3,2026-05-19 16:24:40,637.78,Grocery,30010,Card,DEV-03-2,Android,Chennai,16,1,0,11.63,43,731.71,382.08,10,91,410,0,0,0,0.0,0,
TXN03-00416,3,2026-05-19 16:29:29,1215.07,Pharmacy,30008,UPI,DEV-03-3,Android,Chennai,16,1,0,4.82,44,731.46,381.6,114,70,411,0,0,0,0.0,0,
TXN03-00417,3,2026-05-19 16:30:30,451.37,Pharmacy,30008,UPI,DEV-03-3,Android,Chennai,16,1,0,1.02,45,732.76,381.91,115,71,412,0,0,0,0.0,0,
TXN03-00418,3,2026-05-19 16:32:00,577.54,Grocery,30001,UPI,DEV-03-3,Android,Chennai,16,1,0,1.5,46,732.01,381.67,60,72,413,0,0,0,0.0,0,
TXN03-00419,3,2026-05-19 16:51:13,1477.14,Grocery,30003,Card,DEV-03-5,iPhone,Chennai,16,1,0,19.22,47,730.4,381.06,22,27,414,0,0,0,0.0,0,
TXN03-00420,3,2026-05-19 16:52:08,485.06,Household,30004,Card,DEV-03-2,Android,Chennai,16,1,0,0.92,48,732.4,382.49,37,92,415,0,0,0,0.0,0,
TXN03-00421,3,2026-05-19 17:06:25,1021.28,Pharmacy,30008,Card,DEV-03-3,Android,Chennai,17,1,0,14.28,49,731.74,382.2,116,73,416,0,0,0,0.0,0,
TXN03-00422,3,2026-05-19 17:09:17,158.77,Household,30004,Card,DEV-03-1,Android,Chennai,17,1,0,2.87,50,732.51,381.98,38,174,417,0,0,0,0.0,0,
TXN03-00423,3,2026-05-19 17:13:48,651.37,Household,30012,UPI,DEV-03-1,Android,Chennai,17,1,0,4.52,51,730.2,382.08,14,175,418,0,0,0,0.0,0,
TXN03-00424,3,2026-05-19 17:30:06,1365.23,Grocery,30019,UPI,DEV-03-1,Android,Chennai,17,1,0,16.3,52,730.95,381.65,7,176,419,0,0,0,0.0,0,
TXN03-00425,3,2026-05-19 17:46:14,1156.06,Household,30004,UPI,DEV-03-7,iPhone,Chennai,17,1,0,16.13,53,731.33,383.72,39,6,420,0,0,0,0.0,0,
TXN03-00426,3,2026-05-19 17:49:50,1290.22,Grocery,30010,UPI,DEV-03-3,Android,Chennai,17,1,0,3.6,54,732.46,383.84,11,74,421,0,0,0,0.0,0,
TXN03-00427,3,2026-05-19 18:06:35,1500.0,Household,30004,Card,DEV-03-2,Android,Chennai,18,1,0,16.75,55,733.05,384.53,40,93,422,0,0,0,0.0,0,
TXN03-00428,3,2026-05-19 18:41:55,1236.98,Grocery,30002,UPI,DEV-03-1,Android,Chennai,18,1,0,35.33,56,735.1,386.05,31,177,423,0,0,0,0.0,0,
TXN03-00429,3,2026-05-19 18:45:32,496.3,Pharmacy,30008,UPI,DEV-03-6,Web,Chennai,18,1,0,3.62,57,736.43,386.4,117,7,424,0,0,0,0.0,0,
TXN03-00430,3,2026-05-19 19:06:13,478.16,Grocery,30015,Card,DEV-03-3,Android,Chennai,19,1,0,20.68,58,736.66,386.24,7,75,425,0,0,0,0.0,0,
TXN03-00431,3,2026-05-19 19:19:56,168.86,Household,30005,Card,DEV-03-1,Android,Chennai,19,1,0,13.72,59,735.97,385.95,23,178,426,0,0,0,0.0,0,
TXN03-00432,3,2026-05-19 21:00:19,813.13,Grocery,30121,UPI,DEV-03-2,Android,Chennai,21,1,0,100.38,60,736.06,386.93,1,94,427,0,0,1,0.0,1,ato_odd_hour
TXN03-00433,3,2026-05-20 05:45:08,239.54,Gaming Subscription,30001,UPI,DEV-03-1,Android,Chennai,5,2,0,524.82,1,736.26,386.43,61,179,428,0,0,0,0.0,1,gaming_subscription
TXN03-00434,3,2026-05-20 08:11:48,210.94,Pharmacy,30008,UPI,DEV-03-3,Android,Chennai,8,2,0,146.67,2,733.92,387.41,118,76,429,0,0,0,0.0,0,
TXN03-00435,3,2026-05-20 08:27:30,495.7,Household,30005,Card,DEV-03-1,Android,Chennai,8,2,0,15.7,3,731.89,388.16,24,180,430,0,0,0,0.0,0,
TXN03-00436,3,2026-05-20 08:36:22,739.84,Grocery,30014,Card,DEV-03-1,Android,Chennai,8,2,0,8.87,4,730.25,387.58,9,181,431,0,0,0,0.0,0,
TXN03-00437,3,2026-05-20 09:50:10,1345.06,Grocery,30002,UPI,DEV-03-1,Android,Chennai,9,2,0,73.8,5,722.02,384.49,32,182,432,0,0,0,0.0,0,
TXN03-00438,3,2026-05-20 09:56:20,360.11,Household,30004,Card,DEV-03-6,Web,Chennai,9,2,0,6.17,6,723.72,385.33,41,8,433,0,0,0,0.0,0,
TXN03-00439,3,2026-05-20 10:09:01,302.54,Grocery,30002,Card,DEV-03-1,Android,Chennai,10,2,0,12.68,7,722.73,385.28,33,183,434,0,0,0,0.0,0,
TXN03-00440,3,2026-05-20 11:12:11,700.8,Household,30011,UPI,DEV-03-3,Android,Chennai,11,2,0,63.17,8,722.32,384.81,10,77,435,0,0,0,0.0,0,
TXN03-00441,3,2026-05-20 11:18:53,523.7,Grocery,30003,Card,DEV-03-1,Android,Chennai,11,2,0,6.7,9,722.26,384.28,23,184,436,0,0,0,0.0,0,
TXN03-00442,3,2026-05-20 11:29:44,333.29,Grocery,30001,UPI,DEV-03-1,Android,Chennai,11,2,0,10.85,10,721.71,383.89,62,185,437,0,0,0,0.0,0,
TXN03-00443,3,2026-05-20 12:31:35,606.56,Grocery,30003,Card,DEV-03-7,iPhone,Chennai,12,2,0,61.85,11,725.02,383.39,24,7,438,0,0,0,0.0,0,
TXN03-00444,3,2026-05-20 12:51:51,578.89,Pharmacy,30008,UPI,DEV-03-6,Web,Chennai,12,2,0,20.27,12,725.84,383.58,119,9,439,0,0,0,0.0,0,
TXN03-00445,3,2026-05-20 13:04:26,579.69,Grocery,30002,Card,DEV-03-1,Android,Chennai,13,2,0,12.58,13,725.43,383.12,34,186,440,0,0,0,0.0,0,
TXN03-00446,3,2026-05-20 13:24:00,642.31,Grocery,30007,Card,DEV-03-2,Android,Chennai,13,2,0,19.57,14,725.08,383.71,11,95,441,0,0,0,0.0,0,
TXN03-00447,3,2026-05-20 13:25:55,954.72,Grocery,30001,Card,DEV-03-4,Web,Chennai,13,2,0,1.92,15,724.85,383.2,63,42,442,0,0,0,0.0,0,
TXN03-00448,3,2026-05-20 13:47:26,483.16,Pharmacy,30008,Card,DEV-03-1,Android,Chennai,13,2,0,21.52,16,724.94,383.26,120,187,443,0,0,0,0.0,0,
TXN03-00449,3,2026-05-20 14:27:48,490.12,Grocery,30014,UPI,DEV-03-3,Android,Chennai,14,2,0,40.37,17,720.18,381.46,10,78,444,0,0,0,0.0,0,
TXN03-00450,3,2026-05-20 14:28:29,880.31,Household,30009,Card,DEV-03-3,Android,Chennai,14,2,0,0.68,18,719.53,381.12,18,79,445,0,0,0,0.0,0,
TXN03-00451,3,2026-05-20 14:31:55,561.04,Household,30004,UPI,DEV-03-4,Web,Chennai,14,2,0,3.43,19,719.98,380.68,42,43,446,0,0,0,0.0,0,
TXN03-00452,3,2026-05-20 14:32:01,799.81,Grocery,30002,Card,DEV-03-2,Android,Chennai,14,2,0,0.1,20,719.54,380.24,35,96,447,0,0,0,0.0,0,
TXN03-00453,3,2026-05-20 15:07:59,523.31,Pharmacy,30008,Card,DEV-03-2,Android,Chennai,15,2,0,35.97,21,724.35,379.97,121,97,448,0,0,0,0.0,0,
TXN03-00454,3,2026-05-20 15:12:23,251.77,Grocery,30001,UPI,DEV-03-4,Web,Chennai,15,2,0,4.4,22,723.78,379.59,64,44,449,0,0,0,0.0,0,
TXN03-00455,3,2026-05-20 15:40:48,861.23,Grocery,30002,UPI,DEV-03-2,Android,Chennai,15,2,0,28.42,23,720.81,378.36,36,98,450,0,0,0,0.0,0,
TXN03-00456,3,2026-05-20 16:10:00,379.94,Household,30004,Card,DEV-03-5,iPhone,Chennai,16,2,0,29.2,24,721.09,378.44,43,28,451,0,0,0,0.0,0,
TXN03-00457,3,2026-05-20 16:17:48,403.23,Grocery,30007,Card,DEV-03-4,Web,Chennai,16,2,0,7.8,25,721.25,378.28,12,45,452,0,0,0,0.0,0,
TXN03-00458,3,2026-05-20 17:07:02,369.85,Grocery,30002,Card,DEV-03-6,Web,Chennai,17,2,0,49.23,26,715.78,376.65,37,10,453,0,0,0,0.0,0,
TXN03-00459,3,2026-05-20 17:21:12,1313.92,Grocery,30022,UPI,DEV-03-2,Android,Chennai,17,2,0,14.17,27,714.92,376.89,1,99,454,0,0,1,0.0,0,
TXN03-00460,3,2026-05-20 17:26:31,231.57,Grocery,30010,UPI,DEV-03-1,Android,Chennai,17,2,0,5.32,28,715.99,378.06,12,188,455,0,0,0,0.0,0,
TXN03-00461,3,2026-05-20 17:29:54,287.58,Pharmacy,30008,UPI,DEV-03-1,Android,Chennai,17,2,0,3.38,29,714.6,378.41,122,189,456,0,0,0,0.0,0,
TXN03-00462,3,2026-05-20 17:57:41,1087.96,Pharmacy,30008,Card,DEV-03-1,Android,Chennai,17,2,0,27.78,30,712.15,378.39,123,190,457,0,0,0,0.0,0,
TXN03-00463,3,2026-05-20 18:11:43,321.59,Grocery,30007,Card,DEV-03-6,Web,Chennai,18,2,0,14.03,31,708.7,374.72,13,11,458,0,0,0,0.0,0,
TXN03-00464,3,2026-05-20 18:12:07,387.46,Household,30004,UPI,DEV-03-1,Android,Chennai,18,2,0,0.4,32,707.59,374.76,44,191,459,0,0,0,0.0,0,
TXN03-00465,3,2026-05-20 18:32:37,194.92,Pharmacy,30008,Card,DEV-03-2,Android,Chennai,18,2,0,20.5,33,702.11,371.85,124,100,460,0,0,0,0.0,0,
TXN03-00466,3,2026-05-20 18:43:51,1473.04,Household,30005,UPI,DEV-03-1,Android,Chennai,18,2,0,11.23,34,699.7,373.68,25,192,461,0,0,0,0.0,0,
TXN03-00467,3,2026-05-20 18:49:54,345.86,Household,30005,Card,DEV-03-7,iPhone,Chennai,18,2,0,6.05,35,699.62,373.52,26,8,462,0,0,0,0.0,0,
TXN03-00468,3,2026-05-20 18:50:43,589.07,Grocery,30014,UPI,DEV-03-2,Android,Chennai,18,2,0,0.82,36,699.11,373.88,11,101,463,0,0,0,0.0,0,
TXN03-00469,3,2026-05-20 19:03:42,1285.37,Grocery,30002,UPI,DEV-03-2,Android,Chennai,19,2,0,12.98,37,699.63,373.6,38,102,464,0,0,0,0.0,0,
TXN03-00470,3,2026-05-20 19:08:55,229.14,Pharmacy,30008,Card,DEV-03-5,iPhone,Chennai,19,2,0,5.22,38,702.76,374.64,125,29,465,0,0,0,0.0,0,
TXN03-00471,3,2026-05-20 19:34:27,260.54,Grocery,30001,UPI,DEV-03-4,Web,Chennai,19,2,0,25.53,39,703.55,374.67,65,46,466,0,0,0,0.0,0,
TXN03-00472,3,2026-05-20 19:59:59,551.98,Pharmacy,30008,UPI,DEV-03-2,Android,Chennai,19,2,0,25.53,40,702.26,374.89,126,103,467,0,0,0,0.0,0,
TXN03-00473,3,2026-05-20 21:33:57,1595.21,Airport,30001,UPI,DEV-03-1,Android,Chandigarh,21,2,0,93.97,41,701.82,374.43,66,193,1,0,1,0,1995.05,1,airport_txn
TXN03-00474,3,2026-05-20 23:35:23,671.44,Gaming Subscription,30001,UPI,DEV-03-1,Android,Chennai,23,2,0,121.43,42,704.6,377.49,67,194,468,0,0,0,1995.05,1,gaming_subscription
TXN03-00475,3,2026-05-21 08:00:58,817.88,Pharmacy,30023,UPI,DEV-03-2,Android,Chennai,8,3,0,505.58,1,704.51,376.95,2,104,469,0,0,0,0.0,0,
TXN03-00476,3,2026-05-21 08:05:23,1386.2,Grocery,30001,Card,DEV-03-1,Android,Chennai,8,3,0,4.42,2,705.75,376.61,68,195,470,0,0,0,0.0,0,
TXN03-00477,3,2026-05-21 08:10:10,170.67,Pharmacy,30023,Card,DEV-03-1,Android,Chennai,8,3,0,4.78,3,707.71,377.84,3,196,471,0,0,0,0.0,0,
TXN03-00478,3,2026-05-21 08:44:17,222.46,Pharmacy,30008,Card,DEV-03-3,Android,Chennai,8,3,0,34.12,4,706.17,378.39,127,80,472,0,0,0,0.0,0,
TXN03-00479,3,2026-05-21 09:01:32,643.13,Pharmacy,30023,UPI,DEV-03-3,Android,Chennai,9,3,0,17.25,5,705.21,379.19,4,81,473,0,0,0,0.0,0,
TXN03-00480,3,2026-05-21 09:47:30,590.63,Household,30013,UPI,DEV-03-5,iPhone,Chennai,9,3,0,45.97,6,701.2,376.96,8,30,474,0,0,0,0.0,0,
TXN03-00481,3,2026-05-21 11:03:11,744.07,Household,30016,Card,DEV-03-1,Android,Chennai,11,3,0,75.68,7,701.1,377.54,8,197,475,0,0,0,0.0,0,
TXN03-00482,3,2026-05-21 11:44:56,914.54,Household,30009,UPI,DEV-03-6,Web,Chennai,11,3,0,41.75,8,701.58,376.93,19,12,476,0,0,0,0.0,0,
TXN03-00483,3,2026-05-21 11:55:39,499.83,Grocery,30002,UPI,DEV-03-2,Android,Chennai,11,3,0,10.72,9,704.86,377.05,39,105,477,0,0,0,0.0,0,
TXN03-00484,3,2026-05-21 11:58:59,1012.5,Pharmacy,30008,Card,DEV-03-1,Android,Mumbai,11,3,0,3.33,10,704.26,376.66,128,198,2,0,0,0,1033.1,0,
TXN03-00485,3,2026-05-21 13:13:06,873.08,Household,30012,Card,DEV-03-3,Android,Chennai,13,3,0,74.12,11,707.14,376.73,15,82,478,0,0,0,1033.1,0,
TXN03-00486,3,2026-05-21 13:34:22,1289.69,Household,30005,Card,DEV-03-3,Android,Chennai,13,3,0,21.27,12,706.99,377.0,27,83,479,0,0,0,0.0,0,
TXN03-00487,3,2026-05-21 13:39:51,551.49,Grocery,30003,Card,DEV-03-1,Android,Chennai,13,3,0,5.48,13,710.17,378.41,25,199,480,0,0,0,0.0,0,
TXN03-00488,3,2026-05-21 13:56:57,456.37,Grocery,30001,UPI,DEV-03-4,Web,Chennai,13,3,0,17.1,14,710.89,378.75,69,47,481,0,0,0,0.0,0,
TXN03-00489,3,2026-05-21 15:09:28,560.55,Household,30005,UPI,DEV-03-4,Web,Chennai,15,3,0,72.52,15,710.14,378.44,28,48,482,0,0,0,0.0,0,
TXN03-00490,3,2026-05-21 15:09:51,748.09,Pharmacy,30008,Card,DEV-03-3,Android,Chennai,15,3,0,0.38,16,709.69,377.97,129,84,483,0,0,0,0.0,0,
TXN03-00491,3,2026-05-21 15:27:34,797.5,Pharmacy,30023,Card,DEV-03-1,Android,Chennai,15,3,0,17.72,17,709.72,378.53,5,200,484,0,0,0,0.0,0,
TXN03-00492,3,2026-05-21 16:08:39,1265.83,Household,30011,Card,DEV-03-6,Web,Chennai,16,3,0,41.08,18,710.18,378.56,11,13,485,0,0,0,0.0,0,
TXN03-00493,3,2026-05-21 16:46:35,264.76,Grocery,30002,UPI,DEV-03-1,Android,Chennai,16,3,0,37.93,19,708.0,376.9,40,201,486,0,0,0,0.0,0,
TXN03-00494,3,2026-05-21 17:29:30,583.6,Household,30016,UPI,DEV-03-4,Web,Chennai,17,3,0,42.92,20,706.67,378.54,9,49,487,0,0,0,0.0,0,
TXN03-00495,3,2026-05-21 17:31:11,253.21,Grocery,30002,Card,DEV-03-1,Android,Chennai,17,3,0,1.68,21,706.3,378.03,41,202,488,0,0,0,0.0,0,
TXN03-00496,3,2026-05-21 17:36:32,1500.0,Pharmacy,30008,UPI,DEV-03-6,Web,Chennai,17,3,0,5.35,22,704.94,378.28,130,14,489,0,0,0,0.0,0,
TXN03-00497,3,2026-05-21 17:55:36,1001.95,Household,30009,UPI,DEV-03-3,Android,Chennai,17,3,0,19.07,23,705.33,380.43,20,85,490,0,0,0,0.0,0,
TXN03-00498,3,2026-05-21 18:01:45,423.32,Household,30013,Card,DEV-03-3,Android,Chennai,18,3,0,6.15,24,706.22,380.21,9,86,491,0,0,0,0.0,0,
TXN03-00499,3,2026-05-21 18:25:39,628.52,Grocery,30002,UPI,DEV-03-1,Android,Chennai,18,3,0,23.9,25,706.9,380.33,42,203,492,0,0,0,0.0,0,
TXN03-00500,3,2026-05-21 18:29:58,581.31,Grocery,30002,Card,DEV-03-1,Android,Chennai,18,3,0,4.32,26,706.67,379.79,43,204,493,0,0,0,0.0,0,
TXN03-00501,3,2026-05-21 18:44:41,454.65,Pharmacy,30008,Card,DEV-03-2,Android,Chennai,18,3,0,14.72,27,705.93,379.84,131,106,494,0,0,0,0.0,0,
TXN03-00502,3,2026-05-21 18:55:07,1384.87,Household,30004,UPI,DEV-03-2,Android,Chennai,18,3,0,10.43,28,705.41,380.07,45,107,495,0,0,0,0.0,0,
TXN03-00503,3,2026-05-21 18:57:05,291.83,Grocery,30002,UPI,DEV-03-7,iPhone,Chennai,18,3,0,1.97,29,707.44,381.31,44,9,496,0,0,0,0.0,0,
TXN03-00504,3,2026-05-21 19:23:20,172.44,Household,30004,UPI,DEV-03-3,Android,Chennai,19,3,0,26.25,30,704.14,380.88,46,87,497,0,0,0,0.0,0,
TXN03-00505,3,2026-05-21 19:31:26,1500.0,Grocery,30010,Card,DEV-03-4,Web,Chennai,19,3,0,8.1,31,700.16,379.47,13,50,498,0,0,0,0.0,0,
TXN03-00506,3,2026-05-21 19:52:22,377.66,Grocery,30006,UPI,DEV-03-5,iPhone,Chennai,19,3,0,20.93,32,703.6,381.5,16,31,499,0,0,0,0.0,0,
TXN03-00507,3,2026-05-22 00:50:36,407.37,Fuel,30001,UPI,DEV-03-1,Android,Chennai,0,4,0,298.23,1,699.62,379.81,70,205,500,0,0,0,0.0,1,midnight_fuel
TXN03-00508,3,2026-05-22 08:19:37,531.91,Pharmacy,30023,Card,DEV-03-3,Android,Chennai,8,4,0,449.02,2,700.01,379.44,6,88,501,0,0,0,0.0,0,
TXN03-00509,3,2026-05-22 08:34:45,206.08,Pharmacy,30023,Card,DEV-03-1,Android,Chennai,8,4,0,15.13,3,699.51,378.99,7,206,502,0,0,0,0.0,0,
TXN03-00510,3,2026-05-22 08:38:12,1500.0,Grocery,30006,Card,DEV-03-1,Android,Chennai,8,4,0,3.45,4,698.03,379.38,17,207,503,0,0,0,0.0,0,
TXN03-00511,3,2026-05-22 08:48:10,430.01,Household,30004,Card,DEV-03-2,Android,Chennai,8,4,0,9.97,5,700.42,381.33,47,108,504,0,0,0,0.0,0,
TXN03-00512,3,2026-05-22 08:57:20,387.29,Household,30004,Card,DEV-03-3,Android,Chennai,8,4,0,9.17,6,699.62,381.04,48,89,505,0,0,0,0.0,0,
TXN03-00513,3,2026-05-22 09:01:14,866.88,Household,30004,UPI,DEV-03-2,Android,Chennai,9,4,0,3.9,7,698.69,380.86,49,109,506,0,0,0,0.0,0,
TXN03-00514,3,2026-05-22 09:17:01,940.78,Grocery,30022,UPI,DEV-03-2,Android,Chennai,9,4,0,15.78,8,699.03,380.96,2,110,507,0,0,0,0.0,0,
TXN03-00515,3,2026-05-22 09:18:38,398.73,Household,30013,Card,DEV-03-1,Android,Chennai,9,4,0,1.62,9,699.74,380.62,10,208,508,0,0,0,0.0,0,
TXN03-00516,3,2026-05-22 09:33:41,259.12,Household,30004,UPI,DEV-03-1,Android,Chennai,9,4,0,15.05,10,698.25,380.81,50,209,509,0,0,0,0.0,0,
TXN03-00517,3,2026-05-22 09:38:09,894.09,Pharmacy,30008,UPI,DEV-03-3,Android,Chennai,9,4,0,4.47,11,696.96,380.99,132,90,510,0,0,0,0.0,0,
TXN03-00518,3,2026-05-22 09:38:35,552.24,Household,30004,Card,DEV-03-1,Android,Chennai,9,4,0,0.43,12,697.54,380.58,51,210,511,0,0,0,0.0,0,
TXN03-00519,3,2026-05-22 09:54:50,326.72,Pharmacy,30008,Card,DEV-03-6,Web,Chennai,9,4,0,16.25,13,695.91,380.02,133,15,512,0,0,0,0.0,0,
TXN03-00520,3,2026-05-22 10:00:04,1455.4,Pharmacy,30023,Card,DEV-03-4,Web,Chennai,10,4,0,5.23,14,694.83,379.98,8,51,513,0,0,0,0.0,0,
TXN03-00521,3,2026-05-22 10:02:09,1116.3,Grocery,30015,Card,DEV-03-4,Web,Chennai,10,4,0,2.08,15,697.05,381.64,8,52,514,0,0,0,0.0,0,
TXN03-00522,3,2026-05-22 10:08:38,987.71,Pharmacy,30008,UPI,DEV-03-5,iPhone,Chennai,10,4,0,6.48,16,698.45,382.3,134,32,515,0,0,0,0.0,0,
TXN03-00523,3,2026-05-22 10:17:17,839.79,Pharmacy,30008,UPI,DEV-03-8,Web,Chennai,10,4,0,8.65,17,699.41,382.61,135,1,516,1,0,0,0.0,0,
TXN03-00524,3,2026-05-22 10:22:22,196.88,Household,30009,Card,DEV-03-4,Web,Chennai,10,4,0,5.08,18,700.33,382.57,21,53,517,0,0,0,0.0,0,
TXN03-00525,3,2026-05-22 10:50:18,1500.0,Pharmacy,30008,UPI,DEV-03-3,Android,Chennai,10,4,0,27.93,19,698.86,382.98,136,91,518,0,0,0,0.0,0,
TXN03-00526,3,2026-05-22 10:51:33,425.14,Grocery,30001,UPI,DEV-03-4,Web,Chennai,10,4,0,1.25,20,701.19,384.85,71,54,519,0,0,0,0.0,0,
TXN03-00527,3,2026-05-22 11:02:53,1019.23,Grocery,30006,UPI,DEV-03-7,iPhone,Chennai,11,4,0,11.33,21,698.27,384.68,18,10,520,0,0,0,0.0,0,
TXN03-00528,3,2026-05-22 11:08:10,175.5,Household,30012,Card,DEV-03-1,Android,Chennai,11,4,0,5.28,22,700.65,384.13,16,211,521,0,0,0,0.0,0,
TXN03-00529,3,2026-05-22 11:11:46,520.2,Household,30009,UPI,DEV-03-8,Web,Chennai,11,4,0,3.6,23,699.13,384.61,22,2,522,0,0,0,0.0,0,
TXN03-00530,3,2026-05-22 11:12:27,1240.37,Household,30024,UPI,DEV-03-2,Android,Chennai,11,4,0,0.68,24,698.61,384.17,1,111,523,0,0,1,0.0,0,
TXN03-00531,3,2026-05-22 11:16:42,451.13,Pharmacy,30008,Card,DEV-03-4,Web,Chennai,11,4,0,4.25,25,700.17,384.72,137,55,524,0,0,0,0.0,0,
TXN03-00532,3,2026-05-22 11:35:10,876.84,Grocery,30002,UPI,DEV-03-3,Android,Chennai,11,4,0,18.47,26,697.14,382.53,45,92,525,0,0,0,0.0,0,
TXN03-00533,3,2026-05-22 12:00:20,768.86,Grocery,30010,UPI,DEV-03-3,Android,Chennai,12,4,0,25.17,27,698.24,382.5,14,93,526,0,0,0,0.0,0,
TXN03-00534,3,2026-05-22 12:22:11,157.82,Grocery,30002,UPI,DEV-03-2,Android,Chennai,12,4,0,21.85,28,698.44,381.97,46,112,527,0,0,0,0.0,0,
TXN03-00535,3,2026-05-22 12:51:29,363.11,Grocery,30003,UPI,DEV-03-3,Android,Chennai,12,4,0,29.3,29,696.89,382.51,26,94,528,0,0,0,0.0,0,
TXN03-00536,3,2026-05-22 13:17:10,989.75,Grocery,30001,UPI,DEV-03-1,Android,Chennai,13,4,0,25.68,30,698.71,382.53,72,212,529,0,0,0,0.0,0,
TXN03-00537,3,2026-05-22 14:08:20,1500.0,Grocery,30010,Card,DEV-03-2,Android,Chennai,14,4,0,51.17,31,696.14,382.07,15,113,530,0,0,0,0.0,0,
TXN03-00538,3,2026-05-22 14:16:11,897.28,Pharmacy,30008,UPI,DEV-03-2,Android,Chennai,14,4,0,7.85,32,698.49,383.97,138,114,531,0,0,0,0.0,0,
TXN03-00539,3,2026-05-22 14:17:05,140.6,Pharmacy,30025,UPI,DEV-03-1,Android,Chennai,14,4,0,0.9,33,699.07,383.56,1,213,532,0,0,1,0.0,0,
TXN03-00540,3,2026-05-22 14:18:27,535.47,Grocery,30003,Card,DEV-03-1,Android,Chennai,14,4,0,1.37,34,697.98,384.61,27,214,533,0,0,0,0.0,0,
TXN03-00541,3,2026-05-22 14:26:25,1165.32,Grocery,30001,UPI,DEV-03-2,Android,Chennai,14,4,0,7.97,35,697.51,384.15,73,115,534,0,0,0,0.0,0,
TXN03-00542,3,2026-05-22 14:29:36,1045.64,Pharmacy,30008,UPI,DEV-03-3,Android,Chennai,14,4,0,3.18,36,698.87,384.42,139,95,535,0,0,0,0.0,0,
TXN03-00543,3,2026-05-22 14:36:27,1259.02,Household,30004,UPI,DEV-03-3,Android,Chennai,14,4,0,6.85,37,699.87,384.31,52,96,536,0,0,0,0.0,0,
TXN03-00544,3,2026-05-22 15:01:43,227.31,Pharmacy,30023,UPI,DEV-03-1,Android,Chennai,15,4,0,25.27,38,701.48,384.93,9,215,537,0,0,0,0.0,0,
TXN03-00545,3,2026-05-22 15:08:10,266.94,Pharmacy,30008,UPI,DEV-03-6,Web,Chennai,15,4,0,6.45,39,700.12,385.21,140,16,538,0,0,0,0.0,0,
TXN03-00546,3,2026-05-22 15:13:25,1500.0,Grocery,30001,Card,DEV-03-9,Web,Chennai,15,4,0,5.25,40,698.88,385.35,74,1,539,1,0,0,0.0,0,
TXN03-00547,3,2026-05-22 15:18:42,686.56,Household,30012,UPI,DEV-03-1,Android,Chennai,15,4,0,5.28,41,701.77,387.56,17,216,540,0,0,0,0.0,0,
TXN03-00548,3,2026-05-22 15:23:49,519.28,Household,30012,UPI,DEV-03-2,Android,Chennai,15,4,0,5.12,42,701.73,387.01,18,116,541,0,0,0,0.0,0,
TXN03-00549,3,2026-05-22 15:27:20,469.46,Household,30004,Card,DEV-03-1,Android,Chennai,15,4,0,3.52,43,701.21,386.58,53,217,542,0,0,0,0.0,0,
TXN03-00550,3,2026-05-22 15:45:00,713.83,Pharmacy,30008,UPI,DEV-03-1,Android,Chennai,15,4,0,17.67,44,702.73,386.24,141,218,543,0,0,0,0.0,0,
TXN03-00551,3,2026-05-22 15:56:49,396.86,Household,30005,Card,DEV-03-2,Android,Chennai,15,4,0,11.82,45,701.71,383.73,29,117,544,0,0,0,0.0,0,
TXN03-00552,3,2026-05-22 16:08:04,536.77,Grocery,30022,Card,DEV-03-10,Android,Chennai,16,4,0,11.25,46,700.84,383.53,3,1,545,1,0,0,0.0,0,
TXN03-00553,3,2026-05-22 16:29:14,384.26,Household,30009,UPI,DEV-03-4,Web,Chennai,16,4,0,21.17,47,701.95,383.61,23,56,546,0,0,0,0.0,0,
TXN03-00554,3,2026-05-22 16:30:29,960.44,Pharmacy,30023,Card,DEV-03-2,Android,Chennai,16,4,0,1.25,48,701.04,383.43,10,118,547,0,0,0,0.0,0,
TXN03-00555,3,2026-05-22 16:40:58,1284.56,Airport,30001,UPI,DEV-03-1,Android,Goa,16,4,0,10.48,49,701.78,383.14,75,219,1,0,1,0,706.92,1,airport_txn
TXN03-00556,3,2026-05-22 16:41:06,1266.95,Household,30005,Card,DEV-03-6,Web,Chennai,16,4,0,0.13,50,703.44,383.85,30,17,548,0,0,0,706.92,0,
TXN03-00557,3,2026-05-22 16:46:06,1417.42,Grocery,30002,UPI,DEV-UNK-7679,Android,Chennai,16,4,0,5.0,51,705.03,384.47,47,1,549,1,0,0,0.0,1,ato_new_device_short_gap
TXN03-00558,3,2026-05-22 16:52:40,603.47,Grocery,30001,Card,DEV-03-6,Web,Chennai,16,4,0,6.57,52,707.05,385.79,76,18,550,0,0,0,0.0,0,
TXN03-00559,3,2026-05-22 17:06:24,1257.92,Grocery,30022,Card,DEV-03-1,Android,Chennai,17,4,0,13.73,53,706.59,385.75,4,220,551,0,0,0,0.0,0,
TXN03-00560,3,2026-05-22 17:21:49,324.82,Pharmacy,30008,UPI,DEV-03-1,Android,Chennai,17,4,0,15.42,54,707.56,386.85,142,221,552,0,0,0,0.0,0,
TXN03-00561,3,2026-05-22 17:28:56,645.58,Pharmacy,30008,Card,DEV-03-2,Android,Chennai,17,4,0,7.12,55,706.48,386.84,143,119,553,0,0,0,0.0,0,
TXN03-00562,3,2026-05-22 17:43:39,217.63,Grocery,30019,Card,DEV-03-1,Android,Chennai,17,4,0,14.72,56,706.31,386.31,8,222,554,0,0,0,0.0,0,
TXN03-00563,3,2026-05-22 18:01:27,186.69,Grocery,30001,UPI,DEV-03-1,Android,Chennai,18,4,0,17.8,57,704.93,386.63,77,223,555,0,0,0,0.0,0,
TXN03-00564,3,2026-05-22 18:22:17,998.17,Grocery,30001,UPI,DEV-03-2,Android,Chennai,18,4,0,20.83,58,703.48,387.06,78,120,556,0,0,0,0.0,0,
TXN03-00565,3,2026-05-22 18:22:20,587.34,Household,30004,UPI,DEV-03-3,Android,Chennai,18,4,0,0.05,59,704.3,386.83,54,97,557,0,0,0,0.0,0,
TXN03-00566,3,2026-05-22 18:43:49,437.57,Grocery,30002,UPI,DEV-03-10,Android,Chennai,18,4,0,21.48,60,703.98,386.34,48,2,558,0,0,0,0.0,0,
TXN03-00567,3,2026-05-22 18:45:15,1290.99,Household,30021,Card,DEV-03-1,Android,Chennai,18,4,0,1.43,61,703.23,386.06,7,224,559,0,0,0,0.0,0,
TXN03-00568,3,2026-05-22 18:51:54,420.17,Pharmacy,30025,Card,DEV-03-2,Android,Chennai,18,4,0,6.65,62,704.87,386.76,2,121,560,0,0,0,0.0,0,
TXN03-00569,3,2026-05-22 19:05:17,792.21,Household,30004,Card,DEV-03-5,iPhone,Pune,19,4,0,13.38,63,704.08,386.51,55,33,1,0,1,0,914.36,0,
TXN03-00570,3,2026-05-22 19:26:52,996.71,Pharmacy,30023,Card,DEV-03-1,Android,Chennai,19,4,0,21.58,64,705.13,386.75,11,225,561,0,0,0,914.36,0,
TXN03-00571,3,2026-05-22 19:27:06,1040.68,Grocery,30002,Card,DEV-03-1,Android,Chennai,19,4,0,0.23,65,705.93,386.51,49,226,562,0,0,0,0.0,0,
TXN03-00572,3,2026-05-22 19:36:46,266.7,Household,30011,Card,DEV-03-3,Android,Chennai,19,4,0,9.67,66,707.5,386.72,12,98,563,0,0,0,0.0,0,
TXN03-00573,3,2026-05-22 19:40:46,1194.4,Household,30005,Card,DEV-03-1,Android,Chennai,19,4,0,4.0,67,706.28,386.88,31,227,564,0,0,0,0.0,0,
TXN03-00574,3,2026-05-22 19:50:15,469.02,Grocery,30001,Card,DEV-03-1,Android,Chennai,19,4,0,9.48,68,706.77,387.38,79,228,565,0,0,0,0.0,0,
TXN03-00575,3,2026-05-22 19:50:45,155.7,Pharmacy,30008,Card,DEV-03-3,Android,Chennai,19,4,0,0.5,69,706.12,387.05,144,99,566,0,0,0,0.0,0,
TXN03-00576,3,2026-05-22 19:53:07,812.82,Grocery,30003,Card,DEV-03-1,Android,Chennai,19,4,0,2.37,70,704.6,387.59,28,229,567,0,0,0,0.0,0,
TXN03-00577,3,2026-05-22 19:55:08,525.67,Grocery,30007,Card,DEV-03-1,Android,Chennai,19,4,0,2.02,71,704.9,387.1,14,230,568,0,0,0,0.0,0,
TXN03-00578,3,2026-05-23 08:01:14,130.22,Household,30005,UPI,DEV-03-1,Android,Chennai,8,5,1,726.1,1,704.41,386.68,32,231,569,0,0,0,0.0,0,
TXN03-00579,3,2026-05-23 08:07:24,715.19,Pharmacy,30025,Card,DEV-03-1,Android,Chennai,8,5,1,6.17,2,702.85,387.31,3,232,570,0,0,0,0.0,0,
TXN03-00580,3,2026-05-23 08:11:08,1326.98,Household,30024,Card,DEV-03-1,Android,Chennai,8,5,1,3.73,3,702.88,386.79,2,233,571,0,0,0,0.0,0,
TXN03-00581,3,2026-05-23 08:11:34,912.73,Grocery,30010,Card,DEV-03-3,Android,Chennai,8,5,1,0.43,4,704.57,387.62,16,100,572,0,0,0,0.0,0,
TXN03-00582,3,2026-05-23 08:45:38,1500.0,Grocery,30002,UPI,DEV-03-3,Android,Chennai,8,5,1,34.07,5,705.13,387.25,50,101,573,0,0,0,0.0,0,
TXN03-00583,3,2026-05-23 08:49:32,170.92,Pharmacy,30023,Card,DEV-03-2,Android,Chennai,8,5,1,3.9,6,707.28,388.92,12,122,574,0,0,0,0.0,0,
TXN03-00584,3,2026-05-23 08:57:09,594.77,Grocery,30007,UPI,DEV-03-8,Web,Chennai,8,5,1,7.62,7,705.83,389.39,15,3,575,0,0,0,0.0,0,
TXN03-00585,3,2026-05-23 08:59:35,1500.0,Grocery,30006,UPI,DEV-03-2,Android,Chennai,8,5,1,2.43,8,705.05,389.32,19,123,576,0,0,0,0.0,0,
TXN03-00586,3,2026-05-23 09:15:24,1204.97,Grocery,30001,Card,DEV-03-3,Android,Chennai,9,5,1,15.82,9,706.85,392.37,80,102,577,0,0,0,0.0,0,
TXN03-00587,3,2026-05-23 09:39:47,1004.21,Grocery,30001,UPI,DEV-03-2,Android,Chennai,9,5,1,24.38,10,708.38,391.53,81,124,578,0,0,0,0.0,0,
TXN03-00588,3,2026-05-23 09:52:37,204.5,Pharmacy,30023,UPI,DEV-03-1,Android,Chennai,9,5,1,12.83,11,709.18,391.3,13,234,579,0,0,0,0.0,0,
TXN03-00589,3,2026-05-23 10:05:23,430.92,Pharmacy,30025,UPI,DEV-03-1,Android,Chennai,10,5,1,12.77,12,708.8,391.72,4,235,580,0,0,0,0.0,0,
TXN03-00590,3,2026-05-23 10:57:45,434.1,Grocery,30003,UPI,DEV-03-1,Android,Chennai,10,5,1,52.37,13,706.34,391.41,29,236,581,0,0,0,0.0,0,
TXN03-00591,3,2026-05-23 10:59:02,333.37,Grocery,30001,Card,DEV-03-2,Android,Chennai,10,5,1,1.28,14,705.6,391.14,82,125,582,0,0,0,0.0,0,
TXN03-00592,3,2026-05-23 11:37:29,840.61,Household,30004,UPI,DEV-03-3,Android,Pune,11,5,1,38.45,15,702.96,389.81,56,103,2,0,0,0,914.36,0,
TXN03-00593,3,2026-05-23 12:02:36,1500.0,Pharmacy,30008,Card,DEV-03-1,Android,Chennai,12,5,1,25.12,16,705.11,389.65,145,237,583,0,0,0,914.36,0,
TXN03-00594,3,2026-05-23 12:05:14,363.91,Grocery,30020,Card,DEV-03-2,Android,Chennai,12,5,1,2.63,17,707.28,391.31,3,126,584,0,0,0,0.0,0,
TXN03-00595,3,2026-05-23 12:11:34,349.58,Grocery,30010,UPI,DEV-03-1,Android,Chennai,12,5,1,6.33,18,706.35,391.19,17,238,585,0,0,0,0.0,0,
TXN03-00596,3,2026-05-23 12:28:27,304.18,Household,30005,Card,DEV-03-3,Android,Chennai,12,5,1,16.88,19,705.38,391.1,33,104,586,0,0,0,0.0,0,
TXN03-00597,3,2026-05-23 12:30:16,536.3,Household,30004,Card,DEV-03-5,iPhone,Chennai,12,5,1,1.82,20,704.29,391.13,57,34,587,0,0,0,0.0,0,
TXN03-00598,3,2026-05-23 12:37:34,1330.91,Household,30005,Card,DEV-03-3,Android,Chennai,12,5,1,7.3,21,703.84,390.7,34,105,588,0,0,0,0.0,0,
TXN03-00599,3,2026-05-23 12:46:31,500.24,Grocery,30010,Card,DEV-03-1,Android,Chennai,12,5,1,8.95,22,706.61,391.49,18,239,589,0,0,0,0.0,0,
TXN03-00600,3,2026-05-23 12:57:59,437.4,Household,30005,Card,DEV-03-2,Android,Chennai,12,5,1,11.47,23,707.45,391.42,35,127,590,0,0,0,0.0,0,
TXN03-00601,3,2026-05-23 13:06:17,1489.65,Household,30004,UPI,DEV-03-3,Android,Chennai,13,5,1,8.3,24,705.59,391.58,58,106,591,0,0,0,0.0,0,
TXN03-00602,3,2026-05-23 13:26:43,1173.03,Grocery,30001,UPI,DEV-03-4,Web,Chennai,13,5,1,20.43,25,708.32,393.51,83,57,592,0,0,0,0.0,0,
TXN03-00603,3,2026-05-23 13:34:38,920.61,Household,30004,Card,DEV-03-5,iPhone,Chennai,13,5,1,7.92,26,709.57,393.72,59,35,593,0,0,0,0.0,0,
TXN03-00604,3,2026-05-23 13:38:45,1500.0,Household,30017,Card,DEV-03-1,Android,Chennai,13,5,1,4.12,27,710.14,393.34,8,240,594,0,0,0,0.0,0,
TXN03-00605,3,2026-05-23 13:47:07,895.06,Household,30011,UPI,DEV-03-7,iPhone,Chennai,13,5,1,8.37,28,710.87,394.55,13,11,595,0,0,0,0.0,0,
TXN03-00606,3,2026-05-23 13:50:25,1395.69,Grocery,30003,Card,DEV-03-2,Android,Chennai,13,5,1,3.3,29,711.37,394.14,30,128,596,0,0,0,0.0,0,
TXN03-00607,3,2026-05-23 13:52:23,1038.17,Household,30012,UPI,DEV-03-10,Android,Chennai,13,5,1,1.97,30,713.2,395.2,19,3,597,0,0,0,0.0,0,
TXN03-00608,3,2026-05-23 13:55:58,518.44,Grocery,30026,Card,DEV-03-6,Web,Chennai,13,5,1,3.58,31,714.07,395.03,1,19,598,0,0,1,0.0,0,
TXN03-00609,3,2026-05-23 14:03:30,1500.0,Grocery,30010,Card,DEV-03-2,Android,Chennai,14,5,1,7.53,32,713.55,394.63,19,129,599,0,0,0,0.0,0,
TXN03-00610,3,2026-05-23 14:03:34,355.19,Grocery,30001,UPI,DEV-03-3,Android,Chennai,14,5,1,0.07,33,715.64,396.18,84,107,600,0,0,0,0.0,0,
TXN03-00611,3,2026-05-23 15:02:56,268.11,Household,30004,Card,DEV-03-8,Web,Chennai,15,5,1,59.37,34,715.22,396.25,60,4,601,0,0,0,0.0,0,
TXN03-00612,3,2026-05-23 15:17:03,459.06,Household,30005,Card,DEV-03-3,Android,Chennai,15,5,1,14.12,35,713.17,394.94,36,108,602,0,0,0,0.0,0,
TXN03-00613,3,2026-05-23 15:35:58,1500.0,Grocery,30001,Card,DEV-03-11,Web,Chennai,15,5,1,18.92,36,712.63,395.48,85,1,603,1,0,0,0.0,0,
TXN03-00614,3,2026-05-23 16:03:20,549.81,Grocery,30019,Card,DEV-03-1,Android,Chennai,16,5,1,27.37,37,714.76,397.06,9,241,604,0,0,0,0.0,0,
TXN03-00615,3,2026-05-23 16:04:47,627.79,Grocery,30001,Card,DEV-03-5,iPhone,Chennai,16,5,1,1.45,38,714.31,396.61,86,36,605,0,0,0,0.0,0,
TXN03-00616,3,2026-05-23 16:07:49,1250.47,Grocery,30010,UPI,DEV-03-3,Android,Chennai,16,5,1,3.03,39,714.08,396.11,20,109,606,0,0,0,0.0,0,
TXN03-00617,3,2026-05-23 16:08:19,2038.06,Household,30004,Card,DEV-03-5,iPhone,Chennai,16,5,1,0.5,40,715.52,396.54,61,37,607,0,0,0,0.0,1,ato_higher_amount
TXN03-00618,3,2026-05-23 16:15:53,209.38,Pharmacy,30008,Card,DEV-03-1,Android,Chennai,16,5,1,7.57,41,719.06,401.86,146,242,608,0,0,0,0.0,0,
TXN03-00619,3,2026-05-23 16:26:41,1382.54,Grocery,30019,Card,DEV-03-1,Android,Chennai,16,5,1,10.8,42,717.7,402.18,10,243,609,0,0,0,0.0,0,
TXN03-00620,3,2026-05-23 16:36:18,722.16,Grocery,30001,Card,DEV-03-4,Web,Chennai,16,5,1,9.62,43,719.47,403.11,87,58,610,0,0,0,0.0,0,
TXN03-00621,3,2026-05-23 17:01:31,211.27,Grocery,30001,UPI,DEV-03-6,Web,Chennai,17,5,1,25.22,44,718.4,402.72,88,20,611,0,0,0,0.0,0,
TXN03-00622,3,2026-05-23 17:14:05,403.89,Grocery,30001,UPI,DEV-03-1,Android,Chennai,17,5,1,12.57,45,717.72,403.36,89,244,612,0,0,0,0.0,0,
TXN03-00623,3,2026-05-23 17:19:02,239.32,Grocery,30001,Card,DEV-03-5,iPhone,Chennai,17,5,1,4.95,46,716.89,403.14,90,38,613,0,0,0,0.0,0,
TXN03-00624,3,2026-05-23 17:34:44,952.13,Household,30004,UPI,DEV-03-1,Android,Chennai,17,5,1,15.7,47,716.89,403.13,62,245,614,0,0,0,0.0,0,
TXN03-00625,3,2026-05-23 18:08:06,1120.7,Grocery,30014,Card,DEV-03-3,Android,Chennai,18,5,1,33.37,48,717.82,403.27,12,110,615,0,0,0,0.0,0,
TXN03-00626,3,2026-05-23 18:13:55,991.09,Pharmacy,30008,Card,DEV-03-2,Android,Chennai,18,5,1,5.82,49,716.09,402.33,147,130,616,0,0,0,0.0,0,
TXN03-00627,3,2026-05-23 18:37:15,514.55,Pharmacy,30023,UPI,DEV-03-3,Android,Chennai,18,5,1,23.33,50,717.14,402.54,14,111,617,0,0,0,0.0,0,
TXN03-00628,3,2026-05-23 18:51:02,1446.66,Grocery,30006,UPI,DEV-03-2,Android,Chennai,18,5,1,13.78,51,716.6,402.14,20,131,618,0,0,0,0.0,0,
TXN03-00629,3,2026-05-23 18:59:32,950.05,Grocery,30006,UPI,DEV-03-6,Web,Chennai,18,5,1,8.5,52,719.35,403.59,21,21,619,0,0,0,0.0,0,
TXN03-00630,3,2026-05-23 19:02:45,613.12,Grocery,30001,Card,DEV-03-1,Android,Chennai,19,5,1,3.22,53,719.96,403.23,91,246,620,0,0,0,0.0,0,
TXN03-00631,3,2026-05-23 19:12:09,798.56,Grocery,30018,Card,DEV-03-3,Android,Chennai,19,5,1,9.4,54,719.41,403.24,7,112,621,0,0,0,0.0,0,
TXN03-00632,3,2026-05-23 19:17:00,1024.49,Grocery,30014,UPI,DEV-03-7,iPhone,Chennai,19,5,1,4.85,55,719.62,402.72,13,12,622,0,0,0,0.0,0,
TXN03-00633,3,2026-05-23 21:26:03,1413.66,Airport,30001,UPI,DEV-03-1,Android,Kochi,21,5,1,129.05,56,718.62,404.94,92,247,1,0,1,0,559.49,1,airport_txn
TXN03-00634,3,2026-05-23 22:22:52,775.42,Household,30004,Card,DEV-03-1,Android,Chennai,22,5,1,56.82,57,720.49,405.99,63,248,623,0,0,0,559.49,1,ato_odd_hour
TXN03-00635,3,2026-05-24 09:10:37,638.65,Pharmacy,30023,UPI,DEV-03-1,Android,Chennai,9,6,1,647.75,1,723.86,407.45,15,249,624,0,0,0,0.0,0,
TXN03-00636,3,2026-05-24 09:28:15,559.57,Pharmacy,30023,Card,DEV-03-2,Android,Chennai,9,6,1,17.63,2,724.14,407.35,16,132,625,0,0,0,0.0,0,
TXN03-00637,3,2026-05-24 09:58:01,905.56,Pharmacy,30008,Card,DEV-03-2,Android,Chennai,9,6,1,29.77,3,725.08,406.58,148,133,626,0,0,0,0.0,0,
TXN03-00638,3,2026-05-24 10:22:09,386.66,Household,30004,UPI,DEV-03-5,iPhone,Chennai,10,6,1,24.13,4,727.02,405.74,64,39,627,0,0,0,0.0,0,
TXN03-00639,3,2026-05-24 10:52:36,175.55,Gaming Subscription,30001,UPI,DEV-03-1,Android,Chennai,10,6,1,30.45,5,727.46,405.27,93,250,628,0,0,0,0.0,1,gaming_subscription
TXN03-00640,3,2026-05-24 11:28:04,449.95,Household,30011,UPI,DEV-03-1,Android,Chennai,11,6,1,35.47,6,725.97,406.29,14,251,629,0,0,0,0.0,0,
TXN03-00641,3,2026-05-24 11:51:31,412.41,Household,30004,UPI,DEV-03-2,Android,Chennai,11,6,1,23.45,7,725.7,407.07,65,134,630,0,0,0,0.0,0,
TXN03-00642,3,2026-05-24 12:04:49,396.69,Household,30012,Card,DEV-03-5,iPhone,Chennai,12,6,1,13.3,8,725.44,407.84,20,40,631,0,0,0,0.0,0,
TXN03-00643,3,2026-05-24 12:08:38,1414.03,Pharmacy,30008,Card,DEV-03-6,Web,Chennai,12,6,1,3.82,9,724.53,407.65,149,22,632,0,0,0,0.0,0,
TXN03-00644,3,2026-05-24 12:22:07,557.62,Household,30004,UPI,DEV-03-2,Android,Chennai,12,6,1,13.48,10,727.47,408.76,66,135,633,0,0,0,0.0,0,
TXN03-00645,3,2026-05-24 12:29:45,332.26,Pharmacy,30023,Card,DEV-03-1,Android,Chennai,12,6,1,7.63,11,728.29,408.73,17,252,634,0,0,0,0.0,0,
TXN03-00646,3,2026-05-24 12:34:12,752.61,Grocery,30022,UPI,DEV-03-4,Web,Chennai,12,6,1,4.45,12,727.2,408.69,5,59,635,0,0,0,0.0,0,
TXN03-00647,3,2026-05-24 12:53:33,306.5,Grocery,30027,Card,DEV-03-12,Android,Chennai,12,6,1,19.35,13,729.37,408.16,1,1,636,1,0,1,0.0,0,
TXN03-00648,3,2026-05-24 13:07:30,457.29,Household,30012,Card,DEV-03-1,Android,Chennai,13,6,1,13.95,14,728.21,408.2,21,253,637,0,0,0,0.0,0,
TXN03-00649,3,2026-05-24 13:17:03,209.7,Household,30004,UPI,DEV-03-9,Web,Chennai,13,6,1,9.55,15,727.47,407.88,67,2,638,0,0,0,0.0,0,
TXN03-00650,3,2026-05-24 13:17:25,444.76,Pharmacy,30008,Card,DEV-03-2,Android,Chennai,13,6,1,0.37,16,726.05,408.22,150,136,639,0,0,0,0.0,0,
TXN03-00651,3,2026-05-24 13:49:14,1466.15,Pharmacy,30023,UPI,DEV-03-2,Android,Chennai,13,6,1,31.82,17,724.49,406.23,18,137,640,0,0,0,0.0,0,
TXN03-00652,3,2026-05-24 13:52:49,1353.19,Pharmacy,30008,UPI,DEV-03-3,Android,Chennai,13,6,1,3.58,18,726.52,407.52,151,113,641,0,0,0,0.0,0,
TXN03-00653,3,2026-05-24 13:58:51,1376.06,Household,30009,UPI,DEV-03-1,Android,Chennai,13,6,1,6.03,19,728.86,408.65,24,254,642,0,0,0,0.0,0,
TXN03-00654,3,2026-05-24 14:42:15,765.34,Household,30009,Card,DEV-03-6,Web,Chennai,14,6,1,43.4,20,729.88,410.29,25,23,643,0,0,0,0.0,0,
TXN03-00655,3,2026-05-24 14:59:07,1500.0,Pharmacy,30028,UPI,DEV-03-3,Android,Chennai,14,6,1,16.87,21,729.91,410.29,1,114,644,0,0,1,0.0,0,
TXN03-00656,3,2026-05-24 15:03:29,335.41,Grocery,30022,Card,DEV-03-2,Android,Chennai,15,6,1,4.37,22,732.01,411.7,6,138,645,0,0,0,0.0,0,
TXN03-00657,3,2026-05-24 15:21:03,364.85,Household,30017,Card,DEV-03-1,Android,Chennai,15,6,1,17.57,23,730.93,411.66,9,255,646,0,0,0,0.0,0,
TXN03-00658,3,2026-05-24 15:25:01,573.07,Grocery,30001,UPI,DEV-03-2,Android,Chennai,15,6,1,3.97,24,729.94,411.54,94,139,647,0,0,0,0.0,0,
TXN03-00659,3,2026-05-24 15:28:42,958.35,Household,30009,UPI,DEV-03-2,Android,Chennai,15,6,1,3.68,25,729.51,411.06,26,140,648,0,0,0,0.0,0,
TXN03-00660,3,2026-05-24 15:35:22,355.6,Household,30004,Card,DEV-03-2,Android,Chennai,15,6,1,6.67,26,730.13,410.68,68,141,649,0,0,0,0.0,0,
TXN03-00661,3,2026-05-24 16:03:21,1379.81,Pharmacy,30023,UPI,DEV-03-3,Android,Chennai,16,6,1,27.98,27,729.12,410.58,19,115,650,0,0,0,0.0,0,
TXN03-00662,3,2026-05-24 16:07:31,305.64,Household,30005,UPI,DEV-03-1,Android,Chennai,16,6,1,4.17,28,730.87,411.41,37,256,651,0,0,0,0.0,0,
TXN03-00663,3,2026-05-24 16:20:43,722.17,Household,30004,Card,DEV-03-2,Android,Chennai,16,6,1,13.2,29,727.66,410.06,69,142,652,0,0,0,0.0,0,
TXN03-00664,3,2026-05-24 16:24:42,404.97,Household,30012,Card,DEV-03-12,Android,Chennai,16,6,1,3.98,30,727.78,410.3,22,2,653,0,0,0,0.0,0,
TXN03-00665,3,2026-05-24 16:27:53,593.27,Pharmacy,30008,UPI,DEV-03-1,Android,Hyderabad,16,6,1,3.18,31,726.91,410.09,152,257,1,0,1,0,515.24,0,
TXN03-00666,3,2026-05-24 17:00:02,452.58,Pharmacy,30025,UPI,DEV-03-12,Android,Chennai,17,6,1,32.15,32,727.74,410.38,5,3,654,0,0,0,515.24,0,
TXN03-00667,3,2026-05-24 17:09:06,413.39,Grocery,30003,Card,DEV-03-3,Android,Chennai,17,6,1,9.07,33,727.0,410.07,31,116,655,0,0,0,0.0,0,
TXN03-00668,3,2026-05-24 17:16:59,465.42,Household,30004,Card,DEV-03-1,Android,Chennai,17,6,1,7.88,34,726.16,409.84,70,258,656,0,0,0,0.0,0,
TXN03-00669,3,2026-05-24 17:19:37,1002.38,Grocery,30002,UPI,DEV-03-3,Android,Chennai,17,6,1,2.63,35,723.5,408.31,51,117,657,0,0,0,0.0,0,
TXN03-00670,3,2026-05-24 17:32:16,872.46,Household,30012,Card,DEV-03-1,Android,Chennai,17,6,1,12.65,36,724.25,408.02,23,259,658,0,0,0,0.0,0,
TXN03-00671,3,2026-05-24 17:39:47,872.46,Grocery,30003,Card,DEV-03-11,Web,Chennai,17,6,1,7.52,37,724.65,407.54,32,2,659,0,0,0,0.0,0,
TXN03-00672,3,2026-05-24 18:05:30,952.19,Grocery,30003,Card,DEV-03-1,Android,Chennai,18,6,1,25.72,38,722.97,405.64,33,260,660,0,0,0,0.0,0,
TXN03-00673,3,2026-05-24 18:07:44,549.41,Household,30004,Card,DEV-03-1,Android,Chennai,18,6,1,2.23,39,723.58,405.27,71,261,661,0,0,0,0.0,0,
TXN03-00674,3,2026-05-24 18:29:24,383.1,Grocery,30001,UPI,DEV-03-1,Android,Chennai,18,6,1,21.67,40,721.05,403.38,95,262,662,0,0,0,0.0,0,
TXN03-00675,3,2026-05-24 18:29:52,331.06,Pharmacy,30008,Card,DEV-03-1,Android,Chennai,18,6,1,0.47,41,720.16,403.22,153,263,663,0,0,0,0.0,0,
TXN03-00676,3,2026-05-24 18:39:26,646.65,Household,30011,Card,DEV-03-1,Android,Chennai,18,6,1,9.57,42,719.13,403.18,15,264,664,0,0,0,0.0,0,
TXN03-00677,3,2026-05-24 19:27:40,160.95,Pharmacy,30025,UPI,DEV-03-1,Android,Chennai,19,6,1,48.23,43,719.19,403.17,6,265,665,0,0,0,0.0,0,
TXN03-00678,3,2026-05-24 19:33:46,523.43,Pharmacy,30008,UPI,DEV-03-1,Android,Chennai,19,6,1,6.1,44,717.71,403.66,154,266,666,0,0,0,0.0,0,
TXN03-00679,3,2026-05-24 19:47:38,456.57,Pharmacy,30008,Card,DEV-03-2,Android,Chennai,19,6,1,13.87,45,717.2,403.25,155,143,667,0,0,0,0.0,0,
TXN03-00680,3,2026-05-24 19:50:18,641.93,Pharmacy,30008,UPI,DEV-03-3,Android,Chennai,19,6,1,2.67,46,716.52,402.94,156,118,668,0,0,0,0.0,0,
TXN03-00681,3,2026-05-25 00:36:06,799.27,Fuel,30001,UPI,DEV-03-1,Android,Chennai,0,0,0,285.8,1,716.88,402.81,96,267,669,0,0,0,0.0,1,midnight_fuel
TXN03-00682,3,2026-05-25 08:04:42,597.61,Household,30011,UPI,DEV-03-2,Android,Chennai,8,0,0,448.6,2,717.1,402.3,16,144,670,0,0,0,0.0,0,
TXN03-00683,3,2026-05-25 08:06:04,283.79,Grocery,30007,UPI,DEV-03-7,iPhone,Chennai,8,0,0,1.37,3,716.79,401.82,16,13,671,0,0,0,0.0,0,
TXN03-00684,3,2026-05-25 08:42:04,555.3,Household,30004,UPI,DEV-03-1,Android,Chennai,8,0,0,36.0,4,714.93,401.7,72,268,672,0,0,0,0.0,0,
TXN03-00685,3,2026-05-25 09:10:33,510.91,Grocery,30002,UPI,DEV-03-3,Android,Chennai,9,0,0,28.48,5,715.61,401.95,52,119,673,0,0,0,0.0,0,
TXN03-00686,3,2026-05-25 09:20:58,709.7,Pharmacy,30023,Card,DEV-03-2,Android,Chennai,9,0,0,10.42,6,715.73,401.88,20,145,674,0,0,0,0.0,0,
TXN03-00687,3,2026-05-25 09:35:42,252.79,Household,30004,Card,DEV-03-1,Android,Chennai,9,0,0,14.73,7,716.08,402.2,73,269,675,0,0,0,0.0,0,
TXN03-00688,3,2026-05-25 09:50:53,552.25,Pharmacy,30025,Card,DEV-03-1,Android,Chennai,9,0,0,15.18,8,714.13,401.48,7,270,676,0,0,0,0.0,0,
TXN03-00689,3,2026-05-25 09:54:04,193.62,Household,30029,UPI,DEV-03-5,iPhone,Chennai,9,0,0,3.18,9,713.7,401.04,1,41,677,0,0,1,0.0,0,
TXN03-00690,3,2026-05-25 09:59:52,786.52,Grocery,30002,Card,DEV-03-3,Android,Chennai,9,0,0,5.8,10,712.32,401.39,53,120,678,0,0,0,0.0,0,
TXN03-00691,3,2026-05-25 10:15:31,207.12,Pharmacy,30023,UPI,DEV-03-1,Android,Chennai,10,0,0,15.65,11,711.61,401.03,21,271,679,0,0,0,0.0,0,
TXN03-00692,3,2026-05-25 10:28:20,201.15,Household,30004,UPI,DEV-03-2,Android,Chennai,10,0,0,12.82,12,711.37,402.09,74,146,680,0,0,0,0.0,0,
TXN03-00693,3,2026-05-25 10:46:00,786.62,Grocery,30001,Card,DEV-03-1,Android,Chennai,10,0,0,17.67,13,710.02,402.41,97,272,681,0,0,0,0.0,0,
TXN03-00694,3,2026-05-25 11:04:11,248.94,Household,30004,UPI,DEV-03-1,Android,Chennai,11,0,0,18.18,14,711.7,403.11,75,273,682,0,0,0,0.0,0,
TXN03-00695,3,2026-05-25 11:10:31,418.38,Grocery,30001,UPI,DEV-03-10,Android,Chennai,11,0,0,6.33,15,710.48,403.27,98,4,683,0,0,0,0.0,0,
TXN03-00696,3,2026-05-25 11:14:15,873.4,Household,30012,Card,DEV-03-2,Android,Chennai,11,0,0,3.73,16,709.06,403.36,24,147,684,0,0,0,0.0,0,
TXN03-00697,3,2026-05-25 12:24:36,552.15,Household,30011,Card,DEV-03-4,Web,Chennai,12,0,0,70.35,17,707.62,403.67,17,60,685,0,0,0,0.0,0,
TXN03-00698,3,2026-05-25 12:59:03,870.78,Pharmacy,30023,UPI,DEV-03-5,iPhone,Chennai,12,0,0,34.45,18,707.39,404.74,22,42,686,0,0,0,0.0,0,
TXN03-00699,3,2026-05-25 13:25:31,1500.0,Grocery,30001,Card,DEV-03-7,iPhone,Chennai,13,0,0,26.47,19,706.9,402.58,99,14,687,0,0,0,0.0,0,
TXN03-00700,3,2026-05-25 13:49:20,1158.73,Pharmacy,30008,Card,DEV-03-2,Android,Chennai,13,0,0,23.82,20,709.05,404.15,157,148,688,0,0,0,0.0,0,
TXN03-00701,3,2026-05-25 13:49:25,158.46,Grocery,30030,UPI,DEV-03-1,Android,Chennai,13,0,0,0.08,21,710.27,404.27,1,274,689,0,0,1,0.0,0,
TXN03-00702,3,2026-05-25 15:03:43,362.94,Grocery,30001,Card,DEV-03-9,Web,Chennai,15,0,0,74.3,22,710.19,405.7,100,3,690,0,0,0,0.0,0,
TXN03-00703,3,2026-05-25 15:39:48,422.16,Household,30004,UPI,DEV-03-1,Android,Chennai,15,0,0,36.08,23,710.53,405.36,76,275,691,0,0,0,0.0,0,
TXN03-00704,3,2026-05-25 16:26:46,317.73,Grocery,30015,UPI,DEV-03-1,Android,Chennai,16,0,0,46.97,24,707.04,405.25,9,276,692,0,0,0,0.0,0,
TXN03-00705,3,2026-05-25 16:35:05,1104.07,Household,30012,Card,DEV-03-6,Web,Chennai,16,0,0,8.32,25,705.95,405.21,25,24,693,0,0,0,0.0,0,
TXN03-00706,3,2026-05-25 16:39:12,816.32,Household,30012,UPI,DEV-03-1,Android,Chennai,16,0,0,4.12,26,707.06,405.19,26,277,694,0,0,0,0.0,0,
TXN03-00707,3,2026-05-25 16:48:01,1304.47,Grocery,30002,Card,DEV-03-4,Web,Chennai,16,0,0,8.82,27,707.37,404.67,54,61,695,0,0,0,0.0,0,
TXN03-00708,3,2026-05-25 17:01:59,1308.57,Grocery,30006,UPI,DEV-03-6,Web,Chennai,17,0,0,13.97,28,709.02,405.32,22,25,696,0,0,0,0.0,0,
TXN03-00709,3,2026-05-25 17:03:09,851.77,Household,30004,Card,DEV-03-5,iPhone,Chennai,17,0,0,1.17,29,709.72,406.14,77,43,697,0,0,0,0.0,0,
TXN03-00710,3,2026-05-25 17:03:23,227.98,Grocery,30003,Card,DEV-03-3,Android,Chennai,17,0,0,0.23,30,710.11,405.64,34,121,698,0,0,0,0.0,0,
TXN03-00711,3,2026-05-25 17:08:08,1500.0,Pharmacy,30025,UPI,DEV-03-3,Android,Chennai,17,0,0,4.75,31,707.55,405.76,8,122,699,0,0,0,0.0,0,
TXN03-00712,3,2026-05-25 17:27:00,128.34,Pharmacy,30031,UPI,DEV-03-1,Android,Chennai,17,0,0,18.87,32,711.18,408.51,1,278,700,0,0,1,0.0,0,
TXN03-00713,3,2026-05-25 17:30:35,297.12,Grocery,30003,UPI,DEV-03-4,Web,Chennai,17,0,0,3.58,33,709.56,409.09,35,62,701,0,0,0,0.0,0,
TXN03-00714,3,2026-05-25 17:30:50,679.42,Household,30004,UPI,DEV-03-3,Android,Chennai,17,0,0,0.25,34,708.43,409.1,78,123,702,0,0,0,0.0,0,
TXN03-00715,3,2026-05-25 17:37:41,975.38,Household,30016,UPI,DEV-03-3,Android,Chennai,17,0,0,6.85,35,709.67,408.32,10,124,703,0,0,0,0.0,0,
TXN03-00716,3,2026-05-25 17:40:27,911.74,Household,30011,UPI,DEV-03-2,Android,Chennai,17,0,0,2.77,36,711.47,408.05,18,149,704,0,0,0,0.0,0,
TXN03-00717,3,2026-05-25 17:45:03,557.88,Grocery,30002,UPI,DEV-03-9,Web,Chennai,17,0,0,4.6,37,712.03,407.62,55,4,705,0,0,0,0.0,0,
TXN03-00718,3,2026-05-25 17:55:01,557.44,Grocery,30003,Card,DEV-03-1,Android,Chennai,17,0,0,9.97,38,712.95,406.88,36,279,706,0,0,0,0.0,0,
TXN03-00719,3,2026-05-25 18:06:38,721.36,Grocery,30001,Card,DEV-03-2,Android,Chennai,18,0,0,11.62,39,712.53,406.41,101,150,707,0,0,0,0.0,0,
TXN03-00720,3,2026-05-25 18:10:29,214.99,Grocery,30020,UPI,DEV-03-7,iPhone,Chennai,18,0,0,3.85,40,712.55,405.85,4,15,708,0,0,0,0.0,0,
TXN03-00721,3,2026-05-25 18:16:38,393.74,Grocery,30006,Card,DEV-03-2,Android,Chennai,18,0,0,6.15,41,711.28,406.68,23,151,709,0,0,0,0.0,0,
TXN03-00722,3,2026-05-25 18:16:45,178.17,Household,30004,UPI,DEV-03-3,Android,Chennai,18,0,0,0.12,42,710.41,406.46,79,125,710,0,0,0,0.0,0,
TXN03-00723,3,2026-05-25 18:41:18,852.55,Grocery,30015,UPI,DEV-03-2,Android,Chennai,18,0,0,24.55,43,709.7,408.43,10,152,711,0,0,0,0.0,0,
TXN03-00724,3,2026-05-25 18:44:24,263.58,Grocery,30001,Card,DEV-03-3,Android,Chennai,18,0,0,3.1,44,710.09,407.94,102,126,712,0,0,0,0.0,0,
TXN03-00725,3,2026-05-25 18:48:24,375.4,Grocery,30001,UPI,DEV-03-1,Android,Chennai,18,0,0,4.0,45,708.87,408.05,103,280,713,0,0,0,0.0,0,
TXN03-00726,3,2026-05-25 19:15:35,388.59,Grocery,30014,UPI,DEV-03-4,Web,Chennai,19,0,0,27.18,46,705.37,407.97,14,63,714,0,0,0,0.0,0,
TXN03-00727,3,2026-05-25 19:36:23,315.2,Household,30017,UPI,DEV-03-1,Android,Chennai,19,0,0,20.8,47,701.57,406.49,10,281,715,0,0,0,0.0,0,
TXN03-00728,3,2026-05-25 19:37:40,196.49,Household,30009,UPI,DEV-03-7,iPhone,Chennai,19,0,0,1.28,48,701.46,407.23,27,16,716,0,0,0,0.0,0,
TXN03-00729,3,2026-05-25 19:50:17,1500.0,Grocery,30010,UPI,DEV-03-1,Android,Chennai,19,0,0,12.62,49,700.36,408.09,21,282,717,0,0,0,0.0,0,
TXN03-00730,3,2026-05-25 20:55:20,2567.14,Airport,30001,UPI,DEV-03-1,Android,Delhi,20,0,0,65.05,50,702.54,410.51,104,283,1,0,1,0,1767.65,1,airport_txn
TXN03-00731,3,2026-05-26 00:05:27,259.22,Fuel,30001,UPI,DEV-03-1,Android,Chennai,0,1,0,190.12,1,707.75,421.58,105,284,718,0,0,0,1767.65,1,midnight_fuel
TXN03-00732,3,2026-05-26 00:55:33,359.03,Fuel,30001,UPI,DEV-03-1,Android,Chennai,0,1,0,50.1,2,706.5,421.66,106,285,719,0,0,0,0.0,1,midnight_fuel
TXN03-00733,3,2026-05-26 08:07:34,1500.0,Household,30005,UPI,DEV-03-5,iPhone,Chennai,8,1,0,432.02,3,705.53,421.47,38,44,720,0,0,0,0.0,0,
TXN03-00734,3,2026-05-26 08:33:15,1091.22,Grocery,30001,Card,DEV-03-1,Android,Chennai,8,1,0,25.68,4,712.72,422.48,107,286,721,0,0,0,0.0,0,
TXN03-00735,3,2026-05-26 09:15:16,552.82,Grocery,30019,UPI,DEV-03-1,Android,Chennai,9,1,0,42.02,5,713.72,422.03,11,287,722,0,0,0,0.0,0,
TXN03-00736,3,2026-05-26 09:20:17,406.32,Household,30017,UPI,DEV-03-5,iPhone,Chennai,9,1,0,5.02,6,715.16,421.97,11,45,723,0,0,0,0.0,0,
TXN03-00737,3,2026-05-26 09:30:09,663.27,Grocery,30006,UPI,DEV-03-2,Android,Chennai,9,1,0,9.87,7,715.75,421.39,24,153,724,0,0,0,0.0,0,
TXN03-00738,3,2026-05-26 09:39:56,1082.42,Household,30013,Card,DEV-03-3,Android,Chennai,9,1,0,9.78,8,715.6,420.79,11,127,725,0,0,0,0.0,0,
TXN03-00739,3,2026-05-26 09:52:52,794.24,Grocery,30014,UPI,DEV-03-8,Web,Chennai,9,1,0,12.93,9,711.8,419.15,15,5,726,0,0,0,0.0,0,
TXN03-00740,3,2026-05-26 10:12:02,555.68,Grocery,30006,Card,DEV-03-1,Android,Chennai,10,1,0,19.17,10,712.04,418.57,25,288,727,0,0,0,0.0,0,
TXN03-00741,3,2026-05-26 10:49:47,850.02,Grocery,30019,Card,DEV-03-7,iPhone,Chennai,10,1,0,37.75,11,712.26,418.47,12,17,728,0,0,0,0.0,0,
TXN03-00742,3,2026-05-26 11:01:58,1233.59,Pharmacy,30008,Card,DEV-03-4,Web,Chennai,11,1,0,12.18,12,713.83,417.95,158,64,729,0,0,0,0.0,0,
TXN03-00743,3,2026-05-26 11:12:37,288.64,Household,30017,UPI,DEV-03-2,Android,Chennai,11,1,0,10.65,13,715.32,418.27,12,154,730,0,0,0,0.0,0,
TXN03-00744,3,2026-05-26 11:15:58,697.73,Pharmacy,30032,UPI,DEV-03-1,Android,Chennai,11,1,0,3.35,14,714.1,418.29,1,289,731,0,0,1,0.0,0,
TXN03-00745,3,2026-05-26 11:38:37,152.5,Grocery,30002,Card,DEV-03-1,Android,Chennai,11,1,0,22.65,15,713.39,418.11,56,290,732,0,0,0,0.0,0,
TXN03-00746,3,2026-05-26 11:52:46,355.46,Pharmacy,30008,UPI,DEV-03-2,Android,Chennai,11,1,0,14.15,16,711.8,418.58,159,155,733,0,0,0,0.0,0,
TXN03-00747,3,2026-05-26 12:03:33,1500.0,Household,30012,UPI,DEV-03-3,Android,Chennai,12,1,0,10.78,17,708.96,417.6,27,128,734,0,0,0,0.0,0,
TXN03-00748,3,2026-05-26 12:09:46,945.69,Pharmacy,30008,UPI,DEV-03-4,Web,Chennai,12,1,0,6.22,18,711.21,419.13,160,65,735,0,0,0,0.0,0,
TXN03-00749,3,2026-05-26 12:38:22,494.19,Household,30005,UPI,DEV-03-3,Android,Chennai,12,1,0,28.6,19,712.6,419.08,39,129,736,0,0,0,0.0,0,
TXN03-00750,3,2026-05-26 13:10:25,347.42,Household,30004,UPI,DEV-03-5,iPhone,Chennai,13,1,0,32.05,20,712.65,419.06,80,46,737,0,0,0,0.0,0,
TXN03-00751,3,2026-05-26 13:36:31,767.44,Grocery,30014,Card,DEV-03-7,iPhone,Chennai,13,1,0,26.1,21,712.09,419.41,16,18,738,0,0,0,0.0,0,
TXN03-00752,3,2026-05-26 14:06:26,464.1,Grocery,30022,UPI,DEV-03-2,Android,Chennai,14,1,0,29.92,22,713.87,420.48,7,156,739,0,0,0,0.0,0,
TXN03-00753,3,2026-05-26 14:34:29,1500.0,Pharmacy,30008,UPI,DEV-03-1,Android,Chennai,14,1,0,28.05,23,714.26,421.63,161,291,740,0,0,0,0.0,0,
TXN03-00754,3,2026-05-26 14:39:10,359.55,Pharmacy,30028,UPI,DEV-03-2,Android,Chennai,14,1,0,4.68,24,716.42,424.33,2,157,741,0,0,0,0.0,0,
TXN03-00755,3,2026-05-26 14:51:19,927.25,Household,30005,UPI,DEV-03-7,iPhone,Chennai,14,1,0,12.15,25,715.39,424.15,40,19,742,0,0,0,0.0,0,
TXN03-00756,3,2026-05-26 14:56:58,306.19,Household,30005,Card,DEV-UNK-8361,Android,Chennai,14,1,0,5.65,26,716.0,423.69,41,1,743,1,0,0,0.0,1,ato_new_device
TXN03-00757,3,2026-05-26 15:51:53,1500.0,Household,30017,Card,DEV-03-8,Web,Chennai,15,1,0,54.92,27,711.37,422.78,13,6,744,0,0,0,0.0,0,
TXN03-00758,3,2026-05-26 15:52:42,804.39,Grocery,30001,UPI,DEV-03-4,Web,Chennai,15,1,0,0.82,28,713.66,424.29,108,66,745,0,0,0,0.0,0,
TXN03-00759,3,2026-05-26 16:00:44,764.6,Grocery,30019,UPI,DEV-03-5,iPhone,Chennai,16,1,0,8.03,29,714.66,424.09,13,47,746,0,0,0,0.0,0,
TXN03-00760,3,2026-05-26 16:25:46,353.28,Grocery,30007,Card,DEV-03-5,iPhone,Chennai,16,1,0,25.03,30,714.0,424.27,17,48,747,0,0,0,0.0,0,
TXN03-00761,3,2026-05-26 16:28:39,935.83,Pharmacy,30008,UPI,DEV-03-10,Android,Chennai,16,1,0,2.88,31,712.95,424.1,162,5,748,0,0,0,0.0,0,
TXN03-00762,3,2026-05-26 16:45:50,296.83,Pharmacy,30008,UPI,DEV-03-6,Web,Chennai,16,1,0,17.18,32,713.3,424.34,163,26,749,0,0,0,0.0,0,
TXN03-00763,3,2026-05-26 18:09:52,1015.41,Grocery,30003,UPI,DEV-03-1,Android,Chennai,18,1,0,84.03,33,704.04,420.7,37,292,750,0,0,0,0.0,0,
TXN03-00764,3,2026-05-26 18:22:33,885.82,Grocery,30026,Card,DEV-03-2,Android,Chennai,18,1,0,12.68,34,704.96,420.42,2,158,751,0,0,0,0.0,0,
TXN03-00765,3,2026-05-26 18:24:06,1254.68,Grocery,30007,UPI,DEV-03-5,iPhone,Chennai,18,1,0,1.55,35,705.5,419.91,18,49,752,0,0,0,0.0,0,
TXN03-00766,3,2026-05-26 18:26:31,455.29,Pharmacy,30008,Card,DEV-03-3,Android,Chennai,18,1,0,2.42,36,707.13,420.35,164,130,753,0,0,0,0.0,0,
TXN03-00767,3,2026-05-26 18:57:03,1382.12,Pharmacy,30025,Card,DEV-03-5,iPhone,Chennai,18,1,0,30.53,37,705.43,420.04,9,50,754,0,0,0,0.0,0,
TXN03-00768,3,2026-05-26 19:10:01,371.61,Grocery,30006,Card,DEV-03-2,Android,Chennai,19,1,0,12.97,38,708.11,421.47,26,159,755,0,0,0,0.0,0,
TXN03-00769,3,2026-05-26 19:38:21,1049.47,Household,30017,UPI,DEV-03-4,Web,Chennai,19,1,0,28.33,39,708.72,420.84,14,67,756,0,0,0,0.0,0,
TXN03-00770,3,2026-05-26 19:56:33,828.51,Pharmacy,30008,UPI,DEV-03-4,Web,Chennai,19,1,0,18.2,40,709.72,420.63,165,68,757,0,0,0,0.0,0,
TXN03-00771,3,2026-05-27 08:09:02,507.91,Pharmacy,30008,UPI,DEV-03-1,Android,Chennai,8,2,0,732.48,1,711.16,420.48,166,293,758,0,0,0,0.0,0,
TXN03-00772,3,2026-05-27 08:31:02,1278.54,Grocery,30002,Card,DEV-03-4,Web,Chennai,8,2,0,22.0,2,712.69,420.2,57,69,759,0,0,0,0.0,0,
TXN03-00773,3,2026-05-27 08:58:15,682.6,Grocery,30022,UPI,DEV-03-1,Android,Chennai,8,2,0,27.22,3,714.29,421.33,8,294,760,0,0,0,0.0,0,
TXN03-00774,3,2026-05-27 09:03:09,1146.72,Household,30004,UPI,DEV-03-2,Android,Chennai,9,2,0,4.9,4,714.2,420.7,81,160,761,0,0,0,0.0,0,
TXN03-00775,3,2026-05-27 09:04:18,243.85,Household,30009,UPI,DEV-03-4,Web,Chennai,9,2,0,1.15,5,715.48,420.74,28,70,762,0,0,0,0.0,0,
TXN03-00776,3,2026-05-27 09:23:05,399.52,Pharmacy,30025,UPI,DEV-03-1,Android,Chennai,9,2,0,18.78,6,714.09,420.89,10,295,763,0,0,0,0.0,0,
TXN03-00777,3,2026-05-27 09:29:57,322.3,Grocery,30002,Card,DEV-03-4,Web,Chennai,9,2,0,6.87,7,713.16,420.62,58,71,764,0,0,0,0.0,0,
TXN03-00778,3,2026-05-27 09:32:43,850.21,Grocery,30002,UPI,DEV-03-4,Web,Chennai,9,2,0,2.77,8,712.02,420.53,59,72,765,0,0,0,0.0,0,
TXN03-00779,3,2026-05-27 09:33:12,1144.71,Grocery,30030,UPI,DEV-03-2,Android,Chennai,9,2,0,0.48,9,712.42,419.98,2,161,766,0,0,0,0.0,0,
TXN03-00780,3,2026-05-27 09:47:21,138.39,Household,30004,UPI,DEV-03-1,Android,Chennai,9,2,0,14.15,10,713.68,420.02,82,296,767,0,0,0,0.0,0,
TXN03-00781,3,2026-05-27 09:47:29,393.93,Grocery,30033,Card,DEV-03-2,Android,Chennai,9,2,0,0.13,11,712.01,420.55,1,162,768,0,0,1,0.0,0,
TXN03-00782,3,2026-05-27 09:59:19,706.37,Grocery,30007,Card,DEV-03-2,Android,Chennai,9,2,0,11.83,12,710.26,419.69,19,163,769,0,0,0,0.0,0,
TXN03-00783,3,2026-05-27 10:31:56,651.83,Grocery,30001,Card,DEV-03-1,Android,Chennai,10,2,0,32.62,13,711.44,419.11,109,297,770,0,0,0,0.0,0,
TXN03-00784,3,2026-05-27 11:29:22,472.12,Grocery,30022,UPI,DEV-03-1,Android,Chennai,11,2,0,57.43,14,711.84,419.61,9,298,771,0,0,0,0.0,0,
TXN03-00785,3,2026-05-27 11:48:34,369.3,Pharmacy,30008,Card,DEV-03-3,Android,Chennai,11,2,0,19.2,15,712.25,419.31,167,131,772,0,0,0,0.0,0,
TXN03-00786,3,2026-05-27 12:00:38,1216.26,Grocery,30001,Card,DEV-03-2,Android,Chennai,12,2,0,12.07,16,711.25,419.11,110,164,773,0,0,0,0.0,0,
TXN03-00787,3,2026-05-27 12:07:27,706.8,Grocery,30001,UPI,DEV-03-5,iPhone,Chennai,12,2,0,6.82,17,712.72,419.38,111,51,774,0,0,0,0.0,0,
TXN03-00788,3,2026-05-27 12:22:06,207.88,Grocery,30001,Card,DEV-03-1,Android,Chennai,12,2,0,14.65,18,712.7,418.77,112,299,775,0,0,0,0.0,0,
TXN03-00789,3,2026-05-27 12:41:51,913.93,Pharmacy,30008,Card,DEV-03-1,Android,Chennai,12,2,0,19.75,19,711.55,419.62,168,300,776,0,0,0,0.0,0,
TXN03-00790,3,2026-05-27 13:07:33,299.92,Grocery,30014,Card,DEV-UNK-1451,Android,Chennai,13,2,0,25.7,20,712.9,420.24,17,1,777,1,0,0,0.0,1,ato_new_device
TXN03-00791,3,2026-05-27 13:12:57,1099.74,Grocery,30034,Card,DEV-03-8,Web,Chennai,13,2,0,5.4,21,711.71,420.22,1,7,778,0,0,1,0.0,0,
TXN03-00792,3,2026-05-27 13:25:10,542.72,Household,30004,Card,DEV-03-1,Android,Chennai,13,2,0,12.22,22,713.03,420.72,83,301,779,0,0,0,0.0,0,
TXN03-00793,3,2026-05-27 14:30:23,1500.0,Pharmacy,30031,Card,DEV-03-2,Android,Chennai,14,2,0,65.22,23,712.66,422.01,2,165,780,0,0,0,0.0,0,
TXN03-00794,3,2026-05-27 14:53:23,726.39,Grocery,30027,UPI,DEV-03-2,Android,Chennai,14,2,0,23.0,24,715.16,424.66,2,166,781,0,0,0,0.0,0,
TXN03-00795,3,2026-05-27 14:58:18,701.61,Grocery,30018,Card,DEV-03-2,Android,Chennai,14,2,0,4.92,25,715.19,424.04,8,167,782,0,0,0,0.0,0,
TXN03-00796,3,2026-05-27 15:51:57,1050.69,Household,30017,UPI,DEV-03-3,Android,Chennai,15,2,0,53.65,26,716.65,424.34,15,132,783,0,0,0,0.0,0,
TXN03-00797,3,2026-05-27 16:11:35,452.99,Grocery,30002,Card,DEV-03-5,iPhone,Chennai,16,2,0,19.63,27,718.62,424.33,60,52,784,0,0,0,0.0,0,
TXN03-00798,3,2026-05-27 16:32:39,1500.0,Household,30004,Card,DEV-03-2,Android,Chennai,16,2,0,21.07,28,718.77,424.23,84,168,785,0,0,0,0.0,0,
TXN03-00799,3,2026-05-27 17:43:25,1500.0,Grocery,30001,Card,DEV-03-2,Android,Chennai,17,2,0,70.77,29,723.08,425.08,113,169,786,0,0,0,0.0,0,
TXN03-00800,3,2026-05-27 17:45:28,329.67,Household,30005,UPI,DEV-03-1,Android,Chennai,17,2,0,2.05,30,725.38,426.54,42,302,787,0,0,0,0.0,0,
TXN03-00801,3,2026-05-27 17:59:41,361.34,Grocery,30001,Card,DEV-03-1,Android,Chennai,17,2,0,14.22,31,723.14,426.63,114,303,788,0,0,0,0.0,0,
TXN03-00802,3,2026-05-27 18:31:30,892.03,Pharmacy,30008,UPI,DEV-03-1,Android,Chennai,18,2,0,31.82,32,724.25,426.76,169,304,789,0,0,0,0.0,0,
TXN03-00803,3,2026-05-27 18:52:39,272.44,Household,30004,UPI,DEV-03-1,Android,Chennai,18,2,0,21.15,33,725.63,425.25,85,305,790,0,0,0,0.0,0,
TXN03-00804,3,2026-05-27 19:01:27,788.65,Pharmacy,30023,Card,DEV-03-9,Web,Chennai,19,2,0,8.8,34,724.28,425.34,23,5,791,0,0,0,0.0,0,
TXN03-00805,3,2026-05-28 08:37:56,211.75,Pharmacy,30025,Card,DEV-03-6,Web,Chennai,8,3,0,816.48,1,723.1,422.2,11,27,792,0,0,0,0.0,0,
TXN03-00806,3,2026-05-28 09:20:25,960.28,Pharmacy,30023,UPI,DEV-03-3,Android,Chennai,9,3,0,42.48,2,723.31,422.87,24,133,793,0,0,0,0.0,0,
TXN03-00807,3,2026-05-28 10:27:01,398.09,Household,30005,Card,DEV-03-2,Android,Chennai,10,3,0,66.6,3,724.45,423.01,43,170,794,0,0,0,0.0,0,
TXN03-00808,3,2026-05-28 10:28:34,769.91,Grocery,30002,UPI,DEV-03-4,Web,Chennai,10,3,0,1.55,4,723.45,422.74,61,73,795,0,0,0,0.0,0,
TXN03-00809,3,2026-05-28 11:00:28,512.21,Grocery,30001,Card,DEV-03-1,Android,Chennai,11,3,0,31.9,5,723.59,422.11,115,306,796,0,0,0,0.0,0,
TXN03-00810,3,2026-05-28 11:03:56,882.05,Pharmacy,30008,Card,DEV-03-2,Android,Chennai,11,3,0,3.47,6,722.89,422.26,170,171,797,0,0,0,0.0,0,
TXN03-00811,3,2026-05-28 11:22:00,966.14,Pharmacy,30008,UPI,DEV-03-6,Web,Chennai,11,3,0,18.07,7,723.37,421.71,171,28,798,0,0,0,0.0,0,
TXN03-00812,3,2026-05-28 12:22:26,183.48,Household,30004,Card,DEV-03-2,Android,Chennai,12,3,0,60.43,8,723.33,422.6,86,172,799,0,0,0,0.0,0,
TXN03-00813,3,2026-05-28 12:30:58,1127.03,Household,30004,UPI,DEV-03-3,Android,Chennai,12,3,0,8.53,9,721.68,423.0,87,134,800,0,0,0,0.0,0,
TXN03-00814,3,2026-05-28 12:50:11,587.93,Household,30004,Card,DEV-03-7,iPhone,Chennai,12,3,0,19.22,10,722.91,422.95,88,20,801,0,0,0,0.0,0,
TXN03-00815,3,2026-05-28 13:04:51,945.35,Pharmacy,30008,UPI,DEV-03-1,Android,Chennai,13,3,0,14.67,11,722.5,422.37,172,307,802,0,0,0,0.0,0,
TXN03-00816,3,2026-05-28 13:43:11,761.21,Pharmacy,30028,Card,DEV-03-4,Web,Chennai,13,3,0,38.33,12,721.52,422.49,3,74,803,0,0,0,0.0,0,
TXN03-00817,3,2026-05-28 13:43:16,440.5,Household,30011,UPI,DEV-03-2,Android,Chennai,13,3,0,0.08,13,721.64,421.85,19,173,804,0,0,0,0.0,0,
TXN03-00818,3,2026-05-28 13:54:46,531.84,Household,30004,UPI,DEV-03-3,Android,Chennai,13,3,0,11.5,14,720.78,421.5,89,135,805,0,0,0,0.0,0,
TXN03-00819,3,2026-05-28 14:23:13,751.83,Pharmacy,30008,UPI,DEV-03-2,Android,Chennai,14,3,0,28.45,15,721.01,421.37,173,174,806,0,0,0,0.0,0,
TXN03-00820,3,2026-05-28 14:27:52,1500.0,Grocery,30001,Card,DEV-03-1,Android,Chennai,14,3,0,4.65,16,721.11,420.74,116,308,807,0,0,0,0.0,0,
TXN03-00821,3,2026-05-28 14:40:31,1500.0,Grocery,30006,Card,DEV-03-2,Android,Chennai,14,3,0,12.65,17,723.45,422.27,27,175,808,0,0,0,0.0,0,
TXN03-00822,3,2026-05-28 14:42:50,1033.9,Grocery,30019,UPI,DEV-03-3,Android,Chennai,14,3,0,2.32,18,725.78,423.77,14,136,809,0,0,0,0.0,0,
TXN03-00823,3,2026-05-28 14:43:51,610.07,Pharmacy,30008,UPI,DEV-03-4,Web,Chennai,14,3,0,1.02,19,726.71,423.47,174,75,810,0,0,0,0.0,0,
TXN03-00824,3,2026-05-28 14:51:22,623.11,Household,30009,Card,DEV-03-4,Web,Chennai,14,3,0,7.52,20,726.36,422.88,29,76,811,0,0,0,0.0,0,
TXN03-00825,3,2026-05-28 15:02:21,967.51,Pharmacy,30023,Card,DEV-03-4,Web,Chennai,15,3,0,10.98,21,726.05,422.29,25,77,812,0,0,0,0.0,0,
TXN03-00826,3,2026-05-28 15:17:38,387.2,Grocery,30030,UPI,DEV-03-1,Android,Chennai,15,3,0,15.28,22,727.2,423.03,3,309,813,0,0,0,0.0,0,
TXN03-00827,3,2026-05-28 15:42:30,360.09,Pharmacy,30008,UPI,DEV-03-8,Web,Chennai,15,3,0,24.87,23,725.98,423.42,175,8,814,0,0,0,0.0,0,
TXN03-00828,3,2026-05-28 17:08:37,457.69,Household,30004,UPI,DEV-03-1,Android,Chennai,17,3,0,86.12,24,724.64,422.74,90,310,815,0,0,0,0.0,0,
TXN03-00829,3,2026-05-28 17:09:49,169.72,Grocery,30002,Card,DEV-03-3,Android,Chennai,17,3,0,1.2,25,723.85,422.36,62,137,816,0,0,0,0.0,0,
TXN03-00830,3,2026-05-28 17:27:42,580.21,Airport,30001,UPI,DEV-03-1,Android,Mumbai,17,3,0,17.88,26,722.2,422.81,117,311,3,0,0,0,1033.1,1,airport_txn
TXN03-00831,3,2026-05-28 17:29:33,438.22,Grocery,30015,UPI,DEV-03-1,Android,Chennai,17,3,0,1.85,27,722.19,422.81,11,312,817,0,0,0,1033.1,0,
TXN03-00832,3,2026-05-28 17:49:02,1485.49,Pharmacy,30028,Card,DEV-03-1,Android,Chennai,17,3,0,19.48,28,720.42,420.81,4,313,818,0,0,0,0.0,0,
TXN03-00833,3,2026-05-28 18:10:08,367.98,Pharmacy,30008,Card,DEV-03-2,Android,Chennai,18,3,0,21.1,29,722.76,422.91,176,176,819,0,0,0,0.0,0,
TXN03-00834,3,2026-05-28 18:19:38,558.38,Household,30005,Card,DEV-03-6,Web,Chennai,18,3,0,9.5,30,721.7,422.72,44,29,820,0,0,0,0.0,0,
TXN03-00835,3,2026-05-28 18:51:50,653.18,Household,30009,Card,DEV-03-1,Android,Chennai,18,3,0,32.2,31,722.71,423.73,30,314,821,0,0,0,0.0,0,
TXN03-00836,3,2026-05-28 19:13:59,342.42,Grocery,30019,Card,DEV-03-2,Android,Chennai,19,3,0,22.15,32,721.8,422.16,15,177,822,0,0,0,0.0,0,
TXN03-00837,3,2026-05-28 20:13:53,167.16,Gaming Subscription,30001,UPI,DEV-03-1,Android,Chennai,20,3,0,59.9,33,721.0,420.27,118,315,823,0,0,0,0.0,1,gaming_subscription
TXN03-00838,3,2026-05-28 20:24:57,1033.02,Grocery,30006,UPI,DEV-03-2,Android,Chennai,20,3,0,11.07,34,719.33,420.74,28,178,824,0,0,0,0.0,1,ato_higher_amount_odd_hour
TXN03-00839,3,2026-05-28 23:56:48,1702.71,Airport,30001,UPI,DEV-03-1,Android,Kolkata,23,3,0,211.85,35,720.28,420.45,119,316,2,0,0,0,1358.36,1,airport_txn
TXN03-00840,3,2026-05-29 08:18:43,1291.68,Grocery,30026,UPI,DEV-03-1,Android,Chennai,8,4,0,501.92,1,724.18,423.53,3,317,825,0,0,0,1358.36,0,
TXN03-00841,3,2026-05-29 09:12:39,1500.0,Grocery,30001,UPI,DEV-03-5,iPhone,Chennai,9,4,0,53.93,2,727.21,423.85,120,53,826,0,0,0,0.0,0,
TXN03-00842,3,2026-05-29 09:16:46,1177.85,Pharmacy,30008,UPI,DEV-03-5,iPhone,Chennai,9,4,0,4.12,3,729.56,425.34,177,54,827,0,0,0,0.0,0,
TXN03-00843,3,2026-05-29 09:46:45,926.12,Grocery,30006,Card,DEV-03-1,Android,Chennai,9,4,0,29.98,4,732.81,427.11,29,318,828,0,0,0,0.0,0,
TXN03-00844,3,2026-05-29 10:36:29,362.31,Pharmacy,30028,UPI,DEV-03-3,Android,Chennai,10,4,0,49.73,5,731.76,426.19,5,138,829,0,0,0,0.0,0,
TXN03-00845,3,2026-05-29 11:33:14,1005.53,Grocery,30006,Card,DEV-03-2,Android,Chennai,11,4,0,56.75,6,729.91,425.32,30,179,830,0,0,0,0.0,0,
TXN03-00846,3,2026-05-29 12:23:05,281.97,Pharmacy,30035,UPI,DEV-03-12,Android,Chennai,12,4,0,49.85,7,732.04,425.64,1,4,831,0,0,1,0.0,0,
TXN03-00847,3,2026-05-29 12:57:53,535.79,Grocery,30007,UPI,DEV-03-1,Android,Chennai,12,4,0,34.8,8,731.78,425.89,20,319,832,0,0,0,0.0,0,
TXN03-00848,3,2026-05-29 13:00:22,1500.0,Pharmacy,30023,Card,DEV-03-1,Android,Chennai,13,4,0,2.48,9,731.15,425.36,26,320,833,0,0,0,0.0,0,
TXN03-00849,3,2026-05-29 13:44:47,656.11,Household,30009,Card,DEV-03-1,Android,Chennai,13,4,0,44.42,10,732.79,427.32,31,321,834,0,0,0,0.0,0,
TXN03-00850,3,2026-05-29 13:57:55,502.21,Household,30004,Card,DEV-03-2,Android,Chennai,13,4,0,13.13,11,732.54,426.66,91,180,835,0,0,0,0.0,0,
TXN03-00851,3,2026-05-29 13:59:15,465.9,Grocery,30003,Card,DEV-03-3,Android,Chennai,13,4,0,1.33,12,731.81,426.18,38,139,836,0,0,0,0.0,0,
TXN03-00852,3,2026-05-29 14:09:04,1500.0,Pharmacy,30035,Card,DEV-03-2,Android,Chennai,14,4,0,9.82,13,728.52,424.22,2,181,837,0,0,0,0.0,0,
TXN03-00853,3,2026-05-29 14:25:02,1262.57,Pharmacy,30035,UPI,DEV-03-3,Android,Chennai,14,4,0,15.97,14,732.95,426.25,3,140,838,0,0,0,0.0,0,
TXN03-00854,3,2026-05-29 14:30:59,1048.92,Grocery,30002,UPI,DEV-03-1,Android,Chennai,14,4,0,5.95,15,732.26,426.92,63,322,839,0,0,0,0.0,0,
TXN03-00855,3,2026-05-29 14:54:43,1382.29,Pharmacy,30032,Card,DEV-03-4,Web,Chennai,14,4,0,23.73,16,731.58,426.25,2,78,840,0,0,0,0.0,0,
TXN03-00856,3,2026-05-29 15:16:32,909.72,Pharmacy,30008,Card,DEV-03-3,Android,Chennai,15,4,0,21.82,17,734.34,425.2,178,141,841,0,0,0,0.0,0,
TXN03-00857,3,2026-05-29 15:31:20,364.07,Pharmacy,30025,Card,DEV-03-2,Android,Chennai,15,4,0,14.8,18,736.63,426.24,12,182,842,0,0,0,0.0,0,
TXN03-00858,3,2026-05-29 16:15:29,1112.68,Pharmacy,30028,UPI,DEV-03-3,Android,Chennai,16,4,0,44.15,19,737.25,427.57,6,142,843,0,0,0,0.0,0,
TXN03-00859,3,2026-05-29 16:42:09,461.5,Household,30036,Card,DEV-03-2,Android,Chennai,16,4,0,26.67,20,735.36,427.31,1,183,844,0,0,1,0.0,0,
TXN03-00860,3,2026-05-29 16:47:46,613.47,Pharmacy,30008,Card,DEV-03-3,Android,Chennai,16,4,0,5.62,21,732.19,425.78,179,143,845,0,0,0,0.0,0,
TXN03-00861,3,2026-05-29 17:45:39,567.38,Household,30004,UPI,DEV-03-1,Android,Chennai,17,4,0,57.88,22,733.85,425.81,92,323,846,0,0,0,0.0,0,
TXN03-00862,3,2026-05-29 17:52:04,653.87,Grocery,30001,Card,DEV-03-5,iPhone,Chennai,17,4,0,6.42,23,733.29,425.21,121,55,847,0,0,0,0.0,0,
TXN03-00863,3,2026-05-29 17:55:46,388.43,Grocery,30001,UPI,DEV-03-2,Android,Chennai,17,4,0,3.7,24,733.02,424.52,122,184,848,0,0,0,0.0,0,
TXN03-00864,3,2026-05-29 18:17:57,1020.06,Grocery,30001,Card,DEV-03-1,Android,Chennai,18,4,0,22.18,25,733.7,423.82,123,324,849,0,0,0,0.0,0,
TXN03-00865,3,2026-05-29 18:52:32,719.73,Grocery,30001,Card,DEV-03-7,iPhone,Chennai,18,4,0,34.58,26,734.44,424.66,124,21,850,0,0,0,0.0,0,
TXN03-00866,3,2026-05-29 18:56:19,527.53,Pharmacy,30035,Card,DEV-03-1,Android,Chennai,18,4,0,3.78,27,734.39,423.95,4,325,851,0,0,0,0.0,0,
TXN03-00867,3,2026-05-29 18:59:11,233.78,Pharmacy,30008,UPI,DEV-03-1,Android,Chennai,18,4,0,2.87,28,733.7,423.41,180,326,852,0,0,0,0.0,0,
TXN03-00868,3,2026-05-29 19:16:43,680.27,Grocery,30037,Card,DEV-03-4,Web,Chennai,19,4,0,17.53,29,731.83,424.38,1,79,853,0,0,1,0.0,0,
TXN03-00869,3,2026-05-29 19:43:44,593.77,Household,30009,Card,DEV-03-3,Android,Chennai,19,4,0,27.02,30,729.71,424.16,32,144,854,0,0,0,0.0,0,
TXN03-00870,3,2026-05-29 20:48:44,1046.6,Household,30039,UPI,DEV-03-1,Android,Chennai,20,4,0,65.0,31,732.52,424.6,1,327,855,0,0,1,0.0,1,ato_odd_hour_short_gap
TXN03-00871,3,2026-05-30 08:07:09,619.95,Pharmacy,30023,Card,DEV-03-5,iPhone,Chennai,8,5,1,678.42,1,735.66,423.53,27,56,856,0,0,0,0.0,1,ato_higher_amount
TXN03-00872,3,2026-05-30 08:09:43,673.75,Grocery,30003,Card,DEV-03-2,Android,Chennai,8,5,1,2.57,2,735.33,423.58,39,185,857,0,0,0,0.0,0,
TXN03-00873,3,2026-05-30 08:37:39,888.31,Grocery,30006,Card,DEV-03-1,Android,Chennai,8,5,1,27.93,3,732.48,422.76,31,328,858,0,0,0,0.0,0,
TXN03-00874,3,2026-05-30 08:38:52,745.13,Pharmacy,30032,UPI,DEV-03-3,Android,Chennai,8,5,1,1.22,4,733.01,422.14,3,145,859,0,0,0,0.0,0,
TXN03-00875,3,2026-05-30 08:39:33,590.74,Pharmacy,30008,Card,DEV-03-4,Web,Chennai,8,5,1,0.68,5,733.05,421.42,181,80,860,0,0,0,0.0,0,
TXN03-00876,3,2026-05-30 08:49:43,314.94,Household,30021,Card,DEV-03-4,Web,Chennai,8,5,1,10.17,6,731.87,418.54,8,81,861,0,0,0,0.0,0,
TXN03-00877,3,2026-05-30 09:03:26,329.5,Pharmacy,30032,Card,DEV-03-5,iPhone,Chennai,9,5,1,13.72,7,728.26,417.45,4,57,862,0,0,0,0.0,0,
TXN03-00878,3,2026-05-30 09:34:26,869.82,Pharmacy,30028,Card,DEV-03-3,Android,Chennai,9,5,1,31.0,8,725.26,417.16,7,146,863,0,0,0,0.0,0,
TXN03-00879,3,2026-05-30 09:41:18,327.52,Grocery,30007,UPI,DEV-03-3,Android,Chennai,9,5,1,6.87,9,724.79,416.93,21,147,864,0,0,0,0.0,0,
TXN03-00880,3,2026-05-30 09:48:33,1208.95,Grocery,30019,UPI,DEV-03-2,Android,Chennai,9,5,1,7.25,10,723.43,416.86,16,186,865,0,0,0,0.0,0,
TXN03-00881,3,2026-05-30 10:00:19,977.88,Household,30004,UPI,DEV-03-2,Android,Chennai,10,5,1,11.77,11,726.87,416.71,93,187,866,0,0,0,0.0,0,
TXN03-00882,3,2026-05-30 10:20:36,568.85,Pharmacy,30031,Card,DEV-03-1,Android,Chennai,10,5,1,20.28,12,728.75,416.6,3,329,867,0,0,0,0.0,0,
TXN03-00883,3,2026-05-30 10:21:50,195.8,Pharmacy,30023,Card,DEV-03-1,Android,Chennai,10,5,1,1.23,13,728.2,415.99,28,330,868,0,0,0,0.0,0,
TXN03-00884,3,2026-05-30 10:23:28,408.97,Household,30004,UPI,DEV-03-3,Android,Chennai,10,5,1,1.63,14,726.39,416.44,94,148,869,0,0,0,0.0,0,
TXN03-00885,3,2026-05-30 10:36:56,638.99,Grocery,30001,UPI,DEV-03-1,Android,Chennai,10,5,1,13.47,15,725.31,416.14,125,331,870,0,0,0,0.0,0,
TXN03-00886,3,2026-05-30 10:37:05,112.88,Household,30016,UPI,DEV-03-11,Web,Chennai,10,5,1,0.15,16,725.02,415.47,11,3,871,0,0,0,0.0,0,
TXN03-00887,3,2026-05-30 10:37:22,376.69,Grocery,30022,Card,DEV-03-1,Android,Chennai,10,5,1,0.28,17,722.96,416.28,10,332,872,0,0,0,0.0,0,
TXN03-00888,3,2026-05-30 11:01:46,353.82,Household,30004,UPI,DEV-03-10,Android,Chennai,11,5,1,24.4,18,724.08,416.52,95,6,873,0,0,0,0.0,0,
TXN03-00889,3,2026-05-30 11:24:03,1108.39,Household,30012,UPI,DEV-03-1,Android,Chennai,11,5,1,22.28,19,722.84,416.37,28,333,874,0,0,0,0.0,0,
TXN03-00890,3,2026-05-30 11:26:03,340.63,Household,30012,Card,DEV-03-2,Android,Chennai,11,5,1,2.0,20,724.13,416.27,29,188,875,0,0,0,0.0,0,
TXN03-00891,3,2026-05-30 11:44:42,1204.97,Household,30038,UPI,DEV-03-4,Web,Chennai,11,5,1,18.65,21,722.45,416.8,1,82,876,0,0,1,0.0,0,
TXN03-00892,3,2026-05-30 11:46:45,828.68,Grocery,30010,Card,DEV-03-13,Android,Chennai,11,5,1,2.05,22,724.07,417.03,22,1,877,1,0,0,0.0,0,
TXN03-00893,3,2026-05-30 12:08:49,413.6,Grocery,30020,Card,DEV-03-1,Android,Chennai,12,5,1,22.07,23,723.02,414.83,5,334,878,0,0,0,0.0,0,
TXN03-00894,3,2026-05-30 12:49:58,1066.87,Grocery,30001,Card,DEV-03-2,Android,Chennai,12,5,1,41.15,24,723.99,414.89,126,189,879,0,0,0,0.0,0,
TXN03-00895,3,2026-05-30 12:55:28,576.43,Grocery,30018,Card,DEV-03-3,Android,Chennai,12,5,1,5.5,25,725.15,414.66,9,149,880,0,0,0,0.0,0,
TXN03-00896,3,2026-05-30 12:56:17,1368.38,Pharmacy,30031,UPI,DEV-03-8,Web,Chennai,12,5,1,0.82,26,724.65,414.05,4,9,881,0,0,0,0.0,0,
TXN03-00897,3,2026-05-30 12:56:48,477.62,Household,30004,Card,DEV-03-3,Android,Chennai,12,5,1,0.52,27,726.82,415.03,96,150,882,0,0,0,0.0,0,
TXN03-00898,3,2026-05-30 12:57:23,807.23,Household,30029,UPI,DEV-03-3,Android,Chennai,12,5,1,0.58,28,725.98,414.59,2,151,883,0,0,0,0.0,0,
TXN03-00899,3,2026-05-30 13:09:43,347.58,Pharmacy,30031,UPI,DEV-03-3,Android,Chennai,13,5,1,12.33,29,724.65,412.6,5,152,884,0,0,0,0.0,0,
TXN03-00900,3,2026-05-30 13:10:42,913.99,Grocery,30001,Card,DEV-03-2,Android,Chennai,13,5,1,0.98,30,723.39,412.48,127,190,885,0,0,0,0.0,0,
TXN03-00901,3,2026-05-30 13:13:11,447.2,Grocery,30006,UPI,DEV-03-3,Android,Chennai,13,5,1,2.48,31,724.03,411.94,32,153,886,0,0,0,0.0,0,
TXN03-00902,3,2026-05-30 13:27:44,302.32,Grocery,30002,UPI,DEV-03-1,Android,Chennai,13,5,1,14.55,32,721.6,411.42,64,335,887,0,0,0,0.0,0,
TXN03-00903,3,2026-05-30 13:42:01,680.14,Grocery,30001,Card,DEV-03-2,Android,Chennai,13,5,1,14.28,33,716.91,410.17,128,191,888,0,0,0,0.0,0,
TXN03-00904,3,2026-05-30 14:05:18,311.49,Pharmacy,30008,UPI,DEV-03-2,Android,Chennai,14,5,1,23.28,34,712.01,407.9,182,192,889,0,0,0,0.0,0,
TXN03-00905,3,2026-05-30 14:15:05,1500.0,Household,30011,Card,DEV-03-2,Android,Chennai,14,5,1,9.78,35,710.64,407.87,20,193,890,0,0,0,0.0,0,
TXN03-00906,3,2026-05-30 14:30:27,822.84,Pharmacy,30025,UPI,DEV-03-4,Web,Chennai,14,5,1,15.37,36,713.32,409.76,13,83,891,0,0,0,0.0,0,
TXN03-00907,3,2026-05-30 14:36:53,374.73,Household,30004,Card,DEV-03-2,Android,Chennai,14,5,1,6.43,37,713.69,409.12,97,194,892,0,0,0,0.0,0,
TXN03-00908,3,2026-05-30 14:38:28,1006.0,Pharmacy,30023,UPI,DEV-03-1,Android,Chennai,14,5,1,1.58,38,712.55,408.9,29,336,893,0,0,0,0.0,0,
TXN03-00909,3,2026-05-30 14:49:52,763.4,Grocery,30001,Card,DEV-03-8,Web,Chennai,14,5,1,11.4,39,713.53,408.56,129,10,894,0,0,0,0.0,0,
TXN03-00910,3,2026-05-30 14:53:25,274.17,Grocery,30037,Card,DEV-03-2,Android,Chennai,14,5,1,3.55,40,713.7,407.89,2,195,895,0,0,0,0.0,0,
TXN03-00911,3,2026-05-30 15:42:40,328.37,Household,30039,Card,DEV-03-5,iPhone,Chennai,15,5,1,49.25,41,711.93,406.42,2,58,896,0,0,0,0.0,0,
TXN03-00912,3,2026-05-30 15:44:23,498.44,Pharmacy,30008,UPI,DEV-03-2,Android,Chennai,15,5,1,1.72,42,710.64,406.34,183,196,897,0,0,0,0.0,0,
TXN03-00913,3,2026-05-30 15:50:51,690.29,Household,30012,Card,DEV-03-3,Android,Chennai,15,5,1,6.47,43,709.93,405.84,30,154,898,0,0,0,0.0,0,
TXN03-00914,3,2026-05-30 15:51:42,571.83,Household,30011,UPI,DEV-03-2,Android,Chennai,15,5,1,0.85,44,709.87,405.17,21,197,899,0,0,0,0.0,0,
TXN03-00915,3,2026-05-30 16:00:58,209.11,Grocery,30003,Card,DEV-03-3,Android,Chennai,16,5,1,9.27,45,709.41,404.57,40,155,900,0,0,0,0.0,0,
TXN03-00916,3,2026-05-30 16:20:04,776.28,Household,30009,Card,DEV-03-2,Android,Chennai,16,5,1,19.1,46,703.92,398.52,33,198,901,0,0,0,0.0,0,
TXN03-00917,3,2026-05-30 16:31:54,1036.82,Pharmacy,30028,UPI,DEV-03-11,Web,Chennai,16,5,1,11.83,47,701.88,396.59,8,4,902,0,0,0,0.0,0,
TXN03-00918,3,2026-05-30 16:36:24,403.14,Grocery,30007,UPI,DEV-03-8,Web,Chennai,16,5,1,4.5,48,702.94,397.06,22,11,903,0,0,0,0.0,0,
TXN03-00919,3,2026-05-30 16:57:54,520.73,Grocery,30007,Card,DEV-03-3,Android,Chennai,16,5,1,21.5,49,701.94,396.77,23,156,904,0,0,0,0.0,0,
TXN03-00920,3,2026-05-30 17:08:54,287.15,Pharmacy,30028,UPI,DEV-03-1,Android,Chennai,17,5,1,11.0,50,702.97,395.89,9,337,905,0,0,0,0.0,0,
TXN03-00921,3,2026-05-30 17:12:10,1034.39,Pharmacy,30028,Card,DEV-03-1,Android,Chennai,17,5,1,3.27,51,701.58,395.95,10,338,906,0,0,0,0.0,0,
TXN03-00922,3,2026-05-30 17:12:28,856.81,Grocery,30033,UPI,DEV-03-1,Android,Chennai,17,5,1,0.3,52,702.69,395.76,2,339,907,0,0,0,0.0,0,
TXN03-00923,3,2026-05-30 17:24:24,723.58,Grocery,30001,UPI,DEV-03-1,Android,Chennai,17,5,1,11.93,53,705.76,395.22,130,340,908,0,0,0,0.0,0,
TXN03-00924,3,2026-05-30 17:43:03,141.11,Grocery,30002,UPI,DEV-03-4,Web,Chennai,17,5,1,18.65,54,704.99,394.97,65,84,909,0,0,0,0.0,0,
TXN03-00925,3,2026-05-30 17:48:38,679.5,Household,30017,Card,DEV-03-3,Android,Chennai,17,5,1,5.58,55,703.11,395.65,16,157,910,0,0,0,0.0,0,
TXN03-00926,3,2026-05-30 17:51:42,525.87,Household,30024,Card,DEV-03-9,Web,Chennai,17,5,1,3.07,56,703.04,394.99,3,6,911,0,0,0,0.0,0,
TXN03-00927,3,2026-05-30 17:55:30,629.01,Pharmacy,30040,Card,DEV-03-5,iPhone,Chennai,17,5,1,3.8,57,702.45,394.47,1,59,912,0,0,1,0.0,0,
TXN03-00928,3,2026-05-30 18:04:56,300.18,Pharmacy,30023,Card,DEV-03-1,Android,Chennai,18,5,1,9.43,58,702.21,393.84,30,341,913,0,0,0,0.0,0,
TXN03-00929,3,2026-05-30 18:13:42,175.82,Grocery,30002,UPI,DEV-03-4,Web,Chennai,18,5,1,8.77,59,699.5,393.77,66,85,914,0,0,0,0.0,0,
TXN03-00930,3,2026-05-30 18:55:14,140.76,Pharmacy,30023,UPI,DEV-03-1,Android,Chennai,18,5,1,41.53,60,694.92,393.35,31,342,915,0,0,0,0.0,0,
TXN03-00931,3,2026-05-30 19:01:42,722.72,Household,30004,UPI,DEV-03-14,Android,Chennai,19,5,1,6.47,61,692.23,394.37,98,1,916,1,0,0,0.0,0,
TXN03-00932,3,2026-05-30 19:08:14,239.8,Grocery,30001,UPI,DEV-03-5,iPhone,Chennai,19,5,1,6.53,62,692.6,394.34,131,60,917,0,0,0,0.0,0,
TXN03-00933,3,2026-05-30 19:09:59,789.91,Grocery,30001,UPI,DEV-03-1,Android,Chennai,19,5,1,1.75,63,691.1,394.55,132,343,918,0,0,0,0.0,0,
TXN03-00934,3,2026-05-30 19:20:26,1500.0,Household,30005,Card,DEV-03-1,Android,Chennai,19,5,1,10.45,64,689.96,394.73,45,344,919,0,0,0,0.0,0,
TXN03-00935,3,2026-05-30 19:36:20,666.46,Household,30005,UPI,DEV-03-2,Android,Chennai,19,5,1,15.9,65,692.64,396.81,46,199,920,0,0,0,0.0,0,
TXN03-00936,3,2026-05-30 19:42:34,1243.11,Grocery,30020,UPI,DEV-03-2,Android,Chennai,19,5,1,6.23,66,692.56,396.16,6,200,921,0,0,0,0.0,0,
TXN03-00937,3,2026-05-30 19:45:34,371.29,Grocery,30002,UPI,DEV-03-3,Android,Chennai,19,5,1,3.0,67,694.37,396.76,67,158,922,0,0,0,0.0,0,
TXN03-00938,3,2026-05-30 19:56:04,505.57,Pharmacy,30008,UPI,DEV-03-1,Android,Chennai,19,5,1,10.5,68,693.31,396.54,184,345,923,0,0,0,0.0,0,
TXN03-00939,3,2026-05-30 20:37:25,1072.59,Grocery,30001,Card,DEV-UNK-2551,Web,Chennai,20,5,1,41.35,69,692.7,396.04,133,1,924,1,0,0,0.0,1,ato_odd_hour_new_device
TXN03-00940,3,2026-05-31 08:26:41,1405.55,Household,30004,UPI,DEV-03-2,Android,Chennai,8,6,1,709.27,1,691.31,395.1,99,201,925,0,0,0,0.0,0,
TXN03-00941,3,2026-05-31 09:24:55,750.22,Grocery,30019,Card,DEV-03-10,Android,Chennai,9,6,1,58.23,2,693.82,397.19,17,7,926,0,0,0,0.0,0,
TXN03-00942,3,2026-05-31 09:28:37,271.62,Grocery,30001,UPI,DEV-03-3,Android,Chennai,9,6,1,3.7,3,694.45,397.13,134,159,927,0,0,0,0.0,0,
TXN03-00943,3,2026-05-31 09:34:07,1234.84,Grocery,30003,Card,DEV-03-1,Android,Chennai,9,6,1,5.5,4,693.06,397.21,41,346,928,0,0,0,0.0,0,
TXN03-00944,3,2026-05-31 09:44:01,959.63,Household,30004,UPI,DEV-03-4,Web,Chennai,9,6,1,9.9,5,694.83,397.76,100,86,929,0,0,0,0.0,0,
TXN03-00945,3,2026-05-31 10:42:22,837.94,Pharmacy,30008,Card,DEV-03-1,Android,Chennai,10,6,1,58.35,6,696.01,398.13,185,347,930,0,0,0,0.0,0,
TXN03-00946,3,2026-05-31 10:42:33,515.01,Household,30016,UPI,DEV-03-5,iPhone,Chennai,10,6,1,0.18,7,696.47,397.56,12,61,931,0,0,0,0.0,0,
TXN03-00947,3,2026-05-31 10:45:42,1185.64,Grocery,30006,UPI,DEV-03-1,Android,Chennai,10,6,1,3.15,8,695.89,397.05,33,348,932,0,0,0,0.0,0,
TXN03-00948,3,2026-05-31 10:51:53,318.91,Household,30036,UPI,DEV-03-9,Web,Chennai,10,6,1,6.18,9,697.47,397.38,2,7,933,0,0,0,0.0,0,
TXN03-00949,3,2026-05-31 10:57:23,277.3,Grocery,30003,Card,DEV-03-1,Android,Chennai,10,6,1,5.5,10,697.93,396.86,42,349,934,0,0,0,0.0,0,
TXN03-00950,3,2026-05-31 11:13:58,175.7,Household,30029,Card,DEV-03-7,iPhone,Chennai,11,6,1,16.58,11,696.58,396.93,3,22,935,0,0,0,0.0,0,
TXN03-00951,3,2026-05-31 11:15:04,329.09,Grocery,30006,UPI,DEV-03-2,Android,Chennai,11,6,1,1.1,12,694.9,397.39,34,202,936,0,0,0,0.0,0,
TXN03-00952,3,2026-05-31 11:39:20,717.5,Pharmacy,30008,UPI,DEV-03-2,Android,Chennai,11,6,1,24.27,13,694.51,397.69,186,203,937,0,0,0,0.0,0,
TXN03-00953,3,2026-05-31 11:56:30,457.73,Pharmacy,30025,Card,DEV-03-7,iPhone,Chennai,11,6,1,17.17,14,695.5,397.37,14,23,938,0,0,0,0.0,0,
TXN03-00954,3,2026-05-31 12:09:19,267.69,Grocery,30003,UPI,DEV-03-2,Android,Chennai,12,6,1,12.82,15,693.37,395.77,43,204,939,0,0,0,0.0,0,
TXN03-00955,3,2026-05-31 12:45:20,1176.6,Grocery,30015,Card,DEV-03-2,Android,Chennai,12,6,1,36.02,16,693.41,397.17,12,205,940,0,0,0,0.0,0,
TXN03-00956,3,2026-05-31 12:51:09,780.08,Grocery,30007,UPI,DEV-03-2,Android,Chennai,12,6,1,5.82,17,694.98,397.48,24,206,941,0,0,0,0.0,0,
TXN03-00957,3,2026-05-31 12:55:10,1500.0,Household,30005,UPI,DEV-03-1,Android,Chennai,12,6,1,4.02,18,696.51,396.89,47,350,942,0,0,0,0.0,0,
TXN03-00958,3,2026-05-31 13:07:18,959.43,Pharmacy,30008,Card,DEV-03-1,Android,Chennai,13,6,1,12.13,19,699.1,398.86,187,351,943,0,0,0,0.0,0,
TXN03-00959,3,2026-05-31 13:27:48,1450.46,Household,30013,UPI,DEV-03-2,Android,Chennai,13,6,1,20.5,20,703.15,398.93,12,207,944,0,0,0,0.0,0,
TXN03-00960,3,2026-05-31 13:48:33,337.21,Pharmacy,30032,Card,DEV-03-1,Android,Chennai,13,6,1,20.75,21,705.56,400.54,5,352,945,0,0,0,0.0,0,
TXN03-00961,3,2026-05-31 14:18:16,551.74,Grocery,30041,UPI,DEV-03-2,Android,Chennai,14,6,1,29.72,22,697.59,396.41,1,208,946,0,0,1,0.0,0,
TXN03-00962,3,2026-05-31 14:26:08,178.66,Pharmacy,30025,UPI,DEV-03-1,Android,Chennai,14,6,1,7.87,23,697.12,395.85,15,353,947,0,0,0,0.0,0,
TXN03-00963,3,2026-05-31 14:50:47,540.48,Household,30005,Card,DEV-03-3,Android,Chennai,14,6,1,24.65,24,695.22,396.93,48,160,948,0,0,0,0.0,0,
TXN03-00964,3,2026-05-31 15:09:31,589.13,Gaming Subscription,30001,UPI,DEV-03-1,Android,Chennai,15,6,1,18.73,25,693.26,394.48,135,354,949,0,0,0,0.0,1,gaming_subscription
TXN03-00965,3,2026-05-31 15:21:09,431.32,Household,30004,Card,DEV-03-7,iPhone,Chennai,15,6,1,11.63,26,693.99,394.07,101,24,950,0,0,0,0.0,0,
TXN03-00966,3,2026-05-31 15:34:13,639.08,Grocery,30010,UPI,DEV-03-2,Android,Chennai,15,6,1,13.07,27,692.67,394.65,23,209,951,0,0,0,0.0,0,
TXN03-00967,3,2026-05-31 15:42:31,612.32,Grocery,30010,UPI,DEV-03-2,Android,Chennai,15,6,1,8.3,28,693.59,394.19,24,210,952,0,0,0,0.0,0,
TXN03-00968,3,2026-05-31 15:43:52,441.47,Grocery,30026,UPI,DEV-03-2,Android,Chennai,15,6,1,1.35,29,693.33,393.58,4,211,953,0,0,0,0.0,0,
TXN03-00969,3,2026-05-31 15:51:44,744.35,Household,30016,UPI,DEV-03-4,Web,Chennai,15,6,1,7.87,30,692.51,393.2,13,87,954,0,0,0,0.0,0,
TXN03-00970,3,2026-05-31 15:55:28,177.27,Grocery,30001,UPI,DEV-03-6,Web,Chennai,15,6,1,3.73,31,692.68,392.57,136,30,955,0,0,0,0.0,0,
TXN03-00971,3,2026-05-31 15:55:40,1039.76,Pharmacy,30025,Card,DEV-03-1,Android,Chennai,15,6,1,0.2,32,691.01,393.03,16,355,956,0,0,0,0.0,0,
TXN03-00972,3,2026-05-31 16:18:27,1380.21,Grocery,30037,Card,DEV-03-3,Android,Chennai,16,6,1,22.78,33,691.16,391.6,3,161,957,0,0,0,0.0,0,
TXN03-00973,3,2026-05-31 16:22:12,1176.26,Grocery,30006,UPI,DEV-03-1,Android,Chennai,16,6,1,3.75,34,693.29,393.54,35,356,958,0,0,0,0.0,0,
TXN03-00974,3,2026-05-31 16:33:31,1008.51,Grocery,30001,UPI,DEV-03-1,Android,Goa,16,6,1,11.32,35,696.12,394.75,137,357,2,0,0,0,706.92,0,
TXN03-00975,3,2026-05-31 16:37:02,1500.0,Grocery,30041,UPI,DEV-03-2,Android,Chennai,16,6,1,3.52,36,697.13,394.51,2,212,959,0,0,0,706.92,0,
TXN03-00976,3,2026-05-31 17:07:12,1122.29,Grocery,30001,UPI,DEV-03-1,Android,Chennai,17,6,1,30.17,37,700.52,396.88,138,358,960,0,0,0,0.0,0,
TXN03-00977,3,2026-05-31 17:15:29,1237.99,Household,30004,Card,DEV-03-1,Android,Chennai,17,6,1,8.28,38,702.81,397.27,102,359,961,0,0,0,0.0,0,
TXN03-00978,3,2026-05-31 17:22:49,1149.91,Pharmacy,30008,UPI,DEV-03-2,Android,Chennai,17,6,1,7.33,39,704.35,398.48,188,213,962,0,0,0,0.0,0,
TXN03-00979,3,2026-05-31 17:27:54,333.46,Grocery,30034,Card,DEV-03-2,Android,Chennai,17,6,1,5.08,40,705.79,398.64,2,214,963,0,0,0,0.0,0,
TXN03-00980,3,2026-05-31 17:40:57,585.73,Grocery,30006,Card,DEV-03-2,Android,Chennai,17,6,1,13.05,41,703.5,399.62,36,215,964,0,0,0,0.0,0,
TXN03-00981,3,2026-05-31 17:49:58,403.53,Household,30009,Card,DEV-03-2,Android,Chennai,17,6,1,9.02,42,703.12,399.03,34,216,965,0,0,0,0.0,0,
TXN03-00982,3,2026-05-31 17:50:52,869.94,Household,30009,Card,DEV-03-4,Web,Chennai,17,6,1,0.9,43,702.15,398.74,35,88,966,0,0,0,0.0,0,
TXN03-00983,3,2026-05-31 18:12:28,354.91,Pharmacy,30025,UPI,DEV-03-3,Android,Chennai,18,6,1,21.6,44,702.38,399.15,17,162,967,0,0,0,0.0,0,
TXN03-00984,3,2026-05-31 18:50:09,566.86,Household,30021,UPI,DEV-03-6,Web,Chennai,18,6,1,37.68,45,703.68,399.95,9,31,968,0,0,0,0.0,0,
TXN03-00985,3,2026-05-31 19:05:24,1500.0,Grocery,30001,Card,DEV-03-1,Android,Chennai,19,6,1,15.25,46,703.24,399.38,139,360,969,0,0,0,0.0,0,
TXN03-00986,3,2026-05-31 19:11:14,1500.0,Household,30016,Card,DEV-03-2,Android,Chennai,19,6,1,5.83,47,705.82,401.29,14,217,970,0,0,0,0.0,0,
TXN03-00987,3,2026-05-31 19:12:26,1274.74,Grocery,30002,UPI,DEV-03-1,Android,Chennai,19,6,1,1.2,48,708.38,403.17,68,361,971,0,0,0,0.0,0,
TXN03-00988,3,2026-05-31 19:24:46,947.44,Grocery,30002,Card,DEV-03-4,Web,Chennai,19,6,1,12.33,49,710.2,403.79,69,89,972,0,0,0,0.0,0,
TXN03-00989,3,2026-05-31 19:30:49,435.23,Grocery,30019,Card,DEV-03-8,Web,Chennai,19,6,1,6.05,50,712.73,402.81,18,12,973,0,0,0,0.0,0,
TXN03-00990,3,2026-05-31 19:32:38,648.69,Grocery,30033,Card,DEV-03-3,Android,Chennai,19,6,1,1.82,51,711.84,402.47,3,163,974,0,0,0,0.0,0,
TXN03-00991,3,2026-05-31 19:52:09,706.54,Pharmacy,30023,Card,DEV-03-11,Web,Chennai,19,6,1,19.52,52,713.29,403.35,32,5,975,0,0,0,0.0,0,
TXN03-00992,3,2026-05-31 19:57:28,416.58,Pharmacy,30008,Card,DEV-03-3,Android,Chennai,19,6,1,5.32,53,713.27,402.71,189,164,976,0,0,0,0.0,0,
TXN03-00993,3,2026-05-31 20:32:33,949.12,Household,30011,UPI,DEV-03-4,Web,Chennai,20,6,1,35.08,54,712.32,402.41,22,90,977,0,0,0,0.0,1,ato_odd_hour
TXN03-00994,3,2026-06-01 08:28:14,519.47,Pharmacy,30008,Card,DEV-03-1,Android,Chennai,8,0,0,715.68,1,714.55,403.11,190,362,978,0,0,0,0.0,0,
TXN03-00995,3,2026-06-01 08:41:17,366.23,Grocery,30001,UPI,DEV-03-3,Android,Chennai,8,0,0,13.05,2,713.93,402.61,140,165,979,0,0,0,0.0,0,
TXN03-00996,3,2026-06-01 08:59:25,954.24,Grocery,30019,Card,DEV-03-1,Android,Chennai,8,0,0,18.13,3,713.32,402.99,19,363,980,0,0,0,0.0,0,
TXN03-00997,3,2026-06-01 09:26:14,283.42,Pharmacy,30008,UPI,DEV-03-3,Android,Chennai,9,0,0,26.82,4,714.76,403.71,191,166,981,0,0,0,0.0,0,
TXN03-00998,3,2026-06-01 09:27:59,305.11,Pharmacy,30008,UPI,DEV-03-4,Web,Chennai,9,0,0,1.75,5,713.37,403.8,192,91,982,0,0,0,0.0,0,
TXN03-00999,3,2026-06-01 09:46:58,1230.09,Household,30005,Card,DEV-03-5,iPhone,Chennai,9,0,0,18.98,6,713.54,403.61,49,62,983,0,0,0,0.0,0,
TXN03-01000,3,2026-06-01 10:27:43,690.35,Household,30024,UPI,DEV-03-1,Android,Chennai,10,0,0,40.75,7,718.84,404.37,4,364,984,0,0,0,0.0,0,
TXN03-01001,3,2026-06-01 10:55:19,220.1,Household,30005,UPI,DEV-03-2,Android,Chennai,10,0,0,27.6,8,720.21,403.93,50,218,985,0,0,0,0.0,0,
TXN03-01002,3,2026-06-01 10:59:01,1500.0,Grocery,30019,UPI,DEV-03-7,iPhone,Chennai,10,0,0,3.7,9,718.59,404.28,20,25,986,0,0,0,0.0,0,
TXN03-01003,3,2026-06-01 11:04:12,558.61,Grocery,30001,Card,DEV-03-2,Android,Chennai,11,0,0,5.18,10,722.65,405.82,141,219,987,0,0,0,0.0,0,
TXN03-01004,3,2026-06-01 12:01:36,450.79,Grocery,30006,UPI,DEV-03-6,Web,Chennai,12,0,0,57.4,11,722.61,406.13,37,32,988,0,0,0,0.0,0,
TXN03-01005,3,2026-06-01 12:02:24,505.25,Grocery,30010,UPI,DEV-03-1,Android,Chennai,12,0,0,0.8,12,721.73,405.76,25,365,989,0,0,0,0.0,0,
TXN03-01006,3,2026-06-01 12:12:12,316.13,Pharmacy,30032,Card,DEV-03-6,Web,Chennai,12,0,0,9.8,13,721.03,405.29,6,33,990,0,0,0,0.0,0,
TXN03-01007,3,2026-06-01 12:34:42,174.01,Grocery,30002,UPI,DEV-03-2,Android,Chennai,12,0,0,22.5,14,720.27,405.83,70,220,991,0,0,0,0.0,0,
TXN03-01008,3,2026-06-01 12:54:57,357.3,Household,30029,UPI,DEV-03-1,Android,Chennai,12,0,0,20.25,15,718.51,406.36,4,366,992,0,0,0,0.0,0,
TXN03-01009,3,2026-06-01 13:03:20,509.23,Grocery,30002,Card,DEV-03-5,iPhone,Chennai,13,0,0,8.38,16,716.85,406.78,71,63,993,0,0,0,0.0,0,
TXN03-01010,3,2026-06-01 13:03:56,663.59,Pharmacy,30040,Card,DEV-03-3,Android,Chennai,13,0,0,0.6,17,716.18,406.3,2,167,994,0,0,0,0.0,0,
TXN03-01011,3,2026-06-01 13:22:27,146.21,Grocery,30003,Card,DEV-03-7,iPhone,Chennai,13,0,0,18.52,18,716.01,405.66,44,26,995,0,0,0,0.0,0,
TXN03-01012,3,2026-06-01 13:31:03,682.18,Pharmacy,30028,Card,DEV-03-3,Android,Kochi,13,0,0,8.6,19,711.67,404.49,11,168,2,0,0,0,559.49,0,
TXN03-01013,3,2026-06-01 15:02:28,333.79,Household,30036,Card,DEV-03-1,Android,Chennai,15,0,0,91.42,20,711.92,403.13,3,367,996,0,0,0,559.49,0,
TXN03-01014,3,2026-06-01 15:23:53,318.48,Grocery,30002,Card,DEV-03-3,Android,Chennai,15,0,0,21.42,21,711.83,403.21,72,169,997,0,0,0,0.0,0,
TXN03-01015,3,2026-06-01 15:25:16,983.0,Grocery,30002,UPI,DEV-03-6,Web,Chennai,15,0,0,1.38,22,710.57,403.18,73,34,998,0,0,0,0.0,0,
TXN03-01016,3,2026-06-01 15:26:03,257.63,Grocery,30002,UPI,DEV-03-6,Web,Chennai,15,0,0,0.78,23,711.44,402.83,74,35,999,0,0,0,0.0,0,
TXN03-01017,3,2026-06-01 15:33:10,1132.8,Grocery,30034,UPI,DEV-03-1,Android,Chennai,15,0,0,7.12,24,709.99,403.0,3,368,1000,0,0,0,0.0,0,
TXN03-01018,3,2026-06-01 15:44:06,1202.48,Household,30013,Card,DEV-03-1,Android,Chennai,15,0,0,10.93,25,712.25,403.37,13,369,1001,0,0,0,0.0,0,
TXN03-01019,3,2026-06-01 15:48:23,1014.03,Household,30004,UPI,DEV-03-7,iPhone,Chennai,15,0,0,4.28,26,713.81,403.67,103,27,1002,0,0,0,0.0,0,
TXN03-01020,3,2026-06-01 16:03:59,479.64,Pharmacy,30008,UPI,DEV-03-1,Android,Chennai,16,0,0,15.6,27,714.76,403.39,193,370,1003,0,0,0,0.0,0,
TXN03-01021,3,2026-06-01 16:17:54,949.14,Grocery,30001,Card,DEV-03-1,Android,Chennai,16,0,0,13.92,28,714.02,402.97,142,371,1004,0,0,0,0.0,0,
TXN03-01022,3,2026-06-01 16:28:42,993.45,Household,30004,UPI,DEV-03-3,Android,Chennai,16,0,0,10.8,29,716.01,402.56,104,170,1005,0,0,0,0.0,0,
TXN03-01023,3,2026-06-01 17:08:16,137.25,Grocery,30001,UPI,DEV-03-1,Android,Chennai,17,0,0,39.57,30,710.15,399.79,143,372,1006,0,0,0,0.0,0,
TXN03-01024,3,2026-06-01 17:08:32,628.31,Grocery,30042,Card,DEV-03-4,Web,Chennai,17,0,0,0.27,31,708.31,400.46,1,92,1007,0,0,1,0.0,0,
TXN03-01025,3,2026-06-01 17:12:35,670.08,Grocery,30001,Card,DEV-03-1,Android,Chennai,17,0,0,4.05,32,708.06,399.85,144,373,1008,0,0,0,0.0,0,
TXN03-01026,3,2026-06-01 17:56:44,832.75,Pharmacy,30008,Card,DEV-03-3,Android,Chennai,17,0,0,44.15,33,710.7,401.05,194,171,1009,0,0,0,0.0,0,
TXN03-01027,3,2026-06-01 18:02:09,215.9,Household,30024,UPI,DEV-03-2,Android,Chennai,18,0,0,5.42,34,711.09,400.46,5,221,1010,0,0,0,0.0,0,
TXN03-01028,3,2026-06-01 18:05:05,625.6,Household,30004,Card,DEV-03-4,Web,Chennai,18,0,0,2.93,35,709.49,400.8,105,93,1011,0,0,0,0.0,0,
TXN03-01029,3,2026-06-01 18:33:27,909.69,Grocery,30002,Card,DEV-03-4,Web,Chennai,18,0,0,28.37,36,713.56,400.21,75,94,1012,0,0,0,0.0,0,
TXN03-01030,3,2026-06-01 18:40:35,501.26,Grocery,30001,Card,DEV-03-1,Android,Chennai,18,0,0,7.13,37,714.2,399.72,145,374,1013,0,0,0,0.0,0,
TXN03-01031,3,2026-06-01 18:49:08,669.74,Pharmacy,30008,UPI,DEV-03-7,iPhone,Chennai,18,0,0,8.55,38,715.64,399.83,195,28,1014,0,0,0,0.0,0,
TXN03-01032,3,2026-06-01 18:52:16,471.54,Household,30021,UPI,DEV-03-2,Android,Chennai,18,0,0,3.13,39,715.49,399.18,10,222,1015,0,0,0,0.0,0,
TXN03-01033,3,2026-06-01 19:08:33,538.54,Household,30012,UPI,DEV-03-10,Android,Chennai,19,0,0,16.28,40,714.69,398.78,31,8,1016,0,0,0,0.0,0,
TXN03-01034,3,2026-06-01 19:46:53,228.04,Grocery,30010,Card,DEV-03-2,Android,Chennai,19,0,0,38.33,41,718.19,398.0,26,223,1017,0,0,0,0.0,0,
TXN03-01035,3,2026-06-01 19:48:48,256.55,Household,30004,UPI,DEV-03-1,Android,Chennai,19,0,0,1.92,42,716.59,398.33,106,375,1018,0,0,0,0.0,0,
TXN03-01036,3,2026-06-02 01:38:55,1737.04,Airport,30001,UPI,DEV-03-1,Android,Lucknow,1,1,0,350.12,1,709.07,382.67,146,376,1,0,1,0,1532.1,1,airport_txn
TXN03-01037,3,2026-06-02 08:13:31,787.76,Household,30013,Card,DEV-03-1,Android,Chennai,8,1,0,394.6,2,709.85,384.53,14,377,1019,0,0,0,1532.1,0,
TXN03-01038,3,2026-06-02 08:18:07,314.78,Grocery,30015,Card,DEV-03-1,Android,Chennai,8,1,0,4.6,3,710.11,383.92,13,378,1020,0,0,0,0.0,0,
TXN03-01039,3,2026-06-02 08:40:52,352.95,Household,30009,Card,DEV-03-2,Android,Chennai,8,1,0,22.75,4,707.55,383.96,36,224,1021,0,0,0,0.0,0,
TXN03-01040,3,2026-06-02 08:46:12,718.63,Grocery,30018,Card,DEV-03-1,Android,Chennai,8,1,0,5.33,5,706.39,383.87,10,379,1022,0,0,0,0.0,0,
TXN03-01041,3,2026-06-02 08:46:26,1127.8,Pharmacy,30028,UPI,DEV-03-2,Android,Chennai,8,1,0,0.23,6,706.43,383.24,12,225,1023,0,0,0,0.0,0,
TXN03-01042,3,2026-06-02 08:47:39,348.88,Grocery,30001,UPI,DEV-03-5,iPhone,Chennai,8,1,0,1.22,7,707.8,383.37,147,64,1024,0,0,0,0.0,0,
TXN03-01043,3,2026-06-02 08:52:48,841.76,Grocery,30001,UPI,DEV-03-5,iPhone,Chennai,8,1,0,5.15,8,706.64,383.29,148,65,1025,0,0,0,0.0,0,
TXN03-01044,3,2026-06-02 08:57:59,521.71,Pharmacy,30032,UPI,DEV-03-1,Android,Chennai,8,1,0,5.18,9,707.08,382.74,7,380,1026,0,0,0,0.0,0,
TXN03-01045,3,2026-06-02 09:01:06,507.3,Pharmacy,30008,Card,DEV-03-3,Android,Chennai,9,1,0,3.12,10,706.48,382.27,196,172,1027,0,0,0,0.0,0,
TXN03-01046,3,2026-06-02 09:16:39,1283.75,Pharmacy,30023,UPI,DEV-03-2,Android,Chennai,9,1,0,15.55,11,706.33,382.34,33,226,1028,0,0,0,0.0,0,
TXN03-01047,3,2026-06-02 09:41:17,593.17,Grocery,30020,UPI,DEV-03-1,Android,Chennai,9,1,0,24.63,12,708.1,384.0,7,381,1029,0,0,0,0.0,0,
TXN03-01048,3,2026-06-02 09:50:04,1160.67,Pharmacy,30008,UPI,DEV-03-2,Android,Chennai,9,1,0,8.78,13,707.73,383.43,197,227,1030,0,0,0,0.0,0,
TXN03-01049,3,2026-06-02 10:10:04,1236.53,Grocery,30019,Card,DEV-03-3,Android,Chennai,10,1,0,20.0,14,708.91,384.26,21,173,1031,0,0,0,0.0,0,
TXN03-01050,3,2026-06-02 10:14:33,588.25,Grocery,30002,UPI,DEV-03-1,Android,Chennai,10,1,0,4.48,15,711.12,385.33,76,382,1032,0,0,0,0.0,0,
TXN03-01051,3,2026-06-02 10:37:24,861.69,Grocery,30043,Card,DEV-03-6,Web,Chennai,10,1,0,22.85,16,710.72,384.77,1,36,1033,0,0,1,0.0,0,
TXN03-01052,3,2026-06-02 10:48:49,1258.38,Grocery,30014,UPI,DEV-03-1,Android,Chennai,10,1,0,11.42,17,711.21,384.24,18,383,1034,0,0,0,0.0,0,
TXN03-01053,3,2026-06-02 10:56:38,1096.67,Grocery,30001,UPI,DEV-03-1,Android,Chennai,10,1,0,7.82,18,712.52,385.41,149,384,1035,0,0,0,0.0,0,
TXN03-01054,3,2026-06-02 11:17:31,321.46,Pharmacy,30031,UPI,DEV-03-1,Android,Chennai,11,1,0,20.88,19,713.49,385.38,6,385,1036,0,0,0,0.0,0,
TXN03-01055,3,2026-06-02 11:17:59,125.62,Grocery,30006,Card,DEV-03-1,Android,Chennai,11,1,0,0.47,20,712.23,385.4,38,386,1037,0,0,0,0.0,0,
TXN03-01056,3,2026-06-02 11:34:05,1165.93,Household,30004,Card,DEV-03-3,Android,Chennai,11,1,0,16.1,21,710.34,386.21,107,174,1038,0,0,0,0.0,0,
TXN03-01057,3,2026-06-02 11:47:21,1500.0,Grocery,30003,Card,DEV-03-2,Android,Chennai,11,1,0,13.27,22,713.6,385.77,45,228,1039,0,0,0,0.0,0,
TXN03-01058,3,2026-06-02 12:29:34,391.65,Pharmacy,30008,UPI,DEV-03-1,Android,Chennai,12,1,0,42.22,23,714.01,386.25,198,387,1040,0,0,0,0.0,0,
TXN03-01059,3,2026-06-02 12:53:35,655.92,Pharmacy,30008,Card,DEV-03-5,iPhone,Chennai,12,1,0,24.02,24,713.68,386.48,199,66,1041,0,0,0,0.0,0,
TXN03-01060,3,2026-06-02 12:57:26,489.62,Grocery,30037,Card,DEV-03-6,Web,Chennai,12,1,0,3.85,25,713.49,385.87,4,37,1042,0,0,0,0.0,0,
TXN03-01061,3,2026-06-02 13:06:35,665.41,Grocery,30006,Card,DEV-03-7,iPhone,Chennai,13,1,0,9.15,26,712.77,385.46,39,29,1043,0,0,0,0.0,0,
TXN03-01062,3,2026-06-02 13:12:52,530.75,Pharmacy,30025,UPI,DEV-03-4,Web,Chennai,13,1,0,6.28,27,713.8,384.91,18,95,1044,0,0,0,0.0,0,
TXN03-01063,3,2026-06-02 13:15:50,288.1,Household,30004,Card,DEV-03-8,Web,Chennai,13,1,0,2.97,28,713.21,384.43,108,13,1045,0,0,0,0.0,0,
TXN03-01064,3,2026-06-02 13:21:48,320.56,Grocery,30001,Card,DEV-03-4,Web,Chennai,13,1,0,5.97,29,711.85,384.57,150,96,1046,0,0,0,0.0,0,
TXN03-01065,3,2026-06-02 13:30:20,1228.33,Pharmacy,30008,Card,DEV-03-1,Android,Chennai,13,1,0,8.53,30,710.6,384.59,200,388,1047,0,0,0,0.0,0,
TXN03-01066,3,2026-06-02 13:33:45,269.89,Household,30004,Card,DEV-03-1,Android,Chennai,13,1,0,3.42,31,712.25,385.08,109,389,1048,0,0,0,0.0,0,
TXN03-01067,3,2026-06-02 14:04:32,2317.92,Airport,30001,UPI,DEV-03-1,Android,Kolkata,14,1,0,30.78,32,710.67,385.87,151,390,3,0,0,0,1358.36,1,airport_txn
TXN03-01068,3,2026-06-02 14:09:59,911.48,Grocery,30019,Card,DEV-03-3,Android,Chennai,14,1,0,5.45,33,716.55,396.07,22,175,1049,0,0,0,1358.36,0,
TXN03-01069,3,2026-06-02 14:32:53,1119.2,Pharmacy,30031,UPI,DEV-03-1,Android,Chennai,14,1,0,22.9,34,717.17,395.59,7,391,1050,0,0,0,0.0,0,
TXN03-01070,3,2026-06-02 14:45:49,602.71,Grocery,30022,UPI,DEV-03-8,Web,Chennai,14,1,0,12.93,35,717.1,393.89,11,14,1051,0,0,0,0.0,0,
TXN03-01071,3,2026-06-02 15:08:33,625.69,Household,30004,Card,DEV-03-1,Android,Chennai,15,1,0,22.73,36,717.37,393.71,110,392,1052,0,0,0,0.0,0,
TXN03-01072,3,2026-06-02 15:10:04,1500.0,Grocery,30001,UPI,DEV-03-3,Android,Chennai,15,1,0,1.52,37,717.08,393.12,152,176,1053,0,0,0,0.0,0,
TXN03-01073,3,2026-06-02 15:12:41,1500.0,Grocery,30001,UPI,DEV-03-4,Web,Chennai,15,1,0,2.62,38,719.56,394.95,153,97,1054,0,0,0,0.0,0,
TXN03-01074,3,2026-06-02 15:17:37,313.98,Grocery,30001,Card,DEV-03-2,Android,Chennai,15,1,0,4.93,39,722.02,396.75,154,229,1055,0,0,0,0.0,0,
TXN03-01075,3,2026-06-02 15:34:29,623.94,Pharmacy,30008,UPI,DEV-03-1,Android,Chennai,15,1,0,16.87,40,720.74,396.78,201,393,1056,0,0,0,0.0,0,
TXN03-01076,3,2026-06-02 15:37:36,900.88,Pharmacy,30008,UPI,DEV-03-3,Android,Chennai,15,1,0,3.12,41,720.43,396.2,202,177,1057,0,0,0,0.0,0,
TXN03-01077,3,2026-06-02 16:49:33,653.77,Grocery,30001,Card,DEV-03-2,Android,Chennai,16,1,0,71.95,42,719.95,395.56,155,230,1058,0,0,0,0.0,0,
TXN03-01078,3,2026-06-02 17:17:26,1446.29,Grocery,30001,Card,DEV-03-5,iPhone,Chennai,17,1,0,27.88,43,719.74,394.94,156,67,1059,0,0,0,0.0,0,
TXN03-01079,3,2026-06-02 17:33:20,1237.96,Grocery,30007,Card,DEV-03-2,Android,Chennai,17,1,0,15.9,44,722.04,396.43,25,231,1060,0,0,0,0.0,0,
TXN03-01080,3,2026-06-02 17:34:20,289.47,Pharmacy,30066,UPI,DEV-03-4,Web,Chennai,17,1,0,1.0,45,723.67,396.86,1,98,1061,0,0,1,0.0,1,ato_short_gap
TXN03-01081,3,2026-06-02 17:34:21,940.05,Household,30005,UPI,DEV-03-2,Android,Chennai,17,1,0,0.02,46,722.3,396.98,51,232,1062,0,0,0,0.0,0,
TXN03-01082,3,2026-06-02 17:48:45,362.31,Grocery,30019,UPI,DEV-03-2,Android,Chennai,17,1,0,14.4,47,722.98,396.54,23,233,1063,0,0,0,0.0,0,
TXN03-01083,3,2026-06-02 17:55:56,443.82,Household,30012,Card,DEV-03-6,Web,Chennai,17,1,0,7.18,48,721.86,396.43,32,38,1064,0,0,0,0.0,0,
TXN03-01084,3,2026-06-02 18:06:05,511.24,Household,30009,UPI,DEV-03-2,Android,Chennai,18,1,0,10.15,49,720.99,396.12,37,234,1065,0,0,0,0.0,0,
TXN03-01085,3,2026-06-02 18:08:46,413.5,Grocery,30015,UPI,DEV-03-1,Android,Chennai,18,1,0,2.68,50,720.34,395.67,14,394,1066,0,0,0,0.0,0,
TXN03-01086,3,2026-06-02 18:42:01,1500.0,Grocery,30014,UPI,DEV-03-4,Web,Chennai,18,1,0,33.25,51,717.09,396.03,19,99,1067,0,0,0,0.0,0,
TXN03-01087,3,2026-06-02 19:12:34,837.99,Grocery,30001,Card,DEV-03-2,Android,Chennai,19,1,0,30.55,52,718.55,396.85,157,235,1068,0,0,0,0.0,0,
TXN03-01088,3,2026-06-02 19:14:20,1081.99,Pharmacy,30025,Card,DEV-UNK-6203,Android,Chennai,19,1,0,1.77,53,718.92,396.29,19,1,1069,1,0,0,0.0,1,ato_new_device
TXN03-01089,3,2026-06-02 19:31:03,650.79,Pharmacy,30028,Card,DEV-03-2,Android,Chennai,19,1,0,16.72,54,720.06,396.19,13,236,1070,0,0,0,0.0,0,
TXN03-01090,3,2026-06-02 19:36:05,329.79,Grocery,30027,UPI,DEV-03-7,iPhone,Delhi,19,1,0,5.03,55,719.84,395.59,3,30,2,0,0,0,1767.65,0,
TXN03-01091,3,2026-06-02 23:24:58,523.6,Gaming Subscription,30001,UPI,DEV-03-1,Android,Chennai,23,1,0,228.88,56,717.25,396.32,158,395,1071,0,0,0,1767.65,1,gaming_subscription
TXN03-01092,3,2026-06-03 00:05:38,1500.0,Fuel,30001,UPI,DEV-03-1,Android,Chennai,0,2,0,40.67,1,716.65,395.85,159,396,1072,0,0,0,0.0,1,midnight_fuel
TXN03-01093,3,2026-06-03 02:42:46,887.31,Airport,30001,UPI,DEV-03-1,Android,Pune,2,2,0,157.13,2,719.08,397.63,160,397,3,0,0,0,914.36,1,airport_txn
TXN03-01094,3,2026-06-03 08:31:20,1292.74,Grocery,30018,UPI,DEV-03-1,Android,Chennai,8,2,0,348.57,3,718.52,396.96,11,398,1073,0,0,0,914.36,0,
TXN03-01095,3,2026-06-03 08:41:34,1386.12,Pharmacy,30025,UPI,DEV-03-2,Android,Chennai,8,2,0,10.23,4,720.3,397.63,20,237,1074,0,0,0,0.0,0,
TXN03-01096,3,2026-06-03 08:59:36,751.72,Pharmacy,30044,UPI,DEV-03-2,Android,Chennai,8,2,0,18.03,5,722.49,399.34,1,238,1075,0,0,1,0.0,0,
TXN03-01097,3,2026-06-03 09:04:16,1110.54,Grocery,30020,UPI,DEV-03-2,Android,Chennai,9,2,0,4.67,6,721.26,398.65,8,239,1076,0,0,0,0.0,0,
TXN03-01098,3,2026-06-03 09:05:44,994.87,Grocery,30001,Card,DEV-03-1,Android,Chennai,9,2,0,1.47,7,723.95,398.34,161,399,1077,0,0,0,0.0,0,
TXN03-01099,3,2026-06-03 09:09:27,983.58,Grocery,30019,Card,DEV-03-4,Web,Chennai,9,2,0,3.72,8,724.79,398.01,24,100,1078,0,0,0,0.0,0,
TXN03-01100,3,2026-06-03 09:09:43,430.99,Household,30012,UPI,DEV-03-3,Android,Chennai,9,2,0,0.27,9,725.59,397.65,33,178,1079,0,0,0,0.0,0,
TXN03-01101,3,2026-06-03 09:13:19,422.28,Grocery,30007,Card,DEV-03-10,Android,Chennai,9,2,0,3.6,10,724.68,397.37,26,9,1080,0,0,0,0.0,0,
TXN03-01102,3,2026-06-03 09:15:05,1443.29,Pharmacy,30028,UPI,DEV-03-4,Web,Mumbai,9,2,0,1.77,11,723.76,397.12,14,101,4,0,0,0,1033.1,0,
TXN03-01103,3,2026-06-03 10:04:02,500.86,Grocery,30001,Card,DEV-03-3,Android,Chennai,10,2,0,48.95,12,729.48,399.24,162,179,1081,0,0,0,1033.1,0,
TXN03-01104,3,2026-06-03 10:08:45,515.15,Household,30021,UPI,DEV-03-4,Web,Chennai,10,2,0,4.72,13,728.76,398.83,11,102,1082,0,0,0,0.0,0,
TXN03-01105,3,2026-06-03 10:19:19,954.3,Pharmacy,30044,Card,DEV-03-3,Android,Chennai,10,2,0,10.57,14,728.1,398.38,2,180,1083,0,0,0,0.0,0,
TXN03-01106,3,2026-06-03 10:34:53,639.48,Pharmacy,30008,Card,DEV-03-2,Android,Chennai,10,2,0,15.57,15,729.04,398.56,203,240,1084,0,0,0,0.0,0,
TXN03-01107,3,2026-06-03 10:37:51,148.49,Grocery,30003,UPI,DEV-03-2,Android,Chennai,10,2,0,2.97,16,728.76,397.97,46,241,1085,0,0,0,0.0,0,
TXN03-01108,3,2026-06-03 10:39:37,600.52,Household,30012,UPI,DEV-03-6,Web,Chennai,10,2,0,1.77,17,726.97,398.66,34,39,1086,0,0,0,0.0,0,
TXN03-01109,3,2026-06-03 10:43:47,700.29,Grocery,30003,UPI,DEV-03-2,Android,Chennai,10,2,0,4.17,18,726.58,398.11,47,242,1087,0,0,0,0.0,0,
TXN03-01110,3,2026-06-03 11:11:37,769.25,Pharmacy,30023,Card,DEV-03-1,Android,Chennai,11,2,0,27.83,19,726.5,397.5,34,400,1088,0,0,0,0.0,0,
TXN03-01111,3,2026-06-03 11:46:11,473.17,Grocery,30001,UPI,DEV-03-1,Android,Chennai,11,2,0,34.57,20,727.41,397.25,163,401,1089,0,0,0,0.0,0,
TXN03-01112,3,2026-06-03 11:51:25,587.82,Household,30009,Card,DEV-03-1,Android,Chennai,11,2,0,5.23,21,727.73,397.01,38,402,1090,0,0,0,0.0,0,
TXN03-01113,3,2026-06-03 12:14:55,1012.21,Grocery,30001,Card,DEV-03-1,Android,Chennai,12,2,0,23.5,22,725.86,396.76,164,403,1091,0,0,0,0.0,0,
TXN03-01114,3,2026-06-03 12:26:29,840.18,Household,30024,UPI,DEV-03-14,Android,Chennai,12,2,0,11.57,23,728.34,396.03,6,2,1092,0,0,0,0.0,0,
TXN03-01115,3,2026-06-03 12:32:55,1500.0,Household,30013,UPI,DEV-03-15,Android,Chennai,12,2,0,6.43,24,728.68,395.47,15,1,1093,1,0,0,0.0,0,
TXN03-01116,3,2026-06-03 12:56:39,523.09,Pharmacy,30023,Card,DEV-03-4,Web,Chennai,12,2,0,23.73,25,730.48,397.64,35,103,1094,0,0,0,0.0,0,
TXN03-01117,3,2026-06-03 12:58:04,551.67,Household,30004,UPI,DEV-03-4,Web,Chennai,12,2,0,1.42,26,729.84,397.2,111,104,1095,0,0,0,0.0,0,
TXN03-01118,3,2026-06-03 13:25:05,226.73,Grocery,30019,Card,DEV-03-2,Android,Chennai,13,2,0,27.02,27,729.48,396.68,25,243,1096,0,0,0,0.0,0,
TXN03-01119,3,2026-06-03 13:25:47,387.91,Grocery,30010,UPI,DEV-03-2,Android,Chennai,13,2,0,0.7,28,728.51,397.52,27,244,1097,0,0,0,0.0,0,
TXN03-01120,3,2026-06-03 13:37:42,1345.16,Grocery,30001,Card,DEV-03-2,Android,Chennai,13,2,0,11.92,29,727.47,397.36,165,245,1098,0,0,0,0.0,0,
TXN03-01121,3,2026-06-03 13:52:21,487.72,Grocery,30020,UPI,DEV-03-7,iPhone,Chennai,13,2,0,14.65,30,729.35,398.21,9,31,1099,0,0,0,0.0,0,
TXN03-01122,3,2026-06-03 13:54:23,697.68,Pharmacy,30023,UPI,DEV-03-3,Android,Chennai,13,2,0,2.03,31,728.62,397.83,36,181,1100,0,0,0,0.0,0,
TXN03-01123,3,2026-06-03 14:12:57,280.09,Pharmacy,30008,Card,DEV-03-3,Android,Chennai,14,2,0,18.57,32,728.53,397.23,204,182,1101,0,0,0,0.0,0,
TXN03-01124,3,2026-06-03 14:39:27,1500.0,Grocery,30002,UPI,DEV-03-2,Android,Chennai,14,2,0,26.5,33,724.83,395.71,77,246,1102,0,0,0,0.0,0,
TXN03-01125,3,2026-06-03 14:40:15,680.67,Grocery,30002,Card,DEV-03-3,Android,Chennai,14,2,0,0.8,34,727.17,397.39,78,183,1103,0,0,0,0.0,0,
TXN03-01126,3,2026-06-03 14:49:42,1500.0,Household,30017,UPI,DEV-03-3,Android,Chennai,14,2,0,9.45,35,727.03,396.8,17,184,1104,0,0,0,0.0,0,
TXN03-01127,3,2026-06-03 14:54:53,365.92,Grocery,30034,UPI,DEV-03-5,iPhone,Chennai,14,2,0,5.18,36,729.36,399.06,4,68,1105,0,0,0,0.0,0,
TXN03-01128,3,2026-06-03 15:05:14,205.03,Pharmacy,30044,Card,DEV-03-1,Android,Chennai,15,2,0,10.35,37,728.35,399.55,3,404,1106,0,0,0,0.0,0,
TXN03-01129,3,2026-06-03 15:12:12,250.73,Household,30021,Card,DEV-03-13,Android,Chennai,15,2,0,6.97,38,726.78,399.98,12,2,1107,0,0,0,0.0,0,
TXN03-01130,3,2026-06-03 15:22:05,584.17,Pharmacy,30025,UPI,DEV-03-4,Web,Chennai,15,2,0,9.88,39,725.35,400.22,21,105,1108,0,0,0,0.0,0,
TXN03-01131,3,2026-06-03 15:31:13,954.14,Grocery,30001,UPI,DEV-03-1,Android,Chennai,15,2,0,9.13,40,724.93,399.7,166,405,1109,0,0,0,0.0,0,
TXN03-01132,3,2026-06-03 15:46:31,1003.25,Pharmacy,30008,Card,DEV-03-1,Android,Chennai,15,2,0,15.3,41,725.61,399.3,205,406,1110,0,0,0,0.0,0,
TXN03-01133,3,2026-06-03 15:49:10,375.65,Pharmacy,30032,UPI,DEV-03-2,Android,Chennai,15,2,0,2.65,42,726.44,398.99,8,247,1111,0,0,0,0.0,0,
TXN03-01134,3,2026-06-03 15:50:11,155.82,Household,30009,UPI,DEV-03-5,iPhone,Chennai,15,2,0,1.02,43,725.4,398.86,39,69,1112,0,0,0,0.0,0,
TXN03-01135,3,2026-06-03 15:51:23,395.96,Pharmacy,30008,UPI,DEV-03-3,Android,Chennai,15,2,0,1.2,44,723.72,399.47,206,185,1113,0,0,0,0.0,0,
TXN03-01136,3,2026-06-03 15:52:47,389.62,Pharmacy,30008,UPI,DEV-03-2,Android,Chennai,15,2,0,1.4,45,721.79,399.46,207,248,1114,0,0,0,0.0,0,
TXN03-01137,3,2026-06-03 15:58:27,863.32,Pharmacy,30008,Card,DEV-03-3,Android,Chennai,15,2,0,5.67,46,720.81,399.28,208,186,1115,0,0,0,0.0,0,
TXN03-01138,3,2026-06-03 16:02:56,626.69,Grocery,30026,Card,DEV-03-2,Android,Chennai,16,2,0,4.48,47,721.23,398.77,5,249,1116,0,0,0,0.0,0,
TXN03-01139,3,2026-06-03 16:16:14,655.0,Grocery,30002,Card,DEV-03-3,Android,Chennai,16,2,0,13.3,48,721.74,398.54,79,187,1117,0,0,0,0.0,0,
TXN03-01140,3,2026-06-03 16:47:20,446.7,Grocery,30001,Card,DEV-03-1,Android,Bangalore,16,2,0,31.1,49,719.26,396.31,167,407,3,0,0,0,290.17,0,
TXN03-01141,3,2026-06-03 16:51:21,690.59,Grocery,30003,Card,DEV-03-1,Android,Chennai,16,2,0,4.02,50,718.46,396.0,48,408,1118,0,0,0,290.17,0,
TXN03-01142,3,2026-06-03 16:54:44,353.99,Household,30045,Card,DEV-03-1,Android,Chennai,16,2,0,3.38,51,718.38,395.43,1,409,1119,0,0,1,0.0,0,
TXN03-01143,3,2026-06-03 17:07:00,673.33,Household,30038,Card,DEV-03-2,Android,Chennai,17,2,0,12.27,52,717.32,395.34,2,250,1120,0,0,0,0.0,0,
TXN03-01144,3,2026-06-03 17:14:11,1500.0,Pharmacy,30184,UPI,DEV-UNK-4919,iPhone,Chennai,17,2,0,7.18,53,717.2,394.78,1,1,1121,1,0,1,0.0,1,ato_new_device_new_merchant_same_category
TXN03-01145,3,2026-06-03 17:29:17,846.22,Grocery,30010,UPI,DEV-03-11,Web,Chennai,17,2,0,15.1,54,719.46,396.44,28,6,1122,0,0,0,0.0,0,
TXN03-01146,3,2026-06-03 17:31:25,553.69,Grocery,30014,UPI,DEV-03-1,Android,Chennai,17,2,0,2.13,55,719.82,395.92,20,410,1123,0,0,0,0.0,0,
TXN03-01147,3,2026-06-03 18:15:14,1292.52,Pharmacy,30028,UPI,DEV-03-5,iPhone,Chennai,18,2,0,43.82,56,719.25,393.91,15,70,1124,0,0,0,0.0,0,
TXN03-01148,3,2026-06-03 18:36:28,197.29,Household,30004,Card,DEV-03-5,iPhone,Chennai,18,2,0,21.23,57,720.41,395.01,112,71,1125,0,0,0,0.0,0,
TXN03-01149,3,2026-06-03 18:48:50,738.1,Grocery,30002,UPI,DEV-03-1,Android,Chennai,18,2,0,12.37,58,718.9,395.44,80,411,1126,0,0,0,0.0,0,
TXN03-01150,3,2026-06-03 19:37:21,518.79,Household,30009,Card,DEV-03-1,Android,Chennai,19,2,0,48.52,59,720.05,395.26,40,412,1127,0,0,0,0.0,0,
TXN03-01151,3,2026-06-03 19:45:29,1500.0,Household,30005,UPI,DEV-03-9,Web,Chennai,19,2,0,8.13,60,719.47,394.84,52,8,1128,0,0,0,0.0,0,
TXN03-01152,3,2026-06-03 19:48:31,544.15,Grocery,30022,UPI,DEV-03-1,Android,Chennai,19,2,0,3.03,61,721.71,396.48,12,413,1129,0,0,0,0.0,0,
TXN03-01153,3,2026-06-04 08:46:28,561.15,Grocery,30010,Card,DEV-03-3,Android,Chennai,8,3,0,777.95,1,722.67,395.65,29,188,1130,0,0,0,0.0,0,
TXN03-01154,3,2026-06-04 09:37:33,375.96,Household,30017,Card,DEV-03-6,Web,Chennai,9,3,0,51.08,2,721.52,395.54,18,40,1131,0,0,0,0.0,0,
TXN03-01155,3,2026-06-04 09:43:50,737.65,Grocery,30006,Card,DEV-03-2,Android,Chennai,9,3,0,6.28,3,720.53,395.4,40,251,1132,0,0,0,0.0,0,
TXN03-01156,3,2026-06-04 09:45:46,529.14,Grocery,30019,Card,DEV-03-2,Android,Chennai,9,3,0,1.93,4,720.58,394.83,26,252,1133,0,0,0,0.0,0,
TXN03-01157,3,2026-06-04 09:49:33,176.72,Pharmacy,30046,UPI,DEV-03-2,Android,Chennai,9,3,0,3.78,5,720.03,394.4,1,253,1134,0,0,1,0.0,0,
TXN03-01158,3,2026-06-04 10:12:30,1500.0,Household,30004,Card,DEV-03-6,Web,Chennai,10,3,0,22.95,6,718.48,394.9,113,41,1135,0,0,0,0.0,0,
TXN03-01159,3,2026-06-04 10:19:55,996.84,Grocery,30047,Card,DEV-03-5,iPhone,Chennai,10,3,0,7.42,7,720.7,396.53,1,72,1136,0,0,1,0.0,0,
TXN03-01160,3,2026-06-04 11:05:09,170.65,Household,30005,UPI,DEV-03-2,Android,Chennai,11,3,0,45.23,8,722.41,397.87,53,254,1137,0,0,0,0.0,0,
TXN03-01161,3,2026-06-04 11:06:14,1234.57,Household,30004,Card,DEV-03-1,Android,Chennai,11,3,0,1.08,9,720.84,398.39,114,414,1138,0,0,0,0.0,0,
TXN03-01162,3,2026-06-04 11:40:00,413.02,Pharmacy,30008,UPI,DEV-03-10,Android,Chennai,11,3,0,33.77,10,721.6,399.12,209,10,1139,0,0,0,0.0,0,
TXN03-01163,3,2026-06-04 12:08:46,575.17,Pharmacy,30025,UPI,DEV-03-2,Android,Chennai,12,3,0,28.77,11,720.72,398.89,22,255,1140,0,0,0,0.0,0,
TXN03-01164,3,2026-06-04 12:32:40,799.11,Household,30012,UPI,DEV-03-1,Android,Chennai,12,3,0,23.9,12,720.68,397.91,35,415,1141,0,0,0,0.0,0,
TXN03-01165,3,2026-06-04 13:19:02,757.87,Household,30017,UPI,DEV-03-5,iPhone,Chennai,13,3,0,46.37,13,720.64,398.25,19,73,1142,0,0,0,0.0,0,
TXN03-01166,3,2026-06-04 13:24:34,661.58,Household,30011,UPI,DEV-03-1,Android,Chennai,13,3,0,5.53,14,720.75,397.69,23,416,1143,0,0,0,0.0,0,
TXN03-01167,3,2026-06-04 13:38:52,541.14,Household,30039,Card,DEV-03-6,Web,Chennai,13,3,0,14.3,15,720.58,397.14,3,42,1144,0,0,0,0.0,0,
TXN03-01168,3,2026-06-04 14:40:02,1492.76,Grocery,30048,UPI,DEV-03-1,Android,Chennai,14,3,0,61.17,16,718.96,396.91,1,417,1145,0,0,1,0.0,0,
TXN03-01169,3,2026-06-04 14:47:32,573.89,Grocery,30043,UPI,DEV-03-7,iPhone,Chennai,14,3,0,7.5,17,718.34,397.61,2,32,1146,0,0,0,0.0,0,
TXN03-01170,3,2026-06-04 14:56:56,402.69,Grocery,30006,Card,DEV-03-16,Web,Chennai,14,3,0,9.4,18,718.2,397.66,41,1,1147,1,0,0,0.0,0,
TXN03-01171,3,2026-06-04 15:05:12,341.65,Grocery,30001,Card,DEV-03-2,Android,Chennai,15,3,0,8.27,19,716.56,397.79,168,256,1148,0,0,0,0.0,0,
TXN03-01172,3,2026-06-04 15:30:17,415.05,Grocery,30014,Card,DEV-03-2,Android,Chennai,15,3,0,25.08,20,716.43,397.91,21,257,1149,0,0,0,0.0,0,
TXN03-01173,3,2026-06-04 15:32:17,633.28,Grocery,30001,UPI,DEV-03-17,Android,Chennai,15,3,0,2.0,21,715.56,397.66,169,1,1150,1,0,0,0.0,0,
TXN03-01174,3,2026-06-04 15:36:38,935.44,Pharmacy,30025,Card,DEV-03-3,Android,Chennai,15,3,0,4.35,22,715.32,397.11,23,189,1151,0,0,0,0.0,0,
TXN03-01175,3,2026-06-04 15:38:29,949.94,Pharmacy,30023,Card,DEV-03-4,Web,Chennai,15,3,0,1.85,23,715.96,396.72,37,106,1152,0,0,0,0.0,0,
TXN03-01176,3,2026-06-04 15:44:42,1500.0,Pharmacy,30008,UPI,DEV-03-5,iPhone,Chennai,15,3,0,6.22,24,717.65,396.45,210,74,1153,0,0,0,0.0,0,
TXN03-01177,3,2026-06-04 16:04:59,620.46,Household,30005,Card,DEV-03-1,Android,Chennai,16,3,0,20.28,25,719.89,398.09,54,418,1154,0,0,0,0.0,0,
TXN03-01178,3,2026-06-04 16:24:15,756.87,Pharmacy,30028,UPI,DEV-03-3,Android,Chennai,16,3,0,19.27,26,719.61,397.55,16,190,1155,0,0,0,0.0,0,
TXN03-01179,3,2026-06-04 16:39:39,1500.0,Grocery,30003,UPI,DEV-03-3,Android,Chennai,16,3,0,15.4,27,719.72,396.99,49,191,1156,0,0,0,0.0,0,
TXN03-01180,3,2026-06-04 16:43:49,629.96,Grocery,30001,Card,DEV-03-1,Android,Chennai,16,3,0,4.17,28,721.93,398.6,170,419,1157,0,0,0,0.0,0,
TXN03-01181,3,2026-06-04 16:46:24,304.65,Household,30005,UPI,DEV-03-1,Android,Chennai,16,3,0,2.58,29,721.67,398.06,55,420,1158,0,0,0,0.0,0,
TXN03-01182,3,2026-06-04 17:09:46,201.47,Grocery,30006,UPI,DEV-03-1,Android,Chennai,17,3,0,23.37,30,721.24,398.43,42,421,1159,0,0,0,0.0,0,
TXN03-01183,3,2026-06-04 17:39:36,1500.0,Grocery,30037,Card,DEV-03-10,Android,Chennai,17,3,0,29.83,31,722.54,399.08,5,11,1160,0,0,0,0.0,0,
TXN03-01184,3,2026-06-04 17:50:01,834.1,Household,30004,UPI,DEV-03-2,Android,Chennai,17,3,0,10.42,32,722.58,399.16,115,258,1161,0,0,0,0.0,0,
TXN03-01185,3,2026-06-04 17:56:15,1016.18,Grocery,30001,Card,DEV-03-1,Android,Chennai,17,3,0,6.23,33,722.9,398.64,171,422,1162,0,0,0,0.0,0,
TXN03-01186,3,2026-06-04 18:33:36,1150.43,Grocery,30026,Card,DEV-03-2,Android,Chennai,18,3,0,37.35,34,725.21,398.96,6,259,1163,0,0,0,0.0,0,
TXN03-01187,3,2026-06-04 18:41:41,391.68,Household,30004,Card,DEV-03-1,Android,Chennai,18,3,0,8.08,35,726.42,399.04,116,423,1164,0,0,0,0.0,0,
TXN03-01188,3,2026-06-04 19:09:41,954.93,Pharmacy,30032,UPI,DEV-03-3,Android,Chennai,19,3,0,28.0,36,725.68,399.42,9,192,1165,0,0,0,0.0,0,
TXN03-01189,3,2026-06-04 19:11:41,1388.32,Grocery,30033,UPI,DEV-03-5,iPhone,Chennai,19,3,0,2.0,37,726.33,399.04,4,75,1166,0,0,0,0.0,1,ato_short_gap
TXN03-01190,3,2026-06-04 19:13:41,270.46,Household,30005,Card,DEV-03-11,Web,Chennai,19,3,0,2.0,38,728.2,400.02,56,7,1167,0,0,0,0.0,1,ato_short_gap
TXN03-01191,3,2026-06-04 19:17:02,1335.72,Household,30004,Card,DEV-03-4,Web,Chennai,19,3,0,3.35,39,727.99,400.23,117,107,1168,0,0,0,0.0,0,
TXN03-01192,3,2026-06-04 19:18:39,482.98,Grocery,30010,Card,DEV-03-5,iPhone,Chennai,19,3,0,1.62,40,729.7,400.96,30,76,1169,0,0,0,0.0,0,
TXN03-01193,3,2026-06-04 19:36:00,256.63,Household,30013,UPI,DEV-03-1,Android,Chennai,19,3,0,17.35,41,729.01,400.61,16,424,1170,0,0,0,0.0,0,
TXN03-01194,3,2026-06-04 19:44:09,795.06,Pharmacy,30035,UPI,DEV-03-5,iPhone,Chennai,19,3,0,8.15,42,727.69,400.83,5,77,1171,0,0,0,0.0,0,
TXN03-01195,3,2026-06-04 19:46:40,1500.0,Pharmacy,30025,UPI,DEV-03-4,Web,Chennai,19,3,0,2.52,43,727.88,400.29,24,108,1172,0,0,0,0.0,0,
TXN03-01196,3,2026-06-05 08:06:12,1270.78,Household,30016,Card,DEV-03-1,Android,Chennai,8,4,0,739.53,1,728.02,398.73,15,425,1173,0,0,0,0.0,0,
TXN03-01197,3,2026-06-05 08:22:19,1500.0,Grocery,30002,UPI,DEV-03-9,Web,Chennai,8,4,0,16.12,2,727.97,398.65,81,9,1174,0,0,0,0.0,0,
TXN03-01198,3,2026-06-05 08:52:34,557.78,Household,30004,Card,DEV-03-1,Android,Chennai,8,4,0,30.25,3,730.13,400.18,118,426,1175,0,0,0,0.0,0,
TXN03-01199,3,2026-06-05 08:53:44,794.52,Pharmacy,30032,Card,DEV-03-1,Android,Chennai,8,4,0,1.17,4,729.65,399.72,10,427,1176,0,0,0,0.0,0,
TXN03-01200,3,2026-06-05 09:51:40,463.34,Pharmacy,30044,Card,DEV-03-2,Android,Chennai,9,4,0,57.93,5,725.85,397.91,4,260,1177,0,0,0,0.0,0,
TXN03-01201,3,2026-06-05 10:08:12,705.22,Pharmacy,30032,Card,DEV-03-4,Web,Chennai,10,4,0,16.53,6,725.12,397.6,11,109,1178,0,0,0,0.0,0,
TXN03-01202,3,2026-06-05 10:22:27,301.25,Grocery,30002,Card,DEV-03-1,Android,Chennai,10,4,0,14.25,7,725.06,397.04,82,428,1179,0,0,0,0.0,0,
TXN03-01203,3,2026-06-05 10:22:39,209.9,Pharmacy,30046,UPI,DEV-03-1,Android,Chennai,10,4,0,0.2,8,723.88,397.12,2,429,1180,0,0,0,0.0,0,
TXN03-01204,3,2026-06-05 10:30:08,975.01,Grocery,30048,UPI,DEV-03-5,iPhone,Chennai,10,4,0,7.48,9,722.45,397.49,2,78,1181,0,0,0,0.0,0,
TXN03-01205,3,2026-06-05 10:32:24,704.92,Grocery,30019,Card,DEV-03-1,Android,Chennai,10,4,0,2.27,10,723.15,397.16,27,430,1182,0,0,0,0.0,0,
TXN03-01206,3,2026-06-05 11:27:05,1399.28,Pharmacy,30008,UPI,DEV-03-1,Android,Chennai,11,4,0,54.68,11,724.1,396.7,211,431,1183,0,0,0,0.0,0,
TXN03-01207,3,2026-06-05 12:08:17,197.92,Grocery,30002,UPI,DEV-03-2,Android,Chennai,12,4,0,41.2,12,725.19,398.02,83,261,1184,0,0,0,0.0,0,
TXN03-01208,3,2026-06-05 12:18:49,993.98,Pharmacy,30008,UPI,DEV-03-4,Web,Chennai,12,4,0,10.53,13,723.74,398.43,212,110,1185,0,0,0,0.0,0,
TXN03-01209,3,2026-06-05 12:38:48,1339.04,Pharmacy,30035,Card,DEV-03-2,Android,Chennai,12,4,0,19.98,14,725.7,398.0,6,262,1186,0,0,0,0.0,0,
TXN03-01210,3,2026-06-05 12:46:56,672.32,Grocery,30007,UPI,DEV-03-1,Android,Chennai,12,4,0,8.13,15,727.39,398.75,27,432,1187,0,0,0,0.0,0,
TXN03-01211,3,2026-06-05 13:05:41,416.66,Household,30004,UPI,DEV-03-1,Android,Chennai,13,4,0,18.75,16,725.64,397.11,119,433,1188,0,0,0,0.0,0,
TXN03-01212,3,2026-06-05 13:22:32,1500.0,Grocery,30027,Card,DEV-03-13,Android,Chennai,13,4,0,16.85,17,724.79,396.89,4,3,1189,0,0,0,0.0,0,
TXN03-01213,3,2026-06-05 13:40:28,754.31,Pharmacy,30025,UPI,DEV-03-2,Android,Chennai,13,4,0,17.93,18,726.92,398.42,25,263,1190,0,0,0,0.0,0,
TXN03-01214,3,2026-06-05 13:43:03,641.76,Pharmacy,30008,Card,DEV-03-1,Android,Chennai,13,4,0,2.58,19,726.99,397.87,213,434,1191,0,0,0,0.0,0,
TXN03-01215,3,2026-06-05 13:54:05,494.37,Pharmacy,30023,UPI,DEV-03-1,Android,Chennai,13,4,0,11.03,20,726.95,397.88,38,435,1192,0,0,0,0.0,0,
TXN03-01216,3,2026-06-05 14:23:45,597.05,Household,30005,Card,DEV-03-5,iPhone,Chennai,14,4,0,29.67,21,725.52,396.68,57,79,1193,0,0,0,0.0,0,
TXN03-01217,3,2026-06-05 15:52:54,493.14,Grocery,30001,Card,DEV-03-1,Android,Chennai,15,4,0,89.15,22,721.43,395.45,172,436,1194,0,0,0,0.0,0,
TXN03-01218,3,2026-06-05 15:54:13,694.71,Pharmacy,30025,UPI,DEV-03-1,Android,Chennai,15,4,0,1.32,23,720.79,395.09,26,437,1195,0,0,0,0.0,0,
TXN03-01219,3,2026-06-05 16:19:30,294.28,Grocery,30048,Card,DEV-03-8,Web,Chennai,16,4,0,25.28,24,719.63,394.55,3,15,1196,0,0,0,0.0,0,
TXN03-01220,3,2026-06-05 16:34:37,259.66,Household,30011,Card,DEV-03-3,Android,Chennai,16,4,0,15.12,25,718.46,394.63,24,193,1197,0,0,0,0.0,0,
TXN03-01221,3,2026-06-05 16:45:19,1280.38,Grocery,30022,Card,DEV-03-1,Android,Chennai,16,4,0,10.7,26,717.9,395.14,13,438,1198,0,0,0,0.0,0,
TXN03-01222,3,2026-06-05 17:03:12,301.3,Pharmacy,30049,UPI,DEV-03-3,Android,Chennai,17,4,0,17.88,27,719.74,396.21,1,194,1199,0,0,1,0.0,0,
TXN03-01223,3,2026-06-05 17:20:49,588.56,Household,30021,Card,DEV-03-1,Android,Chennai,17,4,0,17.62,28,718.59,396.27,13,439,1200,0,0,0,0.0,0,
TXN03-01224,3,2026-06-05 17:23:46,282.74,Pharmacy,30028,UPI,DEV-03-3,Android,Chennai,17,4,0,2.95,29,718.23,395.78,17,195,1201,0,0,0,0.0,0,
TXN03-01225,3,2026-06-05 17:55:16,655.23,Grocery,30001,Card,DEV-03-2,Android,Chennai,17,4,0,31.5,30,717.62,396.89,173,264,1202,0,0,0,0.0,0,
TXN03-01226,3,2026-06-05 18:25:07,340.53,Household,30021,UPI,DEV-03-4,Web,Chennai,18,4,0,29.85,31,717.52,396.76,14,111,1203,0,0,0,0.0,0,
TXN03-01227,3,2026-06-05 18:39:56,1033.88,Household,30004,UPI,DEV-03-1,Android,Chennai,18,4,0,14.82,32,716.48,396.7,120,440,1204,0,0,0,0.0,0,
TXN03-01228,3,2026-06-05 19:22:57,434.58,Pharmacy,30008,UPI,DEV-03-10,Android,Chennai,19,4,0,43.02,33,719.33,397.76,214,12,1205,0,0,0,0.0,0,
TXN03-01229,3,2026-06-05 19:24:57,1014.35,Pharmacy,30028,Card,DEV-03-4,Web,Chennai,19,4,0,2.0,34,718.54,397.49,18,112,1206,0,0,0,0.0,1,ato_higher_amount_short_gap
TXN03-01230,3,2026-06-05 19:26:41,852.32,Household,30004,Card,DEV-03-1,Android,Chennai,19,4,0,1.73,35,719.36,397.24,121,441,1207,0,0,0,0.0,0,
TXN03-01231,3,2026-06-05 19:40:49,673.75,Grocery,30015,Card,DEV-03-9,Web,Chennai,19,4,0,14.13,36,719.72,396.75,15,10,1208,0,0,0,0.0,0,
TXN03-01232,3,2026-06-05 19:59:30,1131.8,Grocery,30010,UPI,DEV-03-1,Android,Chennai,19,4,0,18.68,37,719.94,396.7,31,442,1209,0,0,0,0.0,0,
TXN03-01233,3,2026-06-06 00:43:28,905.93,Fuel,30001,UPI,DEV-03-1,Android,Chennai,0,5,1,283.97,1,720.18,396.92,174,443,1210,0,0,0,0.0,1,midnight_fuel
TXN03-01234,3,2026-06-06 08:13:26,1500.0,Pharmacy,30031,UPI,DEV-03-1,Android,Chennai,8,5,1,449.97,2,721.1,397.55,8,444,1211,0,0,0,0.0,0,
TXN03-01235,3,2026-06-06 08:14:15,1258.1,Household,30004,UPI,DEV-03-4,Web,Chennai,8,5,1,0.82,3,723.25,399.1,122,113,1212,0,0,0,0.0,0,
TXN03-01236,3,2026-06-06 08:15:17,670.21,Grocery,30001,Card,DEV-03-1,Android,Chennai,8,5,1,1.03,4,724.73,399.53,175,445,1213,0,0,0,0.0,0,
TXN03-01237,3,2026-06-06 08:30:42,577.5,Grocery,30007,Card,DEV-03-1,Android,Chennai,8,5,1,15.42,5,724.58,398.99,28,446,1214,0,0,0,0.0,0,
TXN03-01238,3,2026-06-06 08:41:22,173.18,Grocery,30001,UPI,DEV-03-1,Android,Chennai,8,5,1,10.67,6,724.03,400.01,176,447,1215,0,0,0,0.0,0,
TXN03-01239,3,2026-06-06 08:54:15,234.08,Grocery,30015,Card,DEV-03-1,Android,Chennai,8,5,1,12.88,7,723.64,400.48,16,448,1216,0,0,0,0.0,0,
TXN03-01240,3,2026-06-06 09:25:59,786.65,Household,30009,UPI,DEV-03-1,Android,Chennai,9,5,1,31.73,8,723.38,400.77,41,449,1217,0,0,0,0.0,0,
TXN03-01241,3,2026-06-06 09:42:06,843.89,Grocery,30003,Card,DEV-03-1,Android,Chennai,9,5,1,16.12,9,724.24,400.72,50,450,1218,0,0,0,0.0,0,
TXN03-01242,3,2026-06-06 09:42:53,1458.03,Household,30012,UPI,DEV-03-3,Android,Chennai,9,5,1,0.78,10,724.57,400.22,36,196,1219,0,0,0,0.0,0,
TXN03-01243,3,2026-06-06 09:49:43,1187.22,Grocery,30002,Card,DEV-03-11,Web,Chennai,9,5,1,6.83,11,725.26,401.27,84,8,1220,0,0,0,0.0,0,
TXN03-01244,3,2026-06-06 10:00:09,392.97,Household,30013,UPI,DEV-03-6,Web,Chennai,10,5,1,10.43,12,726.53,401.44,17,43,1221,0,0,0,0.0,0,
TXN03-01245,3,2026-06-06 10:07:35,147.83,Pharmacy,30008,UPI,DEV-03-1,Android,Chennai,10,5,1,7.43,13,724.92,401.6,215,451,1222,0,0,0,0.0,0,
TXN03-01246,3,2026-06-06 10:17:13,516.43,Grocery,30042,UPI,DEV-03-5,iPhone,Chennai,10,5,1,9.63,14,723.34,402.19,2,80,1223,0,0,0,0.0,0,
TXN03-01247,3,2026-06-06 10:28:40,129.19,Household,30050,UPI,DEV-03-10,Android,Chennai,10,5,1,11.45,15,725.52,402.06,1,13,1224,0,0,1,0.0,0,
TXN03-01248,3,2026-06-06 10:29:52,510.79,Pharmacy,30040,Card,DEV-03-1,Android,Chandigarh,10,5,1,1.2,16,723.87,402.72,3,452,2,0,0,0,1995.05,0,
TXN03-01249,3,2026-06-06 11:05:06,497.32,Grocery,30020,Card,DEV-03-2,Android,Chennai,11,5,1,35.23,17,727.21,402.34,10,265,1225,0,0,0,1995.05,0,
TXN03-01250,3,2026-06-06 11:13:37,1366.1,Household,30005,UPI,DEV-03-6,Web,Chennai,11,5,1,8.52,18,726.57,401.97,58,44,1226,0,0,0,0.0,0,
TXN03-01251,3,2026-06-06 11:43:17,386.55,Grocery,30002,Card,DEV-03-1,Android,Chennai,11,5,1,29.67,19,728.36,402.92,85,453,1227,0,0,0,0.0,0,
TXN03-01252,3,2026-06-06 11:48:49,399.54,Grocery,30019,UPI,DEV-03-5,iPhone,Chennai,11,5,1,5.53,20,725.8,403.05,28,81,1228,0,0,0,0.0,0,
TXN03-01253,3,2026-06-06 11:53:18,551.4,Pharmacy,30025,Card,DEV-03-2,Android,Chennai,11,5,1,4.48,21,724.89,402.86,27,266,1229,0,0,0,0.0,0,
TXN03-01254,3,2026-06-06 12:12:07,473.62,Household,30024,UPI,DEV-03-5,iPhone,Chennai,12,5,1,18.82,22,725.28,402.63,7,82,1230,0,0,0,0.0,0,
TXN03-01255,3,2026-06-06 12:26:28,1365.4,Household,30039,UPI,DEV-03-1,Android,Chennai,12,5,1,14.35,23,724.58,402.29,4,454,1231,0,0,0,0.0,0,
TXN03-01256,3,2026-06-06 12:48:55,753.67,Grocery,30001,Card,DEV-03-3,Android,Chennai,12,5,1,22.45,24,726.35,403.14,177,197,1232,0,0,0,0.0,0,
TXN03-01257,3,2026-06-06 12:49:00,415.41,Pharmacy,30008,Card,DEV-03-1,Android,Chennai,12,5,1,0.08,25,726.42,402.58,216,455,1233,0,0,0,0.0,0,
TXN03-01258,3,2026-06-06 12:52:35,608.96,Household,30021,Card,DEV-03-1,Android,Chennai,12,5,1,3.58,26,724.63,402.51,15,456,1234,0,0,0,0.0,0,
TXN03-01259,3,2026-06-06 12:57:45,354.86,Household,30004,Card,DEV-03-3,Android,Chennai,12,5,1,5.17,27,723.39,402.5,123,198,1235,0,0,0,0.0,0,
TXN03-01260,3,2026-06-06 13:14:11,336.66,Household,30011,UPI,DEV-03-7,iPhone,Chennai,13,5,1,16.43,28,723.65,403.21,25,33,1236,0,0,0,0.0,0,
TXN03-01261,3,2026-06-06 13:51:30,608.45,Household,30005,Card,DEV-03-1,Android,Chennai,13,5,1,37.32,29,723.87,403.67,59,457,1237,0,0,0,0.0,0,
TXN03-01262,3,2026-06-06 14:00:40,743.86,Grocery,30018,UPI,DEV-03-3,Android,Chennai,14,5,1,9.17,30,723.54,403.15,12,199,1238,0,0,0,0.0,0,
TXN03-01263,3,2026-06-06 14:15:48,899.58,Pharmacy,30028,UPI,DEV-03-2,Android,Chennai,14,5,1,15.13,31,722.58,401.03,19,267,1239,0,0,0,0.0,0,
TXN03-01264,3,2026-06-06 14:16:30,882.19,Grocery,30001,Card,DEV-03-5,iPhone,Chennai,14,5,1,0.7,32,723.07,400.58,178,83,1240,0,0,0,0.0,0,
TXN03-01265,3,2026-06-06 14:22:08,667.28,Grocery,30047,Card,DEV-03-1,Android,Chennai,14,5,1,5.63,33,723.52,400.11,2,458,1241,0,0,0,0.0,0,
TXN03-01266,3,2026-06-06 14:26:40,612.6,Pharmacy,30023,Card,DEV-03-1,Android,Chennai,14,5,1,4.53,34,723.36,399.56,39,459,1242,0,0,0,0.0,0,
TXN03-01267,3,2026-06-06 14:31:41,265.53,Grocery,30015,UPI,DEV-03-5,iPhone,Chennai,14,5,1,5.02,35,722.78,399.57,17,84,1243,0,0,0,0.0,0,
TXN03-01268,3,2026-06-06 14:35:33,659.85,Pharmacy,30008,Card,DEV-03-1,Android,Chennai,14,5,1,3.87,36,721.51,399.74,217,460,1244,0,0,0,0.0,0,
TXN03-01269,3,2026-06-06 14:40:29,196.06,Grocery,30001,Card,DEV-03-4,Web,Chennai,14,5,1,4.93,37,721.51,399.61,179,114,1245,0,0,0,0.0,0,
TXN03-01270,3,2026-06-06 14:41:36,244.0,Grocery,30001,Card,DEV-03-6,Web,Chennai,14,5,1,1.12,38,720.06,400.01,180,45,1246,0,0,0,0.0,0,
TXN03-01271,3,2026-06-06 14:57:35,549.03,Household,30009,Card,DEV-03-3,Android,Chennai,14,5,1,15.98,39,719.85,400.65,42,200,1247,0,0,0,0.0,0,
TXN03-01272,3,2026-06-06 14:58:09,1500.0,Pharmacy,30025,Card,DEV-03-18,iPhone,Chennai,14,5,1,0.57,40,719.38,400.2,28,1,1248,1,0,0,0.0,0,
TXN03-01273,3,2026-06-06 15:09:14,1341.72,Grocery,30010,Card,DEV-03-1,Android,Chennai,15,5,1,11.08,41,721.54,401.74,32,461,1249,0,0,0,0.0,0,
TXN03-01274,3,2026-06-06 15:09:31,1500.0,Grocery,30001,Card,DEV-03-8,Web,Chennai,15,5,1,0.28,42,723.24,402.5,181,16,1250,0,0,0,0.0,0,
TXN03-01275,3,2026-06-06 15:10:27,1500.0,Grocery,30019,UPI,DEV-03-3,Android,Chennai,15,5,1,0.93,43,725.38,404.0,29,201,1251,0,0,0,0.0,0,
TXN03-01276,3,2026-06-06 15:12:28,343.85,Grocery,30019,UPI,DEV-03-6,Web,Chennai,15,5,1,2.02,44,727.5,405.47,30,46,1252,0,0,0,0.0,0,
TXN03-01277,3,2026-06-06 15:18:14,371.77,Household,30004,Card,DEV-03-2,Android,Chennai,15,5,1,5.77,45,726.45,405.41,124,268,1253,0,0,0,0.0,0,
TXN03-01278,3,2026-06-06 15:20:44,1064.04,Household,30012,UPI,DEV-03-2,Android,Chennai,15,5,1,2.5,46,725.49,405.28,37,269,1254,0,0,0,0.0,0,
TXN03-01279,3,2026-06-06 15:28:23,377.92,Grocery,30001,Card,DEV-03-6,Web,Chennai,15,5,1,7.65,47,726.41,405.11,182,47,1255,0,0,0,0.0,0,
TXN03-01280,3,2026-06-06 15:54:41,176.63,Grocery,30001,Card,DEV-03-5,iPhone,Chennai,15,5,1,26.3,48,727.69,406.39,183,85,1256,0,0,0,0.0,0,
TXN03-01281,3,2026-06-06 15:57:38,283.98,Household,30009,UPI,DEV-03-6,Web,Chennai,15,5,1,2.95,49,726.18,406.85,43,48,1257,0,0,0,0.0,0,
TXN03-01282,3,2026-06-06 16:14:07,1500.0,Grocery,30015,Card,DEV-03-2,Android,Chennai,16,5,1,16.48,50,726.39,406.61,18,270,1258,0,0,0,0.0,0,
TXN03-01283,3,2026-06-06 16:59:33,724.27,Household,30005,Card,DEV-03-1,Android,Chennai,16,5,1,45.43,51,728.98,409.47,60,462,1259,0,0,0,0.0,0,
TXN03-01284,3,2026-06-06 17:07:37,477.45,Grocery,30051,UPI,DEV-03-1,Android,Chennai,17,5,1,8.07,52,728.97,408.91,1,463,1260,0,0,1,0.0,0,
TXN03-01285,3,2026-06-06 17:11:45,201.0,Household,30009,UPI,DEV-03-9,Web,Chennai,17,5,1,4.13,53,729.49,408.46,44,11,1261,0,0,0,0.0,0,
TXN03-01286,3,2026-06-06 17:18:57,345.3,Household,30050,UPI,DEV-03-2,Android,Chennai,17,5,1,7.2,54,726.85,409.59,2,271,1262,0,0,0,0.0,0,
TXN03-01287,3,2026-06-06 17:31:20,716.45,Pharmacy,30008,Card,DEV-03-3,Android,Chennai,17,5,1,12.38,55,725.8,410.08,218,202,1263,0,0,0,0.0,0,
TXN03-01288,3,2026-06-06 17:41:21,740.96,Household,30016,Card,DEV-03-1,Android,Chennai,17,5,1,10.02,56,725.78,409.51,16,464,1264,0,0,0,0.0,0,
TXN03-01289,3,2026-06-06 18:24:59,906.67,Grocery,30006,UPI,DEV-03-1,Android,Chennai,18,5,1,43.63,57,731.12,409.35,43,465,1265,0,0,0,0.0,0,
TXN03-01290,3,2026-06-06 18:35:52,424.8,Grocery,30018,UPI,DEV-03-1,Android,Chennai,18,5,1,10.88,58,731.61,408.88,13,466,1266,0,0,0,0.0,0,
TXN03-01291,3,2026-06-06 18:40:41,952.03,Pharmacy,30049,Card,DEV-03-6,Web,Chennai,18,5,1,4.82,59,730.76,408.63,2,49,1267,0,0,0,0.0,0,
TXN03-01292,3,2026-06-06 18:41:47,1281.08,Grocery,30002,UPI,DEV-03-1,Android,Chennai,18,5,1,1.1,60,731.37,408.24,86,467,1268,0,0,0,0.0,0,
TXN03-01293,3,2026-06-06 18:49:17,1039.12,Pharmacy,30008,Card,DEV-03-4,Web,Chennai,18,5,1,7.5,61,732.89,408.69,219,115,1269,0,0,0,0.0,0,
TXN03-01294,3,2026-06-06 18:59:00,1500.0,Household,30005,Card,DEV-03-3,Android,Chennai,18,5,1,9.72,62,735.36,407.82,61,203,1270,0,0,0,0.0,0,
TXN03-01295,3,2026-06-06 18:59:35,384.38,Pharmacy,30008,Card,DEV-03-4,Web,Chennai,18,5,1,0.58,63,737.46,409.22,220,116,1271,0,0,0,0.0,0,
TXN03-01296,3,2026-06-06 19:04:46,623.61,Household,30039,UPI,DEV-03-4,Web,Chennai,19,5,1,5.18,64,736.53,409.63,5,117,1272,0,0,0,0.0,0,
TXN03-01297,3,2026-06-06 19:08:58,677.66,Grocery,30001,Card,DEV-03-3,Android,Chennai,19,5,1,4.2,65,737.59,408.85,184,204,1273,0,0,0,0.0,0,
TXN03-01298,3,2026-06-06 19:21:45,725.99,Grocery,30015,UPI,DEV-03-3,Android,Chennai,19,5,1,12.78,66,735.18,407.44,19,205,1274,0,0,0,0.0,0,
TXN03-01299,3,2026-06-06 19:32:05,320.91,Household,30038,UPI,DEV-03-4,Web,Chennai,19,5,1,10.33,67,735.15,406.88,3,118,1275,0,0,0,0.0,0,
TXN03-01300,3,2026-06-06 19:32:33,1500.0,Grocery,30001,UPI,DEV-03-7,iPhone,Chennai,19,5,1,0.47,68,734.02,406.9,185,34,1276,0,0,0,0.0,0,
TXN03-01301,3,2026-06-06 19:42:34,326.28,Grocery,30034,Card,DEV-03-1,Android,Ahmedabad,19,5,1,10.02,69,736.3,408.85,5,468,2,0,0,0,1371.81,0,
TXN03-01302,3,2026-06-06 19:58:59,667.86,Pharmacy,30028,UPI,DEV-03-1,Android,Chennai,19,5,1,16.42,70,735.42,409.05,20,469,1277,0,0,0,1371.81,0,
TXN03-01303,3,2026-06-06 20:58:31,186.23,Gaming Subscription,30001,UPI,DEV-03-1,Android,Chennai,20,5,1,59.53,71,734.3,408.68,186,470,1278,0,0,0,0.0,1,gaming_subscription
TXN03-01304,3,2026-06-07 06:51:42,278.46,Gaming Subscription,30001,UPI,DEV-03-1,Android,Chennai,6,6,1,593.18,1,732.79,409.13,187,471,1279,0,0,0,0.0,1,gaming_subscription
TXN03-01305,3,2026-06-07 08:04:32,558.42,Pharmacy,30031,UPI,DEV-03-1,Android,Chennai,8,6,1,72.83,2,731.55,409.26,9,472,1280,0,0,0,0.0,0,
TXN03-01306,3,2026-06-07 08:04:50,408.51,Grocery,30048,UPI,DEV-03-1,Android,Chennai,8,6,1,0.3,3,731.08,408.8,4,473,1281,0,0,0,0.0,0,
TXN03-01307,3,2026-06-07 08:12:47,568.03,Household,30005,UPI,DEV-03-3,Android,Chennai,8,6,1,7.95,4,730.2,408.58,62,206,1282,0,0,0,0.0,0,
TXN03-01308,3,2026-06-07 08:14:15,1195.4,Pharmacy,30008,Card,DEV-03-19,iPhone,Chennai,8,6,1,1.47,5,729.76,408.12,221,1,1283,1,0,0,0.0,0,
TXN03-01309,3,2026-06-07 08:24:33,335.01,Household,30024,UPI,DEV-03-1,Android,Chennai,8,6,1,10.3,6,731.02,408.28,8,474,1284,0,0,0,0.0,0,
TXN03-01310,3,2026-06-07 08:26:43,266.96,Grocery,30052,UPI,DEV-03-1,Android,Chennai,8,6,1,2.17,7,728.12,407.28,1,475,1285,0,0,1,0.0,0,
TXN03-01311,3,2026-06-07 08:38:53,220.54,Household,30009,Card,DEV-03-10,Android,Chennai,8,6,1,12.17,8,726.87,407.43,45,14,1286,0,0,0,0.0,0,
TXN03-01312,3,2026-06-07 08:44:00,390.18,Grocery,30003,UPI,DEV-03-1,Android,Chennai,8,6,1,5.12,9,725.51,407.73,51,476,1287,0,0,0,0.0,0,
TXN03-01313,3,2026-06-07 08:51:28,814.89,Grocery,30052,Card,DEV-03-1,Android,Chennai,8,6,1,7.47,10,724.61,407.55,2,477,1288,0,0,0,0.0,0,
TXN03-01314,3,2026-06-07 09:03:50,426.14,Grocery,30033,UPI,DEV-03-7,iPhone,Chennai,9,6,1,12.37,11,724.85,407.03,5,35,1289,0,0,0,0.0,0,
TXN03-01315,3,2026-06-07 09:13:02,495.37,Pharmacy,30008,UPI,DEV-03-5,iPhone,Chennai,9,6,1,9.2,12,724.05,406.78,222,86,1290,0,0,0,0.0,0,
TXN03-01316,3,2026-06-07 09:23:22,546.58,Grocery,30002,Card,DEV-03-3,Android,Chennai,9,6,1,10.33,13,723.44,406.41,87,207,1291,0,0,0,0.0,0,
TXN03-01317,3,2026-06-07 09:31:20,212.31,Pharmacy,30025,UPI,DEV-03-3,Android,Chennai,9,6,1,7.97,14,724.1,406.38,29,208,1292,0,0,0,0.0,0,
TXN03-01318,3,2026-06-07 10:00:29,1500.0,Pharmacy,30008,UPI,DEV-03-6,Web,Chennai,10,6,1,29.15,15,720.73,406.73,223,50,1293,0,0,0,0.0,0,
TXN03-01319,3,2026-06-07 10:01:03,993.7,Grocery,30020,UPI,DEV-03-6,Web,Chennai,10,6,1,0.57,16,722.81,408.18,11,51,1294,0,0,0,0.0,0,
TXN03-01320,3,2026-06-07 10:14:05,1500.0,Grocery,30026,UPI,DEV-03-4,Web,Chennai,10,6,1,13.03,17,723.54,407.87,7,119,1295,0,0,0,0.0,0,
TXN03-01321,3,2026-06-07 10:49:53,443.4,Household,30029,UPI,DEV-03-5,iPhone,Chennai,10,6,1,35.8,18,724.63,410.05,5,87,1296,0,0,0,0.0,0,
TXN03-01322,3,2026-06-07 10:56:43,504.45,Household,30005,Card,DEV-03-1,Android,Chennai,10,6,1,6.83,19,724.96,409.77,63,478,1297,0,0,0,0.0,0,
TXN03-01323,3,2026-06-07 11:24:04,1500.0,Grocery,30010,UPI,DEV-03-2,Android,Chennai,11,6,1,27.35,20,728.12,408.85,33,272,1298,0,0,0,0.0,0,
TXN03-01324,3,2026-06-07 12:02:58,1500.0,Household,30004,Card,DEV-03-2,Android,Chennai,12,6,1,38.9,21,730.97,411.12,125,273,1299,0,0,0,0.0,0,
TXN03-01325,3,2026-06-07 12:08:21,453.72,Grocery,30014,Card,DEV-03-7,iPhone,Chennai,12,6,1,5.38,22,733.04,412.5,22,36,1300,0,0,0,0.0,0,
TXN03-01326,3,2026-06-07 12:16:07,687.45,Pharmacy,30023,Card,DEV-03-11,Web,Chennai,12,6,1,7.77,23,733.54,412.04,40,9,1301,0,0,0,0.0,0,
TXN03-01327,3,2026-06-07 12:25:13,873.05,Pharmacy,30008,UPI,DEV-03-1,Android,Chennai,12,6,1,9.1,24,733.42,411.49,224,479,1302,0,0,0,0.0,0,
TXN03-01328,3,2026-06-07 12:37:15,814.08,Grocery,30026,Card,DEV-03-4,Web,Chennai,12,6,1,12.03,25,733.79,411.01,8,120,1303,0,0,0,0.0,0,
TXN03-01329,3,2026-06-07 12:52:11,311.3,Grocery,30018,UPI,DEV-03-3,Android,Chennai,12,6,1,14.93,26,732.7,410.93,14,209,1304,0,0,0,0.0,0,
TXN03-01330,3,2026-06-07 13:26:00,420.93,Pharmacy,30035,Card,DEV-03-6,Web,Chennai,13,6,1,33.82,27,728.88,409.95,7,52,1305,0,0,0,0.0,0,
TXN03-01331,3,2026-06-07 13:34:38,374.23,Grocery,30010,Card,DEV-03-2,Android,Chennai,13,6,1,8.63,28,726.11,408.54,34,274,1306,0,0,0,0.0,0,
TXN03-01332,3,2026-06-07 14:16:53,601.05,Pharmacy,30044,Card,DEV-03-1,Android,Chennai,14,6,1,42.25,29,726.21,408.45,5,480,1307,0,0,0,0.0,0,
TXN03-01333,3,2026-06-07 14:25:21,617.95,Household,30011,UPI,DEV-03-4,Web,Chennai,14,6,1,8.47,30,726.34,408.4,26,121,1308,0,0,0,0.0,0,
TXN03-01334,3,2026-06-07 14:38:48,727.95,Pharmacy,30008,Card,DEV-03-1,Android,Chennai,14,6,1,13.45,31,727.52,407.44,225,481,1309,0,0,0,0.0,0,
TXN03-01335,3,2026-06-07 14:43:56,194.76,Grocery,30018,Card,DEV-03-14,Android,Chennai,14,6,1,5.13,32,727.52,406.9,15,3,1310,0,0,0,0.0,0,
TXN03-01336,3,2026-06-07 14:46:34,185.52,Gaming Subscription,30001,UPI,DEV-03-1,Android,Chennai,14,6,1,2.63,33,726.1,407.28,188,482,1311,0,0,0,0.0,1,gaming_subscription
TXN03-01337,3,2026-06-07 14:58:58,885.44,Grocery,30014,Card,DEV-03-1,Android,Chennai,14,6,1,12.4,34,725.14,408.13,23,483,1312,0,0,0,0.0,0,
TXN03-01338,3,2026-06-07 15:13:53,376.87,Household,30039,UPI,DEV-03-1,Android,Chennai,15,6,1,14.92,35,725.94,408.15,6,484,1313,0,0,0,0.0,0,
TXN03-01339,3,2026-06-07 15:21:11,322.98,Household,30036,Card,DEV-03-2,Android,Chennai,15,6,1,7.3,36,725.79,408.27,4,275,1314,0,0,0,0.0,0,
TXN03-01340,3,2026-06-07 15:51:05,371.72,Pharmacy,30046,Card,DEV-03-3,Android,Chennai,15,6,1,29.9,37,726.01,409.57,3,210,1315,0,0,0,0.0,0,
TXN03-01341,3,2026-06-07 16:00:20,448.32,Pharmacy,30031,UPI,DEV-03-2,Android,Chennai,16,6,1,9.25,38,725.64,409.77,10,276,1316,0,0,0,0.0,0,
TXN03-01342,3,2026-06-07 16:25:43,385.84,Grocery,30003,Card,DEV-03-4,Web,Chennai,16,6,1,25.38,39,721.88,408.47,52,122,1317,0,0,0,0.0,0,
TXN03-01343,3,2026-06-07 16:43:06,261.37,Grocery,30001,UPI,DEV-03-14,Android,Chennai,16,6,1,17.38,40,718.07,407.09,189,4,1318,0,0,0,0.0,0,
TXN03-01344,3,2026-06-07 16:43:43,246.44,Grocery,30003,UPI,DEV-03-1,Android,Chennai,16,6,1,0.62,41,716.82,407.23,53,485,1319,0,0,0,0.0,0,
TXN03-01345,3,2026-06-07 16:47:06,870.95,Grocery,30166,UPI,DEV-03-3,Android,Chennai,16,6,1,3.38,42,715.55,407.41,1,211,1320,0,0,1,0.0,1,ato_new_merchant_same_category_short_gap
TXN03-01346,3,2026-06-07 16:59:50,836.43,Grocery,30037,UPI,DEV-03-2,Android,Chennai,16,6,1,12.73,43,715.97,406.94,6,277,1321,0,0,0,0.0,0,
TXN03-01347,3,2026-06-07 17:07:40,793.8,Household,30029,Card,DEV-03-2,Android,Chennai,17,6,1,7.83,44,715.2,406.44,6,278,1322,0,0,0,0.0,0,
TXN03-01348,3,2026-06-07 17:17:07,630.16,Grocery,30010,Card,DEV-03-5,iPhone,Chennai,17,6,1,9.45,45,714.0,405.55,35,88,1323,0,0,0,0.0,0,
TXN03-01349,3,2026-06-07 17:26:48,689.15,Grocery,30010,Card,DEV-03-2,Android,Chennai,17,6,1,9.68,46,712.59,404.93,36,279,1324,0,0,0,0.0,0,
TXN03-01350,3,2026-06-07 18:35:15,391.12,Grocery,30002,UPI,DEV-03-1,Android,Chennai,18,6,1,68.45,47,715.3,405.76,88,486,1325,0,0,0,0.0,0,
TXN03-01351,3,2026-06-07 18:38:27,1500.0,Household,30009,Card,DEV-03-4,Web,Chennai,18,6,1,3.2,48,714.42,405.56,46,123,1326,0,0,0,0.0,0,
TXN03-01352,3,2026-06-07 18:45:29,340.09,Household,30004,Card,DEV-03-1,Android,Chennai,18,6,1,7.03,49,716.55,407.07,126,487,1327,0,0,0,0.0,0,
TXN03-01353,3,2026-06-07 19:30:36,930.37,Household,30005,UPI,DEV-03-6,Web,Chennai,19,6,1,45.12,50,709.46,404.26,64,53,1328,0,0,0,0.0,0,
TXN03-01354,3,2026-06-07 19:48:21,1500.0,Household,30004,Card,DEV-03-1,Android,Chennai,19,6,1,17.75,51,710.99,404.71,127,488,1329,0,0,0,0.0,0,
TXN03-01355,3,2026-06-07 19:48:44,489.37,Grocery,30052,Card,DEV-03-5,iPhone,Chennai,19,6,1,0.38,52,713.16,406.26,3,89,1330,0,0,0,0.0,0,
TXN03-01356,3,2026-06-08 00:08:19,247.3,Gaming Subscription,30001,UPI,DEV-03-1,Android,Chennai,0,0,0,259.58,1,712.72,407.07,190,489,1331,0,0,0,0.0,1,gaming_subscription
TXN03-01357,3,2026-06-08 03:59:38,736.02,Airport,30001,UPI,DEV-03-1,Android,Pune,3,0,0,231.32,2,711.44,407.24,191,490,4,0,0,0,914.36,1,airport_txn
TXN03-01358,3,2026-06-08 08:08:41,910.7,Pharmacy,30008,Card,DEV-03-2,Android,Chennai,8,0,0,249.05,3,711.51,406.68,226,280,1332,0,0,0,914.36,0,
TXN03-01359,3,2026-06-08 08:20:57,842.78,Pharmacy,30008,Card,DEV-03-1,Android,Chennai,8,0,0,12.27,4,712.06,406.25,227,491,1333,0,0,0,0.0,0,
TXN03-01360,3,2026-06-08 08:24:43,1402.39,Pharmacy,30031,UPI,DEV-03-1,Android,Chennai,8,0,0,3.77,5,712.41,405.76,11,492,1334,0,0,0,0.0,0,
TXN03-01361,3,2026-06-08 08:57:20,715.13,Household,30004,UPI,DEV-03-2,Android,Chennai,8,0,0,32.62,6,715.78,407.37,128,281,1335,0,0,0,0.0,0,
TXN03-01362,3,2026-06-08 08:59:00,335.42,Grocery,30002,UPI,DEV-03-3,Android,Chennai,8,0,0,1.67,7,715.78,406.81,89,212,1336,0,0,0,0.0,0,
TXN03-01363,3,2026-06-08 09:01:35,1500.0,Household,30050,Card,DEV-03-3,Android,Chennai,9,0,0,2.58,8,714.09,407.11,3,213,1337,0,0,0,0.0,0,
TXN03-01364,3,2026-06-08 09:04:49,196.19,Grocery,30003,Card,DEV-03-2,Android,Chennai,9,0,0,3.23,9,716.23,408.61,54,282,1338,0,0,0,0.0,0,
TXN03-01365,3,2026-06-08 09:05:01,1500.0,Pharmacy,30046,Card,DEV-03-1,Android,Chennai,9,0,0,0.2,10,714.82,408.95,4,493,1339,0,0,0,0.0,0,
TXN03-01366,3,2026-06-08 09:08:15,459.56,Pharmacy,30032,Card,DEV-03-6,Web,Chennai,9,0,0,3.23,11,716.94,410.43,12,54,1340,0,0,0,0.0,0,
TXN03-01367,3,2026-06-08 09:10:04,214.6,Pharmacy,30008,Card,DEV-03-1,Android,Chennai,9,0,0,1.82,12,716.25,410.09,228,494,1341,0,0,0,0.0,0,
TXN03-01368,3,2026-06-08 09:13:21,269.86,Pharmacy,30008,Card,DEV-03-8,Web,Chennai,9,0,0,3.28,13,714.9,410.37,229,17,1342,0,0,0,0.0,0,
TXN03-01369,3,2026-06-08 09:28:20,1500.0,Household,30009,Card,DEV-03-3,Android,Chennai,9,0,0,14.98,14,715.97,410.41,47,214,1343,0,0,0,0.0,0,
TXN03-01370,3,2026-06-08 09:37:46,503.69,Grocery,30001,Card,DEV-03-6,Web,Chennai,9,0,0,9.43,15,718.08,411.86,192,55,1344,0,0,0,0.0,0,
TXN03-01371,3,2026-06-08 09:42:10,787.16,Household,30009,Card,DEV-03-2,Android,Chennai,9,0,0,4.4,16,717.5,411.46,48,283,1345,0,0,0,0.0,0,
TXN03-01372,3,2026-06-08 10:04:34,391.99,Grocery,30007,UPI,DEV-03-6,Web,Chennai,10,0,0,22.4,17,716.31,410.61,29,56,1346,0,0,0,0.0,0,
TXN03-01373,3,2026-06-08 10:37:34,1306.62,Grocery,30014,UPI,DEV-03-11,Web,Chennai,10,0,0,33.0,18,715.51,410.96,24,10,1347,0,0,0,0.0,0,
TXN03-01374,3,2026-06-08 10:55:32,534.93,Household,30009,UPI,DEV-03-2,Android,Chennai,10,0,0,17.97,19,718.43,411.29,49,284,1348,0,0,0,0.0,0,
TXN03-01375,3,2026-06-08 11:46:10,1267.87,Household,30016,Card,DEV-03-4,Web,Chennai,11,0,0,50.63,20,716.26,409.86,17,124,1349,0,0,0,0.0,0,
TXN03-01376,3,2026-06-08 11:48:45,906.98,Pharmacy,30025,Card,DEV-03-4,Web,Chennai,11,0,0,2.58,21,717.74,410.3,30,125,1350,0,0,0,0.0,0,
TXN03-01377,3,2026-06-08 11:57:46,1500.0,Grocery,30015,UPI,DEV-03-1,Android,Chennai,11,0,0,9.02,22,718.25,409.87,20,495,1351,0,0,0,0.0,0,
TXN03-01378,3,2026-06-08 12:03:49,565.2,Grocery,30001,UPI,DEV-03-1,Android,Chennai,12,0,0,6.05,23,721.64,412.02,193,496,1352,0,0,0,0.0,0,
TXN03-01379,3,2026-06-08 12:11:20,431.89,Household,30004,UPI,DEV-03-2,Android,Chennai,12,0,0,7.52,24,721.23,411.55,129,285,1353,0,0,0,0.0,0,
TXN03-01380,3,2026-06-08 12:12:42,738.79,Household,30013,Card,DEV-03-6,Web,Chennai,12,0,0,1.37,25,721.54,411.28,18,57,1354,0,0,0,0.0,0,
TXN03-01381,3,2026-06-08 12:39:28,476.15,Household,30024,Card,DEV-03-1,Android,Chennai,12,0,0,26.77,26,723.05,410.3,9,497,1355,0,0,0,0.0,0,
TXN03-01382,3,2026-06-08 12:57:40,495.21,Grocery,30014,Card,DEV-03-1,Android,Chennai,12,0,0,18.2,27,723.37,410.07,25,498,1356,0,0,0,0.0,0,
TXN03-01383,3,2026-06-08 13:00:59,140.84,Grocery,30006,Card,DEV-03-1,Android,Chennai,13,0,0,3.32,28,722.76,409.69,44,499,1357,0,0,0,0.0,0,
TXN03-01384,3,2026-06-08 13:21:43,1027.98,Grocery,30015,UPI,DEV-03-2,Android,Chennai,13,0,0,20.73,29,721.93,411.18,21,286,1358,0,0,0,0.0,0,
TXN03-01385,3,2026-06-08 13:50:02,660.35,Pharmacy,30023,UPI,DEV-03-4,Web,Chennai,13,0,0,28.32,30,724.41,410.94,41,126,1359,0,0,0,0.0,0,
TXN03-01386,3,2026-06-08 13:51:00,244.05,Pharmacy,30032,Card,DEV-03-3,Android,Chennai,13,0,0,0.97,31,724.23,410.4,13,215,1360,0,0,0,0.0,0,
TXN03-01387,3,2026-06-08 14:09:30,1500.0,Pharmacy,30025,UPI,DEV-03-4,Web,Chennai,14,0,0,18.5,32,722.95,410.6,31,127,1361,0,0,0,0.0,0,
TXN03-01388,3,2026-06-08 14:14:06,380.76,Household,30011,UPI,DEV-03-1,Android,Chennai,14,0,0,4.6,33,725.02,412.01,27,500,1362,0,0,0,0.0,0,
TXN03-01389,3,2026-06-08 14:14:06,635.94,Household,30013,Card,DEV-03-1,Android,Chennai,14,0,0,0.0,34,724.11,411.84,19,501,1363,0,0,0,0.0,0,
TXN03-01390,3,2026-06-08 14:16:42,903.86,Pharmacy,30025,Card,DEV-03-2,Android,Chennai,14,0,0,2.6,35,723.87,411.32,32,287,1364,0,0,0,0.0,0,
TXN03-01391,3,2026-06-08 14:24:18,485.13,Grocery,30006,Card,DEV-03-5,iPhone,Chennai,14,0,0,7.6,36,724.35,410.88,45,90,1365,0,0,0,0.0,0,
TXN03-01392,3,2026-06-08 14:28:01,550.37,Pharmacy,30040,Card,DEV-03-1,Android,Chennai,14,0,0,3.72,37,723.72,410.52,4,502,1366,0,0,0,0.0,0,
TXN03-01393,3,2026-06-08 14:42:13,1500.0,Grocery,30053,Card,DEV-03-3,Android,Chennai,14,0,0,14.2,38,723.26,410.08,1,216,1367,0,0,1,0.0,0,
TXN03-01394,3,2026-06-08 15:01:56,724.21,Pharmacy,30040,UPI,DEV-03-4,Web,Chennai,15,0,0,19.72,39,725.3,411.46,5,128,1368,0,0,0,0.0,0,
TXN03-01395,3,2026-06-08 15:06:05,571.62,Grocery,30003,UPI,DEV-03-9,Web,Chennai,15,0,0,4.15,40,726.33,410.97,55,12,1369,0,0,0,0.0,0,
TXN03-01396,3,2026-06-08 15:16:23,1500.0,Pharmacy,30032,Card,DEV-03-3,Android,Chennai,15,0,0,10.3,41,725.92,410.51,14,217,1370,0,0,0,0.0,0,
TXN03-01397,3,2026-06-08 15:36:37,400.44,Grocery,30020,Card,DEV-03-1,Android,Chennai,15,0,0,20.23,42,728.52,412.07,12,503,1371,0,0,0,0.0,0,
TXN03-01398,3,2026-06-08 15:43:25,643.03,Pharmacy,30023,Card,DEV-03-2,Android,Chennai,15,0,0,6.8,43,727.66,411.87,42,288,1372,0,0,0,0.0,0,
TXN03-01399,3,2026-06-08 15:51:22,706.47,Pharmacy,30023,UPI,DEV-03-2,Android,Chennai,15,0,0,7.95,44,725.43,411.44,43,289,1373,0,0,0,0.0,0,
TXN03-01400,3,2026-06-08 16:40:21,667.04,Grocery,30010,Card,DEV-03-4,Web,Chennai,16,0,0,48.98,45,724.72,411.95,37,129,1374,0,0,0,0.0,0,
TXN03-01401,3,2026-06-08 16:43:49,917.4,Grocery,30001,Card,DEV-03-6,Web,Chennai,16,0,0,3.47,46,724.57,411.41,194,58,1375,0,0,0,0.0,0,
TXN03-01402,3,2026-06-08 16:53:40,872.06,Pharmacy,30008,Card,DEV-03-5,iPhone,Chennai,16,0,0,9.85,47,725.08,410.99,230,91,1376,0,0,0,0.0,1,ato_higher_amount
TXN03-01403,3,2026-06-08 16:58:32,366.27,Pharmacy,30023,UPI,DEV-03-3,Android,Chennai,16,0,0,4.87,48,725.47,410.52,44,218,1377,0,0,0,0.0,0,
TXN03-01404,3,2026-06-08 17:08:29,439.7,Pharmacy,30028,UPI,DEV-03-3,Android,Chennai,17,0,0,9.95,49,726.07,409.82,21,219,1378,0,0,0,0.0,0,
TXN03-01405,3,2026-06-08 17:14:38,479.72,Household,30013,Card,DEV-03-11,Web,Chennai,17,0,0,6.15,50,725.72,410.58,20,11,1379,0,0,0,0.0,0,
TXN03-01406,3,2026-06-08 17:16:58,913.31,Household,30009,UPI,DEV-03-2,Android,Chennai,17,0,0,2.33,51,725.07,410.24,50,290,1380,0,0,0,0.0,0,
TXN03-01407,3,2026-06-08 17:20:51,651.5,Household,30038,UPI,DEV-03-2,Android,Chennai,17,0,0,3.88,52,725.57,409.81,4,291,1381,0,0,0,0.0,0,
TXN03-01408,3,2026-06-08 17:21:58,1264.72,Grocery,30001,Card,DEV-03-1,Android,Chennai,17,0,0,1.12,53,725.37,409.29,195,504,1382,0,0,0,0.0,1,ato_short_gap
TXN03-01409,3,2026-06-08 17:27:59,670.54,Household,30009,UPI,DEV-03-4,Web,Chennai,17,0,0,6.02,54,726.78,409.68,51,130,1383,0,0,0,0.0,0,
TXN03-01410,3,2026-06-08 17:32:04,1139.71,Grocery,30003,Card,DEV-03-1,Android,Chennai,17,0,0,4.08,55,726.63,409.16,56,505,1384,0,0,0,0.0,0,
TXN03-01411,3,2026-06-08 17:36:45,1500.0,Household,30045,UPI,DEV-03-4,Web,Chennai,17,0,0,4.68,56,727.71,409.17,2,131,1385,0,0,0,0.0,0,
TXN03-01412,3,2026-06-08 17:37:38,1500.0,Grocery,30003,UPI,DEV-03-2,Android,Chennai,17,0,0,0.88,57,729.71,410.52,57,292,1386,0,0,0,0.0,0,
TXN03-01413,3,2026-06-08 17:37:52,296.09,Grocery,30018,UPI,DEV-03-20,Web,Chennai,17,0,0,0.23,58,731.7,411.85,16,1,1387,1,0,0,0.0,0,
TXN03-01414,3,2026-06-08 17:41:52,1500.0,Pharmacy,30054,UPI,DEV-03-5,iPhone,Chennai,17,0,0,4.0,59,730.58,411.91,1,92,1388,0,0,1,0.0,0,
TXN03-01415,3,2026-06-08 17:46:03,693.33,Grocery,30001,UPI,DEV-03-3,Android,Chennai,17,0,0,4.18,60,732.55,413.22,196,220,1389,0,0,0,0.0,0,
TXN03-01416,3,2026-06-08 17:51:39,935.06,Grocery,30015,Card,DEV-03-6,Web,Chennai,17,0,0,5.6,61,732.45,412.7,22,59,1390,0,0,0,0.0,0,
TXN03-01417,3,2026-06-08 17:51:46,609.86,Pharmacy,30035,UPI,DEV-03-1,Android,Chennai,17,0,0,0.12,62,732.97,412.29,8,506,1391,0,0,0,0.0,0,
TXN03-01418,3,2026-06-08 18:22:22,676.38,Pharmacy,30025,UPI,DEV-03-1,Android,Chennai,18,0,0,30.6,63,734.0,412.5,33,507,1392,0,0,0,0.0,0,
TXN03-01419,3,2026-06-08 18:25:44,1432.75,Grocery,30043,UPI,DEV-03-1,Android,Chennai,18,0,0,3.37,64,733.86,411.98,3,508,1393,0,0,0,0.0,0,
TXN03-01420,3,2026-06-08 18:31:34,766.21,Household,30004,UPI,DEV-03-3,Android,Chennai,18,0,0,5.83,65,735.64,412.96,130,221,1394,0,0,0,0.0,0,
TXN03-01421,3,2026-06-08 18:36:10,665.62,Grocery,30018,Card,DEV-03-1,Android,Chennai,18,0,0,4.6,66,735.28,412.87,17,509,1395,0,0,0,0.0,0,
TXN03-01422,3,2026-06-08 19:01:30,910.0,Grocery,30018,UPI,DEV-03-3,Android,Chennai,19,0,0,25.33,67,736.55,413.55,18,222,1396,0,0,0,0.0,0,
TXN03-01423,3,2026-06-08 19:03:11,402.45,Pharmacy,30032,UPI,DEV-03-1,Android,Chennai,19,0,0,1.68,68,736.99,413.11,15,510,1397,0,0,0,0.0,0,
TXN03-01424,3,2026-06-08 19:04:09,1500.0,Pharmacy,30025,UPI,DEV-03-3,Android,Chennai,19,0,0,0.97,69,736.13,412.93,34,223,1398,0,0,0,0.0,0,
TXN03-01425,3,2026-06-08 19:39:50,902.39,Household,30009,UPI,DEV-03-4,Web,Chennai,19,0,0,35.68,70,738.59,414.6,52,132,1399,0,0,0,0.0,0,
TXN03-01426,3,2026-06-08 19:44:25,1019.73,Grocery,30001,UPI,DEV-03-2,Android,Chennai,19,0,0,4.58,71,739.01,414.16,197,293,1400,0,0,0,0.0,0,
TXN03-01427,3,2026-06-08 19:58:46,186.32,Pharmacy,30025,Card,DEV-03-9,Web,Chennai,19,0,0,14.35,72,742.27,413.39,35,13,1401,0,0,0,0.0,0,
TXN03-01428,3,2026-06-08 20:57:18,2525.99,Airport,30001,UPI,DEV-03-1,Android,Kolkata,20,0,0,58.53,73,740.85,413.81,198,511,4,0,0,0,1358.36,1,airport_txn
TXN03-01429,3,2026-06-09 08:07:07,1188.71,Grocery,30002,UPI,DEV-03-2,Android,Chennai,8,1,0,669.82,1,742.86,420.52,90,294,1402,0,0,0,1358.36,0,
TXN03-01430,3,2026-06-09 08:08:22,205.55,Pharmacy,30023,Card,DEV-03-10,Android,Chennai,8,1,0,1.25,2,744.0,420.58,45,15,1403,0,0,0,0.0,0,
TXN03-01431,3,2026-06-09 08:21:22,444.2,Grocery,30033,Card,DEV-03-1,Android,Chennai,8,1,0,13.0,3,743.61,421.43,6,512,1404,0,0,0,0.0,0,
TXN03-01432,3,2026-06-09 08:25:00,669.54,Grocery,30006,Card,DEV-03-1,Android,Chennai,8,1,0,3.63,4,742.85,421.17,46,513,1405,0,0,0,0.0,0,
TXN03-01433,3,2026-06-09 08:31:33,1194.39,Pharmacy,30031,Card,DEV-03-1,Android,Chennai,8,1,0,6.55,5,742.66,420.65,12,514,1406,0,0,0,0.0,0,
TXN03-01434,3,2026-06-09 08:45:43,182.33,Grocery,30006,UPI,DEV-03-10,Android,Chennai,8,1,0,14.17,6,744.8,420.8,47,16,1407,0,0,0,0.0,0,
TXN03-01435,3,2026-06-09 08:51:12,989.77,Pharmacy,30023,UPI,DEV-03-1,Android,Chennai,8,1,0,5.48,7,743.46,421.91,46,515,1408,0,0,0,0.0,0,
TXN03-01436,3,2026-06-09 09:13:47,660.81,Grocery,30022,Card,DEV-03-1,Android,Chennai,9,1,0,22.58,8,745.01,422.82,14,516,1409,0,0,0,0.0,0,
TXN03-01437,3,2026-06-09 09:20:49,660.76,Household,30005,UPI,DEV-03-2,Android,Chennai,9,1,0,7.03,9,743.42,421.96,65,295,1410,0,0,0,0.0,0,
TXN03-01438,3,2026-06-09 09:32:41,428.87,Grocery,30006,Card,DEV-03-1,Android,Chennai,9,1,0,11.87,10,743.21,421.44,48,517,1411,0,0,0,0.0,0,
TXN03-01439,3,2026-06-09 09:46:37,763.51,Grocery,30002,Card,DEV-03-8,Web,Chennai,9,1,0,13.93,11,742.79,421.67,91,18,1412,0,0,0,0.0,0,
TXN03-01440,3,2026-06-09 09:59:53,395.5,Grocery,30010,Card,DEV-03-1,Android,Chennai,9,1,0,13.27,12,741.77,421.14,38,518,1413,0,0,0,0.0,0,
TXN03-01441,3,2026-06-09 10:17:52,853.77,Pharmacy,30025,Card,DEV-03-21,iPhone,Chennai,10,1,0,17.98,13,740.01,421.23,36,1,1414,1,0,0,0.0,0,
TXN03-01442,3,2026-06-09 10:32:16,413.1,Grocery,30019,UPI,DEV-03-1,Android,Chennai,10,1,0,14.4,14,740.3,420.73,31,519,1415,0,0,0,0.0,0,
TXN03-01443,3,2026-06-09 10:34:07,1425.98,Household,30016,UPI,DEV-03-8,Web,Chennai,10,1,0,1.85,15,739.46,420.51,18,19,1416,0,0,0,0.0,0,
TXN03-01444,3,2026-06-09 10:57:18,677.73,Household,30045,UPI,DEV-03-1,Android,Chennai,10,1,0,23.18,16,738.66,421.77,3,520,1417,0,0,0,0.0,0,
TXN03-01445,3,2026-06-09 12:11:54,851.01,Grocery,30002,UPI,DEV-03-3,Android,Chennai,12,1,0,74.6,17,738.1,419.39,92,224,1418,0,0,0,0.0,0,
TXN03-01446,3,2026-06-09 12:33:14,1286.39,Pharmacy,30040,Card,DEV-03-2,Android,Chennai,12,1,0,21.33,18,739.28,419.06,6,296,1419,0,0,0,0.0,0,
TXN03-01447,3,2026-06-09 12:43:35,294.14,Grocery,30001,UPI,DEV-03-2,Android,Chennai,12,1,0,10.35,19,740.69,419.44,199,297,1420,0,0,0,0.0,0,
TXN03-01448,3,2026-06-09 12:50:18,164.83,Pharmacy,30008,UPI,DEV-03-7,iPhone,Chennai,12,1,0,6.72,20,739.55,419.51,231,37,1421,0,0,0,0.0,0,
TXN03-01449,3,2026-06-09 12:55:45,762.23,Grocery,30001,Card,DEV-03-1,Android,Chennai,12,1,0,5.45,21,738.28,420.49,200,521,1422,0,0,0,0.0,0,
TXN03-01450,3,2026-06-09 13:08:13,731.13,Grocery,30001,UPI,DEV-03-5,iPhone,Chennai,13,1,0,12.47,22,739.17,420.83,201,93,1423,0,0,0,0.0,0,
TXN03-01451,3,2026-06-09 13:14:53,873.6,Grocery,30007,UPI,DEV-03-3,Android,Chennai,13,1,0,6.67,23,739.69,420.7,30,225,1424,0,0,0,0.0,0,
TXN03-01452,3,2026-06-09 13:57:40,338.37,Household,30039,UPI,DEV-03-4,Web,Chennai,13,1,0,42.78,24,742.25,419.79,7,133,1425,0,0,0,0.0,0,
TXN03-01453,3,2026-06-09 13:58:10,1425.12,Pharmacy,30025,Card,DEV-03-2,Android,Chennai,13,1,0,0.5,25,741.21,419.75,37,298,1426,0,0,0,0.0,0,
TXN03-01454,3,2026-06-09 14:12:54,1500.0,Household,30004,Card,DEV-03-1,Android,Chennai,14,1,0,14.73,26,738.44,413.91,131,522,1427,0,0,0,0.0,0,
TXN03-01455,3,2026-06-09 14:33:23,585.38,Grocery,30003,Card,DEV-03-9,Web,Chennai,14,1,0,20.48,27,739.43,415.27,58,14,1428,0,0,0,0.0,0,
TXN03-01456,3,2026-06-09 14:34:47,790.45,Grocery,30002,Card,DEV-03-4,Web,Chennai,14,1,0,1.4,28,739.03,414.81,93,134,1429,0,0,0,0.0,0,
TXN03-01457,3,2026-06-09 14:43:59,147.22,Pharmacy,30028,Card,DEV-03-1,Android,Chennai,14,1,0,9.2,29,739.17,414.28,22,523,1430,0,0,0,0.0,0,
TXN03-01458,3,2026-06-09 14:53:05,839.73,Grocery,30001,UPI,DEV-03-1,Android,Chennai,14,1,0,9.1,30,737.99,415.31,202,524,1431,0,0,0,0.0,0,
TXN03-01459,3,2026-06-09 15:16:21,1076.61,Pharmacy,30055,UPI,DEV-03-4,Web,Chennai,15,1,0,23.27,31,734.59,412.73,1,135,1432,0,0,1,0.0,0,
TXN03-01460,3,2026-06-09 15:25:17,277.88,Household,30016,UPI,DEV-03-2,Android,Chennai,15,1,0,8.93,32,736.57,412.54,19,299,1433,0,0,0,0.0,0,
TXN03-01461,3,2026-06-09 15:45:21,492.67,Household,30038,UPI,DEV-03-1,Android,Chennai,15,1,0,20.07,33,735.24,413.61,5,525,1434,0,0,0,0.0,0,
TXN03-01462,3,2026-06-09 15:47:51,1186.85,Household,30009,Card,DEV-03-4,Web,Chennai,15,1,0,2.5,34,734.61,413.26,53,136,1435,0,0,0,0.0,0,
TXN03-01463,3,2026-06-09 15:48:27,356.68,Grocery,30001,UPI,DEV-03-1,Android,Chennai,15,1,0,0.6,35,735.78,413.36,203,526,1436,0,0,0,0.0,0,
TXN03-01464,3,2026-06-09 15:54:20,313.28,Pharmacy,30028,Card,DEV-03-6,Web,Chennai,15,1,0,5.88,36,734.8,413.27,23,60,1437,0,0,0,0.0,0,
TXN03-01465,3,2026-06-09 16:05:15,643.19,Grocery,30003,UPI,DEV-03-7,iPhone,Chennai,16,1,0,10.92,37,733.71,413.29,59,38,1438,0,0,0,0.0,0,
TXN03-01466,3,2026-06-09 16:14:24,232.44,Grocery,30002,Card,DEV-03-4,Web,Chennai,16,1,0,9.15,38,733.48,412.79,94,137,1439,0,0,0,0.0,0,
TXN03-01467,3,2026-06-09 16:17:00,324.25,Grocery,30026,Card,DEV-03-1,Android,Chennai,16,1,0,2.6,39,732.2,413.04,9,527,1440,0,0,0,0.0,0,
TXN03-01468,3,2026-06-09 16:31:38,1426.83,Grocery,30019,Card,DEV-03-4,Web,Chennai,16,1,0,14.63,40,731.15,413.02,32,138,1441,0,0,0,0.0,0,
TXN03-01469,3,2026-06-09 16:42:27,271.32,Grocery,30010,Card,DEV-03-4,Web,Chennai,16,1,0,10.82,41,732.93,413.99,39,139,1442,0,0,0,0.0,0,
TXN03-01470,3,2026-06-09 16:47:39,592.71,Household,30011,UPI,DEV-03-3,Android,Chennai,16,1,0,5.2,42,731.75,414.11,28,226,1443,0,0,0,0.0,0,
TXN03-01471,3,2026-06-09 17:20:38,537.27,Household,30004,UPI,DEV-03-7,iPhone,Chennai,17,1,0,32.98,43,729.78,413.1,132,39,1444,0,0,0,0.0,0,
TXN03-01472,3,2026-06-09 17:31:28,435.6,Grocery,30003,UPI,DEV-03-1,Android,Chennai,17,1,0,10.83,44,729.29,412.69,60,528,1445,0,0,0,0.0,0,
TXN03-01473,3,2026-06-09 17:44:00,763.7,Grocery,30002,UPI,DEV-03-22,Android,Chennai,17,1,0,12.53,45,727.82,412.47,95,1,1446,1,0,0,0.0,0,
TXN03-01474,3,2026-06-09 18:04:47,522.53,Household,30005,UPI,DEV-03-3,Android,Chennai,18,1,0,20.78,46,729.58,412.33,66,227,1447,0,0,0,0.0,0,
TXN03-01475,3,2026-06-09 18:41:06,660.29,Household,30004,UPI,DEV-03-1,Android,Chennai,18,1,0,36.32,47,730.42,412.54,133,529,1448,0,0,0,0.0,0,
TXN03-01476,3,2026-06-09 19:21:21,1500.0,Pharmacy,30008,Card,DEV-03-2,Android,Chennai,19,1,0,40.25,48,727.06,411.33,232,300,1449,0,0,0,0.0,0,
TXN03-01477,3,2026-06-09 19:24:39,601.2,Grocery,30020,Card,DEV-03-2,Android,Chennai,19,1,0,3.3,49,729.05,412.66,13,301,1450,0,0,0,0.0,0,
TXN03-01478,3,2026-06-09 19:30:25,881.78,Household,30016,Card,DEV-03-8,Web,Chennai,19,1,0,5.77,50,728.73,412.18,20,20,1451,0,0,0,0.0,0,
TXN03-01479,3,2026-06-09 19:44:17,1174.25,Grocery,30018,Card,DEV-03-3,Android,Chennai,19,1,0,13.87,51,730.35,412.26,19,228,1452,0,0,0,0.0,0,
TXN03-01480,3,2026-06-09 19:48:04,163.76,Grocery,30010,Card,DEV-03-4,Web,Chennai,19,1,0,3.78,52,731.49,412.35,40,140,1453,0,0,0,0.0,0,
TXN03-01481,3,2026-06-09 19:48:07,448.64,Household,30004,Card,DEV-03-2,Android,Chennai,19,1,0,0.05,53,730.03,412.82,134,302,1454,0,0,0,0.0,0,
TXN03-01482,3,2026-06-09 21:23:50,1297.56,Airport,30001,UPI,DEV-03-1,Android,Indore,21,1,0,95.72,54,729.31,412.53,204,530,1,0,1,0,1168.6,1,airport_txn
TXN03-01483,3,2026-06-10 08:00:41,1004.82,Grocery,30002,UPI,DEV-03-2,Android,Chennai,8,2,0,636.85,1,728.92,412.54,96,303,1455,0,0,0,1168.6,0,
TXN03-01484,3,2026-06-10 08:12:21,323.48,Household,30005,UPI,DEV-03-1,Android,Chennai,8,2,0,11.67,2,729.62,412.25,67,531,1456,0,0,0,0.0,0,
TXN03-01485,3,2026-06-10 08:34:27,688.79,Grocery,30037,Card,DEV-03-1,Android,Chennai,8,2,0,22.1,3,727.14,411.77,7,532,1457,0,0,0,0.0,0,
TXN03-01486,3,2026-06-10 08:34:56,1016.72,Household,30024,Card,DEV-03-6,Web,Jaipur,8,2,0,0.48,4,727.04,411.24,10,61,1,0,1,0,1607.1,0,
TXN03-01487,3,2026-06-10 08:51:53,894.71,Grocery,30010,Card,DEV-03-1,Android,Chennai,8,2,0,16.95,5,726.1,410.15,41,533,1458,0,0,0,1607.1,0,
TXN03-01488,3,2026-06-10 08:54:10,265.54,Household,30004,UPI,DEV-03-3,Android,Chennai,8,2,0,2.28,6,726.53,409.72,135,229,1459,0,0,0,0.0,0,
TXN03-01489,3,2026-06-10 09:03:32,761.64,Pharmacy,30040,Card,DEV-03-1,Android,Chennai,9,2,0,9.37,7,725.29,410.37,7,534,1460,0,0,0,0.0,0,
TXN03-01490,3,2026-06-10 09:12:30,1500.0,Household,30013,UPI,DEV-03-1,Android,Chennai,9,2,0,8.97,8,723.79,410.79,21,535,1461,0,0,0,0.0,0,
TXN03-01491,3,2026-06-10 09:32:05,414.56,Grocery,30001,UPI,DEV-03-3,Android,Chennai,9,2,0,19.58,9,724.71,411.29,205,230,1462,0,0,0,0.0,0,
TXN03-01492,3,2026-06-10 09:47:34,361.7,Pharmacy,30025,UPI,DEV-03-1,Android,Chennai,9,2,0,15.48,10,723.91,411.07,38,536,1463,0,0,0,0.0,0,
TXN03-01493,3,2026-06-10 09:49:39,834.19,Grocery,30034,UPI,DEV-03-4,Web,Chennai,9,2,0,2.08,11,722.99,410.95,6,141,1464,0,0,0,0.0,0,
TXN03-01494,3,2026-06-10 10:00:57,398.37,Pharmacy,30032,Card,DEV-03-2,Android,Chennai,10,2,0,11.3,12,723.27,410.46,16,304,1465,0,0,0,0.0,0,
TXN03-01495,3,2026-06-10 10:14:34,603.65,Pharmacy,30008,UPI,DEV-03-1,Android,Chennai,10,2,0,13.62,13,723.54,411.02,233,537,1466,0,0,0,0.0,0,
TXN03-01496,3,2026-06-10 10:20:55,682.36,Pharmacy,30008,UPI,DEV-03-1,Android,Chennai,10,2,0,6.35,14,722.64,410.9,234,538,1467,0,0,0,0.0,0,
TXN03-01497,3,2026-06-10 10:42:14,1031.26,Pharmacy,30031,UPI,DEV-03-6,Web,Chennai,10,2,0,21.32,15,724.55,410.86,13,62,1468,0,0,0,0.0,0,
TXN03-01498,3,2026-06-10 10:52:37,547.98,Grocery,30019,UPI,DEV-03-2,Android,Chennai,10,2,0,10.38,16,725.4,411.15,33,305,1469,0,0,0,0.0,0,
TXN03-01499,3,2026-06-10 10:58:51,549.02,Household,30005,UPI,DEV-03-9,Web,Chennai,10,2,0,6.23,17,724.94,410.72,68,15,1470,0,0,0,0.0,0,
TXN03-01500,3,2026-06-10 11:08:17,836.27,Household,30021,Card,DEV-03-15,Android,Chennai,11,2,0,9.43,18,724.49,410.29,16,2,1471,0,0,0,0.0,0,
TXN03-01501,3,2026-06-10 11:09:20,1004.5,Pharmacy,30023,UPI,DEV-03-2,Android,Chennai,11,2,0,1.05,19,724.78,409.81,47,306,1472,0,0,0,0.0,0,
TXN03-01502,3,2026-06-10 11:12:19,1134.65,Household,30016,Card,DEV-03-3,Android,Chennai,11,2,0,2.98,20,725.38,410.04,21,231,1473,0,0,0,0.0,0,
TXN03-01503,3,2026-06-10 11:20:47,162.44,Pharmacy,30031,UPI,DEV-03-2,Android,Chennai,11,2,0,8.47,21,726.42,410.04,14,307,1474,0,0,0,0.0,0,
TXN03-01504,3,2026-06-10 11:28:25,833.81,Household,30004,Card,DEV-03-5,iPhone,Chennai,11,2,0,7.63,22,724.99,410.5,136,94,1475,0,0,0,0.0,0,
TXN03-01505,3,2026-06-10 11:32:14,1123.75,Grocery,30007,UPI,DEV-03-2,Android,Chennai,11,2,0,3.82,23,725.27,410.02,31,308,1476,0,0,0,0.0,0,
TXN03-01506,3,2026-06-10 11:38:42,123.92,Grocery,30022,Card,DEV-03-2,Android,Chennai,11,2,0,6.47,24,726.27,409.99,15,309,1477,0,0,0,0.0,0,
TXN03-01507,3,2026-06-10 11:47:13,524.83,Grocery,30010,Card,DEV-03-4,Web,Chennai,11,2,0,8.52,25,725.39,410.91,42,142,1478,0,0,0,0.0,0,
TXN03-01508,3,2026-06-10 11:47:15,1036.05,Pharmacy,30008,Card,DEV-03-12,Android,Chennai,11,2,0,0.03,26,724.88,410.51,235,5,1479,0,0,0,0.0,0,
TXN03-01509,3,2026-06-10 11:47:31,639.28,Household,30004,UPI,DEV-03-1,Android,Chennai,11,2,0,0.27,27,725.67,410.29,137,539,1480,0,0,0,0.0,0,
TXN03-01510,3,2026-06-10 11:48:00,222.8,Pharmacy,30008,UPI,DEV-03-3,Android,Chennai,11,2,0,0.48,28,725.45,409.8,236,232,1481,0,0,0,0.0,0,
TXN03-01511,3,2026-06-10 12:18:04,865.82,Household,30009,UPI,DEV-03-2,Android,Chennai,12,2,0,30.07,29,723.81,410.78,54,310,1482,0,0,0,0.0,0,
TXN03-01512,3,2026-06-10 12:18:10,1338.27,Pharmacy,30044,Card,DEV-03-2,Android,Chennai,12,2,0,0.1,30,724.17,410.32,6,311,1483,0,0,0,0.0,0,
TXN03-01513,3,2026-06-10 12:19:36,1500.0,Pharmacy,30008,UPI,DEV-03-2,Android,Chennai,12,2,0,1.43,31,725.7,410.95,237,312,1484,0,0,0,0.0,0,
TXN03-01514,3,2026-06-10 12:37:47,1500.0,Grocery,30034,Card,DEV-03-5,iPhone,Chennai,12,2,0,18.18,32,725.42,411.43,7,95,1485,0,0,0,0.0,0,
TXN03-01515,3,2026-06-10 12:56:35,529.92,Pharmacy,30008,UPI,DEV-03-1,Android,Chennai,12,2,0,18.8,33,727.36,412.74,238,540,1486,0,0,0,0.0,0,
TXN03-01516,3,2026-06-10 12:56:44,470.76,Pharmacy,30032,UPI,DEV-03-2,Android,Chennai,12,2,0,0.15,34,727.38,412.73,17,313,1487,0,0,0,0.0,0,
TXN03-01517,3,2026-06-10 13:04:02,510.61,Grocery,30001,Card,DEV-03-1,Android,Chennai,13,2,0,7.3,35,727.17,412.83,206,541,1488,0,0,0,0.0,0,
TXN03-01518,3,2026-06-10 13:31:08,218.76,Grocery,30001,UPI,DEV-03-10,Android,Chennai,13,2,0,27.1,36,728.74,412.38,207,17,1489,0,0,0,0.0,0,
TXN03-01519,3,2026-06-10 13:45:32,1246.5,Household,30004,Card,DEV-03-3,Android,Bangalore,13,2,0,14.4,37,725.91,412.0,138,233,4,0,0,0,290.17,0,
TXN03-01520,3,2026-06-10 13:58:43,332.79,Grocery,30014,UPI,DEV-03-1,Android,Chennai,13,2,0,13.18,38,727.89,413.17,26,542,1490,0,0,0,290.17,0,
TXN03-01521,3,2026-06-10 14:08:38,915.79,Household,30005,Card,DEV-03-3,Android,Chennai,14,2,0,9.92,39,726.9,413.12,69,234,1491,0,0,0,0.0,0,
TXN03-01522,3,2026-06-10 14:15:31,799.16,Household,30036,UPI,DEV-03-2,Android,Chennai,14,2,0,6.88,40,728.5,412.62,5,314,1492,0,0,0,0.0,0,
TXN03-01523,3,2026-06-10 14:18:35,473.56,Pharmacy,30008,Card,DEV-03-3,Android,Chennai,14,2,0,3.07,41,728.67,412.12,239,235,1493,0,0,0,0.0,0,
TXN03-01524,3,2026-06-10 14:28:37,389.14,Pharmacy,30023,UPI,DEV-03-3,Android,Chennai,14,2,0,10.03,42,728.03,411.8,48,236,1494,0,0,0,0.0,0,
TXN03-01525,3,2026-06-10 14:29:36,662.54,Pharmacy,30008,Card,DEV-03-3,Android,Chennai,14,2,0,0.98,43,727.19,411.63,240,237,1495,0,0,0,0.0,0,
TXN03-01526,3,2026-06-10 14:35:59,773.58,Grocery,30003,Card,DEV-03-4,Web,Chennai,14,2,0,6.38,44,727.03,411.13,61,143,1496,0,0,0,0.0,0,
TXN03-01527,3,2026-06-10 15:03:25,1500.0,Pharmacy,30035,UPI,DEV-03-2,Android,Chennai,15,2,0,27.43,45,724.29,408.62,9,315,1497,0,0,0,0.0,0,
TXN03-01528,3,2026-06-10 15:09:50,475.44,Pharmacy,30023,Card,DEV-03-4,Web,Chennai,15,2,0,6.42,46,727.54,409.63,49,144,1498,0,0,0,0.0,0,
TXN03-01529,3,2026-06-10 15:33:24,592.11,Grocery,30001,Card,DEV-03-5,iPhone,Chennai,15,2,0,23.57,47,727.89,409.94,208,96,1499,0,0,0,0.0,0,
TXN03-01530,3,2026-06-10 15:33:57,550.66,Household,30005,Card,DEV-03-1,Android,Chennai,15,2,0,0.55,48,727.55,409.48,70,543,1500,0,0,0,0.0,0,
TXN03-01531,3,2026-06-10 15:44:00,766.06,Grocery,30042,Card,DEV-03-1,Android,Chennai,15,2,0,10.05,49,727.11,409.06,3,544,1501,0,0,0,0.0,0,
TXN03-01532,3,2026-06-10 15:51:09,406.93,Grocery,30001,Card,DEV-03-7,iPhone,Chennai,15,2,0,7.15,50,728.84,408.47,209,40,1502,0,0,0,0.0,0,
TXN03-01533,3,2026-06-10 16:01:54,358.29,Grocery,30019,Card,DEV-03-1,Android,Chennai,16,2,0,10.75,51,729.38,409.07,34,545,1503,0,0,0,0.0,0,
TXN03-01534,3,2026-06-10 16:03:18,555.93,Pharmacy,30008,UPI,DEV-03-3,Android,Chennai,16,2,0,1.4,52,728.7,409.46,241,238,1504,0,0,0,0.0,0,
TXN03-01535,3,2026-06-10 16:10:38,321.61,Pharmacy,30008,Card,DEV-03-2,Android,Chennai,16,2,0,7.33,53,728.27,409.04,242,316,1505,0,0,0,0.0,0,
TXN03-01536,3,2026-06-10 16:14:50,189.18,Pharmacy,30008,UPI,DEV-03-4,Web,Chennai,16,2,0,4.2,54,727.24,409.03,243,145,1506,0,0,0,0.0,0,
TXN03-01537,3,2026-06-10 16:25:17,1500.0,Household,30024,UPI,DEV-03-2,Android,Chennai,16,2,0,10.45,55,726.07,409.9,11,317,1507,0,0,0,0.0,0,
TXN03-01538,3,2026-06-10 16:26:53,594.24,Grocery,30019,UPI,DEV-03-5,iPhone,Chennai,16,2,0,1.6,56,728.01,411.21,35,97,1508,0,0,0,0.0,0,
TXN03-01539,3,2026-06-10 17:05:12,863.51,Household,30004,Card,DEV-03-1,Android,Chennai,17,2,0,38.32,57,729.43,411.63,139,546,1509,0,0,0,0.0,0,
TXN03-01540,3,2026-06-10 17:12:29,753.27,Pharmacy,30031,Card,DEV-03-4,Web,Chennai,17,2,0,7.28,58,729.91,411.67,15,146,1510,0,0,0,0.0,0,
TXN03-01541,3,2026-06-10 17:14:09,494.35,Pharmacy,30025,Card,DEV-03-4,Web,Chennai,17,2,0,1.67,59,729.96,411.16,39,147,1511,0,0,0,0.0,0,
TXN03-01542,3,2026-06-10 17:21:54,642.13,Airport,30001,UPI,DEV-03-1,Android,Chandigarh,17,2,0,7.75,60,727.43,409.5,210,547,3,0,0,0,1995.05,1,airport_txn
TXN03-01543,3,2026-06-10 17:30:14,862.98,Grocery,30037,Card,DEV-03-1,Android,Chennai,17,2,0,8.33,61,726.92,409.48,8,548,1512,0,0,0,1995.05,0,
TXN03-01544,3,2026-06-10 17:35:25,547.01,Household,30009,UPI,DEV-03-1,Android,Chennai,17,2,0,5.18,62,727.7,409.44,55,549,1513,0,0,0,0.0,0,
TXN03-01545,3,2026-06-10 17:38:39,1261.72,Household,30009,UPI,DEV-03-2,Android,Chennai,17,2,0,3.23,63,727.24,409.03,56,318,1514,0,0,0,0.0,0,
TXN03-01546,3,2026-06-10 17:39:02,801.85,Grocery,30002,UPI,DEV-03-11,Web,Pune,17,2,0,0.38,64,728.58,409.39,97,12,5,0,0,0,914.36,0,
TXN03-01547,3,2026-06-10 17:49:10,1249.07,Grocery,30001,UPI,DEV-03-6,Web,Chennai,17,2,0,10.13,65,728.76,408.89,211,63,1515,0,0,0,914.36,0,
TXN03-01548,3,2026-06-10 17:51:24,719.21,Household,30005,UPI,DEV-03-2,Android,Chennai,17,2,0,2.23,66,730.06,409.21,71,319,1516,0,0,0,0.0,0,
TXN03-01549,3,2026-06-10 17:53:25,739.51,Pharmacy,30025,UPI,DEV-03-5,iPhone,Chennai,17,2,0,2.02,67,730.04,408.7,40,98,1517,0,0,0,0.0,0,
TXN03-01550,3,2026-06-10 18:19:17,1058.91,Household,30021,Card,DEV-03-3,Android,Chennai,18,2,0,25.87,68,728.66,407.73,17,239,1518,0,0,0,0.0,0,
TXN03-01551,3,2026-06-10 18:39:43,958.87,Grocery,30001,UPI,DEV-03-4,Web,Chennai,18,2,0,20.43,69,730.8,407.2,212,148,1519,0,0,0,0.0,0,
TXN03-01552,3,2026-06-10 19:13:00,313.32,Grocery,30014,UPI,DEV-03-5,iPhone,Chennai,19,2,0,33.28,70,731.35,407.35,27,99,1520,0,0,0,0.0,0,
TXN03-01553,3,2026-06-10 19:29:18,360.31,Household,30004,Card,DEV-03-1,Android,Chennai,19,2,0,16.3,71,730.31,407.38,140,550,1521,0,0,0,0.0,0,
TXN03-01554,3,2026-06-10 19:32:56,117.87,Pharmacy,30040,Card,DEV-03-3,Android,Chennai,19,2,0,3.63,72,729.4,407.29,8,240,1522,0,0,0,0.0,0,
TXN03-01555,3,2026-06-10 19:36:06,306.26,Grocery,30001,UPI,DEV-03-2,Android,Chennai,19,2,0,3.17,73,727.89,407.92,213,320,1523,0,0,0,0.0,0,
TXN03-01556,3,2026-06-10 19:37:45,1458.14,Household,30004,Card,DEV-03-6,Web,Chennai,19,2,0,1.65,74,727.36,408.32,141,64,1524,0,0,0,0.0,0,
TXN03-01557,3,2026-06-10 19:47:50,1500.0,Pharmacy,30023,Card,DEV-03-2,Android,Chennai,19,2,0,10.08,75,727.26,408.13,50,321,1525,0,0,0,0.0,0,
TXN03-01558,3,2026-06-10 21:59:56,384.85,Household,30013,UPI,DEV-03-1,Android,Chennai,21,2,0,132.1,76,729.62,409.83,22,551,1526,0,0,0,0.0,1,ato_odd_hour
TXN03-01559,3,2026-06-11 03:39:39,148.39,Gaming Subscription,30001,UPI,DEV-03-1,Android,Chennai,3,3,0,339.72,1,728.77,409.68,214,552,1527,0,0,0,0.0,1,gaming_subscription
TXN03-01560,3,2026-06-11 08:31:02,242.09,Grocery,30003,UPI,DEV-03-1,Android,Chennai,8,3,0,291.38,2,727.35,410.18,62,553,1528,0,0,0,0.0,0,
TXN03-01561,3,2026-06-11 08:32:34,575.18,Pharmacy,30023,UPI,DEV-03-1,Android,Chennai,8,3,0,1.53,3,726.16,410.38,51,554,1529,0,0,0,0.0,0,
TXN03-01562,3,2026-06-11 08:39:06,1215.08,Grocery,30014,UPI,DEV-03-1,Android,Chennai,8,3,0,6.53,4,725.79,409.95,28,555,1530,0,0,0,0.0,0,
TXN03-01563,3,2026-06-11 08:52:42,722.27,Grocery,30022,Card,DEV-03-1,Android,Chennai,8,3,0,13.6,5,727.39,410.58,16,556,1531,0,0,0,0.0,0,
TXN03-01564,3,2026-06-11 09:27:36,263.96,Household,30004,Card,DEV-03-1,Android,Chennai,9,3,0,34.9,6,727.37,410.08,142,557,1532,0,0,0,0.0,0,
TXN03-01565,3,2026-06-11 09:34:42,243.88,Household,30004,Card,DEV-03-1,Android,Chennai,9,3,0,7.1,7,726.25,410.21,143,558,1533,0,0,0,0.0,0,
TXN03-01566,3,2026-06-11 09:37:16,1266.74,Grocery,30022,Card,DEV-03-1,Android,Chennai,9,3,0,2.57,8,725.08,410.4,17,559,1534,0,0,0,0.0,0,
TXN03-01567,3,2026-06-11 09:42:37,988.5,Pharmacy,30035,Card,DEV-03-5,iPhone,Chennai,9,3,0,5.35,9,727.24,410.9,10,100,1535,0,0,0,0.0,0,
TXN03-01568,3,2026-06-11 09:55:12,1314.15,Grocery,30010,UPI,DEV-03-3,Android,Chennai,9,3,0,12.58,10,729.68,411.08,43,241,1536,0,0,0,0.0,0,
TXN03-01569,3,2026-06-11 09:57:02,459.33,Grocery,30014,UPI,DEV-03-2,Android,Chennai,9,3,0,1.83,11,731.1,411.59,29,322,1537,0,0,0,0.0,0,
TXN03-01570,3,2026-06-11 10:08:31,305.61,Grocery,30026,Card,DEV-03-7,iPhone,Chennai,10,3,0,11.48,12,730.44,411.31,10,41,1538,0,0,0,0.0,0,
TXN03-01571,3,2026-06-11 10:25:58,1020.19,Household,30004,Card,DEV-03-4,Web,Chennai,10,3,0,17.45,13,726.88,410.37,144,149,1539,0,0,0,0.0,0,
TXN03-01572,3,2026-06-11 10:43:39,240.96,Grocery,30001,Card,DEV-03-3,Android,Chennai,10,3,0,17.68,14,727.6,410.12,215,242,1540,0,0,0,0.0,0,
TXN03-01573,3,2026-06-11 11:18:27,292.49,Grocery,30027,Card,DEV-03-7,iPhone,Chennai,11,3,0,34.8,15,726.53,409.64,5,42,1541,0,0,0,0.0,0,
TXN03-01574,3,2026-06-11 12:16:53,567.17,Grocery,30001,UPI,DEV-03-3,Android,Chennai,12,3,0,58.43,16,726.61,410.34,216,243,1542,0,0,0,0.0,0,
TXN03-01575,3,2026-06-11 12:24:01,498.16,Household,30029,UPI,DEV-03-3,Android,Chennai,12,3,0,7.13,17,726.22,409.91,7,244,1543,0,0,0,0.0,0,
TXN03-01576,3,2026-06-11 12:31:42,623.9,Household,30045,Card,DEV-03-23,Android,Chennai,12,3,0,7.68,18,725.67,409.57,4,1,1544,1,0,0,0.0,0,
TXN03-01577,3,2026-06-11 12:36:34,186.68,Pharmacy,30008,Card,DEV-03-4,Web,Chennai,12,3,0,4.87,19,725.24,409.58,244,150,1545,0,0,0,0.0,0,
TXN03-01578,3,2026-06-11 12:37:47,1500.0,Grocery,30001,Card,DEV-03-6,Web,Chennai,12,3,0,1.22,20,723.94,409.94,217,65,1546,0,0,0,0.0,0,
TXN03-01579,3,2026-06-11 12:47:38,454.04,Grocery,30003,Card,DEV-03-3,Android,Chennai,12,3,0,9.85,21,725.81,411.22,63,245,1547,0,0,0,0.0,0,
TXN03-01580,3,2026-06-11 13:30:19,448.81,Household,30004,Card,DEV-03-6,Web,Chennai,13,3,0,42.68,22,725.23,411.92,145,66,1548,0,0,0,0.0,0,
TXN03-01581,3,2026-06-11 14:54:26,920.23,Grocery,30001,UPI,DEV-03-3,Android,Chennai,14,3,0,84.12,23,723.51,411.23,218,246,1549,0,0,0,0.0,0,
TXN03-01582,3,2026-06-11 15:15:22,1212.2,Pharmacy,30023,Card,DEV-03-2,Android,Chennai,15,3,0,20.93,24,725.7,411.1,52,323,1550,0,0,0,0.0,0,
TXN03-01583,3,2026-06-11 15:18:00,310.85,Grocery,30006,UPI,DEV-03-2,Android,Chennai,15,3,0,2.63,25,726.89,411.3,49,324,1551,0,0,0,0.0,0,
TXN03-01584,3,2026-06-11 15:41:24,1051.91,Grocery,30002,UPI,DEV-03-2,Android,Chennai,15,3,0,23.4,26,725.8,412.73,98,325,1552,0,0,0,0.0,0,
TXN03-01585,3,2026-06-11 15:44:42,733.65,Household,30024,Card,DEV-03-4,Web,Chennai,15,3,0,3.3,27,726.6,412.54,12,151,1553,0,0,0,0.0,0,
TXN03-01586,3,2026-06-11 15:47:16,975.26,Household,30045,UPI,DEV-03-9,Web,Chennai,15,3,0,2.57,28,724.72,410.76,5,16,1554,0,0,0,0.0,0,
TXN03-01587,3,2026-06-11 16:11:23,879.72,Grocery,30007,Card,DEV-03-2,Android,Chennai,16,3,0,24.12,29,725.59,410.92,32,326,1555,0,0,0,0.0,0,
TXN03-01588,3,2026-06-11 16:54:21,1194.06,Pharmacy,30040,Card,DEV-03-2,Android,Chennai,16,3,0,42.97,30,725.26,410.15,9,327,1556,0,0,0,0.0,0,
TXN03-01589,3,2026-06-11 17:30:15,999.43,Grocery,30002,Card,DEV-03-4,Web,Chennai,17,3,0,35.9,31,727.7,409.97,99,152,1557,0,0,0,0.0,0,
TXN03-01590,3,2026-06-11 17:31:47,401.54,Grocery,30052,Card,DEV-03-5,iPhone,Chennai,17,3,0,1.53,32,728.37,409.69,4,101,1558,0,0,0,0.0,0,
TXN03-01591,3,2026-06-11 17:43:03,531.15,Household,30011,UPI,DEV-03-2,Android,Chennai,17,3,0,11.27,33,725.67,408.21,29,328,1559,0,0,0,0.0,0,
TXN03-01592,3,2026-06-11 18:16:58,1232.88,Household,30017,UPI,DEV-03-1,Android,Chennai,18,3,0,33.92,34,724.21,408.54,20,560,1560,0,0,0,0.0,0,
TXN03-01593,3,2026-06-11 18:58:28,977.74,Household,30056,Card,DEV-03-2,Android,Chennai,18,3,0,41.5,35,725.24,408.94,1,329,1561,0,0,1,0.0,0,
TXN03-01594,3,2026-06-11 19:14:09,834.57,Household,30004,UPI,DEV-03-2,Android,Chennai,19,3,0,15.68,36,724.78,408.03,146,330,1562,0,0,0,0.0,0,
TXN03-01595,3,2026-06-11 19:15:32,410.1,Grocery,30001,Card,DEV-03-3,Android,Chennai,19,3,0,1.38,37,725.05,407.56,219,247,1563,0,0,0,0.0,0,
TXN03-01596,3,2026-06-11 19:24:37,215.05,Grocery,30003,Card,DEV-03-3,Android,Chennai,19,3,0,9.08,38,723.35,407.05,64,248,1564,0,0,0,0.0,0,
TXN03-01597,3,2026-06-11 19:55:15,849.62,Household,30024,UPI,DEV-03-3,Android,Chennai,19,3,0,30.63,39,721.13,406.32,13,249,1565,0,0,0,0.0,0,
TXN03-01598,3,2026-06-12 00:59:02,1250.23,Fuel,30001,UPI,DEV-03-1,Android,Chennai,0,4,0,303.78,1,721.45,405.86,220,561,1566,0,0,0,0.0,1,midnight_fuel
TXN03-01599,3,2026-06-12 01:05:59,883.91,Airport,30001,UPI,DEV-03-1,Android,Kolkata,1,4,0,6.95,2,722.76,406.21,221,562,5,0,0,0,1358.36,1,airport_txn
TXN03-01600,3,2026-06-12 06:55:06,1523.47,Airport,30001,UPI,DEV-03-1,Android,Mumbai,6,4,0,349.12,3,723.16,405.79,222,563,5,0,0,0,1654.84,1,airport_txn
TXN03-01601,3,2026-06-12 08:21:41,1500.0,Grocery,30001,UPI,DEV-03-2,Android,Chennai,8,4,0,86.58,4,723.79,406.82,223,331,1567,0,0,0,1033.1,0,
TXN03-01602,3,2026-06-12 08:55:33,346.22,Grocery,30048,Card,DEV-03-4,Web,Chennai,8,4,0,33.87,5,724.03,407.73,5,153,1568,0,0,0,0.0,0,
TXN03-01603,3,2026-06-12 09:00:16,835.96,Pharmacy,30161,UPI,DEV-03-1,Android,Chennai,9,4,0,4.72,6,723.09,407.66,1,564,1569,0,0,1,0.0,1,ato_new_merchant_same_category
TXN03-01604,3,2026-06-12 09:14:31,835.89,Grocery,30002,Card,DEV-03-4,Web,Chennai,9,4,0,14.25,7,723.37,407.2,100,154,1570,0,0,0,0.0,0,
TXN03-01605,3,2026-06-12 09:18:52,1448.08,Pharmacy,30028,UPI,DEV-03-2,Android,Chennai,9,4,0,4.35,8,723.65,406.73,24,332,1571,0,0,0,0.0,0,
TXN03-01606,3,2026-06-12 09:20:05,197.85,Household,30005,UPI,DEV-03-1,Android,Chennai,9,4,0,1.22,9,725.43,407.81,72,565,1572,0,0,0,0.0,0,
TXN03-01607,3,2026-06-12 09:36:41,672.35,Pharmacy,30008,UPI,DEV-03-1,Android,Chennai,9,4,0,16.6,10,724.13,408.15,245,566,1573,0,0,0,0.0,0,
TXN03-01608,3,2026-06-12 09:58:55,1335.35,Grocery,30047,UPI,DEV-03-4,Web,Chennai,9,4,0,22.23,11,724.65,407.95,3,155,1574,0,0,0,0.0,0,
TXN03-01609,3,2026-06-12 10:03:32,753.43,Grocery,30002,UPI,DEV-03-9,Web,Chennai,10,4,0,4.62,12,726.14,408.57,101,17,1575,0,0,0,0.0,0,
TXN03-01610,3,2026-06-12 11:10:50,778.15,Pharmacy,30008,Card,DEV-03-1,Android,Chennai,11,4,0,67.3,13,728.03,409.04,246,567,1576,0,0,0,0.0,0,
TXN03-01611,3,2026-06-12 11:18:19,533.09,Pharmacy,30032,UPI,DEV-03-24,Web,Chennai,11,4,0,7.48,14,728.15,408.55,18,1,1577,1,0,0,0.0,0,
TXN03-01612,3,2026-06-12 11:25:26,1084.64,Household,30050,Card,DEV-03-1,Android,Chennai,11,4,0,7.12,15,727.67,408.16,4,568,1578,0,0,0,0.0,0,
TXN03-01613,3,2026-06-12 12:04:47,579.13,Grocery,30030,Card,DEV-03-2,Android,Chennai,12,4,0,39.35,16,726.9,407.18,4,333,1579,0,0,0,0.0,0,
TXN03-01614,3,2026-06-12 12:06:53,291.87,Grocery,30053,UPI,DEV-03-10,Android,Chennai,12,4,0,2.1,17,726.53,406.74,2,18,1580,0,0,0,0.0,0,
TXN03-01615,3,2026-06-12 12:14:39,882.01,Household,30009,Card,DEV-03-7,iPhone,Chennai,12,4,0,7.77,18,726.77,406.47,57,43,1581,0,0,0,0.0,0,
TXN03-01616,3,2026-06-12 12:19:03,817.04,Household,30004,Card,DEV-03-2,Android,Chennai,12,4,0,4.4,19,726.49,406.33,147,334,1582,0,0,0,0.0,0,
TXN03-01617,3,2026-06-12 12:48:44,729.14,Pharmacy,30008,UPI,DEV-03-1,Android,Chennai,12,4,0,29.68,20,725.34,405.71,247,569,1583,0,0,0,0.0,0,
TXN03-01618,3,2026-06-12 13:08:43,340.0,Pharmacy,30008,UPI,DEV-03-3,Android,Chennai,13,4,0,19.98,21,726.11,405.42,248,250,1584,0,0,0,0.0,0,
TXN03-01619,3,2026-06-12 13:13:02,1096.02,Grocery,30022,Card,DEV-03-2,Android,Indore,13,4,0,4.32,22,725.16,405.37,18,335,2,0,0,0,1168.6,0,
TXN03-01620,3,2026-06-12 13:43:29,374.69,Pharmacy,30008,Card,DEV-03-2,Android,Chennai,13,4,0,30.45,23,724.3,404.93,249,336,1585,0,0,0,1168.6,0,
TXN03-01621,3,2026-06-12 13:51:17,512.96,Grocery,30001,UPI,DEV-03-2,Android,Chennai,13,4,0,7.8,24,723.43,404.81,224,337,1586,0,0,0,0.0,0,
TXN03-01622,3,2026-06-12 14:15:07,569.31,Pharmacy,30023,Card,DEV-03-2,Android,Chennai,14,4,0,23.83,25,723.48,404.78,53,338,1587,0,0,0,0.0,0,
TXN03-01623,3,2026-06-12 14:27:37,795.33,Household,30004,UPI,DEV-03-2,Android,Chennai,14,4,0,12.5,26,723.41,404.81,148,339,1588,0,0,0,0.0,0,
TXN03-01624,3,2026-06-12 14:29:54,279.76,Household,30016,UPI,DEV-03-9,Web,Chennai,14,4,0,2.28,27,723.59,404.32,22,18,1589,0,0,0,0.0,0,
TXN03-01625,3,2026-06-12 14:58:02,991.16,Grocery,30001,UPI,DEV-03-4,Web,Chennai,14,4,0,28.13,28,722.5,404.42,225,156,1590,0,0,0,0.0,0,
TXN03-01626,3,2026-06-12 15:12:27,307.94,Household,30024,UPI,DEV-03-1,Android,Chennai,15,4,0,14.42,29,723.16,404.15,14,570,1591,0,0,0,0.0,0,
TXN03-01627,3,2026-06-12 15:19:02,404.64,Pharmacy,30031,Card,DEV-03-1,Android,Chennai,15,4,0,6.58,30,722.14,404.17,16,571,1592,0,0,0,0.0,0,
TXN03-01628,3,2026-06-12 15:43:37,379.9,Grocery,30007,Card,DEV-03-7,iPhone,Chennai,15,4,0,24.58,31,721.37,403.98,33,44,1593,0,0,0,0.0,0,
TXN03-01629,3,2026-06-12 16:47:46,882.59,Pharmacy,30008,UPI,DEV-03-3,Android,Chennai,16,4,0,64.15,32,721.97,404.01,250,251,1594,0,0,0,0.0,0,
TXN03-01630,3,2026-06-12 17:16:25,179.73,Grocery,30001,UPI,DEV-03-11,Web,Chennai,17,4,0,28.65,33,723.4,403.55,226,13,1595,0,0,0,0.0,0,
TXN03-01631,3,2026-06-12 17:48:36,987.7,Grocery,30057,Card,DEV-03-4,Web,Chennai,17,4,0,32.18,34,723.48,404.3,1,157,1596,0,0,1,0.0,0,
TXN03-01632,3,2026-06-12 18:00:55,1279.08,Pharmacy,30058,UPI,DEV-03-1,Android,Chennai,18,4,0,12.32,35,724.3,404.49,1,572,1597,0,0,1,0.0,0,
TXN03-01633,3,2026-06-12 18:42:16,889.83,Grocery,30014,UPI,DEV-03-1,Android,Chennai,18,4,0,41.35,36,725.85,405.19,30,573,1598,0,0,0,0.0,0,
TXN03-01634,3,2026-06-12 18:53:02,956.53,Pharmacy,30008,Card,DEV-03-2,Android,Chennai,18,4,0,10.77,37,726.25,404.77,251,340,1599,0,0,0,0.0,0,
TXN03-01635,3,2026-06-12 19:11:24,1500.0,Household,30005,UPI,DEV-03-1,Android,Chennai,19,4,0,18.37,38,726.82,404.43,73,574,1600,0,0,0,0.0,0,
TXN03-01636,3,2026-06-12 19:13:37,336.16,Household,30013,UPI,DEV-03-25,Android,Chennai,19,4,0,2.22,39,728.71,405.74,23,1,1601,1,0,0,0.0,0,
TXN03-01637,3,2026-06-12 19:31:13,212.95,Pharmacy,30023,Card,DEV-03-1,Android,Chennai,19,4,0,17.6,40,727.46,406.65,54,575,1602,0,0,0,0.0,0,
TXN03-01638,3,2026-06-13 08:00:25,429.08,Grocery,30019,UPI,DEV-03-26,Android,Chennai,8,5,1,749.2,1,724.88,407.85,36,1,1603,1,0,0,0.0,0,
TXN03-01639,3,2026-06-13 08:12:20,596.55,Household,30011,Card,DEV-03-1,Android,Chennai,8,5,1,11.92,2,724.15,407.61,30,576,1604,0,0,0,0.0,0,
TXN03-01640,3,2026-06-13 08:30:42,348.92,Pharmacy,30044,UPI,DEV-03-2,Android,Chennai,8,5,1,18.37,3,720.72,405.94,7,341,1605,0,0,0,0.0,0,
TXN03-01641,3,2026-06-13 08:33:25,576.79,Household,30045,Card,DEV-03-5,iPhone,Chennai,8,5,1,2.72,4,720.15,406.3,6,102,1606,0,0,0,0.0,0,
TXN03-01642,3,2026-06-13 09:58:30,1454.99,Grocery,30003,UPI,DEV-03-3,Android,Chennai,9,5,1,85.08,5,718.88,404.84,65,252,1607,0,0,0,0.0,0,
TXN03-01643,3,2026-06-13 09:59:01,206.19,Pharmacy,30008,Card,DEV-03-4,Web,Chennai,9,5,1,0.52,6,720.72,406.0,252,158,1608,0,0,0,0.0,0,
TXN03-01644,3,2026-06-13 10:00:27,820.73,Household,30056,UPI,DEV-03-2,Android,Chennai,10,5,1,1.43,7,720.26,406.49,2,342,1609,0,0,0,0.0,0,
TXN03-01645,3,2026-06-13 10:04:35,731.71,Grocery,30001,Card,DEV-03-1,Android,Chennai,10,5,1,4.13,8,720.51,406.01,227,577,1610,0,0,0,0.0,0,
TXN03-01646,3,2026-06-13 10:36:56,313.19,Pharmacy,30025,UPI,DEV-03-1,Android,Chennai,10,5,1,32.35,9,724.51,405.16,41,578,1611,0,0,0,0.0,0,
TXN03-01647,3,2026-06-13 10:53:49,1500.0,Pharmacy,30028,UPI,DEV-03-5,iPhone,Chennai,10,5,1,16.88,10,723.48,405.17,25,103,1612,0,0,0,0.0,0,
TXN03-01648,3,2026-06-13 10:54:17,398.67,Pharmacy,30025,UPI,DEV-03-2,Android,Chennai,10,5,1,0.47,11,725.42,406.52,42,343,1613,0,0,0,0.0,0,
TXN03-01649,3,2026-06-13 11:09:05,303.61,Pharmacy,30008,Card,DEV-03-3,Android,Chennai,11,5,1,14.8,12,725.17,406.69,253,253,1614,0,0,0,0.0,0,
TXN03-01650,3,2026-06-13 11:18:33,309.54,Household,30009,Card,DEV-03-4,Web,Chennai,11,5,1,9.47,13,722.51,405.96,58,159,1615,0,0,0,0.0,0,
TXN03-01651,3,2026-06-13 11:34:14,750.92,Grocery,30033,UPI,DEV-03-7,iPhone,Chennai,11,5,1,15.68,14,721.48,405.98,7,45,1616,0,0,0,0.0,0,
TXN03-01652,3,2026-06-13 11:48:23,832.64,Household,30005,UPI,DEV-03-1,Android,Chennai,11,5,1,14.15,15,722.39,405.64,74,579,1617,0,0,0,0.0,0,
TXN03-01653,3,2026-06-13 12:05:49,266.52,Grocery,30007,Card,DEV-03-4,Web,Chennai,12,5,1,17.43,16,723.9,405.77,34,160,1618,0,0,0,0.0,0,
TXN03-01654,3,2026-06-13 12:13:19,998.35,Pharmacy,30008,UPI,DEV-03-1,Android,Chennai,12,5,1,7.5,17,723.39,406.22,254,580,1619,0,0,0,0.0,0,
TXN03-01655,3,2026-06-13 12:59:09,534.7,Grocery,30014,UPI,DEV-03-3,Android,Chennai,12,5,1,45.83,18,724.38,406.46,31,254,1620,0,0,0,0.0,0,
TXN03-01656,3,2026-06-13 12:59:12,1084.91,Grocery,30027,UPI,DEV-03-1,Android,Chennai,12,5,1,0.05,19,723.9,406.06,6,581,1621,0,0,0,0.0,0,
TXN03-01657,3,2026-06-13 13:14:29,1003.13,Pharmacy,30028,UPI,DEV-03-1,Android,Chennai,13,5,1,15.28,20,725.79,406.0,26,582,1622,0,0,0,0.0,0,
TXN03-01658,3,2026-06-13 13:16:19,1420.67,Grocery,30002,Card,DEV-03-3,Android,Chennai,13,5,1,1.83,21,726.49,405.72,102,255,1623,0,0,0,0.0,0,
TXN03-01659,3,2026-06-13 14:16:37,506.64,Household,30004,UPI,DEV-03-3,Android,Chennai,14,5,1,60.3,22,727.67,408.55,149,256,1624,0,0,0,0.0,0,
TXN03-01660,3,2026-06-13 14:20:58,1105.86,Grocery,30001,UPI,DEV-03-2,Android,Chennai,14,5,1,4.35,23,727.11,408.18,228,344,1625,0,0,0,0.0,0,
TXN03-01661,3,2026-06-13 14:45:38,357.0,Grocery,30001,UPI,DEV-03-6,Web,Chennai,14,5,1,24.67,24,732.49,408.86,229,67,1626,0,0,0,0.0,0,
TXN03-01662,3,2026-06-13 15:43:37,1027.49,Grocery,30002,Card,DEV-03-11,Web,Chennai,15,5,1,57.98,25,726.39,404.92,103,14,1627,0,0,0,0.0,0,
TXN03-01663,3,2026-06-13 15:51:42,787.21,Household,30005,Card,DEV-03-2,Android,Chennai,15,5,1,8.08,26,727.17,404.68,75,345,1628,0,0,0,0.0,0,
TXN03-01664,3,2026-06-13 16:13:29,972.31,Household,30005,Card,DEV-03-6,Web,Chennai,16,5,1,21.78,27,729.93,403.6,76,68,1629,0,0,0,0.0,0,
TXN03-01665,3,2026-06-13 16:37:39,188.33,Grocery,30002,UPI,DEV-03-5,iPhone,Chennai,16,5,1,24.17,28,728.55,401.86,104,104,1630,0,0,0,0.0,0,
TXN03-01666,3,2026-06-13 17:11:10,584.71,Household,30039,UPI,DEV-03-2,Android,Chennai,17,5,1,33.52,29,727.8,403.13,8,346,1631,0,0,0,0.0,0,
TXN03-01667,3,2026-06-13 17:14:18,1500.0,Pharmacy,30025,UPI,DEV-03-4,Web,Chennai,17,5,1,3.13,30,728.81,402.29,43,161,1632,0,0,0,0.0,0,
TXN03-01668,3,2026-06-13 17:20:34,895.86,Pharmacy,30023,Card,DEV-03-2,Android,Chennai,17,5,1,6.27,31,731.84,403.74,55,347,1633,0,0,0,0.0,0,
TXN03-01669,3,2026-06-13 17:22:57,735.59,Grocery,30001,Card,DEV-03-3,Android,Chennai,17,5,1,2.38,32,732.27,403.29,230,257,1634,0,0,0,0.0,0,
TXN03-01670,3,2026-06-13 17:35:56,634.12,Pharmacy,30008,Card,DEV-03-1,Android,Chennai,17,5,1,12.98,33,732.32,403.29,255,583,1635,0,0,0,0.0,0,
TXN03-01671,3,2026-06-13 17:45:35,600.71,Household,30011,Card,DEV-03-3,Android,Chennai,17,5,1,9.65,34,732.04,403.32,31,258,1636,0,0,0,0.0,0,
TXN03-01672,3,2026-06-13 17:45:56,731.6,Grocery,30003,Card,DEV-03-4,Web,Chennai,17,5,1,0.35,35,731.7,402.85,66,162,1637,0,0,0,0.0,0,
TXN03-01673,3,2026-06-13 17:46:28,181.94,Household,30004,Card,DEV-03-2,Android,Chennai,17,5,1,0.53,36,731.7,402.33,150,348,1638,0,0,0,0.0,0,
TXN03-01674,3,2026-06-13 17:49:40,490.94,Grocery,30007,Card,DEV-03-2,Android,Chennai,17,5,1,3.2,37,730.27,402.78,35,349,1639,0,0,0,0.0,0,
TXN03-01675,3,2026-06-13 18:04:09,543.42,Household,30021,Card,DEV-03-1,Android,Chennai,18,5,1,14.48,38,729.65,402.44,18,584,1640,0,0,0,0.0,0,
TXN03-01676,3,2026-06-13 18:20:40,412.3,Grocery,30001,UPI,DEV-03-1,Android,Chennai,18,5,1,16.52,39,729.17,402.03,231,585,1641,0,0,0,0.0,0,
TXN03-01677,3,2026-06-13 18:33:08,879.59,Household,30011,UPI,DEV-03-1,Android,Chennai,18,5,1,12.47,40,727.89,402.25,32,586,1642,0,0,0,0.0,0,
TXN03-01678,3,2026-06-13 18:40:58,1500.0,Pharmacy,30008,Card,DEV-03-1,Android,Chennai,18,5,1,7.83,41,728.49,402.39,256,587,1643,0,0,0,0.0,0,
TXN03-01679,3,2026-06-13 18:49:12,337.26,Grocery,30001,UPI,DEV-03-2,Android,Chennai,18,5,1,8.23,42,729.05,403.32,232,350,1644,0,0,0,0.0,0,
TXN03-01680,3,2026-06-13 19:10:38,1241.14,Grocery,30003,UPI,DEV-03-1,Android,Chennai,19,5,1,21.43,43,726.51,403.25,67,588,1645,0,0,0,0.0,0,
TXN03-01681,3,2026-06-14 08:01:47,348.48,Pharmacy,30028,UPI,DEV-03-2,Android,Chennai,8,6,1,771.15,1,730.75,402.64,27,351,1646,0,0,0,0.0,0,
TXN03-01682,3,2026-06-14 08:04:27,1090.97,Household,30004,Card,DEV-03-2,Android,Chennai,8,6,1,2.67,2,729.74,402.58,151,352,1647,0,0,0,0.0,0,
TXN03-01683,3,2026-06-14 08:10:14,1321.97,Pharmacy,30049,UPI,DEV-03-2,Android,Chennai,8,6,1,5.78,3,732.01,403.11,3,353,1648,0,0,0,0.0,0,
TXN03-01684,3,2026-06-14 08:31:27,972.21,Grocery,30037,UPI,DEV-03-5,iPhone,Chennai,8,6,1,21.22,4,735.1,403.83,9,105,1649,0,0,0,0.0,0,
TXN03-01685,3,2026-06-14 08:32:38,847.37,Household,30009,UPI,DEV-03-1,Android,Chennai,8,6,1,1.18,5,735.73,403.47,59,589,1650,0,0,0,0.0,0,
TXN03-01686,3,2026-06-14 08:34:11,1108.94,Household,30029,Card,DEV-03-3,Android,Chennai,8,6,1,1.55,6,736.03,402.97,8,259,1651,0,0,0,0.0,0,
TXN03-01687,3,2026-06-14 08:41:10,796.37,Grocery,30002,UPI,DEV-03-4,Web,Chennai,8,6,1,6.98,7,738.4,402.55,105,163,1652,0,0,0,0.0,0,
TXN03-01688,3,2026-06-14 08:47:07,189.61,Pharmacy,30023,Card,DEV-03-3,Android,Chennai,8,6,1,5.95,8,739.48,402.16,56,260,1653,0,0,0,0.0,0,
TXN03-01689,3,2026-06-14 08:53:13,215.86,Grocery,30059,Card,DEV-03-2,Android,Chennai,8,6,1,6.1,9,737.82,403.13,1,354,1654,0,0,1,0.0,0,
TXN03-01690,3,2026-06-14 09:38:29,416.49,Household,30005,Card,DEV-03-3,Android,Chennai,9,6,1,45.27,10,739.83,404.1,77,261,1655,0,0,0,0.0,0,
TXN03-01691,3,2026-06-14 09:42:02,1500.0,Household,30004,UPI,DEV-03-7,iPhone,Chennai,9,6,1,3.55,11,738.96,403.9,152,46,1656,0,0,0,0.0,0,
TXN03-01692,3,2026-06-14 09:47:19,598.5,Grocery,30042,Card,DEV-03-2,Android,Chennai,9,6,1,5.28,12,741.0,405.27,4,355,1657,0,0,0,0.0,0,
TXN03-01693,3,2026-06-14 09:48:31,512.63,Household,30005,Card,DEV-03-2,Android,Chennai,9,6,1,1.2,13,740.62,404.8,78,356,1658,0,0,0,0.0,0,
TXN03-01694,3,2026-06-14 09:51:18,651.03,Household,30005,UPI,DEV-03-7,iPhone,Chennai,9,6,1,2.78,14,740.01,404.43,79,47,1659,0,0,0,0.0,0,
TXN03-01695,3,2026-06-14 09:59:12,1331.34,Grocery,30006,Card,DEV-03-3,Android,Chennai,9,6,1,7.9,15,739.77,403.92,50,262,1660,0,0,0,0.0,0,
TXN03-01696,3,2026-06-14 10:09:05,1035.12,Grocery,30006,Card,DEV-03-5,iPhone,Chennai,10,6,1,9.88,16,738.65,403.49,51,106,1661,0,0,0,0.0,0,
TXN03-01697,3,2026-06-14 10:13:55,811.46,Household,30004,UPI,DEV-03-6,Web,Chennai,10,6,1,4.83,17,739.44,403.25,153,69,1662,0,0,0,0.0,0,
TXN03-01698,3,2026-06-14 10:24:53,775.42,Grocery,30014,UPI,DEV-03-2,Android,Chennai,10,6,1,10.97,18,737.61,401.35,32,357,1663,0,0,0,0.0,0,
TXN03-01699,3,2026-06-14 10:36:53,1318.79,Household,30005,Card,DEV-03-1,Android,Chennai,10,6,1,12.0,19,737.71,400.83,80,590,1664,0,0,0,0.0,0,
TXN03-01700,3,2026-06-14 10:42:02,1226.12,Household,30012,Card,DEV-03-4,Web,Chennai,10,6,1,5.15,20,739.24,401.4,38,164,1665,0,0,0,0.0,0,
TXN03-01701,3,2026-06-14 10:53:23,881.15,Grocery,30177,UPI,DEV-UNK-3192,iPhone,Chennai,10,6,1,11.35,21,741.31,401.89,1,1,1666,1,0,1,0.0,1,ato_new_merchant_same_category_new_device
TXN03-01702,3,2026-06-14 11:00:08,415.68,Household,30004,Card,DEV-03-3,Android,Chennai,11,6,1,6.75,22,742.3,401.77,154,263,1667,0,0,0,0.0,0,
TXN03-01703,3,2026-06-14 11:01:46,662.33,Grocery,30059,UPI,DEV-03-4,Web,Chennai,11,6,1,1.63,23,741.44,401.59,2,165,1668,0,0,0,0.0,0,
TXN03-01704,3,2026-06-14 11:06:15,508.93,Pharmacy,30008,UPI,DEV-03-1,Android,Chennai,11,6,1,4.48,24,741.24,401.08,257,591,1669,0,0,0,0.0,0,
TXN03-01705,3,2026-06-14 11:10:38,951.81,Pharmacy,30044,UPI,DEV-03-2,Android,Chennai,11,6,1,4.38,25,740.63,400.73,8,358,1670,0,0,0,0.0,0,
TXN03-01706,3,2026-06-14 11:15:25,1173.44,Grocery,30019,Card,DEV-03-10,Android,Chennai,11,6,1,4.78,26,741.18,400.35,37,19,1671,0,0,0,0.0,0,
TXN03-01707,3,2026-06-14 11:20:21,446.1,Household,30060,UPI,DEV-03-5,iPhone,Chennai,11,6,1,4.93,27,742.3,400.44,1,107,1672,0,0,1,0.0,0,
TXN03-01708,3,2026-06-14 11:41:50,891.22,Household,30009,UPI,DEV-03-1,Android,Chennai,11,6,1,21.48,28,739.56,398.85,60,592,1673,0,0,0,0.0,0,
TXN03-01709,3,2026-06-14 11:54:29,326.03,Pharmacy,30008,Card,DEV-03-1,Android,Chennai,11,6,1,12.65,29,739.95,398.4,258,593,1674,0,0,0,0.0,0,
TXN03-01710,3,2026-06-14 11:58:13,1090.22,Grocery,30010,UPI,DEV-03-1,Android,Chennai,11,6,1,3.73,30,738.88,398.44,44,594,1675,0,0,0,0.0,0,
TXN03-01711,3,2026-06-14 12:11:36,864.0,Pharmacy,30032,Card,DEV-03-3,Android,Chennai,12,6,1,13.38,31,738.56,397.21,19,264,1676,0,0,0,0.0,0,
TXN03-01712,3,2026-06-14 12:19:22,250.33,Pharmacy,30031,UPI,DEV-03-1,Android,Chennai,12,6,1,7.77,32,739.02,397.25,17,595,1677,0,0,0,0.0,0,
TXN03-01713,3,2026-06-14 12:30:04,484.04,Grocery,30002,UPI,DEV-03-1,Android,Chennai,12,6,1,10.7,33,737.4,397.97,106,596,1678,0,0,0,0.0,0,
TXN03-01714,3,2026-06-14 12:33:40,1465.28,Grocery,30014,UPI,DEV-03-3,Android,Chennai,12,6,1,3.6,34,736.74,397.66,33,265,1679,0,0,0,0.0,0,
TXN03-01715,3,2026-06-14 12:40:38,1281.4,Pharmacy,30008,UPI,DEV-03-4,Web,Chennai,12,6,1,6.97,35,738.43,399.36,259,166,1680,0,0,0,0.0,0,
TXN03-01716,3,2026-06-14 13:22:14,648.22,Grocery,30026,UPI,DEV-03-5,iPhone,Chennai,13,6,1,41.6,36,740.94,399.72,11,108,1681,0,0,0,0.0,0,
TXN03-01717,3,2026-06-14 13:26:37,703.85,Pharmacy,30025,Card,DEV-03-3,Android,Chennai,13,6,1,4.38,37,741.53,399.41,44,266,1682,0,0,0,0.0,0,
TXN03-01718,3,2026-06-14 13:37:22,681.57,Grocery,30001,UPI,DEV-03-1,Android,Chennai,13,6,1,10.75,38,742.39,398.98,233,597,1683,0,0,0,0.0,0,
TXN03-01719,3,2026-06-14 13:44:15,1333.8,Pharmacy,30008,Card,DEV-03-3,Android,Chennai,13,6,1,6.88,39,742.23,398.48,260,267,1684,0,0,0,0.0,0,
TXN03-01720,3,2026-06-14 13:48:50,811.55,Household,30013,Card,DEV-03-5,iPhone,Chennai,13,6,1,4.58,40,743.75,399.09,24,109,1685,0,0,0,0.0,0,
TXN03-01721,3,2026-06-14 13:51:50,1019.19,Household,30013,UPI,DEV-03-2,Android,Chennai,13,6,1,3.0,41,743.93,398.59,25,359,1686,0,0,0,0.0,1,ato_short_gap
TXN03-01722,3,2026-06-14 14:14:38,1500.0,Household,30039,UPI,DEV-03-1,Android,Chennai,14,6,1,22.8,42,744.63,398.32,9,598,1687,0,0,0,0.0,0,
TXN03-01723,3,2026-06-14 14:15:18,632.22,Grocery,30001,Card,DEV-03-8,Web,Chennai,14,6,1,0.67,43,746.56,399.64,234,21,1688,0,0,0,0.0,0,
TXN03-01724,3,2026-06-14 14:16:50,799.06,Pharmacy,30032,Card,DEV-03-2,Android,Chennai,14,6,1,1.53,44,746.27,399.17,20,360,1689,0,0,0,0.0,0,
TXN03-01725,3,2026-06-14 14:33:11,337.42,Household,30050,Card,DEV-03-2,Android,Chennai,14,6,1,16.35,45,747.11,399.57,5,361,1690,0,0,0,0.0,0,
TXN03-01726,3,2026-06-14 14:38:03,525.07,Household,30016,UPI,DEV-03-1,Android,Chennai,14,6,1,4.87,46,746.06,399.59,23,599,1691,0,0,0,0.0,0,
TXN03-01727,3,2026-06-14 14:38:18,1500.0,Grocery,30010,UPI,DEV-03-1,Android,Chennai,14,6,1,0.25,47,745.5,399.24,45,600,1692,0,0,0,0.0,0,
TXN03-01728,3,2026-06-14 14:43:20,184.9,Grocery,30018,Card,DEV-03-1,Android,Chennai,14,6,1,5.03,48,747.46,401.04,20,601,1693,0,0,0,0.0,0,
TXN03-01729,3,2026-06-14 14:44:38,677.81,Grocery,30001,Card,DEV-03-1,Android,Chennai,14,6,1,1.3,49,747.44,401.08,235,602,1694,0,0,0,0.0,0,
TXN03-01730,3,2026-06-14 15:02:00,686.54,Grocery,30010,Card,DEV-03-4,Web,Chennai,15,6,1,17.37,50,748.34,400.54,46,167,1695,0,0,0,0.0,0,
TXN03-01731,3,2026-06-14 15:17:49,214.9,Grocery,30003,UPI,DEV-03-3,Android,Chennai,15,6,1,15.82,51,749.13,400.11,68,268,1696,0,0,0,0.0,0,
TXN03-01732,3,2026-06-14 15:23:12,249.68,Household,30009,Card,DEV-03-14,Android,Chennai,15,6,1,5.38,52,748.86,400.44,61,5,1697,0,0,0,0.0,0,
TXN03-01733,3,2026-06-14 15:23:57,392.09,Grocery,30027,Card,DEV-03-7,iPhone,Chennai,15,6,1,0.75,53,747.59,400.72,7,48,1698,0,0,0,0.0,0,
TXN03-01734,3,2026-06-14 15:41:14,937.15,Grocery,30014,UPI,DEV-03-2,Android,Chennai,15,6,1,17.28,54,746.69,400.61,34,362,1699,0,0,0,0.0,0,
TXN03-01735,3,2026-06-14 15:48:10,285.64,Grocery,30003,Card,DEV-03-1,Android,Chennai,15,6,1,6.93,55,747.17,400.22,69,603,1700,0,0,0,0.0,0,
TXN03-01736,3,2026-06-14 16:10:57,1120.37,Household,30004,Card,DEV-03-3,Android,Chennai,16,6,1,22.78,56,747.71,400.67,155,269,1701,0,0,0,0.0,0,
TXN03-01737,3,2026-06-14 16:28:20,541.61,Pharmacy,30046,Card,DEV-03-5,iPhone,Chennai,16,6,1,17.38,57,749.57,400.69,5,110,1702,0,0,0,0.0,0,
TXN03-01738,3,2026-06-14 16:43:40,777.97,Household,30004,UPI,DEV-03-5,iPhone,Chennai,16,6,1,15.33,58,750.28,400.07,156,111,1703,0,0,0,0.0,0,
TXN03-01739,3,2026-06-14 16:44:06,575.26,Grocery,30002,Card,DEV-03-1,Android,Chennai,16,6,1,0.43,59,751.63,399.27,107,604,1704,0,0,0,0.0,0,
TXN03-01740,3,2026-06-14 16:50:20,528.14,Pharmacy,30008,Card,DEV-03-5,iPhone,Chennai,16,6,1,6.23,60,750.88,399.32,261,112,1705,0,0,0,0.0,0,
TXN03-01741,3,2026-06-14 16:58:06,510.7,Grocery,30001,UPI,DEV-03-3,Android,Chennai,16,6,1,7.77,61,750.32,398.97,236,270,1706,0,0,0,0.0,0,
TXN03-01742,3,2026-06-14 17:23:37,943.99,Pharmacy,30032,Card,DEV-03-2,Android,Chennai,17,6,1,25.52,62,749.68,400.09,21,363,1707,0,0,0,0.0,0,
TXN03-01743,3,2026-06-14 17:25:11,476.88,Grocery,30015,UPI,DEV-03-1,Android,Chennai,17,6,1,1.57,63,750.18,399.7,23,605,1708,0,0,0,0.0,0,
TXN03-01744,3,2026-06-14 17:28:15,391.44,Pharmacy,30008,Card,DEV-03-2,Android,Chennai,17,6,1,3.07,64,749.64,399.93,262,364,1709,0,0,0,0.0,0,
TXN03-01745,3,2026-06-14 17:49:10,936.13,Grocery,30001,Card,DEV-03-3,Android,Chennai,17,6,1,20.92,65,748.73,399.83,237,271,1710,0,0,0,0.0,0,
TXN03-01746,3,2026-06-14 17:52:17,692.14,Grocery,30007,UPI,DEV-03-1,Android,Chennai,17,6,1,3.12,66,749.2,399.43,36,606,1711,0,0,0,0.0,0,
TXN03-01747,3,2026-06-14 18:00:33,1051.58,Pharmacy,30008,UPI,DEV-03-1,Android,Chennai,18,6,1,8.27,67,749.06,398.94,263,607,1712,0,0,0,0.0,0,
TXN03-01748,3,2026-06-14 18:06:10,892.19,Household,30061,UPI,DEV-03-1,Android,Chennai,18,6,1,5.62,68,749.82,398.73,1,608,1713,0,0,1,0.0,0,
TXN03-01749,3,2026-06-14 18:08:54,353.14,Grocery,30027,UPI,DEV-03-3,Android,Chennai,18,6,1,2.73,69,750.18,398.29,8,272,1714,0,0,0,0.0,0,
TXN03-01750,3,2026-06-14 18:15:55,1463.36,Grocery,30041,UPI,DEV-03-1,Android,Chennai,18,6,1,7.02,70,749.19,398.29,3,609,1715,0,0,0,0.0,0,
TXN03-01751,3,2026-06-14 18:17:15,217.99,Grocery,30034,Card,DEV-03-2,Android,Chennai,18,6,1,1.33,71,750.97,399.38,8,365,1716,0,0,0,0.0,0,
TXN03-01752,3,2026-06-14 18:22:24,1500.0,Grocery,30018,UPI,DEV-03-3,Android,Chennai,18,6,1,5.15,72,749.64,399.77,21,273,1717,0,0,0,0.0,0,
TXN03-01753,3,2026-06-14 18:29:57,1500.0,Grocery,30002,UPI,DEV-03-2,Android,Chennai,18,6,1,7.55,73,751.5,401.01,108,366,1718,0,0,0,0.0,0,
TXN03-01754,3,2026-06-14 18:31:49,639.42,Household,30045,UPI,DEV-03-4,Web,Chennai,18,6,1,1.87,74,753.36,402.24,7,168,1719,0,0,0,0.0,0,
TXN03-01755,3,2026-06-14 18:40:47,1500.0,Household,30039,Card,DEV-03-3,Android,Chennai,18,6,1,8.97,75,752.12,400.65,10,274,1720,0,0,0,0.0,0,
TXN03-01756,3,2026-06-14 18:58:32,800.55,Household,30016,Card,DEV-03-2,Android,Chennai,18,6,1,17.75,76,755.0,401.84,24,367,1721,0,0,0,0.0,0,
TXN03-01757,3,2026-06-14 19:02:06,559.41,Grocery,30001,UPI,DEV-03-3,Android,Chennai,19,6,1,3.57,77,755.11,401.35,238,275,1722,0,0,0,0.0,0,
TXN03-01758,3,2026-06-14 19:02:45,294.21,Grocery,30041,Card,DEV-03-12,Android,Chennai,19,6,1,0.65,78,754.63,400.97,4,6,1723,0,0,0,0.0,0,
TXN03-01759,3,2026-06-14 19:16:58,960.03,Household,30005,UPI,DEV-03-2,Android,Chennai,19,6,1,14.22,79,753.49,401.13,81,368,1724,0,0,0,0.0,0,
TXN03-01760,3,2026-06-14 19:21:24,1386.88,Grocery,30020,UPI,DEV-03-9,Web,Chennai,19,6,1,4.43,80,754.0,400.77,14,19,1725,0,0,0,0.0,0,
TXN03-01761,3,2026-06-14 19:24:08,1352.76,Pharmacy,30008,UPI,DEV-03-1,Android,Chennai,19,6,1,2.73,81,755.55,401.5,264,610,1726,0,0,0,0.0,0,
TXN03-01762,3,2026-06-14 19:25:02,1143.2,Grocery,30001,UPI,DEV-03-1,Android,Chennai,19,6,1,0.9,82,757.01,402.09,239,611,1727,0,0,0,0.0,0,
TXN03-01763,3,2026-06-14 19:29:59,1028.39,Household,30005,UPI,DEV-03-5,iPhone,Chennai,19,6,1,4.95,83,757.95,402.05,82,113,1728,0,0,0,0.0,0,
TXN03-01764,3,2026-06-14 19:34:20,548.96,Pharmacy,30008,Card,DEV-03-1,Android,Chennai,19,6,1,4.35,84,758.19,402.18,265,612,1729,0,0,0,0.0,0,
TXN03-01765,3,2026-06-14 19:35:42,591.06,Pharmacy,30054,Card,DEV-03-2,Android,Chennai,19,6,1,1.37,85,757.68,401.82,2,369,1730,0,0,0,0.0,0,
TXN03-01766,3,2026-06-14 19:37:54,491.91,Household,30009,UPI,DEV-03-3,Android,Pune,19,6,1,2.2,86,757.28,401.42,62,276,6,0,0,0,914.36,0,
TXN03-01767,3,2026-06-14 19:55:25,537.79,Grocery,30059,Card,DEV-03-1,Android,Chennai,19,6,1,17.52,87,755.48,400.23,3,613,1731,0,0,0,914.36,0,
TXN03-01768,3,2026-06-15 00:07:32,486.74,Fuel,30001,UPI,DEV-03-1,Android,Chennai,0,0,0,252.12,1,754.95,399.88,240,614,1732,0,0,0,0.0,1,midnight_fuel
TXN03-01769,3,2026-06-15 08:08:25,1092.74,Grocery,30014,UPI,DEV-03-9,Web,Chennai,8,0,0,480.88,2,755.58,399.8,35,20,1733,0,0,0,0.0,0,
TXN03-01770,3,2026-06-15 08:27:40,434.58,Pharmacy,30023,Card,DEV-03-1,Android,Chennai,8,0,0,19.25,3,754.23,399.75,57,615,1734,0,0,0,0.0,0,
TXN03-01771,3,2026-06-15 08:33:48,319.63,Household,30029,UPI,DEV-03-1,Android,Chennai,8,0,0,6.13,4,753.45,399.57,9,616,1735,0,0,0,0.0,0,
TXN03-01772,3,2026-06-15 08:35:43,492.11,Grocery,30022,UPI,DEV-03-1,Android,Chennai,8,0,0,1.92,5,752.39,399.66,19,617,1736,0,0,0,0.0,0,
TXN03-01773,3,2026-06-15 08:53:39,589.72,Household,30050,UPI,DEV-03-1,Android,Chennai,8,0,0,17.93,6,751.76,399.38,6,618,1737,0,0,0,0.0,0,
TXN03-01774,3,2026-06-15 08:59:26,553.69,Grocery,30001,Card,DEV-03-1,Android,Chennai,8,0,0,5.78,7,752.47,399.41,241,619,1738,0,0,0,0.0,0,
TXN03-01775,3,2026-06-15 09:09:20,448.22,Grocery,30034,Card,DEV-03-2,Android,Chennai,9,0,0,9.9,8,750.4,396.34,9,370,1739,0,0,0,0.0,0,
TXN03-01776,3,2026-06-15 09:12:15,604.19,Household,30004,Card,DEV-03-6,Web,Chennai,9,0,0,2.92,9,750.97,395.74,157,70,1740,0,0,0,0.0,0,
TXN03-01777,3,2026-06-15 09:14:51,424.72,Household,30004,Card,DEV-03-1,Android,Chennai,9,0,0,2.6,10,751.79,395.08,158,620,1741,0,0,0,0.0,0,
TXN03-01778,3,2026-06-15 09:27:41,506.26,Grocery,30003,Card,DEV-03-7,iPhone,Chennai,9,0,0,12.83,11,750.99,394.93,70,49,1742,0,0,0,0.0,0,
TXN03-01779,3,2026-06-15 09:33:17,213.96,Grocery,30006,Card,DEV-03-1,Android,Chennai,9,0,0,5.6,12,748.56,393.37,52,621,1743,0,0,0,0.0,0,
TXN03-01780,3,2026-06-15 09:39:58,964.32,Pharmacy,30008,UPI,DEV-03-4,Web,Chennai,9,0,0,6.68,13,747.85,394.07,266,169,1744,0,0,0,0.0,0,
TXN03-01781,3,2026-06-15 10:23:23,563.3,Household,30036,Card,DEV-03-4,Web,Chennai,10,0,0,43.42,14,749.16,394.3,6,170,1745,0,0,0,0.0,0,
TXN03-01782,3,2026-06-15 10:30:39,397.71,Household,30004,Card,DEV-03-1,Android,Chennai,10,0,0,7.27,15,748.71,393.92,159,622,1746,0,0,0,0.0,0,
TXN03-01783,3,2026-06-15 10:33:21,275.38,Pharmacy,30025,Card,DEV-03-2,Android,Chennai,10,0,0,2.7,16,747.85,393.82,45,371,1747,0,0,0,0.0,0,
TXN03-01784,3,2026-06-15 10:41:46,177.62,Grocery,30006,UPI,DEV-03-1,Android,Chennai,10,0,0,8.42,17,745.33,393.54,53,623,1748,0,0,0,0.0,0,
TXN03-01785,3,2026-06-15 10:42:31,430.66,Grocery,30018,Card,DEV-03-2,Android,Chennai,10,0,0,0.75,18,743.95,394.05,22,372,1749,0,0,0,0.0,0,
TXN03-01786,3,2026-06-15 10:46:55,419.82,Grocery,30001,Card,DEV-03-1,Android,Chennai,10,0,0,4.4,19,743.19,393.88,242,624,1750,0,0,0,0.0,0,
TXN03-01787,3,2026-06-15 10:47:47,1033.1,Grocery,30062,UPI,DEV-03-3,Android,Chennai,10,0,0,0.87,20,742.41,393.72,1,277,1751,0,0,1,0.0,0,
TXN03-01788,3,2026-06-15 10:53:16,712.51,Pharmacy,30025,Card,DEV-03-1,Android,Chennai,10,0,0,5.48,21,743.11,393.5,46,625,1752,0,0,0,0.0,0,
TXN03-01789,3,2026-06-15 11:10:25,317.4,Grocery,30002,Card,DEV-03-1,Android,Chennai,11,0,0,17.15,22,743.54,393.37,109,626,1753,0,0,0,0.0,0,
TXN03-01790,3,2026-06-15 11:16:40,437.32,Grocery,30014,Card,DEV-03-5,iPhone,Chennai,11,0,0,6.25,23,742.51,393.46,36,114,1754,0,0,0,0.0,0,
TXN03-01791,3,2026-06-15 11:25:39,194.57,Grocery,30001,Card,DEV-03-4,Web,Chennai,11,0,0,8.98,24,741.78,393.27,243,171,1755,0,0,0,0.0,0,
TXN03-01792,3,2026-06-15 11:25:53,518.05,Grocery,30001,UPI,DEV-03-4,Web,Chennai,11,0,0,0.23,25,740.47,393.7,244,172,1756,0,0,0,0.0,0,
TXN03-01793,3,2026-06-15 11:30:20,1204.03,Pharmacy,30008,Card,DEV-03-6,Web,Chennai,11,0,0,4.45,26,739.94,393.38,267,71,1757,0,0,0,0.0,0,
TXN03-01794,3,2026-06-15 11:32:45,298.42,Grocery,30001,Card,DEV-03-1,Android,Chennai,11,0,0,2.42,27,741.04,393.57,245,627,1758,0,0,0,0.0,0,
TXN03-01795,3,2026-06-15 11:36:19,763.77,Grocery,30001,Card,DEV-03-3,Android,Chennai,11,0,0,3.57,28,739.99,393.69,246,278,1759,0,0,0,0.0,0,
TXN03-01796,3,2026-06-15 11:40:36,548.44,Pharmacy,30008,UPI,DEV-03-13,Android,Chennai,11,0,0,4.28,29,740.05,393.22,268,4,1760,0,0,0,0.0,0,
TXN03-01797,3,2026-06-15 11:44:09,605.53,Pharmacy,30008,Card,DEV-03-5,iPhone,Chennai,11,0,0,3.55,30,739.59,392.87,269,115,1761,0,0,0,0.0,0,
TXN03-01798,3,2026-06-15 11:55:14,224.3,Grocery,30001,UPI,DEV-03-2,Android,Chennai,11,0,0,11.08,31,737.62,392.45,247,373,1762,0,0,0,0.0,0,
TXN03-01799,3,2026-06-15 12:13:09,951.13,Grocery,30001,UPI,DEV-03-9,Web,Chennai,12,0,0,17.92,32,735.71,392.51,248,21,1763,0,0,0,0.0,0,
TXN03-01800,3,2026-06-15 12:16:02,603.55,Grocery,30020,UPI,DEV-03-1,Android,Chennai,12,0,0,2.88,33,736.22,392.19,15,628,1764,0,0,0,0.0,0,
TXN03-01801,3,2026-06-15 12:45:12,571.26,Grocery,30001,UPI,DEV-03-8,Web,Chennai,12,0,0,29.17,34,736.53,392.03,249,22,1765,0,0,0,0.0,0,
TXN03-01802,3,2026-06-15 13:03:09,446.77,Grocery,30002,UPI,DEV-03-1,Android,Chennai,13,0,0,17.95,35,738.14,391.32,110,629,1766,0,0,0,0.0,0,
TXN03-01803,3,2026-06-15 13:29:50,140.76,Grocery,30022,UPI,DEV-03-2,Android,Chennai,13,0,0,26.68,36,736.75,391.32,20,374,1767,0,0,0,0.0,0,
TXN03-01804,3,2026-06-15 14:34:06,235.04,Grocery,30018,UPI,DEV-03-2,Android,Chennai,14,0,0,64.27,37,736.59,392.36,23,375,1768,0,0,0,0.0,0,
TXN03-01805,3,2026-06-15 14:47:03,1500.0,Household,30017,UPI,DEV-03-7,iPhone,Chennai,14,0,0,12.95,38,733.52,391.32,21,50,1769,0,0,0,0.0,0,
TXN03-01806,3,2026-06-15 14:54:53,193.6,Grocery,30002,UPI,DEV-03-9,Web,Chennai,14,0,0,7.83,39,735.38,392.66,111,22,1770,0,0,0,0.0,0,
TXN03-01807,3,2026-06-15 15:21:47,381.02,Grocery,30001,UPI,DEV-03-2,Android,Chennai,15,0,0,26.9,40,732.62,392.62,250,376,1771,0,0,0,0.0,0,
TXN03-01808,3,2026-06-15 15:34:56,348.68,Household,30004,UPI,DEV-03-4,Web,Chennai,15,0,0,13.15,41,731.76,392.52,160,173,1772,0,0,0,0.0,0,
TXN03-01809,3,2026-06-15 15:38:42,157.46,Gaming Subscription,30001,UPI,DEV-03-1,Android,Chennai,15,0,0,3.77,42,731.63,392.64,251,630,1773,0,0,0,0.0,1,gaming_subscription
TXN03-01810,3,2026-06-15 16:01:23,830.0,Pharmacy,30028,Card,DEV-03-5,iPhone,Chennai,16,0,0,22.68,43,730.51,394.11,28,116,1774,0,0,0,0.0,0,
TXN03-01811,3,2026-06-15 16:13:51,1500.0,Pharmacy,30025,Card,DEV-03-1,Android,Chennai,16,0,0,12.47,44,730.75,393.66,47,631,1775,0,0,0,0.0,0,
TXN03-01812,3,2026-06-15 16:14:27,451.43,Pharmacy,30025,UPI,DEV-03-1,Android,Chennai,16,0,0,0.6,45,732.62,395.0,48,632,1776,0,0,0,0.0,0,
TXN03-01813,3,2026-06-15 16:29:11,637.57,Grocery,30062,Card,DEV-03-4,Web,Chennai,16,0,0,14.73,46,731.94,394.76,2,174,1777,0,0,0,0.0,0,
TXN03-01814,3,2026-06-15 16:30:00,682.78,Grocery,30001,Card,DEV-03-1,Android,Chennai,16,0,0,0.82,47,731.71,394.31,252,633,1778,0,0,0,0.0,0,
TXN03-01815,3,2026-06-15 16:32:52,188.34,Household,30004,Card,DEV-03-12,Android,Chennai,16,0,0,2.87,48,731.59,393.84,161,7,1779,0,0,0,0.0,0,
TXN03-01816,3,2026-06-15 17:24:59,790.72,Grocery,30002,Card,DEV-03-3,Android,Chennai,17,0,0,52.12,49,730.29,396.55,112,279,1780,0,0,0,0.0,0,
TXN03-01817,3,2026-06-15 17:25:16,594.73,Grocery,30043,UPI,DEV-03-11,Web,Chennai,17,0,0,0.28,50,730.44,396.08,4,15,1781,0,0,0,0.0,0,
TXN03-01818,3,2026-06-15 17:30:34,672.95,Grocery,30001,UPI,DEV-03-4,Web,Chennai,17,0,0,5.3,51,730.25,396.12,253,175,1782,0,0,0,0.0,0,
TXN03-01819,3,2026-06-15 17:31:26,687.11,Pharmacy,30063,UPI,DEV-03-3,Android,Chennai,17,0,0,0.87,52,730.11,395.65,1,280,1783,0,0,1,0.0,0,
TXN03-01820,3,2026-06-15 17:39:00,822.05,Grocery,30002,Card,DEV-03-2,Android,Chennai,17,0,0,7.57,53,726.27,392.28,113,377,1784,0,0,0,0.0,0,
TXN03-01821,3,2026-06-15 17:54:04,1401.83,Household,30009,Card,DEV-03-1,Android,Chennai,17,0,0,15.07,54,724.44,391.69,63,634,1785,0,0,0,0.0,1,ato_higher_amount
TXN03-01822,3,2026-06-15 17:55:38,1323.72,Grocery,30001,Card,DEV-03-1,Android,Chennai,17,0,0,1.57,55,726.12,392.65,254,635,1786,0,0,0,0.0,0,
TXN03-01823,3,2026-06-15 17:56:47,1139.42,Pharmacy,30008,UPI,DEV-03-7,iPhone,Chennai,17,0,0,1.15,56,727.6,393.29,270,51,1787,0,0,0,0.0,0,
TXN03-01824,3,2026-06-15 18:28:57,339.89,Household,30004,UPI,DEV-03-5,iPhone,Chennai,18,0,0,32.17,57,727.0,392.73,162,117,1788,0,0,0,0.0,0,
TXN03-01825,3,2026-06-15 18:43:50,595.07,Grocery,30006,UPI,DEV-03-2,Android,Chennai,18,0,0,14.88,58,726.09,393.67,54,378,1789,0,0,0,0.0,0,
TXN03-01826,3,2026-06-15 18:59:16,628.0,Pharmacy,30008,Card,DEV-03-2,Android,Chennai,18,0,0,15.43,59,725.77,393.24,271,379,1790,0,0,0,0.0,0,
TXN03-01827,3,2026-06-15 18:59:36,406.98,Grocery,30003,UPI,DEV-03-6,Web,Chennai,18,0,0,0.33,60,725.53,392.79,71,72,1791,0,0,0,0.0,0,
TXN03-01828,3,2026-06-15 19:05:15,691.69,Household,30009,UPI,DEV-03-10,Android,Chennai,19,0,0,5.65,61,723.16,391.74,64,20,1792,0,0,0,0.0,0,
TXN03-01829,3,2026-06-15 19:24:44,178.0,Household,30012,UPI,DEV-03-1,Android,Chennai,19,0,0,19.48,62,723.08,391.26,39,636,1793,0,0,0,0.0,0,
TXN03-01830,3,2026-06-15 19:51:21,736.76,Household,30004,Card,DEV-03-3,Android,Chennai,19,0,0,26.62,63,720.55,392.29,163,281,1794,0,0,0,0.0,0,
TXN03-01831,3,2026-06-15 19:56:16,481.06,Household,30064,UPI,DEV-03-1,Android,Chennai,19,0,0,4.92,64,720.59,391.81,1,637,1795,0,0,1,0.0,0,
TXN03-01832,3,2026-06-16 00:43:22,1385.69,Fuel,30001,UPI,DEV-03-1,Android,Chennai,0,1,0,287.1,1,716.84,381.09,255,638,1796,0,0,0,0.0,1,midnight_fuel
TXN03-01833,3,2026-06-16 08:11:33,384.3,Grocery,30002,Card,DEV-03-2,Android,Chennai,8,1,0,448.18,2,718.6,381.44,114,380,1797,0,0,0,0.0,0,
TXN03-01834,3,2026-06-16 08:43:20,136.21,Grocery,30003,Card,DEV-03-14,Android,Chennai,8,1,0,31.78,3,717.38,381.76,72,6,1798,0,0,0,0.0,0,
TXN03-01835,3,2026-06-16 09:31:40,217.83,Grocery,30053,Card,DEV-03-7,iPhone,Chennai,9,1,0,48.33,4,716.87,383.1,3,52,1799,0,0,0,0.0,0,
TXN03-01836,3,2026-06-16 09:49:37,406.61,Grocery,30001,Card,DEV-03-1,Android,Chennai,9,1,0,17.95,5,716.22,384.12,256,639,1800,0,0,0,0.0,0,
TXN03-01837,3,2026-06-16 09:52:48,520.47,Household,30021,Card,DEV-03-8,Web,Chennai,9,1,0,3.18,6,715.44,383.95,19,23,1801,0,0,0,0.0,0,
TXN03-01838,3,2026-06-16 09:58:12,600.77,Grocery,30001,UPI,DEV-03-1,Android,Chennai,9,1,0,5.4,7,714.95,383.6,257,640,1802,0,0,0,0.0,0,
TXN03-01839,3,2026-06-16 10:07:50,550.01,Grocery,30019,UPI,DEV-03-2,Android,Chennai,10,1,0,9.63,8,715.46,383.3,38,381,1803,0,0,0,0.0,0,
TXN03-01840,3,2026-06-16 10:14:31,618.89,Household,30036,Card,DEV-03-7,iPhone,Chennai,10,1,0,6.68,9,715.05,382.91,7,53,1804,0,0,0,0.0,0,
TXN03-01841,3,2026-06-16 10:14:59,771.86,Pharmacy,30008,UPI,DEV-03-8,Web,Chennai,10,1,0,0.47,10,714.81,382.46,272,24,1805,0,0,0,0.0,0,
TXN03-01842,3,2026-06-16 10:39:49,471.51,Household,30012,UPI,DEV-03-2,Android,Chennai,10,1,0,24.83,11,713.57,381.41,40,382,1806,0,0,0,0.0,0,
TXN03-01843,3,2026-06-16 10:41:46,528.07,Pharmacy,30008,UPI,DEV-03-3,Android,Chennai,10,1,0,1.95,12,712.97,381.12,273,282,1807,0,0,0,0.0,0,
TXN03-01844,3,2026-06-16 10:44:05,879.19,Grocery,30003,Card,DEV-03-1,Android,Chennai,10,1,0,2.32,13,712.5,380.76,73,641,1808,0,0,0,0.0,0,
TXN03-01845,3,2026-06-16 11:12:43,1391.72,Grocery,30047,Card,DEV-03-4,Web,Chennai,11,1,0,28.63,14,713.01,380.84,4,176,1809,0,0,0,0.0,0,
TXN03-01846,3,2026-06-16 11:16:03,167.49,Grocery,30002,Card,DEV-03-3,Android,Chennai,11,1,0,3.33,15,714.7,381.87,115,283,1810,0,0,0,0.0,0,
TXN03-01847,3,2026-06-16 11:28:49,339.34,Pharmacy,30008,UPI,DEV-03-3,Android,Chennai,11,1,0,12.77,16,713.34,382.37,274,284,1811,0,0,0,0.0,0,
TXN03-01848,3,2026-06-16 11:38:16,865.89,Grocery,30001,Card,DEV-03-7,iPhone,Chennai,11,1,0,9.45,17,712.41,382.35,258,54,1812,0,0,0,0.0,0,
TXN03-01849,3,2026-06-16 11:45:37,477.58,Grocery,30010,Card,DEV-03-7,iPhone,Chennai,11,1,0,7.35,18,712.79,381.95,47,55,1813,0,0,0,0.0,0,
TXN03-01850,3,2026-06-16 12:19:05,232.12,Grocery,30010,Card,DEV-03-3,Android,Chennai,12,1,0,33.47,19,711.87,382.07,48,285,1814,0,0,0,0.0,0,
TXN03-01851,3,2026-06-16 12:42:20,1500.0,Grocery,30051,Card,DEV-03-2,Android,Chennai,12,1,0,23.25,20,709.26,381.73,2,383,1815,0,0,0,0.0,0,
TXN03-01852,3,2026-06-16 13:01:36,181.34,Pharmacy,30023,Card,DEV-03-2,Android,Chennai,13,1,0,19.27,21,713.48,383.16,58,384,1816,0,0,0,0.0,0,
TXN03-01853,3,2026-06-16 13:13:55,805.19,Household,30009,UPI,DEV-03-2,Android,Chennai,13,1,0,12.32,22,712.11,384.07,65,385,1817,0,0,0,0.0,0,
TXN03-01854,3,2026-06-16 13:15:49,658.28,Household,30004,UPI,DEV-03-3,Android,Chennai,13,1,0,1.9,23,711.94,384.02,164,286,1818,0,0,0,0.0,0,
TXN03-01855,3,2026-06-16 13:26:07,833.56,Household,30016,UPI,DEV-03-1,Android,Chennai,13,1,0,10.3,24,711.81,383.55,25,642,1819,0,0,0,0.0,0,
TXN03-01856,3,2026-06-16 13:47:19,263.1,Household,30004,UPI,DEV-03-1,Android,Chennai,13,1,0,21.2,25,712.11,383.12,165,643,1820,0,0,0,0.0,0,
TXN03-01857,3,2026-06-16 14:06:02,511.91,Grocery,30018,UPI,DEV-03-3,Android,Chennai,14,1,0,18.72,26,710.15,382.15,24,287,1821,0,0,0,0.0,0,
TXN03-01858,3,2026-06-16 14:06:42,888.42,Pharmacy,30049,UPI,DEV-03-2,Android,Chennai,14,1,0,0.67,27,709.66,381.8,4,386,1822,0,0,0,0.0,0,
TXN03-01859,3,2026-06-16 14:21:30,299.61,Grocery,30018,Card,DEV-03-2,Android,Chennai,14,1,0,14.8,28,708.15,379.87,25,387,1823,0,0,0,0.0,0,
TXN03-01860,3,2026-06-16 14:24:53,581.63,Grocery,30003,UPI,DEV-03-3,Android,Chennai,14,1,0,3.38,29,707.14,379.94,74,288,1824,0,0,0,0.0,0,
TXN03-01861,3,2026-06-16 14:27:00,456.91,Grocery,30003,Card,DEV-03-3,Android,Chennai,14,1,0,2.12,30,706.83,379.53,75,289,1825,0,0,0,0.0,0,
TXN03-01862,3,2026-06-16 14:29:09,160.24,Household,30011,UPI,DEV-03-2,Android,Chennai,14,1,0,2.15,31,706.22,379.26,33,388,1826,0,0,0,0.0,0,
TXN03-01863,3,2026-06-16 14:30:36,257.43,Household,30039,Card,DEV-03-11,Web,Chennai,14,1,0,1.45,32,704.88,379.76,11,16,1827,0,0,0,0.0,0,
TXN03-01864,3,2026-06-16 14:38:36,1353.05,Household,30005,UPI,DEV-03-2,Android,Chennai,14,1,0,8.0,33,703.86,380.8,83,389,1828,0,0,0,0.0,0,
TXN03-01865,3,2026-06-16 14:43:33,699.07,Pharmacy,30008,Card,DEV-03-1,Android,Chennai,14,1,0,4.95,34,705.45,381.68,275,644,1829,0,0,0,0.0,0,
TXN03-01866,3,2026-06-16 14:47:12,858.31,Grocery,30015,Card,DEV-03-5,iPhone,Chennai,14,1,0,3.65,35,706.81,380.68,24,118,1830,0,0,0,0.0,0,
TXN03-01867,3,2026-06-16 14:49:12,1171.79,Household,30004,Card,DEV-03-1,Android,Chennai,14,1,0,2.0,36,707.18,380.29,166,645,1831,0,0,0,0.0,0,
TXN03-01868,3,2026-06-16 14:53:30,882.03,Grocery,30018,UPI,DEV-03-6,Web,Chennai,14,1,0,4.3,37,707.99,380.92,26,73,1832,0,0,0,0.0,0,
TXN03-01869,3,2026-06-16 15:04:15,462.98,Grocery,30002,UPI,DEV-03-1,Android,Chennai,15,1,0,10.75,38,708.41,380.56,116,646,1833,0,0,0,0.0,0,
TXN03-01870,3,2026-06-16 15:06:31,248.43,Grocery,30010,Card,DEV-03-2,Android,Chennai,15,1,0,2.27,39,707.82,380.28,49,390,1834,0,0,0,0.0,0,
TXN03-01871,3,2026-06-16 15:13:37,585.83,Grocery,30001,UPI,DEV-03-8,Web,Chennai,15,1,0,7.1,40,706.7,380.49,259,25,1835,0,0,0,0.0,1,ato_higher_amount
TXN03-01872,3,2026-06-16 15:45:05,821.18,Pharmacy,30008,Card,DEV-03-8,Web,Chennai,15,1,0,31.47,41,706.55,379.98,276,26,1836,0,0,0,0.0,0,
TXN03-01873,3,2026-06-16 16:07:20,548.96,Household,30004,UPI,DEV-03-2,Android,Chennai,16,1,0,22.25,42,708.16,380.08,167,391,1837,0,0,0,0.0,0,
TXN03-01874,3,2026-06-16 16:23:20,1310.84,Grocery,30002,Card,DEV-03-27,iPhone,Chennai,16,1,0,16.0,43,709.88,379.42,117,1,1838,1,0,0,0.0,0,
TXN03-01875,3,2026-06-16 16:33:30,848.63,Household,30004,Card,DEV-03-2,Android,Chennai,16,1,0,10.17,44,709.6,378.92,168,392,1839,0,0,0,0.0,0,
TXN03-01876,3,2026-06-16 16:35:00,1500.0,Pharmacy,30008,Card,DEV-03-2,Android,Chennai,16,1,0,1.5,45,709.94,378.52,277,393,1840,0,0,0,0.0,0,
TXN03-01877,3,2026-06-16 16:47:28,339.45,Grocery,30007,Card,DEV-03-1,Android,Chennai,16,1,0,12.47,46,712.96,379.9,37,647,1841,0,0,0,0.0,0,
TXN03-01878,3,2026-06-16 16:59:45,1471.14,Grocery,30041,UPI,DEV-03-3,Android,Chennai,16,1,0,12.28,47,712.34,380.31,5,290,1842,0,0,0,0.0,0,
TXN03-01879,3,2026-06-16 17:12:22,578.63,Household,30004,UPI,DEV-03-5,iPhone,Chennai,17,1,0,12.62,48,714.2,381.69,169,119,1843,0,0,0,0.0,0,
TXN03-01880,3,2026-06-16 17:29:36,286.67,Household,30021,Card,DEV-03-4,Web,Chennai,17,1,0,17.23,49,714.3,381.65,20,177,1844,0,0,0,0.0,0,
TXN03-01881,3,2026-06-16 17:30:17,138.5,Household,30011,UPI,DEV-03-1,Android,Chennai,17,1,0,0.68,50,713.25,381.77,34,648,1845,0,0,0,0.0,0,
TXN03-01882,3,2026-06-16 18:09:50,1480.59,Household,30009,Card,DEV-03-2,Android,Chennai,18,1,0,39.55,51,712.87,383.39,66,394,1846,0,0,0,0.0,0,
TXN03-01883,3,2026-06-16 18:13:12,269.52,Household,30004,UPI,DEV-03-7,iPhone,Chennai,18,1,0,3.37,52,714.75,384.8,170,56,1847,0,0,0,0.0,0,
TXN03-01884,3,2026-06-16 18:16:10,367.18,Grocery,30001,UPI,DEV-03-2,Android,Chennai,18,1,0,2.97,53,713.66,384.96,260,395,1848,0,0,0,0.0,0,
TXN03-01885,3,2026-06-16 18:16:37,908.89,Pharmacy,30065,UPI,DEV-03-10,Android,Chennai,18,1,0,0.45,54,712.81,384.87,1,21,1849,0,0,1,0.0,0,
TXN03-01886,3,2026-06-16 18:16:59,1416.64,Pharmacy,30040,Card,DEV-03-4,Web,Chennai,18,1,0,0.37,55,713.29,384.52,10,178,1850,0,0,0,0.0,0,
TXN03-01887,3,2026-06-16 18:48:15,308.64,Grocery,30015,UPI,DEV-03-3,Android,Chennai,18,1,0,31.27,56,715.13,386.07,25,291,1851,0,0,0,0.0,0,
TXN03-01888,3,2026-06-16 19:06:05,1112.47,Household,30004,Card,DEV-03-1,Android,Chennai,19,1,0,17.83,57,714.14,386.12,171,649,1852,0,0,0,0.0,0,
TXN03-01889,3,2026-06-16 19:26:55,486.99,Pharmacy,30049,Card,DEV-03-6,Web,Chennai,19,1,0,20.83,58,713.48,385.1,5,74,1853,0,0,0,0.0,0,
TXN03-01890,3,2026-06-16 19:56:07,826.81,Grocery,30002,Card,DEV-03-4,Web,Chennai,19,1,0,29.2,59,713.38,384.73,118,179,1854,0,0,0,0.0,0,
TXN03-01891,3,2026-06-17 00:37:35,423.23,Fuel,30001,UPI,DEV-03-1,Android,Chennai,0,2,0,281.47,1,712.22,383.68,261,650,1855,0,0,0,0.0,1,midnight_fuel
TXN03-01892,3,2026-06-17 08:01:07,879.11,Pharmacy,30066,Card,DEV-03-1,Android,Chennai,8,2,0,443.53,2,710.8,383.67,2,651,1856,0,0,0,0.0,0,
TXN03-01893,3,2026-06-17 08:11:24,1159.48,Grocery,30030,UPI,DEV-03-6,Web,Chennai,8,2,0,10.28,3,711.21,383.29,5,75,1857,0,0,0,0.0,0,
TXN03-01894,3,2026-06-17 08:13:23,1114.36,Pharmacy,30035,UPI,DEV-03-10,Android,Lucknow,8,2,0,1.98,4,713.25,383.44,11,22,2,0,0,0,1532.1,0,
TXN03-01895,3,2026-06-17 08:22:24,745.43,Pharmacy,30025,Card,DEV-03-1,Android,Chennai,8,2,0,9.02,5,714.23,383.49,49,652,1858,0,0,0,1532.1,0,
TXN03-01896,3,2026-06-17 08:36:00,812.59,Pharmacy,30023,Card,DEV-03-6,Web,Chennai,8,2,0,13.6,6,713.63,383.67,59,76,1859,0,0,0,0.0,0,
TXN03-01897,3,2026-06-17 08:59:04,645.23,Grocery,30003,Card,DEV-03-3,Android,Chennai,8,2,0,23.07,7,714.53,383.42,76,292,1860,0,0,0,0.0,0,
TXN03-01898,3,2026-06-17 09:22:49,841.05,Grocery,30002,UPI,DEV-03-3,Android,Chennai,9,2,0,23.75,8,712.31,381.91,119,293,1861,0,0,0,0.0,0,
TXN03-01899,3,2026-06-17 09:33:02,1174.92,Grocery,30003,UPI,DEV-03-2,Android,Chennai,9,2,0,10.22,9,713.36,381.68,77,396,1862,0,0,0,0.0,0,
TXN03-01900,3,2026-06-17 09:45:36,198.45,Grocery,30047,Card,DEV-03-5,iPhone,Chennai,9,2,0,12.57,10,714.49,381.89,5,120,1863,0,0,0,0.0,0,
TXN03-01901,3,2026-06-17 09:49:36,1500.0,Household,30077,UPI,DEV-03-10,Android,Chennai,9,2,0,4.0,11,714.09,382.35,2,23,1864,0,0,0,0.0,1,ato_short_gap
TXN03-01902,3,2026-06-17 09:50:52,169.62,Grocery,30002,UPI,DEV-03-3,Android,Chennai,9,2,0,1.27,12,715.72,384.27,120,294,1865,0,0,0,0.0,0,
TXN03-01903,3,2026-06-17 10:14:42,343.07,Pharmacy,30035,Card,DEV-03-1,Android,Chennai,10,2,0,23.83,13,715.43,385.34,12,653,1866,0,0,0,0.0,0,
TXN03-01904,3,2026-06-17 10:40:39,280.19,Grocery,30022,Card,DEV-03-14,Android,Chennai,10,2,0,25.95,14,714.6,385.77,21,7,1867,0,0,0,0.0,0,
TXN03-01905,3,2026-06-17 11:10:56,582.81,Household,30013,Card,DEV-03-1,Android,Chennai,11,2,0,30.28,15,712.54,387.47,26,654,1868,0,0,0,0.0,0,
TXN03-01906,3,2026-06-17 11:42:31,679.18,Grocery,30067,Card,DEV-03-5,iPhone,Chennai,11,2,0,31.58,16,712.68,386.19,1,121,1869,0,0,1,0.0,0,
TXN03-01907,3,2026-06-17 11:44:18,1500.0,Grocery,30026,UPI,DEV-03-2,Android,Chennai,11,2,0,1.78,17,712.59,385.71,12,397,1870,0,0,0,0.0,0,
TXN03-01908,3,2026-06-17 12:29:34,937.54,Grocery,30052,UPI,DEV-03-9,Web,Chennai,12,2,0,45.27,18,711.7,386.02,5,23,1871,0,0,0,0.0,0,
TXN03-01909,3,2026-06-17 12:37:41,767.52,Grocery,30001,UPI,DEV-03-3,Android,Chennai,12,2,0,8.12,19,712.27,385.69,262,295,1872,0,0,0,0.0,0,
TXN03-01910,3,2026-06-17 12:39:29,431.16,Grocery,30059,UPI,DEV-03-1,Android,Chennai,12,2,0,1.8,20,710.42,383.66,4,655,1873,0,0,0,0.0,0,
TXN03-01911,3,2026-06-17 12:47:55,404.87,Grocery,30047,UPI,DEV-03-4,Web,Chennai,12,2,0,8.43,21,709.71,383.43,6,180,1874,0,0,0,0.0,0,
TXN03-01912,3,2026-06-17 13:23:49,544.16,Household,30004,UPI,DEV-03-2,Android,Chennai,13,2,0,35.9,22,710.51,384.28,172,398,1875,0,0,0,0.0,0,
TXN03-01913,3,2026-06-17 13:29:53,376.21,Household,30004,UPI,DEV-03-1,Android,Chennai,13,2,0,6.07,23,710.09,383.88,173,656,1876,0,0,0,0.0,0,
TXN03-01914,3,2026-06-17 14:14:53,235.17,Pharmacy,30066,Card,DEV-03-2,Android,Chennai,14,2,0,45.0,24,709.56,383.35,3,399,1877,0,0,0,0.0,0,
TXN03-01915,3,2026-06-17 14:41:49,792.23,Pharmacy,30040,Card,DEV-03-2,Android,Chennai,14,2,0,26.93,25,709.49,385.5,11,400,1878,0,0,0,0.0,0,
TXN03-01916,3,2026-06-17 14:56:40,947.38,Pharmacy,30023,Card,DEV-03-5,iPhone,Chennai,14,2,0,14.85,26,709.71,385.02,60,122,1879,0,0,0,0.0,0,
TXN03-01917,3,2026-06-17 15:04:19,460.76,Household,30013,UPI,DEV-03-6,Web,Chennai,15,2,0,7.65,27,708.29,383.12,27,77,1880,0,0,0,0.0,0,
TXN03-01918,3,2026-06-17 15:05:53,1500.0,Household,30004,Card,DEV-03-28,Android,Chennai,15,2,0,1.57,28,707.65,382.83,174,1,1881,1,0,0,0.0,0,
TXN03-01919,3,2026-06-17 15:33:46,312.52,Grocery,30010,UPI,DEV-03-1,Android,Chennai,15,2,0,27.88,29,710.58,385.19,50,657,1882,0,0,0,0.0,0,
TXN03-01920,3,2026-06-17 15:53:34,498.87,Pharmacy,30023,Card,DEV-03-4,Web,Chennai,15,2,0,19.8,30,710.61,386.31,61,181,1883,0,0,0,0.0,0,
TXN03-01921,3,2026-06-17 16:15:20,543.78,Grocery,30053,Card,DEV-03-1,Android,Chennai,16,2,0,21.77,31,713.75,386.03,4,658,1884,0,0,0,0.0,0,
TXN03-01922,3,2026-06-17 16:19:36,352.79,Pharmacy,30025,Card,DEV-03-1,Android,Chennai,16,2,0,4.27,32,713.31,385.63,50,659,1885,0,0,0,0.0,0,
TXN03-01923,3,2026-06-17 16:31:18,1475.64,Household,30004,UPI,DEV-03-6,Web,Chennai,16,2,0,11.7,33,710.63,384.42,175,78,1886,0,0,0,0.0,0,
TXN03-01924,3,2026-06-17 16:33:56,801.56,Pharmacy,30058,UPI,DEV-03-1,Android,Chennai,16,2,0,2.63,34,712.62,385.89,2,660,1887,0,0,0,0.0,0,
TXN03-01925,3,2026-06-17 16:36:53,1500.0,Household,30005,UPI,DEV-03-1,Android,Chennai,16,2,0,2.95,35,712.85,385.42,84,661,1888,0,0,0,0.0,0,
TXN03-01926,3,2026-06-17 16:38:31,883.31,Airport,30001,UPI,DEV-03-1,Android,Kochi,16,2,0,1.63,36,714.88,386.99,263,662,3,0,0,0,559.49,1,airport_txn
TXN03-01927,3,2026-06-17 16:49:14,272.5,Grocery,30007,Card,DEV-03-3,Android,Chennai,16,2,0,10.72,37,715.31,386.58,38,296,1889,0,0,0,559.49,0,
TXN03-01928,3,2026-06-17 16:55:03,585.43,Pharmacy,30046,UPI,DEV-03-1,Android,Chennai,16,2,0,5.82,38,714.18,386.73,6,663,1890,0,0,0,0.0,0,
TXN03-01929,3,2026-06-17 17:11:01,450.53,Pharmacy,30035,Card,DEV-03-1,Android,Chennai,17,2,0,15.97,39,713.46,386.71,13,664,1891,0,0,0,0.0,0,
TXN03-01930,3,2026-06-17 17:22:03,232.37,Grocery,30003,Card,DEV-03-4,Web,Chennai,17,2,0,11.03,40,713.43,387.76,78,182,1892,0,0,0,0.0,0,
TXN03-01931,3,2026-06-17 18:15:54,285.63,Household,30004,UPI,DEV-03-1,Android,Chennai,18,2,0,53.85,41,709.05,389.38,176,665,1893,0,0,0,0.0,0,
TXN03-01932,3,2026-06-17 18:16:15,708.07,Household,30009,UPI,DEV-03-1,Android,Chennai,18,2,0,0.35,42,707.94,389.47,67,666,1894,0,0,0,0.0,0,
TXN03-01933,3,2026-06-17 18:18:01,1369.42,Household,30011,UPI,DEV-03-6,Web,Chennai,18,2,0,1.77,43,707.94,388.97,35,79,1895,0,0,0,0.0,0,
TXN03-01934,3,2026-06-17 18:18:26,493.85,Grocery,30033,Card,DEV-03-1,Android,Chennai,18,2,0,0.42,44,709.67,389.92,8,667,1896,0,0,0,0.0,0,
TXN03-01935,3,2026-06-17 18:19:32,1300.63,Grocery,30051,Card,DEV-03-3,Android,Chennai,18,2,0,1.1,45,708.19,389.66,3,297,1897,0,0,0,0.0,0,
TXN03-01936,3,2026-06-17 18:23:48,1163.41,Household,30004,Card,DEV-03-1,Android,Chennai,18,2,0,4.27,46,709.73,390.32,177,668,1898,0,0,0,0.0,0,
TXN03-01937,3,2026-06-17 19:17:28,726.73,Pharmacy,30035,Card,DEV-03-3,Android,Chennai,19,2,0,53.67,47,711.3,390.78,14,298,1899,0,0,0,0.0,0,
TXN03-01938,3,2026-06-17 19:49:45,1474.14,Household,30004,UPI,DEV-03-4,Web,Chennai,19,2,0,32.28,48,710.85,386.69,178,183,1900,0,0,0,0.0,0,
TXN03-01939,3,2026-06-17 21:29:37,464.22,Pharmacy,30008,Card,DEV-UNK-9476,iPhone,Chennai,21,2,0,99.87,49,712.85,388.16,278,1,1901,1,0,0,0.0,1,ato_odd_hour_new_device
TXN03-01940,3,2026-06-18 08:29:17,1138.81,Grocery,30006,Card,DEV-03-1,Android,Chennai,8,3,0,659.67,1,714.55,387.43,55,669,1902,0,0,0,0.0,0,
TXN03-01941,3,2026-06-18 08:48:00,1371.21,Grocery,30001,Card,DEV-03-6,Web,Chennai,8,3,0,18.72,2,715.96,387.38,264,80,1903,0,0,0,0.0,0,
TXN03-01942,3,2026-06-18 08:53:33,529.05,Grocery,30002,Card,DEV-03-2,Android,Chennai,8,3,0,5.55,3,717.68,388.84,121,401,1904,0,0,0,0.0,0,
TXN03-01943,3,2026-06-18 09:36:22,349.11,Pharmacy,30023,Card,DEV-03-5,iPhone,Chennai,9,3,0,42.82,4,719.64,388.0,62,123,1905,0,0,0,0.0,0,
TXN03-01944,3,2026-06-18 09:46:57,168.57,Grocery,30001,Card,DEV-03-4,Web,Chennai,9,3,0,10.58,5,716.48,387.7,265,184,1906,0,0,0,0.0,0,
TXN03-01945,3,2026-06-18 10:06:29,912.52,Household,30004,Card,DEV-03-4,Web,Chennai,10,3,0,19.53,6,714.11,387.79,179,185,1907,0,0,0,0.0,0,
TXN03-01946,3,2026-06-18 10:07:21,729.74,Grocery,30068,UPI,DEV-03-3,Android,Chennai,10,3,0,0.87,7,714.64,387.41,1,299,1908,0,0,1,0.0,0,
TXN03-01947,3,2026-06-18 10:37:51,530.82,Household,30004,Card,DEV-03-3,Android,Chennai,10,3,0,30.5,8,714.96,387.03,180,300,1909,0,0,0,0.0,0,
TXN03-01948,3,2026-06-18 10:43:59,565.57,Pharmacy,30025,UPI,DEV-03-1,Android,Chennai,10,3,0,6.13,9,715.73,386.37,51,670,1910,0,0,0,0.0,0,
TXN03-01949,3,2026-06-18 11:02:33,1373.53,Pharmacy,30008,UPI,DEV-03-2,Android,Chennai,11,3,0,18.57,10,715.33,385.93,279,402,1911,0,0,0,0.0,0,
TXN03-01950,3,2026-06-18 11:20:15,329.17,Pharmacy,30025,UPI,DEV-03-5,iPhone,Chennai,11,3,0,17.7,11,718.21,386.8,52,124,1912,0,0,0,0.0,0,
TXN03-01951,3,2026-06-18 11:24:15,597.7,Household,30009,Card,DEV-03-1,Android,Chennai,11,3,0,4.0,12,717.18,386.8,68,671,1913,0,0,0,0.0,0,
TXN03-01952,3,2026-06-18 11:28:02,1112.04,Household,30069,UPI,DEV-03-1,Android,Chennai,11,3,0,3.78,13,716.86,386.34,1,672,1914,0,0,1,0.0,0,
TXN03-01953,3,2026-06-18 11:30:44,634.14,Household,30045,UPI,DEV-03-7,iPhone,Chennai,11,3,0,2.7,14,717.9,386.36,8,57,1915,0,0,0,0.0,0,
TXN03-01954,3,2026-06-18 12:06:07,724.09,Grocery,30002,Card,DEV-03-10,Android,Chennai,12,3,0,35.38,15,717.68,385.88,122,24,1916,0,0,0,0.0,0,
TXN03-01955,3,2026-06-18 12:15:10,1002.04,Household,30005,Card,DEV-03-1,Android,Chennai,12,3,0,9.05,16,717.7,385.37,85,673,1917,0,0,0,0.0,0,
TXN03-01956,3,2026-06-18 12:33:01,686.62,Grocery,30014,Card,DEV-03-7,iPhone,Chennai,12,3,0,17.85,17,719.67,386.38,37,58,1918,0,0,0,0.0,0,
TXN03-01957,3,2026-06-18 12:46:18,547.46,Household,30004,UPI,DEV-03-4,Web,Chennai,12,3,0,13.28,18,718.93,383.83,181,186,1919,0,0,0,0.0,0,
TXN03-01958,3,2026-06-18 12:57:06,680.32,Grocery,30018,UPI,DEV-03-1,Android,Chennai,12,3,0,10.8,19,719.18,383.69,27,674,1920,0,0,0,0.0,0,
TXN03-01959,3,2026-06-18 12:59:28,343.84,Household,30005,Card,DEV-03-1,Android,Chennai,12,3,0,2.37,20,719.08,383.19,86,675,1921,0,0,0,0.0,0,
TXN03-01960,3,2026-06-18 14:08:32,817.71,Pharmacy,30028,Card,DEV-03-3,Android,Chennai,14,3,0,69.07,21,718.8,383.42,29,301,1922,0,0,0,0.0,0,
TXN03-01961,3,2026-06-18 14:09:38,380.37,Grocery,30002,UPI,DEV-03-3,Android,Chennai,14,3,0,1.1,22,719.06,382.95,123,302,1923,0,0,0,0.0,0,
TXN03-01962,3,2026-06-18 15:18:48,1083.84,Grocery,30043,Card,DEV-03-1,Android,Chennai,15,3,0,69.17,23,717.41,382.8,5,676,1924,0,0,0,0.0,0,
TXN03-01963,3,2026-06-18 15:33:13,723.26,Pharmacy,30035,Card,DEV-03-3,Android,Chennai,15,3,0,14.42,24,718.37,382.76,15,303,1925,0,0,0,0.0,0,
TXN03-01964,3,2026-06-18 16:16:33,254.9,Grocery,30014,Card,DEV-03-2,Android,Chennai,16,3,0,43.33,25,716.35,383.57,38,403,1926,0,0,0,0.0,0,
TXN03-01965,3,2026-06-18 16:17:26,418.99,Grocery,30006,Card,DEV-03-4,Web,Chennai,16,3,0,0.88,26,715.12,383.8,56,187,1927,0,0,0,0.0,0,
TXN03-01966,3,2026-06-18 16:20:04,827.93,Grocery,30002,UPI,DEV-03-4,Web,Chennai,16,3,0,2.63,27,714.34,383.59,124,188,1928,0,0,0,0.0,0,
TXN03-01967,3,2026-06-18 16:33:13,384.94,Grocery,30014,Card,DEV-03-1,Android,Chennai,16,3,0,13.15,28,714.64,383.13,39,677,1929,0,0,0,0.0,0,
TXN03-01968,3,2026-06-18 17:41:39,1142.02,Household,30004,UPI,DEV-03-4,Web,Chennai,17,3,0,68.43,29,712.57,383.1,182,189,1930,0,0,0,0.0,0,
TXN03-01969,3,2026-06-18 17:58:32,955.62,Grocery,30003,UPI,DEV-03-4,Web,Chennai,17,3,0,16.88,30,714.19,383.62,79,190,1931,0,0,0,0.0,0,
TXN03-01970,3,2026-06-18 18:00:38,1076.47,Grocery,30033,Card,DEV-03-1,Android,Chennai,18,3,0,2.1,31,714.83,383.32,9,678,1932,0,0,0,0.0,0,
TXN03-01971,3,2026-06-18 18:03:22,625.17,Pharmacy,30023,UPI,DEV-03-2,Android,Chennai,18,3,0,2.73,32,715.78,383.26,63,404,1933,0,0,0,0.0,0,
TXN03-01972,3,2026-06-18 18:11:40,419.37,Grocery,30033,Card,DEV-03-2,Android,Chennai,18,3,0,8.3,33,715.54,382.78,10,405,1934,0,0,0,0.0,0,
TXN03-01973,3,2026-06-18 18:42:36,1348.99,Pharmacy,30008,Card,DEV-03-1,Android,Chennai,18,3,0,30.93,34,713.4,382.16,280,679,1935,0,0,0,0.0,0,
TXN03-01974,3,2026-06-18 18:46:34,648.91,Household,30004,Card,DEV-03-2,Android,Chennai,18,3,0,3.97,35,715.07,383.04,183,406,1936,0,0,0,0.0,0,
TXN03-01975,3,2026-06-18 19:18:58,351.95,Household,30021,UPI,DEV-03-1,Android,Chennai,19,3,0,32.4,36,714.69,383.46,21,680,1937,0,0,0,0.0,0,
TXN03-01976,3,2026-06-18 19:21:26,560.42,Household,30056,Card,DEV-03-1,Android,Chennai,19,3,0,2.47,37,713.74,383.4,3,681,1938,0,0,0,0.0,0,
TXN03-01977,3,2026-06-19 05:20:41,877.49,Airport,30001,UPI,DEV-03-1,Android,Mumbai,5,4,0,599.25,1,712.42,382.99,266,682,6,0,0,0,1033.1,1,airport_txn
TXN03-01978,3,2026-06-19 09:07:24,1500.0,Pharmacy,30023,Card,DEV-03-6,Web,Chennai,9,4,0,226.72,2,709.23,379.61,64,81,1939,0,0,0,1033.1,0,
TXN03-01979,3,2026-06-19 09:26:32,1259.23,Grocery,30001,Card,DEV-03-1,Android,Chennai,9,4,0,19.13,3,710.41,379.92,267,683,1940,0,0,0,0.0,0,
TXN03-01980,3,2026-06-19 09:27:32,1299.14,Grocery,30162,Card,DEV-03-5,iPhone,Chennai,9,4,0,1.0,4,711.88,380.47,1,125,1941,0,0,1,0.0,1,ato_short_gap_new_merchant_same_category
TXN03-01981,3,2026-06-19 09:28:46,569.32,Grocery,30001,Card,DEV-03-1,Android,Chennai,9,4,0,1.23,5,713.45,381.17,268,684,1942,0,0,0,0.0,0,
TXN03-01982,3,2026-06-19 09:48:35,723.68,Household,30004,Card,DEV-03-2,Android,Chennai,9,4,0,19.82,6,713.17,381.24,184,407,1943,0,0,0,0.0,0,
TXN03-01983,3,2026-06-19 09:57:09,841.29,Grocery,30007,UPI,DEV-03-2,Android,Chennai,9,4,0,8.57,7,713.2,380.73,39,408,1944,0,0,0,0.0,0,
TXN03-01984,3,2026-06-19 09:58:23,495.33,Pharmacy,30023,UPI,DEV-03-2,Android,Chennai,9,4,0,1.23,8,713.54,380.28,65,409,1945,0,0,0,0.0,0,
TXN03-01985,3,2026-06-19 10:05:09,642.84,Pharmacy,30066,Card,DEV-03-7,iPhone,Chennai,10,4,0,6.77,9,711.2,379.59,4,59,1946,0,0,0,0.0,0,
TXN03-01986,3,2026-06-19 10:12:38,747.5,Grocery,30002,Card,DEV-03-1,Android,Chennai,10,4,0,7.48,10,711.01,379.1,125,685,1947,0,0,0,0.0,0,
TXN03-01987,3,2026-06-19 10:26:26,940.03,Pharmacy,30049,UPI,DEV-03-1,Android,Chennai,10,4,0,13.8,11,711.11,378.6,6,686,1948,0,0,0,0.0,0,
TXN03-01988,3,2026-06-19 10:35:48,344.91,Grocery,30006,UPI,DEV-03-1,Android,Chennai,10,4,0,9.37,12,711.72,378.28,57,687,1949,0,0,0,0.0,0,
TXN03-01989,3,2026-06-19 11:02:22,356.78,Pharmacy,30023,Card,DEV-03-10,Android,Chennai,11,4,0,26.57,13,710.75,378.25,66,25,1950,0,0,0,0.0,0,
TXN03-01990,3,2026-06-19 11:05:57,1208.62,Household,30005,UPI,DEV-03-4,Web,Chennai,11,4,0,3.58,14,709.82,378.19,87,191,1951,0,0,0,0.0,0,
TXN03-01991,3,2026-06-19 11:14:34,869.46,Household,30181,Card,DEV-03-5,iPhone,Chennai,11,4,0,8.62,15,710.95,379.03,1,126,1952,0,0,1,0.0,1,ato_new_merchant_same_category
TXN03-01992,3,2026-06-19 12:15:47,1026.11,Household,30038,UPI,DEV-03-7,iPhone,Chennai,12,4,0,61.22,16,711.86,379.76,6,60,1953,0,0,0,0.0,0,
TXN03-01993,3,2026-06-19 12:37:11,182.49,Grocery,30002,UPI,DEV-03-7,iPhone,Chennai,12,4,0,21.4,17,712.42,380.06,126,61,1954,0,0,0,0.0,0,
TXN03-01994,3,2026-06-19 12:40:40,1318.0,Pharmacy,30008,Card,DEV-03-5,iPhone,Chennai,12,4,0,3.48,18,711.01,380.54,281,127,1955,0,0,0,0.0,0,
TXN03-01995,3,2026-06-19 13:15:49,321.82,Household,30005,UPI,DEV-03-1,Android,Chennai,13,4,0,35.15,19,712.54,381.83,88,688,1956,0,0,0,0.0,0,
TXN03-01996,3,2026-06-19 13:19:51,541.45,Pharmacy,30008,UPI,DEV-03-7,iPhone,Chennai,13,4,0,4.03,20,711.5,381.86,282,62,1957,0,0,0,0.0,0,
TXN03-01997,3,2026-06-19 14:47:47,327.92,Household,30045,Card,DEV-03-1,Android,Chennai,14,4,0,87.93,21,713.8,382.71,9,689,1958,0,0,0,0.0,0,
TXN03-01998,3,2026-06-19 14:49:10,549.66,Pharmacy,30044,UPI,DEV-03-2,Android,Chennai,14,4,0,1.38,22,712.77,382.72,9,410,1959,0,0,0,0.0,0,
TXN03-01999,3,2026-06-19 15:18:47,635.59,Pharmacy,30023,Card,DEV-03-4,Web,Chennai,15,4,0,29.62,23,712.67,382.48,67,192,1960,0,0,0,0.0,0,
TXN03-02000,3,2026-06-19 15:56:22,1500.0,Grocery,30002,UPI,DEV-03-1,Android,Chennai,15,4,0,37.58,24,714.19,382.29,127,690,1961,0,0,0,0.0,0,
TXN03-02001,3,2026-06-19 16:33:26,633.72,Grocery,30002,Card,DEV-03-4,Web,Chennai,16,4,0,37.07,25,716.3,383.94,128,193,1962,0,0,0,0.0,0,
TXN03-02002,3,2026-06-19 17:18:58,1062.42,Household,30061,UPI,DEV-03-7,iPhone,Chennai,17,4,0,45.53,26,717.08,383.37,2,63,1963,0,0,0,0.0,0,
TXN03-02003,3,2026-06-19 17:38:51,397.36,Pharmacy,30032,UPI,DEV-03-2,Android,Chennai,17,4,0,19.88,27,718.01,383.27,22,411,1964,0,0,0,0.0,0,
TXN03-02004,3,2026-06-19 17:51:30,630.89,Grocery,30047,Card,DEV-03-2,Android,Chennai,17,4,0,12.65,28,716.42,383.37,7,412,1965,0,0,0,0.0,0,
TXN03-02005,3,2026-06-19 18:18:52,588.55,Household,30029,Card,DEV-03-1,Android,Chennai,18,4,0,27.37,29,714.68,382.28,10,691,1966,0,0,0,0.0,0,
TXN03-02006,3,2026-06-19 18:52:39,639.32,Grocery,30002,UPI,DEV-03-6,Web,Chennai,18,4,0,33.78,30,713.87,382.23,129,82,1967,0,0,0,0.0,0,
TXN03-02007,3,2026-06-19 19:12:45,1036.82,Household,30178,Card,DEV-03-2,Android,Chennai,19,4,0,20.1,31,710.89,380.36,1,413,1968,0,0,1,0.0,1,ato_new_merchant_same_category
TXN03-02008,3,2026-06-19 19:32:19,106.81,Grocery,30001,Card,DEV-03-29,Android,Chennai,19,4,0,19.57,32,714.13,379.86,269,1,1969,1,0,0,0.0,0,
TXN03-02009,3,2026-06-19 19:38:00,977.88,Grocery,30006,UPI,DEV-03-2,Android,Chennai,19,4,0,5.68,33,712.5,380.65,58,414,1970,0,0,0,0.0,0,
TXN03-02010,3,2026-06-19 19:38:03,471.96,Household,30012,UPI,DEV-03-4,Web,Chennai,19,4,0,0.05,34,713.21,380.39,41,194,1971,0,0,0,0.0,0,
TXN03-02011,3,2026-06-19 19:38:08,375.64,Grocery,30006,Card,DEV-03-10,Android,Chennai,19,4,0,0.08,35,712.56,380.08,59,26,1972,0,0,0,0.0,0,
TXN03-02012,3,2026-06-19 21:25:30,418.71,Airport,30001,UPI,DEV-03-1,Android,Hyderabad,21,4,0,107.37,36,711.66,379.97,270,692,2,0,0,0,515.24,1,airport_txn
TXN03-02013,3,2026-06-20 08:01:57,1070.3,Grocery,30002,UPI,DEV-03-6,Web,Chennai,8,5,1,636.45,1,711.63,379.99,130,83,1973,0,0,0,515.24,0,
TXN03-02014,3,2026-06-20 08:13:47,490.92,Household,30004,Card,DEV-03-1,Android,Chennai,8,5,1,11.83,2,712.9,380.4,185,693,1974,0,0,0,0.0,0,
TXN03-02015,3,2026-06-20 08:20:53,501.93,Pharmacy,30058,Card,DEV-03-7,iPhone,Chennai,8,5,1,7.1,3,712.31,380.06,3,64,1975,0,0,0,0.0,0,
TXN03-02016,3,2026-06-20 08:23:41,372.25,Grocery,30059,Card,DEV-03-1,Android,Chennai,8,5,1,2.8,4,711.75,379.71,5,694,1976,0,0,0,0.0,0,
TXN03-02017,3,2026-06-20 08:37:50,1014.71,Pharmacy,30023,Card,DEV-03-1,Android,Chennai,8,5,1,14.15,5,712.17,380.1,68,695,1977,0,0,0,0.0,0,
TXN03-02018,3,2026-06-20 08:40:39,578.06,Pharmacy,30008,UPI,DEV-03-9,Web,Chennai,8,5,1,2.82,6,712.98,379.91,283,24,1978,0,0,0,0.0,0,
TXN03-02019,3,2026-06-20 08:54:48,997.63,Pharmacy,30070,UPI,DEV-03-3,Android,Chennai,8,5,1,14.15,7,712.62,379.47,1,304,1979,0,0,1,0.0,0,
TXN03-02020,3,2026-06-20 09:02:19,489.68,Grocery,30015,UPI,DEV-03-1,Android,Chennai,9,5,1,7.52,8,713.37,379.25,26,696,1980,0,0,0,0.0,0,
TXN03-02021,3,2026-06-20 09:06:19,659.91,Household,30167,UPI,DEV-03-8,Web,Chennai,9,5,1,4.0,9,712.78,378.92,1,27,1981,0,0,1,0.0,1,ato_higher_amount_short_gap
TXN03-02022,3,2026-06-20 09:21:41,259.34,Pharmacy,30031,UPI,DEV-03-3,Android,Chennai,9,5,1,15.37,10,712.64,378.43,18,305,1982,0,0,0,0.0,0,
TXN03-02023,3,2026-06-20 09:22:29,149.65,Grocery,30071,Card,DEV-03-30,Android,Chennai,9,5,1,0.8,11,711.45,378.65,1,1,1983,1,0,1,0.0,0,
TXN03-02024,3,2026-06-20 09:42:18,504.91,Grocery,30001,UPI,DEV-03-1,Android,Chennai,9,5,1,19.82,12,709.98,379.24,271,697,1984,0,0,0,0.0,0,
TXN03-02025,3,2026-06-20 09:44:25,1081.45,Grocery,30006,Card,DEV-03-3,Android,Chennai,9,5,1,2.12,13,709.45,378.89,60,306,1985,0,0,0,0.0,0,
TXN03-02026,3,2026-06-20 09:59:49,204.45,Household,30004,Card,DEV-03-10,Android,Chennai,9,5,1,15.4,14,709.79,377.06,186,27,1986,0,0,0,0.0,0,
TXN03-02027,3,2026-06-20 10:06:01,1224.8,Grocery,30010,UPI,DEV-03-1,Android,Chennai,10,5,1,6.2,15,708.11,378.4,51,698,1987,0,0,0,0.0,0,
TXN03-02028,3,2026-06-20 10:18:05,409.39,Grocery,30007,Card,DEV-03-1,Android,Chennai,10,5,1,12.07,16,709.46,378.82,40,699,1988,0,0,0,0.0,0,
TXN03-02029,3,2026-06-20 10:21:15,193.09,Household,30009,Card,DEV-03-2,Android,Chennai,10,5,1,3.17,17,708.68,378.64,69,415,1989,0,0,0,0.0,0,
TXN03-02030,3,2026-06-20 10:31:36,538.33,Grocery,30030,Card,DEV-03-3,Android,Chennai,10,5,1,10.35,18,707.34,379.05,6,307,1990,0,0,0,0.0,0,
TXN03-02031,3,2026-06-20 10:33:22,333.66,Grocery,30002,UPI,DEV-03-2,Android,Chennai,10,5,1,1.77,19,706.9,378.66,131,416,1991,0,0,0,0.0,0,
TXN03-02032,3,2026-06-20 10:35:52,584.28,Pharmacy,30008,UPI,DEV-03-1,Android,Chennai,10,5,1,2.5,20,705.93,378.64,284,700,1992,0,0,0,0.0,0,
TXN03-02033,3,2026-06-20 10:36:26,306.48,Grocery,30052,Card,DEV-03-2,Android,Chennai,10,5,1,0.57,21,705.62,378.21,6,417,1993,0,0,0,0.0,0,
TXN03-02034,3,2026-06-20 10:36:46,976.2,Household,30013,Card,DEV-03-1,Android,Chennai,10,5,1,0.33,22,704.59,378.26,28,701,1994,0,0,0,0.0,0,
TXN03-02035,3,2026-06-20 10:38:00,799.36,Grocery,30001,Card,DEV-03-5,iPhone,Chennai,10,5,1,1.23,23,706.3,377.99,272,128,1995,0,0,0,0.0,0,
TXN03-02036,3,2026-06-20 10:50:38,1342.57,Grocery,30003,Card,DEV-03-4,Web,Chennai,10,5,1,12.63,24,706.54,377.53,80,195,1996,0,0,0,0.0,0,
TXN03-02037,3,2026-06-20 10:51:45,396.61,Pharmacy,30066,UPI,DEV-03-8,Web,Chennai,10,5,1,1.12,25,708.17,378.41,5,28,1997,0,0,0,0.0,0,
TXN03-02038,3,2026-06-20 10:55:22,975.57,Grocery,30007,UPI,DEV-03-4,Web,Chennai,10,5,1,3.62,26,706.13,376.77,41,196,1998,0,0,0,0.0,0,
TXN03-02039,3,2026-06-20 10:56:34,366.25,Pharmacy,30023,Card,DEV-03-4,Web,Chennai,10,5,1,1.2,27,706.82,376.53,69,197,1999,0,0,0,0.0,0,
TXN03-02040,3,2026-06-20 10:56:43,1238.48,Household,30056,Card,DEV-03-3,Android,Chennai,10,5,1,0.15,28,705.95,376.44,4,308,2000,0,0,0,0.0,0,
TXN03-02041,3,2026-06-20 11:13:17,522.83,Grocery,30042,UPI,DEV-03-5,iPhone,Chennai,11,5,1,16.57,29,708.34,376.85,5,129,2001,0,0,0,0.0,0,
TXN03-02042,3,2026-06-20 11:13:41,1023.6,Grocery,30006,Card,DEV-03-7,iPhone,Chennai,11,5,1,0.4,30,707.86,376.48,61,65,2002,0,0,0,0.0,0,
TXN03-02043,3,2026-06-20 11:24:24,803.02,Grocery,30001,UPI,DEV-03-2,Android,Chennai,11,5,1,10.72,31,709.69,376.28,273,418,2003,0,0,0,0.0,0,
TXN03-02044,3,2026-06-20 11:29:23,994.95,Household,30029,Card,DEV-03-2,Android,Chennai,11,5,1,4.98,32,709.92,375.83,11,419,2004,0,0,0,0.0,0,
TXN03-02045,3,2026-06-20 11:35:25,333.25,Household,30024,Card,DEV-03-12,Android,Chennai,11,5,1,6.03,33,710.54,376.1,15,8,2005,0,0,0,0.0,0,
TXN03-02046,3,2026-06-20 11:48:31,231.98,Grocery,30001,Card,DEV-03-7,iPhone,Chennai,11,5,1,13.1,34,709.27,376.53,274,66,2006,0,0,0,0.0,0,
TXN03-02047,3,2026-06-20 12:09:58,889.8,Grocery,30018,UPI,DEV-03-1,Android,Chennai,12,5,1,21.45,35,709.19,376.63,28,702,2007,0,0,0,0.0,0,
TXN03-02048,3,2026-06-20 12:14:43,231.54,Grocery,30067,UPI,DEV-03-2,Android,Chennai,12,5,1,4.75,36,708.91,376.46,2,420,2008,0,0,0,0.0,0,
TXN03-02049,3,2026-06-20 12:22:27,266.17,Household,30005,Card,DEV-03-3,Android,Chennai,12,5,1,7.73,37,707.7,376.75,89,309,2009,0,0,0,0.0,0,
TXN03-02050,3,2026-06-20 12:52:59,542.08,Grocery,30003,Card,DEV-03-1,Android,Mumbai,12,5,1,30.53,38,706.58,376.92,81,703,7,0,0,0,1033.1,0,
TXN03-02051,3,2026-06-20 12:57:30,597.46,Grocery,30006,Card,DEV-03-2,Android,Chennai,12,5,1,4.52,39,706.16,376.54,62,421,2010,0,0,0,1033.1,0,
TXN03-02052,3,2026-06-20 13:09:07,515.54,Pharmacy,30023,UPI,DEV-03-8,Web,Chennai,13,5,1,11.62,40,705.36,376.47,70,29,2011,0,0,0,0.0,0,
TXN03-02053,3,2026-06-20 13:16:59,584.65,Pharmacy,30023,Card,DEV-03-3,Android,Chennai,13,5,1,7.87,41,702.31,375.03,71,310,2012,0,0,0,0.0,0,
TXN03-02054,3,2026-06-20 13:18:23,187.47,Grocery,30007,Card,DEV-03-2,Android,Chennai,13,5,1,1.4,42,702.01,374.61,42,422,2013,0,0,0,0.0,0,
TXN03-02055,3,2026-06-20 13:28:29,289.49,Household,30005,UPI,DEV-03-3,Android,Chennai,13,5,1,10.1,43,700.71,375.02,90,311,2014,0,0,0,0.0,0,
TXN03-02056,3,2026-06-20 13:29:17,353.24,Grocery,30052,Card,DEV-03-4,Web,Chennai,13,5,1,0.8,44,699.68,375.12,7,198,2015,0,0,0,0.0,0,
TXN03-02057,3,2026-06-20 13:51:10,767.04,Household,30005,UPI,DEV-03-13,Android,Chennai,13,5,1,21.88,45,698.81,375.05,91,5,2016,0,0,0,0.0,0,
TXN03-02058,3,2026-06-20 13:54:00,298.1,Grocery,30001,Card,DEV-03-3,Android,Chennai,13,5,1,2.83,46,698.98,374.59,275,312,2017,0,0,0,0.0,0,
TXN03-02059,3,2026-06-20 13:59:07,687.88,Pharmacy,30055,Card,DEV-03-1,Android,Chennai,13,5,1,5.12,47,697.98,374.66,2,704,2018,0,0,0,0.0,0,
TXN03-02060,3,2026-06-20 14:07:46,1256.87,Household,30004,Card,DEV-03-6,Web,Chennai,14,5,1,8.65,48,697.95,374.19,187,84,2019,0,0,0,0.0,0,
TXN03-02061,3,2026-06-20 14:28:58,313.71,Household,30009,UPI,DEV-03-1,Android,Chennai,14,5,1,21.2,49,698.81,375.02,70,705,2020,0,0,0,0.0,0,
TXN03-02062,3,2026-06-20 14:34:53,989.18,Pharmacy,30008,Card,DEV-03-1,Android,Chennai,14,5,1,5.92,50,697.85,375.05,285,706,2021,0,0,0,0.0,0,
TXN03-02063,3,2026-06-20 14:39:43,1171.37,Pharmacy,30028,UPI,DEV-03-7,iPhone,Chennai,14,5,1,4.83,51,698.57,374.86,30,67,2022,0,0,0,0.0,0,
TXN03-02064,3,2026-06-20 14:47:03,119.06,Household,30056,UPI,DEV-03-1,Android,Chennai,14,5,1,7.33,52,700.6,375.21,5,707,2023,0,0,0,0.0,0,
TXN03-02065,3,2026-06-20 14:54:03,559.15,Pharmacy,30065,Card,DEV-03-1,Android,Chennai,14,5,1,7.0,53,699.15,375.86,2,708,2024,0,0,0,0.0,0,
TXN03-02066,3,2026-06-20 15:09:01,561.7,Grocery,30020,Card,DEV-03-1,Android,Chennai,15,5,1,14.97,54,698.81,375.46,16,709,2025,0,0,0,0.0,0,
TXN03-02067,3,2026-06-20 15:17:28,389.91,Household,30004,Card,DEV-03-3,Android,Chennai,15,5,1,8.45,55,698.47,375.06,188,313,2026,0,0,0,0.0,0,
TXN03-02068,3,2026-06-20 15:32:29,354.81,Household,30011,UPI,DEV-03-1,Android,Chennai,15,5,1,15.02,56,697.71,374.91,36,710,2027,0,0,0,0.0,0,
TXN03-02069,3,2026-06-20 15:42:03,792.11,Household,30005,UPI,DEV-03-3,Android,Chennai,15,5,1,9.57,57,696.87,374.83,92,314,2028,0,0,0,0.0,0,
TXN03-02070,3,2026-06-20 15:46:15,207.62,Household,30011,Card,DEV-03-1,Android,Chennai,15,5,1,4.2,58,696.29,374.5,37,711,2029,0,0,0,0.0,0,
TXN03-02071,3,2026-06-20 15:46:44,374.89,Pharmacy,30008,UPI,DEV-03-2,Android,Chennai,15,5,1,0.48,59,695.09,374.82,286,423,2030,0,0,0,0.0,0,
TXN03-02072,3,2026-06-20 15:50:57,469.72,Household,30029,UPI,DEV-03-3,Android,Chennai,15,5,1,4.22,60,694.31,374.7,12,315,2031,0,0,0,0.0,0,
TXN03-02073,3,2026-06-20 16:00:36,524.74,Pharmacy,30025,UPI,DEV-03-1,Android,Chennai,16,5,1,9.65,61,693.53,374.83,53,712,2032,0,0,0,0.0,0,
TXN03-02074,3,2026-06-20 16:05:21,413.28,Household,30005,UPI,DEV-03-1,Android,Chennai,16,5,1,4.75,62,693.12,374.47,93,713,2033,0,0,0,0.0,0,
TXN03-02075,3,2026-06-20 16:15:44,1496.91,Grocery,30014,UPI,DEV-03-3,Android,Chennai,16,5,1,10.38,63,691.76,374.47,40,316,2034,0,0,0,0.0,0,
TXN03-02076,3,2026-06-20 16:16:51,732.69,Pharmacy,30032,Card,DEV-03-3,Android,Chennai,16,5,1,1.12,64,693.72,376.11,23,317,2035,0,0,0,0.0,0,
TXN03-02077,3,2026-06-20 16:41:25,826.07,Household,30011,Card,DEV-03-2,Android,Chennai,16,5,1,24.57,65,695.04,375.28,38,424,2036,0,0,0,0.0,0,
TXN03-02078,3,2026-06-20 16:51:33,660.58,Household,30013,Card,DEV-03-3,Android,Chennai,16,5,1,10.13,66,695.36,374.88,29,318,2037,0,0,0,0.0,0,
TXN03-02079,3,2026-06-20 17:36:31,471.82,Household,30036,Card,DEV-03-2,Android,Chennai,17,5,1,44.97,67,693.13,374.41,8,425,2038,0,0,0,0.0,0,
TXN03-02080,3,2026-06-20 17:52:46,398.36,Household,30011,UPI,DEV-03-12,Android,Chennai,17,5,1,16.25,68,694.48,374.93,39,9,2039,0,0,0,0.0,0,
TXN03-02081,3,2026-06-20 18:05:25,1053.21,Household,30060,UPI,DEV-03-2,Android,Chennai,18,5,1,12.65,69,694.12,375.14,2,426,2040,0,0,0,0.0,0,
TXN03-02082,3,2026-06-20 18:06:21,455.97,Pharmacy,30008,UPI,DEV-03-4,Web,Chennai,18,5,1,0.93,70,695.01,375.1,287,199,2041,0,0,0,0.0,0,
TXN03-02083,3,2026-06-20 18:26:24,343.78,Pharmacy,30023,UPI,DEV-03-3,Android,Chennai,18,5,1,20.05,71,695.11,375.03,72,319,2042,0,0,0,0.0,0,
TXN03-02084,3,2026-06-20 18:58:50,1500.0,Household,30036,UPI,DEV-03-3,Android,Chennai,18,5,1,32.43,72,692.68,373.68,9,320,2043,0,0,0,0.0,0,
TXN03-02085,3,2026-06-20 19:06:08,1500.0,Household,30011,Card,DEV-03-2,Android,Chennai,19,5,1,7.3,73,694.68,375.36,40,427,2044,0,0,0,0.0,0,
TXN03-02086,3,2026-06-20 19:09:08,642.87,Grocery,30003,UPI,DEV-03-1,Android,Chennai,19,5,1,3.0,74,696.66,377.02,82,714,2045,0,0,0,0.0,0,
TXN03-02087,3,2026-06-20 19:36:57,823.0,Grocery,30002,Card,DEV-03-2,Android,Chennai,19,5,1,27.82,75,695.19,376.06,132,428,2046,0,0,0,0.0,0,
TXN03-02088,3,2026-06-20 19:40:49,698.77,Grocery,30071,Card,DEV-03-1,Android,Chennai,19,5,1,3.87,76,695.5,375.65,2,715,2047,0,0,0,0.0,0,
TXN03-02089,3,2026-06-20 19:51:35,178.79,Household,30011,UPI,DEV-03-1,Android,Chennai,19,5,1,10.77,77,695.51,375.19,41,716,2048,0,0,0,0.0,0,
TXN03-02090,3,2026-06-21 00:01:31,1076.04,Fuel,30001,UPI,DEV-03-1,Android,Chennai,0,6,1,249.93,1,694.24,375.6,276,717,2049,0,0,0,0.0,1,midnight_fuel
TXN03-02091,3,2026-06-21 00:36:48,916.32,Fuel,30001,UPI,DEV-03-1,Android,Chennai,0,6,1,35.28,2,695.17,375.61,277,718,2050,0,0,0,0.0,1,midnight_fuel
TXN03-02092,3,2026-06-21 07:27:48,3000.0,Airport,30001,UPI,DEV-03-1,Android,Ahmedabad,7,6,1,411.0,3,695.71,375.31,278,719,3,0,0,0,1371.81,1,airport_txn
TXN03-02093,3,2026-06-21 08:19:34,412.46,Household,30004,UPI,DEV-03-31,Web,Chennai,8,6,1,51.77,4,699.7,391.0,189,1,2051,1,0,0,1371.81,0,
TXN03-02094,3,2026-06-21 08:21:35,289.63,Pharmacy,30023,Card,DEV-03-32,iPhone,Chennai,8,6,1,2.02,5,699.0,390.78,73,1,2052,1,0,0,0.0,0,
TXN03-02095,3,2026-06-21 08:23:06,1433.05,Pharmacy,30035,Card,DEV-03-15,Android,Chennai,8,6,1,1.52,6,698.0,390.82,16,3,2053,0,0,0,0.0,0,
TXN03-02096,3,2026-06-21 08:24:17,400.93,Household,30029,Card,DEV-03-7,iPhone,Chennai,8,6,1,1.18,7,699.79,392.02,13,68,2054,0,0,0,0.0,0,
TXN03-02097,3,2026-06-21 08:29:54,133.27,Gaming Subscription,30001,UPI,DEV-03-1,Android,Chennai,8,6,1,5.62,8,699.06,391.82,279,720,2055,0,0,0,0.0,1,gaming_subscription
TXN03-02098,3,2026-06-21 08:53:01,151.82,Household,30011,UPI,DEV-03-1,Android,Chennai,8,6,1,23.12,9,696.65,393.06,42,721,2056,0,0,0,0.0,0,
TXN03-02099,3,2026-06-21 08:53:58,308.49,Pharmacy,30072,Card,DEV-03-1,Android,Chennai,8,6,1,0.95,10,696.5,393.26,1,722,2057,0,0,1,0.0,0,
TXN03-02100,3,2026-06-21 08:56:19,227.74,Household,30038,UPI,DEV-03-1,Android,Chennai,8,6,1,2.35,11,695.55,393.25,7,723,2058,0,0,0,0.0,0,
TXN03-02101,3,2026-06-21 09:13:31,1428.58,Household,30011,UPI,DEV-03-3,Android,Chennai,9,6,1,17.2,12,694.41,393.45,43,321,2059,0,0,0,0.0,0,
TXN03-02102,3,2026-06-21 09:20:35,229.0,Grocery,30001,Card,DEV-03-3,Android,Chennai,9,6,1,7.07,13,696.19,394.63,280,322,2060,0,0,0,0.0,0,
TXN03-02103,3,2026-06-21 09:23:11,197.75,Grocery,30006,UPI,DEV-03-2,Android,Chennai,9,6,1,2.6,14,695.06,394.82,63,429,2061,0,0,0,0.0,0,
TXN03-02104,3,2026-06-21 10:06:07,1142.19,Grocery,30001,Card,DEV-03-1,Android,Chennai,10,6,1,42.93,15,691.79,394.34,281,724,2062,0,0,0,0.0,0,
TXN03-02105,3,2026-06-21 10:12:19,400.45,Grocery,30001,UPI,DEV-03-1,Android,Chennai,10,6,1,6.2,16,692.05,394.61,282,725,2063,0,0,0,0.0,0,
TXN03-02106,3,2026-06-21 10:28:46,308.96,Household,30073,Card,DEV-03-33,Web,Chennai,10,6,1,16.45,17,690.83,395.29,1,1,2064,1,0,1,0.0,0,
TXN03-02107,3,2026-06-21 10:42:33,794.7,Pharmacy,30055,Card,DEV-03-1,Android,Chennai,10,6,1,13.78,18,687.03,394.09,3,726,2065,0,0,0,0.0,0,
TXN03-02108,3,2026-06-21 10:42:55,212.36,Household,30009,Card,DEV-03-4,Web,Chennai,10,6,1,0.37,19,687.29,393.64,71,200,2066,0,0,0,0.0,0,
TXN03-02109,3,2026-06-21 11:04:34,324.31,Pharmacy,30032,Card,DEV-03-2,Android,Chennai,11,6,1,21.65,20,686.37,394.96,24,430,2067,0,0,0,0.0,0,
TXN03-02110,3,2026-06-21 11:08:25,864.75,Grocery,30015,UPI,DEV-03-5,iPhone,Chennai,11,6,1,3.85,21,685.92,395.27,27,130,2068,0,0,0,0.0,0,
TXN03-02111,3,2026-06-21 11:12:32,525.8,Grocery,30007,UPI,DEV-03-6,Web,Chennai,11,6,1,4.12,22,685.7,395.15,43,85,2069,0,0,0,0.0,0,
TXN03-02112,3,2026-06-21 11:18:14,364.6,Pharmacy,30008,Card,DEV-03-2,Android,Chennai,11,6,1,5.7,23,684.1,394.49,288,431,2070,0,0,0,0.0,0,
TXN03-02113,3,2026-06-21 11:21:13,912.9,Pharmacy,30023,UPI,DEV-03-1,Android,Chennai,11,6,1,2.98,24,683.9,394.63,74,727,2071,0,0,0,0.0,0,
TXN03-02114,3,2026-06-21 11:30:51,567.74,Pharmacy,30008,Card,DEV-03-3,Android,Chennai,11,6,1,9.63,25,684.47,394.3,289,323,2072,0,0,0,0.0,0,
TXN03-02115,3,2026-06-21 11:31:33,441.27,Grocery,30018,Card,DEV-03-3,Android,Chennai,11,6,1,0.7,26,684.18,393.86,29,324,2073,0,0,0,0.0,0,
TXN03-02116,3,2026-06-21 11:40:14,285.12,Pharmacy,30054,UPI,DEV-03-1,Android,Chennai,11,6,1,8.68,27,683.59,393.56,3,728,2074,0,0,0,0.0,0,
TXN03-02117,3,2026-06-21 11:42:42,606.05,Grocery,30003,Card,DEV-03-1,Android,Chennai,11,6,1,2.47,28,682.1,393.92,83,729,2075,0,0,0,0.0,0,
TXN03-02118,3,2026-06-21 11:49:09,1066.29,Pharmacy,30032,Card,DEV-03-4,Web,Chennai,11,6,1,6.45,29,681.91,393.46,25,201,2076,0,0,0,0.0,0,
TXN03-02119,3,2026-06-21 12:19:25,607.61,Pharmacy,30035,UPI,DEV-03-2,Android,Chennai,12,6,1,30.27,30,683.35,393.76,17,432,2077,0,0,0,0.0,0,
TXN03-02120,3,2026-06-21 12:30:08,696.22,Grocery,30001,UPI,DEV-03-7,iPhone,Chennai,12,6,1,10.72,31,683.65,393.66,283,69,2078,0,0,0,0.0,0,
TXN03-02121,3,2026-06-21 12:47:27,1233.67,Household,30074,Card,DEV-03-2,Android,Chennai,12,6,1,17.32,32,680.28,391.09,1,433,2079,0,0,1,0.0,0,
TXN03-02122,3,2026-06-21 13:04:38,824.11,Grocery,30001,UPI,DEV-03-2,Android,Chennai,13,6,1,17.18,33,681.64,391.57,284,434,2080,0,0,0,0.0,0,
TXN03-02123,3,2026-06-21 13:05:24,947.75,Pharmacy,30032,UPI,DEV-03-2,Android,Chennai,13,6,1,0.77,34,681.99,391.15,26,435,2081,0,0,0,0.0,0,
TXN03-02124,3,2026-06-21 13:24:03,612.48,Household,30050,UPI,DEV-03-1,Android,Chennai,13,6,1,18.65,35,682.72,391.36,7,730,2082,0,0,0,0.0,0,
TXN03-02125,3,2026-06-21 13:30:12,248.0,Household,30004,Card,DEV-03-1,Android,Chennai,13,6,1,6.15,36,682.5,391.38,190,731,2083,0,0,0,0.0,0,
TXN03-02126,3,2026-06-21 13:41:20,744.71,Pharmacy,30028,Card,DEV-03-1,Android,Chennai,13,6,1,11.13,37,681.43,391.97,31,732,2084,0,0,0,0.0,0,
TXN03-02127,3,2026-06-21 13:41:41,618.03,Grocery,30015,Card,DEV-03-2,Android,Chennai,13,6,1,0.35,38,681.59,391.5,28,436,2085,0,0,0,0.0,0,
TXN03-02128,3,2026-06-21 14:02:32,819.31,Grocery,30010,UPI,DEV-03-14,Android,Chennai,14,6,1,20.85,39,678.67,390.72,52,8,2086,0,0,0,0.0,0,
TXN03-02129,3,2026-06-21 14:06:02,549.15,Household,30075,UPI,DEV-03-5,iPhone,Chennai,14,6,1,3.5,40,679.02,390.3,1,131,2087,0,0,1,0.0,0,
TXN03-02130,3,2026-06-21 15:06:16,1312.56,Household,30004,UPI,DEV-03-1,Android,Chennai,15,6,1,60.23,41,676.86,388.64,191,733,2088,0,0,0,0.0,0,
TXN03-02131,3,2026-06-21 15:11:56,389.2,Household,30060,UPI,DEV-03-1,Android,Chennai,15,6,1,5.67,42,678.45,389.45,3,734,2089,0,0,0,0.0,0,
TXN03-02132,3,2026-06-21 15:16:51,1079.26,Grocery,30022,UPI,DEV-03-1,Android,Chennai,15,6,1,4.92,43,677.73,389.23,22,735,2090,0,0,0,0.0,0,
TXN03-02133,3,2026-06-21 15:28:15,439.54,Grocery,30001,Card,DEV-03-2,Android,Chennai,15,6,1,11.4,44,681.68,389.16,285,437,2091,0,0,0,0.0,0,
TXN03-02134,3,2026-06-21 15:32:08,940.62,Pharmacy,30023,Card,DEV-03-34,Web,Chennai,15,6,1,3.88,45,681.08,388.87,75,1,2092,1,0,0,0.0,0,
TXN03-02135,3,2026-06-21 16:15:34,263.36,Household,30009,UPI,DEV-03-4,Web,Chennai,16,6,1,43.43,46,680.98,388.72,72,202,2093,0,0,0,0.0,0,
TXN03-02136,3,2026-06-21 16:20:49,429.04,Grocery,30071,Card,DEV-03-2,Android,Chennai,16,6,1,5.25,47,679.93,388.79,3,438,2094,0,0,0,0.0,0,
TXN03-02137,3,2026-06-21 16:45:11,1144.0,Grocery,30033,Card,DEV-03-4,Web,Chennai,16,6,1,24.37,48,679.66,389.85,11,203,2095,0,0,0,0.0,0,
TXN03-02138,3,2026-06-21 16:50:55,646.52,Grocery,30002,Card,DEV-03-2,Android,Chennai,16,6,1,5.73,49,681.21,390.46,133,439,2096,0,0,0,0.0,0,
TXN03-02139,3,2026-06-21 17:19:40,722.43,Grocery,30067,UPI,DEV-03-7,iPhone,Chennai,17,6,1,28.75,50,681.56,390.37,3,70,2097,0,0,0,0.0,0,
TXN03-02140,3,2026-06-21 17:31:22,1073.28,Household,30073,Card,DEV-03-3,Android,Chennai,17,6,1,11.7,51,682.25,390.74,2,325,2098,0,0,0,0.0,0,
TXN03-02141,3,2026-06-21 17:36:52,1500.0,Grocery,30006,Card,DEV-03-2,Android,Chennai,17,6,1,5.5,52,683.24,390.74,64,440,2099,0,0,0,0.0,0,
TXN03-02142,3,2026-06-21 17:54:30,1500.0,Household,30004,UPI,DEV-03-7,iPhone,Chennai,17,6,1,17.63,53,684.64,393.17,192,71,2100,0,0,0,0.0,0,
TXN03-02143,3,2026-06-21 18:09:29,521.46,Grocery,30006,Card,DEV-03-6,Web,Chennai,18,6,1,14.98,54,686.1,395.39,65,86,2101,0,0,0,0.0,0,
TXN03-02144,3,2026-06-21 18:32:38,313.25,Household,30013,Card,DEV-03-1,Android,Chennai,18,6,1,23.15,55,680.81,390.45,30,736,2102,0,0,0,0.0,0,
TXN03-02145,3,2026-06-21 18:40:31,1500.0,Grocery,30015,UPI,DEV-03-9,Web,Chennai,18,6,1,7.88,56,679.87,390.39,29,25,2103,0,0,0,0.0,0,
TXN03-02146,3,2026-06-21 18:51:17,647.34,Pharmacy,30008,UPI,DEV-03-2,Android,Chennai,18,6,1,10.77,57,679.87,390.39,290,441,2104,0,0,0,0.0,0,
TXN03-02147,3,2026-06-21 19:10:31,639.01,Household,30009,Card,DEV-03-1,Android,Chennai,19,6,1,19.23,58,680.78,390.81,73,737,2105,0,0,0,0.0,0,
TXN03-02148,3,2026-06-21 19:15:38,370.05,Grocery,30059,UPI,DEV-03-3,Android,Chennai,19,6,1,5.12,59,680.67,390.32,6,326,2106,0,0,0,0.0,0,
TXN03-02149,3,2026-06-21 19:35:20,1162.25,Grocery,30014,Card,DEV-03-3,Android,Chennai,19,6,1,19.7,60,673.78,388.51,41,327,2107,0,0,0,0.0,0,
TXN03-02150,3,2026-06-21 19:52:56,326.76,Grocery,30059,Card,DEV-03-6,Web,Chennai,19,6,1,17.6,61,675.75,389.68,7,87,2108,0,0,0,0.0,0,
TXN03-02151,3,2026-06-21 19:53:16,285.91,Pharmacy,30008,Card,DEV-03-4,Web,Chennai,19,6,1,0.33,62,674.84,389.58,291,204,2109,0,0,0,0.0,0,
TXN03-02152,3,2026-06-21 19:57:26,566.09,Pharmacy,30023,UPI,DEV-03-1,Android,Chennai,19,6,1,4.17,63,674.18,390.02,76,738,2110,0,0,0,0.0,0,
TXN03-02153,3,2026-06-21 22:10:24,775.42,Household,30016,UPI,DEV-03-10,Android,Chennai,22,6,1,132.97,64,673.9,389.55,26,28,2111,0,0,0,0.0,1,ato_odd_hour_short_gap
TXN03-02154,3,2026-06-22 00:41:46,676.39,Fuel,30001,UPI,DEV-03-1,Android,Chennai,0,0,0,151.37,1,674.65,389.47,286,739,2112,0,0,0,0.0,1,midnight_fuel
TXN03-02155,3,2026-06-22 00:52:21,158.84,Fuel,30001,UPI,DEV-03-1,Android,Chennai,0,0,0,10.58,2,674.66,388.96,287,740,2113,0,0,0,0.0,1,midnight_fuel
TXN03-02156,3,2026-06-22 08:22:43,456.2,Pharmacy,30049,Card,DEV-03-4,Web,Chennai,8,0,0,450.37,3,672.24,389.26,7,205,2114,0,0,0,0.0,0,
TXN03-02157,3,2026-06-22 08:30:31,427.3,Grocery,30034,UPI,DEV-03-8,Web,Chennai,8,0,0,7.8,4,672.29,389.22,10,30,2115,0,0,0,0.0,0,
TXN03-02158,3,2026-06-22 08:34:28,1091.95,Household,30076,Card,DEV-03-1,Android,Chennai,8,0,0,3.95,5,672.57,389.01,1,741,2116,0,0,1,0.0,0,
TXN03-02159,3,2026-06-22 08:41:09,588.81,Grocery,30002,Card,DEV-03-8,Web,Chennai,8,0,0,6.68,6,674.13,389.48,134,31,2117,0,0,0,0.0,0,
TXN03-02160,3,2026-06-22 08:42:27,1500.0,Pharmacy,30008,UPI,DEV-03-2,Android,Chennai,8,0,0,1.3,7,673.91,389.0,292,442,2118,0,0,0,0.0,0,
TXN03-02161,3,2026-06-22 08:43:00,1500.0,Household,30077,Card,DEV-03-2,Android,Chennai,8,0,0,0.55,8,676.04,390.75,3,443,2119,0,0,0,0.0,0,
TXN03-02162,3,2026-06-22 08:44:56,1374.93,Grocery,30001,Card,DEV-03-2,Android,Chennai,8,0,0,1.93,9,678.15,392.48,288,444,2120,0,0,0,0.0,0,
TXN03-02163,3,2026-06-22 08:55:58,1010.71,Pharmacy,30008,UPI,DEV-03-3,Android,Chennai,8,0,0,11.03,10,680.17,394.03,293,328,2121,0,0,0,0.0,0,
TXN03-02164,3,2026-06-22 09:14:09,1500.0,Household,30013,Card,DEV-03-3,Android,Chennai,9,0,0,18.18,11,682.15,395.15,31,329,2122,0,0,0,0.0,0,
TXN03-02165,3,2026-06-22 09:20:46,831.41,Household,30004,UPI,DEV-03-13,Android,Chennai,9,0,0,6.62,12,684.93,397.11,193,6,2123,0,0,0,0.0,0,
TXN03-02166,3,2026-06-22 09:20:48,861.35,Grocery,30002,Card,DEV-03-1,Android,Chennai,9,0,0,0.03,13,685.3,396.67,135,742,2124,0,0,0,0.0,0,
TXN03-02167,3,2026-06-22 09:30:41,389.26,Pharmacy,30008,UPI,DEV-03-2,Android,Chennai,9,0,0,9.88,14,686.22,396.66,294,445,2125,0,0,0,0.0,0,
TXN03-02168,3,2026-06-22 09:40:53,277.55,Grocery,30003,Card,DEV-03-6,Web,Chennai,9,0,0,10.2,15,685.95,396.48,84,88,2126,0,0,0,0.0,0,
TXN03-02169,3,2026-06-22 09:52:34,454.06,Household,30004,Card,DEV-03-5,iPhone,Chennai,9,0,0,11.68,16,684.9,396.51,194,132,2127,0,0,0,0.0,0,
TXN03-02170,3,2026-06-22 10:13:27,1500.0,Pharmacy,30023,UPI,DEV-03-1,Android,Chennai,10,0,0,20.88,17,684.31,396.18,77,743,2128,0,0,0,0.0,0,
TXN03-02171,3,2026-06-22 10:14:21,745.8,Grocery,30010,UPI,DEV-03-3,Android,Chennai,10,0,0,0.9,18,686.4,397.81,53,330,2129,0,0,0,0.0,0,
TXN03-02172,3,2026-06-22 10:19:15,400.06,Household,30004,Card,DEV-03-3,Android,Chennai,10,0,0,4.9,19,686.55,397.31,195,331,2130,0,0,0,0.0,0,
TXN03-02173,3,2026-06-22 10:32:08,619.26,Grocery,30003,UPI,DEV-03-5,iPhone,Chennai,10,0,0,12.88,20,686.87,397.77,85,133,2131,0,0,0,0.0,0,
TXN03-02174,3,2026-06-22 10:33:36,762.61,Household,30011,UPI,DEV-03-1,Android,Chennai,10,0,0,1.47,21,687.76,397.24,44,744,2132,0,0,0,0.0,0,
TXN03-02175,3,2026-06-22 10:39:17,1011.19,Household,30004,UPI,DEV-03-1,Android,Chennai,10,0,0,5.68,22,687.95,396.75,196,745,2133,0,0,0,0.0,0,
TXN03-02176,3,2026-06-22 10:41:08,684.78,Grocery,30001,Card,DEV-03-1,Android,Chennai,10,0,0,1.85,23,688.77,396.58,289,746,2134,0,0,0,0.0,0,
TXN03-02177,3,2026-06-22 10:58:58,764.01,Grocery,30001,Card,DEV-03-1,Android,Chennai,10,0,0,17.83,24,690.49,396.93,290,747,2135,0,0,0,0.0,0,
TXN03-02178,3,2026-06-22 11:03:04,846.61,Household,30056,Card,DEV-03-1,Android,Chennai,11,0,0,4.1,25,690.68,396.44,6,748,2136,0,0,0,0.0,0,
TXN03-02179,3,2026-06-22 11:22:14,826.69,Household,30024,UPI,DEV-03-11,Web,Chennai,11,0,0,19.17,26,692.69,396.36,16,17,2137,0,0,0,0.0,0,
TXN03-02180,3,2026-06-22 11:38:51,437.73,Pharmacy,30025,UPI,DEV-03-2,Android,Chennai,11,0,0,16.62,27,694.3,396.18,54,446,2138,0,0,0,0.0,0,
TXN03-02181,3,2026-06-22 11:41:53,1500.0,Household,30077,Card,DEV-03-11,Web,Chennai,11,0,0,3.03,28,694.02,396.32,4,18,2139,0,0,0,0.0,0,
TXN03-02182,3,2026-06-22 11:41:57,117.47,Gaming Subscription,30001,UPI,DEV-03-1,Android,Chennai,11,0,0,0.07,29,696.11,397.93,291,749,2140,0,0,0,0.0,1,gaming_subscription
TXN03-02183,3,2026-06-22 11:54:57,609.96,Grocery,30010,UPI,DEV-03-3,Android,Chennai,11,0,0,13.0,30,694.84,398.99,54,332,2141,0,0,0,0.0,0,
TXN03-02184,3,2026-06-22 12:14:33,257.86,Grocery,30001,Card,DEV-03-5,iPhone,Chennai,12,0,0,19.6,31,695.18,398.6,292,134,2142,0,0,0,0.0,0,
TXN03-02185,3,2026-06-22 12:34:48,1060.71,Pharmacy,30055,Card,DEV-03-3,Android,Chennai,12,0,0,20.25,32,694.28,399.19,4,333,2143,0,0,0,0.0,0,
TXN03-02186,3,2026-06-22 12:36:06,484.83,Household,30024,Card,DEV-03-1,Android,Chennai,12,0,0,1.3,33,695.23,399.11,17,750,2144,0,0,0,0.0,0,
TXN03-02187,3,2026-06-22 13:06:02,460.88,Pharmacy,30044,UPI,DEV-03-2,Android,Chennai,13,0,0,29.93,34,695.65,399.52,10,447,2145,0,0,0,0.0,0,
TXN03-02188,3,2026-06-22 13:21:34,686.12,Household,30061,Card,DEV-03-2,Android,Chennai,13,0,0,15.53,35,695.04,399.18,3,448,2146,0,0,0,0.0,0,
TXN03-02189,3,2026-06-22 13:22:41,261.93,Grocery,30018,Card,DEV-03-1,Android,Chennai,13,0,0,1.12,36,695.02,398.67,30,751,2147,0,0,0,0.0,0,
TXN03-02190,3,2026-06-22 13:23:30,649.45,Grocery,30001,Card,DEV-03-1,Android,Chennai,13,0,0,0.82,37,693.9,398.76,293,752,2148,0,0,0,0.0,0,
TXN03-02191,3,2026-06-22 13:29:12,261.03,Household,30056,Card,DEV-03-4,Web,Chennai,13,0,0,5.7,38,693.79,398.25,7,206,2149,0,0,0,0.0,0,
TXN03-02192,3,2026-06-22 13:31:05,623.94,Household,30036,UPI,DEV-03-6,Web,Chennai,13,0,0,1.88,39,694.1,397.87,10,89,2150,0,0,0,0.0,0,
TXN03-02193,3,2026-06-22 13:33:19,1027.31,Grocery,30002,UPI,DEV-03-2,Android,Chennai,13,0,0,2.23,40,693.92,397.37,136,449,2151,0,0,0,0.0,0,
TXN03-02194,3,2026-06-22 13:49:06,872.84,Household,30004,Card,DEV-03-4,Web,Chennai,13,0,0,15.78,41,694.77,397.22,197,207,2152,0,0,0,0.0,0,
TXN03-02195,3,2026-06-22 13:55:56,180.07,Grocery,30002,Card,DEV-03-1,Android,Chennai,13,0,0,6.83,42,695.23,396.81,137,753,2153,0,0,0,0.0,0,
TXN03-02196,3,2026-06-22 14:00:28,608.52,Grocery,30033,Card,DEV-03-2,Android,Indore,14,0,0,4.53,43,693.91,397.16,12,450,3,0,0,0,1168.6,0,
TXN03-02197,3,2026-06-22 14:03:28,224.59,Grocery,30018,UPI,DEV-03-1,Android,Chennai,14,0,0,3.0,44,693.69,396.67,31,754,2154,0,0,0,1168.6,0,
TXN03-02198,3,2026-06-22 14:17:48,1304.5,Pharmacy,30008,UPI,DEV-03-6,Web,Chennai,14,0,0,14.33,45,692.5,396.87,295,90,2155,0,0,0,0.0,0,
TXN03-02199,3,2026-06-22 14:26:34,359.91,Household,30004,UPI,DEV-03-9,Web,Chennai,14,0,0,8.77,46,694.05,397.56,198,26,2156,0,0,0,0.0,0,
TXN03-02200,3,2026-06-22 14:36:54,810.62,Household,30060,Card,DEV-03-1,Android,Chennai,14,0,0,10.33,47,694.37,397.25,4,755,2157,0,0,0,0.0,0,
TXN03-02201,3,2026-06-22 14:52:33,760.26,Grocery,30043,Card,DEV-03-4,Web,Chennai,14,0,0,15.65,48,692.62,395.21,6,208,2158,0,0,0,0.0,0,
TXN03-02202,3,2026-06-22 14:55:05,561.53,Grocery,30015,UPI,DEV-03-1,Android,Chennai,14,0,0,2.53,49,694.06,394.42,30,756,2159,0,0,0,0.0,0,
TXN03-02203,3,2026-06-22 15:00:45,846.02,Grocery,30001,Card,DEV-03-3,Android,Chennai,15,0,0,5.67,50,693.72,393.98,294,334,2160,0,0,0,0.0,0,
TXN03-02204,3,2026-06-22 15:09:33,377.58,Grocery,30047,UPI,DEV-03-1,Android,Chennai,15,0,0,8.8,51,694.11,393.56,8,757,2161,0,0,0,0.0,0,
TXN03-02205,3,2026-06-22 15:18:04,458.0,Pharmacy,30008,UPI,DEV-03-2,Android,Chennai,15,0,0,8.52,52,693.31,393.38,296,451,2162,0,0,0,0.0,0,
TXN03-02206,3,2026-06-22 15:20:55,503.53,Household,30061,Card,DEV-03-3,Android,Chennai,15,0,0,2.85,53,692.72,393.07,4,335,2163,0,0,0,0.0,0,
TXN03-02207,3,2026-06-22 15:26:06,749.91,Grocery,30001,UPI,DEV-03-2,Android,Chennai,15,0,0,5.18,54,693.03,392.87,295,452,2164,0,0,0,0.0,0,
TXN03-02208,3,2026-06-22 15:41:06,1500.0,Grocery,30002,UPI,DEV-03-10,Android,Chennai,15,0,0,15.0,55,695.38,392.07,138,29,2165,0,0,0,0.0,0,
TXN03-02209,3,2026-06-22 15:51:39,1207.62,Grocery,30003,UPI,DEV-03-2,Android,Chennai,15,0,0,10.55,56,697.4,393.64,86,453,2166,0,0,0,0.0,0,
TXN03-02210,3,2026-06-22 15:57:30,1192.75,Household,30004,Card,DEV-03-5,iPhone,Chennai,15,0,0,5.85,57,698.68,393.97,199,135,2167,0,0,0,0.0,0,
TXN03-02211,3,2026-06-22 16:05:49,544.37,Pharmacy,30025,UPI,DEV-03-1,Android,Chennai,16,0,0,8.32,58,699.58,394.69,55,758,2168,0,0,0,0.0,1,ato_higher_amount
TXN03-02212,3,2026-06-22 16:12:02,693.52,Pharmacy,30008,Card,DEV-03-3,Android,Chennai,16,0,0,6.22,59,699.2,394.28,297,336,2169,0,0,0,0.0,0,
TXN03-02213,3,2026-06-22 16:29:47,633.17,Grocery,30001,UPI,DEV-03-8,Web,Chennai,16,0,0,17.75,60,697.95,393.01,296,32,2170,0,0,0,0.0,0,
TXN03-02214,3,2026-06-22 16:30:04,351.64,Grocery,30034,Card,DEV-03-2,Android,Chennai,16,0,0,0.28,61,697.83,393.03,11,454,2171,0,0,0,0.0,0,
TXN03-02215,3,2026-06-22 16:44:52,366.8,Household,30005,UPI,DEV-03-3,Android,Chennai,16,0,0,14.8,62,698.23,392.58,94,337,2172,0,0,0,0.0,0,
TXN03-02216,3,2026-06-22 17:29:22,1121.73,Grocery,30068,Card,DEV-03-1,Android,Chennai,17,0,0,44.5,63,697.43,393.36,2,759,2173,0,0,0,0.0,0,
TXN03-02217,3,2026-06-22 17:34:02,728.73,Grocery,30041,Card,DEV-03-10,Android,Chennai,17,0,0,4.67,64,698.59,394.43,6,30,2174,0,0,0,0.0,0,
TXN03-02218,3,2026-06-22 17:37:19,344.89,Household,30005,UPI,DEV-03-8,Web,Chennai,17,0,0,3.28,65,698.66,393.94,95,33,2175,0,0,0,0.0,0,
TXN03-02219,3,2026-06-22 17:47:55,803.57,Grocery,30006,Card,DEV-03-2,Android,Chennai,17,0,0,10.6,66,697.46,394.28,66,455,2176,0,0,0,0.0,0,
TXN03-02220,3,2026-06-22 17:51:57,715.17,Grocery,30048,UPI,DEV-03-1,Android,Chennai,17,0,0,4.03,67,697.73,393.83,6,760,2177,0,0,0,0.0,0,
TXN03-02221,3,2026-06-22 18:20:14,423.08,Pharmacy,30008,UPI,DEV-03-3,Android,Chennai,18,0,0,28.28,68,693.31,391.32,298,338,2178,0,0,0,0.0,0,
TXN03-02222,3,2026-06-22 18:43:04,756.71,Pharmacy,30028,Card,DEV-03-1,Android,Chennai,18,0,0,22.83,69,693.52,391.16,32,761,2179,0,0,0,0.0,0,
TXN03-02223,3,2026-06-22 18:43:39,872.23,Grocery,30020,Card,DEV-03-1,Android,Chennai,18,0,0,0.58,70,693.68,390.68,17,762,2180,0,0,0,0.0,0,
TXN03-02224,3,2026-06-22 18:57:34,576.84,Pharmacy,30023,UPI,DEV-03-4,Web,Chennai,18,0,0,13.92,71,694.37,390.75,78,209,2181,0,0,0,0.0,0,
TXN03-02225,3,2026-06-22 19:04:09,762.65,Household,30036,Card,DEV-03-3,Android,Chennai,19,0,0,6.58,72,694.97,391.0,11,339,2182,0,0,0,0.0,0,
TXN03-02226,3,2026-06-22 19:04:11,561.35,Grocery,30001,UPI,DEV-03-5,iPhone,Chennai,19,0,0,0.03,73,695.14,390.53,297,136,2183,0,0,0,0.0,0,
TXN03-02227,3,2026-06-22 19:08:05,1026.66,Grocery,30019,Card,DEV-03-1,Android,Chennai,19,0,0,3.9,74,694.81,390.58,39,763,2184,0,0,0,0.0,0,
TXN03-02228,3,2026-06-22 19:21:54,571.02,Household,30004,UPI,DEV-03-3,Android,Chennai,19,0,0,13.82,75,695.64,390.45,200,340,2185,0,0,0,0.0,0,
TXN03-02229,3,2026-06-22 19:23:42,501.64,Household,30004,UPI,DEV-03-4,Web,Chennai,19,0,0,1.8,76,695.33,390.01,201,210,2186,0,0,0,0.0,0,
TXN03-02230,3,2026-06-22 19:23:48,1468.16,Household,30005,Card,DEV-03-2,Android,Chennai,19,0,0,0.1,77,694.85,389.64,96,456,2187,0,0,0,0.0,0,
TXN03-02231,3,2026-06-22 19:53:50,198.35,Grocery,30001,Card,DEV-03-1,Android,Chennai,19,0,0,30.03,78,697.97,391.17,298,764,2188,0,0,0,0.0,0,
TXN03-02232,3,2026-06-22 19:59:22,598.93,Grocery,30010,UPI,DEV-03-4,Web,Chennai,19,0,0,5.53,79,697.26,391.82,55,211,2189,0,0,0,0.0,0,
TXN03-02233,3,2026-06-23 00:20:32,379.23,Fuel,30001,UPI,DEV-03-1,Android,Chennai,0,1,0,261.17,1,697.02,391.36,299,765,2190,0,0,0,0.0,1,midnight_fuel
TXN03-02234,3,2026-06-23 08:13:45,1500.0,Household,30004,UPI,DEV-03-4,Web,Chennai,8,1,0,473.22,2,695.28,390.34,202,212,2191,0,0,0,0.0,0,
TXN03-02235,3,2026-06-23 08:20:03,440.18,Household,30016,UPI,DEV-03-7,iPhone,Chennai,8,1,0,6.3,3,697.29,391.91,27,72,2192,0,0,0,0.0,0,
TXN03-02236,3,2026-06-23 08:28:31,1451.92,Grocery,30026,Card,DEV-03-2,Android,Chennai,8,1,0,8.47,4,696.65,391.63,13,457,2193,0,0,0,0.0,0,
TXN03-02237,3,2026-06-23 10:07:19,402.63,Grocery,30001,Card,DEV-03-6,Web,Chennai,10,1,0,98.8,5,702.57,393.24,300,91,2194,0,0,0,0.0,0,
TXN03-02238,3,2026-06-23 10:19:01,725.34,Pharmacy,30054,Card,DEV-03-3,Android,Chennai,10,1,0,11.7,6,702.24,394.41,4,341,2195,0,0,0,0.0,0,
TXN03-02239,3,2026-06-23 10:39:11,590.71,Grocery,30052,Card,DEV-03-1,Android,Chennai,10,1,0,20.17,7,702.29,393.91,8,766,2196,0,0,0,0.0,0,
TXN03-02240,3,2026-06-23 10:58:06,202.05,Gaming Subscription,30001,UPI,DEV-03-1,Android,Chennai,10,1,0,18.92,8,702.59,394.58,301,767,2197,0,0,0,0.0,1,gaming_subscription
TXN03-02241,3,2026-06-23 11:35:44,332.12,Grocery,30002,Card,DEV-03-2,Android,Chennai,11,1,0,37.63,9,701.85,393.51,139,458,2198,0,0,0,0.0,0,
TXN03-02242,3,2026-06-23 11:53:40,1500.0,Grocery,30002,UPI,DEV-03-3,Android,Chennai,11,1,0,17.93,10,701.06,394.2,140,342,2199,0,0,0,0.0,0,
TXN03-02243,3,2026-06-23 12:07:11,304.23,Pharmacy,30023,UPI,DEV-03-1,Android,Chennai,12,1,0,13.52,11,703.09,395.75,79,768,2200,0,0,0,0.0,0,
TXN03-02244,3,2026-06-23 12:18:09,286.06,Household,30004,Card,DEV-03-2,Android,Chennai,12,1,0,10.97,12,702.08,395.76,203,459,2201,0,0,0,0.0,0,
TXN03-02245,3,2026-06-23 12:39:34,763.93,Grocery,30001,Card,DEV-03-3,Android,Chennai,12,1,0,21.42,13,702.22,395.61,302,343,2202,0,0,0,0.0,0,
TXN03-02246,3,2026-06-23 12:58:52,860.35,Grocery,30010,Card,DEV-03-4,Web,Chennai,12,1,0,19.3,14,700.35,393.57,56,213,2203,0,0,0,0.0,0,
TXN03-02247,3,2026-06-23 13:08:21,789.4,Household,30061,Card,DEV-03-1,Android,Chennai,13,1,0,9.48,15,702.07,392.78,5,769,2204,0,0,0,0.0,0,
TXN03-02248,3,2026-06-23 13:36:18,606.94,Grocery,30015,UPI,DEV-03-4,Web,Chennai,13,1,0,27.95,16,701.81,393.7,31,214,2205,0,0,0,0.0,0,
TXN03-02249,3,2026-06-23 13:39:40,440.96,Grocery,30019,UPI,DEV-03-3,Android,Chennai,13,1,0,3.37,17,701.57,393.23,40,344,2206,0,0,0,0.0,0,
TXN03-02250,3,2026-06-23 14:18:44,401.1,Grocery,30002,UPI,DEV-03-1,Android,Chennai,14,1,0,39.07,18,702.03,393.6,141,770,2207,0,0,0,0.0,0,
TXN03-02251,3,2026-06-23 14:20:44,428.97,Grocery,30001,Card,DEV-03-7,iPhone,Chennai,14,1,0,2.0,19,701.26,393.39,303,73,2208,0,0,0,0.0,0,
TXN03-02252,3,2026-06-23 14:27:39,561.02,Grocery,30057,UPI,DEV-03-2,Android,Chennai,14,1,0,6.92,20,702.53,393.87,2,460,2209,0,0,0,0.0,0,
TXN03-02253,3,2026-06-23 14:39:10,1500.0,Grocery,30003,Card,DEV-03-13,Android,Chennai,14,1,0,11.52,21,703.03,391.96,87,7,2210,0,0,0,0.0,0,
TXN03-02254,3,2026-06-23 14:39:53,640.26,Household,30016,Card,DEV-03-7,iPhone,Chennai,14,1,0,0.72,22,705.08,393.53,28,74,2211,0,0,0,0.0,0,
TXN03-02255,3,2026-06-23 15:25:03,991.51,Pharmacy,30028,Card,DEV-03-1,Android,Chennai,15,1,0,45.17,23,704.98,394.78,33,771,2212,0,0,0,0.0,0,
TXN03-02256,3,2026-06-23 15:35:12,1423.4,Pharmacy,30078,UPI,DEV-03-1,Android,Chennai,15,1,0,10.15,24,705.73,394.54,1,772,2213,0,0,1,0.0,0,
TXN03-02257,3,2026-06-23 15:45:27,352.69,Grocery,30019,Card,DEV-03-10,Android,Chennai,15,1,0,10.25,25,707.29,396.19,41,31,2214,0,0,0,0.0,0,
TXN03-02258,3,2026-06-23 16:35:04,302.74,Pharmacy,30065,UPI,DEV-03-2,Android,Chennai,16,1,0,49.62,26,702.74,394.7,3,461,2215,0,0,0,0.0,0,
TXN03-02259,3,2026-06-23 16:47:52,804.58,Household,30012,UPI,DEV-03-1,Android,Chennai,16,1,0,12.8,27,702.65,394.79,42,773,2216,0,0,0,0.0,0,
TXN03-02260,3,2026-06-23 16:52:57,609.77,Pharmacy,30078,Card,DEV-03-1,Android,Chennai,16,1,0,5.08,28,702.91,394.31,2,774,2217,0,0,0,0.0,0,
TXN03-02261,3,2026-06-23 17:12:43,292.18,Grocery,30010,Card,DEV-03-1,Android,Chennai,17,1,0,19.77,29,700.98,392.83,57,775,2218,0,0,0,0.0,0,
TXN03-02262,3,2026-06-23 17:39:48,625.14,Household,30005,Card,DEV-03-5,iPhone,Chennai,17,1,0,27.08,30,702.47,392.27,97,137,2219,0,0,0,0.0,0,
TXN03-02263,3,2026-06-23 18:29:33,288.5,Grocery,30043,UPI,DEV-03-1,Android,Chennai,18,1,0,49.75,31,699.79,389.41,7,776,2220,0,0,0,0.0,0,
TXN03-02264,3,2026-06-23 18:37:53,1104.77,Household,30004,UPI,DEV-03-4,Web,Chennai,18,1,0,8.33,32,698.7,389.47,204,215,2221,0,0,0,0.0,0,
TXN03-02265,3,2026-06-23 19:26:31,363.19,Pharmacy,30035,Card,DEV-03-2,Android,Chennai,19,1,0,48.63,33,699.72,389.45,18,462,2222,0,0,0,0.0,0,
TXN03-02266,3,2026-06-24 08:04:50,1228.47,Pharmacy,30058,UPI,DEV-03-7,iPhone,Chennai,8,2,0,758.32,1,699.31,390.82,4,75,2223,0,0,0,0.0,0,
TXN03-02267,3,2026-06-24 08:04:51,1386.13,Household,30005,UPI,DEV-03-7,iPhone,Chennai,8,2,0,0.02,2,700.72,391.25,98,76,2224,0,0,0,0.0,0,
TXN03-02268,3,2026-06-24 08:15:37,590.47,Household,30009,UPI,DEV-03-1,Android,Chennai,8,2,0,10.77,3,700.22,392.07,74,777,2225,0,0,0,0.0,0,
TXN03-02269,3,2026-06-24 08:17:00,814.07,Household,30004,Card,DEV-03-1,Android,Chennai,8,2,0,1.38,4,699.93,391.59,205,778,2226,0,0,0,0.0,0,
TXN03-02270,3,2026-06-24 08:34:32,363.68,Grocery,30006,Card,DEV-03-3,Android,Chennai,8,2,0,17.53,5,700.11,391.63,67,345,2227,0,0,0,0.0,0,
TXN03-02271,3,2026-06-24 09:59:45,1500.0,Grocery,30002,Card,DEV-03-1,Android,Chennai,9,2,0,85.22,6,698.0,390.23,142,779,2228,0,0,0,0.0,0,
TXN03-02272,3,2026-06-24 10:04:47,387.36,Pharmacy,30025,Card,DEV-03-2,Android,Chennai,10,2,0,5.03,7,700.17,391.93,56,463,2229,0,0,0,0.0,0,
TXN03-02273,3,2026-06-24 10:10:17,1487.68,Household,30050,Card,DEV-03-5,iPhone,Chennai,10,2,0,5.5,8,699.33,391.73,8,138,2230,0,0,0,0.0,0,
TXN03-02274,3,2026-06-24 10:13:45,854.78,Grocery,30001,UPI,DEV-03-5,iPhone,Chennai,10,2,0,3.47,9,701.45,393.33,304,139,2231,0,0,0,0.0,0,
TXN03-02275,3,2026-06-24 10:19:09,357.63,Grocery,30041,Card,DEV-03-1,Android,Chennai,10,2,0,5.4,10,702.83,392.97,7,780,2232,0,0,0,0.0,0,
TXN03-02276,3,2026-06-24 10:23:37,1062.06,Household,30079,UPI,DEV-03-2,Android,Chennai,10,2,0,4.47,11,701.9,392.85,1,464,2233,0,0,1,0.0,0,
TXN03-02277,3,2026-06-24 10:34:49,969.21,Grocery,30001,UPI,DEV-03-7,iPhone,Chennai,10,2,0,11.2,12,702.87,392.77,305,77,2234,0,0,0,0.0,0,
TXN03-02278,3,2026-06-24 10:39:40,189.63,Household,30004,Card,DEV-03-5,iPhone,Chennai,10,2,0,4.85,13,703.58,392.48,206,140,2235,0,0,0,0.0,0,
TXN03-02279,3,2026-06-24 10:41:44,484.98,Grocery,30006,Card,DEV-03-2,Android,Chennai,10,2,0,2.07,14,703.34,392.77,68,465,2236,0,0,0,0.0,0,
TXN03-02280,3,2026-06-24 11:04:38,358.29,Household,30074,UPI,DEV-03-6,Web,Chennai,11,2,0,22.9,15,702.75,392.41,2,92,2237,0,0,0,0.0,0,
TXN03-02281,3,2026-06-24 11:12:15,1389.35,Grocery,30007,Card,DEV-03-3,Android,Chennai,11,2,0,7.62,16,702.16,392.76,44,346,2238,0,0,0,0.0,0,
TXN03-02282,3,2026-06-24 11:17:57,782.4,Household,30009,Card,DEV-03-1,Android,Chennai,11,2,0,5.7,17,703.98,393.83,75,781,2239,0,0,0,0.0,0,
TXN03-02283,3,2026-06-24 11:28:23,721.31,Household,30182,Card,DEV-03-6,Web,Chennai,11,2,0,10.43,18,704.19,393.33,1,93,2240,0,0,1,0.0,1,ato_new_merchant_same_category_higher_amount
TXN03-02284,3,2026-06-24 11:33:54,340.09,Pharmacy,30080,UPI,DEV-03-2,Android,Chennai,11,2,0,5.52,19,704.24,392.81,1,466,2241,0,0,1,0.0,0,
TXN03-02285,3,2026-06-24 11:34:11,617.2,Grocery,30007,UPI,DEV-03-6,Web,Chennai,11,2,0,0.28,20,703.28,392.74,45,94,2242,0,0,0,0.0,0,
TXN03-02286,3,2026-06-24 11:36:43,393.28,Pharmacy,30023,Card,DEV-03-1,Android,Chennai,11,2,0,2.53,21,703.05,392.24,80,782,2243,0,0,0,0.0,0,
TXN03-02287,3,2026-06-24 11:52:58,407.39,Grocery,30014,Card,DEV-03-3,Android,Chennai,11,2,0,16.25,22,700.19,390.93,42,347,2244,0,0,0,0.0,0,
TXN03-02288,3,2026-06-24 12:19:09,321.91,Pharmacy,30035,Card,DEV-03-2,Android,Chennai,12,2,0,26.18,23,699.42,390.71,19,467,2245,0,0,0,0.0,0,
TXN03-02289,3,2026-06-24 12:25:32,189.39,Household,30039,UPI,DEV-03-5,iPhone,Chennai,12,2,0,6.38,24,698.43,390.67,12,141,2246,0,0,0,0.0,0,
TXN03-02290,3,2026-06-24 12:30:43,426.68,Household,30060,Card,DEV-03-1,Android,Chennai,12,2,0,5.18,25,696.47,391.34,5,783,2247,0,0,0,0.0,0,
TXN03-02291,3,2026-06-24 12:33:31,1220.88,Grocery,30003,UPI,DEV-03-1,Android,Chennai,12,2,0,2.8,26,695.76,391.07,88,784,2248,0,0,0,0.0,0,
TXN03-02292,3,2026-06-24 12:55:20,383.29,Grocery,30001,Card,DEV-03-6,Web,Chennai,12,2,0,21.82,27,698.42,392.48,306,95,2249,0,0,0,0.0,0,
TXN03-02293,3,2026-06-24 13:00:02,557.42,Grocery,30007,Card,DEV-03-3,Android,Chennai,13,2,0,4.7,28,697.59,392.3,46,348,2250,0,0,0,0.0,0,
TXN03-02294,3,2026-06-24 13:00:07,828.45,Household,30004,Card,DEV-03-6,Web,Chennai,13,2,0,0.08,29,697.22,391.85,207,96,2251,0,0,0,0.0,0,
TXN03-02295,3,2026-06-24 13:04:07,1500.0,Household,30174,Card,DEV-03-1,Android,Chennai,13,2,0,4.0,30,697.56,391.4,1,785,2252,0,0,1,0.0,1,ato_short_gap
TXN03-02296,3,2026-06-24 13:05:56,858.13,Grocery,30026,Card,DEV-03-3,Android,Chennai,13,2,0,1.82,31,699.65,393.02,14,349,2253,0,0,0,0.0,0,
TXN03-02297,3,2026-06-24 13:16:01,544.96,Grocery,30006,Card,DEV-03-10,Android,Chennai,13,2,0,10.08,32,700.07,392.59,69,32,2254,0,0,0,0.0,0,
TXN03-02298,3,2026-06-24 13:30:40,441.19,Household,30005,Card,DEV-03-1,Android,Chennai,13,2,0,14.65,33,700.91,392.75,99,786,2255,0,0,0,0.0,0,
TXN03-02299,3,2026-06-24 13:31:38,1474.56,Pharmacy,30032,UPI,DEV-03-1,Android,Chennai,13,2,0,0.97,34,700.24,392.47,27,787,2256,0,0,0,0.0,0,
TXN03-02300,3,2026-06-24 13:39:30,661.62,Grocery,30003,Card,DEV-03-5,iPhone,Chennai,13,2,0,7.87,35,702.24,393.93,89,142,2257,0,0,0,0.0,0,
TXN03-02301,3,2026-06-24 13:53:34,695.21,Household,30016,UPI,DEV-03-4,Web,Chennai,13,2,0,14.07,36,702.14,393.42,29,216,2258,0,0,0,0.0,0,
TXN03-02302,3,2026-06-24 14:04:28,998.38,Household,30004,Card,DEV-03-3,Android,Chennai,14,2,0,10.9,37,702.12,392.92,208,350,2259,0,0,0,0.0,0,
TXN03-02303,3,2026-06-24 14:04:34,1500.0,Pharmacy,30008,Card,DEV-03-1,Android,Chennai,14,2,0,0.1,38,702.88,392.7,299,788,2260,0,0,0,0.0,0,
TXN03-02304,3,2026-06-24 14:07:09,347.56,Airport,30001,UPI,DEV-03-1,Android,Surat,14,2,0,2.58,39,704.93,394.26,307,789,1,0,1,0,1196.79,1,airport_txn
TXN03-02305,3,2026-06-24 14:12:38,351.83,Pharmacy,30028,Card,DEV-03-1,Android,Chennai,14,2,0,5.48,40,704.01,394.17,34,790,2261,0,0,0,1196.79,0,
TXN03-02306,3,2026-06-24 14:27:39,119.39,Household,30045,Card,DEV-03-1,Android,Chennai,14,2,0,15.02,41,704.31,393.86,10,791,2262,0,0,0,0.0,0,
TXN03-02307,3,2026-06-24 14:41:04,845.69,Grocery,30081,UPI,DEV-03-4,Web,Chennai,14,2,0,13.42,42,702.82,394.46,1,217,2263,0,0,1,0.0,0,
TXN03-02308,3,2026-06-24 14:47:24,578.07,Grocery,30007,Card,DEV-03-6,Web,Chennai,14,2,0,6.33,43,702.95,394.5,47,97,2264,0,0,0,0.0,0,
TXN03-02309,3,2026-06-24 14:54:11,545.71,Household,30004,UPI,DEV-03-1,Android,Chennai,14,2,0,6.78,44,702.64,394.05,209,792,2265,0,0,0,0.0,0,
TXN03-02310,3,2026-06-24 15:20:34,189.6,Household,30004,Card,DEV-03-1,Android,Chennai,15,2,0,26.38,45,700.19,392.68,210,793,2266,0,0,0,0.0,0,
TXN03-02311,3,2026-06-24 15:38:06,418.27,Grocery,30059,Card,DEV-03-5,iPhone,Chennai,15,2,0,17.53,46,699.87,393.04,8,143,2267,0,0,0,0.0,0,
TXN03-02312,3,2026-06-24 15:42:56,1197.78,Pharmacy,30008,Card,DEV-03-35,Android,Chennai,15,2,0,4.83,47,699.16,392.79,300,1,2268,1,0,0,0.0,0,
TXN03-02313,3,2026-06-24 16:06:23,904.61,Grocery,30019,Card,DEV-03-1,Android,Chennai,16,2,0,23.45,48,700.94,393.47,42,794,2269,0,0,0,0.0,0,
TXN03-02314,3,2026-06-24 16:11:39,749.03,Pharmacy,30023,Card,DEV-03-11,Web,Chennai,16,2,0,5.27,49,701.46,393.1,81,19,2270,0,0,0,0.0,0,
TXN03-02315,3,2026-06-24 16:23:05,779.81,Pharmacy,30023,UPI,DEV-03-11,Web,Chennai,16,2,0,11.43,50,702.87,393.13,82,20,2271,0,0,0,0.0,0,
TXN03-02316,3,2026-06-24 16:24:59,750.1,Pharmacy,30023,UPI,DEV-03-2,Android,Chennai,16,2,0,1.9,51,703.07,392.65,83,468,2272,0,0,0,0.0,0,
TXN03-02317,3,2026-06-24 16:26:19,1155.25,Household,30004,Card,DEV-03-2,Android,Chennai,16,2,0,1.33,52,703.19,392.16,211,469,2273,0,0,0,0.0,0,
TXN03-02318,3,2026-06-24 16:34:42,661.0,Grocery,30001,Card,DEV-03-15,Android,Chennai,16,2,0,8.38,53,702.12,391.35,308,4,2274,0,0,0,0.0,0,
TXN03-02319,3,2026-06-24 16:39:27,560.72,Pharmacy,30164,UPI,DEV-03-2,Android,Chennai,16,2,0,4.75,54,699.52,389.66,1,470,2275,0,0,1,0.0,1,ato_new_merchant_same_category
TXN03-02320,3,2026-06-24 17:13:30,655.19,Grocery,30002,UPI,DEV-03-1,Android,Chennai,17,2,0,34.05,55,701.19,389.87,143,795,2276,0,0,0,0.0,0,
TXN03-02321,3,2026-06-24 17:15:09,531.65,Grocery,30001,UPI,DEV-03-3,Android,Chennai,17,2,0,1.65,56,701.07,389.38,309,351,2277,0,0,0,0.0,0,
TXN03-02322,3,2026-06-24 17:16:20,412.23,Pharmacy,30025,Card,DEV-03-2,Android,Chennai,17,2,0,1.18,57,700.64,388.98,57,471,2278,0,0,0,0.0,0,
TXN03-02323,3,2026-06-24 17:24:18,288.55,Household,30005,UPI,DEV-03-1,Android,Chennai,17,2,0,7.97,58,701.1,388.53,100,796,2279,0,0,0,0.0,0,
TXN03-02324,3,2026-06-24 17:28:53,604.64,Household,30009,UPI,DEV-03-1,Android,Chennai,17,2,0,4.58,59,700.05,388.59,76,797,2280,0,0,0,0.0,0,
TXN03-02325,3,2026-06-24 17:38:30,946.76,Pharmacy,30066,Card,DEV-03-3,Android,Chennai,17,2,0,9.62,60,699.8,388.13,6,352,2281,0,0,0,0.0,0,
TXN03-02326,3,2026-06-24 17:47:49,1500.0,Grocery,30002,Card,DEV-03-2,Android,Chennai,17,2,0,9.32,61,700.43,387.84,144,472,2282,0,0,0,0.0,0,
TXN03-02327,3,2026-06-24 17:57:17,523.79,Grocery,30003,UPI,DEV-03-2,Android,Chennai,17,2,0,9.47,62,702.45,389.42,90,473,2283,0,0,0,0.0,0,
TXN03-02328,3,2026-06-24 18:11:55,622.09,Grocery,30002,Card,DEV-03-6,Web,Chennai,18,2,0,14.63,63,702.0,389.03,145,98,2284,0,0,0,0.0,0,
TXN03-02329,3,2026-06-24 18:13:22,802.59,Household,30045,UPI,DEV-03-3,Android,Chennai,18,2,0,1.45,64,701.8,388.56,11,353,2285,0,0,0,0.0,0,
TXN03-02330,3,2026-06-24 18:22:55,483.12,Grocery,30047,UPI,DEV-03-4,Web,Chennai,18,2,0,9.55,65,700.41,387.23,9,218,2286,0,0,0,0.0,0,
TXN03-02331,3,2026-06-24 18:41:36,564.97,Pharmacy,30063,UPI,DEV-03-4,Web,Chennai,18,2,0,18.68,66,698.68,386.68,2,219,2287,0,0,0,0.0,0,
TXN03-02332,3,2026-06-24 18:43:45,1500.0,Household,30009,Card,DEV-03-6,Web,Chennai,18,2,0,2.15,67,698.34,386.25,77,99,2288,0,0,0,0.0,0,
TXN03-02333,3,2026-06-24 18:50:22,574.63,Pharmacy,30008,UPI,DEV-03-2,Android,Chennai,18,2,0,6.62,68,700.37,387.85,301,474,2289,0,0,0,0.0,0,
TXN03-02334,3,2026-06-24 18:55:23,487.18,Grocery,30002,Card,DEV-03-7,iPhone,Chennai,18,2,0,5.02,69,700.05,387.41,146,78,2290,0,0,0,0.0,0,
TXN03-02335,3,2026-06-24 18:58:02,691.12,Grocery,30002,UPI,DEV-03-2,Android,Chennai,18,2,0,2.65,70,699.51,387.07,147,475,2291,0,0,0,0.0,0,
TXN03-02336,3,2026-06-24 18:59:19,341.1,Grocery,30001,Card,DEV-03-1,Android,Chennai,18,2,0,1.28,71,699.49,386.59,310,798,2292,0,0,0,0.0,0,
TXN03-02337,3,2026-06-24 19:07:21,1057.64,Household,30004,UPI,DEV-03-3,Android,Chennai,19,2,0,8.03,72,698.6,386.52,212,354,2293,0,0,0,0.0,0,
TXN03-02338,3,2026-06-24 19:33:35,1365.91,Pharmacy,30008,UPI,DEV-03-3,Android,Chennai,19,2,0,26.23,73,699.43,386.93,302,355,2294,0,0,0,0.0,0,
TXN03-02339,3,2026-06-24 20:40:37,1020.29,Household,30012,Card,DEV-03-1,Android,Chennai,20,2,0,67.03,74,699.15,386.43,43,799,2295,0,0,0,0.0,1,ato_higher_amount_odd_hour
TXN03-02340,3,2026-06-25 00:03:26,285.1,Fuel,30001,UPI,DEV-03-1,Android,Chennai,0,3,0,202.82,1,700.54,386.58,311,800,2296,0,0,0,0.0,1,midnight_fuel
TXN03-02341,3,2026-06-25 00:19:22,1500.0,Fuel,30001,UPI,DEV-03-1,Android,Chennai,0,3,0,15.93,2,699.51,386.65,312,801,2297,0,0,0,0.0,1,midnight_fuel
TXN03-02342,3,2026-06-25 08:14:45,1500.0,Grocery,30002,UPI,DEV-03-2,Android,Chennai,8,3,0,475.38,3,701.5,388.23,148,476,2298,0,0,0,0.0,0,
TXN03-02343,3,2026-06-25 08:33:00,490.82,Household,30012,Card,DEV-03-1,Android,Chennai,8,3,0,18.25,4,702.4,389.65,44,802,2299,0,0,0,0.0,0,
TXN03-02344,3,2026-06-25 08:40:13,1438.35,Pharmacy,30025,UPI,DEV-03-2,Android,Chennai,8,3,0,7.22,5,701.87,389.31,58,477,2300,0,0,0,0.0,0,
TXN03-02345,3,2026-06-25 08:52:28,762.67,Household,30005,Card,DEV-03-2,Android,Chennai,8,3,0,12.25,6,702.04,389.61,101,478,2301,0,0,0,0.0,0,
TXN03-02346,3,2026-06-25 10:03:26,735.08,Grocery,30018,Card,DEV-03-3,Android,Chennai,10,3,0,70.97,7,704.83,389.18,32,356,2302,0,0,0,0.0,0,
TXN03-02347,3,2026-06-25 10:40:42,1310.0,Pharmacy,30032,Card,DEV-03-1,Android,Chennai,10,3,0,37.27,8,704.76,389.92,28,803,2303,0,0,0,0.0,0,
TXN03-02348,3,2026-06-25 10:41:41,1072.08,Grocery,30002,Card,DEV-03-7,iPhone,Chennai,10,3,0,0.98,9,706.28,390.6,149,79,2304,0,0,0,0.0,0,
TXN03-02349,3,2026-06-25 10:50:07,1001.92,Pharmacy,30032,UPI,DEV-03-4,Web,Chennai,10,3,0,8.43,10,707.54,390.96,29,220,2305,0,0,0,0.0,0,
TXN03-02350,3,2026-06-25 10:59:34,165.33,Grocery,30001,Card,DEV-03-6,Web,Chennai,10,3,0,9.45,11,708.28,390.75,313,100,2306,0,0,0,0.0,0,
TXN03-02351,3,2026-06-25 11:29:23,724.49,Household,30069,Card,DEV-03-1,Android,Chennai,11,3,0,29.82,12,705.46,390.71,2,804,2307,0,0,0,0.0,0,
TXN03-02352,3,2026-06-25 12:34:09,498.79,Grocery,30062,UPI,DEV-03-1,Android,Chennai,12,3,0,64.77,13,704.93,391.89,3,805,2308,0,0,0,0.0,0,
TXN03-02353,3,2026-06-25 12:39:58,280.11,Household,30004,UPI,DEV-03-6,Web,Chennai,12,3,0,5.82,14,704.41,391.54,213,101,2309,0,0,0,0.0,0,
TXN03-02354,3,2026-06-25 12:54:19,328.2,Gaming Subscription,30001,UPI,DEV-03-1,Android,Chennai,12,3,0,14.35,15,703.74,392.04,314,806,2310,0,0,0,0.0,1,gaming_subscription
TXN03-02355,3,2026-06-25 13:02:16,489.97,Household,30064,Card,DEV-03-2,Android,Chennai,13,3,0,7.95,16,703.76,392.57,2,479,2311,0,0,0,0.0,0,
TXN03-02356,3,2026-06-25 13:58:40,210.73,Grocery,30007,Card,DEV-03-1,Android,Chennai,13,3,0,56.4,17,703.22,392.22,48,807,2312,0,0,0,0.0,0,
TXN03-02357,3,2026-06-25 13:59:53,671.67,Pharmacy,30040,Card,DEV-03-3,Android,Chennai,13,3,0,1.22,18,701.98,392.5,12,357,2313,0,0,0,0.0,0,
TXN03-02358,3,2026-06-25 14:29:28,1429.31,Pharmacy,30065,Card,DEV-03-3,Android,Chennai,14,3,0,29.58,19,702.42,392.62,4,358,2314,0,0,0,0.0,0,
TXN03-02359,3,2026-06-25 14:35:04,555.55,Household,30082,Card,DEV-03-2,Android,Chennai,14,3,0,5.6,20,704.25,393.82,1,480,2315,0,0,1,0.0,0,
TXN03-02360,3,2026-06-25 15:02:58,773.49,Grocery,30001,UPI,DEV-03-1,Android,Chennai,15,3,0,27.9,21,703.88,393.39,315,808,2316,0,0,0,0.0,0,
TXN03-02361,3,2026-06-25 15:04:55,1052.24,Household,30004,UPI,DEV-03-2,Android,Chennai,15,3,0,1.95,22,704.05,392.91,214,481,2317,0,0,0,0.0,0,
TXN03-02362,3,2026-06-25 15:22:07,440.93,Household,30005,Card,DEV-03-2,Android,Chennai,15,3,0,17.2,23,703.97,392.84,102,482,2318,0,0,0,0.0,0,
TXN03-02363,3,2026-06-25 15:22:29,1006.88,Household,30005,UPI,DEV-03-7,iPhone,Chennai,15,3,0,0.37,24,703.32,392.57,103,80,2319,0,0,0,0.0,0,
TXN03-02364,3,2026-06-25 15:47:12,336.31,Grocery,30037,Card,DEV-03-5,iPhone,Chennai,15,3,0,24.72,25,704.03,392.86,10,144,2320,0,0,0,0.0,0,
TXN03-02365,3,2026-06-25 15:54:07,330.43,Grocery,30001,Card,DEV-03-2,Android,Chennai,15,3,0,6.92,26,703.11,392.8,316,483,2321,0,0,0,0.0,0,
TXN03-02366,3,2026-06-25 16:31:27,546.94,Household,30004,Card,DEV-03-2,Android,Chennai,16,3,0,37.33,27,703.7,393.28,215,484,2322,0,0,0,0.0,0,
TXN03-02367,3,2026-06-25 16:34:57,793.02,Grocery,30007,Card,DEV-03-4,Web,Chennai,16,3,0,3.5,28,704.1,393.03,49,221,2323,0,0,0,0.0,0,
TXN03-02368,3,2026-06-25 16:45:18,482.72,Grocery,30027,Card,DEV-03-1,Android,Chennai,16,3,0,10.35,29,704.33,392.57,9,809,2324,0,0,0,0.0,0,
TXN03-02369,3,2026-06-25 17:24:52,342.95,Grocery,30018,UPI,DEV-03-1,Android,Chennai,17,3,0,39.57,30,703.77,392.23,33,810,2325,0,0,0,0.0,0,
TXN03-02370,3,2026-06-25 17:41:37,588.19,Pharmacy,30008,UPI,DEV-03-3,Android,Chennai,17,3,0,16.75,31,702.87,392.16,303,359,2326,0,0,0,0.0,0,
TXN03-02371,3,2026-06-25 17:42:04,579.48,Grocery,30006,UPI,DEV-03-1,Android,Chennai,17,3,0,0.45,32,701.5,391.58,70,811,2327,0,0,0,0.0,0,
TXN03-02372,3,2026-06-25 17:46:04,890.8,Household,30039,UPI,DEV-03-4,Web,Chennai,17,3,0,4.0,33,701.19,391.14,13,222,2328,0,0,0,0.0,0,
TXN03-02373,3,2026-06-25 17:57:15,683.89,Household,30005,UPI,DEV-03-2,Android,Chennai,17,3,0,11.18,34,701.66,390.77,104,485,2329,0,0,0,0.0,0,
TXN03-02374,3,2026-06-25 18:03:47,340.73,Grocery,30002,Card,DEV-03-6,Web,Chennai,18,3,0,6.53,35,700.25,391.07,150,102,2330,0,0,0,0.0,0,
TXN03-02375,3,2026-06-25 18:04:03,652.66,Grocery,30006,Card,DEV-03-2,Android,Chennai,18,3,0,0.27,36,699.35,391.0,71,486,2331,0,0,0,0.0,0,
TXN03-02376,3,2026-06-25 18:14:57,1259.11,Pharmacy,30008,Card,DEV-03-2,Android,Chennai,18,3,0,10.9,37,699.93,390.75,304,487,2332,0,0,0,0.0,0,
TXN03-02377,3,2026-06-25 19:03:40,115.12,Grocery,30002,UPI,DEV-03-2,Android,Chennai,19,3,0,48.72,38,699.84,390.89,151,488,2333,0,0,0,0.0,0,
TXN03-02378,3,2026-06-25 19:05:34,736.12,Pharmacy,30031,Card,DEV-03-2,Android,Chennai,19,3,0,1.9,39,698.38,391.48,19,489,2334,0,0,0,0.0,0,
TXN03-02379,3,2026-06-25 19:27:03,176.4,Grocery,30001,UPI,DEV-03-2,Android,Chennai,19,3,0,21.48,40,699.68,391.53,317,490,2335,0,0,0,0.0,0,
TXN03-02380,3,2026-06-25 20:58:02,2353.86,Airport,30001,UPI,DEV-03-1,Android,Chandigarh,20,3,0,90.98,41,698.39,391.91,318,812,4,0,0,0,1995.05,1,airport_txn
TXN03-02381,3,2026-06-26 08:03:31,633.69,Grocery,30003,UPI,DEV-03-4,Web,Chennai,8,4,0,665.48,1,702.05,400.38,91,223,2336,0,0,0,1995.05,0,
TXN03-02382,3,2026-06-26 08:19:22,278.73,Grocery,30033,UPI,DEV-03-1,Android,Chennai,8,4,0,15.85,2,701.88,399.89,13,813,2337,0,0,0,0.0,0,
TXN03-02383,3,2026-06-26 08:40:58,633.8,Grocery,30001,Card,DEV-03-1,Android,Chennai,8,4,0,21.6,3,700.83,399.95,319,814,2338,0,0,0,0.0,0,
TXN03-02384,3,2026-06-26 08:42:31,1500.0,Grocery,30022,UPI,DEV-03-6,Web,Chennai,8,4,0,1.55,4,700.67,399.47,23,103,2339,0,0,0,0.0,0,
TXN03-02385,3,2026-06-26 08:58:33,471.47,Household,30186,UPI,DEV-03-11,Web,Chennai,8,4,0,16.03,5,702.63,400.94,1,21,2340,0,0,1,0.0,1,ato_new_merchant_same_category
TXN03-02386,3,2026-06-26 09:03:16,642.04,Grocery,30001,Card,DEV-03-14,Android,Chennai,9,4,0,4.72,6,702.07,400.61,320,9,2341,0,0,0,0.0,0,
TXN03-02387,3,2026-06-26 09:04:16,2143.78,Pharmacy,30023,UPI,DEV-03-3,Android,Chennai,9,4,0,1.0,7,701.92,400.13,84,360,2342,0,0,0,0.0,1,ato_short_gap_higher_amount
TXN03-02388,3,2026-06-26 09:08:50,334.81,Grocery,30001,UPI,DEV-03-4,Web,Chennai,9,4,0,4.57,8,703.49,404.51,321,224,2343,0,0,0,0.0,0,
TXN03-02389,3,2026-06-26 09:20:44,678.08,Pharmacy,30028,Card,DEV-03-3,Android,Chennai,9,4,0,11.9,9,702.6,404.43,35,361,2344,0,0,0,0.0,0,
TXN03-02390,3,2026-06-26 09:37:28,516.55,Pharmacy,30049,UPI,DEV-03-6,Web,Chennai,9,4,0,16.73,10,700.04,403.34,8,104,2345,0,0,0,0.0,0,
TXN03-02391,3,2026-06-26 09:41:24,784.16,Grocery,30018,Card,DEV-03-6,Web,Chennai,9,4,0,3.93,11,699.59,402.95,34,105,2346,0,0,0,0.0,0,
TXN03-02392,3,2026-06-26 09:42:05,305.12,Pharmacy,30008,UPI,DEV-03-5,iPhone,Chennai,9,4,0,0.68,12,699.79,402.48,305,145,2347,0,0,0,0.0,0,
TXN03-02393,3,2026-06-26 09:53:21,371.66,Household,30082,UPI,DEV-03-6,Web,Chennai,9,4,0,11.27,13,698.77,402.95,2,106,2348,0,0,0,0.0,0,
TXN03-02394,3,2026-06-26 09:53:45,323.8,Grocery,30048,UPI,DEV-03-3,Android,Chennai,9,4,0,0.4,14,697.98,402.78,7,362,2349,0,0,0,0.0,0,
TXN03-02395,3,2026-06-26 10:02:00,789.9,Household,30005,Card,DEV-03-5,iPhone,Chennai,10,4,0,8.25,15,697.21,403.51,105,146,2350,0,0,0,0.0,0,
TXN03-02396,3,2026-06-26 10:24:30,718.55,Pharmacy,30023,Card,DEV-03-3,Android,Chennai,10,4,0,22.5,16,697.44,404.01,85,363,2351,0,0,0,0.0,0,
TXN03-02397,3,2026-06-26 10:27:01,600.78,Grocery,30001,UPI,DEV-03-3,Android,Chennai,10,4,0,2.52,17,696.9,403.83,322,364,2352,0,0,0,0.0,0,
TXN03-02398,3,2026-06-26 10:51:14,421.55,Grocery,30001,UPI,DEV-03-1,Android,Chennai,10,4,0,24.22,18,697.53,403.48,323,815,2353,0,0,0,0.0,0,
TXN03-02399,3,2026-06-26 10:56:20,705.22,Grocery,30006,Card,DEV-03-5,iPhone,Chennai,10,4,0,5.1,19,696.86,403.22,72,147,2354,0,0,0,0.0,0,
TXN03-02400,3,2026-06-26 11:05:41,922.8,Household,30011,Card,DEV-03-7,iPhone,Chennai,11,4,0,9.35,20,697.71,402.87,45,81,2355,0,0,0,0.0,0,
TXN03-02401,3,2026-06-26 11:20:45,1420.45,Grocery,30081,Card,DEV-03-1,Android,Chennai,11,4,0,15.07,21,696.59,402.63,2,816,2356,0,0,0,0.0,0,
TXN03-02402,3,2026-06-26 11:37:50,809.01,Grocery,30002,Card,DEV-03-2,Android,Chennai,11,4,0,17.08,22,698.35,403.72,152,491,2357,0,0,0,0.0,0,
TXN03-02403,3,2026-06-26 11:43:04,335.89,Grocery,30003,Card,DEV-03-1,Android,Chennai,11,4,0,5.23,23,698.62,403.27,92,817,2358,0,0,0,0.0,0,
TXN03-02404,3,2026-06-26 11:46:39,444.83,Pharmacy,30023,Card,DEV-03-12,Android,Chennai,11,4,0,3.58,24,697.74,403.17,86,10,2359,0,0,0,0.0,0,
TXN03-02405,3,2026-06-26 11:51:00,410.67,Grocery,30018,Card,DEV-03-1,Android,Chennai,11,4,0,4.35,25,697.13,402.88,35,818,2360,0,0,0,0.0,0,
TXN03-02406,3,2026-06-26 12:00:03,313.79,Household,30009,Card,DEV-03-1,Android,Chennai,12,4,0,9.05,26,696.44,402.64,78,819,2361,0,0,0,0.0,0,
TXN03-02407,3,2026-06-26 12:17:15,329.34,Household,30076,Card,DEV-03-2,Android,Chennai,12,4,0,17.2,27,694.72,402.75,2,492,2362,0,0,0,0.0,0,
TXN03-02408,3,2026-06-26 12:24:32,903.84,Grocery,30010,UPI,DEV-03-1,Android,Chennai,12,4,0,7.28,28,693.84,402.66,58,820,2363,0,0,0,0.0,0,
TXN03-02409,3,2026-06-26 12:25:00,1500.0,Grocery,30047,UPI,DEV-03-14,Android,Chennai,12,4,0,0.47,29,694.34,402.31,10,10,2364,0,0,0,0.0,0,
TXN03-02410,3,2026-06-26 12:33:26,1030.33,Grocery,30047,UPI,DEV-03-4,Web,Chennai,12,4,0,8.43,30,696.27,403.75,11,225,2365,0,0,0,0.0,1,ato_higher_amount
TXN03-02411,3,2026-06-26 12:35:41,142.93,Household,30009,UPI,DEV-03-4,Web,Chennai,12,4,0,2.25,31,697.07,403.6,79,226,2366,0,0,0,0.0,0,
TXN03-02412,3,2026-06-26 12:38:20,504.7,Grocery,30010,UPI,DEV-03-12,Android,Chennai,12,4,0,2.65,32,696.98,403.72,59,11,2367,0,0,0,0.0,0,
TXN03-02413,3,2026-06-26 12:54:33,130.51,Grocery,30003,UPI,DEV-03-4,Web,Chennai,12,4,0,16.22,33,695.03,402.68,93,227,2368,0,0,0,0.0,0,
TXN03-02414,3,2026-06-26 13:04:09,280.37,Grocery,30026,Card,DEV-03-2,Android,Chennai,13,4,0,9.6,34,693.68,403.15,15,493,2369,0,0,0,0.0,0,
TXN03-02415,3,2026-06-26 13:16:09,905.61,Household,30050,UPI,DEV-03-1,Android,Chennai,13,4,0,12.0,35,693.59,403.24,9,821,2370,0,0,0,0.0,0,
TXN03-02416,3,2026-06-26 13:25:30,382.21,Household,30005,UPI,DEV-03-7,iPhone,Chennai,13,4,0,9.35,36,694.45,403.31,106,82,2371,0,0,0,0.0,0,
TXN03-02417,3,2026-06-26 13:40:53,1089.75,Pharmacy,30032,Card,DEV-03-6,Web,Chennai,13,4,0,15.38,37,693.71,403.11,30,107,2372,0,0,0,0.0,0,
TXN03-02418,3,2026-06-26 13:56:34,1053.65,Grocery,30083,UPI,DEV-03-5,iPhone,Chennai,13,4,0,15.68,38,694.65,403.09,1,148,2373,0,0,1,0.0,0,
TXN03-02419,3,2026-06-26 13:58:10,757.33,Grocery,30001,Card,DEV-03-4,Web,Chennai,13,4,0,1.6,39,695.5,402.99,324,228,2374,0,0,0,0.0,0,
TXN03-02420,3,2026-06-26 14:08:34,1455.93,Grocery,30006,UPI,DEV-03-1,Android,Chennai,14,4,0,10.4,40,695.65,402.53,73,822,2375,0,0,0,0.0,0,
TXN03-02421,3,2026-06-26 14:34:53,279.05,Pharmacy,30008,Card,DEV-03-5,iPhone,Chennai,14,4,0,26.32,41,697.44,403.74,306,149,2376,0,0,0,0.0,0,
TXN03-02422,3,2026-06-26 14:38:15,137.84,Pharmacy,30008,UPI,DEV-03-4,Web,Chennai,14,4,0,3.37,42,696.46,403.78,307,229,2377,0,0,0,0.0,0,
TXN03-02423,3,2026-06-26 14:44:08,1255.91,Pharmacy,30032,Card,DEV-03-2,Android,Chennai,14,4,0,5.88,43,695.15,404.21,31,494,2378,0,0,0,0.0,0,
TXN03-02424,3,2026-06-26 15:17:30,338.18,Grocery,30048,Card,DEV-03-3,Android,Chennai,15,4,0,33.37,44,697.67,405.13,8,365,2379,0,0,0,0.0,0,
TXN03-02425,3,2026-06-26 15:22:17,1500.0,Grocery,30030,Card,DEV-03-6,Web,Chennai,15,4,0,4.78,45,696.97,405.5,7,108,2380,0,0,0,0.0,0,
TXN03-02426,3,2026-06-26 15:24:26,1041.64,Grocery,30019,UPI,DEV-03-1,Android,Chennai,15,4,0,2.15,46,698.86,406.88,43,823,2381,0,0,0,0.0,0,
TXN03-02427,3,2026-06-26 15:54:15,1500.0,Household,30012,Card,DEV-03-3,Android,Chennai,15,4,0,29.82,47,699.66,406.74,45,366,2382,0,0,0,0.0,0,
TXN03-02428,3,2026-06-26 16:02:30,584.38,Household,30005,Card,DEV-03-2,Android,Chennai,16,4,0,8.25,48,699.66,406.74,107,495,2383,0,0,0,0.0,0,
TXN03-02429,3,2026-06-26 16:13:08,1037.9,Household,30004,UPI,DEV-03-2,Android,Chennai,16,4,0,10.63,49,699.39,406.31,216,496,2384,0,0,0,0.0,0,
TXN03-02430,3,2026-06-26 16:20:18,687.27,Grocery,30003,Card,DEV-03-5,iPhone,Chennai,16,4,0,7.17,50,700.18,406.16,94,150,2385,0,0,0,0.0,0,
TXN03-02431,3,2026-06-26 16:21:01,254.94,Household,30004,Card,DEV-03-1,Android,Chennai,16,4,0,0.72,51,700.15,405.69,217,824,2386,0,0,0,0.0,0,
TXN03-02432,3,2026-06-26 16:21:14,1500.0,Household,30073,UPI,DEV-03-2,Android,Chennai,16,4,0,0.22,52,699.12,405.78,3,497,2387,0,0,0,0.0,0,
TXN03-02433,3,2026-06-26 16:27:48,787.35,Grocery,30084,Card,DEV-03-14,Android,Chennai,16,4,0,6.57,53,700.97,407.14,1,11,2388,0,0,1,0.0,0,
TXN03-02434,3,2026-06-26 16:29:20,924.1,Grocery,30006,UPI,DEV-03-3,Android,Chennai,16,4,0,1.53,54,701.17,406.69,74,367,2389,0,0,0,0.0,0,
TXN03-02435,3,2026-06-26 16:34:45,854.36,Household,30005,UPI,DEV-03-2,Android,Chennai,16,4,0,5.42,55,701.84,406.81,108,498,2390,0,0,0,0.0,0,
TXN03-02436,3,2026-06-26 16:43:12,1206.45,Grocery,30068,UPI,DEV-03-4,Web,Chennai,16,4,0,8.45,56,702.19,406.41,3,230,2391,0,0,0,0.0,0,
TXN03-02437,3,2026-06-26 17:05:40,374.1,Household,30039,UPI,DEV-03-5,iPhone,Chennai,17,4,0,22.47,57,703.35,406.66,14,151,2392,0,0,0,0.0,0,
TXN03-02438,3,2026-06-26 17:17:12,1155.15,Grocery,30001,UPI,DEV-03-2,Android,Chennai,17,4,0,11.53,58,702.6,406.5,325,499,2393,0,0,0,0.0,0,
TXN03-02439,3,2026-06-26 17:17:16,395.76,Pharmacy,30049,Card,DEV-03-5,iPhone,Chennai,17,4,0,0.07,59,703.63,406.61,9,152,2394,0,0,0,0.0,0,
TXN03-02440,3,2026-06-26 17:22:37,1500.0,Pharmacy,30078,Card,DEV-03-2,Android,Chennai,17,4,0,5.35,60,702.11,406.51,3,500,2395,0,0,0,0.0,0,
TXN03-02441,3,2026-06-26 17:40:14,877.48,Grocery,30006,UPI,DEV-03-2,Android,Chennai,17,4,0,17.62,61,704.63,408.03,75,501,2396,0,0,0,0.0,0,
TXN03-02442,3,2026-06-26 18:00:25,299.26,Pharmacy,30028,Card,DEV-03-2,Android,Chennai,18,4,0,20.18,62,705.19,408.1,36,502,2397,0,0,0,0.0,0,
TXN03-02443,3,2026-06-26 18:14:06,573.29,Grocery,30003,UPI,DEV-03-1,Android,Chennai,18,4,0,13.68,63,704.27,408.09,95,825,2398,0,0,0,0.0,0,
TXN03-02444,3,2026-06-26 18:16:02,363.03,Pharmacy,30025,UPI,DEV-03-6,Web,Chennai,18,4,0,1.93,64,703.97,407.68,59,109,2399,0,0,0,0.0,0,
TXN03-02445,3,2026-06-26 18:17:39,831.35,Household,30004,Card,DEV-03-5,iPhone,Chennai,18,4,0,1.62,65,703.19,407.54,218,153,2400,0,0,0,0.0,0,
TXN03-02446,3,2026-06-26 18:29:09,910.47,Household,30004,UPI,DEV-03-7,iPhone,Chennai,18,4,0,11.5,66,703.75,407.55,219,83,2401,0,0,0,0.0,0,
TXN03-02447,3,2026-06-26 18:32:37,762.43,Grocery,30002,Card,DEV-03-7,iPhone,Chennai,18,4,0,3.47,67,704.21,407.2,153,84,2402,0,0,0,0.0,0,
TXN03-02448,3,2026-06-26 18:38:14,314.69,Pharmacy,30008,UPI,DEV-03-1,Android,Chennai,18,4,0,5.62,68,704.35,406.75,308,826,2403,0,0,0,0.0,0,
TXN03-02449,3,2026-06-26 18:50:57,628.47,Grocery,30059,UPI,DEV-03-1,Android,Chennai,18,4,0,12.72,69,703.47,406.71,9,827,2404,0,0,0,0.0,0,
TXN03-02450,3,2026-06-26 18:51:15,243.15,Pharmacy,30023,Card,DEV-03-2,Android,Chennai,18,4,0,0.3,70,703.3,406.27,87,503,2405,0,0,0,0.0,0,
TXN03-02451,3,2026-06-26 18:52:44,558.82,Household,30064,Card,DEV-03-1,Android,Chennai,18,4,0,1.48,71,702.41,406.84,3,828,2406,0,0,0,0.0,0,
TXN03-02452,3,2026-06-26 19:07:18,701.33,Pharmacy,30023,Card,DEV-03-4,Web,Chennai,19,4,0,14.57,72,702.08,406.44,88,231,2407,0,0,0,0.0,0,
TXN03-02453,3,2026-06-26 19:10:42,1500.0,Pharmacy,30028,Card,DEV-03-6,Web,Chennai,19,4,0,3.4,73,702.08,405.99,37,110,2408,0,0,0,0.0,0,
TXN03-02454,3,2026-06-26 19:25:03,214.89,Grocery,30037,Card,DEV-03-4,Web,Chennai,19,4,0,14.35,74,703.12,407.43,11,232,2409,0,0,0,0.0,0,
TXN03-02455,3,2026-06-26 19:30:47,1430.17,Pharmacy,30008,UPI,DEV-03-1,Android,Chennai,19,4,0,5.73,75,702.03,407.63,309,829,2410,0,0,0,0.0,0,
TXN03-02456,3,2026-06-26 19:44:58,627.13,Household,30011,Card,DEV-03-1,Android,Chennai,19,4,0,14.18,76,705.64,408.82,46,830,2411,0,0,0,0.0,0,
TXN03-02457,3,2026-06-26 19:52:36,698.42,Pharmacy,30008,Card,DEV-03-1,Android,Chennai,19,4,0,7.63,77,705.46,408.38,310,831,2412,0,0,0,0.0,0,
TXN03-02458,3,2026-06-26 19:58:39,565.22,Household,30017,UPI,DEV-03-3,Android,Chennai,19,4,0,6.05,78,705.45,407.92,22,368,2413,0,0,0,0.0,0,
TXN03-02459,3,2026-06-27 00:40:12,1361.68,Fuel,30001,UPI,DEV-03-1,Android,Chennai,0,5,1,281.55,1,705.78,407.75,326,832,2414,0,0,0,0.0,1,midnight_fuel
TXN03-02460,3,2026-06-27 00:59:10,986.27,Fuel,30001,UPI,DEV-03-1,Android,Chennai,0,5,1,18.97,2,707.24,408.47,327,833,2415,0,0,0,0.0,1,midnight_fuel
TXN03-02461,3,2026-06-27 08:18:38,313.11,Household,30005,UPI,DEV-03-3,Android,Chennai,8,5,1,439.47,3,707.54,408.65,109,369,2416,0,0,0,0.0,0,
TXN03-02462,3,2026-06-27 08:24:19,471.45,Grocery,30027,UPI,DEV-03-5,iPhone,Chennai,8,5,1,5.68,4,707.87,409.11,10,154,2417,0,0,0,0.0,0,
TXN03-02463,3,2026-06-27 08:39:10,1263.24,Household,30004,Card,DEV-03-5,iPhone,Chennai,8,5,1,14.85,5,706.65,409.01,220,155,2418,0,0,0,0.0,0,
TXN03-02464,3,2026-06-27 09:19:31,733.8,Pharmacy,30044,UPI,DEV-03-8,Web,Chennai,9,5,1,40.35,6,708.14,410.83,11,34,2419,0,0,0,0.0,0,
TXN03-02465,3,2026-06-27 09:25:32,1150.39,Household,30005,Card,DEV-03-1,Android,Chennai,9,5,1,6.02,7,710.48,409.87,110,834,2420,0,0,0,0.0,0,
TXN03-02466,3,2026-06-27 09:26:13,275.65,Grocery,30001,UPI,DEV-03-4,Web,Chennai,9,5,1,0.68,8,711.47,409.94,328,233,2421,0,0,0,0.0,0,
TXN03-02467,3,2026-06-27 09:30:31,847.18,Grocery,30002,Card,DEV-03-5,iPhone,Chennai,9,5,1,4.3,9,710.49,410.0,154,156,2422,0,0,0,0.0,0,
TXN03-02468,3,2026-06-27 09:58:51,1176.43,Grocery,30001,Card,DEV-03-1,Android,Chennai,9,5,1,28.33,10,710.43,410.02,329,835,2423,0,0,0,0.0,0,
TXN03-02469,3,2026-06-27 10:08:33,1303.56,Grocery,30001,UPI,DEV-03-5,iPhone,Chennai,10,5,1,9.7,11,711.46,409.64,330,157,2424,0,0,0,0.0,0,
TXN03-02470,3,2026-06-27 10:12:33,487.59,Pharmacy,30103,UPI,DEV-03-1,Android,Chennai,10,5,1,4.0,12,712.8,410.15,1,836,2425,0,0,1,0.0,1,ato_short_gap
TXN03-02471,3,2026-06-27 10:13:25,814.77,Household,30005,UPI,DEV-03-1,Android,Chennai,10,5,1,0.87,13,712.29,409.82,111,837,2426,0,0,0,0.0,0,
TXN03-02472,3,2026-06-27 10:20:28,309.14,Grocery,30001,Card,DEV-03-8,Web,Chennai,10,5,1,7.05,14,713.21,409.6,331,35,2427,0,0,0,0.0,0,
TXN03-02473,3,2026-06-27 10:24:21,294.31,Grocery,30001,UPI,DEV-03-2,Android,Chennai,10,5,1,3.88,15,713.47,409.3,332,504,2428,0,0,0,0.0,0,
TXN03-02474,3,2026-06-27 10:38:02,1215.58,Grocery,30007,Card,DEV-03-2,Android,Chennai,10,5,1,13.68,16,714.21,410.91,50,505,2429,0,0,0,0.0,0,
TXN03-02475,3,2026-06-27 11:13:53,1446.41,Grocery,30084,UPI,DEV-03-4,Web,Chennai,11,5,1,35.85,17,713.36,411.4,2,234,2430,0,0,0,0.0,0,
TXN03-02476,3,2026-06-27 11:22:21,622.41,Grocery,30003,Card,DEV-03-2,Android,Chennai,11,5,1,8.47,18,715.06,412.43,96,506,2431,0,0,0,0.0,0,
TXN03-02477,3,2026-06-27 11:47:30,511.08,Pharmacy,30028,UPI,DEV-03-4,Web,Chennai,11,5,1,25.15,19,714.87,412.76,38,235,2432,0,0,0,0.0,0,
TXN03-02478,3,2026-06-27 11:55:44,908.78,Grocery,30033,Card,DEV-03-4,Web,Chennai,11,5,1,8.23,20,715.52,412.22,14,236,2433,0,0,0,0.0,0,
TXN03-02479,3,2026-06-27 12:08:14,1319.09,Pharmacy,30055,UPI,DEV-03-1,Android,Chennai,12,5,1,12.5,21,715.97,411.84,5,838,2434,0,0,0,0.0,0,
TXN03-02480,3,2026-06-27 12:16:29,1500.0,Grocery,30027,UPI,DEV-03-1,Android,Chennai,12,5,1,8.25,22,718.09,412.59,11,839,2435,0,0,0,0.0,0,
TXN03-02481,3,2026-06-27 12:42:27,714.35,Pharmacy,30063,UPI,DEV-03-4,Web,Chennai,12,5,1,25.97,23,720.95,413.73,3,237,2436,0,0,0,0.0,0,
TXN03-02482,3,2026-06-27 12:52:15,1108.75,Pharmacy,30040,UPI,DEV-03-3,Android,Chennai,12,5,1,9.8,24,720.94,413.25,13,370,2437,0,0,0,0.0,0,
TXN03-02483,3,2026-06-27 13:04:29,1124.15,Grocery,30068,UPI,DEV-03-4,Web,Chennai,13,5,1,12.23,25,722.54,414.01,4,238,2438,0,0,0,0.0,0,
TXN03-02484,3,2026-06-27 13:05:50,1500.0,Pharmacy,30008,Card,DEV-03-1,Android,Chennai,13,5,1,1.35,26,723.47,413.98,311,840,2439,0,0,0,0.0,0,
TXN03-02485,3,2026-06-27 13:29:11,1500.0,Household,30009,Card,DEV-03-8,Web,Chennai,13,5,1,23.35,27,728.35,415.58,80,36,2440,0,0,0,0.0,0,
TXN03-02486,3,2026-06-27 14:52:08,330.61,Grocery,30027,UPI,DEV-03-4,Web,Chennai,14,5,1,82.95,28,731.6,417.17,12,239,2441,0,0,0,0.0,0,
TXN03-02487,3,2026-06-27 14:55:54,608.23,Pharmacy,30023,Card,DEV-03-1,Android,Chennai,14,5,1,3.77,29,731.06,417.54,89,841,2442,0,0,0,0.0,0,
TXN03-02488,3,2026-06-27 14:59:05,511.22,Pharmacy,30008,Card,DEV-03-1,Android,Chennai,14,5,1,3.18,30,730.77,417.09,312,842,2443,0,0,0,0.0,0,
TXN03-02489,3,2026-06-27 15:13:07,744.71,Household,30077,UPI,DEV-03-6,Web,Chennai,15,5,1,14.03,31,730.65,417.15,5,111,2444,0,0,0,0.0,0,
TXN03-02490,3,2026-06-27 15:15:20,661.99,Household,30004,Card,DEV-03-4,Web,Chennai,15,5,1,2.22,32,730.68,416.65,221,240,2445,0,0,0,0.0,0,
TXN03-02491,3,2026-06-27 15:34:28,632.05,Grocery,30015,UPI,DEV-03-7,iPhone,Chennai,15,5,1,19.13,33,732.22,416.43,32,85,2446,0,0,0,0.0,0,
TXN03-02492,3,2026-06-27 15:44:07,394.59,Grocery,30007,Card,DEV-03-2,Android,Chennai,15,5,1,9.65,34,731.84,416.44,51,507,2447,0,0,0,0.0,0,
TXN03-02493,3,2026-06-27 16:01:16,1160.64,Household,30056,Card,DEV-03-1,Android,Chennai,16,5,1,17.15,35,734.26,416.78,8,843,2448,0,0,0,0.0,0,
TXN03-02494,3,2026-06-27 16:08:17,1180.06,Grocery,30001,Card,DEV-03-4,Web,Chennai,16,5,1,7.02,36,736.04,417.0,333,241,2449,0,0,0,0.0,0,
TXN03-02495,3,2026-06-27 16:15:06,240.4,Household,30173,UPI,DEV-03-1,Android,Chennai,16,5,1,6.82,37,737.1,417.07,1,844,2450,0,0,1,0.0,1,ato_new_merchant_same_category
TXN03-02496,3,2026-06-27 17:06:16,278.13,Grocery,30001,UPI,DEV-03-2,Android,Chennai,17,5,1,51.17,38,734.06,417.57,334,508,2451,0,0,0,0.0,0,
TXN03-02497,3,2026-06-27 17:30:29,909.41,Pharmacy,30008,UPI,DEV-03-5,iPhone,Chennai,17,5,1,24.22,39,732.97,417.66,313,158,2452,0,0,0,0.0,0,
TXN03-02498,3,2026-06-27 17:48:02,852.32,Grocery,30001,UPI,DEV-03-3,Android,Chennai,17,5,1,17.55,40,734.02,417.55,335,371,2453,0,0,0,0.0,0,
TXN03-02499,3,2026-06-27 18:02:37,722.2,Pharmacy,30066,Card,DEV-03-5,iPhone,Chennai,18,5,1,14.58,41,735.11,417.27,7,159,2454,0,0,0,0.0,0,
TXN03-02500,3,2026-06-27 18:05:59,405.31,Household,30012,UPI,DEV-03-4,Web,Chennai,18,5,1,3.37,42,734.31,416.98,46,242,2455,0,0,0,0.0,0,
TXN03-02501,3,2026-06-27 18:10:42,1500.0,Grocery,30001,UPI,DEV-03-6,Web,Chennai,18,5,1,4.72,43,734.19,417.07,336,112,2456,0,0,0,0.0,0,
TXN03-02502,3,2026-06-27 18:35:53,839.54,Grocery,30007,UPI,DEV-03-2,Android,Chennai,18,5,1,25.18,44,736.96,418.3,52,509,2457,0,0,0,0.0,0,
TXN03-02503,3,2026-06-27 19:53:57,166.38,Household,30005,Card,DEV-03-3,Android,Chennai,19,5,1,78.07,45,734.98,416.53,112,372,2458,0,0,0,0.0,0,
TXN03-02504,3,2026-06-27 19:55:28,282.56,Household,30011,UPI,DEV-03-2,Android,Chennai,19,5,1,1.52,46,733.6,416.96,47,510,2459,0,0,0,0.0,0,
TXN03-02505,3,2026-06-28 00:45:43,505.73,Fuel,30001,UPI,DEV-03-1,Android,Chennai,0,6,1,290.25,1,731.24,417.61,337,845,2460,0,0,0,0.0,1,midnight_fuel
TXN03-02506,3,2026-06-28 08:26:43,1168.76,Grocery,30068,Card,DEV-03-1,Android,Chennai,8,6,1,461.0,2,726.09,401.78,5,846,2461,0,0,0,0.0,0,
TXN03-02507,3,2026-06-28 08:33:44,760.08,Grocery,30001,Card,DEV-03-6,Web,Chennai,8,6,1,7.02,3,728.62,401.29,338,113,2462,0,0,0,0.0,0,
TXN03-02508,3,2026-06-28 09:03:40,1098.71,Airport,30001,UPI,DEV-03-1,Android,Jaipur,9,6,1,29.93,4,732.38,399.94,339,847,2,0,0,0,1607.1,1,airport_txn
TXN03-02509,3,2026-06-28 09:05:07,627.92,Grocery,30026,Card,DEV-03-3,Android,Chennai,9,6,1,1.45,5,733.28,399.86,16,373,2463,0,0,0,1607.1,0,
TXN03-02510,3,2026-06-28 09:09:46,580.68,Household,30004,Card,DEV-03-1,Android,Chennai,9,6,1,4.65,6,733.02,399.4,222,848,2464,0,0,0,0.0,0,
TXN03-02511,3,2026-06-28 09:14:48,965.3,Household,30005,UPI,DEV-03-2,Android,Chennai,9,6,1,5.03,7,730.95,397.98,113,511,2465,0,0,0,0.0,0,
TXN03-02512,3,2026-06-28 09:33:01,732.9,Grocery,30001,Card,DEV-03-4,Web,Chennai,9,6,1,18.22,8,734.06,396.98,340,243,2466,0,0,0,0.0,0,
TXN03-02513,3,2026-06-28 09:39:58,1425.24,Grocery,30085,Card,DEV-03-1,Android,Chennai,9,6,1,6.95,9,734.06,396.49,1,849,2467,0,0,1,0.0,0,
TXN03-02514,3,2026-06-28 09:41:31,561.96,Household,30016,Card,DEV-03-1,Android,Chennai,9,6,1,1.55,10,735.74,397.47,30,850,2468,0,0,0,0.0,0,
TXN03-02515,3,2026-06-28 09:44:56,597.93,Grocery,30019,Card,DEV-03-2,Android,Chennai,9,6,1,3.42,11,735.32,397.08,44,512,2469,0,0,0,0.0,0,
TXN03-02516,3,2026-06-28 10:14:58,1414.04,Grocery,30033,UPI,DEV-03-7,iPhone,Chennai,10,6,1,30.03,12,734.81,396.77,15,86,2470,0,0,0,0.0,0,
TXN03-02517,3,2026-06-28 10:35:38,1116.45,Grocery,30026,Card,DEV-03-1,Android,Chennai,10,6,1,20.67,13,737.5,397.62,17,851,2471,0,0,0,0.0,0,
TXN03-02518,3,2026-06-28 10:55:20,351.55,Household,30086,Card,DEV-03-2,Android,Chennai,10,6,1,19.7,14,739.58,397.68,1,513,2472,0,0,1,0.0,0,
TXN03-02519,3,2026-06-28 11:03:23,563.51,Grocery,30022,UPI,DEV-03-2,Android,Chennai,11,6,1,8.05,15,738.63,397.66,24,514,2473,0,0,0,0.0,0,
TXN03-02520,3,2026-06-28 11:25:49,792.84,Household,30004,Card,DEV-03-7,iPhone,Surat,11,6,1,22.43,16,739.92,398.46,223,87,2,0,0,0,1196.79,0,
TXN03-02521,3,2026-06-28 11:28:26,529.96,Grocery,30002,Card,DEV-03-1,Android,Chennai,11,6,1,2.62,17,740.05,397.98,155,852,2474,0,0,0,1196.79,0,
TXN03-02522,3,2026-06-28 12:13:04,546.26,Household,30004,Card,DEV-03-1,Android,Chennai,12,6,1,44.63,18,741.35,398.69,224,853,2475,0,0,0,0.0,0,
TXN03-02523,3,2026-06-28 12:25:25,942.34,Household,30029,UPI,DEV-03-1,Android,Chennai,12,6,1,12.35,19,741.2,398.75,14,854,2476,0,0,0,0.0,0,
TXN03-02524,3,2026-06-28 12:46:27,350.99,Household,30004,UPI,DEV-03-1,Android,Chennai,12,6,1,21.03,20,741.81,398.87,225,855,2477,0,0,0,0.0,0,
TXN03-02525,3,2026-06-28 13:00:01,922.66,Pharmacy,30008,Card,DEV-03-3,Android,Chennai,13,6,1,13.57,21,739.62,398.59,314,374,2478,0,0,0,0.0,0,
TXN03-02526,3,2026-06-28 13:00:23,327.45,Pharmacy,30070,Card,DEV-03-1,Android,Chennai,13,6,1,0.37,22,740.07,398.2,2,856,2479,0,0,0,0.0,0,
TXN03-02527,3,2026-06-28 13:08:29,221.17,Household,30016,Card,DEV-03-3,Android,Chennai,13,6,1,8.1,23,738.33,399.06,31,375,2480,0,0,0,0.0,0,
TXN03-02528,3,2026-06-28 13:52:13,348.31,Grocery,30001,UPI,DEV-03-13,Android,Chennai,13,6,1,43.73,24,738.86,400.54,341,8,2481,0,0,0,0.0,0,
TXN03-02529,3,2026-06-28 14:01:16,195.81,Grocery,30010,UPI,DEV-03-4,Web,Chennai,14,6,1,9.05,25,737.88,400.52,60,244,2482,0,0,0,0.0,0,
TXN03-02530,3,2026-06-28 14:13:05,837.14,Grocery,30006,Card,DEV-03-6,Web,Chennai,14,6,1,11.82,26,736.8,401.8,76,114,2483,0,0,0,0.0,0,
TXN03-02531,3,2026-06-28 14:13:53,667.62,Grocery,30019,UPI,DEV-03-3,Android,Chennai,14,6,1,0.8,27,737.05,401.33,45,376,2484,0,0,0,0.0,0,
TXN03-02532,3,2026-06-28 14:21:47,513.49,Household,30060,Card,DEV-03-1,Android,Chennai,14,6,1,7.9,28,736.88,400.84,6,857,2485,0,0,0,0.0,0,
TXN03-02533,3,2026-06-28 14:40:32,904.63,Pharmacy,30049,Card,DEV-03-3,Android,Chennai,14,6,1,18.75,29,736.32,400.5,10,377,2486,0,0,0,0.0,0,
TXN03-02534,3,2026-06-28 14:47:46,1500.0,Household,30004,UPI,DEV-03-7,iPhone,Ahmedabad,14,6,1,7.23,30,736.74,400.09,226,88,4,0,0,0,1371.81,0,
TXN03-02535,3,2026-06-28 14:49:46,957.46,Grocery,30057,Card,DEV-03-1,Android,Chennai,14,6,1,2.0,31,738.62,401.39,3,858,2487,0,0,0,1371.81,1,ato_short_gap
TXN03-02536,3,2026-06-28 14:52:36,689.8,Pharmacy,30023,UPI,DEV-03-1,Android,Chennai,14,6,1,2.83,32,739.16,401.04,90,859,2488,0,0,0,0.0,0,
TXN03-02537,3,2026-06-28 15:32:59,1500.0,Household,30039,Card,DEV-03-10,Android,Chennai,15,6,1,40.38,33,737.88,400.88,15,33,2489,0,0,0,0.0,0,
TXN03-02538,3,2026-06-28 15:33:37,458.37,Grocery,30026,Card,DEV-03-1,Android,Chennai,15,6,1,0.63,34,739.77,402.17,18,860,2490,0,0,0,0.0,0,
TXN03-02539,3,2026-06-28 15:35:40,1500.0,Grocery,30020,UPI,DEV-03-4,Web,Chennai,15,6,1,2.05,35,739.08,401.92,18,245,2491,0,0,0,0.0,0,
TXN03-02540,3,2026-06-28 15:36:03,653.55,Grocery,30002,UPI,DEV-03-2,Android,Chennai,15,6,1,0.38,36,740.95,403.19,156,515,2492,0,0,0,0.0,0,
TXN03-02541,3,2026-06-28 15:36:06,671.72,Pharmacy,30023,UPI,DEV-03-1,Android,Chennai,15,6,1,0.05,37,740.74,402.72,91,861,2493,0,0,0,0.0,0,
TXN03-02542,3,2026-06-28 15:55:46,1044.95,Household,30039,UPI,DEV-03-1,Android,Chennai,15,6,1,19.67,38,740.57,402.24,16,862,2494,0,0,0,0.0,0,
TXN03-02543,3,2026-06-28 16:24:57,412.23,Pharmacy,30008,UPI,DEV-03-1,Android,Chennai,16,6,1,29.18,39,743.26,402.02,315,863,2495,0,0,0,0.0,0,
TXN03-02544,3,2026-06-28 16:37:43,434.49,Grocery,30001,Card,DEV-03-3,Android,Chennai,16,6,1,12.77,40,742.45,401.86,342,378,2496,0,0,0,0.0,0,
TXN03-02545,3,2026-06-28 16:41:18,432.7,Pharmacy,30023,Card,DEV-03-4,Web,Chennai,16,6,1,3.58,41,741.69,401.65,92,246,2497,0,0,0,0.0,0,
TXN03-02546,3,2026-06-28 17:19:55,236.98,Grocery,30002,Card,DEV-03-4,Web,Chennai,17,6,1,38.62,42,740.22,402.41,157,247,2498,0,0,0,0.0,0,
TXN03-02547,3,2026-06-28 17:54:54,425.48,Household,30004,UPI,DEV-03-1,Android,Chennai,17,6,1,34.98,43,734.39,400.24,227,864,2499,0,0,0,0.0,0,
TXN03-02548,3,2026-06-28 18:08:45,524.42,Household,30029,Card,DEV-03-2,Android,Chennai,18,6,1,13.85,44,733.63,400.04,15,516,2500,0,0,0,0.0,0,
TXN03-02549,3,2026-06-28 18:14:43,856.06,Household,30005,UPI,DEV-03-5,iPhone,Chennai,18,6,1,5.97,45,733.64,400.04,114,160,2501,0,0,0,0.0,0,
TXN03-02550,3,2026-06-28 18:28:45,1500.0,Household,30005,UPI,DEV-03-2,Android,Chennai,18,6,1,14.03,46,733.94,399.59,115,517,2502,0,0,0,0.0,0,
TXN03-02551,3,2026-06-28 19:47:36,284.93,Pharmacy,30023,Card,DEV-03-4,Web,Chennai,19,6,1,78.85,47,735.28,400.49,93,248,2503,0,0,0,0.0,0,
TXN03-02552,3,2026-06-28 19:54:46,323.64,Grocery,30085,Card,DEV-03-1,Android,Chennai,19,6,1,7.17,48,736.3,400.47,2,865,2504,0,0,0,0.0,0,
TXN03-02553,3,2026-06-28 19:56:51,401.28,Household,30011,UPI,DEV-03-5,iPhone,Chennai,19,6,1,2.08,49,735.27,400.5,48,161,2505,0,0,0,0.0,0,
TXN03-02554,3,2026-06-29 08:52:33,240.21,Grocery,30001,UPI,DEV-03-4,Web,Chennai,8,0,0,775.7,1,731.79,398.72,343,249,2506,0,0,0,0.0,0,
TXN03-02555,3,2026-06-29 08:54:12,1291.35,Grocery,30062,UPI,DEV-03-2,Android,Chennai,8,0,0,1.65,2,730.53,398.98,4,518,2507,0,0,0,0.0,0,
TXN03-02556,3,2026-06-29 09:06:37,500.48,Pharmacy,30023,UPI,DEV-03-5,iPhone,Chennai,9,0,0,12.42,3,731.25,399.74,94,162,2508,0,0,0,0.0,0,
TXN03-02557,3,2026-06-29 09:07:23,1017.65,Pharmacy,30032,UPI,DEV-03-3,Android,Chennai,9,0,0,0.77,4,730.66,399.4,32,379,2509,0,0,0,0.0,0,
TXN03-02558,3,2026-06-29 09:13:15,1474.74,Grocery,30002,UPI,DEV-03-7,iPhone,Chennai,9,0,0,5.87,5,731.39,399.15,158,89,2510,0,0,0,0.0,0,
TXN03-02559,3,2026-06-29 09:22:16,548.85,Grocery,30047,UPI,DEV-03-3,Android,Chennai,9,0,0,9.02,6,730.74,399.96,12,380,2511,0,0,0,0.0,0,
TXN03-02560,3,2026-06-29 09:28:25,1357.33,Grocery,30001,Card,DEV-03-1,Android,Chennai,9,0,0,6.15,7,730.28,399.56,344,866,2512,0,0,0,0.0,0,
TXN03-02561,3,2026-06-29 09:33:39,326.93,Grocery,30003,Card,DEV-03-1,Android,Chennai,9,0,0,5.23,8,732.74,400.43,97,867,2513,0,0,0,0.0,0,
TXN03-02562,3,2026-06-29 09:37:23,345.96,Household,30074,UPI,DEV-03-2,Android,Chennai,9,0,0,3.73,9,731.71,400.44,3,519,2514,0,0,0,0.0,0,
TXN03-02563,3,2026-06-29 09:37:48,417.05,Pharmacy,30008,UPI,DEV-03-1,Android,Chennai,9,0,0,0.42,10,730.73,400.4,316,868,2515,0,0,0,0.0,0,
TXN03-02564,3,2026-06-29 09:46:27,510.06,Grocery,30041,Card,DEV-03-6,Web,Chennai,9,0,0,8.65,11,731.09,400.07,8,115,2516,0,0,0,0.0,0,
TXN03-02565,3,2026-06-29 11:01:21,1500.0,Grocery,30018,Card,DEV-03-2,Android,Chennai,11,0,0,74.9,12,729.58,401.53,36,520,2517,0,0,0,0.0,0,
TXN03-02566,3,2026-06-29 11:06:14,529.76,Household,30005,UPI,DEV-03-1,Android,Chennai,11,0,0,4.88,13,731.27,403.39,116,869,2518,0,0,0,0.0,0,
TXN03-02567,3,2026-06-29 11:39:49,194.65,Household,30013,Card,DEV-03-2,Android,Chennai,11,0,0,33.58,14,731.26,403.74,32,521,2519,0,0,0,0.0,0,
TXN03-02568,3,2026-06-29 12:13:28,494.55,Household,30004,UPI,DEV-03-1,Android,Chennai,12,0,0,33.65,15,729.77,402.55,228,870,2520,0,0,0,0.0,0,
TXN03-02569,3,2026-06-29 12:21:59,221.09,Grocery,30033,UPI,DEV-03-16,Web,Chennai,12,0,0,8.52,16,730.39,402.0,16,2,2521,0,0,0,0.0,0,
TXN03-02570,3,2026-06-29 12:28:58,142.42,Grocery,30003,UPI,DEV-03-8,Web,Chennai,12,0,0,6.98,17,729.07,402.32,98,37,2522,0,0,0,0.0,0,
TXN03-02571,3,2026-06-29 12:32:12,1054.74,Grocery,30018,Card,DEV-03-2,Android,Mumbai,12,0,0,3.23,18,727.55,402.9,37,522,8,0,0,0,1033.1,0,
TXN03-02572,3,2026-06-29 13:26:53,597.68,Household,30004,UPI,DEV-03-4,Web,Chennai,13,0,0,54.68,19,730.4,404.36,229,250,2523,0,0,0,1033.1,0,
TXN03-02573,3,2026-06-29 13:45:34,1370.99,Grocery,30020,Card,DEV-03-6,Web,Chennai,13,0,0,18.68,20,730.79,404.44,19,116,2524,0,0,0,0.0,0,
TXN03-02574,3,2026-06-29 13:48:22,1500.0,Pharmacy,30023,UPI,DEV-03-3,Android,Chennai,13,0,0,2.8,21,732.47,405.24,95,381,2525,0,0,0,0.0,0,
TXN03-02575,3,2026-06-29 14:05:47,934.4,Grocery,30014,UPI,DEV-03-1,Android,Chennai,14,0,0,17.42,22,737.28,406.79,43,871,2526,0,0,0,0.0,0,
TXN03-02576,3,2026-06-29 14:07:17,730.64,Pharmacy,30023,Card,DEV-03-2,Android,Chennai,14,0,0,1.5,23,737.8,406.38,96,523,2527,0,0,0,0.0,0,
TXN03-02577,3,2026-06-29 14:26:40,525.61,Grocery,30007,Card,DEV-03-2,Android,Chennai,14,0,0,19.38,24,737.28,405.4,53,524,2528,0,0,0,0.0,0,
TXN03-02578,3,2026-06-29 14:33:19,1159.97,Pharmacy,30008,Card,DEV-03-1,Android,Chennai,14,0,0,6.65,25,736.72,405.01,317,872,2529,0,0,0,0.0,0,
TXN03-02579,3,2026-06-29 14:44:07,1161.78,Pharmacy,30028,UPI,DEV-03-4,Web,Chennai,14,0,0,10.8,26,737.65,405.58,39,251,2530,0,0,0,0.0,0,
TXN03-02580,3,2026-06-29 15:26:33,1500.0,Pharmacy,30031,Card,DEV-03-1,Android,Chennai,15,0,0,42.43,27,741.22,408.41,20,873,2531,0,0,0,0.0,0,
TXN03-02581,3,2026-06-29 15:28:49,394.01,Household,30013,Card,DEV-03-3,Android,Chennai,15,0,0,2.27,28,743.26,409.74,33,382,2532,0,0,0,0.0,0,
TXN03-02582,3,2026-06-29 15:33:26,657.79,Household,30009,Card,DEV-03-3,Android,Chennai,15,0,0,4.62,29,742.32,409.59,81,383,2533,0,0,0,0.0,0,
TXN03-02583,3,2026-06-29 15:46:22,393.25,Pharmacy,30023,UPI,DEV-03-2,Android,Chennai,15,0,0,12.93,30,740.07,407.73,97,525,2534,0,0,0,0.0,0,
TXN03-02584,3,2026-06-29 16:07:08,236.93,Grocery,30001,Card,DEV-03-1,Android,Chennai,16,0,0,20.77,31,737.19,407.69,345,874,2535,0,0,0,0.0,0,
TXN03-02585,3,2026-06-29 16:29:13,353.22,Household,30029,UPI,DEV-03-5,iPhone,Chennai,16,0,0,22.08,32,735.96,408.5,16,163,2536,0,0,0,0.0,0,
TXN03-02586,3,2026-06-29 16:31:42,523.72,Pharmacy,30032,UPI,DEV-03-4,Web,Chennai,16,0,0,2.48,33,736.25,409.02,33,252,2537,0,0,0,0.0,0,
TXN03-02587,3,2026-06-29 16:32:37,638.1,Household,30017,Card,DEV-03-3,Android,Chennai,16,0,0,0.92,34,735.67,408.61,23,384,2538,0,0,0,0.0,0,
TXN03-02588,3,2026-06-29 16:43:05,1108.99,Household,30004,Card,DEV-03-1,Android,Chennai,16,0,0,10.47,35,735.41,408.1,230,875,2539,0,0,0,0.0,0,
TXN03-02589,3,2026-06-29 16:47:19,558.53,Pharmacy,30008,UPI,DEV-03-2,Android,Chennai,16,0,0,4.23,36,737.4,408.1,318,526,2540,0,0,0,0.0,0,
TXN03-02590,3,2026-06-29 16:48:40,370.97,Grocery,30007,Card,DEV-03-3,Android,Chennai,16,0,0,1.35,37,736.92,407.66,54,385,2541,0,0,0,0.0,0,
TXN03-02591,3,2026-06-29 17:03:53,411.89,Grocery,30051,Card,DEV-03-2,Android,Chennai,17,0,0,15.22,38,735.95,407.56,4,527,2542,0,0,0,0.0,0,
TXN03-02592,3,2026-06-29 17:20:28,207.15,Grocery,30003,UPI,DEV-03-4,Web,Chennai,17,0,0,16.58,39,735.09,407.36,99,253,2543,0,0,0,0.0,0,
TXN03-02593,3,2026-06-29 17:24:05,775.73,Household,30011,UPI,DEV-03-1,Android,Chennai,17,0,0,3.62,40,733.69,407.72,49,876,2544,0,0,0,0.0,0,
TXN03-02594,3,2026-06-29 17:24:50,481.14,Household,30005,Card,DEV-03-3,Android,Chennai,17,0,0,0.75,41,733.8,407.19,117,386,2545,0,0,0,0.0,0,
TXN03-02595,3,2026-06-29 17:24:58,491.21,Pharmacy,30025,UPI,DEV-03-1,Android,Chennai,17,0,0,0.13,42,733.13,406.86,60,877,2546,0,0,0,0.0,0,
TXN03-02596,3,2026-06-29 17:55:08,506.53,Grocery,30042,UPI,DEV-03-8,Web,Chennai,17,0,0,30.17,43,732.36,408.21,6,38,2547,0,0,0,0.0,0,
TXN03-02597,3,2026-06-29 18:06:47,763.69,Pharmacy,30008,UPI,DEV-03-7,iPhone,Chennai,18,0,0,11.65,44,731.76,407.83,319,90,2548,0,0,0,0.0,0,
TXN03-02598,3,2026-06-29 18:10:16,994.89,Grocery,30001,Card,DEV-03-2,Android,Chennai,18,0,0,3.48,45,731.84,407.29,346,528,2549,0,0,0,0.0,0,
TXN03-02599,3,2026-06-29 18:40:28,929.86,Pharmacy,30031,Card,DEV-03-1,Android,Chennai,18,0,0,30.2,46,733.36,407.21,21,878,2550,0,0,0,0.0,0,
TXN03-02600,3,2026-06-29 19:40:02,553.15,Household,30011,Card,DEV-03-1,Android,Chennai,19,0,0,59.57,47,732.54,409.14,50,879,2551,0,0,0,0.0,0,
TXN03-02601,3,2026-06-29 19:40:28,537.49,Household,30009,UPI,DEV-03-3,Android,Chennai,19,0,0,0.43,48,732.06,408.7,82,387,2552,0,0,0,0.0,0,
TXN03-02602,3,2026-06-29 19:42:56,699.84,Pharmacy,30025,UPI,DEV-03-1,Android,Chennai,19,0,0,2.47,49,731.53,408.27,61,880,2553,0,0,0,0.0,0,
TXN03-02603,3,2026-06-29 19:49:21,1013.76,Pharmacy,30031,Card,DEV-03-3,Android,Chennai,19,0,0,6.42,50,731.45,407.72,22,388,2554,0,0,0,0.0,0,
TXN03-02604,3,2026-06-29 19:54:16,678.2,Grocery,30001,UPI,DEV-03-4,Web,Chennai,19,0,0,4.92,51,733.64,407.04,347,254,2555,0,0,0,0.0,0,
TXN03-02605,3,2026-06-29 23:54:23,1054.46,Airport,30001,UPI,DEV-03-1,Android,Indore,23,0,0,240.12,52,733.85,406.99,348,881,4,0,0,0,1168.6,1,airport_txn
TXN03-02606,3,2026-06-30 00:19:05,279.88,Fuel,30001,UPI,DEV-03-1,Android,Chennai,0,1,0,24.7,1,734.71,406.79,349,882,2556,0,0,0,1168.6,1,midnight_fuel
TXN03-02607,3,2026-06-30 01:02:24,821.09,Airport,30001,UPI,DEV-03-1,Android,Mumbai,1,1,0,43.32,2,734.45,407.05,350,883,9,0,0,0,1033.1,1,airport_txn
TXN03-02608,3,2026-06-30 03:43:58,1218.81,Airport,30001,UPI,DEV-03-1,Android,Kolkata,3,1,0,161.57,3,734.68,406.53,351,884,6,0,0,0,1654.84,1,airport_txn
TXN03-02609,3,2026-06-30 08:05:16,991.48,Grocery,30030,Card,DEV-03-8,Web,Chennai,8,1,0,261.3,4,735.97,406.76,8,39,2557,0,0,0,1358.36,0,
TXN03-02610,3,2026-06-30 08:08:23,743.79,Household,30005,Card,DEV-03-3,Android,Chennai,8,1,0,3.12,5,736.65,406.43,118,389,2558,0,0,0,0.0,0,
TXN03-02611,3,2026-06-30 09:28:35,153.73,Pharmacy,30025,UPI,DEV-03-2,Android,Chennai,9,1,0,80.2,6,733.51,403.6,62,529,2559,0,0,0,0.0,0,
TXN03-02612,3,2026-06-30 09:38:55,590.73,Grocery,30001,UPI,DEV-03-5,iPhone,Chennai,9,1,0,10.33,7,731.96,404.17,352,164,2560,0,0,0,0.0,0,
TXN03-02613,3,2026-06-30 09:43:15,280.85,Grocery,30006,UPI,DEV-03-1,Android,Chennai,9,1,0,4.33,8,731.58,403.7,77,885,2561,0,0,0,0.0,0,
TXN03-02614,3,2026-06-30 10:10:00,899.98,Pharmacy,30025,UPI,DEV-03-4,Web,Chennai,10,1,0,26.75,9,731.26,404.01,63,255,2562,0,0,0,0.0,0,
TXN03-02615,3,2026-06-30 10:19:59,274.14,Grocery,30059,UPI,DEV-03-2,Android,Chennai,10,1,0,9.98,10,731.73,404.11,10,530,2563,0,0,0,0.0,0,
TXN03-02616,3,2026-06-30 10:24:22,571.7,Grocery,30001,Card,DEV-03-36,iPhone,Chennai,10,1,0,4.38,11,730.51,404.26,353,1,2564,1,0,0,0.0,0,
TXN03-02617,3,2026-06-30 10:27:46,251.09,Pharmacy,30040,UPI,DEV-03-1,Android,Chennai,10,1,0,3.4,12,730.09,403.8,14,886,2565,0,0,0,0.0,0,
TXN03-02618,3,2026-06-30 10:46:22,283.35,Household,30004,Card,DEV-03-15,Android,Chennai,10,1,0,18.6,13,729.19,404.49,231,5,2566,0,0,0,0.0,0,
TXN03-02619,3,2026-06-30 10:47:09,1100.3,Grocery,30030,Card,DEV-03-37,iPhone,Chennai,10,1,0,0.78,14,728.02,404.6,9,1,2567,1,0,0,0.0,0,
TXN03-02620,3,2026-06-30 11:10:42,350.94,Pharmacy,30031,UPI,DEV-03-1,Android,Chennai,11,1,0,23.55,15,730.39,404.15,23,887,2568,0,0,0,0.0,0,
TXN03-02621,3,2026-06-30 11:20:26,593.23,Pharmacy,30054,Card,DEV-03-2,Android,Chennai,11,1,0,9.73,16,729.39,404.08,5,531,2569,0,0,0,0.0,0,
TXN03-02622,3,2026-06-30 11:44:08,1083.28,Household,30004,UPI,DEV-03-2,Android,Goa,11,1,0,23.7,17,730.08,403.63,232,532,3,0,0,0,706.92,0,
TXN03-02623,3,2026-06-30 11:59:34,1500.0,Household,30011,UPI,DEV-03-4,Web,Chennai,11,1,0,15.43,18,728.98,402.1,51,256,2570,0,0,0,706.92,0,
TXN03-02624,3,2026-06-30 12:03:42,677.99,Household,30056,UPI,DEV-03-1,Android,Chennai,12,1,0,4.13,19,731.0,403.5,9,888,2571,0,0,0,0.0,0,
TXN03-02625,3,2026-06-30 12:08:17,259.55,Household,30073,UPI,DEV-03-1,Android,Chennai,12,1,0,4.58,20,731.98,402.92,4,889,2572,0,0,0,0.0,0,
TXN03-02626,3,2026-06-30 12:12:26,727.44,Grocery,30014,Card,DEV-03-2,Android,Chennai,12,1,0,4.15,21,730.75,403.11,44,533,2573,0,0,0,0.0,0,
TXN03-02627,3,2026-06-30 12:22:09,870.98,Grocery,30033,UPI,DEV-03-3,Android,Chennai,12,1,0,9.72,22,731.9,402.47,17,390,2574,0,0,0,0.0,0,
TXN03-02628,3,2026-06-30 12:53:26,1418.66,Household,30009,Card,DEV-03-3,Android,Chennai,12,1,0,31.28,23,732.18,402.53,83,391,2575,0,0,0,0.0,0,
TXN03-02629,3,2026-06-30 12:53:28,742.68,Grocery,30002,Card,DEV-03-7,iPhone,Chennai,12,1,0,0.03,24,733.97,403.53,159,91,2576,0,0,0,0.0,0,
TXN03-02630,3,2026-06-30 13:10:37,317.64,Pharmacy,30023,Card,DEV-03-2,Android,Chennai,13,1,0,17.15,25,733.52,403.99,98,534,2577,0,0,0,0.0,0,
TXN03-02631,3,2026-06-30 13:26:11,514.91,Pharmacy,30063,Card,DEV-03-1,Android,Chennai,13,1,0,15.57,26,732.44,404.02,4,890,2578,0,0,0,0.0,0,
TXN03-02632,3,2026-06-30 13:29:39,1500.0,Household,30009,UPI,DEV-03-3,Android,Chennai,13,1,0,3.47,27,731.87,403.65,84,392,2579,0,0,0,0.0,0,
TXN03-02633,3,2026-06-30 13:43:30,452.22,Grocery,30001,UPI,DEV-03-1,Android,Chennai,13,1,0,13.85,28,734.96,405.74,354,891,2580,0,0,0,0.0,0,
TXN03-02634,3,2026-06-30 13:49:24,291.7,Grocery,30002,Card,DEV-03-2,Android,Chennai,13,1,0,5.9,29,734.22,405.47,160,535,2581,0,0,0,0.0,0,
TXN03-02635,3,2026-06-30 13:57:34,187.16,Grocery,30001,UPI,DEV-03-7,iPhone,Chennai,13,1,0,8.17,30,733.07,405.57,355,92,2582,0,0,0,0.0,0,
TXN03-02636,3,2026-06-30 13:57:54,331.58,Pharmacy,30008,Card,DEV-03-8,Web,Chennai,13,1,0,0.33,31,731.66,405.99,320,40,2583,0,0,0,0.0,0,
TXN03-02637,3,2026-06-30 14:04:20,961.49,Grocery,30087,Card,DEV-03-4,Web,Chennai,14,1,0,6.43,32,730.63,405.98,1,257,2584,0,0,1,0.0,0,
TXN03-02638,3,2026-06-30 14:06:36,911.99,Pharmacy,30008,UPI,DEV-03-2,Android,Chennai,14,1,0,2.27,33,731.22,405.62,321,536,2585,0,0,0,0.0,0,
TXN03-02639,3,2026-06-30 14:11:35,556.68,Grocery,30015,Card,DEV-03-1,Android,Chennai,14,1,0,4.98,34,731.69,405.2,33,892,2586,0,0,0,0.0,0,
TXN03-02640,3,2026-06-30 14:33:57,400.46,Household,30056,UPI,DEV-03-2,Android,Chennai,14,1,0,22.37,35,733.31,405.61,10,537,2587,0,0,0,0.0,0,
TXN03-02641,3,2026-06-30 14:38:28,730.0,Grocery,30062,UPI,DEV-03-3,Android,Chennai,14,1,0,4.52,36,732.45,405.44,5,393,2588,0,0,0,0.0,0,
TXN03-02642,3,2026-06-30 15:03:55,548.97,Grocery,30020,UPI,DEV-03-5,iPhone,Chennai,15,1,0,25.45,37,730.7,404.05,20,165,2589,0,0,0,0.0,0,
TXN03-02643,3,2026-06-30 15:09:26,370.39,Grocery,30053,UPI,DEV-03-1,Android,Chennai,15,1,0,5.52,38,730.23,403.64,5,893,2590,0,0,0,0.0,0,
TXN03-02644,3,2026-06-30 15:18:23,439.35,Grocery,30001,UPI,DEV-03-4,Web,Chennai,15,1,0,8.95,39,729.31,403.53,356,258,2591,0,0,0,0.0,0,
TXN03-02645,3,2026-06-30 15:23:25,1500.0,Grocery,30010,UPI,DEV-03-2,Android,Chennai,15,1,0,5.03,40,728.57,403.28,61,538,2592,0,0,0,0.0,0,
TXN03-02646,3,2026-06-30 15:23:41,337.59,Pharmacy,30078,Card,DEV-03-4,Web,Chennai,15,1,0,0.27,41,730.54,404.64,4,259,2593,0,0,0,0.0,0,
TXN03-02647,3,2026-06-30 15:43:35,1500.0,Pharmacy,30040,UPI,DEV-03-5,iPhone,Chennai,15,1,0,19.9,42,727.09,403.9,15,166,2594,0,0,0,0.0,0,
TXN03-02648,3,2026-06-30 15:43:38,571.25,Grocery,30088,Card,DEV-03-8,Web,Chennai,15,1,0,0.05,43,729.06,405.26,1,41,2595,0,0,1,0.0,0,
TXN03-02649,3,2026-06-30 15:53:17,1122.83,Household,30089,UPI,DEV-03-4,Web,Chennai,15,1,0,9.65,44,729.62,404.9,1,260,2596,0,0,1,0.0,0,
TXN03-02650,3,2026-06-30 16:57:03,663.9,Grocery,30022,Card,DEV-03-5,iPhone,Chennai,16,1,0,63.77,45,731.84,405.78,25,167,2597,0,0,0,0.0,0,
TXN03-02651,3,2026-06-30 16:59:04,418.62,Household,30011,UPI,DEV-03-2,Android,Chennai,16,1,0,2.02,46,731.67,405.27,52,539,2598,0,0,0,0.0,0,
TXN03-02652,3,2026-06-30 17:36:21,668.93,Pharmacy,30008,UPI,DEV-03-1,Android,Chennai,17,1,0,37.28,47,731.99,404.97,322,894,2599,0,0,0,0.0,0,
TXN03-02653,3,2026-06-30 18:07:22,570.12,Household,30011,UPI,DEV-03-2,Android,Chennai,18,1,0,31.02,48,732.11,404.95,53,540,2600,0,0,0,0.0,0,
TXN03-02654,3,2026-06-30 18:11:50,417.16,Household,30004,Card,DEV-03-6,Web,Chennai,18,1,0,4.47,49,731.69,404.51,233,117,2601,0,0,0,0.0,0,
TXN03-02655,3,2026-06-30 18:11:56,1445.03,Pharmacy,30008,Card,DEV-03-2,Android,Chennai,18,1,0,0.1,50,730.89,404.31,323,541,2602,0,0,0,0.0,0,
TXN03-02656,3,2026-06-30 18:30:14,671.71,Household,30004,UPI,DEV-03-5,iPhone,Chennai,18,1,0,18.3,51,733.84,405.29,234,168,2603,0,0,0,0.0,0,
TXN03-02657,3,2026-06-30 19:04:20,1500.0,Household,30005,Card,DEV-03-4,Web,Chennai,19,1,0,34.1,52,732.74,404.86,119,261,2604,0,0,0,0.0,0,
TXN03-02658,3,2026-06-30 19:14:28,769.49,Grocery,30002,Card,DEV-03-3,Android,Chennai,19,1,0,10.13,53,734.69,406.19,161,394,2605,0,0,0,0.0,0,
TXN03-02659,3,2026-06-30 19:25:05,522.2,Household,30005,Card,DEV-03-1,Android,Chennai,19,1,0,10.62,54,734.78,405.68,120,895,2606,0,0,0,0.0,0,
TXN03-02660,3,2026-06-30 19:30:31,687.19,Household,30009,UPI,DEV-03-1,Android,Chennai,19,1,0,5.43,55,735.18,405.39,85,896,2607,0,0,0,0.0,0,
TXN03-02661,3,2026-06-30 19:52:46,365.37,Pharmacy,30008,Card,DEV-03-2,Android,Chennai,19,1,0,22.25,56,735.06,404.88,324,542,2608,0,0,0,0.0,0,
TXN03-02662,3,2026-07-01 08:05:37,1500.0,Household,30009,Card,DEV-03-2,Android,Chennai,8,2,0,732.85,1,731.22,403.71,86,543,2609,0,0,0,0.0,0,
TXN03-02663,3,2026-07-01 08:21:31,841.93,Household,30029,Card,DEV-03-3,Android,Chennai,8,2,0,15.9,2,733.32,405.99,17,395,2610,0,0,0,0.0,0,
TXN03-02664,3,2026-07-01 08:29:39,1500.0,Household,30069,Card,DEV-03-10,Android,Chennai,8,2,0,8.13,3,733.59,405.52,3,34,2611,0,0,0,0.0,0,
TXN03-02665,3,2026-07-01 08:57:00,463.47,Grocery,30090,Card,DEV-03-1,Android,Chennai,8,2,0,27.35,4,736.48,406.91,2,897,2612,0,0,0,0.0,0,
TXN03-02666,3,2026-07-01 09:06:21,798.32,Grocery,30030,Card,DEV-03-1,Android,Chennai,9,2,0,9.35,5,735.79,406.63,10,898,2613,0,0,0,0.0,0,
TXN03-02667,3,2026-07-01 09:16:37,657.96,Grocery,30003,Card,DEV-03-2,Android,Chennai,9,2,0,10.27,6,735.95,406.13,100,544,2614,0,0,0,0.0,0,
TXN03-02668,3,2026-07-01 09:19:28,728.11,Pharmacy,30070,Card,DEV-03-4,Web,Chennai,9,2,0,2.85,7,735.75,405.63,3,262,2615,0,0,0,0.0,0,
TXN03-02669,3,2026-07-01 09:29:46,359.69,Grocery,30052,Card,DEV-03-19,iPhone,Chennai,9,2,0,10.3,8,735.73,405.12,9,2,2616,0,0,0,0.0,0,
TXN03-02670,3,2026-07-01 09:34:25,1125.06,Grocery,30002,Card,DEV-03-3,Android,Chennai,9,2,0,4.65,9,734.79,405.05,162,396,2617,0,0,0,0.0,0,
TXN03-02671,3,2026-07-01 09:35:34,204.52,Grocery,30059,Card,DEV-03-3,Android,Chennai,9,2,0,1.15,10,735.76,405.02,11,397,2618,0,0,0,0.0,0,
TXN03-02672,3,2026-07-01 09:46:29,507.75,Pharmacy,30028,Card,DEV-03-1,Android,Chennai,9,2,0,10.92,11,734.44,405.38,40,899,2619,0,0,0,0.0,0,
TXN03-02673,3,2026-07-01 09:49:26,873.3,Household,30005,Card,DEV-03-1,Android,Chennai,9,2,0,2.95,12,733.87,405.03,121,900,2620,0,0,0,0.0,0,
TXN03-02674,3,2026-07-01 09:49:32,556.77,Grocery,30015,UPI,DEV-03-7,iPhone,Chennai,9,2,0,0.1,13,734.22,404.59,34,93,2621,0,0,0,0.0,0,
TXN03-02675,3,2026-07-01 10:09:08,250.19,Pharmacy,30008,UPI,DEV-03-2,Android,Chennai,10,2,0,19.6,14,732.74,403.01,325,545,2622,0,0,0,0.0,0,
TXN03-02676,3,2026-07-01 10:18:28,201.62,Grocery,30010,Card,DEV-03-10,Android,Chennai,10,2,0,9.33,15,729.35,402.41,62,35,2623,0,0,0,0.0,0,
TXN03-02677,3,2026-07-01 10:19:50,1168.09,Pharmacy,30063,Card,DEV-03-1,Android,Chennai,10,2,0,1.37,16,728.96,402.84,5,901,2624,0,0,0,0.0,0,
TXN03-02678,3,2026-07-01 10:28:49,470.32,Pharmacy,30072,Card,DEV-03-3,Android,Chennai,10,2,0,8.98,17,729.22,403.09,2,398,2625,0,0,0,0.0,0,
TXN03-02679,3,2026-07-01 10:30:05,1128.24,Household,30005,UPI,DEV-03-4,Web,Chennai,10,2,0,1.27,18,728.58,402.8,122,263,2626,0,0,0,0.0,0,
TXN03-02680,3,2026-07-01 10:36:17,446.01,Pharmacy,30072,UPI,DEV-03-1,Android,Chennai,10,2,0,6.2,19,728.97,403.11,3,902,2627,0,0,0,0.0,0,
TXN03-02681,3,2026-07-01 10:39:59,1433.69,Household,30004,Card,DEV-03-7,iPhone,Chennai,10,2,0,3.7,20,729.61,402.46,235,94,2628,0,0,0,0.0,0,
TXN03-02682,3,2026-07-01 11:11:32,207.11,Pharmacy,30008,UPI,DEV-03-1,Android,Chennai,11,2,0,31.55,21,732.9,403.87,326,903,2629,0,0,0,0.0,0,
TXN03-02683,3,2026-07-01 12:14:00,675.39,Grocery,30003,Card,DEV-03-4,Web,Chennai,12,2,0,62.47,22,732.79,405.22,101,264,2630,0,0,0,0.0,0,
TXN03-02684,3,2026-07-01 12:27:22,1002.98,Grocery,30014,UPI,DEV-03-7,iPhone,Chennai,12,2,0,13.37,23,735.06,404.29,45,95,2631,0,0,0,0.0,0,
TXN03-02685,3,2026-07-01 12:39:46,499.31,Pharmacy,30008,Card,DEV-03-4,Web,Chennai,12,2,0,12.4,24,735.29,403.99,327,265,2632,0,0,0,0.0,0,
TXN03-02686,3,2026-07-01 14:57:48,320.48,Gaming Subscription,30001,UPI,DEV-03-1,Android,Chennai,14,2,0,138.03,25,734.67,403.94,357,904,2633,0,0,0,0.0,1,gaming_subscription
TXN03-02687,3,2026-07-01 15:15:09,405.77,Household,30038,Card,DEV-03-4,Web,Chennai,15,2,0,17.35,26,733.58,403.97,8,266,2634,0,0,0,0.0,0,
TXN03-02688,3,2026-07-01 16:36:30,416.2,Household,30004,UPI,DEV-03-8,Web,Chennai,16,2,0,81.35,27,732.14,405.93,236,42,2635,0,0,0,0.0,0,
TXN03-02689,3,2026-07-01 16:42:53,192.58,Gaming Subscription,30001,UPI,DEV-03-1,Android,Chennai,16,2,0,6.38,28,731.74,406.16,358,905,2636,0,0,0,0.0,1,gaming_subscription
TXN03-02690,3,2026-07-01 16:51:56,946.54,Airport,30001,UPI,DEV-03-1,Android,Ahmedabad,16,2,0,9.05,29,730.29,406.58,359,906,5,0,0,0,1371.81,1,airport_txn
TXN03-02691,3,2026-07-01 17:12:25,1500.0,Pharmacy,30055,UPI,DEV-03-5,iPhone,Chennai,17,2,0,20.48,30,730.87,406.19,6,169,2637,0,0,0,1371.81,0,
TXN03-02692,3,2026-07-01 17:43:46,635.11,Pharmacy,30023,UPI,DEV-03-2,Android,Chennai,17,2,0,31.35,31,735.56,409.55,99,546,2638,0,0,0,0.0,0,
TXN03-02693,3,2026-07-01 18:34:33,1500.0,Household,30091,UPI,DEV-03-17,Android,Chennai,18,2,0,50.78,32,734.58,409.45,1,2,2639,0,0,1,0.0,0,
TXN03-02694,3,2026-07-01 18:47:25,1131.42,Household,30005,Card,DEV-03-1,Android,Chennai,18,2,0,12.87,33,735.05,409.92,123,907,2640,0,0,0,0.0,0,
TXN03-02695,3,2026-07-01 18:52:11,527.0,Pharmacy,30065,Card,DEV-03-7,iPhone,Chennai,18,2,0,4.77,34,736.59,410.36,5,96,2641,0,0,0,0.0,0,
TXN03-02696,3,2026-07-01 18:54:01,1500.0,Pharmacy,30031,UPI,DEV-03-5,iPhone,Chennai,18,2,0,1.83,35,736.01,409.94,24,170,2642,0,0,0,0.0,0,
TXN03-02697,3,2026-07-01 19:06:40,343.56,Grocery,30001,UPI,DEV-03-1,Android,Chennai,19,2,0,12.65,36,740.05,412.28,360,908,2643,0,0,0,0.0,0,
TXN03-02698,3,2026-07-01 19:21:08,760.73,Pharmacy,30025,Card,DEV-03-1,Android,Chennai,19,2,0,14.47,37,738.06,412.47,64,909,2644,0,0,0,0.0,0,
TXN03-02699,3,2026-07-01 19:32:39,650.17,Grocery,30010,Card,DEV-03-4,Web,Chennai,19,2,0,11.52,38,738.13,411.9,63,267,2645,0,0,0,0.0,0,
TXN03-02700,3,2026-07-01 19:37:49,509.46,Grocery,30001,Card,DEV-03-3,Android,Chennai,19,2,0,5.17,39,736.14,410.59,361,399,2646,0,0,0,0.0,0,
TXN03-02701,3,2026-07-01 19:57:33,1022.45,Grocery,30003,Card,DEV-03-3,Android,Chennai,19,2,0,19.73,40,735.52,410.2,102,400,2647,0,0,0,0.0,0,
TXN03-02702,3,2026-07-01 20:48:00,249.81,Pharmacy,30046,Card,DEV-UNK-8555,iPhone,Chennai,20,2,0,50.45,41,735.52,410.2,7,1,2648,1,0,0,0.0,1,ato_odd_hour_new_device
TXN03-02703,3,2026-07-02 05:55:51,825.28,Airport,30001,UPI,DEV-03-1,Android,Ahmedabad,5,3,0,547.85,1,733.31,408.9,362,910,6,0,0,0,1371.81,1,airport_txn
TXN03-02704,3,2026-07-02 08:02:22,874.7,Grocery,30001,Card,DEV-03-1,Android,Chennai,8,3,0,126.52,2,733.56,408.36,363,911,2649,0,0,0,1371.81,0,
TXN03-02705,3,2026-07-02 08:26:55,691.3,Grocery,30053,UPI,DEV-03-13,Android,Chennai,8,3,0,24.55,3,731.83,406.43,6,9,2650,0,0,0,0.0,0,
TXN03-02706,3,2026-07-02 09:33:46,1500.0,Household,30004,UPI,DEV-03-5,iPhone,Chennai,9,3,0,66.85,4,730.34,405.66,237,171,2651,0,0,0,0.0,0,
TXN03-02707,3,2026-07-02 09:44:26,404.14,Pharmacy,30008,UPI,DEV-03-4,Web,Chennai,9,3,0,10.67,5,732.48,407.11,328,268,2652,0,0,0,0.0,0,
TXN03-02708,3,2026-07-02 09:45:39,264.54,Pharmacy,30008,UPI,DEV-03-2,Android,Chennai,9,3,0,1.22,6,731.57,406.91,329,547,2653,0,0,0,0.0,0,
TXN03-02709,3,2026-07-02 09:54:50,763.08,Pharmacy,30080,UPI,DEV-03-2,Android,Chennai,9,3,0,9.18,7,730.28,407.09,2,548,2654,0,0,0,0.0,0,
TXN03-02710,3,2026-07-02 09:57:45,531.88,Grocery,30003,Card,DEV-03-1,Android,Chennai,9,3,0,2.92,8,730.37,406.53,103,912,2655,0,0,0,0.0,0,
TXN03-02711,3,2026-07-02 10:08:09,612.01,Grocery,30003,Card,DEV-03-1,Android,Chennai,10,3,0,10.4,9,729.81,406.66,104,913,2656,0,0,0,0.0,0,
TXN03-02712,3,2026-07-02 10:18:02,245.86,Household,30012,UPI,DEV-03-2,Android,Chennai,10,3,0,9.88,10,729.49,406.15,47,549,2657,0,0,0,0.0,0,
TXN03-02713,3,2026-07-02 10:23:32,311.36,Grocery,30010,UPI,DEV-03-5,iPhone,Chennai,10,3,0,5.5,11,728.17,406.38,64,172,2658,0,0,0,0.0,0,
TXN03-02714,3,2026-07-02 10:28:18,759.82,Grocery,30018,UPI,DEV-03-3,Android,Chennai,10,3,0,4.77,12,727.03,406.41,38,401,2659,0,0,0,0.0,0,
TXN03-02715,3,2026-07-02 10:31:43,776.36,Pharmacy,30078,Card,DEV-03-1,Android,Chennai,10,3,0,3.42,13,727.12,405.86,5,914,2660,0,0,0,0.0,0,
TXN03-02716,3,2026-07-02 11:04:11,610.28,Grocery,30003,Card,DEV-03-1,Android,Chennai,11,3,0,32.47,14,725.5,404.66,105,915,2661,0,0,0,0.0,0,
TXN03-02717,3,2026-07-02 11:14:26,639.76,Grocery,30002,UPI,DEV-03-3,Android,Chennai,11,3,0,10.25,15,725.19,404.16,163,402,2662,0,0,0,0.0,0,
TXN03-02718,3,2026-07-02 11:14:34,289.6,Grocery,30001,UPI,DEV-03-4,Web,Chennai,11,3,0,0.13,16,724.95,403.63,364,269,2663,0,0,0,0.0,0,
TXN03-02719,3,2026-07-02 11:31:33,1500.0,Grocery,30022,UPI,DEV-03-6,Web,Chennai,11,3,0,16.98,17,723.77,404.27,26,118,2664,0,0,0,0.0,0,
TXN03-02720,3,2026-07-02 11:58:06,1392.53,Pharmacy,30008,Card,DEV-03-12,Android,Chennai,11,3,0,26.55,18,725.88,405.73,330,12,2665,0,0,0,0.0,0,
TXN03-02721,3,2026-07-02 12:00:11,847.25,Pharmacy,30063,UPI,DEV-03-7,iPhone,Chennai,12,3,0,2.08,19,727.69,406.66,6,97,2666,0,0,0,0.0,0,
TXN03-02722,3,2026-07-02 12:22:37,322.12,Household,30009,Card,DEV-03-3,Android,Chennai,12,3,0,22.43,20,728.01,406.16,87,403,2667,0,0,0,0.0,0,
TXN03-02723,3,2026-07-02 12:26:46,1153.65,Grocery,30014,UPI,DEV-03-2,Android,Chennai,12,3,0,4.15,21,726.91,406.16,46,550,2668,0,0,0,0.0,0,
TXN03-02724,3,2026-07-02 12:27:12,536.92,Grocery,30010,UPI,DEV-03-1,Android,Chennai,12,3,0,0.43,22,728.06,406.21,65,916,2669,0,0,0,0.0,0,
TXN03-02725,3,2026-07-02 12:40:44,756.84,Household,30016,Card,DEV-03-1,Android,Chennai,12,3,0,13.53,23,729.37,406.04,32,917,2670,0,0,0,0.0,0,
TXN03-02726,3,2026-07-02 12:49:47,1500.0,Pharmacy,30058,UPI,DEV-03-2,Android,Chennai,12,3,0,9.05,24,729.45,405.5,5,551,2671,0,0,0,0.0,0,
TXN03-02727,3,2026-07-02 12:51:42,478.53,Household,30004,Card,DEV-03-3,Android,Chennai,12,3,0,1.92,25,731.51,406.91,238,404,2672,0,0,0,0.0,0,
TXN03-02728,3,2026-07-02 12:57:17,632.58,Grocery,30010,UPI,DEV-03-15,Android,Chennai,12,3,0,5.58,26,731.91,406.58,66,6,2673,0,0,0,0.0,0,
TXN03-02729,3,2026-07-02 13:39:59,998.02,Pharmacy,30008,UPI,DEV-03-1,Android,Chennai,13,3,0,42.7,27,732.3,406.42,331,918,2674,0,0,0,0.0,0,
TXN03-02730,3,2026-07-02 13:57:03,264.4,Grocery,30001,UPI,DEV-03-38,Android,Chennai,13,3,0,17.07,28,733.01,406.11,365,1,2675,1,0,0,0.0,0,
TXN03-02731,3,2026-07-02 14:32:52,937.18,Household,30029,UPI,DEV-03-5,iPhone,Chennai,14,3,0,35.82,29,731.44,405.41,18,173,2676,0,0,0,0.0,0,
TXN03-02732,3,2026-07-02 14:32:56,1500.0,Household,30004,Card,DEV-03-2,Android,Chennai,14,3,0,0.07,30,732.0,405.0,239,552,2677,0,0,0,0.0,0,
TXN03-02733,3,2026-07-02 14:37:50,1500.0,Pharmacy,30044,UPI,DEV-03-1,Android,Chennai,14,3,0,4.9,31,734.53,406.84,12,919,2678,0,0,0,0.0,0,
TXN03-02734,3,2026-07-02 14:42:04,327.65,Household,30056,UPI,DEV-03-3,Android,Chennai,14,3,0,4.23,32,736.57,408.21,11,405,2679,0,0,0,0.0,0,
TXN03-02735,3,2026-07-02 14:44:29,621.76,Grocery,30018,UPI,DEV-03-1,Android,Chennai,14,3,0,2.42,33,735.48,408.21,39,920,2680,0,0,0,0.0,0,
TXN03-02736,3,2026-07-02 14:45:20,772.27,Grocery,30007,UPI,DEV-03-1,Android,Chennai,14,3,0,0.85,34,735.18,407.71,55,921,2681,0,0,0,0.0,0,
TXN03-02737,3,2026-07-02 14:47:32,565.44,Grocery,30022,Card,DEV-03-14,Android,Chennai,14,3,0,2.2,35,735.28,407.18,27,12,2682,0,0,0,0.0,0,
TXN03-02738,3,2026-07-02 15:00:01,1500.0,Grocery,30003,Card,DEV-03-1,Android,Chennai,15,3,0,12.48,36,734.83,406.73,106,922,2683,0,0,0,0.0,0,
TXN03-02739,3,2026-07-02 15:12:31,1187.72,Grocery,30003,UPI,DEV-03-4,Web,Chennai,15,3,0,12.5,37,735.92,408.84,107,270,2684,0,0,0,0.0,0,
TXN03-02740,3,2026-07-02 15:20:24,1377.53,Grocery,30092,Card,DEV-03-1,Android,Chennai,15,3,0,7.88,38,737.11,408.96,1,923,2685,0,0,1,0.0,0,
TXN03-02741,3,2026-07-02 15:24:51,994.67,Grocery,30010,UPI,DEV-03-2,Android,Chennai,15,3,0,4.45,39,738.88,410.3,67,553,2686,0,0,0,0.0,0,
TXN03-02742,3,2026-07-02 15:28:23,1500.0,Grocery,30003,UPI,DEV-03-1,Android,Chennai,15,3,0,3.53,40,739.56,409.97,108,924,2687,0,0,0,0.0,0,
TXN03-02743,3,2026-07-02 15:29:50,384.85,Grocery,30019,UPI,DEV-03-1,Android,Chennai,15,3,0,1.45,41,741.56,411.28,46,925,2688,0,0,0,0.0,0,
TXN03-02744,3,2026-07-02 15:34:54,891.35,Grocery,30015,Card,DEV-03-4,Web,Chennai,15,3,0,5.07,42,740.62,411.15,35,271,2689,0,0,0,0.0,0,
TXN03-02745,3,2026-07-02 15:46:50,182.84,Grocery,30002,UPI,DEV-03-6,Web,Chennai,15,3,0,11.93,43,741.02,410.68,164,119,2690,0,0,0,0.0,0,
TXN03-02746,3,2026-07-02 15:49:01,469.68,Household,30060,Card,DEV-03-6,Web,Chennai,15,3,0,2.18,44,740.62,411.15,7,120,2691,0,0,0,0.0,0,
TXN03-02747,3,2026-07-02 16:03:54,307.21,Grocery,30001,UPI,DEV-03-3,Android,Chennai,16,3,0,14.88,45,740.98,410.85,366,406,2692,0,0,0,0.0,0,
TXN03-02748,3,2026-07-02 16:11:40,692.42,Household,30060,UPI,DEV-03-7,iPhone,Kochi,16,3,0,7.77,46,739.85,410.91,8,98,4,0,0,0,559.49,0,
TXN03-02749,3,2026-07-02 16:39:09,525.04,Grocery,30014,UPI,DEV-03-3,Android,Chennai,16,3,0,27.48,47,740.09,411.33,47,407,2693,0,0,0,559.49,0,
TXN03-02750,3,2026-07-02 16:47:05,499.68,Grocery,30001,UPI,DEV-03-1,Android,Chennai,16,3,0,7.93,48,740.2,411.26,367,926,2694,0,0,0,0.0,0,
TXN03-02751,3,2026-07-02 16:55:43,344.89,Household,30009,UPI,DEV-03-1,Android,Chennai,16,3,0,8.63,49,739.57,410.91,88,927,2695,0,0,0,0.0,0,
TXN03-02752,3,2026-07-02 17:14:05,445.25,Grocery,30007,Card,DEV-03-3,Android,Chennai,17,3,0,18.37,50,738.54,410.87,56,408,2696,0,0,0,0.0,0,
TXN03-02753,3,2026-07-02 17:14:50,389.77,Household,30004,Card,DEV-03-4,Web,Chennai,17,3,0,0.75,51,737.78,410.6,240,272,2697,0,0,0,0.0,0,
TXN03-02754,3,2026-07-02 17:19:45,970.19,Household,30029,Card,DEV-03-2,Android,Chennai,17,3,0,4.92,52,736.87,410.45,19,554,2698,0,0,0,0.0,0,
TXN03-02755,3,2026-07-02 17:37:19,1500.0,Pharmacy,30028,Card,DEV-03-2,Android,Chennai,17,3,0,17.57,53,738.5,410.13,41,555,2699,0,0,0,0.0,0,
TXN03-02756,3,2026-07-02 17:42:29,1206.62,Pharmacy,30008,Card,DEV-03-7,iPhone,Chennai,17,3,0,5.17,54,741.29,412.34,332,99,2700,0,0,0,0.0,0,
TXN03-02757,3,2026-07-02 17:47:16,439.93,Household,30009,Card,DEV-03-4,Web,Chennai,17,3,0,4.78,55,742.11,412.95,89,273,2701,0,0,0,0.0,0,
TXN03-02758,3,2026-07-02 17:54:14,635.03,Pharmacy,30072,Card,DEV-03-2,Android,Chennai,17,3,0,6.97,56,741.33,412.7,4,556,2702,0,0,0,0.0,0,
TXN03-02759,3,2026-07-02 18:21:47,902.87,Grocery,30010,Card,DEV-03-1,Android,Chennai,18,3,0,27.55,57,741.13,412.96,68,928,2703,0,0,0,0.0,0,
TXN03-02760,3,2026-07-02 18:32:39,1500.0,Household,30009,UPI,DEV-03-1,Android,Chennai,18,3,0,10.87,58,741.55,412.5,90,929,2704,0,0,0,0.0,0,
TXN03-02761,3,2026-07-02 18:36:54,588.46,Pharmacy,30008,UPI,DEV-03-1,Android,Chennai,18,3,0,4.25,59,743.52,413.78,333,930,2705,0,0,0,0.0,0,
TXN03-02762,3,2026-07-02 18:53:53,973.89,Grocery,30068,Card,DEV-03-5,iPhone,Chennai,18,3,0,16.98,60,743.12,413.31,6,174,2706,0,0,0,0.0,0,
TXN03-02763,3,2026-07-02 19:10:57,1165.73,Grocery,30003,UPI,DEV-03-3,Android,Chennai,19,3,0,17.07,61,745.37,412.77,109,409,2707,0,0,0,0.0,0,
TXN03-02764,3,2026-07-02 19:19:26,429.64,Pharmacy,30031,Card,DEV-03-2,Android,Chennai,19,3,0,8.48,62,746.47,412.79,25,557,2708,0,0,0,0.0,0,
TXN03-02765,3,2026-07-02 19:40:24,407.1,Grocery,30007,Card,DEV-03-4,Web,Chennai,19,3,0,20.97,63,747.12,412.08,57,274,2709,0,0,0,0.0,0,
TXN03-02766,3,2026-07-02 19:57:38,1100.48,Pharmacy,30078,UPI,DEV-03-2,Android,Chennai,19,3,0,17.23,64,746.24,411.91,6,558,2710,0,0,0,0.0,0,
TXN03-02767,3,2026-07-03 02:21:54,750.0,Gaming Subscription,30001,UPI,DEV-03-1,Android,Chennai,2,4,0,384.27,1,743.0,404.09,368,931,2711,0,0,0,0.0,1,gaming_subscription
TXN03-02768,3,2026-07-03 04:49:49,1121.34,Airport,30001,UPI,DEV-03-1,Android,Indore,4,4,0,147.92,2,743.01,403.57,369,932,5,0,0,0,1168.6,1,airport_txn
TXN03-02769,3,2026-07-03 08:01:47,1224.95,Household,30017,UPI,DEV-03-7,iPhone,Chennai,8,4,0,191.97,3,743.99,403.5,24,100,2712,0,0,0,1168.6,0,
TXN03-02770,3,2026-07-03 08:05:37,434.35,Household,30004,UPI,DEV-03-1,Android,Chennai,8,4,0,3.83,4,745.51,404.2,241,933,2713,0,0,0,0.0,0,
TXN03-02771,3,2026-07-03 08:13:30,754.99,Household,30064,UPI,DEV-03-4,Web,Chennai,8,4,0,7.88,5,744.71,403.99,4,275,2714,0,0,0,0.0,0,
TXN03-02772,3,2026-07-03 08:20:17,1117.58,Pharmacy,30055,UPI,DEV-03-6,Web,Chennai,8,4,0,6.78,6,745.94,403.29,7,121,2715,0,0,0,0.0,0,
TXN03-02773,3,2026-07-03 08:20:18,836.08,Household,30093,Card,DEV-03-9,Web,Chennai,8,4,0,0.02,7,746.89,403.22,1,27,2716,0,0,1,0.0,0,
TXN03-02774,3,2026-07-03 08:30:33,333.34,Grocery,30090,UPI,DEV-03-1,Android,Chennai,8,4,0,10.25,8,747.12,402.72,3,934,2717,0,0,0,0.0,0,
TXN03-02775,3,2026-07-03 08:53:35,847.03,Grocery,30001,UPI,DEV-03-8,Web,Chennai,8,4,0,23.03,9,744.42,401.93,370,43,2718,0,0,0,0.0,0,
TXN03-02776,3,2026-07-03 08:55:20,1500.0,Pharmacy,30031,UPI,DEV-03-4,Web,Chennai,8,4,0,1.75,10,744.68,401.45,26,276,2719,0,0,0,0.0,0,
TXN03-02777,3,2026-07-03 09:12:30,1246.72,Grocery,30001,UPI,DEV-03-1,Android,Chennai,9,4,0,17.17,11,745.05,397.72,371,935,2720,0,0,0,0.0,0,
TXN03-02778,3,2026-07-03 09:38:26,689.55,Pharmacy,30028,Card,DEV-03-2,Android,Chennai,9,4,0,25.93,12,747.11,398.86,42,559,2721,0,0,0,0.0,0,
TXN03-02779,3,2026-07-03 09:54:03,370.76,Grocery,30037,Card,DEV-03-8,Web,Chennai,9,4,0,15.62,13,750.09,398.73,12,44,2722,0,0,0,0.0,0,
TXN03-02780,3,2026-07-03 10:09:31,327.32,Grocery,30001,Card,DEV-03-2,Android,Chennai,10,4,0,15.47,14,749.0,399.19,372,560,2723,0,0,0,0.0,0,
TXN03-02781,3,2026-07-03 10:26:01,928.91,Airport,30001,UPI,DEV-03-1,Android,Hyderabad,10,4,0,16.5,15,747.98,399.77,373,936,3,0,0,0,515.24,1,airport_txn
TXN03-02782,3,2026-07-03 10:44:48,725.07,Grocery,30026,Card,DEV-03-2,Android,Chennai,10,4,0,18.78,16,748.84,399.8,19,561,2724,0,0,0,515.24,0,
TXN03-02783,3,2026-07-03 10:46:42,198.63,Household,30004,Card,DEV-03-1,Android,Chennai,10,4,0,1.9,17,748.77,399.29,242,937,2725,0,0,0,0.0,0,
TXN03-02784,3,2026-07-03 10:52:21,775.23,Grocery,30019,Card,DEV-03-1,Android,Chennai,10,4,0,5.65,18,748.19,399.92,47,938,2726,0,0,0,0.0,0,
TXN03-02785,3,2026-07-03 11:33:39,796.35,Household,30029,UPI,DEV-03-2,Android,Chennai,11,4,0,41.3,19,746.17,399.38,20,562,2727,0,0,0,0.0,0,
TXN03-02786,3,2026-07-03 11:35:32,1167.5,Pharmacy,30028,Card,DEV-03-4,Web,Chennai,11,4,0,1.88,20,746.3,398.87,43,277,2728,0,0,0,0.0,0,
TXN03-02787,3,2026-07-03 11:39:57,775.74,Household,30024,UPI,DEV-03-1,Android,Chennai,11,4,0,4.42,21,747.23,399.43,18,939,2729,0,0,0,0.0,0,
TXN03-02788,3,2026-07-03 11:48:08,624.12,Household,30004,Card,DEV-03-2,Android,Chennai,11,4,0,8.18,22,749.17,399.1,243,563,2730,0,0,0,0.0,0,
TXN03-02789,3,2026-07-03 11:58:16,698.48,Pharmacy,30008,Card,DEV-03-2,Android,Chennai,11,4,0,10.13,23,749.73,398.78,334,564,2731,0,0,0,0.0,0,
TXN03-02790,3,2026-07-03 12:00:58,1477.29,Grocery,30002,UPI,DEV-03-1,Android,Chennai,12,4,0,2.7,24,750.73,398.16,165,940,2732,0,0,0,0.0,0,
TXN03-02791,3,2026-07-03 12:15:26,1467.22,Pharmacy,30044,UPI,DEV-03-1,Android,Chennai,12,4,0,14.47,25,752.62,399.36,13,941,2733,0,0,0,0.0,0,
TXN03-02792,3,2026-07-03 12:17:52,326.18,Grocery,30001,UPI,DEV-03-1,Android,Chennai,12,4,0,2.43,26,755.59,400.43,374,942,2734,0,0,0,0.0,0,
TXN03-02793,3,2026-07-03 12:19:17,988.15,Household,30011,UPI,DEV-03-3,Android,Pune,12,4,0,1.42,27,754.47,400.51,54,410,7,0,0,0,914.36,0,
TXN03-02794,3,2026-07-03 12:26:36,360.28,Grocery,30014,UPI,DEV-03-3,Android,Chennai,12,4,0,7.32,28,752.75,399.32,48,411,2735,0,0,0,914.36,0,
TXN03-02795,3,2026-07-03 12:29:00,1500.0,Grocery,30007,Card,DEV-03-5,iPhone,Chennai,12,4,0,2.4,29,751.73,399.3,58,175,2736,0,0,0,0.0,0,
TXN03-02796,3,2026-07-03 12:35:04,929.84,Grocery,30003,UPI,DEV-03-3,Android,Chennai,12,4,0,6.07,30,752.95,400.87,110,412,2737,0,0,0,0.0,0,
TXN03-02797,3,2026-07-03 12:42:24,384.62,Household,30075,UPI,DEV-03-1,Android,Chennai,12,4,0,7.33,31,755.64,400.07,2,943,2738,0,0,0,0.0,0,
TXN03-02798,3,2026-07-03 13:09:32,704.01,Grocery,30179,UPI,DEV-03-5,iPhone,Chennai,13,4,0,27.13,32,757.55,399.02,1,176,2739,0,0,1,0.0,1,ato_new_merchant_same_category
TXN03-02799,3,2026-07-03 13:16:19,958.34,Household,30021,UPI,DEV-03-6,Web,Chennai,13,4,0,6.78,33,757.02,398.96,22,122,2740,0,0,0,0.0,0,
TXN03-02800,3,2026-07-03 13:20:44,1014.21,Grocery,30002,UPI,DEV-03-3,Android,Chennai,13,4,0,4.42,34,757.55,398.57,166,413,2741,0,0,0,0.0,0,
TXN03-02801,3,2026-07-03 13:23:20,1216.48,Pharmacy,30044,Card,DEV-03-4,Web,Chennai,13,4,0,2.6,35,758.21,398.27,14,278,2742,0,0,0,0.0,0,
TXN03-02802,3,2026-07-03 13:25:25,195.58,Pharmacy,30008,UPI,DEV-03-11,Web,Chennai,13,4,0,2.08,36,759.4,398.44,335,22,2743,0,0,0,0.0,0,
TXN03-02803,3,2026-07-03 13:28:02,961.64,Grocery,30047,Card,DEV-03-4,Web,Chennai,13,4,0,2.62,37,758.92,399.01,13,279,2744,0,0,0,0.0,0,
TXN03-02804,3,2026-07-03 13:29:09,422.28,Grocery,30010,Card,DEV-03-6,Web,Chennai,13,4,0,1.12,38,759.44,398.62,69,123,2745,0,0,0,0.0,0,
TXN03-02805,3,2026-07-03 13:35:06,433.07,Grocery,30014,Card,DEV-03-1,Android,Chennai,13,4,0,5.95,39,758.57,398.48,49,944,2746,0,0,0,0.0,0,
TXN03-02806,3,2026-07-03 13:40:03,757.1,Grocery,30015,Card,DEV-03-4,Web,Chennai,13,4,0,4.95,40,757.74,398.31,36,280,2747,0,0,0,0.0,0,
TXN03-02807,3,2026-07-03 13:41:08,1433.92,Grocery,30001,UPI,DEV-03-7,iPhone,Chennai,13,4,0,1.08,41,756.88,397.95,375,101,2748,0,0,0,0.0,0,
TXN03-02808,3,2026-07-03 13:54:17,1284.41,Grocery,30002,UPI,DEV-03-2,Android,Chennai,13,4,0,13.15,42,758.62,398.91,167,565,2749,0,0,0,0.0,0,
TXN03-02809,3,2026-07-03 13:59:06,314.22,Household,30011,Card,DEV-03-4,Web,Chennai,13,4,0,4.82,43,759.21,400.03,55,281,2750,0,0,0,0.0,0,
TXN03-02810,3,2026-07-03 14:05:00,120.75,Household,30076,UPI,DEV-03-6,Web,Chennai,14,4,0,5.9,44,758.07,400.15,3,124,2751,0,0,0,0.0,0,
TXN03-02811,3,2026-07-03 14:11:45,442.43,Pharmacy,30008,Card,DEV-03-5,iPhone,Chennai,14,4,0,6.75,45,754.65,399.88,336,177,2752,0,0,0,0.0,0,
TXN03-02812,3,2026-07-03 14:33:05,663.36,Household,30021,UPI,DEV-03-5,iPhone,Chennai,14,4,0,21.33,46,753.85,399.68,23,178,2753,0,0,0,0.0,0,
TXN03-02813,3,2026-07-03 14:34:24,1084.78,Household,30005,UPI,DEV-03-5,iPhone,Chennai,14,4,0,1.32,47,753.62,399.19,124,179,2754,0,0,0,0.0,0,
TXN03-02814,3,2026-07-03 14:34:25,271.29,Grocery,30002,Card,DEV-03-4,Web,Chennai,14,4,0,0.02,48,754.46,399.03,168,282,2755,0,0,0,0.0,0,
TXN03-02815,3,2026-07-03 14:49:48,431.78,Pharmacy,30028,Card,DEV-03-4,Web,Chennai,14,4,0,15.38,49,754.74,398.05,44,283,2756,0,0,0,0.0,0,
TXN03-02816,3,2026-07-03 15:07:37,1232.41,Household,30036,Card,DEV-03-5,iPhone,Chennai,15,4,0,17.82,50,753.91,397.88,12,180,2757,0,0,0,0.0,0,
TXN03-02817,3,2026-07-03 15:08:22,560.89,Grocery,30001,UPI,DEV-03-2,Android,Chennai,15,4,0,0.75,51,755.13,398.1,376,566,2758,0,0,0,0.0,0,
TXN03-02818,3,2026-07-03 15:08:40,688.75,Pharmacy,30049,UPI,DEV-03-5,iPhone,Chennai,15,4,0,0.3,52,754.64,397.72,11,181,2759,0,0,0,0.0,0,
TXN03-02819,3,2026-07-03 15:08:49,804.96,Grocery,30006,UPI,DEV-03-4,Web,Chennai,15,4,0,0.15,53,754.47,397.23,78,284,2760,0,0,0,0.0,0,
TXN03-02820,3,2026-07-03 15:30:21,841.53,Grocery,30002,UPI,DEV-03-2,Android,Chennai,15,4,0,21.53,54,753.03,395.64,169,567,2761,0,0,0,0.0,0,
TXN03-02821,3,2026-07-03 15:32:21,1394.47,Grocery,30001,Card,DEV-03-2,Android,Chennai,15,4,0,2.0,55,753.25,395.16,377,568,2762,0,0,0,0.0,0,
TXN03-02822,3,2026-07-03 15:37:24,520.43,Grocery,30001,UPI,DEV-03-2,Android,Chennai,15,4,0,5.05,56,754.88,395.98,378,569,2763,0,0,0,0.0,0,
TXN03-02823,3,2026-07-03 15:38:56,1500.0,Household,30004,UPI,DEV-03-2,Android,Chennai,15,4,0,1.53,57,754.29,395.65,244,570,2764,0,0,0,0.0,0,
TXN03-02824,3,2026-07-03 15:43:08,655.16,Grocery,30002,Card,DEV-03-4,Web,Chennai,15,4,0,4.2,58,756.16,396.92,170,285,2765,0,0,0,0.0,0,
TXN03-02825,3,2026-07-03 16:04:33,276.49,Pharmacy,30066,Card,DEV-03-2,Android,Chennai,16,4,0,21.42,59,754.46,395.59,8,571,2766,0,0,0,0.0,0,
TXN03-02826,3,2026-07-03 16:08:01,513.69,Grocery,30002,UPI,DEV-03-7,iPhone,Chennai,16,4,0,3.47,60,753.26,395.82,171,102,2767,0,0,0,0.0,0,
TXN03-02827,3,2026-07-03 16:25:56,709.15,Grocery,30001,UPI,DEV-03-3,Android,Chennai,16,4,0,17.92,61,751.47,394.64,379,414,2768,0,0,0,0.0,0,
TXN03-02828,3,2026-07-03 16:30:58,500.89,Pharmacy,30078,Card,DEV-03-1,Android,Chennai,16,4,0,5.03,62,750.83,395.05,7,945,2769,0,0,0,0.0,0,
TXN03-02829,3,2026-07-03 16:36:11,1019.64,Household,30060,Card,DEV-03-5,iPhone,Chennai,16,4,0,5.22,63,749.93,395.22,9,182,2770,0,0,0,0.0,0,
TXN03-02830,3,2026-07-03 16:58:56,556.89,Pharmacy,30031,Card,DEV-03-1,Android,Chennai,16,4,0,22.75,64,749.45,394.78,27,946,2771,0,0,0,0.0,0,
TXN03-02831,3,2026-07-03 17:37:18,624.59,Grocery,30010,UPI,DEV-UNK-1640,Android,Chennai,17,4,0,38.37,65,747.86,393.18,70,1,2772,1,0,0,0.0,1,ato_new_device
TXN03-02832,3,2026-07-03 17:44:05,118.99,Grocery,30007,UPI,DEV-03-5,iPhone,Chennai,17,4,0,6.78,66,747.22,393.18,59,183,2773,0,0,0,0.0,0,
TXN03-02833,3,2026-07-03 18:03:10,520.17,Household,30004,Card,DEV-03-4,Web,Chennai,18,4,0,19.08,67,746.75,393.81,245,286,2774,0,0,0,0.0,0,
TXN03-02834,3,2026-07-03 18:15:26,293.33,Pharmacy,30031,Card,DEV-03-1,Android,Chennai,18,4,0,12.27,68,746.62,393.88,28,947,2775,0,0,0,0.0,0,
TXN03-02835,3,2026-07-03 18:16:44,154.88,Grocery,30014,Card,DEV-03-13,Android,Chennai,18,4,0,1.3,69,746.44,394.07,50,10,2776,0,0,0,0.0,0,
TXN03-02836,3,2026-07-03 18:26:35,764.81,Household,30005,UPI,DEV-03-4,Web,Chennai,18,4,0,9.85,70,744.7,395.18,125,287,2777,0,0,0,0.0,0,
TXN03-02837,3,2026-07-03 18:26:55,1127.21,Grocery,30027,Card,DEV-03-1,Android,Chennai,18,4,0,0.33,71,744.76,394.67,13,948,2778,0,0,0,0.0,0,
TXN03-02838,3,2026-07-03 18:37:40,227.76,Household,30009,Card,DEV-03-2,Android,Chennai,18,4,0,10.75,72,745.27,395.56,91,572,2779,0,0,0,0.0,0,
TXN03-02839,3,2026-07-03 18:39:02,1218.49,Pharmacy,30028,UPI,DEV-03-3,Android,Chennai,18,4,0,1.37,73,745.04,395.83,45,415,2780,0,0,0,0.0,0,
TXN03-02840,3,2026-07-03 19:22:21,563.85,Pharmacy,30008,UPI,DEV-03-1,Android,Chennai,19,4,0,43.32,74,746.51,395.76,337,949,2781,0,0,0,0.0,0,
TXN03-02841,3,2026-07-03 19:22:58,242.92,Grocery,30002,UPI,DEV-03-4,Web,Chennai,19,4,0,0.62,75,746.04,395.36,172,288,2782,0,0,0,0.0,0,
TXN03-02842,3,2026-07-03 19:38:59,192.52,Grocery,30053,UPI,DEV-03-1,Android,Chennai,19,4,0,16.02,76,744.34,394.23,7,950,2783,0,0,0,0.0,0,
TXN03-02843,3,2026-07-03 19:45:08,489.11,Household,30159,UPI,DEV-03-1,Android,Chennai,19,4,0,6.15,77,743.21,395.19,1,951,2784,0,0,1,0.0,1,ato_new_merchant_same_category
TXN03-02844,3,2026-07-03 21:52:27,1455.49,Pharmacy,30025,Card,DEV-03-2,Android,Chennai,21,4,0,127.32,78,743.13,395.8,65,573,2785,0,0,0,0.0,1,ato_odd_hour
TXN03-02845,3,2026-07-04 08:52:08,1199.42,Grocery,30014,Card,DEV-03-7,iPhone,Chennai,8,5,1,659.68,1,743.22,396.34,51,103,2786,0,0,0,0.0,0,
TXN03-02846,3,2026-07-04 09:15:10,212.16,Grocery,30002,Card,DEV-03-4,Web,Chennai,9,5,1,23.03,2,744.41,396.51,173,289,2787,0,0,0,0.0,0,
TXN03-02847,3,2026-07-04 09:16:17,454.57,Household,30005,Card,DEV-03-3,Android,Chennai,9,5,1,1.12,3,743.02,396.92,126,416,2788,0,0,0,0.0,0,
TXN03-02848,3,2026-07-04 09:33:54,427.26,Grocery,30003,Card,DEV-03-2,Android,Chennai,9,5,1,17.62,4,742.17,397.45,111,574,2789,0,0,0,0.0,0,
TXN03-02849,3,2026-07-04 09:37:32,1500.0,Pharmacy,30008,UPI,DEV-03-1,Android,Chennai,9,5,1,3.63,5,741.34,397.26,338,952,2790,0,0,0,0.0,0,
TXN03-02850,3,2026-07-04 09:53:17,345.45,Household,30004,Card,DEV-03-1,Android,Chennai,9,5,1,15.75,6,743.33,398.63,246,953,2791,0,0,0,0.0,0,
TXN03-02851,3,2026-07-04 10:05:26,679.53,Pharmacy,30055,Card,DEV-03-2,Android,Chennai,10,5,1,12.15,7,741.16,398.52,8,575,2792,0,0,0,0.0,0,
TXN03-02852,3,2026-07-04 10:18:55,521.27,Grocery,30022,Card,DEV-03-8,Web,Chennai,10,5,1,13.48,8,739.99,398.31,28,45,2793,0,0,0,0.0,0,
TXN03-02853,3,2026-07-04 10:27:21,1073.75,Household,30016,UPI,DEV-03-1,Android,Chennai,10,5,1,8.43,9,741.72,397.72,33,954,2794,0,0,0,0.0,0,
TXN03-02854,3,2026-07-04 10:59:24,259.73,Household,30005,Card,DEV-03-1,Android,Chennai,10,5,1,32.05,10,741.35,397.34,127,955,2795,0,0,0,0.0,0,
TXN03-02855,3,2026-07-04 11:16:08,1500.0,Pharmacy,30008,Card,DEV-03-3,Android,Chennai,11,5,1,16.73,11,738.22,396.44,339,417,2796,0,0,0,0.0,0,
TXN03-02856,3,2026-07-04 11:38:57,292.56,Grocery,30003,Card,DEV-03-1,Android,Chennai,11,5,1,22.82,12,740.53,398.32,112,956,2797,0,0,0,0.0,0,
TXN03-02857,3,2026-07-04 11:59:13,621.59,Grocery,30022,UPI,DEV-03-1,Android,Chennai,11,5,1,20.27,13,739.51,399.24,29,957,2798,0,0,0,0.0,0,
TXN03-02858,3,2026-07-04 12:09:12,410.7,Grocery,30067,Card,DEV-03-2,Android,Chennai,12,5,1,9.98,14,737.66,398.17,4,576,2799,0,0,0,0.0,0,
TXN03-02859,3,2026-07-04 12:21:59,1500.0,Grocery,30022,Card,DEV-03-1,Android,Chennai,12,5,1,12.78,15,734.78,396.58,30,958,2800,0,0,0,0.0,0,
TXN03-02860,3,2026-07-04 12:22:09,605.53,Pharmacy,30008,Card,DEV-03-2,Android,Chennai,12,5,1,0.17,16,736.8,398.0,340,577,2801,0,0,0,0.0,0,
TXN03-02861,3,2026-07-04 12:32:18,702.57,Grocery,30002,UPI,DEV-03-1,Android,Chennai,12,5,1,10.15,17,736.46,397.53,174,959,2802,0,0,0,0.0,0,
TXN03-02862,3,2026-07-04 12:36:54,317.26,Grocery,30006,Card,DEV-03-3,Android,Chennai,12,5,1,4.6,18,736.37,397.01,79,418,2803,0,0,0,0.0,0,
TXN03-02863,3,2026-07-04 12:39:13,625.78,Grocery,30001,UPI,DEV-03-6,Web,Chennai,12,5,1,2.32,19,735.27,397.07,380,125,2804,0,0,0,0.0,0,
TXN03-02864,3,2026-07-04 12:40:43,463.63,Household,30004,UPI,DEV-03-5,iPhone,Chennai,12,5,1,1.5,20,734.98,396.59,247,184,2805,0,0,0,0.0,0,
TXN03-02865,3,2026-07-04 13:40:34,804.93,Household,30013,Card,DEV-03-1,Android,Chennai,13,5,1,59.85,21,728.27,394.0,34,960,2806,0,0,0,0.0,0,
TXN03-02866,3,2026-07-04 13:49:01,186.58,Grocery,30001,Card,DEV-03-3,Android,Chennai,13,5,1,8.45,22,728.47,393.5,381,419,2807,0,0,0,0.0,0,
TXN03-02867,3,2026-07-04 14:52:50,681.43,Pharmacy,30063,Card,DEV-03-1,Android,Chennai,14,5,1,63.82,23,728.1,393.95,7,961,2808,0,0,0,0.0,0,
TXN03-02868,3,2026-07-04 14:59:24,352.1,Grocery,30001,Card,DEV-03-11,Web,Chennai,14,5,1,6.57,24,728.86,394.27,382,23,2809,0,0,0,0.0,0,
TXN03-02869,3,2026-07-04 16:07:00,383.6,Grocery,30003,Card,DEV-03-6,Web,Chennai,16,5,1,67.6,25,727.99,395.79,113,126,2810,0,0,0,0.0,0,
TXN03-02870,3,2026-07-04 16:12:26,759.86,Grocery,30043,UPI,DEV-03-1,Android,Chennai,16,5,1,5.43,26,725.87,395.5,8,962,2811,0,0,0,0.0,0,
TXN03-02871,3,2026-07-04 16:42:38,681.76,Household,30029,Card,DEV-03-1,Android,Chennai,16,5,1,30.2,27,727.25,394.71,21,963,2812,0,0,0,0.0,0,
TXN03-02872,3,2026-07-04 17:10:24,514.14,Grocery,30015,UPI,DEV-03-1,Android,Chennai,17,5,1,27.77,28,728.33,394.03,37,964,2813,0,0,0,0.0,0,
TXN03-02873,3,2026-07-04 17:17:41,390.79,Grocery,30022,Card,DEV-03-2,Android,Chennai,17,5,1,7.28,29,727.76,393.66,31,578,2814,0,0,0,0.0,0,
TXN03-02874,3,2026-07-04 17:21:22,422.98,Household,30004,Card,DEV-03-19,iPhone,Chennai,17,5,1,3.68,30,726.86,393.52,248,3,2815,0,0,0,0.0,0,
TXN03-02875,3,2026-07-04 17:36:57,603.85,Grocery,30034,Card,DEV-03-1,Android,Chennai,17,5,1,15.58,31,725.57,393.72,12,965,2816,0,0,0,0.0,0,
TXN03-02876,3,2026-07-04 17:44:06,327.8,Household,30064,Card,DEV-03-1,Android,Chennai,17,5,1,7.15,32,725.25,393.24,5,966,2817,0,0,0,0.0,0,
TXN03-02877,3,2026-07-04 17:50:42,382.1,Household,30017,Card,DEV-03-1,Android,Chennai,17,5,1,6.6,33,723.86,393.72,25,967,2818,0,0,0,0.0,0,
TXN03-02878,3,2026-07-04 17:54:39,522.5,Grocery,30002,Card,DEV-03-7,iPhone,Chennai,17,5,1,3.95,34,722.96,393.59,175,104,2819,0,0,0,0.0,0,
TXN03-02879,3,2026-07-04 18:41:17,421.44,Grocery,30001,Card,DEV-03-1,Android,Chennai,18,5,1,46.63,35,720.9,392.86,383,968,2820,0,0,0,0.0,0,
TXN03-02880,3,2026-07-04 18:44:22,385.43,Grocery,30001,Card,DEV-03-2,Android,Chennai,18,5,1,3.08,36,720.11,392.64,384,579,2821,0,0,0,0.0,0,
TXN03-02881,3,2026-07-04 19:09:00,669.9,Grocery,30001,Card,DEV-03-4,Web,Chennai,19,5,1,24.63,37,719.22,392.5,385,290,2822,0,0,0,0.0,0,
TXN03-02882,3,2026-07-04 19:25:48,448.37,Pharmacy,30023,Card,DEV-03-6,Web,Chennai,19,5,1,16.8,38,719.09,391.99,100,127,2823,0,0,0,0.0,0,
TXN03-02883,3,2026-07-04 19:36:38,1443.99,Household,30005,UPI,DEV-03-6,Web,Chennai,19,5,1,10.83,39,718.38,391.72,128,128,2824,0,0,0,0.0,0,
TXN03-02884,3,2026-07-04 21:37:09,1915.65,Airport,30001,UPI,DEV-03-1,Android,Surat,21,5,1,120.52,40,722.9,392.32,386,969,3,0,0,0,1196.79,1,airport_txn
TXN03-02885,3,2026-07-05 08:08:22,1500.0,Household,30005,Card,DEV-03-2,Android,Chennai,8,6,1,631.22,1,726.62,396.9,129,580,2825,0,0,0,1196.79,0,
TXN03-02886,3,2026-07-05 08:08:51,645.35,Pharmacy,30025,Card,DEV-03-2,Android,Chennai,8,6,1,0.48,2,728.65,398.35,66,581,2826,0,0,0,0.0,0,
TXN03-02887,3,2026-07-05 08:11:54,327.48,Grocery,30018,UPI,DEV-03-1,Android,Chennai,8,6,1,3.05,3,728.44,397.85,40,970,2827,0,0,0,0.0,0,
TXN03-02888,3,2026-07-05 08:14:12,516.4,Grocery,30015,Card,DEV-03-1,Android,Chennai,8,6,1,2.3,4,727.39,397.86,38,971,2828,0,0,0,0.0,0,
TXN03-02889,3,2026-07-05 08:25:05,283.91,Grocery,30001,UPI,DEV-03-4,Web,Chennai,8,6,1,10.88,5,726.83,397.48,387,291,2829,0,0,0,0.0,0,
TXN03-02890,3,2026-07-05 08:44:32,919.44,Pharmacy,30040,Card,DEV-03-1,Android,Chennai,8,6,1,19.45,6,724.43,398.0,16,972,2830,0,0,0,0.0,0,
TXN03-02891,3,2026-07-05 08:46:05,199.88,Grocery,30048,Card,DEV-03-2,Android,Chennai,8,6,1,1.55,7,724.94,397.6,9,582,2831,0,0,0,0.0,0,
TXN03-02892,3,2026-07-05 08:59:30,1500.0,Grocery,30007,UPI,DEV-03-2,Android,Chennai,8,6,1,13.42,8,723.57,397.98,60,583,2832,0,0,0,0.0,0,
TXN03-02893,3,2026-07-05 09:25:14,311.65,Grocery,30002,Card,DEV-03-2,Android,Chennai,9,6,1,25.73,9,724.62,400.77,176,584,2833,0,0,0,0.0,0,
TXN03-02894,3,2026-07-05 09:30:50,173.1,Pharmacy,30040,Card,DEV-03-5,iPhone,Chennai,9,6,1,5.6,10,723.54,400.8,17,185,2834,0,0,0,0.0,0,
TXN03-02895,3,2026-07-05 09:40:06,604.22,Grocery,30033,Card,DEV-03-5,iPhone,Chennai,9,6,1,9.27,11,720.23,400.69,18,186,2835,0,0,0,0.0,0,
TXN03-02896,3,2026-07-05 10:00:18,1500.0,Household,30005,Card,DEV-03-3,Android,Chennai,10,6,1,20.2,12,720.66,401.13,130,420,2836,0,0,0,0.0,0,
TXN03-02897,3,2026-07-05 10:08:19,421.35,Grocery,30001,Card,DEV-03-6,Web,Chennai,10,6,1,8.02,13,722.7,402.59,388,129,2837,0,0,0,0.0,0,
TXN03-02898,3,2026-07-05 10:10:47,254.42,Household,30094,UPI,DEV-03-3,Android,Chennai,10,6,1,2.47,14,721.92,402.35,1,421,2838,0,0,1,0.0,0,
TXN03-02899,3,2026-07-05 10:20:12,472.46,Household,30024,UPI,DEV-03-5,iPhone,Chennai,10,6,1,9.42,15,718.88,401.49,19,187,2839,0,0,0,0.0,0,
TXN03-02900,3,2026-07-05 10:30:50,504.83,Grocery,30007,Card,DEV-03-1,Android,Chennai,10,6,1,10.63,16,718.24,401.17,61,973,2840,0,0,0,0.0,0,
TXN03-02901,3,2026-07-05 10:34:48,896.69,Household,30079,Card,DEV-03-1,Android,Chennai,10,6,1,3.97,17,717.68,400.79,2,974,2841,0,0,0,0.0,0,
TXN03-02902,3,2026-07-05 11:24:58,920.44,Household,30009,Card,DEV-03-4,Web,Chennai,11,6,1,50.17,18,718.47,400.91,92,292,2842,0,0,0,0.0,0,
TXN03-02903,3,2026-07-05 11:30:31,443.66,Pharmacy,30008,UPI,DEV-03-4,Web,Chennai,11,6,1,5.55,19,719.3,401.43,341,293,2843,0,0,0,0.0,0,
TXN03-02904,3,2026-07-05 12:04:26,475.85,Pharmacy,30008,UPI,DEV-03-3,Android,Chennai,12,6,1,33.92,20,718.58,401.16,342,422,2844,0,0,0,0.0,0,
TXN03-02905,3,2026-07-05 12:53:49,948.96,Grocery,30007,UPI,DEV-03-1,Android,Chennai,12,6,1,49.38,21,718.77,401.7,62,975,2845,0,0,0,0.0,0,
TXN03-02906,3,2026-07-05 13:22:58,1011.3,Household,30016,Card,DEV-03-2,Android,Chennai,13,6,1,29.15,22,721.19,401.47,34,585,2846,0,0,0,0.0,0,
TXN03-02907,3,2026-07-05 13:25:14,1285.78,Grocery,30001,Card,DEV-03-2,Android,Chennai,13,6,1,2.27,23,721.96,401.22,389,586,2847,0,0,0,0.0,0,
TXN03-02908,3,2026-07-05 13:54:48,378.18,Household,30009,UPI,DEV-03-2,Android,Chennai,13,6,1,29.57,24,724.43,401.8,93,587,2848,0,0,0,0.0,0,
TXN03-02909,3,2026-07-05 14:13:14,900.25,Grocery,30002,Card,DEV-03-1,Android,Chennai,14,6,1,18.43,25,724.61,401.76,177,976,2849,0,0,0,0.0,0,
TXN03-02910,3,2026-07-05 14:44:26,905.98,Grocery,30095,Card,DEV-03-4,Web,Chennai,14,6,1,31.2,26,725.31,402.67,1,294,2850,0,0,1,0.0,0,
TXN03-02911,3,2026-07-05 14:47:21,1500.0,Grocery,30085,UPI,DEV-03-1,Android,Chennai,14,6,1,2.92,27,725.79,402.24,3,977,2851,0,0,0,0.0,0,
TXN03-02912,3,2026-07-05 15:08:59,271.02,Household,30004,UPI,DEV-03-2,Android,Chennai,15,6,1,21.63,28,725.27,403.13,249,588,2852,0,0,0,0.0,0,
TXN03-02913,3,2026-07-05 15:12:24,1189.1,Grocery,30007,Card,DEV-03-7,iPhone,Chennai,15,6,1,3.42,29,724.06,403.27,63,105,2853,0,0,0,0.0,0,
TXN03-02914,3,2026-07-05 15:27:02,1500.0,Grocery,30001,Card,DEV-03-2,Android,Chennai,15,6,1,14.63,30,725.3,403.44,390,589,2854,0,0,0,0.0,0,
TXN03-02915,3,2026-07-05 15:27:26,813.38,Pharmacy,30008,UPI,DEV-03-4,Web,Chennai,15,6,1,0.4,31,727.35,404.87,343,295,2855,0,0,0,0.0,0,
TXN03-02916,3,2026-07-05 15:32:14,936.15,Household,30004,Card,DEV-03-1,Android,Chennai,15,6,1,4.8,32,727.57,404.36,250,978,2856,0,0,0,0.0,0,
TXN03-02917,3,2026-07-05 15:37:48,474.44,Grocery,30007,UPI,DEV-03-1,Android,Chennai,15,6,1,5.57,33,725.08,402.45,64,979,2857,0,0,0,0.0,0,
TXN03-02918,3,2026-07-05 15:39:14,1500.0,Grocery,30015,UPI,DEV-03-1,Android,Chennai,15,6,1,1.43,34,724.41,402.12,39,980,2858,0,0,0,0.0,0,
TXN03-02919,3,2026-07-05 17:02:12,593.83,Grocery,30092,UPI,DEV-03-5,iPhone,Chennai,17,6,1,82.97,35,728.02,404.49,2,188,2859,0,0,0,0.0,0,
TXN03-02920,3,2026-07-05 17:43:27,289.09,Grocery,30018,Card,DEV-03-2,Android,Chennai,17,6,1,41.25,36,728.98,403.74,41,590,2860,0,0,0,0.0,0,
TXN03-02921,3,2026-07-05 17:45:42,882.15,Grocery,30014,Card,DEV-03-3,Android,Chennai,17,6,1,2.25,37,727.81,403.84,52,423,2861,0,0,0,0.0,0,
TXN03-02922,3,2026-07-05 18:08:23,1074.84,Pharmacy,30070,UPI,DEV-03-2,Android,Chennai,18,6,1,22.68,38,729.03,403.62,4,591,2862,0,0,0,0.0,0,
TXN03-02923,3,2026-07-05 18:35:27,1458.88,Grocery,30001,Card,DEV-03-4,Web,Chennai,18,6,1,27.07,39,728.09,402.93,391,296,2863,0,0,0,0.0,0,
TXN03-02924,3,2026-07-05 18:40:42,545.28,Grocery,30002,UPI,DEV-03-1,Android,Chennai,18,6,1,5.25,40,730.05,404.16,178,981,2864,0,0,0,0.0,0,
TXN03-02925,3,2026-07-05 19:07:48,445.34,Household,30004,Card,DEV-03-2,Android,Chennai,19,6,1,27.1,41,729.56,403.73,251,592,2865,0,0,0,0.0,0,
TXN03-02926,3,2026-07-05 19:52:38,497.87,Household,30004,Card,DEV-03-2,Android,Chennai,19,6,1,44.83,42,729.99,403.34,252,593,2866,0,0,0,0.0,0,
TXN03-02927,3,2026-07-05 19:54:09,333.94,Pharmacy,30065,UPI,DEV-03-39,Web,Chennai,19,6,1,1.52,43,729.37,402.98,6,1,2867,1,0,0,0.0,0,
TXN03-02928,3,2026-07-05 19:57:09,308.62,Pharmacy,30008,UPI,DEV-03-2,Android,Chennai,19,6,1,3.0,44,730.27,403.13,344,594,2868,0,0,0,0.0,0,
TXN03-02929,3,2026-07-06 00:01:51,644.81,Fuel,30001,UPI,DEV-03-1,Android,Chennai,0,0,0,244.7,1,729.15,403.18,392,982,2869,0,0,0,0.0,1,midnight_fuel
TXN03-02930,3,2026-07-06 08:29:55,392.95,Grocery,30010,UPI,DEV-03-4,Web,Chennai,8,0,0,508.07,2,728.92,402.67,71,297,2870,0,0,0,0.0,0,
TXN03-02931,3,2026-07-06 08:43:30,672.64,Household,30036,Card,DEV-03-1,Android,Chennai,8,0,0,13.58,3,728.03,402.51,13,983,2871,0,0,0,0.0,0,
TXN03-02932,3,2026-07-06 08:51:42,180.48,Grocery,30047,UPI,DEV-03-7,iPhone,Chennai,8,0,0,8.2,4,727.89,401.98,14,106,2872,0,0,0,0.0,0,
TXN03-02933,3,2026-07-06 08:56:11,441.17,Grocery,30001,UPI,DEV-03-3,Android,Chennai,8,0,0,4.48,5,726.23,401.67,393,424,2873,0,0,0,0.0,0,
TXN03-02934,3,2026-07-06 08:58:06,284.91,Pharmacy,30072,UPI,DEV-03-2,Android,Chennai,8,0,0,1.92,6,725.48,401.41,5,595,2874,0,0,0,0.0,0,
TXN03-02935,3,2026-07-06 09:01:59,699.13,Grocery,30007,Card,DEV-03-1,Android,Chennai,9,0,0,3.88,7,724.32,401.51,65,984,2875,0,0,0,0.0,0,
TXN03-02936,3,2026-07-06 09:07:05,684.18,Grocery,30020,Card,DEV-03-2,Android,Chennai,9,0,0,5.1,8,724.84,401.35,21,596,2876,0,0,0,0.0,0,
TXN03-02937,3,2026-07-06 09:12:07,175.65,Household,30009,UPI,DEV-03-3,Android,Chennai,9,0,0,5.03,9,723.96,401.07,94,425,2877,0,0,0,0.0,0,
TXN03-02938,3,2026-07-06 09:39:14,335.65,Pharmacy,30031,Card,DEV-03-3,Android,Chennai,9,0,0,27.12,10,722.15,400.12,29,426,2878,0,0,0,0.0,0,
TXN03-02939,3,2026-07-06 09:53:03,423.32,Pharmacy,30008,Card,DEV-03-6,Web,Chennai,9,0,0,13.82,11,721.69,400.47,345,130,2879,0,0,0,0.0,0,
TXN03-02940,3,2026-07-06 09:59:05,524.5,Grocery,30002,Card,DEV-03-1,Android,Chennai,9,0,0,6.03,12,720.89,400.23,179,985,2880,0,0,0,0.0,0,
TXN03-02941,3,2026-07-06 10:11:54,755.75,Grocery,30002,UPI,DEV-03-5,iPhone,Chennai,10,0,0,12.82,13,720.37,399.82,180,189,2881,0,0,0,0.0,0,
TXN03-02942,3,2026-07-06 10:15:30,362.98,Household,30005,UPI,DEV-03-5,iPhone,Chennai,10,0,0,3.6,14,720.46,399.3,131,190,2882,0,0,0,0.0,0,
TXN03-02943,3,2026-07-06 10:27:35,296.25,Grocery,30001,UPI,DEV-03-1,Android,Chennai,10,0,0,12.08,15,719.52,399.19,394,986,2883,0,0,0,0.0,0,
TXN03-02944,3,2026-07-06 10:27:43,629.86,Grocery,30062,UPI,DEV-03-4,Web,Chennai,10,0,0,0.13,16,718.4,399.25,6,298,2884,0,0,0,0.0,0,
TXN03-02945,3,2026-07-06 10:35:29,597.04,Household,30089,UPI,DEV-03-2,Android,Chennai,10,0,0,7.77,17,718.17,398.75,2,597,2885,0,0,0,0.0,0,
TXN03-02946,3,2026-07-06 10:44:32,454.85,Pharmacy,30023,Card,DEV-03-4,Web,Chennai,10,0,0,9.05,18,717.85,398.28,101,299,2886,0,0,0,0.0,0,
TXN03-02947,3,2026-07-06 10:46:30,631.64,Grocery,30084,Card,DEV-03-1,Android,Chennai,10,0,0,1.97,19,717.16,397.98,3,987,2887,0,0,0,0.0,0,
TXN03-02948,3,2026-07-06 11:13:26,786.54,Grocery,30001,UPI,DEV-03-3,Android,Chennai,11,0,0,26.93,20,715.37,396.39,395,427,2888,0,0,0,0.0,0,
TXN03-02949,3,2026-07-06 11:14:11,386.14,Household,30009,Card,DEV-03-1,Android,Chennai,11,0,0,0.75,21,715.56,395.88,95,988,2889,0,0,0,0.0,0,
TXN03-02950,3,2026-07-06 11:18:09,970.33,Household,30038,UPI,DEV-03-2,Android,Chennai,11,0,0,3.97,22,714.7,395.72,9,598,2890,0,0,0,0.0,0,
TXN03-02951,3,2026-07-06 12:31:13,1500.0,Grocery,30015,UPI,DEV-03-5,iPhone,Chennai,12,0,0,73.07,23,720.13,394.5,40,191,2891,0,0,0,0.0,0,
TXN03-02952,3,2026-07-06 12:41:05,428.09,Grocery,30014,UPI,DEV-03-2,Android,Chennai,12,0,0,9.87,24,721.3,396.15,53,599,2892,0,0,0,0.0,0,
TXN03-02953,3,2026-07-06 12:41:15,1500.0,Household,30004,UPI,DEV-03-5,iPhone,Chennai,12,0,0,0.17,25,720.53,395.92,253,192,2893,0,0,0,0.0,0,
TXN03-02954,3,2026-07-06 13:05:57,822.86,Household,30012,Card,DEV-03-1,Android,Chennai,13,0,0,24.7,26,722.57,397.4,48,989,2894,0,0,0,0.0,0,
TXN03-02955,3,2026-07-06 13:06:47,791.11,Grocery,30052,UPI,DEV-03-3,Android,Chennai,13,0,0,0.83,27,722.83,396.91,10,428,2895,0,0,0,0.0,0,
TXN03-02956,3,2026-07-06 13:07:41,593.28,Grocery,30002,Card,DEV-03-2,Android,Chennai,13,0,0,0.9,28,723.01,396.41,181,600,2896,0,0,0,0.0,0,
TXN03-02957,3,2026-07-06 13:11:59,492.51,Household,30013,Card,DEV-03-1,Android,Chennai,13,0,0,4.3,29,722.67,395.95,35,990,2897,0,0,0,0.0,0,
TXN03-02958,3,2026-07-06 13:14:10,283.51,Grocery,30015,UPI,DEV-03-4,Web,Chennai,13,0,0,2.18,30,722.08,395.61,41,300,2898,0,0,0,0.0,0,
TXN03-02959,3,2026-07-06 13:14:53,1242.13,Household,30009,Card,DEV-03-1,Android,Chennai,13,0,0,0.72,31,720.94,395.73,96,991,2899,0,0,0,0.0,0,
TXN03-02960,3,2026-07-06 13:15:15,778.66,Household,30064,UPI,DEV-03-1,Android,Chennai,13,0,0,0.37,32,722.29,396.1,6,992,2900,0,0,0,0.0,0,
TXN03-02961,3,2026-07-06 13:36:58,651.42,Grocery,30001,Card,DEV-03-2,Android,Chennai,13,0,0,21.72,33,722.75,396.06,396,601,2901,0,0,0,0.0,0,
TXN03-02962,3,2026-07-06 13:38:45,1180.25,Household,30004,Card,DEV-03-1,Android,Chennai,13,0,0,1.78,34,722.57,395.57,254,993,2902,0,0,0,0.0,0,
TXN03-02963,3,2026-07-06 13:49:35,214.48,Household,30093,Card,DEV-03-5,iPhone,Chennai,13,0,0,10.83,35,720.07,393.41,2,193,2903,0,0,0,0.0,0,
TXN03-02964,3,2026-07-06 14:13:00,380.31,Grocery,30002,Card,DEV-03-8,Web,Chennai,14,0,0,23.42,36,718.19,394.6,182,46,2904,0,0,0,0.0,0,
TXN03-02965,3,2026-07-06 14:22:46,1460.81,Pharmacy,30044,UPI,DEV-03-2,Android,Chennai,14,0,0,9.77,37,717.31,394.46,15,602,2905,0,0,0,0.0,0,
TXN03-02966,3,2026-07-06 15:00:32,428.5,Grocery,30068,UPI,DEV-03-4,Web,Chennai,15,0,0,37.77,38,717.44,395.88,7,301,2906,0,0,0,0.0,0,
TXN03-02967,3,2026-07-06 15:02:14,687.55,Pharmacy,30055,UPI,DEV-03-7,iPhone,Chennai,15,0,0,1.7,39,716.69,395.64,9,107,2907,0,0,0,0.0,0,
TXN03-02968,3,2026-07-06 15:11:38,686.96,Household,30005,UPI,DEV-03-2,Android,Chennai,15,0,0,9.4,40,716.62,395.13,132,603,2908,0,0,0,0.0,0,
TXN03-02969,3,2026-07-06 15:23:57,527.68,Household,30016,UPI,DEV-03-1,Android,Chennai,15,0,0,12.32,41,716.54,394.63,35,994,2909,0,0,0,0.0,0,
TXN03-02970,3,2026-07-06 15:35:19,151.15,Household,30004,UPI,DEV-03-7,iPhone,Chennai,15,0,0,11.37,42,715.01,393.4,255,108,2910,0,0,0,0.0,0,
TXN03-02971,3,2026-07-06 15:39:12,1360.7,Grocery,30002,Card,DEV-03-4,Web,Chennai,15,0,0,3.88,43,713.56,393.93,183,302,2911,0,0,0,0.0,0,
TXN03-02972,3,2026-07-06 15:51:03,441.27,Household,30009,UPI,DEV-03-5,iPhone,Chennai,15,0,0,11.85,44,716.05,394.96,97,194,2912,0,0,0,0.0,0,
TXN03-02973,3,2026-07-06 16:17:30,2680.99,Airport,30001,UPI,DEV-03-1,Android,Bangalore,16,0,0,26.45,45,716.58,394.45,397,995,5,0,0,0,290.17,1,airport_txn
TXN03-02974,3,2026-07-06 16:25:53,838.05,Household,30004,UPI,DEV-03-2,Android,Chennai,16,0,0,8.38,46,721.63,406.31,256,604,2913,0,0,0,290.17,0,
TXN03-02975,3,2026-07-06 16:58:51,131.66,Household,30005,UPI,DEV-03-10,Android,Chennai,16,0,0,32.97,47,723.96,407.45,133,36,2914,0,0,0,0.0,0,
TXN03-02976,3,2026-07-06 17:22:25,444.53,Household,30005,UPI,DEV-03-2,Android,Chennai,17,0,0,23.57,48,724.57,407.93,134,605,2915,0,0,0,0.0,0,
TXN03-02977,3,2026-07-06 17:25:33,447.95,Pharmacy,30008,Card,DEV-03-1,Android,Chennai,17,0,0,3.13,49,724.96,408.88,346,996,2916,0,0,0,0.0,0,
TXN03-02978,3,2026-07-06 17:26:55,519.08,Household,30060,UPI,DEV-03-1,Android,Chennai,17,0,0,1.37,50,724.23,408.59,10,997,2917,0,0,0,0.0,0,
TXN03-02979,3,2026-07-06 17:38:29,189.92,Pharmacy,30028,UPI,DEV-03-2,Android,Chennai,17,0,0,11.57,51,723.69,408.19,46,606,2918,0,0,0,0.0,0,
TXN03-02980,3,2026-07-06 17:52:58,641.31,Grocery,30006,Card,DEV-03-3,Android,Chennai,17,0,0,14.48,52,722.3,408.57,80,429,2919,0,0,0,0.0,0,
TXN03-02981,3,2026-07-06 17:58:03,444.26,Grocery,30006,UPI,DEV-03-4,Web,Chennai,17,0,0,5.08,53,722.66,408.44,81,303,2920,0,0,0,0.0,0,
TXN03-02982,3,2026-07-06 18:03:27,1395.55,Grocery,30019,UPI,DEV-03-3,Android,Chennai,18,0,0,5.4,54,721.93,408.15,48,430,2921,0,0,0,0.0,0,
TXN03-02983,3,2026-07-06 18:36:52,666.4,Pharmacy,30035,UPI,DEV-03-1,Android,Chennai,18,0,0,33.42,55,722.87,409.89,20,998,2922,0,0,0,0.0,0,
TXN03-02984,3,2026-07-06 18:39:57,364.48,Household,30004,UPI,DEV-03-1,Android,Chennai,18,0,0,3.08,56,722.72,409.36,257,999,2923,0,0,0,0.0,0,
TXN03-02985,3,2026-07-06 18:44:27,801.5,Household,30005,UPI,DEV-03-2,Android,Chennai,18,0,0,4.5,57,721.25,409.63,135,607,2924,0,0,0,0.0,0,
TXN03-02986,3,2026-07-06 18:51:27,588.8,Grocery,30003,UPI,DEV-03-3,Android,Chennai,18,0,0,7.0,58,721.46,409.12,114,431,2925,0,0,0,0.0,0,
TXN03-02987,3,2026-07-06 18:51:49,1047.62,Household,30004,Card,DEV-03-7,iPhone,Chennai,18,0,0,0.37,59,721.12,408.65,258,109,2926,0,0,0,0.0,0,
TXN03-02988,3,2026-07-06 19:05:17,587.21,Grocery,30002,UPI,DEV-03-6,Web,Chennai,19,0,0,13.47,60,721.96,408.46,184,131,2927,0,0,0,0.0,0,
TXN03-02989,3,2026-07-06 19:15:49,441.06,Pharmacy,30008,UPI,DEV-03-6,Web,Chennai,19,0,0,10.53,61,721.61,407.99,347,132,2928,0,0,0,0.0,0,
TXN03-02990,3,2026-07-06 19:25:53,163.8,Grocery,30096,UPI,DEV-03-4,Web,Chennai,19,0,0,10.07,62,720.89,407.71,1,304,2929,0,0,1,0.0,0,
TXN03-02991,3,2026-07-06 19:38:08,462.45,Grocery,30003,UPI,DEV-03-3,Android,Chennai,19,0,0,12.25,63,719.47,408.16,115,432,2930,0,0,0,0.0,0,
TXN03-02992,3,2026-07-06 19:41:28,807.88,Grocery,30042,UPI,DEV-03-4,Web,Chennai,19,0,0,3.33,64,719.7,408.7,7,305,2931,0,0,0,0.0,0,
TXN03-02993,3,2026-07-06 19:52:01,563.65,Grocery,30001,UPI,DEV-03-1,Android,Chennai,19,0,0,10.55,65,719.22,408.98,398,1000,2932,0,0,0,0.0,0,
TXN03-02994,3,2026-07-06 19:52:15,837.58,Pharmacy,30023,UPI,DEV-03-1,Android,Chennai,19,0,0,0.23,66,718.82,408.53,102,1001,2933,0,0,0,0.0,0,
TXN03-02995,3,2026-07-06 19:55:39,472.46,Pharmacy,30028,UPI,DEV-03-2,Android,Chennai,19,0,0,3.4,67,719.23,408.57,47,608,2934,0,0,0,0.0,0,
TXN03-02996,3,2026-07-06 20:08:04,1601.69,Pharmacy,30035,Card,DEV-03-1,Android,Chennai,20,0,0,12.42,68,718.6,408.23,21,1002,2935,0,0,0,0.0,1,ato_higher_amount_odd_hour
TXN03-02997,3,2026-07-06 20:12:54,211.06,Household,30039,Card,DEV-03-4,Web,Chennai,20,0,0,4.83,69,720.86,410.14,17,306,2936,0,0,0,0.0,1,ato_short_gap_odd_hour
TXN03-02998,3,2026-07-07 08:19:04,406.25,Grocery,30042,UPI,DEV-03-2,Android,Chennai,8,1,0,726.17,1,717.51,411.58,8,609,2937,0,0,0,0.0,0,
TXN03-02999,3,2026-07-07 08:37:23,178.0,Gaming Subscription,30001,UPI,DEV-03-1,Android,Chennai,8,1,0,18.32,2,716.71,411.35,399,1003,2938,0,0,0,0.0,1,gaming_subscription
TXN03-03000,3,2026-07-07 09:29:19,735.4,Household,30005,UPI,DEV-03-4,Web,Chennai,9,1,0,51.93,3,716.77,411.27,136,307,2939,0,0,0,0.0,0,
TXN03-03001,3,2026-07-07 09:31:45,468.47,Household,30004,UPI,DEV-03-1,Android,Chennai,9,1,0,2.43,4,716.82,410.74,259,1004,2940,0,0,0,0.0,0,
TXN03-03002,3,2026-07-07 09:41:37,902.82,Grocery,30006,Card,DEV-03-1,Android,Chennai,9,1,0,9.87,5,716.5,410.89,82,1005,2941,0,0,0,0.0,0,
TXN03-03003,3,2026-07-07 10:29:49,688.21,Grocery,30097,UPI,DEV-03-1,Android,Chennai,10,1,0,48.2,6,720.38,411.04,1,1006,2942,0,0,1,0.0,0,
TXN03-03004,3,2026-07-07 11:09:00,1174.7,Grocery,30033,Card,DEV-03-6,Web,Chennai,11,1,0,39.18,7,720.44,410.51,19,133,2943,0,0,0,0.0,0,
TXN03-03005,3,2026-07-07 12:02:43,1500.0,Household,30060,UPI,DEV-03-3,Android,Chennai,12,1,0,53.72,8,719.94,409.94,11,433,2944,0,0,0,0.0,0,
TXN03-03006,3,2026-07-07 12:43:29,1500.0,Grocery,30034,Card,DEV-03-3,Android,Chennai,12,1,0,40.77,9,722.91,412.74,13,434,2945,0,0,0,0.0,0,
TXN03-03007,3,2026-07-07 12:49:27,240.7,Household,30004,Card,DEV-03-2,Android,Chennai,12,1,0,5.97,10,724.96,414.12,260,610,2946,0,0,0,0.0,0,
TXN03-03008,3,2026-07-07 13:01:31,999.14,Grocery,30001,UPI,DEV-03-5,iPhone,Chennai,13,1,0,12.07,11,721.8,413.87,400,195,2947,0,0,0,0.0,0,
TXN03-03009,3,2026-07-07 13:02:13,1185.13,Grocery,30001,UPI,DEV-03-1,Android,Chennai,13,1,0,0.7,12,722.53,413.57,401,1007,2948,0,0,0,0.0,0,
TXN03-03010,3,2026-07-07 13:46:03,178.76,Household,30009,UPI,DEV-03-3,Android,Chennai,13,1,0,43.83,13,724.04,413.06,98,435,2949,0,0,0,0.0,0,
TXN03-03011,3,2026-07-07 13:57:31,1500.0,Grocery,30001,UPI,DEV-03-3,Android,Chennai,13,1,0,11.47,14,723.74,413.41,402,436,2950,0,0,0,0.0,0,
TXN03-03012,3,2026-07-07 14:02:07,447.16,Grocery,30087,UPI,DEV-03-3,Android,Chennai,14,1,0,4.6,15,728.29,414.45,2,437,2951,0,0,0,0.0,0,
TXN03-03013,3,2026-07-07 14:04:40,741.23,Household,30017,UPI,DEV-03-2,Android,Chennai,14,1,0,2.55,16,726.92,414.53,26,611,2952,0,0,0,0.0,0,
TXN03-03014,3,2026-07-07 14:19:46,666.4,Household,30004,UPI,DEV-03-5,iPhone,Chennai,14,1,0,15.1,17,726.92,414.88,261,196,2953,0,0,0,0.0,0,
TXN03-03015,3,2026-07-07 15:14:29,1020.96,Pharmacy,30025,Card,DEV-03-1,Android,Chennai,15,1,0,54.72,18,729.07,415.7,67,1008,2954,0,0,0,0.0,0,
TXN03-03016,3,2026-07-07 15:31:24,716.52,Household,30004,Card,DEV-03-6,Web,Chennai,15,1,0,16.92,19,729.61,414.39,262,134,2955,0,0,0,0.0,0,
TXN03-03017,3,2026-07-07 16:03:29,693.14,Household,30009,Card,DEV-03-14,Android,Chennai,16,1,0,32.08,20,726.84,412.97,99,13,2956,0,0,0,0.0,0,
TXN03-03018,3,2026-07-07 16:08:37,1332.69,Airport,30001,UPI,DEV-03-1,Android,Kochi,16,1,0,5.13,21,726.75,412.41,403,1009,5,0,0,0,559.49,1,airport_txn
TXN03-03019,3,2026-07-07 16:14:09,248.68,Pharmacy,30023,UPI,DEV-03-8,Web,Chennai,16,1,0,5.53,22,728.39,413.06,103,47,2957,0,0,0,559.49,0,
TXN03-03020,3,2026-07-07 17:22:04,630.59,Household,30004,UPI,DEV-03-1,Android,Chennai,17,1,0,67.92,23,728.1,414.04,263,1010,2958,0,0,0,0.0,0,
TXN03-03021,3,2026-07-07 17:28:00,1500.0,Pharmacy,30008,Card,DEV-03-8,Web,Chennai,17,1,0,5.93,24,727.84,413.51,348,48,2959,0,0,0,0.0,0,
TXN03-03022,3,2026-07-07 17:29:09,1395.97,Grocery,30020,UPI,DEV-03-1,Android,Chennai,17,1,0,1.15,25,729.93,414.9,22,1011,2960,0,0,0,0.0,0,
TXN03-03023,3,2026-07-07 17:31:25,513.89,Grocery,30002,UPI,DEV-03-5,iPhone,Chennai,17,1,0,2.27,26,731.72,415.77,185,197,2961,0,0,0,0.0,0,
TXN03-03024,3,2026-07-07 17:55:48,585.74,Pharmacy,30023,UPI,DEV-03-2,Android,Chennai,17,1,0,24.38,27,731.3,415.91,104,612,2962,0,0,0,0.0,0,
TXN03-03025,3,2026-07-07 18:02:50,494.22,Pharmacy,30031,UPI,DEV-03-12,Android,Chennai,18,1,0,7.03,28,730.91,415.42,30,13,2963,0,0,0,0.0,0,
TXN03-03026,3,2026-07-07 18:23:28,517.17,Grocery,30020,Card,DEV-03-1,Android,Chennai,18,1,0,20.63,29,729.62,414.66,23,1012,2964,0,0,0,0.0,0,
TXN03-03027,3,2026-07-07 18:26:48,1035.21,Grocery,30003,Card,DEV-03-6,Web,Chennai,18,1,0,3.33,30,729.05,414.25,116,135,2965,0,0,0,0.0,0,
TXN03-03028,3,2026-07-07 18:51:58,284.31,Grocery,30018,UPI,DEV-03-1,Android,Chennai,18,1,0,25.17,31,730.03,414.54,42,1013,2966,0,0,0,0.0,0,
TXN03-03029,3,2026-07-07 18:52:27,1260.11,Pharmacy,30044,Card,DEV-03-2,Android,Chennai,18,1,0,0.48,32,728.83,414.63,16,613,2967,0,0,0,0.0,0,
TXN03-03030,3,2026-07-07 19:01:39,283.51,Grocery,30026,Card,DEV-03-2,Android,Chennai,19,1,0,9.2,33,730.26,414.98,20,614,2968,0,0,0,0.0,0,
TXN03-03031,3,2026-07-07 19:10:56,417.48,Grocery,30043,UPI,DEV-03-8,Web,Chennai,19,1,0,9.28,34,727.0,413.7,9,49,2969,0,0,0,0.0,0,
TXN03-03032,3,2026-07-07 19:33:50,1337.07,Grocery,30071,UPI,DEV-03-3,Android,Chennai,19,1,0,22.9,35,726.71,414.97,4,438,2970,0,0,0,0.0,0,
TXN03-03033,3,2026-07-08 08:02:10,998.79,Household,30009,UPI,DEV-03-1,Android,Chennai,8,2,0,748.33,1,729.33,415.75,100,1014,2971,0,0,0,0.0,0,
TXN03-03034,3,2026-07-08 08:09:08,564.3,Pharmacy,30044,Card,DEV-03-1,Android,Chennai,8,2,0,6.97,2,727.97,414.06,17,1015,2972,0,0,0,0.0,0,
TXN03-03035,3,2026-07-08 08:41:00,883.58,Grocery,30037,Card,DEV-03-7,iPhone,Chennai,8,2,0,31.87,3,725.14,412.7,13,110,2973,0,0,0,0.0,0,
TXN03-03036,3,2026-07-08 08:41:39,674.93,Pharmacy,30008,UPI,DEV-03-9,Web,Chennai,8,2,0,0.65,4,725.56,412.23,349,28,2974,0,0,0,0.0,0,
TXN03-03037,3,2026-07-08 08:46:36,645.04,Household,30004,Card,DEV-03-2,Android,Chennai,8,2,0,4.95,5,725.43,411.68,264,615,2975,0,0,0,0.0,0,
TXN03-03038,3,2026-07-08 09:00:31,1500.0,Household,30004,UPI,DEV-03-10,Android,Chennai,9,2,0,13.92,6,725.92,411.48,265,37,2976,0,0,0,0.0,0,
TXN03-03039,3,2026-07-08 09:02:46,571.08,Grocery,30010,Card,DEV-03-4,Web,Chennai,9,2,0,2.25,7,727.99,412.87,72,308,2977,0,0,0,0.0,0,
TXN03-03040,3,2026-07-08 09:04:00,564.06,Grocery,30006,UPI,DEV-03-2,Android,Chennai,9,2,0,1.23,8,727.57,412.4,83,616,2978,0,0,0,0.0,0,
TXN03-03041,3,2026-07-08 09:04:49,265.87,Grocery,30037,Card,DEV-03-6,Web,Chennai,9,2,0,0.82,9,727.14,411.94,14,136,2979,0,0,0,0.0,0,
TXN03-03042,3,2026-07-08 09:13:11,238.58,Grocery,30098,Card,DEV-03-1,Android,Chennai,9,2,0,8.37,10,725.72,412.61,1,1016,2980,0,0,1,0.0,0,
TXN03-03043,3,2026-07-08 09:22:40,1293.37,Pharmacy,30044,UPI,DEV-03-1,Android,Chennai,9,2,0,9.48,11,724.59,413.91,18,1017,2981,0,0,0,0.0,0,
TXN03-03044,3,2026-07-08 09:32:47,786.8,Household,30056,UPI,DEV-03-2,Android,Chennai,9,2,0,10.12,12,727.09,414.51,12,617,2982,0,0,0,0.0,0,
TXN03-03045,3,2026-07-08 10:01:25,980.33,Pharmacy,30049,Card,DEV-03-1,Android,Chennai,10,2,0,28.63,13,728.24,415.04,12,1018,2983,0,0,0,0.0,0,
TXN03-03046,3,2026-07-08 10:11:06,754.53,Household,30074,Card,DEV-03-2,Android,Chennai,10,2,0,9.68,14,730.21,414.49,4,618,2984,0,0,0,0.0,0,
TXN03-03047,3,2026-07-08 10:14:24,552.0,Household,30012,Card,DEV-03-1,Android,Chennai,10,2,0,3.3,15,730.28,413.94,49,1019,2985,0,0,0,0.0,0,
TXN03-03048,3,2026-07-08 10:34:23,1282.3,Grocery,30002,Card,DEV-03-2,Android,Chennai,10,2,0,19.98,16,729.67,413.44,186,619,2986,0,0,0,0.0,0,
TXN03-03049,3,2026-07-08 10:50:05,272.16,Household,30009,UPI,DEV-03-1,Android,Chennai,10,2,0,15.7,17,730.03,413.11,101,1020,2987,0,0,0,0.0,0,
TXN03-03050,3,2026-07-08 11:22:32,1500.0,Household,30004,UPI,DEV-03-1,Android,Chennai,11,2,0,32.45,18,730.21,412.9,266,1021,2988,0,0,0,0.0,0,
TXN03-03051,3,2026-07-08 11:24:38,701.47,Pharmacy,30040,UPI,DEV-03-12,Android,Chennai,11,2,0,2.1,19,732.3,414.28,18,14,2989,0,0,0,0.0,0,
TXN03-03052,3,2026-07-08 11:29:28,788.24,Pharmacy,30028,UPI,DEV-03-5,iPhone,Chennai,11,2,0,4.83,20,732.21,413.72,48,198,2990,0,0,0,0.0,0,
TXN03-03053,3,2026-07-08 11:55:44,389.02,Grocery,30051,UPI,DEV-03-2,Android,Chennai,11,2,0,26.27,21,732.37,413.17,5,620,2991,0,0,0,0.0,0,
TXN03-03054,3,2026-07-08 12:09:54,829.81,Grocery,30037,Card,DEV-03-1,Android,Chennai,12,2,0,14.17,22,731.44,413.0,15,1022,2992,0,0,0,0.0,0,
TXN03-03055,3,2026-07-08 12:35:16,446.07,Household,30029,Card,DEV-03-1,Android,Chennai,12,2,0,25.37,23,731.12,413.34,22,1023,2993,0,0,0,0.0,0,
TXN03-03056,3,2026-07-08 12:36:29,653.8,Household,30004,UPI,DEV-03-3,Android,Chennai,12,2,0,1.22,24,730.35,413.05,267,439,2994,0,0,0,0.0,0,
TXN03-03057,3,2026-07-08 13:15:17,746.42,Household,30038,Card,DEV-03-5,iPhone,Chennai,13,2,0,38.8,25,730.77,412.89,10,199,2995,0,0,0,0.0,0,
TXN03-03058,3,2026-07-08 14:10:53,525.66,Grocery,30001,UPI,DEV-03-5,iPhone,Chennai,14,2,0,55.6,26,730.81,412.34,404,200,2996,0,0,0,0.0,0,
TXN03-03059,3,2026-07-08 14:32:52,350.08,Pharmacy,30023,UPI,DEV-03-7,iPhone,Chennai,14,2,0,21.98,27,730.26,411.92,105,111,2997,0,0,0,0.0,0,
TXN03-03060,3,2026-07-08 14:40:26,317.49,Household,30036,Card,DEV-03-3,Android,Chennai,14,2,0,7.57,28,729.25,411.84,14,440,2998,0,0,0,0.0,0,
TXN03-03061,3,2026-07-08 14:44:19,264.89,Grocery,30002,UPI,DEV-03-3,Android,Chennai,14,2,0,3.88,29,728.15,411.83,187,441,2999,0,0,0,0.0,0,
TXN03-03062,3,2026-07-08 14:56:55,663.43,Household,30056,Card,DEV-03-3,Android,Chennai,14,2,0,12.6,30,726.92,411.98,13,442,3000,0,0,0,0.0,0,
TXN03-03063,3,2026-07-08 15:02:18,191.76,Grocery,30010,UPI,DEV-03-1,Android,Chennai,15,2,0,5.38,31,727.83,411.46,73,1024,3001,0,0,0,0.0,0,
TXN03-03064,3,2026-07-08 15:03:31,1500.0,Grocery,30098,UPI,DEV-03-2,Android,Chennai,15,2,0,1.22,32,726.41,411.83,2,621,3002,0,0,0,0.0,0,
TXN03-03065,3,2026-07-08 15:17:05,659.03,Grocery,30014,Card,DEV-03-4,Web,Chennai,15,2,0,13.57,33,729.31,413.42,54,309,3003,0,0,0,0.0,0,
TXN03-03066,3,2026-07-08 15:17:48,1500.0,Pharmacy,30032,UPI,DEV-03-6,Web,Chennai,15,2,0,0.72,34,729.12,412.89,34,137,3004,0,0,0,0.0,0,
TXN03-03067,3,2026-07-08 15:50:50,386.47,Pharmacy,30099,UPI,DEV-03-2,Android,Chennai,15,2,0,33.03,35,731.16,414.23,1,622,3005,0,0,1,0.0,0,
TXN03-03068,3,2026-07-08 16:12:58,306.72,Grocery,30003,UPI,DEV-03-1,Android,Chennai,16,2,0,22.13,36,730.25,414.06,117,1025,3006,0,0,0,0.0,0,
TXN03-03069,3,2026-07-08 16:23:13,539.95,Household,30011,Card,DEV-03-5,iPhone,Chennai,16,2,0,10.25,37,729.14,414.09,56,201,3007,0,0,0,0.0,0,
TXN03-03070,3,2026-07-08 16:30:11,1500.0,Household,30004,UPI,DEV-03-8,Web,Chennai,16,2,0,6.97,38,728.64,413.66,268,50,3008,0,0,0,0.0,0,
TXN03-03071,3,2026-07-08 16:56:21,157.87,Pharmacy,30040,UPI,DEV-03-1,Android,Chennai,16,2,0,26.17,39,732.33,415.24,19,1026,3009,0,0,0,0.0,0,
TXN03-03072,3,2026-07-08 16:56:47,239.8,Pharmacy,30008,Card,DEV-03-3,Android,Chennai,16,2,0,0.43,40,730.83,415.74,350,443,3010,0,0,0,0.0,0,
TXN03-03073,3,2026-07-08 17:06:19,451.78,Household,30005,UPI,DEV-03-1,Android,Chennai,17,2,0,9.53,41,729.54,415.95,137,1027,3011,0,0,0,0.0,0,
TXN03-03074,3,2026-07-08 17:11:35,416.94,Grocery,30022,Card,DEV-03-1,Android,Chennai,17,2,0,5.27,42,728.81,415.65,32,1028,3012,0,0,0,0.0,0,
TXN03-03075,3,2026-07-08 17:16:23,341.27,Household,30004,UPI,DEV-03-2,Android,Chennai,17,2,0,4.8,43,725.99,414.08,269,623,3013,0,0,0,0.0,0,
TXN03-03076,3,2026-07-08 17:44:28,906.6,Household,30100,Card,DEV-03-2,Android,Chennai,17,2,0,28.08,44,725.22,414.52,1,624,3014,0,0,1,0.0,0,
TXN03-03077,3,2026-07-08 17:45:30,511.96,Grocery,30007,UPI,DEV-03-14,Android,Chennai,17,2,0,1.03,45,725.69,414.08,66,14,3015,0,0,0,0.0,0,
TXN03-03078,3,2026-07-08 17:46:25,994.54,Grocery,30101,Card,DEV-03-2,Android,Chennai,17,2,0,0.92,46,725.14,413.68,1,625,3016,0,0,1,0.0,0,
TXN03-03079,3,2026-07-08 17:53:44,1500.0,Household,30016,Card,DEV-03-1,Android,Chennai,17,2,0,7.32,47,725.83,413.37,36,1029,3017,0,0,0,0.0,0,
TXN03-03080,3,2026-07-08 17:53:58,707.09,Pharmacy,30049,UPI,DEV-03-4,Web,Chennai,17,2,0,0.23,48,727.83,414.71,13,310,3018,0,0,0,0.0,0,
TXN03-03081,3,2026-07-08 17:56:26,1377.8,Grocery,30003,UPI,DEV-03-6,Web,Chennai,17,2,0,2.47,49,727.78,414.17,118,138,3019,0,0,0,0.0,0,
TXN03-03082,3,2026-07-08 18:03:01,335.73,Household,30064,Card,DEV-03-1,Android,Chennai,18,2,0,6.58,50,729.45,414.95,7,1030,3020,0,0,0,0.0,0,
TXN03-03083,3,2026-07-08 18:07:40,417.26,Household,30011,Card,DEV-03-6,Web,Chennai,18,2,0,4.65,51,728.44,414.89,57,139,3021,0,0,0,0.0,0,
TXN03-03084,3,2026-07-08 18:23:20,822.92,Pharmacy,30065,UPI,DEV-03-1,Android,Chennai,18,2,0,15.67,52,727.65,414.66,7,1031,3022,0,0,0,0.0,0,
TXN03-03085,3,2026-07-08 18:38:13,1086.85,Grocery,30083,Card,DEV-03-1,Android,Chennai,18,2,0,14.88,53,725.92,412.84,2,1032,3023,0,0,0,0.0,0,
TXN03-03086,3,2026-07-08 18:38:18,270.15,Household,30004,UPI,DEV-03-1,Android,Chennai,18,2,0,0.08,54,726.84,412.72,270,1033,3024,0,0,0,0.0,0,
TXN03-03087,3,2026-07-08 18:40:32,476.38,Pharmacy,30025,Card,DEV-03-1,Android,Chennai,18,2,0,2.23,55,725.67,412.83,68,1034,3025,0,0,0,0.0,0,
TXN03-03088,3,2026-07-08 18:41:03,430.39,Grocery,30062,UPI,DEV-03-3,Android,Chennai,18,2,0,0.52,56,725.04,412.5,7,444,3026,0,0,0,0.0,0,
TXN03-03089,3,2026-07-08 18:46:01,1211.77,Pharmacy,30080,Card,DEV-03-9,Web,Chennai,18,2,0,4.97,57,724.3,412.24,3,29,3027,0,0,0,0.0,0,
TXN03-03090,3,2026-07-08 19:07:48,569.38,Grocery,30062,UPI,DEV-03-13,Android,Chennai,19,2,0,21.78,58,724.0,411.61,8,11,3028,0,0,0,0.0,0,
TXN03-03091,3,2026-07-08 19:27:54,1350.39,Pharmacy,30049,Card,DEV-03-5,iPhone,Chennai,19,2,0,20.1,59,723.51,411.68,14,202,3029,0,0,0,0.0,0,
TXN03-03092,3,2026-07-08 19:28:56,501.68,Household,30004,Card,DEV-03-2,Android,Chennai,19,2,0,1.03,60,725.1,412.37,271,626,3030,0,0,0,0.0,0,
TXN03-03093,3,2026-07-08 19:59:24,1059.95,Grocery,30002,Card,DEV-03-6,Web,Chennai,19,2,0,30.47,61,724.51,413.14,188,140,3031,0,0,0,0.0,0,
TXN03-03094,3,2026-07-09 08:02:05,606.21,Pharmacy,30008,UPI,DEV-UNK-5567,Android,Chennai,8,3,0,722.68,1,726.33,413.28,351,1,3032,1,0,0,0.0,1,ato_new_device
TXN03-03095,3,2026-07-09 08:24:49,734.79,Pharmacy,30008,Card,DEV-03-1,Android,Chennai,8,3,0,22.73,2,725.64,413.26,352,1035,3033,0,0,0,0.0,0,
TXN03-03096,3,2026-07-09 08:45:35,236.65,Pharmacy,30008,Card,DEV-03-4,Web,Chennai,8,3,0,20.77,3,725.76,413.26,353,311,3034,0,0,0,0.0,0,
TXN03-03097,3,2026-07-09 08:59:32,291.09,Grocery,30001,Card,DEV-03-2,Android,Chennai,8,3,0,13.95,4,724.51,413.47,405,627,3035,0,0,0,0.0,0,
TXN03-03098,3,2026-07-09 09:00:49,558.1,Grocery,30037,Card,DEV-03-1,Android,Chennai,9,3,0,1.28,5,723.4,413.52,16,1036,3036,0,0,0,0.0,0,
TXN03-03099,3,2026-07-09 09:08:13,266.93,Grocery,30001,UPI,DEV-03-1,Android,Chennai,9,3,0,7.4,6,722.98,413.07,406,1037,3037,0,0,0,0.0,0,
TXN03-03100,3,2026-07-09 09:15:00,302.8,Grocery,30006,UPI,DEV-03-1,Android,Chennai,9,3,0,6.78,7,721.82,413.19,84,1038,3038,0,0,0,0.0,0,
TXN03-03101,3,2026-07-09 09:22:55,689.41,Grocery,30027,UPI,DEV-03-4,Web,Chennai,9,3,0,7.92,8,720.76,413.2,14,312,3039,0,0,0,0.0,0,
TXN03-03102,3,2026-07-09 09:23:16,506.73,Pharmacy,30046,UPI,DEV-03-1,Android,Chennai,9,3,0,0.35,9,720.68,412.68,8,1039,3040,0,0,0,0.0,0,
TXN03-03103,3,2026-07-09 09:23:31,1500.0,Grocery,30010,UPI,DEV-03-6,Web,Chennai,9,3,0,0.25,10,720.14,412.3,74,141,3041,0,0,0,0.0,0,
TXN03-03104,3,2026-07-09 09:35:24,422.73,Pharmacy,30028,UPI,DEV-03-1,Android,Chennai,9,3,0,11.88,11,720.14,412.3,49,1040,3042,0,0,0,0.0,0,
TXN03-03105,3,2026-07-09 09:39:50,1175.23,Grocery,30014,Card,DEV-03-9,Web,Chennai,9,3,0,4.43,12,719.4,412.05,55,30,3043,0,0,0,0.0,0,
TXN03-03106,3,2026-07-09 09:46:17,1500.0,Grocery,30003,Card,DEV-03-1,Android,Chennai,9,3,0,6.45,13,722.48,412.26,119,1041,3044,0,0,0,0.0,0,
TXN03-03107,3,2026-07-09 09:49:40,375.97,Grocery,30014,Card,DEV-03-2,Android,Chennai,9,3,0,3.38,14,724.44,413.58,56,628,3045,0,0,0,0.0,0,
TXN03-03108,3,2026-07-09 09:53:16,661.05,Grocery,30001,UPI,DEV-03-5,iPhone,Chennai,9,3,0,3.6,15,723.56,413.42,407,203,3046,0,0,0,0.0,0,
TXN03-03109,3,2026-07-09 10:25:23,407.47,Grocery,30002,UPI,DEV-03-1,Android,Chennai,10,3,0,32.12,16,726.33,414.15,189,1042,3047,0,0,0,0.0,0,
TXN03-03110,3,2026-07-09 10:25:47,814.89,Pharmacy,30078,UPI,DEV-03-2,Android,Chennai,10,3,0,0.4,17,725.52,413.93,8,629,3048,0,0,0,0.0,0,
TXN03-03111,3,2026-07-09 10:26:11,459.7,Grocery,30022,Card,DEV-03-2,Android,Chennai,10,3,0,0.4,18,725.75,413.43,33,630,3049,0,0,0,0.0,0,
TXN03-03112,3,2026-07-09 10:34:00,762.73,Pharmacy,30023,UPI,DEV-03-18,iPhone,Chennai,10,3,0,7.82,19,724.86,414.16,106,2,3050,0,0,0,0.0,0,
TXN03-03113,3,2026-07-09 10:48:40,303.59,Grocery,30041,Card,DEV-03-7,iPhone,Chennai,10,3,0,14.67,20,724.96,413.64,9,112,3051,0,0,0,0.0,0,
TXN03-03114,3,2026-07-09 11:00:03,839.21,Pharmacy,30072,UPI,DEV-03-6,Web,Chennai,11,3,0,11.38,21,723.9,413.66,6,142,3052,0,0,0,0.0,0,
TXN03-03115,3,2026-07-09 11:17:01,880.4,Pharmacy,30025,UPI,DEV-03-4,Web,Chennai,11,3,0,16.97,22,725.78,414.1,69,313,3053,0,0,0,0.0,0,
TXN03-03116,3,2026-07-09 11:39:28,323.52,Pharmacy,30066,Card,DEV-03-3,Android,Chennai,11,3,0,22.45,23,724.22,412.34,9,445,3054,0,0,0,0.0,0,
TXN03-03117,3,2026-07-09 11:47:35,630.97,Grocery,30001,Card,DEV-03-1,Android,Chennai,11,3,0,8.12,24,723.21,412.31,408,1043,3055,0,0,0,0.0,0,
TXN03-03118,3,2026-07-09 12:08:11,244.2,Grocery,30081,Card,DEV-03-1,Android,Chennai,12,3,0,20.6,25,720.97,411.43,3,1044,3056,0,0,0,0.0,0,
TXN03-03119,3,2026-07-09 12:18:05,606.73,Household,30045,Card,DEV-03-3,Android,Chennai,12,3,0,9.9,26,719.77,411.61,12,446,3057,0,0,0,0.0,0,
TXN03-03120,3,2026-07-09 12:25:58,166.74,Grocery,30022,UPI,DEV-03-1,Android,Chennai,12,3,0,7.88,27,720.49,411.16,34,1045,3058,0,0,0,0.0,0,
TXN03-03121,3,2026-07-09 12:27:36,1500.0,Grocery,30002,Card,DEV-03-1,Android,Chennai,12,3,0,1.63,28,718.46,411.94,190,1046,3059,0,0,0,0.0,0,
TXN03-03122,3,2026-07-09 12:38:48,756.08,Household,30009,UPI,DEV-03-2,Android,Chennai,12,3,0,11.2,29,720.43,413.28,102,631,3060,0,0,0,0.0,0,
TXN03-03123,3,2026-07-09 12:44:48,112.24,Grocery,30102,Card,DEV-03-2,Android,Chennai,12,3,0,6.0,30,720.43,413.28,1,632,3061,0,0,1,0.0,0,
TXN03-03124,3,2026-07-09 12:45:51,350.64,Grocery,30059,UPI,DEV-03-1,Android,Chennai,12,3,0,1.05,31,718.9,413.88,12,1047,3062,0,0,0,0.0,0,
TXN03-03125,3,2026-07-09 12:48:00,937.28,Household,30036,UPI,DEV-03-3,Android,Chennai,12,3,0,2.15,32,717.98,413.77,15,447,3063,0,0,0,0.0,0,
TXN03-03126,3,2026-07-09 12:51:36,994.72,Pharmacy,30023,Card,DEV-03-3,Android,Chennai,12,3,0,3.6,33,716.57,412.06,107,448,3064,0,0,0,0.0,0,
TXN03-03127,3,2026-07-09 12:56:19,776.47,Grocery,30033,Card,DEV-03-3,Android,Chennai,12,3,0,4.72,34,717.86,412.12,20,449,3065,0,0,0,0.0,0,
TXN03-03128,3,2026-07-09 13:11:32,876.86,Grocery,30001,Card,DEV-03-1,Android,Chennai,13,3,0,15.22,35,718.22,412.11,409,1048,3066,0,0,0,0.0,0,
TXN03-03129,3,2026-07-09 13:18:11,160.27,Pharmacy,30008,UPI,DEV-03-1,Android,Chennai,13,3,0,6.65,36,718.62,411.67,354,1049,3067,0,0,0,0.0,0,
TXN03-03130,3,2026-07-09 14:06:43,957.78,Household,30004,Card,DEV-03-1,Android,Chennai,14,3,0,48.53,37,717.66,412.27,272,1050,3068,0,0,0,0.0,0,
TXN03-03131,3,2026-07-09 14:20:29,1214.83,Grocery,30006,UPI,DEV-03-3,Android,Chennai,14,3,0,13.77,38,718.26,411.93,85,450,3069,0,0,0,0.0,0,
TXN03-03132,3,2026-07-09 15:15:44,874.34,Grocery,30002,UPI,DEV-03-4,Web,Chennai,15,3,0,55.25,39,713.28,409.77,191,314,3070,0,0,0,0.0,0,
TXN03-03133,3,2026-07-09 15:17:19,576.23,Grocery,30001,UPI,DEV-03-2,Android,Chennai,15,3,0,1.58,40,713.69,409.33,410,633,3071,0,0,0,0.0,0,
TXN03-03134,3,2026-07-09 15:20:52,1056.4,Pharmacy,30023,UPI,DEV-03-1,Android,Chennai,15,3,0,3.55,41,711.65,408.01,108,1051,3072,0,0,0,0.0,0,
TXN03-03135,3,2026-07-09 15:28:58,491.75,Household,30009,UPI,DEV-03-8,Web,Chennai,15,3,0,8.1,42,709.8,406.7,103,51,3073,0,0,0,0.0,0,
TXN03-03136,3,2026-07-09 15:59:30,1073.11,Pharmacy,30008,Card,DEV-03-9,Web,Chennai,15,3,0,30.53,43,711.58,406.92,355,31,3074,0,0,0,0.0,0,
TXN03-03137,3,2026-07-09 16:06:26,583.06,Grocery,30003,Card,DEV-03-1,Android,Chennai,16,3,0,6.93,44,713.55,406.81,120,1052,3075,0,0,0,0.0,0,
TXN03-03138,3,2026-07-09 16:38:51,351.85,Grocery,30001,Card,DEV-03-5,iPhone,Chennai,16,3,0,32.42,45,713.26,406.86,411,204,3076,0,0,0,0.0,0,
TXN03-03139,3,2026-07-09 16:42:52,329.56,Grocery,30092,UPI,DEV-03-2,Android,Chennai,16,3,0,4.02,46,712.82,407.16,3,634,3077,0,0,0,0.0,0,
TXN03-03140,3,2026-07-09 16:44:19,540.46,Grocery,30020,Card,DEV-03-7,iPhone,Delhi,16,3,0,1.45,47,711.84,407.1,24,113,3,0,0,0,1767.65,0,
TXN03-03141,3,2026-07-09 16:58:38,312.78,Pharmacy,30049,UPI,DEV-03-2,Android,Chennai,16,3,0,14.32,48,712.88,407.15,15,635,3078,0,0,0,1767.65,0,
TXN03-03142,3,2026-07-09 17:13:31,688.44,Household,30009,Card,DEV-03-3,Android,Chennai,17,3,0,14.88,49,711.86,407.13,104,451,3079,0,0,0,0.0,0,
TXN03-03143,3,2026-07-09 17:14:09,647.58,Grocery,30041,Card,DEV-03-1,Android,Chennai,17,3,0,0.63,50,712.48,406.91,10,1053,3080,0,0,0,0.0,0,
TXN03-03144,3,2026-07-09 17:14:42,1306.66,Grocery,30002,UPI,DEV-03-1,Android,Chennai,17,3,0,0.55,51,712.32,406.4,192,1054,3081,0,0,0,0.0,0,
TXN03-03145,3,2026-07-09 17:20:12,633.79,Grocery,30002,UPI,DEV-03-1,Android,Chennai,17,3,0,5.5,52,714.01,407.49,193,1055,3082,0,0,0,0.0,0,
TXN03-03146,3,2026-07-09 17:23:31,192.31,Household,30038,Card,DEV-03-3,Android,Chennai,17,3,0,3.32,53,713.8,406.99,11,452,3083,0,0,0,0.0,0,
TXN03-03147,3,2026-07-09 17:58:54,636.49,Pharmacy,30103,UPI,DEV-03-1,Android,Chennai,17,3,0,35.38,54,710.07,406.42,2,1056,3084,0,0,0,0.0,0,
TXN03-03148,3,2026-07-09 18:02:42,1062.84,Pharmacy,30044,Card,DEV-03-5,iPhone,Chennai,18,3,0,3.8,55,709.88,405.92,19,205,3085,0,0,0,0.0,0,
TXN03-03149,3,2026-07-09 18:07:35,359.65,Grocery,30014,Card,DEV-03-3,Android,Chennai,18,3,0,4.88,56,710.78,405.79,57,453,3086,0,0,0,0.0,0,
TXN03-03150,3,2026-07-09 18:14:16,1110.73,Household,30004,Card,DEV-03-6,Web,Chennai,18,3,0,6.68,57,709.89,405.66,273,143,3087,0,0,0,0.0,0,
TXN03-03151,3,2026-07-09 18:30:37,886.44,Household,30005,UPI,DEV-03-10,Android,Chennai,18,3,0,16.35,58,710.42,406.05,138,38,3088,0,0,0,0.0,0,
TXN03-03152,3,2026-07-09 18:43:00,277.19,Pharmacy,30023,Card,DEV-03-2,Android,Chennai,18,3,0,12.38,59,709.16,404.65,109,636,3089,0,0,0,0.0,0,
TXN03-03153,3,2026-07-09 18:57:24,261.24,Pharmacy,30032,Card,DEV-03-1,Android,Chennai,18,3,0,14.4,60,707.37,405.01,35,1057,3090,0,0,0,0.0,0,
TXN03-03154,3,2026-07-09 19:16:49,720.88,Household,30016,UPI,DEV-03-1,Android,Chennai,19,3,0,19.42,61,705.05,404.97,37,1058,3091,0,0,0,0.0,0,
TXN03-03155,3,2026-07-09 19:21:46,1500.0,Grocery,30052,Card,DEV-03-2,Android,Chennai,19,3,0,4.95,62,705.8,404.73,11,637,3092,0,0,0,0.0,0,
TXN03-03156,3,2026-07-09 19:30:12,1169.04,Pharmacy,30040,UPI,DEV-03-2,Android,Chennai,19,3,0,8.43,63,707.83,406.2,20,638,3093,0,0,0,0.0,1,ato_higher_amount
TXN03-03157,3,2026-07-09 19:42:10,619.02,Grocery,30014,Card,DEV-03-3,Android,Chennai,19,3,0,11.97,64,709.78,406.58,58,454,3094,0,0,0,0.0,0,
TXN03-03158,3,2026-07-09 19:58:55,784.08,Grocery,30002,Card,DEV-03-5,iPhone,Chennai,19,3,0,16.75,65,708.55,406.12,194,206,3095,0,0,0,0.0,0,
TXN03-03159,3,2026-07-10 00:13:27,408.81,Fuel,30001,UPI,DEV-03-1,Android,Chennai,0,4,0,254.53,1,708.74,405.62,412,1059,3096,0,0,0,0.0,1,midnight_fuel
TXN03-03160,3,2026-07-10 00:52:30,893.84,Fuel,30001,UPI,DEV-03-1,Android,Chennai,0,4,0,39.05,2,707.98,405.39,413,1060,3097,0,0,0,0.0,1,midnight_fuel
TXN03-03161,3,2026-07-10 08:01:00,224.8,Grocery,30048,UPI,DEV-03-1,Android,Chennai,8,4,0,428.5,3,707.29,405.47,10,1061,3098,0,0,0,0.0,0,
TXN03-03162,3,2026-07-10 08:02:12,1112.9,Grocery,30104,UPI,DEV-03-6,Web,Chennai,8,4,0,1.2,4,704.74,405.35,1,144,3099,0,0,1,0.0,0,
TXN03-03163,3,2026-07-10 08:07:28,1275.59,Household,30016,Card,DEV-03-8,Web,Chennai,8,4,0,5.27,5,706.47,405.64,38,52,3100,0,0,0,0.0,0,
TXN03-03164,3,2026-07-10 08:14:46,607.67,Grocery,30003,Card,DEV-03-1,Android,Chennai,8,4,0,7.3,6,707.8,406.65,121,1062,3101,0,0,0,0.0,0,
TXN03-03165,3,2026-07-10 08:24:13,1408.44,Grocery,30001,UPI,DEV-03-9,Web,Chennai,8,4,0,9.45,7,706.17,406.62,414,32,3102,0,0,0,0.0,0,
TXN03-03166,3,2026-07-10 08:48:04,497.14,Pharmacy,30035,UPI,DEV-03-2,Android,Chennai,8,4,0,23.85,8,708.91,407.72,22,639,3103,0,0,0,0.0,0,
TXN03-03167,3,2026-07-10 09:08:02,701.01,Grocery,30002,Card,DEV-03-5,iPhone,Chennai,9,4,0,19.97,9,705.99,406.34,195,207,3104,0,0,0,0.0,0,
TXN03-03168,3,2026-07-10 09:08:29,545.57,Pharmacy,30025,UPI,DEV-03-2,Android,Chennai,9,4,0,0.45,10,705.98,405.82,70,640,3105,0,0,0,0.0,0,
TXN03-03169,3,2026-07-10 09:09:33,1092.68,Grocery,30006,Card,DEV-03-6,Web,Bangalore,9,4,0,1.07,11,705.57,405.39,86,145,6,0,0,0,290.17,0,
TXN03-03170,3,2026-07-10 09:36:48,402.25,Grocery,30085,Card,DEV-03-2,Android,Chennai,9,4,0,27.25,12,705.17,404.93,4,641,3106,0,0,0,290.17,0,
TXN03-03171,3,2026-07-10 09:37:38,1025.71,Household,30100,UPI,DEV-03-5,iPhone,Chennai,9,4,0,0.83,13,704.4,404.71,2,208,3107,0,0,0,0.0,0,
TXN03-03172,3,2026-07-10 09:45:59,593.84,Grocery,30033,UPI,DEV-03-5,iPhone,Chennai,9,4,0,8.35,14,705.26,405.03,21,209,3108,0,0,0,0.0,0,
TXN03-03173,3,2026-07-10 10:24:10,437.01,Pharmacy,30031,UPI,DEV-03-1,Android,Chennai,10,4,0,38.18,15,706.79,404.78,31,1063,3109,0,0,0,0.0,0,
TXN03-03174,3,2026-07-10 10:27:44,919.56,Grocery,30019,UPI,DEV-03-7,iPhone,Chennai,10,4,0,3.57,16,705.54,404.85,49,114,3110,0,0,0,0.0,0,
TXN03-03175,3,2026-07-10 10:39:02,472.54,Household,30069,Card,DEV-03-4,Web,Chennai,10,4,0,11.3,17,706.08,404.48,4,315,3111,0,0,0,0.0,0,
TXN03-03176,3,2026-07-10 10:54:37,790.46,Grocery,30105,Card,DEV-03-6,Web,Chennai,10,4,0,15.58,18,706.56,404.86,1,146,3112,0,0,1,0.0,0,
TXN03-03177,3,2026-07-10 10:58:16,1500.0,Grocery,30015,Card,DEV-03-4,Web,Chennai,10,4,0,3.65,19,706.77,404.36,42,316,3113,0,0,0,0.0,0,
TXN03-03178,3,2026-07-10 11:12:31,751.22,Grocery,30020,UPI,DEV-03-1,Android,Chennai,11,4,0,14.25,20,708.79,405.82,25,1064,3114,0,0,0,0.0,0,
TXN03-03179,3,2026-07-10 11:26:53,1500.0,Grocery,30020,Card,DEV-03-10,Android,Chennai,11,4,0,14.37,21,708.9,405.31,26,39,3115,0,0,0,0.0,0,
TXN03-03180,3,2026-07-10 11:36:58,331.61,Household,30005,Card,DEV-03-2,Android,Chennai,11,4,0,10.08,22,709.52,407.1,139,642,3116,0,0,0,0.0,0,
TXN03-03181,3,2026-07-10 11:37:29,511.79,Grocery,30001,Card,DEV-03-3,Android,Chennai,11,4,0,0.52,23,708.56,407.03,415,455,3117,0,0,0,0.0,0,
TXN03-03182,3,2026-07-10 11:41:22,636.57,Grocery,30018,Card,DEV-03-10,Android,Chennai,11,4,0,3.88,24,707.89,407.14,43,40,3118,0,0,0,0.0,0,
TXN03-03183,3,2026-07-10 11:44:04,158.28,Grocery,30001,UPI,DEV-03-6,Web,Chennai,11,4,0,2.7,25,707.71,406.64,416,147,3119,0,0,0,0.0,0,
TXN03-03184,3,2026-07-10 12:17:19,1244.68,Grocery,30003,UPI,DEV-03-1,Android,Chennai,12,4,0,33.25,26,702.65,405.42,122,1065,3120,0,0,0,0.0,0,
TXN03-03185,3,2026-07-10 12:43:01,684.66,Household,30074,UPI,DEV-UNK-5642,Android,Chennai,12,4,0,25.7,27,703.34,405.37,5,1,3121,1,0,0,0.0,1,ato_new_device_higher_amount
TXN03-03186,3,2026-07-10 13:07:51,699.51,Household,30036,Card,DEV-03-1,Android,Chennai,13,4,0,24.83,28,703.29,404.85,16,1066,3122,0,0,0,0.0,0,
TXN03-03187,3,2026-07-10 13:21:49,384.09,Household,30004,Card,DEV-03-1,Android,Chennai,13,4,0,13.97,29,701.81,405.38,274,1067,3123,0,0,0,0.0,0,
TXN03-03188,3,2026-07-10 13:31:29,1500.0,Household,30011,Card,DEV-03-2,Android,Chennai,13,4,0,9.67,30,701.01,405.14,58,643,3124,0,0,0,0.0,0,
TXN03-03189,3,2026-07-10 13:33:31,879.09,Pharmacy,30025,Card,DEV-03-1,Android,Chennai,13,4,0,2.03,31,703.09,406.66,71,1068,3125,0,0,0,0.0,0,
TXN03-03190,3,2026-07-10 13:54:15,531.5,Grocery,30001,Card,DEV-03-2,Android,Chennai,13,4,0,20.73,32,702.21,405.86,417,644,3126,0,0,0,0.0,0,
TXN03-03191,3,2026-07-10 14:06:36,405.38,Household,30017,Card,DEV-03-2,Android,Chennai,14,4,0,12.35,33,702.78,404.34,27,645,3127,0,0,0,0.0,0,
TXN03-03192,3,2026-07-10 14:16:12,316.9,Household,30021,Card,DEV-03-4,Web,Chennai,14,4,0,9.6,34,702.68,404.4,24,317,3128,0,0,0,0.0,0,
TXN03-03193,3,2026-07-10 14:34:31,1500.0,Pharmacy,30031,Card,DEV-03-3,Android,Chennai,14,4,0,18.32,35,701.89,404.87,32,456,3129,0,0,0,0.0,0,
TXN03-03194,3,2026-07-10 14:40:57,1141.27,Grocery,30002,Card,DEV-03-1,Android,Chennai,14,4,0,6.43,36,704.0,406.4,196,1069,3130,0,0,0,0.0,0,
TXN03-03195,3,2026-07-10 14:42:05,1500.0,Household,30005,UPI,DEV-03-1,Android,Chennai,14,4,0,1.13,37,705.15,406.48,140,1070,3131,0,0,0,0.0,0,
TXN03-03196,3,2026-07-10 14:49:07,341.17,Household,30075,Card,DEV-03-1,Android,Chennai,14,4,0,7.03,38,707.24,407.98,3,1071,3132,0,0,0,0.0,0,
TXN03-03197,3,2026-07-10 14:52:29,934.67,Pharmacy,30049,UPI,DEV-03-5,iPhone,Chennai,14,4,0,3.37,39,707.0,408.17,16,210,3133,0,0,0,0.0,0,
TXN03-03198,3,2026-07-10 15:12:12,977.57,Pharmacy,30008,Card,DEV-03-1,Android,Chennai,15,4,0,19.72,40,706.39,408.96,356,1072,3134,0,0,0,0.0,0,
TXN03-03199,3,2026-07-10 15:16:13,163.74,Grocery,30019,UPI,DEV-03-2,Android,Chennai,15,4,0,4.02,41,707.1,408.66,50,646,3135,0,0,0,0.0,0,
TXN03-03200,3,2026-07-10 15:20:36,1358.53,Grocery,30006,UPI,DEV-03-2,Android,Chennai,15,4,0,4.38,42,705.67,409.07,87,647,3136,0,0,0,0.0,0,
TXN03-03201,3,2026-07-10 15:27:17,409.99,Grocery,30001,UPI,DEV-03-5,iPhone,Chennai,15,4,0,6.68,43,707.39,409.89,418,211,3137,0,0,0,0.0,0,
TXN03-03202,3,2026-07-10 15:33:51,467.92,Grocery,30092,UPI,DEV-03-3,Android,Chennai,15,4,0,6.57,44,704.44,409.13,4,457,3138,0,0,0,0.0,0,
TXN03-03203,3,2026-07-10 15:50:54,570.85,Grocery,30006,UPI,DEV-03-7,iPhone,Chennai,15,4,0,17.05,45,702.33,408.22,88,115,3139,0,0,0,0.0,0,
TXN03-03204,3,2026-07-10 15:57:14,324.42,Grocery,30002,Card,DEV-03-7,iPhone,Chennai,15,4,0,6.33,46,701.98,407.74,197,116,3140,0,0,0,0.0,0,
TXN03-03205,3,2026-07-10 16:05:50,411.74,Household,30017,Card,DEV-03-1,Android,Chennai,16,4,0,8.6,47,702.11,407.62,28,1073,3141,0,0,0,0.0,0,
TXN03-03206,3,2026-07-10 16:19:50,528.22,Grocery,30002,Card,DEV-03-1,Android,Chennai,16,4,0,14.0,48,701.84,407.77,198,1074,3142,0,0,0,0.0,0,
TXN03-03207,3,2026-07-10 16:20:17,449.36,Pharmacy,30066,Card,DEV-03-7,iPhone,Chennai,16,4,0,0.45,49,701.38,407.33,10,117,3143,0,0,0,0.0,0,
TXN03-03208,3,2026-07-10 16:29:32,703.24,Pharmacy,30032,UPI,DEV-03-1,Android,Chennai,16,4,0,9.25,50,700.7,407.54,36,1075,3144,0,0,0,0.0,0,
TXN03-03209,3,2026-07-10 17:04:21,665.2,Grocery,30003,UPI,DEV-03-1,Android,Chennai,17,4,0,34.82,51,700.77,408.09,123,1076,3145,0,0,0,0.0,0,
TXN03-03210,3,2026-07-10 17:25:19,467.77,Grocery,30071,Card,DEV-03-2,Android,Chennai,17,4,0,20.97,52,700.68,407.55,5,648,3146,0,0,0,0.0,0,
TXN03-03211,3,2026-07-10 17:37:10,225.11,Grocery,30033,Card,DEV-03-2,Android,Chennai,17,4,0,11.85,53,700.06,407.19,22,649,3147,0,0,0,0.0,0,
TXN03-03212,3,2026-07-10 18:16:56,1115.53,Household,30064,Card,DEV-03-1,Android,Chennai,18,4,0,39.77,54,703.56,407.34,8,1077,3148,0,0,0,0.0,0,
TXN03-03213,3,2026-07-10 18:28:49,1405.58,Pharmacy,30008,UPI,DEV-03-1,Android,Chennai,18,4,0,11.88,55,703.36,407.84,357,1078,3149,0,0,0,0.0,0,
TXN03-03214,3,2026-07-10 18:35:05,827.05,Grocery,30071,UPI,DEV-03-8,Web,Chennai,18,4,0,6.27,56,705.23,408.9,6,53,3150,0,0,0,0.0,0,
TXN03-03215,3,2026-07-10 18:43:45,334.9,Household,30013,Card,DEV-03-5,iPhone,Chennai,18,4,0,8.67,57,705.46,407.89,36,212,3151,0,0,0,0.0,0,
TXN03-03216,3,2026-07-10 18:46:35,513.79,Household,30077,Card,DEV-03-3,Android,Chennai,18,4,0,2.83,58,704.47,407.79,6,458,3152,0,0,0,0.0,0,
TXN03-03217,3,2026-07-10 18:47:22,1153.33,Pharmacy,30040,UPI,DEV-03-2,Android,Chennai,18,4,0,0.78,59,703.97,407.37,21,650,3153,0,0,0,0.0,0,
TXN03-03218,3,2026-07-10 18:47:26,460.79,Grocery,30033,UPI,DEV-03-3,Android,Chennai,18,4,0,0.07,60,705.16,407.49,23,459,3154,0,0,0,0.0,0,
TXN03-03219,3,2026-07-10 18:48:01,395.52,Grocery,30001,UPI,DEV-03-4,Web,Chennai,18,4,0,0.58,61,704.51,407.14,419,318,3155,0,0,0,0.0,0,
TXN03-03220,3,2026-07-10 19:02:50,270.66,Grocery,30081,UPI,DEV-03-5,iPhone,Chennai,19,4,0,14.82,62,703.7,406.91,4,213,3156,0,0,0,0.0,0,
TXN03-03221,3,2026-07-10 19:06:00,1457.01,Pharmacy,30065,Card,DEV-03-7,iPhone,Chennai,19,4,0,3.17,63,702.56,406.98,8,118,3157,0,0,0,0.0,0,
TXN03-03222,3,2026-07-10 19:08:13,1251.94,Household,30012,UPI,DEV-03-6,Web,Chennai,19,4,0,2.22,64,704.54,408.27,50,148,3158,0,0,0,0.0,0,
TXN03-03223,3,2026-07-10 19:14:42,363.06,Grocery,30084,Card,DEV-03-2,Android,Chennai,19,4,0,6.48,65,705.97,408.7,4,651,3159,0,0,0,0.0,0,
TXN03-03224,3,2026-07-10 19:22:55,246.53,Pharmacy,30023,Card,DEV-03-3,Android,Chennai,19,4,0,8.22,66,705.44,409.01,110,460,3160,0,0,0,0.0,0,
TXN03-03225,3,2026-07-10 19:26:16,394.04,Grocery,30041,Card,DEV-03-2,Android,Chennai,19,4,0,3.35,67,705.45,409.0,11,652,3161,0,0,0,0.0,0,
TXN03-03226,3,2026-07-10 19:27:57,1114.77,Pharmacy,30008,UPI,DEV-03-1,Android,Chennai,19,4,0,1.68,68,704.64,408.77,358,1079,3162,0,0,0,0.0,0,
TXN03-03227,3,2026-07-10 19:31:58,829.5,Grocery,30106,Card,DEV-03-3,Android,Chennai,19,4,0,4.02,69,705.71,408.77,1,461,3163,0,0,1,0.0,0,
TXN03-03228,3,2026-07-10 19:47:23,1500.0,Grocery,30019,UPI,DEV-03-3,Android,Chennai,19,4,0,15.42,70,707.93,408.36,51,462,3164,0,0,0,0.0,0,
TXN03-03229,3,2026-07-10 19:50:43,291.59,Household,30009,Card,DEV-03-2,Android,Chennai,19,4,0,3.33,71,709.99,409.82,105,653,3165,0,0,0,0.0,0,
TXN03-03230,3,2026-07-10 19:57:55,637.33,Household,30107,Card,DEV-03-2,Android,Chennai,19,4,0,7.2,72,708.9,409.84,1,654,3166,0,0,1,0.0,0,
TXN03-03231,3,2026-07-10 19:59:10,446.2,Household,30016,Card,DEV-03-2,Android,Chennai,19,4,0,1.25,73,708.72,409.32,39,655,3167,0,0,0,0.0,0,
TXN03-03232,3,2026-07-11 00:13:33,659.83,Fuel,30001,UPI,DEV-03-1,Android,Chennai,0,5,1,254.38,1,706.11,407.77,420,1080,3168,0,0,0,0.0,1,midnight_fuel
TXN03-03233,3,2026-07-11 08:02:31,1344.62,Household,30005,UPI,DEV-03-2,Android,Chennai,8,5,1,468.97,2,705.99,407.25,141,656,3169,0,0,0,0.0,0,
TXN03-03234,3,2026-07-11 08:07:55,392.26,Pharmacy,30023,Card,DEV-03-1,Android,Chennai,8,5,1,5.4,3,707.63,408.01,111,1081,3170,0,0,0,0.0,0,
TXN03-03235,3,2026-07-11 08:15:59,1232.9,Grocery,30033,Card,DEV-03-3,Android,Chennai,8,5,1,8.07,4,706.82,407.8,24,463,3171,0,0,0,0.0,0,
TXN03-03236,3,2026-07-11 08:20:13,903.86,Grocery,30097,UPI,DEV-03-1,Android,Chennai,8,5,1,4.23,5,708.17,408.14,2,1082,3172,0,0,0,0.0,0,
TXN03-03237,3,2026-07-11 08:20:56,506.16,Grocery,30001,Card,DEV-03-1,Android,Chennai,8,5,1,0.72,6,708.67,407.74,421,1083,3173,0,0,0,0.0,0,
TXN03-03238,3,2026-07-11 08:31:21,786.89,Pharmacy,30054,UPI,DEV-03-2,Android,Chennai,8,5,1,10.42,7,708.15,407.35,6,657,3174,0,0,0,0.0,0,
TXN03-03239,3,2026-07-11 08:36:33,1003.08,Grocery,30108,UPI,DEV-03-40,Web,Chennai,8,5,1,5.2,8,708.35,406.85,1,1,3175,1,0,1,0.0,0,
TXN03-03240,3,2026-07-11 08:52:19,687.49,Household,30009,UPI,DEV-03-4,Web,Chennai,8,5,1,15.77,9,707.85,406.37,106,319,3176,0,0,0,0.0,0,
TXN03-03241,3,2026-07-11 09:09:37,1035.99,Household,30013,UPI,DEV-03-1,Android,Chennai,9,5,1,17.3,10,707.8,405.86,37,1084,3177,0,0,0,0.0,0,
TXN03-03242,3,2026-07-11 09:13:39,521.8,Pharmacy,30035,UPI,DEV-03-3,Android,Chennai,9,5,1,4.03,11,708.63,405.68,23,464,3178,0,0,0,0.0,0,
TXN03-03243,3,2026-07-11 09:14:58,1154.08,Household,30038,Card,DEV-03-2,Android,Chennai,9,5,1,1.32,12,708.16,405.28,12,658,3179,0,0,0,0.0,1,ato_higher_amount
TXN03-03244,3,2026-07-11 09:20:07,786.71,Pharmacy,30078,UPI,DEV-03-1,Android,Chennai,9,5,1,5.15,13,711.18,405.43,9,1085,3180,0,0,0,0.0,0,
TXN03-03245,3,2026-07-11 09:20:53,469.02,Grocery,30062,Card,DEV-03-4,Web,Chennai,9,5,1,0.77,14,711.37,404.94,9,320,3181,0,0,0,0.0,0,
TXN03-03246,3,2026-07-11 09:26:02,376.63,Household,30004,UPI,DEV-03-3,Android,Chennai,9,5,1,5.15,15,710.76,404.61,275,465,3182,0,0,0,0.0,0,
TXN03-03247,3,2026-07-11 09:35:02,309.81,Household,30013,UPI,DEV-03-1,Android,Chennai,9,5,1,9.0,16,710.63,404.71,38,1086,3183,0,0,0,0.0,0,
TXN03-03248,3,2026-07-11 09:44:20,759.05,Grocery,30027,Card,DEV-03-6,Web,Chennai,9,5,1,9.3,17,707.64,403.26,15,149,3184,0,0,0,0.0,0,
TXN03-03249,3,2026-07-11 10:13:29,585.33,Household,30005,Card,DEV-03-6,Web,Chennai,10,5,1,29.15,18,708.76,403.36,142,150,3185,0,0,0,0.0,0,
TXN03-03250,3,2026-07-11 10:21:19,417.23,Pharmacy,30044,UPI,DEV-03-2,Android,Chennai,10,5,1,7.83,19,708.92,403.3,20,659,3186,0,0,0,0.0,0,
TXN03-03251,3,2026-07-11 10:27:56,656.55,Grocery,30002,Card,DEV-03-1,Android,Chennai,10,5,1,6.62,20,707.26,403.14,199,1087,3187,0,0,0,0.0,0,
TXN03-03252,3,2026-07-11 10:31:53,324.14,Household,30009,UPI,DEV-03-11,Web,Chennai,10,5,1,3.95,21,707.14,402.65,107,24,3188,0,0,0,0.0,0,
TXN03-03253,3,2026-07-11 10:53:44,1284.7,Grocery,30062,Card,DEV-03-2,Android,Chennai,10,5,1,21.85,22,706.18,402.6,10,660,3189,0,0,0,0.0,0,
TXN03-03254,3,2026-07-11 10:58:50,482.48,Pharmacy,30008,UPI,DEV-03-3,Android,Chennai,10,5,1,5.1,23,707.62,403.13,359,466,3190,0,0,0,0.0,0,
TXN03-03255,3,2026-07-11 11:14:19,616.68,Household,30060,UPI,DEV-03-2,Android,Chennai,11,5,1,15.48,24,708.18,402.66,12,661,3191,0,0,0,0.0,0,
TXN03-03256,3,2026-07-11 11:28:26,158.73,Household,30168,UPI,DEV-03-2,Android,Chennai,11,5,1,14.12,25,705.97,400.73,1,662,3192,0,0,1,0.0,1,ato_new_merchant_same_category
TXN03-03257,3,2026-07-11 11:33:39,479.14,Household,30021,Card,DEV-03-2,Android,Chennai,11,5,1,5.22,26,704.61,401.16,25,663,3193,0,0,0,0.0,0,
TXN03-03258,3,2026-07-11 11:34:55,427.65,Household,30012,Card,DEV-03-1,Android,Chennai,11,5,1,1.27,27,704.05,400.82,51,1088,3194,0,0,0,0.0,0,
TXN03-03259,3,2026-07-11 11:45:12,543.78,Household,30009,UPI,DEV-03-2,Android,Chennai,11,5,1,10.28,28,704.38,400.53,108,664,3195,0,0,0,0.0,0,
TXN03-03260,3,2026-07-11 12:06:16,1069.29,Pharmacy,30023,Card,DEV-03-1,Android,Chennai,12,5,1,21.07,29,704.19,400.59,112,1089,3196,0,0,0,0.0,0,
TXN03-03261,3,2026-07-11 12:16:24,563.78,Household,30086,UPI,DEV-03-2,Android,Chennai,12,5,1,10.13,30,705.83,400.73,2,665,3197,0,0,0,0.0,0,
TXN03-03262,3,2026-07-11 12:51:18,721.56,Household,30004,Card,DEV-03-3,Android,Chennai,12,5,1,34.9,31,705.52,400.63,276,467,3198,0,0,0,0.0,0,
TXN03-03263,3,2026-07-11 13:06:14,1500.0,Grocery,30085,UPI,DEV-03-3,Android,Chennai,13,5,1,14.93,32,705.56,400.12,5,468,3199,0,0,0,0.0,0,
TXN03-03264,3,2026-07-11 13:14:57,1500.0,Grocery,30003,Card,DEV-03-5,iPhone,Chennai,13,5,1,8.72,33,707.55,401.59,124,214,3200,0,0,0,0.0,0,
TXN03-03265,3,2026-07-11 13:36:37,298.89,Grocery,30051,Card,DEV-03-2,Android,Chennai,13,5,1,21.67,34,709.53,403.04,6,666,3201,0,0,0,0.0,0,
TXN03-03266,3,2026-07-11 13:40:06,679.66,Pharmacy,30008,Card,DEV-03-9,Web,Chennai,13,5,1,3.48,35,708.51,403.06,360,33,3202,0,0,0,0.0,0,
TXN03-03267,3,2026-07-11 13:51:37,613.23,Grocery,30019,Card,DEV-03-4,Web,Chennai,13,5,1,11.52,36,709.5,402.69,52,321,3203,0,0,0,0.0,0,
TXN03-03268,3,2026-07-11 13:51:49,788.67,Grocery,30007,UPI,DEV-03-2,Android,Chennai,13,5,1,0.2,37,709.26,402.21,67,667,3204,0,0,0,0.0,0,
TXN03-03269,3,2026-07-11 13:52:10,573.88,Grocery,30001,UPI,DEV-03-8,Web,Chennai,13,5,1,0.35,38,709.46,401.73,422,54,3205,0,0,0,0.0,0,
TXN03-03270,3,2026-07-11 14:03:31,1357.34,Household,30064,UPI,DEV-03-1,Android,Chennai,14,5,1,11.35,39,709.12,401.29,9,1090,3206,0,0,0,0.0,0,
TXN03-03271,3,2026-07-11 14:10:32,829.6,Grocery,30001,Card,DEV-03-8,Web,Chennai,14,5,1,7.02,40,710.73,402.09,423,55,3207,0,0,0,0.0,0,
TXN03-03272,3,2026-07-11 14:11:42,1498.41,Household,30005,Card,DEV-03-1,Android,Chennai,14,5,1,1.17,41,711.02,401.63,143,1091,3208,0,0,0,0.0,0,
TXN03-03273,3,2026-07-11 14:21:56,555.15,Pharmacy,30025,Card,DEV-03-1,Android,Chennai,14,5,1,10.23,42,712.96,403.03,72,1092,3209,0,0,0,0.0,0,
TXN03-03274,3,2026-07-11 14:27:51,478.19,Household,30004,Card,DEV-03-2,Android,Chennai,14,5,1,5.92,43,712.57,402.61,277,668,3210,0,0,0,0.0,0,
TXN03-03275,3,2026-07-11 14:32:12,463.79,Grocery,30041,UPI,DEV-03-3,Android,Chennai,14,5,1,4.35,44,712.0,402.28,12,469,3211,0,0,0,0.0,0,
TXN03-03276,3,2026-07-11 14:47:54,303.94,Household,30004,UPI,DEV-03-6,Web,Chennai,14,5,1,15.7,45,711.39,401.98,278,151,3212,0,0,0,0.0,0,
TXN03-03277,3,2026-07-11 15:18:29,308.96,Grocery,30067,Card,DEV-03-2,Android,Chennai,15,5,1,30.58,46,711.34,402.58,5,669,3213,0,0,0,0.0,0,
TXN03-03278,3,2026-07-11 15:20:02,353.11,Grocery,30092,UPI,DEV-03-8,Web,Chennai,15,5,1,1.55,47,710.36,402.58,5,56,3214,0,0,0,0.0,0,
TXN03-03279,3,2026-07-11 15:22:06,497.12,Household,30004,Card,DEV-03-1,Android,Chennai,15,5,1,2.07,48,709.49,402.47,279,1093,3215,0,0,0,0.0,0,
TXN03-03280,3,2026-07-11 15:26:35,490.07,Grocery,30097,Card,DEV-03-2,Android,Chennai,15,5,1,4.48,49,708.97,402.12,3,670,3216,0,0,0,0.0,0,
TXN03-03281,3,2026-07-11 15:28:38,279.91,Pharmacy,30028,UPI,DEV-03-2,Android,Chennai,15,5,1,2.05,50,708.44,401.78,50,671,3217,0,0,0,0.0,0,
TXN03-03282,3,2026-07-11 15:45:06,754.45,Household,30011,Card,DEV-03-3,Android,Chennai,15,5,1,16.47,51,707.4,401.84,59,470,3218,0,0,0,0.0,0,
TXN03-03283,3,2026-07-11 16:15:25,269.14,Grocery,30090,Card,DEV-03-5,iPhone,Chennai,16,5,1,30.32,52,708.18,402.01,4,215,3219,0,0,0,0.0,0,
TXN03-03284,3,2026-07-11 16:31:30,636.0,Grocery,30006,Card,DEV-03-3,Android,Chennai,16,5,1,16.08,53,707.11,402.1,89,471,3220,0,0,0,0.0,0,
TXN03-03285,3,2026-07-11 16:34:27,521.19,Pharmacy,30078,UPI,DEV-03-3,Android,Chennai,16,5,1,2.95,54,706.94,401.63,10,472,3221,0,0,0,0.0,0,
TXN03-03286,3,2026-07-11 16:38:02,636.23,Household,30004,UPI,DEV-03-1,Android,Chennai,16,5,1,3.58,55,706.49,401.25,280,1094,3222,0,0,0,0.0,0,
TXN03-03287,3,2026-07-11 16:58:15,569.59,Pharmacy,30049,Card,DEV-03-3,Android,Chennai,16,5,1,20.22,56,706.38,401.26,17,473,3223,0,0,0,0.0,0,
TXN03-03288,3,2026-07-11 16:58:45,748.26,Grocery,30001,Card,DEV-03-5,iPhone,Chennai,16,5,1,0.5,57,706.06,400.84,424,216,3224,0,0,0,0.0,0,
TXN03-03289,3,2026-07-11 17:33:37,216.49,Household,30060,UPI,DEV-03-3,Android,Chennai,17,5,1,34.87,58,708.07,401.15,13,474,3225,0,0,0,0.0,0,
TXN03-03290,3,2026-07-11 17:40:23,1065.75,Pharmacy,30008,UPI,DEV-03-1,Android,Chennai,17,5,1,6.77,59,707.13,401.85,361,1095,3226,0,0,0,0.0,0,
TXN03-03291,3,2026-07-11 17:56:50,826.34,Grocery,30034,Card,DEV-03-3,Android,Chennai,17,5,1,16.45,60,710.16,402.34,14,475,3227,0,0,0,0.0,0,
TXN03-03292,3,2026-07-11 18:52:10,394.99,Grocery,30001,UPI,DEV-03-8,Web,Chennai,18,5,1,55.33,61,711.93,402.3,425,57,3228,0,0,0,0.0,0,
TXN03-03293,3,2026-07-11 18:54:44,349.03,Pharmacy,30008,UPI,DEV-03-5,iPhone,Chennai,18,5,1,2.57,62,711.17,402.11,362,217,3229,0,0,0,0.0,0,
TXN03-03294,3,2026-07-11 18:56:44,428.95,Grocery,30002,Card,DEV-03-5,iPhone,Chennai,18,5,1,2.0,63,710.29,402.02,200,218,3230,0,0,0,0.0,1,ato_short_gap
TXN03-03295,3,2026-07-11 19:01:19,1250.77,Household,30013,UPI,DEV-03-5,iPhone,Chennai,19,5,1,4.58,64,709.61,401.77,39,219,3231,0,0,0,0.0,0,
TXN03-03296,3,2026-07-11 19:07:29,321.35,Household,30011,UPI,DEV-03-3,Android,Chennai,19,5,1,6.17,65,710.91,402.16,60,476,3232,0,0,0,0.0,0,
TXN03-03297,3,2026-07-11 19:36:01,762.44,Grocery,30003,Card,DEV-03-13,Android,Chennai,19,5,1,28.53,66,710.7,402.89,125,12,3233,0,0,0,0.0,0,
TXN03-03298,3,2026-07-11 19:40:25,397.72,Household,30016,UPI,DEV-03-3,Android,Chennai,19,5,1,4.4,67,709.06,401.28,40,477,3234,0,0,0,0.0,0,
TXN03-03299,3,2026-07-11 23:06:09,1576.5,Airport,30001,UPI,DEV-03-1,Android,Jaipur,23,5,1,205.73,68,705.39,397.15,426,1096,3,0,0,0,1607.1,1,airport_txn
TXN03-03300,3,2026-07-12 08:36:44,363.9,Grocery,30001,UPI,DEV-03-2,Android,Chennai,8,6,1,570.58,1,708.14,398.37,427,672,3235,0,0,0,1607.1,0,
TXN03-03301,3,2026-07-12 08:42:23,663.38,Pharmacy,30031,Card,DEV-03-10,Android,Chennai,8,6,1,5.65,2,707.3,398.24,33,41,3236,0,0,0,0.0,0,
TXN03-03302,3,2026-07-12 08:51:08,239.2,Grocery,30068,UPI,DEV-03-1,Android,Chennai,8,6,1,8.75,3,707.91,397.81,8,1097,3237,0,0,0,0.0,0,
TXN03-03303,3,2026-07-12 09:06:25,373.79,Household,30004,UPI,DEV-03-2,Android,Chennai,9,6,1,15.28,4,704.84,396.54,281,673,3238,0,0,0,0.0,0,
TXN03-03304,3,2026-07-12 09:20:29,1081.81,Household,30021,UPI,DEV-03-4,Web,Chennai,9,6,1,14.07,5,704.03,396.4,26,322,3239,0,0,0,0.0,0,
TXN03-03305,3,2026-07-12 09:38:25,604.91,Household,30009,UPI,DEV-03-3,Android,Chennai,9,6,1,17.93,6,707.2,395.96,109,478,3240,0,0,0,0.0,0,
TXN03-03306,3,2026-07-12 09:42:16,1061.57,Household,30024,Card,DEV-03-1,Android,Chennai,9,6,1,3.85,7,707.21,395.96,20,1098,3241,0,0,0,0.0,0,
TXN03-03307,3,2026-07-12 09:46:20,444.6,Grocery,30101,UPI,DEV-03-5,iPhone,Chennai,9,6,1,4.07,8,708.07,395.87,2,220,3242,0,0,0,0.0,0,
TXN03-03308,3,2026-07-12 09:56:23,168.1,Grocery,30034,Card,DEV-03-2,Android,Chennai,9,6,1,10.05,9,707.43,395.6,15,674,3243,0,0,0,0.0,0,
TXN03-03309,3,2026-07-12 10:41:23,855.47,Pharmacy,30008,UPI,DEV-03-1,Android,Chennai,10,6,1,45.0,10,706.58,395.68,363,1099,3244,0,0,0,0.0,0,
TXN03-03310,3,2026-07-12 10:42:40,674.75,Pharmacy,30028,UPI,DEV-03-1,Android,Chennai,10,6,1,1.28,11,706.95,395.26,51,1100,3245,0,0,0,0.0,0,
TXN03-03311,3,2026-07-12 10:43:50,409.46,Grocery,30087,UPI,DEV-03-3,Android,Chennai,10,6,1,1.17,12,706.87,394.78,3,479,3246,0,0,0,0.0,0,
TXN03-03312,3,2026-07-12 10:55:48,693.07,Pharmacy,30058,Card,DEV-03-2,Android,Chennai,10,6,1,11.97,13,706.14,394.57,6,675,3247,0,0,0,0.0,0,
TXN03-03313,3,2026-07-12 11:04:45,1280.09,Pharmacy,30032,UPI,DEV-03-1,Android,Chennai,11,6,1,8.95,14,706.11,394.09,37,1101,3248,0,0,0,0.0,0,
TXN03-03314,3,2026-07-12 11:05:50,444.03,Grocery,30109,Card,DEV-03-5,iPhone,Chennai,11,6,1,1.08,15,707.5,394.63,1,221,3249,0,0,1,0.0,0,
TXN03-03315,3,2026-07-12 11:08:11,586.64,Household,30004,UPI,DEV-03-2,Android,Chennai,11,6,1,2.35,16,706.87,394.36,282,676,3250,0,0,0,0.0,0,
TXN03-03316,3,2026-07-12 11:10:45,245.6,Household,30110,UPI,DEV-03-15,Android,Chennai,11,6,1,2.57,17,706.58,393.93,1,7,3251,0,0,1,0.0,0,
TXN03-03317,3,2026-07-12 11:13:39,948.99,Pharmacy,30032,Card,DEV-03-2,Android,Chennai,11,6,1,2.9,18,705.47,394.1,38,677,3252,0,0,0,0.0,0,
TXN03-03318,3,2026-07-12 11:25:47,1500.0,Household,30005,Card,DEV-03-6,Web,Chennai,11,6,1,12.13,19,705.53,394.14,144,152,3253,0,0,0,0.0,0,
TXN03-03319,3,2026-07-12 11:46:35,284.79,Grocery,30092,UPI,DEV-03-2,Android,Chennai,11,6,1,20.8,20,708.08,395.85,6,678,3254,0,0,0,0.0,0,
TXN03-03320,3,2026-07-12 12:06:37,1325.39,Household,30004,Card,DEV-03-1,Android,Chennai,12,6,1,20.03,21,707.62,396.23,283,1102,3255,0,0,0,0.0,0,
TXN03-03321,3,2026-07-12 12:18:49,841.86,Pharmacy,30008,UPI,DEV-03-1,Android,Chennai,12,6,1,12.2,22,709.1,396.91,364,1103,3256,0,0,0,0.0,0,
TXN03-03322,3,2026-07-12 12:49:04,732.04,Grocery,30010,Card,DEV-03-2,Android,Chennai,12,6,1,30.25,23,709.42,396.49,75,679,3257,0,0,0,0.0,0,
TXN03-03323,3,2026-07-12 13:03:29,327.08,Household,30011,UPI,DEV-03-7,iPhone,Chennai,13,6,1,14.42,24,708.9,396.31,61,119,3258,0,0,0,0.0,0,
TXN03-03324,3,2026-07-12 13:23:02,950.97,Grocery,30002,UPI,DEV-03-3,Android,Chennai,13,6,1,19.55,25,707.26,396.48,201,480,3259,0,0,0,0.0,0,
TXN03-03325,3,2026-07-12 13:28:26,690.95,Grocery,30014,UPI,DEV-03-2,Android,Chennai,13,6,1,5.4,26,706.46,395.64,59,680,3260,0,0,0,0.0,0,
TXN03-03326,3,2026-07-12 13:54:18,1500.0,Grocery,30014,Card,DEV-03-6,Web,Chennai,13,6,1,25.87,27,706.42,395.17,60,153,3261,0,0,0,0.0,0,
TXN03-03327,3,2026-07-12 14:02:08,1177.31,Grocery,30002,UPI,DEV-03-4,Web,Chennai,14,6,1,7.83,28,709.11,396.74,202,323,3262,0,0,0,0.0,0,
TXN03-03328,3,2026-07-12 14:10:11,1295.46,Pharmacy,30008,UPI,DEV-03-4,Web,Chennai,14,6,1,8.05,29,710.22,396.92,365,324,3263,0,0,0,0.0,0,
TXN03-03329,3,2026-07-12 14:11:58,651.07,Household,30045,Card,DEV-03-5,iPhone,Chennai,14,6,1,1.78,30,711.62,397.47,13,222,3264,0,0,0,0.0,0,
TXN03-03330,3,2026-07-12 14:22:45,310.76,Household,30004,UPI,DEV-03-1,Android,Chennai,14,6,1,10.78,31,711.02,397.38,284,1104,3265,0,0,0,0.0,0,
TXN03-03331,3,2026-07-12 15:00:46,991.91,Household,30012,UPI,DEV-03-2,Android,Chennai,15,6,1,38.02,32,707.72,396.33,52,681,3266,0,0,0,0.0,0,
TXN03-03332,3,2026-07-12 15:09:41,323.03,Pharmacy,30065,Card,DEV-03-2,Android,Chennai,15,6,1,8.92,33,709.44,396.0,9,682,3267,0,0,0,0.0,0,
TXN03-03333,3,2026-07-12 15:15:34,369.57,Grocery,30027,UPI,DEV-03-2,Android,Chennai,15,6,1,5.88,34,707.37,395.75,16,683,3268,0,0,0,0.0,0,
TXN03-03334,3,2026-07-12 15:39:43,229.64,Grocery,30085,UPI,DEV-03-4,Web,Chennai,15,6,1,24.15,35,702.49,393.79,6,325,3269,0,0,0,0.0,0,
TXN03-03335,3,2026-07-12 15:43:34,1056.99,Grocery,30027,Card,DEV-03-41,Web,Chennai,15,6,1,3.85,36,701.36,393.99,17,1,3270,1,0,0,0.0,0,
TXN03-03336,3,2026-07-12 15:47:11,533.06,Grocery,30001,UPI,DEV-03-1,Android,Chennai,15,6,1,3.62,37,702.21,393.9,428,1105,3271,0,0,0,0.0,0,
TXN03-03337,3,2026-07-12 15:50:38,750.0,Gaming Subscription,30001,UPI,DEV-03-1,Android,Chennai,15,6,1,3.45,38,701.8,393.52,429,1106,3272,0,0,0,0.0,1,gaming_subscription
TXN03-03338,3,2026-07-12 16:06:08,455.9,Household,30009,UPI,DEV-03-6,Web,Chennai,16,6,1,15.5,39,701.92,393.06,110,154,3273,0,0,0,0.0,0,
TXN03-03339,3,2026-07-12 16:06:27,547.23,Grocery,30014,Card,DEV-03-7,iPhone,Chennai,16,6,1,0.32,40,701.33,392.77,61,120,3274,0,0,0,0.0,0,
TXN03-03340,3,2026-07-12 16:52:05,358.08,Grocery,30022,Card,DEV-03-1,Android,Chennai,16,6,1,45.63,41,700.97,392.38,35,1107,3275,0,0,0,0.0,0,
TXN03-03341,3,2026-07-12 17:13:58,1092.05,Grocery,30020,UPI,DEV-03-4,Web,Chennai,17,6,1,21.88,42,700.41,392.7,27,326,3276,0,0,0,0.0,0,
TXN03-03342,3,2026-07-12 17:14:32,274.02,Household,30004,Card,DEV-03-9,Web,Chennai,17,6,1,0.57,43,701.34,392.69,285,34,3277,0,0,0,0.0,0,
TXN03-03343,3,2026-07-12 17:27:34,1500.0,Household,30009,Card,DEV-03-5,iPhone,Chennai,17,6,1,13.03,44,700.33,392.78,111,223,3278,0,0,0,0.0,0,
TXN03-03344,3,2026-07-12 18:13:27,1430.61,Grocery,30001,UPI,DEV-03-6,Web,Chennai,18,6,1,45.88,45,701.88,394.6,430,155,3279,0,0,0,0.0,0,
TXN03-03345,3,2026-07-12 18:14:34,152.19,Grocery,30007,UPI,DEV-03-6,Web,Chennai,18,6,1,1.12,46,703.61,395.72,68,156,3280,0,0,0,0.0,0,
TXN03-03346,3,2026-07-12 18:22:38,676.88,Grocery,30015,UPI,DEV-03-2,Android,Chennai,18,6,1,8.07,47,702.3,396.16,43,684,3281,0,0,0,0.0,0,
TXN03-03347,3,2026-07-12 18:22:44,749.51,Grocery,30002,Card,DEV-03-3,Android,Chennai,18,6,1,0.1,48,702.24,395.7,203,481,3282,0,0,0,0.0,0,
TXN03-03348,3,2026-07-12 18:22:50,563.89,Pharmacy,30008,UPI,DEV-03-2,Android,Chennai,18,6,1,0.1,49,702.36,395.24,366,685,3283,0,0,0,0.0,0,
TXN03-03349,3,2026-07-12 18:24:43,592.26,Grocery,30018,UPI,DEV-03-1,Android,Chennai,18,6,1,1.88,50,702.03,394.83,44,1108,3284,0,0,0,0.0,0,
TXN03-03350,3,2026-07-12 18:53:44,703.31,Grocery,30111,UPI,DEV-03-4,Web,Chennai,18,6,1,29.02,51,700.36,393.54,1,327,3285,0,0,1,0.0,0,
TXN03-03351,3,2026-07-12 18:54:15,1025.54,Grocery,30112,Card,DEV-03-1,Android,Chennai,18,6,1,0.52,52,700.37,393.08,1,1109,3286,0,0,1,0.0,0,
TXN03-03352,3,2026-07-12 18:55:00,998.56,Grocery,30090,UPI,DEV-03-1,Android,Chennai,18,6,1,0.75,53,701.13,392.94,5,1110,3287,0,0,0,0.0,0,
TXN03-03353,3,2026-07-12 19:51:14,339.38,Household,30079,UPI,DEV-03-1,Android,Chennai,19,6,1,56.23,54,702.42,393.0,3,1111,3288,0,0,0,0.0,0,
TXN03-03354,3,2026-07-12 19:55:04,798.47,Household,30009,UPI,DEV-03-1,Android,Chennai,19,6,1,3.83,55,702.92,393.33,112,1112,3289,0,0,0,0.0,0,
TXN03-03355,3,2026-07-13 08:16:52,443.35,Pharmacy,30008,Card,DEV-03-7,iPhone,Chennai,8,0,0,741.8,1,704.21,393.34,367,121,3290,0,0,0,0.0,0,
TXN03-03356,3,2026-07-13 08:22:11,1002.5,Pharmacy,30008,UPI,DEV-03-1,Android,Chennai,8,0,0,5.32,2,703.59,393.08,368,1113,3291,0,0,0,0.0,0,
TXN03-03357,3,2026-07-13 08:26:39,1500.0,Grocery,30088,Card,DEV-03-2,Android,Chennai,8,0,0,4.47,3,704.29,392.88,2,686,3292,0,0,0,0.0,0,
TXN03-03358,3,2026-07-13 08:37:20,1239.26,Household,30073,UPI,DEV-03-8,Web,Chennai,8,0,0,10.68,4,706.89,394.47,5,58,3293,0,0,0,0.0,0,
TXN03-03359,3,2026-07-13 08:43:11,433.62,Grocery,30057,Card,DEV-03-13,Android,Chennai,8,0,0,5.85,5,708.13,394.85,4,13,3294,0,0,0,0.0,0,
TXN03-03360,3,2026-07-13 08:48:49,601.82,Grocery,30001,Card,DEV-03-5,iPhone,Chennai,8,0,0,5.63,6,707.57,395.07,431,224,3295,0,0,0,0.0,0,
TXN03-03361,3,2026-07-13 09:14:00,953.65,Grocery,30006,UPI,DEV-03-2,Android,Hyderabad,9,0,0,25.18,7,711.53,394.99,90,687,4,0,0,0,515.24,0,
TXN03-03362,3,2026-07-13 09:45:20,1130.35,Grocery,30001,UPI,DEV-03-1,Android,Chennai,9,0,0,31.33,8,712.99,394.74,432,1114,3296,0,0,0,515.24,0,
TXN03-03363,3,2026-07-13 09:49:53,276.55,Grocery,30003,Card,DEV-03-15,Android,Chennai,9,0,0,4.55,9,713.98,394.79,126,8,3297,0,0,0,0.0,0,
TXN03-03364,3,2026-07-13 09:56:30,365.3,Grocery,30015,UPI,DEV-03-1,Android,Chennai,9,0,0,6.62,10,713.63,395.11,44,1115,3298,0,0,0,0.0,0,
TXN03-03365,3,2026-07-13 09:59:07,1464.57,Pharmacy,30023,Card,DEV-03-7,iPhone,Chennai,9,0,0,2.62,11,713.25,395.37,113,122,3299,0,0,0,0.0,0,
TXN03-03366,3,2026-07-13 10:10:04,1500.0,Household,30016,UPI,DEV-03-1,Android,Chennai,10,0,0,10.95,12,715.02,396.57,41,1116,3300,0,0,0,0.0,0,
TXN03-03367,3,2026-07-13 10:39:46,855.18,Grocery,30001,UPI,DEV-03-5,iPhone,Chennai,10,0,0,29.7,13,719.1,399.31,433,225,3301,0,0,0,0.0,0,
TXN03-03368,3,2026-07-13 11:34:09,1002.92,Household,30011,UPI,DEV-03-5,iPhone,Chennai,11,0,0,54.38,14,720.31,400.51,62,226,3302,0,0,0,0.0,0,
TXN03-03369,3,2026-07-13 11:45:28,1046.59,Household,30093,Card,DEV-03-10,Android,Chennai,11,0,0,11.32,15,720.98,400.27,3,42,3303,0,0,0,0.0,0,
TXN03-03370,3,2026-07-13 12:05:26,322.03,Grocery,30087,Card,DEV-03-3,Android,Chennai,12,0,0,19.97,16,721.76,400.1,4,482,3304,0,0,0,0.0,0,
TXN03-03371,3,2026-07-13 12:09:11,207.41,Grocery,30034,UPI,DEV-03-10,Android,Chennai,12,0,0,3.75,17,720.81,400.1,16,43,3305,0,0,0,0.0,0,
TXN03-03372,3,2026-07-13 12:54:45,763.34,Pharmacy,30025,UPI,DEV-03-8,Web,Chennai,12,0,0,45.57,18,716.55,397.93,73,59,3306,0,0,0,0.0,0,
TXN03-03373,3,2026-07-13 12:56:29,596.69,Grocery,30001,Card,DEV-03-1,Android,Chennai,12,0,0,1.73,19,716.66,397.46,434,1117,3307,0,0,0,0.0,0,
TXN03-03374,3,2026-07-13 13:00:25,1452.96,Grocery,30022,Card,DEV-03-7,iPhone,Chennai,13,0,0,3.93,20,716.38,397.03,36,123,3308,0,0,0,0.0,0,
TXN03-03375,3,2026-07-13 13:25:23,274.25,Grocery,30001,Card,DEV-03-3,Android,Chennai,13,0,0,24.97,21,718.18,399.87,435,483,3309,0,0,0,0.0,0,
TXN03-03376,3,2026-07-13 13:27:31,881.81,Grocery,30108,Card,DEV-03-3,Android,Chennai,13,0,0,2.13,22,717.11,399.98,2,484,3310,0,0,0,0.0,0,
TXN03-03377,3,2026-07-13 14:52:43,362.72,Pharmacy,30025,Card,DEV-03-5,iPhone,Chennai,14,0,0,85.2,23,716.78,398.55,74,227,3311,0,0,0,0.0,0,
TXN03-03378,3,2026-07-13 14:58:56,640.73,Grocery,30002,Card,DEV-03-4,Web,Chennai,14,0,0,6.22,24,715.92,398.45,204,328,3312,0,0,0,0.0,0,
TXN03-03379,3,2026-07-13 15:18:33,913.96,Grocery,30092,UPI,DEV-03-1,Android,Chennai,15,0,0,19.62,25,716.58,399.18,7,1118,3313,0,0,0,0.0,0,
TXN03-03380,3,2026-07-13 15:27:22,1500.0,Household,30005,Card,DEV-03-2,Android,Chennai,15,0,0,8.82,26,717.52,399.19,145,688,3314,0,0,0,0.0,0,
TXN03-03381,3,2026-07-13 17:03:35,977.75,Grocery,30113,UPI,DEV-03-3,Android,Chennai,17,0,0,96.22,27,716.25,387.84,1,485,3315,0,0,1,0.0,0,
TXN03-03382,3,2026-07-13 17:28:04,384.72,Household,30036,Card,DEV-03-3,Android,Chennai,17,0,0,24.48,28,718.72,388.42,17,486,3316,0,0,0,0.0,0,
TXN03-03383,3,2026-07-13 17:32:47,931.21,Pharmacy,30046,UPI,DEV-03-1,Android,Chennai,17,0,0,4.72,29,717.9,388.3,9,1119,3317,0,0,0,0.0,0,
TXN03-03384,3,2026-07-13 18:55:35,1500.0,Household,30009,UPI,DEV-03-13,Android,Chennai,18,0,0,82.8,30,719.25,388.86,113,14,3318,0,0,0,0.0,0,
TXN03-03385,3,2026-07-13 19:08:08,765.13,Pharmacy,30049,UPI,DEV-03-3,Android,Chennai,19,0,0,12.55,31,721.55,390.77,18,487,3319,0,0,0,0.0,0,
TXN03-03386,3,2026-07-13 19:33:22,635.45,Household,30004,UPI,DEV-03-3,Android,Chennai,19,0,0,25.23,32,723.78,390.0,286,488,3320,0,0,0,0.0,0,
TXN03-03387,3,2026-07-13 19:37:03,459.64,Grocery,30001,UPI,DEV-03-5,iPhone,Chennai,19,0,0,3.68,33,723.56,389.53,436,228,3321,0,0,0,0.0,0,
TXN03-03388,3,2026-07-13 19:57:11,369.95,Grocery,30002,UPI,DEV-03-5,iPhone,Chennai,19,0,0,20.13,34,724.1,391.17,205,229,3322,0,0,0,0.0,0,
TXN03-03389,3,2026-07-13 21:22:15,491.48,Household,30174,Card,DEV-UNK-2247,iPhone,Chennai,21,0,0,85.07,35,722.26,388.69,2,1,3323,1,0,0,0.0,1,ato_new_device_odd_hour
TXN03-03390,3,2026-07-14 00:56:45,553.84,Fuel,30001,UPI,DEV-03-1,Android,Chennai,0,1,0,214.5,1,721.67,388.36,437,1120,3324,0,0,0,0.0,1,midnight_fuel
TXN03-03391,3,2026-07-14 08:10:22,806.04,Household,30012,Card,DEV-03-1,Android,Chennai,8,1,0,433.62,2,721.24,387.96,53,1121,3325,0,0,0,0.0,0,
TXN03-03392,3,2026-07-14 08:27:34,792.07,Household,30050,Card,DEV-03-1,Android,Chennai,8,1,0,17.2,3,722.26,387.66,10,1122,3326,0,0,0,0.0,0,
TXN03-03393,3,2026-07-14 09:24:56,1500.0,Grocery,30098,UPI,DEV-03-4,Web,Chennai,9,1,0,57.37,4,723.82,386.7,3,329,3327,0,0,0,0.0,0,
TXN03-03394,3,2026-07-14 09:33:07,1299.61,Grocery,30001,Card,DEV-03-3,Android,Chennai,9,1,0,8.18,5,726.42,388.95,438,489,3328,0,0,0,0.0,0,
TXN03-03395,3,2026-07-14 09:34:29,589.19,Grocery,30037,Card,DEV-03-7,iPhone,Chennai,9,1,0,1.37,6,727.88,389.52,17,124,3329,0,0,0,0.0,0,
TXN03-03396,3,2026-07-14 09:48:54,940.34,Pharmacy,30028,UPI,DEV-03-2,Android,Chennai,9,1,0,14.42,7,727.08,389.49,52,689,3330,0,0,0,0.0,0,
TXN03-03397,3,2026-07-14 09:49:45,781.93,Household,30012,UPI,DEV-03-1,Android,Chennai,9,1,0,0.85,8,727.63,389.14,54,1123,3331,0,0,0,0.0,0,
TXN03-03398,3,2026-07-14 10:11:48,1156.45,Pharmacy,30023,Card,DEV-03-1,Android,Chennai,10,1,0,22.05,9,727.76,388.66,114,1124,3332,0,0,0,0.0,0,
TXN03-03399,3,2026-07-14 10:49:31,140.87,Pharmacy,30065,Card,DEV-03-17,Android,Chennai,10,1,0,37.72,10,728.95,389.25,10,3,3333,0,0,0,0.0,0,
TXN03-03400,3,2026-07-14 11:09:34,792.66,Grocery,30041,Card,DEV-03-3,Android,Chennai,11,1,0,20.05,11,726.33,389.72,13,490,3334,0,0,0,0.0,0,
TXN03-03401,3,2026-07-14 11:23:16,642.97,Pharmacy,30008,Card,DEV-03-2,Android,Chennai,11,1,0,13.7,12,726.5,389.24,369,690,3335,0,0,0,0.0,0,
TXN03-03402,3,2026-07-14 11:24:52,524.79,Household,30100,UPI,DEV-03-2,Android,Chennai,11,1,0,1.6,13,726.29,388.77,3,691,3336,0,0,0,0.0,0,
TXN03-03403,3,2026-07-14 11:59:23,1000.08,Household,30016,UPI,DEV-03-10,Android,Chennai,11,1,0,34.52,14,725.78,388.41,42,44,3337,0,0,0,0.0,0,
TXN03-03404,3,2026-07-14 12:08:15,772.21,Pharmacy,30008,Card,DEV-03-2,Android,Chennai,12,1,0,8.87,15,724.53,386.71,370,692,3338,0,0,0,0.0,0,
TXN03-03405,3,2026-07-14 12:41:10,739.26,Pharmacy,30025,Card,DEV-03-1,Android,Chennai,12,1,0,32.92,16,724.65,386.23,75,1125,3339,0,0,0,0.0,0,
TXN03-03406,3,2026-07-14 13:15:58,290.52,Household,30012,UPI,DEV-03-8,Web,Chennai,13,1,0,34.8,17,722.09,384.01,55,60,3340,0,0,0,0.0,0,
TXN03-03407,3,2026-07-14 14:01:53,1321.6,Household,30009,Card,DEV-03-1,Android,Chennai,14,1,0,45.92,18,720.4,382.14,114,1126,3341,0,0,0,0.0,0,
TXN03-03408,3,2026-07-14 14:05:13,456.47,Household,30013,UPI,DEV-03-3,Android,Chennai,14,1,0,3.33,19,722.57,383.56,40,491,3342,0,0,0,0.0,0,
TXN03-03409,3,2026-07-14 14:09:29,485.25,Pharmacy,30058,UPI,DEV-03-6,Web,Chennai,14,1,0,4.27,20,721.9,383.31,7,157,3343,0,0,0,0.0,0,
TXN03-03410,3,2026-07-14 14:28:41,725.84,Household,30016,UPI,DEV-03-1,Android,Chennai,14,1,0,19.2,21,721.44,383.49,43,1127,3344,0,0,0,0.0,0,
TXN03-03411,3,2026-07-14 14:31:25,1465.94,Grocery,30068,UPI,DEV-03-1,Android,Chennai,14,1,0,2.73,22,721.45,383.0,9,1128,3345,0,0,0,0.0,0,
TXN03-03412,3,2026-07-14 14:56:20,603.55,Household,30060,Card,DEV-03-2,Android,Chennai,14,1,0,24.92,23,723.32,384.33,14,693,3346,0,0,0,0.0,0,
TXN03-03413,3,2026-07-14 15:00:31,237.58,Pharmacy,30054,Card,DEV-03-4,Web,Chennai,15,1,0,4.18,24,723.02,383.9,7,330,3347,0,0,0,0.0,0,
TXN03-03414,3,2026-07-14 15:04:26,374.15,Grocery,30010,UPI,DEV-03-2,Android,Chennai,15,1,0,3.92,25,721.81,384.18,76,694,3348,0,0,0,0.0,0,
TXN03-03415,3,2026-07-14 15:15:43,687.97,Pharmacy,30054,Card,DEV-03-8,Web,Chennai,15,1,0,11.28,26,720.19,384.28,8,61,3349,0,0,0,0.0,0,
TXN03-03416,3,2026-07-14 15:24:07,1125.85,Pharmacy,30025,Card,DEV-03-3,Android,Chennai,15,1,0,8.4,27,720.11,383.81,76,492,3350,0,0,0,0.0,0,
TXN03-03417,3,2026-07-14 15:35:10,1317.17,Grocery,30014,Card,DEV-03-3,Android,Chennai,15,1,0,11.05,28,721.13,384.34,62,493,3351,0,0,0,0.0,0,
TXN03-03418,3,2026-07-14 16:23:45,502.91,Grocery,30002,UPI,DEV-03-2,Android,Chennai,16,1,0,48.58,29,722.35,384.51,206,695,3352,0,0,0,0.0,0,
TXN03-03419,3,2026-07-14 16:55:09,1139.43,Grocery,30001,Card,DEV-03-4,Web,Chennai,16,1,0,31.4,30,721.8,384.19,439,331,3353,0,0,0,0.0,0,
TXN03-03420,3,2026-07-14 16:59:10,213.68,Grocery,30002,Card,DEV-03-2,Android,Chennai,16,1,0,4.02,31,722.84,384.27,207,696,3354,0,0,0,0.0,0,
TXN03-03421,3,2026-07-14 17:05:33,864.43,Pharmacy,30023,Card,DEV-03-3,Android,Chennai,17,1,0,6.38,32,721.57,384.63,115,494,3355,0,0,0,0.0,0,
TXN03-03422,3,2026-07-14 17:20:07,1275.3,Grocery,30007,Card,DEV-03-1,Android,Chennai,17,1,0,14.57,33,721.93,384.22,69,1129,3356,0,0,0,0.0,0,
TXN03-03423,3,2026-07-14 17:31:51,1145.89,Grocery,30105,UPI,DEV-03-3,Android,Chennai,17,1,0,11.73,34,720.42,383.03,2,495,3357,0,0,0,0.0,0,
TXN03-03424,3,2026-07-14 17:47:44,272.46,Household,30038,UPI,DEV-03-2,Android,Chennai,17,1,0,15.88,35,721.49,383.14,13,697,3358,0,0,0,0.0,0,
TXN03-03425,3,2026-07-14 17:56:41,592.37,Grocery,30042,Card,DEV-03-6,Web,Chennai,17,1,0,8.95,36,720.71,383.74,9,158,3359,0,0,0,0.0,0,
TXN03-03426,3,2026-07-14 18:18:48,992.17,Pharmacy,30008,UPI,DEV-03-1,Android,Chennai,18,1,0,22.12,37,720.95,383.63,371,1130,3360,0,0,0,0.0,0,
TXN03-03427,3,2026-07-14 18:45:23,1415.33,Grocery,30002,UPI,DEV-03-5,iPhone,Chennai,18,1,0,26.58,38,721.35,383.89,208,230,3361,0,0,0,0.0,0,
TXN03-03428,3,2026-07-14 18:54:23,438.53,Pharmacy,30028,Card,DEV-03-1,Android,Chennai,18,1,0,9.0,39,722.84,384.37,53,1131,3362,0,0,0,0.0,0,
TXN03-03429,3,2026-07-14 19:15:56,245.78,Pharmacy,30023,UPI,DEV-03-1,Android,Chennai,19,1,0,21.55,40,724.0,384.18,116,1132,3363,0,0,0,0.0,0,
TXN03-03430,3,2026-07-14 19:40:09,397.56,Grocery,30067,UPI,DEV-03-1,Android,Chennai,19,1,0,24.22,41,721.25,383.68,6,1133,3364,0,0,0,0.0,0,
TXN03-03431,3,2026-07-14 19:45:42,666.01,Pharmacy,30023,Card,DEV-03-5,iPhone,Chennai,19,1,0,5.55,42,720.44,383.54,117,231,3365,0,0,0,0.0,0,
TXN03-03432,3,2026-07-14 19:53:04,1281.36,Pharmacy,30035,UPI,DEV-03-2,Android,Chennai,19,1,0,7.37,43,720.3,383.07,24,698,3366,0,0,0,0.0,0,
TXN03-03433,3,2026-07-14 20:57:33,863.89,Airport,30001,UPI,DEV-03-1,Android,Surat,20,1,0,64.48,44,721.71,383.62,440,1134,4,0,0,0,1196.79,1,airport_txn
TXN03-03434,3,2026-07-15 00:08:07,841.43,Fuel,30001,UPI,DEV-03-1,Android,Chennai,0,2,0,190.57,1,722.06,383.21,441,1135,3367,0,0,0,1196.79,1,midnight_fuel
TXN03-03435,3,2026-07-15 08:02:57,729.8,Grocery,30010,UPI,DEV-03-9,Web,Chennai,8,2,0,474.83,2,721.67,383.0,77,35,3368,0,0,0,0.0,0,
TXN03-03436,3,2026-07-15 08:27:47,404.84,Grocery,30010,UPI,DEV-03-2,Android,Chennai,8,2,0,24.83,3,722.08,382.92,78,699,3369,0,0,0,0.0,0,
TXN03-03437,3,2026-07-15 08:47:03,742.0,Grocery,30006,UPI,DEV-03-6,Web,Chennai,8,2,0,19.27,4,721.19,384.1,91,159,3370,0,0,0,0.0,0,
TXN03-03438,3,2026-07-15 08:49:56,426.43,Household,30079,Card,DEV-03-1,Android,Chennai,8,2,0,2.88,5,721.24,383.62,4,1136,3371,0,0,0,0.0,0,
TXN03-03439,3,2026-07-15 08:50:03,1167.97,Grocery,30010,UPI,DEV-03-2,Android,Chennai,8,2,0,0.12,6,720.51,383.42,79,700,3372,0,0,0,0.0,0,
TXN03-03440,3,2026-07-15 09:14:45,1343.37,Household,30036,Card,DEV-03-1,Android,Chennai,9,2,0,24.7,7,722.8,382.41,18,1137,3373,0,0,0,0.0,0,
TXN03-03441,3,2026-07-15 09:20:19,499.81,Grocery,30018,Card,DEV-03-2,Android,Chennai,9,2,0,5.57,8,724.36,383.19,45,701,3374,0,0,0,0.0,0,
TXN03-03442,3,2026-07-15 09:32:10,1046.84,Pharmacy,30025,Card,DEV-03-4,Web,Chennai,9,2,0,11.85,9,722.37,382.29,77,332,3375,0,0,0,0.0,0,
TXN03-03443,3,2026-07-15 09:34:06,1267.25,Grocery,30020,UPI,DEV-03-4,Web,Chennai,9,2,0,1.93,10,723.02,382.62,28,333,3376,0,0,0,0.0,0,
TXN03-03444,3,2026-07-15 09:39:18,226.64,Grocery,30001,Card,DEV-03-1,Android,Chennai,9,2,0,5.2,11,724.38,383.11,442,1138,3377,0,0,0,0.0,0,
TXN03-03445,3,2026-07-15 09:48:57,389.86,Grocery,30041,Card,DEV-03-4,Web,Chennai,9,2,0,9.65,12,723.14,383.44,14,334,3378,0,0,0,0.0,0,
TXN03-03446,3,2026-07-15 10:28:26,1500.0,Grocery,30003,UPI,DEV-03-1,Android,Chennai,10,2,0,39.48,13,722.01,384.44,127,1139,3379,0,0,0,0.0,0,
TXN03-03447,3,2026-07-15 10:50:16,1142.68,Grocery,30001,Card,DEV-03-3,Android,Chennai,10,2,0,21.83,14,723.69,385.22,443,496,3380,0,0,0,0.0,0,
TXN03-03448,3,2026-07-15 11:23:05,969.65,Grocery,30001,Card,DEV-03-2,Android,Chennai,11,2,0,32.82,15,722.79,383.82,444,702,3381,0,0,0,0.0,0,
TXN03-03449,3,2026-07-15 11:52:13,568.48,Grocery,30007,Card,DEV-03-8,Web,Chennai,11,2,0,29.13,16,723.3,384.48,70,62,3382,0,0,0,0.0,0,
TXN03-03450,3,2026-07-15 12:24:11,477.42,Grocery,30001,UPI,DEV-03-3,Android,Chennai,12,2,0,31.97,17,723.49,384.64,445,497,3383,0,0,0,0.0,0,
TXN03-03451,3,2026-07-15 13:05:26,670.87,Household,30094,Card,DEV-03-4,Web,Chennai,13,2,0,41.25,18,723.74,385.06,2,335,3384,0,0,0,0.0,0,
TXN03-03452,3,2026-07-15 13:12:21,901.06,Grocery,30001,Card,DEV-03-5,iPhone,Chennai,13,2,0,6.92,19,723.61,384.58,446,232,3385,0,0,0,0.0,0,
TXN03-03453,3,2026-07-15 13:15:27,318.5,Gaming Subscription,30001,UPI,DEV-03-1,Android,Chennai,13,2,0,3.1,20,724.0,384.68,447,1140,3386,0,0,0,0.0,1,gaming_subscription
TXN03-03454,3,2026-07-15 13:49:03,381.58,Grocery,30003,UPI,DEV-03-1,Android,Chennai,13,2,0,33.6,21,722.98,384.74,128,1141,3387,0,0,0,0.0,0,
TXN03-03455,3,2026-07-15 13:55:40,543.81,Pharmacy,30049,UPI,DEV-03-2,Android,Chennai,13,2,0,6.62,22,722.12,384.63,19,703,3388,0,0,0,0.0,0,
TXN03-03456,3,2026-07-15 14:24:32,742.17,Grocery,30002,Card,DEV-03-2,Android,Chennai,14,2,0,28.87,23,722.16,384.61,209,704,3389,0,0,0,0.0,0,
TXN03-03457,3,2026-07-15 14:26:14,424.34,Grocery,30018,UPI,DEV-03-5,iPhone,Chennai,14,2,0,1.7,24,722.21,384.13,46,233,3390,0,0,0,0.0,0,
TXN03-03458,3,2026-07-15 14:30:09,970.27,Household,30021,UPI,DEV-03-1,Android,Chennai,14,2,0,3.92,25,721.47,383.94,27,1142,3391,0,0,0,0.0,0,
TXN03-03459,3,2026-07-15 14:42:26,1500.0,Pharmacy,30023,UPI,DEV-03-2,Android,Chennai,14,2,0,12.28,26,724.04,383.63,118,705,3392,0,0,0,0.0,0,
TXN03-03460,3,2026-07-15 15:00:11,426.77,Grocery,30001,Card,DEV-03-2,Android,Chennai,15,2,0,17.75,27,727.3,385.36,448,706,3393,0,0,0,0.0,0,
TXN03-03461,3,2026-07-15 15:18:30,549.23,Grocery,30003,UPI,DEV-03-1,Android,Chennai,15,2,0,18.32,28,724.15,382.21,129,1143,3394,0,0,0,0.0,0,
TXN03-03462,3,2026-07-15 17:23:58,607.47,Pharmacy,30008,Card,DEV-03-1,Android,Chennai,17,2,0,125.47,29,729.34,380.15,372,1144,3395,0,0,0,0.0,0,
TXN03-03463,3,2026-07-15 17:48:52,415.05,Pharmacy,30063,Card,DEV-03-4,Web,Chennai,17,2,0,24.9,30,728.43,380.68,8,336,3396,0,0,0,0.0,0,
TXN03-03464,3,2026-07-15 17:49:51,1164.07,Grocery,30003,Card,DEV-03-8,Web,Chennai,17,2,0,0.98,31,727.62,380.52,130,63,3397,0,0,0,0.0,0,
TXN03-03465,3,2026-07-15 17:56:48,1305.19,Household,30017,UPI,DEV-03-15,Android,Chennai,17,2,0,6.95,32,725.1,378.66,29,9,3398,0,0,0,0.0,0,
TXN03-03466,3,2026-07-15 17:56:55,1496.22,Pharmacy,30025,Card,DEV-03-9,Web,Chennai,17,2,0,0.12,33,726.61,379.32,78,36,3399,0,0,0,0.0,0,
TXN03-03467,3,2026-07-15 18:02:31,662.34,Household,30011,Card,DEV-03-7,iPhone,Chennai,18,2,0,5.6,34,728.61,380.85,63,125,3400,0,0,0,0.0,0,
TXN03-03468,3,2026-07-15 18:11:02,1200.15,Pharmacy,30008,Card,DEV-03-3,Android,Chennai,18,2,0,8.52,35,730.27,380.49,373,498,3401,0,0,0,0.0,0,
TXN03-03469,3,2026-07-15 18:33:08,499.48,Grocery,30015,UPI,DEV-03-2,Android,Chennai,18,2,0,22.1,36,731.25,381.22,45,707,3402,0,0,0,0.0,0,
TXN03-03470,3,2026-07-15 18:47:36,604.98,Household,30012,UPI,DEV-03-5,iPhone,Chennai,18,2,0,14.47,37,731.12,380.91,56,234,3403,0,0,0,0.0,0,
TXN03-03471,3,2026-07-15 19:31:18,741.08,Household,30074,UPI,DEV-03-7,iPhone,Chennai,19,2,0,43.7,38,730.18,380.36,6,126,3404,0,0,0,0.0,0,
TXN03-03472,3,2026-07-15 19:44:19,642.75,Household,30061,Card,DEV-03-1,Android,Chennai,19,2,0,13.02,39,730.21,379.86,6,1145,3405,0,0,0,0.0,0,
TXN03-03473,3,2026-07-15 20:31:41,552.06,Grocery,30111,UPI,DEV-UNK-2216,Android,Chennai,20,2,0,47.37,40,729.11,379.51,2,1,3406,1,0,0,0.0,1,ato_odd_hour_new_device
TXN03-03474,3,2026-07-16 08:07:24,449.75,Grocery,30002,Card,DEV-03-3,Android,Chennai,8,3,0,695.72,1,728.96,379.56,210,499,3407,0,0,0,0.0,0,
TXN03-03475,3,2026-07-16 08:11:59,572.65,Pharmacy,30066,Card,DEV-03-4,Web,Chennai,8,3,0,4.58,2,728.23,379.33,11,337,3408,0,0,0,0.0,0,
TXN03-03476,3,2026-07-16 08:24:36,1275.41,Pharmacy,30035,Card,DEV-03-6,Web,Chennai,8,3,0,12.62,3,727.82,378.92,25,160,3409,0,0,0,0.0,0,
TXN03-03477,3,2026-07-16 08:27:50,1444.82,Grocery,30071,UPI,DEV-03-4,Web,Chennai,8,3,0,3.23,4,729.24,379.95,7,338,3410,0,0,0,0.0,0,
TXN03-03478,3,2026-07-16 08:47:41,187.98,Grocery,30002,UPI,DEV-03-1,Android,Chennai,8,3,0,19.85,5,732.41,380.87,211,1146,3411,0,0,0,0.0,0,
TXN03-03479,3,2026-07-16 08:49:43,564.57,Household,30005,Card,DEV-03-3,Android,Chennai,8,3,0,2.03,6,730.99,381.39,146,500,3412,0,0,0,0.0,0,
TXN03-03480,3,2026-07-16 09:32:52,304.5,Household,30056,UPI,DEV-03-3,Android,Chennai,9,3,0,43.15,7,733.21,380.1,14,501,3413,0,0,0,0.0,0,
TXN03-03481,3,2026-07-16 09:37:48,952.11,Pharmacy,30035,UPI,DEV-03-3,Android,Chennai,9,3,0,4.93,8,732.89,380.41,26,502,3414,0,0,0,0.0,0,
TXN03-03482,3,2026-07-16 09:40:40,637.93,Grocery,30001,UPI,DEV-03-5,iPhone,Chennai,9,3,0,2.87,9,732.3,379.89,449,235,3415,0,0,0,0.0,0,
TXN03-03483,3,2026-07-16 10:07:07,207.61,Household,30029,Card,DEV-03-3,Android,Chennai,10,3,0,26.45,10,731.14,378.4,23,503,3416,0,0,0,0.0,0,
TXN03-03484,3,2026-07-16 10:10:27,549.33,Grocery,30001,Card,DEV-03-4,Web,Chennai,10,3,0,3.33,11,729.74,378.86,450,339,3417,0,0,0,0.0,0,
TXN03-03485,3,2026-07-16 10:28:03,751.84,Grocery,30001,UPI,DEV-03-1,Android,Chennai,10,3,0,17.6,12,730.62,379.33,451,1147,3418,0,0,0,0.0,0,
TXN03-03486,3,2026-07-16 10:47:42,1166.31,Household,30005,UPI,DEV-03-6,Web,Chennai,10,3,0,19.65,13,730.59,379.33,147,161,3419,0,0,0,0.0,0,
TXN03-03487,3,2026-07-16 10:53:32,356.35,Grocery,30001,UPI,DEV-03-2,Android,Chennai,10,3,0,5.83,14,732.9,379.35,452,708,3420,0,0,0,0.0,0,
TXN03-03488,3,2026-07-16 10:56:29,1500.0,Grocery,30001,UPI,DEV-03-4,Web,Chennai,10,3,0,2.95,15,731.89,379.34,453,340,3421,0,0,0,0.0,0,
TXN03-03489,3,2026-07-16 10:56:55,497.39,Grocery,30007,Card,DEV-03-3,Android,Chennai,10,3,0,0.43,16,733.94,380.9,71,504,3422,0,0,0,0.0,0,
TXN03-03490,3,2026-07-16 11:27:22,1188.35,Grocery,30113,Card,DEV-03-2,Android,Chennai,11,3,0,30.45,17,732.64,381.49,2,709,3423,0,0,0,0.0,0,
TXN03-03491,3,2026-07-16 11:59:57,947.88,Household,30004,UPI,DEV-03-2,Android,Chennai,11,3,0,32.58,18,735.23,382.1,287,710,3424,0,0,0,0.0,0,
TXN03-03492,3,2026-07-16 12:22:29,918.59,Grocery,30001,Card,DEV-03-42,iPhone,Chennai,12,3,0,22.53,19,737.47,381.86,454,1,3425,1,0,0,0.0,0,
TXN03-03493,3,2026-07-16 12:28:24,180.59,Household,30004,Card,DEV-03-2,Android,Chennai,12,3,0,5.92,20,737.44,379.28,288,711,3426,0,0,0,0.0,0,
TXN03-03494,3,2026-07-16 12:30:07,1058.38,Household,30005,UPI,DEV-03-1,Android,Chennai,12,3,0,1.72,21,735.94,379.86,148,1148,3427,0,0,0,0.0,0,
TXN03-03495,3,2026-07-16 13:12:04,420.03,Pharmacy,30031,UPI,DEV-03-2,Android,Chennai,13,3,0,41.95,22,737.77,380.95,34,712,3428,0,0,0,0.0,0,
TXN03-03496,3,2026-07-16 13:21:12,406.47,Pharmacy,30023,UPI,DEV-03-1,Android,Chennai,13,3,0,9.13,23,738.48,380.11,119,1149,3429,0,0,0,0.0,0,
TXN03-03497,3,2026-07-16 13:47:01,527.95,Grocery,30111,Card,DEV-03-6,Web,Chennai,13,3,0,25.82,24,737.57,379.99,3,162,3430,0,0,0,0.0,0,
TXN03-03498,3,2026-07-16 14:18:21,344.59,Grocery,30001,Card,DEV-03-9,Web,Chennai,14,3,0,31.33,25,736.4,379.97,455,37,3431,0,0,0,0.0,0,
TXN03-03499,3,2026-07-16 14:22:42,1500.0,Grocery,30001,Card,DEV-03-2,Android,Chennai,14,3,0,4.35,26,734.03,379.69,456,713,3432,0,0,0,0.0,0,
TXN03-03500,3,2026-07-16 14:24:12,1245.42,Grocery,30002,UPI,DEV-03-1,Android,Chennai,14,3,0,1.5,27,736.11,381.27,212,1150,3433,0,0,0,0.0,0,
TXN03-03501,3,2026-07-16 14:33:00,475.02,Grocery,30003,Card,DEV-03-9,Web,Chennai,14,3,0,8.8,28,737.49,381.67,131,38,3434,0,0,0,0.0,0,
TXN03-03502,3,2026-07-16 14:41:46,432.04,Grocery,30003,Card,DEV-03-7,iPhone,Chennai,14,3,0,8.77,29,736.78,381.4,132,127,3435,0,0,0,0.0,0,
TXN03-03503,3,2026-07-16 14:51:38,681.38,Grocery,30102,Card,DEV-03-2,Android,Chennai,14,3,0,9.87,30,735.96,381.21,2,714,3436,0,0,0,0.0,0,
TXN03-03504,3,2026-07-16 15:02:34,289.63,Household,30069,UPI,DEV-03-10,Android,Chennai,15,3,0,10.93,31,735.82,380.71,5,45,3437,0,0,0,0.0,0,
TXN03-03505,3,2026-07-16 15:20:37,217.71,Pharmacy,30032,UPI,DEV-03-7,iPhone,Chennai,15,3,0,18.05,32,734.67,381.76,39,128,3438,0,0,0,0.0,0,
TXN03-03506,3,2026-07-16 15:26:38,954.99,Grocery,30001,Card,DEV-03-3,Android,Chennai,15,3,0,6.02,33,732.41,382.33,457,505,3439,0,0,0,0.0,0,
TXN03-03507,3,2026-07-16 15:29:44,913.5,Household,30050,UPI,DEV-03-1,Android,Chennai,15,3,0,3.1,34,733.66,382.3,11,1151,3440,0,0,0,0.0,0,
TXN03-03508,3,2026-07-16 15:33:09,717.39,Grocery,30003,Card,DEV-03-2,Android,Chennai,15,3,0,3.42,35,734.14,381.9,133,715,3441,0,0,0,0.0,0,
TXN03-03509,3,2026-07-16 15:38:28,1022.92,Pharmacy,30063,UPI,DEV-03-3,Android,Chennai,15,3,0,5.32,36,734.1,381.39,9,506,3442,0,0,0,0.0,0,
TXN03-03510,3,2026-07-16 15:53:46,1058.5,Household,30005,UPI,DEV-03-1,Android,Chennai,15,3,0,15.3,37,734.87,381.17,149,1152,3443,0,0,0,0.0,0,
TXN03-03511,3,2026-07-16 16:08:15,625.29,Grocery,30018,Card,DEV-03-4,Web,Chennai,16,3,0,14.48,38,735.24,381.57,47,341,3444,0,0,0,0.0,0,
TXN03-03512,3,2026-07-16 16:14:40,550.59,Pharmacy,30035,UPI,DEV-03-1,Android,Chennai,16,3,0,6.42,39,734.94,381.1,27,1153,3445,0,0,0,0.0,0,
TXN03-03513,3,2026-07-16 16:21:05,1040.47,Household,30004,Card,DEV-03-5,iPhone,Chennai,16,3,0,6.42,40,734.45,380.71,289,236,3446,0,0,0,0.0,0,
TXN03-03514,3,2026-07-16 16:40:53,434.54,Household,30086,UPI,DEV-03-9,Web,Chennai,16,3,0,19.8,41,736.29,380.52,3,39,3447,0,0,0,0.0,0,
TXN03-03515,3,2026-07-16 17:08:39,768.98,Grocery,30001,Card,DEV-03-1,Android,Chennai,17,3,0,27.77,42,738.23,380.51,458,1154,3448,0,0,0,0.0,0,
TXN03-03516,3,2026-07-16 17:26:31,1006.09,Grocery,30010,Card,DEV-03-13,Android,Chennai,17,3,0,17.87,43,738.92,380.28,80,15,3449,0,0,0,0.0,0,
TXN03-03517,3,2026-07-16 18:04:24,817.37,Household,30029,Card,DEV-03-2,Android,Chennai,18,3,0,37.88,44,739.04,380.64,24,716,3450,0,0,0,0.0,0,
TXN03-03518,3,2026-07-16 18:05:36,1209.33,Grocery,30001,Card,DEV-03-1,Android,Chennai,18,3,0,1.2,45,739.25,380.15,459,1155,3451,0,0,0,0.0,0,
TXN03-03519,3,2026-07-16 18:17:30,368.92,Grocery,30109,Card,DEV-03-1,Android,Chennai,18,3,0,11.9,46,740.55,380.44,2,1156,3452,0,0,0,0.0,0,
TXN03-03520,3,2026-07-16 18:25:06,404.67,Grocery,30001,UPI,DEV-03-5,iPhone,Chennai,18,3,0,7.6,47,739.54,380.42,460,237,3453,0,0,0,0.0,0,
TXN03-03521,3,2026-07-16 18:25:21,341.48,Grocery,30018,Card,DEV-03-4,Web,Chennai,18,3,0,0.25,48,738.64,380.3,48,342,3454,0,0,0,0.0,0,
TXN03-03522,3,2026-07-16 18:41:17,685.67,Grocery,30022,Card,DEV-03-3,Android,Chennai,18,3,0,15.93,49,737.17,380.78,37,507,3455,0,0,0,0.0,0,
TXN03-03523,3,2026-07-16 18:49:27,535.65,Household,30017,UPI,DEV-03-1,Android,Chennai,18,3,0,8.17,50,738.27,380.04,30,1157,3456,0,0,0,0.0,0,
TXN03-03524,3,2026-07-16 19:11:39,291.55,Pharmacy,30031,Card,DEV-03-1,Android,Chennai,19,3,0,22.2,51,739.01,379.37,35,1158,3457,0,0,0,0.0,0,
TXN03-03525,3,2026-07-16 19:29:02,604.05,Pharmacy,30008,Card,DEV-03-5,iPhone,Chennai,19,3,0,17.38,52,735.79,378.52,374,238,3458,0,0,0,0.0,0,
TXN03-03526,3,2026-07-16 19:53:51,580.75,Household,30004,UPI,DEV-03-4,Web,Chennai,19,3,0,24.82,53,734.57,378.37,290,343,3459,0,0,0,0.0,0,
TXN03-03527,3,2026-07-16 20:50:14,2250.09,Airport,30001,UPI,DEV-03-1,Android,Surat,20,3,0,56.38,54,734.02,378.45,461,1159,5,0,0,0,1196.79,1,airport_txn
TXN03-03528,3,2026-07-17 00:10:01,578.66,Fuel,30001,UPI,DEV-03-1,Android,Chennai,0,4,0,199.78,1,738.12,386.06,462,1160,3460,0,0,0,1196.79,1,midnight_fuel
TXN03-03529,3,2026-07-17 00:32:23,543.28,Fuel,30001,UPI,DEV-03-1,Android,Chennai,0,4,0,22.37,2,738.58,385.77,463,1161,3461,0,0,0,0.0,1,midnight_fuel
TXN03-03530,3,2026-07-17 08:32:06,704.23,Pharmacy,30114,UPI,DEV-03-5,iPhone,Chennai,8,4,0,479.72,3,735.05,384.33,1,239,3462,0,0,1,0.0,0,
TXN03-03531,3,2026-07-17 08:57:44,920.5,Grocery,30006,UPI,DEV-03-3,Android,Chennai,8,4,0,25.63,4,735.62,384.13,92,508,3463,0,0,0,0.0,0,
TXN03-03532,3,2026-07-17 09:31:43,1073.54,Pharmacy,30028,Card,DEV-03-6,Web,Chennai,9,4,0,33.98,5,735.76,384.72,54,163,3464,0,0,0,0.0,0,
TXN03-03533,3,2026-07-17 10:26:38,797.54,Grocery,30010,UPI,DEV-03-2,Android,Chennai,10,4,0,54.92,6,738.05,385.63,81,717,3465,0,0,0,0.0,0,
TXN03-03534,3,2026-07-17 10:29:02,473.23,Grocery,30002,UPI,DEV-03-12,Android,Chennai,10,4,0,2.4,7,737.71,385.52,213,15,3466,0,0,0,0.0,0,
TXN03-03535,3,2026-07-17 10:43:59,655.05,Household,30093,Card,DEV-03-9,Web,Chennai,10,4,0,14.95,8,737.71,385.52,4,40,3467,0,0,0,0.0,0,
TXN03-03536,3,2026-07-17 11:02:47,1286.64,Pharmacy,30008,UPI,DEV-03-1,Android,Chennai,11,4,0,18.8,9,735.21,383.96,375,1162,3468,0,0,0,0.0,0,
TXN03-03537,3,2026-07-17 11:12:29,282.97,Household,30005,UPI,DEV-03-7,iPhone,Chennai,11,4,0,9.7,10,736.74,384.52,150,129,3469,0,0,0,0.0,0,
TXN03-03538,3,2026-07-17 11:23:06,2100.7,Grocery,30041,UPI,DEV-03-1,Android,Chennai,11,4,0,10.62,11,735.44,385.27,15,1163,3470,0,0,0,0.0,1,ato_higher_amount
TXN03-03539,3,2026-07-17 11:33:29,1500.0,Household,30005,UPI,DEV-03-2,Android,Chennai,11,4,0,10.38,12,737.11,389.86,151,718,3471,0,0,0,0.0,0,
TXN03-03540,3,2026-07-17 11:44:38,293.89,Grocery,30002,Card,DEV-03-1,Android,Chennai,11,4,0,11.15,13,742.94,391.53,214,1164,3472,0,0,0,0.0,0,
TXN03-03541,3,2026-07-17 13:23:28,816.33,Grocery,30015,UPI,DEV-03-3,Android,Chennai,13,4,0,98.83,14,741.55,392.53,46,509,3473,0,0,0,0.0,0,
TXN03-03542,3,2026-07-17 13:57:02,468.61,Pharmacy,30008,Card,DEV-03-4,Web,Chennai,13,4,0,33.57,15,739.81,391.34,376,344,3474,0,0,0,0.0,0,
TXN03-03543,3,2026-07-17 14:30:22,315.6,Household,30073,UPI,DEV-03-2,Android,Chennai,14,4,0,33.33,16,741.19,391.11,6,719,3475,0,0,0,0.0,0,
TXN03-03544,3,2026-07-17 14:33:35,589.29,Pharmacy,30008,Card,DEV-03-4,Web,Chennai,14,4,0,3.22,17,739.98,391.21,377,345,3476,0,0,0,0.0,0,
TXN03-03545,3,2026-07-17 14:55:40,901.68,Grocery,30003,UPI,DEV-03-7,iPhone,Chennai,14,4,0,22.08,18,734.6,387.92,134,130,3477,0,0,0,0.0,0,
TXN03-03546,3,2026-07-17 16:06:15,516.13,Household,30004,Card,DEV-03-2,Android,Chennai,16,4,0,70.58,19,738.6,387.26,291,720,3478,0,0,0,0.0,0,
TXN03-03547,3,2026-07-17 16:54:50,1247.13,Household,30115,Card,DEV-03-3,Android,Chennai,16,4,0,48.58,20,739.52,388.1,1,510,3479,0,0,1,0.0,0,
TXN03-03548,3,2026-07-17 17:02:57,448.26,Pharmacy,30008,UPI,DEV-03-4,Web,Chennai,17,4,0,8.12,21,741.02,388.5,378,346,3480,0,0,0,0.0,0,
TXN03-03549,3,2026-07-17 17:23:52,491.95,Pharmacy,30066,Card,DEV-03-3,Android,Chennai,17,4,0,20.92,22,740.38,388.81,12,511,3481,0,0,0,0.0,0,
TXN03-03550,3,2026-07-17 17:24:29,572.76,Grocery,30007,UPI,DEV-03-6,Web,Chennai,17,4,0,0.62,23,739.65,388.47,72,164,3482,0,0,0,0.0,0,
TXN03-03551,3,2026-07-17 17:45:25,1227.57,Grocery,30002,UPI,DEV-03-4,Web,Chennai,17,4,0,20.93,24,741.47,387.86,215,347,3483,0,0,0,0.0,0,
TXN03-03552,3,2026-07-17 17:48:27,515.09,Pharmacy,30031,UPI,DEV-03-2,Android,Chennai,17,4,0,3.03,25,742.9,388.18,36,721,3484,0,0,0,0.0,0,
TXN03-03553,3,2026-07-17 17:48:30,1390.34,Pharmacy,30008,UPI,DEV-03-3,Android,Chennai,17,4,0,0.05,26,742.24,387.81,379,512,3485,0,0,0,0.0,0,
TXN03-03554,3,2026-07-17 18:08:34,542.82,Grocery,30007,Card,DEV-03-4,Web,Chennai,18,4,0,20.07,27,744.13,388.82,73,348,3486,0,0,0,0.0,0,
TXN03-03555,3,2026-07-17 18:31:06,1500.0,Pharmacy,30008,UPI,DEV-03-2,Android,Chennai,18,4,0,22.53,28,740.51,387.35,380,722,3487,0,0,0,0.0,0,
TXN03-03556,3,2026-07-17 18:33:12,1304.3,Household,30005,Card,DEV-03-7,iPhone,Chennai,18,4,0,2.1,29,742.73,388.95,152,131,3488,0,0,0,0.0,0,
TXN03-03557,3,2026-07-17 18:50:42,718.22,Pharmacy,30008,UPI,DEV-03-1,Android,Chennai,18,4,0,17.5,30,746.69,390.75,381,1165,3489,0,0,0,0.0,0,
TXN03-03558,3,2026-07-17 18:57:08,1097.83,Grocery,30041,Card,DEV-03-1,Android,Chennai,18,4,0,6.43,31,746.6,390.17,16,1166,3490,0,0,0,0.0,0,
TXN03-03559,3,2026-07-17 19:32:57,529.54,Grocery,30027,UPI,DEV-03-2,Android,Chennai,19,4,0,35.82,32,747.8,388.38,18,723,3491,0,0,0,0.0,0,
TXN03-03560,3,2026-07-17 19:35:08,406.33,Pharmacy,30116,Card,DEV-03-1,Android,Chennai,19,4,0,2.18,33,747.14,387.98,1,1167,3492,0,0,1,0.0,0,
TXN03-03561,3,2026-07-17 19:51:06,1043.44,Pharmacy,30058,Card,DEV-03-1,Android,Chennai,19,4,0,15.97,34,745.22,385.99,8,1168,3493,0,0,0,0.0,0,
TXN03-03562,3,2026-07-17 20:07:06,374.88,Household,30011,UPI,DEV-03-1,Android,Chennai,20,4,0,16.0,35,747.35,386.52,64,1169,3494,0,0,0,0.0,1,ato_odd_hour_higher_amount
TXN03-03563,3,2026-07-18 00:21:48,904.43,Fuel,30001,UPI,DEV-03-1,Android,Chennai,0,5,1,254.7,1,746.49,387.03,464,1170,3495,0,0,0,0.0,1,midnight_fuel
TXN03-03564,3,2026-07-18 08:03:47,1500.0,Pharmacy,30072,Card,DEV-03-6,Web,Chennai,8,5,1,461.98,2,745.16,385.73,7,165,3496,0,0,0,0.0,0,
TXN03-03565,3,2026-07-18 08:04:07,549.54,Grocery,30117,Card,DEV-03-1,Android,Chennai,8,5,1,0.33,3,747.44,387.37,1,1171,3497,0,0,1,0.0,0,
TXN03-03566,3,2026-07-18 08:06:51,338.95,Grocery,30003,UPI,DEV-03-1,Android,Chennai,8,5,1,2.73,4,746.84,386.93,135,1172,3498,0,0,0,0.0,0,
TXN03-03567,3,2026-07-18 08:09:08,408.63,Household,30017,Card,DEV-03-43,Android,Chennai,8,5,1,2.28,5,746.68,387.09,31,1,3499,1,0,0,0.0,0,
TXN03-03568,3,2026-07-18 08:14:36,791.22,Household,30016,UPI,DEV-03-1,Android,Chennai,8,5,1,5.47,6,745.66,386.95,44,1173,3500,0,0,0,0.0,0,
TXN03-03569,3,2026-07-18 08:15:03,617.23,Pharmacy,30023,Card,DEV-03-1,Android,Chennai,8,5,1,0.45,7,745.8,386.38,120,1174,3501,0,0,0,0.0,0,
TXN03-03570,3,2026-07-18 08:18:33,1500.0,Grocery,30053,Card,DEV-03-1,Android,Chennai,8,5,1,3.5,8,743.96,385.52,8,1175,3502,0,0,0,0.0,0,
TXN03-03571,3,2026-07-18 08:33:13,293.91,Grocery,30010,Card,DEV-03-2,Android,Chennai,8,5,1,14.67,9,746.34,388.57,82,724,3503,0,0,0,0.0,0,
TXN03-03572,3,2026-07-18 08:35:21,541.05,Pharmacy,30114,Card,DEV-03-3,Android,Chennai,8,5,1,2.13,10,744.98,388.77,2,513,3504,0,0,0,0.0,0,
TXN03-03573,3,2026-07-18 08:41:44,364.81,Household,30012,UPI,DEV-03-5,iPhone,Chennai,8,5,1,6.38,11,743.59,388.67,57,240,3505,0,0,0,0.0,0,
TXN03-03574,3,2026-07-18 09:08:20,611.95,Pharmacy,30023,Card,DEV-03-1,Android,Chennai,9,5,1,26.6,12,742.62,389.21,121,1176,3506,0,0,0,0.0,0,
TXN03-03575,3,2026-07-18 09:22:07,442.59,Household,30016,Card,DEV-03-1,Android,Chennai,9,5,1,13.78,13,741.45,390.16,45,1177,3507,0,0,0,0.0,0,
TXN03-03576,3,2026-07-18 09:25:41,342.47,Household,30073,UPI,DEV-03-3,Android,Chennai,9,5,1,3.57,14,740.55,389.91,7,514,3508,0,0,0,0.0,0,
TXN03-03577,3,2026-07-18 09:36:39,454.18,Grocery,30118,UPI,DEV-03-2,Android,Chennai,9,5,1,10.97,15,741.75,389.88,1,725,3509,0,0,1,0.0,0,
TXN03-03578,3,2026-07-18 09:37:06,616.28,Household,30009,UPI,DEV-03-9,Web,Chennai,9,5,1,0.45,16,740.88,389.61,115,41,3510,0,0,0,0.0,0,
TXN03-03579,3,2026-07-18 09:37:09,485.56,Pharmacy,30116,Card,DEV-03-5,iPhone,Chennai,9,5,1,0.05,17,740.51,389.08,2,241,3511,0,0,0,0.0,0,
TXN03-03580,3,2026-07-18 09:50:37,529.08,Pharmacy,30023,UPI,DEV-03-3,Android,Chennai,9,5,1,13.47,18,739.68,389.33,122,515,3512,0,0,0,0.0,0,
TXN03-03581,3,2026-07-18 09:56:41,1108.04,Pharmacy,30063,Card,DEV-03-2,Android,Chennai,9,5,1,6.07,19,739.05,388.92,10,726,3513,0,0,0,0.0,0,
TXN03-03582,3,2026-07-18 10:00:37,1500.0,Household,30004,Card,DEV-03-2,Android,Chennai,10,5,1,3.93,20,740.15,388.86,292,727,3514,0,0,0,0.0,0,
TXN03-03583,3,2026-07-18 10:06:24,447.7,Grocery,30111,Card,DEV-03-4,Web,Chennai,10,5,1,5.78,21,742.43,390.49,4,349,3515,0,0,0,0.0,0,
TXN03-03584,3,2026-07-18 10:07:40,510.22,Grocery,30014,UPI,DEV-03-1,Android,Chennai,10,5,1,1.27,22,741.55,390.23,63,1178,3516,0,0,0,0.0,0,
TXN03-03585,3,2026-07-18 10:09:42,1090.33,Household,30004,Card,DEV-03-2,Android,Chennai,10,5,1,2.03,23,740.86,389.86,293,728,3517,0,0,0,0.0,0,
TXN03-03586,3,2026-07-18 10:52:42,853.29,Grocery,30019,Card,DEV-03-1,Android,Chennai,10,5,1,43.0,24,744.85,390.87,53,1179,3518,0,0,0,0.0,0,
TXN03-03587,3,2026-07-18 10:54:05,582.91,Grocery,30018,UPI,DEV-03-2,Android,Chennai,10,5,1,1.38,25,743.56,389.79,49,729,3519,0,0,0,0.0,0,
TXN03-03588,3,2026-07-18 11:10:59,403.41,Grocery,30001,Card,DEV-03-1,Android,Chennai,11,5,1,16.9,26,743.86,389.63,465,1180,3520,0,0,0,0.0,0,
TXN03-03589,3,2026-07-18 11:11:30,1215.49,Household,30021,UPI,DEV-03-1,Android,Chennai,11,5,1,0.52,27,742.84,389.49,28,1181,3521,0,0,0,0.0,0,
TXN03-03590,3,2026-07-18 11:15:54,773.96,Pharmacy,30080,Card,DEV-03-3,Android,Chennai,11,5,1,4.4,28,744.63,390.28,4,516,3522,0,0,0,0.0,0,
TXN03-03591,3,2026-07-18 11:30:45,1033.46,Household,30009,UPI,DEV-03-2,Android,Chennai,11,5,1,14.85,29,746.47,388.96,116,730,3523,0,0,0,0.0,0,
TXN03-03592,3,2026-07-18 11:35:00,1038.32,Household,30004,Card,DEV-03-1,Android,Chennai,11,5,1,4.25,30,749.1,389.19,294,1182,3524,0,0,0,0.0,0,
TXN03-03593,3,2026-07-18 11:42:19,1147.53,Household,30089,Card,DEV-03-2,Android,Chennai,11,5,1,7.32,31,749.96,388.92,3,731,3525,0,0,0,0.0,0,
TXN03-03594,3,2026-07-18 11:52:53,1055.64,Grocery,30002,Card,DEV-03-5,iPhone,Chennai,11,5,1,10.57,32,751.77,389.36,216,242,3526,0,0,0,0.0,0,
TXN03-03595,3,2026-07-18 12:01:26,710.79,Grocery,30006,UPI,DEV-03-1,Android,Chennai,12,5,1,8.55,33,752.68,389.14,93,1183,3527,0,0,0,0.0,0,
TXN03-03596,3,2026-07-18 12:08:54,375.99,Household,30119,UPI,DEV-03-2,Android,Chennai,12,5,1,7.47,34,751.61,388.76,1,732,3528,0,0,1,0.0,0,
TXN03-03597,3,2026-07-18 12:09:57,817.06,Grocery,30097,UPI,DEV-03-5,iPhone,Chennai,12,5,1,1.05,35,750.49,388.72,4,243,3529,0,0,0,0.0,0,
TXN03-03598,3,2026-07-18 12:13:50,1500.0,Household,30004,UPI,DEV-03-5,iPhone,Chennai,12,5,1,3.88,36,750.69,388.16,295,244,3530,0,0,0,0.0,0,
TXN03-03599,3,2026-07-18 12:14:30,450.88,Grocery,30092,Card,DEV-03-3,Android,Chennai,12,5,1,0.67,37,752.9,389.71,8,517,3531,0,0,0,0.0,0,
TXN03-03600,3,2026-07-18 12:23:31,890.28,Household,30039,Card,DEV-03-3,Android,Chennai,12,5,1,9.02,38,752.57,389.92,18,518,3532,0,0,0,0.0,0,
TXN03-03601,3,2026-07-18 12:35:59,214.86,Household,30021,UPI,DEV-03-1,Android,Chennai,12,5,1,12.47,39,752.98,389.42,29,1184,3533,0,0,0,0.0,0,
TXN03-03602,3,2026-07-18 12:55:38,730.58,Household,30009,Card,DEV-03-5,iPhone,Chennai,12,5,1,19.65,40,751.48,390.51,117,245,3534,0,0,0,0.0,0,
TXN03-03603,3,2026-07-18 12:55:55,1204.92,Household,30110,UPI,DEV-03-4,Web,Chennai,12,5,1,0.28,41,751.42,389.93,2,350,3535,0,0,0,0.0,0,
TXN03-03604,3,2026-07-18 12:59:55,165.05,Household,30021,UPI,DEV-03-3,Android,Chennai,12,5,1,4.0,42,752.75,390.13,30,519,3536,0,0,0,0.0,1,ato_short_gap
TXN03-03605,3,2026-07-18 13:17:06,166.02,Household,30011,Card,DEV-03-3,Android,Bangalore,13,5,1,17.18,43,746.63,387.74,65,520,7,0,0,0,290.17,0,
TXN03-03606,3,2026-07-18 13:20:14,1068.08,Grocery,30018,Card,DEV-03-2,Android,Chennai,13,5,1,3.13,44,744.92,388.45,50,733,3537,0,0,0,290.17,0,
TXN03-03607,3,2026-07-18 13:57:02,224.36,Household,30050,UPI,DEV-03-1,Android,Chennai,13,5,1,36.8,45,748.17,390.17,12,1185,3538,0,0,0,0.0,0,
TXN03-03608,3,2026-07-18 14:09:27,497.36,Grocery,30001,UPI,DEV-03-1,Android,Chennai,14,5,1,12.42,46,744.81,389.79,466,1186,3539,0,0,0,0.0,0,
TXN03-03609,3,2026-07-18 14:11:33,457.31,Grocery,30053,UPI,DEV-03-3,Android,Chennai,14,5,1,2.1,47,743.82,389.99,9,521,3540,0,0,0,0.0,0,
TXN03-03610,3,2026-07-18 14:27:29,884.66,Grocery,30062,Card,DEV-03-5,iPhone,Chennai,14,5,1,15.93,48,741.28,388.57,11,246,3541,0,0,0,0.0,0,
TXN03-03611,3,2026-07-18 14:34:15,291.53,Household,30005,UPI,DEV-03-1,Android,Chennai,14,5,1,6.77,49,743.32,388.66,153,1187,3542,0,0,0,0.0,0,
TXN03-03612,3,2026-07-18 14:41:29,492.82,Grocery,30020,UPI,DEV-03-4,Web,Chennai,14,5,1,7.23,50,741.98,388.86,29,351,3543,0,0,0,0.0,0,
TXN03-03613,3,2026-07-18 14:41:49,1158.01,Grocery,30041,Card,DEV-03-7,iPhone,Chennai,14,5,1,0.33,51,741.24,388.52,17,132,3544,0,0,0,0.0,0,
TXN03-03614,3,2026-07-18 14:44:25,1024.2,Household,30120,Card,DEV-03-3,Android,Chennai,14,5,1,2.6,52,742.47,388.6,1,522,3545,0,0,1,0.0,0,
TXN03-03615,3,2026-07-18 15:12:03,529.24,Household,30021,UPI,DEV-03-13,Android,Chennai,15,5,1,27.63,53,744.6,388.17,31,16,3546,0,0,0,0.0,0,
TXN03-03616,3,2026-07-18 15:13:37,367.09,Household,30021,UPI,DEV-03-3,Android,Chennai,15,5,1,1.57,54,743.97,387.77,32,523,3547,0,0,0,0.0,0,
TXN03-03617,3,2026-07-18 15:15:36,1283.89,Grocery,30003,Card,DEV-03-4,Web,Chennai,15,5,1,1.98,55,742.86,387.74,136,352,3548,0,0,0,0.0,0,
TXN03-03618,3,2026-07-18 15:20:35,688.09,Grocery,30019,UPI,DEV-03-1,Android,Chennai,15,5,1,4.98,56,746.89,388.11,54,1188,3549,0,0,0,0.0,0,
TXN03-03619,3,2026-07-18 15:23:05,1195.96,Pharmacy,30008,Card,DEV-03-3,Android,Chennai,15,5,1,2.5,57,747.45,387.88,382,524,3550,0,0,0,0.0,0,
TXN03-03620,3,2026-07-18 15:24:03,753.33,Pharmacy,30023,UPI,DEV-03-10,Android,Chennai,15,5,1,0.97,58,748.77,388.07,123,46,3551,0,0,0,0.0,0,
TXN03-03621,3,2026-07-18 15:42:50,695.54,Grocery,30026,Card,DEV-03-3,Android,Chennai,15,5,1,18.78,59,750.93,387.55,21,525,3552,0,0,0,0.0,0,
TXN03-03622,3,2026-07-18 15:50:02,1369.28,Household,30172,UPI,DEV-UNK-8789,iPhone,Chennai,15,5,1,7.2,60,750.75,387.56,1,1,3553,1,0,1,0.0,1,ato_new_merchant_same_category_new_device
TXN03-03623,3,2026-07-18 16:16:02,733.72,Pharmacy,30023,UPI,DEV-03-11,Web,Chennai,16,5,1,26.0,61,754.0,388.12,124,25,3554,0,0,0,0.0,0,
TXN03-03624,3,2026-07-18 16:51:30,1404.96,Grocery,30026,Card,DEV-03-3,Android,Chennai,16,5,1,35.47,62,755.33,388.96,22,526,3555,0,0,0,0.0,0,
TXN03-03625,3,2026-07-18 17:13:19,547.6,Household,30004,UPI,DEV-03-12,Android,Chennai,17,5,1,21.82,63,757.84,391.0,296,16,3556,0,0,0,0.0,0,
TXN03-03626,3,2026-07-18 17:32:28,374.19,Grocery,30007,UPI,DEV-03-4,Web,Chennai,17,5,1,19.15,64,757.21,390.59,74,353,3557,0,0,0,0.0,0,
TXN03-03627,3,2026-07-18 17:43:58,1372.0,Household,30093,Card,DEV-03-2,Android,Chennai,17,5,1,11.5,65,756.76,390.25,5,734,3558,0,0,0,0.0,0,
TXN03-03628,3,2026-07-18 18:28:33,760.0,Pharmacy,30028,UPI,DEV-03-4,Web,Chennai,18,5,1,44.58,66,758.39,391.67,55,354,3559,0,0,0,0.0,0,
TXN03-03629,3,2026-07-18 18:48:05,344.46,Pharmacy,30023,Card,DEV-03-1,Android,Chennai,18,5,1,19.53,67,758.39,391.09,125,1189,3560,0,0,0,0.0,0,
TXN03-03630,3,2026-07-18 18:50:07,625.68,Pharmacy,30025,Card,DEV-03-1,Android,Chennai,18,5,1,2.03,68,757.17,391.16,79,1190,3561,0,0,0,0.0,0,
TXN03-03631,3,2026-07-18 18:50:35,985.44,Grocery,30001,Card,DEV-03-2,Android,Chennai,18,5,1,0.47,69,756.78,390.65,467,735,3562,0,0,0,0.0,0,
TXN03-03632,3,2026-07-18 19:02:59,436.49,Pharmacy,30023,Card,DEV-03-3,Android,Chennai,19,5,1,12.4,70,759.26,390.11,126,527,3563,0,0,0,0.0,0,
TXN03-03633,3,2026-07-18 19:03:31,371.4,Household,30017,Card,DEV-03-3,Android,Chennai,19,5,1,0.53,71,758.3,389.93,32,528,3564,0,0,0,0.0,0,
TXN03-03634,3,2026-07-18 19:23:54,126.46,Household,30036,UPI,DEV-03-4,Web,Chennai,19,5,1,20.38,72,758.45,389.77,19,355,3565,0,0,0,0.0,0,
TXN03-03635,3,2026-07-18 19:36:15,819.77,Household,30004,Card,DEV-03-17,Android,Chennai,19,5,1,12.35,73,756.56,391.28,297,4,3566,0,0,0,0.0,0,
TXN03-03636,3,2026-07-18 19:39:26,380.88,Household,30013,Card,DEV-03-5,iPhone,Chennai,19,5,1,3.18,74,756.75,390.72,41,247,3567,0,0,0,0.0,0,
TXN03-03637,3,2026-07-18 19:43:06,211.83,Household,30021,UPI,DEV-03-1,Android,Chennai,19,5,1,3.67,75,756.7,390.77,33,1191,3568,0,0,0,0.0,0,
TXN03-03638,3,2026-07-18 19:49:39,691.21,Pharmacy,30040,Card,DEV-03-1,Android,Chennai,19,5,1,6.55,76,755.09,391.31,22,1192,3569,0,0,0,0.0,0,
TXN03-03639,3,2026-07-18 19:56:55,690.75,Grocery,30067,UPI,DEV-03-1,Android,Chennai,19,5,1,7.27,77,754.9,390.75,7,1193,3570,0,0,0,0.0,0,
TXN03-03640,3,2026-07-19 08:00:28,1147.35,Pharmacy,30054,UPI,DEV-03-1,Android,Chennai,8,6,1,723.55,1,752.3,388.2,9,1194,3571,0,0,0,0.0,0,
TXN03-03641,3,2026-07-19 08:08:08,361.05,Grocery,30002,Card,DEV-03-6,Web,Chennai,8,6,1,7.67,2,753.46,388.22,217,166,3572,0,0,0,0.0,0,
TXN03-03642,3,2026-07-19 08:12:12,1219.29,Grocery,30014,UPI,DEV-03-2,Android,Chennai,8,6,1,4.07,3,752.31,388.23,64,736,3573,0,0,0,0.0,0,
TXN03-03643,3,2026-07-19 08:15:12,773.06,Pharmacy,30032,Card,DEV-03-1,Android,Chennai,8,6,1,3.0,4,753.67,388.48,40,1195,3574,0,0,0,0.0,1,ato_short_gap
TXN03-03644,3,2026-07-19 08:28:54,781.65,Household,30017,Card,DEV-03-5,iPhone,Chennai,8,6,1,13.7,5,753.73,387.92,33,248,3575,0,0,0,0.0,0,
TXN03-03645,3,2026-07-19 08:33:23,593.83,Grocery,30001,Card,DEV-03-6,Web,Chennai,8,6,1,4.48,6,753.81,387.36,468,167,3576,0,0,0,0.0,0,
TXN03-03646,3,2026-07-19 08:37:33,1020.84,Grocery,30042,UPI,DEV-03-6,Web,Chennai,8,6,1,4.17,7,754.47,386.89,10,168,3577,0,0,0,0.0,0,
TXN03-03647,3,2026-07-19 08:41:39,689.33,Pharmacy,30072,UPI,DEV-03-1,Android,Chennai,8,6,1,4.1,8,755.24,386.59,8,1196,3578,0,0,0,0.0,0,
TXN03-03648,3,2026-07-19 08:44:27,807.76,Grocery,30010,Card,DEV-03-1,Android,Chennai,8,6,1,2.8,9,755.32,386.58,83,1197,3579,0,0,0,0.0,0,
TXN03-03649,3,2026-07-19 09:01:25,732.99,Household,30005,Card,DEV-03-3,Android,Chennai,9,6,1,16.97,10,756.96,385.59,154,529,3580,0,0,0,0.0,0,
TXN03-03650,3,2026-07-19 09:12:54,136.71,Grocery,30014,Card,DEV-03-3,Android,Chennai,9,6,1,11.48,11,758.0,385.04,65,530,3581,0,0,0,0.0,0,
TXN03-03651,3,2026-07-19 09:19:11,490.33,Grocery,30007,Card,DEV-03-13,Android,Chennai,9,6,1,6.28,12,756.21,385.92,75,17,3582,0,0,0,0.0,0,
TXN03-03652,3,2026-07-19 09:20:35,1293.46,Household,30005,Card,DEV-03-1,Android,Chennai,9,6,1,1.4,13,754.5,385.78,155,1198,3583,0,0,0,0.0,0,
TXN03-03653,3,2026-07-19 09:30:51,1027.35,Grocery,30121,Card,DEV-03-1,Android,Chennai,9,6,1,10.27,14,756.05,386.31,2,1199,3584,0,0,0,0.0,0,
TXN03-03654,3,2026-07-19 09:47:50,530.68,Grocery,30087,Card,DEV-03-1,Android,Chennai,9,6,1,16.98,15,757.29,386.9,5,1200,3585,0,0,0,0.0,0,
TXN03-03655,3,2026-07-19 09:50:26,855.99,Pharmacy,30025,UPI,DEV-03-1,Android,Chennai,9,6,1,2.6,16,756.64,386.53,80,1201,3586,0,0,0,0.0,0,
TXN03-03656,3,2026-07-19 10:03:24,348.85,Household,30056,Card,DEV-03-4,Web,Chennai,10,6,1,12.97,17,758.62,385.27,15,356,3587,0,0,0,0.0,0,
TXN03-03657,3,2026-07-19 10:04:27,794.86,Household,30061,Card,DEV-03-4,Web,Chennai,10,6,1,1.05,18,757.44,385.34,7,357,3588,0,0,0,0.0,0,
TXN03-03658,3,2026-07-19 10:18:03,373.44,Grocery,30113,Card,DEV-03-1,Android,Chennai,10,6,1,13.6,19,757.55,384.8,3,1202,3589,0,0,0,0.0,0,
TXN03-03659,3,2026-07-19 10:36:01,522.88,Household,30013,Card,DEV-03-8,Web,Chennai,10,6,1,17.97,20,756.45,384.79,42,64,3590,0,0,0,0.0,0,
TXN03-03660,3,2026-07-19 10:38:19,820.64,Household,30038,UPI,DEV-03-2,Android,Chennai,10,6,1,2.3,21,755.79,384.45,14,737,3591,0,0,0,0.0,0,
TXN03-03661,3,2026-07-19 10:49:41,413.24,Pharmacy,30008,Card,DEV-03-2,Android,Chennai,10,6,1,11.37,22,756.91,385.05,383,738,3592,0,0,0,0.0,0,
TXN03-03662,3,2026-07-19 10:54:46,513.14,Grocery,30003,Card,DEV-03-3,Android,Chennai,10,6,1,5.08,23,755.93,384.94,137,531,3593,0,0,0,0.0,0,
TXN03-03663,3,2026-07-19 11:21:21,886.32,Pharmacy,30040,Card,DEV-03-3,Android,Chennai,11,6,1,26.58,24,756.2,385.31,23,532,3594,0,0,0,0.0,0,
TXN03-03664,3,2026-07-19 11:23:19,1413.95,Pharmacy,30025,UPI,DEV-03-1,Android,Chennai,11,6,1,1.97,25,756.58,384.81,81,1203,3595,0,0,0,0.0,0,
TXN03-03665,3,2026-07-19 11:25:12,1500.0,Grocery,30034,UPI,DEV-03-2,Android,Chennai,11,6,1,1.88,26,758.47,385.87,17,739,3596,0,0,0,0.0,0,
TXN03-03666,3,2026-07-19 11:38:03,450.21,Household,30004,UPI,DEV-03-1,Android,Chennai,11,6,1,12.85,27,758.47,385.87,298,1204,3597,0,0,0,0.0,0,
TXN03-03667,3,2026-07-19 11:47:01,1500.0,Household,30004,Card,DEV-03-5,iPhone,Chennai,11,6,1,8.97,28,758.95,385.39,299,249,3598,0,0,0,0.0,0,
TXN03-03668,3,2026-07-19 11:50:49,937.71,Grocery,30002,Card,DEV-03-8,Web,Chennai,11,6,1,3.8,29,761.08,386.87,218,65,3599,0,0,0,0.0,0,
TXN03-03669,3,2026-07-19 11:53:18,348.32,Household,30009,UPI,DEV-03-6,Web,Chennai,11,6,1,2.48,30,761.59,386.43,118,169,3600,0,0,0,0.0,0,
TXN03-03670,3,2026-07-19 11:54:38,296.67,Grocery,30002,UPI,DEV-03-1,Android,Chennai,11,6,1,1.33,31,760.41,386.51,219,1205,3601,0,0,0,0.0,0,
TXN03-03671,3,2026-07-19 11:58:45,295.78,Household,30060,UPI,DEV-03-6,Web,Chennai,11,6,1,4.12,32,759.09,386.75,15,170,3602,0,0,0,0.0,0,
TXN03-03672,3,2026-07-19 12:07:16,1367.4,Pharmacy,30008,UPI,DEV-03-1,Android,Chennai,12,6,1,8.52,33,756.15,386.35,384,1206,3603,0,0,0,0.0,0,
TXN03-03673,3,2026-07-19 12:33:32,152.41,Household,30004,UPI,DEV-03-3,Android,Chennai,12,6,1,26.27,34,757.65,387.69,300,533,3604,0,0,0,0.0,0,
TXN03-03674,3,2026-07-19 12:39:39,356.77,Pharmacy,30023,UPI,DEV-03-7,iPhone,Chennai,12,6,1,6.12,35,755.93,388.48,127,133,3605,0,0,0,0.0,0,
TXN03-03675,3,2026-07-19 12:42:34,1378.3,Grocery,30002,Card,DEV-03-7,iPhone,Chennai,12,6,1,2.92,36,754.8,388.51,220,134,3606,0,0,0,0.0,0,
TXN03-03676,3,2026-07-19 12:49:31,1105.71,Household,30074,Card,DEV-03-2,Android,Chennai,12,6,1,6.95,37,756.63,389.92,7,740,3607,0,0,0,0.0,0,
TXN03-03677,3,2026-07-19 12:55:06,583.08,Household,30017,Card,DEV-03-1,Android,Chennai,12,6,1,5.58,38,757.62,389.81,34,1207,3608,0,0,0,0.0,0,
TXN03-03678,3,2026-07-19 12:55:22,457.42,Pharmacy,30023,UPI,DEV-03-1,Android,Chennai,12,6,1,0.27,39,757.12,389.37,128,1208,3609,0,0,0,0.0,0,
TXN03-03679,3,2026-07-19 13:03:17,424.23,Pharmacy,30028,Card,DEV-03-3,Android,Chennai,13,6,1,7.92,40,756.28,389.14,56,534,3610,0,0,0,0.0,0,
TXN03-03680,3,2026-07-19 13:13:10,1004.32,Grocery,30084,UPI,DEV-03-1,Android,Chennai,13,6,1,9.88,41,756.56,388.88,5,1209,3611,0,0,0,0.0,0,
TXN03-03681,3,2026-07-19 13:24:31,311.99,Grocery,30006,UPI,DEV-03-12,Android,Chennai,13,6,1,11.35,42,756.7,388.96,94,17,3612,0,0,0,0.0,0,
TXN03-03682,3,2026-07-19 13:27:58,752.62,Grocery,30019,Card,DEV-UNK-3421,iPhone,Chennai,13,6,1,3.45,43,755.46,389.13,55,1,3613,1,0,0,0.0,1,ato_new_device
TXN03-03683,3,2026-07-19 13:33:01,996.83,Grocery,30059,UPI,DEV-03-3,Android,Chennai,13,6,1,5.05,44,755.63,389.11,13,535,3614,0,0,0,0.0,0,
TXN03-03684,3,2026-07-19 13:35:20,446.12,Household,30009,UPI,DEV-03-6,Web,Chennai,13,6,1,2.32,45,756.31,388.78,119,171,3615,0,0,0,0.0,0,
TXN03-03685,3,2026-07-19 13:44:45,621.51,Grocery,30007,UPI,DEV-03-1,Android,Chennai,13,6,1,9.42,46,755.44,388.58,76,1210,3616,0,0,0,0.0,0,
TXN03-03686,3,2026-07-19 14:03:15,240.83,Grocery,30102,Card,DEV-03-1,Android,Chennai,14,6,1,18.5,47,751.81,386.53,3,1211,3617,0,0,0,0.0,0,
TXN03-03687,3,2026-07-19 14:10:37,789.47,Pharmacy,30035,UPI,DEV-03-5,iPhone,Chennai,14,6,1,7.37,48,748.86,386.39,28,250,3618,0,0,0,0.0,0,
TXN03-03688,3,2026-07-19 14:12:53,893.06,Household,30004,UPI,DEV-03-3,Android,Chennai,14,6,1,2.27,49,749.25,386.37,301,536,3619,0,0,0,0.0,0,
TXN03-03689,3,2026-07-19 14:24:01,301.44,Household,30005,Card,DEV-03-3,Android,Chennai,14,6,1,11.13,50,750.88,385.74,156,537,3620,0,0,0,0.0,0,
TXN03-03690,3,2026-07-19 14:26:33,123.81,Grocery,30006,Card,DEV-03-5,iPhone,Chennai,14,6,1,2.53,51,749.62,385.93,95,251,3621,0,0,0,0.0,0,
TXN03-03691,3,2026-07-19 14:27:25,726.82,Grocery,30121,UPI,DEV-03-2,Android,Chennai,14,6,1,0.87,52,747.89,386.8,3,741,3622,0,0,0,0.0,0,
TXN03-03692,3,2026-07-19 15:02:48,511.12,Pharmacy,30008,Card,DEV-03-2,Android,Chennai,15,6,1,35.38,53,747.15,386.59,385,742,3623,0,0,0,0.0,0,
TXN03-03693,3,2026-07-19 15:05:44,406.48,Pharmacy,30023,UPI,DEV-03-1,Android,Mumbai,15,6,1,2.93,54,746.5,386.25,129,1212,10,0,0,0,1033.1,0,
TXN03-03694,3,2026-07-19 15:12:35,502.39,Grocery,30018,UPI,DEV-03-3,Android,Chennai,15,6,1,6.85,55,746.73,386.02,51,538,3624,0,0,0,1033.1,0,
TXN03-03695,3,2026-07-19 15:47:03,952.99,Grocery,30001,Card,DEV-03-2,Android,Chennai,15,6,1,34.47,56,747.67,385.49,469,743,3625,0,0,0,0.0,0,
TXN03-03696,3,2026-07-19 15:58:38,1063.35,Grocery,30085,Card,DEV-03-5,iPhone,Chennai,15,6,1,11.58,57,748.84,386.01,7,252,3626,0,0,0,0.0,0,
TXN03-03697,3,2026-07-19 16:44:48,637.43,Pharmacy,30070,UPI,DEV-03-5,iPhone,Chennai,16,6,1,46.17,58,751.11,386.44,5,253,3627,0,0,0,0.0,0,
TXN03-03698,3,2026-07-19 16:44:57,134.03,Grocery,30122,UPI,DEV-03-2,Android,Chennai,16,6,1,0.15,59,750.79,385.95,1,744,3628,0,0,1,0.0,0,
TXN03-03699,3,2026-07-19 16:46:33,570.78,Grocery,30042,UPI,DEV-03-4,Web,Chennai,16,6,1,1.6,60,749.07,386.78,11,358,3629,0,0,0,0.0,0,
TXN03-03700,3,2026-07-19 16:52:05,380.95,Household,30004,UPI,DEV-03-5,iPhone,Chennai,16,6,1,5.53,61,748.58,386.35,302,254,3630,0,0,0,0.0,0,
TXN03-03701,3,2026-07-19 16:56:37,892.94,Household,30038,Card,DEV-03-1,Android,Chennai,16,6,1,4.53,62,748.64,386.29,15,1213,3631,0,0,0,0.0,0,
TXN03-03702,3,2026-07-19 17:01:52,694.75,Pharmacy,30044,UPI,DEV-03-44,iPhone,Chennai,17,6,1,5.25,63,749.04,385.83,21,1,3632,1,0,0,0.0,0,
TXN03-03703,3,2026-07-19 17:02:16,565.07,Grocery,30026,UPI,DEV-03-4,Web,Chennai,17,6,1,0.4,64,748.89,385.31,23,359,3633,0,0,0,0.0,0,
TXN03-03704,3,2026-07-19 17:05:31,1393.42,Grocery,30057,Card,DEV-03-6,Web,Chennai,17,6,1,3.25,65,748.38,384.9,5,172,3634,0,0,0,0.0,0,
TXN03-03705,3,2026-07-19 17:06:31,208.58,Pharmacy,30080,Card,DEV-03-1,Android,Chennai,17,6,1,1.0,66,750.15,385.85,5,1214,3635,0,0,0,0.0,0,
TXN03-03706,3,2026-07-19 17:10:21,487.49,Grocery,30071,Card,DEV-03-4,Web,Chennai,17,6,1,3.83,67,748.67,386.36,8,360,3636,0,0,0,0.0,0,
TXN03-03707,3,2026-07-19 17:16:47,542.43,Pharmacy,30028,UPI,DEV-03-4,Web,Chennai,17,6,1,6.43,68,748.31,385.91,57,361,3637,0,0,0,0.0,0,
TXN03-03708,3,2026-07-19 17:19:32,1193.39,Pharmacy,30008,Card,DEV-03-4,Web,Chennai,17,6,1,2.75,69,747.75,385.53,386,362,3638,0,0,0,0.0,0,
TXN03-03709,3,2026-07-19 17:20:08,248.83,Pharmacy,30063,UPI,DEV-03-2,Android,Chennai,17,6,1,0.6,70,748.97,385.71,11,745,3639,0,0,0,0.0,0,
TXN03-03710,3,2026-07-19 17:51:35,595.93,Household,30039,Card,DEV-03-7,iPhone,Chennai,17,6,1,31.45,71,745.55,384.58,19,135,3640,0,0,0,0.0,0,
TXN03-03711,3,2026-07-19 17:52:22,1433.74,Grocery,30001,UPI,DEV-03-4,Web,Chennai,17,6,1,0.78,72,745.14,384.13,470,363,3641,0,0,0,0.0,0,
TXN03-03712,3,2026-07-19 17:56:00,205.34,Grocery,30020,Card,DEV-03-2,Android,Chennai,17,6,1,3.63,73,747.01,385.28,30,746,3642,0,0,0,0.0,0,
TXN03-03713,3,2026-07-19 17:57:52,1460.64,Household,30060,Card,DEV-03-8,Web,Chennai,17,6,1,1.87,74,745.54,385.79,16,66,3643,0,0,0,0.0,0,
TXN03-03714,3,2026-07-19 18:19:04,620.87,Grocery,30001,Card,DEV-03-4,Web,Chennai,18,6,1,21.2,75,747.24,385.22,471,364,3644,0,0,0,0.0,0,
TXN03-03715,3,2026-07-19 18:19:25,559.8,Grocery,30003,Card,DEV-03-3,Android,Chennai,18,6,1,0.35,76,746.9,384.75,138,539,3645,0,0,0,0.0,0,
TXN03-03716,3,2026-07-19 18:21:57,907.45,Grocery,30006,UPI,DEV-03-1,Android,Chennai,18,6,1,2.53,77,746.39,384.35,96,1215,3646,0,0,0,0.0,0,
TXN03-03717,3,2026-07-19 18:36:21,773.49,Grocery,30123,UPI,DEV-03-1,Android,Chennai,18,6,1,14.4,78,747.93,385.79,1,1216,3647,0,0,1,0.0,0,
TXN03-03718,3,2026-07-19 18:36:49,918.98,Grocery,30118,Card,DEV-03-1,Android,Chennai,18,6,1,0.47,79,748.0,385.27,2,1217,3648,0,0,0,0.0,0,
TXN03-03719,3,2026-07-19 18:38:58,516.52,Household,30004,Card,DEV-03-1,Android,Chennai,18,6,1,2.15,80,748.46,384.85,303,1218,3649,0,0,0,0.0,0,
TXN03-03720,3,2026-07-19 18:47:27,569.52,Grocery,30051,UPI,DEV-03-4,Web,Chennai,18,6,1,8.48,81,747.83,384.52,7,365,3650,0,0,0,0.0,0,
TXN03-03721,3,2026-07-19 19:01:14,1500.0,Grocery,30022,UPI,DEV-03-1,Android,Chennai,19,6,1,13.78,82,746.03,385.17,38,1219,3651,0,0,0,0.0,0,
TXN03-03722,3,2026-07-19 19:12:31,604.48,Household,30004,UPI,DEV-03-18,iPhone,Chennai,19,6,1,11.28,83,748.08,386.64,304,3,3652,0,0,0,0.0,0,
TXN03-03723,3,2026-07-19 19:18:48,1190.76,Grocery,30059,UPI,DEV-03-1,Android,Chennai,19,6,1,6.28,84,747.69,386.19,14,1220,3653,0,0,0,0.0,0,
TXN03-03724,3,2026-07-19 19:27:40,288.49,Pharmacy,30008,Card,DEV-03-1,Android,Chennai,19,6,1,8.87,85,748.88,386.35,387,1221,3654,0,0,0,0.0,0,
TXN03-03725,3,2026-07-19 19:36:19,1500.0,Grocery,30003,Card,DEV-03-1,Android,Chennai,19,6,1,8.65,86,747.65,386.57,139,1222,3655,0,0,0,0.0,0,
TXN03-03726,3,2026-07-19 19:40:59,506.35,Grocery,30006,Card,DEV-03-6,Web,Chennai,19,6,1,4.67,87,749.66,388.0,97,173,3656,0,0,0,0.0,0,
TXN03-03727,3,2026-07-19 19:43:15,307.11,Grocery,30006,Card,DEV-03-6,Web,Chennai,19,6,1,2.27,88,749.01,387.69,98,174,3657,0,0,0,0.0,0,
TXN03-03728,3,2026-07-20 08:03:55,816.56,Household,30005,UPI,DEV-03-3,Android,Chennai,8,0,0,740.67,1,748.79,388.29,157,540,3658,0,0,0,0.0,0,
TXN03-03729,3,2026-07-20 08:17:23,167.31,Grocery,30001,Card,DEV-03-1,Android,Chennai,8,0,0,13.47,2,749.79,387.99,472,1223,3659,0,0,0,0.0,0,
TXN03-03730,3,2026-07-20 08:44:49,376.97,Household,30016,Card,DEV-03-1,Android,Chennai,8,0,0,27.43,3,745.04,387.35,46,1224,3660,0,0,0,0.0,0,
TXN03-03731,3,2026-07-20 09:03:27,558.41,Household,30076,Card,DEV-03-1,Android,Chennai,9,0,0,18.63,4,744.43,387.75,4,1225,3661,0,0,0,0.0,0,
TXN03-03732,3,2026-07-20 09:14:33,341.23,Grocery,30096,UPI,DEV-03-2,Android,Chennai,9,0,0,11.1,5,743.36,387.71,2,747,3662,0,0,0,0.0,0,
TXN03-03733,3,2026-07-20 10:56:52,1072.91,Grocery,30085,UPI,DEV-03-4,Web,Chennai,10,0,0,102.32,6,739.16,385.2,8,366,3663,0,0,0,0.0,0,
TXN03-03734,3,2026-07-20 11:28:26,265.85,Grocery,30067,UPI,DEV-03-6,Web,Chennai,11,0,0,31.57,7,740.07,385.07,8,175,3664,0,0,0,0.0,0,
TXN03-03735,3,2026-07-20 11:33:13,282.21,Household,30004,Card,DEV-03-2,Android,Chennai,11,0,0,4.78,8,738.78,385.34,305,748,3665,0,0,0,0.0,0,
TXN03-03736,3,2026-07-20 11:46:34,658.96,Household,30004,Card,DEV-03-2,Android,Chennai,11,0,0,13.35,9,735.97,386.01,306,749,3666,0,0,0,0.0,0,
TXN03-03737,3,2026-07-20 11:48:08,1322.95,Household,30124,Card,DEV-03-1,Android,Chennai,11,0,0,1.57,10,735.76,385.5,1,1226,3667,0,0,1,0.0,0,
TXN03-03738,3,2026-07-20 11:55:24,786.61,Household,30011,UPI,DEV-03-4,Web,Chennai,11,0,0,7.27,11,737.36,386.19,66,367,3668,0,0,0,0.0,0,
TXN03-03739,3,2026-07-20 12:00:14,525.01,Pharmacy,30028,Card,DEV-03-9,Web,Chennai,12,0,0,4.83,12,737.49,385.67,58,42,3669,0,0,0,0.0,0,
TXN03-03740,3,2026-07-20 12:13:12,1353.5,Grocery,30001,Card,DEV-03-4,Web,Chennai,12,0,0,12.97,13,739.48,384.75,473,368,3670,0,0,0,0.0,0,
TXN03-03741,3,2026-07-20 12:31:19,406.09,Grocery,30057,UPI,DEV-03-1,Android,Chennai,12,0,0,18.12,14,741.15,385.56,6,1227,3671,0,0,0,0.0,0,
TXN03-03742,3,2026-07-20 12:34:03,673.64,Pharmacy,30035,UPI,DEV-03-16,Web,Chennai,12,0,0,2.73,15,740.24,385.43,29,3,3672,0,0,0,0.0,0,
TXN03-03743,3,2026-07-20 12:43:53,469.2,Grocery,30042,UPI,DEV-03-7,iPhone,Chennai,12,0,0,9.83,16,740.06,384.92,12,136,3673,0,0,0,0.0,0,
TXN03-03744,3,2026-07-20 12:56:12,502.44,Pharmacy,30025,Card,DEV-03-5,iPhone,Chennai,12,0,0,12.32,17,739.27,385.18,82,255,3674,0,0,0,0.0,0,
TXN03-03745,3,2026-07-20 13:19:08,1443.14,Grocery,30001,UPI,DEV-03-1,Android,Chennai,13,0,0,22.93,18,737.09,384.03,474,1228,3675,0,0,0,0.0,0,
TXN03-03746,3,2026-07-20 13:37:17,261.3,Gaming Subscription,30001,UPI,DEV-03-1,Android,Chennai,13,0,0,18.15,19,739.86,385.46,475,1229,3676,0,0,0,0.0,1,gaming_subscription
TXN03-03747,3,2026-07-20 13:48:15,707.84,Pharmacy,30028,Card,DEV-03-5,iPhone,Chennai,13,0,0,10.97,20,738.57,385.74,59,256,3677,0,0,0,0.0,0,
TXN03-03748,3,2026-07-20 14:04:42,520.33,Household,30013,Card,DEV-03-1,Android,Chennai,14,0,0,16.45,21,738.48,385.23,43,1230,3678,0,0,0,0.0,0,
TXN03-03749,3,2026-07-20 14:23:55,536.87,Household,30005,UPI,DEV-03-5,iPhone,Chennai,14,0,0,19.22,22,737.9,384.88,158,257,3679,0,0,0,0.0,0,
TXN03-03750,3,2026-07-20 14:45:39,946.26,Household,30061,UPI,DEV-03-3,Android,Chennai,14,0,0,21.73,23,737.36,384.5,8,541,3680,0,0,0,0.0,0,
TXN03-03751,3,2026-07-20 15:01:55,820.18,Grocery,30001,Card,DEV-03-4,Web,Chennai,15,0,0,16.27,24,739.19,384.64,476,369,3681,0,0,0,0.0,0,
TXN03-03752,3,2026-07-20 15:17:30,688.6,Grocery,30015,Card,DEV-03-6,Web,Chennai,15,0,0,15.58,25,739.4,384.15,47,176,3682,0,0,0,0.0,0,
TXN03-03753,3,2026-07-20 15:18:50,455.07,Grocery,30003,UPI,DEV-03-1,Android,Chennai,15,0,0,1.33,26,738.8,384.05,140,1231,3683,0,0,0,0.0,0,
TXN03-03754,3,2026-07-20 15:33:44,351.03,Pharmacy,30028,Card,DEV-03-3,Android,Chennai,15,0,0,14.9,27,736.0,382.29,60,542,3684,0,0,0,0.0,0,
TXN03-03755,3,2026-07-20 15:43:14,869.6,Grocery,30001,Card,DEV-03-2,Android,Chennai,15,0,0,9.5,28,734.97,382.3,477,750,3685,0,0,0,0.0,0,
TXN03-03756,3,2026-07-20 15:53:54,324.26,Grocery,30053,UPI,DEV-03-5,iPhone,Chennai,15,0,0,10.67,29,735.33,381.85,10,258,3686,0,0,0,0.0,0,
TXN03-03757,3,2026-07-20 16:08:41,679.02,Grocery,30112,UPI,DEV-03-11,Web,Chennai,16,0,0,14.78,30,734.24,381.93,2,26,3687,0,0,0,0.0,0,
TXN03-03758,3,2026-07-20 17:29:02,653.57,Household,30009,Card,DEV-03-1,Android,Chennai,17,0,0,80.35,31,734.37,381.82,120,1232,3688,0,0,0,0.0,0,
TXN03-03759,3,2026-07-20 17:53:52,413.12,Grocery,30002,Card,DEV-03-2,Android,Chennai,17,0,0,24.83,32,733.63,381.71,221,751,3689,0,0,0,0.0,0,
TXN03-03760,3,2026-07-20 18:02:01,967.45,Household,30045,Card,DEV-03-1,Android,Chennai,18,0,0,8.15,33,732.78,381.55,14,1233,3690,0,0,0,0.0,0,
TXN03-03761,3,2026-07-20 18:08:19,790.6,Pharmacy,30072,UPI,DEV-03-1,Android,Chennai,18,0,0,6.3,34,733.4,381.24,9,1234,3691,0,0,0,0.0,0,
TXN03-03762,3,2026-07-20 18:43:58,339.14,Grocery,30030,Card,DEV-03-3,Android,Chennai,18,0,0,35.65,35,733.55,380.75,11,543,3692,0,0,0,0.0,0,
TXN03-03763,3,2026-07-20 19:11:56,963.19,Pharmacy,30023,Card,DEV-03-4,Web,Chennai,19,0,0,27.97,36,730.39,379.73,130,370,3693,0,0,0,0.0,0,
TXN03-03764,3,2026-07-20 19:26:40,373.74,Grocery,30001,Card,DEV-03-5,iPhone,Chennai,19,0,0,14.73,37,731.0,379.41,478,259,3694,0,0,0,0.0,0,
TXN03-03765,3,2026-07-20 19:59:49,291.72,Grocery,30001,Card,DEV-03-1,Android,Chennai,19,0,0,33.15,38,731.99,380.12,479,1235,3695,0,0,0,0.0,0,
TXN03-03766,3,2026-07-20 23:53:19,763.71,Airport,30001,UPI,DEV-03-1,Android,Delhi,23,0,0,233.5,39,731.46,380.6,480,1236,4,0,0,0,1767.65,1,airport_txn
TXN03-03767,3,2026-07-21 00:11:11,1156.75,Fuel,30001,UPI,DEV-03-1,Android,Chennai,0,1,0,17.87,1,731.54,380.1,481,1237,3696,0,0,0,1767.65,1,midnight_fuel
TXN03-03768,3,2026-07-21 08:01:17,292.3,Household,30005,UPI,DEV-03-2,Android,Chennai,8,1,0,470.1,2,733.14,380.61,159,752,3697,0,0,0,0.0,0,
TXN03-03769,3,2026-07-21 08:10:52,386.62,Pharmacy,30058,Card,DEV-03-45,iPhone,Chennai,8,1,0,9.58,3,731.78,381.27,9,1,3698,1,0,0,0.0,0,
TXN03-03770,3,2026-07-21 08:51:37,1057.95,Grocery,30041,UPI,DEV-03-15,Android,Chennai,8,1,0,40.75,4,730.71,381.67,18,10,3699,0,0,0,0.0,0,
TXN03-03771,3,2026-07-21 09:01:37,476.73,Household,30119,UPI,DEV-03-1,Android,Chennai,9,1,0,10.0,5,731.57,381.53,2,1238,3700,0,0,0,0.0,0,
TXN03-03772,3,2026-07-21 09:05:59,1193.32,Grocery,30002,UPI,DEV-03-1,Android,Chennai,9,1,0,4.37,6,730.9,381.25,222,1239,3701,0,0,0,0.0,0,
TXN03-03773,3,2026-07-21 09:11:26,561.54,Pharmacy,30072,UPI,DEV-03-8,Web,Chennai,9,1,0,5.45,7,732.12,381.49,10,67,3702,0,0,0,0.0,0,
TXN03-03774,3,2026-07-21 09:11:44,305.59,Gaming Subscription,30001,UPI,DEV-03-1,Android,Chennai,9,1,0,0.3,8,731.67,381.09,482,1240,3703,0,0,0,0.0,1,gaming_subscription
TXN03-03775,3,2026-07-21 09:16:21,431.03,Household,30005,Card,DEV-03-2,Android,Chennai,9,1,0,4.62,9,730.55,381.21,160,753,3704,0,0,0,0.0,0,
TXN03-03776,3,2026-07-21 09:29:53,1411.31,Household,30064,Card,DEV-03-4,Web,Chennai,9,1,0,13.53,10,727.75,379.47,10,371,3705,0,0,0,0.0,0,
TXN03-03777,3,2026-07-21 09:47:15,1011.3,Household,30004,UPI,DEV-03-1,Android,Chennai,9,1,0,17.37,11,728.41,380.39,307,1241,3706,0,0,0,0.0,0,
TXN03-03778,3,2026-07-21 10:12:31,459.45,Grocery,30001,Card,DEV-03-1,Android,Chennai,10,1,0,25.27,12,727.33,380.86,483,1242,3707,0,0,0,0.0,0,
TXN03-03779,3,2026-07-21 10:48:06,1500.0,Household,30009,UPI,DEV-03-3,Android,Chennai,10,1,0,35.58,13,726.62,380.61,121,544,3708,0,0,0,0.0,0,
TXN03-03780,3,2026-07-21 11:13:04,414.95,Grocery,30002,Card,DEV-03-1,Android,Chennai,11,1,0,24.97,14,730.04,381.96,223,1243,3709,0,0,0,0.0,0,
TXN03-03781,3,2026-07-21 11:57:45,443.84,Grocery,30001,UPI,DEV-03-7,iPhone,Chennai,11,1,0,44.68,15,729.97,382.64,484,137,3710,0,0,0,0.0,0,
TXN03-03782,3,2026-07-21 12:07:42,1462.58,Household,30061,UPI,DEV-03-1,Android,Chennai,12,1,0,9.95,16,728.5,382.67,9,1244,3711,0,0,0,0.0,0,
TXN03-03783,3,2026-07-21 12:10:23,493.59,Household,30009,UPI,DEV-03-2,Android,Chennai,12,1,0,2.68,17,730.33,384.52,122,754,3712,0,0,0,0.0,0,
TXN03-03784,3,2026-07-21 12:10:30,564.84,Grocery,30002,Card,DEV-03-1,Android,Chennai,12,1,0,0.12,18,729.71,384.2,224,1245,3713,0,0,0,0.0,0,
TXN03-03785,3,2026-07-21 12:36:41,1500.0,Grocery,30001,Card,DEV-03-1,Android,Chennai,12,1,0,26.18,19,729.27,383.79,485,1246,3714,0,0,0,0.0,0,
TXN03-03786,3,2026-07-21 12:43:33,243.62,Household,30073,Card,DEV-03-1,Android,Chennai,12,1,0,6.87,20,731.27,385.81,8,1247,3715,0,0,0,0.0,0,
TXN03-03787,3,2026-07-21 12:49:56,1124.42,Household,30004,Card,DEV-03-2,Android,Chennai,12,1,0,6.38,21,729.99,386.11,308,755,3716,0,0,0,0.0,0,
TXN03-03788,3,2026-07-21 12:50:03,751.85,Grocery,30006,UPI,DEV-03-1,Android,Chennai,12,1,0,0.12,22,731.03,386.13,99,1248,3717,0,0,0,0.0,0,
TXN03-03789,3,2026-07-21 12:55:30,285.9,Grocery,30037,Card,DEV-03-3,Android,Chennai,12,1,0,5.45,23,731.08,385.63,18,545,3718,0,0,0,0.0,0,
TXN03-03790,3,2026-07-21 13:05:31,336.28,Pharmacy,30054,Card,DEV-03-2,Android,Chennai,13,1,0,10.02,24,729.92,385.8,10,756,3719,0,0,0,0.0,0,
TXN03-03791,3,2026-07-21 13:14:39,273.43,Household,30029,Card,DEV-03-1,Android,Chennai,13,1,0,9.13,25,728.9,385.82,25,1249,3720,0,0,0,0.0,0,
TXN03-03792,3,2026-07-21 13:16:01,539.18,Household,30073,UPI,DEV-03-4,Web,Chennai,13,1,0,1.37,26,728.85,385.87,9,372,3721,0,0,0,0.0,0,
TXN03-03793,3,2026-07-21 13:22:17,1406.92,Grocery,30062,Card,DEV-03-6,Web,Chennai,13,1,0,6.27,27,728.36,385.49,12,177,3722,0,0,0,0.0,0,
TXN03-03794,3,2026-07-21 13:23:00,213.69,Household,30016,UPI,DEV-03-1,Android,Chennai,13,1,0,0.72,28,730.12,386.53,47,1250,3723,0,0,0,0.0,0,
TXN03-03795,3,2026-07-21 13:30:12,307.34,Grocery,30059,Card,DEV-03-4,Web,Chennai,13,1,0,7.2,29,728.78,386.92,15,373,3724,0,0,0,0.0,0,
TXN03-03796,3,2026-07-21 13:32:57,748.33,Grocery,30041,Card,DEV-03-1,Android,Chennai,13,1,0,2.75,30,727.7,387.01,19,1251,3725,0,0,0,0.0,0,
TXN03-03797,3,2026-07-21 13:59:16,768.83,Pharmacy,30046,Card,DEV-03-2,Android,Chennai,13,1,0,26.32,31,727.75,386.51,10,757,3726,0,0,0,0.0,0,
TXN03-03798,3,2026-07-21 14:23:32,277.22,Pharmacy,30065,Card,DEV-03-8,Web,Chennai,14,1,0,24.27,32,727.65,385.9,11,68,3727,0,0,0,0.0,0,
TXN03-03799,3,2026-07-21 14:26:45,428.1,Grocery,30001,Card,DEV-03-2,Android,Chennai,14,1,0,3.22,33,726.5,386.07,486,758,3728,0,0,0,0.0,0,
TXN03-03800,3,2026-07-21 14:34:21,2130.99,Grocery,30169,UPI,DEV-03-4,Web,Chennai,14,1,0,7.6,34,723.82,385.03,1,374,3729,0,0,1,0.0,1,ato_new_merchant_same_category_higher_amount
TXN03-03801,3,2026-07-21 14:43:58,596.35,Grocery,30003,Card,DEV-03-1,Android,Chennai,14,1,0,9.62,35,727.44,391.08,141,1252,3730,0,0,0,0.0,0,
TXN03-03802,3,2026-07-21 15:25:10,225.6,Household,30056,Card,DEV-03-1,Android,Chennai,15,1,0,41.2,36,728.68,391.38,16,1253,3731,0,0,0,0.0,0,
TXN03-03803,3,2026-07-21 15:27:45,505.57,Pharmacy,30008,Card,DEV-03-3,Android,Chennai,15,1,0,2.58,37,727.38,391.7,388,546,3732,0,0,0,0.0,0,
TXN03-03804,3,2026-07-21 15:35:32,494.65,Grocery,30002,Card,DEV-03-2,Android,Chennai,15,1,0,7.78,38,725.27,390.71,225,759,3733,0,0,0,0.0,0,
TXN03-03805,3,2026-07-21 15:37:01,819.96,Pharmacy,30008,UPI,DEV-03-3,Android,Chandigarh,15,1,0,1.48,39,724.68,390.38,389,547,5,0,0,0,1995.05,0,
TXN03-03806,3,2026-07-21 15:42:16,1380.33,Grocery,30001,UPI,DEV-03-2,Android,Chennai,15,1,0,5.25,40,724.92,389.91,487,760,3734,0,0,0,1995.05,0,
TXN03-03807,3,2026-07-21 15:43:03,567.96,Household,30077,UPI,DEV-03-3,Android,Chennai,15,1,0,0.78,41,726.61,390.82,7,548,3735,0,0,0,0.0,0,
TXN03-03808,3,2026-07-21 15:45:06,714.73,Grocery,30001,Card,DEV-03-6,Web,Chennai,15,1,0,2.05,42,726.2,390.4,488,178,3736,0,0,0,0.0,0,
TXN03-03809,3,2026-07-21 15:47:17,1478.14,Grocery,30002,UPI,DEV-03-3,Android,Chennai,15,1,0,2.18,43,726.17,389.9,226,549,3737,0,0,0,0.0,0,
TXN03-03810,3,2026-07-21 15:49:30,625.7,Grocery,30047,UPI,DEV-03-2,Android,Chennai,15,1,0,2.22,44,728.09,391.24,15,761,3738,0,0,0,0.0,0,
TXN03-03811,3,2026-07-21 15:57:46,784.32,Grocery,30003,Card,DEV-03-1,Android,Chennai,15,1,0,8.27,45,727.83,390.78,142,1254,3739,0,0,0,0.0,0,
TXN03-03812,3,2026-07-21 16:16:31,1158.61,Household,30005,UPI,DEV-03-7,iPhone,Chennai,16,1,0,18.75,46,727.97,390.29,161,138,3740,0,0,0,0.0,0,
TXN03-03813,3,2026-07-21 16:19:20,448.39,Household,30004,Card,DEV-03-2,Android,Chennai,16,1,0,2.82,47,729.06,390.4,309,762,3741,0,0,0,0.0,0,
TXN03-03814,3,2026-07-21 16:22:54,1012.35,Grocery,30043,UPI,DEV-03-1,Android,Chennai,16,1,0,3.57,48,728.35,390.16,10,1255,3742,0,0,0,0.0,0,
TXN03-03815,3,2026-07-21 17:05:55,851.84,Household,30021,Card,DEV-03-1,Android,Chennai,17,1,0,43.02,49,729.57,390.27,34,1256,3743,0,0,0,0.0,0,
TXN03-03816,3,2026-07-21 17:41:36,733.35,Grocery,30015,UPI,DEV-03-1,Android,Chennai,17,1,0,35.68,50,727.43,389.27,48,1257,3744,0,0,0,0.0,0,
TXN03-03817,3,2026-07-21 17:47:29,616.98,Grocery,30053,Card,DEV-03-4,Web,Chennai,17,1,0,5.88,51,727.44,388.77,11,375,3745,0,0,0,0.0,0,
TXN03-03818,3,2026-07-21 18:39:54,345.87,Household,30045,Card,DEV-03-4,Web,Chennai,18,1,0,52.42,52,727.99,388.84,15,376,3746,0,0,0,0.0,0,
TXN03-03819,3,2026-07-21 18:39:59,820.77,Household,30082,UPI,DEV-03-2,Android,Chennai,18,1,0,0.08,53,727.02,388.82,3,763,3747,0,0,0,0.0,0,
TXN03-03820,3,2026-07-21 18:45:44,395.53,Grocery,30101,UPI,DEV-03-1,Android,Chennai,18,1,0,5.75,54,725.5,387.29,3,1258,3748,0,0,0,0.0,0,
TXN03-03821,3,2026-07-21 18:46:38,252.7,Household,30013,Card,DEV-03-1,Android,Chennai,18,1,0,0.9,55,724.66,387.15,44,1259,3749,0,0,0,0.0,0,
TXN03-03822,3,2026-07-21 18:52:46,887.61,Grocery,30047,UPI,DEV-03-1,Android,Chennai,18,1,0,6.13,56,723.46,387.39,16,1260,3750,0,0,0,0.0,0,
TXN03-03823,3,2026-07-21 19:04:38,218.98,Grocery,30001,UPI,DEV-03-7,iPhone,Chennai,19,1,0,11.87,57,724.6,387.21,489,139,3751,0,0,0,0.0,0,
TXN03-03824,3,2026-07-21 19:06:05,995.79,Grocery,30003,UPI,DEV-03-2,Android,Chennai,19,1,0,1.45,58,723.32,387.55,143,764,3752,0,0,0,0.0,0,
TXN03-03825,3,2026-07-21 19:16:28,898.0,Pharmacy,30044,Card,DEV-03-1,Android,Chennai,19,1,0,10.38,59,725.22,387.05,22,1261,3753,0,0,0,0.0,0,
TXN03-03826,3,2026-07-21 19:25:44,1471.92,Pharmacy,30025,UPI,DEV-03-2,Android,Chennai,19,1,0,9.27,60,725.66,386.65,83,765,3754,0,0,0,0.0,0,
TXN03-03827,3,2026-07-21 19:46:56,1203.29,Pharmacy,30023,Card,DEV-03-2,Android,Chennai,19,1,0,21.2,61,728.53,388.59,131,766,3755,0,0,0,0.0,0,
TXN03-03828,3,2026-07-21 19:54:05,1081.44,Household,30029,Card,DEV-03-3,Android,Chennai,19,1,0,7.15,62,728.33,388.32,26,550,3756,0,0,0,0.0,0,
TXN03-03829,3,2026-07-22 08:05:43,838.56,Grocery,30010,Card,DEV-03-5,iPhone,Chennai,8,2,0,731.63,1,728.59,389.62,84,260,3757,0,0,0,0.0,0,
TXN03-03830,3,2026-07-22 08:05:49,557.48,Grocery,30001,UPI,DEV-03-4,Web,Chennai,8,2,0,0.1,2,728.87,389.16,490,377,3758,0,0,0,0.0,0,
TXN03-03831,3,2026-07-22 08:15:57,474.17,Household,30093,UPI,DEV-03-2,Android,Chennai,8,2,0,10.13,3,728.44,388.76,6,767,3759,0,0,0,0.0,0,
TXN03-03832,3,2026-07-22 08:17:55,466.27,Grocery,30001,Card,DEV-03-6,Web,Chennai,8,2,0,1.97,4,727.79,388.48,491,179,3760,0,0,0,0.0,0,
TXN03-03833,3,2026-07-22 08:43:13,566.75,Grocery,30001,UPI,DEV-03-1,Android,Chennai,8,2,0,25.3,5,727.95,388.37,492,1262,3761,0,0,0,0.0,0,
TXN03-03834,3,2026-07-22 08:46:13,470.83,Grocery,30109,UPI,DEV-03-9,Web,Chennai,8,2,0,3.0,6,727.54,387.96,3,43,3762,0,0,0,0.0,0,
TXN03-03835,3,2026-07-22 08:52:50,621.56,Household,30082,Card,DEV-03-7,iPhone,Chennai,8,2,0,6.62,7,726.5,388.23,4,140,3763,0,0,0,0.0,0,
TXN03-03836,3,2026-07-22 08:56:20,459.53,Household,30004,UPI,DEV-03-46,Web,Chennai,8,2,0,3.5,8,726.24,387.77,310,1,3764,1,0,0,0.0,0,
TXN03-03837,3,2026-07-22 09:12:05,1062.87,Pharmacy,30035,Card,DEV-03-2,Android,Chennai,9,2,0,15.75,9,725.57,387.51,30,768,3765,0,0,0,0.0,0,
TXN03-03838,3,2026-07-22 09:15:16,1223.0,Grocery,30019,UPI,DEV-03-8,Web,Chennai,9,2,0,3.18,10,724.86,386.64,56,69,3766,0,0,0,0.0,0,
TXN03-03839,3,2026-07-22 09:45:32,738.78,Pharmacy,30008,UPI,DEV-03-2,Android,Chennai,9,2,0,30.27,11,725.77,386.64,390,769,3767,0,0,0,0.0,0,
TXN03-03840,3,2026-07-22 09:54:33,427.94,Grocery,30052,UPI,DEV-03-4,Web,Chennai,9,2,0,9.02,12,726.65,386.27,12,378,3768,0,0,0,0.0,0,
TXN03-03841,3,2026-07-22 10:02:35,508.2,Pharmacy,30008,UPI,DEV-03-9,Web,Chennai,10,2,0,8.03,13,725.9,386.07,391,44,3769,0,0,0,0.0,0,
TXN03-03842,3,2026-07-22 10:10:48,1327.32,Household,30012,Card,DEV-03-5,iPhone,Chennai,10,2,0,8.22,14,725.35,385.74,58,261,3770,0,0,0,0.0,0,
TXN03-03843,3,2026-07-22 10:14:07,324.12,Pharmacy,30008,Card,DEV-03-3,Android,Chennai,10,2,0,3.32,15,726.86,386.43,392,551,3771,0,0,0,0.0,0,
TXN03-03844,3,2026-07-22 10:17:03,578.07,Grocery,30002,Card,DEV-03-3,Android,Chennai,10,2,0,2.93,16,725.85,386.47,227,552,3772,0,0,0,0.0,0,
TXN03-03845,3,2026-07-22 10:19:00,551.15,Household,30100,UPI,DEV-03-1,Android,Chennai,10,2,0,1.95,17,725.48,386.06,4,1263,3773,0,0,0,0.0,0,
TXN03-03846,3,2026-07-22 10:27:52,1047.33,Grocery,30026,Card,DEV-03-1,Android,Chennai,10,2,0,8.87,18,725.04,385.67,24,1264,3774,0,0,0,0.0,0,
TXN03-03847,3,2026-07-22 10:28:10,825.18,Pharmacy,30099,UPI,DEV-03-5,iPhone,Chennai,10,2,0,0.3,19,725.85,385.53,2,262,3775,0,0,0,0.0,0,
TXN03-03848,3,2026-07-22 10:33:13,368.25,Pharmacy,30025,UPI,DEV-03-2,Android,Chennai,10,2,0,5.05,20,724.17,383.61,84,770,3776,0,0,0,0.0,0,
TXN03-03849,3,2026-07-22 10:36:00,246.65,Household,30012,Card,DEV-03-2,Android,Chennai,10,2,0,2.78,21,723.28,383.55,59,771,3777,0,0,0,0.0,0,
TXN03-03850,3,2026-07-22 10:46:35,1453.1,Pharmacy,30040,UPI,DEV-03-6,Web,Chennai,10,2,0,10.58,22,722.1,383.8,24,180,3778,0,0,0,0.0,0,
TXN03-03851,3,2026-07-22 11:21:21,862.55,Grocery,30001,Card,DEV-03-8,Web,Chennai,11,2,0,34.77,23,722.87,384.96,493,70,3779,0,0,0,0.0,0,
TXN03-03852,3,2026-07-22 11:24:30,315.83,Grocery,30001,Card,DEV-03-1,Android,Chennai,11,2,0,3.15,24,722.6,384.82,494,1265,3780,0,0,0,0.0,0,
TXN03-03853,3,2026-07-22 11:48:16,387.46,Pharmacy,30008,Card,DEV-03-2,Android,Chennai,11,2,0,23.77,25,721.6,384.88,393,772,3781,0,0,0,0.0,0,
TXN03-03854,3,2026-07-22 12:05:17,360.13,Pharmacy,30031,UPI,DEV-03-3,Android,Chennai,12,2,0,17.02,26,721.15,385.16,37,553,3782,0,0,0,0.0,0,
TXN03-03855,3,2026-07-22 12:11:35,1085.32,Pharmacy,30008,Card,DEV-03-1,Android,Chennai,12,2,0,6.3,27,720.26,385.1,394,1266,3783,0,0,0,0.0,0,
TXN03-03856,3,2026-07-22 12:31:55,1275.52,Household,30004,UPI,DEV-03-1,Android,Chennai,12,2,0,20.33,28,721.76,385.34,311,1267,3784,0,0,0,0.0,0,
TXN03-03857,3,2026-07-22 12:36:57,798.57,Grocery,30003,UPI,DEV-03-5,iPhone,Chennai,12,2,0,5.03,29,723.12,385.84,144,263,3785,0,0,0,0.0,0,
TXN03-03858,3,2026-07-22 12:44:46,950.26,Household,30011,UPI,DEV-03-5,iPhone,Chennai,12,2,0,7.82,30,723.31,385.38,67,264,3786,0,0,0,0.0,0,
TXN03-03859,3,2026-07-22 12:57:50,267.92,Household,30005,UPI,DEV-03-2,Android,Chennai,12,2,0,13.07,31,723.86,385.08,162,773,3787,0,0,0,0.0,0,
TXN03-03860,3,2026-07-22 12:58:16,491.97,Grocery,30002,Card,DEV-03-2,Android,Chennai,12,2,0,0.43,32,722.75,385.26,228,774,3788,0,0,0,0.0,0,
TXN03-03861,3,2026-07-22 13:37:21,1490.06,Pharmacy,30008,Card,DEV-03-1,Android,Chennai,13,2,0,39.08,33,722.86,385.75,395,1268,3789,0,0,0,0.0,0,
TXN03-03862,3,2026-07-22 13:50:47,433.75,Pharmacy,30025,UPI,DEV-03-8,Web,Chennai,13,2,0,13.43,34,725.59,387.24,85,71,3790,0,0,0,0.0,0,
TXN03-03863,3,2026-07-22 13:58:35,767.08,Household,30004,Card,DEV-03-2,Android,Chennai,13,2,0,7.8,35,725.32,387.4,312,775,3791,0,0,0,0.0,0,
TXN03-03864,3,2026-07-22 14:06:12,1017.18,Grocery,30027,UPI,DEV-03-4,Web,Chennai,14,2,0,7.62,36,725.42,386.93,19,379,3792,0,0,0,0.0,0,
TXN03-03865,3,2026-07-22 14:07:45,973.78,Pharmacy,30032,Card,DEV-03-17,Android,Chennai,14,2,0,1.55,37,726.13,386.73,41,5,3793,0,0,0,0.0,0,
TXN03-03866,3,2026-07-22 14:09:08,604.95,Pharmacy,30055,UPI,DEV-03-3,Android,Chennai,14,2,0,1.38,38,726.74,386.45,10,554,3794,0,0,0,0.0,0,
TXN03-03867,3,2026-07-22 14:09:25,574.37,Grocery,30003,Card,DEV-03-2,Android,Chennai,14,2,0,0.28,39,726.44,386.03,145,776,3795,0,0,0,0.0,0,
TXN03-03868,3,2026-07-22 14:11:21,1161.51,Grocery,30002,Card,DEV-03-1,Android,Chennai,14,2,0,1.93,40,726.07,385.63,229,1269,3796,0,0,0,0.0,0,
TXN03-03869,3,2026-07-22 14:21:10,468.88,Pharmacy,30028,UPI,DEV-03-4,Web,Chennai,14,2,0,9.82,41,727.13,385.76,61,380,3797,0,0,0,0.0,0,
TXN03-03870,3,2026-07-22 14:39:44,471.9,Household,30038,UPI,DEV-03-5,iPhone,Chennai,14,2,0,18.57,42,726.61,386.43,16,265,3798,0,0,0,0.0,0,
TXN03-03871,3,2026-07-22 14:43:24,919.7,Household,30012,Card,DEV-03-1,Android,Chennai,14,2,0,3.67,43,724.1,384.74,60,1270,3799,0,0,0,0.0,0,
TXN03-03872,3,2026-07-22 14:53:53,381.77,Household,30004,UPI,DEV-03-2,Android,Chennai,14,2,0,10.48,44,724.58,384.39,313,777,3800,0,0,0,0.0,0,
TXN03-03873,3,2026-07-22 14:56:34,1052.71,Pharmacy,30116,Card,DEV-03-2,Android,Chennai,14,2,0,2.68,45,723.75,384.3,3,778,3801,0,0,0,0.0,0,
TXN03-03874,3,2026-07-22 14:59:36,234.08,Pharmacy,30023,Card,DEV-03-2,Android,Chennai,14,2,0,3.03,46,724.54,384.17,132,779,3802,0,0,0,0.0,0,
TXN03-03875,3,2026-07-22 14:59:55,550.06,Grocery,30042,UPI,DEV-03-1,Android,Chennai,14,2,0,0.32,47,723.36,384.46,13,1271,3803,0,0,0,0.0,0,
TXN03-03876,3,2026-07-22 15:15:11,779.98,Pharmacy,30008,Card,DEV-03-1,Android,Chennai,15,2,0,15.27,48,723.66,384.28,396,1272,3804,0,0,0,0.0,0,
TXN03-03877,3,2026-07-22 15:51:33,988.49,Grocery,30022,Card,DEV-03-4,Web,Chennai,15,2,0,36.37,49,724.21,384.19,39,381,3805,0,0,0,0.0,0,
TXN03-03878,3,2026-07-22 15:58:27,1288.11,Household,30073,UPI,DEV-03-5,iPhone,Chennai,15,2,0,6.9,50,724.85,383.95,10,266,3806,0,0,0,0.0,0,
TXN03-03879,3,2026-07-22 16:07:45,298.52,Grocery,30001,UPI,DEV-03-1,Android,Chennai,16,2,0,9.3,51,726.2,384.48,495,1273,3807,0,0,0,0.0,0,
TXN03-03880,3,2026-07-22 16:11:56,307.01,Household,30050,Card,DEV-03-1,Android,Chennai,16,2,0,4.18,52,725.18,384.58,13,1274,3808,0,0,0,0.0,0,
TXN03-03881,3,2026-07-22 16:21:59,531.62,Grocery,30125,Card,DEV-03-5,iPhone,Chennai,16,2,0,10.05,53,724.18,384.67,1,267,3809,0,0,1,0.0,0,
TXN03-03882,3,2026-07-22 16:22:15,750.88,Pharmacy,30008,UPI,DEV-03-3,Android,Chennai,16,2,0,0.27,54,723.72,384.32,397,555,3810,0,0,0,0.0,0,
TXN03-03883,3,2026-07-22 16:22:25,169.91,Grocery,30088,UPI,DEV-03-1,Android,Chennai,16,2,0,0.17,55,723.79,383.87,3,1275,3811,0,0,0,0.0,0,
TXN03-03884,3,2026-07-22 16:52:26,237.45,Pharmacy,30023,Card,DEV-03-1,Android,Chennai,16,2,0,30.02,56,722.47,384.36,133,1276,3812,0,0,0,0.0,0,
TXN03-03885,3,2026-07-22 16:53:24,915.23,Grocery,30007,UPI,DEV-03-2,Android,Chennai,16,2,0,0.97,57,721.33,384.63,77,780,3813,0,0,0,0.0,0,
TXN03-03886,3,2026-07-22 17:04:03,688.45,Pharmacy,30046,Card,DEV-03-5,iPhone,Chennai,17,2,0,10.65,58,721.78,384.29,11,268,3814,0,0,0,0.0,0,
TXN03-03887,3,2026-07-22 17:11:35,414.71,Household,30004,UPI,DEV-03-4,Web,Chennai,17,2,0,7.53,59,721.71,383.84,314,382,3815,0,0,0,0.0,0,
TXN03-03888,3,2026-07-22 17:38:36,447.28,Grocery,30010,Card,DEV-03-1,Android,Chennai,17,2,0,27.02,60,721.25,384.09,85,1277,3816,0,0,0,0.0,0,
TXN03-03889,3,2026-07-22 17:38:37,1314.14,Pharmacy,30008,UPI,DEV-03-5,iPhone,Chennai,17,2,0,0.02,61,720.61,383.86,398,269,3817,0,0,0,0.0,0,
TXN03-03890,3,2026-07-22 17:43:04,875.69,Household,30005,UPI,DEV-03-3,Android,Chennai,17,2,0,4.45,62,722.0,384.49,163,556,3818,0,0,0,0.0,0,
TXN03-03891,3,2026-07-22 18:01:07,360.19,Pharmacy,30008,UPI,DEV-03-6,Web,Chennai,18,2,0,18.05,63,718.84,382.13,399,181,3819,0,0,0,0.0,0,
TXN03-03892,3,2026-07-22 18:15:54,1149.72,Grocery,30002,UPI,DEV-03-5,iPhone,Chennai,18,2,0,14.78,64,716.99,382.25,230,270,3820,0,0,0,0.0,0,
TXN03-03893,3,2026-07-22 18:17:40,660.0,Pharmacy,30035,Card,DEV-03-1,Android,Chennai,18,2,0,1.77,65,718.01,382.37,31,1278,3821,0,0,0,0.0,0,
TXN03-03894,3,2026-07-22 18:21:06,705.65,Household,30004,UPI,DEV-03-1,Android,Chennai,18,2,0,3.43,66,717.87,381.93,315,1279,3822,0,0,0,0.0,0,
TXN03-03895,3,2026-07-22 18:32:56,1500.0,Pharmacy,30028,Card,DEV-03-2,Android,Chennai,18,2,0,11.83,67,717.84,381.49,62,781,3823,0,0,0,0.0,0,
TXN03-03896,3,2026-07-22 18:47:07,269.13,Grocery,30001,Card,DEV-03-1,Android,Chennai,18,2,0,14.18,68,720.19,383.21,496,1280,3824,0,0,0,0.0,0,
TXN03-03897,3,2026-07-22 19:25:45,142.11,Grocery,30001,UPI,DEV-03-4,Web,Chennai,19,2,0,38.63,69,719.4,383.79,497,383,3825,0,0,0,0.0,0,
TXN03-03898,3,2026-07-22 19:58:13,1283.93,Household,30013,UPI,DEV-03-2,Android,Chennai,19,2,0,32.47,70,718.18,385.24,45,782,3826,0,0,0,0.0,0,
TXN03-03899,3,2026-07-23 02:31:18,1364.35,Airport,30001,UPI,DEV-03-1,Android,Bangalore,2,3,0,393.08,1,719.9,386.13,498,1281,8,0,0,0,290.17,1,airport_txn
TXN03-03900,3,2026-07-23 08:03:59,251.57,Household,30005,Card,DEV-03-3,Android,Chennai,8,3,0,332.68,2,721.41,386.93,164,557,3827,0,0,0,290.17,0,
TXN03-03901,3,2026-07-23 08:15:27,1071.77,Grocery,30007,UPI,DEV-03-2,Android,Chennai,8,3,0,11.47,3,721.29,387.77,78,783,3828,0,0,0,0.0,0,
TXN03-03902,3,2026-07-23 08:49:13,283.13,Pharmacy,30054,UPI,DEV-03-3,Android,Chennai,8,3,0,33.77,4,720.36,385.65,11,558,3829,0,0,0,0.0,0,
TXN03-03903,3,2026-07-23 09:19:44,764.64,Household,30005,Card,DEV-03-1,Android,Chennai,9,3,0,30.52,5,719.7,386.16,165,1282,3830,0,0,0,0.0,0,
TXN03-03904,3,2026-07-23 09:50:59,522.02,Pharmacy,30049,UPI,DEV-03-1,Android,Chennai,9,3,0,31.25,6,720.43,386.37,20,1283,3831,0,0,0,0.0,0,
TXN03-03905,3,2026-07-23 09:59:44,774.86,Household,30093,UPI,DEV-03-3,Android,Chennai,9,3,0,8.75,7,719.96,386.03,7,559,3832,0,0,0,0.0,0,
TXN03-03906,3,2026-07-23 10:24:41,770.63,Household,30050,Card,DEV-03-4,Web,Chennai,10,3,0,24.95,8,721.72,385.6,14,384,3833,0,0,0,0.0,0,
TXN03-03907,3,2026-07-23 10:38:41,566.57,Grocery,30002,Card,DEV-03-5,iPhone,Chennai,10,3,0,14.0,9,721.76,385.6,231,271,3834,0,0,0,0.0,0,
TXN03-03908,3,2026-07-23 10:50:25,475.54,Grocery,30126,Card,DEV-03-3,Android,Chennai,10,3,0,11.73,10,720.34,385.07,1,560,3835,0,0,1,0.0,0,
TXN03-03909,3,2026-07-23 11:00:44,819.21,Household,30064,Card,DEV-03-1,Android,Chennai,11,3,0,10.32,11,719.29,383.72,11,1284,3836,0,0,0,0.0,0,
TXN03-03910,3,2026-07-23 11:06:21,1000.41,Pharmacy,30025,UPI,DEV-03-5,iPhone,Chennai,11,3,0,5.62,12,719.53,383.29,86,272,3837,0,0,0,0.0,0,
TXN03-03911,3,2026-07-23 11:19:45,919.52,Grocery,30001,UPI,DEV-03-1,Android,Chennai,11,3,0,13.4,13,720.2,383.08,499,1285,3838,0,0,0,0.0,0,
TXN03-03912,3,2026-07-23 11:46:19,676.98,Grocery,30018,UPI,DEV-03-3,Android,Chennai,11,3,0,26.57,14,719.56,382.52,52,561,3839,0,0,0,0.0,0,
TXN03-03913,3,2026-07-23 12:07:11,1395.9,Household,30110,UPI,DEV-03-7,iPhone,Chennai,12,3,0,20.87,15,718.91,382.37,3,141,3840,0,0,0,0.0,0,
TXN03-03914,3,2026-07-23 12:30:07,467.01,Grocery,30027,UPI,DEV-03-1,Android,Chennai,12,3,0,22.93,16,721.33,383.21,20,1286,3841,0,0,0,0.0,0,
TXN03-03915,3,2026-07-23 12:48:39,385.84,Household,30021,UPI,DEV-03-7,iPhone,Chennai,12,3,0,18.53,17,719.92,383.06,35,142,3842,0,0,0,0.0,0,
TXN03-03916,3,2026-07-23 12:50:13,1500.0,Grocery,30118,Card,DEV-03-2,Android,Chennai,12,3,0,1.57,18,719.13,382.95,3,784,3843,0,0,0,0.0,0,
TXN03-03917,3,2026-07-23 12:54:52,725.78,Household,30012,Card,DEV-03-1,Android,Chennai,12,3,0,4.65,19,720.98,384.38,61,1287,3844,0,0,0,0.0,0,
TXN03-03918,3,2026-07-23 13:37:50,1196.42,Household,30004,Card,DEV-03-1,Android,Chennai,13,3,0,42.97,20,722.45,384.24,316,1288,3845,0,0,0,0.0,0,
TXN03-03919,3,2026-07-23 14:28:38,921.75,Grocery,30001,Card,DEV-03-2,Android,Goa,14,3,0,50.8,21,721.85,383.02,500,785,4,0,0,0,706.92,0,
TXN03-03920,3,2026-07-23 14:30:37,283.72,Pharmacy,30035,Card,DEV-03-1,Android,Chennai,14,3,0,1.98,22,722.32,382.69,32,1289,3846,0,0,0,706.92,0,
TXN03-03921,3,2026-07-23 14:56:59,1500.0,Grocery,30001,Card,DEV-03-5,iPhone,Chennai,14,3,0,26.37,23,722.66,383.75,501,273,3847,0,0,0,0.0,0,
TXN03-03922,3,2026-07-23 15:04:42,613.63,Household,30016,UPI,DEV-03-3,Android,Chennai,15,3,0,7.72,24,725.56,385.04,48,562,3848,0,0,0,0.0,0,
TXN03-03923,3,2026-07-23 15:14:45,622.89,Grocery,30165,UPI,DEV-03-1,Android,Chennai,15,3,0,10.05,25,725.29,384.62,1,1290,3849,0,0,1,0.0,1,ato_new_merchant_same_category
TXN03-03924,3,2026-07-23 15:34:02,332.89,Household,30011,Card,DEV-03-3,Android,Chennai,15,3,0,19.28,26,725.28,384.96,68,563,3850,0,0,0,0.0,0,
TXN03-03925,3,2026-07-23 15:47:29,751.39,Grocery,30030,Card,DEV-03-3,Android,Chennai,15,3,0,13.45,27,723.62,385.16,12,564,3851,0,0,0,0.0,0,
TXN03-03926,3,2026-07-23 16:07:04,125.67,Pharmacy,30040,Card,DEV-03-1,Android,Chennai,16,3,0,19.58,28,722.88,384.81,25,1291,3852,0,0,0,0.0,0,
TXN03-03927,3,2026-07-23 16:16:32,300.96,Household,30005,Card,DEV-03-9,Web,Chennai,16,3,0,9.47,29,722.09,386.26,166,45,3853,0,0,0,0.0,0,
TXN03-03928,3,2026-07-23 16:38:23,778.23,Pharmacy,30008,Card,DEV-03-1,Android,Chennai,16,3,0,21.85,30,720.3,386.5,400,1292,3854,0,0,0,0.0,1,ato_higher_amount
TXN03-03929,3,2026-07-23 16:53:30,1495.8,Pharmacy,30049,Card,DEV-03-5,iPhone,Chennai,16,3,0,15.12,31,721.13,386.25,21,274,3855,0,0,0,0.0,0,
TXN03-03930,3,2026-07-23 16:55:26,587.8,Grocery,30067,Card,DEV-03-1,Android,Chennai,16,3,0,1.93,32,723.0,387.65,9,1293,3856,0,0,0,0.0,0,
TXN03-03931,3,2026-07-23 17:27:35,512.47,Pharmacy,30025,UPI,DEV-03-1,Android,Chennai,17,3,0,32.15,33,721.88,387.92,87,1294,3857,0,0,0,0.0,0,
TXN03-03932,3,2026-07-23 17:32:01,1500.0,Grocery,30003,Card,DEV-03-1,Android,Chennai,17,3,0,4.43,34,721.37,387.59,146,1295,3858,0,0,0,0.0,0,
TXN03-03933,3,2026-07-23 17:35:06,180.71,Grocery,30027,UPI,DEV-03-5,iPhone,Chennai,17,3,0,3.08,35,723.24,388.99,21,275,3859,0,0,0,0.0,0,
TXN03-03934,3,2026-07-23 17:38:48,223.38,Household,30082,Card,DEV-03-5,iPhone,Chennai,17,3,0,3.7,36,721.94,389.43,5,276,3860,0,0,0,0.0,0,
TXN03-03935,3,2026-07-23 18:11:51,725.16,Grocery,30001,Card,DEV-03-3,Android,Chennai,18,3,0,33.05,37,719.34,389.9,502,565,3861,0,0,0,0.0,0,
TXN03-03936,3,2026-07-23 18:48:36,488.5,Grocery,30002,Card,DEV-03-2,Android,Chennai,18,3,0,36.75,38,721.97,390.17,232,786,3862,0,0,0,0.0,0,
TXN03-03937,3,2026-07-23 18:51:15,318.45,Grocery,30101,Card,DEV-03-3,Android,Chennai,18,3,0,2.65,39,721.85,390.23,4,566,3863,0,0,0,0.0,0,
TXN03-03938,3,2026-07-23 19:10:57,667.23,Pharmacy,30063,UPI,DEV-03-7,iPhone,Chennai,19,3,0,19.7,40,720.88,390.26,12,143,3864,0,0,0,0.0,0,
TXN03-03939,3,2026-07-23 19:21:14,683.97,Grocery,30002,UPI,DEV-03-14,Android,Chennai,19,3,0,10.28,41,721.78,389.7,233,15,3865,0,0,0,0.0,0,
TXN03-03940,3,2026-07-23 19:44:50,388.18,Pharmacy,30008,Card,DEV-03-6,Web,Chennai,19,3,0,23.6,42,721.98,389.66,401,182,3866,0,0,0,0.0,0,
TXN03-03941,3,2026-07-23 19:48:23,663.08,Grocery,30112,Card,DEV-03-2,Android,Chennai,19,3,0,3.55,43,721.17,389.53,3,787,3867,0,0,0,0.0,0,
TXN03-03942,3,2026-07-23 21:19:54,496.73,Grocery,30022,Card,DEV-03-9,Web,Chennai,21,3,0,91.52,44,717.68,382.63,40,46,3868,0,0,0,0.0,1,ato_odd_hour
TXN03-03943,3,2026-07-24 00:23:16,960.65,Fuel,30001,UPI,DEV-03-1,Android,Chennai,0,4,0,183.37,1,717.48,382.72,503,1296,3869,0,0,0,0.0,1,midnight_fuel
TXN03-03944,3,2026-07-24 08:07:08,434.24,Household,30011,UPI,DEV-03-3,Android,Chennai,8,4,0,463.87,2,718.49,382.81,69,567,3870,0,0,0,0.0,0,
TXN03-03945,3,2026-07-24 08:08:16,1078.58,Grocery,30059,Card,DEV-03-2,Android,Chennai,8,4,0,1.13,3,717.8,382.6,16,788,3871,0,0,0,0.0,0,
TXN03-03946,3,2026-07-24 08:25:06,596.53,Household,30119,Card,DEV-03-1,Android,Chennai,8,4,0,16.83,4,718.67,382.55,3,1297,3872,0,0,0,0.0,0,
TXN03-03947,3,2026-07-24 08:26:51,623.51,Household,30016,UPI,DEV-03-5,iPhone,Chennai,8,4,0,1.75,5,718.38,382.14,49,277,3873,0,0,0,0.0,0,
TXN03-03948,3,2026-07-24 08:29:33,556.58,Grocery,30030,UPI,DEV-03-2,Android,Chennai,8,4,0,2.7,6,718.15,381.71,13,789,3874,0,0,0,0.0,0,
TXN03-03949,3,2026-07-24 08:29:38,359.56,Pharmacy,30008,UPI,DEV-03-3,Android,Chennai,8,4,0,0.08,7,717.77,381.34,402,568,3875,0,0,0,0.0,0,
TXN03-03950,3,2026-07-24 08:31:37,548.14,Grocery,30001,Card,DEV-03-1,Android,Chennai,8,4,0,1.98,8,716.91,381.28,504,1298,3876,0,0,0,0.0,0,
TXN03-03951,3,2026-07-24 08:43:08,227.63,Grocery,30127,Card,DEV-03-1,Android,Chennai,8,4,0,11.52,9,716.54,381.37,1,1299,3877,0,0,1,0.0,0,
TXN03-03952,3,2026-07-24 08:47:45,403.32,Household,30024,Card,DEV-03-6,Web,Chennai,8,4,0,4.62,10,715.38,381.66,21,183,3878,0,0,0,0.0,0,
TXN03-03953,3,2026-07-24 08:56:06,664.51,Pharmacy,30063,Card,DEV-03-8,Web,Chennai,8,4,0,8.35,11,714.64,381.51,13,72,3879,0,0,0,0.0,0,
TXN03-03954,3,2026-07-24 09:11:50,268.73,Grocery,30007,UPI,DEV-03-3,Android,Chennai,9,4,0,15.73,12,714.03,381.39,79,569,3880,0,0,0,0.0,0,
TXN03-03955,3,2026-07-24 09:15:13,478.16,Grocery,30006,UPI,DEV-03-3,Android,Chennai,9,4,0,3.38,13,712.98,381.55,100,570,3881,0,0,0,0.0,0,
TXN03-03956,3,2026-07-24 09:22:26,482.76,Grocery,30022,Card,DEV-03-2,Android,Chennai,9,4,0,7.22,14,712.43,381.27,41,790,3882,0,0,0,0.0,0,
TXN03-03957,3,2026-07-24 09:29:59,188.78,Pharmacy,30023,Card,DEV-03-47,Android,Chennai,9,4,0,7.55,15,711.89,380.98,134,1,3883,1,0,0,0.0,0,
TXN03-03958,3,2026-07-24 10:08:16,880.45,Household,30075,UPI,DEV-03-1,Android,Chennai,10,4,0,38.28,16,709.81,381.42,4,1300,3884,0,0,0,0.0,0,
TXN03-03959,3,2026-07-24 10:15:54,449.61,Household,30009,Card,DEV-03-1,Android,Chennai,10,4,0,7.63,17,710.21,381.06,123,1301,3885,0,0,0,0.0,0,
TXN03-03960,3,2026-07-24 10:50:27,1010.59,Grocery,30123,Card,DEV-03-1,Android,Chennai,10,4,0,34.55,18,710.07,381.96,2,1302,3886,0,0,0,0.0,0,
TXN03-03961,3,2026-07-24 10:54:10,1320.78,Grocery,30019,UPI,DEV-03-4,Web,Chennai,10,4,0,3.72,19,710.78,381.79,57,385,3887,0,0,0,0.0,0,
TXN03-03962,3,2026-07-24 11:21:29,159.88,Grocery,30109,Card,DEV-03-1,Android,Chennai,11,4,0,27.32,20,711.87,381.8,4,1303,3888,0,0,0,0.0,0,
TXN03-03963,3,2026-07-24 11:22:28,449.03,Pharmacy,30031,UPI,DEV-03-3,Android,Ahmedabad,11,4,0,0.98,21,710.57,382.28,38,571,7,0,0,0,1371.81,0,
TXN03-03964,3,2026-07-24 11:24:38,1500.0,Grocery,30001,Card,DEV-03-5,iPhone,Chennai,11,4,0,2.17,22,706.69,376.48,505,278,3889,0,0,0,1371.81,0,
TXN03-03965,3,2026-07-24 11:27:22,305.07,Grocery,30006,UPI,DEV-03-1,Android,Chennai,11,4,0,2.73,23,708.55,378.0,101,1304,3890,0,0,0,0.0,0,
TXN03-03966,3,2026-07-24 12:17:03,238.56,Grocery,30010,Card,DEV-03-1,Android,Chennai,12,4,0,49.68,24,706.71,376.45,86,1305,3891,0,0,0,0.0,0,
TXN03-03967,3,2026-07-24 12:18:50,351.21,Pharmacy,30008,UPI,DEV-03-3,Android,Chennai,12,4,0,1.78,25,705.61,376.69,403,572,3892,0,0,0,0.0,0,
TXN03-03968,3,2026-07-24 12:21:16,532.51,Household,30036,UPI,DEV-03-3,Android,Chennai,12,4,0,2.43,26,704.78,376.64,20,573,3893,0,0,0,0.0,0,
TXN03-03969,3,2026-07-24 12:30:08,1069.97,Household,30013,Card,DEV-03-9,Web,Chennai,12,4,0,8.87,27,704.38,376.29,46,47,3894,0,0,0,0.0,0,
TXN03-03970,3,2026-07-24 12:31:41,295.4,Grocery,30128,Card,DEV-03-6,Web,Chennai,12,4,0,1.55,28,705.23,376.27,1,184,3895,0,0,1,0.0,0,
TXN03-03971,3,2026-07-24 12:34:13,776.81,Grocery,30001,UPI,DEV-03-3,Android,Chennai,12,4,0,2.53,29,704.28,376.35,506,574,3896,0,0,0,0.0,0,
TXN03-03972,3,2026-07-24 12:48:38,977.51,Grocery,30001,Card,DEV-03-2,Android,Chennai,12,4,0,14.42,30,704.45,375.93,507,791,3897,0,0,0,0.0,0,
TXN03-03973,3,2026-07-24 12:50:02,655.46,Pharmacy,30008,UPI,DEV-03-1,Android,Chennai,12,4,0,1.4,31,705.08,375.72,404,1306,3898,0,0,0,0.0,0,
TXN03-03974,3,2026-07-24 12:52:27,825.18,Pharmacy,30008,Card,DEV-03-3,Android,Chennai,12,4,0,2.42,32,704.97,375.3,405,575,3899,0,0,0,0.0,0,
TXN03-03975,3,2026-07-24 13:03:59,813.27,Household,30009,UPI,DEV-03-1,Android,Chennai,13,4,0,11.53,33,705.24,374.91,124,1307,3900,0,0,0,0.0,0,
TXN03-03976,3,2026-07-24 13:06:13,490.62,Grocery,30014,Card,DEV-03-5,iPhone,Chennai,13,4,0,2.23,34,705.49,374.51,66,279,3901,0,0,0,0.0,0,
TXN03-03977,3,2026-07-24 13:15:16,296.15,Grocery,30022,UPI,DEV-03-3,Android,Chennai,13,4,0,9.05,35,705.0,374.22,42,576,3902,0,0,0,0.0,0,
TXN03-03978,3,2026-07-24 13:20:15,1500.0,Grocery,30033,UPI,DEV-03-4,Web,Chennai,13,4,0,4.98,36,704.06,374.3,25,386,3903,0,0,0,0.0,0,
TXN03-03979,3,2026-07-24 13:32:28,985.24,Household,30004,UPI,DEV-03-4,Web,Chennai,13,4,0,12.22,37,705.63,376.19,317,387,3904,0,0,0,0.0,0,
TXN03-03980,3,2026-07-24 13:35:39,386.44,Grocery,30001,Card,DEV-03-2,Android,Chennai,13,4,0,3.18,38,706.27,376.0,508,792,3905,0,0,0,0.0,0,
TXN03-03981,3,2026-07-24 13:38:15,1500.0,Pharmacy,30008,UPI,DEV-03-2,Android,Chennai,13,4,0,2.6,39,705.54,375.88,406,793,3906,0,0,0,0.0,0,
TXN03-03982,3,2026-07-24 13:56:39,757.47,Household,30038,Card,DEV-03-1,Android,Chennai,13,4,0,18.4,40,707.34,377.36,17,1308,3907,0,0,0,0.0,0,
TXN03-03983,3,2026-07-24 14:02:50,1084.39,Grocery,30002,UPI,DEV-03-2,Android,Chennai,14,4,0,6.18,41,708.0,377.19,234,794,3908,0,0,0,0.0,0,
TXN03-03984,3,2026-07-24 14:09:21,1076.16,Grocery,30098,UPI,DEV-03-3,Android,Chennai,14,4,0,6.52,42,708.85,377.19,4,577,3909,0,0,0,0.0,0,
TXN03-03985,3,2026-07-24 14:14:11,996.8,Grocery,30006,Card,DEV-03-7,iPhone,Chennai,14,4,0,4.83,43,709.68,377.17,102,144,3910,0,0,0,0.0,0,
TXN03-03986,3,2026-07-24 14:33:43,1021.0,Grocery,30129,Card,DEV-03-1,Android,Chennai,14,4,0,19.53,44,711.5,377.33,1,1309,3911,0,0,1,0.0,0,
TXN03-03987,3,2026-07-24 14:54:36,769.17,Grocery,30104,UPI,DEV-03-1,Android,Chennai,14,4,0,20.88,45,712.2,377.19,2,1310,3912,0,0,0,0.0,0,
TXN03-03988,3,2026-07-24 14:58:08,526.97,Grocery,30006,UPI,DEV-03-2,Android,Chennai,14,4,0,3.53,46,711.9,377.09,103,795,3913,0,0,0,0.0,0,
TXN03-03989,3,2026-07-24 15:03:08,868.89,Pharmacy,30040,UPI,DEV-03-8,Web,Chennai,15,4,0,5.0,47,711.48,376.76,26,73,3914,0,0,0,0.0,0,
TXN03-03990,3,2026-07-24 15:08:47,758.7,Grocery,30002,Card,DEV-03-3,Android,Chennai,15,4,0,5.65,48,711.84,376.41,235,578,3915,0,0,0,0.0,0,
TXN03-03991,3,2026-07-24 15:18:44,357.43,Grocery,30067,UPI,DEV-03-1,Android,Chennai,15,4,0,9.95,49,711.94,376.0,10,1311,3916,0,0,0,0.0,0,
TXN03-03992,3,2026-07-24 15:21:59,483.66,Grocery,30104,Card,DEV-03-6,Web,Chennai,15,4,0,3.25,50,711.15,375.95,3,185,3917,0,0,0,0.0,0,
TXN03-03993,3,2026-07-24 15:28:01,221.13,Household,30130,UPI,DEV-03-1,Android,Chennai,15,4,0,6.03,51,710.64,375.68,1,1312,3918,0,0,1,0.0,0,
TXN03-03994,3,2026-07-24 15:35:24,368.72,Grocery,30106,Card,DEV-03-2,Android,Chennai,15,4,0,7.38,52,709.55,375.97,2,796,3919,0,0,0,0.0,0,
TXN03-03995,3,2026-07-24 15:36:26,167.91,Grocery,30001,UPI,DEV-03-3,Android,Chennai,15,4,0,1.03,53,708.79,375.9,509,579,3920,0,0,0,0.0,0,
TXN03-03996,3,2026-07-24 15:36:28,650.48,Pharmacy,30099,UPI,DEV-03-1,Android,Chennai,15,4,0,0.03,54,707.59,376.34,3,1313,3921,0,0,0,0.0,0,
TXN03-03997,3,2026-07-24 16:20:23,1340.18,Grocery,30019,Card,DEV-03-4,Web,Chennai,16,4,0,43.92,55,707.88,376.24,58,388,3922,0,0,0,0.0,0,
TXN03-03998,3,2026-07-24 16:33:35,751.7,Household,30115,UPI,DEV-03-2,Android,Chennai,16,4,0,13.2,56,709.29,377.0,2,797,3923,0,0,0,0.0,0,
TXN03-03999,3,2026-07-24 16:37:28,314.42,Pharmacy,30055,Card,DEV-03-3,Android,Chennai,16,4,0,3.88,57,709.38,376.59,11,580,3924,0,0,0,0.0,0,
TXN03-04000,3,2026-07-24 16:42:25,832.99,Grocery,30002,Card,DEV-03-6,Web,Chennai,16,4,0,4.95,58,708.51,376.63,236,186,3925,0,0,0,0.0,0,
TXN03-04001,3,2026-07-24 16:50:08,1133.73,Household,30089,UPI,DEV-03-1,Android,Chennai,16,4,0,7.72,59,708.78,376.26,4,1314,3926,0,0,0,0.0,0,
TXN03-04002,3,2026-07-24 17:05:06,1500.0,Grocery,30001,UPI,DEV-03-2,Android,Chennai,17,4,0,14.97,60,709.11,376.16,510,798,3927,0,0,0,0.0,0,
TXN03-04003,3,2026-07-24 17:09:42,608.34,Pharmacy,30035,Card,DEV-03-1,Android,Chennai,17,4,0,4.6,61,710.85,377.57,33,1315,3928,0,0,0,0.0,0,
TXN03-04004,3,2026-07-24 17:22:52,405.88,Household,30131,Card,DEV-03-2,Android,Chennai,17,4,0,13.17,62,710.62,377.18,1,799,3929,0,0,1,0.0,0,
TXN03-04005,3,2026-07-24 17:27:07,1500.0,Household,30004,Card,DEV-03-1,Android,Chennai,17,4,0,4.25,63,710.74,377.67,318,1316,3930,0,0,0,0.0,0,
TXN03-04006,3,2026-07-24 17:39:24,1376.22,Grocery,30022,Card,DEV-03-4,Web,Chennai,17,4,0,12.28,64,712.47,379.06,43,389,3931,0,0,0,0.0,0,
TXN03-04007,3,2026-07-24 17:53:53,708.07,Household,30005,UPI,DEV-03-2,Android,Chennai,17,4,0,14.48,65,711.74,378.96,167,800,3932,0,0,0,0.0,0,
TXN03-04008,3,2026-07-24 18:24:14,470.03,Household,30045,Card,DEV-03-8,Web,Chennai,18,4,0,30.35,66,712.11,378.88,16,74,3933,0,0,0,0.0,0,
TXN03-04009,3,2026-07-24 18:43:16,677.07,Pharmacy,30023,UPI,DEV-03-4,Web,Chennai,18,4,0,19.03,67,708.52,376.61,135,390,3934,0,0,0,0.0,0,
TXN03-04010,3,2026-07-24 18:50:18,656.61,Grocery,30006,UPI,DEV-03-8,Web,Chennai,18,4,0,7.03,68,708.45,376.19,104,75,3935,0,0,0,0.0,0,
TXN03-04011,3,2026-07-24 19:18:33,649.44,Household,30075,UPI,DEV-03-3,Android,Chennai,19,4,0,28.25,69,707.45,376.17,5,581,3936,0,0,0,0.0,0,
TXN03-04012,3,2026-07-24 19:28:17,565.58,Pharmacy,30114,Card,DEV-03-2,Android,Chennai,19,4,0,9.73,70,707.32,375.76,3,801,3937,0,0,0,0.0,0,
TXN03-04013,3,2026-07-24 19:42:46,1500.0,Grocery,30019,UPI,DEV-03-1,Android,Chennai,19,4,0,14.48,71,708.07,375.88,59,1317,3938,0,0,0,0.0,0,
TXN03-04014,3,2026-07-24 19:43:55,1424.35,Grocery,30002,Card,DEV-03-1,Android,Chennai,19,4,0,1.15,72,709.82,377.3,237,1318,3939,0,0,0,0.0,0,
TXN03-04015,3,2026-07-24 21:17:00,1068.42,Grocery,30163,UPI,DEV-03-1,Android,Chennai,21,4,0,93.08,73,711.4,378.55,1,1319,3940,0,0,1,0.0,1,ato_new_merchant_same_category_odd_hour
TXN03-04016,3,2026-07-25 00:05:25,443.72,Fuel,30001,UPI,DEV-03-1,Android,Chennai,0,5,1,168.42,1,712.19,378.51,511,1320,3941,0,0,0,0.0,1,midnight_fuel
TXN03-04017,3,2026-07-25 08:01:16,750.0,Gaming Subscription,30001,UPI,DEV-03-1,Android,Chennai,8,5,1,475.85,2,711.17,378.61,512,1321,3942,0,0,0,0.0,1,gaming_subscription
TXN03-04018,3,2026-07-25 08:03:04,784.71,Grocery,30007,UPI,DEV-03-1,Android,Chennai,8,5,1,1.8,3,711.26,378.19,80,1322,3943,0,0,0,0.0,0,
TXN03-04019,3,2026-07-25 08:05:56,824.64,Household,30004,Card,DEV-03-1,Android,Chennai,8,5,1,2.87,4,710.03,376.73,319,1323,3944,0,0,0,0.0,1,ato_higher_amount
TXN03-04020,3,2026-07-25 08:07:40,367.98,Grocery,30002,Card,DEV-03-2,Android,Chennai,8,5,1,1.73,5,711.11,376.36,238,802,3945,0,0,0,0.0,0,
TXN03-04021,3,2026-07-25 08:19:42,731.4,Household,30017,UPI,DEV-03-2,Android,Chennai,8,5,1,12.03,6,709.29,375.81,35,803,3946,0,0,0,0.0,0,
TXN03-04022,3,2026-07-25 08:27:01,655.1,Pharmacy,30046,UPI,DEV-03-7,iPhone,Chennai,8,5,1,7.32,7,709.34,375.39,12,145,3947,0,0,0,0.0,0,
TXN03-04023,3,2026-07-25 08:28:55,397.38,Household,30005,Card,DEV-03-7,iPhone,Chennai,8,5,1,1.9,8,709.22,374.99,168,146,3948,0,0,0,0.0,0,
TXN03-04024,3,2026-07-25 08:29:05,479.58,Grocery,30003,Card,DEV-03-1,Android,Chennai,8,5,1,0.17,9,708.53,374.86,147,1324,3949,0,0,0,0.0,0,
TXN03-04025,3,2026-07-25 08:35:29,446.93,Household,30005,Card,DEV-03-5,iPhone,Chennai,8,5,1,6.4,10,709.31,374.84,169,280,3950,0,0,0,0.0,0,
TXN03-04026,3,2026-07-25 08:38:56,506.43,Grocery,30001,Card,DEV-03-1,Android,Chennai,8,5,1,3.45,11,708.74,374.62,513,1325,3951,0,0,0,0.0,0,
TXN03-04027,3,2026-07-25 08:55:32,716.12,Grocery,30001,UPI,DEV-03-3,Android,Chennai,8,5,1,16.6,12,709.05,374.4,514,582,3952,0,0,0,0.0,0,
TXN03-04028,3,2026-07-25 09:04:42,305.87,Household,30004,Card,DEV-03-1,Android,Chennai,9,5,1,9.17,13,709.06,373.98,320,1326,3953,0,0,0,0.0,0,
TXN03-04029,3,2026-07-25 09:28:02,1105.23,Household,30005,UPI,DEV-03-1,Android,Chennai,9,5,1,23.33,14,709.79,374.66,170,1327,3954,0,0,0,0.0,0,
TXN03-04030,3,2026-07-25 09:28:38,403.54,Household,30004,UPI,DEV-03-3,Android,Chennai,9,5,1,0.6,15,710.66,374.7,321,583,3955,0,0,0,0.0,0,
TXN03-04031,3,2026-07-25 09:56:21,967.47,Grocery,30022,Card,DEV-03-1,Android,Chennai,9,5,1,27.72,16,711.66,375.76,44,1328,3956,0,0,0,0.0,0,
TXN03-04032,3,2026-07-25 09:59:29,677.05,Household,30005,UPI,DEV-03-1,Android,Chennai,9,5,1,3.13,17,711.35,375.49,171,1329,3957,0,0,0,0.0,0,
TXN03-04033,3,2026-07-25 10:05:53,527.38,Grocery,30019,Card,DEV-03-1,Android,Chennai,10,5,1,6.4,18,709.52,373.64,60,1330,3958,0,0,0,0.0,0,
TXN03-04034,3,2026-07-25 10:09:13,455.09,Household,30005,UPI,DEV-03-2,Android,Chennai,10,5,1,3.33,19,710.14,373.83,172,804,3959,0,0,0,0.0,0,
TXN03-04035,3,2026-07-25 10:18:16,1500.0,Household,30061,Card,DEV-03-1,Android,Chennai,10,5,1,9.05,20,708.73,373.59,10,1331,3960,0,0,0,0.0,0,
TXN03-04036,3,2026-07-25 10:19:45,453.39,Pharmacy,30008,UPI,DEV-03-1,Android,Chennai,10,5,1,1.48,21,710.48,375.03,407,1332,3961,0,0,0,0.0,0,
TXN03-04037,3,2026-07-25 10:21:31,700.27,Grocery,30003,Card,DEV-03-8,Web,Chennai,10,5,1,1.77,22,709.91,374.81,148,76,3962,0,0,0,0.0,0,
TXN03-04038,3,2026-07-25 10:23:34,1411.04,Pharmacy,30099,Card,DEV-03-4,Web,Chennai,10,5,1,2.05,23,709.89,374.4,4,391,3963,0,0,0,0.0,0,
TXN03-04039,3,2026-07-25 10:34:35,1243.94,Grocery,30043,UPI,DEV-03-10,Android,Chennai,10,5,1,11.02,24,711.44,375.43,11,47,3964,0,0,0,0.0,0,
TXN03-04040,3,2026-07-25 10:40:37,125.14,Grocery,30090,Card,DEV-03-1,Android,Chennai,10,5,1,6.03,25,712.61,375.85,6,1333,3965,0,0,0,0.0,0,
TXN03-04041,3,2026-07-25 10:53:30,483.89,Grocery,30037,Card,DEV-03-1,Android,Chennai,10,5,1,12.88,26,711.01,376.79,19,1334,3966,0,0,0,0.0,0,
TXN03-04042,3,2026-07-25 11:16:38,1500.0,Household,30021,Card,DEV-03-2,Android,Chennai,11,5,1,23.13,27,710.21,377.11,36,805,3967,0,0,0,0.0,0,
TXN03-04043,3,2026-07-25 11:33:46,269.75,Grocery,30030,UPI,DEV-03-2,Android,Chennai,11,5,1,17.13,28,711.25,378.63,14,806,3968,0,0,0,0.0,0,
TXN03-04044,3,2026-07-25 11:38:46,1500.0,Household,30016,Card,DEV-03-2,Android,Chennai,11,5,1,5.0,29,709.54,378.89,50,807,3969,0,0,0,0.0,0,
TXN03-04045,3,2026-07-25 11:47:40,1086.31,Grocery,30001,Card,DEV-03-1,Android,Chennai,11,5,1,8.9,30,710.33,380.15,515,1335,3970,0,0,0,0.0,0,
TXN03-04046,3,2026-07-25 11:58:40,383.45,Household,30004,UPI,DEV-03-10,Android,Chennai,11,5,1,11.0,31,710.39,380.21,322,48,3971,0,0,0,0.0,0,
TXN03-04047,3,2026-07-25 11:58:55,695.45,Grocery,30006,UPI,DEV-03-5,iPhone,Chennai,11,5,1,0.25,32,709.67,380.1,105,281,3972,0,0,0,0.0,0,
TXN03-04048,3,2026-07-25 11:59:11,328.16,Pharmacy,30046,UPI,DEV-03-2,Android,Chennai,11,5,1,0.27,33,709.64,379.69,13,808,3973,0,0,0,0.0,0,
TXN03-04049,3,2026-07-25 12:05:30,1500.0,Household,30004,Card,DEV-03-3,Android,Chennai,12,5,1,6.32,34,708.8,380.11,323,584,3974,0,0,0,0.0,0,
TXN03-04050,3,2026-07-25 12:36:12,1441.21,Household,30004,Card,DEV-03-3,Android,Chennai,12,5,1,30.7,35,710.57,380.86,324,585,3975,0,0,0,0.0,0,
TXN03-04051,3,2026-07-25 12:37:00,766.26,Household,30093,Card,DEV-03-12,Android,Chennai,12,5,1,0.8,36,712.2,381.99,8,18,3976,0,0,0,0.0,0,
TXN03-04052,3,2026-07-25 12:43:02,1213.6,Grocery,30002,Card,DEV-03-6,Web,Chennai,12,5,1,6.03,37,712.32,381.57,239,187,3977,0,0,0,0.0,0,
TXN03-04053,3,2026-07-25 12:47:27,1213.1,Household,30017,Card,DEV-03-6,Web,Chennai,12,5,1,4.42,38,713.43,381.88,36,188,3978,0,0,0,0.0,0,
TXN03-04054,3,2026-07-25 13:03:44,1141.26,Pharmacy,30008,UPI,DEV-03-4,Web,Chennai,13,5,1,16.28,39,714.63,381.87,408,392,3979,0,0,0,0.0,0,
TXN03-04055,3,2026-07-25 13:06:49,777.76,Pharmacy,30023,UPI,DEV-03-2,Android,Chennai,13,5,1,3.08,40,715.58,381.97,136,809,3980,0,0,0,0.0,0,
TXN03-04056,3,2026-07-25 13:18:37,424.77,Household,30016,UPI,DEV-03-2,Android,Chennai,13,5,1,11.8,41,716.94,381.1,51,810,3981,0,0,0,0.0,0,
TXN03-04057,3,2026-07-25 13:22:03,629.32,Grocery,30026,Card,DEV-03-2,Android,Chennai,13,5,1,3.43,42,715.51,380.99,25,811,3982,0,0,0,0.0,0,
TXN03-04058,3,2026-07-25 13:27:23,1145.78,Grocery,30022,Card,DEV-03-4,Web,Chennai,13,5,1,5.33,43,715.32,380.59,45,393,3983,0,0,0,0.0,0,
TXN03-04059,3,2026-07-25 13:55:50,845.01,Pharmacy,30008,UPI,DEV-03-3,Android,Chennai,13,5,1,28.45,44,716.27,380.71,409,586,3984,0,0,0,0.0,0,
TXN03-04060,3,2026-07-25 13:57:03,899.41,Grocery,30006,UPI,DEV-03-4,Web,Chennai,13,5,1,1.22,45,717.64,380.05,106,394,3985,0,0,0,0.0,0,
TXN03-04061,3,2026-07-25 14:10:28,455.89,Grocery,30033,Card,DEV-03-2,Android,Chennai,14,5,1,13.42,46,718.53,380.0,26,812,3986,0,0,0,0.0,0,
TXN03-04062,3,2026-07-25 14:21:18,196.04,Household,30017,Card,DEV-03-6,Web,Chennai,14,5,1,10.83,47,718.53,380.0,37,189,3987,0,0,0,0.0,0,
TXN03-04063,3,2026-07-25 14:30:06,184.41,Household,30045,Card,DEV-03-4,Web,Chennai,14,5,1,8.8,48,717.0,380.71,17,395,3988,0,0,0,0.0,0,
TXN03-04064,3,2026-07-25 14:40:49,974.69,Pharmacy,30032,UPI,DEV-03-4,Web,Chennai,14,5,1,10.72,49,716.77,381.01,42,396,3989,0,0,0,0.0,0,
TXN03-04065,3,2026-07-25 14:48:45,728.4,Grocery,30041,Card,DEV-03-6,Web,Chennai,14,5,1,7.93,50,716.17,381.06,20,190,3990,0,0,0,0.0,0,
TXN03-04066,3,2026-07-25 14:51:32,669.56,Grocery,30001,UPI,DEV-03-1,Android,Chennai,14,5,1,2.78,51,716.2,380.64,516,1336,3991,0,0,0,0.0,0,
TXN03-04067,3,2026-07-25 14:52:29,1261.02,Grocery,30019,Card,DEV-03-4,Web,Chennai,14,5,1,0.95,52,716.1,380.23,61,397,3992,0,0,0,0.0,0,
TXN03-04068,3,2026-07-25 15:20:25,1500.0,Household,30016,Card,DEV-03-1,Android,Chennai,15,5,1,27.93,53,717.24,380.54,52,1337,3993,0,0,0,0.0,0,
TXN03-04069,3,2026-07-25 15:26:45,665.72,Grocery,30010,Card,DEV-03-6,Web,Chennai,15,5,1,6.33,54,717.9,382.5,87,191,3994,0,0,0,0.0,0,
TXN03-04070,3,2026-07-25 15:57:21,706.42,Grocery,30010,UPI,DEV-03-1,Android,Chennai,15,5,1,30.6,55,716.38,381.69,88,1338,3995,0,0,0,0.0,0,
TXN03-04071,3,2026-07-25 16:00:59,1414.05,Household,30004,UPI,DEV-03-1,Android,Chennai,16,5,1,3.63,56,716.36,381.26,325,1339,3996,0,0,0,0.0,0,
TXN03-04072,3,2026-07-25 16:28:00,780.49,Grocery,30001,Card,DEV-03-5,iPhone,Chennai,16,5,1,27.02,57,717.87,382.68,517,282,3997,0,0,0,0.0,0,
TXN03-04073,3,2026-07-25 16:37:58,1048.96,Grocery,30001,UPI,DEV-03-1,Android,Chennai,16,5,1,9.97,58,718.01,382.27,518,1340,3998,0,0,0,0.0,0,
TXN03-04074,3,2026-07-25 16:49:09,466.36,Household,30004,Card,DEV-03-2,Android,Chennai,16,5,1,11.18,59,718.75,382.16,326,813,3999,0,0,0,0.0,0,
TXN03-04075,3,2026-07-25 16:55:01,959.35,Pharmacy,30031,UPI,DEV-03-2,Android,Chennai,16,5,1,5.87,60,716.66,380.97,39,814,4000,0,0,0,0.0,0,
TXN03-04076,3,2026-07-25 17:05:51,540.14,Pharmacy,30008,UPI,DEV-03-2,Android,Chennai,17,5,1,10.83,61,717.2,380.72,410,815,4001,0,0,0,0.0,0,
TXN03-04077,3,2026-07-25 17:07:36,693.35,Grocery,30037,Card,DEV-03-7,iPhone,Chennai,17,5,1,1.75,62,716.81,380.39,20,147,4002,0,0,0,0.0,0,
TXN03-04078,3,2026-07-25 17:11:35,1455.83,Household,30069,UPI,DEV-03-5,iPhone,Chennai,17,5,1,3.98,63,716.76,379.97,6,283,4003,0,0,0,0.0,0,
TXN03-04079,3,2026-07-25 17:13:41,1500.0,Pharmacy,30058,Card,DEV-03-3,Android,Chennai,17,5,1,2.1,64,718.76,381.46,10,587,4004,0,0,0,0.0,0,
TXN03-04080,3,2026-07-25 17:15:51,355.74,Grocery,30102,Card,DEV-03-3,Android,Chennai,17,5,1,2.17,65,720.48,382.8,4,588,4005,0,0,0,0.0,0,
TXN03-04081,3,2026-07-25 17:41:44,453.7,Grocery,30002,Card,DEV-03-2,Android,Chennai,17,5,1,25.88,66,720.44,382.84,240,816,4006,0,0,0,0.0,0,
TXN03-04082,3,2026-07-25 17:45:00,605.64,Household,30016,UPI,DEV-03-8,Web,Chennai,17,5,1,3.27,67,718.42,381.81,53,77,4007,0,0,0,0.0,0,
TXN03-04083,3,2026-07-25 18:01:17,193.08,Pharmacy,30028,UPI,DEV-03-3,Android,Chennai,18,5,1,16.28,68,718.17,381.43,63,589,4008,0,0,0,0.0,0,
TXN03-04084,3,2026-07-25 18:05:37,823.45,Pharmacy,30008,UPI,DEV-03-8,Web,Chennai,18,5,1,4.33,69,717.02,381.8,411,78,4009,0,0,0,0.0,0,
TXN03-04085,3,2026-07-25 18:05:50,808.83,Pharmacy,30008,UPI,DEV-03-7,iPhone,Chennai,18,5,1,0.22,70,717.25,381.42,412,148,4010,0,0,0,0.0,0,
TXN03-04086,3,2026-07-25 18:18:04,1145.2,Grocery,30018,Card,DEV-03-6,Web,Chennai,18,5,1,12.23,71,717.45,381.02,53,192,4011,0,0,0,0.0,0,
TXN03-04087,3,2026-07-25 18:53:06,252.03,Household,30039,Card,DEV-03-1,Android,Chennai,18,5,1,35.03,72,718.73,382.17,20,1341,4012,0,0,0,0.0,0,
TXN03-04088,3,2026-07-25 19:09:37,511.74,Grocery,30019,UPI,DEV-03-3,Android,Chennai,19,5,1,16.52,73,719.09,382.64,62,590,4013,0,0,0,0.0,0,
TXN03-04089,3,2026-07-25 19:19:16,477.61,Pharmacy,30031,UPI,DEV-03-3,Android,Chennai,19,5,1,9.65,74,718.64,382.34,40,591,4014,0,0,0,0.0,0,
TXN03-04090,3,2026-07-25 19:22:55,470.34,Grocery,30018,UPI,DEV-03-2,Android,Chennai,19,5,1,3.65,75,718.11,382.09,54,817,4015,0,0,0,0.0,0,
TXN03-04091,3,2026-07-25 20:52:23,402.01,Grocery,30003,Card,DEV-03-11,Web,Chennai,20,5,1,89.47,76,720.64,382.25,149,27,4016,0,0,0,0.0,1,ato_odd_hour
TXN03-04092,3,2026-07-26 00:46:47,866.43,Fuel,30001,UPI,DEV-03-1,Android,Chennai,0,6,1,234.4,1,719.93,382.12,519,1342,4017,0,0,0,0.0,1,midnight_fuel
TXN03-04093,3,2026-07-26 00:48:53,834.26,Fuel,30001,UPI,DEV-03-1,Android,Chennai,0,6,1,2.1,2,720.25,381.76,520,1343,4018,0,0,0,0.0,1,midnight_fuel
TXN03-04094,3,2026-07-26 04:36:08,321.55,Gaming Subscription,30001,UPI,DEV-03-1,Android,Chennai,4,6,1,227.25,3,720.5,381.38,521,1344,4019,0,0,0,0.0,1,gaming_subscription
TXN03-04095,3,2026-07-26 08:20:24,481.26,Grocery,30003,Card,DEV-03-4,Web,Chennai,8,6,1,224.27,4,718.25,381.47,150,398,4020,0,0,0,0.0,0,
TXN03-04096,3,2026-07-26 08:20:28,369.26,Grocery,30002,UPI,DEV-03-1,Android,Chennai,8,6,1,0.07,5,717.72,381.21,241,1345,4021,0,0,0,0.0,0,
TXN03-04097,3,2026-07-26 08:25:52,1500.0,Household,30120,Card,DEV-03-2,Android,Chennai,8,6,1,5.4,6,716.95,381.14,2,818,4022,0,0,0,0.0,0,
TXN03-04098,3,2026-07-26 08:31:11,522.6,Grocery,30002,UPI,DEV-03-3,Android,Chennai,8,6,1,5.32,7,718.54,382.89,242,592,4023,0,0,0,0.0,0,
TXN03-04099,3,2026-07-26 08:34:14,1440.56,Grocery,30033,UPI,DEV-03-5,iPhone,Chennai,8,6,1,3.05,8,718.38,382.96,27,284,4024,0,0,0,0.0,0,
TXN03-04100,3,2026-07-26 08:58:27,1500.0,Pharmacy,30031,Card,DEV-03-5,iPhone,Chennai,8,6,1,24.22,9,719.18,385.02,41,285,4025,0,0,0,0.0,0,
TXN03-04101,3,2026-07-26 09:05:29,815.89,Grocery,30007,UPI,DEV-03-2,Android,Chennai,9,6,1,7.03,10,720.88,386.77,81,819,4026,0,0,0,0.0,0,
TXN03-04102,3,2026-07-26 09:11:33,289.01,Pharmacy,30044,UPI,DEV-03-2,Android,Chennai,9,6,1,6.07,11,721.09,386.37,23,820,4027,0,0,0,0.0,0,
TXN03-04103,3,2026-07-26 09:36:20,711.59,Household,30004,Card,DEV-03-2,Android,Chennai,9,6,1,24.78,12,719.99,385.84,327,821,4028,0,0,0,0.0,0,
TXN03-04104,3,2026-07-26 09:41:15,529.05,Grocery,30003,UPI,DEV-03-3,Android,Chennai,9,6,1,4.92,13,719.97,385.41,151,593,4029,0,0,0,0.0,0,
TXN03-04105,3,2026-07-26 09:43:59,686.18,Household,30009,Card,DEV-03-2,Android,Chennai,9,6,1,2.73,14,719.55,385.09,125,822,4030,0,0,0,0.0,0,
TXN03-04106,3,2026-07-26 09:45:27,778.71,Household,30074,UPI,DEV-03-2,Android,Chennai,9,6,1,1.47,15,719.47,384.67,8,823,4031,0,0,0,0.0,0,
TXN03-04107,3,2026-07-26 09:53:09,852.08,Grocery,30015,Card,DEV-03-1,Android,Chennai,9,6,1,7.7,16,719.72,384.95,49,1346,4032,0,0,0,0.0,0,
TXN03-04108,3,2026-07-26 09:55:11,696.0,Household,30045,Card,DEV-03-1,Android,Chennai,9,6,1,2.03,17,720.01,384.57,18,1347,4033,0,0,0,0.0,0,
TXN03-04109,3,2026-07-26 10:09:51,153.4,Grocery,30087,Card,DEV-03-2,Android,Chennai,10,6,1,14.67,18,720.62,384.58,6,824,4034,0,0,0,0.0,0,
TXN03-04110,3,2026-07-26 10:21:32,256.87,Household,30004,Card,DEV-03-1,Android,Chennai,10,6,1,11.68,19,720.13,385.16,328,1348,4035,0,0,0,0.0,0,
TXN03-04111,3,2026-07-26 10:38:17,219.4,Pharmacy,30046,Card,DEV-03-48,Android,Chennai,10,6,1,16.75,20,719.54,385.67,14,1,4036,1,0,0,0.0,0,
TXN03-04112,3,2026-07-26 10:49:34,988.52,Grocery,30096,Card,DEV-03-2,Android,Chennai,10,6,1,11.28,21,718.2,386.35,3,825,4037,0,0,0,0.0,0,
TXN03-04113,3,2026-07-26 10:52:59,418.72,Grocery,30010,UPI,DEV-03-5,iPhone,Chennai,10,6,1,3.42,22,719.48,386.3,89,286,4038,0,0,0,0.0,0,
TXN03-04114,3,2026-07-26 11:04:03,234.26,Household,30009,UPI,DEV-03-7,iPhone,Chennai,11,6,1,11.07,23,719.27,386.43,126,149,4039,0,0,0,0.0,0,
TXN03-04115,3,2026-07-26 11:16:32,832.66,Pharmacy,30008,UPI,DEV-03-6,Web,Chennai,11,6,1,12.48,24,718.2,386.68,413,193,4040,0,0,0,0.0,0,
TXN03-04116,3,2026-07-26 11:18:45,1251.98,Pharmacy,30008,UPI,DEV-03-2,Android,Chennai,11,6,1,2.22,25,718.45,386.29,414,826,4041,0,0,0,0.0,0,
TXN03-04117,3,2026-07-26 11:19:20,992.56,Grocery,30033,Card,DEV-03-3,Android,Chennai,11,6,1,0.58,26,719.63,386.67,28,594,4042,0,0,0,0.0,0,
TXN03-04118,3,2026-07-26 11:23:56,460.24,Household,30036,Card,DEV-03-1,Android,Chennai,11,6,1,4.6,27,718.33,385.85,21,1349,4043,0,0,0,0.0,0,
TXN03-04119,3,2026-07-26 11:40:03,312.67,Household,30024,UPI,DEV-03-4,Web,Chennai,11,6,1,16.12,28,716.62,384.51,22,399,4044,0,0,0,0.0,0,
TXN03-04120,3,2026-07-26 12:00:00,365.65,Pharmacy,30035,Card,DEV-03-2,Android,Chennai,12,6,1,19.95,29,716.18,383.35,34,827,4045,0,0,0,0.0,0,
TXN03-04121,3,2026-07-26 12:08:56,251.19,Grocery,30003,UPI,DEV-03-6,Web,Chennai,12,6,1,8.93,30,713.94,382.47,152,194,4046,0,0,0,0.0,0,
TXN03-04122,3,2026-07-26 12:23:02,1337.88,Grocery,30014,UPI,DEV-03-5,iPhone,Chennai,12,6,1,14.1,31,712.91,382.66,67,287,4047,0,0,0,0.0,0,
TXN03-04123,3,2026-07-26 12:28:33,1206.8,Grocery,30002,Card,DEV-03-3,Android,Chennai,12,6,1,5.52,32,714.3,383.37,243,595,4048,0,0,0,0.0,0,
TXN03-04124,3,2026-07-26 12:48:09,358.9,Grocery,30001,Card,DEV-03-6,Web,Chennai,12,6,1,19.6,33,715.97,382.35,522,195,4049,0,0,0,0.0,0,
TXN03-04125,3,2026-07-26 12:58:35,1194.63,Household,30093,Card,DEV-03-9,Web,Chennai,12,6,1,10.43,34,715.17,382.89,9,48,4050,0,0,0,0.0,0,
TXN03-04126,3,2026-07-26 13:37:20,401.06,Grocery,30001,UPI,DEV-03-3,Android,Chennai,13,6,1,38.75,35,717.06,384.3,523,596,4051,0,0,0,0.0,0,
TXN03-04127,3,2026-07-26 13:39:53,139.5,Grocery,30125,Card,DEV-03-1,Android,Chennai,13,6,1,2.55,36,716.35,384.16,2,1350,4052,0,0,0,0.0,0,
TXN03-04128,3,2026-07-26 13:44:26,1500.0,Grocery,30106,UPI,DEV-03-1,Android,Chennai,13,6,1,4.55,37,715.04,384.7,3,1351,4053,0,0,0,0.0,0,
TXN03-04129,3,2026-07-26 13:45:41,1069.0,Household,30012,UPI,DEV-03-3,Android,Chennai,13,6,1,1.25,38,717.03,386.47,62,597,4054,0,0,0,0.0,0,
TXN03-04130,3,2026-07-26 13:59:43,1015.55,Household,30004,Card,DEV-03-2,Android,Chennai,13,6,1,14.03,39,717.82,386.4,329,828,4055,0,0,0,0.0,0,
TXN03-04131,3,2026-07-26 14:19:05,468.78,Pharmacy,30072,UPI,DEV-03-16,Web,Chennai,14,6,1,19.37,40,719.01,386.76,11,4,4056,0,0,0,0.0,0,
TXN03-04132,3,2026-07-26 14:20:52,1098.45,Grocery,30026,UPI,DEV-03-1,Android,Chennai,14,6,1,1.78,41,718.45,386.5,26,1352,4057,0,0,0,0.0,0,
TXN03-04133,3,2026-07-26 14:23:36,313.89,Pharmacy,30031,Card,DEV-03-2,Android,Chennai,14,6,1,2.73,42,719.31,386.49,42,829,4058,0,0,0,0.0,0,
TXN03-04134,3,2026-07-26 14:44:24,939.67,Grocery,30132,Card,DEV-03-5,iPhone,Chennai,14,6,1,20.8,43,720.66,386.29,1,288,4059,0,0,1,0.0,0,
TXN03-04135,3,2026-07-26 14:53:07,815.67,Grocery,30018,UPI,DEV-03-5,iPhone,Chennai,14,6,1,8.72,44,721.16,386.0,55,289,4060,0,0,0,0.0,0,
TXN03-04136,3,2026-07-26 15:08:46,545.09,Grocery,30002,UPI,DEV-03-1,Android,Chennai,15,6,1,15.65,45,722.56,386.04,244,1353,4061,0,0,0,0.0,0,
TXN03-04137,3,2026-07-26 15:24:17,439.01,Household,30050,Card,DEV-03-2,Android,Chennai,15,6,1,15.52,46,722.66,385.99,15,830,4062,0,0,0,0.0,0,
TXN03-04138,3,2026-07-26 15:48:51,413.08,Grocery,30020,UPI,DEV-03-2,Android,Chennai,15,6,1,24.57,47,721.49,386.06,31,831,4063,0,0,0,0.0,0,
TXN03-04139,3,2026-07-26 15:54:12,545.77,Pharmacy,30065,Card,DEV-03-5,iPhone,Chennai,15,6,1,5.35,48,720.8,385.91,12,290,4064,0,0,0,0.0,0,
TXN03-04140,3,2026-07-26 16:52:14,720.09,Grocery,30097,UPI,DEV-03-2,Android,Chennai,16,6,1,58.03,49,722.26,385.96,5,832,4065,0,0,0,0.0,0,
TXN03-04141,3,2026-07-26 17:09:51,1363.28,Pharmacy,30035,Card,DEV-03-1,Android,Chennai,17,6,1,17.62,50,721.93,385.45,35,1354,4066,0,0,0,0.0,0,
TXN03-04142,3,2026-07-26 17:19:15,595.93,Pharmacy,30058,UPI,DEV-03-1,Android,Chennai,17,6,1,9.4,51,724.36,386.85,11,1355,4067,0,0,0,0.0,0,
TXN03-04143,3,2026-07-26 17:25:45,508.12,Pharmacy,30008,Card,DEV-03-5,iPhone,Chennai,17,6,1,6.5,52,724.08,386.01,415,291,4068,0,0,0,0.0,0,
TXN03-04144,3,2026-07-26 17:29:30,423.34,Grocery,30001,Card,DEV-03-3,Android,Chennai,17,6,1,3.75,53,723.58,385.71,524,598,4069,0,0,0,0.0,0,
TXN03-04145,3,2026-07-26 17:29:51,1200.73,Household,30029,UPI,DEV-03-2,Android,Chennai,17,6,1,0.35,54,722.89,385.53,27,833,4070,0,0,0,0.0,0,
TXN03-04146,3,2026-07-26 17:30:23,1475.99,Grocery,30001,Card,DEV-03-1,Android,Chennai,17,6,1,0.53,55,723.98,385.77,525,1356,4071,0,0,0,0.0,0,
TXN03-04147,3,2026-07-26 17:31:47,423.86,Pharmacy,30008,Card,DEV-03-4,Web,Chennai,17,6,1,1.4,56,725.7,387.0,416,400,4072,0,0,0,0.0,0,
TXN03-04148,3,2026-07-26 17:33:33,507.51,Household,30013,UPI,DEV-03-2,Android,Chennai,17,6,1,1.77,57,725.02,386.82,47,834,4073,0,0,0,0.0,0,
TXN03-04149,3,2026-07-26 17:41:15,800.36,Pharmacy,30023,UPI,DEV-03-3,Android,Chennai,17,6,1,7.7,58,724.52,386.52,137,599,4074,0,0,0,0.0,0,
TXN03-04150,3,2026-07-26 17:44:52,409.29,Household,30056,Card,DEV-03-1,Android,Chennai,17,6,1,3.62,59,724.69,386.1,17,1357,4075,0,0,0,0.0,0,
TXN03-04151,3,2026-07-26 17:53:08,1106.38,Pharmacy,30008,Card,DEV-03-1,Android,Chennai,17,6,1,8.27,60,722.65,385.29,417,1358,4076,0,0,0,0.0,0,
TXN03-04152,3,2026-07-26 17:59:13,414.21,Pharmacy,30008,Card,DEV-03-4,Web,Chennai,17,6,1,6.08,61,723.02,383.76,418,401,4077,0,0,0,0.0,0,
TXN03-04153,3,2026-07-26 18:07:02,194.25,Grocery,30001,UPI,DEV-03-9,Web,Chennai,18,6,1,7.82,62,722.32,383.61,526,49,4078,0,0,0,0.0,0,
TXN03-04154,3,2026-07-26 18:10:50,382.73,Pharmacy,30078,UPI,DEV-03-9,Web,Chennai,18,6,1,3.8,63,721.12,383.99,11,50,4079,0,0,0,0.0,0,
TXN03-04155,3,2026-07-26 18:12:30,1500.0,Household,30009,UPI,DEV-03-1,Android,Chennai,18,6,1,1.67,64,720.35,383.9,127,1359,4080,0,0,0,0.0,0,
TXN03-04156,3,2026-07-26 18:21:14,746.15,Grocery,30118,UPI,DEV-03-3,Android,Chennai,18,6,1,8.73,65,722.72,386.01,4,600,4081,0,0,0,0.0,0,
TXN03-04157,3,2026-07-26 18:31:18,244.71,Grocery,30042,Card,DEV-03-3,Android,Chennai,18,6,1,10.07,66,722.35,385.91,14,601,4082,0,0,0,0.0,0,
TXN03-04158,3,2026-07-26 18:35:32,295.3,Household,30079,UPI,DEV-03-1,Android,Chennai,18,6,1,4.23,67,721.27,386.14,5,1360,4083,0,0,0,0.0,0,
TXN03-04159,3,2026-07-26 19:04:13,365.58,Grocery,30133,UPI,DEV-03-9,Web,Chennai,19,6,1,28.68,68,718.75,386.33,1,51,4084,0,0,1,0.0,0,
TXN03-04160,3,2026-07-26 19:05:59,889.9,Grocery,30003,UPI,DEV-03-4,Web,Chennai,19,6,1,1.77,69,717.95,386.25,153,402,4085,0,0,0,0.0,0,
TXN03-04161,3,2026-07-26 19:16:11,1500.0,Grocery,30030,UPI,DEV-03-2,Android,Chennai,19,6,1,10.2,70,718.6,386.3,15,835,4086,0,0,0,0.0,0,
TXN03-04162,3,2026-07-26 19:19:07,1063.4,Grocery,30059,Card,DEV-03-1,Android,Chennai,19,6,1,2.93,71,719.31,387.45,17,1361,4087,0,0,0,0.0,0,
TXN03-04163,3,2026-07-26 19:25:31,266.34,Pharmacy,30040,UPI,DEV-03-1,Android,Chennai,19,6,1,6.4,72,720.09,387.35,27,1362,4088,0,0,0,0.0,0,
TXN03-04164,3,2026-07-26 19:26:48,402.88,Grocery,30002,UPI,DEV-03-3,Android,Chennai,19,6,1,1.28,73,719.06,387.51,245,602,4089,0,0,0,0.0,0,
TXN03-04165,3,2026-07-26 19:47:05,1277.42,Pharmacy,30008,UPI,DEV-03-4,Web,Chennai,19,6,1,20.28,74,718.96,386.15,419,403,4090,0,0,0,0.0,0,
TXN03-04166,3,2026-07-26 19:47:14,575.53,Grocery,30010,UPI,DEV-03-1,Android,Chennai,19,6,1,0.15,75,720.24,386.63,90,1363,4091,0,0,0,0.0,0,
TXN03-04167,3,2026-07-26 19:49:49,662.98,Grocery,30062,Card,DEV-03-4,Web,Chennai,19,6,1,2.58,76,719.91,386.25,13,404,4092,0,0,0,0.0,0,
TXN03-04168,3,2026-07-26 19:51:35,551.41,Pharmacy,30032,UPI,DEV-03-3,Android,Chennai,19,6,1,1.77,77,719.78,385.82,43,603,4093,0,0,0,0.0,0,
TXN03-04169,3,2026-07-27 08:05:59,133.71,Pharmacy,30049,Card,DEV-03-2,Android,Chennai,8,0,0,734.4,1,719.18,385.88,22,836,4094,0,0,0,0.0,0,
TXN03-04170,3,2026-07-27 08:34:02,456.07,Grocery,30001,Card,DEV-03-1,Android,Chennai,8,0,0,28.05,2,719.1,385.99,527,1364,4095,0,0,0,0.0,0,
TXN03-04171,3,2026-07-27 08:47:57,180.0,Grocery,30030,UPI,DEV-03-6,Web,Chennai,8,0,0,13.92,3,719.28,385.85,16,196,4096,0,0,0,0.0,0,
TXN03-04172,3,2026-07-27 08:51:36,1367.9,Grocery,30043,Card,DEV-03-1,Android,Chennai,8,0,0,3.65,4,718.06,386.27,12,1365,4097,0,0,0,0.0,0,
TXN03-04173,3,2026-07-27 08:52:06,135.35,Pharmacy,30031,Card,DEV-03-1,Android,Chennai,8,0,0,0.5,5,719.53,387.06,43,1366,4098,0,0,0,0.0,0,
TXN03-04174,3,2026-07-27 10:21:49,719.28,Grocery,30081,Card,DEV-03-1,Android,Chennai,10,0,0,89.72,6,719.42,388.0,5,1367,4099,0,0,0,0.0,0,
TXN03-04175,3,2026-07-27 10:31:48,686.86,Grocery,30001,Card,DEV-03-1,Android,Chennai,10,0,0,9.98,7,719.42,387.57,528,1368,4100,0,0,0,0.0,0,
TXN03-04176,3,2026-07-27 10:36:49,225.66,Grocery,30010,UPI,DEV-03-2,Android,Chennai,10,0,0,5.02,8,719.35,387.13,91,837,4101,0,0,0,0.0,0,
TXN03-04177,3,2026-07-27 10:47:12,180.67,Household,30036,Card,DEV-03-1,Android,Chennai,10,0,0,10.38,9,718.24,387.4,22,1369,4102,0,0,0,0.0,0,
TXN03-04178,3,2026-07-27 10:47:30,259.2,Pharmacy,30032,UPI,DEV-03-2,Android,Chennai,10,0,0,0.3,10,717.03,387.8,44,838,4103,0,0,0,0.0,0,
TXN03-04179,3,2026-07-27 10:59:01,128.2,Pharmacy,30031,UPI,DEV-03-3,Android,Chennai,10,0,0,11.52,11,715.2,388.04,44,604,4104,0,0,0,0.0,0,
TXN03-04180,3,2026-07-27 11:15:07,621.51,Grocery,30088,UPI,DEV-03-3,Android,Chennai,11,0,0,16.1,12,713.89,388.6,4,605,4105,0,0,0,0.0,0,
TXN03-04181,3,2026-07-27 11:19:25,495.02,Pharmacy,30134,Card,DEV-03-3,Android,Chennai,11,0,0,4.3,13,713.68,388.19,1,606,4106,0,0,1,0.0,0,
TXN03-04182,3,2026-07-27 12:04:01,1472.85,Grocery,30002,UPI,DEV-03-1,Android,Chennai,12,0,0,44.6,14,714.18,388.18,246,1370,4107,0,0,0,0.0,0,
TXN03-04183,3,2026-07-27 12:18:50,579.26,Grocery,30022,UPI,DEV-03-1,Android,Chennai,12,0,0,14.82,15,714.45,388.67,46,1371,4108,0,0,0,0.0,0,
TXN03-04184,3,2026-07-27 12:27:44,1471.76,Grocery,30001,Card,DEV-03-3,Android,Chennai,12,0,0,8.9,16,714.15,388.28,529,607,4109,0,0,0,0.0,0,
TXN03-04185,3,2026-07-27 12:31:29,532.91,Household,30045,Card,DEV-03-4,Web,Chennai,12,0,0,3.75,17,716.55,389.67,19,405,4110,0,0,0,0.0,0,
TXN03-04186,3,2026-07-27 12:34:05,314.37,Grocery,30183,Card,DEV-03-2,Android,Chennai,12,0,0,2.6,18,716.23,389.76,1,839,4111,0,0,1,0.0,1,ato_new_merchant_same_category
TXN03-04187,3,2026-07-27 12:42:34,968.32,Household,30005,Card,DEV-03-2,Android,Chennai,12,0,0,8.48,19,715.33,389.79,173,840,4112,0,0,0,0.0,0,
TXN03-04188,3,2026-07-27 12:43:04,767.9,Household,30013,Card,DEV-03-1,Android,Chennai,12,0,0,0.5,20,715.9,389.53,48,1372,4113,0,0,0,0.0,0,
TXN03-04189,3,2026-07-27 12:44:06,766.55,Grocery,30042,Card,DEV-03-4,Web,Chennai,12,0,0,1.03,21,716.57,389.36,15,406,4114,0,0,0,0.0,0,
TXN03-04190,3,2026-07-27 12:46:04,221.8,Pharmacy,30023,Card,DEV-03-2,Android,Chennai,12,0,0,1.97,22,716.68,388.93,138,841,4115,0,0,0,0.0,0,
TXN03-04191,3,2026-07-27 12:49:57,183.86,Grocery,30001,Card,DEV-03-8,Web,Chennai,12,0,0,3.88,23,715.57,389.2,530,79,4116,0,0,0,0.0,0,
TXN03-04192,3,2026-07-27 14:09:17,625.92,Household,30012,Card,DEV-03-2,Android,Chennai,14,0,0,79.33,24,714.7,389.4,63,842,4117,0,0,0,0.0,0,
TXN03-04193,3,2026-07-27 14:12:15,506.52,Grocery,30018,UPI,DEV-03-1,Android,Chennai,14,0,0,2.97,25,714.5,388.99,56,1373,4118,0,0,0,0.0,0,
TXN03-04194,3,2026-07-27 14:15:04,397.74,Grocery,30006,UPI,DEV-03-11,Web,Chennai,14,0,0,2.82,26,714.03,388.67,107,28,4119,0,0,0,0.0,0,
TXN03-04195,3,2026-07-27 14:52:19,167.33,Grocery,30018,UPI,DEV-03-1,Android,Chennai,14,0,0,37.25,27,713.19,389.15,57,1374,4120,0,0,0,0.0,0,
TXN03-04196,3,2026-07-27 15:06:15,730.51,Household,30045,Card,DEV-03-2,Android,Chennai,15,0,0,13.93,28,711.72,389.98,20,843,4121,0,0,0,0.0,0,
TXN03-04197,3,2026-07-27 15:16:14,408.5,Grocery,30053,Card,DEV-03-8,Web,Chennai,15,0,0,9.98,29,711.76,389.54,12,80,4122,0,0,0,0.0,0,
TXN03-04198,3,2026-07-27 15:40:05,1024.68,Household,30013,Card,DEV-03-2,Android,Chennai,15,0,0,23.85,30,712.53,390.12,49,844,4123,0,0,0,0.0,0,
TXN03-04199,3,2026-07-27 15:41:30,639.7,Household,30050,UPI,DEV-03-1,Android,Chennai,15,0,0,1.42,31,713.23,389.96,16,1375,4124,0,0,0,0.0,0,
TXN03-04200,3,2026-07-27 16:24:38,366.71,Pharmacy,30025,Card,DEV-03-2,Android,Chennai,16,0,0,43.13,32,713.67,390.34,88,845,4125,0,0,0,0.0,0,
TXN03-04201,3,2026-07-27 16:50:32,530.45,Grocery,30020,UPI,DEV-03-3,Android,Chennai,16,0,0,25.9,33,712.88,390.25,32,608,4126,0,0,0,0.0,0,
TXN03-04202,3,2026-07-27 17:07:19,653.1,Grocery,30001,UPI,DEV-03-1,Android,Chennai,17,0,0,16.78,34,712.47,389.9,531,1376,4127,0,0,0,0.0,0,
TXN03-04203,3,2026-07-27 17:46:12,183.29,Grocery,30001,UPI,DEV-03-1,Android,Chennai,17,0,0,38.88,35,712.47,389.9,532,1377,4128,0,0,0,0.0,0,
TXN03-04204,3,2026-07-27 17:48:47,418.94,Grocery,30002,UPI,DEV-03-1,Android,Chennai,17,0,0,2.58,36,711.28,390.27,247,1378,4129,0,0,0,0.0,0,
TXN03-04205,3,2026-07-27 17:59:35,1313.97,Grocery,30003,UPI,DEV-03-3,Android,Chennai,17,0,0,10.8,37,711.29,390.26,154,609,4130,0,0,0,0.0,0,
TXN03-04206,3,2026-07-27 18:10:08,852.84,Household,30135,UPI,DEV-03-49,iPhone,Chennai,18,0,0,10.55,38,711.9,391.54,1,1,4131,1,0,1,0.0,0,
TXN03-04207,3,2026-07-27 18:32:27,438.44,Grocery,30001,Card,DEV-03-2,Android,Chennai,18,0,0,22.32,39,712.21,391.16,533,846,4132,0,0,0,0.0,0,
TXN03-04208,3,2026-07-27 18:34:27,309.87,Pharmacy,30023,Card,DEV-03-3,Android,Chennai,18,0,0,2.0,40,711.6,390.93,139,610,4133,0,0,0,0.0,1,ato_short_gap
TXN03-04209,3,2026-07-27 18:48:48,949.9,Pharmacy,30070,Card,DEV-03-3,Android,Chennai,18,0,0,14.35,41,711.53,391.0,6,611,4134,0,0,0,0.0,0,
TXN03-04210,3,2026-07-27 19:41:29,1500.0,Grocery,30002,UPI,DEV-03-1,Android,Chennai,19,0,0,52.68,42,712.26,391.09,248,1379,4135,0,0,0,0.0,0,
TXN03-04211,3,2026-07-27 19:45:21,306.85,Household,30060,UPI,DEV-03-2,Android,Chennai,19,0,0,3.87,43,714.03,392.42,17,847,4136,0,0,0,0.0,0,
TXN03-04212,3,2026-07-27 19:55:15,340.47,Grocery,30037,Card,DEV-03-1,Android,Chennai,19,0,0,9.9,44,713.12,392.46,21,1380,4137,0,0,0,0.0,0,
TXN03-04213,3,2026-07-28 00:17:17,114.92,Gaming Subscription,30001,UPI,DEV-03-1,Android,Chennai,0,1,0,262.03,1,712.12,392.65,534,1381,4138,0,0,0,0.0,1,gaming_subscription
TXN03-04214,3,2026-07-28 08:04:21,824.16,Grocery,30001,Card,DEV-03-7,iPhone,Chennai,8,1,0,467.07,2,711.72,393.17,535,150,4139,0,0,0,0.0,0,
TXN03-04215,3,2026-07-28 08:04:35,323.99,Grocery,30096,Card,DEV-03-7,iPhone,Chennai,8,1,0,0.23,3,711.97,392.76,4,151,4140,0,0,0,0.0,0,
TXN03-04216,3,2026-07-28 08:17:11,183.1,Household,30004,UPI,DEV-03-2,Android,Chennai,8,1,0,12.6,4,711.83,392.89,330,848,4141,0,0,0,0.0,0,
TXN03-04217,3,2026-07-28 08:20:52,1119.52,Pharmacy,30025,UPI,DEV-03-2,Android,Chennai,8,1,0,3.68,5,710.65,393.25,89,849,4142,0,0,0,0.0,0,
TXN03-04218,3,2026-07-28 08:45:11,174.12,Grocery,30087,UPI,DEV-03-3,Android,Chennai,8,1,0,24.32,6,711.56,393.28,7,612,4143,0,0,0,0.0,0,
TXN03-04219,3,2026-07-28 08:48:16,666.6,Pharmacy,30070,UPI,DEV-03-1,Android,Bangalore,8,1,0,3.08,7,710.36,393.66,7,1382,9,0,0,0,290.17,0,
TXN03-04220,3,2026-07-28 08:52:20,375.26,Grocery,30027,UPI,DEV-03-4,Web,Chennai,8,1,0,4.07,8,709.49,393.32,22,407,4144,0,0,0,290.17,0,
TXN03-04221,3,2026-07-28 08:56:45,838.7,Household,30069,UPI,DEV-03-4,Web,Chennai,8,1,0,4.42,9,708.75,393.2,7,408,4145,0,0,0,0.0,0,
TXN03-04222,3,2026-07-28 09:01:39,1011.36,Household,30060,Card,DEV-03-5,iPhone,Chennai,9,1,0,4.9,10,709.55,393.09,18,292,4146,0,0,0,0.0,0,
TXN03-04223,3,2026-07-28 09:04:40,1246.21,Grocery,30007,UPI,DEV-03-2,Android,Chennai,9,1,0,3.02,11,710.22,392.91,82,850,4147,0,0,0,0.0,0,
TXN03-04224,3,2026-07-28 09:12:41,803.74,Pharmacy,30035,Card,DEV-03-1,Android,Chennai,9,1,0,8.02,12,711.57,393.41,36,1383,4148,0,0,0,0.0,0,
TXN03-04225,3,2026-07-28 09:15:09,349.41,Grocery,30126,UPI,DEV-03-3,Android,Chennai,9,1,0,2.47,13,711.78,393.0,2,613,4149,0,0,0,0.0,0,
TXN03-04226,3,2026-07-28 09:38:57,294.98,Grocery,30001,Card,DEV-03-2,Android,Chennai,9,1,0,23.8,14,710.04,392.19,536,851,4150,0,0,0,0.0,0,
TXN03-04227,3,2026-07-28 09:42:52,599.7,Pharmacy,30008,Card,DEV-03-5,iPhone,Chennai,9,1,0,3.92,15,709.12,392.25,420,293,4151,0,0,0,0.0,0,
TXN03-04228,3,2026-07-28 09:56:25,409.61,Grocery,30007,Card,DEV-03-2,Android,Chennai,9,1,0,13.55,16,708.2,392.02,83,852,4152,0,0,0,0.0,0,
TXN03-04229,3,2026-07-28 09:57:16,392.41,Grocery,30020,UPI,DEV-03-7,iPhone,Chennai,9,1,0,0.85,17,707.54,391.84,33,152,4153,0,0,0,0.0,0,
TXN03-04230,3,2026-07-28 10:29:10,223.99,Grocery,30083,Card,DEV-03-5,iPhone,Chennai,10,1,0,31.9,18,707.39,391.94,3,294,4154,0,0,0,0.0,0,
TXN03-04231,3,2026-07-28 10:54:02,562.13,Pharmacy,30058,UPI,DEV-03-1,Android,Chennai,10,1,0,24.87,19,704.56,390.82,12,1384,4155,0,0,0,0.0,0,
TXN03-04232,3,2026-07-28 10:55:36,721.66,Pharmacy,30028,Card,DEV-03-4,Web,Chennai,10,1,0,1.57,20,704.25,390.44,64,409,4156,0,0,0,0.0,0,
TXN03-04233,3,2026-07-28 11:11:50,1050.07,Household,30005,UPI,DEV-03-3,Android,Chennai,11,1,0,16.23,21,704.28,390.01,174,614,4157,0,0,0,0.0,0,
TXN03-04234,3,2026-07-28 11:28:01,1121.26,Household,30004,UPI,DEV-03-1,Android,Chennai,11,1,0,16.18,22,705.69,390.11,331,1385,4158,0,0,0,0.0,0,
TXN03-04235,3,2026-07-28 11:32:23,1284.45,Household,30029,Card,DEV-03-7,iPhone,Chennai,11,1,0,4.37,23,706.6,390.17,28,153,4159,0,0,0,0.0,0,
TXN03-04236,3,2026-07-28 11:44:39,234.82,Pharmacy,30008,UPI,DEV-03-7,iPhone,Chennai,11,1,0,12.27,24,707.87,390.68,421,154,4160,0,0,0,0.0,0,
TXN03-04237,3,2026-07-28 12:01:01,279.97,Grocery,30030,UPI,DEV-03-4,Web,Chennai,12,1,0,16.37,25,707.41,391.11,17,410,4161,0,0,0,0.0,0,
TXN03-04238,3,2026-07-28 12:04:16,1251.26,Grocery,30027,Card,DEV-03-1,Android,Chennai,12,1,0,3.25,26,706.47,391.19,23,1386,4162,0,0,0,0.0,0,
TXN03-04239,3,2026-07-28 12:37:41,265.87,Household,30069,Card,DEV-03-1,Android,Chennai,12,1,0,33.42,27,705.04,389.74,8,1387,4163,0,0,0,0.0,0,
TXN03-04240,3,2026-07-28 12:56:10,523.25,Pharmacy,30049,UPI,DEV-03-1,Android,Chennai,12,1,0,18.48,28,704.98,389.98,23,1388,4164,0,0,0,0.0,0,
TXN03-04241,3,2026-07-28 13:01:47,1076.29,Pharmacy,30080,Card,DEV-03-5,iPhone,Chennai,13,1,0,5.62,29,704.58,389.64,6,295,4165,0,0,0,0.0,0,
TXN03-04242,3,2026-07-28 13:12:11,1500.0,Pharmacy,30078,UPI,DEV-03-4,Web,Chennai,13,1,0,10.4,30,706.22,389.64,12,411,4166,0,0,0,0.0,0,
TXN03-04243,3,2026-07-28 13:19:03,720.04,Household,30004,UPI,DEV-03-3,Android,Chennai,13,1,0,6.87,31,709.32,391.24,332,615,4167,0,0,0,0.0,0,
TXN03-04244,3,2026-07-28 13:28:05,85.36,Gaming Subscription,30001,UPI,DEV-03-1,Android,Chennai,13,1,0,9.03,32,708.89,389.59,537,1389,4168,0,0,0,0.0,1,gaming_subscription
TXN03-04245,3,2026-07-28 13:37:54,663.91,Grocery,30020,Card,DEV-03-3,Android,Chennai,13,1,0,9.82,33,708.31,390.67,34,616,4169,0,0,0,0.0,0,
TXN03-04246,3,2026-07-28 14:27:54,1314.98,Pharmacy,30023,Card,DEV-03-4,Web,Chennai,14,1,0,50.0,34,709.67,390.78,140,412,4170,0,0,0,0.0,0,
TXN03-04247,3,2026-07-28 14:28:09,359.63,Pharmacy,30065,Card,DEV-03-3,Android,Chennai,14,1,0,0.25,35,711.02,391.39,13,617,4171,0,0,0,0.0,0,
TXN03-04248,3,2026-07-28 14:47:38,547.54,Pharmacy,30025,UPI,DEV-03-1,Android,Chennai,14,1,0,19.48,36,707.31,386.32,90,1390,4172,0,0,0,0.0,0,
TXN03-04249,3,2026-07-28 14:47:40,1500.0,Household,30077,Card,DEV-03-3,Android,Chennai,14,1,0,0.03,37,706.95,385.96,8,618,4173,0,0,0,0.0,0,
TXN03-04250,3,2026-07-28 15:01:36,185.5,Grocery,30112,Card,DEV-03-1,Android,Chennai,15,1,0,13.93,38,708.72,387.34,4,1391,4174,0,0,0,0.0,0,
TXN03-04251,3,2026-07-28 15:14:42,985.58,Household,30005,Card,DEV-03-3,Android,Chennai,15,1,0,13.1,39,707.56,387.7,175,619,4175,0,0,0,0.0,0,
TXN03-04252,3,2026-07-28 15:30:41,661.31,Grocery,30053,UPI,DEV-03-2,Android,Chennai,15,1,0,15.98,40,709.7,387.56,13,853,4176,0,0,0,0.0,0,
TXN03-04253,3,2026-07-28 15:34:20,396.52,Pharmacy,30066,UPI,DEV-03-2,Android,Chennai,15,1,0,3.65,41,709.6,387.13,13,854,4177,0,0,0,0.0,0,
TXN03-04254,3,2026-07-28 15:35:10,211.15,Grocery,30002,UPI,DEV-03-3,Android,Chennai,15,1,0,0.83,42,708.9,386.98,249,620,4178,0,0,0,0.0,0,
TXN03-04255,3,2026-07-28 15:41:17,781.98,Pharmacy,30008,Card,DEV-03-7,iPhone,Chennai,15,1,0,6.12,43,708.02,387.96,422,155,4179,0,0,0,0.0,0,
TXN03-04256,3,2026-07-28 15:49:08,707.85,Grocery,30006,Card,DEV-03-4,Web,Chennai,15,1,0,7.85,44,705.25,386.19,108,413,4180,0,0,0,0.0,0,
TXN03-04257,3,2026-07-28 15:49:49,1226.51,Grocery,30001,Card,DEV-03-1,Android,Chennai,15,1,0,0.68,45,705.44,386.17,538,1392,4181,0,0,0,0.0,0,
TXN03-04258,3,2026-07-28 15:56:29,820.44,Household,30011,Card,DEV-03-8,Web,Chennai,15,1,0,6.67,46,706.6,386.52,70,81,4182,0,0,0,0.0,0,
TXN03-04259,3,2026-07-28 15:57:27,991.41,Grocery,30111,UPI,DEV-03-6,Web,Chennai,15,1,0,0.97,47,706.86,386.13,5,197,4183,0,0,0,0.0,0,
TXN03-04260,3,2026-07-28 15:59:57,1500.0,Grocery,30026,UPI,DEV-03-3,Android,Chennai,15,1,0,2.5,48,707.32,386.34,27,621,4184,0,0,0,0.0,0,
TXN03-04261,3,2026-07-28 16:09:24,254.49,Pharmacy,30134,Card,DEV-03-1,Android,Chennai,16,1,0,9.45,49,709.08,387.72,2,1393,4185,0,0,0,0.0,0,
TXN03-04262,3,2026-07-28 16:22:24,1485.14,Pharmacy,30008,Card,DEV-03-4,Web,Chennai,16,1,0,13.0,50,707.65,387.97,423,414,4186,0,0,0,0.0,0,
TXN03-04263,3,2026-07-28 16:24:24,1108.25,Pharmacy,30008,UPI,DEV-03-4,Web,Chennai,16,1,0,2.0,51,708.7,389.43,424,415,4187,0,0,0,0.0,1,ato_higher_amount_short_gap
TXN03-04264,3,2026-07-28 16:29:34,589.76,Pharmacy,30160,UPI,DEV-UNK-6723,Android,Chennai,16,1,0,5.17,52,709.59,389.46,1,1,4188,1,0,1,0.0,1,ato_new_device_new_merchant_same_category
TXN03-04265,3,2026-07-28 16:30:49,1500.0,Grocery,30015,UPI,DEV-03-4,Web,Chennai,16,1,0,1.25,53,709.33,389.06,50,416,4189,0,0,0,0.0,0,
TXN03-04266,3,2026-07-28 16:44:49,854.5,Pharmacy,30023,Card,DEV-03-3,Android,Chennai,16,1,0,14.0,54,711.08,390.41,141,622,4190,0,0,0,0.0,0,
TXN03-04267,3,2026-07-28 16:53:40,1500.0,Pharmacy,30031,UPI,DEV-03-3,Android,Chennai,16,1,0,8.85,55,711.4,390.03,45,623,4191,0,0,0,0.0,0,
TXN03-04268,3,2026-07-28 16:55:40,719.44,Grocery,30001,UPI,DEV-UNK-1320,Web,Chennai,16,1,0,2.0,56,713.14,391.36,539,1,4192,1,0,0,0.0,1,ato_short_gap_new_device
TXN03-04269,3,2026-07-28 17:10:43,267.22,Household,30086,UPI,DEV-03-2,Android,Chennai,17,1,0,15.05,57,712.84,391.3,4,855,4193,0,0,0,0.0,0,
TXN03-04270,3,2026-07-28 17:14:44,855.97,Grocery,30062,Card,DEV-03-4,Web,Chennai,17,1,0,4.02,58,711.86,391.43,14,417,4194,0,0,0,0.0,0,
TXN03-04271,3,2026-07-28 17:29:28,624.52,Pharmacy,30040,Card,DEV-03-1,Android,Chennai,17,1,0,14.73,59,712.18,391.06,28,1394,4195,0,0,0,0.0,0,
TXN03-04272,3,2026-07-28 17:55:39,1066.73,Pharmacy,30025,Card,DEV-03-2,Android,Chennai,17,1,0,26.18,60,712.15,391.48,91,856,4196,0,0,0,0.0,0,
TXN03-04273,3,2026-07-28 18:04:40,912.92,Grocery,30118,UPI,DEV-03-5,iPhone,Chennai,18,1,0,9.02,61,712.93,391.4,5,296,4197,0,0,0,0.0,0,
TXN03-04274,3,2026-07-28 18:27:39,1178.16,Pharmacy,30008,UPI,DEV-03-2,Android,Chennai,18,1,0,22.98,62,713.37,391.09,425,857,4198,0,0,0,0.0,0,
TXN03-04275,3,2026-07-28 18:34:59,642.36,Household,30017,Card,DEV-03-2,Android,Chennai,18,1,0,7.33,63,714.38,391.26,38,858,4199,0,0,0,0.0,0,
TXN03-04276,3,2026-07-28 18:53:27,484.3,Pharmacy,30008,Card,DEV-03-6,Web,Chennai,18,1,0,18.47,64,716.15,391.61,426,198,4200,0,0,0,0.0,0,
TXN03-04277,3,2026-07-28 19:09:43,583.62,Household,30013,UPI,DEV-03-2,Android,Chennai,19,1,0,16.27,65,716.11,391.28,50,859,4201,0,0,0,0.0,0,
TXN03-04278,3,2026-07-28 19:09:59,260.55,Grocery,30001,Card,DEV-03-4,Web,Chennai,19,1,0,0.27,66,715.82,390.9,540,418,4202,0,0,0,0.0,0,
TXN03-04279,3,2026-07-28 19:46:03,595.06,Household,30131,UPI,DEV-03-1,Android,Chennai,19,1,0,36.07,67,712.74,390.19,2,1395,4203,0,0,0,0.0,0,
TXN03-04280,3,2026-07-28 22:36:25,1264.68,Household,30045,Card,DEV-UNK-1243,Android,Chennai,22,1,0,170.37,68,710.57,389.59,21,1,4204,1,0,0,0.0,1,ato_new_device_odd_hour
TXN03-04281,3,2026-07-29 00:31:11,176.45,Fuel,30001,UPI,DEV-03-1,Android,Chennai,0,2,0,114.77,1,711.8,390.02,541,1396,4205,0,0,0,0.0,1,midnight_fuel
TXN03-04282,3,2026-07-29 08:07:46,702.73,Pharmacy,30040,Card,DEV-03-1,Android,Chennai,8,2,0,456.58,2,710.67,391.15,29,1397,4206,0,0,0,0.0,0,
TXN03-04283,3,2026-07-29 08:16:15,355.03,Household,30004,Card,DEV-03-2,Android,Chennai,8,2,0,8.48,3,711.18,391.0,333,860,4207,0,0,0,0.0,0,
TXN03-04284,3,2026-07-29 08:29:30,368.03,Household,30064,UPI,DEV-03-2,Android,Chennai,8,2,0,13.25,4,710.93,391.18,12,861,4208,0,0,0,0.0,0,
TXN03-04285,3,2026-07-29 08:30:28,1227.56,Pharmacy,30023,Card,DEV-03-2,Android,Chennai,8,2,0,0.97,5,710.17,391.08,142,862,4209,0,0,0,0.0,0,
TXN03-04286,3,2026-07-29 08:35:05,633.93,Grocery,30002,Card,DEV-03-2,Android,Chennai,8,2,0,4.62,6,711.32,391.41,250,863,4210,0,0,0,0.0,0,
TXN03-04287,3,2026-07-29 09:04:06,1500.0,Grocery,30092,Card,DEV-03-3,Android,Chennai,9,2,0,29.02,7,712.76,392.3,9,624,4211,0,0,0,0.0,0,
TXN03-04288,3,2026-07-29 09:07:22,673.93,Grocery,30030,UPI,DEV-03-1,Android,Chennai,9,2,0,3.27,8,714.5,393.61,18,1398,4212,0,0,0,0.0,0,
TXN03-04289,3,2026-07-29 09:19:41,1015.27,Household,30050,UPI,DEV-03-4,Web,Chennai,9,2,0,12.32,9,712.51,392.97,17,419,4213,0,0,0,0.0,0,
TXN03-04290,3,2026-07-29 09:28:43,1225.54,Household,30136,Card,DEV-03-2,Android,Chennai,9,2,0,9.03,10,713.18,392.79,1,864,4214,0,0,1,0.0,0,
TXN03-04291,3,2026-07-29 09:30:44,392.5,Pharmacy,30065,Card,DEV-03-6,Web,Chennai,9,2,0,2.02,11,714.31,393.1,14,199,4215,0,0,0,0.0,0,
TXN03-04292,3,2026-07-29 09:31:29,1025.52,Grocery,30137,UPI,DEV-03-2,Android,Chennai,9,2,0,0.75,12,713.6,392.95,1,865,4216,0,0,1,0.0,0,
TXN03-04293,3,2026-07-29 09:45:52,1500.0,Household,30021,Card,DEV-03-2,Android,Chennai,9,2,0,14.38,13,714.24,393.22,37,866,4217,0,0,0,0.0,0,
TXN03-04294,3,2026-07-29 09:51:46,298.26,Pharmacy,30028,Card,DEV-03-4,Web,Chennai,9,2,0,5.9,14,715.97,394.51,65,420,4218,0,0,0,0.0,0,
TXN03-04295,3,2026-07-29 10:00:36,1129.32,Grocery,30057,UPI,DEV-03-1,Android,Chennai,10,2,0,8.83,15,715.68,394.77,7,1399,4219,0,0,0,0.0,0,
TXN03-04296,3,2026-07-29 10:07:25,1041.25,Pharmacy,30023,UPI,DEV-03-7,iPhone,Chennai,10,2,0,6.82,16,717.05,395.12,143,156,4220,0,0,0,0.0,0,
TXN03-04297,3,2026-07-29 10:09:25,608.95,Grocery,30122,Card,DEV-03-1,Android,Chennai,10,2,0,2.0,17,717.76,394.98,2,1400,4221,0,0,0,0.0,0,
TXN03-04298,3,2026-07-29 10:14:00,340.78,Household,30012,UPI,DEV-03-7,iPhone,Chennai,10,2,0,4.58,18,716.18,393.98,64,157,4222,0,0,0,0.0,0,
TXN03-04299,3,2026-07-29 10:26:05,1134.44,Household,30012,UPI,DEV-03-1,Android,Chennai,10,2,0,12.08,19,716.89,394.68,65,1401,4223,0,0,0,0.0,0,
TXN03-04300,3,2026-07-29 10:44:18,812.31,Grocery,30002,Card,DEV-03-2,Android,Chennai,10,2,0,18.22,20,718.66,395.18,251,867,4224,0,0,0,0.0,0,
TXN03-04301,3,2026-07-29 10:46:35,688.45,Household,30056,UPI,DEV-03-3,Android,Chennai,10,2,0,2.28,21,718.87,394.76,18,625,4225,0,0,0,0.0,0,
TXN03-04302,3,2026-07-29 10:49:32,481.36,Pharmacy,30116,UPI,DEV-03-1,Android,Chennai,10,2,0,2.95,22,717.17,393.25,4,1402,4226,0,0,0,0.0,0,
TXN03-04303,3,2026-07-29 11:02:31,844.44,Grocery,30052,UPI,DEV-03-3,Android,Chennai,11,2,0,12.98,23,716.65,392.97,13,626,4227,0,0,0,0.0,0,
TXN03-04304,3,2026-07-29 11:10:39,1155.95,Grocery,30122,Card,DEV-03-2,Android,Chennai,11,2,0,8.13,24,716.93,392.58,3,868,4228,0,0,0,0.0,0,
TXN03-04305,3,2026-07-29 11:23:38,118.92,Household,30064,UPI,DEV-03-1,Android,Chennai,11,2,0,12.98,25,717.58,393.06,13,1403,4229,0,0,0,0.0,0,
TXN03-04306,3,2026-07-29 11:33:07,189.72,Grocery,30097,Card,DEV-03-1,Android,Chennai,11,2,0,9.48,26,717.15,393.61,6,1404,4230,0,0,0,0.0,0,
TXN03-04307,3,2026-07-29 11:33:11,552.33,Grocery,30071,Card,DEV-03-6,Web,Chennai,11,2,0,0.07,27,715.99,393.96,9,200,4231,0,0,0,0.0,0,
TXN03-04308,3,2026-07-29 11:44:07,295.91,Household,30004,Card,DEV-03-4,Web,Chennai,11,2,0,10.93,28,715.63,393.6,334,421,4232,0,0,0,0.0,0,
TXN03-04309,3,2026-07-29 11:51:39,525.15,Pharmacy,30032,UPI,DEV-03-4,Web,Chennai,11,2,0,7.53,29,715.43,393.79,45,422,4233,0,0,0,0.0,0,
TXN03-04310,3,2026-07-29 12:12:04,669.61,Grocery,30053,UPI,DEV-03-2,Android,Chennai,12,2,0,20.42,30,714.97,393.59,14,869,4234,0,0,0,0.0,0,
TXN03-04311,3,2026-07-29 12:19:22,483.06,Grocery,30001,UPI,DEV-03-1,Android,Chennai,12,2,0,7.3,31,714.87,393.16,542,1405,4235,0,0,0,0.0,0,
TXN03-04312,3,2026-07-29 12:46:44,786.21,Household,30004,Card,DEV-03-5,iPhone,Chennai,12,2,0,27.37,32,712.42,393.11,335,297,4236,0,0,0,0.0,0,
TXN03-04313,3,2026-07-29 12:50:40,668.88,Grocery,30001,UPI,DEV-03-3,Android,Chennai,12,2,0,3.93,33,712.58,392.69,543,627,4237,0,0,0,0.0,0,
TXN03-04314,3,2026-07-29 12:51:20,364.26,Grocery,30001,UPI,DEV-03-6,Web,Chennai,12,2,0,0.67,34,712.49,392.27,544,201,4238,0,0,0,0.0,0,
TXN03-04315,3,2026-07-29 13:11:01,1500.0,Pharmacy,30025,Card,DEV-03-2,Android,Chennai,13,2,0,19.68,35,713.18,392.35,92,870,4239,0,0,0,0.0,0,
TXN03-04316,3,2026-07-29 13:13:47,860.63,Pharmacy,30046,UPI,DEV-03-5,iPhone,Chennai,13,2,0,2.77,36,714.91,393.65,15,298,4240,0,0,0,0.0,0,
TXN03-04317,3,2026-07-29 13:18:50,458.53,Pharmacy,30028,Card,DEV-03-7,iPhone,Chennai,13,2,0,5.05,37,715.23,393.27,66,158,4241,0,0,0,0.0,0,
TXN03-04318,3,2026-07-29 13:20:24,355.86,Pharmacy,30044,Card,DEV-03-3,Android,Chennai,13,2,0,1.57,38,714.67,393.03,24,628,4242,0,0,0,0.0,0,
TXN03-04319,3,2026-07-29 13:54:52,598.27,Pharmacy,30025,UPI,DEV-03-1,Android,Chennai,13,2,0,34.47,39,712.8,391.91,93,1406,4243,0,0,0,0.0,0,
TXN03-04320,3,2026-07-29 13:57:29,1500.0,Grocery,30007,Card,DEV-03-3,Android,Chennai,13,2,0,2.62,40,712.55,391.52,84,629,4244,0,0,0,0.0,0,
TXN03-04321,3,2026-07-29 13:57:36,479.25,Household,30021,Card,DEV-03-5,iPhone,Chennai,13,2,0,0.12,41,714.27,392.82,38,299,4245,0,0,0,0.0,0,
TXN03-04322,3,2026-07-29 13:57:48,253.61,Grocery,30001,UPI,DEV-03-1,Android,Chennai,13,2,0,0.2,42,713.76,392.54,545,1407,4246,0,0,0,0.0,0,
TXN03-04323,3,2026-07-29 13:59:48,877.44,Pharmacy,30008,UPI,DEV-UNK-7174,Web,Chennai,13,2,0,2.0,43,712.64,393.12,427,1,4247,1,0,0,0.0,1,ato_short_gap_new_device
TXN03-04324,3,2026-07-29 14:02:00,724.47,Grocery,30138,UPI,DEV-03-4,Web,Chennai,14,2,0,2.2,44,713.0,392.77,1,423,4248,0,0,1,0.0,0,
TXN03-04325,3,2026-07-29 14:11:51,1117.04,Grocery,30139,Card,DEV-03-2,Android,Chennai,14,2,0,9.85,45,711.34,393.39,1,871,4249,0,0,1,0.0,0,
TXN03-04326,3,2026-07-29 14:13:00,609.97,Grocery,30003,Card,DEV-03-2,Android,Chennai,14,2,0,1.15,46,712.23,393.41,155,872,4250,0,0,0,0.0,0,
TXN03-04327,3,2026-07-29 14:34:24,967.21,Pharmacy,30008,UPI,DEV-03-1,Android,Chennai,14,2,0,21.4,47,712.54,393.28,428,1408,4251,0,0,0,0.0,0,
TXN03-04328,3,2026-07-29 14:41:36,683.1,Household,30100,UPI,DEV-03-2,Android,Chennai,14,2,0,7.2,48,713.62,393.3,5,873,4252,0,0,0,0.0,0,
TXN03-04329,3,2026-07-29 14:47:34,778.89,Pharmacy,30028,Card,DEV-03-2,Android,Chennai,14,2,0,5.97,49,713.1,393.18,67,874,4253,0,0,0,0.0,0,
TXN03-04330,3,2026-07-29 14:52:02,1197.76,Grocery,30001,Card,DEV-03-6,Web,Chennai,14,2,0,4.47,50,713.25,392.76,546,202,4254,0,0,0,0.0,0,
TXN03-04331,3,2026-07-29 15:10:40,332.42,Grocery,30043,Card,DEV-03-5,iPhone,Chennai,15,2,0,18.63,51,715.71,393.36,13,300,4255,0,0,0,0.0,0,
TXN03-04332,3,2026-07-29 15:53:30,1149.14,Grocery,30106,UPI,DEV-03-2,Android,Chennai,15,2,0,42.83,52,714.12,393.98,4,875,4256,0,0,0,0.0,0,
TXN03-04333,3,2026-07-29 16:24:42,373.97,Grocery,30042,UPI,DEV-03-2,Android,Chennai,16,2,0,31.2,53,717.18,393.87,16,876,4257,0,0,0,0.0,0,
TXN03-04334,3,2026-07-29 16:30:57,365.63,Grocery,30118,UPI,DEV-03-9,Web,Chennai,16,2,0,6.25,54,716.42,393.77,6,52,4258,0,0,0,0.0,0,
TXN03-04335,3,2026-07-29 16:31:40,655.46,Household,30009,UPI,DEV-03-1,Android,Chennai,16,2,0,0.72,55,715.64,393.68,128,1409,4259,0,0,0,0.0,0,
TXN03-04336,3,2026-07-29 16:32:12,198.98,Household,30004,Card,DEV-03-4,Web,Chennai,16,2,0,0.53,56,715.51,393.25,336,424,4260,0,0,0,0.0,0,
TXN03-04337,3,2026-07-29 16:35:31,549.24,Pharmacy,30103,UPI,DEV-03-1,Android,Chennai,16,2,0,3.32,57,714.36,393.57,3,1410,4261,0,0,0,0.0,0,
TXN03-04338,3,2026-07-29 17:22:45,301.11,Pharmacy,30072,UPI,DEV-03-3,Android,Chennai,17,2,0,47.23,58,715.33,393.94,12,630,4262,0,0,0,0.0,0,
TXN03-04339,3,2026-07-29 17:24:26,475.78,Pharmacy,30025,UPI,DEV-03-1,Android,Chennai,17,2,0,1.68,59,714.42,393.99,94,1411,4263,0,0,0,0.0,0,
TXN03-04340,3,2026-07-29 17:29:58,714.15,Household,30004,Card,DEV-03-3,Android,Chennai,17,2,0,5.53,60,713.89,393.71,337,631,4264,0,0,0,0.0,0,
TXN03-04341,3,2026-07-29 17:33:35,1163.45,Household,30024,Card,DEV-03-2,Android,Chennai,17,2,0,3.62,61,713.89,393.28,23,877,4265,0,0,0,0.0,0,
TXN03-04342,3,2026-07-29 17:49:04,380.36,Pharmacy,30031,UPI,DEV-03-3,Android,Chennai,17,2,0,15.48,62,713.79,393.43,46,632,4266,0,0,0,0.0,0,
TXN03-04343,3,2026-07-29 18:11:40,496.53,Pharmacy,30040,UPI,DEV-03-1,Android,Chennai,18,2,0,22.6,63,713.83,393.39,30,1412,4267,0,0,0,0.0,0,
TXN03-04344,3,2026-07-29 18:16:06,934.19,Household,30005,UPI,DEV-03-2,Android,Chennai,18,2,0,4.43,64,712.38,392.98,176,878,4268,0,0,0,0.0,0,
TXN03-04345,3,2026-07-29 18:44:00,466.73,Grocery,30022,UPI,DEV-UNK-8922,iPhone,Chennai,18,2,0,27.9,65,711.26,392.23,47,1,4269,1,0,0,0.0,1,ato_new_device
TXN03-04346,3,2026-07-29 18:47:18,699.25,Household,30004,UPI,DEV-03-2,Android,Chennai,18,2,0,3.3,66,711.7,391.84,338,879,4270,0,0,0,0.0,0,
TXN03-04347,3,2026-07-29 18:55:55,833.31,Household,30004,UPI,DEV-03-7,iPhone,Chennai,18,2,0,8.62,67,711.67,391.41,339,159,4271,0,0,0,0.0,0,
TXN03-04348,3,2026-07-29 19:40:35,1500.0,Household,30131,Card,DEV-03-1,Android,Chennai,19,2,0,44.67,68,713.2,390.53,3,1413,4272,0,0,0,0.0,0,
TXN03-04349,3,2026-07-29 19:53:21,750.27,Grocery,30085,UPI,DEV-03-2,Android,Chennai,19,2,0,12.77,69,714.95,391.84,9,880,4273,0,0,0,0.0,0,
TXN03-04350,3,2026-07-30 00:54:02,395.73,Fuel,30001,UPI,DEV-03-1,Android,Chennai,0,3,0,300.68,1,713.76,390.93,547,1414,4274,0,0,0,0.0,1,midnight_fuel
TXN03-04351,3,2026-07-30 08:09:16,519.36,Grocery,30001,Card,DEV-03-3,Android,Chennai,8,3,0,435.23,2,712.64,389.84,548,633,4275,0,0,0,0.0,0,
TXN03-04352,3,2026-07-30 08:10:39,1267.94,Pharmacy,30008,Card,DEV-03-15,Android,Chennai,8,3,0,1.38,3,712.21,389.51,429,11,4276,0,0,0,0.0,0,
TXN03-04353,3,2026-07-30 08:43:15,750.0,Gaming Subscription,30001,UPI,DEV-03-1,Android,Chennai,8,3,0,32.6,4,712.65,390.02,549,1415,4277,0,0,0,0.0,1,gaming_subscription
TXN03-04354,3,2026-07-30 08:47:34,1500.0,Pharmacy,30025,UPI,DEV-03-4,Web,Chennai,8,3,0,4.32,5,712.73,389.59,95,425,4278,0,0,0,0.0,0,
TXN03-04355,3,2026-07-30 08:48:17,123.93,Grocery,30041,Card,DEV-03-1,Android,Chennai,8,3,0,0.72,6,714.47,390.91,21,1416,4279,0,0,0,0.0,0,
TXN03-04356,3,2026-07-30 08:53:27,1182.19,Household,30012,Card,DEV-03-2,Android,Chennai,8,3,0,5.17,7,714.11,391.37,66,881,4280,0,0,0,0.0,0,
TXN03-04357,3,2026-07-30 09:28:23,715.25,Grocery,30001,UPI,DEV-03-4,Web,Chennai,9,3,0,34.93,8,715.04,391.98,550,426,4281,0,0,0,0.0,0,
TXN03-04358,3,2026-07-30 09:51:46,800.46,Household,30064,UPI,DEV-03-16,Web,Chennai,9,3,0,23.38,9,715.46,391.88,14,5,4282,0,0,0,0.0,0,
TXN03-04359,3,2026-07-30 10:03:36,404.96,Household,30004,UPI,DEV-03-2,Android,Chennai,10,3,0,11.83,10,715.52,391.89,340,882,4283,0,0,0,0.0,0,
TXN03-04360,3,2026-07-30 10:06:39,507.53,Grocery,30088,UPI,DEV-03-1,Android,Chennai,10,3,0,3.05,11,714.84,391.73,5,1417,4284,0,0,0,0.0,0,
TXN03-04361,3,2026-07-30 10:09:07,1413.04,Household,30005,Card,DEV-03-5,iPhone,Chennai,10,3,0,2.47,12,714.38,391.42,177,301,4285,0,0,0,0.0,0,
TXN03-04362,3,2026-07-30 10:48:34,752.08,Household,30005,Card,DEV-03-19,iPhone,Chennai,10,3,0,39.45,13,716.12,393.14,178,4,4286,0,0,0,0.0,0,
TXN03-04363,3,2026-07-30 10:54:00,898.96,Grocery,30002,Card,DEV-03-1,Android,Chennai,10,3,0,5.43,14,716.73,392.98,252,1418,4287,0,0,0,0.0,0,
TXN03-04364,3,2026-07-30 10:58:11,1500.0,Grocery,30125,UPI,DEV-03-3,Android,Chennai,10,3,0,4.18,15,717.13,392.64,3,634,4288,0,0,0,0.0,0,
TXN03-04365,3,2026-07-30 11:01:10,567.36,Pharmacy,30058,Card,DEV-03-1,Android,Chennai,11,3,0,2.98,16,718.63,394.32,13,1419,4289,0,0,0,0.0,0,
TXN03-04366,3,2026-07-30 11:09:54,498.34,Grocery,30026,Card,DEV-03-4,Web,Chennai,11,3,0,8.73,17,717.67,394.16,28,427,4290,0,0,0,0.0,0,
TXN03-04367,3,2026-07-30 11:25:19,862.01,Household,30076,Card,DEV-03-1,Android,Chennai,11,3,0,15.42,18,716.75,394.18,5,1420,4291,0,0,0,0.0,0,
TXN03-04368,3,2026-07-30 11:29:32,770.29,Household,30029,Card,DEV-03-7,iPhone,Chennai,11,3,0,4.22,19,717.07,393.81,29,160,4292,0,0,0,0.0,0,
TXN03-04369,3,2026-07-30 11:39:32,964.55,Household,30056,UPI,DEV-03-11,Web,Chennai,11,3,0,10.0,20,717.18,393.39,19,29,4293,0,0,0,0.0,0,
TXN03-04370,3,2026-07-30 11:44:13,1158.34,Household,30011,UPI,DEV-03-5,iPhone,Chennai,11,3,0,4.68,21,717.72,393.13,71,302,4294,0,0,0,0.0,0,
TXN03-04371,3,2026-07-30 11:48:00,626.44,Household,30011,UPI,DEV-03-4,Web,Chennai,11,3,0,3.78,22,718.78,393.66,72,428,4295,0,0,0,0.0,0,
TXN03-04372,3,2026-07-30 11:49:55,178.42,Household,30082,UPI,DEV-03-2,Android,Chennai,11,3,0,1.92,23,718.57,393.25,6,883,4296,0,0,0,0.0,0,
TXN03-04373,3,2026-07-30 11:52:26,143.23,Grocery,30015,Card,DEV-03-3,Android,Chennai,11,3,0,2.52,24,717.4,393.63,51,635,4297,0,0,0,0.0,0,
TXN03-04374,3,2026-07-30 11:53:29,225.46,Grocery,30001,Card,DEV-03-5,iPhone,Chennai,11,3,0,1.05,25,716.15,394.11,551,303,4298,0,0,0,0.0,0,
TXN03-04375,3,2026-07-30 11:56:03,1222.07,Grocery,30015,Card,DEV-03-3,Android,Chennai,11,3,0,2.57,26,715.09,394.34,52,636,4299,0,0,0,0.0,0,
TXN03-04376,3,2026-07-30 12:00:01,560.92,Household,30045,UPI,DEV-03-2,Android,Chennai,12,3,0,3.97,27,716.19,394.62,22,884,4300,0,0,0,0.0,0,
TXN03-04377,3,2026-07-30 12:12:19,1288.74,Household,30086,UPI,DEV-03-1,Android,Chennai,12,3,0,12.3,28,714.38,393.42,5,1421,4301,0,0,0,0.0,0,
TXN03-04378,3,2026-07-30 12:43:02,657.86,Pharmacy,30058,Card,DEV-03-1,Android,Chennai,12,3,0,30.72,29,716.16,394.15,14,1422,4302,0,0,0,0.0,0,
TXN03-04379,3,2026-07-30 12:45:50,326.86,Pharmacy,30040,Card,DEV-03-2,Android,Chennai,12,3,0,2.8,30,716.03,393.73,31,885,4303,0,0,0,0.0,0,
TXN03-04380,3,2026-07-30 12:47:55,126.27,Pharmacy,30008,Card,DEV-03-3,Android,Chennai,12,3,0,2.08,31,715.2,393.72,430,637,4304,0,0,0,0.0,0,
TXN03-04381,3,2026-07-30 12:56:04,1500.0,Household,30185,UPI,DEV-03-1,Android,Chennai,12,3,0,8.15,32,712.92,393.53,1,1423,4305,0,0,1,0.0,1,ato_new_merchant_same_category
TXN03-04382,3,2026-07-30 13:15:04,1212.04,Household,30036,Card,DEV-03-2,Android,Chennai,13,3,0,19.0,33,714.61,394.8,23,886,4306,0,0,0,0.0,0,
TXN03-04383,3,2026-07-30 13:25:36,982.09,Grocery,30003,Card,DEV-03-4,Web,Chennai,13,3,0,10.53,34,715.68,395.04,156,429,4307,0,0,0,0.0,0,
TXN03-04384,3,2026-07-30 13:28:09,393.72,Grocery,30096,Card,DEV-03-1,Android,Chennai,13,3,0,2.55,35,716.26,394.81,5,1424,4308,0,0,0,0.0,0,
TXN03-04385,3,2026-07-30 13:29:25,866.39,Household,30009,Card,DEV-03-4,Web,Chennai,13,3,0,1.27,36,715.56,394.67,129,430,4309,0,0,0,0.0,0,
TXN03-04386,3,2026-07-30 13:29:38,708.56,Grocery,30098,Card,DEV-03-2,Android,Chennai,13,3,0,0.22,37,715.89,394.31,5,887,4310,0,0,0,0.0,0,
TXN03-04387,3,2026-07-30 13:34:42,812.31,Grocery,30002,Card,DEV-03-3,Android,Chennai,13,3,0,5.07,38,715.87,393.89,253,638,4311,0,0,0,0.0,0,
TXN03-04388,3,2026-07-30 13:56:05,724.63,Household,30004,Card,DEV-03-1,Android,Chennai,13,3,0,21.38,39,715.05,393.29,341,1425,4312,0,0,0,0.0,0,
TXN03-04389,3,2026-07-30 14:11:12,631.36,Grocery,30007,Card,DEV-03-7,iPhone,Chennai,14,3,0,15.12,40,715.07,392.87,85,161,4313,0,0,0,0.0,1,ato_higher_amount
TXN03-04390,3,2026-07-30 14:34:35,692.03,Pharmacy,30008,Card,DEV-03-1,Android,Chennai,14,3,0,23.38,41,715.37,392.69,431,1426,4314,0,0,0,0.0,0,
TXN03-04391,3,2026-07-30 15:00:27,307.37,Pharmacy,30103,Card,DEV-03-1,Android,Chennai,15,3,0,25.87,42,713.65,391.01,4,1427,4315,0,0,0,0.0,0,
TXN03-04392,3,2026-07-30 15:03:15,563.17,Household,30021,Card,DEV-03-1,Android,Chennai,15,3,0,2.8,43,712.79,391.04,39,1428,4316,0,0,0,0.0,0,
TXN03-04393,3,2026-07-30 15:13:50,229.01,Grocery,30003,UPI,DEV-03-2,Android,Chennai,15,3,0,10.58,44,712.68,391.08,157,888,4317,0,0,0,0.0,0,
TXN03-04394,3,2026-07-30 15:20:29,656.9,Grocery,30121,UPI,DEV-03-5,iPhone,Chennai,15,3,0,6.65,45,711.84,391.69,4,304,4318,0,0,0,0.0,0,
TXN03-04395,3,2026-07-30 15:35:17,1500.0,Pharmacy,30023,Card,DEV-03-9,Web,Chennai,15,3,0,14.8,46,712.53,391.31,144,53,4319,0,0,0,0.0,0,
TXN03-04396,3,2026-07-30 15:39:33,846.01,Pharmacy,30008,Card,DEV-03-3,Android,Chennai,15,3,0,4.27,47,714.2,392.57,432,639,4320,0,0,0,0.0,0,
TXN03-04397,3,2026-07-30 15:47:22,1500.0,Grocery,30003,UPI,DEV-03-4,Web,Chennai,15,3,0,7.82,48,714.48,392.2,158,431,4321,0,0,0,0.0,0,
TXN03-04398,3,2026-07-30 16:05:01,1292.5,Grocery,30007,UPI,DEV-03-1,Android,Chennai,16,3,0,17.65,49,716.07,393.86,86,1429,4322,0,0,0,0.0,0,
TXN03-04399,3,2026-07-30 16:14:22,1500.0,Pharmacy,30023,Card,DEV-03-6,Web,Chennai,16,3,0,9.35,50,718.54,393.8,145,203,4323,0,0,0,0.0,0,
TXN03-04400,3,2026-07-30 16:26:03,437.14,Pharmacy,30008,Card,DEV-03-3,Android,Chennai,16,3,0,11.68,51,721.08,394.97,433,640,4324,0,0,0,0.0,0,
TXN03-04401,3,2026-07-30 16:26:29,1264.58,Grocery,30001,UPI,DEV-03-3,Android,Chennai,16,3,0,0.43,52,720.48,394.77,552,641,4325,0,0,0,0.0,0,
TXN03-04402,3,2026-07-30 16:29:29,685.39,Grocery,30034,Card,DEV-03-4,Web,Chennai,16,3,0,3.0,53,721.63,395.14,18,432,4326,0,0,0,0.0,0,
TXN03-04403,3,2026-07-30 16:41:32,1109.33,Household,30056,Card,DEV-03-2,Android,Chennai,16,3,0,12.05,54,721.43,395.13,20,889,4327,0,0,0,0.0,0,
TXN03-04404,3,2026-07-30 16:42:12,1500.0,Pharmacy,30031,UPI,DEV-03-7,iPhone,Chennai,16,3,0,0.67,55,722.25,395.12,47,162,4328,0,0,0,0.0,0,
TXN03-04405,3,2026-07-30 16:53:18,350.2,Pharmacy,30008,Card,DEV-03-2,Android,Chennai,16,3,0,11.1,56,723.88,396.31,434,890,4329,0,0,0,0.0,0,
TXN03-04406,3,2026-07-30 16:59:05,798.17,Grocery,30003,Card,DEV-03-3,Android,Chennai,16,3,0,5.78,57,721.76,395.45,159,642,4330,0,0,0,0.0,0,
TXN03-04407,3,2026-07-30 17:21:01,995.4,Pharmacy,30023,Card,DEV-03-2,Android,Chennai,17,3,0,21.93,58,721.92,395.05,146,891,4331,0,0,0,0.0,0,
TXN03-04408,3,2026-07-30 17:43:12,293.79,Pharmacy,30008,UPI,DEV-03-2,Android,Chennai,17,3,0,22.18,59,723.49,393.31,435,892,4332,0,0,0,0.0,0,
TXN03-04409,3,2026-07-30 18:01:03,272.75,Household,30140,UPI,DEV-03-1,Android,Chennai,18,3,0,17.85,60,722.58,393.39,1,1430,4333,0,0,1,0.0,0,
TXN03-04410,3,2026-07-30 18:19:07,1500.0,Grocery,30001,UPI,DEV-03-4,Web,Chennai,18,3,0,18.07,61,721.63,393.93,553,433,4334,0,0,0,0.0,0,
TXN03-04411,3,2026-07-30 18:21:13,532.49,Grocery,30002,Card,DEV-03-7,iPhone,Chennai,18,3,0,2.1,62,723.27,395.13,254,163,4335,0,0,0,0.0,1,ato_higher_amount
TXN03-04412,3,2026-07-30 18:38:39,681.63,Household,30009,UPI,DEV-03-9,Web,Chennai,18,3,0,17.43,63,722.87,394.82,130,54,4336,0,0,0,0.0,0,
TXN03-04413,3,2026-07-30 18:47:16,405.91,Grocery,30001,UPI,DEV-03-2,Android,Chennai,18,3,0,8.62,64,722.78,394.41,554,893,4337,0,0,0,0.0,0,
TXN03-04414,3,2026-07-30 18:48:14,114.68,Grocery,30018,UPI,DEV-03-7,iPhone,Chennai,18,3,0,0.97,65,722.12,394.26,58,164,4338,0,0,0,0.0,0,
TXN03-04415,3,2026-07-30 18:49:39,1103.46,Household,30038,UPI,DEV-03-1,Android,Chennai,18,3,0,1.42,66,721.34,395.09,18,1431,4339,0,0,0,0.0,0,
TXN03-04416,3,2026-07-30 19:04:40,686.2,Grocery,30010,UPI,DEV-03-5,iPhone,Chennai,19,3,0,15.02,67,722.98,395.04,92,305,4340,0,0,0,0.0,0,
TXN03-04417,3,2026-07-30 19:12:11,989.17,Pharmacy,30008,Card,DEV-03-3,Android,Chennai,19,3,0,7.52,68,723.02,395.04,436,643,4341,0,0,0,0.0,0,
TXN03-04418,3,2026-07-30 19:20:11,631.88,Grocery,30007,UPI,DEV-03-1,Android,Chennai,19,3,0,8.0,69,723.57,394.81,87,1432,4342,0,0,0,0.0,0,
TXN03-04419,3,2026-07-30 19:27:28,596.04,Grocery,30010,UPI,DEV-03-8,Web,Chennai,19,3,0,7.28,70,723.47,394.83,93,82,4343,0,0,0,0.0,0,
TXN03-04420,3,2026-07-30 19:37:20,333.88,Grocery,30010,Card,DEV-03-3,Android,Chennai,19,3,0,9.87,71,723.2,394.46,94,644,4344,0,0,0,0.0,0,
TXN03-04421,3,2026-07-30 19:37:47,314.79,Grocery,30002,Card,DEV-03-2,Android,Chennai,19,3,0,0.45,72,722.39,394.45,255,894,4345,0,0,0,0.0,0,
TXN03-04422,3,2026-07-30 19:38:57,859.07,Grocery,30002,UPI,DEV-03-3,Android,Chennai,19,3,0,1.17,73,721.55,394.48,256,645,4346,0,0,0,0.0,0,
TXN03-04423,3,2026-07-30 19:49:00,210.03,Grocery,30001,Card,DEV-03-4,Web,Chennai,19,3,0,10.05,74,722.65,394.64,555,434,4347,0,0,0,0.0,0,
TXN03-04424,3,2026-07-30 19:59:32,806.77,Pharmacy,30032,UPI,DEV-03-2,Android,Chennai,19,3,0,10.53,75,721.58,394.92,46,895,4348,0,0,0,0.0,0,
TXN03-04425,3,2026-07-30 23:25:58,517.76,Gaming Subscription,30001,UPI,DEV-03-1,Android,Chennai,23,3,0,206.43,76,722.23,394.8,556,1433,4349,0,0,0,0.0,1,gaming_subscription
TXN03-04426,3,2026-07-31 08:12:58,1016.05,Pharmacy,30023,Card,DEV-03-1,Android,Chennai,8,4,0,527.0,1,721.16,395.03,147,1434,4350,0,0,0,0.0,0,
TXN03-04427,3,2026-07-31 08:14:56,826.57,Grocery,30001,Card,DEV-03-1,Android,Chennai,8,4,0,1.97,2,721.77,394.85,557,1435,4351,0,0,0,0.0,0,
TXN03-04428,3,2026-07-31 08:27:03,274.65,Grocery,30026,Card,DEV-03-1,Android,Chennai,8,4,0,12.12,3,722.46,395.22,29,1436,4352,0,0,0,0.0,0,
TXN03-04429,3,2026-07-31 08:39:09,634.57,Household,30011,UPI,DEV-03-5,iPhone,Chennai,8,4,0,12.1,4,722.99,396.07,73,306,4353,0,0,0,0.0,0,
TXN03-04430,3,2026-07-31 08:46:21,622.9,Household,30036,Card,DEV-03-4,Web,Chennai,8,4,0,7.2,5,723.84,395.44,24,435,4354,0,0,0,0.0,0,
TXN03-04431,3,2026-07-31 08:49:06,1203.98,Pharmacy,30032,UPI,DEV-03-4,Web,Chennai,8,4,0,2.75,6,724.3,395.2,47,436,4355,0,0,0,0.0,0,
TXN03-04432,3,2026-07-31 09:01:17,792.86,Household,30021,UPI,DEV-03-5,iPhone,Chennai,9,4,0,12.18,7,725.43,395.8,40,307,4356,0,0,0,0.0,0,
TXN03-04433,3,2026-07-31 09:06:39,638.86,Household,30119,UPI,DEV-03-2,Android,Chennai,9,4,0,5.37,8,725.57,395.4,4,896,4357,0,0,0,0.0,0,
TXN03-04434,3,2026-07-31 09:16:55,649.72,Grocery,30014,UPI,DEV-03-3,Android,Chennai,9,4,0,10.27,9,726.86,395.11,68,646,4358,0,0,0,0.0,0,
TXN03-04435,3,2026-07-31 09:20:31,906.16,Household,30012,Card,DEV-03-3,Android,Chennai,9,4,0,3.6,10,726.7,394.72,67,647,4359,0,0,0,0.0,0,
TXN03-04436,3,2026-07-31 09:39:25,168.03,Household,30004,Card,DEV-03-50,Android,Chennai,9,4,0,18.9,11,728.71,394.28,342,1,4360,1,0,0,0.0,0,
TXN03-04437,3,2026-07-31 09:52:43,1100.08,Pharmacy,30058,Card,DEV-03-6,Web,Chennai,9,4,0,13.3,12,727.54,394.7,15,204,4361,0,0,0,0.0,0,
TXN03-04438,3,2026-07-31 09:55:53,669.62,Grocery,30003,Card,DEV-03-1,Android,Chennai,9,4,0,3.17,13,728.32,394.66,160,1437,4362,0,0,0,0.0,0,
TXN03-04439,3,2026-07-31 10:05:07,469.58,Grocery,30037,UPI,DEV-03-1,Android,Chennai,10,4,0,9.23,14,728.2,394.26,22,1438,4363,0,0,0,0.0,0,
TXN03-04440,3,2026-07-31 10:15:47,708.76,Household,30004,Card,DEV-03-6,Web,Chennai,10,4,0,10.67,15,727.34,394.37,343,205,4364,0,0,0,0.0,0,
TXN03-04441,3,2026-07-31 11:16:14,716.25,Pharmacy,30066,Card,DEV-03-7,iPhone,Chennai,11,4,0,60.45,16,726.05,393.84,14,165,4365,0,0,0,0.0,0,
TXN03-04442,3,2026-07-31 11:25:15,1186.28,Grocery,30057,Card,DEV-03-1,Android,Chennai,11,4,0,9.02,17,726.18,392.01,8,1439,4366,0,0,0,0.0,0,
TXN03-04443,3,2026-07-31 11:46:59,258.26,Grocery,30098,Card,DEV-03-1,Android,Chennai,11,4,0,21.73,18,728.03,392.1,6,1440,4367,0,0,0,0.0,0,
TXN03-04444,3,2026-07-31 11:48:56,1010.56,Pharmacy,30025,Card,DEV-03-1,Android,Chennai,11,4,0,1.95,19,727.04,392.28,96,1441,4368,0,0,0,0.0,0,
TXN03-04445,3,2026-07-31 11:52:55,909.92,Household,30004,Card,DEV-03-2,Android,Chennai,11,4,0,3.98,20,727.63,392.08,344,897,4369,0,0,0,0.0,0,
TXN03-04446,3,2026-07-31 11:59:05,723.82,Grocery,30001,Card,DEV-03-3,Android,Chennai,11,4,0,6.17,21,728.01,391.76,558,648,4370,0,0,0,0.0,0,
TXN03-04447,3,2026-07-31 12:00:35,442.59,Grocery,30001,UPI,DEV-03-1,Android,Chennai,12,4,0,1.5,22,728.01,391.35,559,1442,4371,0,0,0,0.0,0,
TXN03-04448,3,2026-07-31 13:31:27,1121.73,Pharmacy,30008,UPI,DEV-03-2,Android,Chennai,13,4,0,90.87,23,728.76,392.09,437,898,4372,0,0,0,0.0,0,
TXN03-04449,3,2026-07-31 13:42:54,799.23,Household,30036,Card,DEV-03-6,Web,Chennai,13,4,0,11.45,24,728.14,391.22,25,206,4373,0,0,0,0.0,0,
TXN03-04450,3,2026-07-31 14:01:44,605.21,Grocery,30001,UPI,DEV-03-3,Android,Chennai,14,4,0,18.83,25,728.23,391.24,560,649,4374,0,0,0,0.0,0,
TXN03-04451,3,2026-07-31 14:01:59,739.45,Pharmacy,30025,UPI,DEV-03-1,Android,Chennai,14,4,0,0.25,26,727.97,390.86,97,1443,4375,0,0,0,0.0,0,
TXN03-04452,3,2026-07-31 14:09:41,966.93,Pharmacy,30032,Card,DEV-03-2,Android,Chennai,14,4,0,7.7,27,726.48,390.59,48,899,4376,0,0,0,0.0,0,
TXN03-04453,3,2026-07-31 14:20:41,311.42,Grocery,30018,Card,DEV-03-1,Android,Chennai,14,4,0,11.0,28,726.42,390.55,59,1444,4377,0,0,0,0.0,0,
TXN03-04454,3,2026-07-31 14:23:18,888.84,Household,30017,Card,DEV-03-9,Web,Jaipur,14,4,0,2.62,29,725.53,390.61,39,55,4,0,0,0,1607.1,0,
TXN03-04455,3,2026-07-31 14:33:47,135.15,Grocery,30002,Card,DEV-03-1,Android,Chennai,14,4,0,10.48,30,725.25,390.44,257,1445,4378,0,0,0,1607.1,0,
TXN03-04456,3,2026-07-31 15:10:12,541.9,Grocery,30006,UPI,DEV-03-7,iPhone,Chennai,15,4,0,36.42,31,723.93,392.48,109,166,4379,0,0,0,0.0,0,
TXN03-04457,3,2026-07-31 15:14:01,322.53,Household,30110,Card,DEV-03-3,Android,Chennai,15,4,0,3.82,32,723.54,392.15,4,650,4380,0,0,0,0.0,0,
TXN03-04458,3,2026-07-31 15:15:00,487.01,Household,30005,UPI,DEV-03-1,Android,Chennai,15,4,0,0.98,33,722.68,392.16,179,1446,4381,0,0,0,0.0,0,
TXN03-04459,3,2026-07-31 15:17:41,153.98,Pharmacy,30008,UPI,DEV-03-1,Android,Chennai,15,4,0,2.68,34,722.18,391.9,438,1447,4382,0,0,0,0.0,0,
TXN03-04460,3,2026-07-31 15:34:48,742.75,Household,30009,UPI,DEV-03-3,Android,Chennai,15,4,0,17.12,35,723.33,392.41,131,651,4383,0,0,0,0.0,0,
TXN03-04461,3,2026-07-31 15:41:47,226.33,Grocery,30002,UPI,DEV-03-1,Android,Chennai,15,4,0,6.98,36,725.49,392.05,258,1448,4384,0,0,0,0.0,0,
TXN03-04462,3,2026-07-31 15:48:06,283.22,Household,30005,UPI,DEV-03-3,Android,Chennai,15,4,0,6.32,37,724.41,392.31,180,652,4385,0,0,0,0.0,0,
TXN03-04463,3,2026-07-31 15:49:34,480.36,Pharmacy,30008,Card,DEV-03-1,Android,Chennai,15,4,0,1.47,38,723.47,392.42,439,1449,4386,0,0,0,0.0,0,
TXN03-04464,3,2026-07-31 15:51:09,1230.31,Grocery,30001,UPI,DEV-03-1,Android,Chennai,15,4,0,1.58,39,722.95,392.16,561,1450,4387,0,0,0,0.0,0,
TXN03-04465,3,2026-07-31 16:06:43,768.5,Household,30050,UPI,DEV-03-9,Web,Chennai,16,4,0,15.57,40,724.03,392.44,18,56,4388,0,0,0,0.0,0,
TXN03-04466,3,2026-07-31 16:21:20,430.61,Pharmacy,30008,UPI,DEV-03-1,Android,Chennai,16,4,0,14.62,41,722.81,391.41,440,1451,4389,0,0,0,0.0,0,
TXN03-04467,3,2026-07-31 16:37:33,213.95,Grocery,30014,UPI,DEV-03-4,Web,Chennai,16,4,0,16.22,42,723.0,391.6,69,437,4390,0,0,0,0.0,0,
TXN03-04468,3,2026-07-31 16:55:35,1500.0,Grocery,30002,Card,DEV-03-7,iPhone,Chennai,16,4,0,18.03,43,720.79,392.23,259,167,4391,0,0,0,0.0,0,
TXN03-04469,3,2026-07-31 16:58:43,468.66,Pharmacy,30008,Card,DEV-03-1,Android,Chennai,16,4,0,3.13,44,722.46,393.46,441,1452,4392,0,0,0,0.0,0,
TXN03-04470,3,2026-07-31 17:13:55,291.37,Grocery,30113,UPI,DEV-03-2,Android,Chennai,17,4,0,15.2,45,720.49,392.37,4,900,4393,0,0,0,0.0,0,
TXN03-04471,3,2026-07-31 17:26:54,924.61,Grocery,30171,UPI,DEV-03-1,Android,Chennai,17,4,0,12.98,46,720.24,392.6,1,1453,4394,0,0,1,0.0,1,ato_higher_amount_new_merchant_same_category
TXN03-04472,3,2026-07-31 18:37:35,109.75,Gaming Subscription,30001,UPI,DEV-03-1,Android,Chennai,18,4,0,70.68,47,718.15,390.95,562,1454,4395,0,0,0,0.0,1,gaming_subscription
TXN03-04473,3,2026-07-31 18:43:45,389.75,Grocery,30084,UPI,DEV-03-1,Android,Chennai,18,4,0,6.17,48,716.92,391.96,6,1455,4396,0,0,0,0.0,0,
TXN03-04474,3,2026-07-31 18:56:22,333.29,Pharmacy,30028,Card,DEV-03-5,iPhone,Chennai,18,4,0,12.62,49,716.35,392.25,68,308,4397,0,0,0,0.0,0,
TXN03-04475,3,2026-07-31 18:57:33,626.31,Grocery,30047,Card,DEV-03-1,Android,Chennai,18,4,0,1.18,50,715.52,392.23,17,1456,4398,0,0,0,0.0,0,
TXN03-04476,3,2026-07-31 18:58:34,224.2,Pharmacy,30066,UPI,DEV-03-1,Android,Chennai,18,4,0,1.02,51,715.33,391.83,15,1457,4399,0,0,0,0.0,0,
TXN03-04477,3,2026-07-31 19:00:50,1217.55,Household,30013,UPI,DEV-03-13,Android,Chennai,19,4,0,2.27,52,714.28,392.07,51,18,4400,0,0,0,0.0,0,
TXN03-04478,3,2026-07-31 19:19:08,627.14,Grocery,30002,UPI,DEV-03-1,Android,Chennai,19,4,0,18.3,53,715.49,392.75,260,1458,4401,0,0,0,0.0,0,
TXN03-04479,3,2026-07-31 19:23:22,164.69,Grocery,30043,Card,DEV-03-2,Android,Chennai,19,4,0,4.23,54,715.31,392.35,14,901,4402,0,0,0,0.0,0,
TXN03-04480,3,2026-07-31 19:32:41,807.85,Grocery,30010,UPI,DEV-03-1,Android,Chennai,19,4,0,9.32,55,714.45,393.11,95,1459,4403,0,0,0,0.0,0,
TXN03-04481,3,2026-07-31 19:49:58,708.84,Household,30073,UPI,DEV-03-3,Android,Chennai,19,4,0,17.28,56,711.44,390.48,11,653,4404,0,0,0,0.0,0,
TXN03-04482,3,2026-07-31 19:53:34,958.98,Grocery,30048,Card,DEV-03-4,Web,Chennai,19,4,0,3.6,57,711.43,390.06,11,438,4405,0,0,0,0.0,0,
TXN03-04483,3,2026-08-01 00:17:46,576.98,Fuel,30001,UPI,DEV-03-1,Android,Chennai,0,5,1,264.2,1,711.77,390.1,563,1460,4406,0,0,0,0.0,1,midnight_fuel
TXN03-04484,3,2026-08-01 02:23:09,1609.13,Airport,30001,UPI,DEV-03-1,Android,Goa,2,5,1,125.38,2,711.48,389.73,564,1461,5,0,0,0,706.92,1,airport_txn
TXN03-04485,3,2026-08-01 08:39:20,719.92,Pharmacy,30141,UPI,DEV-03-3,Android,Chennai,8,5,1,376.18,3,716.0,394.62,1,654,4407,0,0,1,706.92,0,
TXN03-04486,3,2026-08-01 08:50:15,519.88,Gaming Subscription,30001,UPI,DEV-03-1,Android,Chennai,8,5,1,10.92,4,716.01,394.19,565,1462,4408,0,0,0,0.0,1,gaming_subscription
TXN03-04487,3,2026-08-01 09:01:10,467.2,Household,30045,Card,DEV-03-6,Web,Bangalore,9,5,1,10.92,5,715.58,394.3,23,207,10,0,0,0,290.17,0,
TXN03-04488,3,2026-08-01 09:01:35,687.72,Grocery,30138,UPI,DEV-03-5,iPhone,Chennai,9,5,1,0.42,6,715.04,394.04,2,309,4409,0,0,0,290.17,0,
TXN03-04489,3,2026-08-01 09:25:23,753.55,Airport,30001,UPI,DEV-03-1,Android,Pune,9,5,1,23.8,7,715.87,393.58,566,1463,8,0,0,0,914.36,1,airport_txn
TXN03-04490,3,2026-08-01 09:30:34,846.4,Grocery,30001,UPI,DEV-03-5,iPhone,Chennai,9,5,1,5.18,8,715.78,393.32,567,310,4410,0,0,0,914.36,0,
TXN03-04491,3,2026-08-01 10:19:38,715.57,Pharmacy,30103,Card,DEV-03-2,Android,Chennai,10,5,1,49.07,9,714.87,392.91,5,902,4411,0,0,0,0.0,0,
TXN03-04492,3,2026-08-01 11:06:45,506.76,Grocery,30007,UPI,DEV-03-5,iPhone,Chennai,11,5,1,47.12,10,714.58,391.6,88,311,4412,0,0,0,0.0,0,
TXN03-04493,3,2026-08-01 11:14:07,441.64,Household,30064,Card,DEV-03-2,Android,Chennai,11,5,1,7.37,11,714.12,391.29,15,903,4413,0,0,0,0.0,0,
TXN03-04494,3,2026-08-01 11:32:22,526.3,Grocery,30142,UPI,DEV-03-1,Android,Chennai,11,5,1,18.25,12,711.78,389.74,1,1464,4414,0,0,1,0.0,0,
TXN03-04495,3,2026-08-01 11:37:34,592.3,Household,30131,Card,DEV-03-1,Android,Chennai,11,5,1,5.2,13,712.34,389.28,4,1465,4415,0,0,0,0.0,1,ato_higher_amount
TXN03-04496,3,2026-08-01 11:38:43,1305.58,Grocery,30125,UPI,DEV-03-4,Web,Chennai,11,5,1,1.15,14,712.08,388.89,4,439,4416,0,0,0,0.0,0,
TXN03-04497,3,2026-08-01 12:25:49,870.3,Grocery,30088,UPI,DEV-03-1,Android,Chennai,12,5,1,47.1,15,710.68,387.36,6,1466,4417,0,0,0,0.0,0,
TXN03-04498,3,2026-08-01 12:35:12,862.35,Household,30060,UPI,DEV-03-4,Web,Chennai,12,5,1,9.38,16,711.03,387.0,19,440,4418,0,0,0,0.0,0,
TXN03-04499,3,2026-08-01 12:51:54,935.09,Grocery,30030,UPI,DEV-03-2,Android,Chennai,12,5,1,16.7,17,707.35,385.33,19,904,4419,0,0,0,0.0,0,
TXN03-04500,3,2026-08-01 12:57:10,1070.66,Grocery,30002,UPI,DEV-03-2,Android,Chennai,12,5,1,5.27,18,707.86,385.05,261,905,4420,0,0,0,0.0,0,
TXN03-04501,3,2026-08-01 13:58:02,673.18,Grocery,30111,Card,DEV-03-1,Android,Chennai,13,5,1,60.87,19,706.62,386.5,6,1467,4421,0,0,0,0.0,0,
TXN03-04502,3,2026-08-01 14:00:39,403.92,Grocery,30002,Card,DEV-03-1,Android,Chennai,14,5,1,2.62,20,706.54,386.07,262,1468,4422,0,0,0,0.0,0,
TXN03-04503,3,2026-08-01 14:05:06,753.85,Grocery,30006,UPI,DEV-03-10,Android,Chennai,14,5,1,4.45,21,705.86,385.9,110,49,4423,0,0,0,0.0,0,
TXN03-04504,3,2026-08-01 14:07:12,1032.09,Grocery,30001,Card,DEV-03-1,Android,Chennai,14,5,1,2.1,22,705.97,385.47,568,1469,4424,0,0,0,0.0,0,
TXN03-04505,3,2026-08-01 14:15:13,1263.7,Pharmacy,30008,Card,DEV-03-3,Android,Chennai,14,5,1,8.02,23,707.27,385.6,442,655,4425,0,0,0,0.0,0,
TXN03-04506,3,2026-08-01 14:39:24,895.34,Household,30012,Card,DEV-03-3,Android,Chennai,14,5,1,24.18,24,710.87,385.35,68,656,4426,0,0,0,0.0,0,
TXN03-04507,3,2026-08-01 14:47:53,718.52,Pharmacy,30008,UPI,DEV-03-3,Android,Chennai,14,5,1,8.48,25,710.69,385.25,443,657,4427,0,0,0,0.0,0,
TXN03-04508,3,2026-08-01 15:10:44,543.37,Household,30036,Card,DEV-03-1,Android,Chennai,15,5,1,22.85,26,709.51,385.23,26,1470,4428,0,0,0,0.0,0,
TXN03-04509,3,2026-08-01 15:10:51,927.95,Pharmacy,30023,Card,DEV-03-1,Android,Chennai,15,5,1,0.12,27,709.13,384.87,148,1471,4429,0,0,0,0.0,0,
TXN03-04510,3,2026-08-01 15:17:11,927.76,Pharmacy,30008,UPI,DEV-03-11,Web,Chennai,15,5,1,6.33,28,709.63,384.57,444,30,4430,0,0,0,0.0,0,
TXN03-04511,3,2026-08-01 15:35:58,433.37,Grocery,30006,UPI,DEV-03-4,Web,Chennai,15,5,1,18.78,29,708.43,383.3,111,441,4431,0,0,0,0.0,0,
TXN03-04512,3,2026-08-01 15:48:04,966.75,Household,30009,Card,DEV-03-7,iPhone,Chennai,15,5,1,12.1,30,707.81,383.09,132,168,4432,0,0,0,0.0,0,
TXN03-04513,3,2026-08-01 15:52:11,1500.0,Grocery,30001,UPI,DEV-03-2,Android,Chennai,15,5,1,4.12,31,708.39,382.85,569,906,4433,0,0,0,0.0,0,
TXN03-04514,3,2026-08-01 15:52:50,1056.39,Grocery,30014,UPI,DEV-03-5,iPhone,Chennai,15,5,1,0.65,32,710.17,384.26,70,312,4434,0,0,0,0.0,0,
TXN03-04515,3,2026-08-01 16:00:40,423.15,Grocery,30068,UPI,DEV-03-3,Android,Chennai,16,5,1,7.83,33,710.96,384.61,10,658,4435,0,0,0,0.0,0,
TXN03-04516,3,2026-08-01 16:06:28,953.55,Grocery,30001,Card,DEV-03-2,Android,Chennai,16,5,1,5.8,34,708.73,383.4,570,907,4436,0,0,0,0.0,0,
TXN03-04517,3,2026-08-01 16:45:17,572.02,Pharmacy,30023,UPI,DEV-03-3,Android,Chennai,16,5,1,38.82,35,708.35,383.65,149,659,4437,0,0,0,0.0,0,
TXN03-04518,3,2026-08-01 17:13:51,499.73,Pharmacy,30143,Card,DEV-03-1,Android,Chennai,17,5,1,28.57,36,704.93,381.9,1,1472,4438,0,0,1,0.0,0,
TXN03-04519,3,2026-08-01 17:27:08,1500.0,Grocery,30001,UPI,DEV-03-4,Web,Chennai,17,5,1,13.28,37,705.25,381.66,571,442,4439,0,0,0,0.0,0,
TXN03-04520,3,2026-08-01 17:28:50,1007.97,Pharmacy,30028,Card,DEV-03-6,Web,Chennai,17,5,1,1.7,38,707.06,383.1,69,208,4440,0,0,0,0.0,0,
TXN03-04521,3,2026-08-01 17:41:11,121.28,Grocery,30062,Card,DEV-03-1,Android,Chennai,17,5,1,12.35,39,707.75,382.94,15,1473,4441,0,0,0,0.0,0,
TXN03-04522,3,2026-08-01 17:45:07,423.83,Grocery,30027,Card,DEV-03-2,Android,Chennai,17,5,1,3.93,40,707.22,384.17,24,908,4442,0,0,0,0.0,0,
TXN03-04523,3,2026-08-01 17:54:14,1270.14,Grocery,30003,Card,DEV-03-4,Web,Chennai,17,5,1,9.12,41,706.58,383.97,161,443,4443,0,0,0,0.0,0,
TXN03-04524,3,2026-08-01 18:22:55,957.47,Grocery,30001,UPI,DEV-03-1,Android,Chennai,18,5,1,28.68,42,707.54,384.8,572,1474,4444,0,0,0,0.0,0,
TXN03-04525,3,2026-08-01 19:19:39,1433.28,Pharmacy,30070,Card,DEV-03-7,iPhone,Chennai,19,5,1,56.73,43,710.14,384.97,8,169,4445,0,0,0,0.0,0,
TXN03-04526,3,2026-08-01 19:26:50,618.67,Pharmacy,30008,Card,DEV-03-1,Android,Chennai,19,5,1,7.18,44,712.35,386.35,445,1475,4446,0,0,0,0.0,0,
TXN03-04527,3,2026-08-01 19:32:42,517.81,Household,30005,UPI,DEV-03-5,iPhone,Chennai,19,5,1,5.87,45,712.14,385.94,181,313,4447,0,0,0,0.0,0,
TXN03-04528,3,2026-08-02 08:00:17,1500.0,Grocery,30003,Card,DEV-03-1,Android,Chennai,8,6,1,747.58,1,712.67,386.53,162,1476,4448,0,0,0,0.0,0,
TXN03-04529,3,2026-08-02 08:12:51,218.62,Household,30045,UPI,DEV-03-4,Web,Chennai,8,6,1,12.57,2,714.48,387.92,24,444,4449,0,0,0,0.0,0,
TXN03-04530,3,2026-08-02 08:31:17,393.12,Household,30073,Card,DEV-03-1,Android,Chennai,8,6,1,18.43,3,713.3,387.53,12,1477,4450,0,0,0,0.0,0,
TXN03-04531,3,2026-08-02 08:44:16,637.34,Pharmacy,30044,UPI,DEV-03-4,Web,Chennai,8,6,1,12.98,4,710.87,386.24,25,445,4451,0,0,0,0.0,0,
TXN03-04532,3,2026-08-02 08:48:01,316.49,Household,30024,UPI,DEV-03-4,Web,Jaipur,8,6,1,3.75,5,710.7,385.81,24,446,5,0,0,0,1607.1,0,
TXN03-04533,3,2026-08-02 08:53:44,438.13,Grocery,30015,Card,DEV-03-4,Web,Chennai,8,6,1,5.72,6,709.79,385.83,53,447,4452,0,0,0,1607.1,0,
TXN03-04534,3,2026-08-02 09:24:37,869.12,Household,30064,UPI,DEV-03-3,Android,Chennai,9,6,1,30.88,7,708.05,384.5,16,660,4453,0,0,0,0.0,0,
TXN03-04535,3,2026-08-02 09:30:07,1073.15,Grocery,30006,UPI,DEV-03-1,Android,Chennai,9,6,1,5.5,8,708.43,384.13,112,1478,4454,0,0,0,0.0,0,
TXN03-04536,3,2026-08-02 09:38:06,619.02,Grocery,30033,Card,DEV-03-1,Android,Chennai,9,6,1,7.98,9,709.26,384.53,29,1479,4455,0,0,0,0.0,0,
TXN03-04537,3,2026-08-02 10:18:07,271.56,Grocery,30001,UPI,DEV-03-2,Android,Chennai,10,6,1,40.02,10,710.36,385.68,573,909,4456,0,0,0,0.0,0,
TXN03-04538,3,2026-08-02 10:23:04,368.63,Grocery,30068,UPI,DEV-03-7,iPhone,Chennai,10,6,1,4.95,11,710.4,385.64,11,170,4457,0,0,0,0.0,0,
TXN03-04539,3,2026-08-02 10:23:49,1121.98,Household,30004,UPI,DEV-03-4,Web,Chennai,10,6,1,0.75,12,709.6,385.55,345,448,4458,0,0,0,0.0,0,
TXN03-04540,3,2026-08-02 10:34:57,1095.37,Grocery,30006,UPI,DEV-03-4,Web,Chennai,10,6,1,11.13,13,710.56,385.61,113,449,4459,0,0,0,0.0,0,
TXN03-04541,3,2026-08-02 10:44:35,290.9,Grocery,30022,Card,DEV-03-1,Android,Chennai,10,6,1,9.63,14,712.6,385.32,48,1480,4460,0,0,0,0.0,0,
TXN03-04542,3,2026-08-02 10:48:24,825.86,Grocery,30001,UPI,DEV-03-6,Web,Chennai,10,6,1,3.82,15,711.62,385.41,574,209,4461,0,0,0,0.0,0,
TXN03-04543,3,2026-08-02 10:58:10,1500.0,Household,30005,Card,DEV-03-6,Web,Chennai,10,6,1,9.77,16,711.93,385.41,182,210,4462,0,0,0,0.0,0,
TXN03-04544,3,2026-08-02 11:02:26,1085.14,Household,30009,Card,DEV-03-2,Android,Chennai,11,6,1,4.27,17,713.76,386.83,133,910,4463,0,0,0,0.0,0,
TXN03-04545,3,2026-08-02 11:06:41,466.84,Grocery,30010,UPI,DEV-03-3,Android,Chennai,11,6,1,4.25,18,715.74,386.55,96,661,4464,0,0,0,0.0,0,
TXN03-04546,3,2026-08-02 11:29:38,1042.36,Grocery,30042,UPI,DEV-03-2,Android,Chennai,11,6,1,22.95,19,713.57,386.74,17,911,4465,0,0,0,0.0,0,
TXN03-04547,3,2026-08-02 11:44:17,522.38,Household,30069,Card,DEV-03-1,Android,Chennai,11,6,1,14.65,20,715.28,386.58,9,1481,4466,0,0,0,0.0,0,
TXN03-04548,3,2026-08-02 11:44:40,1044.6,Household,30131,Card,DEV-03-2,Android,Chennai,11,6,1,0.38,21,714.83,386.24,5,912,4467,0,0,0,0.0,0,
TXN03-04549,3,2026-08-02 11:46:31,885.13,Grocery,30067,Card,DEV-03-3,Android,Chennai,11,6,1,1.85,22,715.6,386.12,11,662,4468,0,0,0,0.0,0,
TXN03-04550,3,2026-08-02 11:52:29,1166.51,Pharmacy,30055,Card,DEV-03-4,Web,Chennai,11,6,1,5.97,23,716.0,385.75,12,450,4469,0,0,0,0.0,0,
TXN03-04551,3,2026-08-02 11:56:10,418.43,Grocery,30001,UPI,DEV-03-1,Android,Chennai,11,6,1,3.68,24,717.04,385.92,575,1482,4470,0,0,0,0.0,0,
TXN03-04552,3,2026-08-02 11:56:25,331.22,Grocery,30081,UPI,DEV-03-1,Android,Chennai,11,6,1,0.25,25,716.35,385.74,6,1483,4471,0,0,0,0.0,0,
TXN03-04553,3,2026-08-02 12:05:19,868.73,Grocery,30015,Card,DEV-03-1,Android,Chennai,12,6,1,8.9,26,716.27,385.81,54,1484,4472,0,0,0,0.0,0,
TXN03-04554,3,2026-08-02 12:13:23,1407.86,Grocery,30010,Card,DEV-03-2,Android,Chennai,12,6,1,8.07,27,717.7,385.23,97,913,4473,0,0,0,0.0,0,
TXN03-04555,3,2026-08-02 12:14:04,1500.0,Grocery,30018,UPI,DEV-03-3,Android,Chennai,12,6,1,0.68,28,719.29,386.21,60,663,4474,0,0,0,0.0,0,
TXN03-04556,3,2026-08-02 12:17:39,414.72,Pharmacy,30023,UPI,DEV-03-1,Android,Chennai,12,6,1,3.58,29,721.09,387.57,150,1485,4475,0,0,0,0.0,0,
TXN03-04557,3,2026-08-02 12:33:25,219.65,Grocery,30144,Card,DEV-03-3,Android,Chennai,12,6,1,15.77,30,717.84,386.45,1,664,4476,0,0,1,0.0,0,
TXN03-04558,3,2026-08-02 12:37:26,567.72,Household,30004,UPI,DEV-03-1,Android,Chennai,12,6,1,4.02,31,716.69,386.74,346,1486,4477,0,0,0,0.0,0,
TXN03-04559,3,2026-08-02 12:41:57,622.44,Pharmacy,30031,Card,DEV-03-1,Android,Chennai,12,6,1,4.52,32,716.35,386.36,48,1487,4478,0,0,0,0.0,0,
TXN03-04560,3,2026-08-02 12:53:16,1030.27,Grocery,30020,Card,DEV-03-2,Android,Chennai,12,6,1,11.32,33,716.95,386.01,35,914,4479,0,0,0,0.0,0,
TXN03-04561,3,2026-08-02 13:01:17,322.67,Household,30004,UPI,DEV-03-8,Web,Chennai,13,6,1,8.02,34,716.58,385.62,347,83,4480,0,0,0,0.0,0,
TXN03-04562,3,2026-08-02 13:02:54,314.46,Household,30038,UPI,DEV-03-10,Android,Chennai,13,6,1,1.62,35,715.67,385.64,19,50,4481,0,0,0,0.0,0,
TXN03-04563,3,2026-08-02 13:03:05,704.53,Household,30005,Card,DEV-03-1,Android,Chennai,13,6,1,0.18,36,714.75,385.68,183,1488,4482,0,0,0,0.0,0,
TXN03-04564,3,2026-08-02 13:25:55,204.5,Pharmacy,30008,UPI,DEV-03-1,Android,Chennai,13,6,1,22.83,37,714.73,385.24,446,1489,4483,0,0,0,0.0,0,
TXN03-04565,3,2026-08-02 13:40:45,319.26,Grocery,30001,Card,DEV-03-4,Web,Chennai,13,6,1,14.83,38,715.6,385.17,576,451,4484,0,0,0,0.0,0,
TXN03-04566,3,2026-08-02 13:41:15,947.25,Grocery,30059,Card,DEV-03-1,Android,Chennai,13,6,1,0.5,39,714.69,385.2,18,1490,4485,0,0,0,0.0,0,
TXN03-04567,3,2026-08-02 13:49:24,883.57,Grocery,30001,UPI,DEV-03-3,Android,Chennai,13,6,1,8.15,40,712.62,383.59,577,665,4486,0,0,0,0.0,0,
TXN03-04568,3,2026-08-02 13:59:28,805.78,Household,30036,Card,DEV-03-4,Web,Chennai,13,6,1,10.07,41,713.01,383.23,27,452,4487,0,0,0,0.0,0,
TXN03-04569,3,2026-08-02 14:26:00,600.92,Grocery,30145,Card,DEV-03-2,Android,Chennai,14,6,1,26.53,42,713.12,383.2,1,915,4488,0,0,1,0.0,0,
TXN03-04570,3,2026-08-02 14:44:00,951.96,Household,30005,Card,DEV-03-4,Web,Chennai,14,6,1,18.0,43,712.86,382.8,184,453,4489,0,0,0,0.0,0,
TXN03-04571,3,2026-08-02 14:49:17,932.75,Pharmacy,30078,UPI,DEV-03-3,Android,Chennai,14,6,1,5.28,44,712.89,382.82,13,666,4490,0,0,0,0.0,0,
TXN03-04572,3,2026-08-02 14:53:38,669.8,Household,30004,UPI,DEV-03-7,iPhone,Chennai,14,6,1,4.35,45,713.16,382.93,348,171,4491,0,0,0,0.0,0,
TXN03-04573,3,2026-08-02 14:57:49,116.42,Household,30021,UPI,DEV-03-2,Android,Chennai,14,6,1,4.18,46,713.06,382.5,41,916,4492,0,0,0,0.0,0,
TXN03-04574,3,2026-08-02 15:19:52,445.14,Grocery,30018,Card,DEV-03-5,iPhone,Chennai,15,6,1,22.05,47,712.08,383.48,61,314,4493,0,0,0,0.0,0,
TXN03-04575,3,2026-08-02 15:23:38,909.92,Household,30009,Card,DEV-03-6,Web,Chennai,15,6,1,3.77,48,711.47,383.25,134,211,4494,0,0,0,0.0,0,
TXN03-04576,3,2026-08-02 15:27:52,372.78,Grocery,30015,Card,DEV-03-1,Android,Chennai,15,6,1,4.23,49,712.54,383.15,55,1491,4495,0,0,0,0.0,0,
TXN03-04577,3,2026-08-02 15:32:11,1500.0,Pharmacy,30099,Card,DEV-03-1,Android,Chennai,15,6,1,4.32,50,711.77,383.05,5,1492,4496,0,0,0,0.0,0,
TXN03-04578,3,2026-08-02 15:41:48,1321.36,Household,30005,Card,DEV-03-1,Android,Chennai,15,6,1,9.62,51,713.56,384.45,185,1493,4497,0,0,0,0.0,0,
TXN03-04579,3,2026-08-02 15:44:20,1500.0,Grocery,30030,UPI,DEV-03-2,Android,Chennai,15,6,1,2.53,52,714.94,385.1,20,917,4498,0,0,0,0.0,0,
TXN03-04580,3,2026-08-02 16:09:20,279.67,Pharmacy,30028,UPI,DEV-03-2,Android,Chennai,16,6,1,25.0,53,717.79,386.99,70,918,4499,0,0,0,0.0,0,
TXN03-04581,3,2026-08-02 16:12:03,819.67,Grocery,30006,UPI,DEV-03-1,Android,Chennai,16,6,1,2.72,54,716.8,387.11,114,1494,4500,0,0,0,0.0,0,
TXN03-04582,3,2026-08-02 16:14:18,389.79,Household,30005,UPI,DEV-03-15,Android,Chennai,16,6,1,2.25,55,717.03,386.71,186,12,4501,0,0,0,0.0,0,
TXN03-04583,3,2026-08-02 16:27:06,417.58,Pharmacy,30025,Card,DEV-03-1,Android,Chennai,16,6,1,12.8,56,716.29,386.58,98,1495,4502,0,0,0,0.0,0,
TXN03-04584,3,2026-08-02 16:31:19,1136.26,Grocery,30033,UPI,DEV-03-2,Android,Chennai,16,6,1,4.22,57,715.62,386.41,30,919,4503,0,0,0,0.0,0,
TXN03-04585,3,2026-08-02 16:47:06,395.6,Pharmacy,30023,Card,DEV-03-1,Android,Chennai,16,6,1,15.78,58,716.57,386.49,151,1496,4504,0,0,0,0.0,0,
TXN03-04586,3,2026-08-02 16:55:21,269.54,Household,30004,UPI,DEV-03-1,Android,Chennai,16,6,1,8.25,59,715.84,386.78,349,1497,4505,0,0,0,0.0,0,
TXN03-04587,3,2026-08-02 17:04:27,928.68,Pharmacy,30023,Card,DEV-03-2,Android,Chennai,17,6,1,9.1,60,714.84,386.93,152,920,4506,0,0,0,0.0,0,
TXN03-04588,3,2026-08-02 17:32:45,585.03,Grocery,30146,Card,DEV-03-4,Web,Chennai,17,6,1,28.3,61,713.08,385.4,1,454,4507,0,0,1,0.0,0,
TXN03-04589,3,2026-08-02 17:38:49,314.47,Pharmacy,30028,Card,DEV-03-3,Android,Chennai,17,6,1,6.07,62,713.25,385.32,71,667,4508,0,0,0,0.0,0,
TXN03-04590,3,2026-08-02 18:24:55,359.02,Grocery,30048,Card,DEV-03-3,Android,Chennai,18,6,1,46.1,63,712.69,384.89,12,668,4509,0,0,0,0.0,0,
TXN03-04591,3,2026-08-02 18:30:21,663.68,Grocery,30002,UPI,DEV-03-11,Web,Chennai,18,6,1,5.43,64,711.87,384.82,263,31,4510,0,0,0,0.0,1,ato_higher_amount
TXN03-04592,3,2026-08-02 18:46:09,1157.14,Household,30082,Card,DEV-03-1,Android,Chennai,18,6,1,15.8,65,713.8,384.09,7,1498,4511,0,0,0,0.0,0,
TXN03-04593,3,2026-08-02 19:05:53,425.29,Household,30009,Card,DEV-03-7,iPhone,Chennai,19,6,1,19.73,66,715.63,384.31,135,172,4512,0,0,0,0.0,0,
TXN03-04594,3,2026-08-02 19:13:11,190.64,Household,30005,Card,DEV-03-1,Android,Chennai,19,6,1,7.3,67,714.56,384.47,187,1499,4513,0,0,0,0.0,0,
TXN03-04595,3,2026-08-02 19:16:54,831.41,Household,30011,Card,DEV-03-7,iPhone,Chennai,19,6,1,3.72,68,711.53,383.43,74,173,4514,0,0,0,0.0,0,
TXN03-04596,3,2026-08-02 19:37:03,125.8,Grocery,30001,Card,DEV-03-2,Android,Chennai,19,6,1,20.15,69,712.74,383.1,578,921,4515,0,0,0,0.0,0,
TXN03-04597,3,2026-08-02 20:11:13,676.38,Household,30004,Card,DEV-03-4,Web,Chennai,20,6,1,34.17,70,710.87,384.37,350,455,4516,0,0,0,0.0,1,ato_odd_hour
TXN03-04598,3,2026-08-03 03:02:12,241.58,Gaming Subscription,30001,UPI,DEV-03-1,Android,Chennai,3,0,0,410.98,1,710.79,383.92,579,1500,4517,0,0,0,0.0,1,gaming_subscription
TXN03-04599,3,2026-08-03 08:00:36,374.38,Grocery,30001,UPI,DEV-03-1,Android,Chennai,8,0,0,298.4,2,709.69,384.14,580,1501,4518,0,0,0,0.0,0,
TXN03-04600,3,2026-08-03 08:21:22,1396.51,Grocery,30122,UPI,DEV-03-5,iPhone,Chennai,8,0,0,20.77,3,710.25,383.48,4,315,4519,0,0,0,0.0,0,
TXN03-04601,3,2026-08-03 08:39:04,911.58,Household,30012,UPI,DEV-03-4,Web,Chennai,8,0,0,17.7,4,712.44,384.7,69,456,4520,0,0,0,0.0,0,
TXN03-04602,3,2026-08-03 08:39:48,1218.27,Grocery,30133,UPI,DEV-03-6,Web,Chennai,8,0,0,0.73,5,712.9,384.37,2,212,4521,0,0,0,0.0,0,
TXN03-04603,3,2026-08-03 08:52:11,610.29,Grocery,30118,UPI,DEV-03-4,Web,Chennai,8,0,0,12.38,6,715.14,382.86,7,457,4522,0,0,0,0.0,0,
TXN03-04604,3,2026-08-03 09:25:06,1165.23,Household,30029,Card,DEV-03-10,Android,Chennai,9,0,0,32.92,7,714.9,382.45,30,51,4523,0,0,0,0.0,0,
TXN03-04605,3,2026-08-03 09:38:56,590.03,Grocery,30138,UPI,DEV-03-1,Android,Chennai,9,0,0,13.83,8,715.94,382.62,3,1502,4524,0,0,0,0.0,0,
TXN03-04606,3,2026-08-03 10:00:50,489.44,Pharmacy,30023,UPI,DEV-03-5,iPhone,Chennai,10,0,0,21.9,9,715.65,382.22,153,316,4525,0,0,0,0.0,0,
TXN03-04607,3,2026-08-03 10:19:30,1170.72,Grocery,30002,Card,DEV-03-2,Android,Chennai,10,0,0,18.67,10,715.13,381.94,264,922,4526,0,0,0,0.0,0,
TXN03-04608,3,2026-08-03 10:45:59,827.92,Household,30036,Card,DEV-03-1,Android,Chennai,10,0,0,26.48,11,717.38,382.72,28,1503,4527,0,0,0,0.0,0,
TXN03-04609,3,2026-08-03 11:20:12,1237.55,Grocery,30147,Card,DEV-03-2,Android,Chennai,11,0,0,34.22,12,722.09,381.75,1,923,4528,0,0,1,0.0,0,
TXN03-04610,3,2026-08-03 11:26:30,737.5,Grocery,30033,UPI,DEV-03-1,Android,Chennai,11,0,0,6.3,13,723.3,382.11,31,1504,4529,0,0,0,0.0,0,
TXN03-04611,3,2026-08-03 12:09:12,235.02,Grocery,30047,UPI,DEV-03-1,Android,Chennai,12,0,0,42.7,14,721.58,380.39,18,1505,4530,0,0,0,0.0,0,
TXN03-04612,3,2026-08-03 12:30:57,1086.12,Pharmacy,30049,Card,DEV-03-2,Android,Chennai,12,0,0,21.75,15,719.02,379.76,24,924,4531,0,0,0,0.0,0,
TXN03-04613,3,2026-08-03 13:04:20,805.0,Household,30004,UPI,DEV-03-1,Android,Chennai,13,0,0,33.38,16,722.92,380.37,351,1506,4532,0,0,0,0.0,0,
TXN03-04614,3,2026-08-03 13:16:31,414.53,Gaming Subscription,30001,UPI,DEV-03-1,Android,Chennai,13,0,0,12.18,17,723.12,379.94,581,1507,4533,0,0,0,0.0,1,gaming_subscription
TXN03-04615,3,2026-08-03 13:41:23,324.49,Household,30094,UPI,DEV-UNK-1388,Android,Chennai,13,0,0,24.87,18,722.39,379.79,3,1,4534,1,0,0,0.0,1,ato_new_device
TXN03-04616,3,2026-08-03 13:45:20,446.97,Pharmacy,30049,UPI,DEV-03-2,Android,Chennai,13,0,0,3.95,19,721.45,379.83,25,925,4535,0,0,0,0.0,0,
TXN03-04617,3,2026-08-03 13:47:21,277.4,Grocery,30002,Card,DEV-03-1,Android,Chennai,13,0,0,2.02,20,720.8,379.61,265,1508,4536,0,0,0,0.0,0,
TXN03-04618,3,2026-08-03 14:02:01,1422.51,Pharmacy,30055,UPI,DEV-03-3,Android,Chennai,14,0,0,14.67,21,719.76,379.77,13,669,4537,0,0,0,0.0,0,
TXN03-04619,3,2026-08-03 14:07:34,391.58,Grocery,30001,Card,DEV-03-3,Android,Chennai,14,0,0,5.55,22,721.41,380.85,582,670,4538,0,0,0,0.0,0,
TXN03-04620,3,2026-08-03 14:31:17,1500.0,Grocery,30148,UPI,DEV-03-4,Web,Chennai,14,0,0,23.72,23,722.12,381.58,1,458,4539,0,0,1,0.0,0,
TXN03-04621,3,2026-08-03 14:36:13,363.68,Grocery,30125,Card,DEV-03-10,Android,Chennai,14,0,0,4.93,24,723.95,382.99,5,52,4540,0,0,0,0.0,0,
TXN03-04622,3,2026-08-03 15:17:17,1027.4,Grocery,30084,UPI,DEV-03-51,Android,Chennai,15,0,0,41.07,25,725.14,383.03,7,1,4541,1,0,0,0.0,0,
TXN03-04623,3,2026-08-03 15:20:53,346.11,Household,30079,Card,DEV-03-2,Android,Chennai,15,0,0,3.6,26,725.85,382.86,6,926,4542,0,0,0,0.0,0,
TXN03-04624,3,2026-08-03 15:26:21,345.97,Grocery,30095,UPI,DEV-03-8,Web,Chennai,15,0,0,5.47,27,724.96,382.85,2,84,4543,0,0,0,0.0,0,
TXN03-04625,3,2026-08-03 15:28:06,848.92,Household,30073,UPI,DEV-03-1,Android,Chennai,15,0,0,1.75,28,724.07,382.84,13,1509,4544,0,0,0,0.0,0,
TXN03-04626,3,2026-08-03 15:41:03,291.7,Grocery,30096,Card,DEV-03-6,Web,Chennai,15,0,0,12.95,29,723.66,382.61,6,213,4545,0,0,0,0.0,0,
TXN03-04627,3,2026-08-03 15:51:03,321.94,Grocery,30047,UPI,DEV-03-1,Android,Chennai,15,0,0,10.0,30,722.85,383.16,19,1510,4546,0,0,0,0.0,0,
TXN03-04628,3,2026-08-03 15:55:53,698.34,Grocery,30007,UPI,DEV-03-2,Android,Chennai,15,0,0,4.83,31,721.91,383.2,89,927,4547,0,0,0,0.0,0,
TXN03-04629,3,2026-08-03 16:00:38,243.81,Grocery,30139,Card,DEV-03-2,Android,Chennai,16,0,0,4.75,32,721.86,382.76,2,928,4548,0,0,0,0.0,0,
TXN03-04630,3,2026-08-03 16:05:12,624.7,Pharmacy,30035,Card,DEV-03-1,Android,Chennai,16,0,0,4.57,33,720.74,383.0,37,1511,4549,0,0,0,0.0,0,
TXN03-04631,3,2026-08-03 16:13:46,484.68,Grocery,30026,UPI,DEV-03-1,Android,Chennai,16,0,0,8.57,34,720.52,382.59,30,1512,4550,0,0,0,0.0,0,
TXN03-04632,3,2026-08-03 16:22:20,1289.62,Pharmacy,30025,Card,DEV-03-1,Android,Chennai,16,0,0,8.57,35,719.97,382.31,99,1513,4551,0,0,0,0.0,0,
TXN03-04633,3,2026-08-03 16:35:49,431.0,Grocery,30007,Card,DEV-03-2,Android,Chennai,16,0,0,13.48,36,722.11,382.91,90,929,4552,0,0,0,0.0,0,
TXN03-04634,3,2026-08-03 16:39:38,331.92,Grocery,30002,UPI,DEV-03-3,Android,Chennai,16,0,0,3.82,37,721.44,382.72,266,671,4553,0,0,0,0.0,0,
TXN03-04635,3,2026-08-03 16:39:56,491.44,Pharmacy,30008,Card,DEV-03-2,Android,Chennai,16,0,0,0.3,38,720.54,382.74,447,930,4554,0,0,0,0.0,0,
TXN03-04636,3,2026-08-03 17:31:18,520.55,Grocery,30022,UPI,DEV-03-1,Android,Chennai,17,0,0,51.37,39,720.61,383.22,49,1514,4555,0,0,0,0.0,0,
TXN03-04637,3,2026-08-03 17:42:13,843.05,Grocery,30003,UPI,DEV-03-6,Web,Chennai,17,0,0,10.92,40,720.15,382.89,163,214,4556,0,0,0,0.0,0,
TXN03-04638,3,2026-08-03 17:43:49,408.12,Grocery,30019,UPI,DEV-03-3,Android,Chennai,17,0,0,1.6,41,720.43,382.5,63,672,4557,0,0,0,0.0,0,
TXN03-04639,3,2026-08-03 17:53:20,732.78,Household,30024,Card,DEV-03-1,Android,Chennai,17,0,0,9.52,42,721.64,382.09,25,1515,4558,0,0,0,0.0,0,
TXN03-04640,3,2026-08-03 18:25:35,979.82,Household,30036,Card,DEV-03-2,Android,Chennai,18,0,0,32.25,43,720.0,381.41,29,931,4559,0,0,0,0.0,0,
TXN03-04641,3,2026-08-03 18:26:42,1500.0,Grocery,30149,UPI,DEV-03-1,Android,Chennai,18,0,0,1.12,44,720.59,381.18,1,1516,4560,0,0,1,0.0,0,
TXN03-04642,3,2026-08-03 18:30:47,609.08,Household,30013,Card,DEV-03-7,iPhone,Chennai,18,0,0,4.08,45,722.39,382.56,52,174,4561,0,0,0,0.0,0,
TXN03-04643,3,2026-08-03 18:32:44,728.74,Household,30011,UPI,DEV-03-4,Web,Chennai,18,0,0,1.95,46,722.78,382.36,75,459,4562,0,0,0,0.0,0,
TXN03-04644,3,2026-08-03 18:35:42,608.43,Grocery,30150,UPI,DEV-03-5,iPhone,Chennai,18,0,0,2.97,47,723.74,381.85,1,317,4563,0,0,1,0.0,0,
TXN03-04645,3,2026-08-03 18:42:14,1500.0,Pharmacy,30008,UPI,DEV-03-2,Android,Chennai,18,0,0,6.53,48,723.48,381.45,448,932,4564,0,0,0,0.0,0,
TXN03-04646,3,2026-08-03 19:21:22,759.09,Pharmacy,30065,Card,DEV-03-2,Android,Chennai,19,0,0,39.13,49,724.74,383.1,15,933,4565,0,0,0,0.0,0,
TXN03-04647,3,2026-08-03 19:26:34,622.82,Grocery,30014,UPI,DEV-03-4,Web,Chennai,19,0,0,5.2,50,724.82,382.67,71,460,4566,0,0,0,0.0,0,
TXN03-04648,3,2026-08-03 19:28:59,623.13,Household,30093,UPI,DEV-03-7,iPhone,Chennai,19,0,0,2.42,51,724.58,382.26,10,175,4567,0,0,0,0.0,0,
TXN03-04649,3,2026-08-04 08:07:56,487.68,Pharmacy,30040,UPI,DEV-03-1,Android,Chennai,8,1,0,758.95,1,726.51,380.06,32,1517,4568,0,0,0,0.0,0,
TXN03-04650,3,2026-08-04 08:17:33,520.01,Grocery,30127,UPI,DEV-03-3,Android,Chennai,8,1,0,9.62,2,727.22,379.34,2,673,4569,0,0,0,0.0,0,
TXN03-04651,3,2026-08-04 08:26:30,691.99,Pharmacy,30008,Card,DEV-03-4,Web,Chennai,8,1,0,8.95,3,725.83,379.0,449,461,4570,0,0,0,0.0,0,
TXN03-04652,3,2026-08-04 08:29:36,657.28,Household,30038,Card,DEV-03-6,Web,Chennai,8,1,0,3.1,4,725.76,378.56,20,215,4571,0,0,0,0.0,0,
TXN03-04653,3,2026-08-04 08:42:55,821.95,Grocery,30002,Card,DEV-03-5,iPhone,Chennai,8,1,0,13.32,5,725.6,378.14,267,318,4572,0,0,0,0.0,0,
TXN03-04654,3,2026-08-04 08:54:28,581.03,Pharmacy,30116,UPI,DEV-03-8,Web,Chennai,8,1,0,11.55,6,728.04,377.72,5,85,4573,0,0,0,0.0,0,
TXN03-04655,3,2026-08-04 08:57:13,602.3,Household,30012,Card,DEV-03-1,Android,Chennai,8,1,0,2.75,7,727.44,377.75,70,1518,4574,0,0,0,0.0,0,
TXN03-04656,3,2026-08-04 09:04:42,1500.0,Grocery,30022,Card,DEV-03-2,Android,Chennai,9,1,0,7.48,8,725.3,377.16,50,934,4575,0,0,0,0.0,0,
TXN03-04657,3,2026-08-04 09:09:46,654.4,Pharmacy,30114,Card,DEV-03-3,Android,Chennai,9,1,0,5.07,9,727.09,378.55,4,674,4576,0,0,0,0.0,0,
TXN03-04658,3,2026-08-04 09:09:56,293.47,Household,30004,UPI,DEV-03-9,Web,Chennai,9,1,0,0.17,10,726.92,378.13,352,57,4577,0,0,0,0.0,0,
TXN03-04659,3,2026-08-04 09:14:55,1500.0,Grocery,30151,UPI,DEV-03-3,Android,Chennai,9,1,0,4.98,11,725.74,378.68,1,675,4578,0,0,1,0.0,0,
TXN03-04660,3,2026-08-04 09:30:40,1310.17,Grocery,30042,UPI,DEV-03-6,Web,Chennai,9,1,0,15.75,12,728.39,380.06,18,216,4579,0,0,0,0.0,0,
TXN03-04661,3,2026-08-04 09:39:02,524.33,Household,30005,UPI,DEV-03-4,Web,Chennai,9,1,0,8.37,13,730.73,380.51,188,462,4580,0,0,0,0.0,0,
TXN03-04662,3,2026-08-04 09:53:14,841.45,Grocery,30144,Card,DEV-03-1,Android,Chennai,9,1,0,14.2,14,730.56,380.59,2,1519,4581,0,0,0,0.0,0,
TXN03-04663,3,2026-08-04 09:56:17,692.51,Grocery,30149,Card,DEV-03-3,Android,Chennai,9,1,0,3.05,15,730.81,380.19,2,676,4582,0,0,0,0.0,0,
TXN03-04664,3,2026-08-04 10:15:30,545.73,Household,30004,Card,DEV-03-2,Android,Chennai,10,1,0,19.22,16,732.25,379.97,353,935,4583,0,0,0,0.0,0,
TXN03-04665,3,2026-08-04 10:34:07,1015.55,Grocery,30090,Card,DEV-03-6,Web,Chennai,10,1,0,18.62,17,732.99,379.29,7,217,4584,0,0,0,0.0,0,
TXN03-04666,3,2026-08-04 10:58:37,368.29,Grocery,30010,Card,DEV-03-1,Android,Chennai,10,1,0,24.5,18,734.06,379.88,98,1520,4585,0,0,0,0.0,0,
TXN03-04667,3,2026-08-04 11:01:28,837.82,Grocery,30002,Card,DEV-03-5,iPhone,Chennai,11,1,0,2.85,19,733.22,379.85,268,319,4586,0,0,0,0.0,0,
TXN03-04668,3,2026-08-04 11:09:02,973.79,Household,30005,UPI,DEV-03-1,Android,Chennai,11,1,0,7.57,20,733.46,379.44,189,1521,4587,0,0,0,0.0,0,
TXN03-04669,3,2026-08-04 11:23:46,1193.94,Household,30064,UPI,DEV-03-2,Android,Chennai,11,1,0,14.73,21,733.28,379.31,17,936,4588,0,0,0,0.0,0,
TXN03-04670,3,2026-08-04 11:28:01,281.77,Grocery,30014,Card,DEV-03-1,Android,Chennai,11,1,0,4.25,22,734.34,379.52,72,1522,4589,0,0,0,0.0,0,
TXN03-04671,3,2026-08-04 11:32:10,724.19,Grocery,30068,Card,DEV-03-8,Web,Chennai,11,1,0,4.15,23,732.41,379.68,12,86,4590,0,0,0,0.0,0,
TXN03-04672,3,2026-08-04 11:35:00,1142.29,Grocery,30001,Card,DEV-03-1,Android,Surat,11,1,0,2.83,24,731.13,378.76,583,1523,6,0,0,0,1196.79,0,
TXN03-04673,3,2026-08-04 11:39:06,1055.76,Household,30011,UPI,DEV-03-1,Android,Chennai,11,1,0,4.1,25,732.07,378.83,76,1524,4591,0,0,0,1196.79,0,
TXN03-04674,3,2026-08-04 11:47:15,866.3,Grocery,30096,Card,DEV-03-2,Android,Chennai,11,1,0,8.15,26,733.95,378.4,7,937,4592,0,0,0,0.0,0,
TXN03-04675,3,2026-08-04 11:48:13,565.47,Grocery,30003,Card,DEV-03-2,Android,Chennai,11,1,0,0.97,27,734.25,378.02,164,938,4593,0,0,0,0.0,0,
TXN03-04676,3,2026-08-04 11:54:22,580.72,Household,30011,UPI,DEV-03-3,Android,Chennai,11,1,0,6.15,28,733.87,377.67,77,677,4594,0,0,0,0.0,0,
TXN03-04677,3,2026-08-04 12:07:21,932.48,Pharmacy,30025,Card,DEV-03-9,Web,Chennai,12,1,0,12.98,29,733.37,376.74,100,58,4595,0,0,0,0.0,0,
TXN03-04678,3,2026-08-04 12:11:25,1000.3,Household,30093,UPI,DEV-03-4,Web,Chennai,12,1,0,4.07,30,733.82,376.43,11,463,4596,0,0,0,0.0,0,
TXN03-04679,3,2026-08-04 12:18:35,1049.44,Pharmacy,30049,Card,DEV-03-3,Android,Chennai,12,1,0,7.17,31,734.43,376.22,26,678,4597,0,0,0,0.0,0,
TXN03-04680,3,2026-08-04 12:21:57,598.38,Household,30016,Card,DEV-03-1,Android,Chennai,12,1,0,3.37,32,735.14,376.09,54,1525,4598,0,0,0,0.0,0,
TXN03-04681,3,2026-08-04 12:22:25,370.06,Grocery,30001,UPI,DEV-03-7,iPhone,Chennai,12,1,0,0.47,33,734.84,375.72,584,176,4599,0,0,0,0.0,0,
TXN03-04682,3,2026-08-04 12:23:02,335.0,Grocery,30139,UPI,DEV-03-6,Web,Chennai,12,1,0,0.62,34,734.01,375.7,3,218,4600,0,0,0,0.0,0,
TXN03-04683,3,2026-08-04 12:41:43,1244.31,Pharmacy,30046,Card,DEV-03-1,Android,Chennai,12,1,0,18.68,35,734.17,375.52,16,1526,4601,0,0,0,0.0,0,
TXN03-04684,3,2026-08-04 12:49:01,1421.88,Pharmacy,30063,Card,DEV-03-1,Android,Chennai,12,1,0,7.3,36,735.32,375.87,14,1527,4602,0,0,0,0.0,0,
TXN03-04685,3,2026-08-04 12:53:46,1500.0,Pharmacy,30025,UPI,DEV-03-2,Android,Chennai,12,1,0,4.75,37,736.86,376.85,101,939,4603,0,0,0,0.0,0,
TXN03-04686,3,2026-08-04 13:06:06,831.22,Grocery,30001,UPI,DEV-03-1,Android,Chennai,13,1,0,12.33,38,738.3,378.53,585,1528,4604,0,0,0,0.0,0,
TXN03-04687,3,2026-08-04 13:22:11,402.68,Grocery,30010,UPI,DEV-03-1,Android,Chennai,13,1,0,16.08,39,736.83,377.25,99,1529,4605,0,0,0,0.0,0,
TXN03-04688,3,2026-08-04 13:22:20,378.74,Household,30012,Card,DEV-03-2,Android,Chennai,13,1,0,0.15,40,736.07,377.16,71,940,4606,0,0,0,0.0,0,
TXN03-04689,3,2026-08-04 13:38:45,252.52,Pharmacy,30028,UPI,DEV-03-3,Android,Chennai,13,1,0,16.42,41,736.9,376.68,72,679,4607,0,0,0,0.0,0,
TXN03-04690,3,2026-08-04 13:52:46,427.01,Pharmacy,30031,UPI,DEV-03-1,Android,Chennai,13,1,0,14.02,42,735.81,376.96,49,1530,4608,0,0,0,0.0,0,
TXN03-04691,3,2026-08-04 13:57:03,216.6,Pharmacy,30025,UPI,DEV-03-3,Android,Chennai,13,1,0,4.28,43,735.11,376.82,102,680,4609,0,0,0,0.0,0,
TXN03-04692,3,2026-08-04 13:58:50,390.29,Gaming Subscription,30001,UPI,DEV-03-1,Android,Chennai,13,1,0,1.78,44,733.95,377.19,586,1531,4610,0,0,0,0.0,1,gaming_subscription
TXN03-04693,3,2026-08-04 13:58:58,280.94,Grocery,30001,Card,DEV-03-1,Android,Chennai,13,1,0,0.13,45,733.18,377.12,587,1532,4611,0,0,0,0.0,0,
TXN03-04694,3,2026-08-04 14:08:43,804.77,Household,30004,UPI,DEV-03-1,Android,Chennai,14,1,0,9.75,46,732.17,377.3,354,1533,4612,0,0,0,0.0,0,
TXN03-04695,3,2026-08-04 14:26:26,211.56,Household,30036,UPI,DEV-03-1,Android,Chennai,14,1,0,17.72,47,732.34,376.9,30,1534,4613,0,0,0,0.0,0,
TXN03-04696,3,2026-08-04 14:38:15,990.8,Grocery,30003,UPI,DEV-03-3,Android,Chennai,14,1,0,11.82,48,730.7,376.7,165,681,4614,0,0,0,0.0,0,
TXN03-04697,3,2026-08-04 14:50:06,1500.0,Grocery,30014,Card,DEV-03-6,Web,Chennai,14,1,0,11.85,49,729.97,375.46,73,219,4615,0,0,0,0.0,0,
TXN03-04698,3,2026-08-04 14:55:46,898.75,Grocery,30001,Card,DEV-03-1,Android,Chennai,14,1,0,5.67,50,731.69,376.8,588,1535,4616,0,0,0,0.0,0,
TXN03-04699,3,2026-08-04 15:05:33,939.55,Household,30009,Card,DEV-03-1,Android,Chennai,15,1,0,9.78,51,733.29,375.99,136,1536,4617,0,0,0,0.0,0,
TXN03-04700,3,2026-08-04 15:13:01,630.96,Grocery,30002,UPI,DEV-03-3,Android,Chennai,15,1,0,7.47,52,733.74,375.7,269,682,4618,0,0,0,0.0,0,
TXN03-04701,3,2026-08-04 15:18:05,1500.0,Grocery,30002,UPI,DEV-03-1,Android,Chennai,15,1,0,5.07,53,732.96,375.54,270,1537,4619,0,0,0,0.0,0,
TXN03-04702,3,2026-08-04 15:22:44,320.15,Household,30009,Card,DEV-03-1,Android,Chennai,15,1,0,4.65,54,734.66,376.86,137,1538,4620,0,0,0,0.0,0,
TXN03-04703,3,2026-08-04 15:51:02,641.42,Grocery,30007,UPI,DEV-03-4,Web,Chennai,15,1,0,28.3,55,734.68,377.59,91,464,4621,0,0,0,0.0,0,
TXN03-04704,3,2026-08-04 16:08:59,1500.0,Pharmacy,30046,Card,DEV-03-1,Android,Chennai,16,1,0,17.95,56,731.97,376.48,17,1539,4622,0,0,0,0.0,0,
TXN03-04705,3,2026-08-04 16:30:12,998.6,Household,30004,UPI,DEV-03-3,Android,Chennai,16,1,0,21.22,57,732.55,376.66,355,683,4623,0,0,0,0.0,0,
TXN03-04706,3,2026-08-04 16:48:51,362.38,Pharmacy,30152,UPI,DEV-03-6,Web,Chennai,16,1,0,18.65,58,731.13,375.47,1,220,4624,0,0,1,0.0,0,
TXN03-04707,3,2026-08-04 16:58:05,306.31,Grocery,30001,Card,DEV-03-8,Web,Chennai,16,1,0,9.23,59,728.56,374.5,589,87,4625,0,0,0,0.0,0,
TXN03-04708,3,2026-08-04 17:28:13,529.89,Grocery,30006,UPI,DEV-03-1,Android,Chennai,17,1,0,30.13,60,728.36,374.78,115,1540,4626,0,0,0,0.0,0,
TXN03-04709,3,2026-08-04 17:29:15,302.21,Grocery,30071,Card,DEV-03-5,iPhone,Chennai,17,1,0,1.03,61,727.91,374.47,10,320,4627,0,0,0,0.0,0,
TXN03-04710,3,2026-08-04 17:41:47,1291.96,Grocery,30014,UPI,DEV-03-1,Android,Chennai,17,1,0,12.53,62,727.17,374.99,74,1541,4628,0,0,0,0.0,0,
TXN03-04711,3,2026-08-04 18:34:43,839.86,Grocery,30014,UPI,DEV-03-6,Web,Chennai,18,1,0,52.93,63,726.23,375.74,75,221,4629,0,0,0,0.0,0,
TXN03-04712,3,2026-08-04 18:37:05,993.22,Pharmacy,30008,UPI,DEV-03-4,Web,Chennai,18,1,0,2.37,64,726.68,375.76,450,465,4630,0,0,0,0.0,0,
TXN03-04713,3,2026-08-04 18:41:05,981.17,Pharmacy,30032,Card,DEV-03-4,Web,Chennai,18,1,0,4.0,65,727.29,375.55,49,466,4631,0,0,0,0.0,0,
TXN03-04714,3,2026-08-04 18:45:43,1500.0,Household,30005,Card,DEV-03-4,Web,Chennai,18,1,0,4.63,66,727.87,375.31,190,467,4632,0,0,0,0.0,0,
TXN03-04715,3,2026-08-04 19:05:48,947.25,Grocery,30007,Card,DEV-03-12,Android,Chennai,19,1,0,20.08,67,730.19,376.93,92,19,4633,0,0,0,0.0,0,
TXN03-04716,3,2026-08-04 19:10:25,466.22,Household,30076,UPI,DEV-03-5,iPhone,Chennai,19,1,0,4.62,68,732.1,376.77,6,321,4634,0,0,0,0.0,0,
TXN03-04717,3,2026-08-04 19:28:00,550.34,Household,30050,Card,DEV-03-1,Android,Chennai,19,1,0,17.58,69,731.49,376.55,19,1542,4635,0,0,0,0.0,0,
TXN03-04718,3,2026-08-04 19:37:26,546.08,Grocery,30085,UPI,DEV-03-8,Web,Chennai,19,1,0,9.43,70,731.08,376.22,10,88,4636,0,0,0,0.0,0,
TXN03-04719,3,2026-08-04 19:50:47,702.37,Household,30005,Card,DEV-03-1,Android,Chennai,19,1,0,13.35,71,730.97,376.27,191,1543,4637,0,0,0,0.0,0,
TXN03-04720,3,2026-08-04 20:56:17,1365.6,Grocery,30176,UPI,DEV-03-2,Android,Chennai,20,1,0,65.5,72,730.9,375.84,1,941,4638,0,0,1,0.0,1,ato_new_merchant_same_category_odd_hour
TXN03-04721,3,2026-08-04 21:22:23,741.78,Grocery,30001,Card,DEV-03-3,Android,Chennai,21,1,0,26.1,73,732.34,376.63,590,684,4639,0,0,0,0.0,1,ato_odd_hour_higher_amount
TXN03-04722,3,2026-08-05 04:06:23,1655.52,Airport,30001,UPI,DEV-03-1,Android,Chandigarh,4,2,0,404.0,1,732.41,375.27,591,1544,6,0,0,0,1995.05,1,airport_txn
TXN03-04723,3,2026-08-05 08:39:47,719.07,Grocery,30146,UPI,DEV-03-1,Android,Chennai,8,2,0,273.4,2,735.39,377.95,2,1545,4640,0,0,0,1995.05,0,
TXN03-04724,3,2026-08-05 08:41:00,759.37,Household,30115,UPI,DEV-03-4,Web,Chennai,8,2,0,1.22,3,735.35,377.52,3,468,4641,0,0,0,0.0,0,
TXN03-04725,3,2026-08-05 08:57:29,910.27,Grocery,30128,Card,DEV-03-2,Android,Chennai,8,2,0,16.48,4,735.41,377.09,2,942,4642,0,0,0,0.0,0,
TXN03-04726,3,2026-08-05 09:17:50,383.88,Grocery,30010,Card,DEV-03-5,iPhone,Chennai,9,2,0,20.35,5,734.2,375.82,100,322,4643,0,0,0,0.0,0,
TXN03-04727,3,2026-08-05 09:45:32,123.0,Household,30004,Card,DEV-03-2,Android,Chennai,9,2,0,27.7,6,731.73,375.89,356,943,4644,0,0,0,0.0,0,
TXN03-04728,3,2026-08-05 09:45:57,657.36,Household,30009,UPI,DEV-03-2,Android,Chennai,9,2,0,0.42,7,728.56,375.2,138,944,4645,0,0,0,0.0,0,
TXN03-04729,3,2026-08-05 09:49:08,685.93,Household,30004,UPI,DEV-03-1,Android,Chennai,9,2,0,3.18,8,728.39,374.79,357,1546,4646,0,0,0,0.0,0,
TXN03-04730,3,2026-08-05 09:56:11,686.89,Grocery,30085,UPI,DEV-03-7,iPhone,Chennai,9,2,0,7.05,9,729.28,374.22,11,177,4647,0,0,0,0.0,0,
TXN03-04731,3,2026-08-05 10:18:31,412.24,Grocery,30027,Card,DEV-03-5,iPhone,Chennai,10,2,0,22.33,10,728.72,374.22,25,323,4648,0,0,0,0.0,0,
TXN03-04732,3,2026-08-05 10:22:12,542.85,Grocery,30001,UPI,DEV-03-8,Web,Chennai,10,2,0,3.68,11,727.98,374.1,592,89,4649,0,0,0,0.0,0,
TXN03-04733,3,2026-08-05 10:44:28,1195.71,Grocery,30059,UPI,DEV-03-4,Web,Chennai,10,2,0,22.27,12,726.42,374.1,19,469,4650,0,0,0,0.0,0,
TXN03-04734,3,2026-08-05 12:06:20,700.04,Pharmacy,30008,UPI,DEV-03-3,Android,Chennai,12,2,0,81.87,13,731.5,374.59,451,685,4651,0,0,0,0.0,0,
TXN03-04735,3,2026-08-05 12:40:54,994.6,Pharmacy,30035,Card,DEV-03-2,Android,Chennai,12,2,0,34.57,14,732.16,374.83,38,945,4652,0,0,0,0.0,0,
TXN03-04736,3,2026-08-05 12:42:11,345.28,Grocery,30014,UPI,DEV-03-2,Android,Chennai,12,2,0,1.28,15,732.78,374.6,76,946,4653,0,0,0,0.0,0,
TXN03-04737,3,2026-08-05 12:49:51,1454.26,Pharmacy,30023,UPI,DEV-03-6,Web,Kochi,12,2,0,7.67,16,731.74,375.06,154,222,6,0,0,0,559.49,0,
TXN03-04738,3,2026-08-05 12:59:40,1500.0,Grocery,30027,UPI,DEV-03-1,Android,Chennai,12,2,0,9.82,17,734.47,376.7,26,1547,4654,0,0,0,559.49,0,
TXN03-04739,3,2026-08-05 13:09:17,664.1,Grocery,30067,UPI,DEV-03-2,Android,Chennai,13,2,0,9.62,18,736.27,378.08,12,947,4655,0,0,0,0.0,0,
TXN03-04740,3,2026-08-05 13:22:27,531.2,Household,30004,UPI,DEV-03-7,iPhone,Chennai,13,2,0,13.17,19,735.55,376.87,358,178,4656,0,0,0,0.0,0,
TXN03-04741,3,2026-08-05 13:31:39,540.37,Pharmacy,30114,Card,DEV-03-5,iPhone,Chennai,13,2,0,9.2,20,735.07,376.55,5,324,4657,0,0,0,0.0,0,
TXN03-04742,3,2026-08-05 13:35:03,930.17,Grocery,30081,Card,DEV-03-1,Android,Chennai,13,2,0,3.4,21,734.61,376.23,7,1548,4658,0,0,0,0.0,0,
TXN03-04743,3,2026-08-05 13:40:59,468.45,Household,30017,UPI,DEV-03-3,Android,Chennai,13,2,0,5.93,22,735.07,375.9,40,686,4659,0,0,0,0.0,0,
TXN03-04744,3,2026-08-05 13:54:35,281.19,Grocery,30014,UPI,DEV-03-1,Android,Chennai,13,2,0,13.6,23,734.44,375.68,77,1549,4660,0,0,0,0.0,0,
TXN03-04745,3,2026-08-05 14:38:25,271.59,Grocery,30001,UPI,DEV-03-5,iPhone,Chennai,14,2,0,43.83,24,732.12,376.3,593,325,4661,0,0,0,0.0,0,
TXN03-04746,3,2026-08-05 15:22:46,405.15,Household,30135,Card,DEV-03-2,Android,Chennai,15,2,0,44.35,25,730.85,377.12,2,948,4662,0,0,0,0.0,0,
TXN03-04747,3,2026-08-05 15:26:40,533.67,Grocery,30002,Card,DEV-03-1,Android,Chennai,15,2,0,3.9,26,730.06,377.0,271,1550,4663,0,0,0,0.0,0,
TXN03-04748,3,2026-08-05 15:56:13,1117.99,Grocery,30001,UPI,DEV-03-4,Web,Chennai,15,2,0,29.55,27,728.58,376.56,594,470,4664,0,0,0,0.0,0,
TXN03-04749,3,2026-08-05 16:47:38,1500.0,Grocery,30041,Card,DEV-03-1,Android,Chennai,16,2,0,51.42,28,733.18,377.0,22,1551,4665,0,0,0,0.0,0,
TXN03-04750,3,2026-08-05 16:51:41,452.96,Household,30004,Card,DEV-03-10,Android,Chennai,16,2,0,4.05,29,735.04,378.43,359,53,4666,0,0,0,0.0,0,
TXN03-04751,3,2026-08-05 17:25:38,493.42,Grocery,30108,UPI,DEV-03-2,Android,Mumbai,17,2,0,33.95,30,736.04,378.32,3,949,11,0,0,0,1033.1,0,
TXN03-04752,3,2026-08-05 17:55:53,977.47,Grocery,30003,Card,DEV-03-3,Android,Chennai,17,2,0,30.25,31,735.32,378.43,166,687,4667,0,0,0,1033.1,0,
TXN03-04753,3,2026-08-05 18:15:15,409.67,Household,30036,Card,DEV-03-5,iPhone,Chennai,18,2,0,19.37,32,736.5,378.44,31,326,4668,0,0,0,0.0,0,
TXN03-04754,3,2026-08-05 18:18:35,686.62,Pharmacy,30035,UPI,DEV-03-8,Web,Chennai,18,2,0,3.33,33,735.22,378.65,39,90,4669,0,0,0,0.0,0,
TXN03-04755,3,2026-08-05 18:23:35,662.77,Grocery,30020,UPI,DEV-03-1,Android,Chennai,18,2,0,5.0,34,735.1,378.2,36,1552,4670,0,0,0,0.0,0,
TXN03-04756,3,2026-08-05 18:27:27,170.86,Grocery,30018,UPI,DEV-03-2,Android,Chennai,18,2,0,3.87,35,734.92,377.75,62,950,4671,0,0,0,0.0,0,
TXN03-04757,3,2026-08-05 18:32:04,436.65,Pharmacy,30023,Card,DEV-03-1,Android,Chennai,18,2,0,4.62,36,733.55,378.32,155,1553,4672,0,0,0,0.0,0,
TXN03-04758,3,2026-08-05 18:33:18,401.02,Grocery,30001,Card,DEV-03-1,Android,Chennai,18,2,0,1.23,37,732.84,378.14,595,1554,4673,0,0,0,0.0,0,
TXN03-04759,3,2026-08-05 18:48:30,584.47,Grocery,30042,UPI,DEV-03-6,Web,Chennai,18,2,0,15.2,38,732.76,378.72,19,223,4674,0,0,0,0.0,0,
TXN03-04760,3,2026-08-05 18:51:50,529.85,Grocery,30002,UPI,DEV-03-2,Android,Chennai,18,2,0,3.33,39,732.4,378.33,272,951,4675,0,0,0,0.0,0,
TXN03-04761,3,2026-08-05 19:11:28,627.91,Pharmacy,30023,UPI,DEV-03-6,Web,Chennai,19,2,0,19.63,40,731.66,378.43,156,224,4676,0,0,0,0.0,0,
TXN03-04762,3,2026-08-05 19:23:08,277.85,Grocery,30003,Card,DEV-03-25,Android,Chennai,19,2,0,11.67,41,731.41,378.01,167,2,4677,0,0,0,0.0,0,
TXN03-04763,3,2026-08-05 19:33:34,611.38,Grocery,30010,UPI,DEV-03-1,Android,Chennai,19,2,0,10.43,42,730.32,378.2,101,1555,4678,0,0,0,0.0,0,
TXN03-04764,3,2026-08-05 19:36:37,382.6,Household,30009,UPI,DEV-03-5,iPhone,Chennai,19,2,0,3.05,43,730.03,377.79,139,327,4679,0,0,0,0.0,0,
TXN03-04765,3,2026-08-05 19:41:37,163.38,Grocery,30053,UPI,DEV-03-1,Android,Chennai,19,2,0,5.0,44,727.35,376.28,15,1556,4680,0,0,0,0.0,0,
TXN03-04766,3,2026-08-05 19:43:10,357.26,Grocery,30018,UPI,DEV-03-4,Web,Chennai,19,2,0,1.55,45,726.0,376.84,63,471,4681,0,0,0,0.0,0,
TXN03-04767,3,2026-08-05 19:44:07,658.56,Household,30016,UPI,DEV-03-2,Android,Chennai,19,2,0,0.95,46,725.11,376.82,55,952,4682,0,0,0,0.0,0,
TXN03-04768,3,2026-08-05 19:52:42,420.81,Grocery,30105,Card,DEV-03-2,Android,Chennai,19,2,0,8.58,47,724.95,376.38,3,953,4683,0,0,0,0.0,0,
TXN03-04769,3,2026-08-06 04:29:35,2689.69,Airport,30001,UPI,DEV-03-1,Android,Surat,4,3,0,516.88,1,724.95,376.78,596,1557,7,0,0,0,1196.79,1,airport_txn
TXN03-04770,3,2026-08-06 08:09:49,516.73,Grocery,30019,Card,DEV-03-52,Android,Chennai,8,3,0,220.23,2,730.15,388.68,64,1,4684,1,0,0,1196.79,0,
TXN03-04771,3,2026-08-06 08:15:04,295.47,Pharmacy,30023,UPI,DEV-03-3,Android,Chennai,8,3,0,5.25,3,728.35,387.92,157,688,4685,0,0,0,0.0,0,
TXN03-04772,3,2026-08-06 08:19:26,367.07,Grocery,30006,Card,DEV-03-53,iPhone,Chennai,8,3,0,4.37,4,727.32,388.04,116,1,4686,1,0,0,0.0,0,
TXN03-04773,3,2026-08-06 08:30:52,743.44,Household,30100,Card,DEV-03-2,Android,Chennai,8,3,0,11.43,5,726.46,387.97,6,954,4687,0,0,0,0.0,0,
TXN03-04774,3,2026-08-06 08:35:21,1085.6,Grocery,30090,UPI,DEV-03-2,Android,Chennai,8,3,0,4.48,6,726.5,387.51,8,955,4688,0,0,0,0.0,0,
TXN03-04775,3,2026-08-06 08:58:25,1032.05,Pharmacy,30070,UPI,DEV-03-3,Android,Chennai,8,3,0,23.07,7,725.8,385.68,9,689,4689,0,0,0,0.0,0,
TXN03-04776,3,2026-08-06 09:03:12,443.67,Household,30005,Card,DEV-03-3,Android,Chennai,9,3,0,4.78,8,726.53,385.51,192,690,4690,0,0,0,0.0,0,
TXN03-04777,3,2026-08-06 09:09:16,904.07,Grocery,30034,Card,DEV-03-4,Web,Chennai,9,3,0,6.07,9,725.86,385.3,19,472,4691,0,0,0,0.0,0,
TXN03-04778,3,2026-08-06 09:50:32,394.34,Household,30069,Card,DEV-03-1,Android,Chennai,9,3,0,41.27,10,726.31,385.4,10,1558,4692,0,0,0,0.0,0,
TXN03-04779,3,2026-08-06 09:50:47,143.89,Grocery,30102,UPI,DEV-03-2,Android,Chennai,9,3,0,0.25,11,725.52,385.28,5,956,4693,0,0,0,0.0,0,
TXN03-04780,3,2026-08-06 09:51:59,517.3,Household,30073,UPI,DEV-03-4,Web,Chennai,9,3,0,1.2,12,723.96,386.3,14,473,4694,0,0,0,0.0,0,
TXN03-04781,3,2026-08-06 10:18:05,353.61,Pharmacy,30008,UPI,DEV-03-1,Android,Chennai,10,3,0,26.1,13,723.1,385.43,452,1559,4695,0,0,0,0.0,0,
TXN03-04782,3,2026-08-06 10:23:32,414.18,Grocery,30002,UPI,DEV-03-1,Android,Chennai,10,3,0,5.45,14,722.22,385.39,273,1560,4696,0,0,0,0.0,0,
TXN03-04783,3,2026-08-06 10:26:40,1500.0,Household,30004,Card,DEV-03-3,Android,Chennai,10,3,0,3.13,15,721.49,385.22,360,691,4697,0,0,0,0.0,0,
TXN03-04784,3,2026-08-06 10:29:03,273.45,Pharmacy,30032,Card,DEV-03-1,Android,Chennai,10,3,0,2.38,16,723.33,386.62,50,1561,4698,0,0,0,0.0,0,
TXN03-04785,3,2026-08-06 10:29:04,997.24,Pharmacy,30072,Card,DEV-03-9,Web,Chennai,10,3,0,0.02,17,722.27,386.78,13,59,4699,0,0,0,0.0,0,
TXN03-04786,3,2026-08-06 10:46:21,177.2,Pharmacy,30008,UPI,DEV-03-2,Android,Chennai,10,3,0,17.28,18,722.92,386.56,453,957,4700,0,0,0,0.0,0,
TXN03-04787,3,2026-08-06 11:08:14,107.94,Grocery,30105,UPI,DEV-03-2,Android,Chennai,11,3,0,21.88,19,719.66,386.81,4,958,4701,0,0,0,0.0,0,
TXN03-04788,3,2026-08-06 11:12:14,780.57,Grocery,30053,UPI,DEV-03-5,iPhone,Chennai,11,3,0,4.0,20,718.73,387.8,16,328,4702,0,0,0,0.0,0,
TXN03-04789,3,2026-08-06 11:13:06,430.83,Grocery,30015,UPI,DEV-03-4,Web,Chennai,11,3,0,0.87,21,718.88,387.36,56,474,4703,0,0,0,0.0,0,
TXN03-04790,3,2026-08-06 11:14:06,559.17,Grocery,30010,UPI,DEV-03-1,Android,Chennai,11,3,0,1.0,22,718.2,387.15,102,1562,4704,0,0,0,0.0,0,
TXN03-04791,3,2026-08-06 11:15:33,1500.0,Grocery,30001,Card,DEV-03-7,iPhone,Chennai,11,3,0,1.45,23,717.82,386.77,597,179,4705,0,0,0,0.0,0,
TXN03-04792,3,2026-08-06 11:39:25,1153.18,Grocery,30003,Card,DEV-03-1,Android,Chennai,11,3,0,23.87,24,719.21,389.02,168,1563,4706,0,0,0,0.0,0,
TXN03-04793,3,2026-08-06 11:43:52,1145.32,Household,30011,Card,DEV-03-4,Web,Chennai,11,3,0,4.45,25,719.65,389.41,78,475,4707,0,0,0,0.0,0,
TXN03-04794,3,2026-08-06 11:52:13,555.22,Grocery,30001,UPI,DEV-03-1,Android,Chennai,11,3,0,8.35,26,721.13,389.37,598,1564,4708,0,0,0,0.0,0,
TXN03-04795,3,2026-08-06 12:05:17,472.09,Grocery,30003,Card,DEV-03-1,Android,Chennai,12,3,0,13.07,27,722.49,388.22,169,1565,4709,0,0,0,0.0,0,
TXN03-04796,3,2026-08-06 12:18:43,427.53,Pharmacy,30025,UPI,DEV-03-1,Android,Chennai,12,3,0,13.43,28,720.53,387.42,103,1566,4710,0,0,0,0.0,0,
TXN03-04797,3,2026-08-06 12:24:35,156.15,Grocery,30113,Card,DEV-03-1,Android,Chennai,12,3,0,5.87,29,719.83,387.22,5,1567,4711,0,0,0,0.0,0,
TXN03-04798,3,2026-08-06 12:28:18,413.06,Household,30009,Card,DEV-03-6,Web,Chennai,12,3,0,3.72,30,718.49,387.74,140,225,4712,0,0,0,0.0,0,
TXN03-04799,3,2026-08-06 12:50:09,233.38,Gaming Subscription,30001,UPI,DEV-03-1,Android,Chennai,12,3,0,21.85,31,720.26,387.38,599,1568,4713,0,0,0,0.0,1,gaming_subscription
TXN03-04800,3,2026-08-06 13:01:33,254.47,Grocery,30125,Card,DEV-03-2,Android,Chennai,13,3,0,11.4,32,717.23,386.22,6,959,4714,0,0,0,0.0,0,
TXN03-04801,3,2026-08-06 13:24:20,870.22,Household,30064,UPI,DEV-03-2,Android,Chennai,13,3,0,22.78,33,714.94,386.12,18,960,4715,0,0,0,0.0,0,
TXN03-04802,3,2026-08-06 13:26:18,515.19,Household,30153,UPI,DEV-03-3,Android,Chennai,13,3,0,1.97,34,714.67,385.97,1,692,4716,0,0,1,0.0,0,
TXN03-04803,3,2026-08-06 13:51:17,447.74,Pharmacy,30028,Card,DEV-03-2,Android,Chennai,13,3,0,24.98,35,714.38,387.07,73,961,4717,0,0,0,0.0,0,
TXN03-04804,3,2026-08-06 14:22:25,1211.19,Grocery,30084,Card,DEV-03-1,Android,Chennai,14,3,0,31.13,36,713.91,387.73,8,1569,4718,0,0,0,0.0,0,
TXN03-04805,3,2026-08-06 14:34:53,296.47,Household,30004,UPI,DEV-03-3,Android,Chennai,14,3,0,12.47,37,715.16,388.5,361,693,4719,0,0,0,0.0,0,
TXN03-04806,3,2026-08-06 14:40:54,264.14,Pharmacy,30008,UPI,DEV-03-3,Android,Chennai,14,3,0,6.02,38,714.15,388.57,454,694,4720,0,0,0,0.0,0,
TXN03-04807,3,2026-08-06 14:54:53,259.79,Grocery,30007,Card,DEV-03-1,Android,Chennai,14,3,0,13.98,39,713.07,388.73,93,1570,4721,0,0,0,0.0,0,
TXN03-04808,3,2026-08-06 15:05:24,641.53,Pharmacy,30055,UPI,DEV-03-17,Android,Chennai,15,3,0,10.52,40,713.32,389.26,14,6,4722,0,0,0,0.0,0,
TXN03-04809,3,2026-08-06 15:13:22,614.01,Pharmacy,30044,Card,DEV-03-2,Android,Chennai,15,3,0,7.97,41,713.15,388.8,26,962,4723,0,0,0,0.0,0,
TXN03-04810,3,2026-08-06 15:13:41,1008.97,Grocery,30019,UPI,DEV-03-3,Android,Chennai,15,3,0,0.32,42,712.91,388.37,65,695,4724,0,0,0,0.0,0,
TXN03-04811,3,2026-08-06 15:19:03,295.48,Grocery,30020,Card,DEV-03-2,Android,Chennai,15,3,0,5.37,43,714.78,387.91,37,963,4725,0,0,0,0.0,0,
TXN03-04812,3,2026-08-06 15:31:55,357.5,Household,30004,Card,DEV-03-3,Android,Chennai,15,3,0,12.87,44,713.91,388.44,362,696,4726,0,0,0,0.0,0,
TXN03-04813,3,2026-08-06 15:45:20,1500.0,Pharmacy,30023,UPI,DEV-03-7,iPhone,Chennai,15,3,0,13.42,45,710.85,387.32,158,180,4727,0,0,0,0.0,0,
TXN03-04814,3,2026-08-06 16:00:51,381.77,Grocery,30003,UPI,DEV-03-4,Web,Chennai,16,3,0,15.52,46,710.85,387.32,170,476,4728,0,0,0,0.0,0,
TXN03-04815,3,2026-08-06 16:17:59,1500.0,Grocery,30002,Card,DEV-03-2,Android,Chennai,16,3,0,17.13,47,706.75,385.11,274,964,4729,0,0,0,0.0,0,
TXN03-04816,3,2026-08-06 16:22:44,840.79,Household,30012,UPI,DEV-03-2,Android,Chennai,16,3,0,4.75,48,708.66,386.6,72,965,4730,0,0,0,0.0,0,
TXN03-04817,3,2026-08-06 16:24:44,652.15,Pharmacy,30054,UPI,DEV-03-3,Android,Chennai,16,3,0,2.0,49,708.97,386.19,12,697,4731,0,0,0,0.0,1,ato_short_gap
TXN03-04818,3,2026-08-06 16:55:36,181.33,Grocery,30001,UPI,DEV-03-3,Android,Chennai,16,3,0,30.87,50,706.18,384.45,600,698,4732,0,0,0,0.0,0,
TXN03-04819,3,2026-08-06 17:12:51,676.94,Pharmacy,30008,Card,DEV-03-5,iPhone,Chennai,17,3,0,17.25,51,704.69,385.29,455,329,4733,0,0,0,0.0,0,
TXN03-04820,3,2026-08-06 17:49:00,419.49,Grocery,30003,Card,DEV-03-6,Web,Chennai,17,3,0,36.15,52,704.91,384.96,171,226,4734,0,0,0,0.0,0,
TXN03-04821,3,2026-08-06 17:58:56,733.6,Household,30005,UPI,DEV-03-1,Android,Chennai,17,3,0,9.93,53,704.22,384.75,193,1571,4735,0,0,0,0.0,0,
TXN03-04822,3,2026-08-06 18:16:55,1002.67,Pharmacy,30008,Card,DEV-03-1,Android,Chennai,18,3,0,17.98,54,705.34,384.17,456,1572,4736,0,0,0,0.0,0,
TXN03-04823,3,2026-08-06 18:32:53,468.99,Grocery,30030,UPI,DEV-03-3,Android,Chennai,18,3,0,15.97,55,704.55,382.82,21,699,4737,0,0,0,0.0,0,
TXN03-04824,3,2026-08-06 18:40:22,704.47,Grocery,30154,Card,DEV-03-2,Android,Chennai,18,3,0,7.48,56,704.03,382.99,1,966,4738,0,0,1,0.0,0,
TXN03-04825,3,2026-08-06 19:20:10,741.64,Pharmacy,30032,UPI,DEV-03-8,Web,Chennai,19,3,0,39.8,57,704.57,382.7,51,91,4739,0,0,0,0.0,0,
TXN03-04826,3,2026-08-06 19:24:13,692.79,Pharmacy,30008,UPI,DEV-03-1,Android,Chennai,19,3,0,4.05,58,704.84,382.69,457,1573,4740,0,0,0,0.0,0,
TXN03-04827,3,2026-08-06 19:41:42,836.38,Household,30004,Card,DEV-03-2,Android,Chennai,19,3,0,17.48,59,706.59,383.05,363,967,4741,0,0,0,0.0,0,
TXN03-04828,3,2026-08-06 19:42:14,797.72,Pharmacy,30008,UPI,DEV-03-5,iPhone,Chennai,19,3,0,0.53,60,706.91,382.63,458,330,4742,0,0,0,0.0,0,
TXN03-04829,3,2026-08-06 19:50:19,750.0,Gaming Subscription,30001,UPI,DEV-03-1,Android,Chennai,19,3,0,8.08,61,708.36,381.86,601,1574,4743,0,0,0,0.0,1,gaming_subscription
TXN03-04830,3,2026-08-07 08:15:15,372.59,Pharmacy,30114,UPI,DEV-03-4,Web,Chennai,8,4,0,744.93,1,707.63,382.78,6,477,4744,0,0,0,0.0,0,
TXN03-04831,3,2026-08-07 08:20:02,343.22,Grocery,30001,UPI,DEV-03-3,Android,Chennai,8,4,0,4.78,2,706.8,382.67,602,700,4745,0,0,0,0.0,0,
TXN03-04832,3,2026-08-07 08:44:40,841.96,Household,30016,Card,DEV-03-3,Android,Chennai,8,4,0,24.63,3,707.15,382.95,56,701,4746,0,0,0,0.0,0,
TXN03-04833,3,2026-08-07 08:56:17,527.1,Grocery,30015,Card,DEV-03-1,Android,Chennai,8,4,0,11.62,4,706.46,382.66,57,1575,4747,0,0,0,0.0,0,
TXN03-04834,3,2026-08-07 09:05:26,398.74,Pharmacy,30008,UPI,DEV-03-1,Android,Chennai,9,4,0,9.15,5,705.79,382.74,459,1576,4748,0,0,0,0.0,0,
TXN03-04835,3,2026-08-07 09:28:43,340.15,Grocery,30002,UPI,DEV-03-1,Android,Chennai,9,4,0,23.28,6,704.83,383.85,275,1577,4749,0,0,0,0.0,0,
TXN03-04836,3,2026-08-07 09:30:31,509.31,Grocery,30003,Card,DEV-03-3,Android,Chennai,9,4,0,1.8,7,703.92,383.8,172,702,4750,0,0,0,0.0,0,
TXN03-04837,3,2026-08-07 09:36:58,446.15,Grocery,30104,UPI,DEV-03-3,Android,Chennai,9,4,0,6.45,8,703.43,383.45,4,703,4751,0,0,0,0.0,0,
TXN03-04838,3,2026-08-07 09:37:36,419.96,Pharmacy,30008,UPI,DEV-03-4,Web,Chennai,9,4,0,0.63,9,702.79,383.18,460,478,4752,0,0,0,0.0,0,
TXN03-04839,3,2026-08-07 09:45:57,338.08,Grocery,30001,Card,DEV-03-1,Android,Chennai,9,4,0,8.35,10,703.42,382.51,603,1578,4753,0,0,0,0.0,0,
TXN03-04840,3,2026-08-07 09:46:47,258.61,Grocery,30003,Card,DEV-03-6,Web,Chennai,9,4,0,0.83,11,702.51,382.47,173,227,4754,0,0,0,0.0,0,
TXN03-04841,3,2026-08-07 09:49:55,221.47,Household,30004,UPI,DEV-03-1,Android,Chennai,9,4,0,3.13,12,701.41,382.63,364,1579,4755,0,0,0,0.0,0,
TXN03-04842,3,2026-08-07 10:15:43,743.28,Gaming Subscription,30001,UPI,DEV-03-1,Android,Chennai,10,4,0,25.8,13,699.89,383.64,604,1580,4756,0,0,0,0.0,1,gaming_subscription
TXN03-04843,3,2026-08-07 10:28:34,740.49,Grocery,30006,Card,DEV-03-2,Android,Chennai,10,4,0,12.85,14,699.97,383.64,117,968,4757,0,0,0,0.0,0,
TXN03-04844,3,2026-08-07 10:34:23,373.35,Grocery,30001,UPI,DEV-03-8,Web,Chennai,10,4,0,5.82,15,700.07,383.17,605,92,4758,0,0,0,0.0,0,
TXN03-04845,3,2026-08-07 11:00:10,1479.96,Grocery,30096,Card,DEV-03-2,Android,Chennai,11,4,0,25.78,16,699.26,383.04,8,969,4759,0,0,0,0.0,0,
TXN03-04846,3,2026-08-07 11:55:14,189.65,Grocery,30001,UPI,DEV-03-5,iPhone,Chennai,11,4,0,55.07,17,699.75,385.07,606,331,4760,0,0,0,0.0,0,
TXN03-04847,3,2026-08-07 12:10:35,1427.19,Pharmacy,30008,UPI,DEV-03-3,Android,Chennai,12,4,0,15.35,18,699.06,386.18,461,704,4761,0,0,0,0.0,0,
TXN03-04848,3,2026-08-07 12:16:26,1396.66,Grocery,30002,UPI,DEV-03-4,Web,Chennai,12,4,0,5.85,19,700.88,387.41,276,479,4762,0,0,0,0.0,0,
TXN03-04849,3,2026-08-07 12:33:15,437.91,Grocery,30002,UPI,DEV-03-13,Android,Chennai,12,4,0,16.82,20,702.61,388.47,277,19,4763,0,0,0,0.0,0,
TXN03-04850,3,2026-08-07 12:34:52,372.32,Household,30011,UPI,DEV-03-2,Android,Chennai,12,4,0,1.62,21,701.95,388.22,79,970,4764,0,0,0,0.0,0,
TXN03-04851,3,2026-08-07 12:36:56,439.23,Grocery,30003,Card,DEV-03-3,Android,Chennai,12,4,0,2.07,22,701.14,388.08,174,705,4765,0,0,0,0.0,0,
TXN03-04852,3,2026-08-07 13:22:04,719.74,Household,30135,UPI,DEV-03-6,Web,Chennai,13,4,0,45.13,23,700.49,387.82,3,228,4766,0,0,0,0.0,0,
TXN03-04853,3,2026-08-07 13:30:20,705.46,Grocery,30015,Card,DEV-03-1,Android,Chennai,13,4,0,8.27,24,700.54,387.34,58,1581,4767,0,0,0,0.0,0,
TXN03-04854,3,2026-08-07 13:48:05,294.77,Grocery,30001,UPI,DEV-03-7,iPhone,Chennai,13,4,0,17.75,25,699.26,387.22,607,181,4768,0,0,0,0.0,0,
TXN03-04855,3,2026-08-07 13:50:05,417.36,Grocery,30043,Card,DEV-03-1,Android,Chennai,13,4,0,2.0,26,698.26,387.26,15,1582,4769,0,0,0,0.0,1,ato_higher_amount_short_gap
TXN03-04856,3,2026-08-07 14:16:27,651.61,Grocery,30007,Card,DEV-03-10,Android,Chennai,14,4,0,26.37,27,697.03,388.21,94,54,4770,0,0,0,0.0,0,
TXN03-04857,3,2026-08-07 14:21:57,636.93,Grocery,30022,UPI,DEV-03-2,Android,Chennai,14,4,0,5.5,28,697.87,387.74,51,971,4771,0,0,0,0.0,0,
TXN03-04858,3,2026-08-07 14:23:25,553.05,Household,30153,UPI,DEV-03-2,Android,Chennai,14,4,0,1.47,29,697.25,387.63,2,972,4772,0,0,0,0.0,0,
TXN03-04859,3,2026-08-07 14:46:33,1500.0,Household,30004,UPI,DEV-03-1,Android,Chennai,14,4,0,23.13,30,698.28,386.69,365,1583,4773,0,0,0,0.0,0,
TXN03-04860,3,2026-08-07 14:49:39,462.71,Household,30004,UPI,DEV-03-6,Web,Chennai,14,4,0,3.1,31,700.27,388.26,366,229,4774,0,0,0,0.0,0,
TXN03-04861,3,2026-08-07 14:55:15,537.76,Pharmacy,30058,Card,DEV-03-6,Web,Chennai,14,4,0,5.6,32,699.68,387.96,16,230,4775,0,0,0,0.0,0,
TXN03-04862,3,2026-08-07 15:17:00,590.74,Grocery,30001,Card,DEV-03-3,Android,Chennai,15,4,0,21.75,33,701.14,388.32,608,706,4776,0,0,0,0.0,0,
TXN03-04863,3,2026-08-07 15:28:59,183.72,Household,30005,UPI,DEV-03-1,Android,Chennai,15,4,0,11.98,34,702.22,387.4,194,1584,4777,0,0,0,0.0,0,
TXN03-04864,3,2026-08-07 15:32:32,374.25,Grocery,30001,UPI,DEV-03-1,Android,Chennai,15,4,0,3.55,35,700.94,387.78,609,1585,4778,0,0,0,0.0,0,
TXN03-04865,3,2026-08-07 15:43:40,321.66,Pharmacy,30028,UPI,DEV-03-14,Android,Chennai,15,4,0,11.13,36,701.2,387.87,74,16,4779,0,0,0,0.0,0,
TXN03-04866,3,2026-08-07 15:46:40,1500.0,Grocery,30003,Card,DEV-03-3,Android,Chennai,15,4,0,3.0,37,700.26,387.85,175,707,4780,0,0,0,0.0,0,
TXN03-04867,3,2026-08-07 15:47:04,303.37,Grocery,30019,Card,DEV-03-2,Android,Chennai,15,4,0,0.4,38,702.23,389.4,66,973,4781,0,0,0,0.0,0,
TXN03-04868,3,2026-08-07 15:55:28,395.77,Household,30024,UPI,DEV-03-2,Android,Chennai,15,4,0,8.4,39,701.52,389.27,26,974,4782,0,0,0,0.0,0,
TXN03-04869,3,2026-08-07 15:58:51,598.75,Grocery,30043,UPI,DEV-03-4,Web,Chennai,15,4,0,3.38,40,700.77,389.08,16,480,4783,0,0,0,0.0,0,
TXN03-04870,3,2026-08-07 16:08:19,423.41,Grocery,30001,Card,DEV-03-1,Android,Chennai,16,4,0,9.47,41,700.35,389.1,610,1586,4784,0,0,0,0.0,0,
TXN03-04871,3,2026-08-07 16:11:36,437.71,Pharmacy,30008,UPI,DEV-03-5,iPhone,Chennai,16,4,0,3.28,42,699.66,388.86,462,332,4785,0,0,0,0.0,0,
TXN03-04872,3,2026-08-07 16:23:51,455.46,Pharmacy,30054,Card,DEV-03-1,Android,Chennai,16,4,0,12.25,43,699.68,388.85,13,1587,4786,0,0,0,0.0,0,
TXN03-04873,3,2026-08-07 16:49:57,564.33,Grocery,30138,UPI,DEV-03-2,Android,Chennai,16,4,0,26.1,44,700.28,388.29,4,975,4787,0,0,0,0.0,0,
TXN03-04874,3,2026-08-07 16:51:21,1130.6,Pharmacy,30031,Card,DEV-03-2,Android,Chennai,16,4,0,1.4,45,699.94,387.87,50,976,4788,0,0,0,0.0,0,
TXN03-04875,3,2026-08-07 17:07:08,490.95,Household,30004,Card,DEV-03-4,Web,Chennai,17,4,0,15.78,46,699.6,386.73,367,481,4789,0,0,0,0.0,0,
TXN03-04876,3,2026-08-07 17:18:07,721.09,Household,30029,Card,DEV-03-2,Android,Chennai,17,4,0,10.98,47,700.09,386.34,31,977,4790,0,0,0,0.0,0,
TXN03-04877,3,2026-08-07 17:23:50,1500.0,Household,30094,Card,DEV-03-11,Web,Chennai,17,4,0,5.72,48,700.15,385.86,4,32,4791,0,0,0,0.0,0,
TXN03-04878,3,2026-08-07 17:29:21,822.96,Household,30076,UPI,DEV-03-54,Android,Chennai,17,4,0,5.52,49,701.56,387.74,7,1,4792,1,0,0,0.0,0,
TXN03-04879,3,2026-08-07 17:34:38,610.37,Household,30004,UPI,DEV-03-5,iPhone,Chennai,17,4,0,5.28,50,701.86,387.31,368,333,4793,0,0,0,0.0,0,
TXN03-04880,3,2026-08-07 17:40:31,366.7,Household,30009,UPI,DEV-03-4,Web,Chennai,17,4,0,5.88,51,701.64,386.86,141,482,4794,0,0,0,0.0,0,
TXN03-04881,3,2026-08-07 18:01:11,437.82,Pharmacy,30023,UPI,DEV-03-5,iPhone,Chennai,18,4,0,20.67,52,700.82,386.74,159,334,4795,0,0,0,0.0,0,
TXN03-04882,3,2026-08-07 18:35:05,614.5,Grocery,30001,Card,DEV-03-6,Web,Chennai,18,4,0,33.9,53,700.18,386.48,611,231,4796,0,0,0,0.0,0,
TXN03-04883,3,2026-08-07 18:35:54,1076.2,Household,30005,UPI,DEV-03-4,Web,Chennai,18,4,0,0.82,54,699.97,386.04,195,483,4797,0,0,0,0.0,0,
TXN03-04884,3,2026-08-07 18:39:16,918.17,Grocery,30019,Card,DEV-03-1,Android,Chennai,18,4,0,3.37,55,702.32,385.38,67,1588,4798,0,0,0,0.0,0,
TXN03-04885,3,2026-08-07 19:33:48,516.06,Household,30107,UPI,DEV-03-17,Android,Chennai,19,4,0,54.53,56,705.89,385.51,2,7,4799,0,0,0,0.0,0,
TXN03-04886,3,2026-08-08 08:33:17,851.53,Pharmacy,30114,UPI,DEV-03-11,Web,Chennai,8,5,1,779.48,1,702.85,384.16,7,33,4800,0,0,0,0.0,0,
TXN03-04887,3,2026-08-08 08:56:44,1083.68,Household,30094,Card,DEV-03-3,Android,Chennai,8,5,1,23.45,2,703.64,384.6,5,708,4801,0,0,0,0.0,0,
TXN03-04888,3,2026-08-08 09:01:44,1239.81,Grocery,30003,UPI,DEV-03-3,Android,Chennai,9,5,1,5.0,3,705.22,385.36,176,709,4802,0,0,0,0.0,1,ato_short_gap
TXN03-04889,3,2026-08-08 09:28:06,457.21,Pharmacy,30155,UPI,DEV-03-4,Web,Chennai,9,5,1,26.37,4,706.44,386.28,1,484,4803,0,0,1,0.0,0,
TXN03-04890,3,2026-08-08 09:46:23,285.34,Pharmacy,30025,Card,DEV-03-7,iPhone,Chennai,9,5,1,18.28,5,705.46,386.42,104,182,4804,0,0,0,0.0,0,
TXN03-04891,3,2026-08-08 10:14:16,466.48,Grocery,30002,Card,DEV-03-1,Android,Chennai,10,5,1,27.88,6,704.41,386.5,278,1589,4805,0,0,0,0.0,0,
TXN03-04892,3,2026-08-08 10:17:11,274.97,Grocery,30006,Card,DEV-03-2,Android,Chennai,10,5,1,2.92,7,703.82,386.2,118,978,4806,0,0,0,0.0,0,
TXN03-04893,3,2026-08-08 10:19:59,630.71,Grocery,30003,UPI,DEV-03-4,Web,Chennai,10,5,1,2.8,8,702.72,386.8,177,485,4807,0,0,0,0.0,0,
TXN03-04894,3,2026-08-08 10:57:21,1041.73,Grocery,30042,Card,DEV-03-1,Android,Chennai,10,5,1,37.37,9,702.54,386.33,20,1590,4808,0,0,0,0.0,0,
TXN03-04895,3,2026-08-08 11:05:48,1500.0,Household,30094,Card,DEV-03-8,Web,Chennai,11,5,1,8.45,10,703.38,386.22,6,93,4809,0,0,0,0.0,0,
TXN03-04896,3,2026-08-08 11:20:39,201.19,Household,30009,UPI,DEV-03-6,Web,Chennai,11,5,1,14.85,11,706.51,388.38,142,232,4810,0,0,0,0.0,0,
TXN03-04897,3,2026-08-08 12:04:37,310.47,Grocery,30097,UPI,DEV-03-55,Android,Chennai,12,5,1,43.97,12,704.48,388.87,7,1,4811,1,0,0,0.0,0,
TXN03-04898,3,2026-08-08 12:07:29,1495.7,Grocery,30001,UPI,DEV-03-1,Android,Chennai,12,5,1,2.87,13,703.5,388.88,612,1591,4812,0,0,0,0.0,0,
TXN03-04899,3,2026-08-08 12:10:02,1500.0,Pharmacy,30028,UPI,DEV-03-2,Android,Chennai,12,5,1,2.55,14,705.47,390.39,75,979,4813,0,0,0,0.0,0,
TXN03-04900,3,2026-08-08 13:41:03,934.84,Grocery,30033,UPI,DEV-03-4,Web,Chennai,13,5,1,91.02,15,705.16,393.11,32,486,4814,0,0,0,0.0,0,
TXN03-04901,3,2026-08-08 13:58:12,932.79,Household,30156,UPI,DEV-03-4,Web,Chennai,13,5,1,17.15,16,705.82,393.28,1,487,4815,0,0,1,0.0,0,
TXN03-04902,3,2026-08-08 14:11:53,565.36,Pharmacy,30028,UPI,DEV-03-3,Android,Chennai,14,5,1,13.68,17,706.21,393.79,76,710,4816,0,0,0,0.0,0,
TXN03-04903,3,2026-08-08 14:27:07,264.63,Grocery,30001,UPI,DEV-03-1,Android,Chennai,14,5,1,15.23,18,704.45,392.86,613,1592,4817,0,0,0,0.0,0,
TXN03-04904,3,2026-08-08 14:36:47,728.38,Household,30004,Card,DEV-03-5,iPhone,Chennai,14,5,1,9.67,19,703.35,392.98,369,335,4818,0,0,0,0.0,0,
TXN03-04905,3,2026-08-08 14:41:47,1113.18,Grocery,30002,UPI,DEV-03-13,Android,Chennai,14,5,1,5.0,20,702.93,392.86,279,20,4819,0,0,0,0.0,0,
TXN03-04906,3,2026-08-08 14:42:16,533.56,Grocery,30001,UPI,DEV-03-3,Android,Chennai,14,5,1,0.48,21,703.95,392.91,614,711,4820,0,0,0,0.0,0,
TXN03-04907,3,2026-08-08 15:33:32,648.36,Pharmacy,30025,Card,DEV-03-1,Android,Chennai,15,5,1,51.27,22,702.76,394.08,105,1593,4821,0,0,0,0.0,0,
TXN03-04908,3,2026-08-08 15:43:13,741.99,Pharmacy,30008,Card,DEV-03-6,Web,Chennai,15,5,1,9.68,23,703.3,393.86,463,233,4822,0,0,0,0.0,0,
TXN03-04909,3,2026-08-08 15:51:57,1380.89,Pharmacy,30066,Card,DEV-03-2,Android,Chennai,15,5,1,8.73,24,702.74,393.64,16,980,4823,0,0,0,0.0,0,
TXN03-04910,3,2026-08-08 16:13:51,1037.38,Household,30157,Card,DEV-03-8,Web,Chennai,16,5,1,21.9,25,701.61,393.71,1,94,4824,0,0,1,0.0,0,
TXN03-04911,3,2026-08-08 16:16:26,619.01,Household,30050,Card,DEV-03-2,Android,Chennai,16,5,1,2.58,26,702.46,393.57,20,981,4825,0,0,0,0.0,0,
TXN03-04912,3,2026-08-08 16:48:51,866.73,Household,30005,UPI,DEV-03-3,Android,Chennai,16,5,1,32.42,27,702.58,393.54,196,712,4826,0,0,0,0.0,0,
TXN03-04913,3,2026-08-08 16:50:24,469.4,Grocery,30007,Card,DEV-03-1,Android,Chennai,16,5,1,1.55,28,702.99,393.13,95,1594,4827,0,0,0,0.0,0,
TXN03-04914,3,2026-08-08 16:57:17,1113.8,Household,30005,Card,DEV-03-5,iPhone,Chennai,16,5,1,6.88,29,702.4,392.81,197,336,4828,0,0,0,0.0,0,
TXN03-04915,3,2026-08-08 17:27:42,446.5,Pharmacy,30008,Card,DEV-03-2,Android,Chennai,17,5,1,30.42,30,701.94,391.67,464,982,4829,0,0,0,0.0,0,
TXN03-04916,3,2026-08-08 17:28:52,320.87,Pharmacy,30099,UPI,DEV-03-10,Android,Chennai,17,5,1,1.17,31,700.52,391.57,6,55,4830,0,0,0,0.0,0,
TXN03-04917,3,2026-08-08 17:31:33,328.51,Grocery,30010,UPI,DEV-03-6,Web,Chennai,17,5,1,2.68,32,699.56,391.54,103,234,4831,0,0,0,0.0,0,
TXN03-04918,3,2026-08-08 17:37:21,444.18,Pharmacy,30103,Card,DEV-03-4,Web,Chennai,17,5,1,5.8,33,698.62,391.49,6,488,4832,0,0,0,0.0,0,
TXN03-04919,3,2026-08-08 17:38:39,1254.36,Household,30011,Card,DEV-03-3,Android,Chennai,17,5,1,1.3,34,697.99,391.21,80,713,4833,0,0,0,0.0,0,
TXN03-04920,3,2026-08-08 17:38:52,832.44,Grocery,30002,Card,DEV-03-1,Android,Chennai,17,5,1,0.22,35,699.38,391.7,280,1595,4834,0,0,0,0.0,0,
TXN03-04921,3,2026-08-08 17:39:18,981.05,Pharmacy,30028,UPI,DEV-03-7,iPhone,Chennai,17,5,1,0.43,36,699.71,391.27,77,183,4835,0,0,0,0.0,0,
TXN03-04922,3,2026-08-08 17:41:53,981.56,Grocery,30002,Card,DEV-03-4,Web,Chennai,17,5,1,2.58,37,701.86,390.45,281,489,4836,0,0,0,0.0,0,
TXN03-04923,3,2026-08-08 18:40:46,911.31,Household,30130,Card,DEV-03-6,Web,Chennai,18,5,1,58.88,38,701.19,390.18,2,235,4837,0,0,0,0.0,0,
TXN03-04924,3,2026-08-08 18:48:13,1500.0,Pharmacy,30080,UPI,DEV-03-3,Android,Pune,18,5,1,7.45,39,701.72,389.83,7,714,9,0,0,0,914.36,0,
TXN03-04925,3,2026-08-08 19:38:00,1215.33,Household,30013,Card,DEV-03-6,Web,Chennai,19,5,1,49.78,40,702.56,391.01,53,236,4838,0,0,0,914.36,0,
TXN03-04926,3,2026-08-08 19:42:19,807.79,Pharmacy,30008,UPI,DEV-03-1,Android,Chennai,19,5,1,4.32,41,703.85,391.36,465,1596,4839,0,0,0,0.0,0,
TXN03-04927,3,2026-08-08 19:48:51,720.06,Household,30017,UPI,DEV-03-4,Web,Chennai,19,5,1,6.53,42,704.11,390.91,41,490,4840,0,0,0,0.0,0,
TXN03-04928,3,2026-08-09 08:01:50,434.25,Pharmacy,30035,UPI,DEV-03-1,Android,Chennai,8,6,1,732.98,1,702.15,388.87,40,1597,4841,0,0,0,0.0,0,
TXN03-04929,3,2026-08-09 08:10:50,786.25,Household,30004,Card,DEV-03-2,Android,Chennai,8,6,1,9.0,2,701.48,388.61,370,983,4842,0,0,0,0.0,0,
TXN03-04930,3,2026-08-09 08:12:19,465.25,Pharmacy,30065,UPI,DEV-03-1,Android,Chennai,8,6,1,1.48,3,701.7,388.15,16,1598,4843,0,0,0,0.0,0,
TXN03-04931,3,2026-08-09 08:27:51,245.91,Grocery,30151,UPI,DEV-03-2,Android,Chennai,8,6,1,15.53,4,702.31,387.58,2,984,4844,0,0,0,0.0,0,
TXN03-04932,3,2026-08-09 08:30:20,819.71,Household,30004,Card,DEV-03-2,Android,Chennai,8,6,1,2.48,5,701.18,387.76,371,985,4845,0,0,0,0.0,0,
TXN03-04933,3,2026-08-09 08:31:24,1134.03,Household,30073,Card,DEV-03-5,iPhone,Chennai,8,6,1,1.07,6,702.24,387.5,15,337,4846,0,0,0,0.0,0,
TXN03-04934,3,2026-08-09 08:32:16,448.11,Grocery,30003,UPI,DEV-03-16,Web,Chennai,8,6,1,0.87,7,703.31,387.62,178,6,4847,0,0,0,0.0,0,
TXN03-04935,3,2026-08-09 08:36:26,163.52,Household,30064,UPI,DEV-03-6,Web,Chennai,8,6,1,4.17,8,702.68,387.34,19,237,4848,0,0,0,0.0,0,
TXN03-04936,3,2026-08-09 08:40:32,295.97,Grocery,30042,Card,DEV-03-9,Web,Chennai,8,6,1,4.1,9,701.35,387.79,21,60,4849,0,0,0,0.0,0,
TXN03-04937,3,2026-08-09 09:00:22,683.11,Grocery,30007,Card,DEV-03-1,Android,Chennai,9,6,1,19.83,10,702.11,388.57,96,1599,4850,0,0,0,0.0,0,
TXN03-04938,3,2026-08-09 09:10:22,208.86,Household,30038,Card,DEV-03-17,Android,Chennai,9,6,1,10.0,11,702.06,388.09,21,8,4851,0,0,0,0.0,0,
TXN03-04939,3,2026-08-09 09:10:35,829.04,Grocery,30002,UPI,DEV-03-6,Web,Chennai,9,6,1,0.22,12,700.84,388.38,282,238,4852,0,0,0,0.0,0,
TXN03-04940,3,2026-08-09 09:28:12,897.19,Household,30013,Card,DEV-03-1,Android,Chennai,9,6,1,17.62,13,700.74,388.34,54,1600,4853,0,0,0,0.0,0,
TXN03-04941,3,2026-08-09 09:28:33,609.9,Grocery,30003,UPI,DEV-03-4,Web,Chennai,9,6,1,0.35,14,701.23,387.99,179,491,4854,0,0,0,0.0,0,
TXN03-04942,3,2026-08-09 09:39:18,1500.0,Pharmacy,30103,Card,DEV-03-1,Android,Chennai,9,6,1,10.75,15,700.29,388.03,7,1601,4855,0,0,0,0.0,0,
TXN03-04943,3,2026-08-09 09:47:45,202.39,Pharmacy,30025,UPI,DEV-03-1,Android,Chennai,9,6,1,8.45,16,702.26,389.57,106,1602,4856,0,0,0,0.0,0,
TXN03-04944,3,2026-08-09 09:51:29,477.89,Household,30004,Card,DEV-03-1,Android,Chennai,9,6,1,3.73,17,701.03,389.88,372,1603,4857,0,0,0,0.0,0,
TXN03-04945,3,2026-08-09 10:28:09,384.28,Grocery,30001,Card,DEV-03-5,iPhone,Chennai,10,6,1,36.67,18,701.32,389.5,615,338,4858,0,0,0,0.0,0,
TXN03-04946,3,2026-08-09 10:33:44,233.07,Grocery,30007,Card,DEV-03-1,Android,Chennai,10,6,1,5.58,19,700.54,389.34,97,1604,4859,0,0,0,0.0,0,
TXN03-04947,3,2026-08-09 10:49:02,418.77,Grocery,30048,UPI,DEV-03-2,Android,Chennai,10,6,1,15.3,20,699.11,389.92,13,986,4860,0,0,0,0.0,0,
TXN03-04948,3,2026-08-09 10:50:01,713.84,Grocery,30003,Card,DEV-03-1,Android,Chennai,10,6,1,0.98,21,698.41,389.69,180,1605,4861,0,0,0,0.0,0,
TXN03-04949,3,2026-08-09 10:52:00,1130.41,Pharmacy,30035,Card,DEV-03-2,Android,Chennai,10,6,1,1.98,22,698.45,389.21,41,987,4862,0,0,0,0.0,0,
TXN03-04950,3,2026-08-09 11:08:57,947.4,Grocery,30003,Card,DEV-03-2,Android,Chennai,11,6,1,16.95,23,697.15,388.07,181,988,4863,0,0,0,0.0,0,
TXN03-04951,3,2026-08-09 11:09:57,316.65,Pharmacy,30044,Card,DEV-03-2,Android,Chennai,11,6,1,1.0,24,697.77,387.79,27,989,4864,0,0,0,0.0,0,
TXN03-04952,3,2026-08-09 11:13:54,382.81,Grocery,30052,UPI,DEV-03-4,Web,Chennai,11,6,1,3.95,25,696.83,387.77,14,492,4865,0,0,0,0.0,0,
TXN03-04953,3,2026-08-09 11:31:16,182.83,Grocery,30059,UPI,DEV-03-1,Android,Chennai,11,6,1,17.37,26,695.21,387.7,20,1606,4866,0,0,0,0.0,0,
TXN03-04954,3,2026-08-09 11:50:13,953.22,Household,30005,Card,DEV-03-1,Android,Chennai,11,6,1,18.95,27,693.03,388.89,198,1607,4867,0,0,0,0.0,0,
TXN03-04955,3,2026-08-09 11:55:24,198.34,Grocery,30020,Card,DEV-03-3,Android,Chennai,11,6,1,5.18,28,692.51,388.39,38,715,4868,0,0,0,0.0,0,
TXN03-04956,3,2026-08-09 12:01:58,1087.6,Grocery,30002,Card,DEV-03-1,Android,Chennai,12,6,1,6.57,29,692.86,389.0,283,1608,4869,0,0,0,0.0,0,
TXN03-04957,3,2026-08-09 12:07:36,1270.56,Household,30016,Card,DEV-03-2,Android,Chennai,12,6,1,5.63,30,693.4,389.4,57,990,4870,0,0,0,0.0,0,
TXN03-04958,3,2026-08-09 12:08:10,344.35,Grocery,30014,UPI,DEV-03-5,iPhone,Chennai,12,6,1,0.57,31,694.83,389.97,78,339,4871,0,0,0,0.0,0,
TXN03-04959,3,2026-08-09 12:09:57,253.63,Grocery,30113,UPI,DEV-03-2,Android,Chennai,12,6,1,1.78,32,693.96,389.88,6,991,4872,0,0,0,0.0,0,
TXN03-04960,3,2026-08-09 12:17:02,422.56,Household,30024,UPI,DEV-03-4,Web,Chennai,12,6,1,7.08,33,689.11,387.25,27,493,4873,0,0,0,0.0,0,
TXN03-04961,3,2026-08-09 12:38:59,545.94,Household,30013,Card,DEV-03-3,Android,Chennai,12,6,1,21.95,34,690.6,387.45,55,716,4874,0,0,0,0.0,0,
TXN03-04962,3,2026-08-09 13:01:21,133.84,Grocery,30105,UPI,DEV-03-14,Android,Chennai,13,6,1,22.37,35,690.48,387.66,5,17,4875,0,0,0,0.0,0,
TXN03-04963,3,2026-08-09 13:03:30,1265.97,Household,30004,Card,DEV-03-2,Android,Chennai,13,6,1,2.15,36,689.99,388.69,373,992,4876,0,0,0,0.0,0,
TXN03-04964,3,2026-08-09 13:05:57,632.28,Pharmacy,30023,Card,DEV-03-7,iPhone,Chennai,13,6,1,2.45,37,691.43,389.26,160,184,4877,0,0,0,0.0,0,
TXN03-04965,3,2026-08-09 13:19:25,1500.0,Grocery,30059,UPI,DEV-03-2,Android,Chennai,13,6,1,13.47,38,691.28,388.79,21,993,4878,0,0,0,0.0,0,
TXN03-04966,3,2026-08-09 13:23:06,960.3,Grocery,30003,UPI,DEV-03-2,Android,Chennai,13,6,1,3.68,39,693.29,390.39,182,994,4879,0,0,0,0.0,0,
TXN03-04967,3,2026-08-09 13:25:18,491.34,Grocery,30019,UPI,DEV-03-8,Web,Chennai,13,6,1,2.2,40,693.96,390.13,68,95,4880,0,0,0,0.0,0,
TXN03-04968,3,2026-08-09 13:28:11,325.71,Grocery,30002,UPI,DEV-03-6,Web,Chennai,13,6,1,2.88,41,694.67,389.5,284,239,4881,0,0,0,0.0,0,
TXN03-04969,3,2026-08-09 13:44:15,1041.16,Grocery,30001,Card,DEV-03-2,Android,Chennai,13,6,1,16.07,42,694.06,389.76,616,995,4882,0,0,0,0.0,0,
TXN03-04970,3,2026-08-09 13:46:59,787.28,Household,30005,Card,DEV-03-3,Android,Chennai,13,6,1,2.73,43,694.92,389.66,199,717,4883,0,0,0,0.0,0,
TXN03-04971,3,2026-08-09 14:05:32,306.44,Household,30076,UPI,DEV-03-12,Android,Chennai,14,6,1,18.55,44,694.4,390.02,8,20,4884,0,0,0,0.0,0,
TXN03-04972,3,2026-08-09 14:28:11,884.09,Household,30086,UPI,DEV-03-2,Android,Chennai,14,6,1,22.65,45,693.67,390.47,6,996,4885,0,0,0,0.0,0,
TXN03-04973,3,2026-08-09 14:31:13,145.25,Household,30077,Card,DEV-03-2,Android,Chennai,14,6,1,3.03,46,694.14,390.1,9,997,4886,0,0,0,0.0,0,
TXN03-04974,3,2026-08-09 14:33:12,652.34,Household,30045,UPI,DEV-03-3,Android,Chennai,14,6,1,1.98,47,692.78,390.57,25,718,4887,0,0,0,0.0,0,
TXN03-04975,3,2026-08-09 14:35:57,881.45,Household,30024,Card,DEV-03-5,iPhone,Chennai,14,6,1,2.75,48,692.68,390.1,28,340,4888,0,0,0,0.0,0,
TXN03-04976,3,2026-08-09 14:50:51,355.65,Household,30009,Card,DEV-03-3,Android,Chennai,14,6,1,14.9,49,691.92,390.29,143,719,4889,0,0,0,0.0,0,
TXN03-04977,3,2026-08-09 15:16:52,397.75,Household,30024,Card,DEV-03-2,Android,Chennai,15,6,1,26.02,50,692.56,390.08,29,998,4890,0,0,0,0.0,0,
TXN03-04978,3,2026-08-09 15:33:20,390.29,Grocery,30002,UPI,DEV-03-7,iPhone,Chennai,15,6,1,16.47,51,690.68,389.05,285,185,4891,0,0,0,0.0,0,
TXN03-04979,3,2026-08-09 15:48:15,768.0,Grocery,30002,Card,DEV-03-4,Web,Chennai,15,6,1,14.92,52,686.32,386.41,286,494,4892,0,0,0,0.0,0,
TXN03-04980,3,2026-08-09 15:50:25,466.79,Grocery,30001,UPI,DEV-03-2,Android,Chennai,15,6,1,2.17,53,686.53,385.95,617,999,4893,0,0,0,0.0,0,
TXN03-04981,3,2026-08-09 16:00:33,418.36,Pharmacy,30008,Card,DEV-03-2,Android,Chennai,16,6,1,10.13,54,685.98,385.62,466,1000,4894,0,0,0,0.0,0,
TXN03-04982,3,2026-08-09 16:05:51,428.39,Grocery,30043,Card,DEV-03-2,Android,Chennai,16,6,1,5.3,55,685.31,385.37,17,1001,4895,0,0,0,0.0,0,
TXN03-04983,3,2026-08-09 16:28:06,757.82,Household,30089,UPI,DEV-03-3,Android,Chennai,16,6,1,22.25,56,686.76,385.92,5,720,4896,0,0,0,0.0,0,
TXN03-04984,3,2026-08-09 16:40:31,1500.0,Pharmacy,30008,UPI,DEV-03-1,Android,Chennai,16,6,1,12.42,57,685.81,385.28,467,1609,4897,0,0,0,0.0,0,
TXN03-04985,3,2026-08-09 16:53:39,587.92,Household,30005,Card,DEV-03-5,iPhone,Chennai,16,6,1,13.13,58,688.58,387.15,200,341,4898,0,0,0,0.0,0,
TXN03-04986,3,2026-08-09 17:03:51,927.22,Household,30004,UPI,DEV-03-2,Android,Chennai,17,6,1,10.2,59,689.38,386.61,374,1002,4899,0,0,0,0.0,0,
TXN03-04987,3,2026-08-09 17:10:18,685.39,Grocery,30042,UPI,DEV-03-1,Android,Kolkata,17,6,1,6.45,60,689.37,386.61,22,1610,7,0,0,0,1358.36,0,
TXN03-04988,3,2026-08-09 17:33:53,548.38,Household,30005,UPI,DEV-03-3,Android,Chennai,17,6,1,23.58,61,689.62,386.57,201,721,4900,0,0,0,1358.36,0,
TXN03-04989,3,2026-08-09 17:44:23,332.85,Household,30005,UPI,DEV-03-6,Web,Chennai,17,6,1,10.5,62,690.21,386.18,202,240,4901,0,0,0,0.0,0,
TXN03-04990,3,2026-08-09 18:12:57,175.86,Household,30021,UPI,DEV-03-2,Android,Chennai,18,6,1,28.57,63,689.32,386.11,42,1003,4902,0,0,0,0.0,0,
TXN03-04991,3,2026-08-09 18:26:05,652.74,Household,30016,Card,DEV-03-1,Android,Chennai,18,6,1,13.13,64,688.86,386.61,58,1611,4903,0,0,0,0.0,0,
TXN03-04992,3,2026-08-09 18:35:31,298.28,Grocery,30001,UPI,DEV-03-4,Web,Chennai,18,6,1,9.43,65,688.83,386.61,618,495,4904,0,0,0,0.0,0,
TXN03-04993,3,2026-08-09 18:40:49,203.59,Household,30158,UPI,DEV-03-3,Android,Chennai,18,6,1,5.3,66,687.86,386.62,1,722,4905,0,0,1,0.0,0,
TXN03-04994,3,2026-08-09 18:58:41,540.17,Household,30073,Card,DEV-03-6,Web,Jaipur,18,6,1,17.87,67,685.48,386.66,16,241,6,0,0,0,1607.1,0,
TXN03-04995,3,2026-08-09 19:11:24,637.9,Household,30004,Card,DEV-03-1,Android,Chennai,19,6,1,12.72,68,685.77,386.51,375,1612,4906,0,0,0,1607.1,0,
TXN03-04996,3,2026-08-09 19:17:15,198.87,Grocery,30037,UPI,DEV-03-3,Android,Chennai,19,6,1,5.85,69,686.52,386.14,23,723,4907,0,0,0,0.0,0,
TXN03-04997,3,2026-08-09 19:36:24,712.45,Pharmacy,30008,UPI,DEV-03-6,Web,Chennai,19,6,1,19.15,70,685.3,386.42,468,242,4908,0,0,0,0.0,0,
TXN03-04998,3,2026-08-09 19:53:25,180.84,Household,30004,UPI,DEV-03-1,Android,Chennai,19,6,1,17.02,71,686.77,385.41,376,1613,4909,0,0,0,0.0,0,
TXN03-04999,3,2026-08-09 19:56:13,470.78,Household,30004,UPI,DEV-03-4,Web,Chennai,19,6,1,2.8,72,685.51,385.75,377,496,4910,0,0,0,0.0,0,
TXN03-05000,3,2026-08-09 20:03:47,187.25,Grocery,30007,UPI,DEV-03-1,Android,Chennai,20,6,1,7.57,73,684.98,385.42,98,1614,4911,0,0,0,0.0,1,ato_odd_hour
