transaction_id,user_id,timestamp,transaction_amount,merchant_category,merchant_id,payment_method,device_id,device_type,city,hour_of_day,day_of_week,is_weekend,transaction_gap_minutes,daily_transaction_count,average_amount_last_7_days,std_amount_last_7_days,merchant_visit_frequency,device_usage_frequency,location_visit_frequency,new_device,new_location,new_merchant,distance_from_last_transaction_km,label,fraud_type
TXN09-00001,9,2026-05-12 08:13:34,2786.13,Coffee,90004,Card,DEV-09-1,iPhone,Pune,8,1,0,0.0,1,2786.13,0.0,1,1,1,1,1,1,0.0,0,
TXN09-00002,9,2026-05-12 08:19:11,3574.91,Cloud Services,90002,UPI,DEV-09-1,iPhone,Pune,8,1,0,5.62,2,2786.13,0.0,1,2,2,0,0,1,0.0,0,
TXN09-00003,9,2026-05-12 09:00:54,2873.39,Restaurants,90009,UPI,DEV-09-2,Web,Pune,9,1,0,41.72,3,3180.52,394.39,1,1,3,1,0,1,0.0,0,
TXN09-00004,9,2026-05-12 09:21:45,1677.98,Software,90014,UPI,DEV-09-1,iPhone,Pune,9,1,0,20.85,4,3078.14,353.07,1,3,4,0,0,1,0.0,0,
TXN09-00005,9,2026-05-12 09:34:58,2869.36,Restaurants,90005,Card,DEV-09-2,Web,Pune,9,1,0,13.22,5,2728.1,679.03,1,2,5,0,0,1,0.0,0,
TXN09-00006,9,2026-05-12 09:36:12,6278.33,Software,90006,UPI,DEV-09-1,iPhone,Pune,9,1,0,1.23,6,2756.35,609.96,1,4,6,0,0,1,0.0,0,
TXN09-00007,9,2026-05-12 09:42:47,6189.43,Cloud Services,90003,UPI,DEV-09-2,Web,Bangalore,9,1,0,6.58,7,3343.35,1425.79,1,3,1,0,1,1,735.23,0,
TXN09-00008,9,2026-05-12 09:48:23,2746.71,Cloud Services,90010,Card,DEV-09-1,iPhone,Pune,9,1,0,5.6,8,3749.93,1653.58,1,5,7,0,0,1,735.23,0,
TXN09-00009,9,2026-05-12 10:19:16,3815.6,Coffee,90004,UPI,DEV-09-1,iPhone,Bangalore,10,1,0,30.88,9,3624.53,1581.96,2,6,2,0,0,0,735.23,0,
TXN09-00010,9,2026-05-12 10:23:41,4179.94,Restaurants,90005,Card,DEV-09-2,Web,Pune,10,1,0,4.42,10,3645.76,1492.7,2,4,8,0,0,0,735.23,0,
TXN09-00011,9,2026-05-12 11:04:20,5421.52,Coffee,90004,UPI,DEV-09-1,iPhone,Pune,11,1,0,40.65,11,3699.18,1425.14,3,7,9,0,0,0,0.0,0,
TXN09-00012,9,2026-05-12 11:21:07,5143.24,Restaurants,90001,Card,DEV-09-2,Web,Pune,11,1,0,16.78,12,3855.75,1446.21,1,5,10,0,0,1,0.0,0,
TXN09-00013,9,2026-05-12 12:05:52,1550.03,Cloud Services,90002,Card,DEV-09-2,Web,Pune,12,1,0,44.75,13,3963.05,1429.64,2,6,11,0,0,0,0.0,0,
TXN09-00014,9,2026-05-12 12:21:42,1247.13,Cloud Services,90002,Card,DEV-09-1,iPhone,Pune,12,1,0,15.83,14,3777.43,1516.6,3,8,12,0,0,0,0.0,0,
TXN09-00015,9,2026-05-12 12:35:36,5398.25,Coffee,90004,UPI,DEV-09-2,Web,Pune,12,1,0,13.9,15,3596.69,1600.14,4,7,13,0,0,0,0.0,0,
TXN09-00016,9,2026-05-12 13:12:29,5993.92,Software,90016,UPI,DEV-09-2,Web,Bangalore,13,1,0,36.88,16,3716.8,1609.88,1,8,3,0,0,1,735.23,0,
TXN09-00017,9,2026-05-12 13:54:28,6511.18,Coffee,90004,Card,DEV-09-1,iPhone,Pune,13,1,0,41.98,17,3859.12,1653.34,5,9,14,0,0,0,735.23,0,
TXN09-00018,9,2026-05-12 13:56:08,2933.98,Coffee,90004,UPI,DEV-09-2,Web,Pune,13,1,0,1.67,18,4015.12,1721.09,6,9,15,0,0,0,0.0,0,
TXN09-00019,9,2026-05-12 14:01:32,1908.58,Cloud Services,90002,Card,DEV-09-2,Web,Pune,14,1,0,5.4,19,3955.06,1690.83,4,10,16,0,0,0,0.0,0,
TXN09-00020,9,2026-05-12 14:23:13,4875.52,Coffee,90004,UPI,DEV-09-1,iPhone,Pune,14,1,0,21.68,20,3847.35,1708.0,7,10,17,0,0,0,0.0,0,
TXN09-00021,9,2026-05-12 14:34:53,8000.0,Software,90007,UPI,DEV-09-2,Web,Goa,14,1,0,11.67,21,3898.76,1679.77,1,11,1,0,1,1,359.3,0,
TXN09-00022,9,2026-05-12 15:06:10,3978.45,Cloud Services,90002,UPI,DEV-09-2,Web,Pune,15,1,0,31.28,22,4094.05,1857.44,5,12,18,0,0,0,359.3,0,
TXN09-00023,9,2026-05-12 15:13:33,3177.52,Coffee,90004,Card,DEV-09-1,iPhone,Pune,15,1,0,7.38,23,4088.8,1814.89,8,11,19,0,0,0,0.0,0,
TXN09-00024,9,2026-05-12 15:42:41,1240.3,Cloud Services,90002,Card,DEV-09-1,iPhone,Bangalore,15,1,0,29.13,24,4049.18,1784.7,6,12,4,0,0,0,735.23,0,
TXN09-00025,9,2026-05-12 15:47:40,4678.26,Restaurants,90005,UPI,DEV-09-2,Web,Pune,15,1,0,4.98,25,3932.14,1835.07,3,13,20,0,0,0,735.23,0,
TXN09-00026,9,2026-05-12 16:08:17,3960.29,Restaurants,90017,Card,DEV-09-1,iPhone,Pune,16,1,0,20.62,26,3961.99,1803.93,1,13,21,0,0,1,0.0,0,
TXN09-00027,9,2026-05-12 16:09:38,2215.23,Restaurants,90005,Card,DEV-09-2,Web,Pune,16,1,0,1.35,27,3961.92,1768.9,4,14,22,0,0,0,0.0,0,
TXN09-00028,9,2026-05-12 16:30:13,1660.31,Software,90007,UPI,DEV-09-1,iPhone,Goa,16,1,0,20.58,28,3897.23,1766.9,2,14,2,0,0,0,359.3,0,
TXN09-00029,9,2026-05-12 16:53:17,5476.33,Cloud Services,90010,Card,DEV-09-2,Web,Pune,16,1,0,23.07,29,3817.34,1784.03,2,15,23,0,0,0,359.3,0,
TXN09-00030,9,2026-05-12 17:00:55,1802.82,Coffee,90004,Card,DEV-09-2,Web,Pune,17,1,0,7.63,30,3874.55,1778.94,9,16,24,0,0,0,0.0,0,
TXN09-00031,9,2026-05-12 17:26:22,1657.15,Coffee,90004,Card,DEV-09-2,Web,Goa,17,1,0,25.45,31,3805.49,1788.14,10,17,3,0,0,0,359.3,0,
TXN09-00032,9,2026-05-12 17:59:20,3117.26,Coffee,90004,Card,DEV-09-1,iPhone,Pune,17,1,0,32.97,32,3736.19,1799.55,11,15,25,0,0,0,359.3,0,
TXN09-00033,9,2026-05-12 18:49:30,8000.0,Coffee,90004,Card,DEV-09-2,Web,Goa,18,1,0,50.17,33,3716.85,1774.48,12,18,4,0,0,0,359.3,0,
TXN09-00034,9,2026-05-12 18:51:02,4122.67,Cloud Services,90003,Card,DEV-09-2,Web,Pune,18,1,0,1.53,34,3846.64,1895.37,2,19,26,0,0,0,359.3,0,
TXN09-00035,9,2026-05-12 19:06:28,2952.73,Coffee,90004,UPI,DEV-09-1,iPhone,Pune,19,1,0,15.43,35,3854.76,1867.87,13,16,27,0,0,0,0.0,0,
TXN09-00036,9,2026-05-12 19:24:12,2872.52,Coffee,90004,UPI,DEV-09-1,iPhone,Pune,19,1,0,17.73,36,3828.98,1847.12,14,17,28,0,0,0,0.0,0,
TXN09-00037,9,2026-05-12 19:39:13,2452.95,Software,90016,UPI,DEV-09-1,iPhone,Pune,19,1,0,15.02,37,3802.42,1828.05,2,18,29,0,0,0,0.0,0,
TXN09-00038,9,2026-05-12 19:44:43,2842.62,Software,90006,Card,DEV-09-1,iPhone,Pune,19,1,0,5.5,38,3765.94,1816.41,2,19,30,0,0,0,0.0,0,
TXN09-00039,9,2026-05-12 20:04:26,6575.79,Restaurants,90001,UPI,DEV-09-2,Web,Bangalore,20,1,0,19.72,39,3741.65,1798.44,2,20,5,0,0,0,735.23,0,
TXN09-00040,9,2026-05-12 20:05:51,2261.92,Cloud Services,90003,Card,DEV-09-1,iPhone,Pune,20,1,0,1.42,40,3814.32,1830.88,3,20,31,0,0,0,735.23,0,
TXN09-00041,9,2026-05-12 20:07:28,1148.13,Restaurants,90009,Card,DEV-09-1,iPhone,Goa,20,1,0,1.62,41,3775.51,1824.02,2,21,5,0,0,0,359.3,0,
TXN09-00042,9,2026-05-12 20:11:12,3467.89,Software,90014,Card,DEV-09-1,iPhone,Pune,20,1,0,3.73,42,3711.42,1846.66,2,22,32,0,0,0,359.3,0,
TXN09-00043,9,2026-05-12 20:46:16,6983.54,Software,90006,UPI,DEV-09-1,iPhone,Bangalore,20,1,0,35.07,43,3705.63,1824.93,3,23,6,0,0,0,735.23,0,
TXN09-00044,9,2026-05-12 21:04:08,5282.84,Cloud Services,90003,Card,DEV-09-1,iPhone,Pune,21,1,0,17.87,44,3781.86,1870.02,4,24,33,0,0,0,735.23,0,
TXN09-00045,9,2026-05-12 22:07:46,2619.86,Coffee,90186,Card,DEV-09-2,Web,Pune,22,1,0,63.63,45,3815.97,1862.13,1,21,34,0,0,1,0.0,1,ato_new_merchant_same_category
TXN09-00046,9,2026-05-12 22:50:15,1416.03,Cloud Services,90003,UPI,DEV-09-2,Web,Pune,22,1,0,42.48,46,3789.39,1849.75,5,22,35,0,0,0,0.0,0,
TXN09-00047,9,2026-05-12 22:54:36,2391.21,Software,90014,Card,DEV-09-2,Web,Pune,22,1,0,4.35,47,3737.79,1861.98,3,23,36,0,0,0,0.0,0,
TXN09-00048,9,2026-05-12 22:58:17,2548.25,Restaurants,90001,UPI,DEV-09-2,Web,Bangalore,22,1,0,3.68,48,3709.14,1852.29,3,24,7,0,0,0,735.23,0,
TXN09-00049,9,2026-05-12 23:36:31,3175.59,Software,90014,Card,DEV-09-1,iPhone,Pune,23,1,0,38.23,49,3684.96,1840.38,4,25,37,0,0,0,735.23,0,
TXN09-00050,9,2026-05-13 01:08:02,5553.63,Cloud Services,90015,UPI,DEV-09-3,iPhone,Pune,1,2,0,91.52,1,3674.56,1822.92,1,1,38,1,0,1,0.0,1,ato_odd_hour
TXN09-00051,9,2026-05-13 08:13:21,1726.62,Cloud Services,90010,UPI,DEV-09-2,Web,Pune,8,2,0,425.32,2,3712.14,1823.67,3,25,39,0,0,0,0.0,0,
TXN09-00052,9,2026-05-13 08:13:28,1144.8,Cloud Services,90002,Card,DEV-09-2,Web,Bangalore,8,2,0,0.12,3,3673.21,1826.57,7,26,8,0,0,0,735.23,0,
TXN09-00053,9,2026-05-13 09:11:01,1183.67,Cloud Services,90002,UPI,DEV-09-1,iPhone,Bangalore,9,2,0,57.55,4,3624.59,1841.95,8,26,9,0,0,0,0.0,0,
TXN09-00054,9,2026-05-13 09:12:15,3113.5,Coffee,90004,Card,DEV-09-1,iPhone,Pune,9,2,0,1.23,5,3578.53,1854.47,15,27,40,0,0,0,735.23,0,
TXN09-00055,9,2026-05-13 09:41:37,8000.0,Cloud Services,90002,UPI,DEV-09-2,Web,Pune,9,2,0,29.37,6,3569.92,1838.29,9,27,41,0,0,0,0.0,0,
TXN09-00056,9,2026-05-13 10:46:38,5160.09,Cloud Services,90002,Card,DEV-09-1,iPhone,Pune,10,2,0,65.02,7,3650.47,1915.26,10,28,42,0,0,0,0.0,0,
TXN09-00057,9,2026-05-13 10:46:42,1931.53,Restaurants,90001,UPI,DEV-09-2,Web,Pune,10,2,0,0.07,8,3677.43,1908.58,4,28,43,0,0,0,0.0,0,
TXN09-00058,9,2026-05-13 10:49:55,2343.04,Restaurants,90017,UPI,DEV-09-2,Web,Pune,10,2,0,3.22,9,3646.8,1905.6,2,29,44,0,0,0,0.0,0,
TXN09-00059,9,2026-05-13 11:36:52,2845.67,Restaurants,90001,Card,DEV-09-2,Web,Pune,11,2,0,46.95,10,3624.32,1896.71,5,30,45,0,0,0,0.0,0,
TXN09-00060,9,2026-05-13 11:56:33,2799.32,Software,90006,UPI,DEV-09-3,iPhone,Goa,11,2,0,19.68,11,3611.12,1883.25,4,2,6,0,0,0,359.3,0,
TXN09-00061,9,2026-05-13 12:14:26,1327.14,Cloud Services,90002,UPI,DEV-09-1,iPhone,Goa,12,2,0,17.88,12,3597.59,1870.38,11,29,7,0,0,0,0.0,0,
TXN09-00062,9,2026-05-13 12:14:52,6402.88,Software,90006,UPI,DEV-09-3,iPhone,Pune,12,2,0,0.43,13,3560.37,1877.25,5,3,46,0,0,0,359.3,0,
TXN09-00063,9,2026-05-13 12:39:07,2794.85,Coffee,90004,UPI,DEV-09-1,iPhone,Pune,12,2,0,24.25,14,3606.22,1896.17,16,30,47,0,0,0,0.0,0,
TXN09-00064,9,2026-05-13 13:17:17,2950.74,Restaurants,90012,Card,DEV-09-1,iPhone,Pune,13,2,0,38.17,15,3593.34,1883.79,1,31,48,0,0,1,0.0,0,
TXN09-00065,9,2026-05-13 13:24:32,701.87,Coffee,90004,Card,DEV-09-2,Web,Pune,13,2,0,7.25,16,3583.3,1870.72,17,31,49,0,0,0,0.0,0,
TXN09-00066,9,2026-05-13 13:28:28,3681.51,Cloud Services,90010,UPI,DEV-09-3,iPhone,Chandigarh,13,2,0,3.93,17,3538.97,1889.84,4,4,1,0,1,0,1389.58,0,
TXN09-00067,9,2026-05-13 13:47:18,1777.44,Software,90006,UPI,DEV-09-1,iPhone,Goa,13,2,0,18.83,18,3541.13,1875.55,6,32,8,0,0,0,1737.37,0,
TXN09-00068,9,2026-05-13 14:15:52,1301.19,Cloud Services,90010,Card,DEV-09-3,iPhone,Ahmedabad,14,2,0,28.57,19,3514.8,1873.75,5,5,1,0,1,0,874.1,0,
TXN09-00069,9,2026-05-13 14:24:34,4722.02,Cloud Services,90011,UPI,DEV-09-3,iPhone,Bangalore,14,2,0,8.7,20,3482.25,1878.91,1,6,10,0,0,1,1237.04,0,
TXN09-00070,9,2026-05-13 14:25:54,6571.4,Software,90007,Card,DEV-09-1,iPhone,Pune,14,2,0,1.33,21,3500.22,1871.12,3,33,50,0,0,0,735.23,0,
TXN09-00071,9,2026-05-13 14:36:40,1615.46,Cloud Services,90015,UPI,DEV-09-1,iPhone,Pune,14,2,0,10.77,22,3544.09,1893.12,2,34,51,0,0,0,0.0,0,
TXN09-00072,9,2026-05-13 14:54:41,7046.75,Coffee,90004,Card,DEV-09-3,iPhone,Pune,14,2,0,18.02,23,3516.93,1893.43,18,7,52,0,0,0,0.0,0,
TXN09-00073,9,2026-05-13 15:30:24,5120.45,Restaurants,90005,Card,DEV-09-3,iPhone,Pune,15,2,0,35.72,24,3565.95,1925.08,5,8,53,0,0,0,0.0,0,
TXN09-00074,9,2026-05-13 15:32:54,6483.14,Restaurants,90009,UPI,DEV-09-2,Web,Pune,15,2,0,2.5,25,3587.25,1920.36,3,32,54,0,0,0,0.0,0,
TXN09-00075,9,2026-05-13 15:40:52,4483.71,Restaurants,90008,UPI,DEV-09-3,iPhone,Goa,15,2,0,7.97,26,3626.38,1936.43,1,9,9,0,0,1,359.3,0,
TXN09-00076,9,2026-05-13 16:01:12,6273.81,Cloud Services,90011,Card,DEV-09-1,iPhone,Pune,16,2,0,20.33,27,3637.81,1925.99,2,35,55,0,0,0,359.3,0,
TXN09-00077,9,2026-05-13 16:07:17,2306.45,Restaurants,90008,Card,DEV-09-3,iPhone,Goa,16,2,0,6.08,28,3672.5,1936.71,2,10,10,0,0,0,359.3,0,
TXN09-00078,9,2026-05-13 16:16:24,2160.71,Coffee,90004,UPI,DEV-09-2,Web,Goa,16,2,0,9.12,29,3654.76,1930.3,19,33,11,0,0,0,0.0,0,
TXN09-00079,9,2026-05-13 16:16:35,5165.93,Restaurants,90013,UPI,DEV-09-1,iPhone,Pune,16,2,0,0.18,30,3635.6,1925.24,1,36,56,0,0,1,359.3,0,
TXN09-00080,9,2026-05-13 16:22:02,1712.33,Cloud Services,90002,Card,DEV-09-1,iPhone,Goa,16,2,0,5.45,31,3654.97,1920.65,12,37,12,0,0,0,359.3,0,
TXN09-00081,9,2026-05-13 16:52:51,1533.73,Restaurants,90012,UPI,DEV-09-1,iPhone,Pune,16,2,0,30.82,32,3630.69,1920.77,2,38,57,0,0,0,359.3,0,
TXN09-00082,9,2026-05-13 17:23:10,3814.42,Software,90006,Card,DEV-09-3,iPhone,Bangalore,17,2,0,30.32,33,3604.8,1922.87,7,11,11,0,0,0,735.23,0,
TXN09-00083,9,2026-05-13 17:35:34,1288.56,Cloud Services,90002,Card,DEV-09-1,iPhone,Pune,17,2,0,12.4,34,3607.36,1911.25,13,39,58,0,0,0,735.23,0,
TXN09-00084,9,2026-05-13 17:37:21,1756.74,Coffee,90004,Card,DEV-09-2,Web,Pune,17,2,0,1.78,35,3579.42,1916.47,20,34,59,0,0,0,0.0,0,
TXN09-00085,9,2026-05-13 17:46:40,1184.13,Software,90016,Card,DEV-09-1,iPhone,Pune,17,2,0,9.32,36,3557.72,1915.26,3,40,60,0,0,0,0.0,0,
TXN09-00086,9,2026-05-13 17:47:44,1043.73,Software,90006,UPI,DEV-09-1,iPhone,Pune,17,2,0,1.07,37,3529.8,1921.08,8,41,61,0,0,0,0.0,0,
TXN09-00087,9,2026-05-13 17:52:40,4125.75,Restaurants,90013,Card,DEV-09-1,iPhone,Pune,17,2,0,4.93,38,3500.89,1928.39,2,42,62,0,0,0,0.0,0,
TXN09-00088,9,2026-05-13 18:03:24,2813.26,Software,90007,UPI,DEV-09-2,Web,Pune,18,2,0,10.73,39,3508.07,1918.43,4,35,63,0,0,0,0.0,0,
TXN09-00089,9,2026-05-13 18:21:10,4180.56,Cloud Services,90011,UPI,DEV-09-2,Web,Pune,18,2,0,17.77,40,3500.18,1908.92,3,36,64,0,0,0,0.0,0,
TXN09-00090,9,2026-05-13 18:40:29,5402.21,Software,90018,Card,DEV-09-2,Web,Pune,18,2,0,19.32,41,3507.82,1899.52,1,37,65,0,0,1,0.0,0,
TXN09-00091,9,2026-05-13 19:07:17,1805.97,Restaurants,90005,Card,DEV-09-2,Web,Goa,19,2,0,26.8,42,3528.87,1899.34,6,38,13,0,0,0,359.3,0,
TXN09-00092,9,2026-05-13 19:21:56,1141.2,Coffee,90019,UPI,DEV-09-3,iPhone,Pune,19,2,0,14.65,43,3509.94,1897.4,1,12,66,0,0,1,359.3,0,
TXN09-00093,9,2026-05-13 19:27:50,1183.82,Cloud Services,90002,Card,DEV-09-3,iPhone,Pune,19,2,0,5.9,44,3484.19,1902.98,14,13,67,0,0,0,0.0,0,
TXN09-00094,9,2026-05-13 19:33:31,7965.69,Coffee,90004,Card,DEV-09-3,iPhone,Pune,19,2,0,5.68,45,3459.46,1907.53,21,14,68,0,0,0,0.0,0,
TXN09-00095,9,2026-05-13 19:46:09,4745.75,Cloud Services,90003,UPI,DEV-09-1,iPhone,Bangalore,19,2,0,12.63,46,3507.39,1952.87,6,43,12,0,0,0,735.23,0,
TXN09-00096,9,2026-05-13 19:48:38,5424.58,Software,90014,UPI,DEV-09-2,Web,Pune,19,2,0,2.48,47,3520.43,1946.67,5,39,69,0,0,0,735.23,0,
TXN09-00097,9,2026-05-13 20:02:01,5053.37,Software,90007,Card,DEV-09-3,iPhone,Pune,20,2,0,13.38,48,3540.26,1946.13,5,15,70,0,0,0,0.0,0,
TXN09-00098,9,2026-05-13 20:13:34,5285.55,Software,90014,UPI,DEV-09-3,iPhone,Goa,20,2,0,11.55,49,3555.86,1942.09,6,16,14,0,0,0,359.3,0,
TXN09-00099,9,2026-05-13 20:16:51,6662.54,Coffee,90004,Card,DEV-09-1,iPhone,Pune,20,2,0,3.28,50,3573.51,1939.96,22,44,71,0,0,0,359.3,0,
TXN09-00100,9,2026-05-13 20:21:27,8000.0,Software,90016,Card,DEV-09-1,iPhone,Goa,20,2,0,4.6,51,3604.72,1954.7,4,45,15,0,0,0,359.3,0,
TXN09-00101,9,2026-05-13 20:30:46,3778.89,Software,90018,Card,DEV-09-1,iPhone,Goa,20,2,0,9.32,52,3648.67,1993.46,2,46,16,0,0,0,0.0,0,
TXN09-00102,9,2026-05-13 21:52:00,1923.57,Coffee,90004,UPI,DEV-09-1,iPhone,Goa,21,2,0,81.23,53,3649.96,1983.61,23,47,17,0,0,0,0.0,0,
TXN09-00103,9,2026-05-13 21:57:39,3142.9,Software,90006,Card,DEV-09-2,Web,Pune,21,2,0,5.65,54,3633.03,1981.18,9,40,72,0,0,0,359.3,0,
TXN09-00104,9,2026-05-13 22:04:09,1988.0,Coffee,90004,Card,DEV-09-2,Web,Pune,22,2,0,6.5,55,3628.27,1972.13,24,41,73,0,0,0,0.0,0,
TXN09-00105,9,2026-05-13 22:13:10,2858.14,Software,90007,Card,DEV-09-1,iPhone,Pune,22,2,0,9.02,56,3612.5,1969.14,6,48,74,0,0,0,0.0,0,
TXN09-00106,9,2026-05-13 22:28:46,2033.12,Coffee,90019,Card,DEV-09-1,iPhone,Pune,22,2,0,15.6,57,3605.32,1961.11,2,49,75,0,0,0,0.0,0,
TXN09-00107,9,2026-05-13 22:53:05,2172.74,Cloud Services,90002,UPI,DEV-09-1,iPhone,Bangalore,22,2,0,24.32,58,3590.49,1957.74,15,50,13,0,0,0,735.23,0,
TXN09-00108,9,2026-05-13 22:57:13,2602.55,Software,90006,UPI,DEV-09-3,iPhone,Pune,22,2,0,4.13,59,3577.24,1953.34,10,17,76,0,0,0,735.23,0,
TXN09-00109,9,2026-05-13 23:54:50,1274.38,Coffee,90019,Card,DEV-09-1,iPhone,Goa,23,2,0,57.62,60,3568.21,1946.52,3,51,18,0,0,0,359.3,0,
TXN09-00110,9,2026-05-14 03:32:19,3690.66,Software,90171,Card,DEV-09-4,iPhone,Bangalore,3,3,0,217.48,1,3547.17,1949.87,1,1,14,1,0,1,454.99,1,ato_new_merchant_same_category_odd_hour
TXN09-00111,9,2026-05-14 08:03:30,2023.6,Restaurants,90001,UPI,DEV-09-1,iPhone,Pune,8,3,0,271.18,2,3548.47,1941.04,6,52,77,0,0,0,735.23,0,
TXN09-00112,9,2026-05-14 08:05:30,3676.91,Coffee,90019,UPI,DEV-09-3,iPhone,Bangalore,8,3,0,2.0,3,3534.73,1937.64,4,18,15,0,0,0,735.23,0,
TXN09-00113,9,2026-05-14 08:17:45,2251.82,Restaurants,90001,Card,DEV-09-3,iPhone,Pune,8,3,0,12.25,4,3536.0,1929.02,7,19,78,0,0,0,735.23,0,
TXN09-00114,9,2026-05-14 08:32:05,1043.28,Restaurants,90008,Card,DEV-09-1,iPhone,Pune,8,3,0,14.33,5,3524.64,1924.22,3,53,79,0,0,0,0.0,0,
TXN09-00115,9,2026-05-14 08:56:48,4796.41,Software,90014,Card,DEV-09-1,iPhone,Pune,8,3,0,24.72,6,3502.87,1929.69,7,54,80,0,0,0,0.0,0,
TXN09-00116,9,2026-05-14 08:57:05,5724.66,Software,90007,UPI,DEV-09-1,iPhone,Goa,8,3,0,0.28,7,3514.12,1925.03,7,55,19,0,0,0,359.3,0,
TXN09-00117,9,2026-05-14 09:11:09,1816.99,Software,90007,UPI,DEV-09-2,Web,Pune,9,3,0,14.07,8,3533.18,1927.58,8,42,81,0,0,0,359.3,0,
TXN09-00118,9,2026-05-14 09:22:45,665.28,Restaurants,90009,UPI,DEV-09-3,iPhone,Pune,9,3,0,11.6,9,3518.51,1925.81,4,20,82,0,0,0,0.0,0,
TXN09-00119,9,2026-05-14 09:26:46,3263.53,Cloud Services,90010,UPI,DEV-09-1,iPhone,Pune,9,3,0,4.02,10,3494.33,1935.39,6,56,83,0,0,0,0.0,0,
TXN09-00120,9,2026-05-14 09:49:49,4461.54,Coffee,90019,Card,DEV-09-2,Web,Pune,9,3,0,23.05,11,3492.39,1927.35,5,43,84,0,0,0,0.0,0,
TXN09-00121,9,2026-05-14 09:58:20,2155.54,Coffee,90004,Card,DEV-09-1,iPhone,Pune,9,3,0,8.52,12,3500.46,1921.33,25,57,85,0,0,0,0.0,0,
TXN09-00122,9,2026-05-14 10:33:22,5097.2,Restaurants,90001,UPI,DEV-09-1,iPhone,Pune,10,3,0,35.03,13,3489.35,1917.24,8,58,86,0,0,0,0.0,0,
TXN09-00123,9,2026-05-14 10:49:03,3554.25,Restaurants,90008,UPI,DEV-09-1,iPhone,Pune,10,3,0,15.68,14,3502.53,1914.86,4,59,87,0,0,0,0.0,0,
TXN09-00124,9,2026-05-14 11:07:20,1817.92,Restaurants,90013,UPI,DEV-09-1,iPhone,Lucknow,11,3,0,18.28,15,3502.95,1907.07,3,60,1,0,1,0,1176.73,0,
TXN09-00125,9,2026-05-14 11:16:10,6724.13,Cloud Services,90002,UPI,DEV-09-1,iPhone,Pune,11,3,0,8.83,16,3489.36,1905.33,16,61,88,0,0,0,1176.73,0,
TXN09-00126,9,2026-05-14 11:44:31,2815.42,Restaurants,90009,UPI,DEV-09-1,iPhone,Pune,11,3,0,28.35,17,3515.24,1919.45,5,62,89,0,0,0,0.0,0,
TXN09-00127,9,2026-05-14 11:54:24,4172.04,Cloud Services,90002,UPI,DEV-09-2,Web,Pune,11,3,0,9.88,18,3509.68,1912.83,17,44,90,0,0,0,0.0,0,
TXN09-00128,9,2026-05-14 12:22:19,3559.6,Restaurants,90013,UPI,DEV-09-1,iPhone,Pune,12,3,0,27.92,19,3514.9,1906.18,4,63,91,0,0,0,0.0,0,
TXN09-00129,9,2026-05-14 12:29:37,2090.41,Coffee,90019,UPI,DEV-09-1,iPhone,Pune,12,3,0,7.3,20,3515.25,1898.73,6,64,92,0,0,0,0.0,0,
TXN09-00130,9,2026-05-14 12:40:02,1762.1,Restaurants,90009,Card,DEV-09-1,iPhone,Pune,12,3,0,10.42,21,3504.2,1895.48,6,65,93,0,0,0,0.0,0,
TXN09-00131,9,2026-05-14 12:40:08,5407.64,Cloud Services,90002,UPI,DEV-09-1,iPhone,Pune,12,3,0,0.1,22,3490.8,1894.3,18,66,94,0,0,0,0.0,0,
TXN09-00132,9,2026-05-14 13:32:59,3948.3,Cloud Services,90002,UPI,DEV-09-2,Web,Pune,13,3,0,52.85,23,3505.44,1894.41,19,45,95,0,0,0,0.0,0,
TXN09-00133,9,2026-05-14 13:48:49,1238.31,Cloud Services,90002,Card,DEV-09-2,Web,Bangalore,13,3,0,15.83,24,3508.79,1887.61,20,46,16,0,0,0,735.23,0,
TXN09-00134,9,2026-05-14 14:14:24,2639.25,Coffee,90019,UPI,DEV-09-2,Web,Pune,14,3,0,25.58,25,3491.72,1890.7,7,47,96,0,0,0,735.23,0,
TXN09-00135,9,2026-05-14 15:11:17,3131.22,Cloud Services,90011,UPI,DEV-09-3,iPhone,Bangalore,15,3,0,56.88,26,3485.36,1885.06,4,21,17,0,0,0,735.23,0,
TXN09-00136,9,2026-05-14 15:13:20,2842.15,Cloud Services,90011,Card,DEV-09-3,iPhone,Pune,15,3,0,2.05,27,3482.73,1878.32,5,22,97,0,0,0,735.23,0,
TXN09-00137,9,2026-05-14 15:20:11,1639.52,Restaurants,90008,UPI,DEV-09-2,Web,Pune,15,3,0,6.85,28,3478.02,1872.2,5,48,98,0,0,0,0.0,0,
TXN09-00138,9,2026-05-14 15:30:34,3502.45,Cloud Services,90002,UPI,DEV-09-3,iPhone,Bangalore,15,3,0,10.38,29,3464.6,1871.91,21,23,18,0,0,0,735.23,0,
TXN09-00139,9,2026-05-14 15:40:41,1765.05,Software,90007,Card,DEV-09-1,iPhone,Pune,15,3,0,10.12,30,3464.88,1865.11,9,67,99,0,0,0,735.23,0,
TXN09-00140,9,2026-05-14 16:52:09,3099.53,Restaurants,90005,UPI,DEV-09-1,iPhone,Pune,16,3,0,71.47,31,3452.65,1863.94,7,68,100,0,0,0,0.0,0,
TXN09-00141,9,2026-05-14 17:15:41,1571.89,Cloud Services,90002,Card,DEV-09-1,iPhone,Pune,17,3,0,23.53,32,3450.13,1857.51,22,69,101,0,0,0,0.0,0,
TXN09-00142,9,2026-05-14 17:16:19,2453.52,Coffee,90004,UPI,DEV-09-1,iPhone,Bangalore,17,3,0,0.63,33,3436.81,1857.61,26,70,19,0,0,0,735.23,0,
TXN09-00143,9,2026-05-14 17:26:31,1292.17,Restaurants,90012,UPI,DEV-09-2,Web,Pune,17,3,0,10.2,34,3429.88,1852.88,3,49,102,0,0,0,735.23,0,
TXN09-00144,9,2026-05-14 18:01:47,6457.94,Coffee,90004,Card,DEV-09-2,Web,Pune,18,3,0,35.27,35,3414.93,1854.96,27,50,103,0,0,0,0.0,0,
TXN09-00145,9,2026-05-14 18:11:00,854.66,Restaurants,90001,Card,DEV-09-1,iPhone,Goa,18,3,0,9.22,36,3436.06,1865.7,9,71,20,0,0,0,359.3,0,
TXN09-00146,9,2026-05-14 18:26:44,3299.87,Restaurants,90005,Card,DEV-09-3,iPhone,Pune,18,3,0,15.73,37,3418.26,1871.49,8,24,104,0,0,0,359.3,0,
TXN09-00147,9,2026-05-14 18:54:32,5727.98,Restaurants,90008,UPI,DEV-09-1,iPhone,Goa,18,3,0,27.8,38,3417.45,1865.1,6,72,21,0,0,0,359.3,0,
TXN09-00148,9,2026-05-14 19:01:39,3779.85,Coffee,90020,Card,DEV-09-2,Web,Pune,19,3,0,7.12,39,3433.17,1868.42,1,51,105,0,0,1,359.3,0,
TXN09-00149,9,2026-05-14 19:47:19,6971.78,Coffee,90004,UPI,DEV-09-3,iPhone,Pune,19,3,0,45.67,40,3435.51,1862.31,28,25,106,0,0,0,0.0,0,
TXN09-00150,9,2026-05-14 19:47:37,915.91,Restaurants,90009,Card,DEV-09-2,Web,Pune,19,3,0,0.3,41,3459.24,1878.38,7,52,107,0,0,0,0.0,0,
TXN09-00151,9,2026-05-14 20:08:16,1742.91,Coffee,90004,Card,DEV-09-2,Web,Goa,20,3,0,20.65,42,3442.29,1883.51,29,53,22,0,0,0,359.3,0,
TXN09-00152,9,2026-05-14 20:20:20,1291.48,Coffee,90020,UPI,DEV-09-1,iPhone,Bangalore,20,3,0,12.07,43,3431.03,1882.32,2,73,20,0,0,0,454.99,0,
TXN09-00153,9,2026-05-14 20:23:27,5317.24,Restaurants,90017,UPI,DEV-09-1,iPhone,Pune,20,3,0,3.12,44,3416.96,1884.07,3,74,108,0,0,0,735.23,0,
TXN09-00154,9,2026-05-14 20:54:36,3242.84,Software,90007,Card,DEV-09-2,Web,Pune,20,3,0,31.15,45,3429.38,1884.14,10,54,109,0,0,0,0.0,0,
TXN09-00155,9,2026-05-14 21:02:55,2609.03,Software,90006,Card,DEV-09-2,Web,Bangalore,21,3,0,8.32,46,3428.17,1878.07,11,55,21,0,0,0,735.23,0,
TXN09-00156,9,2026-05-14 21:04:10,8000.0,Restaurants,90001,UPI,DEV-09-2,Web,Goa,21,3,0,1.25,47,3422.88,1873.15,10,56,23,0,0,0,454.99,0,
TXN09-00157,9,2026-05-14 21:53:51,2721.98,Software,90018,Card,DEV-09-2,Web,Pune,21,3,0,49.68,48,3452.22,1902.53,3,57,110,0,0,0,359.3,0,
TXN09-00158,9,2026-05-14 22:14:36,3058.91,Restaurants,90001,UPI,DEV-09-3,iPhone,Bangalore,22,3,0,20.75,49,3447.57,1897.35,11,26,22,0,0,0,735.23,0,
TXN09-00159,9,2026-05-14 22:40:44,8000.0,Software,90007,UPI,DEV-09-1,iPhone,Goa,22,3,0,26.13,50,3445.11,1891.59,11,75,24,0,0,0,454.99,0,
TXN09-00160,9,2026-05-14 22:58:17,1150.73,Coffee,90004,Card,DEV-09-3,iPhone,Pune,22,3,0,17.55,51,3473.76,1919.71,30,27,111,0,0,0,359.3,0,
TXN09-00161,9,2026-05-14 23:03:54,1315.27,Restaurants,90012,Card,DEV-09-1,iPhone,Pune,23,3,0,5.62,52,3459.24,1922.44,4,76,112,0,0,0,0.0,0,
TXN09-00162,9,2026-05-14 23:08:21,832.51,Software,90006,UPI,DEV-09-1,iPhone,Pune,23,3,0,4.45,53,3445.92,1923.85,12,77,113,0,0,0,0.0,0,
TXN09-00163,9,2026-05-14 23:09:56,1817.23,Restaurants,90005,Card,DEV-09-3,iPhone,Pune,23,3,0,1.58,54,3429.79,1928.79,9,28,114,0,0,0,0.0,0,
TXN09-00164,9,2026-05-14 23:36:38,2572.93,Restaurants,90001,Card,DEV-09-2,Web,Pune,23,3,0,26.7,55,3419.9,1926.98,12,58,115,0,0,0,0.0,0,
TXN09-00165,9,2026-05-14 23:36:53,17422.86,International Transfer,90001,UPI,DEV-09-1,iPhone,New York,23,3,0,0.25,56,3414.73,1922.23,13,78,1,0,1,0,12639.18,1,intl_transfer
TXN09-00166,9,2026-05-15 08:47:26,6779.69,Restaurants,90012,Card,DEV-09-2,Web,Goa,8,4,0,550.55,1,3499.63,2203.32,5,59,25,0,0,0,12972.74,0,
TXN09-00167,9,2026-05-15 08:57:03,3335.07,Software,90006,Card,DEV-09-1,iPhone,Goa,8,4,0,9.62,2,3519.39,2211.29,13,79,26,0,0,0,0.0,0,
TXN09-00168,9,2026-05-15 08:59:07,8000.0,Coffee,90004,Card,DEV-09-2,Web,Pune,8,4,0,2.07,3,3518.29,2204.71,31,60,116,0,0,0,359.3,0,
TXN09-00169,9,2026-05-15 09:24:58,4006.98,Software,90018,Card,DEV-09-1,iPhone,Pune,9,4,0,25.85,4,3544.96,2225.0,4,80,117,0,0,0,0.0,0,
TXN09-00170,9,2026-05-15 09:26:33,8000.0,Software,90006,Card,DEV-09-1,iPhone,Pune,9,4,0,1.58,5,3547.7,2218.69,14,81,118,0,0,0,0.0,0,
TXN09-00171,9,2026-05-15 09:56:35,4788.26,Coffee,90004,UPI,DEV-09-1,iPhone,Pune,9,4,0,30.03,6,3573.89,2238.21,32,82,119,0,0,0,0.0,0,
TXN09-00172,9,2026-05-15 11:13:55,2956.67,Restaurants,90008,Card,DEV-09-1,iPhone,Pune,11,4,0,77.33,7,3580.99,2233.57,7,83,120,0,0,0,0.0,0,
TXN09-00173,9,2026-05-15 11:29:39,1827.46,Cloud Services,90002,Card,DEV-09-5,Android,Bangalore,11,4,0,15.73,8,3577.36,2227.58,23,1,23,1,0,0,735.23,1,ato_higher_amount
TXN09-00174,9,2026-05-15 12:18:15,1984.79,Cloud Services,90002,Card,DEV-09-1,iPhone,Pune,12,4,0,48.6,9,3567.25,2225.09,24,84,121,0,0,0,735.23,0,
TXN09-00175,9,2026-05-15 13:07:22,1272.86,Coffee,90004,Card,DEV-09-2,Web,Pune,13,4,0,49.12,10,3558.15,2221.91,33,61,122,0,0,0,0.0,0,
TXN09-00176,9,2026-05-15 13:17:28,7964.87,Coffee,90020,UPI,DEV-09-1,iPhone,Pune,13,4,0,10.1,11,3545.09,2222.23,3,85,123,0,0,0,0.0,0,
TXN09-00177,9,2026-05-15 13:28:41,5857.27,Coffee,90004,Card,DEV-09-1,iPhone,Pune,13,4,0,11.22,12,3570.2,2240.68,34,86,124,0,0,0,0.0,0,
TXN09-00178,9,2026-05-15 13:55:25,2663.25,Restaurants,90012,UPI,DEV-09-1,iPhone,Pune,13,4,0,26.73,13,3583.13,2240.9,6,87,125,0,0,0,0.0,0,
TXN09-00179,9,2026-05-15 15:10:20,7748.55,Cloud Services,90002,UPI,DEV-09-2,Web,Pune,15,4,0,74.92,14,3577.96,2235.66,25,62,126,0,0,0,0.0,0,
TXN09-00180,9,2026-05-15 16:03:58,697.45,Coffee,90020,Card,DEV-09-2,Web,Pune,16,4,0,53.63,15,3601.26,2250.97,4,63,127,0,0,0,0.0,0,
TXN09-00181,9,2026-05-15 16:28:37,1078.81,Restaurants,90001,UPI,DEV-09-2,Web,Pune,16,4,0,24.65,16,3585.12,2255.06,14,64,128,0,0,0,0.0,0,
TXN09-00182,9,2026-05-15 16:31:45,3738.14,Restaurants,90001,Card,DEV-09-2,Web,Goa,16,4,0,3.13,17,3571.28,2256.48,15,65,27,0,0,0,359.3,0,
TXN09-00183,9,2026-05-15 16:43:06,1077.98,Software,90007,UPI,DEV-09-1,iPhone,Pune,16,4,0,11.35,18,3572.19,2250.31,12,88,129,0,0,0,359.3,0,
TXN09-00184,9,2026-05-15 16:47:18,2957.52,Coffee,90004,UPI,DEV-09-2,Web,Goa,16,4,0,4.2,19,3558.56,2251.67,35,66,28,0,0,0,359.3,0,
TXN09-00185,9,2026-05-15 17:40:04,3921.71,Restaurants,90009,Card,DEV-09-1,iPhone,Bangalore,17,4,0,52.77,20,3555.3,2245.98,8,89,24,0,0,0,454.99,0,
TXN09-00186,9,2026-05-15 18:37:13,5495.92,Cloud Services,90003,Card,DEV-09-1,iPhone,Bangalore,18,4,0,57.15,21,3557.28,2240.06,7,90,25,0,0,0,0.0,0,
TXN09-00187,9,2026-05-15 19:29:11,6157.89,Cloud Services,90010,UPI,DEV-09-3,iPhone,Pune,19,4,0,51.97,22,3567.7,2238.53,7,29,130,0,0,0,735.23,0,
TXN09-00188,9,2026-05-15 19:36:45,5096.16,Restaurants,90005,Card,DEV-09-1,iPhone,Pune,19,4,0,7.57,23,3581.55,2240.51,10,91,131,0,0,0,0.0,0,
TXN09-00189,9,2026-05-15 20:01:52,1941.49,Software,90006,UPI,DEV-09-2,Web,Goa,20,4,0,25.12,24,3589.61,2237.26,15,67,29,0,0,0,359.3,0,
TXN09-00190,9,2026-05-15 20:03:01,6228.14,Cloud Services,90015,Card,DEV-09-3,iPhone,Pune,20,4,0,1.15,25,3580.89,2234.53,3,30,132,0,0,0,359.3,0,
TXN09-00191,9,2026-05-15 21:03:13,2467.07,Restaurants,90001,Card,DEV-09-2,Web,Goa,21,4,0,60.2,26,3594.82,2236.86,16,68,30,0,0,0,359.3,0,
TXN09-00192,9,2026-05-15 21:49:49,1714.78,Coffee,90019,Card,DEV-09-1,iPhone,Pune,21,4,0,46.6,27,3588.92,2232.48,8,92,133,0,0,0,359.3,0,
TXN09-00193,9,2026-05-15 21:58:23,4255.63,Software,90018,Card,DEV-09-1,iPhone,Pune,21,4,0,8.57,28,3579.16,2230.74,5,93,134,0,0,0,0.0,0,
TXN09-00194,9,2026-05-15 22:26:50,2567.2,Cloud Services,90003,Card,DEV-09-2,Web,Pune,22,4,0,28.45,29,3582.66,2225.49,8,69,135,0,0,0,0.0,0,
TXN09-00195,9,2026-05-15 22:57:36,4702.45,Cloud Services,90011,UPI,DEV-09-1,iPhone,Goa,22,4,0,30.77,30,3577.43,2220.94,6,94,31,0,0,0,359.3,0,
TXN09-00196,9,2026-05-15 23:42:13,3537.37,Software,90006,UPI,DEV-09-1,iPhone,Pune,23,4,0,44.62,31,3583.2,2216.69,16,95,136,0,0,0,359.3,0,
TXN09-00197,9,2026-05-16 03:29:13,4399.7,Restaurants,90001,Card,DEV-09-4,iPhone,Pune,3,5,1,227.0,1,3582.96,2211.03,17,2,137,0,0,0,0.0,1,ato_odd_hour_higher_amount
TXN09-00198,9,2026-05-16 08:03:26,2920.2,Software,90006,Card,DEV-09-3,iPhone,Pune,8,5,1,274.22,2,3587.11,2206.18,17,31,138,0,0,0,0.0,0,
TXN09-00199,9,2026-05-16 08:31:43,1860.91,Cloud Services,90002,Card,DEV-09-3,iPhone,Goa,8,5,1,28.28,3,3583.74,2201.11,26,32,32,0,0,0,359.3,0,
TXN09-00200,9,2026-05-16 08:47:21,3616.46,Software,90006,Card,DEV-09-3,iPhone,Pune,8,5,1,15.63,4,3575.08,2198.94,18,33,139,0,0,0,359.3,0,
TXN09-00201,9,2026-05-16 08:50:59,4429.27,Coffee,90004,UPI,DEV-09-2,Web,Goa,8,5,1,3.63,5,3575.29,2193.44,36,70,33,0,0,0,359.3,0,
TXN09-00202,9,2026-05-16 09:03:56,837.43,Restaurants,90001,Card,DEV-09-1,iPhone,Goa,9,5,1,12.95,6,3579.54,2188.8,18,96,34,0,0,0,0.0,0,
TXN09-00203,9,2026-05-16 09:12:53,3520.69,Coffee,90004,Card,DEV-09-3,iPhone,Goa,9,5,1,8.95,7,3565.96,2191.85,37,34,35,0,0,0,0.0,0,
TXN09-00204,9,2026-05-16 09:30:33,2015.46,Software,90016,Card,DEV-09-3,iPhone,Goa,9,5,1,17.67,8,3565.74,2186.44,5,35,36,0,0,0,0.0,0,
TXN09-00205,9,2026-05-16 09:48:35,2482.67,Restaurants,90009,Card,DEV-09-1,iPhone,Pune,9,5,1,18.03,9,3558.14,2183.76,9,97,140,0,0,0,359.3,0,
TXN09-00206,9,2026-05-16 10:07:47,3801.23,Software,90006,UPI,DEV-09-3,iPhone,Bangalore,10,5,1,19.2,10,3552.9,2179.72,19,36,26,0,0,0,735.23,0,
TXN09-00207,9,2026-05-16 10:07:53,2733.13,Cloud Services,90003,UPI,DEV-09-1,iPhone,Pune,10,5,1,0.1,11,3554.1,2174.49,9,98,141,0,0,0,735.23,0,
TXN09-00208,9,2026-05-16 10:16:34,4567.08,Coffee,90004,UPI,DEV-09-1,iPhone,Pune,10,5,1,8.68,12,3550.13,2169.98,38,99,142,0,0,0,0.0,0,
TXN09-00209,9,2026-05-16 10:19:45,6318.85,Coffee,90019,Card,DEV-09-3,iPhone,Bangalore,10,5,1,3.18,13,3555.02,2165.9,9,37,27,0,0,0,735.23,0,
TXN09-00210,9,2026-05-16 10:21:31,8000.0,Software,90006,Card,DEV-09-3,iPhone,Pune,10,5,1,1.77,14,3568.25,2169.11,20,38,143,0,0,0,735.23,0,
TXN09-00211,9,2026-05-16 10:32:17,3421.9,Coffee,90019,UPI,DEV-09-1,iPhone,Pune,10,5,1,10.77,15,3589.35,2185.34,10,100,144,0,0,0,0.0,0,
TXN09-00212,9,2026-05-16 10:40:27,7582.25,Coffee,90019,UPI,DEV-09-1,iPhone,Pune,10,5,1,8.17,16,3588.56,2180.19,11,101,145,0,0,0,0.0,0,
TXN09-00213,9,2026-05-16 10:49:17,2763.93,Coffee,90021,UPI,DEV-09-2,Web,Goa,10,5,1,8.83,17,3607.4,2192.18,1,71,37,0,0,1,359.3,0,
TXN09-00214,9,2026-05-16 10:54:56,1057.81,Coffee,90022,UPI,DEV-09-1,iPhone,Pune,10,5,1,5.65,18,3603.44,2187.79,1,102,146,0,0,1,359.3,0,
TXN09-00215,9,2026-05-16 10:59:52,1967.36,Coffee,90004,UPI,DEV-09-1,iPhone,Bangalore,10,5,1,4.93,19,3591.54,2189.57,39,103,28,0,0,0,735.23,0,
TXN09-00216,9,2026-05-16 11:24:22,3285.61,Coffee,90020,UPI,DEV-09-4,iPhone,Pune,11,5,1,24.5,20,3583.99,2187.26,5,3,147,0,0,0,735.23,0,
TXN09-00217,9,2026-05-16 11:56:02,2250.6,Cloud Services,90002,Card,DEV-09-2,Web,Goa,11,5,1,31.67,21,3582.6,2182.29,27,72,38,0,0,0,359.3,0,
TXN09-00218,9,2026-05-16 12:09:09,1945.74,Coffee,90004,UPI,DEV-09-2,Web,Bangalore,12,5,1,13.12,22,3576.47,2179.12,40,73,29,0,0,0,454.99,0,
TXN09-00219,9,2026-05-16 12:11:41,3458.12,Cloud Services,90002,Card,DEV-09-1,iPhone,Pune,12,5,1,2.53,23,3568.99,2176.91,28,104,148,0,0,0,735.23,0,
TXN09-00220,9,2026-05-16 12:37:42,552.99,Coffee,90021,Card,DEV-09-3,iPhone,Pune,12,5,1,26.02,24,3568.48,2171.95,2,39,149,0,0,0,0.0,0,
TXN09-00221,9,2026-05-16 12:45:01,1871.27,Coffee,90019,Card,DEV-09-3,iPhone,Pune,12,5,1,7.32,25,3554.77,2176.48,12,40,150,0,0,0,0.0,0,
TXN09-00222,9,2026-05-16 13:06:08,1866.64,Cloud Services,90011,Card,DEV-09-2,Web,Pune,13,5,1,21.12,26,3547.16,2174.49,7,74,151,0,0,0,0.0,0,
TXN09-00223,9,2026-05-16 13:17:03,3896.14,Coffee,90004,Card,DEV-09-4,iPhone,Pune,13,5,1,10.92,27,3539.59,2172.5,41,4,152,0,0,0,0.0,0,
TXN09-00224,9,2026-05-16 13:27:22,1554.13,Cloud Services,90175,UPI,DEV-09-1,iPhone,Pune,13,5,1,10.32,28,3541.18,2167.75,1,105,153,0,0,1,0.0,1,ato_new_merchant_same_category
TXN09-00225,9,2026-05-16 13:30:11,3613.52,Software,90016,UPI,DEV-09-4,iPhone,Pune,13,5,1,2.82,29,3532.31,2166.96,6,5,154,0,0,0,0.0,0,
TXN09-00226,9,2026-05-16 13:33:55,2894.93,Coffee,90020,UPI,DEV-09-1,iPhone,Goa,13,5,1,3.73,30,3532.67,2162.15,6,106,39,0,0,0,359.3,0,
TXN09-00227,9,2026-05-16 13:35:08,968.46,Cloud Services,90002,UPI,DEV-09-1,iPhone,Pune,13,5,1,1.22,31,3529.85,2157.77,29,107,155,0,0,0,359.3,0,
TXN09-00228,9,2026-05-16 13:37:42,7229.98,Software,90016,UPI,DEV-09-2,Web,Pune,13,5,1,2.57,32,3518.57,2159.69,7,75,156,0,0,0,0.0,0,
TXN09-00229,9,2026-05-16 13:43:25,732.66,Cloud Services,90002,UPI,DEV-09-3,iPhone,Pune,13,5,1,5.72,33,3534.85,2168.86,30,41,157,0,0,0,0.0,0,
TXN09-00230,9,2026-05-16 14:23:29,7041.32,Cloud Services,90003,Card,DEV-09-3,iPhone,Pune,14,5,1,40.07,34,3522.61,2171.99,10,42,158,0,0,0,0.0,0,
TXN09-00231,9,2026-05-16 14:37:29,4515.42,Software,90006,UPI,DEV-09-4,iPhone,Pune,14,5,1,14.0,35,3537.91,2179.59,21,6,159,0,0,0,0.0,0,
TXN09-00232,9,2026-05-16 14:48:18,3010.81,Software,90016,Card,DEV-09-2,Web,Goa,14,5,1,10.82,36,3542.14,2175.82,8,76,40,0,0,0,359.3,0,
TXN09-00233,9,2026-05-16 15:04:18,1496.72,Software,90016,Card,DEV-09-3,iPhone,Goa,15,5,1,16.0,37,3539.85,2171.4,9,43,41,0,0,0,0.0,0,
TXN09-00234,9,2026-05-16 15:41:41,4368.74,Restaurants,90009,UPI,DEV-09-1,iPhone,Goa,15,5,1,37.38,38,3531.08,2170.85,10,108,42,0,0,0,0.0,0,
TXN09-00235,9,2026-05-16 15:50:28,1677.84,Restaurants,90001,UPI,DEV-09-1,iPhone,Goa,15,5,1,8.78,39,3534.66,2166.9,19,109,43,0,0,0,0.0,0,
TXN09-00236,9,2026-05-16 16:00:59,6375.69,Cloud Services,90003,UPI,DEV-09-1,iPhone,Pune,16,5,1,10.52,40,3526.76,2165.66,11,110,160,0,0,0,359.3,0,
TXN09-00237,9,2026-05-16 16:26:37,5274.29,Software,90018,UPI,DEV-09-2,Web,Pune,16,5,1,25.63,41,3538.83,2168.97,6,77,161,0,0,0,0.0,0,
TXN09-00238,9,2026-05-16 17:20:56,4231.62,Coffee,90004,UPI,DEV-09-1,iPhone,Pune,17,5,1,54.32,42,3546.15,2167.31,42,111,162,0,0,0,0.0,0,
TXN09-00239,9,2026-05-16 17:30:24,6915.53,Coffee,90019,UPI,DEV-09-2,Web,Pune,17,5,1,9.47,43,3549.03,2163.21,13,78,163,0,0,0,0.0,0,
TXN09-00240,9,2026-05-16 17:36:46,873.4,Restaurants,90005,Card,DEV-09-3,iPhone,Bangalore,17,5,1,6.37,44,3563.12,2169.59,11,44,30,0,0,0,735.23,0,
TXN09-00241,9,2026-05-16 17:37:16,610.93,Restaurants,90009,Card,DEV-09-1,iPhone,Pune,17,5,1,0.5,45,3551.91,2171.99,11,112,164,0,0,0,735.23,0,
TXN09-00242,9,2026-05-16 17:45:04,2576.81,Coffee,90180,Card,DEV-09-1,iPhone,Pune,17,5,1,7.8,46,3539.71,2175.7,1,113,165,0,0,1,0.0,1,ato_new_merchant_same_category
TXN09-00243,9,2026-05-16 17:45:43,6174.23,Coffee,90004,Card,DEV-09-3,iPhone,Goa,17,5,1,0.65,47,3535.73,2172.08,43,45,44,0,0,0,359.3,0,
TXN09-00244,9,2026-05-16 17:48:17,2489.87,Software,90014,UPI,DEV-09-1,iPhone,Pune,17,5,1,2.57,48,3546.59,2174.18,8,114,166,0,0,0,359.3,0,
TXN09-00245,9,2026-05-16 18:19:08,4133.4,Cloud Services,90002,UPI,DEV-09-1,iPhone,Pune,18,5,1,30.85,49,3542.26,2170.77,31,115,167,0,0,0,0.0,0,
TXN09-00246,9,2026-05-16 18:29:40,3207.98,Coffee,90019,UPI,DEV-09-4,iPhone,Bangalore,18,5,1,10.53,50,3544.67,2166.66,14,7,31,0,0,0,735.23,0,
TXN09-00247,9,2026-05-16 18:31:25,5515.49,Restaurants,90005,Card,DEV-09-1,iPhone,Pune,18,5,1,1.75,51,3543.3,2162.36,12,116,168,0,0,0,735.23,0,
TXN09-00248,9,2026-05-16 18:40:24,1587.36,Restaurants,90009,UPI,DEV-09-1,iPhone,Pune,18,5,1,8.98,52,3551.29,2161.61,12,117,169,0,0,0,0.0,0,
TXN09-00249,9,2026-05-16 19:22:45,8000.0,Coffee,90004,UPI,DEV-09-4,iPhone,Pune,19,5,1,42.35,53,3543.37,2160.84,44,8,170,0,0,0,0.0,0,
TXN09-00250,9,2026-05-16 19:27:46,8000.0,Cloud Services,90002,UPI,DEV-09-2,Web,Pune,19,5,1,5.02,54,3561.27,2174.83,32,79,171,0,0,0,0.0,0,
TXN09-00251,9,2026-05-16 19:30:46,4951.09,Restaurants,90001,UPI,DEV-09-2,Web,Goa,19,5,1,3.0,55,3579.02,2188.49,20,80,45,0,0,0,359.3,1,ato_short_gap_higher_amount
TXN09-00252,9,2026-05-16 19:57:01,1800.52,Restaurants,90001,UPI,DEV-09-2,Web,Pune,19,5,1,26.25,56,3584.49,2185.83,21,81,172,0,0,0,359.3,0,
TXN09-00253,9,2026-05-16 20:00:17,2943.86,Cloud Services,90002,Card,DEV-09-1,iPhone,Pune,20,5,1,3.27,57,3577.41,2184.37,33,118,173,0,0,0,0.0,0,
TXN09-00254,9,2026-05-16 20:33:04,3205.87,Restaurants,90001,UPI,DEV-09-1,iPhone,Pune,20,5,1,32.78,58,3574.9,2180.41,22,119,174,0,0,0,0.0,0,
TXN09-00255,9,2026-05-16 20:33:46,1327.37,Coffee,90004,UPI,DEV-09-1,iPhone,Pune,20,5,1,0.7,59,3573.45,2176.24,45,120,175,0,0,0,0.0,0,
TXN09-00256,9,2026-05-16 20:33:50,2709.2,Coffee,90004,Card,DEV-09-1,iPhone,Goa,20,5,1,0.07,60,3564.64,2176.5,46,121,46,0,0,0,359.3,0,
TXN09-00257,9,2026-05-16 20:34:26,3000.55,Coffee,90020,Card,DEV-09-1,iPhone,Pune,20,5,1,0.6,61,3561.3,2172.9,7,122,176,0,0,0,359.3,0,
TXN09-00258,9,2026-05-16 21:00:29,6489.44,Coffee,90004,UPI,DEV-09-4,iPhone,Bangalore,21,5,1,26.05,62,3559.12,2168.95,47,9,32,0,0,0,735.23,0,
TXN09-00259,9,2026-05-16 21:09:54,2996.29,Software,90016,UPI,DEV-09-1,iPhone,Pune,21,5,1,9.42,63,3570.48,2172.39,10,123,177,0,0,0,735.23,0,
TXN09-00260,9,2026-05-16 21:13:54,587.09,Restaurants,90001,Card,DEV-09-1,iPhone,Goa,21,5,1,4.0,64,3568.26,2168.48,23,124,47,0,0,0,359.3,0,
TXN09-00261,9,2026-05-16 21:14:51,8000.0,Coffee,90020,UPI,DEV-09-1,iPhone,Pune,21,5,1,0.95,65,3556.79,2172.16,8,125,178,0,0,0,359.3,0,
TXN09-00262,9,2026-05-16 21:25:24,3626.51,Software,90007,UPI,DEV-09-3,iPhone,Pune,21,5,1,10.55,66,3573.82,2185.3,13,46,179,0,0,0,0.0,0,
TXN09-00263,9,2026-05-16 21:32:13,3453.95,Coffee,90021,Card,DEV-09-1,iPhone,Bangalore,21,5,1,6.82,67,3574.02,2181.13,3,126,33,0,0,0,735.23,0,
TXN09-00264,9,2026-05-16 21:50:11,2357.46,Cloud Services,90010,UPI,DEV-09-1,iPhone,Bangalore,21,5,1,17.97,68,3573.56,2176.99,8,127,34,0,0,0,0.0,0,
TXN09-00265,9,2026-05-16 22:09:46,4953.89,Software,90006,Card,DEV-09-1,iPhone,Pune,22,5,1,19.58,69,3568.96,2174.15,22,128,180,0,0,0,735.23,0,
TXN09-00266,9,2026-05-16 22:36:36,3117.54,Restaurants,90009,Card,DEV-09-3,iPhone,Pune,22,5,1,26.83,70,3574.18,2171.7,13,47,181,0,0,0,0.0,0,
TXN09-00267,9,2026-05-16 23:03:10,3873.85,Software,90007,UPI,DEV-09-2,Web,Goa,23,5,1,26.57,71,3572.47,2167.8,14,82,48,0,0,0,359.3,0,
TXN09-00268,9,2026-05-16 23:24:38,8000.0,Cloud Services,90010,UPI,DEV-09-2,Web,Pune,23,5,1,21.47,72,3573.59,2163.81,9,83,182,0,0,0,359.3,0,
TXN09-00269,9,2026-05-16 23:32:07,6142.35,Restaurants,90009,Card,DEV-09-4,iPhone,Pune,23,5,1,7.48,73,3590.11,2176.57,14,10,183,0,0,0,0.0,0,
TXN09-00270,9,2026-05-17 08:40:21,3901.94,Software,90014,UPI,DEV-09-2,Web,Pune,8,6,1,548.23,1,3599.6,2178.07,9,84,184,0,0,0,0.0,0,
TXN09-00271,9,2026-05-17 08:40:59,4527.87,Restaurants,90009,Card,DEV-09-1,iPhone,Pune,8,6,1,0.63,2,3600.72,2174.11,15,129,185,0,0,0,0.0,0,
TXN09-00272,9,2026-05-17 08:45:58,3377.21,Restaurants,90017,UPI,DEV-09-4,iPhone,Pune,8,6,1,4.98,3,3604.14,2170.82,4,11,186,0,0,0,0.0,0,
TXN09-00273,9,2026-05-17 08:47:17,7570.45,Cloud Services,90003,Card,DEV-09-3,iPhone,Pune,8,6,1,1.32,4,3603.31,2166.87,12,48,187,0,0,0,0.0,0,
TXN09-00274,9,2026-05-17 08:59:52,6391.7,Coffee,90020,UPI,DEV-09-2,Web,Pune,8,6,1,12.58,5,3617.84,2176.13,9,85,188,0,0,0,0.0,0,
TXN09-00275,9,2026-05-17 09:26:52,3038.62,Restaurants,90013,Card,DEV-09-1,iPhone,Pune,9,6,1,27.0,6,3627.96,2178.59,5,130,189,0,0,0,0.0,0,
TXN09-00276,9,2026-05-17 09:38:37,720.71,Coffee,90020,Card,DEV-09-1,iPhone,Pune,9,6,1,11.75,7,3625.82,2174.91,10,131,190,0,0,0,0.0,0,
TXN09-00277,9,2026-05-17 09:42:21,6860.48,Cloud Services,90015,UPI,DEV-09-3,iPhone,Goa,9,6,1,3.73,8,3615.29,2177.98,4,49,49,0,0,0,359.3,0,
TXN09-00278,9,2026-05-17 09:45:01,428.7,Coffee,90021,Card,DEV-09-1,iPhone,Pune,9,6,1,2.67,9,3627.01,2182.74,4,132,191,0,0,0,359.3,0,
TXN09-00279,9,2026-05-17 09:47:53,1898.3,Coffee,90004,Card,DEV-09-2,Web,Pune,9,6,1,2.87,10,3615.5,2187.2,48,86,192,0,0,0,0.0,0,
TXN09-00280,9,2026-05-17 09:49:44,1537.81,Restaurants,90005,UPI,DEV-09-2,Web,Pune,9,6,1,1.85,11,3609.35,2185.69,13,87,193,0,0,0,0.0,0,
TXN09-00281,9,2026-05-17 10:18:28,3836.72,Software,90006,Card,DEV-09-1,iPhone,Pune,10,6,1,28.73,12,3601.95,2185.28,23,133,194,0,0,0,0.0,0,
TXN09-00282,9,2026-05-17 10:25:13,4291.95,Coffee,90004,Card,DEV-09-1,iPhone,Pune,10,6,1,6.75,13,3602.79,2181.43,49,134,195,0,0,0,0.0,0,
TXN09-00283,9,2026-05-17 11:03:47,456.1,Software,90006,Card,DEV-09-2,Web,Pune,11,6,1,38.57,14,3605.23,2177.95,24,88,196,0,0,0,0.0,0,
TXN09-00284,9,2026-05-17 11:20:45,8000.0,Software,90007,UPI,DEV-09-3,iPhone,Pune,11,6,1,16.97,15,3594.1,2182.11,15,50,197,0,0,0,0.0,0,
TXN09-00285,9,2026-05-17 11:28:15,553.05,Restaurants,90008,UPI,DEV-09-4,iPhone,Pune,11,6,1,7.5,16,3609.62,2193.85,8,12,198,0,0,0,0.0,0,
TXN09-00286,9,2026-05-17 11:29:01,1089.46,Software,90007,Card,DEV-09-3,iPhone,Goa,11,6,1,0.77,17,3598.89,2197.44,16,51,50,0,0,0,359.3,0,
TXN09-00287,9,2026-05-17 11:33:08,2360.45,Software,90006,Card,DEV-09-2,Web,Bangalore,11,6,1,4.12,18,3590.12,2198.59,25,89,35,0,0,0,454.99,0,
TXN09-00288,9,2026-05-17 13:03:43,4612.55,Restaurants,90001,Card,DEV-09-1,iPhone,Bangalore,13,6,1,90.58,19,3585.83,2195.95,24,135,36,0,0,0,0.0,0,
TXN09-00289,9,2026-05-17 13:05:48,1999.21,Software,90018,UPI,DEV-09-3,iPhone,Pune,13,6,1,2.08,20,3589.4,2192.97,7,52,199,0,0,0,735.23,0,
TXN09-00290,9,2026-05-17 13:09:51,4116.28,Software,90006,Card,DEV-09-2,Web,Pune,13,6,1,4.05,21,3583.89,2191.16,26,90,200,0,0,0,0.0,0,
TXN09-00291,9,2026-05-17 13:34:29,5558.26,Coffee,90023,UPI,DEV-09-2,Web,Pune,13,6,1,24.63,22,3585.73,2187.6,1,91,201,0,0,1,0.0,0,
TXN09-00292,9,2026-05-17 13:45:50,1402.61,Coffee,90019,UPI,DEV-09-2,Web,Pune,13,6,1,11.35,23,3592.51,2186.89,15,92,202,0,0,0,0.0,0,
TXN09-00293,9,2026-05-17 13:55:54,2855.12,Coffee,90004,Card,DEV-09-1,iPhone,Pune,13,6,1,10.07,24,3585.01,2186.89,50,136,203,0,0,0,0.0,0,
TXN09-00294,9,2026-05-17 13:59:37,1410.42,Coffee,90004,UPI,DEV-09-1,iPhone,Pune,13,6,1,3.72,25,3582.52,2183.57,51,137,204,0,0,0,0.0,0,
TXN09-00295,9,2026-05-17 14:00:37,5841.47,Coffee,90021,UPI,DEV-09-3,iPhone,Pune,14,6,1,1.0,26,3575.13,2183.52,5,53,205,0,0,0,0.0,0,
TXN09-00296,9,2026-05-17 14:05:12,6192.83,Software,90018,Card,DEV-09-1,iPhone,Pune,14,6,1,4.58,27,3582.81,2183.79,8,138,206,0,0,0,0.0,0,
TXN09-00297,9,2026-05-17 14:08:52,1541.15,Software,90006,UPI,DEV-09-3,iPhone,Goa,14,6,1,3.67,28,3591.63,2185.35,27,54,51,0,0,0,359.3,0,
TXN09-00298,9,2026-05-17 14:29:34,2633.73,Cloud Services,90011,Card,DEV-09-2,Web,Pune,14,6,1,20.7,29,3584.73,2184.9,8,93,207,0,0,0,359.3,0,
TXN09-00299,9,2026-05-17 14:35:32,2767.7,Cloud Services,90010,UPI,DEV-09-2,Web,Pune,14,6,1,5.97,30,3581.53,2181.92,10,94,208,0,0,0,0.0,0,
TXN09-00300,9,2026-05-17 14:43:06,1994.52,Coffee,90022,UPI,DEV-09-4,iPhone,Bangalore,14,6,1,7.57,31,3578.81,2178.78,2,13,37,0,0,0,735.23,0,
TXN09-00301,9,2026-05-17 15:08:07,789.6,Software,90007,UPI,DEV-09-1,iPhone,Goa,15,6,1,25.02,32,3573.53,2177.06,17,139,52,0,0,0,454.99,0,
TXN09-00302,9,2026-05-17 15:13:12,2276.08,Cloud Services,90010,UPI,DEV-09-1,iPhone,Pune,15,6,1,5.08,33,3564.28,2179.34,11,140,209,0,0,0,359.3,0,
TXN09-00303,9,2026-05-17 15:13:32,2330.79,Software,90007,Card,DEV-09-1,iPhone,Pune,15,6,1,0.33,34,3560.02,2176.98,18,141,210,0,0,0,0.0,0,
TXN09-00304,9,2026-05-17 15:14:30,1896.31,Coffee,90004,UPI,DEV-09-3,iPhone,Goa,15,6,1,0.97,35,3555.96,2174.53,52,55,53,0,0,0,359.3,0,
TXN09-00305,9,2026-05-17 15:25:00,1087.98,Restaurants,90001,Card,DEV-09-3,iPhone,Goa,15,6,1,10.5,36,3550.5,2173.03,25,56,54,0,0,0,0.0,0,
TXN09-00306,9,2026-05-17 15:26:04,1413.59,Cloud Services,90002,UPI,DEV-09-1,iPhone,Pune,15,6,1,1.07,37,3542.43,2174.03,34,142,211,0,0,0,359.3,0,
TXN09-00307,9,2026-05-17 15:26:11,4560.16,Restaurants,90017,UPI,DEV-09-2,Web,Goa,15,6,1,0.12,38,3535.47,2173.87,5,95,55,0,0,0,359.3,0,
TXN09-00308,9,2026-05-17 15:36:16,7378.59,Coffee,90019,UPI,DEV-09-1,iPhone,Pune,15,6,1,10.08,39,3538.81,2171.11,16,143,212,0,0,0,359.3,0,
TXN09-00309,9,2026-05-17 15:38:00,983.04,Restaurants,90001,Card,DEV-09-4,iPhone,Pune,15,6,1,1.73,40,3551.27,2178.56,26,14,213,0,0,0,0.0,0,
TXN09-00310,9,2026-05-17 15:49:45,1082.78,Restaurants,90005,UPI,DEV-09-1,iPhone,Pune,15,6,1,11.75,41,3542.96,2179.92,14,144,214,0,0,0,0.0,0,
TXN09-00311,9,2026-05-17 16:01:40,973.48,Coffee,90021,Card,DEV-09-1,iPhone,Pune,16,6,1,11.92,42,3535.03,2180.87,6,145,215,0,0,0,0.0,0,
TXN09-00312,9,2026-05-17 16:25:48,1642.48,Restaurants,90013,UPI,DEV-09-1,iPhone,Pune,16,6,1,24.13,43,3526.79,2182.18,6,146,216,0,0,0,0.0,0,
TXN09-00313,9,2026-05-17 16:32:54,5556.08,Restaurants,90017,Card,DEV-09-3,iPhone,Pune,16,6,1,7.1,44,3520.75,2181.29,6,57,217,0,0,0,0.0,0,
TXN09-00314,9,2026-05-17 16:41:11,1509.56,Cloud Services,90002,Card,DEV-09-1,iPhone,Bangalore,16,6,1,8.28,45,3527.25,2180.83,35,147,38,0,0,0,735.23,0,
TXN09-00315,9,2026-05-17 16:41:29,2895.96,Restaurants,90008,Card,DEV-09-1,iPhone,Bangalore,16,6,1,0.3,46,3520.83,2180.32,9,148,39,0,0,0,0.0,0,
TXN09-00316,9,2026-05-17 16:54:02,3600.61,Software,90007,UPI,DEV-09-1,iPhone,Kochi,16,6,1,12.55,47,3518.84,2177.14,19,149,1,0,1,0,367.72,0,
TXN09-00317,9,2026-05-17 17:11:52,4240.43,Cloud Services,90010,Card,DEV-09-1,iPhone,Pune,17,6,1,17.83,48,3519.1,2173.69,12,150,218,0,0,0,989.71,0,
TXN09-00318,9,2026-05-17 17:49:10,1203.21,Restaurants,90005,UPI,DEV-09-4,iPhone,Bangalore,17,6,1,37.3,49,3521.38,2170.64,15,15,40,0,0,0,735.23,0,
TXN09-00319,9,2026-05-17 18:16:13,2356.49,Coffee,90004,Card,DEV-09-1,iPhone,Pune,18,6,1,27.05,50,3514.09,2171.11,53,151,219,0,0,0,735.23,0,
TXN09-00320,9,2026-05-17 18:17:27,1581.07,Restaurants,90012,Card,DEV-09-2,Web,Pune,18,6,1,1.23,51,3510.46,2168.67,7,96,220,0,0,0,0.0,0,
TXN09-00321,9,2026-05-17 18:43:09,4517.49,Cloud Services,90011,Card,DEV-09-2,Web,Goa,18,6,1,25.7,52,3504.43,2167.95,9,97,56,0,0,0,359.3,0,
TXN09-00322,9,2026-05-17 18:43:12,3424.06,Coffee,90020,Card,DEV-09-1,iPhone,Goa,18,6,1,0.05,53,3507.59,2165.31,11,152,57,0,0,0,0.0,0,
TXN09-00323,9,2026-05-17 19:14:20,1899.08,Cloud Services,90003,Card,DEV-09-2,Web,Bangalore,19,6,1,31.13,54,3507.33,2161.95,13,98,41,0,0,0,454.99,0,
TXN09-00324,9,2026-05-17 19:26:50,4142.93,Coffee,90004,Card,DEV-09-1,iPhone,Pune,19,6,1,12.5,55,3502.35,2160.45,54,153,221,0,0,0,735.23,0,
TXN09-00325,9,2026-05-17 19:38:04,3464.41,Cloud Services,90003,UPI,DEV-09-2,Web,Goa,19,6,1,11.23,56,3504.33,2157.4,14,99,58,0,0,0,359.3,0,
TXN09-00326,9,2026-05-17 19:47:48,1722.71,Restaurants,90001,UPI,DEV-09-1,iPhone,Goa,19,6,1,9.73,57,3504.2,2154.08,27,154,59,0,0,0,0.0,0,
TXN09-00327,9,2026-05-17 20:07:08,3430.6,Cloud Services,90002,Card,DEV-09-3,iPhone,Pune,20,6,1,19.33,58,3498.74,2153.03,36,58,222,0,0,0,359.3,0,
TXN09-00328,9,2026-05-17 20:27:19,1296.63,Cloud Services,90002,UPI,DEV-09-4,iPhone,Pune,20,6,1,20.18,59,3498.53,2149.74,37,16,223,0,0,0,0.0,0,
TXN09-00329,9,2026-05-17 20:43:09,1910.38,Coffee,90004,Card,DEV-09-1,iPhone,Goa,20,6,1,15.83,60,3491.82,2149.89,55,155,60,0,0,0,359.3,0,
TXN09-00330,9,2026-05-17 20:45:33,1890.74,Software,90016,Card,DEV-09-1,iPhone,Pune,20,6,1,2.4,61,3487.01,2148.39,11,156,224,0,0,0,359.3,0,
TXN09-00331,9,2026-05-17 20:47:22,4283.04,Cloud Services,90003,Card,DEV-09-3,iPhone,Bangalore,20,6,1,1.82,62,3482.17,2146.92,15,59,42,0,0,0,735.23,0,
TXN09-00332,9,2026-05-17 20:50:15,1624.43,Software,90006,Card,DEV-09-2,Web,Pune,20,6,1,2.88,63,3484.59,2144.13,28,100,225,0,0,0,735.23,0,
TXN09-00333,9,2026-05-17 21:13:44,4629.45,Restaurants,90008,Card,DEV-09-2,Web,Pune,21,6,1,23.48,64,3478.99,2143.32,10,101,226,0,0,0,0.0,0,
TXN09-00334,9,2026-05-17 21:18:05,4817.44,Cloud Services,90002,Card,DEV-09-2,Web,Pune,21,6,1,4.35,65,3482.44,2141.02,38,102,227,0,0,0,0.0,0,
TXN09-00335,9,2026-05-17 21:22:09,2356.08,Restaurants,90005,Card,DEV-09-1,iPhone,Surat,21,6,1,4.07,66,3486.44,2139.06,16,157,1,0,1,0,313.56,0,
TXN09-00336,9,2026-05-17 21:44:55,2544.76,Software,90014,Card,DEV-09-4,iPhone,Pune,21,6,1,22.77,67,3483.07,2136.76,10,17,228,0,0,0,313.56,0,
TXN09-00337,9,2026-05-17 21:51:52,6388.0,Software,90014,Card,DEV-09-3,iPhone,Pune,21,6,1,6.95,68,3480.27,2134.19,11,60,229,0,0,0,0.0,0,
TXN09-00338,9,2026-05-17 21:56:16,3922.1,Restaurants,90013,Card,DEV-UNK-8812,Android,Goa,21,6,1,4.4,69,3488.9,2136.88,7,1,61,1,0,0,359.3,1,ato_new_device
TXN09-00339,9,2026-05-17 21:56:32,6846.78,Coffee,90019,Card,DEV-09-1,iPhone,Bangalore,21,6,1,0.27,70,3490.18,2133.84,17,158,43,0,0,0,454.99,0,
TXN09-00340,9,2026-05-17 21:58:35,2067.23,Coffee,90004,UPI,DEV-09-4,iPhone,Pune,21,6,1,2.05,71,3500.09,2138.46,56,18,230,0,0,0,735.23,0,
TXN09-00341,9,2026-05-17 22:03:28,1293.26,Cloud Services,90002,UPI,DEV-09-4,iPhone,Goa,22,6,1,4.88,72,3495.87,2136.72,39,19,62,0,0,0,359.3,0,
TXN09-00342,9,2026-05-17 22:36:58,2467.05,Coffee,90004,Card,DEV-09-1,iPhone,Goa,22,6,1,33.5,73,3489.41,2136.91,57,159,63,0,0,0,0.0,0,
TXN09-00343,9,2026-05-17 22:41:13,3998.92,Software,90006,UPI,DEV-09-4,iPhone,Bangalore,22,6,1,4.25,74,3486.42,2134.49,29,20,44,0,0,0,454.99,0,
TXN09-00344,9,2026-05-17 22:43:11,3461.55,Coffee,90004,Card,DEV-09-1,iPhone,Goa,22,6,1,1.97,75,3487.92,2131.56,58,160,64,0,0,0,454.99,0,
TXN09-00345,9,2026-05-17 23:21:58,2697.24,Coffee,90024,Card,DEV-09-3,iPhone,Pune,23,6,1,38.78,76,3487.84,2128.46,1,61,231,0,0,1,359.3,0,
TXN09-00346,9,2026-05-17 23:49:11,3455.63,Cloud Services,90002,Card,DEV-09-1,iPhone,Pune,23,6,1,27.22,77,3485.55,2125.8,40,161,232,0,0,0,0.0,0,
TXN09-00347,9,2026-05-18 01:32:24,8000.0,Coffee,90169,UPI,DEV-09-3,iPhone,Pune,1,0,0,103.22,1,3485.46,2122.72,1,62,233,0,0,1,0.0,1,ato_new_merchant_same_category_odd_hour
TXN09-00348,9,2026-05-18 08:16:43,7704.2,Cloud Services,90002,Card,DEV-09-2,Web,Goa,8,0,0,404.32,2,3498.47,2133.43,41,103,65,0,0,0,359.3,0,
TXN09-00349,9,2026-05-18 08:25:01,5496.81,Restaurants,90001,UPI,DEV-09-1,iPhone,Pune,8,0,0,8.3,3,3510.56,2142.23,28,162,234,0,0,0,359.3,0,
TXN09-00350,9,2026-05-18 08:28:16,5154.05,Coffee,90004,Card,DEV-09-3,iPhone,Pune,8,0,0,3.25,4,3516.25,2141.79,59,63,235,0,0,0,0.0,0,
TXN09-00351,9,2026-05-18 08:36:32,4107.95,Software,90018,Card,DEV-09-2,Web,Pune,8,0,0,8.27,5,3520.93,2140.51,9,104,236,0,0,0,0.0,0,
TXN09-00352,9,2026-05-18 09:25:30,6608.25,Cloud Services,90003,UPI,DEV-09-4,iPhone,Pune,9,0,0,48.97,6,3522.6,2137.69,16,21,237,0,0,0,0.0,0,
TXN09-00353,9,2026-05-18 09:25:49,2309.49,Software,90006,UPI,DEV-09-1,iPhone,Pune,9,0,0,0.32,7,3531.37,2140.96,30,163,238,0,0,0,0.0,0,
TXN09-00354,9,2026-05-18 09:33:47,3056.92,Cloud Services,90003,UPI,DEV-09-3,iPhone,Pune,9,0,0,7.97,8,3527.91,2138.91,17,64,239,0,0,0,0.0,0,
TXN09-00355,9,2026-05-18 09:41:32,4221.48,Cloud Services,90002,UPI,DEV-09-2,Web,Pune,9,0,0,7.75,9,3526.57,2136.03,42,105,240,0,0,0,0.0,0,
TXN09-00356,9,2026-05-18 09:44:51,2529.45,Cloud Services,90002,Card,DEV-09-1,iPhone,Pune,9,0,0,3.32,10,3528.53,2133.34,43,164,241,0,0,0,0.0,0,
TXN09-00357,9,2026-05-18 09:48:08,2625.1,Coffee,90022,UPI,DEV-09-1,iPhone,Pune,9,0,0,3.28,11,3525.73,2131.0,3,165,242,0,0,0,0.0,0,
TXN09-00358,9,2026-05-18 10:02:02,4983.11,Coffee,90004,UPI,DEV-09-2,Web,Pune,10,0,0,13.9,12,3523.2,2128.55,60,106,243,0,0,0,0.0,0,
TXN09-00359,9,2026-05-18 10:04:01,1525.37,Cloud Services,90011,UPI,DEV-09-4,iPhone,Bangalore,10,0,0,1.98,13,3527.28,2126.97,10,22,45,0,0,0,735.23,0,
TXN09-00360,9,2026-05-18 10:10:25,978.89,Restaurants,90001,UPI,DEV-09-5,Android,Pune,10,0,0,6.4,14,3521.7,2126.62,29,2,244,0,0,0,735.23,0,
TXN09-00361,9,2026-05-18 10:42:59,4255.65,Cloud Services,90002,UPI,DEV-09-5,Android,Pune,10,0,0,32.57,15,3514.64,2127.88,44,3,245,0,0,0,0.0,0,
TXN09-00362,9,2026-05-18 10:48:54,1370.5,Cloud Services,90002,Card,DEV-09-3,iPhone,Pune,10,0,0,5.92,16,3516.69,2125.29,45,65,246,0,0,0,0.0,0,
TXN09-00363,9,2026-05-18 11:02:14,7092.79,Coffee,90023,UPI,DEV-09-2,Web,Goa,11,0,0,13.33,17,3510.77,2125.34,2,107,66,0,0,0,359.3,0,
TXN09-00364,9,2026-05-18 11:10:13,8000.0,Software,90006,Card,DEV-09-3,iPhone,Pune,11,0,0,7.98,18,3520.63,2130.69,31,66,247,0,0,0,359.3,0,
TXN09-00365,9,2026-05-18 11:12:06,2889.86,Coffee,90021,UPI,DEV-09-1,iPhone,Pune,11,0,0,1.88,19,3532.94,2140.64,7,166,248,0,0,0,0.0,0,
TXN09-00366,9,2026-05-18 11:28:30,994.08,Software,90018,UPI,DEV-09-2,Web,Pune,11,0,0,16.4,20,3531.18,2137.97,10,108,249,0,0,0,0.0,0,
TXN09-00367,9,2026-05-18 12:10:16,1529.56,Coffee,90004,Card,DEV-09-5,Android,Pune,12,0,0,41.77,21,3524.25,2139.15,61,4,250,0,0,0,0.0,0,
TXN09-00368,9,2026-05-18 12:47:55,3527.94,Coffee,90023,UPI,DEV-09-1,iPhone,Pune,12,0,0,37.65,22,3518.81,2138.77,3,167,251,0,0,0,0.0,0,
TXN09-00369,9,2026-05-18 13:01:12,1278.51,Coffee,90021,UPI,DEV-09-2,Web,Pune,13,0,0,13.28,23,3518.83,2135.86,8,109,252,0,0,0,0.0,0,
TXN09-00370,9,2026-05-18 13:03:57,8000.0,Coffee,90004,UPI,DEV-09-1,iPhone,Pune,13,0,0,2.75,24,3512.76,2136.14,62,168,253,0,0,0,0.0,0,
TXN09-00371,9,2026-05-18 13:20:03,2715.24,Coffee,90004,Card,DEV-09-4,iPhone,Pune,13,0,0,16.1,25,3524.89,2145.94,63,23,254,0,0,0,0.0,0,
TXN09-00372,9,2026-05-18 13:27:26,3461.88,Cloud Services,90002,Card,DEV-09-1,iPhone,Pune,13,0,0,7.38,26,3522.71,2143.45,46,169,255,0,0,0,0.0,0,
TXN09-00373,9,2026-05-18 13:52:22,3807.92,Coffee,90020,UPI,DEV-09-3,iPhone,Pune,13,0,0,24.93,27,3522.55,2140.57,12,67,256,0,0,0,0.0,0,
TXN09-00374,9,2026-05-18 14:43:24,4378.88,Software,90006,UPI,DEV-09-2,Web,Pune,14,0,0,51.03,28,3523.31,2137.75,32,110,257,0,0,0,0.0,0,
TXN09-00375,9,2026-05-18 14:45:36,4279.01,Coffee,90021,UPI,DEV-09-2,Web,Pune,14,0,0,2.2,29,3525.6,2135.35,9,111,258,0,0,0,0.0,0,
TXN09-00376,9,2026-05-18 14:53:14,2888.12,Cloud Services,90002,Card,DEV-09-3,iPhone,Goa,14,0,0,7.63,30,3527.61,2132.85,47,68,67,0,0,0,359.3,0,
TXN09-00377,9,2026-05-18 15:10:46,2590.07,Restaurants,90013,UPI,DEV-09-1,iPhone,Pune,15,0,0,17.53,31,3525.91,2130.27,8,170,259,0,0,0,359.3,0,
TXN09-00378,9,2026-05-18 15:12:46,5052.66,Software,90006,UPI,DEV-09-1,iPhone,Pune,15,0,0,2.0,32,3523.42,2127.99,33,171,260,0,0,0,0.0,1,ato_higher_amount_short_gap
TXN09-00379,9,2026-05-18 15:16:03,2070.52,Cloud Services,90011,UPI,DEV-09-2,Web,Pune,15,0,0,3.28,33,3527.47,2126.62,11,112,261,0,0,0,0.0,0,
TXN09-00380,9,2026-05-18 15:41:23,4641.62,Cloud Services,90011,UPI,DEV-09-2,Web,Pune,15,0,0,25.33,34,3523.63,2125.13,12,113,262,0,0,0,0.0,0,
TXN09-00381,9,2026-05-18 15:51:15,2919.94,Cloud Services,90002,UPI,DEV-09-3,iPhone,Pune,15,0,0,9.87,35,3526.57,2123.1,48,69,263,0,0,0,0.0,0,
TXN09-00382,9,2026-05-18 16:13:59,1832.62,Software,90014,Card,DEV-09-1,iPhone,Pune,16,0,0,22.73,36,3524.98,2120.54,12,172,264,0,0,0,0.0,0,
TXN09-00383,9,2026-05-18 16:21:11,1358.89,Restaurants,90001,UPI,DEV-09-1,iPhone,Pune,16,0,0,7.2,37,3520.55,2119.53,30,173,265,0,0,0,0.0,0,
TXN09-00384,9,2026-05-18 16:36:07,4253.7,Software,90007,Card,DEV-09-3,iPhone,Pune,16,0,0,14.93,38,3514.9,2119.63,20,70,266,0,0,0,0.0,0,
TXN09-00385,9,2026-05-18 16:51:24,2687.71,Software,90014,Card,DEV-09-2,Web,Surat,16,0,0,15.28,39,3516.82,2117.21,13,114,2,0,0,0,313.56,0,
TXN09-00386,9,2026-05-18 16:52:48,2342.99,Software,90006,UPI,DEV-09-1,iPhone,Pune,16,0,0,1.4,40,3514.67,2114.88,34,174,267,0,0,0,313.56,0,
TXN09-00387,9,2026-05-18 17:15:12,1000.34,Software,90006,UPI,DEV-09-4,iPhone,Pune,17,0,0,22.4,41,3511.64,2112.97,35,24,268,0,0,0,0.0,0,
TXN09-00388,9,2026-05-18 17:22:23,4431.44,Restaurants,90001,Card,DEV-09-1,iPhone,Pune,17,0,0,7.18,42,3505.15,2114.09,31,175,269,0,0,0,0.0,0,
TXN09-00389,9,2026-05-18 17:23:50,4980.86,Cloud Services,90002,UPI,DEV-09-1,iPhone,Pune,17,0,0,1.45,43,3507.53,2111.89,49,176,270,0,0,0,0.0,0,
TXN09-00390,9,2026-05-18 17:30:43,2189.36,Coffee,90025,UPI,DEV-09-5,Android,Bangalore,17,0,0,6.88,44,3511.32,2110.49,1,5,46,0,0,1,735.23,0,
TXN09-00391,9,2026-05-18 17:32:26,443.08,Software,90007,Card,DEV-09-5,Android,Bangalore,17,0,0,1.72,45,3507.93,2108.84,21,6,47,0,0,0,0.0,0,
TXN09-00392,9,2026-05-18 17:39:59,2105.39,Software,90006,UPI,DEV-09-3,iPhone,Pune,17,0,0,7.55,46,3500.09,2111.82,36,71,271,0,0,0,735.23,0,
TXN09-00393,9,2026-05-18 17:55:07,2466.8,Software,90007,UPI,DEV-09-1,iPhone,Bangalore,17,0,0,15.13,47,3496.54,2110.3,22,177,48,0,0,0,735.23,0,
TXN09-00394,9,2026-05-18 17:55:49,3865.45,Cloud Services,90003,Card,DEV-09-1,iPhone,Goa,17,0,0,0.7,48,3493.92,2108.25,18,178,68,0,0,0,454.99,0,
TXN09-00395,9,2026-05-18 18:17:37,8000.0,Cloud Services,90002,UPI,DEV-09-1,iPhone,Pune,18,0,0,21.8,49,3494.86,2105.66,50,179,272,0,0,0,359.3,0,
TXN09-00396,9,2026-05-18 18:27:38,2866.28,Restaurants,90005,UPI,DEV-09-2,Web,Pune,18,0,0,10.02,50,3506.26,2115.14,17,115,273,0,0,0,0.0,0,
TXN09-00397,9,2026-05-18 18:33:02,3046.69,Cloud Services,90002,UPI,DEV-09-1,iPhone,Pune,18,0,0,5.4,51,3504.65,2112.72,51,180,274,0,0,0,0.0,0,
TXN09-00398,9,2026-05-18 18:39:34,1222.2,Coffee,90019,UPI,DEV-09-3,iPhone,Bangalore,18,0,0,6.53,52,3503.49,2110.18,18,72,49,0,0,0,735.23,0,
TXN09-00399,9,2026-05-18 18:51:07,831.1,Cloud Services,90015,UPI,DEV-09-3,iPhone,Bangalore,18,0,0,11.55,53,3497.76,2110.62,5,73,50,0,0,0,0.0,0,
TXN09-00400,9,2026-05-18 19:18:58,3739.19,Cloud Services,90002,Card,DEV-09-3,iPhone,Goa,19,0,0,27.85,54,3491.08,2112.18,52,74,69,0,0,0,454.99,0,
TXN09-00401,9,2026-05-18 19:42:41,5184.59,Software,90014,Card,DEV-09-3,iPhone,Pune,19,0,0,23.72,55,3491.7,2109.58,14,75,275,0,0,0,359.3,0,
TXN09-00402,9,2026-05-18 19:46:56,4388.85,Software,90007,Card,DEV-09-2,Web,Bangalore,19,0,0,4.25,56,3495.92,2108.64,23,116,51,0,0,0,735.23,0,
TXN09-00403,9,2026-05-18 19:49:32,1675.8,Software,90018,Card,DEV-09-4,iPhone,Pune,19,0,0,2.6,57,3498.14,2106.48,11,25,276,0,0,0,735.23,0,
TXN09-00404,9,2026-05-18 20:06:50,4513.32,Restaurants,90008,Card,DEV-09-3,iPhone,Pune,20,0,0,17.3,58,3493.62,2105.82,11,76,277,0,0,0,0.0,0,
TXN09-00405,9,2026-05-18 20:19:53,3047.32,Restaurants,90026,UPI,DEV-09-2,Web,Pune,20,0,0,13.05,59,3496.14,2103.82,1,117,278,0,0,1,0.0,0,
TXN09-00406,9,2026-05-18 20:21:10,4362.78,Coffee,90024,Card,DEV-09-5,Android,Bangalore,20,0,0,1.28,60,3495.04,2101.34,2,7,52,0,0,0,735.23,0,
TXN09-00407,9,2026-05-18 20:31:41,3145.69,Cloud Services,90011,UPI,DEV-09-2,Web,Pune,20,0,0,10.52,61,3497.17,2099.19,13,118,279,0,0,0,735.23,0,
TXN09-00408,9,2026-05-18 21:00:46,4077.4,Coffee,90024,UPI,DEV-09-3,iPhone,Pune,21,0,0,29.08,62,3496.31,2096.68,3,77,280,0,0,0,0.0,0,
TXN09-00409,9,2026-05-18 21:02:11,2155.14,Software,90006,Card,DEV-09-5,Android,Goa,21,0,0,1.42,63,3497.73,2094.31,37,8,70,0,0,0,359.3,0,
TXN09-00410,9,2026-05-18 21:09:00,1811.9,Software,90006,UPI,DEV-09-2,Web,Pune,21,0,0,6.82,64,3494.45,2092.8,38,119,281,0,0,0,359.3,0,
TXN09-00411,9,2026-05-18 21:19:48,395.39,Cloud Services,90002,Card,DEV-09-3,iPhone,Pune,21,0,0,10.8,65,3490.35,2091.89,53,78,282,0,0,0,0.0,0,
TXN09-00412,9,2026-05-18 21:41:56,2970.02,Software,90016,UPI,DEV-09-3,iPhone,Goa,21,0,0,22.13,66,3482.82,2094.9,12,79,71,0,0,0,359.3,0,
TXN09-00413,9,2026-05-18 21:56:50,2105.39,Cloud Services,90003,Card,DEV-09-1,iPhone,Pune,21,0,0,14.9,67,3481.57,2092.51,19,181,283,0,0,0,359.3,0,
TXN09-00414,9,2026-05-18 22:22:39,4772.87,Cloud Services,90011,UPI,DEV-09-3,iPhone,Pune,22,0,0,25.82,68,3478.24,2091.07,14,80,284,0,0,0,0.0,0,
TXN09-00415,9,2026-05-18 22:27:16,3383.29,Software,90006,Card,DEV-09-2,Web,Goa,22,0,0,4.62,69,3481.37,2089.51,39,120,72,0,0,0,359.3,0,
TXN09-00416,9,2026-05-18 22:33:13,1228.13,Software,90007,UPI,DEV-09-1,iPhone,Pune,22,0,0,5.95,70,3481.13,2087.0,24,182,285,0,0,0,359.3,0,
TXN09-00417,9,2026-05-18 22:36:28,1631.3,Cloud Services,90027,Card,DEV-09-4,iPhone,Bangalore,22,0,0,3.25,71,3475.72,2087.4,1,26,53,0,0,1,735.23,0,
TXN09-00418,9,2026-05-18 23:03:39,5817.01,Software,90006,UPI,DEV-09-3,iPhone,Pune,23,0,0,27.18,72,3471.29,2086.85,40,81,286,0,0,0,735.23,0,
TXN09-00419,9,2026-05-18 23:15:22,5364.28,Software,90006,Card,DEV-09-2,Web,Pune,23,0,0,11.72,73,3476.9,2087.5,41,121,287,0,0,0,0.0,0,
TXN09-00420,9,2026-05-18 23:19:22,4108.84,Cloud Services,90003,UPI,DEV-09-2,Web,Goa,23,0,0,4.0,74,3481.41,2087.04,20,122,73,0,0,0,359.3,0,
TXN09-00421,9,2026-05-19 08:56:22,4883.81,Restaurants,90012,UPI,DEV-09-4,iPhone,Pune,8,1,0,577.0,1,3484.35,2089.48,8,27,288,0,0,0,359.3,0,
TXN09-00422,9,2026-05-19 09:23:47,6054.86,Software,90006,UPI,DEV-09-2,Web,Pune,9,1,0,27.42,2,3493.5,2091.0,42,123,289,0,0,0,0.0,0,
TXN09-00423,9,2026-05-19 09:37:47,1455.77,Restaurants,90009,Card,DEV-09-1,iPhone,Bangalore,9,1,0,14.0,3,3494.47,2092.6,16,183,54,0,0,0,735.23,0,
TXN09-00424,9,2026-05-19 12:57:37,588.58,Cloud Services,90002,UPI,DEV-09-1,iPhone,Bangalore,12,1,0,199.83,4,3479.07,2099.51,54,184,55,0,0,0,0.0,0,
TXN09-00425,9,2026-05-19 13:00:17,4379.53,Coffee,90004,Card,DEV-09-1,iPhone,Pune,13,1,0,2.67,5,3472.01,2101.79,64,185,290,0,0,0,735.23,0,
TXN09-00426,9,2026-05-19 13:07:04,1848.32,Cloud Services,90002,UPI,DEV-09-1,iPhone,Pune,13,1,0,6.78,6,3474.22,2099.7,55,186,291,0,0,0,0.0,0,
TXN09-00427,9,2026-05-19 13:56:57,6554.52,Cloud Services,90010,Card,DEV-09-1,iPhone,Bangalore,13,1,0,49.88,7,3457.94,2097.07,13,187,56,0,0,0,735.23,0,
TXN09-00428,9,2026-05-19 14:06:31,6609.67,Coffee,90024,UPI,DEV-09-1,iPhone,Pune,14,1,0,9.57,8,3469.33,2101.23,4,188,292,0,0,0,735.23,0,
TXN09-00429,9,2026-05-19 14:12:14,8000.0,Software,90016,Card,DEV-09-2,Web,Pune,14,1,0,5.72,9,3477.0,2104.39,13,124,293,0,0,0,0.0,0,
TXN09-00430,9,2026-05-19 14:59:23,1633.16,Cloud Services,90002,UPI,DEV-09-2,Web,Goa,14,1,0,47.15,10,3473.58,2105.82,56,125,74,0,0,0,359.3,0,
TXN09-00431,9,2026-05-19 16:04:55,2904.73,Coffee,90020,UPI,DEV-09-2,Web,Pune,16,1,0,65.53,11,3471.06,2111.62,13,126,294,0,0,0,359.3,0,
TXN09-00432,9,2026-05-19 16:12:53,320.6,Software,90018,Card,DEV-09-2,Web,Pune,16,1,0,7.97,12,3471.55,2113.36,12,127,295,0,0,0,0.0,0,
TXN09-00433,9,2026-05-19 16:34:23,4579.5,Coffee,90004,UPI,DEV-09-2,Web,Pune,16,1,0,21.5,13,3468.24,2117.25,65,128,296,0,0,0,0.0,0,
TXN09-00434,9,2026-05-19 16:58:18,7207.36,Restaurants,90013,Card,DEV-09-2,Web,Bangalore,16,1,0,23.92,14,3466.02,2115.61,9,129,57,0,0,0,735.23,0,
TXN09-00435,9,2026-05-19 17:19:51,1572.22,Coffee,90025,Card,DEV-09-2,Web,Goa,17,1,0,21.55,15,3479.39,2122.13,2,130,75,0,0,0,454.99,0,
TXN09-00436,9,2026-05-19 17:33:25,6898.64,Cloud Services,90003,UPI,DEV-09-3,iPhone,Bangalore,17,1,0,13.57,16,3479.18,2122.31,21,82,58,0,0,0,454.99,0,
TXN09-00437,9,2026-05-19 17:47:08,1902.34,Coffee,90004,Card,DEV-09-2,Web,Pune,17,1,0,13.72,17,3487.63,2126.47,66,131,297,0,0,0,735.23,0,
TXN09-00438,9,2026-05-19 17:50:42,4265.12,Software,90007,UPI,DEV-09-1,iPhone,Pune,17,1,0,3.57,18,3483.72,2125.31,25,189,298,0,0,0,0.0,0,
TXN09-00439,9,2026-05-19 17:52:29,2310.43,Software,90014,Card,DEV-09-3,iPhone,Bangalore,17,1,0,1.78,19,3485.64,2123.05,15,83,59,0,0,0,735.23,0,
TXN09-00440,9,2026-05-19 18:17:24,3520.24,Cloud Services,90002,Card,DEV-09-1,iPhone,Pune,18,1,0,24.92,20,3483.66,2123.76,57,190,299,0,0,0,735.23,0,
TXN09-00441,9,2026-05-19 18:26:48,8000.0,Coffee,90025,Card,DEV-09-1,iPhone,Pune,18,1,0,9.4,21,3483.75,2121.16,3,191,300,0,0,0,0.0,0,
TXN09-00442,9,2026-05-19 18:35:31,1541.64,Software,90001,UPI,DEV-09-1,iPhone,Delhi,18,1,0,8.72,22,3494.79,2130.27,32,192,1,0,1,0,1179.48,1,hourly_location_hopping
TXN09-00443,9,2026-05-19 19:15:23,1520.85,Software,90007,Card,DEV-09-3,iPhone,Goa,19,1,0,39.87,23,3478.71,2125.54,26,84,76,0,0,0,1521.64,0,
TXN09-00444,9,2026-05-19 19:35:31,1512.23,Software,90001,UPI,DEV-09-1,iPhone,Chennai,19,1,0,20.13,24,3475.39,2127.54,33,193,1,0,1,0,706.92,1,hourly_location_hopping
TXN09-00445,9,2026-05-19 19:36:06,4936.71,Restaurants,90009,Card,DEV-09-5,Android,Goa,19,1,0,0.58,25,3470.58,2127.15,17,9,77,0,0,0,706.92,0,
TXN09-00446,9,2026-05-19 19:44:29,1665.3,Software,90006,UPI,DEV-09-2,Web,Pune,19,1,0,8.38,26,3476.67,2127.78,43,132,301,0,0,0,359.3,0,
TXN09-00447,9,2026-05-19 19:57:58,3187.45,Coffee,90021,UPI,DEV-09-1,iPhone,Pune,19,1,0,13.48,27,3473.78,2129.44,10,194,302,0,0,0,0.0,0,
TXN09-00448,9,2026-05-19 20:35:31,1356.05,Software,90001,UPI,DEV-09-1,iPhone,Kochi,20,1,0,37.55,28,3474.16,2127.8,34,195,2,0,0,0,989.71,1,hourly_location_hopping
TXN09-00449,9,2026-05-19 20:51:49,8000.0,Software,90006,Card,DEV-09-6,Web,Pune,20,1,0,16.3,29,3460.27,2123.21,44,1,303,1,0,0,989.71,0,
TXN09-00450,9,2026-05-19 22:01:50,2934.72,Restaurants,90008,Card,DEV-09-4,iPhone,Pune,22,1,0,70.02,30,3466.98,2133.23,12,28,304,0,0,0,0.0,0,
TXN09-00451,9,2026-05-20 03:07:59,7813.73,Software,90047,UPI,DEV-09-5,Android,Pune,3,2,0,306.15,1,3473.39,2140.05,1,10,305,0,0,1,0.0,1,ato_higher_amount_odd_hour
TXN09-00452,9,2026-05-20 08:01:27,8000.0,Software,90006,Card,DEV-09-2,Web,Pune,8,2,0,293.47,2,3484.21,2148.31,45,133,306,0,0,0,0.0,0,
TXN09-00453,9,2026-05-20 08:12:51,981.0,Cloud Services,90002,UPI,DEV-09-4,iPhone,Pune,8,2,0,11.4,3,3495.45,2157.4,58,29,307,0,0,0,0.0,0,
TXN09-00454,9,2026-05-20 08:21:42,2941.85,Coffee,90021,UPI,DEV-09-1,iPhone,Pune,8,2,0,8.85,4,3499.45,2158.74,11,196,308,0,0,0,0.0,0,
TXN09-00455,9,2026-05-20 09:27:51,5327.7,Software,90014,Card,DEV-09-3,iPhone,Goa,9,2,0,66.15,5,3504.81,2158.42,16,85,78,0,0,0,359.3,0,
TXN09-00456,9,2026-05-20 09:29:45,3340.15,Coffee,90021,UPI,DEV-09-6,Web,Pune,9,2,0,1.9,6,3509.36,2157.64,12,2,309,0,0,0,359.3,0,
TXN09-00457,9,2026-05-20 09:41:24,3142.79,Software,90007,Card,DEV-09-5,Android,Goa,9,2,0,11.65,7,3508.94,2154.97,27,11,79,0,0,0,359.3,0,
TXN09-00458,9,2026-05-20 09:48:44,1783.07,Coffee,90023,Card,DEV-09-2,Web,Goa,9,2,0,7.33,8,3496.85,2143.34,4,134,80,0,0,0,0.0,0,
TXN09-00459,9,2026-05-20 10:28:34,1797.99,Cloud Services,90002,UPI,DEV-09-1,iPhone,Goa,10,2,0,39.83,9,3492.6,2142.38,59,197,81,0,0,0,0.0,0,
TXN09-00460,9,2026-05-20 10:35:30,1727.21,Software,90006,UPI,DEV-09-2,Web,Pune,10,2,0,6.93,10,3488.41,2141.38,46,135,310,0,0,0,359.3,0,
TXN09-00461,9,2026-05-20 10:56:28,2061.95,Cloud Services,90002,UPI,DEV-09-1,iPhone,Pune,10,2,0,20.97,11,3486.59,2144.71,60,198,311,0,0,0,0.0,0,
TXN09-00462,9,2026-05-20 11:28:02,3404.93,Software,90006,Card,DEV-09-1,iPhone,Pune,11,2,0,31.57,12,3483.05,2143.22,47,199,312,0,0,0,0.0,0,
TXN09-00463,9,2026-05-20 11:46:00,1866.49,Restaurants,90001,UPI,DEV-09-5,Android,Pune,11,2,0,17.97,13,3484.44,2142.99,35,12,313,0,0,0,0.0,0,
TXN09-00464,9,2026-05-20 11:52:27,6063.28,Software,90014,Card,DEV-09-1,iPhone,Pune,11,2,0,6.45,14,3480.44,2141.85,17,200,314,0,0,0,0.0,0,
TXN09-00465,9,2026-05-20 12:16:08,3275.11,Restaurants,90001,UPI,DEV-09-1,iPhone,Pune,12,2,0,23.68,15,3486.64,2143.12,36,201,315,0,0,0,0.0,0,
TXN09-00466,9,2026-05-20 12:39:51,8000.0,Software,90007,UPI,DEV-09-2,Web,Pune,12,2,0,23.72,16,3487.84,2142.87,28,136,316,0,0,0,0.0,0,
TXN09-00467,9,2026-05-20 13:18:30,3205.64,Cloud Services,90015,Card,DEV-09-1,iPhone,Pune,13,2,0,38.65,17,3500.4,2154.45,6,202,317,0,0,0,0.0,0,
TXN09-00468,9,2026-05-20 13:25:58,1002.31,Cloud Services,90011,UPI,DEV-09-3,iPhone,Pune,13,2,0,7.47,18,3506.63,2149.96,15,86,318,0,0,0,0.0,0,
TXN09-00469,9,2026-05-20 13:35:34,3309.82,Cloud Services,90011,Card,DEV-09-4,iPhone,Pune,13,2,0,9.6,19,3499.96,2153.56,16,30,319,0,0,0,0.0,0,
TXN09-00470,9,2026-05-20 13:51:14,5626.83,Restaurants,90001,Card,DEV-09-1,iPhone,Pune,13,2,0,15.67,20,3503.77,2151.86,37,203,320,0,0,0,0.0,0,
TXN09-00471,9,2026-05-20 14:04:46,3915.09,Restaurants,90008,Card,DEV-09-1,iPhone,Pune,14,2,0,13.53,21,3509.04,2151.79,13,204,321,0,0,0,0.0,0,
TXN09-00472,9,2026-05-20 15:06:20,4484.75,Restaurants,90013,Card,DEV-09-4,iPhone,Goa,15,2,0,61.57,22,3500.76,2144.1,10,31,82,0,0,0,359.3,0,
TXN09-00473,9,2026-05-20 15:21:18,4896.23,Coffee,90021,Card,DEV-09-1,iPhone,Pune,15,2,0,14.97,23,3503.22,2141.99,13,205,322,0,0,0,359.3,0,
TXN09-00474,9,2026-05-20 15:26:45,4289.22,Cloud Services,90002,Card,DEV-09-1,iPhone,Pune,15,2,0,5.45,24,3506.69,2140.44,61,206,323,0,0,0,0.0,0,
TXN09-00475,9,2026-05-20 16:53:21,3270.3,Cloud Services,90002,Card,DEV-09-3,iPhone,Goa,16,2,0,86.6,25,3499.32,2142.85,62,87,83,0,0,0,359.3,0,
TXN09-00476,9,2026-05-20 16:56:26,3048.97,Software,90007,UPI,DEV-09-2,Web,Goa,16,2,0,3.08,26,3498.74,2140.16,29,137,84,0,0,0,0.0,0,
TXN09-00477,9,2026-05-20 16:59:37,2104.86,Software,90014,UPI,DEV-09-2,Web,Delhi,16,2,0,3.18,27,3497.6,2137.57,18,138,2,0,0,0,1521.64,0,
TXN09-00478,9,2026-05-20 17:55:07,1071.71,Coffee,90181,Card,DEV-09-8,Web,Goa,17,2,0,55.5,28,3513.95,2140.5,1,1,85,1,0,1,1521.64,1,ato_new_merchant_same_category
TXN09-00479,9,2026-05-20 18:23:05,4977.14,Cloud Services,90015,UPI,DEV-09-3,iPhone,Bangalore,18,2,0,27.97,29,3507.76,2146.26,7,88,60,0,0,0,454.99,0,
TXN09-00480,9,2026-05-20 18:27:07,821.4,Software,90006,UPI,DEV-09-4,iPhone,Pune,18,2,0,4.03,30,3511.53,2144.79,48,32,324,0,0,0,735.23,0,
TXN09-00481,9,2026-05-20 18:48:18,3762.67,Cloud Services,90002,Card,DEV-09-4,iPhone,Pune,18,2,0,21.18,31,3499.79,2146.95,63,33,325,0,0,0,0.0,0,
TXN09-00482,9,2026-05-20 18:50:52,451.62,Coffee,90019,UPI,DEV-09-5,Android,Bangalore,18,2,0,2.57,32,3500.46,2144.24,19,13,61,0,0,0,735.23,0,
TXN09-00483,9,2026-05-20 19:01:30,2335.19,Restaurants,90005,Card,DEV-09-1,iPhone,Pune,19,2,0,10.63,33,3492.68,2147.02,18,207,326,0,0,0,735.23,0,
TXN09-00484,9,2026-05-20 19:10:24,4322.05,Cloud Services,90010,UPI,DEV-UNK-6764,Android,Pune,19,2,0,8.9,34,3494.03,2146.13,14,1,327,1,0,0,0.0,1,ato_new_device_higher_amount
TXN09-00485,9,2026-05-20 19:20:08,2573.97,Coffee,90020,Card,DEV-09-2,Web,Pune,19,2,0,9.73,35,3496.14,2143.8,14,139,328,0,0,0,0.0,0,
TXN09-00486,9,2026-05-20 19:21:11,5732.16,Restaurants,90008,Card,DEV-09-4,iPhone,Pune,19,2,0,1.05,36,3493.8,2141.58,14,34,329,0,0,0,0.0,0,
TXN09-00487,9,2026-05-20 20:28:05,2035.15,Software,90006,Card,DEV-09-1,iPhone,Goa,20,2,0,66.9,37,3463.28,2122.86,49,208,86,0,0,0,359.3,0,
TXN09-00488,9,2026-05-20 21:03:36,4660.15,Coffee,90022,Card,DEV-09-3,iPhone,Pune,21,2,0,35.52,38,3458.76,2124.04,4,89,330,0,0,0,359.3,0,
TXN09-00489,9,2026-05-20 22:16:22,7270.1,Coffee,90004,UPI,DEV-09-2,Web,Pune,22,2,0,72.77,39,3472.14,2130.13,67,140,331,0,0,0,0.0,0,
TXN09-00490,9,2026-05-20 22:26:23,933.93,Cloud Services,90003,Card,DEV-09-3,iPhone,Bangalore,22,2,0,10.02,40,3482.03,2136.15,22,90,62,0,0,0,735.23,0,
TXN09-00491,9,2026-05-20 23:25:49,2571.29,Software,90007,Card,DEV-09-1,iPhone,Bangalore,23,2,0,59.43,41,3484.88,2142.89,30,209,63,0,0,0,0.0,0,
TXN09-00492,9,2026-05-20 23:59:53,2278.08,Cloud Services,90003,Card,DEV-09-5,Android,Pune,23,2,0,34.07,42,3488.28,2140.42,23,14,332,0,0,0,735.23,0,
TXN09-00493,9,2026-05-21 08:13:58,1488.14,Restaurants,90001,UPI,DEV-09-4,iPhone,Pune,8,3,0,494.08,1,3487.92,2145.58,38,35,333,0,0,0,0.0,0,
TXN09-00494,9,2026-05-21 08:28:45,1414.84,Restaurants,90001,Card,DEV-09-4,iPhone,Pune,8,3,0,14.78,2,3485.91,2147.09,39,36,334,0,0,0,0.0,0,
TXN09-00495,9,2026-05-21 08:42:16,2582.57,Software,90007,UPI,DEV-09-6,Web,Goa,8,3,0,13.52,3,3486.89,2146.06,31,3,87,0,0,0,359.3,0,
TXN09-00496,9,2026-05-21 08:58:19,1373.31,Restaurants,90013,UPI,DEV-09-2,Web,Pune,8,3,0,16.05,4,3475.14,2145.23,11,141,335,0,0,0,359.3,0,
TXN09-00497,9,2026-05-21 09:03:26,2873.39,Software,90006,Card,DEV-09-2,Web,Goa,9,3,0,5.12,5,3469.61,2145.11,50,142,88,0,0,0,359.3,0,
TXN09-00498,9,2026-05-21 09:13:18,5581.24,Software,90018,UPI,DEV-09-2,Web,Goa,9,3,0,9.87,6,3472.39,2143.65,13,143,89,0,0,0,0.0,0,
TXN09-00499,9,2026-05-21 09:16:55,6007.9,Restaurants,90001,UPI,DEV-09-1,iPhone,Pune,9,3,0,3.62,7,3477.92,2143.55,40,210,336,0,0,0,359.3,0,
TXN09-00500,9,2026-05-21 09:23:42,8000.0,Restaurants,90012,Card,DEV-09-1,iPhone,Bangalore,9,3,0,6.78,8,3491.95,2142.58,9,211,64,0,0,0,735.23,0,
TXN09-00501,9,2026-05-21 09:31:49,1302.27,Restaurants,90028,UPI,DEV-09-1,iPhone,Pune,9,3,0,8.12,9,3504.38,2154.93,1,212,337,0,0,1,735.23,0,
TXN09-00502,9,2026-05-21 09:40:25,1290.91,Cloud Services,90002,Card,DEV-09-3,iPhone,Pune,9,3,0,8.6,10,3498.61,2155.04,64,91,338,0,0,0,0.0,0,
TXN09-00503,9,2026-05-21 09:41:34,3822.32,Coffee,90020,UPI,DEV-09-1,iPhone,Pune,9,3,0,1.15,11,3492.85,2155.18,15,213,339,0,0,0,0.0,0,
TXN09-00504,9,2026-05-21 09:48:51,3823.52,Restaurants,90001,Card,DEV-09-3,iPhone,Bangalore,9,3,0,7.28,12,3493.71,2152.43,41,92,65,0,0,0,735.23,0,
TXN09-00505,9,2026-05-21 10:31:22,6064.26,Cloud Services,90002,UPI,DEV-09-2,Web,Goa,10,3,0,42.52,13,3495.54,2153.65,65,144,90,0,0,0,454.99,0,
TXN09-00506,9,2026-05-21 10:38:03,748.25,Software,90007,UPI,DEV-09-4,iPhone,Pune,10,3,0,6.68,14,3498.06,2156.1,32,37,340,0,0,0,359.3,0,
TXN09-00507,9,2026-05-21 10:50:27,6195.45,Coffee,90025,UPI,DEV-09-6,Web,Pune,10,3,0,12.4,15,3490.73,2160.65,4,4,341,0,0,0,0.0,0,
TXN09-00508,9,2026-05-21 11:13:57,2732.14,Restaurants,90008,Card,DEV-09-2,Web,Bangalore,11,3,0,23.5,16,3502.16,2163.35,15,145,66,0,0,0,735.23,0,
TXN09-00509,9,2026-05-21 11:31:02,1233.86,Restaurants,90001,UPI,DEV-09-6,Web,Pune,11,3,0,17.08,17,3491.74,2157.41,42,5,342,0,0,0,735.23,0,
TXN09-00510,9,2026-05-21 11:38:17,3890.19,International Transfer,90001,UPI,DEV-09-1,iPhone,Dubai,11,3,0,7.25,18,3485.86,2157.67,43,214,1,0,1,0,2054.4,1,intl_transfer
TXN09-00511,9,2026-05-21 11:56:07,936.63,Software,90007,Card,DEV-09-1,iPhone,Pune,11,3,0,17.83,19,3486.88,2160.03,33,215,343,0,0,0,2054.4,0,
TXN09-00512,9,2026-05-21 12:03:57,1021.07,Coffee,90019,UPI,DEV-09-1,iPhone,Goa,12,3,0,7.83,20,3480.23,2161.13,20,216,91,0,0,0,359.3,0,
TXN09-00513,9,2026-05-21 12:10:52,6746.6,Cloud Services,90027,Card,DEV-09-2,Web,Pune,12,3,0,6.92,21,3473.85,2161.94,2,146,344,0,0,0,359.3,0,
TXN09-00514,9,2026-05-21 12:15:28,5865.37,Software,90007,UPI,DEV-09-2,Web,Pune,12,3,0,4.6,22,3482.33,2165.54,34,147,345,0,0,0,0.0,0,
TXN09-00515,9,2026-05-21 12:28:34,1797.43,Coffee,90004,Card,DEV-09-2,Web,Pune,12,3,0,13.1,23,3488.3,2168.92,68,148,346,0,0,0,0.0,0,
TXN09-00516,9,2026-05-21 12:43:41,7588.67,Software,90006,Card,DEV-09-1,iPhone,Pune,12,3,0,15.12,24,3487.03,2171.11,51,217,347,0,0,0,0.0,0,
TXN09-00517,9,2026-05-21 12:43:59,1257.42,Restaurants,90005,UPI,DEV-09-6,Web,Bangalore,12,3,0,0.3,25,3497.69,2178.32,19,6,67,0,0,0,735.23,0,
TXN09-00518,9,2026-05-21 12:49:06,3694.61,Coffee,90020,Card,DEV-09-4,iPhone,Goa,12,3,0,5.12,26,3491.88,2178.47,16,38,92,0,0,0,454.99,0,
TXN09-00519,9,2026-05-21 13:10:58,1457.62,Cloud Services,90027,Card,DEV-09-4,iPhone,Pune,13,3,0,21.87,27,3492.41,2175.68,3,39,348,0,0,0,359.3,0,
TXN09-00520,9,2026-05-21 13:12:28,1759.52,Software,90014,UPI,DEV-09-4,iPhone,Pune,13,3,0,1.5,28,3487.16,2175.32,19,40,349,0,0,0,0.0,0,
TXN09-00521,9,2026-05-21 13:34:58,2069.71,Restaurants,90001,Card,DEV-09-1,iPhone,Pune,13,3,0,22.5,29,3481.52,2176.96,44,218,350,0,0,0,0.0,0,
TXN09-00522,9,2026-05-21 13:35:18,4016.93,Coffee,90019,Card,DEV-09-1,iPhone,Surat,13,3,0,0.33,30,3477.89,2175.33,21,219,3,0,0,0,313.56,0,
TXN09-00523,9,2026-05-21 13:42:00,4760.21,Restaurants,90001,UPI,DEV-09-1,iPhone,Pune,13,3,0,6.7,31,3479.27,2172.71,45,220,351,0,0,0,313.56,0,
TXN09-00524,9,2026-05-21 13:52:28,2974.76,Cloud Services,90003,Card,DEV-09-2,Web,Pune,13,3,0,10.47,32,3488.3,2170.7,24,149,352,0,0,0,0.0,0,
TXN09-00525,9,2026-05-21 14:06:00,3646.67,Coffee,90019,UPI,DEV-09-3,iPhone,Goa,14,3,0,13.53,33,3486.99,2168.08,22,93,93,0,0,0,359.3,0,
TXN09-00526,9,2026-05-21 14:15:57,11732.11,Cloud Services,90003,UPI,DEV-UNK-6562,Android,Bangalore,14,3,0,9.95,34,3489.57,2167.67,25,1,68,1,0,0,454.99,1,ato_new_device_higher_amount
TXN09-00527,9,2026-05-21 14:25:14,613.49,Cloud Services,90011,Card,DEV-09-5,Android,Pune,14,3,0,9.28,35,3510.59,2204.46,17,15,353,0,0,0,735.23,0,
TXN09-00528,9,2026-05-21 14:44:28,5057.19,Coffee,90022,UPI,DEV-09-2,Web,Goa,14,3,0,19.23,36,3503.22,2206.49,5,150,94,0,0,0,359.3,0,
TXN09-00529,9,2026-05-21 15:22:36,2585.97,Cloud Services,90010,UPI,DEV-09-3,iPhone,Pune,15,3,0,38.13,37,3514.61,2211.15,15,94,354,0,0,0,359.3,0,
TXN09-00530,9,2026-05-21 15:51:29,1953.54,Coffee,90022,UPI,DEV-09-1,iPhone,Pune,15,3,0,28.88,38,3516.74,2212.71,6,221,355,0,0,0,0.0,0,
TXN09-00531,9,2026-05-21 15:56:21,2572.35,Cloud Services,90010,Card,DEV-09-1,iPhone,Goa,15,3,0,4.87,39,3512.74,2211.29,16,222,95,0,0,0,359.3,0,
TXN09-00532,9,2026-05-21 15:58:19,2141.43,Software,90006,Card,DEV-09-1,iPhone,Pune,15,3,0,1.97,40,3510.35,2208.98,52,223,356,0,0,0,359.3,0,
TXN09-00533,9,2026-05-21 16:01:41,2030.31,Restaurants,90005,Card,DEV-09-1,iPhone,Pune,16,3,0,3.37,41,3506.86,2207.24,20,224,357,0,0,0,0.0,0,
TXN09-00534,9,2026-05-21 16:04:07,2535.81,Restaurants,90005,UPI,DEV-09-1,iPhone,Pune,16,3,0,2.43,42,3503.11,2205.69,21,225,358,0,0,0,0.0,0,
TXN09-00535,9,2026-05-21 16:31:51,5615.19,Software,90006,UPI,DEV-09-5,Android,Bangalore,16,3,0,27.73,43,3500.67,2203.43,53,16,69,0,0,0,735.23,0,
TXN09-00536,9,2026-05-21 16:43:12,3413.31,Software,90006,Card,DEV-09-2,Web,Pune,16,3,0,11.35,44,3506.01,2203.21,54,151,359,0,0,0,735.23,0,
TXN09-00537,9,2026-05-21 16:51:25,2931.03,Cloud Services,90010,UPI,DEV-09-2,Web,Pune,16,3,0,8.22,45,3505.77,2200.44,17,152,360,0,0,0,0.0,0,
TXN09-00538,9,2026-05-21 17:22:53,2825.7,Coffee,90004,Card,DEV-09-1,iPhone,Pune,17,3,0,31.47,46,3512.91,2203.3,69,226,361,0,0,0,0.0,0,
TXN09-00539,9,2026-05-21 17:57:51,2609.26,Software,90006,UPI,DEV-09-2,Web,Pune,17,3,0,34.97,47,3516.79,2200.73,55,153,362,0,0,0,0.0,0,
TXN09-00540,9,2026-05-21 18:01:04,3646.41,Cloud Services,90027,UPI,DEV-09-4,iPhone,Bangalore,18,3,0,3.22,48,3514.5,2198.42,4,41,70,0,0,0,735.23,0,
TXN09-00541,9,2026-05-21 18:06:28,3620.26,Restaurants,90001,Card,DEV-09-1,iPhone,Goa,18,3,0,5.4,49,3507.4,2193.44,46,227,96,0,0,0,454.99,0,
TXN09-00542,9,2026-05-21 18:12:28,2387.56,Cloud Services,90011,Card,DEV-09-4,iPhone,Pune,18,3,0,6.0,50,3514.38,2189.38,18,42,363,0,0,0,359.3,0,
TXN09-00543,9,2026-05-21 18:21:21,2714.95,Coffee,90020,Card,DEV-09-2,Web,Pune,18,3,0,8.88,51,3511.54,2187.35,17,154,364,0,0,0,0.0,0,
TXN09-00544,9,2026-05-21 18:53:36,1377.11,Software,90007,UPI,DEV-09-1,iPhone,Pune,18,3,0,32.25,52,3510.07,2187.69,35,228,365,0,0,0,0.0,0,
TXN09-00545,9,2026-05-21 19:08:36,5893.31,Restaurants,90001,Card,DEV-09-1,iPhone,Pune,19,3,0,15.0,53,3498.4,2190.17,47,229,366,0,0,0,0.0,0,
TXN09-00546,9,2026-05-21 19:31:38,6452.2,Software,90007,UPI,DEV-09-1,iPhone,Pune,19,3,0,23.03,54,3504.43,2190.7,36,230,367,0,0,0,0.0,0,
TXN09-00547,9,2026-05-21 19:39:22,4447.65,Software,90001,UPI,DEV-09-1,iPhone,Delhi,19,3,0,7.73,55,3511.84,2192.92,48,231,3,0,0,0,1179.48,1,hourly_location_hopping
TXN09-00548,9,2026-05-21 19:48:50,5271.11,Software,90018,UPI,DEV-09-5,Android,Pune,19,3,0,9.47,56,3512.02,2185.42,14,17,368,0,0,0,1179.48,0,
TXN09-00549,9,2026-05-21 20:04:01,790.18,Cloud Services,90003,UPI,DEV-09-1,iPhone,Pune,20,3,0,15.18,57,3516.44,2184.45,26,232,369,0,0,0,0.0,0,
TXN09-00550,9,2026-05-21 20:07:30,3503.78,Cloud Services,90003,UPI,DEV-09-1,iPhone,Pune,20,3,0,3.48,58,3509.61,2185.97,27,233,370,0,0,0,0.0,0,
TXN09-00551,9,2026-05-21 20:08:06,3947.6,Restaurants,90005,UPI,DEV-09-4,iPhone,Goa,20,3,0,0.6,59,3509.59,2183.23,22,43,97,0,0,0,359.3,0,
TXN09-00552,9,2026-05-21 20:16:01,3907.86,Coffee,90021,UPI,DEV-09-4,iPhone,Pune,20,3,0,7.92,60,3515.1,2181.55,14,44,371,0,0,0,359.3,0,
TXN09-00553,9,2026-05-21 20:17:01,8000.0,Restaurants,90008,Card,DEV-09-1,iPhone,Pune,20,3,0,1.0,61,3516.08,2178.91,16,234,372,0,0,0,0.0,0,
TXN09-00554,9,2026-05-21 20:20:53,8000.0,Cloud Services,90002,Card,DEV-09-2,Web,Goa,20,3,0,3.87,62,3532.81,2187.5,66,155,98,0,0,0,359.3,0,
TXN09-00555,9,2026-05-21 20:21:19,1762.6,Cloud Services,90011,Card,DEV-09-4,iPhone,Pune,20,3,0,0.43,63,3543.93,2196.09,19,45,373,0,0,0,359.3,0,
TXN09-00556,9,2026-05-21 20:39:22,8000.0,Software,90001,UPI,DEV-09-1,iPhone,Singapore,20,3,0,18.05,64,3535.08,2196.08,49,235,1,0,1,0,3783.95,1,hourly_location_hopping
TXN09-00557,9,2026-05-21 20:46:48,7025.5,Coffee,90004,UPI,DEV-09-1,iPhone,Pune,20,3,0,7.43,65,3546.16,2204.58,70,236,374,0,0,0,3783.95,0,
TXN09-00558,9,2026-05-21 21:17:01,2796.02,Coffee,90004,Card,DEV-09-3,iPhone,Pune,21,3,0,30.22,66,3546.83,2205.15,71,95,375,0,0,0,0.0,0,
TXN09-00559,9,2026-05-21 21:21:02,1420.7,Software,90007,Card,DEV-09-6,Web,Goa,21,3,0,4.02,67,3544.96,2202.73,37,7,99,0,0,0,359.3,0,
TXN09-00560,9,2026-05-21 21:39:22,4876.59,Software,90001,UPI,DEV-09-1,iPhone,Chennai,21,3,0,18.33,68,3539.69,2202.53,50,237,2,0,0,0,706.92,1,hourly_location_hopping
TXN09-00561,9,2026-05-21 21:40:31,8000.0,Cloud Services,90010,UPI,DEV-09-3,iPhone,Pune,21,3,0,1.15,69,3543.0,2200.8,18,96,376,0,0,0,914.36,0,
TXN09-00562,9,2026-05-21 21:55:20,2905.34,Restaurants,90005,UPI,DEV-09-2,Web,Bangalore,21,3,0,14.82,70,3556.06,2211.53,23,156,71,0,0,0,735.23,0,
TXN09-00563,9,2026-05-21 21:56:08,2053.93,Software,90006,Card,DEV-09-2,Web,Goa,21,3,0,0.8,71,3554.45,2209.04,56,157,100,0,0,0,454.99,0,
TXN09-00564,9,2026-05-21 22:41:05,3038.87,Software,90018,Card,DEV-09-3,iPhone,Pune,22,3,0,44.95,72,3540.96,2201.77,15,97,377,0,0,0,359.3,0,
TXN09-00565,9,2026-05-21 22:50:50,4091.51,Restaurants,90001,UPI,DEV-09-1,iPhone,Pune,22,3,0,9.75,73,3539.72,2199.19,51,238,378,0,0,0,0.0,0,
TXN09-00566,9,2026-05-21 22:55:05,2431.07,Coffee,90023,Card,DEV-09-6,Web,Pune,22,3,0,4.25,74,3541.08,2196.65,5,8,379,0,0,0,0.0,0,
TXN09-00567,9,2026-05-21 23:09:37,1949.46,Restaurants,90001,Card,DEV-09-3,iPhone,Goa,23,3,0,14.53,75,3556.46,2192.58,52,98,101,0,0,0,359.3,0,
TXN09-00568,9,2026-05-21 23:24:12,1755.35,Cloud Services,90011,UPI,DEV-09-3,iPhone,Bangalore,23,3,0,14.58,76,3556.79,2192.33,20,99,72,0,0,0,454.99,0,
TXN09-00569,9,2026-05-21 23:40:21,2803.71,Cloud Services,90027,Card,DEV-09-1,iPhone,Pune,23,3,0,16.15,77,3520.36,2084.58,5,239,380,0,0,0,735.23,0,
TXN09-00570,9,2026-05-21 23:40:41,3323.44,Restaurants,90001,Card,DEV-09-4,iPhone,Pune,23,3,0,0.33,78,3518.58,2082.3,53,46,381,0,0,0,0.0,0,
TXN09-00571,9,2026-05-22 08:25:13,3554.66,Cloud Services,90002,UPI,DEV-09-2,Web,Goa,8,4,0,524.53,1,3518.1,2079.75,67,158,102,0,0,0,359.3,0,
TXN09-00572,9,2026-05-22 08:35:58,3076.69,Coffee,90004,UPI,DEV-09-5,Android,Goa,8,4,0,10.75,2,3518.19,2077.19,72,18,103,0,0,0,0.0,0,
TXN09-00573,9,2026-05-22 08:51:11,266.18,Software,90007,UPI,DEV-09-2,Web,Pune,8,4,0,15.22,3,3509.07,2070.97,38,159,382,0,0,0,359.3,0,
TXN09-00574,9,2026-05-22 08:58:58,4853.84,Cloud Services,90027,Card,DEV-09-2,Web,Pune,8,4,0,7.78,4,3501.51,2077.18,6,160,383,0,0,0,0.0,0,
TXN09-00575,9,2026-05-22 09:07:32,3261.47,Restaurants,90005,UPI,DEV-09-1,iPhone,Pune,9,4,0,8.57,5,3493.76,2066.22,24,240,384,0,0,0,0.0,0,
TXN09-00576,9,2026-05-22 09:25:29,2051.09,Software,90006,UPI,DEV-09-3,iPhone,Bangalore,9,4,0,17.95,6,3491.93,2066.1,57,100,73,0,0,0,735.23,0,
TXN09-00577,9,2026-05-22 09:38:40,2008.86,Cloud Services,90011,UPI,DEV-09-5,Android,Pune,9,4,0,13.18,7,3477.27,2055.14,21,19,385,0,0,0,735.23,0,
TXN09-00578,9,2026-05-22 09:40:22,4075.76,Software,90016,Card,DEV-09-4,iPhone,Goa,9,4,0,1.7,8,3473.66,2053.9,14,47,104,0,0,0,359.3,0,
TXN09-00579,9,2026-05-22 09:45:44,2892.99,Coffee,90023,Card,DEV-09-2,Web,Pune,9,4,0,5.37,9,3475.14,2051.6,6,161,386,0,0,0,359.3,0,
TXN09-00580,9,2026-05-22 10:32:40,5924.75,Software,90018,UPI,DEV-09-1,iPhone,Pune,10,4,0,46.93,10,3470.5,2050.77,16,241,387,0,0,0,0.0,0,
TXN09-00581,9,2026-05-22 10:35:56,1779.35,Cloud Services,90002,UPI,DEV-09-2,Web,Pune,10,4,0,3.27,11,3476.5,2051.84,68,162,388,0,0,0,0.0,0,
TXN09-00582,9,2026-05-22 10:44:52,2647.03,Restaurants,90001,UPI,DEV-09-4,iPhone,Pune,10,4,0,8.93,12,3472.36,2051.05,54,48,389,0,0,0,0.0,0,
TXN09-00583,9,2026-05-22 10:48:19,3171.35,Software,90029,Card,DEV-09-1,iPhone,Bangalore,10,4,0,3.45,13,3470.35,2048.95,1,242,74,0,0,1,735.23,0,
TXN09-00584,9,2026-05-22 11:54:41,4073.9,Cloud Services,90030,Card,DEV-09-5,Android,Pune,11,4,0,66.37,14,3474.88,2049.74,1,20,390,0,0,1,735.23,0,
TXN09-00585,9,2026-05-22 11:59:33,5576.62,Software,90006,Card,DEV-09-1,iPhone,Pune,11,4,0,4.87,15,3476.34,2047.45,58,243,391,0,0,0,0.0,0,
TXN09-00586,9,2026-05-22 12:11:49,1490.66,Restaurants,90008,UPI,DEV-09-3,iPhone,Pune,12,4,0,12.27,16,3481.43,2047.58,17,101,392,0,0,0,0.0,0,
TXN09-00587,9,2026-05-22 13:17:32,1950.91,Restaurants,90005,UPI,DEV-09-4,iPhone,Pune,13,4,0,65.72,17,3474.68,2038.69,25,49,393,0,0,0,0.0,0,
TXN09-00588,9,2026-05-22 13:34:05,4320.2,Restaurants,90001,Card,DEV-09-1,iPhone,Pune,13,4,0,16.55,18,3465.15,2036.66,55,244,394,0,0,0,0.0,0,
TXN09-00589,9,2026-05-22 13:34:35,3555.48,Cloud Services,90179,Card,DEV-UNK-4017,Web,Pune,13,4,0,0.5,19,3467.23,2034.62,1,1,395,1,0,1,0.0,1,ato_new_device_new_merchant_same_category
TXN09-00590,9,2026-05-22 14:11:18,5111.01,Cloud Services,90003,Card,DEV-09-5,Android,Pune,14,4,0,36.72,20,3469.4,2034.23,28,21,396,0,0,0,0.0,0,
TXN09-00591,9,2026-05-22 14:13:59,4828.05,Restaurants,90001,Card,DEV-09-2,Web,Goa,14,4,0,2.68,21,3473.39,2033.37,56,163,105,0,0,0,359.3,0,
TXN09-00592,9,2026-05-22 14:14:11,4771.09,Software,90014,UPI,DEV-09-4,iPhone,Pune,14,4,0,0.2,22,3476.67,2032.0,20,50,397,0,0,0,359.3,0,
TXN09-00593,9,2026-05-22 15:03:28,2743.26,Restaurants,90012,UPI,DEV-09-2,Web,Pune,15,4,0,49.28,23,3479.8,2030.54,10,164,398,0,0,0,0.0,0,
TXN09-00594,9,2026-05-22 15:16:53,3302.64,Software,90007,Card,DEV-09-1,iPhone,Goa,15,4,0,13.42,24,3467.71,2019.96,39,245,106,0,0,0,359.3,0,
TXN09-00595,9,2026-05-22 15:30:37,2520.53,Software,90007,Card,DEV-09-1,iPhone,Pune,15,4,0,13.73,25,3467.31,2017.54,40,246,399,0,0,0,359.3,0,
TXN09-00596,9,2026-05-22 15:47:10,1503.42,Coffee,90019,UPI,DEV-09-3,iPhone,Pune,15,4,0,16.55,26,3465.03,2015.64,23,102,400,0,0,0,0.0,0,
TXN09-00597,9,2026-05-22 15:48:10,1069.98,Cloud Services,90010,UPI,DEV-09-3,iPhone,Bangalore,15,4,0,1.0,27,3460.33,2015.51,19,103,75,0,0,0,735.23,0,
TXN09-00598,9,2026-05-22 15:51:47,585.87,Software,90006,UPI,DEV-09-1,iPhone,Pune,15,4,0,3.62,28,3454.61,2016.48,59,247,401,0,0,0,735.23,0,
TXN09-00599,9,2026-05-22 16:06:24,7779.14,Software,90007,Card,DEV-09-5,Android,Pune,16,4,0,14.62,29,3454.34,2016.86,41,22,402,0,0,0,0.0,0,
TXN09-00600,9,2026-05-22 16:17:03,3232.39,Coffee,90021,UPI,DEV-09-3,iPhone,Goa,16,4,0,10.65,30,3464.66,2025.47,15,104,107,0,0,0,359.3,0,
TXN09-00601,9,2026-05-22 16:25:44,1530.33,Software,90014,UPI,DEV-09-1,iPhone,Pune,16,4,0,8.68,31,3464.11,2023.09,21,248,403,0,0,0,359.3,0,
TXN09-00602,9,2026-05-22 16:26:26,3362.62,Coffee,90020,UPI,DEV-09-1,iPhone,Pune,16,4,0,0.7,32,3459.52,2022.88,18,249,404,0,0,0,0.0,0,
TXN09-00603,9,2026-05-22 16:28:14,7401.97,Restaurants,90005,Card,DEV-09-3,iPhone,Pune,16,4,0,1.8,33,3459.29,2020.48,26,105,405,0,0,0,0.0,0,
TXN09-00604,9,2026-05-22 16:45:55,1222.71,Cloud Services,90002,UPI,DEV-09-1,iPhone,Pune,16,4,0,17.68,34,3479.35,2027.62,69,250,406,0,0,0,0.0,0,
TXN09-00605,9,2026-05-22 16:50:14,3062.29,Software,90006,UPI,DEV-09-1,iPhone,Pune,16,4,0,4.32,35,3475.22,2030.44,60,251,407,0,0,0,0.0,0,
TXN09-00606,9,2026-05-22 17:21:02,486.23,Coffee,90022,UPI,DEV-09-1,iPhone,Pune,17,4,0,30.8,36,3474.24,2028.13,7,252,408,0,0,0,0.0,0,
TXN09-00607,9,2026-05-22 17:22:39,6282.12,Cloud Services,90002,Card,DEV-09-2,Web,Pune,17,4,0,1.62,37,3467.16,2030.93,70,165,409,0,0,0,0.0,0,
TXN09-00608,9,2026-05-22 17:39:40,2123.67,Cloud Services,90002,Card,DEV-09-1,iPhone,Pune,17,4,0,17.02,38,3473.81,2033.12,71,253,410,0,0,0,0.0,0,
TXN09-00609,9,2026-05-22 18:02:02,5561.15,Coffee,90004,UPI,DEV-09-2,Web,Goa,18,4,0,22.37,39,3469.56,2034.06,73,166,108,0,0,0,359.3,0,
TXN09-00610,9,2026-05-22 18:03:16,3312.42,Coffee,90004,UPI,DEV-09-3,iPhone,Pune,18,4,0,1.23,40,3474.49,2034.19,74,106,411,0,0,0,359.3,0,
TXN09-00611,9,2026-05-22 18:20:11,3421.67,Cloud Services,90003,UPI,DEV-09-3,iPhone,Pune,18,4,0,16.92,41,3474.11,2031.82,29,107,412,0,0,0,0.0,0,
TXN09-00612,9,2026-05-22 18:54:47,4127.91,Restaurants,90001,UPI,DEV-09-2,Web,Pune,18,4,0,34.6,42,3469.23,2029.44,57,167,413,0,0,0,0.0,0,
TXN09-00613,9,2026-05-22 18:55:06,4914.2,Coffee,90170,UPI,DEV-09-4,iPhone,Pune,18,4,0,0.32,43,3470.78,2027.31,1,51,414,0,0,1,0.0,1,ato_new_merchant_same_category
TXN09-00614,9,2026-05-22 19:06:55,3664.47,Restaurants,90012,UPI,DEV-09-1,iPhone,Pune,19,4,0,11.82,44,3474.16,2026.14,11,254,415,0,0,0,0.0,0,
TXN09-00615,9,2026-05-22 19:11:49,5961.97,Restaurants,90026,Card,DEV-09-3,iPhone,Bangalore,19,4,0,4.9,45,3474.6,2023.79,2,108,76,0,0,0,735.23,0,
TXN09-00616,9,2026-05-22 19:27:12,1325.35,Restaurants,90031,UPI,DEV-09-1,iPhone,Bangalore,19,4,0,15.38,46,3480.4,2024.98,1,255,77,0,0,1,0.0,0,
TXN09-00617,9,2026-05-22 19:31:14,2758.09,Restaurants,90001,Card,DEV-09-2,Web,Pune,19,4,0,4.03,47,3469.14,2023.5,58,168,416,0,0,0,735.23,0,
TXN09-00618,9,2026-05-22 20:17:55,7160.14,Restaurants,90009,Card,DEV-09-3,iPhone,Goa,20,4,0,46.68,48,3460.78,2021.22,18,109,109,0,0,0,359.3,0,
TXN09-00619,9,2026-05-22 20:41:32,4037.19,Software,90029,Card,DEV-09-5,Android,Pune,20,4,0,23.62,49,3469.42,2026.75,2,23,417,0,0,0,359.3,0,
TXN09-00620,9,2026-05-22 20:43:23,1853.33,Coffee,90019,Card,DEV-09-5,Android,Goa,20,4,0,1.85,50,3470.74,2024.57,24,24,110,0,0,0,359.3,0,
TXN09-00621,9,2026-05-22 20:46:11,6174.07,Restaurants,90017,UPI,DEV-09-4,iPhone,Pune,20,4,0,2.8,51,3466.98,2023.71,7,52,418,0,0,0,359.3,0,
TXN09-00622,9,2026-05-22 21:25:41,2635.18,Software,90029,UPI,DEV-09-1,iPhone,Pune,21,4,0,39.5,52,3475.6,2027.33,3,256,419,0,0,0,0.0,0,
TXN09-00623,9,2026-05-22 21:27:11,2378.55,Software,90029,Card,DEV-09-5,Android,Pune,21,4,0,1.5,53,3473.65,2025.38,4,25,420,0,0,0,0.0,0,
TXN09-00624,9,2026-05-22 21:37:53,2166.61,Restaurants,90001,Card,DEV-09-5,Android,Goa,21,4,0,10.7,54,3471.12,2023.72,59,26,111,0,0,0,359.3,0,
TXN09-00625,9,2026-05-22 21:47:25,3754.3,Coffee,90019,Card,DEV-09-4,iPhone,Pune,21,4,0,9.53,55,3468.11,2022.35,25,53,421,0,0,0,359.3,0,
TXN09-00626,9,2026-05-22 21:51:54,1859.99,Software,90006,UPI,DEV-09-2,Web,Pune,21,4,0,4.48,56,3472.82,2020.63,61,169,422,0,0,0,0.0,0,
TXN09-00627,9,2026-05-22 22:14:30,4231.71,Software,90018,UPI,DEV-09-2,Web,Pune,22,4,0,22.6,57,3467.28,2021.76,17,170,423,0,0,0,0.0,0,
TXN09-00628,9,2026-05-22 22:24:23,4207.55,Cloud Services,90010,Card,DEV-09-3,iPhone,Pune,22,4,0,9.88,58,3469.04,2019.76,20,110,424,0,0,0,0.0,0,
TXN09-00629,9,2026-05-22 22:26:29,635.27,Restaurants,90005,Card,DEV-09-5,Android,Pune,22,4,0,2.1,59,3470.74,2017.75,27,27,425,0,0,0,0.0,0,
TXN09-00630,9,2026-05-22 22:28:03,1769.79,Coffee,90019,UPI,DEV-09-2,Web,Pune,22,4,0,1.57,60,3466.3,2021.86,26,171,426,0,0,0,0.0,0,
TXN09-00631,9,2026-05-22 23:28:41,436.9,Coffee,90019,Card,DEV-09-2,Web,Goa,23,4,0,60.63,61,3459.56,2022.61,27,172,112,0,0,0,359.3,0,
TXN09-00632,9,2026-05-22 23:34:51,1697.1,Software,90007,Card,DEV-09-6,Web,Pune,23,4,0,6.17,62,3452.63,2025.46,42,9,427,0,0,0,359.3,0,
TXN09-00633,9,2026-05-22 23:40:21,736.98,Restaurants,90013,UPI,DEV-09-3,iPhone,Pune,23,4,0,5.5,63,3448.61,2024.88,12,111,428,0,0,0,0.0,0,
TXN09-00634,9,2026-05-22 23:57:26,4039.32,Software,90006,Card,DEV-09-1,iPhone,Pune,23,4,0,17.08,64,3442.2,2029.02,62,257,429,0,0,0,0.0,0,
TXN09-00635,9,2026-05-23 01:07:13,2573.91,Software,90187,UPI,DEV-09-1,iPhone,Pune,1,5,1,69.78,1,3443.56,2026.9,1,258,430,0,0,1,0.0,1,ato_odd_hour_new_merchant_same_category
TXN09-00636,9,2026-05-23 08:03:28,3053.15,Cloud Services,90002,UPI,DEV-09-4,iPhone,Pune,8,5,1,416.25,2,3440.58,2028.97,72,54,431,0,0,0,0.0,0,
TXN09-00637,9,2026-05-23 08:19:50,3450.05,Restaurants,90001,Card,DEV-09-1,iPhone,Pune,8,5,1,16.37,3,3439.7,2026.74,60,259,432,0,0,0,0.0,0,
TXN09-00638,9,2026-05-23 08:45:39,2483.58,Restaurants,90012,Card,DEV-09-2,Web,Pune,8,5,1,25.82,4,3443.33,2025.33,12,173,433,0,0,0,0.0,0,
TXN09-00639,9,2026-05-23 08:46:16,1449.01,Software,90006,Card,DEV-09-2,Web,Pune,8,5,1,0.62,5,3441.14,2023.54,63,174,434,0,0,0,0.0,0,
TXN09-00640,9,2026-05-23 08:50:39,859.74,Software,90006,Card,DEV-09-1,iPhone,Bangalore,8,5,1,4.38,6,3436.2,2025.75,64,260,78,0,0,0,735.23,0,
TXN09-00641,9,2026-05-23 09:15:38,850.85,Cloud Services,90011,UPI,DEV-09-1,iPhone,Pune,9,5,1,24.98,7,3433.79,2029.75,22,261,435,0,0,0,735.23,0,
TXN09-00642,9,2026-05-23 09:22:52,847.7,Restaurants,90013,Card,DEV-09-4,iPhone,Pune,9,5,1,7.23,8,3427.89,2031.18,13,55,436,0,0,0,0.0,0,
TXN09-00643,9,2026-05-23 10:00:59,6735.04,Software,90018,Card,DEV-09-2,Web,Pune,10,5,1,38.12,9,3427.38,2035.62,18,175,437,0,0,0,0.0,0,
TXN09-00644,9,2026-05-23 10:06:37,1239.1,Cloud Services,90015,Card,DEV-09-1,iPhone,Pune,10,5,1,5.63,10,3434.94,2039.41,8,262,438,0,0,0,0.0,0,
TXN09-00645,9,2026-05-23 10:31:38,4285.91,Coffee,90023,Card,DEV-09-1,iPhone,Goa,10,5,1,25.02,11,3410.88,2033.84,7,263,113,0,0,0,359.3,0,
TXN09-00646,9,2026-05-23 10:40:21,7712.35,Cloud Services,90002,Card,DEV-09-1,iPhone,Pune,10,5,1,8.72,12,3412.87,2034.27,73,264,439,0,0,0,359.3,0,
TXN09-00647,9,2026-05-23 10:51:08,3300.19,Restaurants,90028,UPI,DEV-09-5,Android,Pune,10,5,1,10.78,13,3414.67,2037.0,2,28,440,0,0,0,0.0,0,
TXN09-00648,9,2026-05-23 11:01:55,3086.72,Restaurants,90008,UPI,DEV-09-4,iPhone,Pune,11,5,1,10.78,14,3423.21,2035.0,18,56,441,0,0,0,0.0,0,
TXN09-00649,9,2026-05-23 11:24:15,5174.83,Software,90007,Card,DEV-09-3,iPhone,Goa,11,5,1,22.33,15,3422.43,2032.72,43,112,114,0,0,0,359.3,0,
TXN09-00650,9,2026-05-23 11:27:12,1412.38,Cloud Services,90002,UPI,DEV-09-1,iPhone,Goa,11,5,1,2.95,16,3426.79,2034.45,74,265,115,0,0,0,0.0,0,
TXN09-00651,9,2026-05-23 11:40:31,6791.83,Software,90006,Card,DEV-09-6,Web,Goa,11,5,1,13.32,17,3422.15,2034.39,65,10,116,0,0,0,0.0,0,
TXN09-00652,9,2026-05-23 11:45:31,389.94,Restaurants,90001,UPI,DEV-09-2,Web,Pune,11,5,1,5.0,18,3429.9,2038.45,61,176,442,0,0,0,359.3,0,
TXN09-00653,9,2026-05-23 12:22:01,1892.7,Software,90007,Card,DEV-09-3,iPhone,Pune,12,5,1,36.5,19,3428.96,2046.34,44,113,443,0,0,0,0.0,0,
TXN09-00654,9,2026-05-23 12:35:24,3309.6,Coffee,90023,UPI,DEV-09-1,iPhone,Pune,12,5,1,13.38,20,3425.42,2045.31,8,266,444,0,0,0,0.0,0,
TXN09-00655,9,2026-05-23 12:40:36,4327.08,Coffee,90004,Card,DEV-09-1,iPhone,Pune,12,5,1,5.2,21,3431.78,2040.66,75,267,445,0,0,0,0.0,0,
TXN09-00656,9,2026-05-23 13:07:34,1868.01,Restaurants,90001,UPI,DEV-09-4,iPhone,Pune,13,5,1,26.97,22,3441.06,2040.68,62,57,446,0,0,0,0.0,0,
TXN09-00657,9,2026-05-23 13:32:24,3033.76,Cloud Services,90003,Card,DEV-09-6,Web,Pune,13,5,1,24.83,23,3440.33,2044.66,30,11,447,0,0,0,0.0,0,
TXN09-00658,9,2026-05-23 13:32:32,3863.01,Restaurants,90028,UPI,DEV-09-3,iPhone,Goa,13,5,1,0.13,24,3439.39,2042.38,3,114,117,0,0,0,359.3,0,
TXN09-00659,9,2026-05-23 13:42:08,7356.79,Restaurants,90001,Card,DEV-09-2,Web,Pune,13,5,1,9.6,25,3438.58,2035.4,63,177,448,0,0,0,359.3,0,
TXN09-00660,9,2026-05-23 13:53:05,8000.0,Coffee,90004,Card,DEV-09-3,iPhone,Pune,13,5,1,10.95,26,3453.98,2039.92,76,115,449,0,0,0,0.0,0,
TXN09-00661,9,2026-05-23 14:17:24,4406.62,Restaurants,90005,UPI,DEV-09-1,iPhone,Pune,14,5,1,24.32,27,3464.53,2049.26,28,268,450,0,0,0,0.0,0,
TXN09-00662,9,2026-05-23 14:26:37,2360.83,Software,90006,Card,DEV-09-7,Android,Goa,14,5,1,9.22,28,3458.41,2042.5,66,1,118,1,0,0,359.3,0,
TXN09-00663,9,2026-05-23 14:29:33,6422.87,Software,90006,UPI,DEV-09-4,iPhone,Pune,14,5,1,2.93,29,3455.87,2040.82,67,58,451,0,0,0,359.3,0,
TXN09-00664,9,2026-05-23 14:38:05,2082.95,Restaurants,90017,Card,DEV-09-4,iPhone,Bangalore,14,5,1,8.53,30,3460.29,2045.16,8,59,79,0,0,0,735.23,0,
TXN09-00665,9,2026-05-23 14:45:39,4362.36,Software,90006,UPI,DEV-09-1,iPhone,Pune,14,5,1,7.57,31,3457.11,2043.87,68,269,452,0,0,0,735.23,0,
TXN09-00666,9,2026-05-23 14:48:31,8000.0,Restaurants,90001,UPI,DEV-09-5,Android,Pune,14,5,1,2.87,32,3460.23,2044.22,64,29,453,0,0,0,0.0,0,
TXN09-00667,9,2026-05-23 14:49:09,22532.23,International Transfer,90001,UPI,DEV-09-1,iPhone,London,14,5,1,0.63,33,3470.69,2053.43,65,270,1,0,1,0,7306.0,1,intl_transfer
TXN09-00668,9,2026-05-23 14:56:29,3783.7,Cloud Services,90002,Card,DEV-09-7,Android,Pune,14,5,1,7.33,34,3514.51,2245.05,75,2,454,0,0,0,7306.0,0,
TXN09-00669,9,2026-05-23 14:56:32,3208.46,Software,90007,UPI,DEV-09-2,Web,Goa,14,5,1,0.05,35,3515.13,2242.51,45,178,119,0,0,0,359.3,0,
TXN09-00670,9,2026-05-23 14:58:24,3194.72,Coffee,90004,Card,DEV-09-3,iPhone,Goa,14,5,1,1.87,36,3514.43,2239.99,77,116,120,0,0,0,0.0,0,
TXN09-00671,9,2026-05-23 14:59:40,1732.12,Restaurants,90008,UPI,DEV-09-3,iPhone,Pune,14,5,1,1.27,37,3513.7,2237.48,19,117,455,0,0,0,359.3,0,
TXN09-00672,9,2026-05-23 15:18:04,3281.55,Software,90007,UPI,DEV-09-1,iPhone,Pune,15,5,1,18.4,38,3514.23,2237.03,46,271,456,0,0,0,0.0,0,
TXN09-00673,9,2026-05-23 15:19:45,2124.57,Restaurants,90001,UPI,DEV-09-4,iPhone,Pune,15,5,1,1.68,39,3513.7,2234.5,66,60,457,0,0,0,0.0,0,
TXN09-00674,9,2026-05-23 15:20:40,2030.48,Coffee,90024,Card,DEV-09-7,Android,Pune,15,5,1,0.92,40,3510.55,2232.94,5,3,458,0,0,0,0.0,0,
TXN09-00675,9,2026-05-23 15:39:07,2122.4,Software,90007,Card,DEV-09-2,Web,Pune,15,5,1,18.45,41,3507.19,2231.52,47,179,459,0,0,0,0.0,0,
TXN09-00676,9,2026-05-23 15:52:30,3569.26,Restaurants,90012,UPI,DEV-09-3,iPhone,Pune,15,5,1,13.38,42,3506.24,2232.95,13,118,460,0,0,0,0.0,0,
TXN09-00677,9,2026-05-23 15:55:42,1893.92,Coffee,90024,Card,DEV-09-1,iPhone,Pune,15,5,1,3.2,43,3506.38,2230.42,6,272,461,0,0,0,0.0,0,
TXN09-00678,9,2026-05-23 15:58:47,4100.0,Software,90001,UPI,DEV-UNK-5160,iPhone,Pune,15,5,1,3.08,44,3502.74,2229.21,67,1,462,1,0,0,0.0,1,new_device_fraud
TXN09-00679,9,2026-05-23 16:23:55,4342.98,Restaurants,90001,Card,DEV-09-1,iPhone,Goa,16,5,1,25.13,45,3497.59,2225.19,68,273,121,0,0,0,359.3,0,
TXN09-00680,9,2026-05-23 16:24:16,634.49,Software,90006,Card,DEV-09-4,iPhone,Pune,16,5,1,0.35,46,3499.5,2223.04,69,61,463,0,0,0,359.3,0,
TXN09-00681,9,2026-05-23 16:48:58,4842.35,Restaurants,90026,UPI,DEV-09-3,iPhone,Pune,16,5,1,24.7,47,3489.02,2225.59,3,119,464,0,0,0,0.0,0,
TXN09-00682,9,2026-05-23 16:49:05,3087.86,Software,90049,UPI,DEV-09-6,Web,Goa,16,5,1,0.12,48,3492.07,2224.0,1,12,122,0,0,1,359.3,1,ato_higher_amount
TXN09-00683,9,2026-05-23 16:59:42,4425.87,Coffee,90032,UPI,DEV-09-1,iPhone,Bangalore,16,5,1,10.62,49,3491.16,2221.59,1,274,80,0,0,1,454.99,0,
TXN09-00684,9,2026-05-23 17:01:59,1629.53,Restaurants,90017,UPI,DEV-09-2,Web,Bangalore,17,5,1,2.28,50,3493.26,2219.53,9,180,81,0,0,0,0.0,0,
TXN09-00685,9,2026-05-23 17:15:00,1291.1,Coffee,90024,Card,DEV-09-1,iPhone,Bangalore,17,5,1,13.02,51,3489.09,2218.8,7,275,82,0,0,0,0.0,0,
TXN09-00686,9,2026-05-23 17:17:51,4253.69,Restaurants,90005,Card,DEV-09-2,Web,Goa,17,5,1,2.85,52,3484.18,2218.75,29,181,123,0,0,0,454.99,0,
TXN09-00687,9,2026-05-23 17:31:32,1124.35,Restaurants,90026,Card,DEV-09-1,iPhone,Chennai,17,5,1,13.68,53,3476.56,2215.29,4,276,3,0,0,0,706.92,0,
TXN09-00688,9,2026-05-23 17:48:32,2375.2,Software,90007,Card,DEV-09-7,Android,Goa,17,5,1,17.0,54,3481.76,2215.85,48,4,124,0,0,0,706.92,0,
TXN09-00689,9,2026-05-23 18:01:57,2443.5,Software,90007,Card,DEV-09-1,iPhone,Pune,18,5,1,13.42,55,3479.27,2213.98,49,277,465,0,0,0,359.3,0,
TXN09-00690,9,2026-05-23 18:08:00,2293.57,Coffee,90004,Card,DEV-09-4,iPhone,Pune,18,5,1,6.05,56,3476.94,2212.03,78,62,466,0,0,0,0.0,0,
TXN09-00691,9,2026-05-23 18:30:34,3025.66,Coffee,90021,Card,DEV-09-1,iPhone,Pune,18,5,1,22.57,57,3473.4,2214.98,16,278,467,0,0,0,0.0,0,
TXN09-00692,9,2026-05-23 19:14:10,2848.68,Restaurants,90008,Card,DEV-09-1,iPhone,Pune,19,5,1,43.6,58,3472.04,2213.64,20,279,468,0,0,0,0.0,0,
TXN09-00693,9,2026-05-23 19:37:50,7488.29,Restaurants,90001,UPI,DEV-09-3,iPhone,Pune,19,5,1,23.67,59,3446.74,2196.53,69,120,469,0,0,0,0.0,0,
TXN09-00694,9,2026-05-23 19:45:54,2510.74,Restaurants,90001,Card,DEV-09-4,iPhone,Pune,19,5,1,8.07,60,3455.88,2202.43,70,63,470,0,0,0,0.0,0,
TXN09-00695,9,2026-05-23 20:47:40,3596.14,Restaurants,90009,UPI,DEV-09-5,Android,Pune,20,5,1,61.77,61,3466.87,2211.1,19,30,471,0,0,0,0.0,0,
TXN09-00696,9,2026-05-23 20:56:06,3148.76,Coffee,90019,UPI,DEV-09-4,iPhone,Pune,20,5,1,8.43,62,3467.17,2208.59,28,64,472,0,0,0,0.0,0,
TXN09-00697,9,2026-05-23 21:28:04,4146.98,Cloud Services,90010,UPI,DEV-09-1,iPhone,Pune,21,5,1,31.97,63,3456.38,2198.83,21,280,473,0,0,0,0.0,0,
TXN09-00698,9,2026-05-23 21:50:58,1988.23,Coffee,90021,UPI,DEV-09-1,iPhone,Bangalore,21,5,1,22.9,64,3460.52,2200.98,17,281,83,0,0,0,735.23,0,
TXN09-00699,9,2026-05-23 22:00:18,1738.4,Software,90006,Card,DEV-09-5,Android,Goa,22,5,1,9.33,65,3457.12,2199.58,70,31,125,0,0,0,454.99,0,
TXN09-00700,9,2026-05-23 22:10:57,4118.64,Restaurants,90001,UPI,DEV-09-4,iPhone,Bangalore,22,5,1,10.65,66,3449.72,2199.94,71,65,84,0,0,0,454.99,0,
TXN09-00701,9,2026-05-23 22:14:32,5261.15,Software,90006,UPI,DEV-09-1,iPhone,Goa,22,5,1,3.58,67,3451.25,2197.64,71,282,126,0,0,0,454.99,0,
TXN09-00702,9,2026-05-23 22:17:27,284.85,Restaurants,90001,UPI,DEV-09-1,iPhone,Pune,22,5,1,2.92,68,3455.4,2196.83,72,283,474,0,0,0,359.3,0,
TXN09-00703,9,2026-05-23 22:18:14,2444.62,Software,90006,Card,DEV-09-1,iPhone,Goa,22,5,1,0.78,69,3448.15,2199.53,72,284,127,0,0,0,359.3,0,
TXN09-00704,9,2026-05-23 22:21:38,3788.76,Coffee,90004,UPI,DEV-09-4,iPhone,Pune,22,5,1,3.4,70,3445.86,2197.54,79,66,475,0,0,0,359.3,0,
TXN09-00705,9,2026-05-23 22:27:37,643.46,Cloud Services,90010,Card,DEV-09-2,Web,Goa,22,5,1,5.98,71,3446.64,2195.1,22,182,128,0,0,0,359.3,0,
TXN09-00706,9,2026-05-23 22:31:17,3047.25,Cloud Services,90003,UPI,DEV-09-1,iPhone,Goa,22,5,1,3.67,72,3440.27,2196.66,31,285,129,0,0,0,0.0,0,
TXN09-00707,9,2026-05-23 22:31:35,1031.39,Restaurants,90017,Card,DEV-09-2,Web,Pune,22,5,1,0.3,73,3439.38,2194.25,10,183,476,0,0,0,359.3,0,
TXN09-00708,9,2026-05-23 22:47:57,1878.04,Coffee,90032,Card,DEV-09-4,iPhone,Pune,22,5,1,16.37,74,3434.65,2197.19,2,67,477,0,0,0,0.0,0,
TXN09-00709,9,2026-05-23 22:49:52,2617.13,Cloud Services,90002,UPI,DEV-09-4,iPhone,Pune,22,5,1,1.92,75,3431.12,2195.95,76,68,478,0,0,0,0.0,0,
TXN09-00710,9,2026-05-23 22:50:10,1215.96,Coffee,90022,Card,DEV-09-1,iPhone,Pune,22,5,1,0.3,76,3429.29,2193.81,8,286,479,0,0,0,0.0,0,
TXN09-00711,9,2026-05-23 22:54:16,501.25,Coffee,90004,UPI,DEV-09-2,Web,Goa,22,5,1,4.1,77,3424.3,2193.85,80,184,130,0,0,0,359.3,0,
TXN09-00712,9,2026-05-23 23:03:29,718.78,Software,90006,Card,DEV-09-2,Web,Goa,23,5,1,9.22,78,3416.71,2198.11,73,185,131,0,0,0,0.0,0,
TXN09-00713,9,2026-05-23 23:06:59,2991.57,Coffee,90033,UPI,DEV-09-1,iPhone,Goa,23,5,1,3.5,79,3410.64,2199.35,1,287,132,0,0,1,0.0,0,
TXN09-00714,9,2026-05-23 23:18:05,1746.85,Cloud Services,90002,Card,DEV-09-1,iPhone,Pune,23,5,1,11.1,80,3409.7,2196.97,77,288,480,0,0,0,359.3,0,
TXN09-00715,9,2026-05-23 23:30:23,1833.13,Restaurants,90017,Card,DEV-09-6,Web,Pune,23,5,1,12.3,81,3395.68,2187.57,11,13,481,0,0,0,0.0,0,
TXN09-00716,9,2026-05-23 23:55:01,3925.47,Restaurants,90013,UPI,DEV-09-1,iPhone,Goa,23,5,1,24.63,82,3386.02,2184.93,14,289,133,0,0,0,359.3,0,
TXN09-00717,9,2026-05-24 04:42:48,18313.42,International Transfer,90001,UPI,DEV-09-1,iPhone,Unknown Country,4,6,1,287.78,1,3387.23,2182.63,73,290,1,0,1,0,8306.34,1,intl_transfer
TXN09-00718,9,2026-05-24 08:23:41,4180.23,Cloud Services,90010,UPI,DEV-09-4,iPhone,Pune,8,6,1,220.88,2,3420.55,2291.17,23,69,482,0,0,0,8307.79,0,
TXN09-00719,9,2026-05-24 08:29:07,879.26,Cloud Services,90002,Card,DEV-09-3,iPhone,Pune,8,6,1,5.43,3,3422.24,2288.9,78,121,483,0,0,0,0.0,0,
TXN09-00720,9,2026-05-24 08:43:39,4896.55,Coffee,90004,UPI,DEV-09-1,iPhone,Pune,8,6,1,14.53,4,3413.02,2293.87,81,291,484,0,0,0,0.0,0,
TXN09-00721,9,2026-05-24 08:46:52,1168.92,Coffee,90004,Card,DEV-09-1,iPhone,Pune,8,6,1,0.0,6,3414.32,2292.81,82,292,485,0,0,0,359.3,0,
TXN09-00722,9,2026-05-24 08:46:52,2477.61,Coffee,90033,UPI,DEV-09-5,Android,Goa,8,6,1,3.22,5,3416.41,2294.94,2,32,134,0,0,0,359.3,0,
TXN09-00723,9,2026-05-24 09:14:54,4106.36,Software,90007,Card,DEV-09-1,iPhone,Pune,9,6,1,28.03,7,3393.39,2284.99,50,293,486,0,0,0,0.0,0,
TXN09-00724,9,2026-05-24 09:51:27,2304.47,Restaurants,90005,UPI,DEV-09-2,Web,Goa,9,6,1,36.55,8,3408.26,2281.41,30,186,135,0,0,0,359.3,0,
TXN09-00725,9,2026-05-24 09:56:11,2014.15,Restaurants,90008,Card,DEV-09-7,Android,Pune,9,6,1,4.73,9,3405.77,2279.44,21,5,487,0,0,0,359.3,0,
TXN09-00726,9,2026-05-24 09:59:58,4100.0,Software,90001,UPI,DEV-UNK-3273,iPhone,Pune,9,6,1,3.78,10,3402.65,2277.83,74,1,488,1,0,0,0.0,1,new_device_fraud
TXN09-00727,9,2026-05-24 10:16:46,5142.91,Restaurants,90005,Card,DEV-09-2,Web,Pune,10,6,1,16.8,11,3404.21,2275.51,31,187,489,0,0,0,0.0,0,
TXN09-00728,9,2026-05-24 12:00:14,2661.11,Restaurants,90001,Card,DEV-09-4,iPhone,Pune,12,6,1,103.47,12,3415.53,2269.85,75,70,490,0,0,0,0.0,0,
TXN09-00729,9,2026-05-24 12:03:08,1293.48,Software,90006,Card,DEV-09-6,Web,Goa,12,6,1,2.9,13,3413.82,2267.56,74,14,136,0,0,0,359.3,0,
TXN09-00730,9,2026-05-24 12:11:31,5375.14,Coffee,90004,Card,DEV-09-3,iPhone,Goa,12,6,1,8.38,14,3409.02,2267.23,83,122,137,0,0,0,0.0,0,
TXN09-00731,9,2026-05-24 12:39:44,3509.74,Coffee,90019,UPI,DEV-09-4,iPhone,Pune,12,6,1,28.22,15,3413.46,2266.59,29,71,491,0,0,0,359.3,0,
TXN09-00732,9,2026-05-24 13:03:29,6393.91,Restaurants,90005,UPI,DEV-09-1,iPhone,Pune,13,6,1,23.75,16,3413.68,2264.04,32,294,492,0,0,0,0.0,0,
TXN09-00733,9,2026-05-24 13:22:34,2130.64,Coffee,90019,Card,DEV-09-2,Web,Pune,13,6,1,19.08,17,3419.32,2271.62,30,188,493,0,0,0,0.0,0,
TXN09-00734,9,2026-05-24 13:25:45,4697.15,Restaurants,90008,Card,DEV-09-1,iPhone,Goa,13,6,1,3.18,18,3416.41,2269.88,22,295,138,0,0,0,359.3,0,
TXN09-00735,9,2026-05-24 13:44:15,1006.58,Coffee,90023,Card,DEV-09-2,Web,Goa,13,6,1,18.5,19,3414.47,2268.41,9,189,139,0,0,0,0.0,0,
TXN09-00736,9,2026-05-24 13:55:45,1755.93,Cloud Services,90010,UPI,DEV-09-2,Web,Goa,13,6,1,11.5,20,3413.57,2269.28,24,190,140,0,0,0,0.0,0,
TXN09-00737,9,2026-05-24 14:17:59,7823.3,Software,90007,UPI,DEV-09-1,iPhone,Goa,14,6,1,22.23,21,3408.03,2270.23,51,296,141,0,0,0,0.0,0,
TXN09-00738,9,2026-05-24 14:47:58,3183.79,Restaurants,90013,Card,DEV-09-4,iPhone,Pune,14,6,1,29.98,22,3424.61,2283.63,15,72,494,0,0,0,359.3,0,
TXN09-00739,9,2026-05-24 15:40:08,2577.35,Cloud Services,90003,Card,DEV-09-4,iPhone,Pune,15,6,1,52.17,23,3442.94,2282.33,32,73,495,0,0,0,0.0,0,
TXN09-00740,9,2026-05-24 15:50:46,669.39,Cloud Services,90011,UPI,DEV-09-6,Web,Pune,15,6,1,10.63,24,3446.43,2279.86,23,15,496,0,0,0,0.0,0,
TXN09-00741,9,2026-05-24 15:57:24,2923.32,Restaurants,90001,UPI,DEV-09-3,iPhone,Pune,15,6,1,6.63,25,3439.97,2281.14,76,123,497,0,0,0,0.0,0,
TXN09-00742,9,2026-05-24 16:00:50,2250.42,Restaurants,90005,UPI,DEV-09-5,Android,Pune,16,6,1,3.43,26,3438.77,2278.62,33,33,498,0,0,0,0.0,0,
TXN09-00743,9,2026-05-24 16:13:08,32000.0,International Transfer,90001,UPI,DEV-09-1,iPhone,London,16,6,1,12.3,27,3441.73,2276.24,77,297,2,0,0,0,7306.0,1,intl_transfer
TXN09-00744,9,2026-05-24 16:21:51,2780.06,Software,90007,UPI,DEV-09-1,iPhone,Pune,16,6,1,8.72,28,3507.84,2655.72,52,298,499,0,0,0,7306.0,0,
TXN09-00745,9,2026-05-24 16:33:55,4981.98,Coffee,90004,UPI,DEV-09-1,iPhone,Pune,16,6,1,12.07,29,3505.73,2655.68,84,299,500,0,0,0,0.0,0,
TXN09-00746,9,2026-05-24 16:54:40,379.79,Coffee,90024,UPI,DEV-09-1,iPhone,Pune,16,6,1,20.75,30,3515.02,2660.89,8,300,501,0,0,0,0.0,0,
TXN09-00747,9,2026-05-24 17:04:10,1649.81,Software,90006,UPI,DEV-09-3,iPhone,Goa,17,6,1,9.5,31,3507.73,2662.08,75,124,142,0,0,0,359.3,0,
TXN09-00748,9,2026-05-24 18:05:32,2057.48,Software,90014,Card,DEV-09-4,iPhone,Bangalore,18,6,1,61.37,32,3507.06,2664.13,22,74,85,0,0,0,454.99,0,
TXN09-00749,9,2026-05-24 18:33:17,6961.07,Software,90006,UPI,DEV-09-1,iPhone,Pune,18,6,1,27.75,33,3510.86,2665.95,76,301,502,0,0,0,735.23,0,
TXN09-00750,9,2026-05-24 18:48:55,1835.63,Software,90006,UPI,DEV-09-3,iPhone,Pune,18,6,1,15.63,34,3516.79,2673.84,77,125,503,0,0,0,0.0,0,
TXN09-00751,9,2026-05-24 19:02:46,2070.53,Coffee,90023,UPI,DEV-09-4,iPhone,Goa,19,6,1,13.85,35,3512.86,2671.94,10,75,143,0,0,0,359.3,0,
TXN09-00752,9,2026-05-24 19:18:39,8000.0,Cloud Services,90002,Card,DEV-09-1,iPhone,Goa,19,6,1,15.88,36,3513.26,2671.71,79,302,144,0,0,0,0.0,0,
TXN09-00753,9,2026-05-24 19:23:55,1863.33,Cloud Services,90002,UPI,DEV-09-2,Web,Bangalore,19,6,1,5.27,37,3523.72,2677.36,80,191,86,0,0,0,454.99,0,
TXN09-00754,9,2026-05-24 19:33:24,3980.65,Coffee,90021,UPI,DEV-09-2,Web,Pune,19,6,1,9.48,38,3518.41,2678.38,18,192,504,0,0,0,735.23,0,
TXN09-00755,9,2026-05-24 19:47:37,1434.59,Software,90006,UPI,DEV-09-7,Android,Goa,19,6,1,14.22,39,3519.61,2678.48,78,6,145,0,0,0,359.3,0,
TXN09-00756,9,2026-05-24 20:08:15,2128.71,Cloud Services,90027,UPI,DEV-09-2,Web,Pune,20,6,1,20.63,40,3519.14,2682.09,7,193,505,0,0,0,359.3,0,
TXN09-00757,9,2026-05-24 20:13:19,1491.14,Coffee,90019,Card,DEV-09-3,iPhone,Goa,20,6,1,5.07,41,3515.9,2679.8,31,126,146,0,0,0,359.3,0,
TXN09-00758,9,2026-05-24 20:14:31,6611.99,Coffee,90019,Card,DEV-09-1,iPhone,Pune,20,6,1,1.2,42,3511.2,2678.46,32,303,506,0,0,0,359.3,0,
TXN09-00759,9,2026-05-24 20:58:46,2389.95,Coffee,90004,UPI,DEV-09-2,Web,Pune,20,6,1,44.25,43,3533.85,2688.88,85,194,507,0,0,0,0.0,0,
TXN09-00760,9,2026-05-24 21:34:27,2088.07,Coffee,90025,UPI,DEV-09-2,Web,Goa,21,6,1,35.68,44,3528.32,2693.93,5,195,147,0,0,0,359.3,0,
TXN09-00761,9,2026-05-24 22:24:24,1252.33,Restaurants,90017,Card,DEV-09-5,Android,Pune,22,6,1,49.95,45,3520.37,2698.75,12,34,508,0,0,0,359.3,0,
TXN09-00762,9,2026-05-24 22:26:04,1162.32,Restaurants,90012,UPI,DEV-09-2,Web,Pune,22,6,1,1.67,46,3514.97,2697.8,14,196,509,0,0,0,0.0,0,
TXN09-00763,9,2026-05-24 22:52:34,1639.87,Restaurants,90031,Card,DEV-09-1,iPhone,Bangalore,22,6,1,26.5,47,3510.82,2706.1,2,304,87,0,0,0,735.23,0,
TXN09-00764,9,2026-05-24 23:29:59,1012.15,Cloud Services,90002,Card,DEV-09-7,Android,Pune,23,6,1,37.42,48,3508.29,2707.36,81,7,510,0,0,0,735.23,0,
TXN09-00765,9,2026-05-24 23:34:02,4620.24,Cloud Services,90003,UPI,DEV-09-1,iPhone,Pune,23,6,1,4.05,49,3502.33,2706.87,33,305,511,0,0,0,0.0,0,
TXN09-00766,9,2026-05-24 23:44:02,1573.29,Coffee,90024,UPI,DEV-09-2,Web,Goa,23,6,1,10.0,50,3504.99,2704.19,9,197,148,0,0,0,359.3,0,
TXN09-00767,9,2026-05-25 08:12:47,1516.34,Coffee,90024,Card,DEV-09-2,Web,Goa,8,0,0,508.75,1,3489.77,2700.1,10,198,149,0,0,0,0.0,0,
TXN09-00768,9,2026-05-25 08:26:38,5473.84,Software,90016,UPI,DEV-09-1,iPhone,Pune,8,0,0,13.85,2,3470.16,2695.33,15,306,512,0,0,0,359.3,0,
TXN09-00769,9,2026-05-25 08:30:19,2078.76,Coffee,90022,UPI,DEV-09-2,Web,Goa,8,0,0,3.68,3,3470.93,2695.85,9,199,150,0,0,0,359.3,0,
TXN09-00770,9,2026-05-25 09:11:34,3614.11,Coffee,90004,UPI,DEV-09-3,iPhone,Pune,9,0,0,41.25,4,3466.07,2696.53,86,127,513,0,0,0,359.3,0,
TXN09-00771,9,2026-05-25 09:21:27,7059.46,Coffee,90004,UPI,DEV-09-1,iPhone,Goa,9,0,0,9.88,5,3466.43,2693.32,87,307,151,0,0,0,359.3,0,
TXN09-00772,9,2026-05-25 09:48:29,1096.58,Software,90007,UPI,DEV-09-5,Android,Goa,9,0,0,27.03,6,3473.77,2709.24,53,35,152,0,0,0,0.0,0,
TXN09-00773,9,2026-05-25 10:15:04,884.35,Restaurants,90001,Card,DEV-09-2,Web,Pune,10,0,0,26.58,7,3475.12,2712.84,78,200,514,0,0,0,359.3,0,
TXN09-00774,9,2026-05-25 10:54:03,3542.78,Restaurants,90005,Card,DEV-09-4,iPhone,Bangalore,10,0,0,38.98,8,3472.04,2716.88,34,76,88,0,0,0,735.23,0,
TXN09-00775,9,2026-05-25 11:50:06,6974.92,Restaurants,90001,UPI,DEV-09-2,Web,Pune,11,0,0,56.05,9,3459.74,2708.75,79,201,515,0,0,0,735.23,0,
TXN09-00776,9,2026-05-25 13:06:20,6568.41,Coffee,90032,Card,DEV-09-1,iPhone,Pune,13,0,0,76.23,10,3467.2,2711.14,3,308,516,0,0,0,0.0,0,
TXN09-00777,9,2026-05-25 13:49:53,5569.32,Coffee,90019,Card,DEV-09-3,iPhone,Pune,13,0,0,43.55,11,3476.75,2718.6,33,128,517,0,0,0,0.0,0,
TXN09-00778,9,2026-05-25 13:59:04,6807.69,Software,90006,Card,DEV-09-1,iPhone,Pune,13,0,0,9.18,12,3481.11,2720.54,79,309,518,0,0,0,0.0,0,
TXN09-00779,9,2026-05-25 14:15:01,4740.26,Cloud Services,90002,UPI,DEV-09-2,Web,Pune,14,0,0,15.95,13,3489.32,2722.19,82,202,519,0,0,0,0.0,0,
TXN09-00780,9,2026-05-25 14:22:19,3512.81,Cloud Services,90015,Card,DEV-09-3,iPhone,Pune,14,0,0,7.3,14,3492.4,2719.54,9,129,520,0,0,0,0.0,0,
TXN09-00781,9,2026-05-25 14:31:33,5360.52,Restaurants,90005,UPI,DEV-09-1,iPhone,Pune,14,0,0,9.23,15,3492.45,2716.2,35,310,521,0,0,0,0.0,0,
TXN09-00782,9,2026-05-25 14:32:42,5295.79,Coffee,90019,UPI,DEV-09-6,Web,Pune,14,0,0,1.15,16,3497.03,2714.44,34,16,522,0,0,0,0.0,0,
TXN09-00783,9,2026-05-25 14:43:53,8000.0,Coffee,90004,Card,DEV-09-3,iPhone,Pune,14,0,0,11.18,17,3499.28,2715.55,88,130,523,0,0,0,0.0,0,
TXN09-00784,9,2026-05-25 15:41:01,4620.66,Coffee,90004,UPI,DEV-09-3,iPhone,Pune,15,0,0,57.13,18,3511.94,2735.27,89,131,524,0,0,0,0.0,0,
TXN09-00785,9,2026-05-25 16:14:06,2346.12,Restaurants,90001,UPI,DEV-09-3,iPhone,Pune,16,0,0,33.08,19,3517.54,2740.6,80,132,525,0,0,0,0.0,0,
TXN09-00786,9,2026-05-25 16:50:29,662.12,Cloud Services,90027,Card,DEV-09-4,iPhone,Goa,16,0,0,36.38,20,3518.17,2742.27,8,77,153,0,0,0,359.3,0,
TXN09-00787,9,2026-05-25 17:39:35,380.23,Restaurants,90001,UPI,DEV-09-3,iPhone,Pune,17,0,0,49.1,21,3527.52,2756.38,81,133,526,0,0,0,359.3,0,
TXN09-00788,9,2026-05-25 18:12:19,3013.26,Software,90006,Card,DEV-09-2,Web,Pune,18,0,0,32.73,22,3524.97,2766.44,80,203,527,0,0,0,0.0,0,
TXN09-00789,9,2026-05-25 18:31:45,1658.81,Software,90018,Card,DEV-09-2,Web,Pune,18,0,0,19.43,23,3513.93,2760.63,19,204,528,0,0,0,0.0,0,
TXN09-00790,9,2026-05-25 18:43:28,3524.3,Coffee,90024,UPI,DEV-09-1,iPhone,Pune,18,0,0,11.72,24,3516.24,2763.22,11,311,529,0,0,0,0.0,0,
TXN09-00791,9,2026-05-25 18:53:18,3905.09,Software,90006,UPI,DEV-09-1,iPhone,Pune,18,0,0,9.83,25,3523.13,2759.87,81,312,530,0,0,0,0.0,0,
TXN09-00792,9,2026-05-25 18:59:43,5107.6,Software,90006,UPI,DEV-09-1,iPhone,Pune,18,0,0,6.42,26,3524.11,2756.41,82,313,531,0,0,0,0.0,0,
TXN09-00793,9,2026-05-25 20:18:51,2701.23,Cloud Services,90011,Card,DEV-09-4,iPhone,Goa,20,0,0,79.13,27,3523.34,2768.06,24,78,154,0,0,0,359.3,0,
TXN09-00794,9,2026-05-25 20:34:23,695.09,Coffee,90019,UPI,DEV-09-8,Web,Goa,20,0,0,15.53,28,3521.24,2775.03,35,2,155,0,0,0,0.0,0,
TXN09-00795,9,2026-05-25 20:38:58,2713.58,Coffee,90024,UPI,DEV-09-8,Web,Pune,20,0,0,4.58,29,3513.94,2775.15,12,3,532,0,0,0,359.3,0,
TXN09-00796,9,2026-05-25 20:44:16,2608.92,Coffee,90021,UPI,DEV-09-2,Web,Goa,20,0,0,5.3,30,3511.88,2771.87,19,205,156,0,0,0,359.3,0,
TXN09-00797,9,2026-05-25 20:44:32,5956.24,Coffee,90004,Card,DEV-09-2,Web,Pune,20,0,0,0.27,31,3509.56,2768.69,90,206,533,0,0,0,359.3,0,
TXN09-00798,9,2026-05-25 21:40:06,6396.42,Restaurants,90008,Card,DEV-09-3,iPhone,Pune,21,0,0,55.57,32,3530.4,2775.26,23,134,534,0,0,0,0.0,0,
TXN09-00799,9,2026-05-25 21:50:10,1595.19,Coffee,90004,UPI,DEV-09-3,iPhone,Pune,21,0,0,10.07,33,3539.28,2778.93,91,135,535,0,0,0,0.0,0,
TXN09-00800,9,2026-05-25 23:18:48,1525.12,Software,90006,UPI,DEV-09-1,iPhone,Pune,23,0,0,88.63,34,3535.4,2792.64,83,314,536,0,0,0,0.0,0,
TXN09-00801,9,2026-05-26 08:16:59,2078.82,Cloud Services,90034,Card,DEV-09-1,iPhone,Bangalore,8,1,0,538.18,1,3528.61,2794.38,1,315,89,0,0,1,735.23,0,
TXN09-00802,9,2026-05-26 08:51:31,3591.74,Restaurants,90013,UPI,DEV-09-1,iPhone,Pune,8,1,0,34.53,2,3524.8,2791.69,16,316,537,0,0,0,735.23,0,
TXN09-00803,9,2026-05-26 08:58:26,8000.0,Restaurants,90008,UPI,DEV-09-2,Web,Goa,8,1,0,6.92,3,3521.41,2790.82,24,207,157,0,0,0,359.3,0,
TXN09-00804,9,2026-05-26 09:45:27,2045.61,Restaurants,90001,UPI,DEV-09-1,iPhone,Pune,9,1,0,47.02,4,3531.96,2798.88,82,317,538,0,0,0,359.3,0,
TXN09-00805,9,2026-05-26 09:59:34,2416.94,Coffee,90020,UPI,DEV-09-8,Web,Pune,9,1,0,14.12,5,3528.06,2796.24,19,4,539,0,0,0,0.0,0,
TXN09-00806,9,2026-05-26 10:24:48,5878.7,Software,90006,UPI,DEV-09-2,Web,Pune,10,1,0,25.23,6,3525.15,2793.16,84,208,540,0,0,0,0.0,0,
TXN09-00807,9,2026-05-26 10:26:28,3923.3,Restaurants,90005,UPI,DEV-09-4,iPhone,Pune,10,1,0,1.67,7,3531.3,2792.09,36,79,541,0,0,0,0.0,0,
TXN09-00808,9,2026-05-26 10:31:51,2561.28,Coffee,90020,Card,DEV-09-4,iPhone,Goa,10,1,0,5.38,8,3532.32,2788.53,20,80,158,0,0,0,359.3,0,
TXN09-00809,9,2026-05-26 10:58:44,6263.42,Coffee,90019,UPI,DEV-09-4,iPhone,Pune,10,1,0,26.88,9,3529.8,2785.34,36,81,542,0,0,0,359.3,0,
TXN09-00810,9,2026-05-26 11:09:48,1260.69,Software,90016,Card,DEV-09-1,iPhone,Goa,11,1,0,11.07,10,3536.88,2785.2,16,318,159,0,0,0,359.3,0,
TXN09-00811,9,2026-05-26 11:21:14,2080.35,Software,90006,UPI,DEV-09-4,iPhone,Pune,11,1,0,11.43,11,3531.0,2784.0,85,82,543,0,0,0,359.3,0,
TXN09-00812,9,2026-05-26 12:13:54,1246.26,Software,90007,Card,DEV-09-1,iPhone,Pune,12,1,0,52.67,12,3527.26,2781.38,54,319,544,0,0,0,0.0,0,
TXN09-00813,9,2026-05-26 12:28:31,1760.67,Cloud Services,90034,Card,DEV-09-5,Android,Goa,12,1,0,14.62,13,3521.4,2780.2,2,36,160,0,0,0,359.3,0,
TXN09-00814,9,2026-05-26 12:37:31,1428.51,Software,90014,UPI,DEV-09-8,Web,Pune,12,1,0,9.0,14,3516.88,2778.06,23,5,545,0,0,0,359.3,0,
TXN09-00815,9,2026-05-26 12:47:48,2801.04,Coffee,90004,Card,DEV-09-1,iPhone,Pune,12,1,0,10.28,15,3511.54,2776.51,92,320,546,0,0,0,0.0,0,
TXN09-00816,9,2026-05-26 13:23:41,3673.05,Coffee,90020,Card,DEV-09-3,iPhone,Pune,13,1,0,35.88,16,3519.27,2778.29,21,136,547,0,0,0,0.0,0,
TXN09-00817,9,2026-05-26 13:30:55,2175.59,Coffee,90022,UPI,DEV-09-7,Android,Goa,13,1,0,7.23,17,3519.67,2774.73,10,8,161,0,0,0,359.3,0,
TXN09-00818,9,2026-05-26 14:21:14,5336.49,Coffee,90024,UPI,DEV-09-1,iPhone,Pune,14,1,0,50.32,18,3488.87,2764.5,13,321,548,0,0,0,359.3,0,
TXN09-00819,9,2026-05-26 14:36:04,2133.59,Coffee,90022,Card,DEV-09-1,iPhone,Goa,14,1,0,14.83,19,3493.62,2762.53,11,322,162,0,0,0,359.3,0,
TXN09-00820,9,2026-05-26 14:46:41,3278.32,Restaurants,90013,Card,DEV-09-5,Android,Pune,14,1,0,10.62,20,3490.13,2759.84,17,37,549,0,0,0,359.3,0,
TXN09-00821,9,2026-05-26 14:48:31,4042.51,Restaurants,90008,Card,DEV-09-2,Web,Pune,14,1,0,1.83,21,3489.59,2756.33,25,209,550,0,0,0,0.0,0,
TXN09-00822,9,2026-05-26 15:03:21,2555.51,Restaurants,90009,Card,DEV-09-1,iPhone,Pune,15,1,0,14.83,22,3495.75,2754.87,20,323,551,0,0,0,0.0,0,
TXN09-00823,9,2026-05-26 15:32:42,2256.17,Cloud Services,90010,Card,DEV-09-1,iPhone,Pune,15,1,0,29.35,23,3493.35,2751.76,25,324,552,0,0,0,0.0,0,
TXN09-00824,9,2026-05-26 15:50:42,647.92,Cloud Services,90002,Card,DEV-09-3,iPhone,Pune,15,1,0,18.0,24,3490.2,2748.96,83,137,553,0,0,0,0.0,0,
TXN09-00825,9,2026-05-26 16:05:38,3221.9,Restaurants,90001,Card,DEV-09-4,iPhone,Pune,16,1,0,14.93,25,3484.46,2752.54,83,83,554,0,0,0,0.0,0,
TXN09-00826,9,2026-05-26 16:07:31,1072.64,Coffee,90022,UPI,DEV-09-1,iPhone,Goa,16,1,0,1.88,26,3483.8,2749.07,12,325,163,0,0,0,359.3,0,
TXN09-00827,9,2026-05-26 16:33:03,1769.76,Restaurants,90012,Card,DEV-09-2,Web,Goa,16,1,0,25.53,27,3485.7,2747.14,15,210,164,0,0,0,0.0,0,
TXN09-00828,9,2026-05-26 16:45:22,1718.7,Software,90006,UPI,DEV-09-1,iPhone,Bangalore,16,1,0,12.32,28,3478.57,2747.93,86,326,90,0,0,0,454.99,0,
TXN09-00829,9,2026-05-26 17:20:56,4002.8,Coffee,90004,UPI,DEV-09-1,iPhone,Goa,17,1,0,35.57,29,3469.46,2744.73,93,327,165,0,0,0,454.99,0,
TXN09-00830,9,2026-05-26 17:34:40,7056.27,Restaurants,90005,Card,DEV-09-1,iPhone,Goa,17,1,0,13.73,30,3462.09,2739.39,37,328,166,0,0,0,0.0,0,
TXN09-00831,9,2026-05-26 17:35:46,708.29,Restaurants,90013,Card,DEV-09-6,Web,Bangalore,17,1,0,1.1,31,3471.21,2741.88,18,17,91,0,0,0,454.99,0,
TXN09-00832,9,2026-05-26 18:14:22,8000.0,Cloud Services,90034,UPI,DEV-09-1,iPhone,Pune,18,1,0,38.6,32,3469.1,2750.35,3,329,555,0,0,0,735.23,0,
TXN09-00833,9,2026-05-26 18:26:55,4246.39,Coffee,90004,Card,DEV-09-1,iPhone,Bangalore,18,1,0,12.55,33,3468.97,2753.87,94,330,92,0,0,0,735.23,0,
TXN09-00834,9,2026-05-26 19:00:32,2003.95,Software,90007,UPI,DEV-09-3,iPhone,Hyderabad,19,1,0,33.62,34,3475.89,2752.41,55,138,1,0,1,0,499.99,0,
TXN09-00835,9,2026-05-26 19:53:48,2605.3,Restaurants,90001,UPI,DEV-09-2,Web,Pune,19,1,0,53.27,35,3483.1,2757.92,84,211,556,0,0,0,505.75,0,
TXN09-00836,9,2026-05-26 19:54:24,1355.7,Software,90006,Card,DEV-09-4,iPhone,Bangalore,19,1,0,0.6,36,3480.84,2754.73,87,84,93,0,0,0,735.23,0,
TXN09-00837,9,2026-05-26 20:11:42,584.38,Cloud Services,90011,UPI,DEV-09-4,iPhone,Pune,20,1,0,17.3,37,3476.13,2756.8,25,85,557,0,0,0,735.23,0,
TXN09-00838,9,2026-05-26 20:34:55,2164.56,Cloud Services,90002,UPI,DEV-09-1,iPhone,Pune,20,1,0,23.22,38,3468.72,2757.14,84,331,558,0,0,0,0.0,0,
TXN09-00839,9,2026-05-26 20:35:26,2809.4,Software,90016,UPI,DEV-09-1,iPhone,Pune,20,1,0,0.52,39,3465.38,2754.4,17,332,559,0,0,0,0.0,0,
TXN09-00840,9,2026-05-26 20:45:09,3536.43,Restaurants,90028,Card,DEV-09-1,iPhone,Pune,20,1,0,9.72,40,3469.1,2752.53,4,333,560,0,0,0,0.0,0,
TXN09-00841,9,2026-05-26 20:59:10,3261.51,Restaurants,90008,Card,DEV-09-7,Android,Pune,20,1,0,14.02,41,3457.68,2742.96,26,9,561,0,0,0,0.0,0,
TXN09-00842,9,2026-05-26 21:17:40,2845.95,Coffee,90035,Card,DEV-09-4,iPhone,Pune,21,1,0,18.5,42,3457.18,2739.47,1,86,562,0,0,1,0.0,0,
TXN09-00843,9,2026-05-26 21:32:00,4442.49,Software,90014,UPI,DEV-09-3,iPhone,Pune,21,1,0,14.33,43,3455.63,2736.16,24,139,563,0,0,0,0.0,0,
TXN09-00844,9,2026-05-26 21:34:56,2693.48,Software,90006,Card,DEV-09-2,Web,Pune,21,1,0,2.93,44,3458.13,2733.14,88,212,564,0,0,0,0.0,0,
TXN09-00845,9,2026-05-26 21:49:00,2224.11,Restaurants,90005,Card,DEV-09-2,Web,Pune,21,1,0,14.07,45,3456.19,2729.94,38,213,565,0,0,0,0.0,0,
TXN09-00846,9,2026-05-26 22:00:40,8000.0,Coffee,90004,UPI,DEV-09-1,iPhone,Bangalore,22,1,0,11.67,46,3453.08,2727.2,95,334,94,0,0,0,735.23,0,
TXN09-00847,9,2026-05-26 22:00:42,6134.43,Restaurants,90001,UPI,DEV-09-5,Android,Goa,22,1,0,0.03,47,3464.54,2733.28,85,38,167,0,0,0,454.99,0,
TXN09-00848,9,2026-05-26 22:29:32,4701.44,Cloud Services,90003,Card,DEV-09-1,iPhone,Pune,22,1,0,28.83,48,3472.6,2736.42,34,335,566,0,0,0,359.3,0,
TXN09-00849,9,2026-05-26 22:48:51,6692.97,Software,90014,Card,DEV-09-2,Web,Pune,22,1,0,19.32,49,3475.68,2733.67,25,214,567,0,0,0,0.0,0,
TXN09-00850,9,2026-05-26 23:42:35,3288.86,Software,90183,Card,DEV-09-3,iPhone,Pune,23,1,0,53.73,50,3483.75,2734.98,1,140,568,0,0,1,0.0,1,ato_new_merchant_same_category
TXN09-00851,9,2026-05-26 23:47:10,2912.88,Restaurants,90009,Card,DEV-09-1,iPhone,Pune,23,1,0,4.58,51,3483.26,2731.58,21,336,569,0,0,0,0.0,0,
TXN09-00852,9,2026-05-26 23:54:26,6748.09,Restaurants,90036,UPI,DEV-09-2,Web,Bangalore,23,1,0,7.27,52,3481.84,2728.32,1,215,95,0,0,1,735.23,0,
TXN09-00853,9,2026-05-27 01:35:27,4997.5,Restaurants,90182,UPI,DEV-09-3,iPhone,Pune,1,2,0,101.02,1,3489.96,2729.77,1,141,570,0,0,1,735.23,1,ato_odd_hour_new_merchant_same_category
TXN09-00854,9,2026-05-27 08:40:22,925.91,Coffee,90020,UPI,DEV-09-1,iPhone,Pune,8,2,0,424.92,2,3479.26,2720.09,22,337,571,0,0,0,0.0,0,
TXN09-00855,9,2026-05-27 08:40:46,4594.91,Restaurants,90026,Card,DEV-09-3,iPhone,Pune,8,2,0,0.4,3,3472.88,2719.68,5,142,572,0,0,0,0.0,0,
TXN09-00856,9,2026-05-27 08:43:29,2442.76,Restaurants,90037,UPI,DEV-09-1,iPhone,Bangalore,8,2,0,2.72,4,3475.68,2716.87,1,338,96,0,0,1,735.23,0,
TXN09-00857,9,2026-05-27 08:51:10,595.49,Cloud Services,90011,Card,DEV-09-3,iPhone,Pune,8,2,0,7.68,5,3473.11,2713.97,26,143,573,0,0,0,735.23,0,
TXN09-00858,9,2026-05-27 09:19:32,1137.4,Restaurants,90001,Card,DEV-09-3,iPhone,Bangalore,9,2,0,28.37,6,3465.97,2714.38,86,144,97,0,0,0,735.23,0,
TXN09-00859,9,2026-05-27 09:25:36,2201.2,Restaurants,90001,UPI,DEV-09-3,iPhone,Bangalore,9,2,0,6.07,7,3460.2,2713.49,87,145,98,0,0,0,0.0,0,
TXN09-00860,9,2026-05-27 09:26:13,1812.63,Coffee,90024,UPI,DEV-09-4,iPhone,Bangalore,9,2,0,0.62,8,3457.09,2710.86,14,87,99,0,0,0,0.0,0,
TXN09-00861,9,2026-05-27 09:47:02,1930.08,Software,90007,UPI,DEV-09-1,iPhone,Goa,9,2,0,20.82,9,3449.44,2717.15,56,339,168,0,0,0,454.99,0,
TXN09-00862,9,2026-05-27 09:56:14,5279.5,Restaurants,90036,UPI,DEV-09-1,iPhone,Pune,9,2,0,9.2,10,3449.81,2716.94,2,340,574,0,0,0,359.3,0,
TXN09-00863,9,2026-05-27 10:36:08,1301.68,Software,90007,UPI,DEV-09-1,iPhone,Goa,10,2,0,39.9,11,3462.75,2719.21,57,341,169,0,0,0,359.3,0,
TXN09-00864,9,2026-05-27 10:36:12,5711.16,Software,90016,UPI,DEV-09-2,Web,Bangalore,10,2,0,0.07,12,3457.39,2717.96,18,216,100,0,0,0,454.99,0,
TXN09-00865,9,2026-05-27 10:50:18,7438.85,Coffee,90032,UPI,DEV-09-2,Web,Pune,10,2,0,14.1,13,3462.97,2716.9,4,217,575,0,0,0,735.23,0,
TXN09-00866,9,2026-05-27 11:51:32,8000.0,Software,90014,UPI,DEV-09-1,iPhone,Pune,11,2,0,61.23,14,3480.46,2728.75,26,342,576,0,0,0,0.0,0,
TXN09-00867,9,2026-05-27 12:30:11,2930.49,Restaurants,90001,UPI,DEV-09-1,iPhone,Pune,12,2,0,38.65,15,3485.8,2738.4,88,343,577,0,0,0,0.0,0,
TXN09-00868,9,2026-05-27 12:35:01,3570.1,Software,90014,Card,DEV-09-5,Android,Pune,12,2,0,4.83,16,3484.42,2735.13,27,39,578,0,0,0,0.0,0,
TXN09-00869,9,2026-05-27 12:47:33,2052.25,Coffee,90020,Card,DEV-09-2,Web,Pune,12,2,0,12.53,17,3473.4,2725.82,23,218,579,0,0,0,0.0,0,
TXN09-00870,9,2026-05-27 13:01:17,493.54,Cloud Services,90011,Card,DEV-09-3,iPhone,Pune,13,2,0,13.73,18,3469.87,2723.35,27,146,580,0,0,0,0.0,0,
TXN09-00871,9,2026-05-27 13:16:10,1966.38,Software,90006,UPI,DEV-09-1,iPhone,Goa,13,2,0,14.88,19,3462.51,2724.0,89,344,170,0,0,0,359.3,0,
TXN09-00872,9,2026-05-27 13:26:54,959.65,Cloud Services,90002,UPI,DEV-09-1,iPhone,Pune,13,2,0,10.73,20,3465.54,2725.61,85,345,581,0,0,0,359.3,0,
TXN09-00873,9,2026-05-27 14:07:05,5445.39,Cloud Services,90002,Card,DEV-09-2,Web,Goa,14,2,0,40.18,21,3453.17,2733.0,86,219,171,0,0,0,359.3,0,
TXN09-00874,9,2026-05-27 14:15:37,3155.57,Software,90006,Card,DEV-09-4,iPhone,Pune,14,2,0,8.53,22,3458.12,2731.4,90,88,582,0,0,0,359.3,0,
TXN09-00875,9,2026-05-27 14:25:06,3165.58,Restaurants,90001,UPI,DEV-09-1,iPhone,Pune,14,2,0,9.48,23,3457.37,2728.05,89,346,583,0,0,0,0.0,0,
TXN09-00876,9,2026-05-27 15:26:17,5977.31,Restaurants,90001,Card,DEV-09-8,Web,Goa,15,2,0,61.18,24,3450.51,2730.05,90,6,172,0,0,0,359.3,0,
TXN09-00877,9,2026-05-27 16:58:33,281.75,Coffee,90021,Card,DEV-09-2,Web,Pune,16,2,0,92.27,25,3456.18,2739.37,20,220,584,0,0,0,359.3,0,
TXN09-00878,9,2026-05-27 17:15:42,2033.23,Restaurants,90037,UPI,DEV-09-2,Web,Bangalore,17,2,0,17.15,26,3451.63,2743.12,2,221,101,0,0,0,735.23,0,
TXN09-00879,9,2026-05-27 17:21:21,6206.93,Cloud Services,90030,Card,DEV-09-1,iPhone,Pune,17,2,0,5.65,27,3448.09,2740.62,2,347,585,0,0,0,735.23,0,
TXN09-00880,9,2026-05-27 18:07:50,1836.22,Coffee,90020,UPI,DEV-09-7,Android,Pune,18,2,0,46.48,28,3460.9,2741.48,24,10,586,0,0,0,0.0,0,
TXN09-00881,9,2026-05-27 19:21:54,4830.69,Cloud Services,90003,UPI,DEV-09-5,Android,Pune,19,2,0,74.07,29,3463.65,2754.82,35,40,587,0,0,0,0.0,0,
TXN09-00882,9,2026-05-27 19:57:51,3442.61,Coffee,90035,UPI,DEV-09-7,Android,Pune,19,2,0,35.95,30,3467.11,2752.18,2,11,588,0,0,0,0.0,0,
TXN09-00883,9,2026-05-27 20:07:11,5989.28,Restaurants,90005,UPI,DEV-09-3,iPhone,Pune,20,2,0,9.33,31,3467.05,2748.71,39,147,589,0,0,0,0.0,0,
TXN09-00884,9,2026-05-27 20:14:39,1269.19,Cloud Services,90002,Card,DEV-09-2,Web,Pune,20,2,0,7.47,32,3473.4,2748.15,87,222,590,0,0,0,0.0,0,
TXN09-00885,9,2026-05-27 20:17:05,3500.93,Coffee,90022,UPI,DEV-09-3,iPhone,Pune,20,2,0,2.43,33,3467.87,2746.91,13,148,591,0,0,0,0.0,0,
TXN09-00886,9,2026-05-27 20:52:56,780.54,Restaurants,90001,Card,DEV-09-7,Android,Pune,20,2,0,35.85,34,3471.55,2745.97,91,12,592,0,0,0,0.0,0,
TXN09-00887,9,2026-05-27 21:01:10,1391.69,Software,90006,UPI,DEV-09-5,Android,Bangalore,21,2,0,8.23,35,3464.81,2745.83,91,41,102,0,0,0,735.23,0,
TXN09-00888,9,2026-05-27 21:11:27,3435.07,Restaurants,90013,UPI,DEV-09-1,iPhone,Bangalore,21,2,0,10.28,36,3456.61,2747.13,19,348,103,0,0,0,0.0,0,
TXN09-00889,9,2026-05-27 21:23:46,5455.73,Coffee,90020,UPI,DEV-09-1,iPhone,Pune,21,2,0,12.32,37,3456.56,2743.69,25,349,593,0,0,0,735.23,0,
TXN09-00890,9,2026-05-27 21:30:18,2437.63,Software,90006,UPI,DEV-09-1,iPhone,Pune,21,2,0,6.53,38,3461.55,2742.08,92,350,594,0,0,0,0.0,0,
TXN09-00891,9,2026-05-27 21:36:09,1594.86,Cloud Services,90034,UPI,DEV-09-1,iPhone,Pune,21,2,0,5.85,39,3459.0,2739.14,4,351,595,0,0,0,0.0,0,
TXN09-00892,9,2026-05-27 21:49:24,5102.49,Software,90029,Card,DEV-09-2,Web,Goa,21,2,0,13.25,40,3454.37,2737.31,5,223,173,0,0,0,359.3,0,
TXN09-00893,9,2026-05-27 21:58:51,3100.31,Software,90029,Card,DEV-09-1,iPhone,Goa,21,2,0,9.45,41,3458.45,2735.15,6,352,174,0,0,0,0.0,0,
TXN09-00894,9,2026-05-27 22:31:44,2034.75,Restaurants,90013,UPI,DEV-09-1,iPhone,Pune,22,2,0,32.88,42,3454.37,2729.11,20,353,596,0,0,0,359.3,0,
TXN09-00895,9,2026-05-27 22:35:02,1064.43,Cloud Services,90038,Card,DEV-09-3,iPhone,Bangalore,22,2,0,3.3,43,3450.86,2726.64,1,149,104,0,0,1,735.23,0,
TXN09-00896,9,2026-05-27 22:55:11,705.73,Restaurants,90009,UPI,DEV-09-1,iPhone,Pune,22,2,0,20.15,44,3444.96,2725.85,22,354,597,0,0,0,735.23,0,
TXN09-00897,9,2026-05-27 22:58:51,6542.57,Software,90018,Card,DEV-09-2,Web,Pune,22,2,0,3.67,45,3438.22,2725.87,20,224,598,0,0,0,0.0,0,
TXN09-00898,9,2026-05-27 23:05:12,3657.57,Restaurants,90028,UPI,DEV-09-1,iPhone,Pune,23,2,0,6.35,46,3445.84,2726.86,5,355,599,0,0,0,0.0,0,
TXN09-00899,9,2026-05-27 23:07:36,965.46,Restaurants,90031,Card,DEV-09-2,Web,Pune,23,2,0,2.4,47,3446.36,2723.53,3,225,600,0,0,0,0.0,0,
TXN09-00900,9,2026-05-28 01:13:20,4100.0,Software,90001,UPI,DEV-UNK-7175,Android,Pune,1,3,0,125.73,1,3445.29,2728.69,92,1,601,1,0,0,0.0,1,new_device_fraud
TXN09-00901,9,2026-05-28 02:24:41,8121.85,International Transfer,90001,UPI,DEV-09-1,iPhone,London,2,3,0,71.35,2,3446.89,2725.54,93,356,3,0,0,0,7306.0,1,intl_transfer
TXN09-00902,9,2026-05-28 09:19:15,2544.01,Restaurants,90008,Card,DEV-09-3,iPhone,Pune,9,3,0,414.57,3,3465.5,2744.56,27,150,602,0,0,0,7306.0,0,
TXN09-00903,9,2026-05-28 09:19:26,1527.62,Software,90007,Card,DEV-09-3,iPhone,Pune,9,3,0,0.18,4,3463.22,2741.54,58,151,603,0,0,0,0.0,0,
TXN09-00904,9,2026-05-28 09:50:04,1389.87,Restaurants,90009,Card,DEV-09-1,iPhone,Pune,9,3,0,30.63,5,3456.05,2743.16,23,357,604,0,0,0,0.0,0,
TXN09-00905,9,2026-05-28 09:57:00,1650.88,Cloud Services,90011,UPI,DEV-09-3,iPhone,Pune,9,3,0,6.93,6,3450.89,2741.67,28,152,605,0,0,0,0.0,0,
TXN09-00906,9,2026-05-28 10:35:09,2804.49,Cloud Services,90002,UPI,DEV-09-3,iPhone,Pune,10,3,0,38.15,7,3439.85,2740.01,88,153,606,0,0,0,0.0,0,
TXN09-00907,9,2026-05-28 11:02:03,4707.66,Software,90018,UPI,DEV-09-2,Web,Pune,11,3,0,26.9,8,3438.1,2736.84,21,226,607,0,0,0,0.0,0,
TXN09-00908,9,2026-05-28 11:41:55,4130.64,Cloud Services,90002,UPI,DEV-09-1,iPhone,Pune,11,3,0,39.87,9,3447.49,2741.9,89,358,608,0,0,0,0.0,0,
TXN09-00909,9,2026-05-28 11:42:49,3617.35,Coffee,90019,UPI,DEV-09-1,iPhone,Goa,11,3,0,0.9,10,3449.21,2738.67,37,359,175,0,0,0,359.3,0,
TXN09-00910,9,2026-05-28 11:54:07,5344.65,Cloud Services,90030,UPI,DEV-09-1,iPhone,Pune,11,3,0,11.3,11,3449.63,2735.25,3,360,609,0,0,0,359.3,0,
TXN09-00911,9,2026-05-28 12:12:56,2685.03,Software,90014,UPI,DEV-09-5,Android,Goa,12,3,0,18.82,12,3458.54,2733.14,28,42,176,0,0,0,359.3,0,
TXN09-00912,9,2026-05-28 12:27:48,4704.4,Cloud Services,90002,Card,DEV-09-3,iPhone,Pune,12,3,0,14.87,13,3450.53,2730.74,90,154,610,0,0,0,359.3,0,
TXN09-00913,9,2026-05-28 12:40:24,5705.12,Cloud Services,90015,Card,DEV-09-3,iPhone,Pune,12,3,0,12.6,14,3457.86,2730.19,10,155,611,0,0,0,0.0,0,
TXN09-00914,9,2026-05-28 13:51:39,3905.75,Software,90007,Card,DEV-09-3,iPhone,Pune,13,3,0,71.25,15,3466.33,2741.63,59,156,612,0,0,0,0.0,0,
TXN09-00915,9,2026-05-28 14:00:06,936.51,Coffee,90004,UPI,DEV-09-6,Web,Goa,14,3,0,8.45,16,3468.72,2741.61,96,18,177,0,0,0,359.3,0,
TXN09-00916,9,2026-05-28 14:32:16,8000.0,Cloud Services,90002,Card,DEV-09-4,iPhone,Goa,14,3,0,32.17,17,3447.79,2715.54,91,89,178,0,0,0,0.0,0,
TXN09-00917,9,2026-05-28 14:42:06,7487.27,Software,90007,UPI,DEV-09-1,iPhone,Pune,14,3,0,9.83,18,3459.5,2721.83,60,361,613,0,0,0,359.3,0,
TXN09-00918,9,2026-05-28 15:12:33,3686.19,Coffee,90004,UPI,DEV-09-6,Web,Bangalore,15,3,0,30.45,19,3465.74,2728.27,97,19,105,0,0,0,735.23,0,
TXN09-00919,9,2026-05-28 15:13:48,1012.88,Restaurants,90008,UPI,DEV-09-1,iPhone,Pune,15,3,0,1.25,20,3466.31,2724.79,28,362,614,0,0,0,735.23,0,
TXN09-00920,9,2026-05-28 15:29:01,8000.0,Coffee,90032,UPI,DEV-09-6,Web,Pune,15,3,0,15.22,21,3462.28,2727.26,5,20,615,0,0,0,0.0,0,
TXN09-00921,9,2026-05-28 16:16:23,1291.96,Cloud Services,90034,Card,DEV-09-7,Android,Pune,16,3,0,47.37,22,3489.78,2747.29,5,13,616,0,0,0,0.0,0,
TXN09-00922,9,2026-05-28 16:54:02,4412.63,Restaurants,90012,Card,DEV-09-2,Web,Pune,16,3,0,37.65,23,3480.17,2754.41,16,227,617,0,0,0,0.0,0,
TXN09-00923,9,2026-05-28 17:19:17,1006.11,Coffee,90019,Card,DEV-09-1,iPhone,Goa,17,3,0,25.25,24,3482.6,2751.24,38,363,179,0,0,0,359.3,0,
TXN09-00924,9,2026-05-28 17:52:05,3163.96,Coffee,90004,UPI,DEV-09-2,Web,Goa,17,3,0,32.8,25,3477.87,2753.93,98,228,180,0,0,0,0.0,0,
TXN09-00925,9,2026-05-28 18:08:22,637.73,Restaurants,90037,UPI,DEV-09-1,iPhone,Pune,18,3,0,16.28,26,3478.51,2760.78,3,364,618,0,0,0,359.3,0,
TXN09-00926,9,2026-05-28 18:45:07,3948.96,Restaurants,90168,UPI,DEV-09-1,iPhone,Goa,18,3,0,36.75,27,3475.92,2767.37,1,365,181,0,0,1,359.3,1,ato_new_merchant_same_category
TXN09-00927,9,2026-05-28 19:03:27,3013.26,Cloud Services,90038,Card,DEV-09-2,Web,Pune,19,3,0,18.33,28,3482.66,2765.38,2,229,619,0,0,0,359.3,0,
TXN09-00928,9,2026-05-28 19:15:17,5385.7,Coffee,90020,UPI,DEV-09-6,Web,Pune,19,3,0,11.83,29,3475.12,2762.72,26,21,620,0,0,0,0.0,0,
TXN09-00929,9,2026-05-28 19:47:19,1937.57,Coffee,90020,Card,DEV-09-7,Android,Pune,19,3,0,32.03,30,3469.77,2763.42,27,14,621,0,0,0,0.0,0,
TXN09-00930,9,2026-05-28 19:59:10,1758.02,Restaurants,90012,UPI,DEV-09-1,iPhone,Pune,19,3,0,11.85,31,3461.02,2762.98,17,366,622,0,0,0,0.0,0,
TXN09-00931,9,2026-05-28 20:13:09,1001.18,Cloud Services,90002,Card,DEV-09-5,Android,Pune,20,3,0,13.98,32,3462.17,2768.13,92,43,623,0,0,0,0.0,0,
TXN09-00932,9,2026-05-28 20:14:42,1272.44,Software,90007,UPI,DEV-09-5,Android,Bangalore,20,3,0,1.55,33,3455.7,2767.36,61,44,106,0,0,0,735.23,0,
TXN09-00933,9,2026-05-28 21:09:28,2293.92,Cloud Services,90003,UPI,DEV-09-5,Android,Pune,21,3,0,54.77,34,3407.31,2750.16,36,45,624,0,0,0,735.23,0,
TXN09-00934,9,2026-05-28 21:21:22,2974.52,Restaurants,90031,UPI,DEV-09-3,iPhone,Pune,21,3,0,11.9,35,3411.28,2752.33,4,157,625,0,0,0,0.0,0,
TXN09-00935,9,2026-05-28 22:17:26,865.24,Software,90006,UPI,DEV-09-5,Android,Bangalore,22,3,0,56.07,36,3398.81,2751.14,93,46,107,0,0,0,735.23,0,
TXN09-00936,9,2026-05-28 22:19:37,1626.32,Cloud Services,90034,Card,DEV-09-7,Android,Goa,22,3,0,2.18,37,3392.0,2750.57,6,15,182,0,0,0,454.99,0,
TXN09-00937,9,2026-05-28 23:08:36,1475.93,Cloud Services,90010,UPI,DEV-09-2,Web,Pune,23,3,0,48.98,38,3388.88,2758.76,26,230,626,0,0,0,359.3,0,
TXN09-00938,9,2026-05-28 23:39:32,3590.11,Cloud Services,90002,Card,DEV-09-2,Web,Bangalore,23,3,0,30.93,39,3392.03,2761.97,93,231,108,0,0,0,735.23,0,
TXN09-00939,9,2026-05-28 23:42:57,6320.98,Software,90014,Card,DEV-09-2,Web,Pune,23,3,0,3.42,40,3394.35,2765.56,29,232,627,0,0,0,735.23,0,
TXN09-00940,9,2026-05-28 23:55:06,5930.23,Restaurants,90005,Card,DEV-09-4,iPhone,Pune,23,3,0,12.15,41,3402.28,2766.0,40,90,628,0,0,0,0.0,0,
TXN09-00941,9,2026-05-29 08:00:36,3652.6,Cloud Services,90010,Card,DEV-09-1,iPhone,Lucknow,8,4,0,485.5,1,3409.11,2765.38,27,367,2,0,0,0,1176.73,0,
TXN09-00942,9,2026-05-29 08:27:46,1746.06,Cloud Services,90027,UPI,DEV-09-2,Web,Pune,8,4,0,27.17,2,3409.38,2765.4,9,233,629,0,0,0,1176.73,0,
TXN09-00943,9,2026-05-29 08:35:52,2190.61,Coffee,90021,UPI,DEV-09-5,Android,Bangalore,8,4,0,8.1,3,3404.9,2763.01,21,47,109,0,0,0,735.23,0,
TXN09-00944,9,2026-05-29 08:46:18,2557.43,Software,90001,UPI,DEV-09-1,iPhone,Delhi,8,4,0,10.43,4,3402.51,2763.68,94,368,4,0,0,0,1750.11,1,hourly_location_hopping
TXN09-00945,9,2026-05-29 08:46:54,4761.22,Restaurants,90017,Card,DEV-09-3,iPhone,Goa,8,4,0,0.6,5,3400.24,2760.31,13,158,183,0,0,0,1521.64,0,
TXN09-00946,9,2026-05-29 08:48:36,5248.43,Restaurants,90001,Card,DEV-09-1,iPhone,Pune,8,4,0,1.7,6,3403.88,2757.5,95,369,630,0,0,0,359.3,0,
TXN09-00947,9,2026-05-29 09:04:12,1668.55,Cloud Services,90038,Card,DEV-09-2,Web,Pune,9,4,0,15.6,7,3413.38,2757.03,3,234,631,0,0,0,0.0,0,
TXN09-00948,9,2026-05-29 09:37:04,4470.89,Software,90006,UPI,DEV-09-2,Web,Bangalore,9,4,0,32.87,8,3412.76,2761.31,94,235,110,0,0,0,735.23,0,
TXN09-00949,9,2026-05-29 09:46:18,1589.54,Software,90001,UPI,DEV-09-1,iPhone,Unknown Country,9,4,0,9.23,9,3419.04,2768.01,96,370,2,0,0,0,8663.87,1,hourly_location_hopping
TXN09-00950,9,2026-05-29 09:49:54,2579.6,Restaurants,90031,UPI,DEV-09-9,iPhone,Pune,9,4,0,3.6,10,3414.1,2765.9,5,1,632,1,0,0,8307.79,0,
TXN09-00951,9,2026-05-29 09:53:04,3480.27,Restaurants,90005,UPI,DEV-09-3,iPhone,Pune,9,4,0,3.17,11,3411.85,2762.51,41,159,633,0,0,0,0.0,0,
TXN09-00952,9,2026-05-29 10:15:32,5416.89,Coffee,90020,UPI,DEV-09-2,Web,Goa,10,4,0,22.47,12,3412.03,2758.79,28,236,184,0,0,0,359.3,0,
TXN09-00953,9,2026-05-29 10:31:12,2418.53,Cloud Services,90002,UPI,DEV-09-2,Web,Pune,10,4,0,15.67,13,3417.41,2757.04,94,237,634,0,0,0,359.3,0,
TXN09-00954,9,2026-05-29 10:46:18,959.81,Software,90001,UPI,DEV-09-1,iPhone,Surat,10,4,0,15.1,14,3414.45,2760.28,97,371,4,0,0,0,313.56,1,hourly_location_hopping
TXN09-00955,9,2026-05-29 11:04:35,5441.98,Coffee,90020,Card,DEV-09-1,iPhone,Goa,11,4,0,18.28,15,3408.49,2763.19,29,372,185,0,0,0,666.93,0,
TXN09-00956,9,2026-05-29 11:06:32,5000.38,Cloud Services,90011,UPI,DEV-09-4,iPhone,Goa,11,4,0,1.95,16,3413.95,2761.48,29,91,186,0,0,0,0.0,0,
TXN09-00957,9,2026-05-29 11:52:04,4453.48,Coffee,90022,Card,DEV-09-3,iPhone,Pune,11,4,0,45.53,17,3418.21,2759.0,14,160,635,0,0,0,359.3,0,
TXN09-00958,9,2026-05-29 11:55:16,1887.51,Cloud Services,90010,Card,DEV-09-3,iPhone,Bangalore,11,4,0,3.2,18,3419.22,2759.31,28,161,111,0,0,0,735.23,0,
TXN09-00959,9,2026-05-29 12:15:11,4462.74,Software,90018,Card,DEV-09-2,Web,Goa,12,4,0,19.92,19,3414.49,2760.08,22,238,187,0,0,0,454.99,0,
TXN09-00960,9,2026-05-29 12:25:28,2724.93,Restaurants,90001,Card,DEV-09-1,iPhone,Pune,12,4,0,10.28,20,3417.3,2756.91,98,373,636,0,0,0,359.3,0,
TXN09-00961,9,2026-05-29 12:36:39,3659.91,Software,90006,UPI,DEV-09-6,Web,Goa,12,4,0,11.18,21,3415.45,2753.45,95,22,188,0,0,0,359.3,0,
TXN09-00962,9,2026-05-29 13:33:48,7933.15,Coffee,90020,Card,DEV-09-7,Android,Pune,13,4,0,57.15,22,3420.02,2752.44,30,16,637,0,0,0,359.3,0,
TXN09-00963,9,2026-05-29 13:41:39,8000.0,Software,90006,Card,DEV-09-1,iPhone,Pune,13,4,0,7.85,23,3429.34,2765.59,96,374,638,0,0,0,0.0,0,
TXN09-00964,9,2026-05-29 13:56:25,1336.12,Restaurants,90008,Card,DEV-09-3,iPhone,Pune,13,4,0,14.77,24,3441.56,2771.96,29,162,639,0,0,0,0.0,0,
TXN09-00965,9,2026-05-29 14:10:30,6102.43,Restaurants,90177,UPI,DEV-09-1,iPhone,Pune,14,4,0,14.08,25,3435.95,2770.39,1,375,640,0,0,1,0.0,1,ato_new_merchant_same_category
TXN09-00966,9,2026-05-29 14:25:24,5553.32,Restaurants,90001,UPI,DEV-09-2,Web,Bangalore,14,4,0,14.9,26,3431.3,2778.09,99,239,112,0,0,0,735.23,0,
TXN09-00967,9,2026-05-29 14:32:20,2579.09,Cloud Services,90003,UPI,DEV-09-4,iPhone,Pune,14,4,0,6.93,27,3436.97,2776.53,37,92,641,0,0,0,735.23,0,
TXN09-00968,9,2026-05-29 14:34:22,2360.43,Software,90018,UPI,DEV-09-2,Web,Goa,14,4,0,2.03,28,3434.68,2773.18,23,240,189,0,0,0,359.3,0,
TXN09-00969,9,2026-05-29 15:52:51,8000.0,Restaurants,90005,UPI,DEV-09-1,iPhone,Goa,15,4,0,78.48,29,3455.79,2783.24,42,376,190,0,0,0,0.0,0,
TXN09-00970,9,2026-05-29 16:02:07,5420.94,Software,90014,Card,DEV-09-2,Web,Bangalore,16,4,0,9.27,30,3468.03,2789.45,30,241,113,0,0,0,454.99,0,
TXN09-00971,9,2026-05-29 16:24:02,1838.89,Restaurants,90026,Card,DEV-09-2,Web,Pune,16,4,0,21.92,31,3462.3,2786.03,6,242,642,0,0,0,735.23,0,
TXN09-00972,9,2026-05-29 16:25:28,2803.09,Software,90006,UPI,DEV-09-4,iPhone,Pune,16,4,0,1.43,32,3457.92,2783.55,97,93,643,0,0,0,0.0,0,
TXN09-00973,9,2026-05-29 16:32:44,4183.83,Coffee,90022,Card,DEV-09-1,iPhone,Pune,16,4,0,7.27,33,3450.94,2781.9,15,377,644,0,0,0,0.0,0,
TXN09-00974,9,2026-05-29 16:52:09,6563.43,Restaurants,90013,Card,DEV-09-1,iPhone,Pune,16,4,0,19.42,34,3460.04,2783.43,21,378,645,0,0,0,0.0,0,
TXN09-00975,9,2026-05-29 17:12:19,3709.18,Software,90007,UPI,DEV-09-6,Web,Pune,17,4,0,20.17,35,3468.45,2784.34,62,23,646,0,0,0,0.0,0,
TXN09-00976,9,2026-05-29 17:16:04,973.1,Coffee,90022,UPI,DEV-09-7,Android,Pune,17,4,0,3.75,36,3469.1,2780.6,16,17,647,0,0,0,0.0,0,
TXN09-00977,9,2026-05-29 17:30:02,2715.4,Cloud Services,90002,UPI,DEV-09-1,iPhone,Pune,17,4,0,13.97,37,3462.8,2779.2,95,379,648,0,0,0,0.0,0,
TXN09-00978,9,2026-05-29 17:33:41,7450.88,Coffee,90035,Card,DEV-09-3,iPhone,Bangalore,17,4,0,3.65,38,3460.78,2775.72,3,163,114,0,0,0,735.23,0,
TXN09-00979,9,2026-05-29 18:05:19,1616.24,Cloud Services,90034,Card,DEV-09-1,iPhone,Pune,18,4,0,31.63,39,3469.95,2787.96,7,380,649,0,0,0,735.23,0,
TXN09-00980,9,2026-05-29 18:18:46,2192.29,Restaurants,90031,Card,DEV-09-1,iPhone,Pune,18,4,0,13.45,40,3464.93,2785.85,6,381,650,0,0,0,0.0,0,
TXN09-00981,9,2026-05-29 18:48:07,1750.37,Cloud Services,90002,UPI,DEV-09-1,iPhone,Pune,18,4,0,29.35,41,3461.6,2786.64,96,382,651,0,0,0,0.0,0,
TXN09-00982,9,2026-05-29 18:51:24,626.51,Restaurants,90001,Card,DEV-09-3,iPhone,Bangalore,18,4,0,3.28,42,3456.97,2784.28,100,164,115,0,0,0,735.23,0,
TXN09-00983,9,2026-05-29 20:19:11,7346.43,Restaurants,90001,Card,DEV-09-1,iPhone,Pune,20,4,0,87.78,43,3433.5,2797.42,101,383,652,0,0,0,735.23,0,
TXN09-00984,9,2026-05-29 21:01:11,5945.62,Coffee,90004,Card,DEV-09-1,iPhone,Pune,21,4,0,42.0,44,3439.44,2807.56,99,384,653,0,0,0,0.0,0,
TXN09-00985,9,2026-05-29 21:39:15,2780.04,Cloud Services,90002,Card,DEV-09-1,iPhone,Goa,21,4,0,38.07,45,3455.11,2816.73,97,385,191,0,0,0,359.3,0,
TXN09-00986,9,2026-05-29 21:45:20,3187.22,Software,90006,Card,DEV-09-3,iPhone,Pune,21,4,0,6.08,46,3453.24,2813.05,98,165,654,0,0,0,359.3,0,
TXN09-00987,9,2026-05-29 22:04:32,8000.0,Software,90001,UPI,DEV-09-1,iPhone,Hyderabad,22,4,0,19.2,47,3456.09,2815.69,102,386,2,0,0,0,505.75,1,hourly_location_hopping
TXN09-00988,9,2026-05-29 22:36:11,4703.15,Restaurants,90001,UPI,DEV-09-1,iPhone,Pune,22,4,0,31.65,48,3477.17,2831.72,103,387,655,0,0,0,505.75,0,
TXN09-00989,9,2026-05-29 22:53:14,5547.02,Coffee,90004,Card,DEV-09-5,Android,Pune,22,4,0,17.05,49,3480.59,2828.5,100,48,656,0,0,0,0.0,0,
TXN09-00990,9,2026-05-29 23:01:56,2938.98,Restaurants,90036,UPI,DEV-09-1,iPhone,Pune,23,4,0,8.7,50,3486.35,2826.65,3,388,657,0,0,0,0.0,0,
TXN09-00991,9,2026-05-29 23:04:32,1057.12,Software,90001,UPI,DEV-09-1,iPhone,Jaipur,23,4,0,2.6,51,3484.83,2822.87,104,389,1,0,1,0,953.87,1,hourly_location_hopping
TXN09-00992,9,2026-05-29 23:12:29,2129.53,Cloud Services,90002,Card,DEV-09-1,iPhone,Pune,23,4,0,7.95,52,3478.11,2821.85,98,390,658,0,0,0,953.87,0,
TXN09-00993,9,2026-05-29 23:34:29,1566.22,Software,90018,UPI,DEV-09-4,iPhone,Bangalore,23,4,0,22.0,53,3482.79,2818.19,24,94,116,0,0,0,735.23,0,
TXN09-00994,9,2026-05-29 23:40:03,4830.63,Restaurants,90001,UPI,DEV-09-9,iPhone,Pune,23,4,0,5.57,54,3482.43,2818.43,105,2,659,0,0,0,735.23,0,
TXN09-00995,9,2026-05-29 23:40:56,4888.74,Restaurants,90001,Card,DEV-09-1,iPhone,Pune,23,4,0,0.88,55,3493.77,2815.6,106,391,660,0,0,0,0.0,0,
TXN09-00996,9,2026-05-29 23:46:45,3356.22,Cloud Services,90003,Card,DEV-09-1,iPhone,Pune,23,4,0,5.82,56,3497.62,2812.66,38,392,661,0,0,0,0.0,0,
TXN09-00997,9,2026-05-29 23:53:29,1252.51,Software,90006,Card,DEV-09-1,iPhone,Pune,23,4,0,6.73,57,3497.24,2808.79,99,393,662,0,0,0,0.0,0,
TXN09-00998,9,2026-05-30 00:04:32,4564.87,Software,90001,UPI,DEV-09-1,iPhone,New York,0,5,1,11.05,1,3489.56,2811.11,107,394,2,0,0,0,12639.18,1,hourly_location_hopping
TXN09-00999,9,2026-05-30 02:42:10,22531.59,International Transfer,90001,UPI,DEV-09-1,iPhone,Unknown Country,2,5,1,157.63,2,3495.04,2811.26,108,395,3,0,0,0,8667.07,1,intl_transfer
TXN09-01000,9,2026-05-30 04:08:24,4100.0,Software,90001,UPI,DEV-UNK-8156,Web,Pune,4,5,1,86.23,3,3547.34,2978.98,109,1,663,1,0,0,8307.79,1,new_device_fraud
TXN09-01001,9,2026-05-30 08:15:16,8000.0,Restaurants,90005,UPI,DEV-09-4,iPhone,Pune,8,5,1,246.87,4,3550.22,2979.0,43,95,664,0,0,0,0.0,0,
TXN09-01002,9,2026-05-30 09:14:29,4796.01,Restaurants,90009,UPI,DEV-09-2,Web,Pune,9,5,1,59.22,5,3579.05,2994.45,24,243,665,0,0,0,0.0,0,
TXN09-01003,9,2026-05-30 10:18:03,1192.22,Restaurants,90001,UPI,DEV-09-4,iPhone,Pune,10,5,1,63.57,6,3595.42,2993.5,110,96,666,0,0,0,0.0,0,
TXN09-01004,9,2026-05-30 10:25:05,2810.93,Coffee,90023,UPI,DEV-09-4,iPhone,Goa,10,5,1,7.03,7,3588.72,2992.01,11,97,192,0,0,0,359.3,0,
TXN09-01005,9,2026-05-30 10:26:43,322.39,Coffee,90019,Card,DEV-09-2,Web,Pune,10,5,1,1.63,8,3586.56,2988.13,39,244,667,0,0,0,359.3,0,
TXN09-01006,9,2026-05-30 10:42:03,4599.73,Software,90006,Card,DEV-09-1,iPhone,Goa,10,5,1,15.33,9,3564.03,2989.01,100,396,193,0,0,0,359.3,0,
TXN09-01007,9,2026-05-30 11:01:04,4459.41,Restaurants,90005,Card,DEV-09-2,Web,Pune,11,5,1,19.02,10,3567.65,2989.47,44,245,668,0,0,0,359.3,0,
TXN09-01008,9,2026-05-30 11:05:36,5130.82,Cloud Services,90027,UPI,DEV-09-1,iPhone,Pune,11,5,1,4.53,11,3571.47,2989.74,10,397,669,0,0,0,0.0,0,
TXN09-01009,9,2026-05-30 12:48:39,4201.06,Software,90007,Card,DEV-09-1,iPhone,Bangalore,12,5,1,103.05,12,3580.71,3001.48,63,398,117,0,0,0,735.23,0,
TXN09-01010,9,2026-05-30 12:50:17,2272.16,Software,90014,UPI,DEV-09-5,Android,Pune,12,5,1,1.63,13,3582.47,2997.42,31,49,670,0,0,0,735.23,0,
TXN09-01011,9,2026-05-30 13:10:42,3531.99,Coffee,90024,UPI,DEV-09-5,Android,Pune,13,5,1,20.42,14,3583.61,2996.85,15,50,671,0,0,0,0.0,0,
TXN09-01012,9,2026-05-30 13:37:48,2961.83,Cloud Services,90002,UPI,DEV-09-7,Android,Pune,13,5,1,27.1,15,3584.23,3000.91,99,18,672,0,0,0,0.0,0,
TXN09-01013,9,2026-05-30 13:53:14,2004.07,Coffee,90004,Card,DEV-09-5,Android,Pune,13,5,1,15.43,16,3559.2,2989.26,101,51,673,0,0,0,0.0,0,
TXN09-01014,9,2026-05-30 15:09:32,1627.02,Cloud Services,90002,Card,DEV-09-1,iPhone,Pune,15,5,1,76.3,17,3487.59,2835.4,100,399,674,0,0,0,0.0,0,
TXN09-01015,9,2026-05-30 15:18:59,745.05,Coffee,90004,UPI,DEV-09-1,iPhone,Goa,15,5,1,9.45,18,3482.75,2837.16,102,400,194,0,0,0,359.3,0,
TXN09-01016,9,2026-05-30 15:35:08,2284.03,Restaurants,90012,Card,DEV-09-2,Web,Pune,15,5,1,16.15,19,3482.96,2843.14,18,246,675,0,0,0,359.3,0,
TXN09-01017,9,2026-05-30 15:44:43,4627.56,Coffee,90019,UPI,DEV-09-3,iPhone,Pune,15,5,1,9.58,20,3483.44,2842.93,40,166,676,0,0,0,0.0,0,
TXN09-01018,9,2026-05-30 15:46:21,4142.41,Coffee,90004,UPI,DEV-09-1,iPhone,Pune,15,5,1,1.63,21,3486.78,2839.44,103,401,677,0,0,0,0.0,0,
TXN09-01019,9,2026-05-30 16:14:20,965.84,Restaurants,90017,UPI,DEV-09-3,iPhone,Pune,16,5,1,27.98,22,3491.35,2846.49,14,167,678,0,0,0,0.0,0,
TXN09-01020,9,2026-05-30 17:08:36,4976.7,Coffee,90019,Card,DEV-09-6,Web,Bangalore,17,5,1,54.27,23,3489.73,2863.05,41,24,118,0,0,0,735.23,0,
TXN09-01021,9,2026-05-30 17:33:57,6385.54,Coffee,90039,Card,DEV-09-1,iPhone,Bangalore,17,5,1,25.35,24,3505.61,2866.99,1,402,119,0,0,1,0.0,0,
TXN09-01022,9,2026-05-30 18:15:36,2834.59,Software,90018,UPI,DEV-09-2,Web,Pune,18,5,1,41.65,25,3524.6,2877.89,25,247,679,0,0,0,735.23,0,
TXN09-01023,9,2026-05-30 18:25:43,2073.72,Coffee,90004,Card,DEV-09-3,iPhone,Bangalore,18,5,1,10.12,26,3522.52,2873.8,104,168,120,0,0,0,735.23,0,
TXN09-01024,9,2026-05-30 19:32:45,4880.21,Restaurants,90001,UPI,DEV-09-1,iPhone,Pune,19,5,1,67.03,27,3521.68,2878.88,111,403,680,0,0,0,735.23,0,
TXN09-01025,9,2026-05-30 20:02:25,951.77,Cloud Services,90010,UPI,DEV-09-2,Web,Pune,20,5,1,29.67,28,3516.84,2875.38,29,248,681,0,0,0,0.0,0,
TXN09-01026,9,2026-05-30 20:29:13,2826.69,Cloud Services,90038,UPI,DEV-UNK-1911,iPhone,Goa,20,5,1,26.8,29,3509.09,2874.49,4,1,195,1,0,0,359.3,1,ato_higher_amount_new_device
TXN09-01027,9,2026-05-30 20:47:27,1399.84,Software,90014,Card,DEV-09-2,Web,Pune,20,5,1,18.23,30,3507.04,2870.4,32,249,682,0,0,0,359.3,0,
TXN09-01028,9,2026-05-30 21:13:33,1325.13,Cloud Services,90003,UPI,DEV-09-10,iPhone,Bangalore,21,5,1,26.1,31,3501.48,2876.99,39,1,121,1,0,0,735.23,0,
TXN09-01029,9,2026-05-30 21:57:36,4100.0,Software,90001,UPI,DEV-UNK-1198,Android,Pune,21,5,1,44.05,32,3497.52,2882.41,112,1,683,1,0,0,735.23,1,new_device_fraud
TXN09-01030,9,2026-05-30 22:00:06,1970.76,Software,90014,UPI,DEV-09-3,iPhone,Goa,22,5,1,2.5,33,3499.34,2878.24,33,169,196,0,0,0,359.3,0,
TXN09-01031,9,2026-05-30 22:10:12,1722.77,Software,90007,UPI,DEV-09-4,iPhone,Pune,22,5,1,10.1,34,3500.04,2877.84,64,98,684,0,0,0,359.3,0,
TXN09-01032,9,2026-05-30 22:21:08,4100.0,Software,90001,UPI,DEV-UNK-9612,Android,Pune,22,5,1,10.93,35,3500.39,2884.75,113,1,685,1,0,0,0.0,1,new_device_fraud
TXN09-01033,9,2026-05-30 22:54:08,1069.54,Software,90006,UPI,DEV-09-2,Web,Pune,22,5,1,33.0,36,3534.18,2899.11,101,250,686,0,0,0,0.0,0,
TXN09-01034,9,2026-05-30 23:37:53,3575.13,Coffee,90022,Card,DEV-09-2,Web,Goa,23,5,1,43.75,37,3557.49,2907.78,17,251,197,0,0,0,359.3,0,
TXN09-01035,9,2026-05-30 23:40:30,1744.19,Cloud Services,90002,UPI,DEV-09-1,iPhone,Goa,23,5,1,2.62,38,3557.55,2903.22,101,404,198,0,0,0,0.0,0,
TXN09-01036,9,2026-05-31 03:47:20,4287.28,Cloud Services,90015,UPI,DEV-09-1,iPhone,Bangalore,3,6,1,246.83,1,3550.71,2904.92,11,405,122,0,0,0,454.99,1,ato_higher_amount_odd_hour
TXN09-01037,9,2026-05-31 08:06:08,1704.48,Cloud Services,90002,Card,DEV-09-3,iPhone,Pune,8,6,1,258.8,2,3506.74,2784.8,102,170,687,0,0,0,735.23,0,
TXN09-01038,9,2026-05-31 08:29:03,3709.2,Coffee,90020,Card,DEV-09-3,iPhone,Pune,8,6,1,22.92,3,3498.98,2786.36,31,171,688,0,0,0,0.0,0,
TXN09-01039,9,2026-05-31 08:34:09,2026.24,Cloud Services,90002,UPI,DEV-09-1,iPhone,Pune,8,6,1,5.1,4,3507.85,2782.51,103,406,689,0,0,0,0.0,0,
TXN09-01040,9,2026-05-31 08:42:05,6430.54,Cloud Services,90003,Card,DEV-09-2,Web,Pune,8,6,1,7.93,5,3503.22,2779.39,40,252,690,0,0,0,0.0,0,
TXN09-01041,9,2026-05-31 09:06:01,6594.13,Cloud Services,90010,UPI,DEV-09-6,Web,Pune,9,6,1,23.93,6,3518.61,2788.15,30,25,691,0,0,0,0.0,0,
TXN09-01042,9,2026-05-31 09:15:44,2709.94,Cloud Services,90002,UPI,DEV-09-5,Android,Pune,9,6,1,9.72,7,3526.43,2793.27,104,52,692,0,0,0,0.0,0,
TXN09-01043,9,2026-05-31 09:30:56,4286.84,Software,90006,Card,DEV-09-1,iPhone,Pune,9,6,1,15.2,8,3523.87,2789.26,102,407,693,0,0,0,0.0,0,
TXN09-01044,9,2026-05-31 09:46:37,2561.26,Software,90018,UPI,DEV-09-1,iPhone,Pune,9,6,1,15.68,9,3526.26,2785.23,26,408,694,0,0,0,0.0,0,
TXN09-01045,9,2026-05-31 09:54:56,1419.13,Coffee,90019,Card,DEV-09-1,iPhone,Pune,9,6,1,8.32,10,3527.06,2784.91,42,409,695,0,0,0,0.0,0,
TXN09-01046,9,2026-05-31 09:58:25,6065.85,Software,90007,Card,DEV-09-6,Web,Pune,9,6,1,3.48,11,3525.2,2786.12,65,26,696,0,0,0,0.0,0,
TXN09-01047,9,2026-05-31 10:01:08,4817.35,Software,90006,Card,DEV-09-9,iPhone,Pune,10,6,1,2.72,12,3531.34,2789.54,103,3,697,0,0,0,0.0,0,
TXN09-01048,9,2026-05-31 10:36:25,1980.16,Software,90006,UPI,DEV-09-2,Web,Pune,10,6,1,35.28,13,3530.33,2789.02,104,253,698,0,0,0,0.0,0,
TXN09-01049,9,2026-05-31 10:48:00,4856.44,Software,90006,UPI,DEV-09-1,iPhone,Bangalore,10,6,1,11.58,14,3525.5,2786.01,105,410,123,0,0,0,735.23,0,
TXN09-01050,9,2026-05-31 10:55:56,4025.72,Restaurants,90001,Card,DEV-09-7,Android,Pune,10,6,1,7.93,15,3529.63,2782.66,114,19,699,0,0,0,735.23,0,
TXN09-01051,9,2026-05-31 11:07:46,2570.58,Software,90018,UPI,DEV-09-1,iPhone,Pune,11,6,1,11.83,16,3531.17,2778.49,27,411,700,0,0,0,0.0,0,
TXN09-01052,9,2026-05-31 11:14:47,643.4,Coffee,90004,Card,DEV-09-10,iPhone,Pune,11,6,1,7.02,17,3528.2,2774.71,105,2,701,0,0,0,0.0,0,
TXN09-01053,9,2026-05-31 11:29:29,5794.82,Software,90007,UPI,DEV-09-4,iPhone,Goa,11,6,1,14.7,18,3519.33,2775.04,66,99,199,0,0,0,359.3,0,
TXN09-01054,9,2026-05-31 11:54:15,1658.29,Software,90006,UPI,DEV-09-1,iPhone,Pune,11,6,1,24.77,19,3526.31,2773.64,106,412,702,0,0,0,359.3,0,
TXN09-01055,9,2026-05-31 12:09:45,1234.58,Cloud Services,90010,Card,DEV-09-5,Android,Pune,12,6,1,15.5,20,3530.09,2776.66,31,53,703,0,0,0,0.0,0,
TXN09-01056,9,2026-05-31 12:11:42,5122.17,Software,90029,UPI,DEV-09-1,iPhone,Pune,12,6,1,1.95,21,3517.35,2777.66,7,413,704,0,0,0,0.0,0,
TXN09-01057,9,2026-05-31 12:31:01,3225.22,Software,90007,UPI,DEV-09-6,Web,Bangalore,12,6,1,19.32,22,3522.27,2774.82,67,27,124,0,0,0,735.23,0,
TXN09-01058,9,2026-05-31 12:33:10,2977.23,Cloud Services,90002,Card,DEV-09-1,iPhone,Bangalore,12,6,1,2.15,23,3521.36,2770.62,105,414,125,0,0,0,0.0,0,
TXN09-01059,9,2026-05-31 12:45:56,4913.63,Cloud Services,90034,UPI,DEV-09-4,iPhone,Pune,12,6,1,12.77,24,3519.74,2770.78,8,100,705,0,0,0,735.23,0,
TXN09-01060,9,2026-05-31 12:46:06,4035.77,Software,90040,UPI,DEV-09-3,iPhone,Bangalore,12,6,1,0.17,25,3523.99,2767.62,1,172,126,0,0,1,735.23,0,
TXN09-01061,9,2026-05-31 13:03:01,1394.64,Cloud Services,90003,UPI,DEV-09-1,iPhone,Pune,13,6,1,16.92,26,3525.54,2763.56,41,415,706,0,0,0,735.23,0,
TXN09-01062,9,2026-05-31 13:04:22,4040.34,Cloud Services,90002,UPI,DEV-09-4,iPhone,Goa,13,6,1,1.35,27,3510.35,2761.49,106,101,200,0,0,0,359.3,0,
TXN09-01063,9,2026-05-31 13:05:52,1265.09,Restaurants,90012,Card,DEV-09-2,Web,Bangalore,13,6,1,1.5,28,3511.95,2757.45,19,254,127,0,0,0,454.99,0,
TXN09-01064,9,2026-05-31 13:29:53,4453.07,Software,90018,Card,DEV-09-6,Web,Pune,13,6,1,24.02,29,3505.72,2762.59,28,28,707,0,0,0,735.23,0,
TXN09-01065,9,2026-05-31 13:41:20,6396.25,Software,90006,UPI,DEV-09-1,iPhone,Pune,13,6,1,11.45,30,3508.59,2758.89,107,416,708,0,0,0,0.0,0,
TXN09-01066,9,2026-05-31 13:45:31,2771.72,Coffee,90023,Card,DEV-09-5,Android,Pune,13,6,1,4.18,31,3524.92,2759.98,12,54,709,0,0,0,0.0,0,
TXN09-01067,9,2026-05-31 14:02:33,457.95,Restaurants,90001,Card,DEV-09-2,Web,Bangalore,14,6,1,17.03,32,3528.0,2758.57,115,255,128,0,0,0,735.23,0,
TXN09-01068,9,2026-05-31 14:36:45,8000.0,Restaurants,90001,UPI,DEV-09-1,iPhone,Pune,14,6,1,34.2,33,3505.68,2753.52,116,417,710,0,0,0,735.23,0,
TXN09-01069,9,2026-05-31 14:38:41,1905.96,Software,90006,UPI,DEV-09-2,Web,Pune,14,6,1,1.93,34,3519.26,2760.4,108,256,711,0,0,0,0.0,0,
TXN09-01070,9,2026-05-31 14:59:35,7012.38,Software,90014,Card,DEV-09-7,Android,Goa,14,6,1,20.9,35,3515.4,2761.76,34,20,201,0,0,0,359.3,0,
TXN09-01071,9,2026-05-31 15:09:14,2815.2,Software,90006,Card,DEV-09-4,iPhone,Goa,15,6,1,9.65,36,3525.93,2764.25,109,102,202,0,0,0,0.0,0,
TXN09-01072,9,2026-05-31 15:10:35,8000.0,Coffee,90035,Card,DEV-09-2,Web,Goa,15,6,1,1.35,37,3523.8,2760.37,4,257,203,0,0,0,0.0,0,
TXN09-01073,9,2026-05-31 15:14:22,649.8,Coffee,90020,UPI,DEV-09-1,iPhone,Goa,15,6,1,3.78,38,3537.2,2767.06,32,418,204,0,0,0,0.0,0,
TXN09-01074,9,2026-05-31 15:14:51,1121.88,Software,90014,UPI,DEV-09-2,Web,Bangalore,15,6,1,0.48,39,3528.58,2767.42,35,258,129,0,0,0,454.99,0,
TXN09-01075,9,2026-05-31 15:28:33,919.19,Coffee,90004,Card,DEV-09-2,Web,Goa,15,6,1,13.7,40,3521.42,2766.4,106,259,205,0,0,0,454.99,0,
TXN09-01076,9,2026-05-31 15:46:34,4021.02,Cloud Services,90030,UPI,DEV-09-2,Web,Pune,15,6,1,18.02,41,3516.48,2769.56,4,260,712,0,0,0,359.3,0,
TXN09-01077,9,2026-05-31 16:09:06,5773.78,Restaurants,90041,Card,DEV-09-3,iPhone,Pune,16,6,1,22.53,42,3532.08,2772.51,1,173,713,0,0,1,0.0,0,
TXN09-01078,9,2026-05-31 16:17:35,6192.82,Software,90014,UPI,DEV-09-2,Web,Pune,16,6,1,8.48,43,3453.56,2295.49,36,261,714,0,0,0,0.0,0,
TXN09-01079,9,2026-05-31 16:46:27,4229.39,Coffee,90023,UPI,DEV-09-7,Android,Pune,16,6,1,28.87,44,3459.22,2302.0,13,21,715,0,0,0,0.0,0,
TXN09-01080,9,2026-05-31 16:50:48,1803.57,Restaurants,90001,Card,DEV-09-1,iPhone,Pune,16,6,1,4.35,45,3461.53,2298.94,117,419,716,0,0,0,0.0,0,
TXN09-01081,9,2026-05-31 16:54:57,2065.56,Coffee,90020,UPI,DEV-09-1,iPhone,Goa,16,6,1,4.15,46,3465.79,2294.54,33,420,206,0,0,0,359.3,0,
TXN09-01082,9,2026-05-31 17:29:34,2155.84,Cloud Services,90002,Card,DEV-09-1,iPhone,Pune,17,6,1,34.62,47,3467.03,2293.66,107,421,717,0,0,0,359.3,0,
TXN09-01083,9,2026-05-31 17:37:25,3726.43,Cloud Services,90010,Card,DEV-09-4,iPhone,Bangalore,17,6,1,7.85,48,3463.12,2291.35,32,103,130,0,0,0,735.23,0,
TXN09-01084,9,2026-05-31 17:55:27,1716.76,Coffee,90004,Card,DEV-09-4,iPhone,Pune,17,6,1,18.03,49,3463.9,2287.99,107,104,718,0,0,0,735.23,0,
TXN09-01085,9,2026-05-31 17:57:16,2223.72,Software,90006,UPI,DEV-09-1,iPhone,Goa,17,6,1,1.82,50,3458.72,2286.56,110,422,207,0,0,0,359.3,0,
TXN09-01086,9,2026-05-31 18:19:11,1828.25,Cloud Services,90003,Card,DEV-09-2,Web,Goa,18,6,1,21.92,51,3459.21,2286.28,42,262,208,0,0,0,0.0,0,
TXN09-01087,9,2026-05-31 18:23:17,3735.55,Coffee,90023,UPI,DEV-09-2,Web,Pune,18,6,1,4.1,52,3454.39,2284.61,14,263,719,0,0,0,359.3,0,
TXN09-01088,9,2026-05-31 18:32:41,2232.38,Cloud Services,90003,Card,DEV-09-1,iPhone,Pune,18,6,1,9.4,53,3455.22,2281.29,43,423,720,0,0,0,0.0,0,
TXN09-01089,9,2026-05-31 18:46:50,3439.92,Restaurants,90026,UPI,DEV-09-3,iPhone,Goa,18,6,1,14.15,54,3441.27,2274.26,7,174,209,0,0,0,359.3,0,
TXN09-01090,9,2026-05-31 18:47:17,2796.04,Restaurants,90001,Card,DEV-09-1,iPhone,Pune,18,6,1,0.45,55,3441.26,2270.91,118,424,721,0,0,0,359.3,0,
TXN09-01091,9,2026-05-31 18:48:02,7246.91,Coffee,90004,UPI,DEV-09-3,iPhone,Pune,18,6,1,0.75,56,3439.37,2267.85,108,175,722,0,0,0,0.0,0,
TXN09-01092,9,2026-05-31 18:59:30,6690.18,Coffee,90004,UPI,DEV-09-5,Android,Pune,18,6,1,11.47,57,3455.24,2275.49,109,55,723,0,0,0,0.0,0,
TXN09-01093,9,2026-05-31 19:07:31,575.39,Software,90040,Card,DEV-09-3,iPhone,Pune,19,6,1,8.02,58,3468.79,2280.95,2,176,724,0,0,0,0.0,0,
TXN09-01094,9,2026-05-31 19:37:14,3430.88,Coffee,90004,UPI,DEV-09-3,iPhone,Pune,19,6,1,29.72,59,3450.11,2277.9,110,177,725,0,0,0,0.0,0,
TXN09-01095,9,2026-05-31 19:45:33,4071.05,Coffee,90004,Card,DEV-09-2,Web,Pune,19,6,1,8.32,60,3450.06,2274.55,111,264,726,0,0,0,0.0,0,
TXN09-01096,9,2026-05-31 19:50:29,3888.37,Coffee,90019,UPI,DEV-09-3,iPhone,Goa,19,6,1,4.93,61,3457.81,2272.16,43,178,210,0,0,0,359.3,0,
TXN09-01097,9,2026-05-31 19:56:58,4708.48,Restaurants,90005,Card,DEV-09-4,iPhone,Pune,19,6,1,6.48,62,3459.07,2268.94,45,105,727,0,0,0,359.3,0,
TXN09-01098,9,2026-05-31 20:15:03,8000.0,Coffee,90021,UPI,DEV-09-4,iPhone,Pune,20,6,1,18.08,63,3463.19,2266.52,22,106,728,0,0,0,0.0,0,
TXN09-01099,9,2026-05-31 20:20:15,1402.18,Software,90006,Card,DEV-09-4,iPhone,Pune,20,6,1,5.2,64,3476.53,2276.48,111,107,729,0,0,0,0.0,0,
TXN09-01100,9,2026-05-31 20:28:17,2376.47,Restaurants,90008,Card,DEV-09-1,iPhone,Bangalore,20,6,1,8.03,65,3470.45,2275.9,30,425,131,0,0,0,735.23,0,
TXN09-01101,9,2026-05-31 20:39:49,2298.96,Software,90029,Card,DEV-09-1,iPhone,Bangalore,20,6,1,11.53,66,3467.25,2273.34,8,426,132,0,0,0,0.0,0,
TXN09-01102,9,2026-05-31 21:05:46,3939.49,Coffee,90035,Card,DEV-09-1,iPhone,Pune,21,6,1,25.95,67,3466.98,2273.47,5,427,730,0,0,0,735.23,0,
TXN09-01103,9,2026-05-31 21:06:20,2166.07,Restaurants,90005,Card,DEV-09-2,Web,Goa,21,6,1,0.57,68,3468.36,2270.3,46,265,211,0,0,0,359.3,0,
TXN09-01104,9,2026-05-31 21:29:46,1036.34,Restaurants,90012,UPI,DEV-09-3,iPhone,Goa,21,6,1,23.43,69,3464.57,2268.08,20,179,212,0,0,0,0.0,0,
TXN09-01105,9,2026-05-31 21:36:14,5538.55,Coffee,90032,Card,DEV-09-1,iPhone,Bangalore,21,6,1,6.47,70,3461.52,2270.64,6,428,133,0,0,0,454.99,0,
TXN09-01106,9,2026-05-31 21:39:10,2740.69,Software,90014,Card,DEV-09-5,Android,Pune,21,6,1,2.93,71,3467.54,2270.1,37,56,731,0,0,0,735.23,0,
TXN09-01107,9,2026-05-31 21:43:46,3015.8,Restaurants,90031,UPI,DEV-09-3,iPhone,Pune,21,6,1,4.6,72,3465.44,2267.15,7,180,732,0,0,0,0.0,0,
TXN09-01108,9,2026-05-31 21:46:18,7123.24,Coffee,90004,Card,DEV-09-7,Android,Pune,21,6,1,2.53,73,3464.14,2264.01,112,22,733,0,0,0,0.0,0,
TXN09-01109,9,2026-05-31 22:04:07,1431.96,Software,90014,Card,DEV-09-1,iPhone,Pune,22,6,1,17.82,74,3474.66,2269.22,38,429,734,0,0,0,0.0,0,
TXN09-01110,9,2026-05-31 22:06:17,1502.7,Coffee,90019,UPI,DEV-09-1,iPhone,Kochi,22,6,1,2.17,75,3468.8,2268.6,44,430,3,0,0,0,989.71,0,
TXN09-01111,9,2026-05-31 22:06:58,4504.48,Coffee,90023,Card,DEV-09-2,Web,Pune,22,6,1,0.68,76,3463.18,2267.78,15,266,735,0,0,0,989.71,0,
TXN09-01112,9,2026-05-31 22:12:48,8000.0,Restaurants,90001,UPI,DEV-09-2,Web,Goa,22,6,1,5.83,77,3466.15,2265.23,119,267,213,0,0,0,359.3,0,
TXN09-01113,9,2026-05-31 22:14:09,741.64,Software,90016,UPI,DEV-09-2,Web,Pune,22,6,1,1.35,78,3479.03,2274.85,19,268,736,0,0,0,359.3,0,
TXN09-01114,9,2026-05-31 22:15:06,2626.5,Coffee,90042,Card,DEV-09-3,iPhone,Pune,22,6,1,0.95,79,3471.28,2276.28,1,181,737,0,0,1,0.0,0,
TXN09-01115,9,2026-05-31 22:30:16,1413.8,Cloud Services,90002,UPI,DEV-09-1,iPhone,Pune,22,6,1,15.17,80,3481.74,2273.53,108,431,738,0,0,0,0.0,0,
TXN09-01116,9,2026-05-31 22:30:17,7520.24,Coffee,90020,Card,DEV-09-2,Web,Goa,22,6,1,0.02,81,3475.88,2272.97,34,269,214,0,0,0,359.3,0,
TXN09-01117,9,2026-05-31 22:59:12,8000.0,Coffee,90025,Card,DEV-09-1,iPhone,Pune,22,6,1,28.92,82,3492.54,2280.98,6,432,739,0,0,0,359.3,0,
TXN09-01118,9,2026-05-31 23:10:07,2740.77,Software,90014,UPI,DEV-09-2,Web,Pune,23,6,1,10.92,83,3505.27,2290.29,39,270,740,0,0,0,0.0,0,
TXN09-01119,9,2026-05-31 23:11:07,3268.66,Cloud Services,90075,Card,DEV-UNK-4028,iPhone,Bangalore,23,6,1,1.0,84,3503.12,2287.42,1,1,134,1,0,1,735.23,1,ato_new_device_short_gap
TXN09-01120,9,2026-05-31 23:18:05,8000.0,Coffee,90039,UPI,DEV-09-6,Web,Goa,23,6,1,6.97,85,3502.46,2284.24,2,29,215,0,0,0,454.99,0,
TXN09-01121,9,2026-05-31 23:27:50,2853.12,Restaurants,90036,Card,DEV-09-1,iPhone,Pune,23,6,1,9.75,86,3515.06,2293.39,4,433,741,0,0,0,359.3,0,
TXN09-01122,9,2026-05-31 23:33:55,4755.5,Cloud Services,90165,Card,DEV-UNK-4737,Android,Pune,23,6,1,6.08,87,3520.22,2289.82,1,1,742,1,0,1,0.0,1,ato_new_merchant_same_category_new_device
TXN09-01123,9,2026-05-31 23:37:32,4504.97,Software,90006,Card,DEV-09-3,iPhone,Pune,23,6,1,3.62,88,3520.6,2290.01,112,182,743,0,0,0,0.0,0,
TXN09-01124,9,2026-05-31 23:41:04,5207.13,Software,90029,UPI,DEV-09-2,Web,Pune,23,6,1,3.53,89,3523.34,2287.4,9,271,744,0,0,0,0.0,0,
TXN09-01125,9,2026-05-31 23:46:26,4282.61,Coffee,90022,UPI,DEV-09-2,Web,Pune,23,6,1,5.37,90,3533.5,2286.79,18,272,745,0,0,0,0.0,0,
TXN09-01126,9,2026-05-31 23:52:53,8000.0,Coffee,90024,Card,DEV-09-1,iPhone,Pune,23,6,1,6.45,91,3535.58,2283.94,16,434,746,0,0,0,0.0,0,
TXN09-01127,9,2026-06-01 08:37:05,6722.45,Cloud Services,90034,Card,DEV-09-6,Web,Goa,8,0,0,524.2,1,3552.39,2296.36,9,30,216,0,0,0,359.3,0,
TXN09-01128,9,2026-06-01 08:52:11,4002.57,Software,90006,UPI,DEV-09-3,iPhone,Goa,8,0,0,15.1,2,3561.25,2299.25,113,183,217,0,0,0,0.0,0,
TXN09-01129,9,2026-06-01 09:18:38,1614.03,Software,90007,UPI,DEV-09-1,iPhone,Pune,9,0,0,26.45,3,3562.33,2299.36,68,435,747,0,0,0,359.3,0,
TXN09-01130,9,2026-06-01 09:53:12,2269.42,Software,90006,UPI,DEV-09-7,Android,Pune,9,0,0,34.57,4,3553.99,2293.72,114,23,748,0,0,0,0.0,0,
TXN09-01131,9,2026-06-01 10:08:49,3370.4,Restaurants,90012,Card,DEV-09-1,iPhone,Pune,10,0,0,15.62,5,3550.4,2291.52,21,436,749,0,0,0,0.0,0,
TXN09-01132,9,2026-06-01 10:11:55,5904.53,Restaurants,90005,Card,DEV-09-6,Web,Goa,10,0,0,3.1,6,3549.9,2288.35,47,31,218,0,0,0,359.3,0,
TXN09-01133,9,2026-06-01 11:23:00,7393.98,Cloud Services,90002,UPI,DEV-09-5,Android,Bangalore,11,0,0,71.08,7,3563.94,2290.54,109,57,135,0,0,0,454.99,0,
TXN09-01134,9,2026-06-01 11:32:43,4454.08,Software,90006,UPI,DEV-09-1,iPhone,Pune,11,0,0,9.72,8,3574.61,2296.24,115,437,750,0,0,0,735.23,0,
TXN09-01135,9,2026-06-01 11:33:26,863.63,Coffee,90019,UPI,DEV-09-1,iPhone,Pune,11,0,0,0.72,9,3577.05,2293.52,45,438,751,0,0,0,0.0,0,
TXN09-01136,9,2026-06-01 11:48:56,3240.19,Cloud Services,90002,UPI,DEV-09-3,iPhone,Pune,11,0,0,15.5,10,3569.54,2294.77,110,184,752,0,0,0,0.0,0,
TXN09-01137,9,2026-06-01 12:01:13,1358.14,Software,90014,UPI,DEV-09-1,iPhone,Goa,12,0,0,12.28,11,3559.19,2287.81,40,439,219,0,0,0,359.3,0,
TXN09-01138,9,2026-06-01 12:35:00,2205.46,Restaurants,90001,Card,DEV-09-1,iPhone,Pune,12,0,0,33.78,12,3553.11,2287.56,120,440,753,0,0,0,359.3,0,
TXN09-01139,9,2026-06-01 13:28:01,4403.61,Restaurants,90005,Card,DEV-09-4,iPhone,Pune,13,0,0,53.02,13,3541.06,2283.13,48,108,754,0,0,0,0.0,0,
TXN09-01140,9,2026-06-01 14:05:50,6709.23,Cloud Services,90002,UPI,DEV-09-3,iPhone,Pune,14,0,0,37.82,14,3528.78,2277.74,111,185,755,0,0,0,0.0,0,
TXN09-01141,9,2026-06-01 14:21:21,5975.33,Cloud Services,90011,UPI,DEV-09-5,Android,Goa,14,0,0,15.52,15,3534.24,2282.99,30,58,220,0,0,0,359.3,0,
TXN09-01142,9,2026-06-01 14:32:06,1957.59,Coffee,90033,UPI,DEV-09-6,Web,Pune,14,0,0,10.75,16,3536.0,2287.75,3,32,756,0,0,0,359.3,0,
TXN09-01143,9,2026-06-01 14:50:44,8000.0,Coffee,90004,UPI,DEV-09-3,iPhone,Pune,14,0,0,18.63,17,3514.27,2278.31,113,186,757,0,0,0,0.0,0,
TXN09-01144,9,2026-06-01 14:51:55,6247.77,Cloud Services,90010,Card,DEV-09-1,iPhone,Pune,14,0,0,1.18,18,3526.73,2287.36,33,441,758,0,0,0,0.0,0,
TXN09-01145,9,2026-06-01 14:55:24,8000.0,Coffee,90019,UPI,DEV-09-1,iPhone,Pune,14,0,0,3.48,19,3534.27,2288.66,46,442,759,0,0,0,0.0,0,
TXN09-01146,9,2026-06-01 14:58:03,2522.63,Cloud Services,90002,UPI,DEV-09-1,iPhone,Goa,14,0,0,2.65,20,3546.6,2297.49,112,443,221,0,0,0,359.3,0,
TXN09-01147,9,2026-06-01 15:15:27,1465.35,Restaurants,90001,UPI,DEV-09-7,Android,Pune,15,0,0,17.4,21,3543.78,2294.95,121,24,760,0,0,0,359.3,0,
TXN09-01148,9,2026-06-01 15:39:16,1299.82,Restaurants,90036,UPI,DEV-09-6,Web,Goa,15,0,0,23.82,22,3538.07,2294.37,5,33,222,0,0,0,359.3,0,
TXN09-01149,9,2026-06-01 15:45:23,2715.73,Coffee,90035,Card,DEV-09-1,iPhone,Pune,15,0,0,6.12,23,3528.95,2296.65,6,444,761,0,0,0,359.3,0,
TXN09-01150,9,2026-06-01 16:36:39,3143.68,Software,90016,UPI,DEV-09-1,iPhone,Pune,16,0,0,51.27,24,3529.96,2296.21,20,445,762,0,0,0,0.0,0,
TXN09-01151,9,2026-06-01 16:47:35,6179.95,Cloud Services,90003,UPI,DEV-09-3,iPhone,Pune,16,0,0,10.93,25,3528.91,2293.15,44,187,763,0,0,0,0.0,0,
TXN09-01152,9,2026-06-01 16:54:35,3950.41,Cloud Services,90010,UPI,DEV-09-6,Web,Pune,16,0,0,7.0,26,3544.02,2292.39,34,34,764,0,0,0,0.0,0,
TXN09-01153,9,2026-06-01 17:27:34,1547.93,Coffee,90004,UPI,DEV-09-6,Web,Pune,17,0,0,32.98,27,3545.13,2289.36,114,35,765,0,0,0,0.0,0,
TXN09-01154,9,2026-06-01 17:39:45,2019.74,Restaurants,90017,UPI,DEV-09-1,iPhone,Pune,17,0,0,12.18,28,3548.32,2285.75,15,446,766,0,0,0,0.0,0,
TXN09-01155,9,2026-06-01 17:40:09,2396.17,Cloud Services,90003,Card,DEV-09-7,Android,Pune,17,0,0,0.4,29,3544.16,2284.03,45,25,767,0,0,0,0.0,0,
TXN09-01156,9,2026-06-01 18:14:08,3472.36,Cloud Services,90034,Card,DEV-09-5,Android,Goa,18,0,0,33.98,30,3542.48,2284.64,10,59,223,0,0,0,359.3,0,
TXN09-01157,9,2026-06-01 18:48:49,7372.03,Restaurants,90012,UPI,DEV-09-8,Web,Bangalore,18,0,0,34.68,31,3547.48,2285.64,22,7,136,0,0,0,454.99,0,
TXN09-01158,9,2026-06-01 18:52:41,2865.8,Restaurants,90009,UPI,DEV-09-4,iPhone,Pune,18,0,0,3.87,32,3557.9,2291.22,25,109,768,0,0,0,735.23,0,
TXN09-01159,9,2026-06-01 19:17:10,4469.52,Software,90006,Card,DEV-09-1,iPhone,Pune,19,0,0,24.48,33,3550.83,2293.12,116,447,769,0,0,0,0.0,0,
TXN09-01160,9,2026-06-01 20:26:02,1218.25,Cloud Services,90003,UPI,DEV-09-2,Web,Bangalore,20,0,0,68.87,34,3555.66,2293.18,46,273,137,0,0,0,735.23,0,
TXN09-01161,9,2026-06-01 21:11:22,7209.06,Software,90006,UPI,DEV-09-8,Web,Pune,21,0,0,45.33,35,3555.42,2296.6,117,8,770,0,0,0,735.23,0,
TXN09-01162,9,2026-06-01 21:26:32,2491.59,Software,90018,UPI,DEV-09-1,iPhone,Pune,21,0,0,15.17,36,3565.45,2301.4,29,448,771,0,0,0,0.0,0,
TXN09-01163,9,2026-06-01 23:23:53,2424.91,Software,90006,Card,DEV-09-1,iPhone,Goa,23,0,0,117.35,37,3565.75,2298.81,118,449,224,0,0,0,359.3,0,
TXN09-01164,9,2026-06-01 23:42:53,2964.63,Coffee,90032,Card,DEV-09-1,iPhone,Pune,23,0,0,19.0,38,3562.6,2296.42,7,450,772,0,0,0,359.3,0,
TXN09-01165,9,2026-06-01 23:42:54,4348.84,Cloud Services,90002,Card,DEV-09-5,Android,Pune,23,0,0,0.02,39,3560.96,2293.48,113,60,773,0,0,0,0.0,0,
TXN09-01166,9,2026-06-01 23:44:37,4492.82,Coffee,90004,UPI,DEV-09-1,iPhone,Pune,23,0,0,1.72,40,3563.12,2290.7,115,451,774,0,0,0,0.0,0,
TXN09-01167,9,2026-06-02 08:14:17,1430.24,Restaurants,90005,UPI,DEV-09-11,iPhone,Pune,8,1,0,509.67,1,3565.66,2288.09,49,1,775,1,0,0,0.0,0,
TXN09-01168,9,2026-06-02 08:14:54,1193.93,Restaurants,90028,Card,DEV-09-4,iPhone,Goa,8,1,0,0.62,2,3559.84,2287.68,6,110,225,0,0,0,359.3,0,
TXN09-01169,9,2026-06-02 09:15:46,3066.56,Coffee,90020,UPI,DEV-09-4,iPhone,Pune,9,1,0,60.87,3,3545.17,2284.13,35,111,776,0,0,0,359.3,0,
TXN09-01170,9,2026-06-02 09:50:31,4963.34,Cloud Services,90011,UPI,DEV-09-1,iPhone,Goa,9,1,0,34.75,4,3547.96,2282.91,31,452,226,0,0,0,359.3,0,
TXN09-01171,9,2026-06-02 10:00:31,2574.04,Cloud Services,90043,UPI,DEV-09-1,iPhone,Pune,10,1,0,10.0,5,3554.94,2283.34,1,453,777,0,0,1,359.3,0,
TXN09-01172,9,2026-06-02 11:00:38,4145.59,Cloud Services,90027,Card,DEV-09-7,Android,Bangalore,11,1,0,60.12,6,3540.06,2284.95,11,26,138,0,0,0,735.23,0,
TXN09-01173,9,2026-06-02 11:03:30,2513.9,Restaurants,90037,UPI,DEV-09-1,iPhone,Bangalore,11,1,0,2.87,7,3541.72,2282.02,4,454,139,0,0,0,0.0,0,
TXN09-01174,9,2026-06-02 11:06:24,4071.96,Cloud Services,90003,Card,DEV-09-3,iPhone,Pune,11,1,0,2.9,8,3538.9,2279.52,47,188,778,0,0,0,735.23,0,
TXN09-01175,9,2026-06-02 12:29:25,557.49,Software,90029,Card,DEV-09-5,Android,Goa,12,1,0,83.02,9,3562.0,2279.48,10,61,227,0,0,0,359.3,0,
TXN09-01176,9,2026-06-02 13:03:19,1465.66,Restaurants,90009,UPI,DEV-09-1,iPhone,Goa,13,1,0,33.9,10,3561.7,2285.02,26,455,228,0,0,0,0.0,0,
TXN09-01177,9,2026-06-02 13:33:23,1451.79,Cloud Services,90010,UPI,DEV-09-2,Web,Pune,13,1,0,30.07,11,3559.41,2289.69,35,274,779,0,0,0,359.3,0,
TXN09-01178,9,2026-06-02 14:07:13,2037.12,Cloud Services,90010,UPI,DEV-09-1,iPhone,Indore,14,1,0,33.83,12,3553.56,2289.2,36,456,1,0,1,0,511.24,0,
TXN09-01179,9,2026-06-02 14:33:01,2509.42,Coffee,90032,Card,DEV-09-3,iPhone,Goa,14,1,0,25.8,13,3544.39,2288.65,8,189,229,0,0,0,844.95,0,
TXN09-01180,9,2026-06-02 14:57:37,4683.27,Coffee,90021,Card,DEV-09-5,Android,Pune,14,1,0,24.6,14,3544.79,2294.28,23,62,780,0,0,0,359.3,0,
TXN09-01181,9,2026-06-02 15:40:19,2600.7,Coffee,90020,Card,DEV-09-10,iPhone,Pune,15,1,0,42.7,15,3554.36,2296.65,36,3,781,0,0,0,0.0,0,
TXN09-01182,9,2026-06-02 18:09:18,2608.01,Cloud Services,90034,Card,DEV-09-2,Web,Pune,18,1,0,148.98,16,3575.17,2294.06,11,275,782,0,0,0,0.0,0,
TXN09-01183,9,2026-06-02 18:19:33,2390.48,Restaurants,90008,Card,DEV-09-3,iPhone,Pune,18,1,0,10.25,17,3559.77,2282.37,31,190,783,0,0,0,0.0,0,
TXN09-01184,9,2026-06-02 18:33:06,1919.44,Cloud Services,90003,UPI,DEV-09-2,Web,Pune,18,1,0,13.55,18,3554.46,2282.93,48,276,784,0,0,0,0.0,0,
TXN09-01185,9,2026-06-02 19:45:48,7783.47,Cloud Services,90002,UPI,DEV-09-5,Android,Pune,19,1,0,72.7,19,3554.22,2283.1,114,63,785,0,0,0,0.0,0,
TXN09-01186,9,2026-06-02 20:06:06,4039.26,Software,90007,Card,DEV-09-3,iPhone,Pune,20,1,0,20.3,20,3575.36,2293.87,69,191,786,0,0,0,0.0,0,
TXN09-01187,9,2026-06-02 21:59:43,4100.0,Software,90001,UPI,DEV-UNK-5679,Android,Pune,21,1,0,113.62,21,3599.05,2310.81,122,1,787,1,0,0,0.0,1,new_device_fraud
TXN09-01188,9,2026-06-02 22:25:38,3724.6,Coffee,90035,UPI,DEV-09-5,Android,Pune,22,1,0,25.92,22,3580.12,2297.84,7,64,788,0,0,0,0.0,0,
TXN09-01189,9,2026-06-02 22:35:25,8000.0,Software,90006,Card,DEV-09-1,iPhone,Pune,22,1,0,9.78,23,3577.25,2297.05,119,457,789,0,0,0,0.0,0,
TXN09-01190,9,2026-06-02 22:46:31,3435.08,Restaurants,90031,UPI,DEV-09-4,iPhone,Pune,22,1,0,11.1,24,3590.22,2306.11,8,112,790,0,0,0,0.0,0,
TXN09-01191,9,2026-06-02 22:49:00,3008.47,Restaurants,90008,UPI,DEV-09-5,Android,Pune,22,1,0,2.48,25,3580.67,2299.98,32,65,791,0,0,0,0.0,0,
TXN09-01192,9,2026-06-02 22:55:24,1583.54,Coffee,90022,UPI,DEV-09-1,iPhone,Bangalore,22,1,0,6.4,26,3578.99,2296.82,19,458,140,0,0,0,735.23,0,
TXN09-01193,9,2026-06-03 08:04:18,5187.73,Restaurants,90001,UPI,DEV-09-3,iPhone,Pune,8,2,0,548.9,1,3562.4,2301.4,123,192,792,0,0,0,735.23,0,
TXN09-01194,9,2026-06-03 08:20:55,2122.41,Coffee,90023,Card,DEV-09-1,iPhone,Pune,8,2,0,16.62,2,3567.18,2299.69,16,459,793,0,0,0,0.0,0,
TXN09-01195,9,2026-06-03 08:26:14,6675.48,Cloud Services,90010,Card,DEV-09-2,Web,Bangalore,8,2,0,5.32,3,3562.94,2297.65,37,277,141,0,0,0,735.23,0,
TXN09-01196,9,2026-06-03 08:37:14,3932.1,Coffee,90023,UPI,DEV-09-2,Web,Pune,8,2,0,11.0,4,3572.04,2300.43,17,278,794,0,0,0,735.23,0,
TXN09-01197,9,2026-06-03 08:39:58,5815.59,Software,90014,Card,DEV-09-1,iPhone,Goa,8,2,0,2.73,5,3573.09,2297.16,41,460,230,0,0,0,359.3,0,
TXN09-01198,9,2026-06-03 08:47:30,2386.94,Coffee,90020,UPI,DEV-09-1,iPhone,Pune,8,2,0,7.53,6,3587.75,2301.1,37,461,795,0,0,0,359.3,0,
TXN09-01199,9,2026-06-03 08:52:27,1960.28,Software,90006,UPI,DEV-09-2,Web,Pune,8,2,0,4.95,7,3593.0,2296.3,120,279,796,0,0,0,0.0,0,
TXN09-01200,9,2026-06-03 09:01:51,3825.67,Coffee,90004,Card,DEV-09-1,iPhone,Pune,9,2,0,9.4,8,3588.23,2294.64,116,462,797,0,0,0,0.0,0,
TXN09-01201,9,2026-06-03 09:10:19,3051.17,Restaurants,90017,UPI,DEV-09-1,iPhone,Pune,9,2,0,8.47,9,3588.92,2291.33,16,463,798,0,0,0,0.0,0,
TXN09-01202,9,2026-06-03 09:21:48,1905.1,Coffee,90019,UPI,DEV-09-4,iPhone,Pune,9,2,0,11.48,10,3594.5,2287.68,47,113,799,0,0,0,0.0,0,
TXN09-01203,9,2026-06-03 09:54:29,8000.0,Software,90018,UPI,DEV-09-5,Android,Pune,9,2,0,32.68,11,3603.74,2291.14,30,66,800,0,0,0,0.0,0,
TXN09-01204,9,2026-06-03 10:17:39,2133.4,Restaurants,90009,UPI,DEV-09-2,Web,Goa,10,2,0,23.17,12,3611.72,2301.67,27,280,231,0,0,0,359.3,0,
TXN09-01205,9,2026-06-03 10:26:38,2399.89,Cloud Services,90002,Card,DEV-09-4,iPhone,Pune,10,2,0,8.98,13,3607.39,2299.69,115,114,801,0,0,0,359.3,0,
TXN09-01206,9,2026-06-03 10:47:53,6659.62,Cloud Services,90002,Card,DEV-09-1,iPhone,Pune,10,2,0,21.25,14,3604.44,2297.78,116,464,802,0,0,0,0.0,0,
TXN09-01207,9,2026-06-03 10:56:01,3263.94,Software,90006,Card,DEV-09-6,Web,Pune,10,2,0,8.13,15,3602.16,2294.35,121,36,803,0,0,0,0.0,0,
TXN09-01208,9,2026-06-03 11:06:23,5399.97,Restaurants,90001,Card,DEV-09-2,Web,Goa,11,2,0,10.37,16,3601.17,2291.07,124,281,232,0,0,0,359.3,0,
TXN09-01209,9,2026-06-03 11:25:56,2352.25,Cloud Services,90010,UPI,DEV-09-5,Android,Pune,11,2,0,19.55,17,3606.41,2289.78,38,67,804,0,0,0,359.3,0,
TXN09-01210,9,2026-06-03 11:48:43,3782.03,Coffee,90004,UPI,DEV-09-1,iPhone,Pune,11,2,0,22.78,18,3602.77,2287.44,117,465,805,0,0,0,0.0,0,
TXN09-01211,9,2026-06-03 12:18:59,4263.74,Coffee,90022,Card,DEV-09-5,Android,Pune,12,2,0,30.27,19,3590.51,2275.11,20,68,806,0,0,0,0.0,0,
TXN09-01212,9,2026-06-03 12:30:27,2227.3,Cloud Services,90027,Card,DEV-09-7,Android,Pune,12,2,0,11.47,20,3594.38,2275.12,12,27,807,0,0,0,0.0,0,
TXN09-01213,9,2026-06-03 12:39:51,2569.15,Coffee,90024,Card,DEV-09-1,iPhone,Bangalore,12,2,0,9.4,21,3590.48,2276.31,17,466,142,0,0,0,735.23,0,
TXN09-01214,9,2026-06-03 12:47:50,2645.0,Coffee,90021,UPI,DEV-09-4,iPhone,Pune,12,2,0,7.98,22,3591.98,2275.46,24,115,808,0,0,0,735.23,0,
TXN09-01215,9,2026-06-03 13:27:54,5700.67,Coffee,90019,UPI,DEV-09-1,iPhone,Pune,13,2,0,40.07,23,3610.72,2270.29,48,467,809,0,0,0,0.0,0,
TXN09-01216,9,2026-06-03 13:36:43,590.95,Coffee,90044,Card,DEV-09-3,iPhone,Pune,13,2,0,8.82,24,3616.82,2269.78,1,193,810,0,0,1,0.0,0,
TXN09-01217,9,2026-06-03 13:55:43,1558.4,Cloud Services,90043,UPI,DEV-09-1,iPhone,Pune,13,2,0,19.0,25,3608.02,2272.33,2,468,811,0,0,0,0.0,0,
TXN09-01218,9,2026-06-03 14:20:34,6331.13,Coffee,90045,Card,DEV-09-2,Web,Pune,14,2,0,24.85,26,3598.01,2276.01,1,282,812,0,0,1,0.0,0,
TXN09-01219,9,2026-06-03 14:32:19,5945.86,Software,90006,Card,DEV-09-6,Web,Goa,14,2,0,11.75,27,3607.24,2280.65,122,37,233,0,0,0,359.3,0,
TXN09-01220,9,2026-06-03 14:34:02,4214.29,Cloud Services,90002,UPI,DEV-09-4,iPhone,Goa,14,2,0,1.72,28,3614.03,2280.81,117,116,234,0,0,0,0.0,0,
TXN09-01221,9,2026-06-03 14:36:11,4214.86,Software,90016,Card,DEV-09-1,iPhone,Bangalore,14,2,0,2.15,29,3615.77,2277.73,21,469,143,0,0,0,454.99,0,
TXN09-01222,9,2026-06-03 14:54:52,1169.64,Restaurants,90037,Card,DEV-09-2,Web,Pune,14,2,0,18.68,30,3617.51,2274.67,5,283,813,0,0,0,735.23,0,
TXN09-01223,9,2026-06-03 15:04:17,1840.89,Cloud Services,90010,Card,DEV-09-3,iPhone,Bangalore,15,2,0,9.42,31,3610.45,2275.17,39,194,144,0,0,0,735.23,0,
TXN09-01224,9,2026-06-03 15:13:41,403.0,Restaurants,90008,Card,DEV-09-1,iPhone,Goa,15,2,0,9.4,32,3605.37,2273.88,33,470,235,0,0,0,454.99,0,
TXN09-01225,9,2026-06-03 15:28:03,3156.58,Coffee,90020,Card,DEV-09-1,iPhone,Pune,15,2,0,14.37,33,3589.35,2276.74,38,471,814,0,0,0,359.3,0,
TXN09-01226,9,2026-06-03 15:46:43,5363.64,Coffee,90020,Card,DEV-09-2,Web,Pune,15,2,0,18.67,34,3588.11,2273.6,39,284,815,0,0,0,0.0,0,
TXN09-01227,9,2026-06-03 16:01:37,7874.14,Cloud Services,90002,Card,DEV-09-2,Web,Pune,16,2,0,14.9,35,3593.18,2272.32,118,285,816,0,0,0,0.0,0,
TXN09-01228,9,2026-06-03 16:14:39,5880.92,Cloud Services,90002,Card,DEV-09-3,iPhone,Pune,16,2,0,13.03,36,3605.38,2280.53,119,195,817,0,0,0,0.0,0,
TXN09-01229,9,2026-06-03 16:25:56,3238.06,Software,90040,Card,DEV-09-1,iPhone,Goa,16,2,0,11.28,37,3611.84,2280.5,3,472,236,0,0,0,359.3,0,
TXN09-01230,9,2026-06-03 16:28:24,7305.53,Cloud Services,90002,UPI,DEV-09-5,Android,Pune,16,2,0,2.47,38,3610.78,2277.36,120,69,818,0,0,0,359.3,0,
TXN09-01231,9,2026-06-03 16:34:18,4342.19,Software,90016,UPI,DEV-09-2,Web,Pune,16,2,0,5.9,39,3621.22,2282.58,22,286,819,0,0,0,0.0,0,
TXN09-01232,9,2026-06-03 16:41:25,1998.3,Cloud Services,90010,UPI,DEV-09-3,iPhone,Goa,16,2,0,7.12,40,3623.25,2279.68,40,196,237,0,0,0,359.3,0,
TXN09-01233,9,2026-06-03 16:55:45,857.31,Software,90007,UPI,DEV-09-5,Android,Pune,16,2,0,14.33,41,3618.69,2278.1,70,70,820,0,0,0,359.3,0,
TXN09-01234,9,2026-06-03 17:20:54,3424.46,Restaurants,90005,UPI,DEV-09-5,Android,Pune,17,2,0,25.15,42,3624.77,2277.58,50,71,821,0,0,0,0.0,0,
TXN09-01235,9,2026-06-03 17:34:02,1806.25,Restaurants,90184,UPI,DEV-09-2,Web,Pune,17,2,0,13.13,43,3616.94,2273.46,1,287,822,0,0,1,0.0,1,ato_new_merchant_same_category
TXN09-01236,9,2026-06-03 17:36:06,4112.8,Software,90014,UPI,DEV-09-1,iPhone,Pune,17,2,0,2.07,44,3611.85,2272.29,42,473,823,0,0,0,0.0,0,
TXN09-01237,9,2026-06-03 17:45:39,4467.1,Cloud Services,90027,Card,DEV-09-1,iPhone,Pune,17,2,0,9.55,45,3613.25,2269.26,13,474,824,0,0,0,0.0,0,
TXN09-01238,9,2026-06-03 17:55:24,1128.31,Coffee,90042,UPI,DEV-09-2,Web,Pune,17,2,0,9.75,46,3615.64,2266.53,2,288,825,0,0,0,0.0,0,
TXN09-01239,9,2026-06-03 17:55:42,7656.51,Software,90014,UPI,DEV-09-1,iPhone,Pune,17,2,0,0.3,47,3608.71,2267.17,43,475,826,0,0,0,0.0,0,
TXN09-01240,9,2026-06-03 18:02:48,4354.44,Restaurants,90009,Card,DEV-09-4,iPhone,Pune,18,2,0,7.1,48,3619.95,2274.02,28,117,827,0,0,0,0.0,0,
TXN09-01241,9,2026-06-03 18:10:56,6825.41,Coffee,90032,Card,DEV-09-1,iPhone,Pune,18,2,0,8.13,49,3626.95,2272.39,9,476,828,0,0,0,0.0,0,
TXN09-01242,9,2026-06-03 18:29:32,2237.93,Restaurants,90008,UPI,DEV-09-4,iPhone,Pune,18,2,0,18.6,50,3635.81,2275.46,34,118,829,0,0,0,0.0,0,
TXN09-01243,9,2026-06-03 18:57:30,555.16,Cloud Services,90002,Card,DEV-09-1,iPhone,Pune,18,2,0,27.97,51,3631.95,2273.5,121,477,830,0,0,0,0.0,0,
TXN09-01244,9,2026-06-03 19:10:25,8000.0,Cloud Services,90002,UPI,DEV-09-1,iPhone,Pune,19,2,0,12.92,52,3623.47,2276.09,122,478,831,0,0,0,0.0,0,
TXN09-01245,9,2026-06-03 19:20:43,5042.46,Restaurants,90013,UPI,DEV-09-3,iPhone,Pune,19,2,0,10.3,53,3635.49,2284.47,22,197,832,0,0,0,0.0,0,
TXN09-01246,9,2026-06-03 19:23:48,5919.9,Restaurants,90009,Card,DEV-09-7,Android,Goa,19,2,0,3.08,54,3636.08,2284.81,29,28,238,0,0,0,359.3,0,
TXN09-01247,9,2026-06-03 19:38:19,642.54,Coffee,90032,Card,DEV-09-8,Web,Pune,19,2,0,14.52,55,3642.33,2284.79,10,9,833,0,0,0,359.3,0,
TXN09-01248,9,2026-06-03 19:50:13,1827.46,Software,90007,UPI,DEV-09-2,Web,Pune,19,2,0,11.9,56,3634.14,2287.04,71,289,834,0,0,0,0.0,0,
TXN09-01249,9,2026-06-03 19:59:32,2382.17,Software,90006,UPI,DEV-09-1,iPhone,Pune,19,2,0,9.32,57,3629.72,2288.96,123,479,835,0,0,0,0.0,0,
TXN09-01250,9,2026-06-03 20:24:00,1459.16,Cloud Services,90030,Card,DEV-09-1,iPhone,Pune,20,2,0,24.47,58,3626.65,2289.49,5,480,836,0,0,0,0.0,0,
TXN09-01251,9,2026-06-03 21:26:19,349.22,Cloud Services,90010,Card,DEV-09-4,iPhone,Pune,21,2,0,62.32,59,3630.19,2291.87,41,119,837,0,0,0,0.0,0,
TXN09-01252,9,2026-06-03 21:43:18,2876.8,Coffee,90004,Card,DEV-09-5,Android,Goa,21,2,0,16.98,60,3630.04,2298.19,118,72,239,0,0,0,359.3,0,
TXN09-01253,9,2026-06-03 21:56:24,1466.51,Cloud Services,90015,UPI,DEV-09-6,Web,Goa,21,2,0,13.1,61,3623.86,2297.22,12,38,240,0,0,0,0.0,0,
TXN09-01254,9,2026-06-03 22:08:15,4379.41,Coffee,90004,Card,DEV-09-1,iPhone,Pune,22,2,0,11.85,62,3619.32,2299.86,119,481,838,0,0,0,359.3,0,
TXN09-01255,9,2026-06-03 22:23:52,3265.71,Cloud Services,90003,Card,DEV-UNK-4237,Android,Pune,22,2,0,15.62,63,3621.43,2297.02,49,1,839,1,0,0,0.0,1,ato_higher_amount_new_device
TXN09-01256,9,2026-06-03 22:36:42,8000.0,Coffee,90044,Card,DEV-09-12,iPhone,Pune,22,2,0,12.83,64,3631.95,2294.79,2,1,840,1,0,0,0.0,0,
TXN09-01257,9,2026-06-03 22:49:15,4398.48,Software,90006,Card,DEV-09-2,Web,Pune,22,2,0,12.55,65,3644.05,2303.08,124,290,841,0,0,0,0.0,0,
TXN09-01258,9,2026-06-03 22:50:25,1675.51,Cloud Services,90002,UPI,DEV-09-1,iPhone,Pune,22,2,0,1.17,66,3646.13,2300.23,123,482,842,0,0,0,0.0,0,
TXN09-01259,9,2026-06-03 22:57:46,4100.0,Software,90001,UPI,DEV-UNK-4198,Android,Pune,22,2,0,7.35,67,3648.81,2297.37,125,1,843,1,0,0,0.0,1,new_device_fraud
TXN09-01260,9,2026-06-03 22:58:12,3373.73,Coffee,90020,Card,DEV-09-1,iPhone,Pune,22,2,0,0.43,68,3650.05,2294.33,40,483,844,0,0,0,0.0,0,
TXN09-01261,9,2026-06-03 23:24:29,1219.19,Cloud Services,90027,UPI,DEV-09-2,Web,Pune,23,2,0,26.28,69,3648.69,2291.32,14,291,845,0,0,0,0.0,0,
TXN09-01262,9,2026-06-03 23:44:00,2502.56,Coffee,90022,UPI,DEV-09-1,iPhone,Pune,23,2,0,19.52,70,3641.98,2291.71,21,484,846,0,0,0,0.0,0,
TXN09-01263,9,2026-06-03 23:50:46,2793.25,Restaurants,90001,Card,DEV-09-3,iPhone,Pune,23,2,0,6.77,71,3638.84,2289.33,126,198,847,0,0,0,0.0,0,
TXN09-01264,9,2026-06-04 08:26:17,5978.33,Cloud Services,90030,Card,DEV-09-1,iPhone,Pune,8,3,0,515.52,1,3622.85,2280.6,6,485,848,0,0,0,0.0,0,
TXN09-01265,9,2026-06-04 08:44:20,4788.8,Software,90006,Card,DEV-09-1,iPhone,Goa,8,3,0,18.05,2,3629.34,2280.8,125,486,241,0,0,0,359.3,0,
TXN09-01266,9,2026-06-04 09:37:13,2680.14,Coffee,90004,UPI,DEV-09-3,iPhone,Pune,9,3,0,52.88,3,3641.34,2281.34,120,199,849,0,0,0,359.3,0,
TXN09-01267,9,2026-06-04 09:39:54,2383.37,Cloud Services,90002,UPI,DEV-09-4,iPhone,Pune,9,3,0,2.68,4,3638.69,2278.75,124,120,850,0,0,0,0.0,0,
TXN09-01268,9,2026-06-04 09:55:01,7431.19,Software,90006,Card,DEV-09-13,Web,Pune,9,3,0,15.12,5,3641.43,2276.65,126,1,851,1,0,0,0.0,0,
TXN09-01269,9,2026-06-04 10:09:28,3880.0,Coffee,90019,Card,DEV-09-3,iPhone,Pune,10,3,0,14.45,6,3657.36,2282.87,49,200,852,0,0,0,0.0,0,
TXN09-01270,9,2026-06-04 10:23:19,2772.22,Coffee,90004,UPI,DEV-09-12,iPhone,Goa,10,3,0,13.85,7,3657.97,2279.77,121,2,242,0,0,0,359.3,0,
TXN09-01271,9,2026-06-04 10:35:10,2705.48,Coffee,90019,UPI,DEV-09-2,Web,Bangalore,10,3,0,11.85,8,3657.88,2279.8,50,292,145,0,0,0,454.99,0,
TXN09-01272,9,2026-06-04 11:40:41,2807.04,Restaurants,90001,UPI,DEV-09-1,iPhone,Goa,11,3,0,65.52,9,3652.38,2279.68,127,487,243,0,0,0,454.99,0,
TXN09-01273,9,2026-06-04 13:23:18,4940.92,Software,90006,UPI,DEV-09-3,iPhone,Pune,13,3,0,102.62,10,3638.12,2290.21,127,201,853,0,0,0,359.3,0,
TXN09-01274,9,2026-06-04 13:39:15,7928.06,Software,90016,UPI,DEV-09-1,iPhone,Bangalore,13,3,0,15.95,11,3641.74,2288.05,23,488,146,0,0,0,735.23,0,
TXN09-01275,9,2026-06-04 13:58:48,4140.0,Coffee,90020,Card,DEV-09-3,iPhone,Pune,13,3,0,19.55,12,3652.91,2299.11,41,202,854,0,0,0,735.23,0,
TXN09-01276,9,2026-06-04 14:16:33,1764.32,Cloud Services,90002,Card,DEV-09-1,iPhone,Pune,14,3,0,17.75,13,3661.81,2294.77,125,489,855,0,0,0,0.0,0,
TXN09-01277,9,2026-06-04 14:21:24,1733.57,Restaurants,90037,UPI,DEV-09-4,iPhone,Pune,14,3,0,4.85,14,3656.56,2293.76,6,121,856,0,0,0,0.0,0,
TXN09-01278,9,2026-06-04 14:58:56,8000.0,Restaurants,90001,UPI,DEV-09-1,iPhone,Pune,14,3,0,37.53,15,3628.51,2278.65,128,490,857,0,0,0,0.0,0,
TXN09-01279,9,2026-06-04 15:50:36,3501.12,Coffee,90004,UPI,DEV-09-2,Web,Pune,15,3,0,51.67,16,3635.65,2280.81,122,293,858,0,0,0,0.0,0,
TXN09-01280,9,2026-06-04 16:35:03,2955.26,Software,90006,Card,DEV-09-2,Web,Pune,16,3,0,44.45,17,3641.82,2277.45,128,294,859,0,0,0,0.0,0,
TXN09-01281,9,2026-06-04 17:18:59,6001.46,Cloud Services,90003,UPI,DEV-09-1,iPhone,Pune,17,3,0,43.93,18,3637.75,2277.37,50,491,860,0,0,0,0.0,0,
TXN09-01282,9,2026-06-04 17:26:56,4039.07,Restaurants,90005,Card,DEV-09-5,Android,Pune,17,3,0,7.95,19,3651.71,2276.51,51,73,861,0,0,0,0.0,0,
TXN09-01283,9,2026-06-04 17:57:47,3176.67,Cloud Services,90046,UPI,DEV-09-2,Web,Pune,17,3,0,30.85,20,3654.15,2276.45,1,295,862,0,0,1,0.0,0,
TXN09-01284,9,2026-06-04 18:12:38,4925.51,Restaurants,90005,UPI,DEV-09-2,Web,Pune,18,3,0,14.85,21,3661.24,2270.99,52,296,863,0,0,0,0.0,0,
TXN09-01285,9,2026-06-04 18:23:17,3744.44,Coffee,90019,UPI,DEV-09-9,iPhone,Pune,18,3,0,10.65,22,3664.76,2268.8,51,4,864,0,0,0,0.0,0,
TXN09-01286,9,2026-06-04 18:58:46,4174.4,Cloud Services,90011,UPI,DEV-09-4,iPhone,Pune,18,3,0,35.48,23,3664.19,2268.76,32,122,865,0,0,0,0.0,0,
TXN09-01287,9,2026-06-04 19:09:31,5149.51,Coffee,90004,UPI,DEV-09-3,iPhone,Pune,19,3,0,10.75,24,3667.43,2268.66,123,203,866,0,0,0,0.0,0,
TXN09-01288,9,2026-06-04 19:20:40,977.4,Software,90007,Card,DEV-09-7,Android,Pune,19,3,0,11.15,25,3666.77,2268.19,72,29,867,0,0,0,0.0,0,
TXN09-01289,9,2026-06-04 19:25:06,3042.91,Software,90007,UPI,DEV-09-1,iPhone,Goa,19,3,0,4.43,26,3659.3,2269.46,73,492,244,0,0,0,359.3,0,
TXN09-01290,9,2026-06-04 20:03:05,2854.74,Cloud Services,90002,Card,DEV-09-1,iPhone,Pune,20,3,0,37.98,27,3667.68,2268.8,126,493,868,0,0,0,359.3,0,
TXN09-01291,9,2026-06-04 20:14:27,4913.37,Restaurants,90012,UPI,DEV-09-9,iPhone,Bangalore,20,3,0,11.37,28,3672.84,2264.83,23,5,147,0,0,0,735.23,0,
TXN09-01292,9,2026-06-04 20:15:23,2658.9,Software,90018,UPI,DEV-09-1,iPhone,Pune,20,3,0,0.93,29,3682.98,2262.21,31,494,869,0,0,0,735.23,0,
TXN09-01293,9,2026-06-04 20:30:53,2820.4,Restaurants,90013,UPI,DEV-09-2,Web,Pune,20,3,0,15.5,30,3680.14,2259.71,23,297,870,0,0,0,0.0,0,
TXN09-01294,9,2026-06-04 21:23:18,1321.75,Coffee,90023,Card,DEV-09-1,iPhone,Goa,21,3,0,52.42,31,3683.57,2261.82,18,495,245,0,0,0,359.3,0,
TXN09-01295,9,2026-06-04 21:26:07,3756.92,Coffee,90024,UPI,DEV-09-2,Web,Goa,21,3,0,2.82,32,3677.01,2262.09,18,298,246,0,0,0,0.0,0,
TXN09-01296,9,2026-06-04 22:01:43,4873.81,Cloud Services,90002,Card,DEV-09-5,Android,Pune,22,3,0,35.6,33,3677.23,2258.96,127,74,871,0,0,0,359.3,0,
TXN09-01297,9,2026-06-04 22:18:10,1463.27,Software,90007,Card,DEV-09-4,iPhone,Bangalore,22,3,0,16.45,34,3688.33,2254.96,74,123,148,0,0,0,735.23,0,
TXN09-01298,9,2026-06-04 22:46:06,3493.67,Cloud Services,90003,Card,DEV-09-1,iPhone,Pune,22,3,0,27.93,35,3687.88,2255.39,51,496,872,0,0,0,735.23,0,
TXN09-01299,9,2026-06-04 23:08:20,2119.58,Coffee,90020,UPI,DEV-09-1,iPhone,Pune,23,3,0,22.23,36,3687.34,2252.29,42,497,873,0,0,0,0.0,0,
TXN09-01300,9,2026-06-05 09:12:36,2963.19,Cloud Services,90002,UPI,DEV-09-3,iPhone,Pune,9,4,0,604.27,1,3686.92,2265.73,128,204,874,0,0,0,0.0,0,
TXN09-01301,9,2026-06-05 09:52:20,2916.89,Software,90018,Card,DEV-09-2,Web,Pune,9,4,0,39.73,2,3691.77,2268.59,32,299,875,0,0,0,0.0,0,
TXN09-01302,9,2026-06-05 10:40:33,5499.19,Cloud Services,90002,UPI,DEV-09-1,iPhone,Pune,10,4,0,48.22,3,3688.85,2272.54,129,498,876,0,0,0,0.0,0,
TXN09-01303,9,2026-06-05 10:46:15,8000.0,Software,90007,Card,DEV-09-1,iPhone,Pune,10,4,0,5.7,4,3694.04,2271.35,75,499,877,0,0,0,0.0,0,
TXN09-01304,9,2026-06-05 11:50:27,4705.73,Software,90006,Card,DEV-09-5,Android,Pune,11,4,0,64.2,5,3705.53,2281.84,129,75,878,0,0,0,0.0,0,
TXN09-01305,9,2026-06-05 12:52:19,1385.5,Cloud Services,90010,UPI,DEV-09-1,iPhone,Pune,12,4,0,61.87,6,3712.35,2292.3,42,500,879,0,0,0,0.0,0,
TXN09-01306,9,2026-06-05 12:56:00,2471.68,Coffee,90039,Card,DEV-09-6,Web,Bangalore,12,4,0,3.68,7,3705.58,2292.39,3,39,149,0,0,0,735.23,0,
TXN09-01307,9,2026-06-05 13:25:40,3393.94,Cloud Services,90043,UPI,DEV-09-1,iPhone,Goa,13,4,0,29.67,8,3702.01,2290.03,3,501,247,0,0,0,454.99,0,
TXN09-01308,9,2026-06-05 13:44:41,1958.46,Cloud Services,90010,Card,DEV-09-1,iPhone,Goa,13,4,0,19.02,9,3676.32,2270.1,43,502,248,0,0,0,0.0,0,
TXN09-01309,9,2026-06-05 13:46:48,797.89,Restaurants,90037,UPI,DEV-09-1,iPhone,Pune,13,4,0,2.12,10,3671.34,2268.68,7,503,880,0,0,0,359.3,0,
TXN09-01310,9,2026-06-05 14:36:22,6049.95,Restaurants,90008,UPI,DEV-09-5,Android,Pune,14,4,0,49.57,11,3664.16,2275.79,35,76,881,0,0,0,0.0,0,
TXN09-01311,9,2026-06-05 14:41:43,877.4,Cloud Services,90011,Card,DEV-09-1,iPhone,Pune,14,4,0,5.35,12,3671.13,2276.11,33,504,882,0,0,0,0.0,0,
TXN09-01312,9,2026-06-05 15:41:23,3999.64,Restaurants,90026,UPI,DEV-09-1,iPhone,Bangalore,15,4,0,59.67,13,3662.99,2277.77,8,505,150,0,0,0,735.23,0,
TXN09-01313,9,2026-06-05 16:15:40,4922.26,Software,90007,Card,DEV-09-8,Web,Pune,16,4,0,34.28,14,3646.15,2267.03,76,10,883,0,0,0,735.23,0,
TXN09-01314,9,2026-06-05 17:03:57,3872.32,Cloud Services,90046,UPI,DEV-09-12,iPhone,Pune,17,4,0,48.28,15,3647.54,2269.81,2,3,884,0,0,0,0.0,0,
TXN09-01315,9,2026-06-05 17:18:47,1441.64,Restaurants,90012,UPI,DEV-09-3,iPhone,Pune,17,4,0,14.83,16,3655.94,2268.52,24,205,885,0,0,0,0.0,0,
TXN09-01316,9,2026-06-05 17:40:48,827.62,Restaurants,90001,Card,DEV-09-4,iPhone,Pune,17,4,0,22.02,17,3640.9,2265.04,129,124,886,0,0,0,0.0,0,
TXN09-01317,9,2026-06-05 18:07:36,4100.0,Software,90001,UPI,DEV-UNK-8459,Android,Pune,18,4,0,26.8,18,3638.56,2267.54,130,1,887,1,0,0,0.0,1,new_device_fraud
TXN09-01318,9,2026-06-05 18:12:19,4418.89,Software,90006,Card,DEV-09-3,iPhone,Bangalore,18,4,0,4.72,19,3639.92,2264.32,130,206,151,0,0,0,735.23,0,
TXN09-01319,9,2026-06-05 18:14:06,1681.83,Software,90006,UPI,DEV-09-9,iPhone,Pune,18,4,0,1.78,20,3642.22,2261.37,131,6,888,0,0,0,735.23,0,
TXN09-01320,9,2026-06-05 19:31:54,4100.0,Software,90001,UPI,DEV-UNK-3308,Web,Pune,19,4,0,77.8,21,3655.27,2260.87,131,1,889,1,0,0,0.0,1,new_device_fraud
TXN09-01321,9,2026-06-05 20:08:52,3584.54,Cloud Services,90010,Card,DEV-09-1,iPhone,Pune,20,4,0,36.97,22,3656.58,2257.65,44,506,890,0,0,0,0.0,0,
TXN09-01322,9,2026-06-05 20:14:35,2584.19,Restaurants,90012,Card,DEV-09-4,iPhone,Goa,20,4,0,5.72,23,3656.37,2254.33,25,125,249,0,0,0,359.3,0,
TXN09-01323,9,2026-06-05 20:18:11,886.02,Coffee,90032,UPI,DEV-09-1,iPhone,Pune,20,4,0,3.6,24,3653.22,2251.76,11,507,891,0,0,0,359.3,0,
TXN09-01324,9,2026-06-05 20:32:13,1057.17,Software,90001,UPI,DEV-09-1,iPhone,Chandigarh,20,4,0,14.03,25,3634.22,2247.77,132,508,2,0,0,0,1389.58,1,hourly_location_hopping
TXN09-01325,9,2026-06-05 20:48:28,879.25,Cloud Services,90002,UPI,DEV-09-3,iPhone,Bangalore,20,4,0,16.25,26,3626.66,2248.79,130,207,152,0,0,0,1976.78,0,
TXN09-01326,9,2026-06-05 21:19:30,1914.03,Restaurants,90012,Card,DEV-09-2,Web,Goa,21,4,0,31.03,27,3611.8,2250.16,26,300,250,0,0,0,454.99,0,
TXN09-01327,9,2026-06-05 21:32:13,597.13,Software,90001,UPI,DEV-09-1,iPhone,Chandigarh,21,4,0,12.72,28,3606.84,2248.73,133,509,3,0,0,0,1737.37,1,hourly_location_hopping
TXN09-01328,9,2026-06-05 22:02:10,1647.59,Software,90014,Card,DEV-09-1,iPhone,Pune,22,4,0,29.95,29,3601.67,2257.35,44,510,892,0,0,0,1389.58,0,
TXN09-01329,9,2026-06-05 22:07:35,4192.75,Restaurants,90001,UPI,DEV-09-5,Android,Pune,22,4,0,5.42,30,3583.04,2247.17,134,77,893,0,0,0,0.0,0,
TXN09-01330,9,2026-06-05 22:13:26,2368.78,Cloud Services,90038,Card,DEV-09-3,iPhone,Pune,22,4,0,5.85,31,3584.82,2244.12,5,208,894,0,0,0,0.0,0,
TXN09-01331,9,2026-06-05 22:23:34,4966.81,Software,90014,Card,DEV-UNK-7229,Android,Pune,22,4,0,10.13,32,3581.27,2241.81,45,1,895,1,0,0,0.0,1,ato_higher_amount_new_device
TXN09-01332,9,2026-06-05 22:28:46,4942.94,Restaurants,90037,Card,DEV-09-1,iPhone,Pune,22,4,0,5.2,33,3585.3,2239.79,8,511,896,0,0,0,0.0,0,
TXN09-01333,9,2026-06-05 22:32:13,8000.0,Software,90001,UPI,DEV-09-1,iPhone,Singapore,22,4,0,3.45,34,3589.24,2237.73,135,512,2,0,0,0,3783.95,1,hourly_location_hopping
TXN09-01334,9,2026-06-05 22:32:21,1774.14,Restaurants,90026,Card,DEV-09-1,iPhone,Bangalore,22,4,0,0.13,35,3601.99,2247.0,9,513,153,0,0,0,3163.6,0,
TXN09-01335,9,2026-06-05 22:42:08,1719.98,Restaurants,90012,UPI,DEV-09-1,iPhone,Bangalore,22,4,0,9.78,36,3593.52,2248.36,27,514,154,0,0,0,0.0,0,
TXN09-01336,9,2026-06-05 23:01:12,2037.69,Software,90007,UPI,DEV-09-1,iPhone,Pune,23,4,0,19.07,37,3582.46,2248.13,77,515,897,0,0,0,735.23,0,
TXN09-01337,9,2026-06-05 23:07:33,3247.87,Software,90006,Card,DEV-09-6,Web,Pune,23,4,0,6.35,38,3587.17,2248.55,132,40,898,0,0,0,0.0,0,
TXN09-01338,9,2026-06-05 23:21:28,6985.71,Software,90006,UPI,DEV-09-1,iPhone,Pune,23,4,0,13.92,39,3590.41,2247.25,133,516,899,0,0,0,0.0,0,
TXN09-01339,9,2026-06-05 23:47:04,3798.47,Cloud Services,90002,UPI,DEV-09-3,iPhone,Pune,23,4,0,25.6,40,3599.52,2259.75,131,209,900,0,0,0,0.0,0,
TXN09-01340,9,2026-06-05 23:53:56,3252.08,Restaurants,90017,Card,DEV-09-2,Web,Pune,23,4,0,6.87,41,3606.96,2256.2,17,301,901,0,0,0,0.0,0,
TXN09-01341,9,2026-06-06 08:04:43,3683.09,Restaurants,90008,Card,DEV-09-1,iPhone,Kochi,8,5,1,490.78,1,3545.99,2015.01,36,517,4,0,0,0,989.71,0,
TXN09-01342,9,2026-06-06 08:19:29,3787.71,Restaurants,90041,Card,DEV-09-1,iPhone,Pune,8,5,1,14.77,2,3533.29,2000.45,2,518,902,0,0,0,989.71,0,
TXN09-01343,9,2026-06-06 08:27:53,2663.16,Cloud Services,90002,Card,DEV-09-2,Web,Goa,8,5,1,8.4,3,3534.04,1997.56,132,302,251,0,0,0,359.3,0,
TXN09-01344,9,2026-06-06 08:55:08,3890.78,Coffee,90004,Card,DEV-09-3,iPhone,Goa,8,5,1,27.25,4,3531.49,1995.2,124,210,252,0,0,0,0.0,0,
TXN09-01345,9,2026-06-06 09:26:20,2710.81,Software,90006,UPI,DEV-09-3,iPhone,Pune,9,5,1,31.2,5,3528.85,1994.12,134,211,903,0,0,0,359.3,0,
TXN09-01346,9,2026-06-06 10:21:48,2034.58,Cloud Services,90002,UPI,DEV-09-3,iPhone,Pune,10,5,1,55.47,6,3533.29,1990.6,133,212,904,0,0,0,0.0,0,
TXN09-01347,9,2026-06-06 10:24:27,2824.87,Restaurants,90005,Card,DEV-09-6,Web,Pune,10,5,1,2.65,7,3528.92,1989.33,53,41,905,0,0,0,0.0,0,
TXN09-01348,9,2026-06-06 10:31:49,4433.93,Cloud Services,90002,Card,DEV-09-3,iPhone,Goa,10,5,1,7.37,8,3538.33,1984.64,134,213,253,0,0,0,359.3,0,
TXN09-01349,9,2026-06-06 10:46:51,2250.44,Restaurants,90036,UPI,DEV-09-2,Web,Goa,10,5,1,15.03,9,3537.85,1984.41,6,303,254,0,0,0,0.0,0,
TXN09-01350,9,2026-06-06 11:28:04,3282.45,Software,90047,UPI,DEV-09-9,iPhone,Pune,11,5,1,41.22,10,3526.7,1986.01,2,7,906,0,0,0,359.3,0,
TXN09-01351,9,2026-06-06 11:52:54,4739.83,Software,90001,UPI,DEV-09-1,iPhone,Dubai,11,5,1,24.83,11,3525.98,1983.14,136,519,2,0,0,0,2054.4,1,hourly_location_hopping
TXN09-01352,9,2026-06-06 12:09:25,6833.34,Restaurants,90001,Card,DEV-09-7,Android,Pune,12,5,1,16.52,12,3529.52,1981.33,137,30,907,0,0,0,2054.4,0,
TXN09-01353,9,2026-06-06 12:25:25,5229.1,Software,90007,Card,DEV-09-7,Android,Pune,12,5,1,16.0,13,3539.13,1986.43,78,31,908,0,0,0,0.0,0,
TXN09-01354,9,2026-06-06 12:32:59,697.73,Cloud Services,90046,Card,DEV-09-1,iPhone,Goa,12,5,1,7.57,14,3544.03,1985.63,3,520,255,0,0,0,359.3,0,
TXN09-01355,9,2026-06-06 12:52:54,2762.16,Software,90001,UPI,DEV-09-1,iPhone,Chandigarh,12,5,1,19.92,15,3537.54,1992.92,138,521,4,0,0,0,1737.37,1,hourly_location_hopping
TXN09-01356,9,2026-06-06 13:09:39,4975.18,Software,90047,Card,DEV-09-1,iPhone,Pune,13,5,1,16.75,16,3535.29,1990.47,3,522,909,0,0,0,1389.58,0,
TXN09-01357,9,2026-06-06 13:09:42,2037.39,Software,90014,Card,DEV-09-2,Web,Pune,13,5,1,0.05,17,3539.45,1989.09,46,304,910,0,0,0,0.0,0,
TXN09-01358,9,2026-06-06 13:18:46,8000.0,Restaurants,90001,UPI,DEV-09-3,iPhone,Pune,13,5,1,9.07,18,3535.13,1990.72,139,214,911,0,0,0,0.0,0,
TXN09-01359,9,2026-06-06 13:19:46,3444.52,Software,90029,UPI,DEV-09-5,Android,Pune,13,5,1,1.0,19,3548.0,2002.21,11,78,912,0,0,0,0.0,0,
TXN09-01360,9,2026-06-06 13:37:31,3589.77,Cloud Services,90002,Card,DEV-09-13,Web,Pune,13,5,1,17.75,20,3547.7,1999.34,135,2,913,0,0,0,0.0,0,
TXN09-01361,9,2026-06-06 13:42:06,3377.77,Software,90007,Card,DEV-09-2,Web,Bangalore,13,5,1,4.58,21,3549.51,1999.09,79,305,155,0,0,0,735.23,0,
TXN09-01362,9,2026-06-06 13:48:08,2733.19,Restaurants,90001,UPI,DEV-09-3,iPhone,Pune,13,5,1,6.03,22,3549.02,1996.25,140,215,914,0,0,0,735.23,0,
TXN09-01363,9,2026-06-06 13:52:54,520.5,Software,90001,UPI,DEV-09-1,iPhone,Lucknow,13,5,1,4.77,23,3546.68,1993.87,141,523,3,0,0,0,1176.73,1,hourly_location_hopping
TXN09-01364,9,2026-06-06 14:17:35,3640.23,Cloud Services,90002,Card,DEV-09-2,Web,Pune,14,5,1,24.68,24,3542.45,1998.72,136,306,915,0,0,0,1176.73,0,
TXN09-01365,9,2026-06-06 14:23:20,4668.51,Coffee,90004,UPI,DEV-09-4,iPhone,Pune,14,5,1,5.75,25,3542.72,1995.87,125,126,916,0,0,0,0.0,0,
TXN09-01366,9,2026-06-06 14:40:19,5342.17,Software,90006,UPI,DEV-09-3,iPhone,Pune,14,5,1,16.98,26,3545.92,1993.94,135,216,917,0,0,0,0.0,0,
TXN09-01367,9,2026-06-06 14:47:03,2311.64,Restaurants,90013,Card,DEV-09-4,iPhone,Pune,14,5,1,6.73,27,3551.01,1993.4,24,127,918,0,0,0,0.0,0,
TXN09-01368,9,2026-06-06 14:55:21,3834.68,Restaurants,90001,UPI,DEV-09-7,Android,Pune,14,5,1,8.3,28,3547.51,1991.67,142,32,919,0,0,0,0.0,0,
TXN09-01369,9,2026-06-06 15:00:05,1696.75,Coffee,90022,UPI,DEV-09-4,iPhone,Goa,15,5,1,4.73,29,3548.32,1988.92,22,128,256,0,0,0,359.3,0,
TXN09-01370,9,2026-06-06 15:28:36,2951.47,Coffee,90004,Card,DEV-09-5,Android,Pune,15,5,1,28.52,30,3556.43,1985.94,126,79,920,0,0,0,359.3,0,
TXN09-01371,9,2026-06-06 15:36:39,2053.86,Restaurants,90028,Card,DEV-09-1,iPhone,Bangalore,15,5,1,8.05,31,3558.32,1985.05,7,524,156,0,0,0,735.23,0,
TXN09-01372,9,2026-06-06 15:42:35,4562.43,Restaurants,90041,UPI,DEV-09-2,Web,Goa,15,5,1,5.93,32,3554.08,1983.85,3,307,257,0,0,0,454.99,0,
TXN09-01373,9,2026-06-06 15:57:33,3849.87,Software,90007,Card,DEV-09-1,iPhone,Goa,15,5,1,14.97,33,3552.24,1986.31,80,525,258,0,0,0,0.0,0,
TXN09-01374,9,2026-06-06 16:09:35,5324.9,Software,90048,Card,DEV-09-1,iPhone,Pune,16,5,1,12.03,34,3553.07,1983.57,1,526,921,0,0,1,359.3,0,
TXN09-01375,9,2026-06-06 16:19:11,1486.78,Restaurants,90012,UPI,DEV-09-1,iPhone,Goa,16,5,1,9.6,35,3565.35,1981.01,28,527,259,0,0,0,359.3,0,
TXN09-01376,9,2026-06-06 16:38:23,1560.37,Software,90006,UPI,DEV-09-2,Web,Bangalore,16,5,1,19.2,36,3559.52,1981.28,136,308,157,0,0,0,454.99,0,
TXN09-01377,9,2026-06-06 17:09:22,6847.62,Coffee,90020,Card,DEV-09-1,iPhone,Pune,17,5,1,30.98,37,3549.92,1982.67,43,528,922,0,0,0,735.23,0,
TXN09-01378,9,2026-06-06 17:32:28,19234.07,International Transfer,90001,UPI,DEV-09-1,iPhone,Unknown Country,17,5,1,23.1,38,3559.16,1987.55,143,529,4,0,0,0,8307.79,1,intl_transfer
TXN09-01379,9,2026-06-06 17:38:05,2148.23,Software,90040,UPI,DEV-09-1,iPhone,Pune,17,5,1,5.62,39,3595.15,2148.23,4,530,923,0,0,0,8307.79,0,
TXN09-01380,9,2026-06-06 17:47:37,1268.9,Restaurants,90009,UPI,DEV-09-3,iPhone,Pune,17,5,1,9.53,40,3591.1,2146.59,30,217,924,0,0,0,0.0,0,
TXN09-01381,9,2026-06-06 17:53:51,2227.67,Coffee,90045,Card,DEV-09-2,Web,Pune,17,5,1,6.23,41,3584.64,2147.09,2,309,925,0,0,0,0.0,0,
TXN09-01382,9,2026-06-06 17:57:01,4026.77,Cloud Services,90011,Card,DEV-09-4,iPhone,Pune,17,5,1,3.17,42,3580.87,2145.29,34,129,926,0,0,0,0.0,0,
TXN09-01383,9,2026-06-06 18:01:38,3552.92,Restaurants,90001,Card,DEV-09-1,iPhone,Pune,18,5,1,4.62,43,3582.1,2142.45,144,531,927,0,0,0,0.0,0,
TXN09-01384,9,2026-06-06 18:16:42,1552.52,Cloud Services,90015,UPI,DEV-09-6,Web,Goa,18,5,1,15.07,44,3584.09,2142.09,13,42,260,0,0,0,359.3,0,
TXN09-01385,9,2026-06-06 18:35:11,3729.77,Coffee,90004,UPI,DEV-09-3,iPhone,Goa,18,5,1,18.48,45,3582.65,2143.28,127,218,261,0,0,0,0.0,0,
TXN09-01386,9,2026-06-06 18:37:38,4704.67,Restaurants,90009,Card,DEV-09-1,iPhone,Pune,18,5,1,2.45,46,3583.05,2140.33,31,532,928,0,0,0,359.3,0,
TXN09-01387,9,2026-06-06 18:39:20,5066.02,Coffee,90004,UPI,DEV-09-8,Web,Pune,18,5,1,1.7,47,3586.14,2138.19,128,11,929,0,0,0,0.0,0,
TXN09-01388,9,2026-06-06 18:46:31,8000.0,Coffee,90021,Card,DEV-09-1,iPhone,Bangalore,18,5,1,7.18,48,3590.21,2136.66,25,533,158,0,0,0,735.23,0,
TXN09-01389,9,2026-06-06 18:57:46,6118.48,Software,90040,Card,DEV-09-6,Web,Pune,18,5,1,11.25,49,3602.29,2146.14,5,43,930,0,0,0,735.23,0,
TXN09-01390,9,2026-06-06 19:09:45,4753.82,Software,90006,UPI,DEV-09-1,iPhone,Pune,19,5,1,11.98,50,3609.17,2147.23,137,534,931,0,0,0,0.0,0,
TXN09-01391,9,2026-06-06 19:20:47,1588.97,Software,90006,Card,DEV-09-3,iPhone,Bangalore,19,5,1,11.03,51,3612.29,2145.13,138,219,159,0,0,0,735.23,0,
TXN09-01392,9,2026-06-06 19:27:29,2603.68,Coffee,90004,UPI,DEV-09-2,Web,Pune,19,5,1,6.7,52,3606.79,2144.8,129,310,932,0,0,0,735.23,0,
TXN09-01393,9,2026-06-06 20:31:53,6171.86,Restaurants,90028,UPI,DEV-09-4,iPhone,Pune,20,5,1,64.4,53,3609.95,2145.39,8,130,933,0,0,0,0.0,0,
TXN09-01394,9,2026-06-06 20:37:29,3216.82,Restaurants,90009,Card,DEV-09-1,iPhone,Pune,20,5,1,5.6,54,3616.93,2146.62,32,535,934,0,0,0,0.0,0,
TXN09-01395,9,2026-06-06 21:02:35,1185.93,Coffee,90022,UPI,DEV-09-3,iPhone,Bangalore,21,5,1,25.1,55,3621.88,2143.6,23,220,160,0,0,0,735.23,0,
TXN09-01396,9,2026-06-06 21:42:02,3714.64,Restaurants,90001,Card,DEV-09-1,iPhone,Bangalore,21,5,1,39.45,56,3621.5,2144.02,145,536,161,0,0,0,0.0,0,
TXN09-01397,9,2026-06-06 21:45:31,1341.99,Coffee,90004,Card,DEV-09-1,iPhone,Pune,21,5,1,3.48,57,3621.76,2141.11,130,537,935,0,0,0,735.23,0,
TXN09-01398,9,2026-06-06 21:46:17,3919.57,Software,90007,Card,DEV-09-1,iPhone,Goa,21,5,1,0.77,58,3615.58,2141.49,81,538,262,0,0,0,359.3,0,
TXN09-01399,9,2026-06-06 21:59:27,1214.26,Cloud Services,90002,UPI,DEV-09-4,iPhone,Pune,21,5,1,13.17,59,3615.09,2141.4,137,131,936,0,0,0,359.3,0,
TXN09-01400,9,2026-06-06 22:09:20,3096.22,Restaurants,90001,Card,DEV-09-1,iPhone,Pune,22,5,1,9.88,60,3613.04,2143.33,146,539,937,0,0,0,0.0,0,
TXN09-01401,9,2026-06-06 22:16:49,1298.5,Restaurants,90001,UPI,DEV-09-11,iPhone,Pune,22,5,1,7.48,61,3616.76,2141.24,147,2,938,0,0,0,0.0,0,
TXN09-01402,9,2026-06-06 22:18:11,5762.96,Coffee,90023,UPI,DEV-09-5,Android,Goa,22,5,1,1.37,62,3610.5,2141.72,19,80,263,0,0,0,359.3,0,
TXN09-01403,9,2026-06-06 22:49:37,4940.82,Software,90007,Card,DEV-09-1,iPhone,Pune,22,5,1,31.43,63,3614.99,2144.49,82,540,939,0,0,0,359.3,0,
TXN09-01404,9,2026-06-06 22:53:47,2136.57,Restaurants,90009,Card,DEV-09-2,Web,Pune,22,5,1,4.17,64,3618.57,2142.7,33,311,940,0,0,0,0.0,0,
TXN09-01405,9,2026-06-06 23:12:46,3470.74,Software,90047,Card,DEV-09-3,iPhone,Pune,23,5,1,18.98,65,3621.44,2139.99,4,221,941,0,0,0,0.0,0,
TXN09-01406,9,2026-06-06 23:15:59,1069.12,Software,90018,Card,DEV-09-1,iPhone,Pune,23,5,1,3.22,66,3621.04,2137.13,33,541,942,0,0,0,0.0,0,
TXN09-01407,9,2026-06-06 23:41:17,960.83,Software,90006,Card,DEV-09-1,iPhone,Pune,23,5,1,25.3,67,3619.34,2141.89,139,542,943,0,0,0,0.0,0,
TXN09-01408,9,2026-06-06 23:46:36,3211.9,Software,90006,Card,DEV-09-3,iPhone,Bangalore,23,5,1,5.32,68,3612.19,2143.43,140,222,162,0,0,0,735.23,0,
TXN09-01409,9,2026-06-06 23:59:05,1281.11,Cloud Services,90027,Card,DEV-09-7,Android,Goa,23,5,1,12.48,69,3611.12,2140.66,15,33,264,0,0,0,454.99,0,
TXN09-01410,9,2026-06-07 01:11:01,4626.56,Coffee,90164,UPI,DEV-UNK-7715,iPhone,Goa,1,6,1,71.93,1,3604.89,2141.17,1,1,265,1,0,1,0.0,1,ato_odd_hour_new_device
TXN09-01411,9,2026-06-07 08:01:31,1657.99,Software,90006,Card,DEV-09-14,iPhone,Pune,8,6,1,410.5,2,3605.8,2141.54,141,1,944,1,0,0,359.3,0,
TXN09-01412,9,2026-06-07 08:07:35,7298.84,Cloud Services,90011,UPI,DEV-09-5,Android,Pune,8,6,1,6.07,3,3605.67,2141.65,35,81,945,0,0,0,0.0,0,
TXN09-01413,9,2026-06-07 08:08:49,1316.25,Software,90006,Card,DEV-09-1,iPhone,Pune,8,6,1,1.23,4,3615.52,2147.25,142,543,946,0,0,0,0.0,0,
TXN09-01414,9,2026-06-07 08:09:32,3507.3,Coffee,90004,UPI,DEV-09-11,iPhone,Goa,8,6,1,0.72,5,3609.41,2147.66,131,3,266,0,0,0,359.3,0,
TXN09-01415,9,2026-06-07 08:25:37,3448.18,Restaurants,90008,UPI,DEV-09-2,Web,Pune,8,6,1,16.08,6,3609.14,2144.82,37,312,947,0,0,0,359.3,0,
TXN09-01416,9,2026-06-07 08:28:26,3410.53,Coffee,90004,UPI,DEV-09-3,iPhone,Pune,8,6,1,2.82,7,3608.71,2142.0,132,223,948,0,0,0,0.0,0,
TXN09-01417,9,2026-06-07 08:37:00,2664.26,Software,90007,UPI,DEV-09-1,iPhone,Goa,8,6,1,8.57,8,3612.12,2143.3,83,544,267,0,0,0,359.3,0,
TXN09-01418,9,2026-06-07 08:48:44,7220.33,Coffee,90021,UPI,DEV-09-1,iPhone,Pune,8,6,1,11.73,9,3602.13,2138.91,26,545,949,0,0,0,359.3,0,
TXN09-01419,9,2026-06-07 09:21:41,245.28,Coffee,90004,UPI,DEV-09-4,iPhone,Goa,9,6,1,32.95,10,3606.16,2143.83,133,132,268,0,0,0,359.3,0,
TXN09-01420,9,2026-06-07 09:56:52,4099.0,Coffee,90004,UPI,DEV-09-1,iPhone,Pune,9,6,1,35.18,11,3604.0,2152.63,134,546,950,0,0,0,359.3,0,
TXN09-01421,9,2026-06-07 10:30:35,1544.61,Cloud Services,90010,UPI,DEV-09-5,Android,Pune,10,6,1,33.72,12,3595.47,2150.96,45,82,951,0,0,0,0.0,0,
TXN09-01422,9,2026-06-07 10:34:11,2272.59,Restaurants,90005,Card,DEV-09-4,iPhone,Surat,10,6,1,3.6,13,3589.99,2150.69,54,133,5,0,0,0,313.56,0,
TXN09-01423,9,2026-06-07 10:44:26,907.13,Software,90049,Card,DEV-09-3,iPhone,Pune,10,6,1,10.25,14,3590.77,2150.16,2,224,952,0,0,0,313.56,0,
TXN09-01424,9,2026-06-07 11:14:14,5714.39,Restaurants,90001,UPI,DEV-09-2,Web,Pune,11,6,1,29.8,15,3581.73,2158.64,148,313,953,0,0,0,0.0,0,
TXN09-01425,9,2026-06-07 12:01:27,3763.28,Cloud Services,90002,Card,DEV-09-1,iPhone,Pune,12,6,1,47.22,16,3594.65,2156.49,138,547,954,0,0,0,0.0,0,
TXN09-01426,9,2026-06-07 12:41:28,2750.27,Software,90007,Card,DEV-09-3,iPhone,Pune,12,6,1,40.02,17,3600.07,2159.99,84,225,955,0,0,0,0.0,0,
TXN09-01427,9,2026-06-07 12:47:50,2556.38,Software,90014,UPI,DEV-09-1,iPhone,Pune,12,6,1,6.37,18,3592.97,2162.18,47,548,956,0,0,0,0.0,0,
TXN09-01428,9,2026-06-07 12:52:14,3267.73,Software,90018,Card,DEV-09-1,iPhone,Pune,12,6,1,4.4,19,3590.14,2159.91,34,549,957,0,0,0,0.0,0,
TXN09-01429,9,2026-06-07 12:57:35,1707.22,Coffee,90004,Card,DEV-09-7,Android,Pune,12,6,1,5.35,20,3589.27,2157.03,135,34,958,0,0,0,0.0,0,
TXN09-01430,9,2026-06-07 13:13:22,3754.69,Restaurants,90001,Card,DEV-09-1,iPhone,Bangalore,13,6,1,15.78,21,3595.24,2158.56,149,550,163,0,0,0,735.23,0,
TXN09-01431,9,2026-06-07 13:14:00,1454.54,Restaurants,90001,UPI,DEV-09-3,iPhone,Pune,13,6,1,0.63,22,3595.67,2155.64,150,226,959,0,0,0,735.23,0,
TXN09-01432,9,2026-06-07 13:22:13,8000.0,Restaurants,90001,UPI,DEV-09-4,iPhone,Goa,13,6,1,8.22,23,3589.85,2155.59,151,134,269,0,0,0,359.3,0,
TXN09-01433,9,2026-06-07 13:25:43,2278.51,Restaurants,90008,UPI,DEV-09-4,iPhone,Goa,13,6,1,3.5,24,3601.81,2164.84,38,135,270,0,0,0,0.0,0,
TXN09-01434,9,2026-06-07 13:44:03,5723.44,Software,90016,UPI,DEV-09-1,iPhone,Pune,13,6,1,18.33,25,3588.3,2163.48,24,551,960,0,0,0,359.3,0,
TXN09-01435,9,2026-06-07 13:48:33,1438.15,Restaurants,90008,Card,DEV-09-4,iPhone,Bangalore,13,6,1,4.5,26,3596.32,2165.91,39,136,164,0,0,0,735.23,0,
TXN09-01436,9,2026-06-07 13:49:45,5901.63,Coffee,90004,Card,DEV-09-15,Web,Pune,13,6,1,1.2,27,3590.47,2165.88,136,1,961,1,0,0,735.23,0,
TXN09-01437,9,2026-06-07 14:08:25,1712.74,Restaurants,90001,UPI,DEV-09-1,iPhone,Pune,14,6,1,18.67,28,3605.23,2163.03,152,552,962,0,0,0,0.0,0,
TXN09-01438,9,2026-06-07 15:24:23,2717.85,Coffee,90004,UPI,DEV-09-10,iPhone,Goa,15,6,1,75.97,29,3588.25,2139.28,137,4,271,0,0,0,359.3,0,
TXN09-01439,9,2026-06-07 15:50:45,1808.28,Cloud Services,90003,UPI,DEV-09-7,Android,Pune,15,6,1,26.37,30,3592.03,2138.0,52,35,963,0,0,0,359.3,0,
TXN09-01440,9,2026-06-07 16:28:21,6114.91,Cloud Services,90011,Card,DEV-09-1,iPhone,Pune,16,6,1,37.6,31,3573.84,2135.47,36,553,964,0,0,0,0.0,0,
TXN09-01441,9,2026-06-07 16:44:06,7735.02,Software,90018,UPI,DEV-09-2,Web,Pune,16,6,1,15.75,32,3580.86,2136.69,35,314,965,0,0,0,0.0,0,
TXN09-01442,9,2026-06-07 16:55:45,664.96,Restaurants,90001,UPI,DEV-09-9,iPhone,Goa,16,6,1,11.65,33,3599.74,2149.9,153,8,272,0,0,0,359.3,0,
TXN09-01443,9,2026-06-07 17:17:02,5760.81,Restaurants,90001,Card,DEV-09-2,Web,Pune,17,6,1,21.28,34,3591.61,2152.45,154,315,966,0,0,0,359.3,0,
TXN09-01444,9,2026-06-07 17:37:51,4282.08,Coffee,90019,UPI,DEV-09-6,Web,Pune,17,6,1,20.82,35,3601.25,2157.11,52,44,967,0,0,0,0.0,0,
TXN09-01445,9,2026-06-07 18:21:13,3446.93,Restaurants,90013,UPI,DEV-09-3,iPhone,Pune,18,6,1,43.37,36,3617.22,2157.81,25,227,968,0,0,0,0.0,0,
TXN09-01446,9,2026-06-07 18:26:17,8000.0,Coffee,90020,Card,DEV-09-1,iPhone,Pune,18,6,1,5.07,37,3616.41,2157.82,44,554,969,0,0,0,0.0,0,
TXN09-01447,9,2026-06-07 18:38:06,3164.53,Software,90050,UPI,DEV-09-5,Android,Pune,18,6,1,11.82,38,3632.52,2168.93,1,83,970,0,0,1,0.0,0,
TXN09-01448,9,2026-06-07 18:43:07,7034.8,Cloud Services,90038,UPI,DEV-09-2,Web,Pune,18,6,1,5.02,39,3631.22,2166.05,6,316,971,0,0,0,0.0,0,
TXN09-01449,9,2026-06-07 19:02:41,3441.12,Restaurants,90037,Card,DEV-09-6,Web,Pune,19,6,1,19.57,40,3624.91,2167.66,9,45,972,0,0,0,0.0,0,
TXN09-01450,9,2026-06-07 19:16:55,243.04,Coffee,90019,UPI,DEV-09-3,iPhone,Pune,19,6,1,14.23,41,3632.96,2161.63,53,228,973,0,0,0,0.0,0,
TXN09-01451,9,2026-06-07 19:19:51,4992.15,Software,90006,UPI,DEV-09-2,Web,Goa,19,6,1,2.93,42,3623.47,2166.02,143,317,273,0,0,0,359.3,0,
TXN09-01452,9,2026-06-07 20:25:15,3057.2,Restaurants,90005,Card,DEV-09-9,iPhone,Pune,20,6,1,65.4,43,3616.67,2165.85,55,9,974,0,0,0,359.3,0,
TXN09-01453,9,2026-06-07 21:30:41,2484.24,Coffee,90021,UPI,DEV-09-4,iPhone,Pune,21,6,1,65.43,44,3633.07,2170.39,27,137,975,0,0,0,0.0,0,
TXN09-01454,9,2026-06-07 21:39:38,4981.92,Restaurants,90031,UPI,DEV-09-1,iPhone,Pune,21,6,1,8.95,45,3626.84,2171.44,9,555,976,0,0,0,0.0,0,
TXN09-01455,9,2026-06-07 22:50:40,1676.27,Cloud Services,90043,Card,DEV-09-5,Android,Goa,22,6,1,71.03,46,3626.08,2153.02,4,84,274,0,0,0,359.3,0,
TXN09-01456,9,2026-06-07 22:52:42,4286.27,Cloud Services,90002,UPI,DEV-09-2,Web,Pune,22,6,1,2.03,47,3620.33,2152.44,139,318,977,0,0,0,359.3,0,
TXN09-01457,9,2026-06-07 23:17:25,2378.69,Coffee,90019,Card,DEV-09-2,Web,Pune,23,6,1,24.72,48,3612.96,2145.27,54,319,978,0,0,0,0.0,0,
TXN09-01458,9,2026-06-07 23:26:55,1022.18,Cloud Services,90003,Card,DEV-09-2,Web,Pune,23,6,1,9.5,49,3596.28,2132.91,53,320,979,0,0,0,0.0,0,
TXN09-01459,9,2026-06-07 23:29:35,3211.02,Software,90014,Card,DEV-09-2,Web,Pune,23,6,1,2.67,50,3590.85,2137.12,48,321,980,0,0,0,0.0,0,
TXN09-01460,9,2026-06-07 23:40:52,1825.57,Software,90006,UPI,DEV-09-3,iPhone,Pune,23,6,1,11.28,51,3583.53,2138.86,144,229,981,0,0,0,0.0,0,
TXN09-01461,9,2026-06-08 08:20:08,3438.47,Cloud Services,90003,UPI,DEV-09-5,Android,Goa,8,0,0,519.27,1,3558.09,2131.43,54,85,275,0,0,0,359.3,0,
TXN09-01462,9,2026-06-08 08:58:18,1292.46,Restaurants,90031,Card,DEV-09-1,iPhone,Pune,8,0,0,38.17,2,3546.9,2127.41,10,556,982,0,0,0,359.3,0,
TXN09-01463,9,2026-06-08 09:28:50,3419.46,Software,90007,Card,DEV-09-5,Android,Bangalore,9,0,0,30.53,3,3545.93,2128.36,85,86,165,0,0,0,735.23,0,
TXN09-01464,9,2026-06-08 09:54:23,1263.84,Restaurants,90008,Card,DEV-09-4,iPhone,Goa,9,0,0,25.55,4,3549.38,2127.22,40,138,276,0,0,0,454.99,0,
TXN09-01465,9,2026-06-08 10:06:41,2707.45,Software,90007,Card,DEV-09-6,Web,Pune,10,0,0,12.3,5,3542.54,2127.7,86,46,983,0,0,0,359.3,0,
TXN09-01466,9,2026-06-08 10:07:27,1579.64,Coffee,90023,UPI,DEV-09-3,iPhone,Pune,10,0,0,0.77,6,3540.05,2125.01,20,230,984,0,0,0,0.0,0,
TXN09-01467,9,2026-06-08 10:10:23,2251.08,Software,90016,Card,DEV-09-4,iPhone,Goa,10,0,0,2.93,7,3534.7,2127.68,25,139,277,0,0,0,359.3,0,
TXN09-01468,9,2026-06-08 10:40:16,4354.66,Restaurants,90013,Card,DEV-09-1,iPhone,Goa,10,0,0,29.88,8,3523.8,2124.87,26,557,278,0,0,0,0.0,0,
TXN09-01469,9,2026-06-08 10:45:33,760.69,Restaurants,90001,UPI,DEV-09-2,Web,Pune,10,0,0,5.28,9,3526.27,2122.19,155,322,985,0,0,0,359.3,0,
TXN09-01470,9,2026-06-08 11:07:17,1205.99,Cloud Services,90015,UPI,DEV-09-3,iPhone,Pune,11,0,0,21.73,10,3518.06,2124.37,14,231,986,0,0,0,0.0,0,
TXN09-01471,9,2026-06-08 11:10:58,2664.72,Restaurants,90009,UPI,DEV-09-2,Web,Pune,11,0,0,3.68,11,3511.22,2124.94,34,323,987,0,0,0,0.0,0,
TXN09-01472,9,2026-06-08 11:17:56,1123.01,Coffee,90004,Card,DEV-09-1,iPhone,Pune,11,0,0,6.97,12,3508.73,2122.3,138,558,988,0,0,0,0.0,0,
TXN09-01473,9,2026-06-08 11:27:15,2003.23,Coffee,90039,UPI,DEV-09-4,iPhone,Pune,11,0,0,9.32,13,3490.23,2115.67,4,140,989,0,0,0,0.0,0,
TXN09-01474,9,2026-06-08 11:37:43,3138.23,Restaurants,90037,Card,DEV-09-6,Web,Bangalore,11,0,0,10.47,14,3490.75,2114.87,10,47,166,0,0,0,735.23,0,
TXN09-01475,9,2026-06-08 12:25:50,910.45,Software,90029,Card,DEV-09-5,Android,Pune,12,0,0,48.12,15,3496.77,2114.86,12,87,990,0,0,0,735.23,0,
TXN09-01476,9,2026-06-08 13:02:38,3114.64,Restaurants,90012,UPI,DEV-09-6,Web,Pune,13,0,0,36.8,16,3492.93,2118.37,29,48,991,0,0,0,0.0,0,
TXN09-01477,9,2026-06-08 13:16:12,5831.57,Software,90007,UPI,DEV-09-3,iPhone,Pune,13,0,0,13.57,17,3491.81,2115.34,87,232,992,0,0,0,0.0,0,
TXN09-01478,9,2026-06-08 13:17:09,5064.0,Coffee,90019,Card,DEV-09-5,Android,Pune,13,0,0,0.95,18,3498.71,2116.02,55,88,993,0,0,0,0.0,0,
TXN09-01479,9,2026-06-08 13:48:05,2087.19,Restaurants,90017,Card,DEV-09-2,Web,Pune,13,0,0,30.93,19,3500.66,2117.16,18,324,994,0,0,0,0.0,0,
TXN09-01480,9,2026-06-08 13:49:13,2849.25,Cloud Services,90038,Card,DEV-09-2,Web,Pune,13,0,0,1.13,20,3496.5,2115.43,7,325,995,0,0,0,0.0,0,
TXN09-01481,9,2026-06-08 14:37:34,5453.83,Cloud Services,90010,Card,DEV-09-2,Web,Pune,14,0,0,48.35,21,3482.3,2108.75,46,326,996,0,0,0,0.0,0,
TXN09-01482,9,2026-06-08 14:38:22,5140.3,Cloud Services,90030,Card,DEV-09-2,Web,Pune,14,0,0,0.8,22,3488.12,2108.35,7,327,997,0,0,0,0.0,0,
TXN09-01483,9,2026-06-08 14:52:54,3685.85,Cloud Services,90002,UPI,DEV-09-1,iPhone,Pune,14,0,0,14.53,23,3471.49,2093.64,140,559,998,0,0,0,0.0,0,
TXN09-01484,9,2026-06-08 14:57:17,408.47,Cloud Services,90002,UPI,DEV-09-1,iPhone,Pune,14,0,0,4.38,24,3458.73,2079.09,141,560,999,0,0,0,0.0,0,
TXN09-01485,9,2026-06-08 15:02:11,529.2,Restaurants,90005,Card,DEV-09-1,iPhone,Goa,15,0,0,4.9,25,3452.47,2085.07,56,561,279,0,0,0,359.3,0,
TXN09-01486,9,2026-06-08 15:09:24,7473.32,Software,90006,Card,DEV-09-15,Web,Pune,15,0,0,7.22,26,3443.85,2088.02,145,2,1000,0,0,0,359.3,0,
TXN09-01487,9,2026-06-08 15:19:21,4036.58,Coffee,90004,UPI,DEV-09-6,Web,Pune,15,0,0,9.95,27,3461.57,2096.63,139,49,1001,0,0,0,0.0,0,
TXN09-01488,9,2026-06-08 15:34:34,5001.53,Cloud Services,90002,Card,DEV-09-2,Web,Pune,15,0,0,15.22,28,3463.26,2093.78,142,328,1002,0,0,0,0.0,0,
TXN09-01489,9,2026-06-08 15:49:40,15140.91,International Transfer,90001,UPI,DEV-09-1,iPhone,Bangkok,15,0,0,15.1,29,3476.39,2094.8,156,562,1,0,1,0,2891.93,1,intl_transfer
TXN09-01490,9,2026-06-08 16:30:03,2527.65,Cloud Services,90002,Card,DEV-09-3,iPhone,Pune,16,0,0,40.38,30,3510.7,2185.01,143,233,1003,0,0,0,2891.93,0,
TXN09-01491,9,2026-06-08 16:35:13,1443.37,Coffee,90004,UPI,DEV-09-7,Android,Pune,16,0,0,5.17,31,3507.81,2182.46,140,36,1004,0,0,0,0.0,0,
TXN09-01492,9,2026-06-08 16:36:41,4490.26,Restaurants,90001,Card,DEV-09-5,Android,Goa,16,0,0,1.47,32,3502.83,2185.22,157,89,280,0,0,0,359.3,0,
TXN09-01493,9,2026-06-08 16:42:52,1410.83,Cloud Services,90038,UPI,DEV-09-1,iPhone,Pune,16,0,0,6.18,33,3505.72,2182.68,8,563,1005,0,0,0,359.3,0,
TXN09-01494,9,2026-06-08 17:55:34,2815.76,Cloud Services,90010,Card,DEV-09-1,iPhone,Goa,17,0,0,72.7,34,3503.76,2188.65,47,564,281,0,0,0,359.3,0,
TXN09-01495,9,2026-06-08 18:08:59,2816.14,Cloud Services,90002,Card,DEV-09-4,iPhone,Goa,18,0,0,13.42,35,3501.73,2185.74,144,141,282,0,0,0,0.0,0,
TXN09-01496,9,2026-06-08 18:24:45,1810.77,Cloud Services,90011,Card,DEV-09-2,Web,Goa,18,0,0,15.77,36,3499.8,2186.05,37,329,283,0,0,0,0.0,0,
TXN09-01497,9,2026-06-08 18:27:15,2964.29,Restaurants,90001,Card,DEV-09-2,Web,Pune,18,0,0,2.5,37,3494.83,2184.75,158,330,1006,0,0,0,359.3,0,
TXN09-01498,9,2026-06-08 18:40:30,6091.08,Coffee,90023,UPI,DEV-09-3,iPhone,Pune,18,0,0,13.25,38,3493.27,2181.73,21,234,1007,0,0,0,0.0,0,
TXN09-01499,9,2026-06-08 19:11:32,8000.0,Restaurants,90051,UPI,DEV-09-3,iPhone,Pune,19,0,0,31.03,39,3491.35,2179.08,1,235,1008,0,0,1,0.0,0,
TXN09-01500,9,2026-06-08 19:58:27,1169.76,Software,90050,Card,DEV-09-4,iPhone,Bangalore,19,0,0,46.92,40,3501.73,2192.09,2,142,167,0,0,0,735.23,0,
TXN09-01501,9,2026-06-08 20:41:20,3598.34,Restaurants,90013,UPI,DEV-09-1,iPhone,Pune,20,0,0,42.88,41,3501.59,2192.24,27,565,1009,0,0,0,735.23,0,
TXN09-01502,9,2026-06-08 20:44:24,8000.0,Software,90007,UPI,DEV-09-15,Web,Pune,20,0,0,3.07,42,3501.87,2189.03,88,3,1010,0,0,0,0.0,0,
TXN09-01503,9,2026-06-08 21:38:22,8000.0,Software,90006,UPI,DEV-09-4,iPhone,Pune,21,0,0,53.97,43,3507.17,2195.91,146,143,1011,0,0,0,0.0,0,
TXN09-01504,9,2026-06-08 21:42:10,3096.74,Software,90137,Card,DEV-UNK-8827,Android,Pune,21,0,0,3.8,44,3520.35,2206.1,1,1,1012,1,0,1,0.0,1,ato_new_device
TXN09-01505,9,2026-06-08 22:12:44,3952.05,Software,90006,UPI,DEV-09-1,iPhone,Pune,22,0,0,30.57,45,3519.11,2202.99,147,566,1013,0,0,0,0.0,0,
TXN09-01506,9,2026-06-08 22:19:11,4138.93,Coffee,90020,Card,DEV-09-5,Android,Pune,22,0,0,6.45,46,3520.37,2199.9,45,90,1014,0,0,0,0.0,0,
TXN09-01507,9,2026-06-08 22:30:28,6575.47,Software,90006,UPI,DEV-09-2,Web,Pune,22,0,0,11.28,47,3522.17,2196.96,148,331,1015,0,0,0,0.0,0,
TXN09-01508,9,2026-06-08 23:23:57,1422.64,Restaurants,90041,UPI,DEV-09-2,Web,Pune,23,0,0,53.48,48,3534.24,2202.29,4,332,1016,0,0,0,0.0,0,
TXN09-01509,9,2026-06-08 23:29:40,2279.4,Cloud Services,90010,UPI,DEV-09-5,Android,Pune,23,0,0,5.72,49,3528.11,2202.02,48,91,1017,0,0,0,0.0,0,
TXN09-01510,9,2026-06-08 23:40:06,3687.92,Coffee,90004,UPI,DEV-09-4,iPhone,Pune,23,0,0,10.43,50,3524.51,2199.86,141,144,1018,0,0,0,0.0,0,
TXN09-01511,9,2026-06-09 08:00:36,3600.44,Cloud Services,90003,UPI,DEV-09-4,iPhone,Pune,8,1,0,500.5,1,3521.4,2204.99,55,145,1019,0,0,0,0.0,0,
TXN09-01512,9,2026-06-09 08:05:35,1466.94,Restaurants,90001,Card,DEV-09-1,iPhone,Pune,8,1,0,4.98,2,3521.63,2201.79,159,567,1020,0,0,0,0.0,0,
TXN09-01513,9,2026-06-09 08:15:56,2781.0,Coffee,90022,Card,DEV-09-1,iPhone,Goa,8,1,0,10.35,3,3528.5,2201.31,24,568,284,0,0,0,359.3,0,
TXN09-01514,9,2026-06-09 08:26:34,951.72,Software,90007,UPI,DEV-09-2,Web,Goa,8,1,0,10.63,4,3526.33,2198.48,89,333,285,0,0,0,0.0,0,
TXN09-01515,9,2026-06-09 08:38:01,2514.21,Coffee,90021,UPI,DEV-09-2,Web,Pune,8,1,0,11.45,5,3518.89,2199.65,28,334,1021,0,0,0,359.3,0,
TXN09-01516,9,2026-06-09 08:42:24,7908.15,Restaurants,90008,UPI,DEV-09-1,iPhone,Pune,8,1,0,4.38,6,3516.0,2197.14,41,569,1022,0,0,0,0.0,0,
TXN09-01517,9,2026-06-09 08:53:13,2761.88,Restaurants,90001,Card,DEV-09-1,iPhone,Delhi,8,1,0,10.82,7,3528.62,2206.54,160,570,5,0,0,0,1179.48,0,
TXN09-01518,9,2026-06-09 08:57:15,808.44,Restaurants,90012,UPI,DEV-09-8,Web,Pune,8,1,0,4.03,8,3526.42,2203.76,30,12,1023,0,0,0,1179.48,0,
TXN09-01519,9,2026-06-09 09:01:12,687.32,Software,90040,Card,DEV-09-4,iPhone,Pune,9,1,0,3.95,9,3518.66,2205.38,6,146,1024,0,0,0,0.0,0,
TXN09-01520,9,2026-06-09 09:11:54,2964.35,Restaurants,90001,Card,DEV-09-1,iPhone,Pune,9,1,0,10.7,10,3510.59,2207.4,161,571,1025,0,0,0,0.0,0,
TXN09-01521,9,2026-06-09 10:31:15,2793.28,Coffee,90023,UPI,DEV-09-7,Android,Bangalore,10,1,0,79.35,11,3508.82,2211.85,22,37,168,0,0,0,735.23,0,
TXN09-01522,9,2026-06-09 10:39:22,3308.2,Restaurants,90026,UPI,DEV-09-2,Web,Pune,10,1,0,8.12,12,3506.77,2209.02,10,335,1026,0,0,0,735.23,0,
TXN09-01523,9,2026-06-09 10:50:30,3817.46,Cloud Services,90010,Card,DEV-09-1,iPhone,Pune,10,1,0,11.13,13,3506.21,2205.89,49,572,1027,0,0,0,0.0,0,
TXN09-01524,9,2026-06-09 10:52:08,4096.3,Restaurants,90001,UPI,DEV-09-3,iPhone,Pune,10,1,0,1.63,14,3507.09,2202.82,162,236,1028,0,0,0,0.0,0,
TXN09-01525,9,2026-06-09 10:56:06,4806.94,Coffee,90023,UPI,DEV-09-1,iPhone,Pune,10,1,0,3.97,15,3508.76,2199.92,23,573,1029,0,0,0,0.0,0,
TXN09-01526,9,2026-06-09 11:37:47,1415.01,Cloud Services,90002,UPI,DEV-09-15,Web,Goa,11,1,0,41.68,16,3511.87,2206.16,145,4,286,0,0,0,359.3,0,
TXN09-01527,9,2026-06-09 11:43:11,1949.25,Software,90014,UPI,DEV-09-1,iPhone,Goa,11,1,0,5.4,17,3505.92,2205.85,49,574,287,0,0,0,0.0,0,
TXN09-01528,9,2026-06-09 11:46:57,1279.06,Restaurants,90001,UPI,DEV-09-3,iPhone,Pune,11,1,0,3.77,18,3501.51,2204.28,163,237,1030,0,0,0,359.3,0,
TXN09-01529,9,2026-06-09 11:58:23,4945.9,Cloud Services,90002,UPI,DEV-09-1,iPhone,Pune,11,1,0,11.43,19,3495.23,2204.32,146,575,1031,0,0,0,0.0,0,
TXN09-01530,9,2026-06-09 12:31:17,4437.68,Software,90007,Card,DEV-09-1,iPhone,Pune,12,1,0,32.9,20,3507.63,2200.1,90,576,1032,0,0,0,0.0,0,
TXN09-01531,9,2026-06-09 12:38:05,6019.15,Restaurants,90001,Card,DEV-09-7,Android,Bangalore,12,1,0,6.8,21,3510.25,2197.55,164,38,169,0,0,0,735.23,0,
TXN09-01532,9,2026-06-09 13:20:42,4671.7,Software,90007,Card,DEV-09-1,iPhone,Goa,13,1,0,42.62,22,3523.07,2198.87,91,577,288,0,0,0,454.99,0,
TXN09-01533,9,2026-06-09 13:50:24,1524.94,Software,90007,Card,DEV-09-2,Web,Pune,13,1,0,29.7,23,3532.14,2196.94,92,336,1033,0,0,0,359.3,0,
TXN09-01534,9,2026-06-09 14:09:52,1725.8,Cloud Services,90002,Card,DEV-09-2,Web,Bangalore,14,1,0,19.47,24,3530.7,2198.09,147,337,170,0,0,0,735.23,0,
TXN09-01535,9,2026-06-09 14:11:01,1880.9,Coffee,90020,Card,DEV-09-14,iPhone,Pune,14,1,0,1.15,25,3525.63,2197.08,46,2,1034,0,0,0,735.23,0,
TXN09-01536,9,2026-06-09 14:18:39,1089.25,Coffee,90004,UPI,DEV-09-4,iPhone,Pune,14,1,0,7.63,26,3521.02,2195.72,142,147,1035,0,0,0,0.0,0,
TXN09-01537,9,2026-06-09 14:31:15,2080.44,Cloud Services,90003,UPI,DEV-09-2,Web,Pune,14,1,0,12.6,27,3514.23,2196.41,56,338,1036,0,0,0,0.0,0,
TXN09-01538,9,2026-06-09 14:33:33,3664.65,Cloud Services,90002,Card,DEV-09-1,iPhone,Pune,14,1,0,2.3,28,3513.03,2197.07,148,578,1037,0,0,0,0.0,0,
TXN09-01539,9,2026-06-09 14:33:55,3431.17,Software,90018,UPI,DEV-09-3,iPhone,Goa,14,1,0,0.37,29,3513.45,2194.03,36,238,289,0,0,0,359.3,0,
TXN09-01540,9,2026-06-09 14:47:25,1827.07,Software,90016,UPI,DEV-09-1,iPhone,Pune,14,1,0,13.5,30,3513.23,2190.98,26,579,1038,0,0,0,359.3,0,
TXN09-01541,9,2026-06-09 15:00:59,1531.01,Coffee,90052,UPI,DEV-09-2,Web,Pune,15,1,0,13.57,31,3505.29,2191.9,1,339,1039,0,0,1,0.0,0,
TXN09-01542,9,2026-06-09 15:28:00,3266.2,Coffee,90035,UPI,DEV-09-4,iPhone,Pune,15,1,0,27.02,32,3499.82,2191.32,8,148,1040,0,0,0,0.0,0,
TXN09-01543,9,2026-06-09 15:34:33,4350.0,Software,90007,Card,DEV-09-9,iPhone,Pune,15,1,0,6.55,33,3499.18,2188.33,93,10,1041,0,0,0,0.0,0,
TXN09-01544,9,2026-06-09 15:41:53,4800.94,Coffee,90019,Card,DEV-09-1,iPhone,Goa,15,1,0,7.33,34,3504.01,2188.27,56,580,290,0,0,0,359.3,0,
TXN09-01545,9,2026-06-09 15:51:25,1756.53,Restaurants,90008,Card,DEV-09-2,Web,Pune,15,1,0,9.53,35,3507.58,2186.31,42,340,1042,0,0,0,359.3,0,
TXN09-01546,9,2026-06-09 16:16:12,2707.86,Software,90018,UPI,DEV-09-4,iPhone,Pune,16,1,0,24.78,36,3502.77,2185.23,37,149,1043,0,0,0,0.0,0,
TXN09-01547,9,2026-06-09 16:25:18,1200.63,Cloud Services,90053,UPI,DEV-09-1,iPhone,Pune,16,1,0,9.1,37,3500.59,2182.63,1,581,1044,0,0,1,0.0,0,
TXN09-01548,9,2026-06-09 16:26:09,4393.16,Restaurants,90008,Card,DEV-09-2,Web,Goa,16,1,0,0.85,38,3494.31,2182.95,43,341,291,0,0,0,359.3,0,
TXN09-01549,9,2026-06-09 16:30:42,3248.24,Software,90007,UPI,DEV-09-10,iPhone,Goa,16,1,0,4.55,39,3496.76,2180.47,94,5,292,0,0,0,0.0,0,
TXN09-01550,9,2026-06-09 17:10:31,6920.05,Cloud Services,90002,UPI,DEV-09-5,Android,Bangalore,17,1,0,39.82,40,3496.08,2177.55,149,92,171,0,0,0,454.99,0,
TXN09-01551,9,2026-06-09 17:16:26,5003.28,Cloud Services,90054,Card,DEV-09-1,iPhone,Pune,17,1,0,5.92,41,3505.36,2181.87,1,582,1045,0,0,1,735.23,0,
TXN09-01552,9,2026-06-09 17:45:19,1405.18,Restaurants,90026,UPI,DEV-09-2,Web,Pune,17,1,0,28.88,42,3509.41,2180.31,11,342,1046,0,0,0,0.0,0,
TXN09-01553,9,2026-06-09 17:45:43,3368.84,Cloud Services,90011,Card,DEV-09-1,iPhone,Bangalore,17,1,0,0.4,43,3503.74,2180.1,38,583,172,0,0,0,735.23,0,
TXN09-01554,9,2026-06-09 18:28:32,1016.88,Coffee,90042,Card,DEV-09-1,iPhone,Bangalore,18,1,0,42.82,44,3508.8,2181.78,3,584,173,0,0,0,0.0,0,
TXN09-01555,9,2026-06-09 18:38:06,3328.16,Software,90006,UPI,DEV-09-1,iPhone,Bangalore,18,1,0,9.57,45,3506.37,2184.06,149,585,174,0,0,0,0.0,0,
TXN09-01556,9,2026-06-09 19:13:32,4412.31,Software,90006,Card,DEV-09-1,iPhone,Pune,19,1,0,35.43,46,3505.88,2181.13,150,586,1047,0,0,0,735.23,0,
TXN09-01557,9,2026-06-09 19:15:33,5478.54,Coffee,90019,Card,DEV-09-2,Web,Goa,19,1,0,2.02,47,3508.32,2178.71,57,343,293,0,0,0,359.3,0,
TXN09-01558,9,2026-06-09 19:40:51,3056.76,Software,90016,Card,DEV-09-4,iPhone,Pune,19,1,0,25.3,48,3513.6,2178.17,27,150,1048,0,0,0,359.3,0,
TXN09-01559,9,2026-06-09 19:43:08,2086.39,Coffee,90019,Card,DEV-09-5,Android,Bangalore,19,1,0,2.28,49,3512.38,2175.38,58,93,175,0,0,0,735.23,0,
TXN09-01560,9,2026-06-09 19:43:47,6291.04,Coffee,90022,UPI,DEV-09-2,Web,Pune,19,1,0,0.65,50,3508.58,2173.72,25,344,1049,0,0,0,735.23,0,
TXN09-01561,9,2026-06-09 19:47:18,2943.52,Restaurants,90055,Card,DEV-09-2,Web,Pune,19,1,0,3.52,51,3504.6,2167.25,1,345,1050,0,0,1,0.0,0,
TXN09-01562,9,2026-06-09 20:00:37,8000.0,Restaurants,90013,Card,DEV-09-5,Android,Pune,20,1,0,13.32,52,3503.11,2164.56,28,94,1051,0,0,0,0.0,0,
TXN09-01563,9,2026-06-09 20:08:15,1627.07,Coffee,90032,Card,DEV-09-1,iPhone,Pune,20,1,0,7.63,53,3513.64,2176.75,12,587,1052,0,0,0,0.0,0,
TXN09-01564,9,2026-06-09 20:11:27,1757.87,Software,90014,Card,DEV-09-1,iPhone,Pune,20,1,0,3.2,54,3508.64,2176.02,50,588,1053,0,0,0,0.0,0,
TXN09-01565,9,2026-06-09 20:18:59,2538.0,Restaurants,90041,Card,DEV-09-8,Web,Pune,20,1,0,7.53,55,3504.01,2175.0,5,13,1054,0,0,0,0.0,0,
TXN09-01566,9,2026-06-09 20:26:23,1738.57,Coffee,90025,Card,DEV-09-1,iPhone,Goa,20,1,0,7.4,56,3501.46,2172.7,7,589,294,0,0,0,359.3,0,
TXN09-01567,9,2026-06-09 20:27:22,2694.05,Restaurants,90005,Card,DEV-09-2,Web,Pune,20,1,0,0.98,57,3496.82,2171.71,57,346,1055,0,0,0,359.3,0,
TXN09-01568,9,2026-06-09 20:32:59,2023.1,Restaurants,90026,UPI,DEV-09-1,iPhone,Pune,20,1,0,5.62,58,3494.71,2169.25,12,590,1056,0,0,0,0.0,0,
TXN09-01569,9,2026-06-09 20:57:15,6748.14,Software,90040,Card,DEV-09-3,iPhone,Pune,20,1,0,24.27,59,3490.86,2167.71,7,239,1057,0,0,0,0.0,0,
TXN09-01570,9,2026-06-09 21:34:41,3860.9,Coffee,90024,Card,DEV-09-2,Web,Pune,21,1,0,37.43,60,3499.36,2171.25,19,347,1058,0,0,0,0.0,0,
TXN09-01571,9,2026-06-09 22:00:00,5133.91,Restaurants,90001,Card,DEV-09-1,iPhone,Pune,22,1,0,25.32,61,3498.74,2171.12,165,591,1059,0,0,0,0.0,0,
TXN09-01572,9,2026-06-09 22:16:53,1533.29,Cloud Services,90002,Card,DEV-09-1,iPhone,Pune,22,1,0,16.88,62,3503.0,2169.89,150,592,1060,0,0,0,0.0,0,
TXN09-01573,9,2026-06-09 22:35:26,1794.31,Coffee,90035,UPI,DEV-09-1,iPhone,Goa,22,1,0,18.55,63,3485.53,2162.78,9,593,295,0,0,0,359.3,0,
TXN09-01574,9,2026-06-09 22:35:58,5082.16,Software,90006,Card,DEV-09-1,iPhone,Pune,22,1,0,0.53,64,3481.13,2161.68,151,594,1061,0,0,0,359.3,0,
TXN09-01575,9,2026-06-09 22:45:49,4584.15,Coffee,90033,Card,DEV-09-4,iPhone,Pune,22,1,0,9.85,65,3485.29,2160.41,4,151,1062,0,0,0,0.0,0,
TXN09-01576,9,2026-06-09 22:56:51,4980.4,Cloud Services,90010,Card,DEV-09-2,Web,Goa,22,1,0,11.03,66,3494.5,2164.43,50,348,296,0,0,0,359.3,0,
TXN09-01577,9,2026-06-09 22:57:52,4199.96,Software,90016,Card,DEV-09-4,iPhone,Bangalore,22,1,0,1.02,67,3498.37,2162.93,28,152,176,0,0,0,454.99,0,
TXN09-01578,9,2026-06-09 23:27:13,2327.97,Coffee,90004,Card,DEV-09-1,iPhone,Pune,23,1,0,29.35,68,3500.19,2160.42,143,595,1063,0,0,0,735.23,0,
TXN09-01579,9,2026-06-09 23:49:12,5160.44,Cloud Services,90003,Card,DEV-09-3,iPhone,Pune,23,1,0,21.98,69,3497.15,2158.44,57,240,1064,0,0,0,0.0,0,
TXN09-01580,9,2026-06-09 23:52:21,845.25,Software,90014,UPI,DEV-09-3,iPhone,Bangalore,23,1,0,3.15,70,3501.45,2157.3,51,241,177,0,0,0,735.23,0,
TXN09-01581,9,2026-06-09 23:53:15,1541.7,Cloud Services,90053,Card,DEV-09-3,iPhone,Bangalore,23,1,0,0.9,71,3494.61,2158.73,2,242,178,0,0,0,0.0,0,
TXN09-01582,9,2026-06-10 08:00:13,1487.2,Cloud Services,90027,UPI,DEV-09-3,iPhone,Pune,8,2,0,486.97,1,3489.59,2158.22,16,243,1065,0,0,0,735.23,0,
TXN09-01583,9,2026-06-10 08:18:38,5045.26,Cloud Services,90027,UPI,DEV-09-2,Web,Pune,8,2,0,18.42,2,3480.07,2158.87,17,349,1066,0,0,0,0.0,0,
TXN09-01584,9,2026-06-10 08:24:09,3547.29,Software,90006,UPI,DEV-09-3,iPhone,Pune,8,2,0,5.52,3,3487.59,2159.21,152,244,1067,0,0,0,0.0,0,
TXN09-01585,9,2026-06-10 08:45:41,3547.21,Restaurants,90041,Card,DEV-09-9,iPhone,Pune,8,2,0,21.53,4,3472.34,2155.3,6,11,1068,0,0,0,0.0,0,
TXN09-01586,9,2026-06-10 09:09:55,2594.69,Restaurants,90001,UPI,DEV-09-7,Android,Bangalore,9,2,0,24.23,5,3478.36,2158.72,166,39,179,0,0,0,735.23,0,
TXN09-01587,9,2026-06-10 09:23:13,1118.04,Software,90006,Card,DEV-09-4,iPhone,Pune,9,2,0,13.3,6,3481.27,2160.4,153,153,1069,0,0,0,735.23,0,
TXN09-01588,9,2026-06-10 10:01:55,2815.13,Cloud Services,90043,UPI,DEV-09-3,iPhone,Goa,10,2,0,38.7,7,3463.35,2151.37,5,245,297,0,0,0,359.3,0,
TXN09-01589,9,2026-06-10 10:07:57,7937.44,Coffee,90004,UPI,DEV-09-2,Web,Pune,10,2,0,6.03,8,3461.66,2148.82,144,350,1070,0,0,0,359.3,0,
TXN09-01590,9,2026-06-10 10:10:15,3121.01,Restaurants,90005,Card,DEV-09-3,iPhone,Pune,10,2,0,2.3,9,3473.26,2158.07,58,246,1071,0,0,0,0.0,0,
TXN09-01591,9,2026-06-10 10:54:15,1407.02,Restaurants,90009,Card,DEV-09-2,Web,Goa,10,2,0,44.0,10,3470.33,2155.85,35,351,298,0,0,0,359.3,0,
TXN09-01592,9,2026-06-10 10:59:55,1771.75,Software,90006,Card,DEV-09-5,Android,Pune,10,2,0,5.67,11,3465.49,2158.39,154,95,1072,0,0,0,359.3,0,
TXN09-01593,9,2026-06-10 11:32:35,8000.0,Cloud Services,90003,Card,DEV-09-13,Web,Pune,11,2,0,32.67,12,3458.93,2159.92,58,3,1073,0,0,0,0.0,0,
TXN09-01594,9,2026-06-10 12:21:51,5686.15,Cloud Services,90002,Card,DEV-09-3,iPhone,Bangalore,12,2,0,49.27,13,3467.86,2174.72,151,247,180,0,0,0,735.23,0,
TXN09-01595,9,2026-06-10 12:40:23,4554.06,Software,90007,UPI,DEV-09-1,iPhone,Pune,12,2,0,18.53,14,3479.3,2179.09,95,596,1074,0,0,0,735.23,0,
TXN09-01596,9,2026-06-10 12:57:02,319.56,Software,90006,UPI,DEV-09-10,iPhone,Pune,12,2,0,16.65,15,3484.31,2179.36,155,6,1075,0,0,0,0.0,0,
TXN09-01597,9,2026-06-10 13:05:28,508.19,Coffee,90025,UPI,DEV-09-1,iPhone,Pune,13,2,0,8.43,16,3476.03,2182.51,8,597,1076,0,0,0,0.0,0,
TXN09-01598,9,2026-06-10 13:05:38,5251.49,Cloud Services,90002,UPI,DEV-09-3,iPhone,Pune,13,2,0,0.17,17,3468.28,2184.91,152,248,1077,0,0,0,0.0,0,
TXN09-01599,9,2026-06-10 13:19:44,895.16,Cloud Services,90027,UPI,DEV-09-1,iPhone,Goa,13,2,0,14.1,18,3472.92,2183.96,18,598,299,0,0,0,359.3,0,
TXN09-01600,9,2026-06-10 13:28:25,3734.36,Software,90006,Card,DEV-09-1,iPhone,Bangalore,13,2,0,8.68,19,3460.41,2184.92,156,599,181,0,0,0,454.99,0,
TXN09-01601,9,2026-06-10 13:47:50,1356.65,Coffee,90004,Card,DEV-09-2,Web,Pune,13,2,0,19.42,20,3468.59,2180.04,145,352,1078,0,0,0,735.23,0,
TXN09-01602,9,2026-06-10 13:47:58,2394.82,Coffee,90019,Card,DEV-09-5,Android,Pune,13,2,0,0.13,21,3463.11,2179.86,59,96,1079,0,0,0,0.0,0,
TXN09-01603,9,2026-06-10 13:52:56,3959.44,Cloud Services,90011,UPI,DEV-09-2,Web,Pune,13,2,0,4.97,22,3460.34,2177.71,39,353,1080,0,0,0,0.0,0,
TXN09-01604,9,2026-06-10 14:14:56,805.38,Cloud Services,90011,Card,DEV-09-1,iPhone,Pune,14,2,0,22.0,23,3466.56,2175.7,40,600,1081,0,0,0,0.0,0,
TXN09-01605,9,2026-06-10 14:29:21,3403.37,Software,90006,Card,DEV-09-2,Web,Pune,14,2,0,14.42,24,3452.24,2174.98,157,354,1082,0,0,0,0.0,0,
TXN09-01606,9,2026-06-10 15:01:27,3895.01,Cloud Services,90015,Card,DEV-09-2,Web,Pune,15,2,0,32.1,25,3447.58,2175.94,15,355,1083,0,0,0,0.0,0,
TXN09-01607,9,2026-06-10 15:10:01,929.84,Coffee,90052,UPI,DEV-09-2,Web,Goa,15,2,0,8.57,26,3452.95,2174.5,2,356,300,0,0,0,359.3,0,
TXN09-01608,9,2026-06-10 15:11:34,2189.09,Restaurants,90012,UPI,DEV-09-5,Android,Pune,15,2,0,1.55,27,3446.38,2175.47,31,97,1084,0,0,0,359.3,0,
TXN09-01609,9,2026-06-10 15:27:20,4572.27,Restaurants,90026,Card,DEV-09-4,iPhone,Pune,15,2,0,15.77,28,3451.03,2170.87,13,154,1085,0,0,0,0.0,0,
TXN09-01610,9,2026-06-10 16:26:42,5816.3,Restaurants,90031,Card,DEV-09-1,iPhone,Goa,16,2,0,59.37,29,3432.25,2165.23,11,601,301,0,0,0,359.3,0,
TXN09-01611,9,2026-06-10 16:59:31,2330.77,Software,90006,Card,DEV-09-1,iPhone,Pune,16,2,0,32.82,30,3436.52,2162.3,158,602,1086,0,0,0,359.3,0,
TXN09-01612,9,2026-06-10 17:40:39,6557.07,Restaurants,90017,UPI,DEV-09-1,iPhone,Bangalore,17,2,0,41.13,31,3436.14,2166.9,19,603,182,0,0,0,735.23,0,
TXN09-01613,9,2026-06-10 17:45:47,7190.28,Restaurants,90017,UPI,DEV-09-6,Web,Pune,17,2,0,5.13,32,3441.72,2172.22,20,50,1087,0,0,0,735.23,0,
TXN09-01614,9,2026-06-10 18:04:25,757.27,Software,90006,UPI,DEV-09-4,iPhone,Pune,18,2,0,18.63,33,3444.22,2171.94,159,155,1088,0,0,0,0.0,0,
TXN09-01615,9,2026-06-10 18:54:55,426.08,Cloud Services,90015,Card,DEV-09-9,iPhone,Pune,18,2,0,50.5,34,3431.15,2171.31,16,12,1089,0,0,0,0.0,0,
TXN09-01616,9,2026-06-10 19:41:38,3824.7,Coffee,90004,Card,DEV-09-4,iPhone,Pune,19,2,0,46.72,35,3414.82,2160.07,146,156,1090,0,0,0,0.0,0,
TXN09-01617,9,2026-06-10 20:27:43,4100.0,Software,90001,UPI,DEV-UNK-8305,Web,Pune,20,2,0,46.08,36,3428.44,2161.35,167,1,1091,1,0,0,0.0,1,new_device_fraud
TXN09-01618,9,2026-06-10 20:56:08,4381.49,Software,90007,UPI,DEV-09-3,iPhone,Pune,20,2,0,28.42,37,3430.27,2158.68,96,249,1092,0,0,0,0.0,0,
TXN09-01619,9,2026-06-10 21:18:50,8000.0,Restaurants,90008,UPI,DEV-09-2,Web,Goa,21,2,0,22.7,38,3432.86,2156.32,44,357,302,0,0,0,359.3,0,
TXN09-01620,9,2026-06-10 22:05:44,1447.41,Coffee,90022,UPI,DEV-09-1,iPhone,Pune,22,2,0,46.9,39,3460.66,2166.55,26,604,1093,0,0,0,359.3,0,
TXN09-01621,9,2026-06-10 22:27:11,4600.78,Cloud Services,90030,UPI,DEV-09-2,Web,Pune,22,2,0,21.45,40,3453.16,2171.5,8,358,1094,0,0,0,0.0,0,
TXN09-01622,9,2026-06-10 23:10:50,4508.4,Cloud Services,90003,UPI,DEV-09-3,iPhone,Goa,23,2,0,43.65,41,3444.47,2168.31,59,250,303,0,0,0,359.3,0,
TXN09-01623,9,2026-06-10 23:14:44,1095.52,Coffee,90039,UPI,DEV-09-11,iPhone,Bangalore,23,2,0,3.9,42,3447.41,2166.04,5,4,183,0,0,0,454.99,0,
TXN09-01624,9,2026-06-11 08:14:29,719.77,Coffee,90020,Card,DEV-09-2,Web,Pune,8,3,0,539.75,1,3451.51,2171.56,47,359,1095,0,0,0,735.23,0,
TXN09-01625,9,2026-06-11 08:30:36,2598.53,Cloud Services,90002,UPI,DEV-09-4,iPhone,Pune,8,3,0,16.12,2,3436.9,2172.2,153,157,1096,0,0,0,0.0,0,
TXN09-01626,9,2026-06-11 08:38:54,2266.57,Restaurants,90028,UPI,DEV-09-1,iPhone,Pune,8,3,0,8.3,3,3434.58,2169.63,9,605,1097,0,0,0,0.0,0,
TXN09-01627,9,2026-06-11 08:46:13,8000.0,Cloud Services,90002,UPI,DEV-09-2,Web,Pune,8,3,0,7.32,4,3427.6,2169.32,154,360,1098,0,0,0,0.0,0,
TXN09-01628,9,2026-06-11 09:05:20,960.92,Cloud Services,90002,UPI,DEV-09-7,Android,Goa,9,3,0,19.12,5,3440.23,2179.58,155,40,304,0,0,0,359.3,0,
TXN09-01629,9,2026-06-11 09:05:45,5432.97,Restaurants,90001,UPI,DEV-09-9,iPhone,Pune,9,3,0,0.42,6,3433.4,2180.45,168,13,1099,0,0,0,359.3,0,
TXN09-01630,9,2026-06-11 09:05:59,716.44,Cloud Services,90027,UPI,DEV-09-7,Android,Bangalore,9,3,0,0.23,7,3438.89,2179.97,19,41,184,0,0,0,735.23,0,
TXN09-01631,9,2026-06-11 09:11:26,2493.71,Software,90007,Card,DEV-09-1,iPhone,Pune,9,3,0,5.45,8,3431.43,2181.62,97,606,1100,0,0,0,735.23,0,
TXN09-01632,9,2026-06-11 09:14:33,2897.71,Cloud Services,90054,UPI,DEV-09-2,Web,Pune,9,3,0,3.12,9,3428.87,2179.19,2,361,1101,0,0,0,0.0,0,
TXN09-01633,9,2026-06-11 09:31:08,2382.28,Cloud Services,90027,Card,DEV-09-1,iPhone,Pune,9,3,0,16.58,10,3427.42,2176.4,20,607,1102,0,0,0,0.0,0,
TXN09-01634,9,2026-06-11 09:35:34,3338.99,Software,90007,Card,DEV-09-2,Web,Pune,9,3,0,4.43,11,3424.58,2174.12,98,362,1103,0,0,0,0.0,0,
TXN09-01635,9,2026-06-11 09:57:08,4724.78,Restaurants,90001,UPI,DEV-09-4,iPhone,Pune,9,3,0,21.57,12,3418.28,2168.93,169,158,1104,0,0,0,0.0,0,
TXN09-01636,9,2026-06-11 10:28:38,2362.69,Cloud Services,90002,UPI,DEV-09-3,iPhone,Pune,10,3,0,31.5,13,3422.36,2172.57,156,251,1105,0,0,0,0.0,0,
TXN09-01637,9,2026-06-11 10:29:31,5276.43,Cloud Services,90056,Card,DEV-09-2,Web,Pune,10,3,0,0.88,14,3419.47,2170.31,1,363,1106,0,0,1,0.0,0,
TXN09-01638,9,2026-06-11 10:30:38,7144.05,Restaurants,90001,Card,DEV-09-1,iPhone,Goa,10,3,0,1.12,15,3424.53,2169.51,170,608,305,0,0,0,359.3,0,
TXN09-01639,9,2026-06-11 10:47:45,2759.9,Cloud Services,90030,UPI,DEV-09-5,Android,Pune,10,3,0,17.12,16,3436.62,2177.83,9,98,1107,0,0,0,359.3,0,
TXN09-01640,9,2026-06-11 10:52:25,1318.97,Restaurants,90001,Card,DEV-09-6,Web,Pune,10,3,0,4.67,17,3434.78,2175.15,171,51,1108,0,0,0,0.0,0,
TXN09-01641,9,2026-06-11 10:52:55,7364.22,Coffee,90020,UPI,DEV-09-3,iPhone,Pune,10,3,0,0.5,18,3429.05,2174.98,48,252,1109,0,0,0,0.0,0,
TXN09-01642,9,2026-06-11 10:58:10,3369.55,Restaurants,90026,Card,DEV-09-5,Android,Goa,10,3,0,5.25,19,3439.69,2181.63,14,99,306,0,0,0,359.3,0,
TXN09-01643,9,2026-06-11 10:59:59,6604.66,Restaurants,90001,UPI,DEV-09-1,iPhone,Pune,10,3,0,1.82,20,3439.5,2178.69,172,609,1110,0,0,0,359.3,0,
TXN09-01644,9,2026-06-11 11:01:40,2310.75,Restaurants,90001,UPI,DEV-09-2,Web,Pune,11,3,0,1.68,21,3448.0,2181.92,173,364,1111,0,0,0,0.0,0,
TXN09-01645,9,2026-06-11 11:05:48,4909.16,Coffee,90021,UPI,DEV-09-3,iPhone,Pune,11,3,0,4.13,22,3444.96,2179.79,29,253,1112,0,0,0,0.0,0,
TXN09-01646,9,2026-06-11 11:31:37,2345.12,Cloud Services,90003,Card,DEV-09-1,iPhone,Pune,11,3,0,25.82,23,3448.87,2178.19,60,610,1113,0,0,0,0.0,0,
TXN09-01647,9,2026-06-11 11:34:57,5872.58,Software,90006,UPI,DEV-09-1,iPhone,Pune,11,3,0,3.33,24,3445.93,2176.03,160,611,1114,0,0,0,0.0,0,
TXN09-01648,9,2026-06-11 11:43:57,7516.12,Cloud Services,90002,Card,DEV-09-11,iPhone,Pune,11,3,0,9.0,25,3454.1,2179.37,157,5,1115,0,0,0,0.0,0,
TXN09-01649,9,2026-06-11 11:59:06,1685.24,Cloud Services,90002,Card,DEV-09-3,iPhone,Pune,11,3,0,15.15,26,3464.91,2186.5,158,254,1116,0,0,0,0.0,0,
TXN09-01650,9,2026-06-11 12:04:43,4061.29,Coffee,90020,Card,DEV-09-1,iPhone,Pune,12,3,0,5.62,27,3460.18,2185.51,49,612,1117,0,0,0,0.0,0,
TXN09-01651,9,2026-06-11 12:08:44,1104.68,Software,90018,Card,DEV-09-6,Web,Pune,12,3,0,4.02,28,3461.77,2182.84,38,52,1118,0,0,0,0.0,0,
TXN09-01652,9,2026-06-11 12:21:18,7166.87,Coffee,90032,UPI,DEV-09-1,iPhone,Goa,12,3,0,12.57,29,3455.56,2183.31,13,613,307,0,0,0,359.3,0,
TXN09-01653,9,2026-06-11 12:34:58,5319.01,Restaurants,90013,UPI,DEV-09-3,iPhone,Pune,12,3,0,13.67,30,3465.32,2188.71,29,255,1119,0,0,0,359.3,0,
TXN09-01654,9,2026-06-11 12:39:10,3646.57,Cloud Services,90034,UPI,DEV-09-4,iPhone,Bangalore,12,3,0,4.2,31,3470.19,2187.89,12,159,185,0,0,0,735.23,0,
TXN09-01655,9,2026-06-11 13:11:58,7302.3,Restaurants,90001,Card,DEV-09-1,iPhone,Pune,13,3,0,32.8,32,3470.65,2185.04,174,614,1120,0,0,0,735.23,0,
TXN09-01656,9,2026-06-11 13:30:32,6276.67,Restaurants,90005,Card,DEV-09-5,Android,Goa,13,3,0,18.57,33,3476.83,2192.52,59,100,308,0,0,0,359.3,0,
TXN09-01657,9,2026-06-11 13:31:43,1178.23,Software,90006,Card,DEV-09-1,iPhone,Goa,13,3,0,1.18,34,3484.14,2194.31,161,615,309,0,0,0,0.0,0,
TXN09-01658,9,2026-06-11 13:57:37,3572.79,Restaurants,90005,Card,DEV-09-5,Android,Pune,13,3,0,25.9,35,3466.52,2185.64,60,101,1121,0,0,0,359.3,0,
TXN09-01659,9,2026-06-11 14:18:11,5567.49,Restaurants,90005,UPI,DEV-09-3,iPhone,Bangalore,14,3,0,20.57,36,3469.49,2186.5,61,256,186,0,0,0,735.23,0,
TXN09-01660,9,2026-06-11 14:36:32,4251.61,Software,90014,Card,DEV-09-1,iPhone,Pune,14,3,0,18.35,37,3479.53,2187.31,52,616,1122,0,0,0,735.23,0,
TXN09-01661,9,2026-06-11 14:39:45,4563.36,Cloud Services,90002,Card,DEV-09-3,iPhone,Pune,14,3,0,3.22,38,3481.54,2184.8,159,257,1123,0,0,0,0.0,0,
TXN09-01662,9,2026-06-11 14:44:42,2342.7,Cloud Services,90003,Card,DEV-09-8,Web,Pune,14,3,0,4.95,39,3484.36,2182.65,61,14,1124,0,0,0,0.0,0,
TXN09-01663,9,2026-06-11 15:10:28,1182.22,Cloud Services,90011,Card,DEV-09-5,Android,Pune,15,3,0,25.77,40,3469.63,2171.19,41,102,1125,0,0,0,0.0,0,
TXN09-01664,9,2026-06-11 15:15:03,2012.98,Restaurants,90009,Card,DEV-09-5,Android,Bangalore,15,3,0,4.58,41,3463.68,2171.49,36,103,187,0,0,0,735.23,0,
TXN09-01665,9,2026-06-11 15:50:16,1747.54,Coffee,90021,Card,DEV-09-4,iPhone,Pune,15,3,0,35.22,42,3459.93,2169.93,30,160,1126,0,0,0,735.23,0,
TXN09-01666,9,2026-06-11 16:02:02,2417.45,Software,90006,Card,DEV-09-1,iPhone,Pune,16,3,0,11.77,43,3455.38,2171.67,162,617,1127,0,0,0,0.0,0,
TXN09-01667,9,2026-06-11 16:48:00,1122.16,Restaurants,90001,UPI,DEV-09-2,Web,Bangalore,16,3,0,45.97,44,3453.99,2172.16,175,365,188,0,0,0,735.23,0,
TXN09-01668,9,2026-06-11 16:54:57,5265.83,Restaurants,90012,Card,DEV-09-2,Web,Pune,16,3,0,6.95,45,3447.96,2172.58,32,366,1128,0,0,0,735.23,0,
TXN09-01669,9,2026-06-11 16:55:33,1576.99,Coffee,90057,Card,DEV-09-1,iPhone,Pune,16,3,0,0.6,46,3452.65,2171.74,1,618,1129,0,0,1,0.0,0,
TXN09-01670,9,2026-06-11 17:13:00,8000.0,Coffee,90042,Card,DEV-09-1,iPhone,Pune,17,3,0,17.45,47,3447.83,2171.02,4,619,1130,0,0,0,0.0,0,
TXN09-01671,9,2026-06-11 17:17:08,935.03,Cloud Services,90002,UPI,DEV-09-4,iPhone,Goa,17,3,0,4.13,48,3459.5,2180.43,160,161,310,0,0,0,359.3,0,
TXN09-01672,9,2026-06-11 17:27:55,2314.84,Restaurants,90001,Card,DEV-09-2,Web,Bangalore,17,3,0,10.78,49,3444.99,2182.93,176,367,189,0,0,0,454.99,0,
TXN09-01673,9,2026-06-11 17:40:00,5133.85,Restaurants,90013,Card,DEV-09-4,iPhone,Bangalore,17,3,0,12.08,50,3442.09,2180.88,30,162,190,0,0,0,0.0,0,
TXN09-01674,9,2026-06-11 17:50:12,1395.33,Software,90016,UPI,DEV-09-1,iPhone,Pune,17,3,0,10.2,51,3446.42,2179.76,29,620,1131,0,0,0,735.23,0,
TXN09-01675,9,2026-06-11 17:56:42,3982.65,Cloud Services,90058,Card,DEV-09-2,Web,Pune,17,3,0,6.5,52,3441.18,2179.44,1,368,1132,0,0,1,0.0,0,
TXN09-01676,9,2026-06-11 18:02:20,5363.52,Restaurants,90005,UPI,DEV-09-4,iPhone,Pune,18,3,0,5.63,53,3443.24,2179.57,62,163,1133,0,0,0,0.0,0,
TXN09-01677,9,2026-06-11 18:05:28,3471.51,Software,90048,Card,DEV-09-1,iPhone,Pune,18,3,0,3.13,54,3448.12,2178.94,2,621,1134,0,0,0,0.0,0,
TXN09-01678,9,2026-06-11 18:09:36,1462.23,Coffee,90025,Card,DEV-09-2,Web,Pune,18,3,0,4.13,55,3448.18,2176.17,9,369,1135,0,0,0,0.0,0,
TXN09-01679,9,2026-06-11 18:48:18,1683.19,Coffee,90052,Card,DEV-09-3,iPhone,Bangalore,18,3,0,38.7,56,3438.62,2179.9,3,258,191,0,0,0,735.23,0,
TXN09-01680,9,2026-06-11 18:51:35,1365.62,Cloud Services,90002,Card,DEV-09-12,iPhone,Pune,18,3,0,3.28,57,3434.16,2178.92,161,4,1136,0,0,0,735.23,0,
TXN09-01681,9,2026-06-11 18:53:35,2304.8,Coffee,90032,UPI,DEV-09-5,Android,Pune,18,3,0,2.0,58,3428.93,2178.64,14,104,1137,0,0,0,0.0,0,
TXN09-01682,9,2026-06-11 18:54:31,5365.75,Cloud Services,90053,UPI,DEV-09-1,iPhone,Pune,18,3,0,0.93,59,3426.09,2176.62,3,622,1138,0,0,0,0.0,0,
TXN09-01683,9,2026-06-11 19:02:47,5134.52,Cloud Services,90030,UPI,DEV-09-1,iPhone,Pune,19,3,0,8.27,60,3429.1,2178.47,10,623,1139,0,0,0,0.0,0,
TXN09-01684,9,2026-06-11 19:14:38,1217.06,Cloud Services,90038,UPI,DEV-09-1,iPhone,Pune,19,3,0,11.85,61,3429.06,2178.44,9,624,1140,0,0,0,0.0,0,
TXN09-01685,9,2026-06-11 19:15:04,8000.0,Coffee,90004,Card,DEV-09-4,iPhone,Pune,19,3,0,0.43,62,3423.49,2178.52,147,164,1141,0,0,0,0.0,0,
TXN09-01686,9,2026-06-11 20:14:01,4044.29,Software,90007,UPI,DEV-09-3,iPhone,Pune,20,3,0,58.95,63,3443.67,2192.32,99,259,1142,0,0,0,0.0,0,
TXN09-01687,9,2026-06-11 20:14:04,7629.3,Software,90014,Card,DEV-09-3,iPhone,Goa,20,3,0,0.05,64,3445.18,2189.76,53,260,311,0,0,0,359.3,0,
TXN09-01688,9,2026-06-11 20:20:31,6129.17,Cloud Services,90010,Card,DEV-09-1,iPhone,Pune,20,3,0,6.45,65,3454.05,2201.0,51,625,1143,0,0,0,359.3,0,
TXN09-01689,9,2026-06-11 20:33:13,1179.12,Coffee,90042,Card,DEV-09-10,iPhone,Pune,20,3,0,12.7,66,3462.43,2204.87,5,7,1144,0,0,0,0.0,0,
TXN09-01690,9,2026-06-11 21:13:17,3015.45,Coffee,90019,Card,DEV-09-7,Android,Pune,21,3,0,40.07,67,3456.66,2205.06,60,42,1145,0,0,0,0.0,0,
TXN09-01691,9,2026-06-11 21:28:13,3533.77,Restaurants,90005,Card,DEV-09-1,iPhone,Pune,21,3,0,14.93,68,3460.19,2205.29,63,626,1146,0,0,0,0.0,0,
TXN09-01692,9,2026-06-11 21:38:54,4157.27,Cloud Services,90010,UPI,DEV-09-1,iPhone,Pune,21,3,0,10.68,69,3460.38,2202.51,52,627,1147,0,0,0,0.0,0,
TXN09-01693,9,2026-06-11 21:47:30,2571.34,Restaurants,90001,Card,DEV-09-4,iPhone,Goa,21,3,0,8.6,70,3462.13,2200.01,177,165,312,0,0,0,359.3,0,
TXN09-01694,9,2026-06-11 21:56:30,7171.31,Software,90006,UPI,DEV-09-2,Web,Pune,21,3,0,9.0,71,3459.89,2197.7,163,370,1148,0,0,0,359.3,0,
TXN09-01695,9,2026-06-11 21:57:55,2705.1,Restaurants,90005,Card,DEV-09-2,Web,Pune,21,3,0,1.42,72,3469.19,2202.77,64,371,1149,0,0,0,0.0,0,
TXN09-01696,9,2026-06-11 22:10:13,491.1,Restaurants,90036,Card,DEV-09-2,Web,Goa,22,3,0,12.3,73,3463.76,2201.98,7,372,313,0,0,0,359.3,0,
TXN09-01697,9,2026-06-11 22:52:47,3136.64,Restaurants,90028,UPI,DEV-09-3,iPhone,Pune,22,3,0,42.57,74,3461.24,2207.49,10,261,1150,0,0,0,359.3,0,
TXN09-01698,9,2026-06-12 08:43:47,4331.34,Cloud Services,90010,UPI,DEV-09-1,iPhone,Goa,8,4,0,591.0,1,3463.8,2206.53,53,628,314,0,0,0,359.3,0,
TXN09-01699,9,2026-06-12 09:35:09,1136.22,Software,90006,Card,DEV-09-5,Android,Pune,9,4,0,51.37,2,3467.23,2206.81,164,105,1151,0,0,0,359.3,0,
TXN09-01700,9,2026-06-12 09:43:51,3286.48,Restaurants,90008,Card,DEV-09-2,Web,Pune,9,4,0,8.7,3,3461.39,2207.12,45,373,1152,0,0,0,0.0,0,
TXN09-01701,9,2026-06-12 11:48:50,724.12,Restaurants,90005,UPI,DEV-09-1,iPhone,Bangalore,11,4,0,124.98,4,3445.76,2198.33,65,629,192,0,0,0,735.23,0,
TXN09-01702,9,2026-06-12 11:55:19,1720.51,Restaurants,90005,Card,DEV-09-3,iPhone,Pune,11,4,0,6.48,5,3435.73,2201.64,66,262,1153,0,0,0,735.23,0,
TXN09-01703,9,2026-06-12 12:22:50,2116.72,Coffee,90020,UPI,DEV-09-6,Web,Goa,12,4,0,27.52,6,3431.42,2200.55,50,53,315,0,0,0,359.3,0,
TXN09-01704,9,2026-06-12 12:29:21,772.1,Coffee,90039,UPI,DEV-09-1,iPhone,Goa,12,4,0,6.52,7,3428.12,2198.77,6,630,316,0,0,0,0.0,0,
TXN09-01705,9,2026-06-12 12:46:27,3334.02,Restaurants,90005,Card,DEV-09-1,iPhone,Pune,12,4,0,17.1,8,3421.48,2200.02,67,631,1154,0,0,0,359.3,0,
TXN09-01706,9,2026-06-12 13:48:11,8000.0,Coffee,90019,Card,DEV-09-2,Web,Pune,13,4,0,61.73,9,3439.19,2202.99,61,374,1155,0,0,0,0.0,0,
TXN09-01707,9,2026-06-12 14:25:42,2112.34,Restaurants,90008,UPI,DEV-09-2,Web,Goa,14,4,0,37.52,10,3450.68,2212.06,46,375,317,0,0,0,359.3,0,
TXN09-01708,9,2026-06-12 15:14:45,2408.09,Restaurants,90005,UPI,DEV-09-5,Android,Pune,15,4,0,49.05,11,3447.24,2208.23,68,106,1156,0,0,0,359.3,0,
TXN09-01709,9,2026-06-12 15:30:43,1515.18,Restaurants,90012,Card,DEV-09-1,iPhone,Pune,15,4,0,15.97,12,3444.62,2206.06,33,632,1157,0,0,0,0.0,0,
TXN09-01710,9,2026-06-12 15:46:56,3148.48,Software,90018,UPI,DEV-09-1,iPhone,Pune,15,4,0,16.22,13,3438.36,2208.0,39,633,1158,0,0,0,0.0,0,
TXN09-01711,9,2026-06-12 16:08:38,3972.42,Software,90006,Card,DEV-09-4,iPhone,Pune,16,4,0,21.7,14,3437.63,2205.28,165,166,1159,0,0,0,0.0,0,
TXN09-01712,9,2026-06-12 17:12:44,1398.08,Restaurants,90012,Card,DEV-09-1,iPhone,Pune,17,4,0,64.1,15,3434.14,2206.85,34,634,1160,0,0,0,0.0,0,
TXN09-01713,9,2026-06-12 17:57:48,1865.33,Cloud Services,90034,Card,DEV-09-1,iPhone,Pune,17,4,0,45.07,16,3440.62,2205.84,13,635,1161,0,0,0,0.0,0,
TXN09-01714,9,2026-06-12 18:21:08,5529.57,Software,90006,Card,DEV-09-2,Web,Goa,18,4,0,23.33,17,3436.93,2210.28,166,376,318,0,0,0,359.3,0,
TXN09-01715,9,2026-06-12 18:41:11,4539.86,Coffee,90004,UPI,DEV-09-2,Web,Bangalore,18,4,0,20.05,18,3442.22,2209.98,148,377,193,0,0,0,454.99,0,
TXN09-01716,9,2026-06-12 18:59:03,6848.19,Software,90007,Card,DEV-09-6,Web,Pune,18,4,0,17.87,19,3444.99,2207.87,100,54,1162,0,0,0,735.23,0,
TXN09-01717,9,2026-06-12 19:35:33,4577.0,Software,90014,UPI,DEV-09-2,Web,Goa,19,4,0,36.5,20,3451.93,2214.23,54,378,319,0,0,0,359.3,0,
TXN09-01718,9,2026-06-12 19:46:27,6919.98,Cloud Services,90003,UPI,DEV-09-3,iPhone,Goa,19,4,0,10.9,21,3454.77,2212.16,62,263,320,0,0,0,0.0,0,
TXN09-01719,9,2026-06-12 20:36:49,2474.3,Software,90014,UPI,DEV-09-2,Web,Pune,20,4,0,50.37,22,3478.05,2219.81,55,379,1163,0,0,0,359.3,0,
TXN09-01720,9,2026-06-12 20:48:21,2003.45,Coffee,90024,Card,DEV-09-3,iPhone,Pune,20,4,0,11.53,23,3475.51,2217.57,20,264,1164,0,0,0,0.0,0,
TXN09-01721,9,2026-06-12 20:58:51,6470.08,Cloud Services,90003,Card,DEV-09-1,iPhone,Pune,20,4,0,10.5,24,3478.35,2214.96,63,636,1165,0,0,0,0.0,0,
TXN09-01722,9,2026-06-12 21:23:08,2623.96,Software,90047,UPI,DEV-09-2,Web,Bangalore,21,4,0,24.28,25,3489.89,2218.64,5,380,194,0,0,0,735.23,0,
TXN09-01723,9,2026-06-12 21:36:18,5072.31,Cloud Services,90002,Card,DEV-09-7,Android,Pune,21,4,0,13.17,26,3495.02,2214.28,162,43,1166,0,0,0,735.23,0,
TXN09-01724,9,2026-06-12 22:41:55,4192.17,Cloud Services,90053,UPI,DEV-09-1,iPhone,Pune,22,4,0,65.62,27,3490.26,2213.82,4,637,1167,0,0,0,0.0,0,
TXN09-01725,9,2026-06-12 22:42:34,3321.87,Cloud Services,90003,Card,DEV-09-4,iPhone,Bangalore,22,4,0,0.65,28,3496.62,2212.28,64,167,195,0,0,0,735.23,0,
TXN09-01726,9,2026-06-12 23:33:36,2213.87,Coffee,90020,UPI,DEV-09-4,iPhone,Bangalore,23,4,0,51.03,29,3491.56,2209.62,51,168,196,0,0,0,0.0,0,
TXN09-01727,9,2026-06-12 23:41:53,2814.56,Software,90006,Card,DEV-09-1,iPhone,Bangalore,23,4,0,8.28,30,3488.27,2207.72,167,638,197,0,0,0,0.0,0,
TXN09-01728,9,2026-06-12 23:56:34,4276.23,Cloud Services,90059,Card,DEV-09-2,Web,Bangalore,23,4,0,14.68,31,3486.34,2210.75,1,381,198,0,0,1,0.0,0,
TXN09-01729,9,2026-06-13 02:41:28,1255.57,Software,90014,Card,DEV-09-3,iPhone,Goa,2,5,1,164.9,1,3488.37,2208.26,56,265,321,0,0,0,454.99,1,ato_odd_hour_short_gap
TXN09-01730,9,2026-06-13 03:53:05,776.18,Cloud Services,90034,UPI,DEV-09-3,iPhone,Pune,3,5,1,71.62,2,3482.63,2208.32,14,266,1168,0,0,0,359.3,1,ato_higher_amount_odd_hour
TXN09-01731,9,2026-06-13 08:04:09,6805.49,Cloud Services,90015,UPI,DEV-09-9,iPhone,Goa,8,5,1,251.07,3,3475.69,2209.73,17,14,322,0,0,0,359.3,0,
TXN09-01732,9,2026-06-13 08:54:54,8000.0,Coffee,90045,Card,DEV-09-2,Web,Pune,8,5,1,50.75,4,3485.03,2221.37,3,382,1169,0,0,0,359.3,0,
TXN09-01733,9,2026-06-13 09:09:00,5772.69,Coffee,90004,Card,DEV-09-6,Web,Goa,9,5,1,14.1,5,3495.62,2233.04,149,55,323,0,0,0,359.3,0,
TXN09-01734,9,2026-06-13 09:43:25,1170.27,Cloud Services,90034,Card,DEV-09-3,iPhone,Pune,9,5,1,34.42,6,3503.51,2235.66,15,267,1170,0,0,0,359.3,0,
TXN09-01735,9,2026-06-13 11:59:31,903.31,Software,90029,Card,DEV-09-5,Android,Pune,11,5,1,136.1,7,3501.22,2249.52,13,107,1171,0,0,0,0.0,0,
TXN09-01736,9,2026-06-13 12:10:47,722.22,Cloud Services,90011,UPI,DEV-09-16,Android,Goa,12,5,1,11.27,8,3485.74,2246.94,42,1,324,1,0,0,359.3,0,
TXN09-01737,9,2026-06-13 12:29:10,3833.5,Cloud Services,90002,UPI,DEV-09-1,iPhone,Pune,12,5,1,18.38,9,3473.97,2249.58,163,639,1172,0,0,0,359.3,0,
TXN09-01738,9,2026-06-13 13:03:12,3868.11,Cloud Services,90010,UPI,DEV-09-1,iPhone,Pune,13,5,1,34.03,10,3484.04,2247.79,54,640,1173,0,0,0,0.0,0,
TXN09-01739,9,2026-06-13 13:04:36,1207.49,Restaurants,90008,UPI,DEV-09-2,Web,Pune,13,5,1,1.4,11,3485.04,2244.94,47,383,1174,0,0,0,0.0,0,
TXN09-01740,9,2026-06-13 13:22:31,1682.79,Cloud Services,90054,UPI,DEV-09-7,Android,Pune,13,5,1,17.92,12,3467.16,2242.29,3,44,1175,0,0,0,0.0,0,
TXN09-01741,9,2026-06-13 13:30:49,5401.9,Cloud Services,90034,UPI,DEV-09-1,iPhone,Pune,13,5,1,8.3,13,3462.48,2241.21,16,641,1176,0,0,0,0.0,0,
TXN09-01742,9,2026-06-13 13:35:52,504.11,Cloud Services,90059,Card,DEV-09-1,iPhone,Pune,13,5,1,5.05,14,3467.56,2240.47,2,642,1177,0,0,0,0.0,0,
TXN09-01743,9,2026-06-13 14:14:35,8000.0,Cloud Services,90003,Card,DEV-09-13,Web,Pune,14,5,1,38.72,15,3469.37,2249.04,65,4,1178,0,0,0,0.0,0,
TXN09-01744,9,2026-06-13 14:25:05,2933.89,Cloud Services,90034,UPI,DEV-09-5,Android,Pune,14,5,1,10.5,16,3477.73,2263.17,17,108,1179,0,0,0,0.0,0,
TXN09-01745,9,2026-06-13 14:38:28,3779.83,Restaurants,90001,Card,DEV-09-2,Web,Pune,14,5,1,13.38,17,3476.29,2260.35,178,384,1180,0,0,0,0.0,0,
TXN09-01746,9,2026-06-13 14:50:52,1608.97,Software,90047,UPI,DEV-09-2,Web,Pune,14,5,1,12.4,18,3475.24,2260.57,6,385,1181,0,0,0,0.0,0,
TXN09-01747,9,2026-06-13 14:52:51,2701.07,Coffee,90004,UPI,DEV-09-2,Web,Pune,14,5,1,1.98,19,3470.32,2259.61,150,386,1182,0,0,0,0.0,0,
TXN09-01748,9,2026-06-13 14:59:24,4276.71,Cloud Services,90002,UPI,DEV-09-2,Web,Pune,14,5,1,6.55,20,3467.33,2259.88,164,387,1183,0,0,0,0.0,0,
TXN09-01749,9,2026-06-13 15:01:00,2302.56,Coffee,90004,UPI,DEV-09-10,iPhone,Goa,15,5,1,1.6,21,3474.13,2258.42,151,8,325,0,0,0,359.3,0,
TXN09-01750,9,2026-06-13 15:09:45,384.22,Software,90006,Card,DEV-09-11,iPhone,Pune,15,5,1,8.75,22,3471.05,2256.24,168,6,1184,0,0,0,359.3,0,
TXN09-01751,9,2026-06-13 15:16:33,1477.08,Software,90050,Card,DEV-09-4,iPhone,Pune,15,5,1,6.8,23,3462.95,2258.81,3,169,1185,0,0,0,0.0,0,
TXN09-01752,9,2026-06-13 15:30:26,5013.16,Coffee,90033,UPI,DEV-09-1,iPhone,Pune,15,5,1,13.88,24,3459.08,2260.94,5,643,1186,0,0,0,0.0,0,
TXN09-01753,9,2026-06-13 15:33:31,8000.0,Software,90007,Card,DEV-09-3,iPhone,Pune,15,5,1,3.08,25,3463.15,2259.38,101,268,1187,0,0,0,0.0,0,
TXN09-01754,9,2026-06-13 15:40:14,2577.03,Cloud Services,90010,Card,DEV-09-1,iPhone,Pune,15,5,1,6.72,26,3478.71,2270.07,55,644,1188,0,0,0,0.0,0,
TXN09-01755,9,2026-06-13 17:07:40,3138.06,Coffee,90023,Card,DEV-09-4,iPhone,Pune,17,5,1,87.43,27,3477.94,2275.34,24,170,1189,0,0,0,0.0,0,
TXN09-01756,9,2026-06-13 17:42:08,1242.82,Coffee,90004,UPI,DEV-09-3,iPhone,Pune,17,5,1,34.47,28,3429.7,2123.1,152,269,1190,0,0,0,0.0,0,
TXN09-01757,9,2026-06-13 17:43:33,939.14,Coffee,90032,Card,DEV-09-14,iPhone,Pune,17,5,1,1.42,29,3423.9,2123.26,15,3,1191,0,0,0,0.0,0,
TXN09-01758,9,2026-06-13 18:20:20,2947.08,Coffee,90019,Card,DEV-09-1,iPhone,Bangalore,18,5,1,36.78,30,3429.28,2132.23,62,645,199,0,0,0,735.23,0,
TXN09-01759,9,2026-06-13 18:35:34,1347.39,Coffee,90021,UPI,DEV-09-4,iPhone,Pune,18,5,1,15.23,31,3427.18,2132.32,31,171,1192,0,0,0,735.23,0,
TXN09-01760,9,2026-06-13 18:58:48,1853.64,Restaurants,90005,Card,DEV-09-8,Web,Goa,18,5,1,23.23,32,3394.05,2122.85,69,15,326,0,0,0,359.3,0,
TXN09-01761,9,2026-06-13 19:04:57,7720.9,Cloud Services,90010,Card,DEV-09-2,Web,Goa,19,5,1,6.15,33,3389.9,2121.49,56,388,327,0,0,0,0.0,0,
TXN09-01762,9,2026-06-13 20:03:46,4862.4,Cloud Services,90015,UPI,DEV-09-2,Web,Pune,20,5,1,58.82,34,3404.95,2135.47,18,389,1193,0,0,0,359.3,0,
TXN09-01763,9,2026-06-13 20:10:28,3705.91,Coffee,90020,Card,DEV-09-2,Web,Pune,20,5,1,6.7,35,3408.89,2133.92,52,390,1194,0,0,0,0.0,0,
TXN09-01764,9,2026-06-13 20:40:32,3935.63,Cloud Services,90060,Card,DEV-09-5,Android,Pune,20,5,1,30.07,36,3402.72,2131.99,1,109,1195,0,0,1,0.0,0,
TXN09-01765,9,2026-06-13 20:44:31,5526.8,Cloud Services,90002,UPI,DEV-09-5,Android,Pune,20,5,1,3.98,37,3404.17,2129.29,165,110,1196,0,0,0,0.0,0,
TXN09-01766,9,2026-06-13 20:58:08,7604.7,Coffee,90023,Card,DEV-09-1,iPhone,Pune,20,5,1,13.62,38,3409.89,2129.26,25,646,1197,0,0,0,0.0,0,
TXN09-01767,9,2026-06-13 21:01:17,4547.78,Coffee,90023,Card,DEV-09-1,iPhone,Pune,21,5,1,3.15,39,3421.16,2137.46,26,647,1198,0,0,0,0.0,0,
TXN09-01768,9,2026-06-13 21:56:44,8000.0,Software,90006,Card,DEV-09-1,iPhone,Bangalore,21,5,1,55.45,40,3433.76,2140.79,169,648,200,0,0,0,735.23,0,
TXN09-01769,9,2026-06-13 22:09:43,912.24,Restaurants,90061,UPI,DEV-09-6,Web,Pune,22,5,1,12.98,41,3453.12,2153.61,1,56,1199,0,0,1,735.23,0,
TXN09-01770,9,2026-06-13 22:45:30,994.12,Restaurants,90026,Card,DEV-09-1,iPhone,Pune,22,5,1,35.78,42,3445.77,2154.3,15,649,1200,0,0,0,0.0,0,
TXN09-01771,9,2026-06-13 23:00:11,3335.84,Restaurants,90009,Card,DEV-09-3,iPhone,Bangalore,23,5,1,14.68,43,3438.57,2158.54,37,270,201,0,0,0,735.23,0,
TXN09-01772,9,2026-06-13 23:07:49,4182.87,Cloud Services,90034,Card,DEV-09-4,iPhone,Pune,23,5,1,7.63,44,3438.29,2155.6,18,172,1201,0,0,0,735.23,0,
TXN09-01773,9,2026-06-13 23:22:22,1104.98,Cloud Services,90010,Card,DEV-09-3,iPhone,Goa,23,5,1,14.55,45,3446.71,2155.32,57,271,328,0,0,0,359.3,0,
TXN09-01774,9,2026-06-13 23:26:57,7386.47,Coffee,90033,Card,DEV-09-2,Web,Bangalore,23,5,1,4.58,46,3440.32,2155.84,6,391,202,0,0,0,454.99,0,
TXN09-01775,9,2026-06-13 23:46:31,5783.94,Restaurants,90001,Card,DEV-09-3,iPhone,Bangalore,23,5,1,19.57,47,3457.83,2161.72,179,272,203,0,0,0,0.0,0,
TXN09-01776,9,2026-06-14 08:05:07,2759.83,Coffee,90023,UPI,DEV-09-5,Android,Bangalore,8,6,1,498.6,1,3472.61,2168.03,27,111,204,0,0,0,0.0,0,
TXN09-01777,9,2026-06-14 08:09:14,4025.09,Coffee,90020,Card,DEV-09-4,iPhone,Pune,8,6,1,4.12,2,3466.05,2159.06,53,173,1202,0,0,0,735.23,0,
TXN09-01778,9,2026-06-14 08:14:04,611.71,Restaurants,90055,UPI,DEV-09-1,iPhone,Bangalore,8,6,1,4.83,3,3467.48,2159.26,2,650,205,0,0,0,735.23,0,
TXN09-01779,9,2026-06-14 08:14:09,3005.99,Cloud Services,90058,Card,DEV-09-1,iPhone,Pune,8,6,1,0.08,4,3459.63,2161.46,2,651,1203,0,0,0,735.23,0,
TXN09-01780,9,2026-06-14 08:21:00,6540.47,Cloud Services,90058,UPI,DEV-09-2,Web,Pune,8,6,1,6.85,5,3458.39,2158.63,3,392,1204,0,0,0,0.0,0,
TXN09-01781,9,2026-06-14 08:28:28,8000.0,Restaurants,90028,Card,DEV-09-1,iPhone,Bangalore,8,6,1,7.47,6,3467.01,2167.6,11,652,206,0,0,0,735.23,0,
TXN09-01782,9,2026-06-14 08:45:40,2916.45,Cloud Services,90002,UPI,DEV-09-2,Web,Goa,8,6,1,17.2,7,3481.67,2180.13,166,393,329,0,0,0,454.99,0,
TXN09-01783,9,2026-06-14 08:46:12,3118.78,Software,90029,UPI,DEV-09-2,Web,Pune,8,6,1,0.53,8,3480.12,2177.34,14,394,1205,0,0,0,359.3,0,
TXN09-01784,9,2026-06-14 08:48:51,3985.34,Restaurants,90041,Card,DEV-09-1,iPhone,Pune,8,6,1,2.65,9,3468.89,2168.58,7,653,1206,0,0,0,0.0,0,
TXN09-01785,9,2026-06-14 08:51:59,1997.49,Software,90006,Card,DEV-09-4,iPhone,Pune,8,6,1,3.13,10,3470.3,2165.78,170,174,1207,0,0,0,0.0,0,
TXN09-01786,9,2026-06-14 08:57:24,8000.0,Software,90006,Card,DEV-09-1,iPhone,Pune,8,6,1,5.42,11,3466.29,2164.19,171,654,1208,0,0,0,0.0,0,
TXN09-01787,9,2026-06-14 08:58:54,2888.85,Software,90006,UPI,DEV-09-2,Web,Goa,8,6,1,1.5,12,3478.6,2174.09,172,395,330,0,0,0,359.3,0,
TXN09-01788,9,2026-06-14 09:43:47,4035.2,Software,90029,Card,DEV-09-2,Web,Pune,9,6,1,44.88,13,3485.79,2167.76,15,396,1209,0,0,0,359.3,0,
TXN09-01789,9,2026-06-14 09:49:46,4628.63,Coffee,90019,Card,DEV-09-2,Web,Pune,9,6,1,5.98,14,3487.28,2165.01,63,397,1210,0,0,0,0.0,0,
TXN09-01790,9,2026-06-14 09:53:38,2125.31,Coffee,90004,Card,DEV-09-8,Web,Pune,9,6,1,3.87,15,3490.36,2162.89,153,16,1211,0,0,0,0.0,0,
TXN09-01791,9,2026-06-14 10:19:45,8000.0,Software,90047,UPI,DEV-09-4,iPhone,Pune,10,6,1,26.12,16,3485.03,2163.82,7,175,1212,0,0,0,0.0,0,
TXN09-01792,9,2026-06-14 10:26:38,2137.84,Restaurants,90009,UPI,DEV-09-3,iPhone,Goa,10,6,1,6.88,17,3497.2,2173.54,38,273,331,0,0,0,359.3,0,
TXN09-01793,9,2026-06-14 10:27:58,1077.39,Software,90029,Card,DEV-09-6,Web,Goa,10,6,1,1.33,18,3493.54,2171.76,16,57,332,0,0,0,0.0,0,
TXN09-01794,9,2026-06-14 10:34:43,2333.54,Restaurants,90061,Card,DEV-09-2,Web,Pune,10,6,1,6.75,19,3495.58,2175.02,2,398,1213,0,0,0,359.3,0,
TXN09-01795,9,2026-06-14 11:34:34,6640.81,Coffee,90052,UPI,DEV-09-2,Web,Pune,11,6,1,59.85,20,3493.43,2171.58,4,399,1214,0,0,0,0.0,0,
TXN09-01796,9,2026-06-14 11:37:51,4144.13,Coffee,90033,UPI,DEV-09-3,iPhone,Pune,11,6,1,3.28,21,3501.92,2174.78,7,274,1215,0,0,0,0.0,0,
TXN09-01797,9,2026-06-14 11:50:12,3429.63,Cloud Services,90062,UPI,DEV-09-1,iPhone,Pune,11,6,1,12.35,22,3503.64,2172.11,1,655,1216,0,0,1,0.0,0,
TXN09-01798,9,2026-06-14 11:54:14,3182.62,Coffee,90022,UPI,DEV-09-2,Web,Pune,11,6,1,4.03,23,3503.44,2169.2,27,400,1217,0,0,0,0.0,0,
TXN09-01799,9,2026-06-14 12:03:39,6390.58,Restaurants,90001,Card,DEV-09-4,iPhone,Pune,12,6,1,9.42,24,3501.89,2169.22,180,176,1218,0,0,0,0.0,0,
TXN09-01800,9,2026-06-14 12:09:14,323.89,Software,90007,Card,DEV-09-5,Android,Pune,12,6,1,5.58,25,3509.61,2171.45,102,112,1219,0,0,0,0.0,0,
TXN09-01801,9,2026-06-14 12:15:06,999.33,Restaurants,90012,UPI,DEV-09-2,Web,Bangalore,12,6,1,5.87,26,3501.12,2174.76,35,401,207,0,0,0,735.23,0,
TXN09-01802,9,2026-06-14 12:20:26,7352.22,Coffee,90020,UPI,DEV-09-10,iPhone,Pune,12,6,1,5.33,27,3494.46,2175.69,54,9,1220,0,0,0,735.23,0,
TXN09-01803,9,2026-06-14 12:31:19,1488.86,Restaurants,90008,Card,DEV-09-5,Android,Pune,12,6,1,10.88,28,3504.7,2181.84,48,113,1221,0,0,0,0.0,0,
TXN09-01804,9,2026-06-14 12:33:44,4823.26,Coffee,90019,UPI,DEV-09-1,iPhone,Goa,12,6,1,2.42,29,3499.36,2181.41,64,656,333,0,0,0,359.3,0,
TXN09-01805,9,2026-06-14 12:43:02,2304.9,Restaurants,90009,Card,DEV-09-1,iPhone,Pune,12,6,1,9.3,30,3504.85,2182.13,39,657,1222,0,0,0,359.3,0,
TXN09-01806,9,2026-06-14 12:56:58,3130.07,Restaurants,90041,UPI,DEV-09-8,Web,Pune,12,6,1,13.93,31,3504.81,2185.31,8,17,1223,0,0,0,0.0,0,
TXN09-01807,9,2026-06-14 13:06:07,7586.63,Restaurants,90055,Card,DEV-09-1,iPhone,Goa,13,6,1,9.15,32,3508.58,2183.43,3,658,334,0,0,0,359.3,0,
TXN09-01808,9,2026-06-14 13:19:43,1670.85,Software,90007,Card,DEV-09-3,iPhone,Goa,13,6,1,13.6,33,3524.24,2193.78,103,275,335,0,0,0,0.0,0,
TXN09-01809,9,2026-06-14 13:28:02,2545.24,Coffee,90019,UPI,DEV-09-4,iPhone,Bangalore,13,6,1,8.32,34,3510.68,2185.62,65,177,208,0,0,0,454.99,0,
TXN09-01810,9,2026-06-14 13:43:08,1918.12,Software,90016,Card,DEV-09-2,Web,Pune,13,6,1,15.1,35,3508.11,2183.27,30,402,1224,0,0,0,735.23,0,
TXN09-01811,9,2026-06-14 14:23:46,4701.4,Software,90006,Card,DEV-09-1,iPhone,Bangalore,14,6,1,40.63,36,3501.86,2182.46,173,659,209,0,0,0,735.23,0,
TXN09-01812,9,2026-06-14 14:33:14,1542.1,Restaurants,90001,UPI,DEV-09-2,Web,Pune,14,6,1,9.47,37,3505.07,2180.42,181,403,1225,0,0,0,735.23,0,
TXN09-01813,9,2026-06-14 14:43:18,2197.35,Cloud Services,90002,Card,DEV-09-2,Web,Pune,14,6,1,10.07,38,3499.83,2179.86,167,404,1226,0,0,0,0.0,0,
TXN09-01814,9,2026-06-14 15:18:09,5176.41,Restaurants,90037,UPI,DEV-09-4,iPhone,Pune,15,6,1,34.85,39,3496.37,2177.99,11,178,1227,0,0,0,0.0,0,
TXN09-01815,9,2026-06-14 15:36:06,4529.46,Cloud Services,90002,Card,DEV-09-5,Android,Pune,15,6,1,17.95,40,3502.91,2179.34,168,114,1228,0,0,0,0.0,0,
TXN09-01816,9,2026-06-14 16:01:01,2624.91,Restaurants,90005,Card,DEV-09-2,Web,Pune,16,6,1,24.92,41,3510.14,2178.21,70,405,1229,0,0,0,0.0,0,
TXN09-01817,9,2026-06-14 16:03:24,3187.7,Restaurants,90063,UPI,DEV-09-3,iPhone,Pune,16,6,1,2.38,42,3507.79,2175.8,1,276,1230,0,0,1,0.0,0,
TXN09-01818,9,2026-06-14 16:04:00,1414.04,Coffee,90004,Card,DEV-09-1,iPhone,Pune,16,6,1,0.6,43,3506.95,2172.98,154,660,1231,0,0,0,0.0,0,
TXN09-01819,9,2026-06-14 16:13:18,618.64,Restaurants,90031,Card,DEV-09-1,iPhone,Pune,16,6,1,9.3,44,3501.43,2172.77,12,661,1232,0,0,0,0.0,0,
TXN09-01820,9,2026-06-14 16:35:22,5597.97,Software,90006,UPI,DEV-09-3,iPhone,Pune,16,6,1,22.07,45,3486.92,2173.62,174,277,1233,0,0,0,0.0,0,
TXN09-01821,9,2026-06-14 17:35:56,546.61,Software,90014,Card,DEV-09-3,iPhone,Bangalore,17,6,1,60.57,46,3482.71,2163.05,57,278,210,0,0,0,735.23,0,
TXN09-01822,9,2026-06-14 17:48:54,3314.33,Cloud Services,90056,UPI,DEV-09-9,iPhone,Pune,17,6,1,12.97,47,3472.8,2167.91,2,15,1234,0,0,0,735.23,0,
TXN09-01823,9,2026-06-14 17:58:42,1197.79,Cloud Services,90038,Card,DEV-09-1,iPhone,Pune,17,6,1,9.8,48,3472.38,2165.06,10,662,1235,0,0,0,0.0,0,
TXN09-01824,9,2026-06-14 18:13:39,1156.86,Coffee,90021,UPI,DEV-09-3,iPhone,Pune,18,6,1,14.95,49,3466.38,2165.35,32,279,1236,0,0,0,0.0,0,
TXN09-01825,9,2026-06-14 18:16:56,2183.53,Software,90007,Card,DEV-09-6,Web,Pune,18,6,1,3.28,50,3460.3,2165.73,104,58,1237,0,0,0,0.0,0,
TXN09-01826,9,2026-06-14 18:27:24,3170.54,Coffee,90022,Card,DEV-09-2,Web,Pune,18,6,1,10.47,51,3444.99,2156.95,28,406,1238,0,0,0,0.0,0,
TXN09-01827,9,2026-06-14 18:59:24,8000.0,Coffee,90004,Card,DEV-09-4,iPhone,Goa,18,6,1,32.0,52,3435.51,2151.88,155,179,336,0,0,0,359.3,0,
TXN09-01828,9,2026-06-14 19:03:28,2123.95,Coffee,90004,Card,DEV-09-2,Web,Pune,19,6,1,4.07,53,3447.57,2164.61,156,407,1239,0,0,0,359.3,0,
TXN09-01829,9,2026-06-14 19:07:17,7771.81,Coffee,90033,UPI,DEV-09-3,iPhone,Goa,19,6,1,3.82,54,3444.08,2162.82,8,280,337,0,0,0,359.3,0,
TXN09-01830,9,2026-06-14 19:20:49,1035.31,Software,90006,UPI,DEV-09-4,iPhone,Goa,19,6,1,13.53,55,3459.9,2169.34,175,180,338,0,0,0,0.0,0,
TXN09-01831,9,2026-06-14 19:34:21,3846.19,Software,90029,UPI,DEV-09-4,iPhone,Pune,19,6,1,13.53,56,3453.5,2170.04,17,181,1240,0,0,0,359.3,0,
TXN09-01832,9,2026-06-14 19:38:42,4058.75,Software,90006,UPI,DEV-09-2,Web,Pune,19,6,1,4.35,57,3454.54,2167.27,176,408,1241,0,0,0,0.0,0,
TXN09-01833,9,2026-06-14 20:30:52,5332.39,Coffee,90020,UPI,DEV-09-2,Web,Pune,20,6,1,52.17,58,3457.17,2167.4,55,409,1242,0,0,0,0.0,0,
TXN09-01834,9,2026-06-14 20:48:02,2944.68,Restaurants,90001,Card,DEV-09-2,Web,Pune,20,6,1,17.17,59,3462.09,2166.68,182,410,1243,0,0,0,0.0,0,
TXN09-01835,9,2026-06-14 20:53:59,2033.93,Cloud Services,90015,Card,DEV-09-2,Web,Pune,20,6,1,5.95,60,3460.74,2164.0,19,411,1244,0,0,0,0.0,0,
TXN09-01836,9,2026-06-14 21:05:15,2788.64,Coffee,90004,Card,DEV-09-1,iPhone,Goa,21,6,1,11.27,61,3457.01,2162.4,157,663,339,0,0,0,359.3,0,
TXN09-01837,9,2026-06-14 21:11:54,7917.55,Coffee,90057,UPI,DEV-09-4,iPhone,Pune,21,6,1,6.65,62,3455.27,2159.85,2,182,1245,0,0,0,359.3,0,
TXN09-01838,9,2026-06-14 21:24:02,2299.98,Coffee,90019,Card,DEV-09-4,iPhone,Pune,21,6,1,12.13,63,3466.86,2168.97,66,183,1246,0,0,0,0.0,0,
TXN09-01839,9,2026-06-14 21:27:31,3040.35,Coffee,90004,Card,DEV-09-1,iPhone,Goa,21,6,1,3.48,64,3463.84,2166.97,158,664,340,0,0,0,359.3,0,
TXN09-01840,9,2026-06-14 21:30:06,1648.84,Software,90014,UPI,DEV-09-1,iPhone,Pune,21,6,1,2.58,65,3462.75,2164.28,58,665,1247,0,0,0,359.3,0,
TXN09-01841,9,2026-06-14 21:35:42,1192.86,Software,90014,UPI,DEV-09-3,iPhone,Pune,21,6,1,5.6,66,3460.59,2165.67,59,281,1248,0,0,0,0.0,0,
TXN09-01842,9,2026-06-14 21:38:16,5951.69,Software,90040,UPI,DEV-09-3,iPhone,Pune,21,6,1,2.57,67,3454.74,2165.93,8,282,1249,0,0,0,0.0,0,
TXN09-01843,9,2026-06-14 21:43:09,1744.4,Cloud Services,90002,UPI,DEV-09-5,Android,Pune,21,6,1,4.88,68,3457.24,2168.25,169,115,1250,0,0,0,0.0,0,
TXN09-01844,9,2026-06-14 22:00:00,3928.68,Cloud Services,90010,Card,DEV-09-2,Web,Pune,22,6,1,16.85,69,3452.84,2167.19,58,412,1251,0,0,0,0.0,0,
TXN09-01845,9,2026-06-14 22:00:58,1336.21,Software,90006,UPI,DEV-09-1,iPhone,Pune,22,6,1,0.97,70,3454.06,2164.55,177,666,1252,0,0,0,0.0,0,
TXN09-01846,9,2026-06-14 22:18:52,3347.47,Coffee,90052,Card,DEV-09-3,iPhone,Pune,22,6,1,17.9,71,3448.64,2164.42,5,283,1253,0,0,0,0.0,0,
TXN09-01847,9,2026-06-14 22:25:40,2283.14,Software,90006,Card,DEV-09-2,Web,Goa,22,6,1,6.8,72,3448.38,2161.67,178,413,341,0,0,0,359.3,0,
TXN09-01848,9,2026-06-14 22:40:01,4578.87,Coffee,90004,UPI,DEV-09-3,iPhone,Bangalore,22,6,1,14.35,73,3445.42,2159.71,159,284,211,0,0,0,454.99,0,
TXN09-01849,9,2026-06-14 23:21:07,2622.69,Restaurants,90028,Card,DEV-09-5,Android,Pune,23,6,1,41.1,74,3453.42,2163.03,12,116,1254,0,0,0,735.23,0,
TXN09-01850,9,2026-06-14 23:43:57,2466.38,Software,90007,Card,DEV-09-1,iPhone,Goa,23,6,1,22.83,75,3462.34,2163.86,105,667,342,0,0,0,359.3,0,
TXN09-01851,9,2026-06-14 23:57:39,571.05,Coffee,90019,UPI,DEV-09-1,iPhone,Pune,23,6,1,13.7,76,3459.79,2161.68,67,668,1255,0,0,0,359.3,0,
TXN09-01852,9,2026-06-15 08:05:27,2310.03,Software,90014,Card,DEV-09-1,iPhone,Pune,8,0,0,487.8,1,3452.4,2163.83,60,669,1256,0,0,0,0.0,0,
TXN09-01853,9,2026-06-15 08:05:44,3214.85,Software,90006,Card,DEV-09-1,iPhone,Bangalore,8,0,0,0.28,2,3449.49,2161.84,179,670,212,0,0,0,735.23,0,
TXN09-01854,9,2026-06-15 08:07:48,5303.04,Restaurants,90001,UPI,DEV-09-3,iPhone,Pune,8,0,0,2.07,3,3448.89,2159.12,183,285,1257,0,0,0,735.23,0,
TXN09-01855,9,2026-06-15 08:21:27,5530.01,Cloud Services,90003,Card,DEV-09-3,iPhone,Pune,8,0,0,13.65,4,3453.63,2161.14,66,286,1258,0,0,0,0.0,0,
TXN09-01856,9,2026-06-15 08:48:36,1232.24,Software,90016,Card,DEV-09-4,iPhone,Pune,8,0,0,27.15,5,3458.9,2160.92,31,184,1259,0,0,0,0.0,0,
TXN09-01857,9,2026-06-15 08:52:56,1578.95,Software,90006,UPI,DEV-09-1,iPhone,Pune,8,0,0,4.33,6,3453.27,2161.08,180,671,1260,0,0,0,0.0,0,
TXN09-01858,9,2026-06-15 08:59:03,4277.97,Coffee,90057,UPI,DEV-09-2,Web,Pune,8,0,0,6.12,7,3453.99,2160.41,3,414,1261,0,0,0,0.0,0,
TXN09-01859,9,2026-06-15 09:02:19,5872.97,Cloud Services,90010,Card,DEV-09-1,iPhone,Goa,9,0,0,3.27,8,3456.07,2158.07,59,672,343,0,0,0,359.3,0,
TXN09-01860,9,2026-06-15 09:48:46,2976.03,Restaurants,90008,Card,DEV-09-1,iPhone,Pune,9,0,0,46.45,9,3462.27,2161.48,49,673,1262,0,0,0,359.3,0,
TXN09-01861,9,2026-06-15 09:49:57,2904.17,Cloud Services,90010,Card,DEV-09-2,Web,Goa,9,0,0,1.18,10,3461.04,2158.89,60,415,344,0,0,0,359.3,0,
TXN09-01862,9,2026-06-15 10:28:27,6230.47,Software,90006,UPI,DEV-09-5,Android,Pune,10,0,0,38.5,11,3474.97,2161.13,181,117,1263,0,0,0,359.3,0,
TXN09-01863,9,2026-06-15 10:35:07,820.39,Coffee,90022,UPI,DEV-09-1,iPhone,Pune,10,0,0,6.67,12,3481.94,2162.83,29,674,1264,0,0,0,0.0,0,
TXN09-01864,9,2026-06-15 10:38:30,1214.41,Restaurants,90005,UPI,DEV-09-2,Web,Pune,10,0,0,3.38,13,3475.22,2164.23,71,416,1265,0,0,0,0.0,0,
TXN09-01865,9,2026-06-15 10:40:14,1515.2,Software,90007,UPI,DEV-09-6,Web,Bangalore,10,0,0,1.73,14,3469.53,2164.47,106,59,213,0,0,0,735.23,0,
TXN09-01866,9,2026-06-15 10:53:13,4967.35,Restaurants,90013,Card,DEV-09-1,iPhone,Goa,10,0,0,12.98,15,3469.2,2164.69,31,675,345,0,0,0,454.99,0,
TXN09-01867,9,2026-06-15 11:07:42,3053.17,Software,90007,Card,DEV-09-8,Web,Goa,11,0,0,14.48,16,3478.69,2162.99,107,18,346,0,0,0,0.0,0,
TXN09-01868,9,2026-06-15 11:23:07,2048.63,Restaurants,90001,Card,DEV-09-2,Web,Goa,11,0,0,15.42,17,3485.64,2162.19,184,417,347,0,0,0,0.0,0,
TXN09-01869,9,2026-06-15 11:24:35,8000.0,Cloud Services,90002,Card,DEV-09-1,iPhone,Pune,11,0,0,1.47,18,3482.01,2160.66,170,676,1266,0,0,0,359.3,0,
TXN09-01870,9,2026-06-15 11:26:27,852.7,Coffee,90035,UPI,DEV-09-2,Web,Goa,11,0,0,1.87,19,3493.39,2169.79,10,418,348,0,0,0,359.3,0,
TXN09-01871,9,2026-06-15 11:41:06,227.28,Restaurants,90055,UPI,DEV-09-5,Android,Goa,11,0,0,14.65,20,3491.38,2175.21,4,118,349,0,0,0,0.0,0,
TXN09-01872,9,2026-06-15 11:43:33,1297.12,Coffee,90044,Card,DEV-09-1,iPhone,Pune,11,0,0,2.45,21,3483.16,2178.63,3,677,1267,0,0,0,359.3,0,
TXN09-01873,9,2026-06-15 11:46:05,7981.44,Restaurants,90055,UPI,DEV-09-6,Web,Pune,11,0,0,2.53,22,3477.67,2178.64,5,60,1268,0,0,0,0.0,0,
TXN09-01874,9,2026-06-15 11:52:04,4265.75,Cloud Services,90054,Card,DEV-09-2,Web,Pune,11,0,0,5.98,23,3488.96,2187.53,4,419,1269,0,0,0,0.0,0,
TXN09-01875,9,2026-06-15 11:57:13,2865.92,Restaurants,90009,Card,DEV-09-3,iPhone,Pune,11,0,0,5.15,24,3490.9,2185.14,40,287,1270,0,0,0,0.0,0,
TXN09-01876,9,2026-06-15 12:07:49,934.89,Restaurants,90001,UPI,DEV-09-1,iPhone,Pune,12,0,0,10.6,25,3489.34,2182.63,185,678,1271,0,0,0,0.0,0,
TXN09-01877,9,2026-06-15 12:11:21,1231.3,Cloud Services,90010,Card,DEV-09-3,iPhone,Pune,12,0,0,3.53,26,3482.99,2183.63,61,288,1272,0,0,0,0.0,0,
TXN09-01878,9,2026-06-15 12:14:45,549.98,Coffee,90021,Card,DEV-09-7,Android,Pune,12,0,0,3.4,27,3477.4,2183.79,33,45,1273,0,0,0,0.0,0,
TXN09-01879,9,2026-06-15 12:23:44,3969.97,Coffee,90039,Card,DEV-09-5,Android,Pune,12,0,0,8.98,28,3470.15,2185.93,7,119,1274,0,0,0,0.0,0,
TXN09-01880,9,2026-06-15 12:34:56,2836.29,Coffee,90004,Card,DEV-09-2,Web,Pune,12,0,0,11.2,29,3477.73,2182.35,160,420,1275,0,0,0,0.0,0,
TXN09-01881,9,2026-06-15 12:46:30,427.44,Cloud Services,90030,UPI,DEV-09-2,Web,Pune,12,0,0,11.57,30,3476.14,2179.88,11,421,1276,0,0,0,0.0,0,
TXN09-01882,9,2026-06-15 13:50:39,1731.58,Coffee,90020,Card,DEV-09-6,Web,Goa,13,0,0,64.15,31,3464.63,2190.0,56,61,350,0,0,0,359.3,0,
TXN09-01883,9,2026-06-15 13:55:38,3193.84,Coffee,90023,UPI,DEV-09-4,iPhone,Bangalore,13,0,0,4.98,32,3460.32,2188.98,28,185,214,0,0,0,454.99,0,
TXN09-01884,9,2026-06-15 14:11:51,1597.86,Software,90006,Card,DEV-09-1,iPhone,Pune,14,0,0,16.22,33,3459.66,2186.3,182,679,1277,0,0,0,735.23,0,
TXN09-01885,9,2026-06-15 14:32:53,3524.79,Coffee,90004,UPI,DEV-09-4,iPhone,Goa,14,0,0,21.03,34,3455.05,2185.55,161,186,351,0,0,0,359.3,0,
TXN09-01886,9,2026-06-15 14:55:36,3656.5,Cloud Services,90034,UPI,DEV-09-9,iPhone,Bangalore,14,0,0,22.72,35,3445.49,2187.05,19,16,215,0,0,0,454.99,0,
TXN09-01887,9,2026-06-15 14:59:29,1022.77,Coffee,90042,Card,DEV-09-7,Android,Pune,14,0,0,3.88,36,3453.57,2181.81,6,46,1278,0,0,0,735.23,0,
TXN09-01888,9,2026-06-15 15:13:14,2273.11,Cloud Services,90002,UPI,DEV-09-4,iPhone,Pune,15,0,0,13.75,37,3444.78,2173.75,171,187,1279,0,0,0,0.0,0,
TXN09-01889,9,2026-06-15 15:31:02,1738.07,Software,90029,Card,DEV-09-1,iPhone,Pune,15,0,0,17.8,38,3440.38,2174.33,18,680,1280,0,0,0,0.0,0,
TXN09-01890,9,2026-06-15 15:31:03,3350.64,Coffee,90025,Card,DEV-09-2,Web,Pune,15,0,0,0.02,39,3436.14,2173.28,10,422,1281,0,0,0,0.0,0,
TXN09-01891,9,2026-06-15 15:39:08,3988.49,Coffee,90057,UPI,DEV-09-1,iPhone,Pune,15,0,0,8.08,40,3432.04,2171.88,4,681,1282,0,0,0,0.0,0,
TXN09-01892,9,2026-06-15 15:50:54,1710.11,Coffee,90042,UPI,DEV-09-9,iPhone,Pune,15,0,0,11.77,41,3404.29,2091.89,7,17,1283,0,0,0,0.0,0,
TXN09-01893,9,2026-06-15 15:57:30,1931.85,Coffee,90019,UPI,DEV-09-3,iPhone,Goa,15,0,0,6.6,42,3400.09,2091.0,68,289,352,0,0,0,359.3,0,
TXN09-01894,9,2026-06-15 16:03:19,4488.61,Cloud Services,90060,Card,DEV-09-1,iPhone,Pune,16,0,0,5.82,43,3396.46,2089.68,2,682,1284,0,0,0,359.3,0,
TXN09-01895,9,2026-06-15 17:07:16,6117.39,Restaurants,90013,UPI,DEV-09-2,Web,Pune,17,0,0,63.95,44,3408.44,2092.38,32,423,1285,0,0,0,0.0,0,
TXN09-01896,9,2026-06-15 17:21:18,4154.69,Cloud Services,90053,UPI,DEV-09-2,Web,Goa,17,0,0,14.03,45,3415.18,2094.13,5,424,353,0,0,0,359.3,0,
TXN09-01897,9,2026-06-15 17:32:12,2700.04,Restaurants,90051,UPI,DEV-09-16,Android,Bangalore,17,0,0,10.9,46,3417.01,2091.85,2,2,216,0,0,0,454.99,0,
TXN09-01898,9,2026-06-15 17:41:05,898.59,Software,90007,Card,DEV-09-3,iPhone,Pune,17,0,0,8.88,47,3415.24,2089.57,108,290,1286,0,0,0,735.23,0,
TXN09-01899,9,2026-06-15 17:51:05,2815.23,Cloud Services,90027,Card,DEV-09-6,Web,Pune,17,0,0,10.0,48,3409.03,2090.72,21,62,1287,0,0,0,0.0,0,
TXN09-01900,9,2026-06-15 18:04:09,2045.2,Cloud Services,90010,Card,DEV-09-1,iPhone,Pune,18,0,0,13.07,49,3409.02,2090.72,62,683,1288,0,0,0,0.0,0,
TXN09-01901,9,2026-06-15 18:17:10,4560.33,Restaurants,90001,UPI,DEV-09-4,iPhone,Goa,18,0,0,13.02,50,3407.12,2091.61,186,188,354,0,0,0,359.3,0,
TXN09-01902,9,2026-06-15 19:04:29,4317.07,Software,90007,Card,DEV-09-2,Web,Pune,19,0,0,47.32,51,3408.38,2091.69,109,425,1289,0,0,0,359.3,0,
TXN09-01903,9,2026-06-15 19:06:00,1934.2,Restaurants,90012,Card,DEV-09-5,Android,Pune,19,0,0,1.52,52,3410.63,2089.58,36,120,1290,0,0,0,0.0,0,
TXN09-01904,9,2026-06-15 19:08:47,1061.95,Software,90014,Card,DEV-09-1,iPhone,Pune,19,0,0,2.78,53,3406.99,2088.29,61,684,1291,0,0,0,0.0,0,
TXN09-01905,9,2026-06-15 19:14:37,5685.12,Cloud Services,90003,Card,DEV-09-4,iPhone,Pune,19,0,0,5.83,54,3389.85,2078.98,67,189,1292,0,0,0,0.0,0,
TXN09-01906,9,2026-06-15 19:26:48,3522.38,Software,90006,UPI,DEV-09-1,iPhone,Bangalore,19,0,0,12.18,55,3395.51,2079.53,183,685,217,0,0,0,735.23,0,
TXN09-01907,9,2026-06-15 19:53:32,1852.97,Restaurants,90013,UPI,DEV-09-2,Web,Pune,19,0,0,26.73,56,3395.82,2076.98,33,426,1293,0,0,0,735.23,0,
TXN09-01908,9,2026-06-15 20:03:11,8000.0,Cloud Services,90038,Card,DEV-09-1,iPhone,Pune,20,0,0,9.65,57,3397.5,2075.46,11,686,1294,0,0,0,0.0,0,
TXN09-01909,9,2026-06-15 20:04:03,445.24,Coffee,90004,Card,DEV-09-1,iPhone,Pune,20,0,0,0.87,58,3408.78,2085.37,162,687,1295,0,0,0,0.0,0,
TXN09-01910,9,2026-06-15 20:12:30,8000.0,Restaurants,90005,Card,DEV-09-7,Android,Pune,20,0,0,8.45,59,3401.53,2087.95,72,47,1296,0,0,0,0.0,0,
TXN09-01911,9,2026-06-15 20:54:06,2653.27,Coffee,90024,UPI,DEV-09-4,iPhone,Pune,20,0,0,41.6,60,3401.05,2090.49,21,190,1297,0,0,0,0.0,0,
TXN09-01912,9,2026-06-15 21:23:31,1916.9,Coffee,90021,UPI,DEV-09-5,Android,Pune,21,0,0,29.42,61,3399.22,2088.26,34,121,1298,0,0,0,0.0,0,
TXN09-01913,9,2026-06-15 21:24:45,2315.41,Software,90006,UPI,DEV-09-2,Web,Bangalore,21,0,0,1.23,62,3395.61,2086.99,184,427,218,0,0,0,735.23,0,
TXN09-01914,9,2026-06-15 21:36:47,1234.71,Software,90029,UPI,DEV-UNK-1083,Android,Goa,21,0,0,12.03,63,3392.98,2085.13,19,1,355,1,0,0,454.99,1,ato_new_device_higher_amount
TXN09-01915,9,2026-06-15 22:20:07,882.18,Software,90006,UPI,DEV-09-5,Android,Bangalore,22,0,0,43.33,64,3373.93,2082.41,185,122,219,0,0,0,454.99,0,
TXN09-01916,9,2026-06-15 22:34:31,2287.43,Restaurants,90017,UPI,DEV-09-1,iPhone,Goa,22,0,0,14.4,65,3359.97,2079.98,21,688,356,0,0,0,454.99,0,
TXN09-01917,9,2026-06-15 22:38:08,2311.77,Restaurants,90001,UPI,DEV-09-2,Web,Pune,22,0,0,3.62,66,3357.35,2078.11,187,428,1299,0,0,0,359.3,0,
TXN09-01918,9,2026-06-15 22:42:53,2293.24,Cloud Services,90010,Card,DEV-09-2,Web,Pune,22,0,0,4.75,67,3354.8,2076.22,63,429,1300,0,0,0,0.0,0,
TXN09-01919,9,2026-06-15 22:47:00,802.57,Software,90007,Card,DEV-09-1,iPhone,Bangalore,22,0,0,4.12,68,3352.22,2074.35,110,689,220,0,0,0,735.23,0,
TXN09-01920,9,2026-06-15 22:51:14,6586.03,Coffee,90020,UPI,DEV-09-2,Web,Goa,22,0,0,4.23,69,3346.03,2075.62,57,430,357,0,0,0,454.99,0,
TXN09-01921,9,2026-06-15 23:12:38,7707.61,Cloud Services,90046,Card,DEV-09-5,Android,Pune,23,0,0,21.4,70,3353.87,2079.22,4,123,1301,0,0,0,359.3,0,
TXN09-01922,9,2026-06-15 23:33:19,3209.64,Cloud Services,90059,UPI,DEV-09-1,iPhone,Pune,23,0,0,20.68,71,3371.73,2089.85,3,690,1302,0,0,0,0.0,0,
TXN09-01923,9,2026-06-16 03:52:00,4259.95,Cloud Services,90002,UPI,DEV-09-2,Web,Pune,3,1,0,258.68,1,3370.57,2089.81,172,431,1303,0,0,0,0.0,1,ato_odd_hour_higher_amount
TXN09-01924,9,2026-06-16 08:12:06,1909.85,Coffee,90004,Card,DEV-09-2,Web,Pune,8,1,0,260.1,2,3376.81,2090.66,163,432,1304,0,0,0,0.0,0,
TXN09-01925,9,2026-06-16 08:22:04,1317.36,Software,90016,UPI,DEV-09-2,Web,Pune,8,1,0,9.97,3,3374.69,2091.7,32,433,1305,0,0,0,0.0,0,
TXN09-01926,9,2026-06-16 08:30:12,7955.43,Cloud Services,90003,Card,DEV-09-2,Web,Pune,8,1,0,8.13,4,3375.58,2090.75,68,434,1306,0,0,0,0.0,0,
TXN09-01927,9,2026-06-16 08:51:23,2364.63,Cloud Services,90030,Card,DEV-09-5,Android,Pune,8,1,0,21.18,5,3377.8,2093.12,12,124,1307,0,0,0,0.0,0,
TXN09-01928,9,2026-06-16 08:55:23,7639.81,Restaurants,90026,UPI,DEV-09-4,iPhone,Surat,8,1,0,4.0,6,3376.83,2093.49,16,191,6,0,0,0,313.56,0,
TXN09-01929,9,2026-06-16 09:27:03,2667.35,Software,90006,UPI,DEV-09-1,iPhone,Hyderabad,9,1,0,31.67,7,3401.17,2100.91,186,691,3,0,0,0,727.55,0,
TXN09-01930,9,2026-06-16 10:11:59,8000.0,Cloud Services,90003,UPI,DEV-09-1,iPhone,Bangalore,10,1,0,44.93,8,3399.38,2098.65,69,692,221,0,0,0,499.99,0,
TXN09-01931,9,2026-06-16 10:23:10,1935.99,Software,90007,Card,DEV-09-1,iPhone,Bangalore,10,1,0,11.18,9,3410.6,2108.34,111,693,222,0,0,0,0.0,0,
TXN09-01932,9,2026-06-16 10:35:17,492.28,Cloud Services,90003,UPI,DEV-09-1,iPhone,Pune,10,1,0,12.12,10,3408.51,2109.38,70,694,1308,0,0,0,735.23,0,
TXN09-01933,9,2026-06-16 11:01:34,2160.11,Coffee,90064,Card,DEV-09-4,iPhone,Goa,11,1,0,26.28,11,3395.46,2120.52,1,192,358,0,0,1,359.3,0,
TXN09-01934,9,2026-06-16 11:19:09,2469.46,Software,90018,UPI,DEV-09-17,Web,Pune,11,1,0,17.58,12,3392.43,2118.8,40,1,1309,1,0,0,359.3,0,
TXN09-01935,9,2026-06-16 11:21:17,5244.07,Coffee,90022,Card,DEV-09-7,Android,Pune,11,1,0,2.13,13,3390.18,2116.7,30,48,1310,0,0,0,0.0,0,
TXN09-01936,9,2026-06-16 11:22:54,3851.26,Cloud Services,90002,UPI,DEV-09-1,iPhone,Pune,11,1,0,1.62,14,3394.7,2116.09,173,695,1311,0,0,0,0.0,0,
TXN09-01937,9,2026-06-16 11:58:57,2369.87,Cloud Services,90002,Card,DEV-09-1,iPhone,Pune,11,1,0,36.05,15,3405.62,2116.5,174,696,1312,0,0,0,0.0,0,
TXN09-01938,9,2026-06-16 12:01:13,4186.76,Cloud Services,90011,Card,DEV-09-5,Android,Pune,12,1,0,2.27,16,3403.08,2114.52,43,125,1313,0,0,0,0.0,0,
TXN09-01939,9,2026-06-16 12:13:37,6119.77,Restaurants,90063,Card,DEV-09-4,iPhone,Pune,12,1,0,12.4,17,3405.0,2112.29,2,193,1314,0,0,0,0.0,0,
TXN09-01940,9,2026-06-16 12:22:44,1297.67,Software,90006,UPI,DEV-09-2,Web,Pune,12,1,0,9.12,18,3411.62,2113.96,187,435,1315,0,0,0,0.0,0,
TXN09-01941,9,2026-06-16 13:06:05,4755.26,Restaurants,90009,Card,DEV-09-6,Web,Pune,13,1,0,43.35,19,3397.57,2114.54,41,63,1316,0,0,0,0.0,0,
TXN09-01942,9,2026-06-16 13:18:12,3548.08,Coffee,90004,Card,DEV-09-6,Web,Pune,13,1,0,12.12,20,3400.88,2113.02,164,64,1317,0,0,0,0.0,0,
TXN09-01943,9,2026-06-16 13:18:41,7926.45,Restaurants,90005,Card,DEV-09-3,iPhone,Pune,13,1,0,0.48,21,3401.24,2110.46,73,291,1318,0,0,0,0.0,0,
TXN09-01944,9,2026-06-16 13:42:36,2391.52,Cloud Services,90010,UPI,DEV-09-2,Web,Pune,13,1,0,23.92,22,3409.16,2121.29,64,436,1319,0,0,0,0.0,0,
TXN09-01945,9,2026-06-16 13:46:31,635.05,Coffee,90004,UPI,DEV-09-1,iPhone,Pune,13,1,0,3.92,23,3406.69,2119.31,165,697,1320,0,0,0,0.0,0,
TXN09-01946,9,2026-06-16 13:59:45,1366.79,Restaurants,90013,Card,DEV-09-1,iPhone,Bangalore,13,1,0,13.23,24,3404.53,2121.68,34,698,223,0,0,0,735.23,0,
TXN09-01947,9,2026-06-16 14:19:53,605.14,Cloud Services,90038,UPI,DEV-09-3,iPhone,Pune,14,1,0,20.13,25,3413.01,2123.19,12,292,1321,0,0,0,735.23,0,
TXN09-01948,9,2026-06-16 14:22:29,8000.0,Cloud Services,90027,Card,DEV-09-2,Web,Pune,14,1,0,2.6,26,3406.18,2125.11,22,437,1322,0,0,0,0.0,0,
TXN09-01949,9,2026-06-16 14:29:27,1528.09,Restaurants,90001,Card,DEV-09-4,iPhone,Bangalore,14,1,0,6.97,27,3417.33,2134.53,188,194,224,0,0,0,735.23,0,
TXN09-01950,9,2026-06-16 14:33:19,1743.09,Coffee,90004,Card,DEV-09-1,iPhone,Bangalore,14,1,0,3.87,28,3415.99,2135.54,166,699,225,0,0,0,0.0,0,
TXN09-01951,9,2026-06-16 14:59:09,961.92,Coffee,90039,UPI,DEV-09-7,Android,Pune,14,1,0,25.83,29,3415.14,2140.87,8,49,1323,0,0,0,735.23,0,
TXN09-01952,9,2026-06-16 15:01:56,1289.29,Software,90006,UPI,DEV-09-7,Android,Pune,15,1,0,2.78,30,3413.76,2142.27,188,50,1324,0,0,0,0.0,0,
TXN09-01953,9,2026-06-16 15:08:01,2707.69,Restaurants,90001,Card,DEV-09-3,iPhone,Pune,15,1,0,6.08,31,3408.59,2142.22,189,293,1325,0,0,0,0.0,0,
TXN09-01954,9,2026-06-16 15:27:21,3218.73,Coffee,90004,UPI,DEV-09-4,iPhone,Indore,15,1,0,19.33,32,3406.89,2139.9,167,195,2,0,0,0,511.24,0,
TXN09-01955,9,2026-06-16 15:35:14,7307.66,Software,90018,UPI,DEV-09-3,iPhone,Bangalore,15,1,0,7.88,33,3404.48,2142.0,41,294,226,0,0,0,1099.36,0,
TXN09-01956,9,2026-06-16 15:36:15,1496.01,Cloud Services,90002,UPI,DEV-09-4,iPhone,Goa,15,1,0,1.02,34,3413.95,2148.01,175,196,359,0,0,0,454.99,0,
TXN09-01957,9,2026-06-16 16:06:27,408.74,Restaurants,90001,UPI,DEV-09-7,Android,Pune,16,1,0,30.2,35,3409.94,2150.05,190,51,1326,0,0,0,359.3,0,
TXN09-01958,9,2026-06-16 16:14:52,4350.51,Cloud Services,90002,UPI,DEV-09-5,Android,Pune,16,1,0,8.42,36,3402.66,2152.51,176,126,1327,0,0,0,0.0,0,
TXN09-01959,9,2026-06-16 16:31:33,3473.04,Cloud Services,90015,Card,DEV-09-1,iPhone,Goa,16,1,0,16.68,37,3410.01,2157.3,20,700,360,0,0,0,359.3,0,
TXN09-01960,9,2026-06-16 16:58:20,3956.64,Software,90018,Card,DEV-09-5,Android,Bangalore,16,1,0,26.78,38,3410.17,2154.67,42,127,227,0,0,0,454.99,0,
TXN09-01961,9,2026-06-16 16:59:31,6137.52,Coffee,90021,Card,DEV-09-1,iPhone,Pune,16,1,0,1.18,39,3411.5,2152.22,35,701,1328,0,0,0,735.23,0,
TXN09-01962,9,2026-06-16 17:01:31,3932.59,Restaurants,90001,UPI,DEV-UNK-9897,iPhone,Pune,17,1,0,2.0,40,3418.11,2153.78,191,1,1329,1,0,0,0.0,1,ato_short_gap_new_device
TXN09-01963,9,2026-06-16 17:24:13,1450.26,Coffee,90004,Card,DEV-09-5,Android,Pune,17,1,0,22.7,41,3406.99,2148.17,168,128,1330,0,0,0,0.0,0,
TXN09-01964,9,2026-06-16 18:03:12,3765.56,Software,90047,UPI,DEV-09-4,iPhone,Goa,18,1,0,38.98,42,3407.19,2150.69,8,197,361,0,0,0,359.3,0,
TXN09-01965,9,2026-06-16 18:56:01,3426.39,Coffee,90025,UPI,DEV-09-13,Web,Pune,18,1,0,52.82,43,3414.1,2150.13,11,5,1331,0,0,0,359.3,0,
TXN09-01966,9,2026-06-16 19:09:00,5120.03,Coffee,90033,UPI,DEV-09-1,iPhone,Pune,19,1,0,12.98,44,3414.13,2147.5,9,702,1332,0,0,0,0.0,0,
TXN09-01967,9,2026-06-16 19:31:09,3566.37,Coffee,90019,UPI,DEV-09-4,iPhone,Pune,19,1,0,22.15,45,3410.82,2148.79,69,198,1333,0,0,0,0.0,0,
TXN09-01968,9,2026-06-16 19:35:55,4218.86,Coffee,90004,UPI,DEV-09-6,Web,Pune,19,1,0,4.77,46,3411.2,2146.18,169,65,1334,0,0,0,0.0,0,
TXN09-01969,9,2026-06-16 19:36:28,785.73,Software,90016,Card,DEV-09-2,Web,Goa,19,1,0,0.55,47,3413.16,2143.94,33,438,362,0,0,0,359.3,0,
TXN09-01970,9,2026-06-16 20:05:04,2092.63,Restaurants,90001,Card,DEV-09-1,iPhone,Bangalore,20,1,0,28.6,48,3393.65,2140.33,192,703,228,0,0,0,454.99,0,
TXN09-01971,9,2026-06-16 20:30:55,6455.71,Coffee,90024,Card,DEV-09-3,iPhone,Pune,20,1,0,25.85,49,3406.83,2146.23,22,295,1335,0,0,0,735.23,0,
TXN09-01972,9,2026-06-16 20:44:18,4044.98,Cloud Services,90015,Card,DEV-09-1,iPhone,Bangalore,20,1,0,13.38,50,3417.83,2150.46,21,704,229,0,0,0,735.23,0,
TXN09-01973,9,2026-06-16 21:06:45,6017.89,Coffee,90020,UPI,DEV-09-1,iPhone,Pune,21,1,0,22.45,51,3411.13,2144.27,58,705,1336,0,0,0,735.23,0,
TXN09-01974,9,2026-06-16 21:11:35,2791.28,Coffee,90004,UPI,DEV-09-7,Android,Pune,21,1,0,4.83,52,3417.58,2145.53,170,52,1337,0,0,0,0.0,0,
TXN09-01975,9,2026-06-16 21:13:39,3815.42,Coffee,90025,UPI,DEV-09-6,Web,Goa,21,1,0,2.07,53,3416.03,2143.1,12,66,363,0,0,0,359.3,0,
TXN09-01976,9,2026-06-16 21:14:18,823.13,Coffee,90020,UPI,DEV-09-4,iPhone,Pune,21,1,0,0.65,54,3417.01,2140.55,59,199,1338,0,0,0,359.3,0,
TXN09-01977,9,2026-06-16 21:16:43,3155.41,Cloud Services,90054,UPI,DEV-09-1,iPhone,Pune,21,1,0,2.42,55,3410.64,2141.78,5,706,1339,0,0,0,0.0,0,
TXN09-01978,9,2026-06-16 21:18:53,4160.52,Restaurants,90001,UPI,DEV-09-1,iPhone,Chandigarh,21,1,0,2.17,56,3410.02,2139.19,193,707,5,0,0,0,1389.58,0,
TXN09-01979,9,2026-06-16 21:28:38,6672.0,Cloud Services,90002,UPI,DEV-09-1,iPhone,Goa,21,1,0,9.75,57,3411.85,2136.89,177,708,364,0,0,0,1737.37,0,
TXN09-01980,9,2026-06-16 21:30:53,1024.11,Coffee,90004,Card,DEV-09-2,Web,Pune,21,1,0,2.25,58,3419.8,2140.33,171,439,1340,0,0,0,359.3,0,
TXN09-01981,9,2026-06-16 21:55:35,3905.9,Software,90006,UPI,DEV-09-1,iPhone,Pune,21,1,0,24.7,59,3412.88,2143.48,189,709,1341,0,0,0,0.0,0,
TXN09-01982,9,2026-06-16 22:16:19,5896.35,Cloud Services,90003,Card,DEV-09-18,iPhone,Pune,22,1,0,20.73,60,3409.89,2141.93,71,1,1342,1,0,0,0.0,0,
TXN09-01983,9,2026-06-16 22:19:01,3032.69,Cloud Services,90002,UPI,DEV-09-2,Web,Pune,22,1,0,2.7,61,3420.53,2143.42,178,440,1343,0,0,0,0.0,0,
TXN09-01984,9,2026-06-16 22:40:25,4877.6,Software,90006,Card,DEV-09-12,iPhone,Pune,22,1,0,21.4,62,3419.5,2143.04,190,5,1344,0,0,0,0.0,0,
TXN09-01985,9,2026-06-16 23:27:39,4394.4,Coffee,90019,Card,DEV-09-4,iPhone,Bangalore,23,1,0,47.23,63,3417.14,2148.96,70,200,230,0,0,0,735.23,0,
TXN09-01986,9,2026-06-16 23:39:04,6238.73,Cloud Services,90002,UPI,DEV-09-5,Android,Goa,23,1,0,11.42,64,3419.54,2146.86,179,129,365,0,0,0,454.99,0,
TXN09-01987,9,2026-06-16 23:47:51,2673.19,Coffee,90042,Card,DEV-09-3,iPhone,Pune,23,1,0,8.78,65,3426.45,2148.75,8,296,1345,0,0,0,359.3,0,
TXN09-01988,9,2026-06-16 23:54:08,2475.03,Restaurants,90017,UPI,DEV-09-1,iPhone,Goa,23,1,0,6.28,66,3431.32,2146.79,22,710,366,0,0,0,359.3,0,
TXN09-01989,9,2026-06-16 23:54:13,2298.61,Coffee,90019,Card,DEV-09-1,iPhone,Pune,23,1,0,0.08,67,3428.97,2144.67,71,711,1346,0,0,0,359.3,0,
TXN09-01990,9,2026-06-17 08:04:11,4383.42,Cloud Services,90002,Card,DEV-09-1,iPhone,Pune,8,2,0,489.97,1,3430.97,2143.24,180,712,1347,0,0,0,0.0,0,
TXN09-01991,9,2026-06-17 08:28:23,1361.98,Software,90016,Card,DEV-09-3,iPhone,Pune,8,2,0,24.2,2,3429.05,2144.9,34,297,1348,0,0,0,0.0,0,
TXN09-01992,9,2026-06-17 09:16:29,553.77,Cloud Services,90065,Card,DEV-09-2,Web,Pune,9,2,0,48.1,3,3425.72,2149.59,1,441,1349,0,0,1,0.0,0,
TXN09-01993,9,2026-06-17 09:54:40,8000.0,Restaurants,90009,UPI,DEV-09-1,iPhone,Pune,9,2,0,38.18,4,3424.32,2151.26,42,713,1350,0,0,0,0.0,0,
TXN09-01994,9,2026-06-17 10:48:16,5199.04,Cloud Services,90015,Card,DEV-09-6,Web,Goa,10,2,0,53.6,5,3426.74,2156.65,22,67,367,0,0,0,359.3,0,
TXN09-01995,9,2026-06-17 11:12:19,7708.75,Restaurants,90061,Card,DEV-09-1,iPhone,Pune,11,2,0,24.05,6,3440.29,2157.17,3,714,1351,0,0,0,359.3,0,
TXN09-01996,9,2026-06-17 11:27:22,1555.57,Software,90006,UPI,DEV-09-7,Android,Bangalore,11,2,0,15.05,7,3450.88,2164.94,191,53,231,0,0,0,735.23,0,
TXN09-01997,9,2026-06-17 12:04:15,4351.73,Cloud Services,90002,UPI,DEV-09-3,iPhone,Pune,12,2,0,36.88,8,3434.89,2155.05,181,298,1352,0,0,0,735.23,0,
TXN09-01998,9,2026-06-17 13:29:10,3454.92,Cloud Services,90010,UPI,DEV-09-1,iPhone,Pune,13,2,0,84.92,9,3445.0,2151.68,65,715,1353,0,0,0,0.0,0,
TXN09-01999,9,2026-06-17 13:37:00,1507.3,Coffee,90004,UPI,DEV-09-9,iPhone,Pune,13,2,0,7.83,10,3445.02,2148.98,172,18,1354,0,0,0,0.0,0,
TXN09-02000,9,2026-06-17 15:06:51,5983.23,Coffee,90057,Card,DEV-09-3,iPhone,Pune,15,2,0,89.85,11,3452.45,2157.2,5,299,1355,0,0,0,0.0,0,
TXN09-02001,9,2026-06-17 15:29:40,4189.01,Software,90014,UPI,DEV-09-1,iPhone,Goa,15,2,0,22.82,12,3465.74,2161.01,62,716,368,0,0,0,359.3,0,
TXN09-02002,9,2026-06-17 16:04:23,2641.6,Coffee,90066,UPI,DEV-09-1,iPhone,Pune,16,2,0,34.72,13,3467.58,2158.56,1,717,1356,0,0,1,359.3,0,
TXN09-02003,9,2026-06-17 17:23:08,5057.55,Cloud Services,90010,Card,DEV-09-1,iPhone,Bangalore,17,2,0,78.75,14,3462.37,2157.69,66,718,232,0,0,0,735.23,0,
TXN09-02004,9,2026-06-17 17:43:02,2459.22,Coffee,90004,UPI,DEV-09-8,Web,Pune,17,2,0,19.9,15,3458.54,2153.51,173,19,1357,0,0,0,735.23,0,
TXN09-02005,9,2026-06-17 18:17:49,589.55,Coffee,90004,UPI,DEV-09-1,iPhone,Bangalore,18,2,0,34.78,16,3453.33,2144.2,174,719,233,0,0,0,735.23,0,
TXN09-02006,9,2026-06-17 18:20:18,1638.76,Software,90050,UPI,DEV-09-3,iPhone,Goa,18,2,0,2.48,17,3446.01,2146.34,4,300,369,0,0,0,454.99,0,
TXN09-02007,9,2026-06-17 18:41:32,5382.68,Restaurants,90001,UPI,DEV-09-1,iPhone,Goa,18,2,0,21.23,18,3441.4,2145.54,194,720,370,0,0,0,0.0,0,
TXN09-02008,9,2026-06-17 20:58:24,2702.54,Restaurants,90001,UPI,DEV-09-1,iPhone,Pune,20,2,0,136.87,19,3449.05,2149.73,195,721,1358,0,0,0,359.3,0,
TXN09-02009,9,2026-06-17 21:00:51,5450.47,Software,90007,UPI,DEV-09-1,iPhone,Pune,21,2,0,2.45,20,3447.13,2147.3,112,722,1359,0,0,0,0.0,0,
TXN09-02010,9,2026-06-17 21:14:44,1717.49,Software,90048,UPI,DEV-09-2,Web,Goa,21,2,0,13.88,21,3452.25,2146.94,3,442,371,0,0,0,359.3,0,
TXN09-02011,9,2026-06-17 21:29:13,4825.05,Software,90006,UPI,DEV-09-1,iPhone,Bangalore,21,2,0,14.48,22,3436.19,2136.33,192,723,234,0,0,0,454.99,0,
TXN09-02012,9,2026-06-17 23:05:22,2925.49,Coffee,90032,UPI,DEV-09-3,iPhone,Pune,23,2,0,96.15,23,3441.86,2137.03,16,301,1360,0,0,0,735.23,0,
TXN09-02013,9,2026-06-17 23:47:58,4612.46,Software,90029,UPI,DEV-09-19,iPhone,Pune,23,2,0,42.6,24,3443.82,2135.94,20,1,1361,1,0,0,0.0,0,
TXN09-02014,9,2026-06-18 03:26:27,1803.61,Cloud Services,90053,UPI,DEV-UNK-9961,Android,Pune,3,3,0,218.48,1,3446.82,2134.02,6,1,1362,1,0,0,0.0,1,ato_new_device_odd_hour
TXN09-02015,9,2026-06-18 08:19:24,4273.58,Cloud Services,90043,Card,DEV-09-1,iPhone,Pune,8,3,0,292.95,2,3449.6,2131.17,6,724,1363,0,0,0,0.0,0,
TXN09-02016,9,2026-06-18 08:45:30,2582.52,Restaurants,90001,Card,DEV-09-3,iPhone,Pune,8,3,0,26.1,3,3456.95,2133.02,196,302,1364,0,0,0,0.0,0,
TXN09-02017,9,2026-06-18 09:04:35,2222.99,Cloud Services,90003,UPI,DEV-09-6,Web,Pune,9,3,0,19.08,4,3443.02,2120.97,72,68,1365,0,0,0,0.0,0,
TXN09-02018,9,2026-06-18 09:11:53,537.4,Restaurants,90001,UPI,DEV-09-1,iPhone,Bangalore,9,3,0,7.3,5,3450.66,2118.83,197,725,235,0,0,0,735.23,0,
TXN09-02019,9,2026-06-18 09:14:57,2374.01,Coffee,90020,UPI,DEV-09-1,iPhone,Goa,9,3,0,3.07,6,3444.54,2123.82,60,726,372,0,0,0,454.99,0,
TXN09-02020,9,2026-06-18 10:06:55,2589.55,Coffee,90044,Card,DEV-09-4,iPhone,Pune,10,3,0,51.97,7,3441.46,2128.34,4,201,1366,0,0,0,359.3,0,
TXN09-02021,9,2026-06-18 10:32:03,2209.3,Cloud Services,90015,UPI,DEV-09-14,iPhone,Pune,10,3,0,25.13,8,3427.56,2123.09,23,4,1367,0,0,0,0.0,0,
TXN09-02022,9,2026-06-18 10:34:16,2745.22,Coffee,90035,UPI,DEV-09-3,iPhone,Bangalore,10,3,0,2.22,9,3424.38,2121.23,11,303,236,0,0,0,735.23,0,
TXN09-02023,9,2026-06-18 11:04:21,4100.0,Software,90001,UPI,DEV-UNK-4506,iPhone,Pune,11,3,0,30.08,10,3414.16,2115.71,198,1,1368,1,0,0,735.23,1,new_device_fraud
TXN09-02024,9,2026-06-18 11:24:01,940.75,Coffee,90021,Card,DEV-09-7,Android,Pune,11,3,0,19.67,11,3412.02,2114.61,36,54,1369,0,0,0,0.0,0,
TXN09-02025,9,2026-06-18 11:48:00,6778.77,Restaurants,90001,Card,DEV-09-2,Web,Pune,11,3,0,23.98,12,3390.83,2108.84,199,443,1370,0,0,0,0.0,0,
TXN09-02026,9,2026-06-18 11:49:05,5872.88,Cloud Services,90034,UPI,DEV-09-5,Android,Pune,11,3,0,1.08,13,3399.82,2113.24,20,130,1371,0,0,0,0.0,0,
TXN09-02027,9,2026-06-18 12:27:28,3714.35,Software,90018,UPI,DEV-09-4,iPhone,Goa,12,3,0,38.38,14,3405.31,2111.13,43,202,373,0,0,0,359.3,0,
TXN09-02028,9,2026-06-18 12:49:22,5176.4,Coffee,90004,Card,DEV-09-1,iPhone,Goa,12,3,0,21.9,15,3400.36,2111.65,175,727,374,0,0,0,0.0,0,
TXN09-02029,9,2026-06-18 12:50:32,8000.0,Software,90006,Card,DEV-09-3,iPhone,Pune,12,3,0,1.17,16,3405.11,2110.82,193,304,1372,0,0,0,359.3,0,
TXN09-02030,9,2026-06-18 12:52:24,6683.08,Cloud Services,90010,Card,DEV-09-3,iPhone,Pune,12,3,0,1.87,17,3417.36,2121.28,67,305,1373,0,0,0,0.0,0,
TXN09-02031,9,2026-06-18 13:26:31,2957.53,Cloud Services,90003,UPI,DEV-09-2,Web,Goa,13,3,0,34.12,18,3415.71,2118.5,73,444,375,0,0,0,359.3,0,
TXN09-02032,9,2026-06-18 13:36:12,1027.7,Cloud Services,90043,UPI,DEV-09-2,Web,Bangalore,13,3,0,9.68,19,3412.82,2113.13,7,445,237,0,0,0,454.99,0,
TXN09-02033,9,2026-06-18 13:38:50,4841.39,Software,90001,UPI,DEV-09-1,iPhone,Singapore,13,3,0,2.63,20,3406.46,2113.89,200,728,3,0,0,0,3163.6,1,hourly_location_hopping
TXN09-02034,9,2026-06-18 14:08:53,2479.35,Software,90006,UPI,DEV-09-6,Web,Pune,14,3,0,30.05,21,3409.84,2115.17,194,69,1374,0,0,0,3783.95,0,
TXN09-02035,9,2026-06-18 14:17:17,3675.3,Software,90007,Card,DEV-09-2,Web,Pune,14,3,0,8.4,22,3407.37,2112.9,113,446,1375,0,0,0,0.0,0,
TXN09-02036,9,2026-06-18 14:28:48,3588.81,Coffee,90004,UPI,DEV-09-7,Android,Goa,14,3,0,11.52,23,3402.33,2110.0,176,55,376,0,0,0,359.3,0,
TXN09-02037,9,2026-06-18 14:30:58,1653.92,Coffee,90023,UPI,DEV-09-8,Web,Goa,14,3,0,2.17,24,3402.83,2107.22,29,20,377,0,0,0,0.0,0,
TXN09-02038,9,2026-06-18 14:38:50,4754.05,Software,90001,UPI,DEV-09-1,iPhone,Surat,14,3,0,7.87,25,3395.94,2108.68,201,729,7,0,0,0,666.93,1,hourly_location_hopping
TXN09-02039,9,2026-06-18 14:48:21,2185.01,Cloud Services,90053,Card,DEV-09-1,iPhone,Goa,14,3,0,9.52,26,3399.25,2111.08,7,730,378,0,0,0,666.93,0,
TXN09-02040,9,2026-06-18 15:01:44,2936.58,Restaurants,90008,UPI,DEV-09-6,Web,Pune,15,3,0,13.38,27,3396.03,2109.21,50,70,1376,0,0,0,359.3,0,
TXN09-02041,9,2026-06-18 15:17:05,5108.34,Software,90006,UPI,DEV-09-3,iPhone,Pune,15,3,0,15.35,28,3404.37,2107.83,195,306,1377,0,0,0,0.0,0,
TXN09-02042,9,2026-06-18 15:22:16,3457.33,Coffee,90004,UPI,DEV-09-11,iPhone,Pune,15,3,0,5.18,29,3408.89,2106.86,177,7,1378,0,0,0,0.0,0,
TXN09-02043,9,2026-06-18 15:34:52,4953.33,Software,90040,UPI,DEV-09-1,iPhone,Pune,15,3,0,12.6,30,3409.02,2104.07,9,731,1379,0,0,0,0.0,0,
TXN09-02044,9,2026-06-18 15:38:50,2945.54,Software,90001,UPI,DEV-09-1,iPhone,Chandigarh,15,3,0,3.97,31,3413.09,2102.78,202,732,6,0,0,0,1389.58,1,hourly_location_hopping
TXN09-02045,9,2026-06-18 15:53:49,7144.32,Restaurants,90005,Card,DEV-09-3,iPhone,Pune,15,3,0,14.98,32,3416.25,2101.18,74,307,1380,0,0,0,1389.58,0,
TXN09-02046,9,2026-06-18 16:01:06,3222.48,Restaurants,90061,Card,DEV-09-2,Web,Bangalore,16,3,0,7.28,33,3426.06,2107.09,4,447,238,0,0,0,735.23,0,
TXN09-02047,9,2026-06-18 16:18:32,2700.56,Coffee,90024,Card,DEV-09-8,Web,Pune,16,3,0,17.43,34,3428.18,2106.48,23,21,1381,0,0,0,735.23,0,
TXN09-02048,9,2026-06-18 16:34:23,4591.76,Coffee,90033,Card,DEV-09-7,Android,Pune,16,3,0,15.85,35,3426.27,2104.04,10,56,1382,0,0,0,0.0,0,
TXN09-02049,9,2026-06-18 16:36:24,5706.85,Software,90006,Card,DEV-09-5,Android,Goa,16,3,0,2.02,36,3429.32,2102.13,196,131,379,0,0,0,359.3,0,
TXN09-02050,9,2026-06-18 16:54:09,5180.74,Restaurants,90001,Card,DEV-09-5,Android,Pune,16,3,0,17.75,37,3441.33,2102.01,203,132,1383,0,0,0,359.3,0,
TXN09-02051,9,2026-06-18 17:08:50,2026.14,Coffee,90042,Card,DEV-09-3,iPhone,Bangalore,17,3,0,14.68,38,3446.0,2102.4,9,308,239,0,0,0,735.23,0,
TXN09-02052,9,2026-06-18 17:52:42,2502.48,Software,90016,UPI,DEV-09-1,iPhone,Goa,17,3,0,43.87,39,3440.77,2092.48,35,733,380,0,0,0,454.99,0,
TXN09-02053,9,2026-06-18 18:16:55,868.85,Cloud Services,90003,Card,DEV-09-4,iPhone,Goa,18,3,0,24.22,40,3436.88,2096.38,74,203,381,0,0,0,0.0,0,
TXN09-02054,9,2026-06-18 18:31:28,2695.29,Restaurants,90026,UPI,DEV-09-4,iPhone,Goa,18,3,0,14.55,41,3430.03,2097.76,17,204,382,0,0,0,0.0,0,
TXN09-02055,9,2026-06-18 18:58:54,2035.83,Software,90016,UPI,DEV-09-7,Android,Pune,18,3,0,27.43,42,3436.13,2098.66,36,57,1384,0,0,0,359.3,0,
TXN09-02056,9,2026-06-18 19:03:55,1280.85,Restaurants,90001,Card,DEV-09-2,Web,Goa,19,3,0,5.02,43,3427.8,2098.05,204,448,383,0,0,0,359.3,0,
TXN09-02057,9,2026-06-18 19:04:50,4121.88,Restaurants,90001,UPI,DEV-09-2,Web,Pune,19,3,0,0.92,44,3422.04,2098.18,205,449,1385,0,0,0,359.3,0,
TXN09-02058,9,2026-06-18 19:17:59,2218.8,Software,90007,UPI,DEV-09-1,iPhone,Pune,19,3,0,13.15,45,3417.54,2084.72,114,734,1386,0,0,0,0.0,0,
TXN09-02059,9,2026-06-18 19:27:50,4184.73,Restaurants,90001,UPI,DEV-09-4,iPhone,Pune,19,3,0,9.85,46,3414.33,2082.85,206,205,1387,0,0,0,0.0,0,
TXN09-02060,9,2026-06-18 19:30:42,1406.2,Cloud Services,90002,Card,DEV-09-9,iPhone,Bangalore,19,3,0,2.87,47,3416.39,2080.44,182,19,240,0,0,0,735.23,0,
TXN09-02061,9,2026-06-18 19:38:05,3457.71,Coffee,90004,Card,DEV-09-1,iPhone,Goa,19,3,0,7.38,48,3411.03,2080.25,178,735,384,0,0,0,454.99,0,
TXN09-02062,9,2026-06-18 19:59:25,8000.0,Restaurants,90001,Card,DEV-09-2,Web,Goa,19,3,0,21.33,49,3411.15,2077.49,207,450,385,0,0,0,0.0,0,
TXN09-02063,9,2026-06-18 20:17:10,5721.85,Coffee,90023,UPI,DEV-09-4,iPhone,Pune,20,3,0,17.75,50,3410.45,2082.09,30,206,1388,0,0,0,359.3,0,
TXN09-02064,9,2026-06-18 20:32:31,4706.79,Coffee,90044,Card,DEV-09-1,iPhone,Pune,20,3,0,15.35,51,3409.37,2080.78,5,736,1389,0,0,0,0.0,0,
TXN09-02065,9,2026-06-18 21:05:02,2693.63,Cloud Services,90003,UPI,DEV-09-2,Web,Pune,21,3,0,32.52,52,3418.77,2078.65,75,451,1390,0,0,0,0.0,0,
TXN09-02066,9,2026-06-18 21:12:05,6020.27,Software,90048,UPI,DEV-09-3,iPhone,Pune,21,3,0,7.05,53,3416.84,2076.22,4,309,1391,0,0,0,0.0,0,
TXN09-02067,9,2026-06-18 21:28:17,3623.44,Software,90014,UPI,DEV-09-3,iPhone,Pune,21,3,0,16.2,54,3424.55,2083.2,63,310,1392,0,0,0,0.0,0,
TXN09-02068,9,2026-06-18 21:48:00,2422.72,Restaurants,90005,UPI,DEV-09-10,iPhone,Bangalore,21,3,0,19.72,55,3425.4,2085.2,75,10,241,0,0,0,735.23,0,
TXN09-02069,9,2026-06-18 21:49:22,1421.48,Software,90049,UPI,DEV-09-2,Web,Pune,21,3,0,1.37,56,3422.73,2083.06,3,452,1393,0,0,0,735.23,0,
TXN09-02070,9,2026-06-18 21:52:45,1254.34,Restaurants,90009,UPI,DEV-09-3,iPhone,Pune,21,3,0,3.38,57,3417.4,2082.84,43,311,1394,0,0,0,0.0,0,
TXN09-02071,9,2026-06-18 22:24:42,6460.02,Cloud Services,90011,Card,DEV-09-8,Web,Bangalore,22,3,0,31.95,58,3411.31,2076.52,44,22,242,0,0,0,735.23,0,
TXN09-02072,9,2026-06-18 22:43:10,3470.43,Software,90007,Card,DEV-09-4,iPhone,Goa,22,3,0,18.47,59,3419.44,2079.7,115,207,386,0,0,0,454.99,0,
TXN09-02073,9,2026-06-18 22:50:53,4949.28,Coffee,90020,Card,DEV-09-2,Web,Pune,22,3,0,7.72,60,3419.58,2076.94,61,453,1395,0,0,0,359.3,0,
TXN09-02074,9,2026-06-18 23:05:53,6236.0,Cloud Services,90002,UPI,DEV-09-1,iPhone,Goa,23,3,0,15.0,61,3424.4,2078.38,183,737,387,0,0,0,359.3,0,
TXN09-02075,9,2026-06-18 23:12:58,3458.7,Software,90007,UPI,DEV-09-2,Web,Pune,23,3,0,7.08,62,3431.86,2080.65,116,454,1396,0,0,0,359.3,0,
TXN09-02076,9,2026-06-18 23:13:06,2448.34,Software,90029,UPI,DEV-09-3,iPhone,Pune,23,3,0,0.13,63,3431.93,2077.9,21,312,1397,0,0,0,0.0,0,
TXN09-02077,9,2026-06-18 23:41:55,1159.07,Restaurants,90009,Card,DEV-09-1,iPhone,Goa,23,3,0,28.82,64,3429.33,2075.77,44,738,388,0,0,0,359.3,0,
TXN09-02078,9,2026-06-18 23:41:55,3992.9,Coffee,90004,UPI,DEV-09-8,Web,Pune,23,3,0,0.0,65,3423.36,2076.3,179,23,1398,0,0,0,359.3,0,
TXN09-02079,9,2026-06-18 23:55:45,1071.33,Restaurants,90005,UPI,DEV-09-3,iPhone,Pune,23,3,0,13.83,66,3424.85,2073.77,76,313,1399,0,0,0,0.0,0,
TXN09-02080,9,2026-06-19 08:01:39,3104.14,Restaurants,90001,Card,DEV-09-1,iPhone,Goa,8,4,0,485.9,1,3418.69,2074.55,208,739,389,0,0,0,359.3,0,
TXN09-02081,9,2026-06-19 08:04:32,1977.55,Cloud Services,90015,UPI,DEV-09-3,iPhone,Pune,8,4,0,2.88,2,3417.87,2071.9,24,314,1400,0,0,0,359.3,0,
TXN09-02082,9,2026-06-19 08:22:40,616.94,Cloud Services,90002,Card,DEV-09-3,iPhone,Pune,8,4,0,18.13,3,3414.12,2070.5,184,315,1401,0,0,0,0.0,0,
TXN09-02083,9,2026-06-19 08:26:27,3020.08,Cloud Services,90030,UPI,DEV-09-11,iPhone,Bangalore,8,4,0,3.78,4,3406.85,2072.7,13,8,243,0,0,0,735.23,0,
TXN09-02084,9,2026-06-19 08:29:30,5222.56,Software,90048,Card,DEV-09-9,iPhone,Goa,8,4,0,3.05,5,3405.85,2070.11,5,20,390,0,0,0,454.99,0,
TXN09-02085,9,2026-06-19 08:41:16,5358.59,Cloud Services,90011,UPI,DEV-09-8,Web,Pune,8,4,0,11.77,6,3410.55,2069.49,45,24,1402,0,0,0,359.3,0,
TXN09-02086,9,2026-06-19 08:46:49,3166.18,Coffee,90019,UPI,DEV-09-2,Web,Pune,8,4,0,5.55,7,3413.2,2071.33,72,455,1403,0,0,0,0.0,0,
TXN09-02087,9,2026-06-19 08:55:31,3563.48,Coffee,90004,Card,DEV-09-5,Android,Pune,8,4,0,8.7,8,3412.56,2068.7,180,133,1404,0,0,0,0.0,0,
TXN09-02088,9,2026-06-19 09:13:36,1462.09,Coffee,90019,UPI,DEV-09-6,Web,Pune,9,4,0,18.08,9,3412.95,2066.05,73,71,1405,0,0,0,0.0,0,
TXN09-02089,9,2026-06-19 09:24:37,5838.38,Restaurants,90013,UPI,DEV-09-10,iPhone,Pune,9,4,0,11.02,10,3407.95,2065.76,35,11,1406,0,0,0,0.0,0,
TXN09-02090,9,2026-06-19 09:36:40,1716.61,Cloud Services,90011,Card,DEV-09-1,iPhone,Goa,9,4,0,12.05,11,3420.01,2066.18,46,740,391,0,0,0,359.3,0,
TXN09-02091,9,2026-06-19 09:46:55,2660.07,Restaurants,90001,Card,DEV-09-3,iPhone,Pune,9,4,0,10.25,12,3415.98,2067.97,209,316,1407,0,0,0,359.3,0,
TXN09-02092,9,2026-06-19 10:11:02,2377.35,Restaurants,90001,Card,DEV-09-3,iPhone,Pune,10,4,0,24.12,13,3414.05,2065.68,210,317,1408,0,0,0,0.0,0,
TXN09-02093,9,2026-06-19 10:13:59,2478.22,Restaurants,90028,Card,DEV-09-3,iPhone,Pune,10,4,0,2.95,14,3411.4,2063.7,13,318,1409,0,0,0,0.0,0,
TXN09-02094,9,2026-06-19 10:20:13,5998.12,Restaurants,90009,UPI,DEV-09-5,Android,Pune,10,4,0,6.23,15,3409.03,2061.61,45,134,1410,0,0,0,0.0,0,
TXN09-02095,9,2026-06-19 10:22:36,3176.51,Cloud Services,90002,Card,DEV-09-8,Web,Bangalore,10,4,0,2.38,16,3415.6,2063.11,185,25,244,0,0,0,735.23,0,
TXN09-02096,9,2026-06-19 10:36:44,4531.19,Cloud Services,90002,UPI,DEV-09-1,iPhone,Pune,10,4,0,14.13,17,3414.99,2060.53,186,741,1411,0,0,0,735.23,0,
TXN09-02097,9,2026-06-19 10:39:19,1070.35,Restaurants,90001,Card,DEV-09-4,iPhone,Pune,10,4,0,2.58,18,3417.81,2058.69,211,208,1412,0,0,0,0.0,0,
TXN09-02098,9,2026-06-19 10:55:06,452.54,Cloud Services,90058,Card,DEV-09-8,Web,Pune,10,4,0,15.78,19,3411.9,2059.46,4,26,1413,0,0,0,0.0,0,
TXN09-02099,9,2026-06-19 11:06:11,1505.38,Restaurants,90001,UPI,DEV-09-1,iPhone,Pune,11,4,0,11.08,20,3404.46,2062.2,212,742,1414,0,0,0,0.0,0,
TXN09-02100,9,2026-06-19 11:23:31,2977.8,Coffee,90023,Card,DEV-09-9,iPhone,Goa,11,4,0,17.33,21,3399.7,2061.8,31,21,392,0,0,0,359.3,0,
TXN09-02101,9,2026-06-19 11:31:02,2594.85,Restaurants,90001,Card,DEV-09-3,iPhone,Pune,11,4,0,7.52,22,3398.65,2059.33,213,319,1415,0,0,0,359.3,0,
TXN09-02102,9,2026-06-19 12:01:55,3393.42,Cloud Services,90053,UPI,DEV-09-2,Web,Pune,12,4,0,30.88,23,3407.54,2056.22,8,456,1416,0,0,0,0.0,0,
TXN09-02103,9,2026-06-19 12:06:09,2153.99,Cloud Services,90002,UPI,DEV-09-3,iPhone,Bangalore,12,4,0,4.23,24,3407.51,2053.64,187,320,245,0,0,0,735.23,0,
TXN09-02104,9,2026-06-19 12:06:14,8000.0,Software,90006,UPI,DEV-09-2,Web,Pune,12,4,0,0.08,25,3404.38,2052.03,197,457,1417,0,0,0,735.23,0,
TXN09-02105,9,2026-06-19 12:07:27,1237.41,Coffee,90042,UPI,DEV-09-3,iPhone,Goa,12,4,0,1.22,26,3415.82,2062.23,10,321,393,0,0,0,359.3,0,
TXN09-02106,9,2026-06-19 12:25:02,1464.8,Restaurants,90001,Card,DEV-09-4,iPhone,Goa,12,4,0,17.58,27,3413.63,2064.07,214,209,394,0,0,0,0.0,0,
TXN09-02107,9,2026-06-19 12:29:45,2472.45,Restaurants,90017,UPI,DEV-09-6,Web,Pune,12,4,0,4.72,28,3415.35,2062.15,23,72,1418,0,0,0,359.3,0,
TXN09-02108,9,2026-06-19 12:48:54,751.12,Restaurants,90067,Card,DEV-09-2,Web,Pune,12,4,0,19.15,29,3413.21,2062.68,1,458,1419,0,0,1,0.0,0,
TXN09-02109,9,2026-06-19 13:08:32,2038.32,Restaurants,90001,Card,DEV-09-3,iPhone,Pune,13,4,0,19.63,30,3406.6,2064.37,215,322,1420,0,0,0,0.0,0,
TXN09-02110,9,2026-06-19 13:18:19,2613.67,Software,90029,Card,DEV-09-4,iPhone,Pune,13,4,0,9.78,31,3403.22,2062.94,22,210,1421,0,0,0,0.0,0,
TXN09-02111,9,2026-06-19 13:19:59,3427.76,Software,90007,UPI,DEV-09-2,Web,Pune,13,4,0,1.67,32,3401.27,2060.76,117,459,1422,0,0,0,0.0,0,
TXN09-02112,9,2026-06-19 13:25:37,5263.69,Software,90006,UPI,DEV-09-2,Web,Pune,13,4,0,5.63,33,3401.33,2058.22,198,460,1423,0,0,0,0.0,0,
TXN09-02113,9,2026-06-19 13:29:49,1922.78,Coffee,90004,Card,DEV-09-7,Android,Bangalore,13,4,0,4.2,34,3405.91,2057.76,181,58,246,0,0,0,735.23,0,
TXN09-02114,9,2026-06-19 13:35:08,3771.99,Restaurants,90031,UPI,DEV-09-3,iPhone,Bangalore,13,4,0,5.32,35,3402.27,2056.54,13,323,247,0,0,0,0.0,0,
TXN09-02115,9,2026-06-19 13:37:00,3820.26,Cloud Services,90002,Card,DEV-09-1,iPhone,Pune,13,4,0,1.87,36,3403.18,2054.11,188,743,1424,0,0,0,735.23,0,
TXN09-02116,9,2026-06-19 14:00:59,4181.31,Coffee,90052,UPI,DEV-09-8,Web,Pune,14,4,0,23.98,37,3392.96,2041.57,6,27,1425,0,0,0,0.0,0,
TXN09-02117,9,2026-06-19 14:01:32,1002.89,Coffee,90019,UPI,DEV-09-5,Android,Bangalore,14,4,0,0.55,38,3394.88,2039.45,74,135,248,0,0,0,735.23,0,
TXN09-02118,9,2026-06-19 14:35:44,1744.91,Software,90040,Card,DEV-09-1,iPhone,Pune,14,4,0,34.2,39,3392.17,2041.89,10,744,1426,0,0,0,735.23,0,
TXN09-02119,9,2026-06-19 14:54:32,3162.14,Restaurants,90005,Card,DEV-09-2,Web,Bangalore,14,4,0,18.8,40,3388.17,2041.02,77,461,249,0,0,0,735.23,0,
TXN09-02120,9,2026-06-19 15:04:00,6783.76,Coffee,90023,Card,DEV-09-1,iPhone,Pune,15,4,0,9.47,41,3387.62,2038.57,32,745,1427,0,0,0,735.23,0,
TXN09-02121,9,2026-06-19 15:50:56,8000.0,Coffee,90021,Card,DEV-09-8,Web,Goa,15,4,0,46.93,42,3403.44,2047.65,37,28,395,0,0,0,359.3,0,
TXN09-02122,9,2026-06-19 16:21:49,2900.59,Software,90029,UPI,DEV-09-5,Android,Pune,16,4,0,30.88,43,3413.26,2059.98,23,136,1428,0,0,0,359.3,0,
TXN09-02123,9,2026-06-19 16:24:08,1017.21,Software,90047,UPI,DEV-09-1,iPhone,Pune,16,4,0,2.32,44,3412.02,2057.63,9,746,1429,0,0,0,0.0,0,
TXN09-02124,9,2026-06-19 16:31:37,3947.35,Coffee,90021,UPI,DEV-09-3,iPhone,Pune,16,4,0,7.48,45,3406.2,2058.51,38,324,1430,0,0,0,0.0,0,
TXN09-02125,9,2026-06-19 16:41:36,4039.01,Coffee,90004,Card,DEV-09-4,iPhone,Pune,16,4,0,9.98,46,3407.51,2056.19,182,211,1431,0,0,0,0.0,0,
TXN09-02126,9,2026-06-19 17:00:25,2109.12,Coffee,90021,UPI,DEV-09-2,Web,Pune,17,4,0,18.82,47,3409.04,2053.93,39,462,1432,0,0,0,0.0,0,
TXN09-02127,9,2026-06-19 17:21:29,1563.45,Coffee,90004,UPI,DEV-09-6,Web,Pune,17,4,0,21.07,48,3410.76,2052.55,183,73,1433,0,0,0,0.0,0,
TXN09-02128,9,2026-06-19 17:56:34,8000.0,Software,90029,Card,DEV-09-2,Web,Goa,17,4,0,35.08,49,3406.3,2052.07,24,463,396,0,0,0,359.3,0,
TXN09-02129,9,2026-06-19 18:13:57,1399.05,Software,90016,Card,DEV-09-4,iPhone,Goa,18,4,0,17.38,50,3421.09,2062.99,37,212,397,0,0,0,0.0,0,
TXN09-02130,9,2026-06-19 18:51:28,3253.87,Coffee,90020,UPI,DEV-09-2,Web,Pune,18,4,0,37.52,51,3408.41,2064.5,62,464,1434,0,0,0,359.3,0,
TXN09-02131,9,2026-06-19 19:31:22,5021.59,Restaurants,90041,UPI,DEV-09-4,iPhone,Pune,19,4,0,39.9,52,3399.73,2057.56,9,213,1435,0,0,0,0.0,0,
TXN09-02132,9,2026-06-19 19:48:44,3135.62,Software,90018,UPI,DEV-09-5,Android,Pune,19,4,0,17.37,53,3392.28,2053.47,44,137,1436,0,0,0,0.0,0,
TXN09-02133,9,2026-06-19 20:00:20,2115.33,Coffee,90019,Card,DEV-09-3,iPhone,Bangalore,20,4,0,11.6,54,3391.66,2051.03,75,325,250,0,0,0,735.23,0,
TXN09-02134,9,2026-06-19 20:42:58,943.11,Coffee,90004,UPI,DEV-09-2,Web,Pune,20,4,0,42.63,55,3390.79,2051.5,184,465,1437,0,0,0,735.23,0,
TXN09-02135,9,2026-06-19 21:08:18,1572.27,Coffee,90022,Card,DEV-09-3,iPhone,Goa,21,4,0,25.33,56,3380.77,2050.76,31,326,398,0,0,0,359.3,0,
TXN09-02136,9,2026-06-19 21:20:20,2758.61,Software,90006,Card,DEV-09-2,Web,Goa,21,4,0,12.03,57,3376.4,2050.2,199,466,399,0,0,0,0.0,0,
TXN09-02137,9,2026-06-19 21:21:31,6807.47,Restaurants,90001,Card,DEV-09-8,Web,Pune,21,4,0,1.18,58,3374.91,2047.96,216,29,1438,0,0,0,359.3,0,
TXN09-02138,9,2026-06-19 21:24:47,2519.82,Cloud Services,90002,UPI,DEV-09-1,iPhone,Goa,21,4,0,3.27,59,3384.99,2054.52,189,747,400,0,0,0,359.3,0,
TXN09-02139,9,2026-06-19 21:27:55,1242.37,Coffee,90021,Card,DEV-09-4,iPhone,Pune,21,4,0,3.13,60,3382.91,2052.49,40,214,1439,0,0,0,359.3,0,
TXN09-02140,9,2026-06-19 21:33:49,1765.7,Restaurants,90001,UPI,DEV-09-3,iPhone,Goa,21,4,0,5.9,61,3377.78,2052.7,217,327,401,0,0,0,359.3,0,
TXN09-02141,9,2026-06-19 21:43:54,4382.27,Cloud Services,90030,UPI,DEV-09-3,iPhone,Pune,21,4,0,10.08,62,3369.85,2052.52,14,328,1440,0,0,0,359.3,0,
TXN09-02142,9,2026-06-19 22:20:12,1985.42,Restaurants,90008,Card,DEV-09-4,iPhone,Pune,22,4,0,36.3,63,3372.27,2050.66,51,215,1441,0,0,0,0.0,0,
TXN09-02143,9,2026-06-19 22:21:10,770.63,Software,90048,Card,DEV-09-2,Web,Pune,22,4,0,0.97,64,3368.96,2049.33,6,467,1442,0,0,0,0.0,0,
TXN09-02144,9,2026-06-19 23:03:58,4271.67,Cloud Services,90027,Card,DEV-09-4,iPhone,Pune,23,4,0,42.8,65,3360.89,2055.3,23,216,1443,0,0,0,0.0,0,
TXN09-02145,9,2026-06-19 23:08:25,2671.9,Restaurants,90001,Card,DEV-09-3,iPhone,Goa,23,4,0,4.45,66,3363.06,2053.33,218,329,402,0,0,0,359.3,0,
TXN09-02146,9,2026-06-19 23:31:13,8000.0,Restaurants,90001,UPI,DEV-09-3,iPhone,Goa,23,4,0,22.8,67,3361.42,2051.16,219,330,403,0,0,0,0.0,0,
TXN09-02147,9,2026-06-20 03:26:54,3451.86,Software,90185,UPI,DEV-09-1,iPhone,Bangalore,3,5,1,235.68,1,3379.46,2066.95,1,748,251,0,0,1,454.99,1,ato_odd_hour_new_merchant_same_category
TXN09-02148,9,2026-06-20 08:08:52,1626.45,Restaurants,90008,Card,DEV-09-2,Web,Pune,8,5,1,281.97,2,3377.66,2058.65,52,468,1444,0,0,0,735.23,0,
TXN09-02149,9,2026-06-20 08:21:30,2954.81,Software,90029,UPI,DEV-09-3,iPhone,Bangalore,8,5,1,12.63,3,3373.46,2057.97,25,331,252,0,0,0,735.23,0,
TXN09-02150,9,2026-06-20 08:51:07,4084.68,Cloud Services,90027,UPI,DEV-09-2,Web,Pune,8,5,1,29.62,4,3372.45,2055.6,24,469,1445,0,0,0,735.23,0,
TXN09-02151,9,2026-06-20 08:58:04,4725.97,Software,90007,UPI,DEV-09-2,Web,Pune,8,5,1,6.95,5,3363.09,2043.38,118,470,1446,0,0,0,0.0,0,
TXN09-02152,9,2026-06-20 09:00:10,3759.59,Coffee,90032,Card,DEV-09-5,Android,Pune,9,5,1,2.1,6,3366.34,2042.02,17,138,1447,0,0,0,0.0,0,
TXN09-02153,9,2026-06-20 10:07:46,4699.48,Restaurants,90005,Card,DEV-09-1,iPhone,Bangalore,10,5,1,67.6,7,3366.78,2038.34,78,749,253,0,0,0,735.23,0,
TXN09-02154,9,2026-06-20 10:46:01,1294.41,Coffee,90004,Card,DEV-09-4,iPhone,Pune,10,5,1,38.25,8,3369.96,2036.94,185,217,1448,0,0,0,735.23,0,
TXN09-02155,9,2026-06-20 10:46:07,8000.0,Coffee,90022,Card,DEV-09-2,Web,Hyderabad,10,5,1,0.1,9,3365.02,2037.03,32,471,4,0,0,0,505.75,0,
TXN09-02156,9,2026-06-20 11:42:41,3905.26,Software,90006,UPI,DEV-09-7,Android,Goa,11,5,1,56.57,10,3376.03,2047.08,200,59,404,0,0,0,520.05,0,
TXN09-02157,9,2026-06-20 12:13:15,1127.35,Coffee,90066,UPI,DEV-09-12,iPhone,Pune,12,5,1,30.57,11,3389.49,2041.98,2,6,1449,0,0,0,359.3,0,
TXN09-02158,9,2026-06-20 13:23:19,4730.49,Restaurants,90001,UPI,DEV-09-1,iPhone,Pune,13,5,1,70.07,12,3391.18,2047.56,220,750,1450,0,0,0,0.0,0,
TXN09-02159,9,2026-06-20 15:24:32,407.2,Restaurants,90005,UPI,DEV-09-4,iPhone,Bangalore,15,5,1,121.22,13,3404.13,2042.36,79,218,254,0,0,0,735.23,0,
TXN09-02160,9,2026-06-20 16:00:36,1225.98,Cloud Services,90010,Card,DEV-09-2,Web,Goa,16,5,1,36.07,14,3383.46,2037.98,68,472,405,0,0,0,454.99,0,
TXN09-02161,9,2026-06-20 16:22:33,3412.47,Software,90006,UPI,DEV-09-4,iPhone,Bangalore,16,5,1,21.95,15,3378.14,2038.27,201,219,255,0,0,0,454.99,0,
TXN09-02162,9,2026-06-20 16:37:48,2174.81,Restaurants,90001,UPI,DEV-09-3,iPhone,Goa,16,5,1,15.25,16,3378.23,2035.77,221,332,406,0,0,0,454.99,0,
TXN09-02163,9,2026-06-20 17:28:32,756.22,Cloud Services,90002,Card,DEV-09-5,Android,Pune,17,5,1,50.73,17,3375.86,2036.61,190,139,1451,0,0,0,359.3,0,
TXN09-02164,9,2026-06-20 17:55:48,869.54,Software,90006,Card,DEV-09-4,iPhone,Pune,17,5,1,27.27,18,3380.66,2036.92,202,220,1452,0,0,0,0.0,0,
TXN09-02165,9,2026-06-20 18:02:05,3367.29,Coffee,90022,Card,DEV-09-1,iPhone,Pune,18,5,1,6.28,19,3374.49,2038.21,33,751,1453,0,0,0,0.0,0,
TXN09-02166,9,2026-06-20 18:53:05,7054.73,Cloud Services,90034,Card,DEV-09-2,Web,Pune,18,5,1,51.0,20,3380.52,2038.12,21,473,1454,0,0,0,0.0,0,
TXN09-02167,9,2026-06-20 19:23:07,3267.97,Restaurants,90001,Card,DEV-09-7,Android,Goa,19,5,1,30.03,21,3382.65,2035.98,222,60,407,0,0,0,359.3,0,
TXN09-02168,9,2026-06-20 19:50:26,1222.32,Cloud Services,90002,UPI,DEV-09-5,Android,Pune,19,5,1,27.32,22,3382.36,2033.48,191,140,1455,0,0,0,359.3,0,
TXN09-02169,9,2026-06-20 19:52:07,1689.82,Restaurants,90067,Card,DEV-09-2,Web,Goa,19,5,1,1.68,23,3377.06,2033.8,2,474,408,0,0,0,359.3,0,
TXN09-02170,9,2026-06-20 20:06:47,3386.5,Cloud Services,90043,Card,DEV-09-3,iPhone,Bangalore,20,5,1,14.67,24,3369.26,2034.17,8,333,256,0,0,0,454.99,0,
TXN09-02171,9,2026-06-20 20:16:10,3971.61,Software,90048,UPI,DEV-09-8,Web,Goa,20,5,1,9.38,25,3368.48,2034.1,7,30,409,0,0,0,454.99,0,
TXN09-02172,9,2026-06-20 20:19:29,2386.02,Coffee,90024,UPI,DEV-09-1,iPhone,Pune,20,5,1,3.32,26,3369.95,2031.82,24,752,1456,0,0,0,359.3,0,
TXN09-02173,9,2026-06-20 20:41:12,4588.32,Software,90016,Card,DEV-09-2,Web,Bangalore,20,5,1,21.72,27,3366.16,2032.21,38,475,257,0,0,0,735.23,0,
TXN09-02174,9,2026-06-20 21:02:10,5768.5,Coffee,90052,UPI,DEV-09-9,iPhone,Pune,21,5,1,20.97,28,3350.5,2023.48,7,22,1457,0,0,0,735.23,0,
TXN09-02175,9,2026-06-20 21:13:23,788.78,Cloud Services,90002,Card,DEV-09-1,iPhone,Pune,21,5,1,11.22,29,3356.44,2024.54,192,753,1458,0,0,0,0.0,0,
TXN09-02176,9,2026-06-20 21:17:21,3999.07,Coffee,90004,Card,DEV-09-1,iPhone,Pune,21,5,1,3.97,30,3350.14,2026.04,186,754,1459,0,0,0,0.0,0,
TXN09-02177,9,2026-06-20 21:50:55,5629.12,Coffee,90020,UPI,DEV-09-3,iPhone,Pune,21,5,1,33.57,31,3351.73,2023.81,63,334,1460,0,0,0,0.0,0,
TXN09-02178,9,2026-06-20 22:05:38,405.28,Software,90049,UPI,DEV-09-1,iPhone,Bangalore,22,5,1,14.72,32,3345.93,2013.86,4,755,258,0,0,0,735.23,0,
TXN09-02179,9,2026-06-20 22:13:59,4467.46,Coffee,90004,Card,DEV-09-3,iPhone,Pune,22,5,1,8.35,33,3344.69,2015.51,187,335,1461,0,0,0,735.23,0,
TXN09-02180,9,2026-06-20 22:27:15,2696.55,Coffee,90004,UPI,DEV-09-3,iPhone,Goa,22,5,1,13.27,34,3347.43,2013.81,188,336,410,0,0,0,359.3,0,
TXN09-02181,9,2026-06-20 22:52:00,1821.81,Coffee,90004,UPI,DEV-09-4,iPhone,Pune,22,5,1,24.75,35,3351.58,2010.71,189,221,1462,0,0,0,359.3,0,
TXN09-02182,9,2026-06-20 23:05:09,8000.0,Restaurants,90001,UPI,DEV-09-5,Android,Pune,23,5,1,13.15,36,3347.89,2012.13,223,141,1463,0,0,0,0.0,0,
TXN09-02183,9,2026-06-20 23:11:14,7233.84,Restaurants,90031,UPI,DEV-09-6,Web,Pune,23,5,1,6.08,37,3357.2,2024.76,14,74,1464,0,0,0,0.0,0,
TXN09-02184,9,2026-06-20 23:42:18,1691.36,Cloud Services,90003,Card,DEV-09-3,iPhone,Goa,23,5,1,31.07,38,3362.33,2023.44,76,337,411,0,0,0,359.3,0,
TXN09-02185,9,2026-06-21 08:08:45,1408.72,Coffee,90019,Card,DEV-09-1,iPhone,Bangalore,8,6,1,506.45,1,3353.78,2023.82,76,756,259,0,0,0,454.99,0,
TXN09-02186,9,2026-06-21 08:17:51,8000.0,Cloud Services,90059,Card,DEV-09-3,iPhone,Bangalore,8,6,1,9.1,2,3354.95,2026.18,4,338,260,0,0,0,0.0,0,
TXN09-02187,9,2026-06-21 08:52:13,4766.0,Restaurants,90005,Card,DEV-09-5,Android,Goa,8,6,1,34.37,3,3350.5,2031.03,80,142,412,0,0,0,454.99,0,
TXN09-02188,9,2026-06-21 08:56:44,7544.48,Software,90029,Card,DEV-09-2,Web,Pune,8,6,1,4.52,4,3354.02,2029.72,26,476,1465,0,0,0,359.3,0,
TXN09-02189,9,2026-06-21 09:34:31,4047.2,Software,90006,Card,DEV-09-1,iPhone,Pune,9,6,1,37.78,5,3354.04,2029.65,203,757,1466,0,0,0,0.0,0,
TXN09-02190,9,2026-06-21 09:39:41,2619.4,Cloud Services,90003,UPI,DEV-09-5,Android,Pune,9,6,1,5.17,6,3355.77,2027.42,77,143,1467,0,0,0,0.0,0,
TXN09-02191,9,2026-06-21 09:49:26,8000.0,Coffee,90019,UPI,DEV-09-9,iPhone,Pune,9,6,1,9.75,7,3352.25,2027.46,77,23,1468,0,0,0,0.0,0,
TXN09-02192,9,2026-06-21 10:03:13,1470.36,Coffee,90020,UPI,DEV-09-3,iPhone,Pune,10,6,1,13.78,8,3363.71,2041.27,64,339,1469,0,0,0,0.0,0,
TXN09-02193,9,2026-06-21 10:12:08,4964.15,Cloud Services,90034,UPI,DEV-09-1,iPhone,Pune,10,6,1,8.92,9,3359.0,2040.91,22,758,1470,0,0,0,0.0,0,
TXN09-02194,9,2026-06-21 10:17:00,3773.33,Software,90018,Card,DEV-09-2,Web,Pune,10,6,1,4.87,10,3362.99,2039.94,45,477,1471,0,0,0,0.0,0,
TXN09-02195,9,2026-06-21 10:21:29,2017.78,Restaurants,90026,UPI,DEV-09-2,Web,Pune,10,6,1,4.48,11,3352.5,2026.89,18,478,1472,0,0,0,0.0,0,
TXN09-02196,9,2026-06-21 11:21:59,1136.79,Coffee,90033,Card,DEV-09-1,iPhone,Pune,11,6,1,60.5,12,3360.41,2028.3,11,759,1473,0,0,0,0.0,0,
TXN09-02197,9,2026-06-21 11:23:51,3056.07,Restaurants,90001,Card,DEV-09-1,iPhone,Goa,11,6,1,1.87,13,3354.88,2028.8,224,760,413,0,0,0,359.3,0,
TXN09-02198,9,2026-06-21 11:27:51,7023.13,Restaurants,90037,UPI,DEV-09-1,iPhone,Pune,11,6,1,4.0,14,3354.14,2026.34,12,761,1474,0,0,0,359.3,0,
TXN09-02199,9,2026-06-21 11:43:10,1008.2,Cloud Services,90002,Card,DEV-09-1,iPhone,Pune,11,6,1,15.32,15,3353.13,2030.1,193,762,1475,0,0,0,0.0,0,
TXN09-02200,9,2026-06-21 11:54:37,251.82,Software,90006,Card,DEV-09-7,Android,Goa,11,6,1,11.45,16,3347.51,2035.97,204,61,414,0,0,0,359.3,0,
TXN09-02201,9,2026-06-21 11:56:18,6222.79,Cloud Services,90002,Card,DEV-09-3,iPhone,Pune,11,6,1,1.68,17,3339.81,2039.28,194,340,1476,0,0,0,359.3,0,
TXN09-02202,9,2026-06-21 12:03:29,8000.0,Coffee,90022,UPI,DEV-09-5,Android,Bangalore,12,6,1,7.18,18,3346.97,2041.79,34,144,261,0,0,0,735.23,0,
TXN09-02203,9,2026-06-21 12:14:11,4287.98,Restaurants,90001,Card,DEV-09-2,Web,Pune,12,6,1,10.7,19,3358.49,2046.27,225,479,1477,0,0,0,735.23,0,
TXN09-02204,9,2026-06-21 12:23:09,2790.61,Software,90014,Card,DEV-09-3,iPhone,Pune,12,6,1,8.97,20,3356.73,2036.21,64,341,1478,0,0,0,0.0,0,
TXN09-02205,9,2026-06-21 12:25:55,2520.09,Coffee,90021,UPI,DEV-09-2,Web,Pune,12,6,1,2.77,21,3355.32,2033.87,41,480,1479,0,0,0,0.0,0,
TXN09-02206,9,2026-06-21 12:29:40,8000.0,Restaurants,90031,UPI,DEV-09-4,iPhone,Pune,12,6,1,3.75,22,3353.25,2031.77,15,222,1480,0,0,0,0.0,0,
TXN09-02207,9,2026-06-21 12:35:21,8000.0,Software,90007,UPI,DEV-09-1,iPhone,Goa,12,6,1,5.68,23,3365.79,2043.99,119,763,415,0,0,0,359.3,0,
TXN09-02208,9,2026-06-21 13:01:05,6675.61,Cloud Services,90046,UPI,DEV-09-6,Web,Pune,13,6,1,25.73,24,3380.58,2058.81,5,75,1481,0,0,0,359.3,0,
TXN09-02209,9,2026-06-21 13:07:35,6739.4,Cloud Services,90003,UPI,DEV-09-2,Web,Pune,13,6,1,6.5,25,3378.31,2054.67,78,481,1482,0,0,0,0.0,0,
TXN09-02210,9,2026-06-21 13:15:35,1744.4,Cloud Services,90046,UPI,DEV-09-1,iPhone,Pune,13,6,1,8.0,26,3386.67,2058.93,6,764,1483,0,0,0,0.0,0,
TXN09-02211,9,2026-06-21 13:19:22,3200.74,Restaurants,90063,UPI,DEV-09-5,Android,Pune,13,6,1,3.78,27,3382.59,2058.0,3,145,1484,0,0,0,0.0,0,
TXN09-02212,9,2026-06-21 13:39:34,799.03,Cloud Services,90015,UPI,DEV-09-1,iPhone,Pune,13,6,1,20.2,28,3388.48,2058.38,25,765,1485,0,0,0,0.0,0,
TXN09-02213,9,2026-06-21 13:48:32,685.1,Cloud Services,90027,UPI,DEV-09-2,Web,Pune,13,6,1,8.97,29,3385.7,2061.12,25,482,1486,0,0,0,0.0,0,
TXN09-02214,9,2026-06-21 13:57:45,1470.29,Cloud Services,90010,Card,DEV-09-1,iPhone,Pune,13,6,1,9.22,30,3379.0,2062.94,69,766,1487,0,0,0,0.0,0,
TXN09-02215,9,2026-06-21 14:15:53,5957.41,Software,90007,UPI,DEV-09-3,iPhone,Pune,14,6,1,18.13,31,3374.27,2062.57,120,342,1488,0,0,0,0.0,0,
TXN09-02216,9,2026-06-21 14:19:38,3346.04,Software,90007,Card,DEV-09-4,iPhone,Pune,14,6,1,3.75,32,3380.65,2064.0,121,223,1489,0,0,0,0.0,0,
TXN09-02217,9,2026-06-21 15:03:35,7928.23,Software,90007,UPI,DEV-09-2,Web,Goa,15,6,1,43.95,33,3384.79,2065.2,122,483,416,0,0,0,359.3,0,
TXN09-02218,9,2026-06-21 15:26:49,3200.05,Software,90016,UPI,DEV-09-4,iPhone,Pune,15,6,1,23.23,34,3391.62,2075.63,39,224,1490,0,0,0,359.3,0,
TXN09-02219,9,2026-06-21 15:30:24,3516.74,Software,90068,Card,DEV-09-15,Web,Goa,15,6,1,3.58,35,3391.14,2073.09,1,5,417,0,0,1,359.3,0,
TXN09-02220,9,2026-06-21 15:36:27,2473.03,Restaurants,90009,UPI,DEV-09-4,iPhone,Pune,15,6,1,6.05,36,3388.63,2072.32,46,225,1491,0,0,0,359.3,0,
TXN09-02221,9,2026-06-21 15:50:22,1146.97,Software,90006,UPI,DEV-09-3,iPhone,Pune,15,6,1,13.92,37,3386.37,2070.26,205,343,1492,0,0,0,0.0,0,
TXN09-02222,9,2026-06-21 16:13:58,3576.25,Cloud Services,90058,UPI,DEV-09-4,iPhone,Pune,16,6,1,23.6,38,3394.98,2073.66,5,226,1493,0,0,0,0.0,0,
TXN09-02223,9,2026-06-21 16:41:01,4269.66,Restaurants,90012,UPI,DEV-09-1,iPhone,Bangalore,16,6,1,27.05,39,3389.95,2070.76,37,767,262,0,0,0,735.23,0,
TXN09-02224,9,2026-06-21 16:48:20,7137.6,Cloud Services,90002,Card,DEV-09-5,Android,Pune,16,6,1,7.32,40,3392.14,2068.66,195,146,1494,0,0,0,735.23,0,
TXN09-02225,9,2026-06-21 17:13:12,6481.56,Coffee,90004,Card,DEV-09-1,iPhone,Bangalore,17,6,1,24.87,41,3401.41,2074.46,190,768,263,0,0,0,735.23,0,
TXN09-02226,9,2026-06-21 17:13:18,7549.46,Software,90007,Card,DEV-09-20,iPhone,Pune,17,6,1,0.1,42,3409.01,2077.53,123,1,1495,1,0,0,735.23,0,
TXN09-02227,9,2026-06-21 17:21:20,5217.56,Cloud Services,90002,UPI,DEV-09-2,Web,Pune,17,6,1,8.03,43,3419.21,2085.09,196,484,1496,0,0,0,0.0,0,
TXN09-02228,9,2026-06-21 17:33:23,7025.53,Cloud Services,90002,UPI,DEV-09-2,Web,Pune,17,6,1,12.05,44,3423.63,2084.43,197,485,1497,0,0,0,0.0,0,
TXN09-02229,9,2026-06-21 17:37:33,2673.79,Restaurants,90008,UPI,DEV-09-2,Web,Pune,17,6,1,4.17,45,3439.55,2087.14,53,486,1498,0,0,0,0.0,0,
TXN09-02230,9,2026-06-21 17:37:46,1969.5,Coffee,90021,Card,DEV-09-2,Web,Pune,17,6,1,0.22,46,3437.67,2084.92,42,487,1499,0,0,0,0.0,0,
TXN09-02231,9,2026-06-21 17:41:00,811.06,Coffee,90020,UPI,DEV-09-3,iPhone,Pune,17,6,1,3.23,47,3434.08,2083.63,65,344,1500,0,0,0,0.0,0,
TXN09-02232,9,2026-06-21 18:02:39,3163.09,Software,90007,UPI,DEV-09-2,Web,Bangalore,18,6,1,21.65,48,3433.43,2087.28,124,488,264,0,0,0,735.23,0,
TXN09-02233,9,2026-06-21 18:09:37,3382.86,Cloud Services,90059,UPI,DEV-09-3,iPhone,Pune,18,6,1,6.97,49,3432.77,2084.77,5,345,1501,0,0,0,735.23,0,
TXN09-02234,9,2026-06-21 18:15:29,7527.55,Software,90007,Card,DEV-09-2,Web,Goa,18,6,1,5.87,50,3438.21,2081.73,125,489,418,0,0,0,359.3,0,
TXN09-02235,9,2026-06-21 19:05:28,3040.75,Coffee,90023,Card,DEV-09-2,Web,Pune,19,6,1,49.98,51,3444.03,2084.99,33,490,1502,0,0,0,359.3,0,
TXN09-02236,9,2026-06-21 19:09:35,2092.29,Coffee,90020,Card,DEV-09-1,iPhone,Pune,19,6,1,4.12,52,3432.38,2073.96,66,769,1503,0,0,0,0.0,0,
TXN09-02237,9,2026-06-21 19:13:00,7715.49,Restaurants,90013,UPI,DEV-09-3,iPhone,Bangalore,19,6,1,3.42,53,3429.09,2072.48,36,346,265,0,0,0,735.23,0,
TXN09-02238,9,2026-06-21 19:14:45,5634.88,Restaurants,90069,UPI,DEV-09-2,Web,Goa,19,6,1,1.75,54,3439.59,2080.76,1,491,419,0,0,1,454.99,0,
TXN09-02239,9,2026-06-21 19:19:25,3243.42,Cloud Services,90060,Card,DEV-09-1,iPhone,Pune,19,6,1,4.67,55,3444.96,2081.04,3,770,1504,0,0,0,359.3,0,
TXN09-02240,9,2026-06-21 19:29:43,1604.9,Restaurants,90070,Card,DEV-09-3,iPhone,Pune,19,6,1,10.3,56,3450.36,2077.64,1,347,1505,0,0,1,0.0,0,
TXN09-02241,9,2026-06-21 19:54:26,7441.52,Coffee,90032,Card,DEV-09-1,iPhone,Pune,19,6,1,24.72,57,3443.37,2081.87,18,771,1506,0,0,0,0.0,0,
TXN09-02242,9,2026-06-21 20:19:38,2753.3,Restaurants,90001,UPI,DEV-09-12,iPhone,Bangalore,20,6,1,25.2,58,3453.15,2088.68,226,7,266,0,0,0,735.23,0,
TXN09-02243,9,2026-06-21 20:25:15,1209.04,Software,90050,UPI,DEV-09-1,iPhone,Pune,20,6,1,5.62,59,3451.44,2086.42,5,772,1507,0,0,0,735.23,0,
TXN09-02244,9,2026-06-21 20:26:50,1989.96,Software,90068,Card,DEV-09-5,Android,Pune,20,6,1,1.58,60,3445.99,2086.8,2,147,1508,0,0,0,0.0,0,
TXN09-02245,9,2026-06-21 20:37:10,4588.7,Coffee,90004,UPI,DEV-09-1,iPhone,Pune,20,6,1,10.33,61,3437.85,2085.95,191,773,1509,0,0,0,0.0,0,
TXN09-02246,9,2026-06-21 20:53:14,2201.09,Cloud Services,90015,Card,DEV-09-3,iPhone,Pune,20,6,1,16.07,62,3441.85,2086.57,26,348,1510,0,0,0,0.0,0,
TXN09-02247,9,2026-06-21 21:08:32,4086.54,Coffee,90004,Card,DEV-09-1,iPhone,Pune,21,6,1,15.3,63,3443.86,2088.61,192,774,1511,0,0,0,0.0,0,
TXN09-02248,9,2026-06-21 21:26:29,3375.82,Software,90006,Card,DEV-09-17,Web,Bangalore,21,6,1,17.95,64,3437.29,2078.89,206,2,267,0,0,0,735.23,0,
TXN09-02249,9,2026-06-21 21:37:49,1814.5,Restaurants,90001,Card,DEV-09-6,Web,Bangalore,21,6,1,11.33,65,3448.02,2079.01,227,76,268,0,0,0,0.0,0,
TXN09-02250,9,2026-06-21 21:42:35,2923.95,Software,90014,Card,DEV-09-4,iPhone,Bangalore,21,6,1,4.77,66,3437.85,2076.86,65,227,269,0,0,0,0.0,0,
TXN09-02251,9,2026-06-21 21:44:13,856.16,Cloud Services,90002,Card,DEV-09-11,iPhone,Pune,21,6,1,1.63,67,3440.75,2075.32,198,9,1512,0,0,0,735.23,0,
TXN09-02252,9,2026-06-21 21:52:05,1127.31,Coffee,90052,UPI,DEV-09-11,iPhone,Goa,21,6,1,7.87,68,3434.42,2076.71,8,10,420,0,0,0,359.3,0,
TXN09-02253,9,2026-06-21 22:28:00,4267.19,Cloud Services,90071,UPI,DEV-09-8,Web,Pune,22,6,1,35.92,69,3435.74,2084.0,1,31,1513,0,0,1,359.3,0,
TXN09-02254,9,2026-06-21 22:44:14,1772.84,Cloud Services,90002,Card,DEV-09-2,Web,Pune,22,6,1,16.23,70,3434.97,2083.63,199,492,1514,0,0,0,0.0,0,
TXN09-02255,9,2026-06-21 23:19:31,2227.27,Restaurants,90005,UPI,DEV-09-1,iPhone,Pune,23,6,1,35.28,71,3430.87,2082.69,81,775,1515,0,0,0,0.0,0,
TXN09-02256,9,2026-06-21 23:23:52,8000.0,Software,90007,Card,DEV-09-2,Web,Pune,23,6,1,4.35,72,3429.9,2083.16,126,493,1516,0,0,0,0.0,0,
TXN09-02257,9,2026-06-22 03:55:38,3693.73,Restaurants,90001,UPI,DEV-09-1,iPhone,Goa,3,0,0,271.77,1,3450.62,2092.59,228,776,421,0,0,0,359.3,1,ato_short_gap_odd_hour
TXN09-02258,9,2026-06-22 08:16:51,1170.27,Cloud Services,90034,UPI,DEV-09-1,iPhone,Pune,8,0,0,261.22,2,3450.04,2094.98,23,777,1517,0,0,0,359.3,0,
TXN09-02259,9,2026-06-22 08:17:13,2541.72,Coffee,90033,Card,DEV-09-2,Web,Pune,8,0,0,0.37,3,3444.4,2095.45,12,494,1518,0,0,0,0.0,0,
TXN09-02260,9,2026-06-22 08:21:40,1484.92,Coffee,90019,Card,DEV-09-1,iPhone,Pune,8,0,0,4.45,4,3437.0,2093.35,78,778,1519,0,0,0,0.0,0,
TXN09-02261,9,2026-06-22 08:36:55,6318.46,Restaurants,90001,Card,DEV-09-2,Web,Pune,8,0,0,15.25,5,3432.18,2093.01,229,495,1520,0,0,0,0.0,0,
TXN09-02262,9,2026-06-22 08:58:31,1810.76,Restaurants,90012,UPI,DEV-09-5,Android,Pune,8,0,0,21.6,6,3449.36,2095.56,38,148,1521,0,0,0,0.0,0,
TXN09-02263,9,2026-06-22 09:18:02,15776.76,International Transfer,90001,UPI,DEV-09-1,iPhone,New York,9,0,0,19.52,7,3437.23,2095.83,230,779,3,0,0,0,12639.18,1,intl_transfer
TXN09-02264,9,2026-06-22 09:24:40,533.96,Software,90006,Card,DEV-09-11,iPhone,Goa,9,0,0,6.63,8,3467.77,2181.19,207,11,422,0,0,0,12972.74,0,
TXN09-02265,9,2026-06-22 09:46:11,2596.36,Cloud Services,90072,Card,DEV-09-4,iPhone,Pune,9,0,0,21.52,9,3460.53,2183.35,1,228,1522,0,0,1,359.3,0,
TXN09-02266,9,2026-06-22 09:59:42,1215.04,Software,90006,Card,DEV-09-5,Android,Goa,9,0,0,13.52,10,3460.96,2186.17,208,149,423,0,0,0,359.3,0,
TXN09-02267,9,2026-06-22 10:02:03,3499.79,Coffee,90073,UPI,DEV-09-4,iPhone,Bangalore,10,0,0,2.35,11,3455.42,2186.31,1,229,270,0,0,1,454.99,0,
TXN09-02268,9,2026-06-22 10:38:17,2862.14,Cloud Services,90030,UPI,DEV-09-2,Web,Pune,10,0,0,36.23,12,3455.18,2180.72,15,496,1523,0,0,0,735.23,0,
TXN09-02269,9,2026-06-22 10:40:27,2924.42,Coffee,90020,Card,DEV-09-5,Android,Pune,10,0,0,2.17,13,3464.08,2178.61,67,150,1524,0,0,0,0.0,0,
TXN09-02270,9,2026-06-22 10:46:01,3783.77,Coffee,90057,UPI,DEV-09-2,Web,Goa,10,0,0,5.57,14,3462.75,2176.08,6,497,424,0,0,0,359.3,0,
TXN09-02271,9,2026-06-22 10:53:15,2579.04,Restaurants,90001,Card,DEV-09-2,Web,Pune,10,0,0,7.23,15,3459.82,2174.85,231,498,1525,0,0,0,359.3,0,
TXN09-02272,9,2026-06-22 10:59:46,4580.45,Coffee,90019,UPI,DEV-09-3,iPhone,Goa,10,0,0,6.52,16,3457.64,2172.6,79,349,425,0,0,0,359.3,0,
TXN09-02273,9,2026-06-22 11:03:21,1458.92,Cloud Services,90010,UPI,DEV-09-2,Web,Goa,11,0,0,3.58,17,3460.41,2170.64,70,499,426,0,0,0,0.0,0,
TXN09-02274,9,2026-06-22 11:03:41,1611.58,Cloud Services,90002,UPI,DEV-09-3,iPhone,Pune,11,0,0,0.33,18,3455.49,2170.23,200,350,1526,0,0,0,359.3,0,
TXN09-02275,9,2026-06-22 11:47:22,1437.24,Cloud Services,90054,Card,DEV-09-1,iPhone,Pune,11,0,0,43.68,19,3452.71,2150.91,6,780,1527,0,0,0,0.0,0,
TXN09-02276,9,2026-06-22 12:00:20,722.07,Coffee,90004,UPI,DEV-09-3,iPhone,Pune,12,0,0,12.97,20,3447.1,2155.37,193,351,1528,0,0,0,0.0,0,
TXN09-02277,9,2026-06-22 12:40:12,1130.01,Restaurants,90061,Card,DEV-09-1,iPhone,Pune,12,0,0,39.87,21,3459.7,2158.69,5,781,1529,0,0,0,0.0,0,
TXN09-02278,9,2026-06-22 12:44:41,7041.16,Restaurants,90036,Card,DEV-09-4,iPhone,Pune,12,0,0,4.48,22,3453.83,2159.13,8,230,1530,0,0,0,0.0,0,
TXN09-02279,9,2026-06-22 13:02:19,642.43,Coffee,90042,Card,DEV-09-4,iPhone,Bangalore,13,0,0,17.63,23,3470.49,2161.23,11,231,271,0,0,0,735.23,0,
TXN09-02280,9,2026-06-22 13:24:01,5227.23,Cloud Services,90011,UPI,DEV-09-5,Android,Bangalore,13,0,0,21.7,24,3463.38,2163.15,47,151,272,0,0,0,0.0,0,
TXN09-02281,9,2026-06-22 13:30:18,3902.8,Coffee,90074,Card,DEV-09-2,Web,Pune,13,0,0,6.28,25,3467.81,2162.24,1,500,1531,0,0,1,735.23,0,
TXN09-02282,9,2026-06-22 13:30:20,2405.76,Cloud Services,90071,UPI,DEV-09-7,Android,Pune,13,0,0,0.03,26,3468.89,2159.64,2,62,1532,0,0,0,0.0,0,
TXN09-02283,9,2026-06-22 13:42:55,2254.86,Software,90016,Card,DEV-09-1,iPhone,Goa,13,0,0,12.58,27,3466.24,2157.6,40,782,427,0,0,0,359.3,1,ato_higher_amount
TXN09-02284,9,2026-06-22 13:51:30,5615.26,Coffee,90004,Card,DEV-09-6,Web,Goa,13,0,0,8.58,28,3467.55,2156.71,194,77,428,0,0,0,0.0,0,
TXN09-02285,9,2026-06-22 14:07:01,8000.0,Cloud Services,90002,UPI,DEV-09-2,Web,Pune,14,0,0,15.52,29,3473.59,2159.32,201,501,1533,0,0,0,359.3,0,
TXN09-02286,9,2026-06-22 14:23:56,3927.18,Cloud Services,90030,Card,DEV-09-1,iPhone,Pune,14,0,0,16.92,30,3489.55,2169.04,16,783,1534,0,0,0,0.0,0,
TXN09-02287,9,2026-06-22 14:48:44,2175.61,Cloud Services,90003,UPI,DEV-09-1,iPhone,Pune,14,0,0,24.8,31,3490.55,2169.15,79,784,1535,0,0,0,0.0,0,
TXN09-02288,9,2026-06-22 14:54:41,6510.49,Restaurants,90012,Card,DEV-09-1,iPhone,Goa,14,0,0,5.95,32,3487.28,2167.44,39,785,429,0,0,0,359.3,0,
TXN09-02289,9,2026-06-22 15:11:52,2437.49,Cloud Services,90054,UPI,DEV-09-1,iPhone,Pune,15,0,0,17.18,33,3500.55,2171.85,7,786,1536,0,0,0,359.3,0,
TXN09-02290,9,2026-06-22 15:34:43,1542.98,Coffee,90019,Card,DEV-09-9,iPhone,Goa,15,0,0,22.85,34,3505.75,2175.26,80,24,430,0,0,0,359.3,0,
TXN09-02291,9,2026-06-22 15:41:37,4626.87,Cloud Services,90043,UPI,DEV-09-1,iPhone,Goa,15,0,0,6.9,35,3499.62,2177.33,9,787,431,0,0,0,0.0,0,
TXN09-02292,9,2026-06-22 15:47:52,2813.19,Cloud Services,90062,Card,DEV-09-2,Web,Pune,15,0,0,6.25,36,3502.44,2175.34,2,502,1537,0,0,0,359.3,0,
TXN09-02293,9,2026-06-22 16:02:41,6126.86,Cloud Services,90002,UPI,DEV-09-1,iPhone,Pune,16,0,0,14.82,37,3509.14,2175.06,202,788,1538,0,0,0,0.0,0,
TXN09-02294,9,2026-06-22 16:11:33,2595.13,Coffee,90004,UPI,DEV-09-2,Web,Pune,16,0,0,8.87,38,3513.25,2178.45,195,503,1539,0,0,0,0.0,0,
TXN09-02295,9,2026-06-22 16:13:04,6772.95,Coffee,90044,UPI,DEV-09-4,iPhone,Pune,16,0,0,1.52,39,3510.95,2176.2,6,232,1540,0,0,0,0.0,0,
TXN09-02296,9,2026-06-22 16:16:46,4700.27,Cloud Services,90056,Card,DEV-09-2,Web,Goa,16,0,0,3.7,40,3519.09,2179.57,3,504,432,0,0,0,359.3,0,
TXN09-02297,9,2026-06-22 16:20:29,1138.68,Software,90006,Card,DEV-09-1,iPhone,Pune,16,0,0,3.72,41,3522.02,2177.65,209,789,1541,0,0,0,359.3,0,
TXN09-02298,9,2026-06-22 16:41:02,401.78,Restaurants,90013,Card,DEV-09-4,iPhone,Pune,16,0,0,20.55,42,3516.11,2178.18,37,233,1542,0,0,0,0.0,0,
TXN09-02299,9,2026-06-22 17:14:46,4615.69,Software,90014,UPI,DEV-09-1,iPhone,Pune,17,0,0,33.73,43,3501.93,2179.8,66,790,1543,0,0,0,0.0,0,
TXN09-02300,9,2026-06-22 17:21:35,1654.4,Coffee,90033,UPI,DEV-09-1,iPhone,Goa,17,0,0,6.82,44,3503.07,2180.26,13,791,433,0,0,0,359.3,0,
TXN09-02301,9,2026-06-22 17:33:33,6088.5,Cloud Services,90030,Card,DEV-09-3,iPhone,Pune,17,0,0,11.97,45,3500.48,2181.84,17,352,1544,0,0,0,359.3,0,
TXN09-02302,9,2026-06-22 17:52:28,1791.38,Cloud Services,90072,UPI,DEV-09-3,iPhone,Goa,17,0,0,18.92,46,3515.09,2184.19,2,353,434,0,0,0,359.3,0,
TXN09-02303,9,2026-06-22 17:53:38,8000.0,Software,90006,UPI,DEV-09-2,Web,Pune,17,0,0,1.17,47,3510.81,2183.17,210,505,1545,0,0,0,359.3,0,
TXN09-02304,9,2026-06-22 18:25:46,6256.8,Cloud Services,90043,Card,DEV-09-4,iPhone,Pune,18,0,0,32.13,48,3523.02,2195.45,10,234,1546,0,0,0,0.0,0,
TXN09-02305,9,2026-06-22 18:33:31,4168.53,Cloud Services,90003,Card,DEV-09-1,iPhone,Bangalore,18,0,0,7.75,49,3529.8,2196.93,80,792,273,0,0,0,735.23,0,
TXN09-02306,9,2026-06-22 18:35:56,4429.99,Coffee,90019,Card,DEV-09-1,iPhone,Pune,18,0,0,2.42,50,3531.38,2194.44,81,793,1547,0,0,0,735.23,0,
TXN09-02307,9,2026-06-22 18:42:07,2648.2,Restaurants,90036,Card,DEV-09-1,iPhone,Bangalore,18,0,0,6.18,51,3533.6,2192.19,9,794,274,0,0,0,735.23,0,
TXN09-02308,9,2026-06-22 18:43:51,4225.16,Coffee,90035,Card,DEV-09-4,iPhone,Pune,18,0,0,1.73,52,3531.42,2189.92,12,235,1548,0,0,0,735.23,0,
TXN09-02309,9,2026-06-22 19:37:51,3671.75,Cloud Services,90002,UPI,DEV-09-1,iPhone,Pune,19,0,0,54.0,53,3535.97,2193.19,203,795,1549,0,0,0,0.0,0,
TXN09-02310,9,2026-06-22 19:51:52,3240.7,Software,90006,Card,DEV-09-2,Web,Pune,19,0,0,14.02,54,3536.31,2190.48,211,506,1550,0,0,0,0.0,0,
TXN09-02311,9,2026-06-22 20:25:06,1045.04,Restaurants,90005,Card,DEV-09-4,iPhone,Pune,20,0,0,33.23,55,3525.19,2168.79,82,236,1551,0,0,0,0.0,0,
TXN09-02312,9,2026-06-22 20:31:38,2264.13,Software,90007,Card,DEV-09-3,iPhone,Pune,20,0,0,6.53,56,3519.0,2169.62,127,354,1552,0,0,0,0.0,0,
TXN09-02313,9,2026-06-22 20:39:04,1346.34,Cloud Services,90060,Card,DEV-09-4,iPhone,Pune,20,0,0,7.43,57,3515.88,2167.82,4,237,1553,0,0,0,0.0,0,
TXN09-02314,9,2026-06-22 20:49:56,2759.75,Restaurants,90028,Card,DEV-09-1,iPhone,Goa,20,0,0,10.87,58,3510.5,2167.82,14,796,435,0,0,0,359.3,0,
TXN09-02315,9,2026-06-22 20:55:50,3392.02,Restaurants,90001,UPI,DEV-09-1,iPhone,Bangalore,20,0,0,5.9,59,3510.76,2167.72,232,797,275,0,0,0,454.99,0,
TXN09-02316,9,2026-06-22 20:56:30,8000.0,Coffee,90025,Card,DEV-09-3,iPhone,Bangalore,20,0,0,0.67,60,3510.47,2165.04,13,355,276,0,0,0,0.0,0,
TXN09-02317,9,2026-06-22 21:10:35,2211.65,Restaurants,90005,UPI,DEV-09-1,iPhone,Pune,21,0,0,14.08,61,3521.55,2173.82,83,798,1554,0,0,0,735.23,0,
TXN09-02318,9,2026-06-22 21:15:27,2955.2,Restaurants,90008,Card,DEV-09-2,Web,Pune,21,0,0,4.87,62,3518.33,2172.11,54,507,1555,0,0,0,0.0,0,
TXN09-02319,9,2026-06-22 21:25:59,1435.18,Coffee,90039,Card,DEV-09-7,Android,Pune,21,0,0,10.53,63,3523.86,2172.68,9,63,1556,0,0,0,0.0,0,
TXN09-02320,9,2026-06-22 21:26:23,4793.0,Software,90006,Card,DEV-09-4,iPhone,Pune,21,0,0,0.4,64,3518.72,2172.47,212,238,1557,0,0,0,0.0,0,
TXN09-02321,9,2026-06-22 21:31:55,1295.35,Coffee,90033,Card,DEV-09-10,iPhone,Pune,21,0,0,5.53,65,3521.85,2170.72,14,12,1558,0,0,0,0.0,0,
TXN09-02322,9,2026-06-22 21:37:38,4197.77,Cloud Services,90003,Card,DEV-09-1,iPhone,Pune,21,0,0,5.72,66,3522.0,2170.57,81,799,1559,0,0,0,0.0,0,
TXN09-02323,9,2026-06-22 21:41:32,4926.64,Restaurants,90001,UPI,DEV-09-2,Web,Pune,21,0,0,3.9,67,3523.65,2168.16,233,508,1560,0,0,0,0.0,0,
TXN09-02324,9,2026-06-22 22:01:19,7096.84,Restaurants,90012,Card,DEV-09-4,iPhone,Pune,22,0,0,19.78,68,3527.08,2166.62,40,239,1561,0,0,0,0.0,0,
TXN09-02325,9,2026-06-22 22:09:30,2910.32,Restaurants,90001,Card,DEV-09-4,iPhone,Pune,22,0,0,8.18,69,3535.79,2171.13,234,240,1562,0,0,0,0.0,0,
TXN09-02326,9,2026-06-22 22:11:31,3196.81,Software,90007,Card,DEV-09-5,Android,Goa,22,0,0,2.02,70,3534.27,2168.7,128,152,436,0,0,0,359.3,0,
TXN09-02327,9,2026-06-22 22:17:11,2857.59,Coffee,90004,Card,DEV-09-10,iPhone,Pune,22,0,0,5.67,71,3533.45,2166.13,196,13,1563,0,0,0,359.3,0,
TXN09-02328,9,2026-06-22 22:18:26,5766.52,Cloud Services,90002,Card,DEV-09-2,Web,Pune,22,0,0,1.25,72,3531.81,2163.76,204,509,1564,0,0,0,0.0,0,
TXN09-02329,9,2026-06-22 22:19:46,7734.42,Software,90006,UPI,DEV-09-1,iPhone,Goa,22,0,0,1.33,73,3537.21,2163.93,213,800,437,0,0,0,359.3,0,
TXN09-02330,9,2026-06-22 22:27:24,8000.0,Restaurants,90026,Card,DEV-09-3,iPhone,Bangalore,22,0,0,7.63,74,3553.76,2169.76,19,356,277,0,0,0,454.99,0,
TXN09-02331,9,2026-06-22 22:44:09,3899.44,Restaurants,90008,Card,DEV-09-1,iPhone,Bangalore,22,0,0,16.75,75,3573.7,2183.3,55,801,278,0,0,0,0.0,0,
TXN09-02332,9,2026-06-22 22:44:35,5460.11,Software,90047,Card,DEV-09-2,Web,Bangalore,22,0,0,0.43,76,3574.49,2180.71,10,510,279,0,0,0,0.0,0,
TXN09-02333,9,2026-06-22 22:58:41,1420.52,Restaurants,90026,UPI,DEV-09-2,Web,Pune,22,0,0,14.1,77,3578.48,2176.01,20,511,1565,0,0,0,735.23,0,
TXN09-02334,9,2026-06-22 23:10:55,1700.04,Software,90068,Card,DEV-09-1,iPhone,Goa,23,0,0,12.23,78,3573.26,2175.96,3,802,438,0,0,0,359.3,0,
TXN09-02335,9,2026-06-22 23:47:53,942.56,Coffee,90172,UPI,DEV-09-2,Web,Goa,23,0,0,36.97,79,3559.56,2170.9,1,512,439,0,0,1,0.0,1,ato_new_merchant_same_category
TXN09-02336,9,2026-06-22 23:48:20,2439.04,Restaurants,90009,Card,DEV-09-3,iPhone,Pune,23,0,0,0.45,80,3553.22,2172.08,47,357,1566,0,0,0,359.3,0,
TXN09-02337,9,2026-06-22 23:49:43,3526.94,Coffee,90004,UPI,DEV-09-10,iPhone,Goa,23,0,0,1.38,81,3550.53,2170.14,197,14,440,0,0,0,359.3,0,
TXN09-02338,9,2026-06-22 23:53:06,3362.26,Software,90048,Card,DEV-09-5,Android,Pune,23,0,0,3.38,82,3550.48,2167.53,8,153,1567,0,0,0,359.3,0,
TXN09-02339,9,2026-06-23 08:12:14,1313.69,Software,90018,UPI,DEV-09-3,iPhone,Goa,8,1,0,499.13,1,3552.27,2168.38,46,358,441,0,0,0,359.3,0,
TXN09-02340,9,2026-06-23 08:36:55,2851.8,Software,90006,UPI,DEV-09-6,Web,Pune,8,1,0,24.68,2,3541.6,2160.15,214,78,1568,0,0,0,359.3,0,
TXN09-02341,9,2026-06-23 08:39:20,1575.71,Coffee,90044,UPI,DEV-09-3,iPhone,Pune,8,1,0,2.42,3,3539.93,2157.81,7,359,1569,0,0,0,0.0,0,
TXN09-02342,9,2026-06-23 08:43:58,1948.42,Coffee,90032,UPI,DEV-09-4,iPhone,Pune,8,1,0,4.63,4,3535.2,2157.36,19,241,1570,0,0,0,0.0,0,
TXN09-02343,9,2026-06-23 11:48:21,6863.08,Restaurants,90005,Card,DEV-09-3,iPhone,Pune,11,1,0,184.38,5,3527.66,2150.27,84,360,1571,0,0,0,0.0,0,
TXN09-02344,9,2026-06-23 13:18:41,3018.03,Coffee,90042,UPI,DEV-09-5,Android,Pune,13,1,0,90.33,6,3533.21,2161.41,12,154,1572,0,0,0,0.0,0,
TXN09-02345,9,2026-06-23 13:37:41,4491.8,Coffee,90019,UPI,DEV-09-1,iPhone,Bangalore,13,1,0,19.0,7,3520.97,2150.37,82,803,280,0,0,0,735.23,0,
TXN09-02346,9,2026-06-23 13:53:12,1816.83,Restaurants,90001,Card,DEV-09-1,iPhone,Pune,13,1,0,15.52,8,3533.44,2147.98,235,804,1573,0,0,0,735.23,0,
TXN09-02347,9,2026-06-23 15:18:49,1283.0,Coffee,90033,Card,DEV-09-2,Web,Pune,15,1,0,85.62,9,3554.68,2137.47,15,513,1574,0,0,0,0.0,0,
TXN09-02348,9,2026-06-23 15:51:38,4740.5,Software,90006,Card,DEV-09-1,iPhone,Pune,15,1,0,32.82,10,3545.4,2134.97,215,805,1575,0,0,0,0.0,0,
TXN09-02349,9,2026-06-23 16:35:08,6125.18,Cloud Services,90002,UPI,DEV-09-2,Web,Pune,16,1,0,43.5,11,3554.65,2134.98,205,514,1576,0,0,0,0.0,0,
TXN09-02350,9,2026-06-23 16:45:09,650.39,Restaurants,90026,Card,DEV-09-1,iPhone,Pune,16,1,0,10.02,12,3561.24,2136.2,21,806,1577,0,0,0,0.0,0,
TXN09-02351,9,2026-06-23 16:54:49,6185.12,Restaurants,90069,Card,DEV-09-2,Web,Pune,16,1,0,9.67,13,3553.79,2138.53,2,515,1578,0,0,0,0.0,0,
TXN09-02352,9,2026-06-23 18:09:23,2772.52,Restaurants,90005,Card,DEV-09-4,iPhone,Kochi,18,1,0,74.57,14,3556.79,2146.83,85,242,5,0,0,0,989.71,0,
TXN09-02353,9,2026-06-23 18:35:59,3003.78,Coffee,90004,UPI,DEV-09-1,iPhone,Pune,18,1,0,26.6,15,3554.76,2144.43,198,807,1579,0,0,0,989.71,0,
TXN09-02354,9,2026-06-23 18:48:02,1409.82,Cloud Services,90003,UPI,DEV-09-4,iPhone,Pune,18,1,0,12.05,16,3553.35,2141.85,82,243,1580,0,0,0,0.0,0,
TXN09-02355,9,2026-06-23 19:34:36,1089.3,Software,90006,Card,DEV-09-5,Android,Bangalore,19,1,0,46.57,17,3544.06,2148.64,216,155,281,0,0,0,735.23,0,
TXN09-02356,9,2026-06-23 19:44:41,894.79,Software,90016,UPI,DEV-09-1,iPhone,Pune,19,1,0,10.08,18,3543.09,2150.19,41,808,1581,0,0,0,735.23,0,
TXN09-02357,9,2026-06-23 20:08:10,1928.08,Coffee,90020,UPI,DEV-09-9,iPhone,Pune,20,1,0,23.48,19,3539.99,2153.14,68,25,1582,0,0,0,0.0,0,
TXN09-02358,9,2026-06-23 20:38:35,6332.78,Software,90006,UPI,DEV-09-4,iPhone,Pune,20,1,0,30.42,20,3528.26,2149.56,217,244,1583,0,0,0,0.0,0,
TXN09-02359,9,2026-06-23 21:06:01,2787.49,Software,90049,UPI,DEV-09-3,iPhone,Pune,21,1,0,27.43,21,3534.19,2154.12,5,361,1584,0,0,0,0.0,0,
TXN09-02360,9,2026-06-23 22:39:51,3258.38,Restaurants,90001,Card,DEV-09-3,iPhone,Goa,22,1,0,93.83,22,3525.77,2160.37,236,362,442,0,0,0,359.3,0,
TXN09-02361,9,2026-06-23 22:47:58,766.54,Restaurants,90026,UPI,DEV-09-1,iPhone,Pune,22,1,0,8.12,23,3521.46,2159.28,22,809,1585,0,0,0,359.3,0,
TXN09-02362,9,2026-06-23 23:20:07,2809.0,Cloud Services,90002,UPI,DEV-09-1,iPhone,Pune,23,1,0,32.15,24,3514.16,2161.07,206,810,1586,0,0,0,0.0,0,
TXN09-02363,9,2026-06-23 23:36:13,1322.56,Restaurants,90001,UPI,DEV-09-2,Web,Goa,23,1,0,16.1,25,3509.95,2160.89,237,516,443,0,0,0,359.3,0,
TXN09-02364,9,2026-06-24 08:10:48,3847.49,Coffee,90022,UPI,DEV-09-5,Android,Pune,8,2,0,514.58,1,3502.69,2168.32,35,156,1587,0,0,0,359.3,0,
TXN09-02365,9,2026-06-24 08:41:25,5668.08,Coffee,90025,UPI,DEV-09-1,iPhone,Pune,8,2,0,30.62,2,3509.36,2165.55,14,811,1588,0,0,0,0.0,0,
TXN09-02366,9,2026-06-24 08:45:03,6429.75,Coffee,90057,UPI,DEV-09-2,Web,Pune,8,2,0,3.63,3,3515.13,2165.52,7,517,1589,0,0,0,0.0,0,
TXN09-02367,9,2026-06-24 09:28:48,2855.38,Cloud Services,90056,UPI,DEV-09-1,iPhone,Bangalore,9,2,0,43.75,4,3530.84,2165.3,4,812,282,0,0,0,735.23,0,
TXN09-02368,9,2026-06-24 09:41:40,2730.23,Coffee,90044,UPI,DEV-09-3,iPhone,Goa,9,2,0,12.87,5,3529.04,2162.69,8,363,444,0,0,0,454.99,0,
TXN09-02369,9,2026-06-24 09:45:55,2483.31,Software,90014,Card,DEV-09-3,iPhone,Pune,9,2,0,4.25,6,3526.91,2160.2,67,364,1590,0,0,0,359.3,0,
TXN09-02370,9,2026-06-24 09:51:43,2370.95,Software,90016,UPI,DEV-09-2,Web,Pune,9,2,0,5.8,7,3524.15,2158.0,42,518,1591,0,0,0,0.0,0,
TXN09-02371,9,2026-06-24 09:55:45,3728.98,Coffee,90064,Card,DEV-09-4,iPhone,Pune,9,2,0,4.03,8,3509.22,2146.43,2,245,1592,0,0,0,0.0,0,
TXN09-02372,9,2026-06-24 10:30:25,2692.76,Coffee,90004,Card,DEV-09-3,iPhone,Goa,10,2,0,34.67,9,3509.8,2143.61,199,365,445,0,0,0,359.3,0,
TXN09-02373,9,2026-06-24 10:42:05,3327.39,Coffee,90004,UPI,DEV-09-6,Web,Pune,10,2,0,11.67,10,3507.64,2141.19,200,79,1593,0,0,0,359.3,0,
TXN09-02374,9,2026-06-24 11:18:31,8000.0,Software,90014,UPI,DEV-09-6,Web,Pune,11,2,0,36.43,11,3491.58,2131.29,68,80,1594,0,0,0,0.0,0,
TXN09-02375,9,2026-06-24 11:33:03,4375.39,Coffee,90019,Card,DEV-09-1,iPhone,Pune,11,2,0,14.53,12,3508.62,2141.49,83,813,1595,0,0,0,0.0,0,
TXN09-02376,9,2026-06-24 11:36:03,6560.51,Software,90007,UPI,DEV-09-1,iPhone,Pune,11,2,0,3.0,13,3510.91,2139.12,129,814,1596,0,0,0,0.0,0,
TXN09-02377,9,2026-06-24 11:47:50,1505.2,Cloud Services,90072,UPI,DEV-09-14,iPhone,Pune,11,2,0,11.78,14,3518.94,2142.01,3,5,1597,0,0,0,0.0,0,
TXN09-02378,9,2026-06-24 12:39:14,295.13,Restaurants,90063,UPI,DEV-09-2,Web,Goa,12,2,0,51.4,15,3511.45,2144.06,4,519,446,0,0,0,359.3,0,
TXN09-02379,9,2026-06-24 12:39:36,3553.66,Cloud Services,90003,UPI,DEV-09-3,iPhone,Pune,12,2,0,0.37,16,3503.0,2147.56,83,366,1598,0,0,0,359.3,0,
TXN09-02380,9,2026-06-24 12:46:39,943.32,Cloud Services,90173,Card,DEV-09-1,iPhone,Pune,12,2,0,7.05,17,3503.14,2144.75,1,815,1599,0,0,1,0.0,1,ato_new_merchant_same_category_higher_amount
TXN09-02381,9,2026-06-24 12:47:41,922.32,Cloud Services,90002,Card,DEV-09-3,iPhone,Bangalore,12,2,0,1.03,18,3496.45,2145.93,207,367,283,0,0,0,735.23,0,
TXN09-02382,9,2026-06-24 12:53:17,3980.55,Software,90040,Card,DEV-09-2,Web,Bangalore,12,2,0,5.6,19,3489.75,2147.15,11,520,284,0,0,0,0.0,0,
TXN09-02383,9,2026-06-24 13:00:40,6046.37,Cloud Services,90010,Card,DEV-09-1,iPhone,Pune,13,2,0,7.38,20,3491.02,2144.5,71,816,1600,0,0,0,735.23,0,
TXN09-02384,9,2026-06-24 13:32:40,4255.83,Coffee,90019,Card,DEV-09-1,iPhone,Pune,13,2,0,32.0,21,3497.76,2148.44,84,817,1601,0,0,0,0.0,0,
TXN09-02385,9,2026-06-24 14:10:30,2764.62,Software,90018,Card,DEV-09-10,iPhone,Pune,14,2,0,37.83,22,3504.89,2146.38,47,15,1602,0,0,0,0.0,0,
TXN09-02386,9,2026-06-24 14:13:52,670.58,Coffee,90023,UPI,DEV-09-5,Android,Pune,14,2,0,3.37,23,3502.98,2143.93,34,157,1603,0,0,0,0.0,0,
TXN09-02387,9,2026-06-24 14:21:26,7149.62,Software,90007,UPI,DEV-09-4,iPhone,Pune,14,2,0,7.57,24,3495.66,2145.98,130,246,1604,0,0,0,0.0,0,
TXN09-02388,9,2026-06-24 14:56:31,2489.56,Cloud Services,90054,UPI,DEV-09-2,Web,Pune,14,2,0,35.08,25,3505.07,2151.2,8,521,1605,0,0,0,0.0,0,
TXN09-02389,9,2026-06-24 15:18:23,2579.82,Restaurants,90005,Card,DEV-09-1,iPhone,Pune,15,2,0,21.87,26,3496.07,2148.12,86,818,1606,0,0,0,0.0,0,
TXN09-02390,9,2026-06-24 15:23:36,2086.48,Coffee,90004,UPI,DEV-09-1,iPhone,Pune,15,2,0,5.22,27,3493.72,2145.86,201,819,1607,0,0,0,0.0,0,
TXN09-02391,9,2026-06-24 15:58:00,3437.62,Software,90018,Card,DEV-09-1,iPhone,Pune,15,2,0,34.4,28,3488.31,2146.75,48,820,1608,0,0,0,0.0,0,
TXN09-02392,9,2026-06-24 16:02:17,4501.41,Cloud Services,90011,Card,DEV-09-4,iPhone,Pune,16,2,0,4.28,29,3488.18,2144.0,48,247,1609,0,0,0,0.0,0,
TXN09-02393,9,2026-06-24 16:03:09,8000.0,Coffee,90004,UPI,DEV-09-2,Web,Bangalore,16,2,0,0.87,30,3490.77,2141.87,202,522,285,0,0,0,735.23,0,
TXN09-02394,9,2026-06-24 16:03:54,2528.74,Coffee,90019,UPI,DEV-09-3,iPhone,Pune,16,2,0,0.75,31,3502.27,2151.19,85,368,1610,0,0,0,735.23,0,
TXN09-02395,9,2026-06-24 16:33:27,1046.02,Coffee,90019,Card,DEV-09-1,iPhone,Goa,16,2,0,29.55,32,3501.99,2151.31,86,821,447,0,0,0,359.3,0,
TXN09-02396,9,2026-06-24 16:40:37,2397.77,Software,90178,UPI,DEV-09-8,Web,Pune,16,2,0,7.17,33,3495.74,2152.13,1,32,1611,0,0,1,359.3,1,ato_new_merchant_same_category_higher_amount
TXN09-02397,9,2026-06-24 16:41:13,8000.0,Coffee,90020,Card,DEV-09-2,Web,Pune,16,2,0,0.6,34,3492.95,2150.11,69,523,1612,0,0,0,0.0,0,
TXN09-02398,9,2026-06-24 16:43:49,1174.72,Restaurants,90031,UPI,DEV-09-4,iPhone,Pune,16,2,0,2.6,35,3504.36,2159.3,16,248,1613,0,0,0,0.0,0,
TXN09-02399,9,2026-06-24 16:50:01,937.57,Restaurants,90005,Card,DEV-09-2,Web,Pune,16,2,0,6.2,36,3498.48,2159.74,87,524,1614,0,0,0,0.0,0,
TXN09-02400,9,2026-06-24 17:02:29,1486.23,Coffee,90021,UPI,DEV-09-1,iPhone,Pune,17,2,0,12.47,37,3492.03,2160.83,43,822,1615,0,0,0,0.0,0,
TXN09-02401,9,2026-06-24 17:21:31,3249.1,Cloud Services,90058,Card,DEV-09-1,iPhone,Surat,17,2,0,19.03,38,3486.99,2160.45,6,823,8,0,0,0,313.56,0,
TXN09-02402,9,2026-06-24 17:36:43,3920.14,Software,90016,Card,DEV-09-21,Web,Pune,17,2,0,15.2,39,3482.44,2159.04,43,1,1616,1,0,0,313.56,0,
TXN09-02403,9,2026-06-24 17:49:50,1974.67,Coffee,90004,UPI,DEV-09-3,iPhone,Pune,17,2,0,13.12,40,3486.11,2158.54,203,369,1617,0,0,0,0.0,0,
TXN09-02404,9,2026-06-24 17:50:23,4516.32,Software,90006,Card,DEV-09-12,iPhone,Pune,17,2,0,0.55,41,3482.33,2157.16,218,8,1618,0,0,0,0.0,0,
TXN09-02405,9,2026-06-24 18:01:08,1397.36,Cloud Services,90075,Card,DEV-09-6,Web,Pune,18,2,0,10.75,42,3484.91,2155.08,2,81,1619,0,0,0,0.0,0,
TXN09-02406,9,2026-06-24 18:12:50,960.17,Restaurants,90013,Card,DEV-09-2,Web,Pune,18,2,0,11.7,43,3479.71,2154.91,38,525,1620,0,0,0,0.0,0,
TXN09-02407,9,2026-06-24 18:33:53,5444.76,Software,90006,Card,DEV-09-3,iPhone,Pune,18,2,0,21.05,44,3485.23,2154.47,219,370,1621,0,0,0,0.0,0,
TXN09-02408,9,2026-06-24 18:42:22,2378.73,Coffee,90004,Card,DEV-09-1,iPhone,Goa,18,2,0,8.48,45,3485.39,2154.61,204,824,448,0,0,0,359.3,0,
TXN09-02409,9,2026-06-24 18:55:23,1395.32,Restaurants,90012,Card,DEV-09-2,Web,Goa,18,2,0,13.02,46,3482.63,2152.63,41,526,449,0,0,0,0.0,0,
TXN09-02410,9,2026-06-24 19:00:26,3441.44,Software,90006,Card,DEV-09-1,iPhone,Pune,19,2,0,5.05,47,3477.44,2152.46,220,825,1622,0,0,0,359.3,0,
TXN09-02411,9,2026-06-24 19:02:24,2007.95,Cloud Services,90010,Card,DEV-09-5,Android,Pune,19,2,0,1.97,48,3477.35,2149.79,72,158,1623,0,0,0,0.0,0,
TXN09-02412,9,2026-06-24 19:17:09,1918.29,Software,90006,UPI,DEV-09-6,Web,Goa,19,2,0,14.75,49,3473.71,2148.37,221,82,450,0,0,0,359.3,0,
TXN09-02413,9,2026-06-24 19:26:54,8000.0,Restaurants,90017,Card,DEV-09-3,iPhone,Pune,19,2,0,9.75,50,3469.87,2147.1,24,371,1624,0,0,0,359.3,0,
TXN09-02414,9,2026-06-24 19:42:32,977.36,Software,90049,Card,DEV-09-1,iPhone,Bangalore,19,2,0,15.63,51,3481.03,2156.18,6,826,286,0,0,0,735.23,0,
TXN09-02415,9,2026-06-24 19:44:13,1450.84,Coffee,90024,Card,DEV-09-5,Android,Pune,19,2,0,1.68,52,3474.88,2157.09,25,159,1625,0,0,0,735.23,0,
TXN09-02416,9,2026-06-24 20:02:00,8000.0,Coffee,90073,Card,DEV-09-2,Web,Pune,20,2,0,17.78,53,3469.92,2156.77,2,527,1626,0,0,0,0.0,0,
TXN09-02417,9,2026-06-24 20:22:38,5875.03,Restaurants,90001,UPI,DEV-09-1,iPhone,Pune,20,2,0,20.63,54,3480.99,2165.72,238,827,1627,0,0,0,0.0,0,
TXN09-02418,9,2026-06-24 20:38:16,1945.73,Restaurants,90012,Card,DEV-09-1,iPhone,Pune,20,2,0,15.63,55,3486.83,2166.3,42,828,1628,0,0,0,0.0,0,
TXN09-02419,9,2026-06-24 20:42:41,1270.86,Restaurants,90001,UPI,DEV-UNK-4417,Web,Pune,20,2,0,4.42,56,3483.08,2164.99,239,1,1629,1,0,0,0.0,1,ato_new_device_higher_amount
TXN09-02420,9,2026-06-24 21:03:59,2447.28,Restaurants,90026,Card,DEV-09-4,iPhone,Pune,21,2,0,21.3,57,3474.79,2167.85,23,249,1630,0,0,0,0.0,0,
TXN09-02421,9,2026-06-24 21:07:34,1779.63,Software,90068,UPI,DEV-09-1,iPhone,Goa,21,2,0,3.58,58,3472.29,2165.8,4,829,451,0,0,0,359.3,0,
TXN09-02422,9,2026-06-24 21:13:53,2878.41,Software,90006,UPI,DEV-09-1,iPhone,Pune,21,2,0,6.32,59,3468.18,2164.77,222,830,1631,0,0,0,359.3,0,
TXN09-02423,9,2026-06-24 21:27:12,2288.26,Restaurants,90070,Card,DEV-09-3,iPhone,Goa,21,2,0,13.32,60,3471.0,2163.25,2,372,452,0,0,0,359.3,0,
TXN09-02424,9,2026-06-24 21:32:07,6735.91,Cloud Services,90002,UPI,DEV-09-5,Android,Pune,21,2,0,4.92,61,3464.84,2163.0,208,160,1632,0,0,0,359.3,0,
TXN09-02425,9,2026-06-24 21:44:54,7207.69,Software,90007,UPI,DEV-09-2,Web,Pune,21,2,0,12.78,62,3472.76,2166.35,131,528,1633,0,0,0,0.0,0,
TXN09-02426,9,2026-06-24 22:27:22,3401.55,Coffee,90035,UPI,DEV-09-4,iPhone,Pune,22,2,0,42.47,63,3481.79,2171.48,13,250,1634,0,0,0,0.0,0,
TXN09-02427,9,2026-06-24 22:35:49,4930.21,Restaurants,90031,Card,DEV-09-3,iPhone,Pune,22,2,0,8.45,64,3481.59,2168.87,17,373,1635,0,0,0,0.0,0,
TXN09-02428,9,2026-06-24 22:49:56,3424.33,Restaurants,90076,Card,DEV-09-2,Web,Goa,22,2,0,14.12,65,3485.07,2167.42,1,529,453,0,0,1,359.3,0,
TXN09-02429,9,2026-06-24 22:51:36,4719.61,Coffee,90021,Card,DEV-09-1,iPhone,Pune,22,2,0,1.67,66,3484.93,2164.82,44,831,1636,0,0,0,359.3,0,
TXN09-02430,9,2026-06-24 22:52:56,2572.33,Restaurants,90005,Card,DEV-09-4,iPhone,Goa,22,2,0,1.33,67,3487.88,2163.07,88,251,454,0,0,0,359.3,0,
TXN09-02431,9,2026-06-24 23:36:36,3929.35,Coffee,90039,Card,DEV-09-1,iPhone,Pune,23,2,0,43.67,68,3487.04,2163.36,10,832,1637,0,0,0,359.3,0,
TXN09-02432,9,2026-06-24 23:46:19,8000.0,Restaurants,90013,Card,DEV-09-1,iPhone,Pune,23,2,0,9.72,69,3488.09,2160.89,39,833,1638,0,0,0,0.0,0,
TXN09-02433,9,2026-06-24 23:47:46,20438.0,International Transfer,90001,UPI,DEV-09-1,iPhone,London,23,2,0,1.45,70,3498.84,2169.49,240,834,4,0,0,0,7306.0,1,intl_transfer
TXN09-02434,9,2026-06-25 01:40:49,2249.37,Cloud Services,90038,Card,DEV-09-8,Web,Pune,1,3,0,113.05,1,3536.52,2320.66,13,33,1639,0,0,0,7306.0,1,ato_odd_hour
TXN09-02435,9,2026-06-25 08:05:31,8000.0,Coffee,90004,UPI,DEV-09-5,Android,Pune,8,3,0,384.7,2,3537.58,2319.97,205,161,1640,0,0,0,0.0,0,
TXN09-02436,9,2026-06-25 08:16:17,2148.46,Coffee,90023,UPI,DEV-09-2,Web,Pune,8,3,0,10.77,3,3548.18,2327.38,35,530,1641,0,0,0,0.0,0,
TXN09-02437,9,2026-06-25 08:22:51,1908.03,Coffee,90020,UPI,DEV-09-10,iPhone,Pune,8,3,0,6.57,4,3543.13,2328.1,70,16,1642,0,0,0,0.0,0,
TXN09-02438,9,2026-06-25 08:30:14,4688.44,Software,90007,Card,DEV-09-9,iPhone,Goa,8,3,0,7.38,5,3539.25,2326.7,132,26,455,0,0,0,359.3,0,
TXN09-02439,9,2026-06-25 08:44:37,4537.18,Coffee,90004,UPI,DEV-09-3,iPhone,Pune,8,3,0,14.38,6,3541.97,2324.62,206,374,1643,0,0,0,359.3,0,
TXN09-02440,9,2026-06-25 08:50:46,6531.6,Restaurants,90001,UPI,DEV-09-2,Web,Pune,8,3,0,6.15,7,3546.59,2324.65,241,531,1644,0,0,0,0.0,0,
TXN09-02441,9,2026-06-25 08:51:18,6358.51,Coffee,90019,UPI,DEV-09-2,Web,Goa,8,3,0,0.53,8,3553.63,2326.42,87,532,456,0,0,0,359.3,0,
TXN09-02442,9,2026-06-25 08:54:13,6249.4,Coffee,90074,Card,DEV-09-1,iPhone,Bangalore,8,3,0,2.92,9,3560.23,2327.65,2,835,287,0,0,0,454.99,0,
TXN09-02443,9,2026-06-25 08:57:15,704.72,Cloud Services,90015,Card,DEV-09-1,iPhone,Goa,8,3,0,3.03,10,3566.54,2328.55,27,836,457,0,0,0,454.99,0,
TXN09-02444,9,2026-06-25 09:10:40,4629.27,Software,90014,UPI,DEV-09-3,iPhone,Pune,9,3,0,13.42,11,3562.98,2331.77,69,375,1645,0,0,0,359.3,0,
TXN09-02445,9,2026-06-25 09:33:43,4407.37,Coffee,90004,UPI,DEV-09-4,iPhone,Pune,9,3,0,23.05,12,3575.41,2329.72,207,252,1646,0,0,0,0.0,0,
TXN09-02446,9,2026-06-25 09:54:54,857.35,Restaurants,90012,Card,DEV-09-7,Android,Pune,9,3,0,21.18,13,3577.36,2327.33,43,64,1647,0,0,0,0.0,0,
TXN09-02447,9,2026-06-25 10:05:57,1579.23,Cloud Services,90003,UPI,DEV-09-8,Web,Goa,10,3,0,11.05,14,3570.99,2328.32,84,34,458,0,0,0,359.3,0,
TXN09-02448,9,2026-06-25 10:06:23,1389.87,Restaurants,90009,UPI,DEV-09-2,Web,Pune,10,3,0,0.43,15,3566.33,2327.58,48,533,1648,0,0,0,359.3,0,
TXN09-02449,9,2026-06-25 10:26:39,6089.59,Software,90007,UPI,DEV-09-1,iPhone,Pune,10,3,0,20.27,16,3563.53,2329.48,133,837,1649,0,0,0,0.0,0,
TXN09-02450,9,2026-06-25 10:46:40,4568.55,Software,90007,Card,DEV-09-2,Web,Pune,10,3,0,20.02,17,3574.54,2334.13,134,534,1650,0,0,0,0.0,0,
TXN09-02451,9,2026-06-25 11:15:53,2696.1,Cloud Services,90072,UPI,DEV-09-12,iPhone,Pune,11,3,0,29.22,18,3575.63,2334.48,4,9,1651,0,0,0,0.0,0,
TXN09-02452,9,2026-06-25 11:38:46,510.48,Cloud Services,90059,Card,DEV-09-2,Web,Pune,11,3,0,22.88,19,3579.74,2331.38,6,535,1652,0,0,0,0.0,0,
TXN09-02453,9,2026-06-25 11:43:06,1547.57,Cloud Services,90046,Card,DEV-09-7,Android,Pune,11,3,0,4.33,20,3572.57,2333.37,7,65,1653,0,0,0,0.0,0,
TXN09-02454,9,2026-06-25 12:38:25,4489.36,Software,90016,Card,DEV-09-4,iPhone,Pune,12,3,0,55.32,21,3554.56,2333.0,44,253,1654,0,0,0,0.0,0,
TXN09-02455,9,2026-06-25 12:40:03,1974.36,Cloud Services,90027,Card,DEV-09-5,Android,Pune,12,3,0,1.63,22,3556.75,2330.7,26,162,1655,0,0,0,0.0,0,
TXN09-02456,9,2026-06-25 12:41:55,4211.64,Restaurants,90013,Card,DEV-09-1,iPhone,Bangalore,12,3,0,1.87,23,3553.05,2329.23,40,838,288,0,0,0,735.23,0,
TXN09-02457,9,2026-06-25 12:47:50,5623.28,Cloud Services,90002,UPI,DEV-09-10,iPhone,Pune,12,3,0,5.92,24,3554.59,2326.73,209,17,1656,0,0,0,735.23,0,
TXN09-02458,9,2026-06-25 12:50:24,3496.69,Cloud Services,90002,UPI,DEV-09-2,Web,Pune,12,3,0,2.57,25,3555.63,2327.56,210,536,1657,0,0,0,0.0,0,
TXN09-02459,9,2026-06-25 12:58:08,2028.03,Software,90077,Card,DEV-09-1,iPhone,Pune,12,3,0,7.73,26,3537.8,2315.35,1,839,1658,0,0,1,0.0,0,
TXN09-02460,9,2026-06-25 14:03:08,2922.54,Restaurants,90005,Card,DEV-09-17,Web,Pune,14,3,0,65.0,27,3538.45,2317.72,89,3,1659,0,0,0,0.0,0,
TXN09-02461,9,2026-06-25 14:21:44,3108.89,Cloud Services,90010,Card,DEV-09-6,Web,Pune,14,3,0,18.6,28,3539.17,2320.06,73,83,1660,0,0,0,0.0,0,
TXN09-02462,9,2026-06-25 14:38:42,1198.85,Restaurants,90001,UPI,DEV-09-1,iPhone,Pune,14,3,0,16.97,29,3542.49,2321.08,242,840,1661,0,0,0,0.0,0,
TXN09-02463,9,2026-06-25 14:43:54,8000.0,Restaurants,90001,UPI,DEV-09-5,Android,Pune,14,3,0,5.2,30,3534.1,2323.1,243,163,1662,0,0,0,0.0,0,
TXN09-02464,9,2026-06-25 14:45:02,2580.04,Software,90006,UPI,DEV-09-2,Web,Pune,14,3,0,1.13,31,3544.61,2330.44,223,537,1663,0,0,0,0.0,0,
TXN09-02465,9,2026-06-25 14:54:09,4726.06,Cloud Services,90015,Card,DEV-09-3,iPhone,Pune,14,3,0,9.12,32,3545.54,2329.97,28,376,1664,0,0,0,0.0,0,
TXN09-02466,9,2026-06-25 15:02:31,5044.56,Restaurants,90001,UPI,DEV-09-13,Web,Pune,15,3,0,8.37,33,3549.75,2330.49,244,6,1665,0,0,0,0.0,0,
TXN09-02467,9,2026-06-25 15:18:30,8000.0,Cloud Services,90002,Card,DEV-09-2,Web,Pune,15,3,0,15.98,34,3549.6,2330.39,211,538,1666,0,0,0,0.0,0,
TXN09-02468,9,2026-06-25 15:33:01,4978.57,Coffee,90035,UPI,DEV-09-1,iPhone,Pune,15,3,0,14.52,35,3560.29,2340.34,14,841,1667,0,0,0,0.0,0,
TXN09-02469,9,2026-06-25 15:59:45,8000.0,Coffee,90004,Card,DEV-09-2,Web,Pune,15,3,0,26.73,36,3553.33,2339.22,208,539,1668,0,0,0,0.0,0,
TXN09-02470,9,2026-06-25 16:07:18,6281.16,Cloud Services,90002,Card,DEV-09-3,iPhone,Goa,16,3,0,7.55,37,3564.62,2349.1,212,377,459,0,0,0,359.3,0,
TXN09-02471,9,2026-06-25 16:29:09,2519.63,Restaurants,90001,UPI,DEV-09-4,iPhone,Goa,16,3,0,21.85,38,3573.09,2352.42,245,254,460,0,0,0,0.0,0,
TXN09-02472,9,2026-06-25 16:37:22,1078.68,Cloud Services,90002,UPI,DEV-09-22,iPhone,Pune,16,3,0,8.22,39,3563.12,2352.93,213,1,1669,1,0,0,359.3,0,
TXN09-02473,9,2026-06-25 16:45:24,5652.37,Cloud Services,90034,Card,DEV-09-1,iPhone,Goa,16,3,0,8.03,40,3557.25,2353.24,24,842,461,0,0,0,359.3,0,
TXN09-02474,9,2026-06-25 16:57:47,3078.05,Restaurants,90008,UPI,DEV-09-5,Android,Bangalore,16,3,0,12.38,41,3558.36,2354.12,56,164,289,0,0,0,454.99,0,
TXN09-02475,9,2026-06-25 17:27:06,5030.22,Cloud Services,90027,Card,DEV-09-23,Web,Pune,17,3,0,29.32,42,3560.85,2353.06,27,1,1670,1,0,0,735.23,0,
TXN09-02476,9,2026-06-25 17:56:04,2625.32,Software,90007,UPI,DEV-09-4,iPhone,Goa,17,3,0,28.97,43,3566.82,2353.57,135,255,462,0,0,0,359.3,0,
TXN09-02477,9,2026-06-25 18:02:27,5260.18,Coffee,90004,Card,DEV-09-2,Web,Pune,18,3,0,6.38,44,3564.6,2351.24,209,540,1671,0,0,0,359.3,0,
TXN09-02478,9,2026-06-25 18:08:48,4212.85,Cloud Services,90002,UPI,DEV-09-4,iPhone,Pune,18,3,0,6.35,45,3568.59,2349.91,214,256,1672,0,0,0,0.0,0,
TXN09-02479,9,2026-06-25 18:28:10,6032.0,Coffee,90004,Card,DEV-09-1,iPhone,Pune,18,3,0,19.37,46,3576.46,2346.45,210,843,1673,0,0,0,0.0,0,
TXN09-02480,9,2026-06-25 18:53:31,2455.68,Software,90078,Card,DEV-09-5,Android,Goa,18,3,0,25.35,47,3584.31,2349.07,1,165,463,0,0,1,359.3,0,
TXN09-02481,9,2026-06-25 19:07:48,7357.59,Restaurants,90061,UPI,DEV-09-1,iPhone,Bangalore,19,3,0,14.28,48,3589.48,2351.24,6,844,290,0,0,0,454.99,0,
TXN09-02482,9,2026-06-25 19:13:50,8000.0,Coffee,90004,Card,DEV-09-3,iPhone,Pune,19,3,0,6.03,49,3598.37,2355.57,211,378,1674,0,0,0,735.23,0,
TXN09-02483,9,2026-06-25 19:21:13,3557.09,Cloud Services,90011,Card,DEV-09-3,iPhone,Pune,19,3,0,7.38,50,3612.0,2364.26,49,379,1675,0,0,0,0.0,0,
TXN09-02484,9,2026-06-25 19:51:07,1081.15,Cloud Services,90079,Card,DEV-09-1,iPhone,Pune,19,3,0,29.9,51,3616.11,2367.24,1,845,1676,0,0,1,0.0,0,
TXN09-02485,9,2026-06-25 20:00:18,5753.53,Coffee,90020,Card,DEV-09-2,Web,Goa,20,3,0,9.18,52,3599.71,2360.77,71,541,464,0,0,0,359.3,0,
TXN09-02486,9,2026-06-25 20:20:11,1900.22,Restaurants,90070,UPI,DEV-09-1,iPhone,Pune,20,3,0,19.88,53,3599.79,2360.84,3,846,1677,0,0,0,359.3,0,
TXN09-02487,9,2026-06-25 20:46:07,8000.0,Cloud Services,90010,UPI,DEV-09-1,iPhone,Pune,20,3,0,25.93,54,3593.14,2361.67,74,847,1678,0,0,0,0.0,0,
TXN09-02488,9,2026-06-25 20:51:12,3244.53,Restaurants,90070,Card,DEV-09-2,Web,Bangalore,20,3,0,5.08,55,3603.55,2368.56,4,542,291,0,0,0,735.23,0,
TXN09-02489,9,2026-06-25 21:10:45,2127.0,Coffee,90019,UPI,DEV-09-6,Web,Pune,21,3,0,19.55,56,3604.86,2368.21,88,84,1679,0,0,0,735.23,0,
TXN09-02490,9,2026-06-25 21:11:43,3817.49,Cloud Services,90056,Card,DEV-09-1,iPhone,Pune,21,3,0,0.97,57,3601.37,2366.5,5,848,1680,0,0,0,0.0,0,
TXN09-02491,9,2026-06-25 21:14:18,2748.74,Restaurants,90005,Card,DEV-09-1,iPhone,Goa,21,3,0,2.58,58,3596.18,2363.6,90,849,465,0,0,0,359.3,0,
TXN09-02492,9,2026-06-25 22:01:18,1515.35,Coffee,90004,UPI,DEV-09-1,iPhone,Pune,22,3,0,47.0,59,3607.61,2366.53,212,850,1681,0,0,0,359.3,0,
TXN09-02493,9,2026-06-25 22:04:55,1398.87,Cloud Services,90010,UPI,DEV-09-1,iPhone,Pune,22,3,0,3.62,60,3602.66,2365.91,75,851,1682,0,0,0,0.0,0,
TXN09-02494,9,2026-06-25 22:12:04,4005.78,Restaurants,90017,UPI,DEV-09-3,iPhone,Pune,22,3,0,7.15,61,3597.45,2365.54,25,380,1683,0,0,0,0.0,0,
TXN09-02495,9,2026-06-25 22:27:32,5823.9,Software,90047,UPI,DEV-09-7,Android,Pune,22,3,0,15.47,62,3591.64,2361.52,11,66,1684,0,0,0,0.0,0,
TXN09-02496,9,2026-06-25 22:35:36,2483.67,Cloud Services,90071,Card,DEV-09-1,iPhone,Goa,22,3,0,8.07,63,3596.91,2361.21,3,852,466,0,0,0,359.3,0,
TXN09-02497,9,2026-06-25 22:53:05,1195.11,Cloud Services,90043,UPI,DEV-09-5,Android,Pune,22,3,0,17.48,64,3591.38,2363.69,11,166,1685,0,0,0,359.3,0,
TXN09-02498,9,2026-06-25 22:53:53,5153.61,Software,90049,Card,DEV-09-2,Web,Goa,22,3,0,0.8,65,3585.73,2363.76,7,543,467,0,0,0,359.3,0,
TXN09-02499,9,2026-06-25 22:58:44,552.94,Restaurants,90008,UPI,DEV-09-3,iPhone,Pune,22,3,0,4.85,66,3589.42,2362.2,57,381,1686,0,0,0,359.3,0,
TXN09-02500,9,2026-06-26 08:28:05,1166.06,Cloud Services,90002,UPI,DEV-09-5,Android,Pune,8,4,0,569.35,1,3603.29,2375.72,215,167,1687,0,0,0,0.0,0,
TXN09-02501,9,2026-06-26 08:57:34,3646.48,Restaurants,90012,Card,DEV-09-7,Android,Pune,8,4,0,29.48,2,3590.38,2384.32,44,67,1688,0,0,0,0.0,0,
TXN09-02502,9,2026-06-26 11:10:58,1921.66,Cloud Services,90027,UPI,DEV-09-3,iPhone,Pune,11,4,0,133.4,3,3614.94,2393.81,28,382,1689,0,0,0,0.0,0,
TXN09-02503,9,2026-06-26 12:14:01,530.01,Cloud Services,90002,UPI,DEV-09-1,iPhone,Pune,12,4,0,63.05,4,3614.03,2395.39,216,853,1690,0,0,0,0.0,0,
TXN09-02504,9,2026-06-26 12:17:25,1440.62,Restaurants,90026,Card,DEV-09-7,Android,Pune,12,4,0,3.4,5,3606.28,2397.35,24,68,1691,0,0,0,0.0,0,
TXN09-02505,9,2026-06-26 12:30:49,2277.23,Coffee,90019,UPI,DEV-09-1,iPhone,Pune,12,4,0,13.4,6,3609.07,2399.75,89,854,1692,0,0,0,0.0,0,
TXN09-02506,9,2026-06-26 13:32:18,1513.04,Cloud Services,90003,Card,DEV-09-1,iPhone,Goa,13,4,0,61.48,7,3620.06,2406.8,85,855,468,0,0,0,359.3,0,
TXN09-02507,9,2026-06-26 14:11:24,8000.0,Restaurants,90001,UPI,DEV-09-5,Android,Pune,14,4,0,39.1,8,3619.02,2414.58,246,168,1693,0,0,0,359.3,0,
TXN09-02508,9,2026-06-26 14:25:09,2984.31,Coffee,90004,Card,DEV-09-4,iPhone,Pune,14,4,0,13.75,9,3630.25,2421.64,213,257,1694,0,0,0,0.0,0,
TXN09-02509,9,2026-06-26 14:48:37,2587.9,Coffee,90024,Card,DEV-09-1,iPhone,Pune,14,4,0,23.47,10,3633.43,2419.97,26,856,1695,0,0,0,0.0,0,
TXN09-02510,9,2026-06-26 16:07:22,2809.64,Cloud Services,90060,UPI,DEV-09-6,Web,Pune,16,4,0,78.75,11,3612.58,2411.13,5,85,1696,0,0,0,0.0,0,
TXN09-02511,9,2026-06-26 16:19:09,8000.0,Cloud Services,90002,Card,DEV-09-3,iPhone,Pune,16,4,0,11.78,12,3610.51,2408.37,217,383,1697,0,0,0,0.0,0,
TXN09-02512,9,2026-06-26 16:24:26,718.39,Coffee,90004,Card,DEV-09-3,iPhone,Pune,16,4,0,5.28,13,3630.34,2417.82,214,384,1698,0,0,0,0.0,0,
TXN09-02513,9,2026-06-26 17:05:56,8000.0,Software,90007,UPI,DEV-09-7,Android,Pune,17,4,0,41.5,14,3624.86,2427.22,136,69,1699,0,0,0,0.0,0,
TXN09-02514,9,2026-06-26 17:13:26,5299.26,Coffee,90004,UPI,DEV-09-2,Web,Bangalore,17,4,0,7.5,15,3636.16,2434.23,215,544,292,0,0,0,735.23,0,
TXN09-02515,9,2026-06-26 17:17:26,697.65,Coffee,90052,Card,DEV-09-4,iPhone,Pune,17,4,0,4.0,16,3640.45,2432.56,9,258,1700,0,0,0,735.23,0,
TXN09-02516,9,2026-06-26 17:22:17,5623.95,Coffee,90023,UPI,DEV-09-1,iPhone,Pune,17,4,0,4.85,17,3638.22,2434.86,36,857,1701,0,0,0,0.0,0,
TXN09-02517,9,2026-06-26 18:20:46,6442.44,Software,90014,Card,DEV-09-10,iPhone,Pune,18,4,0,58.48,18,3637.86,2427.33,70,18,1702,0,0,0,0.0,0,
TXN09-02518,9,2026-06-26 19:43:54,2094.97,Software,90080,Card,DEV-09-1,iPhone,Pune,19,4,0,83.13,19,3642.54,2433.56,1,858,1703,0,0,1,0.0,0,
TXN09-02519,9,2026-06-26 19:49:32,1807.83,Restaurants,90001,UPI,DEV-09-1,iPhone,Pune,19,4,0,5.63,20,3639.84,2434.69,247,859,1704,0,0,0,0.0,0,
TXN09-02520,9,2026-06-26 20:28:52,7732.59,Cloud Services,90015,UPI,DEV-09-2,Web,Pune,20,4,0,39.33,21,3639.05,2435.24,29,545,1705,0,0,0,0.0,0,
TXN09-02521,9,2026-06-26 20:53:30,4123.47,Software,90006,UPI,DEV-09-5,Android,Goa,20,4,0,24.63,22,3656.64,2440.22,224,169,469,0,0,0,359.3,0,
TXN09-02522,9,2026-06-26 20:59:53,1568.31,Restaurants,90081,Card,DEV-09-5,Android,Pune,20,4,0,6.38,23,3657.84,2437.18,1,170,1706,0,0,1,359.3,0,
TXN09-02523,9,2026-06-26 21:40:23,5135.39,Software,90007,Card,DEV-09-1,iPhone,Goa,21,4,0,40.5,24,3666.2,2441.61,137,860,470,0,0,0,359.3,0,
TXN09-02524,9,2026-06-26 21:41:16,1313.67,Coffee,90021,UPI,DEV-09-6,Web,Goa,21,4,0,0.88,25,3670.03,2439.57,45,86,471,0,0,0,0.0,0,
TXN09-02525,9,2026-06-26 22:04:39,2216.43,Software,90007,UPI,DEV-09-4,iPhone,Pune,22,4,0,23.38,26,3662.02,2442.25,138,259,1707,0,0,0,359.3,0,
TXN09-02526,9,2026-06-26 22:25:48,6074.24,Coffee,90052,UPI,DEV-09-3,iPhone,Goa,22,4,0,21.15,27,3670.19,2440.57,10,385,472,0,0,0,359.3,0,
TXN09-02527,9,2026-06-26 23:05:16,1142.04,Cloud Services,90010,UPI,DEV-09-5,Android,Bangalore,23,4,0,39.47,28,3674.91,2443.47,76,171,293,0,0,0,454.99,0,
TXN09-02528,9,2026-06-26 23:07:01,6428.19,Coffee,90020,Card,DEV-09-4,iPhone,Pune,23,4,0,1.75,29,3668.3,2443.7,72,260,1708,0,0,0,735.23,0,
TXN09-02529,9,2026-06-26 23:08:44,2640.62,Software,90006,UPI,DEV-09-4,iPhone,Pune,23,4,0,1.72,30,3678.11,2447.21,225,261,1709,0,0,0,0.0,0,
TXN09-02530,9,2026-06-26 23:17:01,7043.39,Cloud Services,90002,Card,DEV-09-8,Web,Pune,23,4,0,8.28,31,3675.41,2444.6,218,35,1710,0,0,0,0.0,0,
TXN09-02531,9,2026-06-26 23:57:08,4291.36,Restaurants,90001,Card,DEV-09-1,iPhone,Goa,23,4,0,40.12,32,3672.91,2440.67,248,861,473,0,0,0,359.3,0,
TXN09-02532,9,2026-06-27 02:34:19,3326.58,Restaurants,90028,UPI,DEV-09-8,Web,Pune,2,5,1,157.18,1,3674.52,2437.71,15,36,1711,0,0,0,359.3,1,ato_odd_hour
TXN09-02533,9,2026-06-27 08:46:09,6614.26,Software,90047,Card,DEV-09-3,iPhone,Pune,8,5,1,371.83,2,3681.42,2441.57,12,386,1712,0,0,0,0.0,0,
TXN09-02534,9,2026-06-27 09:10:12,2009.7,Software,90014,UPI,DEV-09-3,iPhone,Pune,9,5,1,24.05,3,3685.11,2451.9,71,387,1713,0,0,0,0.0,0,
TXN09-02535,9,2026-06-27 09:41:35,1923.81,Software,90014,UPI,DEV-09-2,Web,Pune,9,5,1,31.38,4,3680.73,2450.19,72,546,1714,0,0,0,0.0,0,
TXN09-02536,9,2026-06-27 10:36:13,7262.36,Restaurants,90017,Card,DEV-09-2,Web,Goa,10,5,1,54.63,5,3673.46,2451.27,26,547,474,0,0,0,359.3,0,
TXN09-02537,9,2026-06-27 10:56:09,1178.44,Software,90068,Card,DEV-09-1,iPhone,Pune,10,5,1,19.93,6,3677.77,2448.33,5,862,1715,0,0,0,359.3,0,
TXN09-02538,9,2026-06-27 12:01:45,1858.52,Software,90082,Card,DEV-09-1,iPhone,Pune,12,5,1,65.6,7,3670.61,2451.63,1,863,1716,0,0,1,0.0,0,
TXN09-02539,9,2026-06-27 12:28:41,4318.27,Software,90014,Card,DEV-09-6,Web,Pune,12,5,1,26.93,8,3672.53,2449.93,73,87,1717,0,0,0,0.0,0,
TXN09-02540,9,2026-06-27 12:48:02,1752.35,Software,90006,UPI,DEV-09-2,Web,Pune,12,5,1,19.35,9,3674.22,2446.94,226,548,1718,0,0,0,0.0,0,
TXN09-02541,9,2026-06-27 13:23:04,4797.68,Restaurants,90012,UPI,DEV-09-1,iPhone,Chennai,13,5,1,35.03,10,3669.2,2445.71,45,864,4,0,0,0,914.36,0,
TXN09-02542,9,2026-06-27 13:24:07,2179.94,Cloud Services,90003,UPI,DEV-09-1,iPhone,Pune,13,5,1,1.05,11,3669.38,2445.79,86,865,1719,0,0,0,914.36,0,
TXN09-02543,9,2026-06-27 13:29:35,3465.27,Software,90006,Card,DEV-09-1,iPhone,Goa,13,5,1,5.47,12,3665.5,2443.78,227,866,475,0,0,0,359.3,0,
TXN09-02544,9,2026-06-27 13:56:23,3091.16,Software,90082,UPI,DEV-09-1,iPhone,Pune,13,5,1,26.8,13,3664.98,2440.63,2,867,1720,0,0,0,359.3,0,
TXN09-02545,9,2026-06-27 14:19:45,4719.72,Restaurants,90070,Card,DEV-09-1,iPhone,Pune,14,5,1,23.37,14,3663.49,2437.64,5,868,1721,0,0,0,0.0,0,
TXN09-02546,9,2026-06-27 14:25:28,2618.99,Coffee,90004,Card,DEV-09-2,Web,Goa,14,5,1,5.72,15,3666.22,2435.08,216,549,476,0,0,0,359.3,0,
TXN09-02547,9,2026-06-27 16:23:05,1477.27,Coffee,90032,Card,DEV-09-5,Android,Goa,16,5,1,117.62,16,3678.97,2433.08,20,172,477,0,0,0,0.0,0,
TXN09-02548,9,2026-06-27 16:52:51,4011.53,Coffee,90004,UPI,DEV-09-4,iPhone,Pune,16,5,1,29.77,17,3677.15,2434.46,217,262,1722,0,0,0,359.3,0,
TXN09-02549,9,2026-06-27 17:26:43,959.59,Restaurants,90001,Card,DEV-09-3,iPhone,Pune,17,5,1,33.87,18,3678.02,2431.36,249,388,1723,0,0,0,0.0,0,
TXN09-02550,9,2026-06-27 17:58:18,8000.0,Cloud Services,90053,Card,DEV-09-4,iPhone,Pune,17,5,1,31.58,19,3685.84,2429.68,9,263,1724,0,0,0,0.0,0,
TXN09-02551,9,2026-06-27 18:35:56,848.0,Cloud Services,90002,UPI,DEV-09-3,iPhone,Pune,18,5,1,37.63,20,3697.88,2439.52,219,389,1725,0,0,0,0.0,0,
TXN09-02552,9,2026-06-27 19:15:41,3275.37,Software,90018,Card,DEV-09-1,iPhone,Pune,19,5,1,39.75,21,3681.75,2437.8,49,869,1726,0,0,0,0.0,0,
TXN09-02553,9,2026-06-27 19:41:23,5973.9,Cloud Services,90010,Card,DEV-09-1,iPhone,Pune,19,5,1,25.7,22,3681.77,2437.79,77,870,1727,0,0,0,0.0,0,
TXN09-02554,9,2026-06-27 20:00:34,3754.45,Restaurants,90008,UPI,DEV-09-2,Web,Pune,20,5,1,19.18,23,3699.33,2438.36,58,550,1728,0,0,0,0.0,0,
TXN09-02555,9,2026-06-27 20:12:19,4287.06,Cloud Services,90002,Card,DEV-09-1,iPhone,Pune,20,5,1,11.75,24,3700.29,2438.31,220,871,1729,0,0,0,0.0,0,
TXN09-02556,9,2026-06-27 20:27:24,1923.44,Software,90001,UPI,DEV-09-1,iPhone,Bangkok,20,5,1,15.08,25,3704.55,2440.71,250,872,2,0,0,0,2891.93,1,hourly_location_hopping
TXN09-02557,9,2026-06-27 21:27:24,2459.77,Software,90001,UPI,DEV-09-1,iPhone,New York,21,5,1,60.0,26,3699.0,2444.69,251,873,4,0,0,0,13931.98,1,hourly_location_hopping
TXN09-02558,9,2026-06-27 21:38:11,2767.56,Restaurants,90008,UPI,DEV-09-14,iPhone,Goa,21,5,1,10.78,27,3695.75,2442.31,59,6,478,0,0,0,12972.74,0,
TXN09-02559,9,2026-06-27 21:47:28,1105.59,Software,90006,Card,DEV-09-4,iPhone,Bangalore,21,5,1,9.28,28,3693.32,2439.57,228,264,294,0,0,0,454.99,0,
TXN09-02560,9,2026-06-27 22:27:24,1703.72,Software,90001,UPI,DEV-09-1,iPhone,New York,22,5,1,39.93,29,3690.65,2444.11,252,874,5,0,0,0,13367.98,1,hourly_location_hopping
TXN09-02561,9,2026-06-27 22:31:27,3008.24,Restaurants,90026,Card,DEV-09-4,iPhone,Pune,22,5,1,4.05,30,3685.42,2443.01,25,265,1730,0,0,0,12639.18,0,
TXN09-02562,9,2026-06-27 23:05:52,3068.77,Software,90006,Card,DEV-09-10,iPhone,Bangalore,23,5,1,34.42,31,3677.16,2434.52,229,19,295,0,0,0,735.23,0,
TXN09-02563,9,2026-06-27 23:22:19,6301.92,Restaurants,90013,Card,DEV-09-3,iPhone,Goa,23,5,1,16.45,32,3666.18,2427.83,41,390,479,0,0,0,454.99,0,
TXN09-02564,9,2026-06-28 03:47:06,11142.3,International Transfer,90001,UPI,DEV-09-1,iPhone,New York,3,6,1,264.78,1,3678.34,2429.46,253,875,6,0,0,0,12972.74,1,intl_transfer
TXN09-02565,9,2026-06-28 08:03:45,4982.34,Software,90006,UPI,DEV-09-1,iPhone,Pune,8,6,1,256.65,2,3697.98,2456.21,230,876,1731,0,0,0,12639.18,0,
TXN09-02566,9,2026-06-28 08:26:00,3232.3,Coffee,90020,Card,DEV-09-2,Web,Goa,8,6,1,22.25,3,3696.06,2447.56,73,551,480,0,0,0,359.3,0,
TXN09-02567,9,2026-06-28 09:33:28,8000.0,Software,90049,UPI,DEV-09-2,Web,Pune,9,6,1,67.47,4,3681.82,2442.25,8,552,1732,0,0,0,359.3,0,
TXN09-02568,9,2026-06-28 09:46:47,5390.66,Restaurants,90028,Card,DEV-09-1,iPhone,Bangalore,9,6,1,13.32,5,3695.12,2454.86,16,877,296,0,0,0,735.23,0,
TXN09-02569,9,2026-06-28 10:25:50,665.85,Software,90077,UPI,DEV-09-2,Web,Pune,10,6,1,39.05,6,3694.98,2454.35,2,553,1733,0,0,0,735.23,0,
TXN09-02570,9,2026-06-28 10:29:41,3726.89,Restaurants,90001,Card,DEV-09-2,Web,Pune,10,6,1,3.85,7,3686.88,2456.05,254,554,1734,0,0,0,0.0,0,
TXN09-02571,9,2026-06-28 10:46:09,3250.84,Cloud Services,90002,UPI,DEV-09-11,iPhone,Pune,10,6,1,16.47,8,3686.99,2452.78,221,12,1735,0,0,0,0.0,0,
TXN09-02572,9,2026-06-28 10:52:39,3743.82,Coffee,90019,Card,DEV-09-3,iPhone,Pune,10,6,1,6.5,9,3685.83,2449.62,90,391,1736,0,0,0,0.0,0,
TXN09-02573,9,2026-06-28 10:59:53,1614.41,Coffee,90025,Card,DEV-09-4,iPhone,Pune,10,6,1,7.23,10,3685.98,2446.37,15,266,1737,0,0,0,0.0,0,
TXN09-02574,9,2026-06-28 11:07:03,1701.09,Cloud Services,90038,UPI,DEV-09-6,Web,Pune,11,6,1,7.17,11,3680.5,2445.44,14,88,1738,0,0,0,0.0,0,
TXN09-02575,9,2026-06-28 11:15:24,4206.09,Software,90006,UPI,DEV-09-6,Web,Pune,11,6,1,8.35,12,3675.28,2444.33,231,89,1739,0,0,0,0.0,0,
TXN09-02576,9,2026-06-28 12:05:04,5170.8,Cloud Services,90003,Card,DEV-09-2,Web,Pune,12,6,1,49.67,13,3674.09,2430.06,87,555,1740,0,0,0,0.0,0,
TXN09-02577,9,2026-06-28 12:43:11,419.83,Restaurants,90001,Card,DEV-09-2,Web,Pune,12,6,1,38.12,14,3658.56,2422.16,255,556,1741,0,0,0,0.0,0,
TXN09-02578,9,2026-06-28 13:02:04,3596.11,Software,90006,Card,DEV-09-2,Web,Pune,13,6,1,18.88,15,3641.61,2422.88,232,557,1742,0,0,0,0.0,0,
TXN09-02579,9,2026-06-28 13:11:38,3874.08,Coffee,90032,UPI,DEV-09-4,iPhone,Pune,13,6,1,9.57,16,3633.09,2417.49,21,267,1743,0,0,0,0.0,0,
TXN09-02580,9,2026-06-28 13:17:43,5236.22,Cloud Services,90010,UPI,DEV-09-8,Web,Pune,13,6,1,6.08,17,3638.86,2415.52,78,37,1744,0,0,0,0.0,0,
TXN09-02581,9,2026-06-28 13:21:36,2104.74,Cloud Services,90002,UPI,DEV-09-3,iPhone,Pune,13,6,1,3.88,18,3644.38,2416.84,222,392,1745,0,0,0,0.0,0,
TXN09-02582,9,2026-06-28 13:22:35,2101.05,Cloud Services,90053,UPI,DEV-09-2,Web,Pune,13,6,1,0.98,19,3640.22,2414.89,10,558,1746,0,0,0,0.0,0,
TXN09-02583,9,2026-06-28 13:30:01,2198.65,Software,90007,Card,DEV-09-4,iPhone,Pune,13,6,1,7.43,20,3636.07,2412.95,139,268,1747,0,0,0,0.0,0,
TXN09-02584,9,2026-06-28 13:59:36,8000.0,Restaurants,90069,Card,DEV-09-2,Web,Pune,13,6,1,29.58,21,3653.73,2408.54,3,559,1748,0,0,0,0.0,0,
TXN09-02585,9,2026-06-28 14:00:03,3091.05,Restaurants,90051,Card,DEV-09-3,iPhone,Goa,14,6,1,0.45,22,3665.47,2415.85,3,393,481,0,0,0,359.3,0,
TXN09-02586,9,2026-06-28 14:05:58,4190.22,Restaurants,90026,Card,DEV-09-3,iPhone,Bangalore,14,6,1,5.92,23,3663.93,2412.77,26,394,297,0,0,0,454.99,0,
TXN09-02587,9,2026-06-28 14:08:31,1498.22,Cloud Services,90003,UPI,DEV-09-1,iPhone,Pune,14,6,1,2.55,24,3665.34,2409.68,88,878,1749,0,0,0,735.23,0,
TXN09-02588,9,2026-06-28 14:32:50,3600.44,Cloud Services,90054,UPI,DEV-09-1,iPhone,Pune,14,6,1,24.32,25,3654.18,2412.53,9,879,1750,0,0,0,0.0,0,
TXN09-02589,9,2026-06-28 14:42:07,4704.6,Restaurants,90005,UPI,DEV-09-1,iPhone,Pune,14,6,1,9.28,26,3654.04,2409.29,91,880,1751,0,0,0,0.0,0,
TXN09-02590,9,2026-06-28 14:44:53,4168.5,Cloud Services,90027,Card,DEV-09-1,iPhone,Pune,14,6,1,2.77,27,3656.85,2406.67,29,881,1752,0,0,0,0.0,0,
TXN09-02591,9,2026-06-28 14:49:36,942.98,Software,90080,UPI,DEV-09-1,iPhone,Pune,14,6,1,4.72,28,3658.22,2403.59,2,882,1753,0,0,0,0.0,0,
TXN09-02592,9,2026-06-28 14:53:46,4938.26,Coffee,90019,UPI,DEV-09-5,Android,Pune,14,6,1,4.17,29,3650.98,2404.47,91,173,1754,0,0,0,0.0,0,
TXN09-02593,9,2026-06-28 15:03:32,6167.54,Coffee,90033,UPI,DEV-09-4,iPhone,Goa,15,6,1,9.77,30,3654.41,2402.18,16,269,482,0,0,0,359.3,0,
TXN09-02594,9,2026-06-28 15:12:11,2967.58,Software,90029,UPI,DEV-09-1,iPhone,Pune,15,6,1,8.65,31,3649.72,2395.56,27,883,1755,0,0,0,359.3,0,
TXN09-02595,9,2026-06-28 15:26:33,5091.15,Coffee,90044,UPI,DEV-09-4,iPhone,Pune,15,6,1,14.37,32,3647.91,2392.63,9,270,1756,0,0,0,0.0,0,
TXN09-02596,9,2026-06-28 15:59:13,3007.76,Restaurants,90008,Card,DEV-09-1,iPhone,Pune,15,6,1,32.67,33,3663.15,2398.95,60,884,1757,0,0,0,0.0,0,
TXN09-02597,9,2026-06-28 16:03:35,5071.41,Restaurants,90083,UPI,DEV-09-1,iPhone,Bangalore,16,6,1,4.37,34,3661.4,2395.99,1,885,298,0,0,1,735.23,0,
TXN09-02598,9,2026-06-28 16:45:50,1327.46,Coffee,90032,UPI,DEV-09-1,iPhone,Pune,16,6,1,42.25,35,3663.77,2400.08,22,886,1758,0,0,0,735.23,0,
TXN09-02599,9,2026-06-28 16:54:57,1958.91,Restaurants,90026,Card,DEV-09-4,iPhone,Pune,16,6,1,9.12,36,3648.24,2396.35,27,271,1759,0,0,0,0.0,0,
TXN09-02600,9,2026-06-28 16:59:23,3247.48,Software,90018,Card,DEV-09-4,iPhone,Pune,16,6,1,4.43,37,3643.73,2394.74,50,272,1760,0,0,0,0.0,0,
TXN09-02601,9,2026-06-28 17:19:13,1639.5,Coffee,90020,UPI,DEV-09-5,Android,Goa,17,6,1,19.83,38,3624.64,2384.92,74,174,483,0,0,0,359.3,0,
TXN09-02602,9,2026-06-28 17:23:51,5441.38,Restaurants,90070,UPI,DEV-09-3,iPhone,Bangalore,17,6,1,4.63,39,3615.07,2385.69,6,395,299,0,0,0,454.99,0,
TXN09-02603,9,2026-06-28 17:52:59,4484.08,Coffee,90004,Card,DEV-09-3,iPhone,Pune,17,6,1,29.13,40,3625.34,2384.15,218,396,1761,0,0,0,735.23,0,
TXN09-02604,9,2026-06-28 17:54:18,8000.0,Restaurants,90005,Card,DEV-09-3,iPhone,Pune,17,6,1,1.32,41,3627.64,2381.36,92,397,1762,0,0,0,0.0,0,
TXN09-02605,9,2026-06-28 18:26:31,3569.98,Restaurants,90036,Card,DEV-09-3,iPhone,Pune,18,6,1,32.22,42,3630.84,2389.84,10,398,1763,0,0,0,0.0,0,
TXN09-02606,9,2026-06-28 18:40:33,2287.16,Cloud Services,90030,Card,DEV-09-1,iPhone,Goa,18,6,1,14.03,43,3630.67,2386.62,18,887,484,0,0,0,359.3,0,
TXN09-02607,9,2026-06-28 18:40:40,4894.62,Software,90078,Card,DEV-UNK-4431,Web,Pune,18,6,1,0.12,44,3627.06,2384.42,2,1,1764,1,0,0,359.3,1,ato_new_device
TXN09-02608,9,2026-06-28 19:24:30,4411.09,Coffee,90004,Card,DEV-09-24,Android,Pune,19,6,1,43.83,45,3620.75,2384.85,219,1,1765,1,0,0,0.0,0,
TXN09-02609,9,2026-06-28 19:31:07,932.78,Cloud Services,90053,Card,DEV-09-1,iPhone,Pune,19,6,1,6.62,46,3628.37,2382.87,11,888,1766,0,0,0,0.0,0,
TXN09-02610,9,2026-06-28 19:35:10,7220.47,Restaurants,90012,UPI,DEV-09-1,iPhone,Pune,19,6,1,4.05,47,3621.07,2383.76,46,889,1767,0,0,0,0.0,0,
TXN09-02611,9,2026-06-28 19:43:23,4706.47,Coffee,90004,Card,DEV-09-1,iPhone,Pune,19,6,1,8.22,48,3630.8,2387.86,220,890,1768,0,0,0,0.0,0,
TXN09-02612,9,2026-06-28 20:16:05,3417.6,Restaurants,90001,Card,DEV-09-3,iPhone,Pune,20,6,1,32.7,49,3623.4,2380.28,256,399,1769,0,0,0,0.0,0,
TXN09-02613,9,2026-06-28 20:31:16,3236.55,Restaurants,90076,Card,DEV-09-3,iPhone,Bangalore,20,6,1,15.18,50,3636.21,2381.45,2,400,300,0,0,0,735.23,0,
TXN09-02614,9,2026-06-28 21:16:18,4119.09,Restaurants,90013,UPI,DEV-09-9,iPhone,Pune,21,6,1,45.03,51,3635.2,2386.23,42,27,1770,0,0,0,735.23,0,
TXN09-02615,9,2026-06-28 21:22:52,4195.39,Cloud Services,90002,Card,DEV-09-2,Web,Pune,21,6,1,6.57,52,3636.52,2383.11,223,560,1771,0,0,0,0.0,0,
TXN09-02616,9,2026-06-28 21:30:53,1508.01,Cloud Services,90054,UPI,DEV-09-1,iPhone,Pune,21,6,1,8.02,53,3638.76,2383.25,10,891,1772,0,0,0,0.0,0,
TXN09-02617,9,2026-06-28 21:43:31,7455.88,Restaurants,90028,Card,DEV-09-5,Android,Pune,21,6,1,12.63,54,3639.87,2386.9,17,175,1773,0,0,0,0.0,0,
TXN09-02618,9,2026-06-28 21:54:38,3209.29,Restaurants,90001,UPI,DEV-09-1,iPhone,Goa,21,6,1,11.12,55,3664.84,2390.33,257,892,485,0,0,0,359.3,0,
TXN09-02619,9,2026-06-28 21:58:55,6905.3,Cloud Services,90002,UPI,DEV-09-7,Android,Pune,21,6,1,4.28,56,3663.59,2387.18,224,70,1774,0,0,0,359.3,0,
TXN09-02620,9,2026-06-28 22:03:27,3904.15,Coffee,90019,Card,DEV-09-1,iPhone,Pune,22,6,1,4.53,57,3672.43,2389.9,92,893,1775,0,0,0,0.0,0,
TXN09-02621,9,2026-06-28 22:15:43,4063.57,Software,90007,Card,DEV-09-4,iPhone,Bangalore,22,6,1,12.27,58,3673.06,2386.68,140,273,301,0,0,0,735.23,0,
TXN09-02622,9,2026-06-28 23:05:24,4703.26,Cloud Services,90003,Card,DEV-09-3,iPhone,Pune,23,6,1,49.68,59,3677.68,2387.76,89,401,1776,0,0,0,735.23,0,
TXN09-02623,9,2026-06-28 23:16:54,2422.48,Cloud Services,90002,Card,DEV-09-2,Web,Goa,23,6,1,11.5,60,3680.46,2385.11,225,561,486,0,0,0,359.3,0,
TXN09-02624,9,2026-06-28 23:18:20,385.58,Restaurants,90001,Card,DEV-09-2,Web,Pune,23,6,1,1.43,61,3677.06,2382.77,258,562,1777,0,0,0,359.3,0,
TXN09-02625,9,2026-06-28 23:23:51,4968.63,Coffee,90004,Card,DEV-09-1,iPhone,Bangalore,23,6,1,5.52,62,3672.06,2387.73,221,894,302,0,0,0,735.23,0,
TXN09-02626,9,2026-06-28 23:27:10,8000.0,Coffee,90004,Card,DEV-09-2,Web,Pune,23,6,1,3.32,63,3663.85,2378.02,222,563,1778,0,0,0,735.23,0,
TXN09-02627,9,2026-06-29 03:20:18,2914.48,Cloud Services,90034,UPI,DEV-09-1,iPhone,Pune,3,0,0,233.13,1,3675.57,2385.45,25,895,1779,0,0,0,0.0,1,ato_odd_hour
TXN09-02628,9,2026-06-29 08:02:39,512.62,Restaurants,90001,UPI,DEV-09-1,iPhone,Goa,8,0,0,282.35,2,3673.46,2385.77,259,896,487,0,0,0,359.3,0,
TXN09-02629,9,2026-06-29 08:16:16,688.15,Coffee,90042,UPI,DEV-09-3,iPhone,Pune,8,0,0,13.62,3,3664.94,2388.19,13,402,1780,0,0,0,359.3,0,
TXN09-02630,9,2026-06-29 08:18:23,1080.45,Restaurants,90009,UPI,DEV-09-2,Web,Pune,8,0,0,2.12,4,3666.68,2392.19,49,564,1781,0,0,0,0.0,0,
TXN09-02631,9,2026-06-29 09:02:08,1279.4,Software,90006,UPI,DEV-09-1,iPhone,Pune,9,0,0,43.75,5,3663.41,2393.83,233,897,1782,0,0,0,0.0,0,
TXN09-02632,9,2026-06-29 09:40:27,3445.66,Coffee,90004,Card,DEV-09-8,Web,Pune,9,0,0,38.32,6,3632.44,2309.56,223,38,1783,0,0,0,0.0,0,
TXN09-02633,9,2026-06-29 10:26:31,3424.14,Restaurants,90055,Card,DEV-09-6,Web,Pune,10,0,0,46.07,7,3641.75,2311.77,6,90,1784,0,0,0,0.0,0,
TXN09-02634,9,2026-06-29 10:29:10,2568.82,Software,90048,Card,DEV-09-4,iPhone,Pune,10,0,0,2.65,8,3641.16,2308.64,9,274,1785,0,0,0,0.0,0,
TXN09-02635,9,2026-06-29 11:14:16,3540.3,Cloud Services,90011,UPI,DEV-09-1,iPhone,Goa,11,0,0,45.1,9,3653.98,2321.26,50,898,488,0,0,0,359.3,0,
TXN09-02636,9,2026-06-29 11:30:30,3531.62,Coffee,90020,UPI,DEV-09-8,Web,Pune,11,0,0,16.23,10,3653.66,2318.05,75,39,1786,0,0,0,359.3,0,
TXN09-02637,9,2026-06-29 11:32:45,699.6,Software,90048,UPI,DEV-09-1,iPhone,Pune,11,0,0,2.25,11,3653.33,2314.86,10,899,1787,0,0,0,0.0,0,
TXN09-02638,9,2026-06-29 12:03:52,3106.41,Cloud Services,90011,UPI,DEV-09-2,Web,Pune,12,0,0,31.12,12,3659.4,2315.2,51,565,1788,0,0,0,0.0,0,
TXN09-02639,9,2026-06-29 12:04:33,3056.52,Software,90007,UPI,DEV-09-1,iPhone,Pune,12,0,0,0.68,13,3657.88,2312.18,141,900,1789,0,0,0,0.0,0,
TXN09-02640,9,2026-06-29 12:27:00,6861.19,Restaurants,90037,Card,DEV-09-3,iPhone,Bangalore,12,0,0,22.45,14,3656.22,2309.21,13,403,303,0,0,0,735.23,0,
TXN09-02641,9,2026-06-29 12:30:31,1843.95,Coffee,90021,Card,DEV-09-7,Android,Goa,12,0,0,3.52,15,3665.02,2312.13,46,71,489,0,0,0,454.99,0,
TXN09-02642,9,2026-06-29 12:37:40,1812.92,Restaurants,90012,UPI,DEV-09-2,Web,Goa,12,0,0,7.15,16,3660.03,2310.92,47,566,490,0,0,0,0.0,0,
TXN09-02643,9,2026-06-29 13:06:37,2779.47,Software,90006,Card,DEV-09-2,Web,Goa,13,0,0,28.95,17,3660.91,2303.25,234,567,491,0,0,0,0.0,0,
TXN09-02644,9,2026-06-29 14:28:39,621.52,Coffee,90019,UPI,DEV-09-2,Web,Pune,14,0,0,82.03,18,3642.46,2305.5,93,568,1790,0,0,0,359.3,0,
TXN09-02645,9,2026-06-29 14:28:50,5243.27,Cloud Services,90002,Card,DEV-09-2,Web,Bangalore,14,0,0,0.18,19,3634.02,2307.79,226,569,304,0,0,0,735.23,0,
TXN09-02646,9,2026-06-29 14:51:31,4723.88,Restaurants,90008,UPI,DEV-09-2,Web,Pune,14,0,0,22.68,20,3642.59,2308.06,61,570,1791,0,0,0,735.23,0,
TXN09-02647,9,2026-06-29 15:46:54,1198.34,Software,90014,UPI,DEV-09-7,Android,Bangalore,15,0,0,55.38,21,3644.09,2309.33,74,72,305,0,0,0,735.23,0,
TXN09-02648,9,2026-06-29 16:32:19,2588.72,Cloud Services,90003,UPI,DEV-09-2,Web,Pune,16,0,0,45.42,22,3630.58,2313.94,90,571,1792,0,0,0,735.23,0,
TXN09-02649,9,2026-06-29 16:51:15,6626.08,Restaurants,90005,UPI,DEV-09-6,Web,Pune,16,0,0,18.93,23,3636.83,2308.15,93,91,1793,0,0,0,0.0,0,
TXN09-02650,9,2026-06-29 18:24:26,7980.93,Cloud Services,90002,UPI,DEV-09-2,Web,Pune,18,0,0,93.18,24,3634.01,2306.21,227,572,1794,0,0,0,0.0,0,
TXN09-02651,9,2026-06-29 18:34:04,1367.34,Coffee,90044,UPI,DEV-09-2,Web,Pune,18,0,0,9.63,25,3637.46,2316.9,10,573,1795,0,0,0,0.0,0,
TXN09-02652,9,2026-06-29 18:53:30,4959.95,Restaurants,90012,UPI,DEV-09-5,Android,Pune,18,0,0,19.43,26,3629.7,2325.64,48,176,1796,0,0,0,0.0,0,
TXN09-02653,9,2026-06-29 19:56:41,4640.26,Software,90007,Card,DEV-09-21,Web,Pune,19,0,0,63.18,27,3634.6,2330.05,142,2,1797,0,0,0,0.0,0,
TXN09-02654,9,2026-06-29 19:57:18,998.46,Coffee,90024,Card,DEV-09-1,iPhone,Pune,19,0,0,0.62,28,3637.54,2327.28,27,901,1798,0,0,0,0.0,0,
TXN09-02655,9,2026-06-29 21:31:37,3028.2,Cloud Services,90030,Card,DEV-09-1,iPhone,Goa,21,0,0,94.32,29,3648.12,2335.8,19,902,492,0,0,0,359.3,0,
TXN09-02656,9,2026-06-29 21:48:22,720.44,Software,90001,UPI,DEV-09-1,iPhone,Chandigarh,21,0,0,16.75,30,3647.83,2338.26,260,903,7,0,0,0,1737.37,1,hourly_location_hopping
TXN09-02657,9,2026-06-29 21:59:08,3733.5,Cloud Services,90010,Card,DEV-09-3,iPhone,Pune,21,0,0,10.77,31,3639.04,2340.24,79,404,1799,0,0,0,1389.58,0,
TXN09-02658,9,2026-06-29 22:14:01,6267.1,Coffee,90084,Card,DEV-09-1,iPhone,Bangalore,22,0,0,14.88,32,3632.42,2339.12,1,904,306,0,0,1,735.23,0,
TXN09-02659,9,2026-06-29 22:21:05,1532.29,Software,90006,UPI,DEV-09-2,Web,Pune,22,0,0,7.07,33,3623.82,2336.44,235,574,1800,0,0,0,735.23,0,
TXN09-02660,9,2026-06-29 22:30:33,2165.23,Software,90006,Card,DEV-09-1,iPhone,Pune,22,0,0,9.47,34,3604.17,2326.72,236,905,1801,0,0,0,0.0,0,
TXN09-02661,9,2026-06-29 22:33:52,2185.14,Coffee,90021,Card,DEV-09-5,Android,Pune,22,0,0,3.32,35,3599.81,2324.54,47,177,1802,0,0,0,0.0,0,
TXN09-02662,9,2026-06-29 22:38:14,960.33,Coffee,90066,UPI,DEV-09-1,iPhone,Pune,22,0,0,4.37,36,3595.53,2322.33,3,906,1803,0,0,0,0.0,0,
TXN09-02663,9,2026-06-29 22:48:22,447.38,Software,90001,UPI,DEV-09-1,iPhone,Unknown Country,22,0,0,10.13,37,3580.97,2328.0,261,907,5,0,0,0,8307.79,1,hourly_location_hopping
TXN09-02664,9,2026-06-29 23:30:18,2971.48,Cloud Services,90065,UPI,DEV-09-1,iPhone,Bangalore,23,0,0,41.93,38,3583.73,2332.58,2,908,307,0,0,0,8663.87,0,
TXN09-02665,9,2026-06-29 23:48:22,861.77,Software,90001,UPI,DEV-09-1,iPhone,Chennai,23,0,0,18.07,39,3593.41,2330.95,262,909,5,0,0,0,290.17,1,hourly_location_hopping
TXN09-02666,9,2026-06-29 23:51:11,3631.53,Restaurants,90036,UPI,DEV-09-3,iPhone,Pune,23,0,0,2.82,40,3585.28,2335.8,11,405,1804,0,0,0,914.36,0,
TXN09-02667,9,2026-06-30 08:06:37,2518.87,Restaurants,90081,Card,DEV-09-4,iPhone,Pune,8,1,0,495.43,1,3586.1,2335.77,2,275,1805,0,0,0,0.0,0,
TXN09-02668,9,2026-06-30 08:07:18,2387.31,Restaurants,90005,Card,DEV-09-3,iPhone,Pune,8,1,0,0.68,2,3582.86,2332.96,94,406,1806,0,0,0,0.0,0,
TXN09-02669,9,2026-06-30 08:11:57,3810.77,Coffee,90020,UPI,DEV-09-4,iPhone,Pune,8,1,0,4.65,3,3579.24,2330.35,76,276,1807,0,0,0,0.0,0,
TXN09-02670,9,2026-06-30 08:31:11,3097.16,Cloud Services,90046,UPI,DEV-09-1,iPhone,Pune,8,1,0,19.23,4,3586.81,2327.03,8,910,1808,0,0,0,0.0,0,
TXN09-02671,9,2026-06-30 08:42:16,2063.56,Restaurants,90012,UPI,DEV-09-1,iPhone,Pune,8,1,0,11.08,5,3593.66,2327.72,49,911,1809,0,0,0,0.0,0,
TXN09-02672,9,2026-06-30 08:45:34,8000.0,Coffee,90019,UPI,DEV-09-1,iPhone,Pune,8,1,0,3.3,6,3594.01,2327.48,94,912,1810,0,0,0,0.0,0,
TXN09-02673,9,2026-06-30 08:53:14,3308.35,Cloud Services,90058,Card,DEV-09-6,Web,Goa,8,1,0,7.67,7,3607.36,2336.54,7,92,493,0,0,0,359.3,0,
TXN09-02674,9,2026-06-30 09:04:37,739.2,Coffee,90004,UPI,DEV-09-1,iPhone,Pune,9,1,0,11.38,8,3606.46,2333.06,224,913,1811,0,0,0,359.3,0,
TXN09-02675,9,2026-06-30 09:06:34,696.78,Cloud Services,90015,Card,DEV-09-9,iPhone,Bangalore,9,1,0,1.95,9,3597.83,2334.84,30,28,308,0,0,0,735.23,0,
TXN09-02676,9,2026-06-30 09:11:58,4491.59,Coffee,90004,Card,DEV-09-3,iPhone,Goa,9,1,0,5.4,10,3589.11,2336.73,225,407,494,0,0,0,454.99,0,
TXN09-02677,9,2026-06-30 09:15:42,1728.1,Coffee,90033,Card,DEV-09-3,iPhone,Pune,9,1,0,3.73,11,3591.82,2333.75,17,408,1812,0,0,0,359.3,0,
TXN09-02678,9,2026-06-30 09:35:53,2274.33,Coffee,90032,Card,DEV-09-1,iPhone,Pune,9,1,0,20.18,12,3586.25,2332.48,23,914,1813,0,0,0,0.0,0,
TXN09-02679,9,2026-06-30 09:54:24,2491.55,Restaurants,90051,UPI,DEV-09-12,iPhone,Pune,9,1,0,18.52,13,3582.35,2330.1,4,10,1814,0,0,0,0.0,0,
TXN09-02680,9,2026-06-30 10:51:11,2087.8,Coffee,90004,UPI,DEV-09-3,iPhone,Bangalore,10,1,0,56.78,14,3579.11,2327.4,226,409,309,0,0,0,735.23,0,
TXN09-02681,9,2026-06-30 10:51:50,1545.65,Software,90007,Card,DEV-09-4,iPhone,Pune,10,1,0,0.65,15,3574.7,2325.36,143,277,1815,0,0,0,735.23,0,
TXN09-02682,9,2026-06-30 11:09:12,882.89,Cloud Services,90003,Card,DEV-09-3,iPhone,Pune,11,1,0,17.37,16,3568.71,2324.54,91,410,1816,0,0,0,0.0,0,
TXN09-02683,9,2026-06-30 11:47:27,1736.03,Cloud Services,90003,UPI,DEV-09-2,Web,Pune,11,1,0,38.25,17,3560.81,2325.67,92,575,1817,0,0,0,0.0,0,
TXN09-02684,9,2026-06-30 11:53:55,2557.07,Cloud Services,90003,UPI,DEV-09-2,Web,Goa,11,1,0,6.47,18,3545.73,2320.83,93,576,495,0,0,0,359.3,0,
TXN09-02685,9,2026-06-30 12:26:22,4339.13,Restaurants,90001,Card,DEV-09-8,Web,Pune,12,1,0,32.45,19,3542.83,2318.04,263,40,1818,0,0,0,359.3,0,
TXN09-02686,9,2026-06-30 12:38:16,5291.06,Cloud Services,90059,UPI,DEV-09-1,iPhone,Bangalore,12,1,0,11.9,20,3545.16,2315.04,7,915,310,0,0,0,735.23,0,
TXN09-02687,9,2026-06-30 12:56:58,8000.0,Coffee,90023,Card,DEV-09-1,iPhone,Goa,12,1,0,18.7,21,3550.25,2313.58,37,916,496,0,0,0,454.99,0,
TXN09-02688,9,2026-06-30 13:04:21,7044.9,Software,90006,UPI,DEV-09-3,iPhone,Pune,13,1,0,7.38,22,3563.19,2322.61,237,411,1819,0,0,0,359.3,0,
TXN09-02689,9,2026-06-30 13:08:13,2068.6,Restaurants,90012,Card,DEV-09-8,Web,Goa,13,1,0,3.87,23,3573.28,2326.78,50,41,497,0,0,0,359.3,0,
TXN09-02690,9,2026-06-30 13:20:34,3626.74,Software,90049,Card,DEV-09-4,iPhone,Pune,13,1,0,12.35,24,3570.53,2327.99,9,278,1820,0,0,0,359.3,0,
TXN09-02691,9,2026-06-30 13:33:01,4790.98,Coffee,90004,Card,DEV-09-1,iPhone,Pune,13,1,0,12.45,25,3570.69,2324.63,227,917,1821,0,0,0,0.0,0,
TXN09-02692,9,2026-06-30 13:43:19,4860.64,Cloud Services,90043,Card,DEV-09-2,Web,Pune,13,1,0,10.3,26,3571.56,2325.03,12,577,1822,0,0,0,0.0,0,
TXN09-02693,9,2026-06-30 14:26:17,4017.65,Coffee,90020,UPI,DEV-09-1,iPhone,Pune,14,1,0,42.97,27,3580.35,2324.13,77,918,1823,0,0,0,0.0,1,ato_higher_amount
TXN09-02694,9,2026-06-30 14:28:52,2411.17,Restaurants,90008,UPI,DEV-09-2,Web,Pune,14,1,0,2.58,28,3581.61,2320.9,62,578,1824,0,0,0,0.0,0,
TXN09-02695,9,2026-06-30 16:00:27,972.36,Cloud Services,90003,Card,DEV-09-15,Web,Pune,16,1,0,91.58,29,3581.52,2320.98,94,6,1825,0,0,0,0.0,0,
TXN09-02696,9,2026-06-30 16:02:03,519.25,Software,90047,UPI,DEV-09-1,iPhone,Pune,16,1,0,1.6,30,3574.01,2321.85,13,919,1826,0,0,0,0.0,0,
TXN09-02697,9,2026-06-30 16:23:34,2351.2,Coffee,90004,Card,DEV-09-9,iPhone,Pune,16,1,0,21.52,31,3565.23,2324.27,228,29,1827,0,0,0,0.0,0,
TXN09-02698,9,2026-06-30 16:41:36,3840.65,Restaurants,90008,UPI,DEV-09-1,iPhone,Pune,16,1,0,18.03,32,3554.38,2321.1,63,920,1828,0,0,0,0.0,0,
TXN09-02699,9,2026-06-30 16:54:50,3947.91,Restaurants,90009,UPI,DEV-09-4,iPhone,Pune,16,1,0,13.23,33,3555.99,2314.96,50,279,1829,0,0,0,0.0,0,
TXN09-02700,9,2026-06-30 17:12:40,3411.22,Cloud Services,90002,UPI,DEV-09-4,iPhone,Pune,17,1,0,17.83,34,3557.12,2311.72,228,280,1830,0,0,0,0.0,0,
TXN09-02701,9,2026-06-30 17:24:14,2956.87,Coffee,90004,UPI,DEV-09-4,iPhone,Bangalore,17,1,0,11.57,35,3556.7,2308.42,229,281,311,0,0,0,735.23,0,
TXN09-02702,9,2026-06-30 17:24:47,1126.54,Software,90006,Card,DEV-09-2,Web,Pune,17,1,0,0.55,36,3554.99,2305.34,238,579,1831,0,0,0,735.23,0,
TXN09-02703,9,2026-06-30 17:38:25,2930.87,Cloud Services,90002,UPI,DEV-09-3,iPhone,Pune,17,1,0,13.63,37,3548.07,2305.69,229,412,1832,0,0,0,0.0,0,
TXN09-02704,9,2026-06-30 18:12:37,4478.19,Cloud Services,90038,Card,DEV-09-1,iPhone,Pune,18,1,0,34.2,38,3548.52,2305.56,15,921,1833,0,0,0,0.0,0,
TXN09-02705,9,2026-06-30 18:17:39,2739.07,Coffee,90085,UPI,DEV-09-6,Web,Pune,18,1,0,5.03,39,3551.16,2302.81,1,93,1834,0,0,1,0.0,0,
TXN09-02706,9,2026-06-30 18:24:59,3817.85,Cloud Services,90043,Card,DEV-09-1,iPhone,Pune,18,1,0,7.33,40,3548.86,2299.95,13,922,1835,0,0,0,0.0,0,
TXN09-02707,9,2026-06-30 18:33:04,1735.79,Software,90040,UPI,DEV-09-5,Android,Pune,18,1,0,8.08,41,3549.62,2296.75,12,178,1836,0,0,0,0.0,0,
TXN09-02708,9,2026-06-30 18:52:50,2182.28,Coffee,90023,UPI,DEV-09-7,Android,Pune,18,1,0,19.77,42,3552.09,2299.02,38,73,1837,0,0,0,0.0,0,
TXN09-02709,9,2026-06-30 18:53:24,2318.78,Restaurants,90001,UPI,DEV-09-9,iPhone,Pune,18,1,0,0.57,43,3548.22,2296.92,264,30,1838,0,0,0,0.0,0,
TXN09-02710,9,2026-06-30 19:02:32,5333.84,Restaurants,90063,UPI,DEV-09-1,iPhone,Pune,19,1,0,9.13,44,3544.76,2294.61,5,923,1839,0,0,0,0.0,0,
TXN09-02711,9,2026-06-30 19:06:39,4096.36,Software,90016,Card,DEV-09-3,iPhone,Goa,19,1,0,4.12,45,3549.78,2293.34,45,413,498,0,0,0,359.3,0,
TXN09-02712,9,2026-06-30 19:57:36,1739.46,Coffee,90044,Card,DEV-09-2,Web,Pune,19,1,0,50.95,46,3565.73,2288.64,11,580,1840,0,0,0,359.3,0,
TXN09-02713,9,2026-06-30 20:05:57,8000.0,Software,90163,Card,DEV-09-3,iPhone,Pune,20,1,0,8.35,47,3560.6,2287.47,1,414,1841,0,0,1,0.0,1,ato_new_merchant_same_category
TXN09-02714,9,2026-06-30 20:08:02,3789.0,Restaurants,90063,Card,DEV-09-2,Web,Pune,20,1,0,2.08,48,3573.04,2296.28,6,581,1842,0,0,0,0.0,0,
TXN09-02715,9,2026-06-30 20:19:49,7065.72,Software,90029,UPI,DEV-09-2,Web,Pune,20,1,0,11.78,49,3578.25,2294.65,28,582,1843,0,0,0,0.0,0,
TXN09-02716,9,2026-06-30 20:29:49,3310.07,Restaurants,90001,UPI,DEV-09-1,iPhone,Pune,20,1,0,10.0,50,3587.99,2298.83,265,924,1844,0,0,0,0.0,0,
TXN09-02717,9,2026-06-30 20:40:09,1263.52,Software,90006,Card,DEV-09-4,iPhone,Goa,20,1,0,10.33,51,3579.55,2294.28,239,282,499,0,0,0,359.3,0,
TXN09-02718,9,2026-06-30 20:57:29,6363.68,Cloud Services,90002,UPI,DEV-09-3,iPhone,Pune,20,1,0,17.33,52,3573.1,2294.33,230,415,1845,0,0,0,359.3,0,
TXN09-02719,9,2026-06-30 20:59:47,1269.29,Restaurants,90005,UPI,DEV-09-1,iPhone,Pune,20,1,0,2.3,53,3580.85,2295.84,95,925,1846,0,0,0,0.0,0,
TXN09-02720,9,2026-06-30 21:00:01,496.92,Coffee,90024,UPI,DEV-09-1,iPhone,Pune,21,1,0,0.23,54,3574.45,2295.88,28,926,1847,0,0,0,0.0,0,
TXN09-02721,9,2026-06-30 21:19:46,2164.07,Cloud Services,90034,UPI,DEV-09-5,Android,Pune,21,1,0,19.75,55,3568.1,2301.2,26,179,1848,0,0,0,0.0,0,
TXN09-02722,9,2026-06-30 21:37:40,2664.1,Software,90014,Card,DEV-09-5,Android,Pune,21,1,0,17.9,56,3564.22,2299.2,75,180,1849,0,0,0,0.0,0,
TXN09-02723,9,2026-06-30 21:37:52,1030.52,Software,90006,Card,DEV-09-2,Web,Pune,21,1,0,0.2,57,3561.74,2296.52,240,583,1850,0,0,0,0.0,0,
TXN09-02724,9,2026-06-30 22:10:16,3946.02,Cloud Services,90011,Card,DEV-09-2,Web,Goa,22,1,0,32.4,58,3554.79,2297.19,52,584,500,0,0,0,359.3,0,
TXN09-02725,9,2026-06-30 22:13:03,963.33,Software,90048,Card,DEV-09-4,iPhone,Bangalore,22,1,0,2.78,59,3555.86,2294.13,11,283,312,0,0,0,454.99,0,
TXN09-02726,9,2026-06-30 22:21:07,8000.0,Restaurants,90041,UPI,DEV-09-1,iPhone,Pune,22,1,0,8.07,60,3548.78,2294.99,10,927,1851,0,0,0,735.23,0,
TXN09-02727,9,2026-06-30 22:35:45,1809.31,Cloud Services,90046,Card,DEV-09-4,iPhone,Pune,22,1,0,14.63,61,3560.91,2303.57,9,284,1852,0,0,0,0.0,0,
TXN09-02728,9,2026-06-30 22:47:09,1488.48,Coffee,90004,Card,DEV-09-1,iPhone,Pune,22,1,0,11.4,62,3556.96,2305.33,230,928,1853,0,0,0,0.0,0,
TXN09-02729,9,2026-06-30 22:52:53,3267.02,Software,90016,Card,DEV-09-2,Web,Pune,22,1,0,5.73,63,3558.93,2303.26,46,585,1854,0,0,0,0.0,0,
TXN09-02730,9,2026-06-30 23:09:55,3426.28,Software,90007,UPI,DEV-09-4,iPhone,Pune,23,1,0,17.03,64,3558.13,2300.17,144,285,1855,0,0,0,0.0,0,
TXN09-02731,9,2026-06-30 23:19:16,2419.12,Coffee,90019,Card,DEV-09-8,Web,Pune,23,1,0,9.35,65,3557.78,2297.07,95,42,1856,0,0,0,0.0,0,
TXN09-02732,9,2026-06-30 23:57:08,8000.0,Restaurants,90005,UPI,DEV-09-2,Web,Goa,23,1,0,37.87,66,3562.79,2297.66,96,586,501,0,0,0,359.3,0,
TXN09-02733,9,2026-07-01 08:04:39,3201.24,Software,90082,UPI,DEV-09-1,iPhone,Pune,8,2,0,487.52,1,3574.81,2306.11,3,929,1857,0,0,0,359.3,0,
TXN09-02734,9,2026-07-01 08:07:44,2927.0,Restaurants,90041,UPI,DEV-09-7,Android,Goa,8,2,0,3.08,2,3573.81,2303.07,11,74,502,0,0,0,359.3,0,
TXN09-02735,9,2026-07-01 08:35:38,1242.27,Coffee,90004,Card,DEV-09-1,iPhone,Pune,8,2,0,27.9,3,3571.32,2303.27,231,930,1858,0,0,0,359.3,0,
TXN09-02736,9,2026-07-01 08:55:20,4450.93,Restaurants,90001,Card,DEV-09-9,iPhone,Pune,8,2,0,19.7,4,3551.58,2302.11,266,31,1859,0,0,0,0.0,0,
TXN09-02737,9,2026-07-01 09:00:56,6669.63,Restaurants,90036,Card,DEV-09-1,iPhone,Pune,9,2,0,5.6,5,3554.01,2299.47,12,931,1860,0,0,0,0.0,0,
TXN09-02738,9,2026-07-01 09:00:59,6421.29,Restaurants,90008,UPI,DEV-09-10,iPhone,Pune,9,2,0,0.05,6,3562.41,2302.04,64,20,1861,0,0,0,0.0,0,
TXN09-02739,9,2026-07-01 09:06:12,4302.48,Restaurants,90001,Card,DEV-09-9,iPhone,Pune,9,2,0,5.22,7,3570.09,2303.71,267,32,1862,0,0,0,0.0,0,
TXN09-02740,9,2026-07-01 09:13:40,1405.17,Cloud Services,90086,Card,DEV-09-1,iPhone,Pune,9,2,0,7.47,8,3572.05,2300.93,1,932,1863,0,0,1,0.0,0,
TXN09-02741,9,2026-07-01 09:18:20,1346.23,Cloud Services,90003,UPI,DEV-09-1,iPhone,Pune,9,2,0,4.67,9,3566.26,2300.57,95,933,1864,0,0,0,0.0,0,
TXN09-02742,9,2026-07-01 09:57:20,1467.86,Software,90006,UPI,DEV-09-1,iPhone,Pune,9,2,0,39.0,10,3570.16,2313.61,241,934,1865,0,0,0,0.0,0,
TXN09-02743,9,2026-07-01 09:58:19,2752.92,Restaurants,90041,Card,DEV-09-6,Web,Pune,9,2,0,0.98,11,3564.49,2313.06,12,94,1866,0,0,0,0.0,0,
TXN09-02744,9,2026-07-01 10:29:45,3771.69,Software,90006,UPI,DEV-09-2,Web,Pune,10,2,0,31.43,12,3562.31,2310.33,242,587,1867,0,0,0,0.0,0,
TXN09-02745,9,2026-07-01 10:49:04,6468.87,Coffee,90035,Card,DEV-09-11,iPhone,Goa,10,2,0,19.32,13,3565.85,2313.0,15,13,503,0,0,0,359.3,0,
TXN09-02746,9,2026-07-01 11:18:44,1711.74,Software,90006,UPI,DEV-09-1,iPhone,Pune,11,2,0,29.67,14,3561.72,2306.44,243,935,1868,0,0,0,359.3,0,
TXN09-02747,9,2026-07-01 11:20:17,3260.16,Coffee,90004,Card,DEV-09-7,Android,Goa,11,2,0,1.55,15,3556.75,2305.33,232,75,504,0,0,0,359.3,0,
TXN09-02748,9,2026-07-01 11:28:09,1982.16,Restaurants,90009,Card,DEV-09-6,Web,Pune,11,2,0,7.87,16,3555.96,2302.28,51,95,1869,0,0,0,359.3,0,
TXN09-02749,9,2026-07-01 11:39:00,4889.05,Software,90007,Card,DEV-09-5,Android,Bangalore,11,2,0,10.85,17,3541.45,2301.12,145,181,313,0,0,0,735.23,0,
TXN09-02750,9,2026-07-01 11:47:20,1980.09,Software,90050,Card,DEV-09-1,iPhone,Pune,11,2,0,8.33,18,3545.06,2299.09,6,936,1870,0,0,0,735.23,0,
TXN09-02751,9,2026-07-01 11:52:38,8000.0,Restaurants,90012,Card,DEV-09-3,iPhone,Pune,11,2,0,5.3,19,3546.33,2298.09,51,416,1871,0,0,0,0.0,0,
TXN09-02752,9,2026-07-01 12:18:07,1280.41,Cloud Services,90053,UPI,DEV-09-1,iPhone,Pune,12,2,0,25.48,20,3558.24,2306.51,12,937,1872,0,0,0,0.0,0,
TXN09-02753,9,2026-07-01 12:21:13,999.61,Software,90006,Card,DEV-09-3,iPhone,Goa,12,2,0,3.1,21,3552.17,2306.42,244,417,505,0,0,0,359.3,0,
TXN09-02754,9,2026-07-01 12:29:07,4116.34,Cloud Services,90011,Card,DEV-09-1,iPhone,Pune,12,2,0,7.9,22,3545.38,2307.1,53,938,1873,0,0,0,359.3,0,
TXN09-02755,9,2026-07-01 12:34:48,1823.97,Software,90014,Card,DEV-09-2,Web,Pune,12,2,0,5.68,23,3546.89,2304.23,76,588,1874,0,0,0,0.0,0,
TXN09-02756,9,2026-07-01 12:37:30,3240.61,Restaurants,90001,UPI,DEV-09-1,iPhone,Pune,12,2,0,2.7,24,3542.33,2302.88,268,939,1875,0,0,0,0.0,0,
TXN09-02757,9,2026-07-01 12:41:20,5425.09,Restaurants,90008,Card,DEV-09-2,Web,Pune,12,2,0,3.83,25,3550.12,2299.9,65,589,1876,0,0,0,0.0,0,
TXN09-02758,9,2026-07-01 13:16:20,3655.58,Cloud Services,90043,Card,DEV-09-6,Web,Goa,13,2,0,35.0,26,3561.3,2299.45,14,96,506,0,0,0,359.3,0,
TXN09-02759,9,2026-07-01 13:17:06,2139.04,Software,90048,Card,DEV-09-2,Web,Pune,13,2,0,0.77,27,3561.55,2296.38,12,590,1877,0,0,0,359.3,0,
TXN09-02760,9,2026-07-01 13:24:57,3343.52,Restaurants,90083,UPI,DEV-09-1,iPhone,Bangalore,13,2,0,7.85,28,3557.77,2294.5,2,940,314,0,0,0,735.23,0,
TXN09-02761,9,2026-07-01 13:39:16,1721.08,Restaurants,90001,UPI,DEV-09-1,iPhone,Pune,13,2,0,14.32,29,3555.34,2294.24,269,941,1878,0,0,0,735.23,0,
TXN09-02762,9,2026-07-01 14:41:57,2973.87,Restaurants,90005,UPI,DEV-09-12,iPhone,Goa,14,2,0,62.68,30,3550.66,2289.58,97,11,507,0,0,0,359.3,0,
TXN09-02763,9,2026-07-01 14:46:57,8000.0,Coffee,90004,UPI,DEV-09-2,Web,Pune,14,2,0,5.0,31,3549.12,2286.72,233,591,1879,0,0,0,359.3,0,
TXN09-02764,9,2026-07-01 14:50:03,5470.85,Restaurants,90041,UPI,DEV-09-3,iPhone,Pune,14,2,0,3.1,32,3560.96,2295.16,13,418,1880,0,0,0,0.0,0,
TXN09-02765,9,2026-07-01 14:50:42,3130.47,Cloud Services,90011,UPI,DEV-09-4,iPhone,Pune,14,2,0,0.65,33,3566.02,2294.21,54,286,1881,0,0,0,0.0,0,
TXN09-02766,9,2026-07-01 14:57:45,2048.77,Coffee,90021,Card,DEV-09-6,Web,Pune,14,2,0,7.05,34,3567.72,2293.65,48,97,1882,0,0,0,0.0,0,
TXN09-02767,9,2026-07-01 15:02:36,2110.95,Software,90006,Card,DEV-09-2,Web,Pune,15,2,0,4.85,35,3563.7,2291.94,245,592,1883,0,0,0,0.0,0,
TXN09-02768,9,2026-07-01 15:22:44,2597.83,Coffee,90057,Card,DEV-09-6,Web,Pune,15,2,0,20.13,36,3562.46,2292.6,8,98,1884,0,0,0,0.0,0,
TXN09-02769,9,2026-07-01 15:29:46,7616.19,Cloud Services,90043,Card,DEV-09-3,iPhone,Pune,15,2,0,7.03,37,3563.82,2291.88,15,419,1885,0,0,0,0.0,0,
TXN09-02770,9,2026-07-01 15:40:16,1968.24,Software,90001,UPI,DEV-09-1,iPhone,Kochi,15,2,0,10.5,38,3574.51,2298.28,270,942,6,0,0,0,989.71,1,hourly_location_hopping
TXN09-02771,9,2026-07-01 15:46:32,3371.79,Cloud Services,90011,Card,DEV-09-6,Web,Pune,15,2,0,6.27,39,3570.28,2296.73,55,99,1886,0,0,0,989.71,0,
TXN09-02772,9,2026-07-01 15:59:07,2904.16,Coffee,90021,Card,DEV-09-2,Web,Goa,15,2,0,12.58,40,3570.11,2296.74,49,593,508,0,0,0,359.3,0,
TXN09-02773,9,2026-07-01 16:00:43,5179.79,Cloud Services,90072,UPI,DEV-09-3,iPhone,Pune,16,2,0,1.6,41,3568.36,2293.98,5,420,1887,0,0,0,359.3,0,
TXN09-02774,9,2026-07-01 16:10:14,3717.92,Restaurants,90061,Card,DEV-09-10,iPhone,Pune,16,2,0,9.52,42,3561.2,2289.09,7,21,1888,0,0,0,0.0,0,
TXN09-02775,9,2026-07-01 16:38:12,3094.75,Cloud Services,90015,Card,DEV-09-4,iPhone,Pune,16,2,0,27.97,43,3568.25,2285.44,31,287,1889,0,0,0,0.0,0,
TXN09-02776,9,2026-07-01 16:40:16,4379.85,Software,90001,UPI,DEV-09-1,iPhone,Mumbai,16,2,0,2.07,44,3567.0,2282.56,271,943,1,0,1,0,120.15,1,hourly_location_hopping
TXN09-02777,9,2026-07-01 16:43:52,3636.2,Software,90047,UPI,DEV-09-5,Android,Pune,16,2,0,3.6,45,3566.85,2273.47,14,182,1890,0,0,0,120.15,0,
TXN09-02778,9,2026-07-01 16:52:45,6382.69,Restaurants,90012,Card,DEV-09-6,Web,Pune,16,2,0,8.88,46,3573.99,2269.44,52,100,1891,0,0,0,0.0,0,
TXN09-02779,9,2026-07-01 16:52:55,4124.7,Restaurants,90076,Card,DEV-09-4,iPhone,Pune,16,2,0,0.17,47,3581.4,2271.02,3,288,1892,0,0,0,0.0,0,
TXN09-02780,9,2026-07-01 17:13:31,4237.19,Software,90016,Card,DEV-09-1,iPhone,Bangalore,17,2,0,20.6,48,3588.36,2268.62,47,944,315,0,0,0,735.23,0,
TXN09-02781,9,2026-07-01 17:21:40,3216.19,Software,90007,Card,DEV-09-2,Web,Goa,17,2,0,8.15,49,3590.97,2268.8,146,594,509,0,0,0,454.99,0,
TXN09-02782,9,2026-07-01 17:26:22,8000.0,Software,90050,UPI,DEV-09-1,iPhone,Pune,17,2,0,4.7,50,3589.98,2265.9,7,945,1893,0,0,0,359.3,0,
TXN09-02783,9,2026-07-01 17:32:29,1214.0,Coffee,90004,UPI,DEV-09-3,iPhone,Pune,17,2,0,6.12,51,3601.56,2274.14,234,421,1894,0,0,0,0.0,0,
TXN09-02784,9,2026-07-01 17:38:32,5346.4,Software,90049,Card,DEV-09-2,Web,Pune,17,2,0,6.05,52,3594.45,2277.36,10,595,1895,0,0,0,0.0,0,
TXN09-02785,9,2026-07-01 17:39:56,6247.37,Software,90016,UPI,DEV-09-1,iPhone,Pune,17,2,0,1.4,53,3599.04,2276.14,48,946,1896,0,0,0,0.0,0,
TXN09-02786,9,2026-07-01 17:40:16,2690.47,Software,90001,UPI,DEV-09-1,iPhone,New York,17,2,0,0.33,54,3605.95,2277.18,272,947,7,0,0,0,12639.18,1,hourly_location_hopping
TXN09-02787,9,2026-07-01 18:10:19,1413.54,Software,90007,Card,DEV-09-1,iPhone,Pune,18,2,0,30.05,55,3611.24,2278.81,147,948,1897,0,0,0,12639.18,0,
TXN09-02788,9,2026-07-01 18:31:18,3722.22,Restaurants,90001,Card,DEV-09-3,iPhone,Pune,18,2,0,20.98,56,3612.43,2277.54,273,422,1898,0,0,0,0.0,0,
TXN09-02789,9,2026-07-01 19:43:25,2540.03,Coffee,90033,Card,DEV-09-1,iPhone,Goa,19,2,0,72.12,57,3621.64,2274.5,18,949,510,0,0,0,359.3,0,
TXN09-02790,9,2026-07-01 19:55:51,3788.04,Coffee,90045,Card,DEV-09-5,Android,Bangalore,19,2,0,12.43,58,3624.55,2272.42,4,183,316,0,0,0,454.99,0,
TXN09-02791,9,2026-07-01 19:59:02,2817.66,Software,90018,Card,DEV-09-3,iPhone,Pune,19,2,0,3.18,59,3624.99,2269.4,51,423,1899,0,0,0,735.23,0,
TXN09-02792,9,2026-07-01 20:19:56,1704.17,Software,90018,UPI,DEV-09-25,Web,Pune,20,2,0,20.9,60,3611.17,2258.47,52,1,1900,1,0,0,0.0,0,
TXN09-02793,9,2026-07-01 20:36:20,3379.79,Cloud Services,90002,Card,DEV-09-2,Web,Kochi,20,2,0,16.4,61,3600.05,2257.56,231,596,7,0,0,0,989.71,0,
TXN09-02794,9,2026-07-01 20:39:50,1340.36,Coffee,90019,Card,DEV-09-2,Web,Pune,20,2,0,3.5,62,3603.87,2255.97,96,597,1901,0,0,0,989.71,0,
TXN09-02795,9,2026-07-01 21:26:41,6449.41,Software,90014,Card,DEV-09-3,iPhone,Pune,21,2,0,46.85,63,3614.02,2261.76,77,424,1902,0,0,0,0.0,0,
TXN09-02796,9,2026-07-01 22:17:35,3388.86,Cloud Services,90003,Card,DEV-09-3,iPhone,Bangalore,22,2,0,50.9,64,3607.12,2258.07,96,425,317,0,0,0,735.23,0,
TXN09-02797,9,2026-07-01 22:30:17,1574.49,Coffee,90004,UPI,DEV-09-2,Web,Pune,22,2,0,12.7,65,3607.08,2258.07,235,598,1903,0,0,0,735.23,0,
TXN09-02798,9,2026-07-01 22:44:03,3642.94,Coffee,90004,Card,DEV-09-1,iPhone,Pune,22,2,0,13.77,66,3598.01,2259.48,236,950,1904,0,0,0,0.0,0,
TXN09-02799,9,2026-07-01 23:11:42,3290.81,Software,90014,Card,DEV-09-5,Android,Pune,23,2,0,27.65,67,3598.35,2264.21,78,184,1905,0,0,0,0.0,0,
TXN09-02800,9,2026-07-01 23:21:32,3122.62,Cloud Services,90027,UPI,DEV-09-3,iPhone,Pune,23,2,0,9.83,68,3597.51,2261.19,30,426,1906,0,0,0,0.0,0,
TXN09-02801,9,2026-07-01 23:48:07,2493.54,Coffee,90019,UPI,DEV-09-1,iPhone,Pune,23,2,0,26.58,69,3537.43,2076.53,97,951,1907,0,0,0,0.0,0,
TXN09-02802,9,2026-07-01 23:49:12,6104.04,Coffee,90066,UPI,DEV-09-2,Web,Pune,23,2,0,1.08,70,3534.6,2074.42,4,599,1908,0,0,0,0.0,0,
TXN09-02803,9,2026-07-02 09:02:08,2850.81,Cloud Services,90010,UPI,DEV-09-4,iPhone,Pune,9,3,0,552.93,1,3519.39,2063.94,80,289,1909,0,0,0,0.0,0,
TXN09-02804,9,2026-07-02 09:34:24,1961.35,Coffee,90052,UPI,DEV-09-1,iPhone,Goa,9,3,0,32.27,2,3511.94,2065.74,11,952,511,0,0,0,359.3,0,
TXN09-02805,9,2026-07-02 10:44:07,5848.97,Software,90007,Card,DEV-09-1,iPhone,Goa,10,3,0,69.72,3,3519.21,2061.14,148,953,512,0,0,0,0.0,0,
TXN09-02806,9,2026-07-02 11:09:49,5697.51,Restaurants,90001,UPI,DEV-09-6,Web,Pune,11,3,0,25.7,4,3522.82,2064.09,274,101,1910,0,0,0,359.3,0,
TXN09-02807,9,2026-07-02 11:21:36,2883.49,Software,90016,UPI,DEV-09-8,Web,Pune,11,3,0,11.78,5,3531.27,2066.83,49,43,1911,0,0,0,0.0,0,
TXN09-02808,9,2026-07-02 11:42:54,8000.0,Software,90018,UPI,DEV-09-3,iPhone,Pune,11,3,0,21.3,6,3537.96,2060.88,53,427,1912,0,0,0,0.0,0,
TXN09-02809,9,2026-07-02 12:15:42,8000.0,Coffee,90087,UPI,DEV-09-7,Android,Pune,12,3,0,32.8,7,3556.13,2071.67,1,76,1913,0,0,1,0.0,0,
TXN09-02810,9,2026-07-02 12:16:08,1832.9,Restaurants,90013,Card,DEV-09-10,iPhone,Pune,12,3,0,0.43,8,3568.61,2082.08,43,22,1914,0,0,0,0.0,0,
TXN09-02811,9,2026-07-02 12:27:07,837.88,Software,90006,Card,DEV-09-1,iPhone,Goa,12,3,0,10.98,9,3563.75,2081.19,246,954,513,0,0,0,359.3,0,
TXN09-02812,9,2026-07-02 12:45:17,4768.66,Software,90006,UPI,DEV-09-3,iPhone,Pune,12,3,0,18.17,10,3556.12,2089.48,247,428,1915,0,0,0,359.3,0,
TXN09-02813,9,2026-07-02 13:34:17,1446.09,Coffee,90024,UPI,DEV-09-1,iPhone,Pune,13,3,0,49.0,11,3558.2,2091.91,29,955,1916,0,0,0,0.0,0,
TXN09-02814,9,2026-07-02 14:29:37,689.34,Restaurants,90008,UPI,DEV-09-5,Android,Pune,14,3,0,55.33,12,3555.28,2097.49,66,185,1917,0,0,0,0.0,0,
TXN09-02815,9,2026-07-02 14:40:48,1480.7,Coffee,90035,UPI,DEV-09-5,Android,Goa,14,3,0,11.18,13,3553.83,2099.29,16,186,514,0,0,0,359.3,0,
TXN09-02816,9,2026-07-02 14:50:46,1150.4,Software,90047,UPI,DEV-09-2,Web,Pune,14,3,0,9.97,14,3538.03,2091.06,15,600,1918,0,0,0,359.3,0,
TXN09-02817,9,2026-07-02 15:20:41,7527.59,Coffee,90045,Card,DEV-09-7,Android,Pune,15,3,0,29.92,15,3510.68,2084.61,5,77,1919,0,0,0,0.0,0,
TXN09-02818,9,2026-07-02 15:43:46,1027.8,Restaurants,90005,UPI,DEV-09-7,Android,Bangalore,15,3,0,23.08,16,3517.99,2094.18,98,78,318,0,0,0,735.23,0,
TXN09-02819,9,2026-07-02 15:48:45,7475.84,Restaurants,90031,UPI,DEV-09-7,Android,Pune,15,3,0,4.98,17,3510.87,2095.41,18,79,1920,0,0,0,735.23,0,
TXN09-02820,9,2026-07-02 16:01:46,2348.66,Software,90007,UPI,DEV-09-9,iPhone,Goa,16,3,0,13.02,18,3509.37,2092.38,149,33,515,0,0,0,359.3,0,
TXN09-02821,9,2026-07-02 16:32:17,7487.02,Software,90007,Card,DEV-09-26,Android,Goa,16,3,0,30.52,19,3500.94,2090.35,150,1,516,1,0,0,0.0,0,
TXN09-02822,9,2026-07-02 16:33:22,759.93,Software,90077,Card,DEV-09-7,Android,Goa,16,3,0,1.08,20,3512.33,2098.18,3,80,517,0,0,0,0.0,0,
TXN09-02823,9,2026-07-02 17:53:38,1090.58,Restaurants,90041,Card,DEV-09-4,iPhone,Goa,17,3,0,80.27,21,3502.12,2103.5,14,290,518,0,0,0,0.0,0,
TXN09-02824,9,2026-07-02 18:01:59,6351.84,Cloud Services,90003,UPI,DEV-09-3,iPhone,Goa,18,3,0,8.35,22,3497.7,2106.95,97,429,519,0,0,0,0.0,0,
TXN09-02825,9,2026-07-02 18:18:06,2802.17,Restaurants,90013,Card,DEV-09-1,iPhone,Pune,18,3,0,16.12,23,3498.79,2113.09,44,956,1921,0,0,0,359.3,0,
TXN09-02826,9,2026-07-02 19:10:12,3300.98,Coffee,90023,Card,DEV-09-1,iPhone,Pune,19,3,0,52.1,24,3481.21,2104.07,39,957,1922,0,0,0,0.0,0,
TXN09-02827,9,2026-07-02 19:19:52,413.22,Cloud Services,90011,UPI,DEV-09-1,iPhone,Pune,19,3,0,9.67,25,3467.55,2089.89,56,958,1923,0,0,0,0.0,0,
TXN09-02828,9,2026-07-02 20:51:39,3193.56,Coffee,90021,UPI,DEV-09-2,Web,Pune,20,3,0,91.78,26,3450.49,2087.84,50,601,1924,0,0,0,0.0,0,
TXN09-02829,9,2026-07-02 21:19:39,3304.04,Cloud Services,90046,Card,DEV-09-5,Android,Pune,21,3,0,28.0,27,3454.65,2092.38,10,187,1925,0,0,0,0.0,0,
TXN09-02830,9,2026-07-02 21:36:18,1475.85,Software,90048,UPI,DEV-09-3,iPhone,Pune,21,3,0,16.65,28,3454.2,2089.3,13,430,1926,0,0,0,0.0,0,
TXN09-02831,9,2026-07-02 23:07:09,2631.35,Cloud Services,90030,Card,DEV-09-2,Web,Pune,23,3,0,90.85,29,3464.85,2091.6,20,602,1927,0,0,0,0.0,0,
TXN09-02832,9,2026-07-02 23:20:23,1391.24,Coffee,90020,UPI,DEV-09-5,Android,Pune,23,3,0,13.23,30,3462.34,2088.94,78,188,1928,0,0,0,0.0,0,
TXN09-02833,9,2026-07-02 23:36:12,5163.05,Restaurants,90005,Card,DEV-09-3,iPhone,Goa,23,3,0,15.82,31,3456.12,2088.88,99,431,520,0,0,0,359.3,0,
TXN09-02834,9,2026-07-03 02:29:13,2632.5,Cloud Services,90174,Card,DEV-09-2,Web,Pune,2,4,0,173.02,1,3461.23,2087.83,1,603,1929,0,0,1,359.3,1,ato_odd_hour_new_merchant_same_category
TXN09-02835,9,2026-07-03 08:26:53,1820.18,Cloud Services,90015,Card,DEV-09-8,Web,Pune,8,4,0,357.67,2,3458.76,2085.21,32,44,1930,0,0,0,0.0,0,
TXN09-02836,9,2026-07-03 08:38:47,4837.58,Software,90006,Card,DEV-09-16,Android,Pune,8,4,0,11.9,3,3460.71,2083.36,248,3,1931,0,0,0,0.0,0,
TXN09-02837,9,2026-07-03 09:04:53,7268.16,Software,90048,UPI,DEV-09-16,Android,Pune,9,4,0,26.1,4,3464.27,2084.69,14,4,1932,0,0,0,0.0,0,
TXN09-02838,9,2026-07-03 09:31:18,4593.66,Restaurants,90088,Card,DEV-09-2,Web,Pune,9,4,0,26.42,5,3475.59,2091.88,1,604,1933,0,0,1,0.0,0,
TXN09-02839,9,2026-07-03 09:46:55,2686.84,Software,90006,Card,DEV-09-2,Web,Pune,9,4,0,15.62,6,3478.91,2089.66,249,605,1934,0,0,0,0.0,0,
TXN09-02840,9,2026-07-03 11:32:17,2809.17,Software,90016,UPI,DEV-09-5,Android,Goa,11,4,0,105.37,7,3481.18,2088.38,50,189,521,0,0,0,359.3,0,
TXN09-02841,9,2026-07-03 11:33:37,848.67,Software,90029,Card,DEV-09-5,Android,Pune,11,4,0,1.33,8,3479.19,2085.61,29,190,1935,0,0,0,359.3,0,
TXN09-02842,9,2026-07-03 11:35:00,2024.13,Coffee,90019,UPI,DEV-09-2,Web,Bangalore,11,4,0,1.38,9,3471.43,2087.41,98,606,319,0,0,0,735.23,0,
TXN09-02843,9,2026-07-03 12:07:36,2049.91,Cloud Services,90002,Card,DEV-09-3,iPhone,Pune,12,4,0,32.6,10,3467.17,2085.81,232,432,1936,0,0,0,735.23,0,
TXN09-02844,9,2026-07-03 12:11:24,5844.57,Coffee,90074,UPI,DEV-09-2,Web,Goa,12,4,0,3.8,11,3463.02,2084.16,3,607,522,0,0,0,359.3,0,
TXN09-02845,9,2026-07-03 12:37:49,2753.21,Coffee,90073,UPI,DEV-09-3,iPhone,Pune,12,4,0,26.42,12,3488.16,2084.19,3,433,1937,0,0,0,359.3,0,
TXN09-02846,9,2026-07-03 12:55:19,6622.4,Cloud Services,90002,UPI,DEV-09-2,Web,Pune,12,4,0,17.5,13,3486.0,2081.5,233,608,1938,0,0,0,0.0,0,
TXN09-02847,9,2026-07-03 12:58:20,4745.09,Restaurants,90009,Card,DEV-09-1,iPhone,Pune,12,4,0,3.02,14,3495.19,2085.36,52,959,1939,0,0,0,0.0,0,
TXN09-02848,9,2026-07-03 13:10:12,2153.32,Restaurants,90008,Card,DEV-09-2,Web,Pune,13,4,0,11.87,15,3498.85,2083.4,67,609,1940,0,0,0,0.0,0,
TXN09-02849,9,2026-07-03 13:19:22,365.77,Coffee,90033,UPI,DEV-09-4,iPhone,Pune,13,4,0,9.17,16,3494.93,2081.63,19,291,1941,0,0,0,0.0,0,
TXN09-02850,9,2026-07-03 13:55:37,5001.88,Restaurants,90001,Card,DEV-09-3,iPhone,Goa,13,4,0,36.25,17,3491.58,2085.72,275,434,523,0,0,0,359.3,0,
TXN09-02851,9,2026-07-03 15:25:08,2952.89,Software,90016,UPI,DEV-09-2,Web,Pune,15,4,0,89.52,18,3486.93,2078.38,51,610,1942,0,0,0,359.3,0,
TXN09-02852,9,2026-07-03 15:52:56,3861.98,Coffee,90021,UPI,DEV-09-2,Web,Goa,15,4,0,27.8,19,3485.36,2075.54,51,611,524,0,0,0,359.3,0,
TXN09-02853,9,2026-07-03 16:35:23,6466.85,Cloud Services,90010,Card,DEV-09-4,iPhone,Bangalore,16,4,0,42.45,20,3483.32,2061.51,81,292,320,0,0,0,454.99,0,
TXN09-02854,9,2026-07-03 17:34:37,2595.28,Cloud Services,90086,UPI,DEV-09-3,iPhone,Pune,17,4,0,59.23,21,3475.3,2051.11,2,435,1943,0,0,0,735.23,0,
TXN09-02855,9,2026-07-03 19:15:34,6144.99,Coffee,90004,Card,DEV-09-2,Web,Goa,19,4,0,100.95,22,3463.88,2045.26,237,612,525,0,0,0,359.3,0,
TXN09-02856,9,2026-07-03 19:43:35,4180.68,Coffee,90004,UPI,DEV-09-1,iPhone,Pune,19,4,0,28.02,23,3471.81,2047.42,238,960,1944,0,0,0,359.3,0,
TXN09-02857,9,2026-07-03 20:27:31,1904.41,Coffee,90019,Card,DEV-09-2,Web,Pune,20,4,0,43.93,24,3482.94,2047.41,99,613,1945,0,0,0,0.0,0,
TXN09-02858,9,2026-07-03 21:32:56,3691.34,Coffee,90021,UPI,DEV-09-4,iPhone,Goa,21,4,0,65.42,25,3469.34,2039.14,52,293,526,0,0,0,359.3,0,
TXN09-02859,9,2026-07-03 21:35:04,5210.82,Software,90040,Card,DEV-09-3,iPhone,Bangalore,21,4,0,2.13,26,3470.0,2036.14,13,436,321,0,0,0,454.99,0,
TXN09-02860,9,2026-07-03 21:55:29,4932.06,Software,90080,Card,DEV-09-2,Web,Bangalore,21,4,0,20.42,27,3476.67,2035.95,3,614,322,0,0,0,0.0,0,
TXN09-02861,9,2026-07-03 22:03:22,1889.77,Software,90049,UPI,DEV-09-6,Web,Pune,22,4,0,7.88,28,3481.0,2034.46,11,102,1946,0,0,0,735.23,0,
TXN09-02862,9,2026-07-03 22:50:02,3299.03,Software,90007,UPI,DEV-09-1,iPhone,Bangalore,22,4,0,46.67,29,3472.28,2033.23,151,961,323,0,0,0,735.23,0,
TXN09-02863,9,2026-07-03 23:21:32,1462.05,Software,90050,Card,DEV-09-2,Web,Goa,23,4,0,31.5,30,3461.62,2021.93,8,615,527,0,0,0,454.99,0,
TXN09-02864,9,2026-07-04 08:05:22,2491.06,Coffee,90073,UPI,DEV-09-1,iPhone,Goa,8,5,1,523.83,1,3453.48,2027.42,4,962,528,0,0,0,0.0,0,
TXN09-02865,9,2026-07-04 08:17:52,1055.86,Software,90014,Card,DEV-09-1,iPhone,Pune,8,5,1,12.5,2,3450.59,2025.05,79,963,1947,0,0,0,359.3,0,
TXN09-02866,9,2026-07-04 08:23:37,7405.39,Restaurants,90026,UPI,DEV-09-8,Web,Pune,8,5,1,5.75,3,3443.39,2026.25,28,45,1948,0,0,0,0.0,0,
TXN09-02867,9,2026-07-04 08:34:36,3100.32,Restaurants,90001,Card,DEV-09-1,iPhone,Pune,8,5,1,10.98,4,3455.26,2034.76,276,964,1949,0,0,0,0.0,0,
TXN09-02868,9,2026-07-04 08:38:22,1488.64,Coffee,90019,Card,DEV-09-4,iPhone,Pune,8,5,1,3.77,5,3454.2,2031.81,100,294,1950,0,0,0,0.0,0,
TXN09-02869,9,2026-07-04 09:12:07,3270.06,Software,90068,Card,DEV-09-5,Android,Pune,9,5,1,33.75,6,3443.18,2028.77,6,191,1951,0,0,0,0.0,0,
TXN09-02870,9,2026-07-04 09:29:50,627.57,Cloud Services,90002,Card,DEV-09-4,iPhone,Pune,9,5,1,17.72,7,3442.66,2025.76,234,295,1952,0,0,0,0.0,0,
TXN09-02871,9,2026-07-04 10:14:29,4493.01,Cloud Services,90002,UPI,DEV-09-7,Android,Goa,10,5,1,44.65,8,3438.79,2029.89,235,81,529,0,0,0,359.3,0,
TXN09-02872,9,2026-07-04 10:39:17,2649.48,Software,90014,Card,DEV-09-6,Web,Pune,10,5,1,24.8,9,3430.52,2019.92,80,103,1953,0,0,0,359.3,0,
TXN09-02873,9,2026-07-04 10:45:35,1698.73,Software,90006,Card,DEV-09-12,iPhone,Goa,10,5,1,6.3,10,3428.2,2017.36,250,12,530,0,0,0,359.3,0,
TXN09-02874,9,2026-07-04 10:58:39,4825.82,Coffee,90039,UPI,DEV-09-1,iPhone,Pune,10,5,1,13.07,11,3429.75,2015.83,11,965,1954,0,0,0,359.3,0,
TXN09-02875,9,2026-07-04 11:07:55,1698.66,Cloud Services,90015,UPI,DEV-09-1,iPhone,Goa,11,5,1,9.27,12,3433.89,2014.27,33,966,531,0,0,0,359.3,0,
TXN09-02876,9,2026-07-04 11:20:31,6076.7,Cloud Services,90027,UPI,DEV-09-14,iPhone,Jaipur,11,5,1,12.6,13,3428.76,2013.5,31,7,2,0,0,0,1302.74,0,
TXN09-02877,9,2026-07-04 11:21:08,3089.9,Restaurants,90031,Card,DEV-09-1,iPhone,Pune,11,5,1,0.62,14,3436.57,2015.65,19,967,1955,0,0,0,953.87,0,
TXN09-02878,9,2026-07-04 11:30:15,6502.3,Coffee,90004,Card,DEV-09-1,iPhone,Bangalore,11,5,1,9.12,15,3435.55,2012.77,239,968,324,0,0,0,735.23,0,
TXN09-02879,9,2026-07-04 11:38:18,8000.0,Restaurants,90013,Card,DEV-09-2,Web,Bangalore,11,5,1,8.05,16,3444.54,2016.64,45,616,325,0,0,0,0.0,0,
TXN09-02880,9,2026-07-04 12:28:41,1666.34,Cloud Services,90002,UPI,DEV-09-4,iPhone,Goa,12,5,1,50.38,17,3462.55,2029.78,236,296,532,0,0,0,454.99,0,
TXN09-02881,9,2026-07-04 12:29:22,6194.54,Restaurants,90009,UPI,DEV-09-2,Web,Pune,12,5,1,0.68,18,3454.77,2031.57,53,617,1956,0,0,0,359.3,0,
TXN09-02882,9,2026-07-04 12:37:18,3213.75,Cloud Services,90058,UPI,DEV-09-4,iPhone,Bangalore,12,5,1,7.93,19,3462.78,2033.98,8,297,326,0,0,0,735.23,0,
TXN09-02883,9,2026-07-04 13:01:21,1310.17,Coffee,90019,Card,DEV-09-1,iPhone,Pune,13,5,1,24.05,20,3467.06,2031.92,101,969,1957,0,0,0,735.23,0,
TXN09-02884,9,2026-07-04 13:27:48,2683.69,Restaurants,90017,Card,DEV-09-1,iPhone,Pune,13,5,1,26.45,21,3460.61,2035.77,27,970,1958,0,0,0,0.0,0,
TXN09-02885,9,2026-07-04 13:33:36,1023.34,Restaurants,90036,Card,DEV-09-3,iPhone,Pune,13,5,1,5.8,22,3458.31,2036.2,13,437,1959,0,0,0,0.0,0,
TXN09-02886,9,2026-07-04 13:57:55,2346.08,Coffee,90023,UPI,DEV-09-1,iPhone,Pune,13,5,1,24.32,23,3452.25,2040.36,40,971,1960,0,0,0,0.0,0,
TXN09-02887,9,2026-07-04 14:03:29,5235.51,Coffee,90045,UPI,DEV-09-4,iPhone,Bangalore,14,5,1,5.57,24,3449.01,2038.25,6,298,327,0,0,0,735.23,0,
TXN09-02888,9,2026-07-04 14:09:18,3187.05,Cloud Services,90010,Card,DEV-09-4,iPhone,Goa,14,5,1,5.82,25,3454.22,2037.55,82,299,533,0,0,0,454.99,0,
TXN09-02889,9,2026-07-04 14:15:02,2453.79,Software,90018,Card,DEV-09-6,Web,Pune,14,5,1,5.73,26,3453.45,2034.64,54,104,1961,0,0,0,359.3,0,
TXN09-02890,9,2026-07-04 14:18:03,5467.22,Restaurants,90001,Card,DEV-09-1,iPhone,Pune,14,5,1,3.02,27,3450.55,2032.4,277,972,1962,0,0,0,0.0,0,
TXN09-02891,9,2026-07-04 14:24:37,3863.03,Restaurants,90001,Card,DEV-09-1,iPhone,Pune,14,5,1,6.57,28,3452.72,2034.15,278,973,1963,0,0,0,0.0,0,
TXN09-02892,9,2026-07-04 14:30:24,2493.17,Restaurants,90089,UPI,DEV-09-3,iPhone,Pune,14,5,1,5.78,29,3456.32,2033.77,1,438,1964,0,0,1,0.0,0,
TXN09-02893,9,2026-07-04 14:37:53,4447.76,Restaurants,90008,Card,DEV-09-2,Web,Lucknow,14,5,1,7.48,30,3453.54,2031.49,68,618,4,0,0,0,1176.73,0,
TXN09-02894,9,2026-07-04 14:38:54,5158.72,Coffee,90057,Card,DEV-09-2,Web,Pune,14,5,1,1.02,31,3456.4,2029.26,9,619,1965,0,0,0,1176.73,0,
TXN09-02895,9,2026-07-04 14:39:08,6182.29,Restaurants,90005,Card,DEV-09-2,Web,Pune,14,5,1,0.23,32,3461.29,2028.39,100,620,1966,0,0,0,0.0,0,
TXN09-02896,9,2026-07-04 14:49:13,673.61,Cloud Services,90054,Card,DEV-09-3,iPhone,Pune,14,5,1,10.08,33,3469.09,2030.7,11,439,1967,0,0,0,0.0,0,
TXN09-02897,9,2026-07-04 15:12:42,1019.93,Coffee,90042,UPI,DEV-09-3,iPhone,Goa,15,5,1,23.48,34,3461.1,2033.28,14,440,534,0,0,0,359.3,0,
TXN09-02898,9,2026-07-04 15:25:34,5163.36,Cloud Services,90003,UPI,DEV-09-6,Web,Bangalore,15,5,1,12.87,35,3454.15,2034.54,98,105,328,0,0,0,454.99,0,
TXN09-02899,9,2026-07-04 15:29:54,3204.42,Cloud Services,90002,Card,DEV-09-4,iPhone,Bangalore,15,5,1,4.33,36,3459.01,2033.69,237,300,329,0,0,0,0.0,0,
TXN09-02900,9,2026-07-04 15:35:30,4587.03,Restaurants,90001,UPI,DEV-09-2,Web,Goa,15,5,1,5.6,37,3458.28,2030.85,279,621,535,0,0,0,454.99,0,
TXN09-02901,9,2026-07-04 15:54:52,1032.61,Restaurants,90041,Card,DEV-09-4,iPhone,Pune,15,5,1,19.37,38,3461.47,2028.86,15,301,1968,0,0,0,359.3,0,
TXN09-02902,9,2026-07-04 16:09:51,2078.55,Cloud Services,90090,Card,DEV-09-1,iPhone,Pune,16,5,1,14.98,39,3454.63,2030.09,1,974,1969,0,0,1,0.0,0,
TXN09-02903,9,2026-07-04 16:11:44,1698.74,Cloud Services,90003,Card,DEV-09-8,Web,Goa,16,5,1,1.88,40,3450.77,2028.54,99,46,536,0,0,0,359.3,0,
TXN09-02904,9,2026-07-04 16:17:40,2151.04,Cloud Services,90011,Card,DEV-09-2,Web,Bangalore,16,5,1,5.93,41,3445.86,2027.82,57,622,330,0,0,0,454.99,0,
TXN09-02905,9,2026-07-04 16:18:16,3995.22,Software,90014,UPI,DEV-09-1,iPhone,Pune,16,5,1,0.6,42,3442.24,2026.13,81,975,1970,0,0,0,735.23,0,
TXN09-02906,9,2026-07-04 16:50:31,6130.4,Cloud Services,90056,UPI,DEV-09-2,Web,Pune,16,5,1,32.25,43,3449.27,2023.67,6,623,1971,0,0,0,0.0,0,
TXN09-02907,9,2026-07-04 17:01:00,2229.48,Software,90007,Card,DEV-09-4,iPhone,Pune,17,5,1,10.48,44,3455.19,2028.4,152,302,1972,0,0,0,0.0,0,
TXN09-02908,9,2026-07-04 17:07:38,5570.77,Software,90014,Card,DEV-09-2,Web,Bangalore,17,5,1,6.63,45,3451.78,2026.6,82,624,331,0,0,0,735.23,0,
TXN09-02909,9,2026-07-04 17:11:10,3444.11,Restaurants,90009,UPI,DEV-09-2,Web,Pune,17,5,1,3.53,46,3457.66,2026.86,54,625,1973,0,0,0,735.23,0,
TXN09-02910,9,2026-07-04 17:19:46,2726.86,Restaurants,90001,Card,DEV-09-1,iPhone,Goa,17,5,1,8.6,47,3457.63,2024.05,280,976,537,0,0,0,359.3,0,
TXN09-02911,9,2026-07-04 17:27:53,5716.68,Coffee,90022,Card,DEV-09-1,iPhone,Pune,17,5,1,8.12,48,3462.52,2020.13,36,977,1974,0,0,0,359.3,0,
TXN09-02912,9,2026-07-04 17:28:19,5433.83,Restaurants,90001,Card,DEV-09-3,iPhone,Pune,17,5,1,0.43,49,3468.75,2020.81,281,441,1975,0,0,0,0.0,0,
TXN09-02913,9,2026-07-04 17:42:54,6423.63,Cloud Services,90010,UPI,DEV-09-5,Android,Pune,17,5,1,14.58,50,3474.16,2020.65,83,192,1976,0,0,0,0.0,0,
TXN09-02914,9,2026-07-04 17:47:07,4305.5,Software,90018,Card,DEV-09-1,iPhone,Pune,17,5,1,4.22,51,3482.27,2023.77,55,978,1977,0,0,0,0.0,0,
TXN09-02915,9,2026-07-04 18:04:49,5977.56,Restaurants,90001,Card,DEV-09-1,iPhone,Pune,18,5,1,17.7,52,3472.12,2010.3,282,979,1978,0,0,0,0.0,0,
TXN09-02916,9,2026-07-04 18:13:16,7199.36,Cloud Services,90034,UPI,DEV-09-4,iPhone,Pune,18,5,1,8.45,53,3478.98,2011.82,27,303,1979,0,0,0,0.0,0,
TXN09-02917,9,2026-07-04 18:32:00,3444.43,Coffee,90087,Card,DEV-09-6,Web,Goa,18,5,1,18.73,54,3489.15,2018.43,2,106,538,0,0,0,359.3,0,
TXN09-02918,9,2026-07-04 19:06:09,4609.37,Restaurants,90017,Card,DEV-09-2,Web,Pune,19,5,1,34.15,55,3496.24,2013.69,28,626,1980,0,0,0,359.3,0,
TXN09-02919,9,2026-07-04 19:21:24,4524.38,Coffee,90033,Card,DEV-09-1,iPhone,Bangalore,19,5,1,15.25,56,3499.88,2014.5,20,980,332,0,0,0,735.23,0,
TXN09-02920,9,2026-07-04 19:23:06,599.75,Coffee,90019,UPI,DEV-09-1,iPhone,Pune,19,5,1,1.7,57,3502.68,2012.46,102,981,1981,0,0,0,735.23,0,
TXN09-02921,9,2026-07-04 19:35:33,6135.63,Coffee,90021,UPI,DEV-09-2,Web,Pune,19,5,1,12.45,58,3494.79,2015.39,53,627,1982,0,0,0,0.0,0,
TXN09-02922,9,2026-07-04 19:53:54,418.91,Coffee,90045,UPI,DEV-09-2,Web,Pune,19,5,1,18.35,59,3495.23,2015.95,7,628,1983,0,0,0,0.0,0,
TXN09-02923,9,2026-07-04 19:55:55,2334.28,Coffee,90019,Card,DEV-09-4,iPhone,Pune,19,5,1,2.02,60,3486.89,2019.56,103,304,1984,0,0,0,0.0,0,
TXN09-02924,9,2026-07-04 20:36:25,2397.35,Cloud Services,90002,Card,DEV-09-2,Web,Pune,20,5,1,40.5,61,3485.1,2023.83,238,629,1985,0,0,0,0.0,0,
TXN09-02925,9,2026-07-04 20:45:19,2656.94,Software,90048,Card,DEV-09-1,iPhone,Goa,20,5,1,8.9,62,3482.14,2021.87,15,982,539,0,0,0,359.3,0,
TXN09-02926,9,2026-07-04 20:47:52,4285.96,Coffee,90022,Card,DEV-09-2,Web,Pune,20,5,1,2.55,63,3479.91,2019.58,37,630,1986,0,0,0,359.3,0,
TXN09-02927,9,2026-07-04 20:50:08,4764.3,Coffee,90085,Card,DEV-09-7,Android,Pune,20,5,1,2.27,64,3482.09,2017.29,2,82,1987,0,0,0,0.0,0,
TXN09-02928,9,2026-07-04 21:15:56,7284.25,Restaurants,90167,Card,DEV-09-14,iPhone,Pune,21,5,1,25.8,65,3485.54,2015.66,1,8,1988,0,0,1,0.0,1,ato_higher_amount_new_merchant_same_category
TXN09-02929,9,2026-07-04 21:18:48,2768.07,Coffee,90091,Card,DEV-09-6,Web,Pune,21,5,1,2.87,66,3495.75,2022.54,1,107,1989,0,0,1,0.0,0,
TXN09-02930,9,2026-07-04 21:25:11,6412.46,Cloud Services,90010,UPI,DEV-09-13,Web,Pune,21,5,1,6.38,67,3493.8,2020.17,84,7,1990,0,0,0,0.0,0,
TXN09-02931,9,2026-07-04 21:43:08,1539.6,Cloud Services,90003,Card,DEV-09-4,iPhone,Pune,21,5,1,17.95,68,3506.38,2027.44,100,305,1991,0,0,0,0.0,0,
TXN09-02932,9,2026-07-04 21:50:54,3938.17,Coffee,90022,UPI,DEV-09-5,Android,Goa,21,5,1,7.77,69,3507.55,2026.19,38,193,540,0,0,0,359.3,0,
TXN09-02933,9,2026-07-04 22:00:05,3118.54,Cloud Services,90086,UPI,DEV-09-1,iPhone,Bangalore,22,5,1,9.18,70,3508.7,2023.59,3,983,333,0,0,0,454.99,0,
TXN09-02934,9,2026-07-04 22:12:34,4089.08,Cloud Services,90010,UPI,DEV-09-1,iPhone,Bangalore,22,5,1,12.48,71,3507.66,2020.98,85,984,334,0,0,0,0.0,0,
TXN09-02935,9,2026-07-04 22:31:33,3776.35,Cloud Services,90003,Card,DEV-09-4,iPhone,Pune,22,5,1,18.98,72,3515.39,2021.58,101,306,1992,0,0,0,735.23,0,
TXN09-02936,9,2026-07-04 22:32:44,3386.27,Coffee,90032,UPI,DEV-09-7,Android,Pune,22,5,1,1.18,73,3516.09,2018.92,24,83,1993,0,0,0,0.0,0,
TXN09-02937,9,2026-07-04 22:45:41,3966.56,Software,90014,UPI,DEV-09-4,iPhone,Goa,22,5,1,12.95,74,3515.74,2016.24,83,307,541,0,0,0,359.3,0,
TXN09-02938,9,2026-07-04 22:46:19,8000.0,Coffee,90004,Card,DEV-09-1,iPhone,Pune,22,5,1,0.63,75,3516.94,2013.69,240,985,1994,0,0,0,359.3,0,
TXN09-02939,9,2026-07-04 22:54:09,1658.29,Restaurants,90012,Card,DEV-09-1,iPhone,Goa,22,5,1,7.83,76,3528.83,2024.19,53,986,542,0,0,0,359.3,0,
TXN09-02940,9,2026-07-04 23:27:22,3474.48,Coffee,90033,UPI,DEV-09-4,iPhone,Pune,23,5,1,33.22,77,3517.71,2023.96,21,308,1995,0,0,0,359.3,0,
TXN09-02941,9,2026-07-04 23:32:25,4568.18,Software,90048,UPI,DEV-09-1,iPhone,Pune,23,5,1,5.05,78,3517.59,2021.27,16,987,1996,0,0,0,0.0,0,
TXN09-02942,9,2026-07-04 23:33:10,1003.39,Restaurants,90092,Card,DEV-09-4,iPhone,Pune,23,5,1,0.75,79,3520.37,2019.32,1,309,1997,0,0,1,0.0,0,
TXN09-02943,9,2026-07-04 23:33:48,8000.0,Coffee,90004,Card,DEV-09-1,iPhone,Pune,23,5,1,0.63,80,3513.73,2020.78,241,988,1998,0,0,0,0.0,0,
TXN09-02944,9,2026-07-04 23:41:33,699.4,Restaurants,90008,Card,DEV-09-6,Web,Pune,23,5,1,7.75,81,3525.54,2031.17,69,108,1999,0,0,0,0.0,0,
TXN09-02945,9,2026-07-04 23:44:20,4672.4,Coffee,90021,Card,DEV-09-2,Web,Pune,23,5,1,2.78,82,3518.12,2033.65,54,631,2000,0,0,0,0.0,0,
TXN09-02946,9,2026-07-04 23:55:08,7468.07,Restaurants,90001,UPI,DEV-09-4,iPhone,Goa,23,5,1,10.8,83,3521.14,2031.84,283,310,543,0,0,0,359.3,0,
TXN09-02947,9,2026-07-05 08:00:06,481.85,Restaurants,90067,Card,DEV-09-4,iPhone,Pune,8,6,1,484.97,1,3511.52,2004.25,3,311,2001,0,0,0,359.3,0,
TXN09-02948,9,2026-07-05 08:26:07,693.89,Restaurants,90012,UPI,DEV-09-1,iPhone,Pune,8,6,1,26.02,2,3500.44,2011.38,54,989,2002,0,0,0,0.0,0,
TXN09-02949,9,2026-07-05 08:34:44,2635.1,Software,90006,Card,DEV-09-3,iPhone,Pune,8,6,1,8.62,3,3493.1,2013.86,251,442,2003,0,0,0,0.0,0,
TXN09-02950,9,2026-07-05 08:37:12,1906.78,Software,90018,UPI,DEV-09-5,Android,Pune,8,6,1,2.47,4,3490.86,2011.7,56,194,2004,0,0,0,0.0,0,
TXN09-02951,9,2026-07-05 08:55:12,1927.1,Coffee,90025,Card,DEV-09-1,iPhone,Pune,8,6,1,18.0,5,3486.73,2010.7,16,990,2005,0,0,0,0.0,0,
TXN09-02952,9,2026-07-05 09:11:23,8000.0,Cloud Services,90060,Card,DEV-09-8,Web,Pune,9,6,1,16.18,6,3482.68,2009.66,6,47,2006,0,0,0,0.0,0,
TXN09-02953,9,2026-07-05 09:42:20,2577.12,Cloud Services,90003,Card,DEV-09-1,iPhone,Pune,9,6,1,30.95,7,3482.68,2009.66,102,991,2007,0,0,0,0.0,0,
TXN09-02954,9,2026-07-05 09:46:30,1535.17,Coffee,90019,Card,DEV-09-1,iPhone,Pune,9,6,1,4.17,8,3480.33,2007.58,104,992,2008,0,0,0,0.0,0,
TXN09-02955,9,2026-07-05 09:47:50,5333.91,Cloud Services,90002,Card,DEV-09-2,Web,Pune,9,6,1,1.33,9,3470.35,2007.64,239,632,2009,0,0,0,0.0,0,
TXN09-02956,9,2026-07-05 10:36:31,1621.11,Restaurants,90005,Card,DEV-09-2,Web,Bangalore,10,6,1,48.68,10,3481.8,2007.33,101,633,335,0,0,0,735.23,0,
TXN09-02957,9,2026-07-05 10:42:43,4491.06,Coffee,90022,UPI,DEV-09-1,iPhone,Pune,10,6,1,6.2,11,3476.98,2006.96,39,993,2010,0,0,0,735.23,0,
TXN09-02958,9,2026-07-05 10:42:49,2508.5,Coffee,90035,Card,DEV-09-1,iPhone,Pune,10,6,1,0.1,12,3479.6,2005.03,17,994,2011,0,0,0,0.0,0,
TXN09-02959,9,2026-07-05 10:58:44,2517.08,Coffee,90091,Card,DEV-09-5,Android,Pune,10,6,1,15.92,13,3477.0,2008.15,2,195,2012,0,0,0,0.0,0,
TXN09-02960,9,2026-07-05 11:02:16,3865.7,Cloud Services,90002,Card,DEV-09-12,iPhone,Pune,11,6,1,3.53,14,3479.34,2006.51,240,13,2013,0,0,0,0.0,0,
TXN09-02961,9,2026-07-05 11:09:17,865.09,Software,90006,UPI,DEV-09-4,iPhone,Bangalore,11,6,1,7.02,15,3484.94,2004.55,252,312,336,0,0,0,735.23,0,
TXN09-02962,9,2026-07-05 11:14:26,2247.85,Restaurants,90061,UPI,DEV-09-5,Android,Goa,11,6,1,5.15,16,3478.17,2006.38,8,196,544,0,0,0,454.99,0,
TXN09-02963,9,2026-07-05 11:26:56,3642.54,Restaurants,90009,UPI,DEV-09-6,Web,Pune,11,6,1,12.5,17,3473.11,2007.0,55,109,2014,0,0,0,359.3,0,
TXN09-02964,9,2026-07-05 11:56:39,4259.06,Software,90007,UPI,DEV-09-7,Android,Pune,11,6,1,29.72,18,3473.55,2004.43,153,84,2015,0,0,0,0.0,0,
TXN09-02965,9,2026-07-05 12:33:55,2032.05,Coffee,90019,UPI,DEV-09-8,Web,Goa,12,6,1,37.27,19,3471.2,2002.98,105,48,545,0,0,0,359.3,0,
TXN09-02966,9,2026-07-05 12:43:50,5186.39,Cloud Services,90003,UPI,DEV-09-1,iPhone,Pune,12,6,1,9.92,20,3475.36,1998.31,103,995,2016,0,0,0,359.3,0,
TXN09-02967,9,2026-07-05 12:44:02,1824.93,Restaurants,90069,UPI,DEV-09-2,Web,Pune,12,6,1,0.2,21,3479.75,1997.62,4,634,2017,0,0,0,0.0,0,
TXN09-02968,9,2026-07-05 12:54:59,6027.94,Cloud Services,90058,UPI,DEV-09-3,iPhone,Pune,12,6,1,10.95,22,3475.51,1996.81,9,443,2018,0,0,0,0.0,0,
TXN09-02969,9,2026-07-05 12:58:47,3743.7,Software,90006,UPI,DEV-09-1,iPhone,Pune,12,6,1,3.8,23,3482.04,1998.42,253,996,2019,0,0,0,0.0,0,
TXN09-02970,9,2026-07-05 13:16:44,7207.54,Cloud Services,90015,Card,DEV-09-3,iPhone,Pune,13,6,1,17.95,24,3481.41,2000.91,34,444,2020,0,0,0,0.0,0,
TXN09-02971,9,2026-07-05 13:50:23,6608.93,Coffee,90021,UPI,DEV-09-27,Web,Pune,13,6,1,33.65,25,3496.94,2012.04,55,1,2021,1,0,0,0.0,0,
TXN09-02972,9,2026-07-05 14:02:08,4255.95,Coffee,90020,UPI,DEV-09-2,Web,Goa,14,6,1,11.75,26,3494.39,2007.71,79,635,546,0,0,0,359.3,0,
TXN09-02973,9,2026-07-05 14:22:31,579.84,Coffee,90019,UPI,DEV-09-7,Android,Pune,14,6,1,20.38,27,3499.75,2007.8,106,85,2022,0,0,0,359.3,0,
TXN09-02974,9,2026-07-05 14:30:14,5409.65,Cloud Services,90027,UPI,DEV-09-5,Android,Goa,14,6,1,7.72,28,3492.18,2010.68,32,197,547,0,0,0,359.3,0,
TXN09-02975,9,2026-07-05 14:40:14,3919.5,Cloud Services,90002,Card,DEV-09-1,iPhone,Pune,14,6,1,10.0,29,3496.87,2013.03,241,997,2023,0,0,0,359.3,0,
TXN09-02976,9,2026-07-05 15:30:20,2326.89,Cloud Services,90011,UPI,DEV-09-2,Web,Bangalore,15,6,1,50.1,30,3486.13,2015.64,58,636,337,0,0,0,735.23,0,
TXN09-02977,9,2026-07-05 15:35:32,3922.97,Software,90016,UPI,DEV-09-1,iPhone,Goa,15,6,1,5.2,31,3483.09,2013.86,52,998,548,0,0,0,454.99,0,
TXN09-02978,9,2026-07-05 15:49:14,3745.57,Software,90029,UPI,DEV-09-1,iPhone,Pune,15,6,1,13.7,32,3484.24,2011.35,30,999,2024,0,0,0,359.3,0,
TXN09-02979,9,2026-07-05 16:04:32,657.58,Cloud Services,90034,Card,DEV-09-1,iPhone,Pune,16,6,1,15.3,33,3482.01,2012.24,28,1000,2025,0,0,0,0.0,0,
TXN09-02980,9,2026-07-05 16:09:40,1423.99,Software,90007,UPI,DEV-09-1,iPhone,Goa,16,6,1,5.13,34,3474.62,2014.78,154,1001,549,0,0,0,359.3,0,
TXN09-02981,9,2026-07-05 16:12:48,8000.0,Cloud Services,90010,UPI,DEV-09-3,iPhone,Pune,16,6,1,3.13,35,3469.27,2014.87,86,445,2026,0,0,0,359.3,0,
TXN09-02982,9,2026-07-05 16:16:51,6455.44,Restaurants,90009,UPI,DEV-09-7,Android,Pune,16,6,1,4.05,36,3481.06,2025.45,56,86,2027,0,0,0,0.0,0,
TXN09-02983,9,2026-07-05 17:19:12,2626.84,Restaurants,90001,UPI,DEV-09-3,iPhone,Bangalore,17,6,1,62.35,37,3499.08,2031.85,284,446,338,0,0,0,735.23,0,
TXN09-02984,9,2026-07-05 17:19:16,1941.44,Coffee,90004,Card,DEV-09-6,Web,Bangalore,17,6,1,0.07,38,3501.67,2030.11,242,110,339,0,0,0,0.0,0,
TXN09-02985,9,2026-07-05 17:29:52,5627.95,Software,90016,UPI,DEV-09-6,Web,Pune,17,6,1,10.6,39,3492.51,2029.23,53,111,2028,0,0,0,735.23,0,
TXN09-02986,9,2026-07-05 17:35:30,1314.28,Cloud Services,90079,Card,DEV-09-5,Android,Goa,17,6,1,5.63,40,3498.08,2029.51,2,198,550,0,0,0,359.3,0,
TXN09-02987,9,2026-07-05 17:58:23,2336.86,Restaurants,90051,UPI,DEV-09-7,Android,Goa,17,6,1,22.88,41,3478.0,2021.43,5,87,551,0,0,0,0.0,0,
TXN09-02988,9,2026-07-05 18:15:27,3715.49,Coffee,90032,Card,DEV-09-2,Web,Pune,18,6,1,17.07,42,3475.02,2019.63,25,637,2029,0,0,0,359.3,0,
TXN09-02989,9,2026-07-05 18:43:54,4225.53,Coffee,90022,Card,DEV-09-1,iPhone,Pune,18,6,1,28.45,43,3474.79,2022.73,40,1002,2030,0,0,0,0.0,0,
TXN09-02990,9,2026-07-05 19:00:05,2113.21,Software,90014,Card,DEV-09-1,iPhone,Pune,19,6,1,16.18,44,3476.76,2020.45,84,1003,2031,0,0,0,0.0,0,
TXN09-02991,9,2026-07-05 19:00:28,3158.55,Software,90082,Card,DEV-09-1,iPhone,Goa,19,6,1,0.38,45,3473.2,2019.01,4,1004,552,0,0,0,359.3,0,
TXN09-02992,9,2026-07-05 19:09:33,1416.13,Coffee,90004,Card,DEV-09-2,Web,Pune,19,6,1,9.08,46,3472.38,2016.44,243,638,2032,0,0,0,359.3,0,
TXN09-02993,9,2026-07-05 19:10:07,4363.81,Software,90006,UPI,DEV-09-3,iPhone,Pune,19,6,1,0.57,47,3467.04,2016.54,254,447,2033,0,0,0,0.0,0,
TXN09-02994,9,2026-07-05 19:41:10,3273.64,Coffee,90020,Card,DEV-09-5,Android,Pune,19,6,1,31.05,48,3463.73,2008.45,80,199,2034,0,0,0,0.0,0,
TXN09-02995,9,2026-07-05 20:00:19,2826.23,Restaurants,90005,UPI,DEV-09-1,iPhone,Pune,20,6,1,19.15,49,3459.99,2007.46,102,1005,2035,0,0,0,0.0,0,
TXN09-02996,9,2026-07-05 20:20:55,861.9,Cloud Services,90034,UPI,DEV-09-1,iPhone,Goa,20,6,1,20.6,50,3458.45,2007.72,29,1006,553,0,0,0,359.3,0,
TXN09-02997,9,2026-07-05 20:28:57,6528.7,Coffee,90004,UPI,DEV-09-2,Web,Goa,20,6,1,8.03,51,3451.69,2009.47,244,639,554,0,0,0,0.0,0,
TXN09-02998,9,2026-07-05 20:42:40,2063.1,Coffee,90066,Card,DEV-09-3,iPhone,Goa,20,6,1,13.72,52,3460.26,2015.55,5,448,555,0,0,0,0.0,0,
TXN09-02999,9,2026-07-05 21:16:34,1663.24,Coffee,90019,Card,DEV-09-7,Android,Pune,21,6,1,33.9,53,3454.9,2016.52,107,88,2036,0,0,0,359.3,0,
TXN09-03000,9,2026-07-05 21:43:11,940.85,Restaurants,90001,Card,DEV-09-2,Web,Pune,21,6,1,26.62,54,3453.38,2018.42,285,640,2037,0,0,0,0.0,0,
TXN09-03001,9,2026-07-05 21:51:59,5543.43,Cloud Services,90034,Card,DEV-09-2,Web,Pune,21,6,1,8.8,55,3436.37,2012.06,30,641,2038,0,0,0,0.0,0,
TXN09-03002,9,2026-07-05 22:25:29,2526.54,Cloud Services,90054,UPI,DEV-09-1,iPhone,Pune,22,6,1,33.5,56,3430.5,2014.59,12,1007,2039,0,0,0,0.0,0,
TXN09-03003,9,2026-07-05 22:29:46,2382.69,Restaurants,90092,Card,DEV-09-2,Web,Bangalore,22,6,1,4.28,57,3428.13,2012.48,2,642,340,0,0,0,735.23,0,
TXN09-03004,9,2026-07-05 22:55:44,3017.08,Cloud Services,90071,Card,DEV-09-2,Web,Pune,22,6,1,25.97,58,3425.39,2010.55,4,643,2040,0,0,0,735.23,0,
TXN09-03005,9,2026-07-05 23:05:14,3061.41,Restaurants,90009,Card,DEV-09-1,iPhone,Bangalore,23,6,1,9.5,59,3424.32,2008.03,57,1008,341,0,0,0,735.23,0,
TXN09-03006,9,2026-07-05 23:11:21,5186.71,Coffee,90004,UPI,DEV-09-4,iPhone,Bangalore,23,6,1,6.12,60,3420.04,2007.05,245,313,342,0,0,0,0.0,0,
TXN09-03007,9,2026-07-05 23:17:19,2441.94,Software,90006,Card,DEV-09-3,iPhone,Bangalore,23,6,1,5.97,61,3427.25,2008.42,255,449,343,0,0,0,0.0,0,
TXN09-03008,9,2026-07-06 08:03:07,5494.75,Cloud Services,90003,UPI,DEV-09-3,iPhone,Pune,8,0,0,525.8,1,3425.59,1992.47,104,450,2041,0,0,0,735.23,0,
TXN09-03009,9,2026-07-06 08:14:56,2835.45,Coffee,90073,Card,DEV-09-1,iPhone,Mumbai,8,0,0,11.82,2,3431.04,1992.67,5,1009,2,0,0,0,120.15,0,
TXN09-03010,9,2026-07-06 08:23:52,4581.31,Restaurants,90017,Card,DEV-09-28,Web,Pune,8,0,0,8.93,3,3442.9,1986.85,29,1,2042,1,0,0,120.15,0,
TXN09-03011,9,2026-07-06 09:15:21,3191.94,Cloud Services,90010,UPI,DEV-09-1,iPhone,Pune,9,0,0,51.48,4,3451.62,1984.58,87,1010,2043,0,0,0,0.0,0,
TXN09-03012,9,2026-07-06 10:33:09,3568.04,Coffee,90004,Card,DEV-09-2,Web,Pune,10,0,0,77.8,5,3453.36,1989.36,246,644,2044,0,0,0,0.0,0,
TXN09-03013,9,2026-07-06 10:56:08,1720.71,Software,90047,UPI,DEV-09-2,Web,Bangalore,10,0,0,22.98,6,3453.66,1986.74,16,645,344,0,0,0,735.23,0,
TXN09-03014,9,2026-07-06 11:00:07,4951.57,Software,90050,UPI,DEV-09-3,iPhone,Goa,11,0,0,3.98,7,3449.09,1986.1,9,451,556,0,0,0,454.99,0,
TXN09-03015,9,2026-07-06 12:12:31,6109.62,Coffee,90019,UPI,DEV-09-2,Web,Bangalore,12,0,0,72.4,8,3461.92,1992.89,108,646,345,0,0,0,454.99,0,
TXN09-03016,9,2026-07-06 13:24:38,3782.78,Software,90050,Card,DEV-09-12,iPhone,Pune,13,0,0,72.12,9,3470.52,1993.93,10,14,2045,0,0,0,735.23,0,
TXN09-03017,9,2026-07-06 13:47:45,2602.14,Restaurants,90093,UPI,DEV-09-1,iPhone,Pune,13,0,0,23.12,10,3471.36,1991.32,1,1011,2046,0,0,1,0.0,0,
TXN09-03018,9,2026-07-06 14:12:30,2859.7,Cloud Services,90086,UPI,DEV-09-2,Web,Goa,14,0,0,24.75,11,3469.03,1989.16,4,647,557,0,0,0,359.3,0,
TXN09-03019,9,2026-07-06 14:44:56,2239.68,Cloud Services,90003,Card,DEV-09-1,iPhone,Pune,14,0,0,32.43,12,3470.28,1984.49,105,1012,2047,0,0,0,359.3,0,
TXN09-03020,9,2026-07-06 14:50:20,6067.73,Software,90006,Card,DEV-09-2,Web,Goa,14,0,0,5.4,13,3466.99,1982.85,256,648,558,0,0,0,359.3,0,
TXN09-03021,9,2026-07-06 15:01:57,1606.57,Cloud Services,90003,UPI,DEV-09-2,Web,Pune,15,0,0,11.62,14,3470.58,1986.34,106,649,2048,0,0,0,359.3,0,
TXN09-03022,9,2026-07-06 15:58:07,8000.0,Coffee,90074,Card,DEV-09-1,iPhone,Bangalore,15,0,0,56.17,15,3471.67,1985.2,4,1013,346,0,0,0,735.23,0,
TXN09-03023,9,2026-07-06 16:27:37,4628.39,Coffee,90074,UPI,DEV-09-3,iPhone,Goa,16,0,0,29.5,16,3483.75,1996.26,5,452,559,0,0,0,454.99,0,
TXN09-03024,9,2026-07-06 16:33:26,1997.65,Coffee,90085,UPI,DEV-09-6,Web,Goa,16,0,0,5.82,17,3489.19,1996.59,3,112,560,0,0,0,0.0,0,
TXN09-03025,9,2026-07-06 16:41:41,995.36,Restaurants,90008,Card,DEV-09-5,Android,Pune,16,0,0,8.25,18,3485.22,1995.42,70,200,2049,0,0,0,359.3,0,
TXN09-03026,9,2026-07-06 17:33:07,3293.12,Coffee,90019,UPI,DEV-09-2,Web,Pune,17,0,0,51.43,19,3470.24,1992.92,109,650,2050,0,0,0,0.0,0,
TXN09-03027,9,2026-07-06 18:09:31,7836.4,Restaurants,90017,Card,DEV-09-3,iPhone,Goa,18,0,0,36.4,20,3469.77,1990.29,30,453,561,0,0,0,359.3,0,
TXN09-03028,9,2026-07-06 19:07:53,8000.0,Restaurants,90013,UPI,DEV-09-13,Web,Pune,19,0,0,58.37,21,3471.02,1990.29,46,8,2051,0,0,0,359.3,0,
TXN09-03029,9,2026-07-06 19:30:38,1720.72,Restaurants,90001,Card,DEV-09-2,Web,Goa,19,0,0,22.75,22,3483.07,2001.28,286,651,562,0,0,0,359.3,0,
TXN09-03030,9,2026-07-06 19:33:38,4167.69,Restaurants,90089,UPI,DEV-UNK-3700,iPhone,Pune,19,0,0,3.0,23,3478.39,2000.68,2,1,2052,1,0,0,359.3,1,ato_short_gap_new_device
TXN09-03031,9,2026-07-06 19:34:28,2385.39,Coffee,90094,Card,DEV-09-2,Web,Pune,19,0,0,0.83,24,3480.22,1998.35,1,652,2053,0,0,1,0.0,0,
TXN09-03032,9,2026-07-06 19:38:24,7454.44,Coffee,90023,UPI,DEV-09-9,iPhone,Pune,19,0,0,3.93,25,3477.33,1996.5,41,34,2054,0,0,0,0.0,0,
TXN09-03033,9,2026-07-06 19:44:37,2280.87,Restaurants,90036,UPI,DEV-09-4,iPhone,Pune,19,0,0,6.22,26,3487.79,2004.25,14,314,2055,0,0,0,0.0,0,
TXN09-03034,9,2026-07-06 19:58:57,4478.42,Coffee,90020,Card,DEV-09-4,iPhone,Pune,19,0,0,14.33,27,3488.14,2002.9,81,315,2056,0,0,0,0.0,0,
TXN09-03035,9,2026-07-06 20:50:55,2856.57,Coffee,90042,UPI,DEV-09-1,iPhone,Bangalore,20,0,0,51.97,28,3490.74,2000.91,15,1014,347,0,0,0,735.23,0,
TXN09-03036,9,2026-07-06 20:54:37,5388.46,Coffee,90023,UPI,DEV-09-2,Web,Pune,20,0,0,3.7,29,3489.08,1998.54,42,653,2057,0,0,0,735.23,0,
TXN09-03037,9,2026-07-06 21:21:34,3835.04,Coffee,90032,Card,DEV-09-4,iPhone,Lucknow,21,0,0,26.95,30,3494.05,1998.28,26,316,5,0,0,0,1176.73,0,
TXN09-03038,9,2026-07-06 21:36:50,2798.97,Restaurants,90013,Card,DEV-09-1,iPhone,Goa,21,0,0,15.27,31,3496.16,1998.22,47,1015,563,0,0,0,1465.34,0,
TXN09-03039,9,2026-07-06 21:47:51,865.5,Restaurants,90067,UPI,DEV-09-7,Android,Pune,21,0,0,11.02,32,3494.34,1995.92,4,89,2058,0,0,0,359.3,0,
TXN09-03040,9,2026-07-06 22:23:36,1788.02,Restaurants,90005,Card,DEV-09-4,iPhone,Pune,22,0,0,35.75,33,3491.96,1995.64,103,317,2059,0,0,0,0.0,0,
TXN09-03041,9,2026-07-06 22:29:23,3090.85,Restaurants,90026,UPI,DEV-09-2,Web,Pune,22,0,0,5.78,34,3487.49,1994.93,29,654,2060,0,0,0,0.0,0,
TXN09-03042,9,2026-07-06 22:32:35,1414.72,Software,90006,Card,DEV-09-8,Web,Pune,22,0,0,3.2,35,3489.92,1993.88,257,49,2061,0,0,0,0.0,0,
TXN09-03043,9,2026-07-06 22:49:26,2859.87,Coffee,90019,Card,DEV-09-4,iPhone,Pune,22,0,0,16.85,36,3502.59,1990.46,110,318,2062,0,0,0,0.0,0,
TXN09-03044,9,2026-07-06 22:59:37,3004.96,Restaurants,90001,Card,DEV-09-2,Web,Pune,22,0,0,10.18,37,3500.89,1988.11,287,655,2063,0,0,0,0.0,0,
TXN09-03045,9,2026-07-06 23:09:25,2467.35,Restaurants,90001,Card,DEV-09-1,iPhone,Pune,23,0,0,9.8,38,3499.59,1985.66,288,1016,2064,0,0,0,0.0,0,
TXN09-03046,9,2026-07-07 09:06:09,6281.36,Cloud Services,90027,UPI,DEV-09-2,Web,Bangalore,9,1,0,596.73,1,3510.57,1986.18,33,656,348,0,0,0,735.23,0,
TXN09-03047,9,2026-07-07 09:15:50,2398.89,Software,90014,Card,DEV-09-1,iPhone,Pune,9,1,0,9.68,2,3527.88,1988.5,85,1017,2065,0,0,0,735.23,0,
TXN09-03048,9,2026-07-07 09:25:38,2445.13,Cloud Services,90027,UPI,DEV-09-1,iPhone,Pune,9,1,0,9.8,3,3524.83,1986.68,34,1018,2066,0,0,0,0.0,0,
TXN09-03049,9,2026-07-07 09:58:30,8000.0,Restaurants,90036,Card,DEV-09-7,Android,Pune,9,1,0,32.87,4,3528.09,1988.36,15,90,2067,0,0,0,0.0,0,
TXN09-03050,9,2026-07-07 10:13:02,1701.22,Cloud Services,90053,UPI,DEV-09-1,iPhone,Pune,10,1,0,14.53,5,3540.18,1999.2,13,1019,2068,0,0,0,0.0,0,
TXN09-03051,9,2026-07-07 11:15:35,2290.43,Software,90007,UPI,DEV-09-3,iPhone,Bangalore,11,1,0,62.55,6,3551.77,1997.96,155,454,349,0,0,0,735.23,0,
TXN09-03052,9,2026-07-07 11:24:16,7593.27,Software,90006,UPI,DEV-09-2,Web,Pune,11,1,0,8.68,7,3548.35,1996.33,258,657,2069,0,0,0,735.23,0,
TXN09-03053,9,2026-07-07 11:39:09,2953.08,Software,90014,Card,DEV-09-9,iPhone,Goa,11,1,0,14.88,8,3559.28,2004.66,86,35,564,0,0,0,359.3,0,
TXN09-03054,9,2026-07-07 11:50:14,4902.6,Cloud Services,90002,UPI,DEV-09-7,Android,Pune,11,1,0,11.08,9,3562.57,2002.66,242,91,2070,0,0,0,359.3,0,
TXN09-03055,9,2026-07-07 12:11:50,959.9,Cloud Services,90002,Card,DEV-09-3,iPhone,Pune,12,1,0,21.6,10,3568.91,2003.18,243,455,2071,0,0,0,0.0,0,
TXN09-03056,9,2026-07-07 12:12:00,4288.82,Coffee,90095,Card,DEV-09-7,Android,Bangalore,12,1,0,0.17,11,3561.88,2005.05,1,92,350,0,0,1,735.23,0,
TXN09-03057,9,2026-07-07 12:24:22,2310.07,Restaurants,90009,UPI,DEV-09-6,Web,Pune,12,1,0,12.37,12,3563.83,2002.71,58,113,2072,0,0,0,735.23,0,
TXN09-03058,9,2026-07-07 12:42:52,3805.71,Software,90040,UPI,DEV-09-1,iPhone,Bangalore,12,1,0,18.5,13,3553.71,2004.03,14,1020,351,0,0,0,735.23,0,
TXN09-03059,9,2026-07-07 13:02:21,4023.2,Restaurants,90005,UPI,DEV-09-1,iPhone,Pune,13,1,0,19.48,14,3542.4,1990.7,104,1021,2073,0,0,0,735.23,0,
TXN09-03060,9,2026-07-07 13:10:38,1156.19,Coffee,90024,Card,DEV-09-4,iPhone,Pune,13,1,0,8.28,15,3538.22,1983.73,30,319,2074,0,0,0,0.0,0,
TXN09-03061,9,2026-07-07 13:29:14,1113.21,Cloud Services,90010,UPI,DEV-09-3,iPhone,Pune,13,1,0,18.6,16,3531.54,1987.57,88,456,2075,0,0,0,0.0,0,
TXN09-03062,9,2026-07-07 13:56:43,8000.0,Coffee,90023,UPI,DEV-09-8,Web,Pune,13,1,0,27.48,17,3517.97,1991.91,43,50,2076,0,0,0,0.0,0,
TXN09-03063,9,2026-07-07 14:04:28,2226.08,Coffee,90019,UPI,DEV-09-7,Android,Pune,14,1,0,7.75,18,3530.09,2002.78,111,93,2077,0,0,0,0.0,0,
TXN09-03064,9,2026-07-07 14:22:06,1427.08,Cloud Services,90034,UPI,DEV-09-1,iPhone,Pune,14,1,0,17.63,19,3526.57,2001.23,31,1022,2078,0,0,0,0.0,0,
TXN09-03065,9,2026-07-07 14:36:03,2378.21,Cloud Services,90002,Card,DEV-09-1,iPhone,Pune,14,1,0,13.95,20,3522.58,2005.89,244,1023,2079,0,0,0,0.0,0,
TXN09-03066,9,2026-07-07 14:50:52,4850.21,Cloud Services,90003,Card,DEV-09-2,Web,Pune,14,1,0,14.82,21,3519.5,2004.07,107,658,2080,0,0,0,0.0,0,
TXN09-03067,9,2026-07-07 14:56:42,3161.32,Restaurants,90026,Card,DEV-09-1,iPhone,Goa,14,1,0,5.83,22,3523.08,2002.56,30,1024,565,0,0,0,359.3,0,
TXN09-03068,9,2026-07-07 15:03:20,7789.81,Restaurants,90008,Card,DEV-09-1,iPhone,Goa,15,1,0,6.63,23,3522.11,1999.96,71,1025,566,0,0,0,0.0,0,
TXN09-03069,9,2026-07-07 15:20:19,1470.35,Software,90016,Card,DEV-09-11,iPhone,Goa,15,1,0,16.98,24,3533.52,2009.41,54,14,567,0,0,0,0.0,0,
TXN09-03070,9,2026-07-07 15:22:27,2675.8,Software,90006,Card,DEV-09-1,iPhone,Pune,15,1,0,2.13,25,3528.02,2009.54,259,1026,2081,0,0,0,359.3,0,
TXN09-03071,9,2026-07-07 15:26:50,6450.48,Software,90049,Card,DEV-09-5,Android,Pune,15,1,0,4.38,26,3525.75,2007.35,12,201,2082,0,0,0,0.0,0,
TXN09-03072,9,2026-07-07 15:37:24,6088.16,Software,90007,Card,DEV-09-2,Web,Pune,15,1,0,10.57,27,3533.51,2010.32,156,659,2083,0,0,0,0.0,0,
TXN09-03073,9,2026-07-07 15:56:26,5313.47,Coffee,90032,Card,DEV-09-6,Web,Bangalore,15,1,0,19.03,28,3540.27,2011.94,27,114,352,0,0,0,735.23,0,
TXN09-03074,9,2026-07-07 16:09:20,2193.87,Coffee,90004,Card,DEV-09-1,iPhone,Pune,16,1,0,0.0,30,3554.17,2006.54,247,1028,2085,0,0,0,0.0,0,
TXN09-03075,9,2026-07-07 16:09:20,1433.32,Cloud Services,90002,UPI,DEV-09-1,iPhone,Pune,16,1,0,12.9,29,3559.79,2006.22,245,1027,2084,0,0,0,735.23,0,
TXN09-03076,9,2026-07-07 16:18:07,1261.22,Restaurants,90017,UPI,DEV-09-6,Web,Pune,16,1,0,8.78,31,3550.58,2005.11,31,115,2086,0,0,0,0.0,0,
TXN09-03077,9,2026-07-07 16:23:08,1162.08,Restaurants,90005,UPI,DEV-09-4,iPhone,Pune,16,1,0,5.02,32,3544.55,2005.9,105,320,2087,0,0,0,0.0,0,
TXN09-03078,9,2026-07-07 17:18:22,2946.52,Restaurants,90067,UPI,DEV-09-1,iPhone,Goa,17,1,0,55.23,33,3539.9,2016.48,5,1029,568,0,0,0,359.3,0,
TXN09-03079,9,2026-07-07 17:27:56,5264.18,Software,90014,UPI,DEV-09-1,iPhone,Pune,17,1,0,9.57,34,3546.29,2015.32,87,1030,2088,0,0,0,359.3,0,
TXN09-03080,9,2026-07-07 17:37:19,3910.04,Cloud Services,90010,Card,DEV-09-3,iPhone,Goa,17,1,0,9.38,35,3550.85,2014.58,89,457,569,0,0,0,359.3,0,
TXN09-03081,9,2026-07-07 17:51:45,2354.89,Coffee,90021,Card,DEV-09-4,iPhone,Pune,17,1,0,14.43,36,3553.44,2014.41,56,321,2089,0,0,0,359.3,0,
TXN09-03082,9,2026-07-07 17:58:59,1869.14,Restaurants,90096,UPI,DEV-09-2,Web,Pune,17,1,0,7.23,37,3550.27,2012.69,1,660,2090,0,0,1,0.0,0,
TXN09-03083,9,2026-07-07 18:02:57,3060.34,Restaurants,90005,Card,DEV-09-3,iPhone,Goa,18,1,0,3.97,38,3545.84,2011.88,106,458,570,0,0,0,359.3,0,
TXN09-03084,9,2026-07-07 18:11:09,3133.56,Restaurants,90005,Card,DEV-09-1,iPhone,Pune,18,1,0,8.2,39,3544.56,2009.38,107,1031,2091,0,0,0,359.3,0,
TXN09-03085,9,2026-07-07 18:19:48,5584.19,Coffee,90052,Card,DEV-09-4,iPhone,Pune,18,1,0,8.65,40,3543.14,2011.15,12,322,2092,0,0,0,0.0,0,
TXN09-03086,9,2026-07-07 18:42:01,8000.0,Cloud Services,90002,Card,DEV-09-8,Web,Pune,18,1,0,22.22,41,3552.59,2014.32,246,51,2093,0,0,0,0.0,0,
TXN09-03087,9,2026-07-07 18:51:15,2980.86,Cloud Services,90062,UPI,DEV-09-1,iPhone,Bangalore,18,1,0,9.23,42,3564.33,2024.56,3,1032,353,0,0,0,735.23,0,
TXN09-03088,9,2026-07-07 18:53:03,3065.7,Coffee,90019,Card,DEV-09-2,Web,Pune,18,1,0,1.8,43,3566.43,2023.54,112,661,2094,0,0,0,735.23,0,
TXN09-03089,9,2026-07-07 19:02:38,8000.0,Software,90014,UPI,DEV-09-2,Web,Goa,19,1,0,9.58,44,3563.73,2023.32,88,662,571,0,0,0,359.3,0,
TXN09-03090,9,2026-07-07 19:12:24,8000.0,Software,90048,UPI,DEV-09-2,Web,Pune,19,1,0,9.77,45,3574.06,2035.93,17,663,2095,0,0,0,359.3,0,
TXN09-03091,9,2026-07-07 19:35:03,637.33,Software,90006,Card,DEV-09-1,iPhone,Pune,19,1,0,22.65,46,3585.74,2045.88,260,1033,2096,0,0,0,0.0,0,
TXN09-03092,9,2026-07-07 19:39:40,4271.49,Software,90016,Card,DEV-09-1,iPhone,Goa,19,1,0,4.62,47,3577.98,2048.76,55,1034,572,0,0,0,359.3,0,
TXN09-03093,9,2026-07-07 19:45:03,1461.24,Software,90029,Card,DEV-09-6,Web,Pune,19,1,0,5.38,48,3579.8,2046.38,31,116,2097,0,0,0,359.3,0,
TXN09-03094,9,2026-07-07 19:51:33,2013.12,Cloud Services,90010,UPI,DEV-09-3,iPhone,Goa,19,1,0,6.5,49,3574.25,2046.56,90,459,573,0,0,0,359.3,0,
TXN09-03095,9,2026-07-07 20:30:34,596.16,Cloud Services,90097,Card,DEV-09-1,iPhone,Pune,20,1,0,39.02,50,3554.16,2036.05,1,1035,2098,0,0,1,359.3,0,
TXN09-03096,9,2026-07-07 20:30:58,3671.62,Cloud Services,90002,Card,DEV-09-2,Web,Pune,20,1,0,0.4,51,3546.36,2039.02,247,664,2099,0,0,0,0.0,0,
TXN09-03097,9,2026-07-07 20:32:01,8000.0,Software,90048,UPI,DEV-09-6,Web,Goa,20,1,0,1.05,52,3546.69,2036.34,18,117,574,0,0,0,359.3,0,
TXN09-03098,9,2026-07-07 20:38:22,6095.36,Coffee,90039,UPI,DEV-09-3,iPhone,Goa,20,1,0,6.35,53,3558.38,2046.39,12,460,575,0,0,0,0.0,0,
TXN09-03099,9,2026-07-07 20:57:20,8000.0,Restaurants,90067,UPI,DEV-09-1,iPhone,Pune,20,1,0,18.97,54,3571.06,2047.11,6,1036,2100,0,0,0,359.3,0,
TXN09-03100,9,2026-07-07 21:03:30,1845.59,Cloud Services,90071,UPI,DEV-09-2,Web,Pune,21,1,0,6.17,55,3589.56,2050.53,5,665,2101,0,0,0,0.0,0,
TXN09-03101,9,2026-07-07 21:33:18,3773.37,Cloud Services,90072,UPI,DEV-09-3,iPhone,Pune,21,1,0,29.8,56,3588.72,2051.18,6,461,2102,0,0,0,0.0,0,
TXN09-03102,9,2026-07-07 22:14:09,5124.87,Coffee,90039,UPI,DEV-09-1,iPhone,Pune,22,1,0,40.85,57,3604.51,2049.98,13,1037,2103,0,0,0,0.0,0,
TXN09-03103,9,2026-07-07 22:24:39,6735.77,Software,90006,Card,DEV-09-1,iPhone,Bangalore,22,1,0,10.5,58,3596.86,2038.9,261,1038,354,0,0,0,735.23,0,
TXN09-03104,9,2026-07-07 22:25:09,6372.77,Restaurants,90026,UPI,DEV-09-1,iPhone,Pune,22,1,0,0.5,59,3605.19,2042.58,31,1039,2104,0,0,0,735.23,0,
TXN09-03105,9,2026-07-07 22:27:21,5379.79,Restaurants,90005,Card,DEV-09-4,iPhone,Pune,22,1,0,2.2,60,3612.51,2044.83,108,323,2105,0,0,0,0.0,0,
TXN09-03106,9,2026-07-07 22:30:28,5951.35,Coffee,90004,Card,DEV-09-2,Web,Pune,22,1,0,3.12,61,3617.17,2044.14,248,666,2106,0,0,0,0.0,0,
TXN09-03107,9,2026-07-07 22:38:03,1338.78,Cloud Services,90002,Card,DEV-09-13,Web,Pune,22,1,0,7.58,62,3628.1,2045.52,248,9,2107,0,0,0,0.0,0,
TXN09-03108,9,2026-07-07 22:39:11,3357.77,Cloud Services,90002,UPI,DEV-09-8,Web,Pune,22,1,0,1.13,63,3622.07,2046.19,249,52,2108,0,0,0,0.0,0,
TXN09-03109,9,2026-07-07 22:40:00,2419.79,Software,90029,Card,DEV-09-2,Web,Pune,22,1,0,0.82,64,3621.38,2043.54,32,667,2109,0,0,0,0.0,0,
TXN09-03110,9,2026-07-07 22:59:54,6087.09,Software,90078,Card,DEV-09-1,iPhone,Pune,22,1,0,19.9,65,3624.76,2044.15,3,1040,2110,0,0,0,0.0,0,
TXN09-03111,9,2026-07-07 23:08:05,3082.82,Software,90047,UPI,DEV-09-2,Web,Pune,23,1,0,8.18,66,3631.23,2045.35,17,668,2111,0,0,0,0.0,0,
TXN09-03112,9,2026-07-07 23:39:35,3327.54,Restaurants,90012,Card,DEV-09-4,iPhone,Goa,23,1,0,31.5,67,3633.51,2047.26,55,324,576,0,0,0,359.3,0,
TXN09-03113,9,2026-07-07 23:52:13,2944.44,Software,90018,Card,DEV-09-4,iPhone,Pune,23,1,0,12.63,68,3632.71,2044.63,57,325,2112,0,0,0,359.3,0,
TXN09-03114,9,2026-07-08 08:09:32,6212.4,Cloud Services,90003,UPI,DEV-09-7,Android,Pune,8,2,0,497.32,1,3622.37,2037.55,108,94,2113,0,0,0,0.0,0,
TXN09-03115,9,2026-07-08 08:53:17,5811.01,Software,90006,UPI,DEV-09-2,Web,Pune,8,2,0,43.75,2,3635.48,2038.18,262,669,2114,0,0,0,0.0,0,
TXN09-03116,9,2026-07-08 08:58:44,4780.03,Coffee,90021,UPI,DEV-09-2,Web,Pune,8,2,0,5.45,3,3639.07,2040.81,57,670,2115,0,0,0,0.0,0,
TXN09-03117,9,2026-07-08 09:02:41,3918.11,Software,90006,Card,DEV-09-2,Web,Bangalore,9,2,0,3.95,4,3626.71,2033.33,263,671,355,0,0,0,735.23,0,
TXN09-03118,9,2026-07-08 09:10:04,4123.69,Restaurants,90012,Card,DEV-09-1,iPhone,Pune,9,2,0,7.38,5,3625.7,2033.09,56,1041,2116,0,0,0,735.23,0,
TXN09-03119,9,2026-07-08 09:10:27,776.28,Coffee,90022,Card,DEV-09-2,Web,Pune,9,2,0,0.38,6,3627.01,2030.56,41,672,2117,0,0,0,0.0,0,
TXN09-03120,9,2026-07-08 09:12:02,5849.47,Software,90014,UPI,DEV-09-1,iPhone,Pune,9,2,0,1.58,7,3619.51,2033.14,89,1042,2118,0,0,0,0.0,0,
TXN09-03121,9,2026-07-08 09:16:54,2910.84,Cloud Services,90027,Card,DEV-09-8,Web,Pune,9,2,0,4.87,8,3631.2,2033.15,35,53,2119,0,0,0,0.0,0,
TXN09-03122,9,2026-07-08 09:28:51,5688.64,Cloud Services,90015,UPI,DEV-09-1,iPhone,Pune,9,2,0,11.95,9,3635.32,2030.1,35,1043,2120,0,0,0,0.0,0,
TXN09-03123,9,2026-07-08 09:42:43,2718.9,Restaurants,90026,Card,DEV-09-1,iPhone,Pune,9,2,0,13.87,10,3640.71,2030.16,32,1044,2121,0,0,0,0.0,0,
TXN09-03124,9,2026-07-08 09:56:06,3945.43,Software,90006,Card,DEV-09-1,iPhone,Pune,9,2,0,13.38,11,3638.3,2028.05,264,1045,2122,0,0,0,0.0,0,
TXN09-03125,9,2026-07-08 10:06:42,2221.98,Software,90006,Card,DEV-09-2,Web,Goa,10,2,0,10.6,12,3647.12,2027.19,265,673,577,0,0,0,359.3,0,
TXN09-03126,9,2026-07-08 10:39:51,2054.43,Restaurants,90081,UPI,DEV-09-3,iPhone,Pune,10,2,0,33.15,13,3643.06,2028.49,3,462,2123,0,0,0,359.3,0,
TXN09-03127,9,2026-07-08 10:53:46,2600.51,Cloud Services,90011,UPI,DEV-09-1,iPhone,Pune,10,2,0,13.92,14,3631.47,2024.92,59,1046,2124,0,0,0,0.0,0,
TXN09-03128,9,2026-07-08 11:27:13,1256.61,Cloud Services,90011,UPI,DEV-09-2,Web,Goa,11,2,0,33.45,15,3634.79,2025.79,60,674,578,0,0,0,359.3,0,
TXN09-03129,9,2026-07-08 11:56:31,485.24,Coffee,90004,Card,DEV-09-1,iPhone,Pune,11,2,0,29.3,16,3622.35,2020.42,249,1047,2125,0,0,0,359.3,0,
TXN09-03130,9,2026-07-08 12:13:30,8000.0,Software,90007,UPI,DEV-09-2,Web,Pune,12,2,0,16.98,17,3614.05,2024.17,157,675,2126,0,0,0,0.0,0,
TXN09-03131,9,2026-07-08 12:15:11,3800.55,Cloud Services,90003,Card,DEV-09-1,iPhone,Goa,12,2,0,1.68,18,3625.62,2033.98,109,1048,579,0,0,0,359.3,0,
TXN09-03132,9,2026-07-08 12:26:07,6465.5,Software,90007,Card,DEV-09-2,Web,Pune,12,2,0,10.93,19,3639.23,2028.58,158,676,2127,0,0,0,359.3,0,
TXN09-03133,9,2026-07-08 12:56:14,1327.81,Restaurants,90041,UPI,DEV-09-3,iPhone,Goa,12,2,0,30.12,20,3646.64,2037.4,16,463,580,0,0,0,359.3,0,
TXN09-03134,9,2026-07-08 12:58:18,2046.48,Cloud Services,90002,Card,DEV-09-5,Android,Pune,12,2,0,2.07,21,3640.47,2038.19,250,202,2128,0,0,0,359.3,0,
TXN09-03135,9,2026-07-08 13:26:44,3157.96,Software,90007,Card,DEV-09-7,Android,Pune,13,2,0,28.43,22,3640.98,2043.76,159,95,2129,0,0,0,0.0,0,
TXN09-03136,9,2026-07-08 13:39:31,2915.29,Cloud Services,90015,UPI,DEV-09-1,iPhone,Goa,13,2,0,12.78,23,3644.82,2041.5,36,1049,581,0,0,0,359.3,0,
TXN09-03137,9,2026-07-08 13:42:08,1928.56,Software,90007,UPI,DEV-09-1,iPhone,Goa,13,2,0,2.62,24,3642.87,2039.12,160,1050,582,0,0,0,0.0,0,
TXN09-03138,9,2026-07-08 14:06:59,2207.12,Software,90078,UPI,DEV-09-7,Android,Pune,14,2,0,24.85,25,3638.32,2038.32,4,96,2130,0,0,0,359.3,0,
TXN09-03139,9,2026-07-08 14:08:07,2680.74,Software,90007,UPI,DEV-09-1,iPhone,Pune,14,2,0,1.13,26,3634.52,2036.94,161,1051,2131,0,0,0,0.0,0,
TXN09-03140,9,2026-07-08 14:23:09,1976.52,Software,90001,UPI,DEV-09-1,iPhone,Dubai,14,2,0,15.03,27,3632.0,2034.84,289,1052,3,0,0,0,2054.4,1,hourly_location_hopping
TXN09-03141,9,2026-07-08 14:53:37,7811.56,Restaurants,90001,Card,DEV-09-6,Web,Pune,14,2,0,30.47,28,3614.12,2029.52,290,118,2132,0,0,0,2054.4,0,
TXN09-03142,9,2026-07-08 15:23:09,958.99,Software,90001,UPI,DEV-09-1,iPhone,Dubai,15,2,0,29.53,29,3636.33,2042.64,291,1053,4,0,0,0,2054.4,1,hourly_location_hopping
TXN09-03143,9,2026-07-08 15:25:42,4995.04,Coffee,90004,Card,DEV-09-1,iPhone,Pune,15,2,0,2.55,30,3629.17,2044.59,250,1054,2133,0,0,0,2054.4,0,
TXN09-03144,9,2026-07-08 15:46:32,1326.68,Restaurants,90017,Card,DEV-09-2,Web,Goa,15,2,0,20.83,31,3626.59,2036.3,32,677,583,0,0,0,359.3,0,
TXN09-03145,9,2026-07-08 15:57:28,1891.92,Coffee,90033,UPI,DEV-09-4,iPhone,Goa,15,2,0,10.93,32,3621.11,2039.73,22,326,584,0,0,0,0.0,0,
TXN09-03146,9,2026-07-08 16:18:31,1634.01,Software,90016,UPI,DEV-09-15,Web,Pune,16,2,0,21.05,33,3613.92,2045.24,56,7,2134,0,0,0,359.3,0,
TXN09-03147,9,2026-07-08 16:23:09,2614.74,Software,90001,UPI,DEV-09-1,iPhone,Unknown Country,16,2,0,4.63,34,3608.6,2045.06,292,1055,6,0,0,0,8307.79,1,hourly_location_hopping
TXN09-03148,9,2026-07-08 16:43:07,8000.0,Cloud Services,90027,Card,DEV-09-2,Web,Goa,16,2,0,19.97,35,3605.22,2047.89,36,678,585,0,0,0,8306.34,0,
TXN09-03149,9,2026-07-08 16:47:39,3159.26,Restaurants,90001,UPI,DEV-09-1,iPhone,Pune,16,2,0,4.53,36,3616.99,2060.53,293,1056,2135,0,0,0,359.3,0,
TXN09-03150,9,2026-07-08 16:59:21,1127.08,Cloud Services,90059,Card,DEV-09-1,iPhone,Goa,16,2,0,11.7,37,3606.9,2058.24,8,1057,586,0,0,0,359.3,0,
TXN09-03151,9,2026-07-08 17:03:30,7609.3,Restaurants,90098,Card,DEV-09-2,Web,Pune,17,2,0,4.15,38,3600.22,2059.48,1,679,2136,0,0,1,359.3,0,
TXN09-03152,9,2026-07-08 17:04:43,4393.29,Cloud Services,90030,UPI,DEV-09-3,iPhone,Bangalore,17,2,0,1.22,39,3611.0,2067.16,21,464,356,0,0,0,735.23,0,
TXN09-03153,9,2026-07-08 17:09:45,1926.73,Cloud Services,90075,Card,DEV-09-4,iPhone,Pune,17,2,0,5.03,40,3613.09,2064.78,3,327,2137,0,0,0,735.23,0,
TXN09-03154,9,2026-07-08 17:13:14,7575.52,Software,90040,UPI,DEV-09-1,iPhone,Goa,17,2,0,3.48,41,3608.58,2063.86,15,1058,587,0,0,0,359.3,0,
TXN09-03155,9,2026-07-08 17:28:41,3197.05,Coffee,90004,UPI,DEV-09-6,Web,Pune,17,2,0,15.45,42,3606.81,2066.74,251,119,2138,0,0,0,359.3,0,
TXN09-03156,9,2026-07-08 17:36:32,2276.09,Cloud Services,90079,Card,DEV-09-1,iPhone,Pune,17,2,0,7.85,43,3612.14,2063.11,3,1059,2139,0,0,0,0.0,0,
TXN09-03157,9,2026-07-08 17:42:25,7827.78,Coffee,90019,UPI,DEV-09-6,Web,Pune,17,2,0,5.88,44,3599.21,2062.74,113,120,2140,0,0,0,0.0,0,
TXN09-03158,9,2026-07-08 17:45:24,4211.73,Coffee,90004,Card,DEV-09-4,iPhone,Pune,17,2,0,2.98,45,3610.61,2071.59,252,328,2141,0,0,0,0.0,0,
TXN09-03159,9,2026-07-08 17:51:15,4620.8,Coffee,90021,UPI,DEV-09-2,Web,Pune,17,2,0,5.85,46,3612.22,2069.04,58,680,2142,0,0,0,0.0,0,
TXN09-03160,9,2026-07-08 18:18:38,1487.09,Cloud Services,90053,Card,DEV-09-3,iPhone,Pune,18,2,0,27.38,47,3620.84,2066.54,14,465,2143,0,0,0,0.0,0,
TXN09-03161,9,2026-07-08 18:20:04,6236.02,Cloud Services,90002,Card,DEV-09-5,Android,Pune,18,2,0,1.43,48,3615.12,2066.72,251,203,2144,0,0,0,0.0,0,
TXN09-03162,9,2026-07-08 18:32:19,5756.22,Restaurants,90013,UPI,DEV-09-3,iPhone,Bangalore,18,2,0,12.25,49,3621.86,2071.15,48,466,357,0,0,0,735.23,0,
TXN09-03163,9,2026-07-08 19:00:08,2108.6,Restaurants,90009,Card,DEV-09-6,Web,Bangalore,19,2,0,27.82,50,3627.57,2071.31,59,121,358,0,0,0,0.0,0,
TXN09-03164,9,2026-07-08 19:15:24,2236.9,Restaurants,90001,Card,DEV-09-3,iPhone,Pune,19,2,0,15.27,51,3623.52,2070.03,294,467,2145,0,0,0,735.23,0,
TXN09-03165,9,2026-07-08 19:26:30,724.43,Software,90082,Card,DEV-09-5,Android,Pune,19,2,0,11.1,52,3619.83,2068.51,5,204,2146,0,0,0,0.0,0,
TXN09-03166,9,2026-07-08 19:29:29,4486.35,Cloud Services,90011,UPI,DEV-09-1,iPhone,Pune,19,2,0,2.98,53,3612.15,2071.13,61,1060,2147,0,0,0,0.0,0,
TXN09-03167,9,2026-07-08 20:10:30,1004.42,Coffee,90021,Card,DEV-09-1,iPhone,Pune,20,2,0,41.02,54,3618.99,2075.96,59,1061,2148,0,0,0,0.0,0,
TXN09-03168,9,2026-07-08 20:23:32,840.09,Software,90040,Card,DEV-09-4,iPhone,Pune,20,2,0,13.03,55,3617.13,2077.99,16,329,2149,0,0,0,0.0,0,
TXN09-03169,9,2026-07-08 20:34:51,459.78,Restaurants,90008,UPI,DEV-09-4,iPhone,Pune,20,2,0,11.32,56,3609.74,2080.15,72,330,2150,0,0,0,0.0,0,
TXN09-03170,9,2026-07-08 20:42:56,2651.85,Software,90082,UPI,DEV-09-3,iPhone,Bangalore,20,2,0,8.08,57,3608.01,2085.94,6,468,359,0,0,0,735.23,0,
TXN09-03171,9,2026-07-08 20:51:21,1824.85,Coffee,90004,Card,DEV-09-3,iPhone,Bangalore,20,2,0,8.42,58,3605.46,2083.75,253,469,360,0,0,0,0.0,0,
TXN09-03172,9,2026-07-08 20:54:39,973.8,Restaurants,90005,UPI,DEV-09-5,Android,Goa,20,2,0,3.3,59,3600.74,2083.0,109,205,588,0,0,0,454.99,0,
TXN09-03173,9,2026-07-08 21:01:46,2544.11,Software,90016,Card,DEV-09-4,iPhone,Pune,21,2,0,7.12,60,3593.79,2084.61,57,331,2151,0,0,0,359.3,0,
TXN09-03174,9,2026-07-08 21:26:19,4025.78,Software,90016,Card,DEV-09-1,iPhone,Goa,21,2,0,24.55,61,3591.02,2082.55,58,1062,589,0,0,0,359.3,0,
TXN09-03175,9,2026-07-08 21:32:21,742.29,Software,90007,Card,DEV-09-3,iPhone,Pune,21,2,0,6.03,62,3584.62,2077.48,162,470,2152,0,0,0,359.3,0,
TXN09-03176,9,2026-07-08 22:03:33,6020.8,Restaurants,90001,Card,DEV-09-3,iPhone,Pune,22,2,0,31.2,63,3577.15,2079.85,295,471,2153,0,0,0,0.0,0,
TXN09-03177,9,2026-07-08 22:54:40,6694.14,Cloud Services,90002,UPI,DEV-09-1,iPhone,Pune,22,2,0,51.12,64,3589.23,2086.53,252,1063,2154,0,0,0,0.0,0,
TXN09-03178,9,2026-07-08 23:06:34,6299.36,Coffee,90019,UPI,DEV-09-1,iPhone,Pune,23,2,0,11.9,65,3597.42,2089.85,114,1064,2155,0,0,0,0.0,0,
TXN09-03179,9,2026-07-08 23:07:58,970.32,Software,90007,Card,DEV-09-2,Web,Pune,23,2,0,1.4,66,3604.53,2091.69,163,681,2156,0,0,0,0.0,0,
TXN09-03180,9,2026-07-08 23:11:22,2154.63,Software,90029,UPI,DEV-09-3,iPhone,Pune,23,2,0,3.4,67,3597.62,2093.28,33,472,2157,0,0,0,0.0,0,
TXN09-03181,9,2026-07-08 23:22:49,4280.61,Software,90048,Card,DEV-09-2,Web,Pune,23,2,0,11.45,68,3595.88,2097.14,19,682,2158,0,0,0,0.0,0,
TXN09-03182,9,2026-07-08 23:40:33,3097.13,Software,90099,Card,DEV-09-2,Web,Pune,23,2,0,17.73,69,3597.68,2094.68,1,683,2159,0,0,1,0.0,0,
TXN09-03183,9,2026-07-08 23:48:16,3738.45,Restaurants,90031,Card,DEV-09-4,iPhone,Goa,23,2,0,7.72,70,3599.26,2094.07,20,332,590,0,0,0,359.3,0,
TXN09-03184,9,2026-07-09 08:11:53,2407.78,Coffee,90021,Card,DEV-09-3,iPhone,Pune,8,3,0,503.62,1,3593.05,2090.14,60,473,2160,0,0,0,359.3,0,
TXN09-03185,9,2026-07-09 09:07:46,4525.78,Restaurants,90012,Card,DEV-09-3,iPhone,Goa,9,3,0,55.88,2,3591.89,2090.68,57,474,591,0,0,0,359.3,0,
TXN09-03186,9,2026-07-09 09:36:38,8000.0,Software,90006,UPI,DEV-09-14,iPhone,Pune,9,3,0,28.87,3,3598.62,2089.54,266,9,2161,0,0,0,359.3,0,
TXN09-03187,9,2026-07-09 10:07:19,2321.49,Restaurants,90005,UPI,DEV-09-2,Web,Goa,10,3,0,30.68,4,3610.14,2098.89,110,684,592,0,0,0,359.3,0,
TXN09-03188,9,2026-07-09 10:09:31,1547.41,Software,90006,UPI,DEV-09-4,iPhone,Pune,10,3,0,2.2,5,3606.78,2097.18,267,333,2162,0,0,0,359.3,0,
TXN09-03189,9,2026-07-09 10:14:07,6157.64,Software,90016,UPI,DEV-09-1,iPhone,Pune,10,3,0,4.6,6,3601.42,2097.08,59,1065,2163,0,0,0,0.0,0,
TXN09-03190,9,2026-07-09 10:20:06,4342.66,Coffee,90044,UPI,DEV-09-1,iPhone,Goa,10,3,0,5.98,7,3608.06,2098.39,12,1066,593,0,0,0,359.3,0,
TXN09-03191,9,2026-07-09 10:27:00,2180.3,Software,90082,UPI,DEV-09-1,iPhone,Pune,10,3,0,6.9,8,3609.96,2096.0,7,1067,2164,0,0,0,359.3,0,
TXN09-03192,9,2026-07-09 10:41:55,1802.26,Restaurants,90005,UPI,DEV-09-2,Web,Pune,10,3,0,14.92,9,3606.26,2094.55,111,685,2165,0,0,0,0.0,0,
TXN09-03193,9,2026-07-09 10:44:28,3803.33,Coffee,90004,UPI,DEV-09-1,iPhone,Pune,10,3,0,2.55,10,3595.81,2093.43,254,1068,2166,0,0,0,0.0,0,
TXN09-03194,9,2026-07-09 10:51:05,781.29,Coffee,90020,UPI,DEV-09-1,iPhone,Goa,10,3,0,6.62,11,3596.34,2090.75,82,1069,594,0,0,0,359.3,0,
TXN09-03195,9,2026-07-09 11:18:16,1256.96,Software,90014,UPI,DEV-09-1,iPhone,Goa,11,3,0,27.18,12,3583.67,2092.88,90,1070,595,0,0,0,0.0,0,
TXN09-03196,9,2026-07-09 11:24:44,3052.08,Coffee,90057,UPI,DEV-09-5,Android,Pune,11,3,0,6.47,13,3579.48,2095.9,10,206,2167,0,0,0,359.3,0,
TXN09-03197,9,2026-07-09 11:38:16,4585.56,Coffee,90019,UPI,DEV-09-5,Android,Bangalore,11,3,0,13.53,14,3578.12,2093.38,115,207,361,0,0,0,735.23,0,
TXN09-03198,9,2026-07-09 11:39:11,3034.93,Software,90029,UPI,DEV-09-1,iPhone,Pune,11,3,0,0.92,15,3580.71,2091.31,34,1071,2168,0,0,0,735.23,0,
TXN09-03199,9,2026-07-09 11:55:09,3213.35,Restaurants,90092,Card,DEV-09-5,Android,Pune,11,3,0,15.97,16,3567.98,2079.45,3,208,2169,0,0,0,0.0,0,
TXN09-03200,9,2026-07-09 11:57:28,805.06,Cloud Services,90011,UPI,DEV-09-1,iPhone,Pune,11,3,0,2.32,17,3567.07,2076.87,62,1072,2170,0,0,0,0.0,0,
TXN09-03201,9,2026-07-09 12:07:56,1677.2,Coffee,90004,UPI,DEV-09-2,Web,Goa,12,3,0,10.47,18,3560.02,2078.89,255,686,596,0,0,0,359.3,0,
TXN09-03202,9,2026-07-09 12:15:39,1871.48,Software,90018,Card,DEV-09-7,Android,Pune,12,3,0,7.72,19,3555.23,2078.41,58,97,2171,0,0,0,359.3,0,
TXN09-03203,9,2026-07-09 12:24:55,2787.6,Coffee,90064,UPI,DEV-09-2,Web,Goa,12,3,0,9.27,20,3543.99,2068.8,3,687,597,0,0,0,359.3,0,
TXN09-03204,9,2026-07-09 12:33:48,6334.83,Coffee,90004,UPI,DEV-09-4,iPhone,Goa,12,3,0,8.88,21,3548.97,2064.63,256,334,598,0,0,0,0.0,0,
TXN09-03205,9,2026-07-09 12:47:24,1005.84,Software,90007,Card,DEV-09-1,iPhone,Bangalore,12,3,0,13.6,22,3552.96,2068.5,164,1073,362,0,0,0,454.99,0,
TXN09-03206,9,2026-07-09 13:06:19,2078.69,Cloud Services,90010,Card,DEV-09-5,Android,Goa,13,3,0,18.92,23,3546.48,2069.85,91,209,599,0,0,0,454.99,0,
TXN09-03207,9,2026-07-09 13:10:04,683.32,Cloud Services,90003,Card,DEV-09-1,iPhone,Pune,13,3,0,3.75,24,3542.75,2068.54,110,1074,2172,0,0,0,359.3,0,
TXN09-03208,9,2026-07-09 13:25:17,8000.0,Restaurants,90088,Card,DEV-09-1,iPhone,Pune,13,3,0,15.22,25,3535.52,2070.91,2,1075,2173,0,0,0,0.0,0,
TXN09-03209,9,2026-07-09 13:29:20,1100.31,Restaurants,90008,UPI,DEV-09-11,iPhone,Pune,13,3,0,4.05,26,3546.79,2080.39,73,15,2174,0,0,0,0.0,0,
TXN09-03210,9,2026-07-09 13:29:22,2912.44,Software,90047,Card,DEV-09-4,iPhone,Pune,13,3,0,0.03,27,3540.63,2081.39,18,335,2175,0,0,0,0.0,0,
TXN09-03211,9,2026-07-09 14:11:30,1503.48,Coffee,90074,UPI,DEV-09-5,Android,Pune,14,3,0,42.13,28,3544.32,2078.97,6,210,2176,0,0,0,0.0,0,
TXN09-03212,9,2026-07-09 14:19:06,2815.63,Restaurants,90001,Card,DEV-09-1,iPhone,Bangalore,14,3,0,7.6,29,3539.19,2078.87,296,1076,363,0,0,0,735.23,0,
TXN09-03213,9,2026-07-09 14:51:29,5680.42,Cloud Services,90002,UPI,DEV-09-4,iPhone,Goa,14,3,0,32.38,30,3555.79,2073.39,253,336,600,0,0,0,454.99,0,
TXN09-03214,9,2026-07-09 14:57:25,5666.54,Cloud Services,90010,UPI,DEV-09-1,iPhone,Bangalore,14,3,0,5.93,31,3561.14,2073.51,92,1077,364,0,0,0,454.99,0,
TXN09-03215,9,2026-07-09 14:58:36,6431.98,Coffee,90019,UPI,DEV-09-2,Web,Pune,14,3,0,1.18,32,3566.43,2073.58,116,688,2177,0,0,0,735.23,0,
TXN09-03216,9,2026-07-09 15:00:22,3438.04,Cloud Services,90015,UPI,DEV-09-1,iPhone,Pune,15,3,0,1.77,33,3573.62,2075.93,37,1078,2178,0,0,0,0.0,0,
TXN09-03217,9,2026-07-09 15:03:53,698.02,Cloud Services,90071,UPI,DEV-09-3,iPhone,Bangalore,15,3,0,3.52,34,3573.28,2073.35,6,475,365,0,0,0,735.23,0,
TXN09-03218,9,2026-07-09 15:05:25,1572.31,Restaurants,90036,Card,DEV-09-11,iPhone,Bangalore,15,3,0,1.53,35,3566.11,2075.72,16,16,366,0,0,0,0.0,0,
TXN09-03219,9,2026-07-09 15:10:11,6358.59,Restaurants,90063,UPI,DEV-09-1,iPhone,Pune,15,3,0,4.77,36,3561.15,2075.52,7,1079,2179,0,0,0,735.23,0,
TXN09-03220,9,2026-07-09 15:11:34,4689.23,Software,90007,Card,DEV-09-2,Web,Goa,15,3,0,1.38,37,3568.09,2077.61,165,689,601,0,0,0,359.3,0,
TXN09-03221,9,2026-07-09 15:11:51,283.14,Cloud Services,90010,Card,DEV-09-8,Web,Pune,15,3,0,0.28,38,3570.86,2075.78,93,54,2180,0,0,0,359.3,0,
TXN09-03222,9,2026-07-09 15:13:01,2372.78,Restaurants,90009,Card,DEV-09-8,Web,Bangalore,15,3,0,1.17,39,3562.75,2079.63,60,55,367,0,0,0,735.23,0,
TXN09-03223,9,2026-07-09 15:14:31,1035.46,Coffee,90023,UPI,DEV-09-4,iPhone,Pune,15,3,0,1.5,40,3559.82,2077.9,44,337,2181,0,0,0,735.23,0,
TXN09-03224,9,2026-07-09 15:53:33,2445.81,Restaurants,90013,Card,DEV-09-1,iPhone,Pune,15,3,0,39.03,41,3540.32,2064.38,49,1080,2182,0,0,0,0.0,0,
TXN09-03225,9,2026-07-09 16:32:00,1759.62,Coffee,90100,UPI,DEV-09-2,Web,Bangalore,16,3,0,38.45,42,3540.56,2064.24,1,690,368,0,0,1,735.23,0,
TXN09-03226,9,2026-07-09 16:46:05,5902.12,Coffee,90024,Card,DEV-09-3,iPhone,Pune,16,3,0,14.08,43,3533.25,2054.67,31,476,2183,0,0,0,735.23,0,
TXN09-03227,9,2026-07-09 16:48:27,6710.9,Cloud Services,90062,UPI,DEV-09-1,iPhone,Pune,16,3,0,2.37,44,3539.11,2055.5,4,1081,2184,0,0,0,0.0,0,
TXN09-03228,9,2026-07-09 16:51:38,8000.0,Restaurants,90017,UPI,DEV-09-5,Android,Goa,16,3,0,3.18,45,3546.94,2058.98,33,211,602,0,0,0,359.3,0,
TXN09-03229,9,2026-07-09 17:11:23,2181.0,Software,90006,UPI,DEV-09-2,Web,Bangalore,17,3,0,19.75,46,3557.91,2068.26,268,691,369,0,0,0,454.99,0,
TXN09-03230,9,2026-07-09 17:18:29,1153.62,Software,90014,UPI,DEV-09-1,iPhone,Pune,17,3,0,7.1,47,3554.53,2066.84,91,1082,2185,0,0,0,735.23,0,
TXN09-03231,9,2026-07-09 17:29:48,2249.84,Cloud Services,90101,UPI,DEV-09-3,iPhone,Pune,17,3,0,11.32,48,3548.64,2067.72,1,477,2186,0,0,1,0.0,0,
TXN09-03232,9,2026-07-09 18:01:42,2335.09,Cloud Services,90038,UPI,DEV-09-15,Web,Lucknow,18,3,0,31.9,49,3551.49,2065.13,16,8,6,0,0,0,1176.73,0,
TXN09-03233,9,2026-07-09 18:12:28,4185.12,Coffee,90035,UPI,DEV-09-1,iPhone,Pune,18,3,0,10.77,50,3541.64,2061.33,18,1083,2187,0,0,0,1176.73,0,
TXN09-03234,9,2026-07-09 18:28:55,3174.42,Restaurants,90001,Card,DEV-09-2,Web,Pune,18,3,0,16.45,51,3545.03,2061.25,297,692,2188,0,0,0,0.0,0,
TXN09-03235,9,2026-07-09 18:36:01,7780.73,Software,90099,UPI,DEV-09-12,iPhone,Pune,18,3,0,7.1,52,3544.12,2058.81,2,15,2189,0,0,0,0.0,0,
TXN09-03236,9,2026-07-09 18:49:16,8000.0,Coffee,90022,Card,DEV-09-6,Web,Bangalore,18,3,0,13.25,53,3554.46,2066.89,42,122,370,0,0,0,735.23,0,
TXN09-03237,9,2026-07-09 18:57:05,5487.45,Restaurants,90092,Card,DEV-09-2,Web,Pune,18,3,0,7.82,54,3565.27,2075.96,4,693,2190,0,0,0,735.23,0,
TXN09-03238,9,2026-07-09 18:59:50,2121.81,Coffee,90022,UPI,DEV-09-15,Web,Pune,18,3,0,2.75,55,3569.94,2075.59,43,9,2191,0,0,0,0.0,0,
TXN09-03239,9,2026-07-09 19:02:52,450.69,Restaurants,90017,Card,DEV-09-3,iPhone,Pune,19,3,0,3.03,56,3566.43,2074.3,34,478,2192,0,0,0,0.0,0,
TXN09-03240,9,2026-07-09 19:22:13,8000.0,Cloud Services,90038,Card,DEV-09-1,iPhone,Pune,19,3,0,19.35,57,3567.17,2076.64,17,1084,2193,0,0,0,0.0,0,
TXN09-03241,9,2026-07-09 19:29:43,2165.02,Software,90007,UPI,DEV-09-3,iPhone,Pune,19,3,0,7.5,58,3577.9,2085.53,166,479,2194,0,0,0,0.0,0,
TXN09-03242,9,2026-07-09 19:34:38,2826.46,Coffee,90019,Card,DEV-09-1,iPhone,Pune,19,3,0,4.92,59,3574.49,2084.16,117,1085,2195,0,0,0,0.0,0,
TXN09-03243,9,2026-07-09 19:38:27,3436.4,Software,90102,Card,DEV-09-2,Web,Pune,19,3,0,3.82,60,3572.69,2081.98,1,694,2196,0,0,1,0.0,0,
TXN09-03244,9,2026-07-09 19:40:39,5364.8,Cloud Services,90056,UPI,DEV-09-2,Web,Pune,19,3,0,2.2,61,3572.36,2079.48,7,695,2197,0,0,0,0.0,0,
TXN09-03245,9,2026-07-09 20:05:40,6106.51,Coffee,90020,Card,DEV-09-1,iPhone,Pune,20,3,0,25.02,62,3576.66,2078.84,83,1086,2198,0,0,0,0.0,0,
TXN09-03246,9,2026-07-09 20:38:09,1477.1,Restaurants,90001,UPI,DEV-09-4,iPhone,Bangalore,20,3,0,32.48,63,3582.71,2080.02,298,338,371,0,0,0,735.23,0,
TXN09-03247,9,2026-07-09 20:48:46,3613.17,Restaurants,90001,Card,DEV-09-2,Web,Pune,20,3,0,10.62,64,3577.68,2080.08,299,696,2199,0,0,0,735.23,0,
TXN09-03248,9,2026-07-09 20:55:05,5209.79,Software,90016,Card,DEV-09-3,iPhone,Pune,20,3,0,6.32,65,3578.68,2079.99,60,480,2200,0,0,0,0.0,0,
TXN09-03249,9,2026-07-09 20:59:19,5384.31,Cloud Services,90054,UPI,DEV-09-3,iPhone,Pune,20,3,0,4.23,66,3582.57,2079.04,13,481,2201,0,0,0,0.0,0,
TXN09-03250,9,2026-07-09 21:10:29,4346.8,Coffee,90004,UPI,DEV-09-3,iPhone,Pune,21,3,0,11.17,67,3586.85,2078.42,257,482,2202,0,0,0,0.0,0,
TXN09-03251,9,2026-07-09 21:41:20,3309.91,Coffee,90032,UPI,DEV-09-2,Web,Pune,21,3,0,30.85,68,3594.36,2078.61,28,697,2203,0,0,0,0.0,0,
TXN09-03252,9,2026-07-09 22:11:35,3594.32,Software,90006,Card,DEV-09-4,iPhone,Pune,22,3,0,30.25,69,3593.68,2076.19,269,339,2204,0,0,0,0.0,0,
TXN09-03253,9,2026-07-09 22:27:10,598.07,Restaurants,90001,Card,DEV-09-1,iPhone,Pune,22,3,0,15.58,70,3593.68,2073.73,300,1087,2205,0,0,0,0.0,0,
TXN09-03254,9,2026-07-09 22:30:36,3928.8,Restaurants,90009,Card,DEV-09-1,iPhone,Pune,22,3,0,3.43,71,3586.6,2076.38,61,1088,2206,0,0,0,0.0,0,
TXN09-03255,9,2026-07-09 22:39:34,1274.75,Software,90099,UPI,DEV-09-2,Web,Pune,22,3,0,8.97,72,3587.41,2073.99,3,698,2207,0,0,0,0.0,0,
TXN09-03256,9,2026-07-09 22:52:11,1889.33,Restaurants,90009,UPI,DEV-09-4,iPhone,Pune,22,3,0,12.62,73,3581.97,2074.58,62,340,2208,0,0,0,0.0,0,
TXN09-03257,9,2026-07-09 23:00:17,1359.45,Cloud Services,90002,UPI,DEV-09-1,iPhone,Pune,23,3,0,8.1,74,3577.99,2073.76,254,1089,2209,0,0,0,0.0,0,
TXN09-03258,9,2026-07-09 23:15:50,2312.76,Restaurants,90012,Card,DEV-09-1,iPhone,Bangalore,23,3,0,15.55,75,3575.01,2076.04,58,1090,372,0,0,0,735.23,0,
TXN09-03259,9,2026-07-09 23:50:02,4934.81,Restaurants,90009,UPI,DEV-09-5,Android,Pune,23,3,0,34.2,76,3573.44,2075.25,63,212,2210,0,0,0,735.23,0,
TXN09-03260,9,2026-07-10 08:36:38,3257.85,Restaurants,90009,UPI,DEV-09-1,iPhone,Goa,8,4,0,526.6,1,3583.0,2076.48,64,1091,603,0,0,0,359.3,0,
TXN09-03261,9,2026-07-10 10:31:56,842.74,Software,90049,Card,DEV-09-4,iPhone,Pune,10,4,0,115.3,2,3570.23,2074.18,13,341,2211,0,0,0,359.3,0,
TXN09-03262,9,2026-07-10 11:16:21,2883.77,Coffee,90066,Card,DEV-09-2,Web,Bangalore,11,4,0,44.42,3,3563.76,2075.97,6,699,373,0,0,0,735.23,0,
TXN09-03263,9,2026-07-10 11:41:01,6852.58,Software,90007,UPI,DEV-09-3,iPhone,Pune,11,4,0,24.67,4,3574.07,2075.23,167,483,2212,0,0,0,735.23,0,
TXN09-03264,9,2026-07-10 11:51:21,2793.47,Cloud Services,90065,Card,DEV-09-3,iPhone,Pune,11,4,0,10.33,5,3581.86,2078.9,3,484,2213,0,0,0,0.0,0,
TXN09-03265,9,2026-07-10 12:00:42,6321.18,Coffee,90021,UPI,DEV-09-2,Web,Bangalore,12,4,0,9.35,6,3579.99,2076.79,61,700,374,0,0,0,735.23,0,
TXN09-03266,9,2026-07-10 12:26:34,1576.53,Restaurants,90009,Card,DEV-09-4,iPhone,Pune,12,4,0,25.87,7,3584.76,2079.28,65,342,2214,0,0,0,735.23,0,
TXN09-03267,9,2026-07-10 13:03:47,2091.01,Software,90016,Card,DEV-09-3,iPhone,Pune,13,4,0,37.22,8,3571.93,2080.05,61,485,2215,0,0,0,0.0,0,
TXN09-03268,9,2026-07-10 13:31:03,3521.63,Restaurants,90005,Card,DEV-09-1,iPhone,Pune,13,4,0,27.27,9,3579.45,2076.71,112,1092,2216,0,0,0,0.0,0,
TXN09-03269,9,2026-07-10 13:31:04,4530.56,Software,90007,UPI,DEV-09-1,iPhone,Goa,13,4,0,0.02,10,3579.31,2074.24,168,1093,604,0,0,0,359.3,0,
TXN09-03270,9,2026-07-10 14:15:58,8000.0,Cloud Services,90053,UPI,DEV-09-7,Android,Pune,14,4,0,44.9,11,3578.19,2073.59,15,98,2217,0,0,0,359.3,0,
TXN09-03271,9,2026-07-10 14:45:44,1148.82,Coffee,90033,Card,DEV-09-1,iPhone,Goa,14,4,0,29.77,12,3588.72,2082.3,23,1094,605,0,0,0,359.3,0,
TXN09-03272,9,2026-07-10 14:48:44,1565.33,Restaurants,90104,Card,DEV-09-2,Web,Pune,14,4,0,3.0,13,3582.92,2083.22,1,701,2218,0,0,1,359.3,1,ato_short_gap_higher_amount
TXN09-03273,9,2026-07-10 15:11:40,1939.51,Restaurants,90005,UPI,DEV-09-1,iPhone,Pune,15,4,0,22.93,14,3578.14,2083.06,113,1095,2219,0,0,0,0.0,0,
TXN09-03274,9,2026-07-10 16:09:16,6927.67,Restaurants,90176,UPI,DEV-09-1,iPhone,Goa,16,4,0,57.6,15,3575.06,2086.79,1,1096,606,0,0,1,359.3,1,ato_new_merchant_same_category
TXN09-03275,9,2026-07-10 16:31:51,6591.57,Coffee,90022,Card,DEV-09-3,iPhone,Pune,16,4,0,22.58,16,3583.0,2090.68,44,486,2220,0,0,0,359.3,0,
TXN09-03276,9,2026-07-10 16:42:58,5425.47,Software,90103,Card,DEV-09-2,Web,Pune,16,4,0,11.12,17,3583.3,2091.1,1,702,2221,0,0,1,0.0,0,
TXN09-03277,9,2026-07-10 17:08:10,4790.56,Cloud Services,90053,Card,DEV-09-3,iPhone,Bangalore,17,4,0,25.2,18,3587.65,2090.54,16,487,375,0,0,0,735.23,0,
TXN09-03278,9,2026-07-10 18:34:25,5763.61,Cloud Services,90030,Card,DEV-09-2,Web,Pune,18,4,0,86.25,19,3592.84,2090.79,22,703,2222,0,0,0,735.23,0,
TXN09-03279,9,2026-07-10 18:35:31,1195.12,Cloud Services,90011,Card,DEV-09-5,Android,Pune,18,4,0,1.1,20,3597.96,2090.98,63,213,2223,0,0,0,0.0,0,
TXN09-03280,9,2026-07-10 18:39:36,6752.52,Restaurants,90012,Card,DEV-09-2,Web,Pune,18,4,0,4.08,21,3592.31,2091.76,59,704,2224,0,0,0,0.0,0,
TXN09-03281,9,2026-07-10 19:23:54,7148.39,Software,90082,Card,DEV-09-2,Web,Pune,19,4,0,44.3,22,3593.74,2093.71,8,705,2225,0,0,0,0.0,0,
TXN09-03282,9,2026-07-10 19:23:56,2610.04,Software,90103,Card,DEV-09-1,iPhone,Goa,19,4,0,0.03,23,3602.08,2098.32,2,1097,607,0,0,0,359.3,0,
TXN09-03283,9,2026-07-10 19:29:03,2148.9,Coffee,90004,Card,DEV-09-11,iPhone,Pune,19,4,0,5.12,24,3599.76,2096.41,258,17,2226,0,0,0,359.3,0,
TXN09-03284,9,2026-07-10 19:30:05,7719.27,Coffee,90025,UPI,DEV-09-3,iPhone,Pune,19,4,0,1.03,25,3596.37,2095.13,17,488,2227,0,0,0,0.0,0,
TXN09-03285,9,2026-07-10 19:54:07,6331.47,Cloud Services,90086,Card,DEV-09-3,iPhone,Bangalore,19,4,0,24.03,26,3604.64,2104.38,5,489,376,0,0,0,735.23,0,
TXN09-03286,9,2026-07-10 20:38:31,5873.43,Software,90006,UPI,DEV-09-3,iPhone,Pune,20,4,0,44.4,27,3614.98,2106.87,270,490,2228,0,0,0,735.23,0,
TXN09-03287,9,2026-07-10 21:33:46,4058.51,Restaurants,90061,Card,DEV-09-1,iPhone,Pune,21,4,0,55.25,28,3620.08,2109.69,9,1098,2229,0,0,0,0.0,0,
TXN09-03288,9,2026-07-10 21:43:47,4282.34,Software,90006,Card,DEV-09-1,iPhone,Goa,21,4,0,10.02,29,3617.39,2108.39,271,1099,608,0,0,0,359.3,0,
TXN09-03289,9,2026-07-10 21:54:06,4399.13,Software,90006,UPI,DEV-09-4,iPhone,Bangalore,21,4,0,10.32,30,3618.94,2106.18,272,343,377,0,0,0,454.99,0,
TXN09-03290,9,2026-07-10 22:10:32,1806.25,Software,90006,Card,DEV-09-3,iPhone,Pune,22,4,0,16.43,31,3621.73,2106.36,273,491,2230,0,0,0,735.23,0,
TXN09-03291,9,2026-07-10 22:14:14,3259.41,Coffee,90057,Card,DEV-09-3,iPhone,Pune,22,4,0,3.7,32,3617.5,2105.72,11,492,2231,0,0,0,0.0,0,
TXN09-03292,9,2026-07-10 22:14:20,1464.02,Coffee,90020,Card,DEV-09-1,iPhone,Pune,22,4,0,0.1,33,3616.67,2103.35,84,1100,2232,0,0,0,0.0,0,
TXN09-03293,9,2026-07-10 22:46:51,6742.29,Software,90014,UPI,DEV-09-4,iPhone,Goa,22,4,0,32.52,34,3611.67,2103.46,92,344,609,0,0,0,359.3,0,
TXN09-03294,9,2026-07-10 23:03:55,1607.95,Cloud Services,90002,UPI,DEV-09-10,iPhone,Goa,23,4,0,17.07,35,3619.66,2108.78,255,23,610,0,0,0,0.0,0,
TXN09-03295,9,2026-07-10 23:05:06,8000.0,Cloud Services,90015,Card,DEV-09-1,iPhone,Pune,23,4,0,1.18,36,3615.01,2108.56,38,1101,2233,0,0,0,359.3,0,
TXN09-03296,9,2026-07-11 09:19:43,8000.0,Software,90040,UPI,DEV-09-9,iPhone,Goa,9,5,1,614.62,1,3637.11,2116.33,17,36,611,0,0,0,359.3,0,
TXN09-03297,9,2026-07-11 10:00:52,1918.17,Coffee,90004,Card,DEV-09-5,Android,Pune,10,5,1,41.15,2,3654.42,2121.78,259,214,2234,0,0,0,359.3,0,
TXN09-03298,9,2026-07-11 10:03:09,5328.66,Coffee,90025,UPI,DEV-09-4,iPhone,Pune,10,5,1,2.28,3,3650.35,2120.96,18,345,2235,0,0,0,0.0,0,
TXN09-03299,9,2026-07-11 10:06:41,1493.86,Restaurants,90104,Card,DEV-09-3,iPhone,Pune,10,5,1,3.53,4,3654.27,2120.03,2,493,2236,0,0,0,0.0,0,
TXN09-03300,9,2026-07-11 10:31:25,3676.06,Restaurants,90009,UPI,DEV-09-5,Android,Pune,10,5,1,24.73,5,3647.26,2122.2,66,215,2237,0,0,0,0.0,0,
TXN09-03301,9,2026-07-11 10:39:13,3969.32,Cloud Services,90062,Card,DEV-09-1,iPhone,Pune,10,5,1,7.8,6,3647.33,2119.72,5,1102,2238,0,0,0,0.0,0,
TXN09-03302,9,2026-07-11 10:44:18,3480.16,Restaurants,90017,UPI,DEV-09-7,Android,Bangalore,10,5,1,5.08,7,3650.41,2119.23,35,99,378,0,0,0,735.23,0,
TXN09-03303,9,2026-07-11 10:45:45,7206.43,Coffee,90004,UPI,DEV-09-2,Web,Pune,10,5,1,1.45,8,3654.56,2117.15,260,706,2239,0,0,0,735.23,0,
TXN09-03304,9,2026-07-11 10:59:25,3875.57,Cloud Services,90003,Card,DEV-09-2,Web,Pune,10,5,1,13.67,9,3660.11,2123.32,111,707,2240,0,0,0,0.0,0,
TXN09-03305,9,2026-07-11 11:07:18,5705.24,Software,90040,Card,DEV-09-5,Android,Goa,11,5,1,7.88,10,3660.61,2120.87,18,216,612,0,0,0,359.3,0,
TXN09-03306,9,2026-07-11 11:14:50,1377.43,Restaurants,90001,UPI,DEV-09-6,Web,Pune,11,5,1,7.53,11,3669.93,2121.04,301,123,2241,0,0,0,359.3,0,
TXN09-03307,9,2026-07-11 11:15:58,4989.02,Restaurants,90005,UPI,DEV-09-4,iPhone,Goa,11,5,1,1.13,12,3664.61,2121.44,114,346,613,0,0,0,359.3,0,
TXN09-03308,9,2026-07-11 11:34:32,995.57,Restaurants,90076,Card,DEV-09-1,iPhone,Pune,11,5,1,18.57,13,3656.8,2119.53,4,1103,2242,0,0,0,359.3,0,
TXN09-03309,9,2026-07-11 11:42:17,1906.25,Restaurants,90001,Card,DEV-09-1,iPhone,Goa,11,5,1,7.75,14,3640.47,2112.98,302,1104,614,0,0,0,359.3,0,
TXN09-03310,9,2026-07-11 11:53:54,8000.0,Restaurants,90001,Card,DEV-09-1,iPhone,Pune,11,5,1,11.62,15,3636.44,2112.18,303,1105,2243,0,0,0,359.3,0,
TXN09-03311,9,2026-07-11 12:02:05,3818.16,Cloud Services,90034,Card,DEV-09-2,Web,Pune,12,5,1,8.18,16,3646.56,2120.15,32,708,2244,0,0,0,0.0,0,
TXN09-03312,9,2026-07-11 12:10:44,2120.15,Coffee,90023,UPI,DEV-09-6,Web,Pune,12,5,1,8.65,17,3646.96,2117.71,45,124,2245,0,0,0,0.0,0,
TXN09-03313,9,2026-07-11 12:30:30,6759.72,Coffee,90024,Card,DEV-09-5,Android,Pune,12,5,1,19.77,18,3642.1,2115.73,32,217,2246,0,0,0,0.0,0,
TXN09-03314,9,2026-07-11 12:30:48,1681.21,Software,90040,Card,DEV-09-1,iPhone,Bangalore,12,5,1,0.3,19,3649.32,2118.58,19,1106,379,0,0,0,735.23,0,
TXN09-03315,9,2026-07-11 12:38:32,5297.19,Restaurants,90009,UPI,DEV-09-3,iPhone,Pune,12,5,1,7.73,20,3645.77,2120.59,67,494,2247,0,0,0,735.23,0,
TXN09-03316,9,2026-07-11 12:42:32,1708.07,Cloud Services,90097,Card,DEV-09-8,Web,Bangalore,12,5,1,4.0,21,3649.58,2119.62,2,56,380,0,0,0,735.23,0,
TXN09-03317,9,2026-07-11 12:47:00,1398.12,Cloud Services,90015,Card,DEV-09-7,Android,Pune,12,5,1,4.47,22,3645.11,2119.23,39,100,2248,0,0,0,735.23,0,
TXN09-03318,9,2026-07-11 12:47:24,1789.7,Restaurants,90098,Card,DEV-09-1,iPhone,Goa,12,5,1,0.4,23,3639.95,2119.52,2,1107,615,0,0,0,359.3,0,
TXN09-03319,9,2026-07-11 13:11:12,2992.89,Restaurants,90105,Card,DEV-09-5,Android,Pune,13,5,1,23.8,24,3641.05,2118.44,1,218,2249,0,0,1,359.3,0,
TXN09-03320,9,2026-07-11 13:11:31,2670.4,Software,90049,UPI,DEV-09-2,Web,Pune,13,5,1,0.32,25,3639.56,2116.23,14,709,2250,0,0,0,0.0,0,
TXN09-03321,9,2026-07-11 13:17:19,1230.38,Software,90007,UPI,DEV-09-2,Web,Pune,13,5,1,5.8,26,3637.34,2114.32,169,710,2251,0,0,0,0.0,0,
TXN09-03322,9,2026-07-11 13:28:18,1990.32,Software,90106,UPI,DEV-09-1,iPhone,Pune,13,5,1,10.98,27,3634.02,2116.96,1,1108,2252,0,0,1,0.0,0,
TXN09-03323,9,2026-07-11 13:28:20,3979.3,Software,90040,Card,DEV-09-8,Web,Pune,13,5,1,0.03,28,3630.27,2115.99,20,57,2253,0,0,0,0.0,0,
TXN09-03324,9,2026-07-11 14:05:46,2310.08,Coffee,90035,Card,DEV-09-2,Web,Goa,14,5,1,37.43,29,3636.31,2114.93,19,711,616,0,0,0,359.3,0,
TXN09-03325,9,2026-07-11 14:07:01,1294.14,Restaurants,90001,UPI,DEV-09-9,iPhone,Pune,14,5,1,1.25,30,3633.27,2113.46,304,37,2254,0,0,0,359.3,0,
TXN09-03326,9,2026-07-11 14:10:45,2925.42,Software,90006,Card,DEV-09-1,iPhone,Bangalore,14,5,1,3.73,31,3628.94,2116.31,274,1109,381,0,0,0,735.23,0,
TXN09-03327,9,2026-07-11 14:11:37,2386.61,Software,90006,UPI,DEV-09-2,Web,Pune,14,5,1,0.87,32,3627.34,2114.16,275,712,2255,0,0,0,735.23,0,
TXN09-03328,9,2026-07-11 14:38:47,3325.11,Cloud Services,90003,Card,DEV-09-6,Web,Bangalore,14,5,1,27.17,33,3623.12,2121.03,112,125,382,0,0,0,735.23,0,
TXN09-03329,9,2026-07-11 14:39:15,619.01,Restaurants,90041,UPI,DEV-09-2,Web,Bangalore,14,5,1,0.47,34,3612.98,2118.65,17,713,383,0,0,0,0.0,0,
TXN09-03330,9,2026-07-11 14:52:38,1582.54,Restaurants,90061,Card,DEV-09-3,iPhone,Pune,14,5,1,13.38,35,3612.85,2118.83,10,495,2256,0,0,0,735.23,0,
TXN09-03331,9,2026-07-11 15:08:34,5051.49,Coffee,90094,UPI,DEV-09-3,iPhone,Pune,15,5,1,15.93,36,3608.17,2118.62,2,496,2257,0,0,0,0.0,0,
TXN09-03332,9,2026-07-11 15:10:31,3217.05,Cloud Services,90002,UPI,DEV-09-1,iPhone,Pune,15,5,1,1.95,37,3611.49,2117.31,256,1110,2258,0,0,0,0.0,0,
TXN09-03333,9,2026-07-11 15:47:15,682.45,Software,90077,UPI,DEV-09-2,Web,Goa,15,5,1,36.73,38,3611.67,2119.15,4,714,617,0,0,0,359.3,0,
TXN09-03334,9,2026-07-11 15:51:04,2572.89,Software,90006,UPI,DEV-09-4,iPhone,Pune,15,5,1,3.82,39,3604.9,2121.37,276,347,2259,0,0,0,359.3,0,
TXN09-03335,9,2026-07-11 16:11:36,5972.1,Restaurants,90001,Card,DEV-09-1,iPhone,Goa,16,5,1,20.53,40,3612.0,2119.51,305,1111,618,0,0,0,359.3,0,
TXN09-03336,9,2026-07-11 16:27:19,4432.15,Software,90006,Card,DEV-09-5,Android,Pune,16,5,1,15.72,41,3624.45,2124.19,277,219,2260,0,0,0,359.3,0,
TXN09-03337,9,2026-07-11 16:31:01,1027.63,Software,90049,Card,DEV-09-3,iPhone,Pune,16,5,1,3.7,42,3626.32,2122.08,15,497,2261,0,0,0,0.0,0,
TXN09-03338,9,2026-07-11 16:48:08,5280.89,Restaurants,90089,Card,DEV-09-2,Web,Bangalore,16,5,1,17.12,43,3620.3,2123.3,3,715,384,0,0,0,735.23,0,
TXN09-03339,9,2026-07-11 17:09:25,7866.9,Cloud Services,90015,Card,DEV-09-3,iPhone,Goa,17,5,1,21.28,44,3617.03,2123.16,40,498,619,0,0,0,454.99,0,
TXN09-03340,9,2026-07-11 17:43:27,890.3,Coffee,90035,UPI,DEV-09-1,iPhone,Pune,17,5,1,34.03,45,3613.72,2134.01,20,1112,2262,0,0,0,359.3,0,
TXN09-03341,9,2026-07-11 18:22:22,3455.39,Restaurants,90009,Card,DEV-09-1,iPhone,Pune,18,5,1,38.92,46,3591.63,2132.57,68,1113,2263,0,0,0,0.0,0,
TXN09-03342,9,2026-07-11 18:30:48,2400.02,Coffee,90064,UPI,DEV-09-5,Android,Pune,18,5,1,8.43,47,3591.31,2130.07,4,220,2264,0,0,0,0.0,0,
TXN09-03343,9,2026-07-11 18:35:55,2694.84,Software,90078,UPI,DEV-09-4,iPhone,Pune,18,5,1,5.12,48,3588.85,2130.84,5,348,2265,0,0,0,0.0,0,
TXN09-03344,9,2026-07-11 18:40:14,1615.06,Cloud Services,90097,UPI,DEV-09-4,iPhone,Pune,18,5,1,4.32,49,3586.75,2128.77,3,349,2266,0,0,0,0.0,0,
TXN09-03345,9,2026-07-11 18:45:34,1611.94,Software,90007,Card,DEV-09-6,Web,Pune,18,5,1,5.33,50,3582.14,2128.41,170,126,2267,0,0,0,0.0,0,
TXN09-03346,9,2026-07-11 18:45:50,3388.78,Coffee,90024,Card,DEV-09-3,iPhone,Pune,18,5,1,0.27,51,3577.53,2128.05,33,499,2268,0,0,0,0.0,0,
TXN09-03347,9,2026-07-11 19:03:27,3210.51,Restaurants,90001,Card,DEV-09-2,Web,Bangalore,19,5,1,17.62,52,3577.09,2125.59,306,716,385,0,0,0,735.23,0,
TXN09-03348,9,2026-07-11 19:03:32,3201.33,Software,90007,Card,DEV-09-3,iPhone,Pune,19,5,1,0.08,53,3576.24,2123.19,171,500,2269,0,0,0,735.23,0,
TXN09-03349,9,2026-07-11 19:08:28,4155.56,Coffee,90024,UPI,DEV-09-1,iPhone,Pune,19,5,1,4.93,54,3572.97,2122.68,34,1114,2270,0,0,0,0.0,0,
TXN09-03350,9,2026-07-11 19:14:11,5628.89,Coffee,90020,UPI,DEV-09-1,iPhone,Pune,19,5,1,5.72,55,3574.32,2120.4,85,1115,2271,0,0,0,0.0,0,
TXN09-03351,9,2026-07-11 19:23:27,2712.21,Cloud Services,90101,Card,DEV-09-4,iPhone,Goa,19,5,1,9.27,56,3583.8,2119.81,2,350,620,0,0,0,359.3,0,
TXN09-03352,9,2026-07-11 19:25:49,940.58,Coffee,90019,UPI,DEV-09-1,iPhone,Pune,19,5,1,2.37,57,3581.78,2117.77,118,1116,2272,0,0,0,359.3,0,
TXN09-03353,9,2026-07-11 20:01:45,1799.29,Software,90107,Card,DEV-09-2,Web,Pune,20,5,1,35.93,58,3579.95,2116.59,1,717,2273,0,0,1,0.0,0,
TXN09-03354,9,2026-07-11 20:06:33,8000.0,Cloud Services,90015,Card,DEV-09-2,Web,Pune,20,5,1,4.8,59,3575.81,2115.87,41,718,2274,0,0,0,0.0,0,
TXN09-03355,9,2026-07-11 20:12:54,8000.0,Restaurants,90005,Card,DEV-09-1,iPhone,Pune,20,5,1,6.35,60,3586.08,2124.11,115,1117,2275,0,0,0,0.0,0,
TXN09-03356,9,2026-07-11 20:14:27,3845.39,Software,90006,Card,DEV-09-3,iPhone,Pune,20,5,1,1.55,61,3596.29,2132.22,278,501,2276,0,0,0,0.0,0,
TXN09-03357,9,2026-07-11 20:18:57,2091.92,Cloud Services,90002,UPI,DEV-09-6,Web,Goa,20,5,1,4.5,62,3596.87,2129.79,257,127,621,0,0,0,359.3,0,
TXN09-03358,9,2026-07-11 20:19:03,2189.88,Restaurants,90005,Card,DEV-09-6,Web,Pune,20,5,1,0.1,63,3593.4,2128.56,116,128,2277,0,0,0,359.3,0,
TXN09-03359,9,2026-07-11 20:24:01,3207.82,Software,90108,UPI,DEV-09-3,iPhone,Bangalore,20,5,1,4.97,64,3590.18,2127.18,1,502,386,0,0,1,735.23,0,
TXN09-03360,9,2026-07-11 20:33:16,2654.89,Cloud Services,90002,Card,DEV-09-1,iPhone,Pune,20,5,1,9.25,65,3589.3,2124.81,258,1118,2278,0,0,0,735.23,0,
TXN09-03361,9,2026-07-11 20:39:30,2394.93,Restaurants,90001,Card,DEV-09-7,Android,Goa,20,5,1,6.23,66,3589.89,2124.52,307,101,622,0,0,0,359.3,0,
TXN09-03362,9,2026-07-11 20:45:46,5437.59,Cloud Services,90002,UPI,DEV-09-6,Web,Pune,20,5,1,6.27,67,3589.29,2124.82,259,129,2279,0,0,0,359.3,0,
TXN09-03363,9,2026-07-11 20:58:38,3180.4,Software,90014,Card,DEV-09-3,iPhone,Goa,20,5,1,12.87,68,3589.23,2128.1,93,503,623,0,0,0,359.3,0,
TXN09-03364,9,2026-07-11 21:14:34,3030.28,Cloud Services,90054,Card,DEV-09-5,Android,Pune,21,5,1,15.93,69,3588.3,2125.74,14,221,2280,0,0,0,359.3,0,
TXN09-03365,9,2026-07-11 21:16:29,6170.52,Coffee,90095,UPI,DEV-09-3,iPhone,Bangalore,21,5,1,1.92,70,3578.54,2118.51,2,504,387,0,0,0,735.23,0,
TXN09-03366,9,2026-07-11 21:22:30,1907.84,Software,90006,Card,DEV-09-3,iPhone,Goa,21,5,1,6.02,71,3586.34,2121.77,279,505,624,0,0,0,454.99,0,
TXN09-03367,9,2026-07-11 21:26:40,2509.24,Cloud Services,90011,UPI,DEV-09-1,iPhone,Pune,21,5,1,4.17,72,3576.01,2118.95,64,1119,2281,0,0,0,359.3,0,
TXN09-03368,9,2026-07-11 22:04:05,3603.67,Coffee,90022,UPI,DEV-09-1,iPhone,Pune,22,5,1,37.42,73,3578.47,2122.01,45,1120,2282,0,0,0,0.0,0,
TXN09-03369,9,2026-07-11 22:14:42,3464.98,Coffee,90064,Card,DEV-09-6,Web,Pune,22,5,1,10.62,74,3577.35,2121.87,5,130,2283,0,0,0,0.0,0,
TXN09-03370,9,2026-07-11 22:19:31,2193.3,Coffee,90020,UPI,DEV-09-2,Web,Pune,22,5,1,4.82,75,3577.09,2119.43,86,719,2284,0,0,0,0.0,0,
TXN09-03371,9,2026-07-11 22:23:42,3734.99,Coffee,90064,UPI,DEV-09-2,Web,Pune,22,5,1,4.18,76,3573.92,2118.04,6,720,2285,0,0,0,0.0,0,
TXN09-03372,9,2026-07-11 22:54:06,3678.53,Software,90109,UPI,DEV-09-1,iPhone,Bangalore,22,5,1,30.4,77,3563.12,2114.55,1,1121,388,0,0,1,735.23,0,
TXN09-03373,9,2026-07-11 23:00:19,8000.0,Cloud Services,90002,Card,DEV-09-2,Web,Pune,23,5,1,6.22,78,3567.79,2112.57,260,721,2286,0,0,0,735.23,0,
TXN09-03374,9,2026-07-11 23:05:12,2492.38,Software,90006,UPI,DEV-09-1,iPhone,Goa,23,5,1,4.88,79,3578.0,2120.81,280,1122,625,0,0,0,359.3,0,
TXN09-03375,9,2026-07-11 23:07:42,5040.71,Coffee,90064,UPI,DEV-09-2,Web,Pune,23,5,1,2.5,80,3575.51,2119.01,7,722,2287,0,0,0,359.3,0,
TXN09-03376,9,2026-07-11 23:11:24,1319.39,Software,90007,UPI,DEV-09-1,iPhone,Pune,23,5,1,3.7,81,3578.87,2117.74,172,1123,2288,0,0,0,0.0,0,
TXN09-03377,9,2026-07-11 23:24:02,1118.1,Software,90014,UPI,DEV-09-2,Web,Bangalore,23,5,1,12.63,82,3573.7,2118.07,94,723,389,0,0,0,735.23,0,
TXN09-03378,9,2026-07-11 23:29:04,5822.69,Software,90018,UPI,DEV-09-3,iPhone,Bangalore,23,5,1,5.03,83,3568.31,2121.31,59,506,390,0,0,0,0.0,0,
TXN09-03379,9,2026-07-11 23:52:57,1560.93,Software,90068,Card,DEV-09-4,iPhone,Pune,23,5,1,23.88,84,3570.97,2113.9,7,351,2289,0,0,0,735.23,0,
TXN09-03380,9,2026-07-12 08:30:46,2882.58,Cloud Services,90110,Card,DEV-09-2,Web,Pune,8,6,1,517.82,1,3571.1,2102.88,1,724,2290,0,0,1,0.0,0,
TXN09-03381,9,2026-07-12 08:40:21,4688.27,Cloud Services,90038,Card,DEV-09-2,Web,Pune,8,6,1,9.58,2,3575.55,2103.56,18,725,2291,0,0,0,0.0,0,
TXN09-03382,9,2026-07-12 08:56:41,1434.79,Software,90049,Card,DEV-09-2,Web,Pune,8,6,1,16.33,3,3581.97,2102.74,16,726,2292,0,0,0,0.0,0,
TXN09-03383,9,2026-07-12 08:58:00,6780.8,Coffee,90021,UPI,DEV-09-1,iPhone,Bangalore,8,6,1,1.32,4,3576.99,2102.84,62,1124,391,0,0,0,735.23,0,
TXN09-03384,9,2026-07-12 09:13:57,2840.89,Software,90007,Card,DEV-09-13,Web,Pune,9,6,1,15.95,5,3574.16,2097.7,173,10,2293,0,0,0,735.23,0,
TXN09-03385,9,2026-07-12 09:16:46,4883.68,Coffee,90004,Card,DEV-09-3,iPhone,Pune,9,6,1,2.82,6,3572.46,2095.56,261,507,2294,0,0,0,0.0,0,
TXN09-03386,9,2026-07-12 10:05:46,7096.41,Restaurants,90008,Card,DEV-09-9,iPhone,Pune,10,6,1,49.0,7,3578.47,2096.81,74,38,2295,0,0,0,0.0,0,
TXN09-03387,9,2026-07-12 10:18:23,4703.07,Cloud Services,90090,UPI,DEV-09-9,iPhone,Pune,10,6,1,12.62,8,3586.63,2101.2,2,39,2296,0,0,0,0.0,0,
TXN09-03388,9,2026-07-12 10:19:22,2178.61,Software,90099,UPI,DEV-09-5,Android,Pune,10,6,1,0.98,9,3589.22,2099.46,4,222,2297,0,0,0,0.0,0,
TXN09-03389,9,2026-07-12 10:48:22,2914.47,Restaurants,90031,UPI,DEV-09-3,iPhone,Pune,10,6,1,29.0,10,3590.93,2102.19,21,508,2298,0,0,0,0.0,0,
TXN09-03390,9,2026-07-12 11:16:11,4431.79,Coffee,90032,Card,DEV-09-1,iPhone,Bangalore,11,6,1,27.82,11,3600.74,2103.98,29,1125,392,0,0,0,735.23,0,
TXN09-03391,9,2026-07-12 11:21:27,2768.17,Restaurants,90005,UPI,DEV-09-2,Web,Goa,11,6,1,5.27,12,3602.69,2101.91,117,727,626,0,0,0,454.99,0,
TXN09-03392,9,2026-07-12 12:08:52,3922.24,Restaurants,90105,UPI,DEV-09-7,Android,Pune,12,6,1,47.42,13,3599.1,2104.51,2,102,2299,0,0,0,359.3,0,
TXN09-03393,9,2026-07-12 12:09:49,2199.14,Cloud Services,90053,UPI,DEV-09-1,iPhone,Pune,12,6,1,0.95,14,3599.86,2102.11,17,1126,2300,0,0,0,0.0,0,
TXN09-03394,9,2026-07-12 12:18:02,2730.04,Software,90007,UPI,DEV-09-1,iPhone,Pune,12,6,1,8.22,15,3596.59,2100.74,174,1127,2301,0,0,0,0.0,0,
TXN09-03395,9,2026-07-12 12:45:17,829.03,Cloud Services,90002,UPI,DEV-09-1,iPhone,Pune,12,6,1,27.25,16,3598.65,2101.56,261,1128,2302,0,0,0,0.0,0,
TXN09-03396,9,2026-07-12 13:11:40,336.23,Cloud Services,90002,Card,DEV-09-2,Web,Pune,13,6,1,26.38,17,3586.11,2104.96,262,728,2303,0,0,0,0.0,0,
TXN09-03397,9,2026-07-12 13:31:45,3780.81,Cloud Services,90003,UPI,DEV-09-3,iPhone,Bangalore,13,6,1,20.08,18,3569.98,2103.47,113,509,393,0,0,0,735.23,0,
TXN09-03398,9,2026-07-12 13:43:51,2977.62,Restaurants,90001,Card,DEV-09-5,Android,Pune,13,6,1,12.1,19,3570.47,2101.03,308,223,2304,0,0,0,735.23,0,
TXN09-03399,9,2026-07-12 14:11:34,2485.76,Coffee,90024,Card,DEV-09-2,Web,Goa,14,6,1,27.72,20,3560.34,2098.25,35,729,627,0,0,0,359.3,0,
TXN09-03400,9,2026-07-12 14:23:19,4646.34,Restaurants,90001,Card,DEV-09-6,Web,Pune,14,6,1,11.75,21,3564.81,2093.92,309,131,2305,0,0,0,359.3,0,
TXN09-03401,9,2026-07-12 14:23:46,1979.8,Software,90016,UPI,DEV-09-3,iPhone,Pune,14,6,1,0.45,22,3567.34,2092.12,62,510,2306,0,0,0,0.0,0,
TXN09-03402,9,2026-07-12 14:31:33,3828.79,Coffee,90019,Card,DEV-09-1,iPhone,Bangalore,14,6,1,7.78,23,3559.31,2091.61,119,1129,394,0,0,0,735.23,0,
TXN09-03403,9,2026-07-12 14:49:45,2848.04,Software,90047,UPI,DEV-09-6,Web,Bangalore,14,6,1,18.2,24,3559.1,2091.58,19,132,395,0,0,0,0.0,0,
TXN09-03404,9,2026-07-12 15:09:27,1099.38,Software,90040,UPI,DEV-09-3,iPhone,Bangalore,15,6,1,19.7,25,3557.44,2089.42,21,511,396,0,0,0,0.0,0,
TXN09-03405,9,2026-07-12 15:20:54,1283.76,Restaurants,90001,UPI,DEV-09-8,Web,Pune,15,6,1,11.45,26,3551.71,2090.35,310,58,2307,0,0,0,735.23,0,
TXN09-03406,9,2026-07-12 15:40:34,4132.6,Restaurants,90012,UPI,DEV-09-1,iPhone,Bangalore,15,6,1,19.67,27,3548.4,2094.74,60,1130,397,0,0,0,735.23,0,
TXN09-03407,9,2026-07-12 15:49:13,4255.96,Restaurants,90001,Card,DEV-09-2,Web,Pune,15,6,1,8.65,28,3549.77,2092.49,311,730,2308,0,0,0,735.23,0,
TXN09-03408,9,2026-07-12 15:57:11,8000.0,Coffee,90035,UPI,DEV-09-3,iPhone,Pune,15,6,1,7.97,29,3550.96,2092.74,21,512,2309,0,0,0,0.0,0,
TXN09-03409,9,2026-07-12 16:14:37,3261.8,Cloud Services,90003,UPI,DEV-09-3,iPhone,Pune,16,6,1,17.43,30,3562.71,2090.39,114,513,2310,0,0,0,0.0,0,
TXN09-03410,9,2026-07-12 16:56:02,4213.68,Software,90029,UPI,DEV-09-2,Web,Pune,16,6,1,41.42,31,3555.23,2085.74,35,731,2311,0,0,0,0.0,0,
TXN09-03411,9,2026-07-12 17:01:32,3485.16,Coffee,90023,Card,DEV-09-2,Web,Goa,17,6,1,5.5,32,3556.77,2083.54,46,732,628,0,0,0,359.3,0,
TXN09-03412,9,2026-07-12 17:15:47,2202.15,Coffee,90019,Card,DEV-09-2,Web,Bangalore,17,6,1,14.25,33,3556.6,2081.12,120,733,398,0,0,0,454.99,0,
TXN09-03413,9,2026-07-12 17:40:34,3206.5,Restaurants,90037,Card,DEV-09-1,iPhone,Pune,17,6,1,24.78,34,3559.8,2082.26,14,1131,2312,0,0,0,735.23,0,
TXN09-03414,9,2026-07-12 17:43:10,3824.03,Cloud Services,90060,Card,DEV-09-2,Web,Bangalore,17,6,1,2.6,35,3558.97,2079.89,7,734,399,0,0,0,735.23,0,
TXN09-03415,9,2026-07-12 17:53:53,1932.54,Coffee,90019,UPI,DEV-09-1,iPhone,Pune,17,6,1,10.72,36,3559.59,2077.5,121,1132,2313,0,0,0,735.23,0,
TXN09-03416,9,2026-07-12 17:58:57,3235.26,Restaurants,90041,UPI,DEV-09-7,Android,Pune,17,6,1,5.07,37,3558.65,2078.15,18,103,2314,0,0,0,0.0,0,
TXN09-03417,9,2026-07-12 18:07:09,1219.78,Cloud Services,90002,UPI,DEV-09-2,Web,Pune,18,6,1,8.2,38,3557.89,2075.78,263,735,2315,0,0,0,0.0,0,
TXN09-03418,9,2026-07-12 18:08:09,2646.87,Coffee,90033,UPI,DEV-09-6,Web,Pune,18,6,1,1.0,39,3552.46,2076.42,24,133,2316,0,0,0,0.0,0,
TXN09-03419,9,2026-07-12 18:11:20,6507.71,Software,90014,UPI,DEV-09-1,iPhone,Pune,18,6,1,3.18,40,3550.36,2074.47,95,1133,2317,0,0,0,0.0,0,
TXN09-03420,9,2026-07-12 18:24:20,1884.44,Software,90048,Card,DEV-09-1,iPhone,Pune,18,6,1,13.0,41,3556.83,2079.33,20,1134,2318,0,0,0,0.0,0,
TXN09-03421,9,2026-07-12 19:00:09,1117.53,Cloud Services,90027,UPI,DEV-UNK-6138,Web,Pune,19,6,1,35.82,42,3554.75,2081.89,37,1,2319,1,0,0,0.0,1,ato_new_device
TXN09-03422,9,2026-07-12 19:33:52,2756.85,Coffee,90025,Card,DEV-09-1,iPhone,Pune,19,6,1,33.72,43,3553.08,2087.06,19,1135,2320,0,0,0,0.0,0,
TXN09-03423,9,2026-07-12 20:01:11,3520.04,Coffee,90057,Card,DEV-09-2,Web,Pune,20,6,1,27.32,44,3553.58,2089.52,12,736,2321,0,0,0,0.0,0,
TXN09-03424,9,2026-07-12 20:34:11,1843.63,Software,90029,Card,DEV-09-8,Web,Pune,20,6,1,33.0,45,3552.83,2082.92,36,59,2322,0,0,0,0.0,0,
TXN09-03425,9,2026-07-12 21:00:44,5149.99,Cloud Services,90002,UPI,DEV-09-1,iPhone,Pune,21,6,1,26.55,46,3552.32,2083.32,264,1136,2323,0,0,0,0.0,0,
TXN09-03426,9,2026-07-12 21:04:22,3858.52,Software,90016,Card,DEV-09-1,iPhone,Pune,21,6,1,3.63,47,3556.06,2082.31,63,1137,2324,0,0,0,0.0,0,
TXN09-03427,9,2026-07-12 21:05:29,2216.1,Software,90007,UPI,DEV-09-3,iPhone,Bangalore,21,6,1,1.12,48,3556.77,2079.93,175,514,400,0,0,0,735.23,0,
TXN09-03428,9,2026-07-12 21:07:37,5400.31,Software,90099,UPI,DEV-09-3,iPhone,Pune,21,6,1,2.13,49,3553.64,2078.51,5,515,2325,0,0,0,735.23,0,
TXN09-03429,9,2026-07-12 21:12:21,1013.62,Coffee,90022,Card,DEV-09-2,Web,Pune,21,6,1,4.73,50,3557.94,2077.99,46,737,2326,0,0,0,0.0,0,
TXN09-03430,9,2026-07-12 21:15:37,1370.82,Restaurants,90005,UPI,DEV-09-1,iPhone,Pune,21,6,1,3.27,51,3552.03,2079.19,118,1138,2327,0,0,0,0.0,0,
TXN09-03431,9,2026-07-12 21:19:16,8000.0,Cloud Services,90002,Card,DEV-09-6,Web,Bangalore,21,6,1,3.65,52,3551.35,2079.85,265,134,401,0,0,0,735.23,0,
TXN09-03432,9,2026-07-12 21:44:10,3349.64,Coffee,90066,UPI,DEV-09-10,iPhone,Pune,21,6,1,24.9,53,3567.73,2087.01,7,24,2328,0,0,0,735.23,0,
TXN09-03433,9,2026-07-12 21:46:46,1573.94,Cloud Services,90002,UPI,DEV-09-19,iPhone,Pune,21,6,1,2.6,54,3567.23,2084.62,266,2,2329,0,0,0,0.0,0,
TXN09-03434,9,2026-07-12 22:04:13,2775.14,Restaurants,90005,Card,DEV-09-5,Android,Pune,22,6,1,17.45,55,3558.04,2084.64,119,224,2330,0,0,0,0.0,0,
TXN09-03435,9,2026-07-12 22:10:45,5884.38,Restaurants,90001,Card,DEV-09-1,iPhone,Bangalore,22,6,1,6.53,56,3556.23,2082.57,312,1139,402,0,0,0,735.23,0,
TXN09-03436,9,2026-07-12 22:20:18,939.67,Restaurants,90104,UPI,DEV-09-3,iPhone,Goa,22,6,1,9.55,57,3561.59,2083.16,3,516,629,0,0,0,454.99,0,
TXN09-03437,9,2026-07-12 22:31:38,2794.34,Restaurants,90017,Card,DEV-09-3,iPhone,Pune,22,6,1,11.33,58,3560.65,2088.01,36,517,2331,0,0,0,359.3,0,
TXN09-03438,9,2026-07-12 22:37:22,5215.13,Cloud Services,90002,UPI,DEV-09-1,iPhone,Pune,22,6,1,5.73,59,3558.89,2085.92,267,1140,2332,0,0,0,0.0,0,
TXN09-03439,9,2026-07-12 22:52:14,1206.93,Coffee,90057,Card,DEV-09-4,iPhone,Pune,22,6,1,14.87,60,3562.69,2085.03,13,352,2333,0,0,0,0.0,0,
TXN09-03440,9,2026-07-12 23:06:19,1275.39,Coffee,90004,UPI,DEV-09-2,Web,Pune,23,6,1,14.08,61,3559.68,2090.19,262,738,2334,0,0,0,0.0,0,
TXN09-03441,9,2026-07-12 23:27:08,4324.28,Cloud Services,90015,UPI,DEV-09-3,iPhone,Pune,23,6,1,20.82,62,3553.23,2093.32,42,518,2335,0,0,0,0.0,0,
TXN09-03442,9,2026-07-12 23:41:00,925.11,Software,90018,UPI,DEV-09-7,Android,Pune,23,6,1,13.87,63,3555.0,2091.24,60,104,2336,0,0,0,0.0,0,
TXN09-03443,9,2026-07-13 08:00:38,3312.86,Restaurants,90001,UPI,DEV-09-1,iPhone,Pune,8,0,0,499.63,1,3548.96,2092.63,313,1141,2337,0,0,0,0.0,0,
TXN09-03444,9,2026-07-13 08:49:51,1951.81,Restaurants,90069,UPI,DEV-09-4,iPhone,Pune,8,0,0,49.22,2,3543.18,2094.52,5,353,2338,0,0,0,0.0,0,
TXN09-03445,9,2026-07-13 09:19:22,6494.55,Cloud Services,90010,Card,DEV-09-5,Android,Pune,9,0,0,29.52,3,3540.32,2095.85,94,225,2339,0,0,0,0.0,0,
TXN09-03446,9,2026-07-13 09:22:15,4100.0,Software,90001,UPI,DEV-UNK-2805,iPhone,Pune,9,0,0,2.88,4,3547.13,2098.22,314,1,2340,1,0,0,0.0,1,new_device_fraud
TXN09-03447,9,2026-07-13 09:22:43,6862.71,Software,90047,Card,DEV-09-10,iPhone,Pune,9,0,0,0.47,5,3548.4,2095.97,20,25,2341,0,0,0,0.0,0,
TXN09-03448,9,2026-07-13 10:09:58,1302.18,Software,90016,Card,DEV-09-7,Android,Goa,10,0,0,47.25,6,3556.0,2099.56,64,105,630,0,0,0,359.3,0,
TXN09-03449,9,2026-07-13 11:02:02,2448.4,Restaurants,90051,UPI,DEV-09-1,iPhone,Pune,11,0,0,52.07,7,3551.79,2104.26,6,1142,2342,0,0,0,359.3,0,
TXN09-03450,9,2026-07-13 11:08:09,3076.64,Software,90007,UPI,DEV-09-3,iPhone,Pune,11,0,0,6.12,8,3549.25,2102.5,176,519,2343,0,0,0,0.0,0,
TXN09-03451,9,2026-07-13 11:28:56,2883.21,Restaurants,90001,Card,DEV-09-5,Android,Pune,11,0,0,20.78,9,3548.17,2100.21,315,226,2344,0,0,0,0.0,0,
TXN09-03452,9,2026-07-13 12:13:48,1208.1,Restaurants,90001,UPI,DEV-09-7,Android,Goa,12,0,0,44.87,10,3540.77,2096.86,316,106,631,0,0,0,359.3,0,
TXN09-03453,9,2026-07-13 12:17:21,5423.0,Software,90014,UPI,DEV-09-7,Android,Pune,12,0,0,3.55,11,3535.43,2097.42,96,107,2345,0,0,0,359.3,0,
TXN09-03454,9,2026-07-13 13:27:22,1479.31,Coffee,90019,Card,DEV-09-2,Web,Pune,13,0,0,70.02,12,3539.19,2099.33,122,739,2346,0,0,0,0.0,0,
TXN09-03455,9,2026-07-13 14:07:39,1522.67,Cloud Services,90043,Card,DEV-09-2,Web,Delhi,14,0,0,40.28,13,3536.62,2101.16,16,740,6,0,0,0,1179.48,0,
TXN09-03456,9,2026-07-13 14:55:43,2403.96,Cloud Services,90054,UPI,DEV-09-2,Web,Bangalore,14,0,0,48.07,14,3530.7,2103.52,15,741,403,0,0,0,1750.11,0,
TXN09-03457,9,2026-07-13 15:29:02,1849.81,Coffee,90020,UPI,DEV-09-1,iPhone,Bangalore,15,0,0,33.32,15,3532.54,2102.19,87,1143,404,0,0,0,0.0,0,
TXN09-03458,9,2026-07-13 17:02:34,3773.81,Coffee,90019,Card,DEV-09-3,iPhone,Pune,17,0,0,93.53,16,3525.19,2094.53,123,520,2347,0,0,0,735.23,0,
TXN09-03459,9,2026-07-13 17:05:12,1806.91,Restaurants,90111,UPI,DEV-09-3,iPhone,Goa,17,0,0,2.63,17,3525.76,2092.15,1,521,632,0,0,1,359.3,0,
TXN09-03460,9,2026-07-13 17:50:37,4520.71,Restaurants,90089,UPI,DEV-09-1,iPhone,Pune,17,0,0,45.42,18,3522.33,2093.74,4,1144,2348,0,0,0,359.3,0,
TXN09-03461,9,2026-07-13 18:03:41,2214.84,Software,90006,UPI,DEV-09-2,Web,Bangalore,18,0,0,13.07,19,3524.63,2091.88,281,742,405,0,0,0,735.23,0,
TXN09-03462,9,2026-07-13 18:42:36,2641.28,Coffee,90019,Card,DEV-09-1,iPhone,Goa,18,0,0,38.92,20,3511.68,2082.52,124,1145,633,0,0,0,454.99,0,
TXN09-03463,9,2026-07-13 18:43:25,4032.91,Cloud Services,90002,Card,DEV-09-29,iPhone,Pune,18,0,0,0.82,21,3509.68,2080.54,268,1,2349,1,0,0,359.3,0,
TXN09-03464,9,2026-07-13 20:33:09,4480.74,Software,90050,Card,DEV-09-1,iPhone,Goa,20,0,0,109.73,22,3497.1,2071.06,11,1146,634,0,0,0,359.3,0,
TXN09-03465,9,2026-07-13 20:57:02,1634.15,Coffee,90021,Card,DEV-09-5,Android,Goa,20,0,0,23.88,23,3496.48,2071.78,63,227,635,0,0,0,0.0,0,
TXN09-03466,9,2026-07-13 22:00:45,340.29,Restaurants,90017,Card,DEV-09-6,Web,Pune,22,0,0,63.72,24,3499.12,2074.34,37,135,2350,0,0,0,359.3,0,
TXN09-03467,9,2026-07-13 22:40:06,5475.63,Restaurants,90028,UPI,DEV-09-6,Web,Pune,22,0,0,39.35,25,3501.59,2080.66,18,136,2351,0,0,0,0.0,0,
TXN09-03468,9,2026-07-13 23:50:54,4830.58,Cloud Services,90002,Card,DEV-09-6,Web,Pune,23,0,0,70.8,26,3511.41,2086.8,269,137,2352,0,0,0,0.0,0,
TXN09-03469,9,2026-07-14 09:30:56,3070.86,Restaurants,90005,Card,DEV-09-1,iPhone,Goa,9,1,0,580.03,1,3513.15,2087.03,120,1147,636,0,0,0,359.3,0,
TXN09-03470,9,2026-07-14 10:15:28,2326.46,Coffee,90019,UPI,DEV-09-1,iPhone,Pune,10,1,0,44.53,2,3505.71,2076.2,125,1148,2353,0,0,0,359.3,0,
TXN09-03471,9,2026-07-14 11:06:23,2591.81,Coffee,90112,Card,DEV-09-8,Web,Bangalore,11,1,0,50.92,3,3502.9,2074.52,1,60,406,0,0,1,735.23,0,
TXN09-03472,9,2026-07-14 11:09:14,3156.5,Software,90007,Card,DEV-09-8,Web,Pune,11,1,0,2.85,4,3500.73,2072.53,177,61,2354,0,0,0,735.23,0,
TXN09-03473,9,2026-07-14 11:11:30,1518.68,Software,90016,UPI,DEV-09-5,Android,Pune,11,1,0,2.27,5,3499.92,2070.14,65,228,2355,0,0,0,0.0,0,
TXN09-03474,9,2026-07-14 11:20:25,393.15,Cloud Services,90113,UPI,DEV-09-7,Android,Pune,11,1,0,8.92,6,3498.09,2071.55,1,108,2356,0,0,1,0.0,0,
TXN09-03475,9,2026-07-14 11:23:20,726.03,Coffee,90039,UPI,DEV-09-1,iPhone,Pune,11,1,0,2.92,7,3490.75,2074.59,14,1149,2357,0,0,0,0.0,0,
TXN09-03476,9,2026-07-14 11:54:35,3442.48,Software,90014,Card,DEV-09-2,Web,Pune,11,1,0,31.25,8,3472.36,2072.87,97,743,2358,0,0,0,0.0,0,
TXN09-03477,9,2026-07-14 11:57:55,3475.66,Cloud Services,90010,Card,DEV-09-7,Android,Pune,11,1,0,3.33,9,3472.29,2070.41,95,109,2359,0,0,0,0.0,0,
TXN09-03478,9,2026-07-14 12:35:58,2269.12,Software,90047,Card,DEV-09-2,Web,Pune,12,1,0,38.05,10,3479.1,2070.54,21,744,2360,0,0,0,0.0,0,
TXN09-03479,9,2026-07-14 13:02:58,3836.17,Cloud Services,90015,Card,DEV-09-1,iPhone,Bangalore,13,1,0,27.0,11,3474.14,2073.61,43,1150,407,0,0,0,735.23,0,
TXN09-03480,9,2026-07-14 13:15:07,1275.18,Restaurants,90017,UPI,DEV-09-4,iPhone,Pune,13,1,0,12.15,12,3480.53,2070.58,38,354,2361,0,0,0,735.23,0,
TXN09-03481,9,2026-07-14 14:27:10,3227.55,Cloud Services,90079,Card,DEV-09-1,iPhone,Pune,14,1,0,72.05,13,3478.01,2062.38,4,1151,2362,0,0,0,0.0,0,
TXN09-03482,9,2026-07-14 14:34:23,6188.99,Restaurants,90009,Card,DEV-09-1,iPhone,Pune,14,1,0,7.22,14,3477.41,2059.95,69,1152,2363,0,0,0,0.0,0,
TXN09-03483,9,2026-07-14 14:51:35,2108.5,Software,90078,UPI,DEV-09-1,iPhone,Pune,14,1,0,17.2,15,3483.27,2064.89,6,1153,2364,0,0,0,0.0,0,
TXN09-03484,9,2026-07-14 15:30:54,5952.68,Coffee,90020,UPI,DEV-09-3,iPhone,Pune,15,1,0,39.32,16,3469.91,2057.07,88,522,2365,0,0,0,0.0,0,
TXN09-03485,9,2026-07-14 15:39:31,1318.62,Coffee,90004,Card,DEV-09-4,iPhone,Bangalore,15,1,0,8.62,17,3469.58,2056.66,263,355,408,0,0,0,735.23,0,
TXN09-03486,9,2026-07-14 16:46:43,8000.0,Coffee,90057,UPI,DEV-09-3,iPhone,Pune,16,1,0,67.2,18,3478.97,2057.93,14,523,2366,0,0,0,735.23,0,
TXN09-03487,9,2026-07-14 16:56:53,2878.18,Coffee,90019,Card,DEV-09-6,Web,Pune,16,1,0,10.17,19,3490.03,2067.51,126,138,2367,0,0,0,0.0,0,
TXN09-03488,9,2026-07-14 17:46:30,4447.13,Restaurants,90001,UPI,DEV-09-1,iPhone,Goa,17,1,0,49.62,20,3484.47,2070.65,317,1154,637,0,0,0,359.3,0,
TXN09-03489,9,2026-07-14 18:30:55,3399.88,Software,90082,UPI,DEV-UNK-3239,Android,Goa,18,1,0,44.42,21,3490.38,2076.31,9,1,638,1,0,0,0.0,1,ato_new_device
TXN09-03490,9,2026-07-14 18:34:03,3018.25,Coffee,90112,Card,DEV-09-8,Web,Pune,18,1,0,3.13,22,3490.16,2073.75,2,62,2368,0,0,0,359.3,0,
TXN09-03491,9,2026-07-14 18:38:16,985.41,Cloud Services,90075,UPI,DEV-09-1,iPhone,Goa,18,1,0,4.22,23,3488.99,2071.32,4,1155,639,0,0,0,359.3,0,
TXN09-03492,9,2026-07-14 19:56:49,5530.11,Coffee,90004,UPI,DEV-09-3,iPhone,Bangalore,19,1,0,78.55,24,3464.98,2049.21,264,524,409,0,0,0,454.99,0,
TXN09-03493,9,2026-07-14 20:17:25,8000.0,Cloud Services,90027,UPI,DEV-09-2,Web,Goa,20,1,0,20.6,25,3470.17,2049.25,38,745,640,0,0,0,454.99,0,
TXN09-03494,9,2026-07-14 20:39:15,5740.79,Coffee,90019,UPI,DEV-09-1,iPhone,Goa,20,1,0,21.83,26,3470.29,2047.65,127,1156,641,0,0,0,0.0,0,
TXN09-03495,9,2026-07-14 21:06:04,4066.47,Software,90006,Card,DEV-09-1,iPhone,Pune,21,1,0,26.82,27,3468.68,2039.07,282,1157,2369,0,0,0,359.3,0,
TXN09-03496,9,2026-07-14 23:15:08,8000.0,Cloud Services,90003,Card,DEV-09-2,Web,Pune,23,1,0,129.07,28,3440.37,2037.29,115,746,2370,0,0,0,0.0,0,
TXN09-03497,9,2026-07-14 23:29:55,2582.81,Restaurants,90063,Card,DEV-09-6,Web,Pune,23,1,0,14.78,29,3452.21,2047.83,8,139,2371,0,0,0,0.0,0,
TXN09-03498,9,2026-07-15 08:07:14,2758.13,Software,90006,UPI,DEV-09-3,iPhone,Pune,8,2,0,517.32,1,3451.59,2050.81,283,525,2372,0,0,0,0.0,0,
TXN09-03499,9,2026-07-15 08:16:17,1264.23,Software,90007,UPI,DEV-09-8,Web,Pune,8,2,0,9.05,2,3442.6,2046.25,178,63,2373,0,0,0,0.0,0,
TXN09-03500,9,2026-07-15 09:03:03,7570.35,Cloud Services,90015,Card,DEV-09-1,iPhone,Pune,9,2,0,46.77,3,3425.95,2049.69,44,1158,2374,0,0,0,0.0,0,
TXN09-03501,9,2026-07-15 09:15:02,4430.13,Restaurants,90083,Card,DEV-09-2,Web,Pune,9,2,0,11.98,4,3435.62,2057.48,3,747,2375,0,0,0,0.0,0,
TXN09-03502,9,2026-07-15 09:39:01,1795.67,Restaurants,90063,Card,DEV-09-1,iPhone,Pune,9,2,0,23.98,5,3433.68,2057.4,9,1159,2376,0,0,0,0.0,0,
TXN09-03503,9,2026-07-15 10:48:33,3900.22,Restaurants,90001,UPI,DEV-09-1,iPhone,Pune,10,2,0,69.53,6,3436.75,2064.65,318,1160,2377,0,0,0,0.0,0,
TXN09-03504,9,2026-07-15 11:52:47,2801.72,Restaurants,90008,UPI,DEV-09-4,iPhone,Pune,11,2,0,64.23,7,3446.03,2064.0,75,356,2378,0,0,0,0.0,0,
TXN09-03505,9,2026-07-15 12:53:02,2651.32,Coffee,90022,Card,DEV-09-5,Android,Pune,12,2,0,60.25,8,3430.95,2047.23,47,229,2379,0,0,0,0.0,0,
TXN09-03506,9,2026-07-15 13:20:44,3191.53,Coffee,90114,Card,DEV-09-5,Android,Bangalore,13,2,0,27.7,9,3438.25,2046.21,1,230,410,0,0,1,735.23,0,
TXN09-03507,9,2026-07-15 14:00:28,4379.15,Cloud Services,90046,UPI,DEV-09-4,iPhone,Pune,14,2,0,39.73,10,3443.85,2050.04,11,357,2380,0,0,0,735.23,0,
TXN09-03508,9,2026-07-15 14:12:51,3987.47,Coffee,90004,UPI,DEV-09-1,iPhone,Bangalore,14,2,0,12.38,11,3451.82,2051.99,265,1161,411,0,0,0,735.23,0,
TXN09-03509,9,2026-07-15 14:43:39,2212.04,Coffee,90084,UPI,DEV-09-1,iPhone,Pune,14,2,0,30.8,12,3457.29,2050.73,2,1162,2381,0,0,0,735.23,0,
TXN09-03510,9,2026-07-15 14:45:05,8000.0,Restaurants,90026,UPI,DEV-09-1,iPhone,Pune,14,2,0,1.43,13,3453.91,2048.97,33,1163,2382,0,0,0,0.0,0,
TXN09-03511,9,2026-07-15 14:53:31,2039.93,Cloud Services,90003,Card,DEV-09-3,iPhone,Goa,14,2,0,8.43,14,3466.2,2059.77,116,526,642,0,0,0,359.3,0,
TXN09-03512,9,2026-07-15 15:29:06,20510.88,International Transfer,90001,UPI,DEV-09-1,iPhone,Singapore,15,2,0,35.58,15,3453.18,2048.49,319,1164,4,0,0,0,3608.09,1,intl_transfer
TXN09-03513,9,2026-07-15 15:44:15,3968.68,Software,90048,Card,DEV-09-1,iPhone,Kolkata,15,2,0,15.15,16,3499.4,2229.65,21,1165,1,0,1,0,2890.84,0,
TXN09-03514,9,2026-07-15 16:00:30,3050.16,Restaurants,90005,Card,DEV-09-1,iPhone,Bangalore,16,2,0,16.25,17,3510.95,2228.33,121,1166,412,0,0,0,1560.7,0,
TXN09-03515,9,2026-07-15 16:33:51,5458.58,Coffee,90074,UPI,DEV-09-2,Web,Pune,16,2,0,33.35,18,3517.25,2228.84,7,748,2383,0,0,0,735.23,0,
TXN09-03516,9,2026-07-15 16:42:16,2846.88,Restaurants,90009,UPI,DEV-09-3,iPhone,Pune,16,2,0,8.42,19,3522.53,2228.1,70,527,2384,0,0,0,0.0,0,
TXN09-03517,9,2026-07-15 18:07:51,2517.08,Restaurants,90005,Card,DEV-09-3,iPhone,Pune,18,2,0,85.58,20,3482.39,2209.33,122,528,2385,0,0,0,0.0,0,
TXN09-03518,9,2026-07-15 18:16:16,6476.67,Restaurants,90009,Card,DEV-09-30,iPhone,Pune,18,2,0,8.42,21,3479.69,2206.83,71,1,2386,1,0,0,0.0,0,
TXN09-03519,9,2026-07-15 18:28:23,7540.34,Software,90006,Card,DEV-09-3,iPhone,Pune,18,2,0,12.12,22,3485.95,2208.27,284,529,2387,0,0,0,0.0,0,
TXN09-03520,9,2026-07-15 18:33:11,2444.47,Cloud Services,90002,Card,DEV-09-12,iPhone,Bangalore,18,2,0,4.8,23,3490.94,2215.41,270,16,413,0,0,0,735.23,0,
TXN09-03521,9,2026-07-15 18:43:44,583.47,Coffee,90004,Card,DEV-09-3,iPhone,Pune,18,2,0,10.55,24,3488.02,2213.01,266,530,2388,0,0,0,735.23,0,
TXN09-03522,9,2026-07-15 18:50:39,3526.87,Cloud Services,90002,Card,DEV-09-5,Android,Bangalore,18,2,0,6.92,25,3479.93,2215.22,271,231,414,0,0,0,735.23,0,
TXN09-03523,9,2026-07-15 19:04:11,3502.31,Cloud Services,90030,UPI,DEV-09-1,iPhone,Pune,19,2,0,13.53,26,3483.88,2214.03,23,1167,2389,0,0,0,735.23,0,
TXN09-03524,9,2026-07-15 19:04:39,5841.47,Restaurants,90005,Card,DEV-09-2,Web,Pune,19,2,0,0.47,27,3483.93,2210.96,123,749,2390,0,0,0,0.0,0,
TXN09-03525,9,2026-07-15 19:50:29,1491.88,Software,90001,UPI,DEV-09-1,iPhone,New York,19,2,0,45.83,28,3498.91,2214.16,320,1168,8,0,0,0,12639.18,1,hourly_location_hopping
TXN09-03526,9,2026-07-15 20:05:28,834.96,Restaurants,90001,Card,DEV-09-2,Web,Pune,20,2,0,14.98,29,3493.32,2213.61,321,750,2391,0,0,0,12639.18,0,
TXN09-03527,9,2026-07-15 20:14:57,25390.74,International Transfer,90001,UPI,DEV-09-1,iPhone,Dubai,20,2,0,9.48,30,3492.84,2214.15,322,1169,5,0,0,0,2054.4,1,intl_transfer
TXN09-03528,9,2026-07-15 20:20:15,1293.74,Coffee,90004,UPI,DEV-09-1,iPhone,Pune,20,2,0,5.3,31,3553.67,2493.42,267,1170,2392,0,0,0,2054.4,0,
TXN09-03529,9,2026-07-15 20:47:03,3012.18,Coffee,90023,Card,DEV-09-4,iPhone,Goa,20,2,0,26.8,32,3566.1,2493.28,47,358,643,0,0,0,359.3,0,
TXN09-03530,9,2026-07-15 20:50:29,8000.0,Software,90001,UPI,DEV-09-1,iPhone,Hyderabad,20,2,0,3.43,33,3564.56,2489.97,323,1171,5,0,0,0,520.05,1,hourly_location_hopping
TXN09-03531,9,2026-07-15 21:20:28,1994.35,Software,90050,Card,DEV-09-6,Web,Pune,21,2,0,29.98,34,3591.97,2501.77,12,140,2393,0,0,0,505.75,0,
TXN09-03532,9,2026-07-15 21:50:29,1632.02,Software,90001,UPI,DEV-09-1,iPhone,Ahmedabad,21,2,0,30.02,35,3594.27,2502.05,324,1172,2,0,0,0,518.13,1,hourly_location_hopping
TXN09-03533,9,2026-07-15 21:57:29,4637.48,Cloud Services,90115,Card,DEV-09-1,iPhone,Bangalore,21,2,0,7.0,36,3588.77,2500.69,1,1173,415,0,0,1,1237.04,0,
TXN09-03534,9,2026-07-15 22:59:44,2978.66,Coffee,90044,UPI,DEV-09-7,Android,Pune,22,2,0,62.25,37,3576.16,2496.05,13,110,2394,0,0,0,735.23,0,
TXN09-03535,9,2026-07-15 23:11:10,986.36,Restaurants,90026,Card,DEV-09-1,iPhone,Pune,23,2,0,11.43,38,3574.15,2491.75,34,1174,2395,0,0,0,0.0,0,
TXN09-03536,9,2026-07-15 23:25:30,300.58,Coffee,90032,UPI,DEV-09-2,Web,Goa,23,2,0,14.33,39,3568.85,2497.62,30,751,644,0,0,0,359.3,0,
TXN09-03537,9,2026-07-16 08:08:34,1017.78,Cloud Services,90110,Card,DEV-09-1,iPhone,Pune,8,3,0,523.07,1,3560.45,2507.05,2,1175,2396,0,0,0,359.3,0,
TXN09-03538,9,2026-07-16 08:29:11,4866.73,Software,90006,Card,DEV-09-4,iPhone,Pune,8,3,0,20.62,2,3556.51,2509.94,285,359,2397,0,0,0,0.0,0,
TXN09-03539,9,2026-07-16 08:35:41,3499.04,Coffee,90024,Card,DEV-09-1,iPhone,Pune,8,3,0,6.5,3,3560.21,2507.36,36,1176,2398,0,0,0,0.0,0,
TXN09-03540,9,2026-07-16 08:41:51,3420.25,Cloud Services,90015,UPI,DEV-09-1,iPhone,Pune,8,3,0,6.17,4,3560.04,2503.83,45,1177,2399,0,0,0,0.0,0,
TXN09-03541,9,2026-07-16 09:19:52,1795.38,Cloud Services,90002,Card,DEV-09-1,iPhone,Goa,9,3,0,38.02,5,3556.93,2503.31,272,1178,645,0,0,0,359.3,0,
TXN09-03542,9,2026-07-16 09:23:36,2434.79,Software,90006,Card,DEV-09-10,iPhone,Pune,9,3,0,3.73,6,3551.98,2501.53,286,26,2400,0,0,0,359.3,0,
TXN09-03543,9,2026-07-16 09:27:04,6181.71,Restaurants,90063,UPI,DEV-09-3,iPhone,Pune,9,3,0,3.47,7,3548.85,2498.72,10,531,2401,0,0,0,0.0,0,
TXN09-03544,9,2026-07-16 09:34:05,4942.72,Coffee,90021,UPI,DEV-09-2,Web,Pune,9,3,0,7.02,8,3556.21,2499.1,64,752,2402,0,0,0,0.0,0,
TXN09-03545,9,2026-07-16 09:48:55,2541.46,Restaurants,90001,UPI,DEV-09-2,Web,Goa,9,3,0,14.83,9,3547.67,2489.1,325,753,646,0,0,0,359.3,0,
TXN09-03546,9,2026-07-16 10:01:29,5678.6,Restaurants,90116,UPI,DEV-09-2,Web,Pune,10,3,0,12.57,10,3544.86,2486.2,1,754,2403,0,0,1,359.3,0,
TXN09-03547,9,2026-07-16 10:43:30,5940.56,Restaurants,90001,UPI,DEV-09-1,iPhone,Pune,10,3,0,42.02,11,3559.13,2496.14,326,1179,2404,0,0,0,0.0,0,
TXN09-03548,9,2026-07-16 11:20:27,3145.76,Restaurants,90069,Card,DEV-09-4,iPhone,Pune,11,3,0,36.95,12,3579.63,2498.93,6,360,2405,0,0,0,0.0,0,
TXN09-03549,9,2026-07-16 11:27:47,1709.1,Software,90068,UPI,DEV-09-7,Android,Pune,11,3,0,7.33,13,3579.9,2498.88,8,111,2406,0,0,0,0.0,0,
TXN09-03550,9,2026-07-16 11:30:59,2292.26,Software,90018,UPI,DEV-09-10,iPhone,Pune,11,3,0,3.2,14,3574.6,2497.32,61,27,2407,0,0,0,0.0,0,
TXN09-03551,9,2026-07-16 11:44:29,1711.18,Software,90016,Card,DEV-09-7,Android,Pune,11,3,0,13.5,15,3569.62,2501.05,66,112,2408,0,0,0,0.0,0,
TXN09-03552,9,2026-07-16 12:01:29,1554.58,Coffee,90045,UPI,DEV-09-1,iPhone,Goa,12,3,0,17.0,16,3573.22,2502.15,8,1180,647,0,0,0,359.3,0,
TXN09-03553,9,2026-07-16 12:05:52,2201.88,Software,90040,UPI,DEV-09-1,iPhone,Goa,12,3,0,4.38,17,3567.48,2500.9,22,1181,648,0,0,0,0.0,0,
TXN09-03554,9,2026-07-16 12:32:21,4814.59,Restaurants,90017,UPI,DEV-09-1,iPhone,Bangalore,12,3,0,26.48,18,3576.05,2505.06,39,1182,416,0,0,0,454.99,0,
TXN09-03555,9,2026-07-16 12:55:24,5381.51,Restaurants,90001,Card,DEV-09-2,Web,Pune,12,3,0,23.05,19,3579.06,2501.39,327,755,2409,0,0,0,735.23,0,
TXN09-03556,9,2026-07-16 12:56:57,4477.25,Coffee,90074,UPI,DEV-09-1,iPhone,Pune,12,3,0,1.55,20,3584.21,2499.67,8,1183,2410,0,0,0,0.0,0,
TXN09-03557,9,2026-07-16 13:03:43,7355.51,Cloud Services,90002,Card,DEV-09-2,Web,Goa,13,3,0,6.77,21,3586.76,2496.56,273,756,649,0,0,0,359.3,0,
TXN09-03558,9,2026-07-16 13:43:53,6135.87,Restaurants,90017,UPI,DEV-09-3,iPhone,Pune,13,3,0,40.17,22,3606.72,2497.82,40,532,2411,0,0,0,359.3,0,
TXN09-03559,9,2026-07-16 13:54:14,8000.0,Cloud Services,90011,UPI,DEV-09-12,iPhone,Goa,13,3,0,10.35,23,3613.99,2497.9,65,17,650,0,0,0,359.3,0,
TXN09-03560,9,2026-07-16 13:55:59,2285.61,Coffee,90117,Card,DEV-09-3,iPhone,Pune,13,3,0,1.75,24,3626.56,2505.31,1,533,2412,0,0,1,359.3,0,
TXN09-03561,9,2026-07-16 13:59:20,3907.1,Coffee,90019,UPI,DEV-09-3,iPhone,Pune,13,3,0,3.35,25,3622.73,2502.75,128,534,2413,0,0,0,0.0,0,
TXN09-03562,9,2026-07-16 14:06:42,2773.34,Restaurants,90076,UPI,DEV-09-1,iPhone,Pune,14,3,0,7.37,26,3623.54,2499.23,5,1184,2414,0,0,0,0.0,0,
TXN09-03563,9,2026-07-16 14:27:23,5214.65,Restaurants,90076,UPI,DEV-09-2,Web,Pune,14,3,0,20.68,27,3629.47,2500.26,6,757,2415,0,0,0,0.0,0,
TXN09-03564,9,2026-07-16 14:35:18,3630.64,Software,90006,UPI,DEV-09-1,iPhone,Pune,14,3,0,7.92,28,3633.99,2498.13,287,1185,2416,0,0,0,0.0,0,
TXN09-03565,9,2026-07-16 14:38:50,4245.3,Restaurants,90116,Card,DEV-09-6,Web,Pune,14,3,0,3.53,29,3633.98,2494.58,2,141,2417,0,0,0,0.0,0,
TXN09-03566,9,2026-07-16 14:40:49,4291.82,Restaurants,90005,UPI,DEV-09-13,Web,Pune,14,3,0,1.98,30,3635.71,2491.25,124,11,2418,0,0,0,0.0,0,
TXN09-03567,9,2026-07-16 14:50:05,1975.63,Restaurants,90051,Card,DEV-09-5,Android,Pune,14,3,0,9.27,31,3637.56,2487.98,7,232,2419,0,0,0,0.0,0,
TXN09-03568,9,2026-07-16 15:03:52,7022.0,Coffee,90004,UPI,DEV-09-1,iPhone,Goa,15,3,0,13.78,32,3613.84,2490.84,268,1186,651,0,0,0,359.3,0,
TXN09-03569,9,2026-07-16 15:08:46,2924.94,Cloud Services,90027,UPI,DEV-09-6,Web,Pune,15,3,0,4.9,33,3637.74,2493.67,39,142,2420,0,0,0,359.3,0,
TXN09-03570,9,2026-07-16 15:20:29,3179.64,Software,90040,UPI,DEV-09-1,iPhone,Goa,15,3,0,11.72,34,3645.65,2492.06,23,1187,652,0,0,0,359.3,0,
TXN09-03571,9,2026-07-16 15:21:13,2463.7,Software,90006,Card,DEV-09-8,Web,Pune,15,3,0,0.73,35,3644.3,2488.6,288,64,2421,0,0,0,359.3,0,
TXN09-03572,9,2026-07-16 15:40:41,2801.9,Restaurants,90005,UPI,DEV-09-2,Web,Pune,15,3,0,19.47,36,3640.91,2485.82,125,758,2422,0,0,0,0.0,0,
TXN09-03573,9,2026-07-16 16:12:54,3354.44,Restaurants,90008,UPI,DEV-09-11,iPhone,Pune,16,3,0,32.22,37,3641.93,2485.4,76,18,2423,0,0,0,0.0,0,
TXN09-03574,9,2026-07-16 16:41:14,1976.94,Software,90007,Card,DEV-09-1,iPhone,Goa,16,3,0,28.33,38,3646.52,2483.4,179,1188,653,0,0,0,359.3,0,
TXN09-03575,9,2026-07-16 16:41:26,1465.16,Cloud Services,90166,Card,DEV-UNK-2153,iPhone,Pune,16,3,0,0.2,39,3641.73,2481.44,1,1,2424,1,0,1,359.3,1,ato_new_merchant_same_category_new_device
TXN09-03576,9,2026-07-16 17:00:18,4347.65,Cloud Services,90030,UPI,DEV-09-2,Web,Pune,17,3,0,18.87,40,3607.54,2471.62,24,759,2425,0,0,0,0.0,0,
TXN09-03577,9,2026-07-16 17:13:35,4271.95,Coffee,90023,Card,DEV-09-3,iPhone,Goa,17,3,0,13.28,41,3613.79,2470.75,48,535,654,0,0,0,359.3,0,
TXN09-03578,9,2026-07-16 17:18:54,3642.37,Software,90040,Card,DEV-09-1,iPhone,Pune,17,3,0,5.32,42,3622.77,2467.45,24,1189,2426,0,0,0,359.3,0,
TXN09-03579,9,2026-07-16 17:32:54,2312.14,Software,90078,Card,DEV-09-1,iPhone,Pune,17,3,0,14.0,43,3626.79,2466.35,7,1190,2427,0,0,0,0.0,0,
TXN09-03580,9,2026-07-16 17:52:53,1569.64,Coffee,90004,Card,DEV-09-1,iPhone,Goa,17,3,0,19.98,44,3623.01,2463.81,269,1191,655,0,0,0,359.3,0,
TXN09-03581,9,2026-07-16 18:51:16,8000.0,Software,90016,Card,DEV-09-7,Android,Goa,18,3,0,58.38,45,3595.64,2457.68,67,113,656,0,0,0,0.0,0,
TXN09-03582,9,2026-07-16 19:29:23,5738.63,Restaurants,90005,Card,DEV-09-3,iPhone,Pune,19,3,0,38.12,46,3603.64,2459.14,126,536,2428,0,0,0,359.3,0,
TXN09-03583,9,2026-07-16 19:29:26,2284.24,Restaurants,90041,Card,DEV-09-8,Web,Pune,19,3,0,0.05,47,3609.88,2458.25,19,65,2429,0,0,0,0.0,0,
TXN09-03584,9,2026-07-16 19:46:00,3311.94,Cloud Services,90015,UPI,DEV-09-5,Android,Bangalore,19,3,0,16.57,48,3607.88,2466.68,46,233,417,0,0,0,735.23,0,
TXN09-03585,9,2026-07-16 20:07:10,5348.94,Restaurants,90026,Card,DEV-09-3,iPhone,Goa,20,3,0,21.17,49,3599.64,2462.98,35,537,657,0,0,0,454.99,0,
TXN09-03586,9,2026-07-16 20:26:49,5105.35,Software,90016,UPI,DEV-09-3,iPhone,Pune,20,3,0,19.65,50,3604.78,2461.18,68,538,2430,0,0,0,359.3,0,
TXN09-03587,9,2026-07-16 20:55:06,3486.15,Software,90006,Card,DEV-09-1,iPhone,Pune,20,3,0,28.28,51,3610.74,2465.53,289,1192,2431,0,0,0,0.0,0,
TXN09-03588,9,2026-07-16 20:55:29,2854.76,Software,90006,UPI,DEV-09-8,Web,Pune,20,3,0,0.38,52,3610.37,2461.9,290,66,2432,0,0,0,0.0,0,
TXN09-03589,9,2026-07-16 21:06:44,1508.55,Software,90006,Card,DEV-09-3,iPhone,Goa,21,3,0,11.25,53,3602.91,2460.35,291,539,658,0,0,0,359.3,0,
TXN09-03590,9,2026-07-16 21:10:03,449.27,Restaurants,90001,Card,DEV-09-1,iPhone,Pune,21,3,0,3.32,54,3596.75,2459.34,328,1193,2433,0,0,0,359.3,0,
TXN09-03591,9,2026-07-16 21:17:16,2640.85,Coffee,90044,UPI,DEV-09-1,iPhone,Goa,21,3,0,7.22,55,3585.29,2464.9,14,1194,659,0,0,0,359.3,0,
TXN09-03592,9,2026-07-16 22:36:01,2969.3,Cloud Services,90003,Card,DEV-09-1,iPhone,Pune,22,3,0,78.75,56,3591.12,2470.91,117,1195,2434,0,0,0,359.3,0,
TXN09-03593,9,2026-07-16 23:02:36,1501.83,Coffee,90039,Card,DEV-09-2,Web,Pune,23,3,0,26.58,57,3607.92,2470.46,15,760,2435,0,0,0,0.0,0,
TXN09-03594,9,2026-07-16 23:18:12,1300.69,Software,90007,UPI,DEV-09-2,Web,Pune,23,3,0,15.6,58,3605.5,2472.12,180,761,2436,0,0,0,0.0,0,
TXN09-03595,9,2026-07-16 23:22:37,7424.25,Coffee,90100,UPI,DEV-09-1,iPhone,Pune,23,3,0,4.42,59,3598.64,2471.63,2,1196,2437,0,0,0,0.0,0,
TXN09-03596,9,2026-07-16 23:25:24,2668.68,Software,90014,Card,DEV-09-2,Web,Pune,23,3,0,2.78,60,3609.99,2476.72,98,762,2438,0,0,0,0.0,0,
TXN09-03597,9,2026-07-16 23:39:03,5198.13,Coffee,90019,UPI,DEV-09-1,iPhone,Pune,23,3,0,13.65,61,3607.21,2473.58,129,1197,2439,0,0,0,0.0,0,
TXN09-03598,9,2026-07-16 23:55:16,901.99,Restaurants,90012,Card,DEV-09-1,iPhone,Bangalore,23,3,0,16.22,62,3607.99,2474.04,61,1198,418,0,0,0,735.23,0,
TXN09-03599,9,2026-07-17 00:17:21,4584.48,Software,90001,UPI,DEV-09-1,iPhone,Delhi,0,4,0,22.08,1,3600.01,2474.74,329,1199,7,0,0,0,1750.11,1,hourly_location_hopping
TXN09-03600,9,2026-07-17 01:17:21,3191.15,Software,90001,UPI,DEV-09-1,iPhone,Ahmedabad,1,4,0,60.0,2,3602.9,2471.68,330,1200,3,0,0,0,777.41,1,hourly_location_hopping
TXN09-03601,9,2026-07-17 01:19:26,4182.36,Coffee,90019,Card,DEV-09-1,iPhone,Pune,1,4,0,2.08,3,3601.69,2468.15,130,1201,2440,0,0,0,518.13,1,ato_higher_amount_odd_hour
TXN09-03602,9,2026-07-17 02:17:21,8000.0,Software,90001,UPI,DEV-09-1,iPhone,Kochi,2,4,0,57.92,4,3603.39,2464.74,331,1202,8,0,0,0,989.71,1,hourly_location_hopping
TXN09-03603,9,2026-07-17 03:52:25,4881.82,Software,90102,Card,DEV-09-2,Web,Goa,3,4,0,95.07,5,3616.21,2472.53,2,763,660,0,0,0,640.58,1,ato_odd_hour
TXN09-03604,9,2026-07-17 08:07:11,8000.0,Coffee,90019,UPI,DEV-09-5,Android,Pune,8,4,0,254.77,6,3619.89,2469.88,131,234,2441,0,0,0,359.3,0,
TXN09-03605,9,2026-07-17 08:29:23,6603.86,Software,90007,UPI,DEV-09-1,iPhone,Pune,8,4,0,22.2,7,3632.58,2477.51,181,1203,2442,0,0,0,0.0,0,
TXN09-03606,9,2026-07-17 08:36:18,670.16,Coffee,90042,UPI,DEV-09-2,Web,Pune,8,4,0,6.92,8,3641.17,2479.06,16,764,2443,0,0,0,0.0,0,
TXN09-03607,9,2026-07-17 08:47:21,2746.88,Cloud Services,90043,Card,DEV-09-11,iPhone,Pune,8,4,0,11.05,9,3633.69,2484.11,17,19,2444,0,0,0,0.0,0,
TXN09-03608,9,2026-07-17 08:52:32,4261.94,Cloud Services,90118,UPI,DEV-09-6,Web,Pune,8,4,0,5.18,10,3631.14,2480.98,1,143,2445,0,0,1,0.0,0,
TXN09-03609,9,2026-07-17 09:15:08,3551.6,Coffee,90004,Card,DEV-09-2,Web,Pune,9,4,0,22.6,11,3632.95,2477.64,270,765,2446,0,0,0,0.0,0,
TXN09-03610,9,2026-07-17 09:30:42,5852.93,Cloud Services,90038,Card,DEV-09-1,iPhone,Pune,9,4,0,15.57,12,3632.72,2474.1,19,1204,2447,0,0,0,0.0,0,
TXN09-03611,9,2026-07-17 10:05:50,8000.0,Coffee,90004,Card,DEV-09-2,Web,Pune,10,4,0,35.13,13,3639.06,2473.4,271,766,2448,0,0,0,0.0,0,
TXN09-03612,9,2026-07-17 10:27:35,2710.08,Software,90007,Card,DEV-09-3,iPhone,Pune,10,4,0,21.75,14,3651.49,2480.79,182,540,2449,0,0,0,0.0,0,
TXN09-03613,9,2026-07-17 10:43:50,3684.91,Coffee,90004,UPI,DEV-09-3,iPhone,Pune,10,4,0,16.25,15,3656.81,2476.76,272,541,2450,0,0,0,0.0,0,
TXN09-03614,9,2026-07-17 10:54:04,3958.87,Restaurants,90009,Card,DEV-09-1,iPhone,Bangalore,10,4,0,10.23,16,3656.89,2473.24,72,1205,419,0,0,0,735.23,0,
TXN09-03615,9,2026-07-17 10:54:52,4591.45,Cloud Services,90002,Card,DEV-09-1,iPhone,Pune,10,4,0,0.8,17,3657.74,2469.78,274,1206,2451,0,0,0,735.23,0,
TXN09-03616,9,2026-07-17 11:13:49,2557.62,Restaurants,90012,UPI,DEV-09-1,iPhone,Goa,11,4,0,18.95,18,3660.38,2466.79,62,1207,661,0,0,0,359.3,0,
TXN09-03617,9,2026-07-17 11:28:43,2340.41,Software,90049,UPI,DEV-09-2,Web,Pune,11,4,0,14.9,19,3659.46,2467.14,17,767,2452,0,0,0,359.3,0,
TXN09-03618,9,2026-07-17 11:43:08,3065.75,Cloud Services,90002,Card,DEV-09-1,iPhone,Pune,11,4,0,14.42,20,3646.71,2462.26,275,1208,2453,0,0,0,0.0,0,
TXN09-03619,9,2026-07-17 12:03:13,2054.61,Coffee,90024,Card,DEV-09-2,Web,Pune,12,4,0,20.08,21,3639.91,2461.4,37,768,2454,0,0,0,0.0,0,
TXN09-03620,9,2026-07-17 12:05:53,2490.83,Software,90077,UPI,DEV-09-2,Web,Pune,12,4,0,2.67,22,3635.43,2459.36,5,769,2455,0,0,0,0.0,0,
TXN09-03621,9,2026-07-17 12:12:52,3264.26,Coffee,90039,UPI,DEV-09-4,iPhone,Pune,12,4,0,6.98,23,3632.2,2456.64,16,361,2456,0,0,0,0.0,0,
TXN09-03622,9,2026-07-17 12:15:19,3198.07,Software,90007,UPI,DEV-09-3,iPhone,Pune,12,4,0,2.45,24,3631.17,2453.27,183,542,2457,0,0,0,0.0,0,
TXN09-03623,9,2026-07-17 12:26:36,4446.64,Restaurants,90028,UPI,DEV-09-4,iPhone,Pune,12,4,0,11.28,25,3635.72,2450.95,19,362,2458,0,0,0,0.0,0,
TXN09-03624,9,2026-07-17 12:47:41,4100.0,Software,90001,UPI,DEV-UNK-5053,Web,Pune,12,4,0,21.08,26,3638.0,2447.89,332,1,2459,1,0,0,0.0,1,new_device_fraud
TXN09-03625,9,2026-07-17 13:16:44,8000.0,Software,90006,UPI,DEV-09-1,iPhone,Goa,13,4,0,29.05,27,3643.62,2446.64,292,1209,662,0,0,0,359.3,0,
TXN09-03626,9,2026-07-17 13:25:59,2338.83,Coffee,90004,Card,DEV-09-2,Web,Pune,13,4,0,9.25,28,3655.79,2454.01,273,770,2460,0,0,0,359.3,0,
TXN09-03627,9,2026-07-17 13:52:16,2014.63,Restaurants,90119,Card,DEV-09-1,iPhone,Pune,13,4,0,26.28,29,3650.03,2457.98,1,1210,2461,0,0,1,0.0,0,
TXN09-03628,9,2026-07-17 14:11:46,1084.56,Software,90120,Card,DEV-09-1,iPhone,Pune,14,4,0,19.5,30,3645.46,2456.07,1,1211,2462,0,0,1,0.0,0,
TXN09-03629,9,2026-07-17 14:18:20,8000.0,Software,90014,Card,DEV-09-1,iPhone,Pune,14,4,0,6.57,31,3626.14,2448.93,99,1212,2463,0,0,0,0.0,0,
TXN09-03630,9,2026-07-17 14:29:08,1412.36,Coffee,90021,Card,DEV-09-8,Web,Bangalore,14,4,0,10.8,32,3638.33,2456.35,65,67,420,0,0,0,735.23,0,
TXN09-03631,9,2026-07-17 14:58:24,2253.36,Coffee,90004,Card,DEV-09-7,Android,Pune,14,4,0,29.27,33,3644.85,2456.63,274,114,2464,0,0,0,735.23,0,
TXN09-03632,9,2026-07-17 15:06:15,1443.98,Cloud Services,90003,Card,DEV-09-1,iPhone,Pune,15,4,0,7.85,34,3640.98,2454.3,118,1213,2465,0,0,0,0.0,0,
TXN09-03633,9,2026-07-17 15:15:18,1303.17,Restaurants,90001,UPI,DEV-09-2,Web,Pune,15,4,0,9.05,35,3639.6,2455.39,333,771,2466,0,0,0,0.0,0,
TXN09-03634,9,2026-07-17 15:34:58,4132.86,Coffee,90025,Card,DEV-UNK-5206,Web,Bangalore,15,4,0,19.67,36,3633.11,2455.06,20,1,421,1,0,0,735.23,1,ato_new_device
TXN09-03635,9,2026-07-17 16:12:37,4655.07,Software,90068,Card,DEV-09-3,iPhone,Bangalore,16,4,0,37.65,37,3625.34,2449.04,9,543,422,0,0,0,0.0,0,
TXN09-03636,9,2026-07-17 16:29:45,4340.13,Restaurants,90001,UPI,DEV-09-3,iPhone,Pune,16,4,0,17.13,38,3628.2,2446.25,334,544,2467,0,0,0,735.23,0,
TXN09-03637,9,2026-07-17 16:45:46,2038.06,Cloud Services,90002,UPI,DEV-09-8,Web,Pune,16,4,0,16.02,39,3616.95,2443.09,276,68,2468,0,0,0,0.0,0,
TXN09-03638,9,2026-07-17 17:30:39,8000.0,Restaurants,90008,UPI,DEV-09-3,iPhone,Pune,17,4,0,44.88,40,3609.3,2443.71,77,545,2469,0,0,0,0.0,0,
TXN09-03639,9,2026-07-17 18:07:41,4440.77,Cloud Services,90030,UPI,DEV-09-3,iPhone,Goa,18,4,0,37.03,41,3621.47,2451.21,25,546,663,0,0,0,359.3,0,
TXN09-03640,9,2026-07-17 18:18:07,8000.0,Coffee,90022,Card,DEV-09-2,Web,Goa,18,4,0,10.43,42,3623.73,2448.2,48,772,664,0,0,0,0.0,0,
TXN09-03641,9,2026-07-17 18:44:26,8000.0,Coffee,90039,UPI,DEV-09-3,iPhone,Bangalore,18,4,0,26.32,43,3628.0,2454.35,17,547,423,0,0,0,454.99,0,
TXN09-03642,9,2026-07-17 18:55:45,2185.42,Coffee,90022,UPI,DEV-09-6,Web,Pune,18,4,0,11.32,44,3640.11,2461.7,49,144,2470,0,0,0,735.23,0,
TXN09-03643,9,2026-07-17 19:09:16,8000.0,Cloud Services,90003,UPI,DEV-09-1,iPhone,Pune,19,4,0,13.52,45,3636.09,2459.48,119,1214,2471,0,0,0,0.0,0,
TXN09-03644,9,2026-07-17 19:27:52,4019.25,Software,90106,Card,DEV-09-1,iPhone,Bangalore,19,4,0,18.6,46,3641.29,2466.06,2,1215,424,0,0,0,735.23,0,
TXN09-03645,9,2026-07-17 19:45:25,2299.62,Coffee,90020,Card,DEV-09-1,iPhone,Pune,19,4,0,17.55,47,3635.16,2458.93,89,1216,2472,0,0,0,735.23,0,
TXN09-03646,9,2026-07-17 19:53:38,2867.34,Restaurants,90005,UPI,DEV-09-3,iPhone,Pune,19,4,0,8.22,48,3631.46,2456.52,127,548,2473,0,0,0,0.0,0,
TXN09-03647,9,2026-07-17 20:14:45,2676.03,Restaurants,90001,UPI,DEV-09-13,Web,Goa,20,4,0,21.12,49,3621.86,2452.72,335,12,665,0,0,0,359.3,0,
TXN09-03648,9,2026-07-17 20:20:31,1023.4,Software,90001,UPI,DEV-09-1,iPhone,Ahmedabad,20,4,0,5.77,50,3619.25,2449.83,336,1217,4,0,0,0,874.1,1,hourly_location_hopping
TXN09-03649,9,2026-07-17 20:33:09,2302.92,Restaurants,90001,UPI,DEV-09-4,iPhone,Pune,20,4,0,12.63,51,3612.1,2450.24,337,363,2474,0,0,0,518.13,0,
TXN09-03650,9,2026-07-17 20:50:56,3513.67,Coffee,90084,Card,DEV-09-1,iPhone,Goa,20,4,0,17.78,52,3602.26,2448.31,3,1218,666,0,0,0,359.3,0,
TXN09-03651,9,2026-07-17 20:59:26,1451.02,Coffee,90020,Card,DEV-09-3,iPhone,Goa,20,4,0,8.5,53,3602.02,2444.94,90,549,667,0,0,0,0.0,0,
TXN09-03652,9,2026-07-17 21:20:31,2647.18,Software,90001,UPI,DEV-09-1,iPhone,Lucknow,21,4,0,21.08,54,3596.13,2444.18,338,1219,7,0,0,0,1465.34,1,hourly_location_hopping
TXN09-03653,9,2026-07-17 21:36:37,2889.22,Restaurants,90001,Card,DEV-09-13,Web,Bangalore,21,4,0,16.1,55,3592.26,2444.56,339,13,425,0,0,0,1581.87,0,
TXN09-03654,9,2026-07-17 21:52:23,4290.03,Coffee,90021,Card,DEV-09-3,iPhone,Pune,21,4,0,15.77,56,3588.44,2444.57,66,550,2475,0,0,0,735.23,0,
TXN09-03655,9,2026-07-17 21:55:20,7723.29,Software,90029,UPI,DEV-09-1,iPhone,Pune,21,4,0,2.95,57,3588.14,2444.48,37,1220,2476,0,0,0,0.0,0,
TXN09-03656,9,2026-07-17 21:59:56,1320.8,Software,90040,Card,DEV-09-6,Web,Pune,21,4,0,4.6,58,3599.44,2450.66,25,145,2477,0,0,0,0.0,0,
TXN09-03657,9,2026-07-17 22:20:31,4068.16,Software,90001,UPI,DEV-09-1,iPhone,Lucknow,22,4,0,20.58,59,3604.91,2455.87,340,1221,8,0,0,0,1176.73,1,hourly_location_hopping
TXN09-03658,9,2026-07-17 22:26:39,4236.74,Coffee,90020,UPI,DEV-09-4,iPhone,Bangalore,22,4,0,6.13,60,3606.18,2452.62,91,364,426,0,0,0,1581.87,0,
TXN09-03659,9,2026-07-17 22:36:35,961.35,Software,90007,Card,DEV-09-3,iPhone,Goa,22,4,0,9.93,61,3607.9,2449.49,184,551,668,0,0,0,454.99,0,
TXN09-03660,9,2026-07-17 23:25:04,1911.22,Software,90107,Card,DEV-09-7,Android,Bangalore,23,4,0,48.48,62,3585.45,2441.46,2,115,427,0,0,0,454.99,0,
TXN09-03661,9,2026-07-17 23:43:18,8000.0,Restaurants,90063,UPI,DEV-09-1,iPhone,Bangalore,23,4,0,18.23,63,3580.86,2439.68,11,1222,428,0,0,0,0.0,0,
TXN09-03662,9,2026-07-17 23:46:19,1091.01,Restaurants,90005,Card,DEV-09-2,Web,Pune,23,4,0,3.02,64,3592.93,2447.24,128,773,2478,0,0,0,735.23,0,
TXN09-03663,9,2026-07-18 08:53:28,5075.51,Restaurants,90012,Card,DEV-09-4,iPhone,Goa,8,5,1,547.15,1,3586.12,2447.38,63,365,669,0,0,0,359.3,0,
TXN09-03664,9,2026-07-18 09:38:21,1643.25,Restaurants,90092,UPI,DEV-09-2,Web,Pune,9,5,1,44.88,2,3578.15,2437.74,5,774,2479,0,0,0,359.3,0,
TXN09-03665,9,2026-07-18 09:40:36,2475.15,Coffee,90022,Card,DEV-09-3,iPhone,Pune,9,5,1,2.25,3,3572.89,2436.51,50,552,2480,0,0,0,0.0,0,
TXN09-03666,9,2026-07-18 09:54:46,3995.9,Cloud Services,90002,Card,DEV-09-1,iPhone,Goa,9,5,1,14.17,4,3569.92,2433.88,277,1223,670,0,0,0,359.3,0,
TXN09-03667,9,2026-07-18 10:07:03,5551.77,Coffee,90004,Card,DEV-09-1,iPhone,Pune,10,5,1,12.28,5,3576.44,2434.93,275,1224,2481,0,0,0,359.3,0,
TXN09-03668,9,2026-07-18 10:20:51,2647.15,Cloud Services,90062,Card,DEV-09-3,iPhone,Goa,10,5,1,13.8,6,3581.81,2433.79,6,553,671,0,0,0,359.3,0,
TXN09-03669,9,2026-07-18 11:24:31,3569.08,Cloud Services,90027,Card,DEV-09-20,iPhone,Pune,11,5,1,63.67,7,3563.64,2443.72,40,2,2482,0,0,0,359.3,0,
TXN09-03670,9,2026-07-18 11:53:10,5171.94,Restaurants,90001,UPI,DEV-09-1,iPhone,Goa,11,5,1,28.65,8,3575.39,2441.77,341,1225,672,0,0,0,359.3,0,
TXN09-03671,9,2026-07-18 11:58:00,2402.4,Restaurants,90037,UPI,DEV-09-1,iPhone,Pune,11,5,1,4.83,9,3567.54,2432.06,15,1226,2483,0,0,0,359.3,0,
TXN09-03672,9,2026-07-18 13:09:25,548.66,Coffee,90019,UPI,DEV-09-5,Android,Pune,13,5,1,71.42,10,3575.48,2439.33,132,235,2484,0,0,0,0.0,0,
TXN09-03673,9,2026-07-18 14:58:21,2499.56,Cloud Services,90002,UPI,DEV-09-6,Web,Pune,14,5,1,108.93,11,3612.24,2465.21,278,146,2485,0,0,0,0.0,0,
TXN09-03674,9,2026-07-18 14:59:17,4313.03,Cloud Services,90002,Card,DEV-09-5,Android,Pune,14,5,1,0.93,12,3609.0,2462.34,279,236,2486,0,0,0,0.0,0,
TXN09-03675,9,2026-07-18 15:46:14,6678.67,Restaurants,90017,UPI,DEV-09-4,iPhone,Pune,15,5,1,46.95,13,3607.98,2464.91,41,366,2487,0,0,0,0.0,0,
TXN09-03676,9,2026-07-18 16:42:04,5789.21,Restaurants,90069,UPI,DEV-09-1,iPhone,Bangalore,16,5,1,55.83,14,3626.99,2471.54,7,1227,429,0,0,0,735.23,0,
TXN09-03677,9,2026-07-18 16:54:12,1490.18,Restaurants,90001,UPI,DEV-09-3,iPhone,Bangalore,16,5,1,12.13,15,3628.49,2472.7,342,554,430,0,0,0,0.0,0,
TXN09-03678,9,2026-07-18 17:36:27,3797.9,Software,90006,Card,DEV-09-1,iPhone,Pune,17,5,1,42.25,16,3609.62,2464.6,293,1228,2488,0,0,0,735.23,0,
TXN09-03679,9,2026-07-18 18:08:03,2572.0,Software,90014,UPI,DEV-09-2,Web,Pune,18,5,1,31.6,17,3618.23,2460.16,100,775,2489,0,0,0,0.0,0,
TXN09-03680,9,2026-07-18 18:12:55,2242.81,Cloud Services,90011,Card,DEV-09-7,Android,Goa,18,5,1,4.87,18,3615.14,2457.19,66,116,673,0,0,0,359.3,0,
TXN09-03681,9,2026-07-18 19:09:47,5156.12,Cloud Services,90002,UPI,DEV-09-8,Web,Pune,19,5,1,56.87,19,3631.55,2481.08,280,69,2490,0,0,0,359.3,0,
TXN09-03682,9,2026-07-18 19:16:55,3233.1,Coffee,90020,UPI,DEV-09-4,iPhone,Pune,19,5,1,7.13,20,3630.12,2480.07,92,367,2491,0,0,0,0.0,0,
TXN09-03683,9,2026-07-18 19:21:32,8000.0,Software,90006,UPI,DEV-09-2,Web,Goa,19,5,1,4.62,21,3628.92,2476.42,294,776,674,0,0,0,359.3,0,
TXN09-03684,9,2026-07-18 19:44:03,2466.77,Restaurants,90012,Card,DEV-09-1,iPhone,Pune,19,5,1,22.52,22,3653.02,2486.76,64,1229,2492,0,0,0,359.3,0,
TXN09-03685,9,2026-07-18 19:45:00,1891.99,Cloud Services,90075,UPI,DEV-09-3,iPhone,Pune,19,5,1,0.95,23,3649.45,2483.86,5,555,2493,0,0,0,0.0,0,
TXN09-03686,9,2026-07-18 19:49:39,3869.64,Software,90014,UPI,DEV-09-3,iPhone,Goa,19,5,1,4.65,24,3644.17,2481.99,101,556,675,0,0,0,359.3,0,
TXN09-03687,9,2026-07-18 20:03:52,1093.52,Restaurants,90009,Card,DEV-09-3,iPhone,Goa,20,5,1,14.22,25,3650.39,2479.96,73,557,676,0,0,0,0.0,0,
TXN09-03688,9,2026-07-18 20:20:31,1530.32,Coffee,90021,UPI,DEV-09-1,iPhone,Goa,20,5,1,16.65,26,3624.76,2472.89,67,1230,677,0,0,0,0.0,0,
TXN09-03689,9,2026-07-18 20:39:34,6253.3,Restaurants,90001,Card,DEV-09-2,Web,Pune,20,5,1,19.05,27,3626.35,2481.52,343,777,2494,0,0,0,359.3,0,
TXN09-03690,9,2026-07-18 20:48:21,2913.95,Software,90007,UPI,DEV-09-1,iPhone,Ahmedabad,20,5,1,8.78,28,3628.85,2483.75,185,1231,5,0,0,0,518.13,0,
TXN09-03691,9,2026-07-18 22:23:57,2010.82,Cloud Services,90003,UPI,DEV-09-2,Web,Pune,22,5,1,95.6,29,3635.59,2506.69,120,778,2495,0,0,0,518.13,0,
TXN09-03692,9,2026-07-18 22:34:26,3625.51,Coffee,90020,Card,DEV-09-5,Android,Bangalore,22,5,1,10.48,30,3630.51,2504.41,93,237,431,0,0,0,735.23,0,
TXN09-03693,9,2026-07-18 22:36:33,4100.0,Software,90001,UPI,DEV-UNK-8139,Web,Pune,22,5,1,2.12,31,3630.49,2500.51,344,1,2496,1,0,0,735.23,1,new_device_fraud
TXN09-03694,9,2026-07-18 22:38:03,7000.12,Coffee,90004,UPI,DEV-09-2,Web,Pune,22,5,1,1.5,32,3631.95,2496.76,276,779,2497,0,0,0,0.0,0,
TXN09-03695,9,2026-07-18 23:04:02,3264.67,Cloud Services,90046,UPI,DEV-09-4,iPhone,Goa,23,5,1,25.98,33,3628.69,2495.82,12,368,678,0,0,0,359.3,0,
TXN09-03696,9,2026-07-18 23:32:09,1075.02,Cloud Services,90034,UPI,DEV-09-3,iPhone,Pune,23,5,1,28.12,34,3634.96,2499.17,33,558,2498,0,0,0,359.3,0,
TXN09-03697,9,2026-07-18 23:50:05,2011.69,Cloud Services,90003,UPI,DEV-09-1,iPhone,Pune,23,5,1,17.93,35,3626.91,2499.35,121,1232,2499,0,0,0,0.0,0,
TXN09-03698,9,2026-07-19 01:45:12,11595.13,International Transfer,90001,UPI,DEV-09-1,iPhone,Unknown Country,1,6,1,115.12,1,3628.32,2498.3,345,1233,7,0,0,0,8307.79,1,intl_transfer
TXN09-03699,9,2026-07-19 08:09:09,3721.69,Coffee,90021,UPI,DEV-09-4,iPhone,Pune,8,6,1,383.95,2,3653.3,2533.83,68,369,2500,0,0,0,8307.79,0,
TXN09-03700,9,2026-07-19 08:36:56,4647.13,Restaurants,90009,UPI,DEV-09-31,Android,Goa,8,6,1,27.78,3,3655.93,2533.46,74,1,679,1,0,0,359.3,0,
TXN09-03701,9,2026-07-19 09:24:20,2567.98,Software,90006,Card,DEV-09-3,iPhone,Pune,9,6,1,47.4,4,3651.62,2538.92,295,559,2501,0,0,0,359.3,0,
TXN09-03702,9,2026-07-19 09:49:19,1016.38,Software,90049,UPI,DEV-09-1,iPhone,Pune,9,6,1,24.98,5,3648.19,2535.63,18,1234,2502,0,0,0,0.0,0,
TXN09-03703,9,2026-07-19 10:46:55,746.8,Software,90007,Card,DEV-09-1,iPhone,Goa,10,6,1,57.6,6,3630.15,2538.47,186,1235,680,0,0,0,359.3,0,
TXN09-03704,9,2026-07-19 10:47:33,1369.1,Coffee,90004,Card,DEV-09-3,iPhone,Goa,10,6,1,0.63,7,3620.99,2539.62,277,560,681,0,0,0,0.0,0,
TXN09-03705,9,2026-07-19 10:57:28,3146.76,Software,90001,UPI,DEV-09-1,iPhone,Jaipur,10,6,1,9.92,8,3616.09,2542.47,346,1236,3,0,0,0,1302.74,1,hourly_location_hopping
TXN09-03706,9,2026-07-19 11:57:28,4016.19,Software,90001,UPI,DEV-09-1,iPhone,Hyderabad,11,6,1,60.0,9,3614.7,2545.79,347,1237,6,0,0,0,1095.15,1,hourly_location_hopping
TXN09-03707,9,2026-07-19 11:58:48,2799.07,Restaurants,90067,UPI,DEV-09-1,iPhone,Pune,11,6,1,1.33,10,3615.97,2541.84,7,1238,2503,0,0,0,505.75,0,
TXN09-03708,9,2026-07-19 12:09:14,1284.17,Restaurants,90001,Card,DEV-09-1,iPhone,Pune,12,6,1,10.43,11,3612.4,2542.2,348,1239,2504,0,0,0,0.0,0,
TXN09-03709,9,2026-07-19 12:25:38,5047.58,Coffee,90004,UPI,DEV-09-2,Web,Pune,12,6,1,16.4,12,3612.3,2547.9,278,780,2505,0,0,0,0.0,0,
TXN09-03710,9,2026-07-19 12:57:04,1688.2,Restaurants,90009,Card,DEV-09-2,Web,Pune,12,6,1,31.43,13,3625.74,2544.3,75,781,2506,0,0,0,0.0,0,
TXN09-03711,9,2026-07-19 12:57:28,4160.81,Software,90001,UPI,DEV-09-1,iPhone,Unknown Country,12,6,1,0.4,14,3619.58,2542.6,349,1240,8,0,0,0,8307.79,1,hourly_location_hopping
TXN09-03712,9,2026-07-19 13:02:38,244.7,Coffee,90035,Card,DEV-09-5,Android,Pune,13,6,1,5.17,15,3621.3,2538.76,22,238,2507,0,0,0,8307.79,0,
TXN09-03713,9,2026-07-19 13:05:27,2861.13,Coffee,90019,UPI,DEV-09-8,Web,Pune,13,6,1,2.82,16,3610.65,2541.81,133,70,2508,0,0,0,0.0,0,
TXN09-03714,9,2026-07-19 13:27:20,8000.0,Software,90077,UPI,DEV-09-1,iPhone,Bangalore,13,6,1,21.88,17,3618.61,2535.49,6,1241,432,0,0,0,735.23,0,
TXN09-03715,9,2026-07-19 13:45:28,2258.37,Coffee,90085,Card,DEV-09-7,Android,Pune,13,6,1,18.13,18,3633.99,2551.11,4,117,2509,0,0,0,735.23,0,
TXN09-03716,9,2026-07-19 14:32:56,3744.56,Cloud Services,90011,UPI,DEV-09-4,iPhone,Pune,14,6,1,47.47,19,3634.69,2561.29,67,370,2510,0,0,0,0.0,0,
TXN09-03717,9,2026-07-19 14:46:10,8000.0,Coffee,90033,UPI,DEV-09-2,Web,Goa,14,6,1,13.23,20,3635.04,2557.22,25,782,682,0,0,0,359.3,0,
TXN09-03718,9,2026-07-19 15:18:57,3469.56,Software,90014,UPI,DEV-09-1,iPhone,Pune,15,6,1,32.78,21,3659.6,2568.66,102,1242,2511,0,0,0,359.3,0,
TXN09-03719,9,2026-07-19 15:42:32,3637.73,Restaurants,90105,Card,DEV-09-1,iPhone,Bangalore,15,6,1,23.58,22,3665.09,2569.13,3,1243,433,0,0,0,735.23,0,
TXN09-03720,9,2026-07-19 16:29:29,1572.38,Cloud Services,90002,Card,DEV-09-1,iPhone,Kochi,16,6,1,46.95,23,3650.42,2565.26,281,1244,9,0,0,0,367.72,0,
TXN09-03721,9,2026-07-19 17:06:08,4242.13,Cloud Services,90101,UPI,DEV-09-1,iPhone,Pune,17,6,1,36.65,24,3642.4,2571.89,3,1245,2512,0,0,0,989.71,0,
TXN09-03722,9,2026-07-19 17:20:52,3484.59,Software,90006,Card,DEV-09-7,Android,Goa,17,6,1,14.73,25,3649.01,2570.81,296,118,683,0,0,0,359.3,0,
TXN09-03723,9,2026-07-19 17:23:02,3099.75,Restaurants,90001,UPI,DEV-09-1,iPhone,Pune,17,6,1,2.17,26,3648.48,2566.67,350,1246,2513,0,0,0,359.3,0,
TXN09-03724,9,2026-07-19 17:54:09,2087.1,Cloud Services,90002,UPI,DEV-09-4,iPhone,Bangalore,17,6,1,31.12,27,3653.13,2573.18,282,371,434,0,0,0,735.23,0,
TXN09-03725,9,2026-07-19 18:08:17,923.96,Restaurants,90001,Card,DEV-09-12,iPhone,Pune,18,6,1,14.13,28,3660.62,2578.61,351,18,2514,0,0,0,735.23,0,
TXN09-03726,9,2026-07-19 18:14:32,2906.64,Cloud Services,90002,UPI,DEV-09-5,Android,Pune,18,6,1,6.25,29,3642.37,2578.16,283,239,2515,0,0,0,0.0,0,
TXN09-03727,9,2026-07-19 18:19:00,611.15,Cloud Services,90090,Card,DEV-09-1,iPhone,Goa,18,6,1,4.47,30,3639.97,2574.3,3,1247,684,0,0,0,359.3,0,
TXN09-03728,9,2026-07-19 18:35:53,3433.2,Software,90006,UPI,DEV-09-3,iPhone,Bangalore,18,6,1,16.88,31,3635.83,2578.15,297,561,435,0,0,0,454.99,0,
TXN09-03729,9,2026-07-19 19:16:03,792.84,Software,90018,UPI,DEV-09-9,iPhone,Goa,19,6,1,40.17,32,3643.37,2574.15,62,40,685,0,0,0,454.99,0,
TXN09-03730,9,2026-07-19 19:16:38,2435.63,Software,90106,Card,DEV-09-1,iPhone,Pune,19,6,1,0.58,33,3634.11,2575.08,3,1248,2516,0,0,0,359.3,0,
TXN09-03731,9,2026-07-19 20:13:10,6308.65,Restaurants,90036,Card,DEV-09-2,Web,Bangalore,20,6,1,56.53,34,3633.44,2579.68,17,783,436,0,0,0,735.23,0,
TXN09-03732,9,2026-07-19 20:16:46,1253.37,Restaurants,90009,UPI,DEV-09-3,iPhone,Pune,20,6,1,3.6,35,3642.13,2579.99,76,562,2517,0,0,0,735.23,0,
TXN09-03733,9,2026-07-19 20:30:16,5829.39,Coffee,90004,UPI,DEV-09-1,iPhone,Pune,20,6,1,13.5,36,3634.4,2579.38,279,1249,2518,0,0,0,0.0,0,
TXN09-03734,9,2026-07-19 20:54:51,4384.33,Restaurants,90005,Card,DEV-09-3,iPhone,Pune,20,6,1,24.58,37,3647.29,2580.36,129,563,2519,0,0,0,0.0,0,
TXN09-03735,9,2026-07-19 20:55:37,1803.43,Software,90006,Card,DEV-09-2,Web,Pune,20,6,1,0.77,38,3649.67,2576.53,298,784,2520,0,0,0,0.0,0,
TXN09-03736,9,2026-07-19 20:55:38,219.15,Restaurants,90001,UPI,DEV-09-4,iPhone,Pune,20,6,1,0.02,39,3643.73,2574.51,352,372,2521,0,0,0,0.0,0,
TXN09-03737,9,2026-07-19 20:59:16,4240.7,Restaurants,90041,Card,DEV-09-7,Android,Pune,20,6,1,3.63,40,3632.76,2577.66,20,119,2522,0,0,0,0.0,0,
TXN09-03738,9,2026-07-19 21:04:45,5285.89,Cloud Services,90011,UPI,DEV-09-4,iPhone,Pune,21,6,1,5.48,41,3629.11,2580.56,68,373,2523,0,0,0,0.0,0,
TXN09-03739,9,2026-07-19 21:12:07,3725.14,Software,90006,Card,DEV-09-3,iPhone,Pune,21,6,1,7.37,42,3633.3,2583.22,299,564,2524,0,0,0,0.0,0,
TXN09-03740,9,2026-07-19 21:21:05,2585.28,Cloud Services,90011,UPI,DEV-09-5,Android,Pune,21,6,1,8.97,43,3635.27,2572.08,69,240,2525,0,0,0,0.0,0,
TXN09-03741,9,2026-07-19 21:36:59,1472.73,Coffee,90057,Card,DEV-09-1,iPhone,Pune,21,6,1,15.9,44,3631.87,2568.61,15,1250,2526,0,0,0,0.0,0,
TXN09-03742,9,2026-07-19 21:57:26,3390.61,Software,90078,Card,DEV-09-2,Web,Pune,21,6,1,20.45,45,3632.46,2572.99,8,785,2527,0,0,0,0.0,0,
TXN09-03743,9,2026-07-19 22:13:21,2156.35,Coffee,90021,UPI,DEV-09-3,iPhone,Goa,22,6,1,15.92,46,3627.13,2573.54,69,565,686,0,0,0,359.3,0,
TXN09-03744,9,2026-07-19 22:13:56,1997.16,Restaurants,90001,Card,DEV-09-1,iPhone,Pune,22,6,1,0.58,47,3622.35,2570.72,353,1251,2528,0,0,0,359.3,0,
TXN09-03745,9,2026-07-19 22:41:27,782.95,Software,90014,UPI,DEV-09-6,Web,Pune,22,6,1,27.52,48,3623.31,2574.17,103,147,2529,0,0,0,0.0,0,
TXN09-03746,9,2026-07-19 23:19:23,8000.0,Coffee,90117,Card,DEV-09-1,iPhone,Pune,23,6,1,37.93,49,3629.62,2576.29,2,1252,2530,0,0,0,0.0,0,
TXN09-03747,9,2026-07-19 23:45:19,2133.55,Software,90007,UPI,DEV-09-4,iPhone,Pune,23,6,1,25.93,50,3650.61,2587.64,187,374,2531,0,0,0,0.0,0,
TXN09-03748,9,2026-07-19 23:49:20,4339.5,Software,90014,UPI,DEV-09-7,Android,Pune,23,6,1,4.02,51,3645.63,2584.85,104,120,2532,0,0,0,0.0,0,
TXN09-03749,9,2026-07-20 02:19:43,1345.96,Cloud Services,90188,Card,DEV-09-2,Web,Bangalore,2,0,0,150.38,1,3647.9,2580.92,1,786,437,0,0,1,735.23,1,ato_odd_hour_new_merchant_same_category
TXN09-03750,9,2026-07-20 08:13:42,1978.8,Software,90102,UPI,DEV-09-7,Android,Pune,8,0,0,353.98,2,3641.47,2584.2,3,121,2533,0,0,0,735.23,0,
TXN09-03751,9,2026-07-20 08:25:46,2182.45,Cloud Services,90002,UPI,DEV-09-1,iPhone,Goa,8,0,0,12.07,3,3636.06,2581.72,284,1253,687,0,0,0,359.3,0,
TXN09-03752,9,2026-07-20 08:30:47,592.85,Restaurants,90005,Card,DEV-09-1,iPhone,Pune,8,0,0,5.02,4,3631.34,2578.85,130,1254,2534,0,0,0,359.3,0,
TXN09-03753,9,2026-07-20 08:42:23,2614.06,Software,90006,Card,DEV-09-3,iPhone,Goa,8,0,0,11.6,5,3621.5,2580.45,300,566,688,0,0,0,359.3,0,
TXN09-03754,9,2026-07-20 09:00:23,1919.03,Cloud Services,90011,UPI,DEV-09-2,Web,Pune,9,0,0,18.0,6,3623.65,2579.34,70,787,2535,0,0,0,359.3,0,
TXN09-03755,9,2026-07-20 09:12:15,1861.17,Cloud Services,90090,Card,DEV-09-3,iPhone,Bangalore,9,0,0,11.87,7,3618.15,2576.99,4,567,438,0,0,0,735.23,0,
TXN09-03756,9,2026-07-20 09:19:55,4848.98,Restaurants,90041,Card,DEV-09-8,Web,Goa,9,0,0,7.67,8,3603.2,2573.7,21,71,689,0,0,0,454.99,0,
TXN09-03757,9,2026-07-20 09:50:08,2279.33,Restaurants,90001,UPI,DEV-09-1,iPhone,Pune,9,0,0,30.22,9,3595.08,2571.99,354,1255,2536,0,0,0,359.3,0,
TXN09-03758,9,2026-07-20 09:57:13,3332.06,Restaurants,90104,Card,DEV-09-2,Web,Pune,9,0,0,7.08,10,3590.83,2568.92,4,788,2537,0,0,0,0.0,0,
TXN09-03759,9,2026-07-20 09:58:47,2419.79,Coffee,90064,UPI,DEV-09-5,Android,Pune,9,0,0,1.57,11,3590.0,2564.83,8,241,2538,0,0,0,0.0,0,
TXN09-03760,9,2026-07-20 10:03:23,564.7,Coffee,90004,UPI,DEV-09-7,Android,Pune,10,0,0,4.6,12,3586.25,2561.57,280,122,2539,0,0,0,0.0,0,
TXN09-03761,9,2026-07-20 10:10:39,7706.87,Coffee,90025,UPI,DEV-09-3,iPhone,Pune,10,0,0,7.27,13,3583.89,2564.02,21,568,2540,0,0,0,0.0,0,
TXN09-03762,9,2026-07-20 10:59:13,3942.49,Coffee,90021,UPI,DEV-09-1,iPhone,Pune,10,0,0,48.57,14,3597.06,2570.47,70,1256,2541,0,0,0,0.0,0,
TXN09-03763,9,2026-07-20 11:02:28,3790.57,Software,90006,Card,DEV-09-2,Web,Pune,11,0,0,3.25,15,3601.83,2569.72,301,789,2542,0,0,0,0.0,0,
TXN09-03764,9,2026-07-20 11:37:39,3626.32,Restaurants,90009,Card,DEV-09-1,iPhone,Pune,11,0,0,35.18,16,3606.42,2573.36,77,1257,2543,0,0,0,0.0,0,
TXN09-03765,9,2026-07-20 11:49:05,3978.6,Coffee,90004,UPI,DEV-09-1,iPhone,Pune,11,0,0,11.43,17,3606.49,2569.25,281,1258,2544,0,0,0,0.0,0,
TXN09-03766,9,2026-07-20 12:12:00,2161.21,Restaurants,90013,UPI,DEV-09-4,iPhone,Pune,12,0,0,22.92,18,3607.67,2565.24,50,375,2545,0,0,0,0.0,0,
TXN09-03767,9,2026-07-20 12:46:43,3580.51,Cloud Services,90002,Card,DEV-09-1,iPhone,Pune,12,0,0,34.72,19,3604.92,2565.0,285,1259,2546,0,0,0,0.0,0,
TXN09-03768,9,2026-07-20 12:48:57,1000.02,Coffee,90095,Card,DEV-09-6,Web,Goa,12,0,0,2.23,20,3604.84,2560.91,3,148,690,0,0,0,359.3,0,
TXN09-03769,9,2026-07-20 13:04:30,8000.0,Cloud Services,90002,UPI,DEV-09-10,iPhone,Bangalore,13,0,0,15.55,21,3596.57,2561.04,286,28,439,0,0,0,454.99,0,
TXN09-03770,9,2026-07-20 13:09:10,1126.0,Coffee,90004,Card,DEV-09-5,Android,Pune,13,0,0,4.67,22,3610.51,2568.92,282,242,2547,0,0,0,735.23,0,
TXN09-03771,9,2026-07-20 13:50:22,1713.54,Software,90006,Card,DEV-09-4,iPhone,Pune,13,0,0,41.2,23,3609.39,2569.92,302,376,2548,0,0,0,0.0,0,
TXN09-03772,9,2026-07-20 14:05:01,2633.29,Coffee,90004,UPI,DEV-09-12,iPhone,Bangalore,14,0,0,14.65,24,3603.41,2568.07,283,19,440,0,0,0,735.23,0,
TXN09-03773,9,2026-07-20 14:05:41,2401.85,Restaurants,90013,UPI,DEV-09-1,iPhone,Pune,14,0,0,0.67,25,3600.36,2564.6,51,1260,2549,0,0,0,735.23,0,
TXN09-03774,9,2026-07-20 14:18:45,7405.22,Restaurants,90001,UPI,DEV-09-7,Android,Goa,14,0,0,13.07,26,3603.12,2562.83,355,123,691,0,0,0,359.3,0,
TXN09-03775,9,2026-07-20 14:20:01,4010.68,Cloud Services,90030,Card,DEV-09-6,Web,Pune,14,0,0,1.27,27,3615.04,2567.62,26,149,2550,0,0,0,359.3,0,
TXN09-03776,9,2026-07-20 14:30:02,2353.88,Cloud Services,90097,UPI,DEV-09-2,Web,Pune,14,0,0,10.02,28,3616.28,2563.7,4,790,2551,0,0,0,0.0,0,
TXN09-03777,9,2026-07-20 14:43:41,1739.07,Software,90006,Card,DEV-09-9,iPhone,Goa,14,0,0,13.65,29,3612.34,2560.67,303,41,692,0,0,0,359.3,0,
TXN09-03778,9,2026-07-20 14:50:42,6011.43,Coffee,90019,Card,DEV-09-1,iPhone,Pune,14,0,0,7.02,30,3606.53,2558.82,134,1261,2552,0,0,0,359.3,0,
TXN09-03779,9,2026-07-20 16:03:22,8000.0,Software,90049,UPI,DEV-09-4,iPhone,Pune,16,0,0,72.67,31,3623.24,2563.51,19,377,2553,0,0,0,0.0,0,
TXN09-03780,9,2026-07-20 16:20:41,1518.49,Software,90014,Card,DEV-09-2,Web,Bangalore,16,0,0,17.32,32,3636.83,2571.08,105,791,441,0,0,0,735.23,0,
TXN09-03781,9,2026-07-20 16:59:12,8000.0,Restaurants,90041,Card,DEV-09-1,iPhone,Pune,16,0,0,38.52,33,3630.27,2569.8,22,1262,2554,0,0,0,735.23,0,
TXN09-03782,9,2026-07-20 17:32:55,3706.44,Restaurants,90008,Card,DEV-09-1,iPhone,Bangalore,17,0,0,33.72,34,3649.06,2583.2,78,1263,442,0,0,0,735.23,0,
TXN09-03783,9,2026-07-20 17:52:55,2530.96,Software,90006,Card,DEV-09-2,Web,Goa,17,0,0,20.0,35,3646.53,2582.74,304,792,693,0,0,0,454.99,0,
TXN09-03784,9,2026-07-20 17:59:37,3247.11,Cloud Services,90002,UPI,DEV-09-1,iPhone,Pune,17,0,0,6.7,36,3643.08,2579.49,287,1264,2555,0,0,0,359.3,0,
TXN09-03785,9,2026-07-20 18:00:43,2501.7,Coffee,90004,UPI,DEV-09-4,iPhone,Bangalore,18,0,0,1.1,37,3641.85,2575.6,284,378,443,0,0,0,735.23,0,
TXN09-03786,9,2026-07-20 18:02:15,5327.79,Coffee,90022,Card,DEV-09-4,iPhone,Pune,18,0,0,1.53,38,3638.34,2572.41,51,379,2556,0,0,0,735.23,0,
TXN09-03787,9,2026-07-20 18:22:58,458.19,Cloud Services,90071,Card,DEV-09-6,Web,Pune,18,0,0,20.72,39,3647.92,2572.88,7,150,2557,0,0,0,0.0,0,
TXN09-03788,9,2026-07-20 18:45:54,8000.0,Software,90006,UPI,DEV-09-8,Web,Pune,18,0,0,22.93,40,3640.0,2582.23,305,72,2558,0,0,0,0.0,0,
TXN09-03789,9,2026-07-20 18:53:39,8000.0,Software,90006,Card,DEV-09-5,Android,Pune,18,0,0,7.75,41,3653.41,2589.54,306,243,2559,0,0,0,0.0,0,
TXN09-03790,9,2026-07-20 18:57:03,1580.28,Software,90068,UPI,DEV-09-2,Web,Pune,18,0,0,3.4,42,3666.75,2596.71,10,793,2560,0,0,0,0.0,0,
TXN09-03791,9,2026-07-20 19:03:32,4112.56,Coffee,90004,UPI,DEV-09-3,iPhone,Pune,19,0,0,6.48,43,3660.36,2595.3,285,569,2561,0,0,0,0.0,0,
TXN09-03792,9,2026-07-20 19:49:17,1849.81,Software,90078,UPI,DEV-09-8,Web,Pune,19,0,0,45.75,44,3661.74,2591.46,9,73,2562,0,0,0,0.0,0,
TXN09-03793,9,2026-07-20 19:50:11,1713.91,Coffee,90020,Card,DEV-09-1,iPhone,Pune,19,0,0,0.9,45,3656.24,2589.44,94,1265,2563,0,0,0,0.0,0,
TXN09-03794,9,2026-07-20 19:50:34,1187.52,Coffee,90020,UPI,DEV-09-10,iPhone,Goa,19,0,0,0.38,46,3650.35,2587.71,95,29,694,0,0,0,359.3,0,
TXN09-03795,9,2026-07-20 19:51:25,603.3,Restaurants,90005,Card,DEV-09-1,iPhone,Pune,19,0,0,0.85,47,3642.91,2587.34,131,1266,2564,0,0,0,359.3,0,
TXN09-03796,9,2026-07-20 19:58:50,1453.84,Coffee,90052,UPI,DEV-09-2,Web,Pune,19,0,0,7.42,48,3633.75,2588.8,13,794,2565,0,0,0,0.0,0,
TXN09-03797,9,2026-07-20 20:06:43,3781.65,Restaurants,90005,UPI,DEV-09-4,iPhone,Pune,20,0,0,7.88,49,3627.21,2587.66,132,380,2566,0,0,0,0.0,0,
TXN09-03798,9,2026-07-20 20:15:29,869.96,Cloud Services,90002,UPI,DEV-09-1,iPhone,Goa,20,0,0,8.77,50,3627.67,2583.8,288,1267,695,0,0,0,359.3,0,
TXN09-03799,9,2026-07-20 20:30:39,4433.05,Software,90014,Card,DEV-09-2,Web,Bangalore,20,0,0,15.17,51,3619.44,2584.32,106,795,444,0,0,0,454.99,0,
TXN09-03800,9,2026-07-20 20:35:49,5619.32,Cloud Services,90054,UPI,DEV-09-1,iPhone,Pune,20,0,0,5.17,52,3619.3,2584.28,16,1268,2567,0,0,0,735.23,0,
TXN09-03801,9,2026-07-20 20:36:13,1801.91,Coffee,90019,UPI,DEV-09-4,iPhone,Ahmedabad,20,0,0,0.4,53,3625.25,2582.73,135,381,6,0,0,0,518.13,0,
TXN09-03802,9,2026-07-20 20:40:43,4167.77,Restaurants,90121,UPI,DEV-09-7,Android,Pune,20,0,0,4.5,54,3619.84,2580.8,1,124,2568,0,0,1,518.13,0,
TXN09-03803,9,2026-07-20 21:02:08,524.73,Cloud Services,90015,UPI,DEV-09-2,Web,Pune,21,0,0,21.42,55,3627.36,2578.69,47,796,2569,0,0,0,0.0,0,
TXN09-03804,9,2026-07-20 21:03:08,1515.35,Cloud Services,90065,Card,DEV-09-1,iPhone,Bangalore,21,0,0,1.0,56,3618.18,2580.38,4,1269,445,0,0,0,735.23,0,
TXN09-03805,9,2026-07-20 21:18:58,2391.78,Coffee,90020,Card,DEV-09-1,iPhone,Pune,21,0,0,15.83,57,3611.97,2579.1,96,1270,2570,0,0,0,735.23,0,
TXN09-03806,9,2026-07-20 21:33:09,3214.89,Restaurants,90009,Card,DEV-09-1,iPhone,Pune,21,0,0,14.18,58,3608.38,2576.15,78,1271,2571,0,0,0,0.0,0,
TXN09-03807,9,2026-07-20 21:37:55,4519.39,Restaurants,90001,Card,DEV-09-1,iPhone,Pune,21,0,0,4.77,59,3607.23,2572.46,356,1272,2572,0,0,0,0.0,0,
TXN09-03808,9,2026-07-20 21:40:16,2331.71,Restaurants,90063,Card,DEV-09-3,iPhone,Bangalore,21,0,0,2.35,60,3609.9,2569.16,12,570,446,0,0,0,735.23,0,
TXN09-03809,9,2026-07-20 21:40:24,2681.17,Restaurants,90083,UPI,DEV-09-2,Web,Pune,21,0,0,0.13,61,3606.17,2566.34,4,797,2573,0,0,0,735.23,0,
TXN09-03810,9,2026-07-20 21:46:33,3719.45,Coffee,90004,Card,DEV-09-10,iPhone,Pune,21,0,0,6.15,62,3603.48,2563.09,286,30,2574,0,0,0,0.0,0,
TXN09-03811,9,2026-07-20 21:46:54,2082.79,Restaurants,90009,UPI,DEV-09-11,iPhone,Pune,21,0,0,0.35,63,3603.82,2559.38,79,20,2575,0,0,0,0.0,0,
TXN09-03812,9,2026-07-20 21:47:42,7543.25,Software,90014,UPI,DEV-09-1,iPhone,Goa,21,0,0,0.8,64,3599.42,2556.99,107,1273,696,0,0,0,359.3,0,
TXN09-03813,9,2026-07-20 22:10:01,6594.26,Software,90048,UPI,DEV-09-1,iPhone,Pune,22,0,0,22.32,65,3620.24,2559.69,22,1274,2576,0,0,0,359.3,0,
TXN09-03814,9,2026-07-20 22:19:24,4929.95,Software,90080,UPI,DEV-09-3,iPhone,Pune,22,0,0,9.38,66,3628.81,2560.96,4,571,2577,0,0,0,0.0,0,
TXN09-03815,9,2026-07-20 22:23:21,999.48,Restaurants,90013,UPI,DEV-09-2,Web,Pune,22,0,0,3.95,67,3632.55,2558.23,52,798,2578,0,0,0,0.0,0,
TXN09-03816,9,2026-07-20 23:07:14,2629.57,Cloud Services,90043,UPI,DEV-09-2,Web,Pune,23,0,0,43.88,68,3619.69,2560.18,18,799,2579,0,0,0,0.0,0,
TXN09-03817,9,2026-07-20 23:29:50,1565.09,Coffee,90019,Card,DEV-09-1,iPhone,Pune,23,0,0,22.6,69,3616.85,2557.06,136,1275,2580,0,0,0,0.0,0,
TXN09-03818,9,2026-07-20 23:33:47,4403.27,Cloud Services,90060,UPI,DEV-09-9,iPhone,Pune,23,0,0,3.95,70,3610.99,2555.75,8,42,2581,0,0,0,0.0,0,
TXN09-03819,9,2026-07-20 23:36:54,2516.85,Cloud Services,90053,Card,DEV-09-7,Android,Bangalore,23,0,0,3.12,71,3613.25,2552.46,18,125,447,0,0,0,735.23,0,
TXN09-03820,9,2026-07-20 23:43:21,4116.86,Software,90006,UPI,DEV-09-1,iPhone,Goa,23,0,0,6.45,72,3610.13,2549.5,307,1276,697,0,0,0,454.99,0,
TXN09-03821,9,2026-07-20 23:50:25,6946.16,Coffee,90004,Card,DEV-09-7,Android,Pune,23,0,0,7.07,73,3611.57,2546.03,287,126,2582,0,0,0,359.3,0,
TXN09-03822,9,2026-07-21 02:41:33,3917.77,Software,90001,UPI,DEV-09-1,iPhone,Dubai,2,1,0,171.13,1,3617.56,2551.37,357,1277,6,0,0,0,2054.4,1,hourly_location_hopping
TXN09-03823,9,2026-07-21 03:41:33,8000.0,Software,90001,UPI,DEV-09-1,iPhone,Ahmedabad,3,1,0,60.0,2,3618.41,2547.82,358,1278,7,0,0,0,1771.28,1,hourly_location_hopping
TXN09-03824,9,2026-07-21 04:41:33,2525.56,Software,90001,UPI,DEV-09-1,iPhone,London,4,1,0,60.0,3,3630.75,2554.8,359,1279,5,0,0,0,6843.56,1,hourly_location_hopping
TXN09-03825,9,2026-07-21 08:17:49,1816.52,Software,90040,Card,DEV-09-1,iPhone,Pune,8,1,0,216.27,4,3627.65,2551.88,26,1280,2583,0,0,0,7306.0,0,
TXN09-03826,9,2026-07-21 08:26:37,2409.15,Software,90006,UPI,DEV-09-1,iPhone,Pune,8,1,0,8.8,5,3622.57,2550.1,308,1281,2584,0,0,0,0.0,0,
TXN09-03827,9,2026-07-21 08:26:45,722.98,Software,90006,UPI,DEV-09-1,iPhone,Pune,8,1,0,0.13,6,3619.18,2547.34,309,1282,2585,0,0,0,0.0,0,
TXN09-03828,9,2026-07-21 08:32:44,5599.64,Software,90007,UPI,DEV-09-7,Android,Goa,8,1,0,5.98,7,3611.12,2548.37,188,127,698,0,0,0,359.3,0,
TXN09-03829,9,2026-07-21 08:44:46,1930.1,Restaurants,90051,UPI,DEV-09-3,iPhone,Bangalore,8,1,0,12.03,8,3616.64,2546.98,8,572,448,0,0,0,454.99,0,
TXN09-03830,9,2026-07-21 08:56:17,3421.51,Software,90007,UPI,DEV-09-2,Web,Pune,8,1,0,11.52,9,3611.97,2544.99,189,800,2586,0,0,0,735.23,0,
TXN09-03831,9,2026-07-21 09:04:21,2043.15,Software,90068,Card,DEV-09-1,iPhone,Pune,9,1,0,8.07,10,3611.44,2541.49,11,1283,2587,0,0,0,0.0,0,
TXN09-03832,9,2026-07-21 09:05:42,4665.09,Cloud Services,90071,UPI,DEV-09-2,Web,Pune,9,1,0,1.35,11,3607.12,2539.32,8,801,2588,0,0,0,0.0,0,
TXN09-03833,9,2026-07-21 09:29:11,4720.13,Software,90047,UPI,DEV-09-17,Web,Pune,9,1,0,23.48,12,3610.03,2536.44,22,4,2589,0,0,0,0.0,0,
TXN09-03834,9,2026-07-21 09:47:04,2578.18,Restaurants,90008,Card,DEV-09-1,iPhone,Pune,9,1,0,17.88,13,3614.56,2536.94,79,1284,2590,0,0,0,0.0,0,
TXN09-03835,9,2026-07-21 09:49:46,2281.85,Restaurants,90001,Card,DEV-09-1,iPhone,Pune,9,1,0,2.7,14,3611.72,2534.04,360,1285,2591,0,0,0,0.0,0,
TXN09-03836,9,2026-07-21 09:57:18,2322.14,Cloud Services,90011,UPI,DEV-09-1,iPhone,Pune,9,1,0,7.53,15,3608.09,2531.53,71,1286,2592,0,0,0,0.0,0,
TXN09-03837,9,2026-07-21 11:05:35,5621.89,Software,90006,UPI,DEV-09-1,iPhone,Pune,11,1,0,68.28,16,3608.07,2531.54,310,1287,2593,0,0,0,0.0,0,
TXN09-03838,9,2026-07-21 11:11:07,1962.56,Software,90006,Card,DEV-09-1,iPhone,Goa,11,1,0,5.53,17,3617.61,2536.51,311,1288,699,0,0,0,359.3,0,
TXN09-03839,9,2026-07-21 11:11:27,927.18,Coffee,90019,Card,DEV-09-1,iPhone,Goa,11,1,0,0.33,18,3613.09,2534.51,137,1289,700,0,0,0,0.0,0,
TXN09-03840,9,2026-07-21 11:40:44,2818.52,Software,90102,Card,DEV-09-2,Web,Pune,11,1,0,29.28,19,3628.24,2532.82,4,802,2594,0,0,0,359.3,0,
TXN09-03841,9,2026-07-21 11:45:25,5751.95,Restaurants,90001,Card,DEV-09-2,Web,Goa,11,1,0,4.68,20,3626.02,2529.71,361,803,701,0,0,0,359.3,0,
TXN09-03842,9,2026-07-21 12:22:59,7843.04,Coffee,90004,UPI,DEV-09-3,iPhone,Pune,12,1,0,37.57,21,3632.78,2535.59,288,573,2595,0,0,0,359.3,0,
TXN09-03843,9,2026-07-21 12:27:47,2742.11,Software,90068,Card,DEV-09-1,iPhone,Pune,12,1,0,4.8,22,3644.32,2541.66,12,1290,2596,0,0,0,0.0,0,
TXN09-03844,9,2026-07-21 12:39:11,1248.64,Coffee,90024,UPI,DEV-09-3,iPhone,Pune,12,1,0,11.4,23,3645.61,2541.08,38,574,2597,0,0,0,0.0,0,
TXN09-03845,9,2026-07-21 12:41:28,5046.98,Coffee,90004,UPI,DEV-09-1,iPhone,Pune,12,1,0,2.28,24,3639.06,2540.69,289,1291,2598,0,0,0,0.0,0,
TXN09-03846,9,2026-07-21 12:42:06,3759.59,Cloud Services,90002,Card,DEV-09-1,iPhone,Pune,12,1,0,0.63,25,3642.9,2538.28,289,1292,2599,0,0,0,0.0,0,
TXN09-03847,9,2026-07-21 13:51:57,1238.69,Software,90006,UPI,DEV-09-1,iPhone,Goa,13,1,0,69.85,26,3649.16,2538.71,312,1293,702,0,0,0,359.3,0,
TXN09-03848,9,2026-07-21 13:54:26,1822.89,Restaurants,90017,UPI,DEV-09-3,iPhone,Pune,13,1,0,2.48,27,3642.59,2538.37,42,575,2600,0,0,0,359.3,0,
TXN09-03849,9,2026-07-21 14:14:01,3491.34,Software,90048,UPI,DEV-09-2,Web,Goa,14,1,0,19.58,28,3637.65,2536.68,23,804,703,0,0,0,359.3,0,
TXN09-03850,9,2026-07-21 14:15:17,8000.0,Restaurants,90081,Card,DEV-09-4,iPhone,Bangalore,14,1,0,1.27,29,3637.25,2533.26,4,382,449,0,0,0,454.99,0,
TXN09-03851,9,2026-07-21 14:23:26,1797.57,Software,90014,Card,DEV-09-1,iPhone,Pune,14,1,0,8.15,30,3649.04,2539.95,108,1294,2601,0,0,0,735.23,0,
TXN09-03852,9,2026-07-21 14:39:18,5818.86,Restaurants,90008,UPI,DEV-09-6,Web,Pune,14,1,0,15.87,31,3638.28,2541.66,80,151,2602,0,0,0,0.0,0,
TXN09-03853,9,2026-07-21 14:41:53,873.71,Cloud Services,90002,Card,DEV-09-1,iPhone,Pune,14,1,0,2.58,32,3644.18,2540.75,290,1295,2603,0,0,0,0.0,0,
TXN09-03854,9,2026-07-21 14:43:20,4386.12,Cloud Services,90003,Card,DEV-09-4,iPhone,Pune,14,1,0,1.45,33,3636.71,2541.38,122,383,2604,0,0,0,0.0,0,
TXN09-03855,9,2026-07-21 15:01:03,3160.79,Cloud Services,90038,UPI,DEV-09-3,iPhone,Pune,15,1,0,17.72,34,3642.85,2540.43,20,576,2605,0,0,0,0.0,0,
TXN09-03856,9,2026-07-21 15:03:01,1044.26,Cloud Services,90034,UPI,DEV-09-3,iPhone,Goa,15,1,0,1.97,35,3641.55,2537.14,34,577,704,0,0,0,359.3,0,
TXN09-03857,9,2026-07-21 15:06:03,968.56,Restaurants,90001,Card,DEV-09-4,iPhone,Bangalore,15,1,0,3.03,36,3634.59,2537.29,362,384,450,0,0,0,454.99,0,
TXN09-03858,9,2026-07-21 15:37:18,831.21,Software,90007,UPI,DEV-09-2,Web,Goa,15,1,0,31.25,37,3621.23,2538.17,190,805,705,0,0,0,454.99,0,
TXN09-03859,9,2026-07-21 15:43:29,5935.38,Software,90006,UPI,DEV-09-5,Android,Pune,15,1,0,6.18,38,3619.92,2539.48,313,244,2606,0,0,0,359.3,0,
TXN09-03860,9,2026-07-21 16:01:45,1625.97,Coffee,90033,UPI,DEV-09-2,Web,Pune,16,1,0,18.27,39,3626.11,2538.9,26,806,2607,0,0,0,0.0,0,
TXN09-03861,9,2026-07-21 16:11:15,8000.0,Coffee,90023,Card,DEV-09-4,iPhone,Pune,16,1,0,9.5,40,3620.78,2537.61,49,385,2608,0,0,0,0.0,0,
TXN09-03862,9,2026-07-21 16:15:53,3312.78,Restaurants,90028,UPI,DEV-09-2,Web,Pune,16,1,0,4.63,41,3632.42,2544.25,20,807,2609,0,0,0,0.0,0,
TXN09-03863,9,2026-07-21 16:35:40,1982.76,Restaurants,90001,Card,DEV-09-1,iPhone,Goa,16,1,0,19.78,42,3631.58,2540.93,363,1296,706,0,0,0,359.3,0,
TXN09-03864,9,2026-07-21 16:39:13,1492.82,Coffee,90122,UPI,DEV-09-5,Android,Pune,16,1,0,3.55,43,3627.21,2538.98,1,245,2610,0,0,1,359.3,0,
TXN09-03865,9,2026-07-21 16:43:51,2250.56,Cloud Services,90034,UPI,DEV-09-1,iPhone,Pune,16,1,0,4.63,44,3621.58,2537.99,35,1297,2611,0,0,0,0.0,0,
TXN09-03866,9,2026-07-21 16:48:22,4920.69,Software,90080,UPI,DEV-09-5,Android,Pune,16,1,0,4.52,45,3606.41,2528.94,5,246,2612,0,0,0,0.0,0,
TXN09-03867,9,2026-07-21 16:51:48,5502.91,Coffee,90087,UPI,DEV-09-4,iPhone,Bangalore,16,1,0,3.43,46,3609.87,2526.51,3,386,451,0,0,0,735.23,0,
TXN09-03868,9,2026-07-21 17:26:17,7213.36,Coffee,90091,UPI,DEV-09-4,iPhone,Bangalore,17,1,0,34.48,47,3616.78,2528.09,3,387,452,0,0,0,0.0,0,
TXN09-03869,9,2026-07-21 17:38:27,3240.49,Restaurants,90005,UPI,DEV-09-3,iPhone,Pune,17,1,0,12.17,48,3626.22,2531.46,133,578,2613,0,0,0,735.23,0,
TXN09-03870,9,2026-07-21 17:43:35,866.77,Cloud Services,90003,UPI,DEV-09-3,iPhone,Pune,17,1,0,5.13,49,3625.21,2528.23,123,579,2614,0,0,0,0.0,0,
TXN09-03871,9,2026-07-21 17:53:34,5816.12,Restaurants,90061,UPI,DEV-09-1,iPhone,Pune,17,1,0,9.98,50,3615.84,2531.8,11,1298,2615,0,0,0,0.0,0,
TXN09-03872,9,2026-07-21 18:12:32,13832.29,International Transfer,90001,UPI,DEV-09-1,iPhone,Singapore,18,1,0,18.97,51,3621.58,2530.98,364,1299,5,0,0,0,3783.95,1,intl_transfer
TXN09-03873,9,2026-07-21 18:13:17,1277.69,Restaurants,90001,Card,DEV-09-2,Web,Goa,18,1,0,0.75,52,3648.17,2580.69,365,808,707,0,0,0,3608.09,0,
TXN09-03874,9,2026-07-21 18:23:53,2486.12,Coffee,90004,Card,DEV-09-2,Web,Goa,18,1,0,10.6,53,3642.01,2580.16,290,809,708,0,0,0,0.0,0,
TXN09-03875,9,2026-07-21 18:27:48,4630.98,Cloud Services,90003,UPI,DEV-09-3,iPhone,Bangalore,18,1,0,3.92,54,3639.02,2577.49,124,580,453,0,0,0,454.99,0,
TXN09-03876,9,2026-07-21 18:33:51,1008.85,Coffee,90114,Card,DEV-09-3,iPhone,Pune,18,1,0,6.05,55,3642.21,2577.95,2,581,2616,0,0,0,735.23,0,
TXN09-03877,9,2026-07-21 18:45:45,964.88,Coffee,90004,Card,DEV-09-1,iPhone,Pune,18,1,0,11.9,56,3643.89,2581.04,291,1300,2617,0,0,0,0.0,0,
TXN09-03878,9,2026-07-21 18:56:50,519.3,Software,90018,UPI,DEV-09-2,Web,Goa,18,1,0,11.08,57,3636.95,2581.29,63,810,709,0,0,0,359.3,0,
TXN09-03879,9,2026-07-21 19:00:25,2920.99,Software,90014,UPI,DEV-09-4,iPhone,Pune,19,1,0,3.58,58,3628.89,2582.8,109,388,2618,0,0,0,359.3,0,
TXN09-03880,9,2026-07-21 19:22:11,5028.76,Software,90047,Card,DEV-09-1,iPhone,Pune,19,1,0,21.77,59,3627.07,2579.72,23,1301,2619,0,0,0,0.0,0,
TXN09-03881,9,2026-07-21 19:23:08,1963.55,Coffee,90004,UPI,DEV-09-3,iPhone,Pune,19,1,0,0.95,60,3630.67,2577.38,292,582,2620,0,0,0,0.0,0,
TXN09-03882,9,2026-07-21 19:30:53,1198.54,Cloud Services,90072,Card,DEV-09-3,iPhone,Pune,19,1,0,7.75,61,3626.4,2575.46,7,583,2621,0,0,0,0.0,0,
TXN09-03883,9,2026-07-21 19:45:12,4776.55,Software,90080,UPI,DEV-09-1,iPhone,Pune,19,1,0,14.32,62,3620.19,2575.08,6,1302,2622,0,0,0,0.0,0,
TXN09-03884,9,2026-07-21 19:49:55,2537.25,Coffee,90004,UPI,DEV-09-1,iPhone,Pune,19,1,0,4.72,63,3623.14,2572.46,293,1303,2623,0,0,0,0.0,0,
TXN09-03885,9,2026-07-21 20:34:56,8000.0,Cloud Services,90010,Card,DEV-09-1,iPhone,Bangalore,20,1,0,45.02,64,3604.29,2564.92,96,1304,454,0,0,0,735.23,0,
TXN09-03886,9,2026-07-21 20:38:43,6600.63,Cloud Services,90011,Card,DEV-09-1,iPhone,Pune,20,1,0,3.78,65,3615.5,2571.23,72,1305,2624,0,0,0,735.23,0,
TXN09-03887,9,2026-07-21 20:49:56,3806.82,Software,90007,UPI,DEV-09-3,iPhone,Pune,20,1,0,11.22,66,3617.7,2573.41,191,584,2625,0,0,0,0.0,0,
TXN09-03888,9,2026-07-21 21:45:39,4547.59,Coffee,90024,Card,DEV-09-4,iPhone,Pune,21,1,0,55.72,67,3617.04,2573.32,39,389,2626,0,0,0,0.0,0,
TXN09-03889,9,2026-07-21 22:23:36,2222.92,Restaurants,90012,UPI,DEV-09-7,Android,Pune,22,1,0,37.95,68,3619.4,2570.47,65,128,2627,0,0,0,0.0,0,
TXN09-03890,9,2026-07-21 22:30:55,1113.14,Software,90007,UPI,DEV-09-4,iPhone,Pune,22,1,0,7.32,69,3615.86,2568.17,192,390,2628,0,0,0,0.0,0,
TXN09-03891,9,2026-07-21 23:02:22,1577.67,Software,90006,UPI,DEV-09-1,iPhone,Pune,23,1,0,31.45,70,3609.52,2568.0,314,1306,2629,0,0,0,0.0,0,
TXN09-03892,9,2026-07-21 23:13:35,2927.07,Coffee,90122,Card,DEV-09-1,iPhone,Pune,23,1,0,11.22,71,3604.39,2566.78,2,1307,2630,0,0,0,0.0,0,
TXN09-03893,9,2026-07-21 23:24:23,614.4,Cloud Services,90015,Card,DEV-09-7,Android,Bangalore,23,1,0,10.8,72,3591.58,2557.46,48,129,455,0,0,0,735.23,0,
TXN09-03894,9,2026-07-21 23:33:45,3930.33,Cloud Services,90002,Card,DEV-09-1,iPhone,Bangalore,23,1,0,9.37,73,3586.61,2561.32,291,1308,456,0,0,0,0.0,0,
TXN09-03895,9,2026-07-21 23:38:53,2786.08,Coffee,90004,UPI,DEV-09-2,Web,Bangalore,23,1,0,5.13,74,3587.48,2558.15,294,811,457,0,0,0,0.0,0,
TXN09-03896,9,2026-07-22 07:01:00,4100.0,Software,90001,UPI,DEV-UNK-4154,Android,Pune,7,2,0,442.12,1,3585.46,2555.25,366,1,2631,1,0,0,735.23,1,new_device_fraud
TXN09-03897,9,2026-07-22 08:14:28,591.26,Restaurants,90005,UPI,DEV-09-5,Android,Pune,8,2,0,73.47,2,3588.83,2555.04,134,247,2632,0,0,0,0.0,0,
TXN09-03898,9,2026-07-22 08:51:02,3423.92,Cloud Services,90062,UPI,DEV-09-1,iPhone,Pune,8,2,0,36.57,3,3587.14,2556.8,7,1309,2633,0,0,0,0.0,0,
TXN09-03899,9,2026-07-22 08:53:53,2890.52,Restaurants,90012,Card,DEV-09-8,Web,Pune,8,2,0,2.85,4,3586.73,2553.61,66,74,2634,0,0,0,0.0,0,
TXN09-03900,9,2026-07-22 09:24:13,1846.91,Coffee,90019,Card,DEV-09-3,iPhone,Pune,9,2,0,30.33,5,3572.86,2548.86,138,585,2635,0,0,0,0.0,0,
TXN09-03901,9,2026-07-22 09:41:33,2091.22,Coffee,90004,UPI,DEV-09-1,iPhone,Pune,9,2,0,17.33,6,3572.99,2548.77,295,1310,2636,0,0,0,0.0,0,
TXN09-03902,9,2026-07-22 10:08:42,6262.2,Coffee,90025,Card,DEV-09-9,iPhone,Pune,10,2,0,27.15,7,3569.27,2546.65,22,43,2637,0,0,0,0.0,0,
TXN09-03903,9,2026-07-22 10:09:45,7784.2,Coffee,90020,UPI,DEV-09-2,Web,Pune,10,2,0,1.05,8,3576.0,2547.02,97,812,2638,0,0,0,0.0,0,
TXN09-03904,9,2026-07-22 10:22:39,1477.71,Software,90007,UPI,DEV-09-1,iPhone,Goa,10,2,0,12.9,9,3586.5,2552.48,193,1311,710,0,0,0,359.3,0,
TXN09-03905,9,2026-07-22 10:26:00,3088.95,Cloud Services,90101,UPI,DEV-09-13,Web,Pune,10,2,0,3.35,10,3581.25,2551.47,4,14,2639,0,0,0,359.3,0,
TXN09-03906,9,2026-07-22 10:35:08,5915.47,Software,90078,Card,DEV-09-5,Android,Pune,10,2,0,9.13,11,3580.03,2548.42,10,248,2640,0,0,0,0.0,0,
TXN09-03907,9,2026-07-22 10:37:24,6337.5,Software,90006,UPI,DEV-09-2,Web,Pune,10,2,0,2.27,12,3585.81,2547.91,315,813,2641,0,0,0,0.0,0,
TXN09-03908,9,2026-07-22 10:54:43,7193.47,Cloud Services,90097,Card,DEV-09-2,Web,Pune,10,2,0,17.32,13,3591.85,2551.53,5,814,2642,0,0,0,0.0,0,
TXN09-03909,9,2026-07-22 10:55:40,4497.41,Software,90006,UPI,DEV-09-2,Web,Goa,10,2,0,0.95,14,3600.74,2554.64,316,815,711,0,0,0,359.3,0,
TXN09-03910,9,2026-07-22 11:16:46,8000.0,Restaurants,90098,Card,DEV-09-1,iPhone,Pune,11,2,0,21.1,15,3602.95,2551.88,3,1312,2643,0,0,0,359.3,0,
TXN09-03911,9,2026-07-22 11:19:25,703.37,Restaurants,90001,UPI,DEV-09-3,iPhone,Pune,11,2,0,2.65,16,3613.75,2558.02,367,586,2644,0,0,0,0.0,0,
TXN09-03912,9,2026-07-22 11:27:06,1544.58,Cloud Services,90002,UPI,DEV-09-2,Web,Pune,11,2,0,7.68,17,3606.62,2558.93,292,816,2645,0,0,0,0.0,0,
TXN09-03913,9,2026-07-22 11:42:09,3486.24,Coffee,90004,Card,DEV-09-6,Web,Pune,11,2,0,15.05,18,3601.58,2557.83,296,152,2646,0,0,0,0.0,0,
TXN09-03914,9,2026-07-22 12:01:57,3866.17,Software,90123,UPI,DEV-09-1,iPhone,Goa,12,2,0,19.8,19,3603.25,2557.53,1,1313,712,0,0,1,359.3,0,
TXN09-03915,9,2026-07-22 12:02:34,2141.67,Coffee,90064,Card,DEV-09-4,iPhone,Bangalore,12,2,0,0.62,20,3603.89,2554.44,9,391,458,0,0,0,454.99,0,
TXN09-03916,9,2026-07-22 12:03:40,2050.91,Software,90014,Card,DEV-09-1,iPhone,Pune,12,2,0,1.1,21,3600.33,2552.35,110,1314,2647,0,0,0,735.23,0,
TXN09-03917,9,2026-07-22 12:44:02,4425.11,Coffee,90023,Card,DEV-09-1,iPhone,Pune,12,2,0,40.37,22,3596.57,2550.39,50,1315,2648,0,0,0,0.0,0,
TXN09-03918,9,2026-07-22 12:48:39,1567.05,Software,90016,Card,DEV-09-2,Web,Goa,12,2,0,4.62,23,3598.58,2547.63,69,817,713,0,0,0,359.3,0,
TXN09-03919,9,2026-07-22 13:01:42,1655.54,Restaurants,90061,Card,DEV-09-2,Web,Pune,13,2,0,13.05,24,3595.95,2549.16,12,818,2649,0,0,0,359.3,0,
TXN09-03920,9,2026-07-22 13:05:11,1937.76,Coffee,90004,Card,DEV-09-7,Android,Pune,13,2,0,3.48,25,3591.27,2547.86,297,130,2650,0,0,0,0.0,0,
TXN09-03921,9,2026-07-22 13:49:30,8000.0,Cloud Services,90002,Card,DEV-09-8,Web,Pune,13,2,0,44.32,26,3588.24,2549.08,293,75,2651,0,0,0,0.0,0,
TXN09-03922,9,2026-07-22 14:10:23,3535.74,Coffee,90020,Card,DEV-09-4,iPhone,Pune,14,2,0,20.88,27,3596.98,2557.97,98,392,2652,0,0,0,0.0,0,
TXN09-03923,9,2026-07-22 14:11:50,8000.0,Restaurants,90001,Card,DEV-09-3,iPhone,Bangalore,14,2,0,1.45,28,3596.84,2554.89,368,587,459,0,0,0,735.23,0,
TXN09-03924,9,2026-07-22 14:34:04,682.07,Restaurants,90061,Card,DEV-09-3,iPhone,Pune,14,2,0,22.23,29,3606.5,2563.93,13,588,2653,0,0,0,735.23,0,
TXN09-03925,9,2026-07-22 15:05:32,1942.04,Restaurants,90124,Card,DEV-09-7,Android,Pune,15,2,0,31.47,30,3595.95,2562.96,1,131,2654,0,0,1,0.0,0,
TXN09-03926,9,2026-07-22 15:56:04,631.17,Restaurants,90017,UPI,DEV-09-3,iPhone,Pune,15,2,0,50.53,31,3549.98,2427.85,43,589,2655,0,0,0,0.0,0,
TXN09-03927,9,2026-07-22 16:11:18,3282.31,Coffee,90019,UPI,DEV-09-3,iPhone,Pune,16,2,0,15.23,32,3544.11,2431.97,139,590,2656,0,0,0,0.0,0,
TXN09-03928,9,2026-07-22 16:18:05,2090.77,Software,90050,UPI,DEV-09-2,Web,Goa,16,2,0,6.78,33,3543.47,2429.06,13,819,714,0,0,0,359.3,0,
TXN09-03929,9,2026-07-22 16:22:47,4191.29,Restaurants,90063,UPI,DEV-09-1,iPhone,Pune,16,2,0,4.7,34,3539.97,2427.17,13,1316,2657,0,0,0,359.3,0,
TXN09-03930,9,2026-07-22 16:29:00,5030.16,Cloud Services,90125,Card,DEV-09-2,Web,Goa,16,2,0,6.22,35,3541.54,2424.45,1,820,715,0,0,1,359.3,0,
TXN09-03931,9,2026-07-22 16:53:32,2561.46,Cloud Services,90101,Card,DEV-09-4,iPhone,Pune,16,2,0,24.53,36,3542.18,2426.41,5,393,2658,0,0,0,359.3,0,
TXN09-03932,9,2026-07-22 17:08:26,1765.97,Restaurants,90005,Card,DEV-09-15,Web,Pune,17,2,0,14.9,37,3539.82,2423.97,135,10,2659,0,0,0,0.0,0,
TXN09-03933,9,2026-07-22 17:18:32,2074.64,Coffee,90019,Card,DEV-09-3,iPhone,Pune,17,2,0,10.1,38,3535.55,2422.61,140,591,2660,0,0,0,0.0,0,
TXN09-03934,9,2026-07-22 17:22:05,2699.87,Cloud Services,90086,Card,DEV-09-1,iPhone,Bangalore,17,2,0,3.55,39,3532.05,2420.76,6,1317,460,0,0,0,735.23,0,
TXN09-03935,9,2026-07-22 17:27:32,2517.67,Restaurants,90005,Card,DEV-09-6,Web,Pune,17,2,0,5.45,40,3530.06,2418.2,136,153,2661,0,0,0,735.23,0,
TXN09-03936,9,2026-07-22 17:31:36,3302.23,Cloud Services,90010,UPI,DEV-09-2,Web,Pune,17,2,0,4.07,41,3527.64,2415.82,97,821,2662,0,0,0,0.0,0,
TXN09-03937,9,2026-07-22 17:53:30,3822.37,Cloud Services,90003,Card,DEV-09-4,iPhone,Pune,17,2,0,21.9,42,3527.1,2412.97,125,394,2663,0,0,0,0.0,0,
TXN09-03938,9,2026-07-22 17:59:47,1887.47,Cloud Services,90097,Card,DEV-09-1,iPhone,Pune,17,2,0,6.28,43,3527.81,2410.14,6,1318,2664,0,0,0,0.0,0,
TXN09-03939,9,2026-07-22 18:58:25,2361.32,Coffee,90087,Card,DEV-09-2,Web,Pune,18,2,0,58.63,44,3519.24,2408.17,4,822,2665,0,0,0,0.0,0,
TXN09-03940,9,2026-07-22 19:22:08,1014.89,Restaurants,90001,Card,DEV-09-1,iPhone,Goa,19,2,0,23.72,45,3510.9,2409.03,369,1319,716,0,0,0,359.3,0,
TXN09-03941,9,2026-07-22 19:57:14,3006.88,Coffee,90032,Card,DEV-09-5,Android,Pune,19,2,0,35.1,46,3509.75,2410.1,31,249,2666,0,0,0,359.3,0,
TXN09-03942,9,2026-07-22 20:06:07,3981.28,Coffee,90004,Card,DEV-09-8,Web,Pune,20,2,0,8.88,47,3514.98,2406.65,298,76,2667,0,0,0,0.0,0,
TXN09-03943,9,2026-07-22 20:26:14,3588.57,Cloud Services,90002,UPI,DEV-09-7,Android,Pune,20,2,0,20.12,48,3468.63,2153.25,294,132,2668,0,0,0,0.0,0,
TXN09-03944,9,2026-07-22 20:29:21,4026.2,Coffee,90094,Card,DEV-09-2,Web,Pune,20,2,0,3.12,49,3468.92,2150.66,3,823,2669,0,0,0,0.0,0,
TXN09-03945,9,2026-07-22 20:32:23,3560.65,Software,90014,UPI,DEV-09-1,iPhone,Pune,20,2,0,3.03,50,3470.26,2148.25,111,1320,2670,0,0,0,0.0,0,
TXN09-03946,9,2026-07-22 20:42:02,4306.17,Software,90006,Card,DEV-09-3,iPhone,Pune,20,2,0,9.65,51,3470.48,2145.67,317,592,2671,0,0,0,0.0,0,
TXN09-03947,9,2026-07-22 20:44:47,8000.0,Coffee,90025,Card,DEV-09-3,iPhone,Bangalore,20,2,0,2.75,52,3472.48,2143.5,23,593,461,0,0,0,735.23,0,
TXN09-03948,9,2026-07-22 21:38:51,2620.59,Coffee,90004,UPI,DEV-09-4,iPhone,Pune,21,2,0,54.07,53,3477.14,2147.3,299,395,2672,0,0,0,735.23,0,
TXN09-03949,9,2026-07-22 21:50:44,2325.47,Cloud Services,90003,UPI,DEV-09-2,Web,Goa,21,2,0,11.88,54,3479.51,2145.8,126,824,717,0,0,0,359.3,0,
TXN09-03950,9,2026-07-22 22:45:54,3403.44,Software,90082,Card,DEV-09-3,iPhone,Goa,22,2,0,55.17,55,3473.96,2145.79,10,594,718,0,0,0,0.0,0,
TXN09-03951,9,2026-07-22 23:19:34,8000.0,Software,90049,UPI,DEV-09-1,iPhone,Pune,23,2,0,33.67,56,3480.97,2144.75,20,1321,2673,0,0,0,359.3,0,
TXN09-03952,9,2026-07-22 23:28:58,2235.82,Software,90007,Card,DEV-09-4,iPhone,Pune,23,2,0,9.4,57,3499.53,2150.45,194,396,2674,0,0,0,0.0,0,
TXN09-03953,9,2026-07-22 23:31:17,2241.29,Cloud Services,90027,UPI,DEV-09-2,Web,Pune,23,2,0,2.32,58,3496.49,2148.76,41,825,2675,0,0,0,0.0,0,
TXN09-03954,9,2026-07-22 23:34:01,2464.81,Cloud Services,90015,UPI,DEV-09-1,iPhone,Bangalore,23,2,0,2.73,59,3493.48,2147.06,49,1322,462,0,0,0,735.23,0,
TXN09-03955,9,2026-07-22 23:34:03,1716.59,Cloud Services,90002,UPI,DEV-09-10,iPhone,Pune,23,2,0,0.03,60,3491.02,2145.08,295,31,2676,0,0,0,735.23,0,
TXN09-03956,9,2026-07-23 01:47:45,7777.15,Coffee,90064,UPI,DEV-UNK-6701,iPhone,Goa,1,3,0,133.7,1,3486.78,2144.26,10,1,719,1,0,0,359.3,1,ato_odd_hour_new_device
TXN09-03957,9,2026-07-23 08:00:49,5537.75,Coffee,90019,Card,DEV-09-3,iPhone,Pune,8,3,0,373.07,2,3497.0,2151.89,141,595,2677,0,0,0,359.3,0,
TXN09-03958,9,2026-07-23 08:47:42,4991.46,Coffee,90019,Card,DEV-09-3,iPhone,Pune,8,3,0,46.88,3,3504.73,2157.46,142,596,2678,0,0,0,0.0,0,
TXN09-03959,9,2026-07-23 09:01:10,2050.3,Restaurants,90036,UPI,DEV-09-7,Android,Pune,9,3,0,13.47,4,3508.29,2156.1,18,133,2679,0,0,0,0.0,0,
TXN09-03960,9,2026-07-23 09:15:53,3110.65,Cloud Services,90002,UPI,DEV-09-4,iPhone,Pune,9,3,0,14.72,5,3504.81,2154.7,296,397,2680,0,0,0,0.0,0,
TXN09-03961,9,2026-07-23 09:44:50,2685.49,Software,90007,UPI,DEV-09-13,Web,Bangalore,9,3,0,28.95,6,3500.65,2155.13,195,15,463,0,0,0,735.23,0,
TXN09-03962,9,2026-07-23 09:44:59,1605.75,Cloud Services,90010,Card,DEV-09-4,iPhone,Pune,9,3,0,0.15,7,3498.7,2152.92,98,398,2681,0,0,0,735.23,0,
TXN09-03963,9,2026-07-23 09:56:51,1110.5,Coffee,90004,Card,DEV-09-3,iPhone,Goa,9,3,0,11.87,8,3496.45,2154.4,300,597,720,0,0,0,359.3,0,
TXN09-03964,9,2026-07-23 10:09:22,6294.28,Software,90014,Card,DEV-09-2,Web,Goa,10,3,0,12.52,9,3485.5,2154.89,112,826,721,0,0,0,0.0,0,
TXN09-03965,9,2026-07-23 10:19:15,2063.29,Cloud Services,90010,UPI,DEV-09-3,iPhone,Pune,10,3,0,9.88,10,3492.22,2156.68,99,598,2682,0,0,0,359.3,0,
TXN09-03966,9,2026-07-23 10:33:43,1442.76,Coffee,90004,UPI,DEV-09-7,Android,Goa,10,3,0,14.47,11,3488.81,2155.23,301,134,722,0,0,0,359.3,0,
TXN09-03967,9,2026-07-23 11:53:10,3696.77,Restaurants,90001,Card,DEV-09-1,iPhone,Pune,11,3,0,79.45,12,3490.25,2160.19,370,1323,2683,0,0,0,359.3,0,
TXN09-03968,9,2026-07-23 11:56:27,2407.01,Software,90006,UPI,DEV-09-2,Web,Pune,11,3,0,3.28,13,3490.75,2157.62,318,827,2684,0,0,0,0.0,0,
TXN09-03969,9,2026-07-23 11:57:09,1895.94,Software,90029,UPI,DEV-09-1,iPhone,Goa,11,3,0,0.7,14,3488.15,2155.68,38,1324,723,0,0,0,359.3,0,
TXN09-03970,9,2026-07-23 11:59:45,891.56,Software,90007,Card,DEV-09-2,Web,Pune,11,3,0,2.6,15,3484.34,2154.51,196,828,2685,0,0,0,359.3,0,
TXN09-03971,9,2026-07-23 12:16:31,1614.73,Cloud Services,90046,Card,DEV-09-4,iPhone,Pune,12,3,0,16.77,16,3485.82,2157.84,13,399,2686,0,0,0,0.0,0,
TXN09-03972,9,2026-07-23 12:26:27,3191.22,Restaurants,90070,Card,DEV-09-1,iPhone,Pune,12,3,0,9.93,17,3481.35,2157.19,7,1325,2687,0,0,0,0.0,0,
TXN09-03973,9,2026-07-23 12:36:57,4237.14,Cloud Services,90060,UPI,DEV-09-2,Web,Goa,12,3,0,10.5,18,3477.46,2156.25,9,829,724,0,0,0,359.3,0,
TXN09-03974,9,2026-07-23 12:50:15,2705.0,Software,90016,Card,DEV-09-1,iPhone,Pune,12,3,0,13.3,19,3479.28,2154.0,70,1326,2688,0,0,0,359.3,0,
TXN09-03975,9,2026-07-23 12:56:44,3705.67,Restaurants,90005,UPI,DEV-09-2,Web,Pune,12,3,0,6.48,20,3472.89,2152.31,137,830,2689,0,0,0,0.0,0,
TXN09-03976,9,2026-07-23 13:26:01,1869.43,Restaurants,90124,Card,DEV-09-7,Android,Bangalore,13,3,0,29.28,21,3461.76,2145.94,2,135,464,0,0,0,735.23,0,
TXN09-03977,9,2026-07-23 13:28:07,1348.05,Coffee,90117,Card,DEV-09-3,iPhone,Pune,13,3,0,2.1,22,3457.95,2144.79,3,599,2690,0,0,0,735.23,0,
TXN09-03978,9,2026-07-23 13:28:27,2914.57,Restaurants,90036,UPI,DEV-09-1,iPhone,Pune,13,3,0,0.33,23,3452.93,2144.7,19,1327,2691,0,0,0,0.0,0,
TXN09-03979,9,2026-07-23 13:44:20,2542.0,Restaurants,90036,Card,DEV-09-3,iPhone,Pune,13,3,0,15.88,24,3445.26,2140.85,20,600,2692,0,0,0,0.0,0,
TXN09-03980,9,2026-07-23 14:05:32,3519.66,Restaurants,90126,UPI,DEV-09-2,Web,Pune,14,3,0,21.2,25,3433.87,2133.92,1,831,2693,0,0,1,0.0,0,
TXN09-03981,9,2026-07-23 14:33:41,6126.09,Software,90007,Card,DEV-09-2,Web,Pune,14,3,0,28.15,26,3431.39,2134.45,197,832,2694,0,0,0,0.0,0,
TXN09-03982,9,2026-07-23 15:39:35,3256.02,Cloud Services,90030,Card,DEV-09-1,iPhone,Bangalore,15,3,0,65.9,27,3432.4,2146.67,27,1328,465,0,0,0,735.23,0,
TXN09-03983,9,2026-07-23 16:16:02,7413.87,Restaurants,90009,UPI,DEV-09-1,iPhone,Pune,16,3,0,36.45,28,3433.7,2149.08,80,1329,2695,0,0,0,735.23,0,
TXN09-03984,9,2026-07-23 16:26:39,4359.12,Cloud Services,90003,Card,DEV-09-5,Android,Pune,16,3,0,10.62,29,3443.41,2155.42,127,250,2696,0,0,0,0.0,0,
TXN09-03985,9,2026-07-23 16:32:44,681.34,Coffee,90023,UPI,DEV-09-1,iPhone,Pune,16,3,0,6.08,30,3445.63,2153.27,51,1330,2697,0,0,0,0.0,0,
TXN09-03986,9,2026-07-23 16:49:26,4743.95,Software,90014,UPI,DEV-09-5,Android,Pune,16,3,0,16.7,31,3447.31,2156.77,113,251,2698,0,0,0,0.0,0,
TXN09-03987,9,2026-07-23 16:55:55,2098.98,Restaurants,90127,UPI,DEV-09-7,Android,Goa,16,3,0,6.48,32,3450.46,2155.1,1,136,725,0,0,1,359.3,0,
TXN09-03988,9,2026-07-23 17:28:04,5301.52,Restaurants,90001,UPI,DEV-09-1,iPhone,Bangalore,17,3,0,32.15,33,3442.48,2160.52,371,1331,466,0,0,0,454.99,0,
TXN09-03989,9,2026-07-23 17:32:25,3074.0,Cloud Services,90002,Card,DEV-09-2,Web,Pune,17,3,0,4.35,34,3447.02,2159.83,297,833,2699,0,0,0,735.23,0,
TXN09-03990,9,2026-07-23 17:45:08,373.55,Cloud Services,90054,UPI,DEV-09-6,Web,Pune,17,3,0,12.72,35,3448.88,2159.18,17,154,2700,0,0,0,0.0,0,
TXN09-03991,9,2026-07-23 18:14:20,2280.22,Restaurants,90001,Card,DEV-09-9,iPhone,Pune,18,3,0,29.2,36,3445.96,2162.52,372,44,2701,0,0,0,0.0,0,
TXN09-03992,9,2026-07-23 18:40:37,4062.64,Cloud Services,90010,Card,DEV-09-3,iPhone,Pune,18,3,0,26.28,37,3443.12,2160.65,100,601,2702,0,0,0,0.0,0,
TXN09-03993,9,2026-07-23 18:58:37,2117.28,Software,90006,Card,DEV-09-4,iPhone,Pune,18,3,0,18.0,38,3433.54,2149.13,319,400,2703,0,0,0,0.0,0,
TXN09-03994,9,2026-07-23 19:05:51,1284.43,Cloud Services,90003,Card,DEV-09-3,iPhone,Pune,19,3,0,7.23,39,3430.35,2147.49,128,602,2704,0,0,0,0.0,0,
TXN09-03995,9,2026-07-23 19:13:52,3132.2,Coffee,90020,UPI,DEV-09-4,iPhone,Pune,19,3,0,8.02,40,3425.15,2147.48,99,401,2705,0,0,0,0.0,0,
TXN09-03996,9,2026-07-23 19:17:28,8000.0,Coffee,90032,Card,DEV-09-1,iPhone,Pune,19,3,0,3.6,41,3424.44,2144.94,32,1332,2706,0,0,0,0.0,0,
TXN09-03997,9,2026-07-23 19:23:12,2055.96,Software,90018,UPI,DEV-09-1,iPhone,Pune,19,3,0,5.73,42,3435.47,2154.06,64,1333,2707,0,0,0,0.0,0,
TXN09-03998,9,2026-07-23 20:22:10,1165.89,Restaurants,90031,UPI,DEV-09-1,iPhone,Pune,20,3,0,58.97,43,3424.98,2157.14,22,1334,2708,0,0,0,0.0,0,
TXN09-03999,9,2026-07-23 21:09:31,6712.59,Restaurants,90001,Card,DEV-09-1,iPhone,Pune,21,3,0,47.35,44,3421.28,2164.07,373,1335,2709,0,0,0,0.0,0,
TXN09-04000,9,2026-07-23 21:26:30,1266.14,Software,90007,UPI,DEV-09-3,iPhone,Pune,21,3,0,16.98,45,3438.54,2167.43,198,603,2710,0,0,0,0.0,0,
TXN09-04001,9,2026-07-23 21:50:23,1059.58,Restaurants,90096,UPI,DEV-09-11,iPhone,Pune,21,3,0,23.88,46,3433.23,2167.44,2,21,2711,0,0,0,0.0,0,
TXN09-04002,9,2026-07-23 21:54:15,2085.27,Cloud Services,90002,Card,DEV-09-4,iPhone,Goa,21,3,0,3.87,47,3427.44,2167.96,298,402,726,0,0,0,359.3,0,
TXN09-04003,9,2026-07-23 22:12:26,1675.67,Coffee,90024,Card,DEV-09-9,iPhone,Pune,22,3,0,18.18,48,3424.18,2166.33,40,45,2712,0,0,0,359.3,0,
TXN09-04004,9,2026-07-23 22:15:21,823.76,Restaurants,90005,UPI,DEV-09-1,iPhone,Pune,22,3,0,2.92,49,3419.93,2165.41,138,1336,2713,0,0,0,0.0,0,
TXN09-04005,9,2026-07-23 22:15:38,5330.73,Restaurants,90001,Card,DEV-09-2,Web,Goa,22,3,0,0.28,50,3413.65,2166.55,374,834,727,0,0,0,359.3,0,
TXN09-04006,9,2026-07-23 22:48:08,8000.0,Restaurants,90013,Card,DEV-09-7,Android,Bangalore,22,3,0,32.5,51,3419.37,2168.48,53,137,467,0,0,0,454.99,0,
TXN09-04007,9,2026-07-23 22:55:25,3998.82,Coffee,90073,UPI,DEV-09-2,Web,Pune,22,3,0,7.28,52,3430.43,2177.5,6,835,2714,0,0,0,735.23,0,
TXN09-04008,9,2026-07-23 22:55:35,2008.25,Restaurants,90037,Card,DEV-09-5,Android,Goa,22,3,0,0.17,53,3431.8,2175.05,16,252,728,0,0,0,359.3,0,
TXN09-04009,9,2026-07-23 23:03:41,2724.59,Software,90016,UPI,DEV-09-4,iPhone,Pune,23,3,0,8.1,54,3433.02,2174.11,71,403,2715,0,0,0,359.3,0,
TXN09-04010,9,2026-07-23 23:05:16,8000.0,Coffee,90094,Card,DEV-09-3,iPhone,Bangalore,23,3,0,1.58,55,3431.32,2171.78,4,604,468,0,0,0,735.23,0,
TXN09-04011,9,2026-07-23 23:10:38,3885.16,Coffee,90091,Card,DEV-09-3,iPhone,Pune,23,3,0,5.37,56,3442.27,2180.65,4,605,2716,0,0,0,735.23,0,
TXN09-04012,9,2026-07-23 23:16:40,3769.97,Software,90006,Card,DEV-09-1,iPhone,Goa,23,3,0,6.03,57,3443.33,2178.15,320,1337,729,0,0,0,359.3,0,
TXN09-04013,9,2026-07-23 23:47:49,3151.28,Coffee,90021,Card,DEV-09-6,Web,Bangalore,23,3,0,31.15,58,3437.33,2172.72,71,155,469,0,0,0,454.99,0,
TXN09-04014,9,2026-07-24 08:04:34,2517.16,Restaurants,90001,Card,DEV-09-3,iPhone,Bangalore,8,4,0,496.75,1,3424.15,2168.43,375,606,470,0,0,0,0.0,0,
TXN09-04015,9,2026-07-24 08:31:34,3078.57,Cloud Services,90128,Card,DEV-09-2,Web,Pune,8,4,0,27.0,2,3402.97,2153.88,1,836,2717,0,0,1,735.23,0,
TXN09-04016,9,2026-07-24 08:47:43,8000.0,Software,90018,UPI,DEV-09-1,iPhone,Pune,8,4,0,16.15,3,3410.48,2152.07,65,1338,2718,0,0,0,0.0,0,
TXN09-04017,9,2026-07-24 08:48:12,3362.43,Cloud Services,90075,UPI,DEV-09-1,iPhone,Pune,8,4,0,0.48,4,3421.7,2161.36,6,1339,2719,0,0,0,0.0,0,
TXN09-04018,9,2026-07-24 09:02:37,1800.21,Cloud Services,90002,Card,DEV-09-1,iPhone,Pune,9,4,0,14.42,5,3419.5,2160.96,299,1340,2720,0,0,0,0.0,0,
TXN09-04019,9,2026-07-24 09:07:21,1923.32,Software,90016,Card,DEV-09-7,Android,Pune,9,4,0,4.73,6,3415.55,2159.8,72,138,2721,0,0,0,0.0,0,
TXN09-04020,9,2026-07-24 09:12:40,4575.51,Cloud Services,90002,Card,DEV-09-2,Web,Pune,9,4,0,5.32,7,3411.92,2158.42,300,837,2722,0,0,0,0.0,0,
TXN09-04021,9,2026-07-24 09:13:09,1673.55,Coffee,90004,UPI,DEV-09-1,iPhone,Pune,9,4,0,0.48,8,3414.74,2156.56,302,1341,2723,0,0,0,0.0,0,
TXN09-04022,9,2026-07-24 09:49:36,1850.23,Cloud Services,90002,Card,DEV-09-3,iPhone,Bangalore,9,4,0,36.45,9,3404.24,2157.51,301,607,471,0,0,0,735.23,0,
TXN09-04023,9,2026-07-24 09:51:53,3843.62,Software,90047,UPI,DEV-09-2,Web,Pune,9,4,0,2.28,10,3400.47,2156.24,24,838,2724,0,0,0,735.23,0,
TXN09-04024,9,2026-07-24 10:03:17,8000.0,Coffee,90042,Card,DEV-09-1,iPhone,Pune,10,4,0,11.4,11,3401.54,2153.74,17,1342,2725,0,0,0,0.0,0,
TXN09-04025,9,2026-07-24 10:19:43,8000.0,Coffee,90085,Card,DEV-09-1,iPhone,Pune,10,4,0,16.43,12,3401.54,2153.74,5,1343,2726,0,0,0,0.0,0,
TXN09-04026,9,2026-07-24 10:40:40,3374.72,Cloud Services,90058,UPI,DEV-09-1,iPhone,Pune,10,4,0,20.95,13,3414.35,2165.29,10,1344,2727,0,0,0,0.0,0,
TXN09-04027,9,2026-07-24 11:01:37,7516.89,Software,90006,UPI,DEV-09-5,Android,Pune,11,4,0,20.95,14,3409.41,2169.56,321,253,2728,0,0,0,0.0,0,
TXN09-04028,9,2026-07-24 11:18:10,2128.07,Software,90129,UPI,DEV-09-1,iPhone,Pune,11,4,0,16.55,15,3421.48,2178.57,1,1345,2729,0,0,1,0.0,0,
TXN09-04029,9,2026-07-24 11:24:35,8000.0,Cloud Services,90027,Card,DEV-09-7,Android,Goa,11,4,0,6.42,16,3418.34,2176.85,42,139,730,0,0,0,359.3,0,
TXN09-04030,9,2026-07-24 12:01:53,751.46,Coffee,90004,UPI,DEV-09-1,iPhone,Pune,12,4,0,37.3,17,3432.96,2190.42,303,1346,2730,0,0,0,359.3,0,
TXN09-04031,9,2026-07-24 12:09:38,7433.59,Coffee,90020,Card,DEV-09-2,Web,Pune,12,4,0,7.75,18,3432.08,2195.54,100,839,2731,0,0,0,0.0,0,
TXN09-04032,9,2026-07-24 12:11:08,4151.58,Cloud Services,90003,UPI,DEV-09-3,iPhone,Pune,12,4,0,1.5,19,3441.82,2201.71,129,608,2732,0,0,0,0.0,0,
TXN09-04033,9,2026-07-24 12:24:02,4567.75,Restaurants,90013,UPI,DEV-09-3,iPhone,Pune,12,4,0,12.9,20,3444.58,2204.62,54,609,2733,0,0,0,0.0,0,
TXN09-04034,9,2026-07-24 12:46:44,4185.97,Software,90014,UPI,DEV-09-2,Web,Pune,12,4,0,22.7,21,3444.87,2204.76,114,840,2734,0,0,0,0.0,0,
TXN09-04035,9,2026-07-24 13:50:19,3569.14,Coffee,90004,Card,DEV-09-6,Web,Pune,13,4,0,63.58,22,3436.63,2197.99,304,156,2735,0,0,0,0.0,0,
TXN09-04036,9,2026-07-24 13:55:38,2116.62,Software,90014,UPI,DEV-09-6,Web,Pune,13,4,0,5.32,23,3440.44,2196.87,115,157,2736,0,0,0,0.0,0,
TXN09-04037,9,2026-07-24 13:59:44,8000.0,Restaurants,90005,Card,DEV-09-1,iPhone,Goa,13,4,0,4.1,24,3437.2,2195.16,139,1347,731,0,0,0,359.3,0,
TXN09-04038,9,2026-07-24 14:13:03,7790.6,Cloud Services,90046,Card,DEV-09-3,iPhone,Pune,14,4,0,13.32,25,3454.11,2203.59,14,610,2737,0,0,0,359.3,0,
TXN09-04039,9,2026-07-24 14:23:39,1043.46,Software,90006,UPI,DEV-09-1,iPhone,Goa,14,4,0,10.6,26,3453.6,2202.56,322,1348,732,0,0,0,359.3,0,
TXN09-04040,9,2026-07-24 15:08:03,1184.42,Restaurants,90096,Card,DEV-09-2,Web,Pune,15,4,0,44.4,27,3460.58,2205.81,3,841,2738,0,0,0,359.3,0,
TXN09-04041,9,2026-07-24 15:25:22,1447.65,Software,90050,Card,DEV-09-2,Web,Pune,15,4,0,17.32,28,3460.29,2206.11,14,842,2739,0,0,0,0.0,0,
TXN09-04042,9,2026-07-24 15:40:00,5156.43,Cloud Services,90054,UPI,DEV-09-5,Android,Pune,15,4,0,14.63,29,3453.69,2208.1,18,254,2740,0,0,0,0.0,0,
TXN09-04043,9,2026-07-24 15:51:40,8000.0,Coffee,90019,Card,DEV-09-2,Web,Pune,15,4,0,11.67,30,3457.86,2207.0,143,843,2741,0,0,0,0.0,0,
TXN09-04044,9,2026-07-24 15:55:56,671.78,Restaurants,90005,UPI,DEV-09-3,iPhone,Pune,15,4,0,4.27,31,3468.97,2215.68,140,611,2742,0,0,0,0.0,0,
TXN09-04045,9,2026-07-24 16:01:17,1079.87,Cloud Services,90030,Card,DEV-09-1,iPhone,Pune,16,4,0,5.35,32,3462.15,2217.28,28,1349,2743,0,0,0,0.0,0,
TXN09-04046,9,2026-07-24 16:09:44,4938.2,Coffee,90021,UPI,DEV-09-3,iPhone,Pune,16,4,0,8.45,33,3456.35,2217.69,72,612,2744,0,0,0,0.0,0,
TXN09-04047,9,2026-07-24 16:26:23,1953.71,Restaurants,90083,UPI,DEV-09-7,Android,Bangalore,16,4,0,16.65,34,3457.04,2218.1,5,140,472,0,0,0,735.23,0,
TXN09-04048,9,2026-07-24 16:45:20,1236.09,Cloud Services,90010,Card,DEV-09-9,iPhone,Goa,16,4,0,18.95,35,3451.23,2218.91,101,46,733,0,0,0,454.99,0,
TXN09-04049,9,2026-07-24 17:31:37,1779.6,Software,90048,UPI,DEV-09-1,iPhone,Pune,17,4,0,46.28,36,3438.18,2211.79,24,1350,2745,0,0,0,359.3,0,
TXN09-04050,9,2026-07-24 17:37:02,8000.0,Software,90007,Card,DEV-09-1,iPhone,Pune,17,4,0,5.42,37,3434.15,2210.61,199,1351,2746,0,0,0,0.0,0,
TXN09-04051,9,2026-07-24 18:06:57,14899.22,International Transfer,90001,UPI,DEV-09-1,iPhone,New York,18,4,0,29.92,38,3445.23,2219.32,376,1352,9,0,0,0,12639.18,1,intl_transfer
TXN09-04052,9,2026-07-24 18:08:22,3719.16,Coffee,90020,UPI,DEV-09-1,iPhone,Bangalore,18,4,0,1.42,39,3470.61,2289.28,101,1353,473,0,0,0,13367.98,0,
TXN09-04053,9,2026-07-24 18:12:41,1961.0,Restaurants,90005,Card,DEV-09-2,Web,Bangalore,18,4,0,4.32,40,3471.22,2286.53,141,844,474,0,0,0,0.0,0,
TXN09-04054,9,2026-07-24 18:16:25,3528.22,Software,90006,Card,DEV-09-6,Web,Pune,18,4,0,3.73,41,3467.57,2284.97,323,158,2747,0,0,0,735.23,0,
TXN09-04055,9,2026-07-24 18:29:04,4155.27,Coffee,90130,UPI,DEV-09-4,iPhone,Pune,18,4,0,12.65,42,3456.77,2274.07,1,404,2748,0,0,1,0.0,0,
TXN09-04056,9,2026-07-24 18:50:59,3759.1,Restaurants,90116,Card,DEV-09-9,iPhone,Pune,18,4,0,21.92,43,3447.48,2263.32,3,47,2749,0,0,0,0.0,0,
TXN09-04057,9,2026-07-24 19:01:28,3229.79,Software,90080,Card,DEV-09-3,iPhone,Pune,19,4,0,10.48,44,3451.28,2262.52,7,613,2750,0,0,0,0.0,0,
TXN09-04058,9,2026-07-24 19:02:59,3887.09,Software,90006,UPI,DEV-09-6,Web,Pune,19,4,0,1.52,45,3450.75,2259.82,324,159,2751,0,0,0,0.0,0,
TXN09-04059,9,2026-07-24 19:09:46,2805.51,Software,90006,Card,DEV-09-1,iPhone,Bangalore,19,4,0,6.78,46,3440.84,2248.84,325,1354,475,0,0,0,735.23,0,
TXN09-04060,9,2026-07-24 19:42:26,646.71,Restaurants,90121,UPI,DEV-09-7,Android,Bangalore,19,4,0,32.67,47,3437.91,2248.87,2,141,476,0,0,0,0.0,0,
TXN09-04061,9,2026-07-24 19:42:56,1403.49,Software,90014,Card,DEV-09-7,Android,Goa,19,4,0,0.5,48,3431.2,2250.32,116,142,734,0,0,0,454.99,0,
TXN09-04062,9,2026-07-24 19:44:52,4079.72,Coffee,90039,UPI,DEV-09-6,Web,Goa,19,4,0,1.93,49,3426.34,2249.81,18,160,735,0,0,0,0.0,0,
TXN09-04063,9,2026-07-24 20:02:04,5835.92,Cloud Services,90002,Card,DEV-09-1,iPhone,Pune,20,4,0,17.2,50,3431.96,2251.89,302,1355,2752,0,0,0,359.3,0,
TXN09-04064,9,2026-07-24 20:04:12,958.16,Coffee,90004,Card,DEV-09-8,Web,Pune,20,4,0,2.13,51,3437.73,2252.26,305,77,2753,0,0,0,0.0,0,
TXN09-04065,9,2026-07-24 20:25:48,7226.07,Coffee,90004,UPI,DEV-09-1,iPhone,Pune,20,4,0,21.6,52,3439.4,2254.82,306,1356,2754,0,0,0,0.0,0,
TXN09-04066,9,2026-07-24 20:28:39,1720.97,Coffee,90042,Card,DEV-09-5,Android,Goa,20,4,0,2.85,53,3448.48,2259.72,18,255,736,0,0,0,359.3,0,
TXN09-04067,9,2026-07-24 20:34:28,6888.08,Software,90016,Card,DEV-09-1,iPhone,Pune,20,4,0,5.82,54,3447.09,2260.61,73,1357,2755,0,0,0,359.3,0,
TXN09-04068,9,2026-07-24 20:44:23,3361.82,Restaurants,90001,UPI,DEV-09-5,Android,Pune,20,4,0,9.92,55,3455.32,2264.15,377,256,2756,0,0,0,0.0,0,
TXN09-04069,9,2026-07-24 21:00:43,940.99,Software,90049,UPI,DEV-09-1,iPhone,Bangalore,21,4,0,16.33,56,3459.76,2264.74,21,1358,477,0,0,0,735.23,0,
TXN09-04070,9,2026-07-24 21:06:55,861.63,Software,90047,UPI,DEV-09-15,Web,Pune,21,4,0,6.2,57,3453.74,2265.37,25,11,2757,0,0,0,735.23,0,
TXN09-04071,9,2026-07-24 21:31:05,4446.63,Cloud Services,90043,UPI,DEV-09-6,Web,Pune,21,4,0,24.17,58,3449.46,2268.57,19,161,2758,0,0,0,0.0,0,
TXN09-04072,9,2026-07-24 22:27:39,1261.13,Restaurants,90008,Card,DEV-09-1,iPhone,Pune,22,4,0,56.57,59,3442.6,2269.57,81,1359,2759,0,0,0,0.0,0,
TXN09-04073,9,2026-07-24 22:40:42,1864.91,Restaurants,90008,Card,DEV-09-2,Web,Pune,22,4,0,13.05,60,3443.33,2268.83,82,845,2760,0,0,0,0.0,0,
TXN09-04074,9,2026-07-24 22:45:29,8000.0,Coffee,90033,UPI,DEV-09-1,iPhone,Pune,22,4,0,4.78,61,3439.51,2267.41,27,1360,2761,0,0,0,0.0,0,
TXN09-04075,9,2026-07-24 22:59:11,5596.54,Restaurants,90013,Card,DEV-09-5,Android,Pune,22,4,0,13.7,62,3450.5,2275.69,55,257,2762,0,0,0,0.0,0,
TXN09-04076,9,2026-07-24 23:23:23,3958.43,Restaurants,90098,Card,DEV-09-2,Web,Pune,23,4,0,24.2,63,3455.66,2275.38,4,846,2763,0,0,0,0.0,0,
TXN09-04077,9,2026-07-24 23:37:46,775.53,Coffee,90019,Card,DEV-09-2,Web,Pune,23,4,0,14.38,64,3460.58,2274.25,144,847,2764,0,0,0,0.0,0,
TXN09-04078,9,2026-07-25 07:38:09,5110.62,Software,90001,UPI,DEV-09-1,iPhone,Indore,7,5,1,480.38,1,3448.89,2266.87,378,1361,3,0,0,0,511.24,1,hourly_location_hopping
TXN09-04079,9,2026-07-25 08:18:12,4417.45,Software,90068,Card,DEV-09-2,Web,Pune,8,5,1,40.05,2,3452.88,2265.61,13,848,2765,0,0,0,511.24,0,
TXN09-04080,9,2026-07-25 08:38:09,3354.45,Software,90001,UPI,DEV-09-1,iPhone,Jaipur,8,5,1,19.95,3,3455.19,2263.38,379,1362,4,0,0,0,953.87,1,hourly_location_hopping
TXN09-04081,9,2026-07-25 09:38:09,1223.64,Software,90001,UPI,DEV-09-1,iPhone,Jaipur,9,5,1,60.0,4,3451.07,2261.99,380,1363,5,0,0,0,0.0,1,hourly_location_hopping
TXN09-04082,9,2026-07-25 10:22:26,1189.12,Restaurants,90009,Card,DEV-09-8,Web,Pune,10,5,1,44.28,5,3447.95,2270.46,81,78,2766,0,0,0,953.87,0,
TXN09-04083,9,2026-07-25 10:23:45,1022.19,Coffee,90004,Card,DEV-09-6,Web,Pune,10,5,1,1.32,6,3442.5,2270.43,307,162,2767,0,0,0,0.0,0,
TXN09-04084,9,2026-07-25 10:59:49,1930.16,Coffee,90084,UPI,DEV-09-2,Web,Bangalore,10,5,1,36.07,7,3436.67,2270.79,4,849,478,0,0,0,735.23,0,
TXN09-04085,9,2026-07-25 11:20:57,6171.63,Coffee,90004,UPI,DEV-09-5,Android,Pune,11,5,1,21.13,8,3433.04,2269.26,308,258,2768,0,0,0,735.23,0,
TXN09-04086,9,2026-07-25 11:39:44,6782.2,Software,90018,Card,DEV-09-1,iPhone,Pune,11,5,1,18.78,9,3439.3,2273.21,66,1364,2769,0,0,0,0.0,0,
TXN09-04087,9,2026-07-25 12:30:28,2149.69,Cloud Services,90010,Card,DEV-09-3,iPhone,Pune,12,5,1,50.73,10,3445.68,2279.69,102,614,2770,0,0,0,0.0,0,
TXN09-04088,9,2026-07-25 12:35:27,1254.92,Restaurants,90037,UPI,DEV-09-8,Web,Pune,12,5,1,4.98,11,3442.56,2277.84,17,79,2771,0,0,0,0.0,0,
TXN09-04089,9,2026-07-25 13:33:00,2454.14,Cloud Services,90015,UPI,DEV-09-3,iPhone,Goa,13,5,1,57.55,12,3444.26,2275.94,50,615,737,0,0,0,359.3,0,
TXN09-04090,9,2026-07-25 14:22:32,2564.32,Coffee,90004,Card,DEV-09-1,iPhone,Pune,14,5,1,49.53,13,3441.89,2273.73,309,1365,2772,0,0,0,359.3,0,
TXN09-04091,9,2026-07-25 14:46:06,593.63,Cloud Services,90030,UPI,DEV-09-1,iPhone,Pune,14,5,1,23.57,14,3439.79,2271.41,29,1366,2773,0,0,0,0.0,0,
TXN09-04092,9,2026-07-25 16:02:23,4100.0,Software,90001,UPI,DEV-UNK-4058,Web,Pune,16,5,1,76.28,15,3425.32,2274.68,381,1,2774,1,0,0,0.0,1,new_device_fraud
TXN09-04093,9,2026-07-25 16:07:59,2033.43,Restaurants,90070,UPI,DEV-09-2,Web,Pune,16,5,1,5.6,16,3426.94,2272.19,8,850,2775,0,0,0,0.0,0,
TXN09-04094,9,2026-07-25 16:34:19,1031.45,Coffee,90044,Card,DEV-09-1,iPhone,Pune,16,5,1,26.33,17,3423.61,2270.5,15,1367,2776,0,0,0,0.0,0,
TXN09-04095,9,2026-07-25 16:42:54,5809.34,Restaurants,90001,Card,DEV-09-9,iPhone,Pune,16,5,1,8.58,18,3412.22,2270.53,382,48,2777,0,0,0,0.0,0,
TXN09-04096,9,2026-07-25 17:20:45,3059.25,Cloud Services,90011,Card,DEV-09-4,iPhone,Bangalore,17,5,1,37.85,19,3422.56,2271.59,73,405,479,0,0,0,735.23,0,
TXN09-04097,9,2026-07-25 17:21:14,4222.88,Restaurants,90037,Card,DEV-09-1,iPhone,Pune,17,5,1,0.48,20,3421.69,2268.95,18,1368,2778,0,0,0,735.23,0,
TXN09-04098,9,2026-07-25 17:49:40,3040.57,Software,90007,UPI,DEV-09-2,Web,Bangalore,17,5,1,28.43,21,3422.7,2269.21,200,851,480,0,0,0,735.23,0,
TXN09-04099,9,2026-07-25 18:01:56,1843.26,Cloud Services,90010,UPI,DEV-09-1,iPhone,Pune,18,5,1,12.27,22,3421.79,2266.58,103,1369,2779,0,0,0,735.23,0,
TXN09-04100,9,2026-07-25 18:28:35,659.61,Cloud Services,90038,UPI,DEV-09-4,iPhone,Pune,18,5,1,26.65,23,3422.87,2269.49,21,406,2780,0,0,0,0.0,0,
TXN09-04101,9,2026-07-25 18:45:36,8000.0,Software,90106,UPI,DEV-09-8,Web,Pune,18,5,1,17.02,24,3416.29,2270.78,4,80,2781,0,0,0,0.0,0,
TXN09-04102,9,2026-07-25 19:25:27,5465.41,Software,90078,UPI,DEV-09-1,iPhone,Pune,19,5,1,39.85,25,3412.56,2274.59,11,1370,2782,0,0,0,0.0,0,
TXN09-04103,9,2026-07-25 19:25:41,1952.18,Restaurants,90028,Card,DEV-09-1,iPhone,Pune,19,5,1,0.23,26,3417.46,2274.09,21,1371,2783,0,0,0,0.0,0,
TXN09-04104,9,2026-07-25 19:34:44,3110.71,Software,90006,UPI,DEV-09-3,iPhone,Goa,19,5,1,9.05,27,3413.98,2272.5,326,616,738,0,0,0,359.3,0,
TXN09-04105,9,2026-07-25 20:15:30,860.71,Coffee,90020,UPI,DEV-09-3,iPhone,Bangalore,20,5,1,40.77,28,3423.64,2276.05,102,617,481,0,0,0,454.99,0,
TXN09-04106,9,2026-07-25 20:31:17,2518.9,Restaurants,90012,Card,DEV-09-1,iPhone,Pune,20,5,1,15.78,29,3422.04,2277.62,67,1372,2784,0,0,0,735.23,0,
TXN09-04107,9,2026-07-25 21:52:16,2225.77,Software,90006,UPI,DEV-09-1,iPhone,Pune,21,5,1,80.98,30,3414.28,2276.41,327,1373,2785,0,0,0,0.0,0,
TXN09-04108,9,2026-07-25 22:08:47,2264.79,Cloud Services,90010,UPI,DEV-09-5,Android,Pune,22,5,1,16.52,31,3411.43,2274.42,104,259,2786,0,0,0,0.0,0,
TXN09-04109,9,2026-07-25 22:44:03,2993.13,Software,90006,UPI,DEV-09-3,iPhone,Pune,22,5,1,35.27,32,3401.19,2275.18,328,618,2787,0,0,0,0.0,0,
TXN09-04110,9,2026-07-25 22:47:37,1005.66,Coffee,90021,Card,DEV-09-5,Android,Pune,22,5,1,3.57,33,3400.21,2272.53,73,260,2788,0,0,0,0.0,0,
TXN09-04111,9,2026-07-25 22:54:39,3339.62,Software,90131,UPI,DEV-09-2,Web,Pune,22,5,1,7.03,34,3394.46,2272.82,1,852,2789,0,0,1,0.0,0,
TXN09-04112,9,2026-07-25 23:07:08,3708.53,Cloud Services,90002,Card,DEV-09-5,Android,Pune,23,5,1,12.48,35,3394.64,2272.81,303,261,2790,0,0,0,0.0,0,
TXN09-04113,9,2026-07-25 23:16:55,5531.2,Software,90029,Card,DEV-09-1,iPhone,Bangalore,23,5,1,9.78,36,3395.39,2270.14,39,1374,482,0,0,0,735.23,0,
TXN09-04114,9,2026-07-26 08:01:06,2012.14,Cloud Services,90015,Card,DEV-09-1,iPhone,Pune,8,6,1,524.18,1,3389.7,2238.24,51,1375,2791,0,0,0,735.23,0,
TXN09-04115,9,2026-07-26 08:06:54,3099.64,Coffee,90073,Card,DEV-09-7,Android,Goa,8,6,1,5.8,2,3386.39,2236.57,7,143,739,0,0,0,359.3,0,
TXN09-04116,9,2026-07-26 08:11:54,3353.18,Software,90109,Card,DEV-09-1,iPhone,Pune,8,6,1,5.0,3,3384.89,2236.55,2,1376,2792,0,0,0,359.3,0,
TXN09-04117,9,2026-07-26 08:12:12,5336.42,Coffee,90032,UPI,DEV-09-5,Android,Pune,8,6,1,0.3,4,3384.82,2233.87,33,262,2793,0,0,0,0.0,0,
TXN09-04118,9,2026-07-26 08:17:52,492.54,Coffee,90020,Card,DEV-09-6,Web,Pune,8,6,1,5.67,5,3389.49,2233.23,103,163,2794,0,0,0,0.0,0,
TXN09-04119,9,2026-07-26 08:22:52,3258.43,Cloud Services,90010,UPI,DEV-09-3,iPhone,Bangalore,8,6,1,5.0,6,3382.57,2235.04,105,619,483,0,0,0,735.23,0,
TXN09-04120,9,2026-07-26 08:28:42,5160.57,Software,90078,Card,DEV-09-9,iPhone,Indore,8,6,1,5.83,7,3382.28,2232.39,12,49,4,0,0,0,1099.36,0,
TXN09-04121,9,2026-07-26 08:42:13,6915.54,Restaurants,90001,UPI,DEV-09-1,iPhone,Goa,8,6,1,13.52,8,3383.5,2233.22,383,1377,740,0,0,0,844.95,0,
TXN09-04122,9,2026-07-26 08:53:10,5302.42,Software,90006,Card,DEV-09-2,Web,Goa,8,6,1,10.95,9,3391.89,2237.18,329,853,741,0,0,0,0.0,0,
TXN09-04123,9,2026-07-26 08:56:20,5873.3,Cloud Services,90038,Card,DEV-09-8,Web,Pune,8,6,1,3.17,10,3396.42,2236.46,22,81,2795,0,0,0,359.3,0,
TXN09-04124,9,2026-07-26 09:41:24,4982.15,Software,90014,UPI,DEV-09-3,iPhone,Goa,9,6,1,45.07,11,3404.25,2239.33,117,620,742,0,0,0,359.3,0,
TXN09-04125,9,2026-07-26 09:49:19,883.46,Cloud Services,90002,UPI,DEV-09-1,iPhone,Pune,9,6,1,7.92,12,3407.98,2237.99,304,1378,2796,0,0,0,359.3,0,
TXN09-04126,9,2026-07-26 10:02:10,4729.55,Software,90006,Card,DEV-09-5,Android,Pune,10,6,1,12.85,13,3407.67,2238.34,330,263,2797,0,0,0,0.0,0,
TXN09-04127,9,2026-07-26 10:02:57,5852.81,Software,90006,Card,DEV-09-2,Web,Pune,10,6,1,0.78,14,3410.78,2236.62,331,854,2798,0,0,0,0.0,0,
TXN09-04128,9,2026-07-26 10:04:12,3174.58,Cloud Services,90015,Card,DEV-09-4,iPhone,Pune,10,6,1,1.25,15,3416.53,2237.11,52,407,2799,0,0,0,0.0,0,
TXN09-04129,9,2026-07-26 10:06:15,3891.41,Coffee,90004,Card,DEV-09-32,Android,Pune,10,6,1,2.05,16,3415.96,2234.52,310,1,2800,1,0,0,0.0,0,
TXN09-04130,9,2026-07-26 10:24:15,2083.09,Software,90103,UPI,DEV-09-10,iPhone,Goa,10,6,1,18.0,17,3417.08,2232.02,3,32,743,0,0,0,359.3,0,
TXN09-04131,9,2026-07-26 10:25:00,2359.06,Software,90120,Card,DEV-09-4,iPhone,Pune,10,6,1,0.75,18,3413.96,2230.34,2,408,2801,0,0,0,359.3,0,
TXN09-04132,9,2026-07-26 10:46:48,1570.71,Software,90106,Card,DEV-09-3,iPhone,Pune,10,6,1,21.8,19,3411.5,2228.32,5,621,2802,0,0,0,0.0,0,
TXN09-04133,9,2026-07-26 11:07:33,1700.55,Cloud Services,90015,UPI,DEV-09-2,Web,Goa,11,6,1,20.75,20,3418.83,2229.35,53,855,744,0,0,0,359.3,0,
TXN09-04134,9,2026-07-26 11:18:52,8000.0,Software,90132,UPI,DEV-09-2,Web,Pune,11,6,1,11.32,21,3414.82,2228.28,1,856,2803,0,0,1,359.3,0,
TXN09-04135,9,2026-07-26 11:40:12,3761.96,Restaurants,90069,UPI,DEV-09-1,iPhone,Goa,11,6,1,21.33,22,3425.51,2236.64,8,1379,745,0,0,0,359.3,0,
TXN09-04136,9,2026-07-26 11:41:28,6766.09,Coffee,90021,UPI,DEV-09-6,Web,Pune,11,6,1,1.27,23,3426.29,2234.1,74,164,2804,0,0,0,359.3,0,
TXN09-04137,9,2026-07-26 11:42:38,4174.37,Software,90006,Card,DEV-09-6,Web,Pune,11,6,1,1.17,24,3434.04,2237.28,332,165,2805,0,0,0,0.0,0,
TXN09-04138,9,2026-07-26 12:00:31,1292.54,Coffee,90004,Card,DEV-09-4,iPhone,Goa,12,6,1,17.88,25,3435.88,2239.78,311,409,746,0,0,0,359.3,0,
TXN09-04139,9,2026-07-26 12:05:15,5652.6,Software,90078,Card,DEV-09-2,Web,Bangalore,12,6,1,4.73,26,3430.91,2239.56,13,857,484,0,0,0,454.99,0,
TXN09-04140,9,2026-07-26 12:16:23,5882.01,Cloud Services,90038,Card,DEV-09-1,iPhone,Pune,12,6,1,11.13,27,3441.04,2239.7,23,1380,2806,0,0,0,735.23,0,
TXN09-04141,9,2026-07-26 12:23:44,2118.48,Software,90099,Card,DEV-09-4,iPhone,Goa,12,6,1,7.35,28,3446.69,2240.18,6,410,747,0,0,0,359.3,0,
TXN09-04142,9,2026-07-26 12:29:34,2144.85,Coffee,90025,UPI,DEV-09-1,iPhone,Goa,12,6,1,5.83,29,3439.91,2239.76,24,1381,748,0,0,0,0.0,0,
TXN09-04143,9,2026-07-26 12:48:03,2226.49,Restaurants,90096,UPI,DEV-09-19,iPhone,Goa,12,6,1,18.48,30,3436.92,2238.04,4,3,749,0,0,0,0.0,0,
TXN09-04144,9,2026-07-26 12:53:32,1562.11,Cloud Services,90002,Card,DEV-09-1,iPhone,Bangalore,12,6,1,5.48,31,3434.13,2236.21,305,1382,485,0,0,0,454.99,0,
TXN09-04145,9,2026-07-26 12:57:58,2072.03,Software,90006,Card,DEV-09-11,iPhone,Pune,12,6,1,4.43,32,3432.16,2238.75,333,22,2807,0,0,0,735.23,0,
TXN09-04146,9,2026-07-26 13:05:23,3017.08,Software,90006,Card,DEV-09-1,iPhone,Pune,13,6,1,7.42,33,3436.38,2234.46,334,1383,2808,0,0,0,0.0,0,
TXN09-04147,9,2026-07-26 13:08:13,2605.88,Restaurants,90001,Card,DEV-09-3,iPhone,Pune,13,6,1,2.83,34,3436.75,2234.38,384,622,2809,0,0,0,0.0,0,
TXN09-04148,9,2026-07-26 13:18:36,6003.66,Software,90040,Card,DEV-09-2,Web,Pune,13,6,1,10.38,35,3434.83,2232.16,27,858,2810,0,0,0,0.0,0,
TXN09-04149,9,2026-07-26 13:34:03,5905.62,Cloud Services,90003,Card,DEV-09-3,iPhone,Pune,13,6,1,15.45,36,3430.23,2224.79,130,623,2811,0,0,0,0.0,0,
TXN09-04150,9,2026-07-26 13:37:38,2277.15,Cloud Services,90002,Card,DEV-09-1,iPhone,Pune,13,6,1,3.58,37,3435.92,2225.39,306,1384,2812,0,0,0,0.0,0,
TXN09-04151,9,2026-07-26 13:45:36,5155.13,Coffee,90004,Card,DEV-09-10,iPhone,Bangalore,13,6,1,7.97,38,3435.96,2225.37,312,33,486,0,0,0,735.23,0,
TXN09-04152,9,2026-07-26 13:55:53,539.91,Restaurants,90008,Card,DEV-09-1,iPhone,Pune,13,6,1,10.28,39,3439.91,2224.34,83,1385,2813,0,0,0,735.23,0,
TXN09-04153,9,2026-07-26 13:57:44,1733.25,Coffee,90020,Card,DEV-09-3,iPhone,Pune,13,6,1,1.85,40,3433.27,2226.11,104,624,2814,0,0,0,0.0,0,
TXN09-04154,9,2026-07-26 13:59:34,984.85,Restaurants,90001,UPI,DEV-09-2,Web,Pune,13,6,1,1.83,41,3429.39,2225.04,385,859,2815,0,0,0,0.0,0,
TXN09-04155,9,2026-07-26 14:02:37,1530.19,Cloud Services,90058,UPI,DEV-09-1,iPhone,Pune,14,6,1,3.05,42,3423.82,2225.56,11,1386,2816,0,0,0,0.0,0,
TXN09-04156,9,2026-07-26 14:07:53,3966.47,Software,90006,UPI,DEV-09-2,Web,Goa,14,6,1,5.27,43,3419.52,2224.86,335,860,750,0,0,0,359.3,0,
TXN09-04157,9,2026-07-26 14:10:12,4196.15,Coffee,90024,UPI,DEV-09-2,Web,Pune,14,6,1,2.32,44,3420.76,2222.49,41,861,2817,0,0,0,359.3,0,
TXN09-04158,9,2026-07-26 14:23:56,7676.12,Coffee,90004,Card,DEV-09-1,iPhone,Pune,14,6,1,13.73,45,3422.51,2220.28,313,1387,2818,0,0,0,0.0,0,
TXN09-04159,9,2026-07-26 14:52:58,4572.81,Restaurants,90037,Card,DEV-09-3,iPhone,Pune,14,6,1,29.03,46,3421.05,2221.28,19,625,2819,0,0,0,0.0,0,
TXN09-04160,9,2026-07-26 15:33:54,4629.91,Restaurants,90096,Card,DEV-09-1,iPhone,Bangalore,15,6,1,40.93,47,3423.55,2221.96,5,1388,487,0,0,0,735.23,0,
TXN09-04161,9,2026-07-26 15:55:14,1361.37,Restaurants,90001,Card,DEV-09-4,iPhone,Pune,15,6,1,21.33,48,3425.8,2222.67,386,411,2820,0,0,0,735.23,0,
TXN09-04162,9,2026-07-26 16:00:30,3090.0,Restaurants,90005,UPI,DEV-09-6,Web,Pune,16,6,1,5.27,49,3421.13,2222.32,142,166,2821,0,0,0,0.0,0,
TXN09-04163,9,2026-07-26 16:15:56,3185.11,Coffee,90133,UPI,DEV-09-1,iPhone,Pune,16,6,1,15.43,50,3420.38,2219.87,1,1389,2822,0,0,1,0.0,0,
TXN09-04164,9,2026-07-26 16:16:56,3960.06,Cloud Services,90003,UPI,DEV-09-3,iPhone,Pune,16,6,1,1.0,51,3419.85,2217.4,131,626,2823,0,0,0,0.0,0,
TXN09-04165,9,2026-07-26 16:35:10,4766.62,Coffee,90020,UPI,DEV-09-2,Web,Pune,16,6,1,18.23,52,3425.23,2215.8,105,862,2824,0,0,0,0.0,0,
TXN09-04166,9,2026-07-26 16:45:16,1048.21,Restaurants,90005,UPI,DEV-09-2,Web,Pune,16,6,1,10.1,53,3428.24,2214.22,143,863,2825,0,0,0,0.0,0,
TXN09-04167,9,2026-07-26 16:51:20,3133.87,Software,90078,UPI,DEV-09-3,iPhone,Pune,16,6,1,6.07,54,3422.91,2214.6,14,627,2826,0,0,0,0.0,0,
TXN09-04168,9,2026-07-26 17:06:44,2900.9,Software,90014,UPI,DEV-09-16,Android,Pune,17,6,1,15.4,55,3420.42,2214.3,118,5,2827,0,0,0,0.0,0,
TXN09-04169,9,2026-07-26 17:22:02,1162.97,Cloud Services,90002,Card,DEV-09-4,iPhone,Pune,17,6,1,15.3,56,3419.11,2214.44,307,412,2828,0,0,0,0.0,0,
TXN09-04170,9,2026-07-26 17:54:50,1530.72,Software,90040,Card,DEV-09-2,Web,Pune,17,6,1,32.8,57,3417.75,2218.55,28,864,2829,0,0,0,0.0,0,
TXN09-04171,9,2026-07-26 18:21:48,7780.36,Cloud Services,90011,UPI,DEV-09-3,iPhone,Indore,18,6,1,26.97,58,3426.61,2218.05,74,628,5,0,0,0,511.24,0,
TXN09-04172,9,2026-07-26 18:38:51,2040.45,Restaurants,90001,UPI,DEV-09-5,Android,Pune,18,6,1,17.05,59,3436.43,2227.65,387,264,2830,0,0,0,511.24,0,
TXN09-04173,9,2026-07-26 18:49:01,7055.64,Restaurants,90061,UPI,DEV-09-7,Android,Pune,18,6,1,10.17,60,3433.28,2226.13,14,144,2831,0,0,0,0.0,0,
TXN09-04174,9,2026-07-26 19:00:39,6099.09,Software,90047,UPI,DEV-09-2,Web,Pune,19,6,1,11.63,61,3441.42,2230.23,26,865,2832,0,0,0,0.0,0,
TXN09-04175,9,2026-07-26 19:18:26,2882.86,Coffee,90084,Card,DEV-09-6,Web,Pune,19,6,1,17.78,62,3455.64,2232.21,5,167,2833,0,0,0,0.0,0,
TXN09-04176,9,2026-07-26 19:36:18,3779.88,Coffee,90004,UPI,DEV-09-6,Web,Pune,19,6,1,17.87,63,3454.35,2229.86,314,168,2834,0,0,0,0.0,0,
TXN09-04177,9,2026-07-26 19:42:11,777.55,Coffee,90004,UPI,DEV-09-1,iPhone,Pune,19,6,1,5.88,64,3455.08,2227.42,315,1390,2835,0,0,0,0.0,0,
TXN09-04178,9,2026-07-26 19:54:52,2046.29,Software,90006,UPI,DEV-09-2,Web,Pune,19,6,1,12.68,65,3449.09,2228.52,336,866,2836,0,0,0,0.0,0,
TXN09-04179,9,2026-07-26 20:01:46,2374.69,Cloud Services,90002,UPI,DEV-09-1,iPhone,Pune,20,6,1,6.9,66,3445.96,2227.01,308,1391,2837,0,0,0,0.0,0,
TXN09-04180,9,2026-07-26 20:19:14,1249.72,Cloud Services,90075,Card,DEV-09-8,Web,Goa,20,6,1,17.47,67,3442.06,2223.54,7,82,751,0,0,0,359.3,0,
TXN09-04181,9,2026-07-26 20:37:07,4438.47,Cloud Services,90054,Card,DEV-09-2,Web,Goa,20,6,1,17.88,68,3431.82,2223.07,19,867,752,0,0,0,0.0,0,
TXN09-04182,9,2026-07-26 20:39:09,1188.89,Restaurants,90116,UPI,DEV-09-4,iPhone,Bangalore,20,6,1,2.03,69,3434.07,2221.1,4,413,488,0,0,0,454.99,0,
TXN09-04183,9,2026-07-26 20:42:17,1663.82,Software,90014,Card,DEV-09-3,iPhone,Bangalore,20,6,1,3.13,70,3429.07,2221.14,119,629,489,0,0,0,0.0,0,
TXN09-04184,9,2026-07-26 20:45:41,1862.41,Cloud Services,90011,UPI,DEV-09-1,iPhone,Pune,20,6,1,3.4,71,3425.14,2220.23,75,1392,2838,0,0,0,735.23,0,
TXN09-04185,9,2026-07-26 21:55:34,1353.5,Cloud Services,90003,UPI,DEV-09-2,Web,Pune,21,6,1,69.88,72,3429.93,2227.53,132,868,2839,0,0,0,0.0,0,
TXN09-04186,9,2026-07-26 21:56:09,7076.55,Restaurants,90001,UPI,DEV-09-1,iPhone,Goa,21,6,1,0.58,73,3425.26,2227.19,388,1393,753,0,0,0,359.3,0,
TXN09-04187,9,2026-07-26 22:06:09,547.7,Coffee,90019,Card,DEV-09-2,Web,Pune,22,6,1,10.0,74,3433.56,2233.91,145,869,2840,0,0,0,359.3,0,
TXN09-04188,9,2026-07-26 22:06:49,2267.24,Software,90016,UPI,DEV-09-5,Android,Goa,22,6,1,0.67,75,3427.07,2235.58,74,265,754,0,0,0,359.3,0,
TXN09-04189,9,2026-07-26 22:09:55,614.28,Coffee,90074,UPI,DEV-09-4,iPhone,Goa,22,6,1,3.1,76,3424.47,2233.74,9,414,755,0,0,0,0.0,0,
TXN09-04190,9,2026-07-26 22:20:10,1204.5,Coffee,90019,UPI,DEV-09-1,iPhone,Pune,22,6,1,10.25,77,3424.21,2238.39,146,1394,2841,0,0,0,359.3,0,
TXN09-04191,9,2026-07-26 22:38:01,5008.03,Cloud Services,90002,Card,DEV-09-1,iPhone,Goa,22,6,1,17.85,78,3419.24,2238.34,309,1395,756,0,0,0,359.3,0,
TXN09-04192,9,2026-07-26 22:42:45,3627.68,Restaurants,90063,Card,DEV-09-1,iPhone,Pune,22,6,1,4.73,79,3428.71,2236.1,14,1396,2842,0,0,0,359.3,0,
TXN09-04193,9,2026-07-26 22:46:11,2875.17,Software,90050,UPI,DEV-09-7,Android,Pune,22,6,1,3.43,80,3429.16,2233.62,15,145,2843,0,0,0,0.0,0,
TXN09-04194,9,2026-07-26 22:47:01,4275.55,Cloud Services,90038,UPI,DEV-09-1,iPhone,Goa,22,6,1,0.83,81,3427.92,2231.28,24,1397,757,0,0,0,359.3,0,
TXN09-04195,9,2026-07-26 23:05:28,3082.3,Coffee,90004,UPI,DEV-09-1,iPhone,Pune,23,6,1,18.45,82,3429.81,2229.15,316,1398,2844,0,0,0,359.3,0,
TXN09-04196,9,2026-07-26 23:14:11,4080.7,Coffee,90032,Card,DEV-09-4,iPhone,Pune,23,6,1,8.72,83,3429.03,2226.73,34,415,2845,0,0,0,0.0,0,
TXN09-04197,9,2026-07-26 23:25:42,5204.08,Cloud Services,90056,UPI,DEV-09-2,Web,Bangalore,23,6,1,11.52,84,3420.32,2216.48,8,870,490,0,0,0,735.23,0,
TXN09-04198,9,2026-07-26 23:27:35,3223.22,Restaurants,90031,UPI,DEV-09-9,iPhone,Pune,23,6,1,1.88,85,3424.28,2215.61,23,50,2846,0,0,0,735.23,0,
TXN09-04199,9,2026-07-26 23:29:18,373.46,Software,90078,UPI,DEV-09-9,iPhone,Pune,23,6,1,1.72,86,3423.84,2213.18,15,51,2847,0,0,0,0.0,0,
TXN09-04200,9,2026-07-26 23:43:44,743.53,Software,90016,Card,DEV-09-1,iPhone,Pune,23,6,1,14.43,87,3417.1,2215.36,75,1399,2848,0,0,0,0.0,0,
TXN09-04201,9,2026-07-26 23:48:39,2345.24,Software,90048,UPI,DEV-09-4,iPhone,Pune,23,6,1,4.92,88,3414.03,2218.1,25,416,2849,0,0,0,0.0,0,
TXN09-04202,9,2026-07-27 08:21:35,2577.43,Software,90006,UPI,DEV-09-1,iPhone,Pune,8,0,0,512.93,1,3417.38,2219.99,337,1400,2850,0,0,0,0.0,0,
TXN09-04203,9,2026-07-27 08:22:04,2249.06,Cloud Services,90015,Card,DEV-09-8,Web,Bangalore,8,0,0,0.48,2,3415.52,2217.88,54,83,491,0,0,0,735.23,0,
TXN09-04204,9,2026-07-27 08:27:55,2072.55,Coffee,90020,UPI,DEV-09-2,Web,Pune,8,0,0,5.85,3,3415.67,2217.8,106,871,2851,0,0,0,735.23,0,
TXN09-04205,9,2026-07-27 08:44:46,2494.85,Restaurants,90031,Card,DEV-09-2,Web,Bangalore,8,0,0,16.85,4,3420.73,2216.85,24,872,492,0,0,0,735.23,0,
TXN09-04206,9,2026-07-27 08:44:53,6803.91,Restaurants,90001,UPI,DEV-09-3,iPhone,Goa,8,0,0,0.12,5,3418.68,2214.83,389,630,758,0,0,0,454.99,0,
TXN09-04207,9,2026-07-27 08:59:41,2179.31,Restaurants,90005,UPI,DEV-09-1,iPhone,Pune,8,0,0,14.8,6,3426.15,2218.08,144,1401,2852,0,0,0,359.3,0,
TXN09-04208,9,2026-07-27 09:23:47,2444.63,Coffee,90023,Card,DEV-09-3,iPhone,Pune,9,0,0,24.1,7,3427.04,2220.4,52,631,2853,0,0,0,0.0,0,
TXN09-04209,9,2026-07-27 09:24:23,3959.2,Cloud Services,90003,UPI,DEV-09-10,iPhone,Pune,9,0,0,0.6,8,3424.87,2218.42,133,34,2854,0,0,0,0.0,0,
TXN09-04210,9,2026-07-27 10:15:18,6367.03,Restaurants,90001,Card,DEV-09-1,iPhone,Pune,10,0,0,50.92,9,3427.9,2213.95,390,1402,2855,0,0,0,0.0,0,
TXN09-04211,9,2026-07-27 10:25:31,3311.79,Restaurants,90031,Card,DEV-09-1,iPhone,Pune,10,0,0,10.22,10,3434.44,2215.82,25,1403,2856,0,0,0,0.0,0,
TXN09-04212,9,2026-07-27 10:32:02,1302.12,Software,90014,Card,DEV-09-4,iPhone,Goa,10,0,0,6.52,11,3434.17,2213.36,120,417,759,0,0,0,359.3,0,
TXN09-04213,9,2026-07-27 10:35:35,8000.0,Restaurants,90005,Card,DEV-09-8,Web,Pune,10,0,0,3.55,12,3429.44,2213.18,145,84,2857,0,0,0,359.3,0,
TXN09-04214,9,2026-07-27 11:16:40,3195.08,Coffee,90021,Card,DEV-09-1,iPhone,Pune,11,0,0,41.08,13,3437.66,2225.88,75,1404,2858,0,0,0,0.0,0,
TXN09-04215,9,2026-07-27 11:59:56,3539.51,Restaurants,90009,Card,DEV-09-5,Android,Pune,11,0,0,43.27,14,3435.49,2228.22,82,266,2859,0,0,0,0.0,0,
TXN09-04216,9,2026-07-27 12:08:02,2099.94,Software,90006,Card,DEV-09-3,iPhone,Pune,12,0,0,8.1,15,3435.72,2225.75,338,632,2860,0,0,0,0.0,0,
TXN09-04217,9,2026-07-27 12:21:12,3397.15,Cloud Services,90010,UPI,DEV-09-2,Web,Pune,12,0,0,13.17,16,3435.59,2225.83,106,873,2861,0,0,0,0.0,0,
TXN09-04218,9,2026-07-27 12:30:01,8000.0,Restaurants,90092,UPI,DEV-09-6,Web,Pune,12,0,0,8.82,17,3435.5,2223.36,6,169,2862,0,0,0,0.0,0,
TXN09-04219,9,2026-07-27 13:08:58,3128.26,Restaurants,90005,UPI,DEV-09-4,iPhone,Pune,13,0,0,38.95,18,3440.6,2225.33,146,418,2863,0,0,0,0.0,0,
TXN09-04220,9,2026-07-27 13:27:40,3900.21,Software,90048,UPI,DEV-09-7,Android,Ahmedabad,13,0,0,18.7,19,3445.06,2222.69,26,146,8,0,0,0,518.13,0,
TXN09-04221,9,2026-07-27 13:40:57,4682.47,Restaurants,90001,UPI,DEV-09-1,iPhone,Goa,13,0,0,13.28,20,3446.07,2220.32,391,1405,760,0,0,0,874.1,0,
TXN09-04222,9,2026-07-27 13:58:30,7534.36,Cloud Services,90015,UPI,DEV-09-7,Android,Pune,13,0,0,17.55,21,3452.67,2219.57,55,147,2864,0,0,0,359.3,0,
TXN09-04223,9,2026-07-27 14:05:45,1190.69,Coffee,90019,UPI,DEV-09-11,iPhone,Pune,14,0,0,7.25,22,3465.93,2229.45,147,23,2865,0,0,0,0.0,0,
TXN09-04224,9,2026-07-27 14:11:20,2889.05,Restaurants,90001,Card,DEV-09-1,iPhone,Pune,14,0,0,5.58,23,3460.87,2229.55,392,1406,2866,0,0,0,0.0,0,
TXN09-04225,9,2026-07-27 14:13:03,887.16,Coffee,90019,UPI,DEV-09-1,iPhone,Goa,14,0,0,1.72,24,3459.6,2227.24,148,1407,761,0,0,0,359.3,0,
TXN09-04226,9,2026-07-27 14:44:22,3538.76,Cloud Services,90002,Card,DEV-09-6,Web,Pune,14,0,0,31.32,25,3450.13,2227.94,310,170,2867,0,0,0,359.3,0,
TXN09-04227,9,2026-07-27 15:05:37,5094.9,Restaurants,90009,Card,DEV-09-2,Web,Pune,15,0,0,21.25,26,3444.61,2224.65,83,874,2868,0,0,0,0.0,0,
TXN09-04228,9,2026-07-27 16:06:25,2615.11,Restaurants,90051,Card,DEV-09-2,Web,Pune,16,0,0,60.8,27,3438.13,2215.58,9,875,2869,0,0,0,0.0,0,
TXN09-04229,9,2026-07-27 16:11:59,7388.49,Software,90007,Card,DEV-09-4,iPhone,Pune,16,0,0,5.57,28,3436.3,2213.45,201,419,2870,0,0,0,0.0,0,
TXN09-04230,9,2026-07-27 16:33:32,4421.49,Cloud Services,90043,Card,DEV-09-3,iPhone,Pune,16,0,0,21.55,29,3449.37,2219.41,20,633,2871,0,0,0,0.0,0,
TXN09-04231,9,2026-07-27 16:33:34,2308.3,Coffee,90004,UPI,DEV-09-2,Web,Bangalore,16,0,0,0.03,30,3451.53,2217.41,317,876,493,0,0,0,735.23,0,
TXN09-04232,9,2026-07-27 17:04:47,2769.18,Coffee,90004,UPI,DEV-09-1,iPhone,Pune,17,0,0,31.22,31,3438.88,2207.65,318,1408,2872,0,0,0,735.23,0,
TXN09-04233,9,2026-07-27 17:16:51,4836.04,Software,90047,Card,DEV-09-17,Web,Pune,17,0,0,12.07,32,3437.4,2205.42,27,5,2873,0,0,0,0.0,0,
TXN09-04234,9,2026-07-27 17:18:47,2359.31,Restaurants,90026,UPI,DEV-09-6,Web,Pune,17,0,0,1.93,33,3440.49,2203.96,36,171,2874,0,0,0,0.0,0,
TXN09-04235,9,2026-07-27 17:28:24,2389.1,Coffee,90134,Card,DEV-09-3,iPhone,Pune,17,0,0,9.62,34,3438.1,2202.11,1,634,2875,0,0,1,0.0,0,
TXN09-04236,9,2026-07-27 17:34:08,1789.71,Software,90014,Card,DEV-09-2,Web,Pune,17,0,0,5.73,35,3435.2,2202.62,121,877,2876,0,0,0,0.0,0,
TXN09-04237,9,2026-07-27 17:41:47,4326.35,Cloud Services,90003,Card,DEV-09-2,Web,Goa,17,0,0,7.65,36,3431.57,2201.55,134,878,762,0,0,0,359.3,0,
TXN09-04238,9,2026-07-27 17:55:27,1747.43,Cloud Services,90003,Card,DEV-09-3,iPhone,Goa,17,0,0,13.67,37,3435.53,2201.54,135,635,763,0,0,0,0.0,0,
TXN09-04239,9,2026-07-27 17:57:42,3596.08,Software,90018,Card,DEV-09-2,Web,Bangalore,17,0,0,2.25,38,3431.82,2200.54,67,879,494,0,0,0,454.99,0,
TXN09-04240,9,2026-07-27 18:01:49,8000.0,Restaurants,90127,Card,DEV-09-3,iPhone,Pune,18,0,0,4.12,39,3434.63,2202.52,2,636,2877,0,0,0,735.23,0,
TXN09-04241,9,2026-07-27 18:02:17,3631.55,Restaurants,90135,UPI,DEV-09-1,iPhone,Pune,18,0,0,0.47,40,3440.52,2211.13,1,1409,2878,0,0,1,0.0,0,
TXN09-04242,9,2026-07-27 18:07:40,1027.7,Restaurants,90135,Card,DEV-09-5,Android,Bangalore,18,0,0,5.38,41,3440.94,2208.72,2,267,495,0,0,0,735.23,0,
TXN09-04243,9,2026-07-27 18:22:26,2989.15,Restaurants,90136,Card,DEV-09-33,Web,Pune,18,0,0,14.77,42,3435.65,2209.18,1,1,2879,1,0,1,735.23,0,
TXN09-04244,9,2026-07-27 18:37:57,1674.63,Software,90007,Card,DEV-09-1,iPhone,Goa,18,0,0,15.52,43,3441.2,2204.87,202,1410,764,0,0,0,359.3,0,
TXN09-04245,9,2026-07-27 18:38:56,8000.0,Coffee,90032,Card,DEV-09-1,iPhone,Pune,18,0,0,0.98,44,3437.33,2204.0,35,1411,2880,0,0,0,359.3,0,
TXN09-04246,9,2026-07-27 18:43:17,4072.19,Restaurants,90028,UPI,DEV-09-1,iPhone,Pune,18,0,0,4.35,45,3447.29,2211.87,22,1412,2881,0,0,0,0.0,0,
TXN09-04247,9,2026-07-27 18:59:09,765.8,Software,90006,Card,DEV-09-4,iPhone,Pune,18,0,0,15.87,46,3432.79,2194.52,339,420,2882,0,0,0,0.0,0,
TXN09-04248,9,2026-07-27 19:07:07,3368.33,Software,90137,UPI,DEV-09-3,iPhone,Goa,19,0,0,7.97,47,3425.45,2197.83,2,637,765,0,0,0,359.3,0,
TXN09-04249,9,2026-07-27 19:34:51,8000.0,Restaurants,90031,Card,DEV-09-2,Web,Pune,19,0,0,27.73,48,3425.33,2195.42,26,880,2883,0,0,0,359.3,0,
TXN09-04250,9,2026-07-27 19:42:02,1544.58,Cloud Services,90002,Card,DEV-09-1,iPhone,Pune,19,0,0,7.18,49,3435.31,2203.4,311,1413,2884,0,0,0,0.0,0,
TXN09-04251,9,2026-07-27 19:44:21,6481.19,Coffee,90021,UPI,DEV-09-1,iPhone,Pune,19,0,0,2.32,50,3431.19,2202.76,76,1414,2885,0,0,0,0.0,0,
TXN09-04252,9,2026-07-27 19:50:06,3828.89,Coffee,90045,Card,DEV-09-6,Web,Pune,19,0,0,5.75,51,3441.28,2206.1,9,172,2886,0,0,0,0.0,0,
TXN09-04253,9,2026-07-27 19:53:35,6039.64,Software,90007,UPI,DEV-09-2,Web,Bangalore,19,0,0,3.48,52,3457.05,2202.95,203,881,496,0,0,0,735.23,0,
TXN09-04254,9,2026-07-27 20:15:03,3452.77,Cloud Services,90003,Card,DEV-09-1,iPhone,Pune,20,0,0,21.47,53,3466.4,2206.61,136,1415,2887,0,0,0,735.23,0,
TXN09-04255,9,2026-07-27 20:15:05,4112.14,Cloud Services,90002,Card,DEV-09-1,iPhone,Bangalore,20,0,0,0.03,54,3466.37,2204.19,312,1416,497,0,0,0,735.23,0,
TXN09-04256,9,2026-07-27 20:22:22,2551.66,Software,90007,Card,DEV-09-1,iPhone,Pune,20,0,0,7.28,55,3473.46,2201.04,204,1417,2888,0,0,0,735.23,0,
TXN09-04257,9,2026-07-27 20:27:04,4131.98,Coffee,90023,Card,DEV-09-1,iPhone,Bangalore,20,0,0,4.7,56,3471.45,2199.06,53,1418,498,0,0,0,735.23,0,
TXN09-04258,9,2026-07-27 21:11:09,3242.77,Cloud Services,90002,UPI,DEV-09-2,Web,Pune,21,0,0,44.08,57,3479.02,2200.7,313,882,2889,0,0,0,735.23,0,
TXN09-04259,9,2026-07-27 21:14:17,1740.41,Coffee,90024,Card,DEV-09-1,iPhone,Goa,21,0,0,3.13,58,3478.5,2198.3,42,1419,766,0,0,0,359.3,0,
TXN09-04260,9,2026-07-27 21:42:27,4219.71,Software,90006,Card,DEV-09-1,iPhone,Pune,21,0,0,28.17,59,3479.64,2207.41,340,1420,2890,0,0,0,359.3,0,
TXN09-04261,9,2026-07-27 21:55:43,3752.67,Software,90137,Card,DEV-09-7,Android,Pune,21,0,0,13.27,60,3474.81,2203.24,3,148,2891,0,0,0,0.0,0,
TXN09-04262,9,2026-07-27 21:59:12,8000.0,Software,90109,Card,DEV-09-4,iPhone,Goa,21,0,0,3.48,61,3475.42,2200.83,3,421,767,0,0,0,359.3,0,
TXN09-04263,9,2026-07-27 22:20:06,4579.85,Cloud Services,90010,UPI,DEV-09-1,iPhone,Pune,22,0,0,20.9,62,3475.32,2207.65,107,1421,2892,0,0,0,359.3,0,
TXN09-04264,9,2026-07-27 22:33:37,750.95,Cloud Services,90075,UPI,DEV-09-1,iPhone,Pune,22,0,0,13.52,63,3483.31,2205.15,8,1422,2893,0,0,0,0.0,0,
TXN09-04265,9,2026-07-27 22:34:56,1189.62,Software,90006,Card,DEV-09-2,Web,Bangalore,22,0,0,1.32,64,3477.22,2206.46,341,883,499,0,0,0,735.23,0,
TXN09-04266,9,2026-07-27 22:45:49,1164.8,Coffee,90114,UPI,DEV-09-4,iPhone,Chennai,22,0,0,10.88,65,3472.14,2206.64,3,422,6,0,0,0,290.17,0,
TXN09-04267,9,2026-07-27 22:56:38,4375.36,Restaurants,90001,UPI,DEV-09-2,Web,Pune,22,0,0,10.82,66,3467.02,2206.86,393,884,2894,0,0,0,914.36,0,
TXN09-04268,9,2026-07-27 23:06:58,2863.69,Restaurants,90063,UPI,DEV-09-4,iPhone,Pune,23,0,0,10.33,67,3469.03,2204.83,15,423,2895,0,0,0,0.0,0,
TXN09-04269,9,2026-07-27 23:21:27,1979.95,Coffee,90004,Card,DEV-09-9,iPhone,Bangalore,23,0,0,14.48,68,3469.55,2204.66,319,52,500,0,0,0,735.23,0,
TXN09-04270,9,2026-07-27 23:28:20,8000.0,Coffee,90024,Card,DEV-09-1,iPhone,Goa,23,0,0,6.88,69,3466.26,2203.33,43,1423,768,0,0,0,454.99,0,
TXN09-04271,9,2026-07-27 23:41:45,3873.26,Software,90007,Card,DEV-09-3,iPhone,Pune,23,0,0,13.42,70,3480.56,2215.77,205,638,2896,0,0,0,359.3,0,
TXN09-04272,9,2026-07-28 08:30:09,7636.75,Software,90014,Card,DEV-09-5,Android,Goa,8,1,0,528.4,1,3475.56,2210.19,122,268,769,0,0,0,359.3,0,
TXN09-04273,9,2026-07-28 09:04:19,3559.11,Software,90014,Card,DEV-09-1,iPhone,Pune,9,1,0,34.17,2,3483.79,2220.48,123,1424,2897,0,0,0,359.3,0,
TXN09-04274,9,2026-07-28 09:17:09,3027.37,Cloud Services,90010,Card,DEV-09-1,iPhone,Pune,9,1,0,12.83,3,3484.55,2221.23,108,1425,2898,0,0,0,0.0,0,
TXN09-04275,9,2026-07-28 09:20:50,8000.0,Restaurants,90138,UPI,DEV-09-13,Web,Goa,9,1,0,3.68,4,3483.51,2218.82,1,16,770,0,0,1,359.3,0,
TXN09-04276,9,2026-07-28 09:46:02,588.19,Coffee,90004,UPI,DEV-09-3,iPhone,Pune,9,1,0,25.2,5,3490.93,2228.41,320,639,2899,0,0,0,359.3,0,
TXN09-04277,9,2026-07-28 09:47:14,1391.7,Coffee,90004,UPI,DEV-09-5,Android,Pune,9,1,0,1.2,6,3486.43,2232.26,321,269,2900,0,0,0,0.0,0,
TXN09-04278,9,2026-07-28 09:54:54,1144.3,Coffee,90004,Card,DEV-09-1,iPhone,Pune,9,1,0,7.67,7,3484.42,2233.74,322,1426,2901,0,0,0,0.0,0,
TXN09-04279,9,2026-07-28 10:23:16,3974.96,Coffee,90021,UPI,DEV-09-6,Web,Goa,10,1,0,28.37,8,3481.75,2235.83,77,173,771,0,0,0,359.3,0,
TXN09-04280,9,2026-07-28 11:10:02,3426.6,Software,90137,UPI,DEV-09-4,iPhone,Goa,11,1,0,46.77,9,3478.03,2233.63,4,424,772,0,0,0,0.0,0,
TXN09-04281,9,2026-07-28 11:37:51,2057.94,Restaurants,90001,Card,DEV-09-5,Android,Pune,11,1,0,27.82,10,3487.13,2231.68,394,270,2902,0,0,0,359.3,0,
TXN09-04282,9,2026-07-28 11:49:55,942.4,Coffee,90020,UPI,DEV-09-1,iPhone,Pune,11,1,0,12.07,11,3480.26,2232.4,107,1427,2903,0,0,0,0.0,0,
TXN09-04283,9,2026-07-28 12:15:27,2198.53,Coffee,90032,Card,DEV-09-3,iPhone,Pune,12,1,0,25.53,12,3474.5,2233.13,36,640,2904,0,0,0,0.0,0,
TXN09-04284,9,2026-07-28 12:28:52,1615.46,Restaurants,90126,UPI,DEV-09-3,iPhone,Chandigarh,12,1,0,13.42,13,3463.34,2226.48,2,641,8,0,0,0,1389.58,0,
TXN09-04285,9,2026-07-28 12:49:00,8000.0,Coffee,90025,UPI,DEV-09-9,iPhone,Pune,12,1,0,20.13,14,3459.88,2229.46,25,53,2905,0,0,0,1389.58,0,
TXN09-04286,9,2026-07-28 13:07:36,2882.04,Coffee,90024,Card,DEV-09-34,Android,Goa,13,1,0,18.6,15,3470.22,2237.42,44,1,773,1,0,0,359.3,0,
TXN09-04287,9,2026-07-28 13:18:09,7755.6,Coffee,90004,UPI,DEV-09-5,Android,Pune,13,1,0,10.55,16,3468.89,2235.05,323,271,2906,0,0,0,359.3,0,
TXN09-04288,9,2026-07-28 13:32:57,2209.0,Software,90099,Card,DEV-09-1,iPhone,Bangalore,13,1,0,14.8,17,3478.61,2241.8,7,1428,501,0,0,0,735.23,0,
TXN09-04289,9,2026-07-28 13:49:40,3231.15,Restaurants,90063,UPI,DEV-09-2,Web,Pune,13,1,0,16.72,18,3475.74,2240.08,16,885,2907,0,0,0,735.23,0,
TXN09-04290,9,2026-07-28 13:50:03,7993.42,Restaurants,90076,Card,DEV-09-3,iPhone,Pune,13,1,0,0.38,19,3475.18,2237.58,7,642,2908,0,0,0,0.0,0,
TXN09-04291,9,2026-07-28 14:05:04,2148.58,Restaurants,90001,Card,DEV-09-1,iPhone,Goa,14,1,0,15.02,20,3494.2,2246.42,395,1429,774,0,0,0,359.3,0,
TXN09-04292,9,2026-07-28 14:37:23,1809.03,Coffee,90032,Card,DEV-09-6,Web,Pune,14,1,0,32.32,21,3484.77,2240.69,37,174,2909,0,0,0,359.3,0,
TXN09-04293,9,2026-07-28 14:49:05,1770.88,Software,90007,UPI,DEV-09-5,Android,Goa,14,1,0,11.7,22,3479.52,2240.57,206,272,775,0,0,0,359.3,0,
TXN09-04294,9,2026-07-28 15:39:01,5618.72,Cloud Services,90011,Card,DEV-09-1,iPhone,Pune,15,1,0,49.93,23,3493.78,2239.82,76,1430,2910,0,0,0,359.3,0,
TXN09-04295,9,2026-07-28 16:01:46,774.15,Restaurants,90127,UPI,DEV-09-12,iPhone,Bangalore,16,1,0,22.75,24,3497.35,2239.86,3,20,502,0,0,0,735.23,0,
TXN09-04296,9,2026-07-28 16:19:59,2006.35,Coffee,90019,Card,DEV-09-4,iPhone,Bangalore,16,1,0,18.22,25,3481.09,2235.74,149,425,503,0,0,0,0.0,0,
TXN09-04297,9,2026-07-28 16:22:25,1152.4,Software,90006,Card,DEV-09-2,Web,Pune,16,1,0,2.43,26,3477.69,2234.28,342,886,2911,0,0,0,735.23,0,
TXN09-04298,9,2026-07-28 16:45:00,1684.51,Restaurants,90013,UPI,DEV-09-2,Web,Goa,16,1,0,22.58,27,3483.21,2238.26,56,887,776,0,0,0,359.3,0,
TXN09-04299,9,2026-07-28 16:51:23,6235.62,Restaurants,90005,Card,DEV-09-4,iPhone,Bangalore,16,1,0,6.38,28,3475.72,2238.85,147,426,504,0,0,0,454.99,0,
TXN09-04300,9,2026-07-28 17:07:54,2841.66,Cloud Services,90015,Card,DEV-09-1,iPhone,Goa,17,1,0,16.52,29,3477.41,2240.67,56,1431,777,0,0,0,454.99,0,
TXN09-04301,9,2026-07-28 17:16:34,4617.6,Cloud Services,90027,Card,DEV-09-6,Web,Pune,17,1,0,8.67,30,3475.94,2238.29,43,175,2912,0,0,0,359.3,0,
TXN09-04302,9,2026-07-28 18:06:29,2465.84,Software,90016,UPI,DEV-09-1,iPhone,Pune,18,1,0,49.92,31,3471.08,2233.09,76,1432,2913,0,0,0,0.0,0,
TXN09-04303,9,2026-07-28 18:13:48,6615.64,Cloud Services,90002,UPI,DEV-09-1,iPhone,Pune,18,1,0,7.32,32,3449.7,2176.87,314,1433,2914,0,0,0,0.0,0,
TXN09-04304,9,2026-07-28 18:46:25,5333.46,Restaurants,90055,Card,DEV-09-1,iPhone,Pune,18,1,0,32.62,33,3468.18,2182.06,7,1434,2915,0,0,0,0.0,0,
TXN09-04305,9,2026-07-28 19:08:10,5159.0,Restaurants,90031,UPI,DEV-09-2,Web,Pune,19,1,0,21.75,34,3480.8,2181.62,27,888,2916,0,0,0,0.0,0,
TXN09-04306,9,2026-07-28 19:18:43,822.14,Software,90068,UPI,DEV-09-5,Android,Bangalore,19,1,0,10.55,35,3484.74,2180.57,14,273,505,0,0,0,735.23,0,
TXN09-04307,9,2026-07-28 19:22:35,3220.86,Cloud Services,90011,UPI,DEV-09-1,iPhone,Pune,19,1,0,3.87,36,3474.86,2183.08,77,1435,2917,0,0,0,735.23,0,
TXN09-04308,9,2026-07-28 19:36:06,556.5,Coffee,90004,Card,DEV-09-1,iPhone,Goa,19,1,0,13.52,37,3483.18,2181.64,324,1436,778,0,0,0,359.3,0,
TXN09-04309,9,2026-07-28 20:45:05,3252.41,Software,90139,Card,DEV-09-6,Web,Pune,20,1,0,68.98,38,3457.33,2176.13,1,176,2918,0,0,1,359.3,0,
TXN09-04310,9,2026-07-28 20:53:55,3148.62,Restaurants,90008,Card,DEV-09-4,iPhone,Goa,20,1,0,8.83,39,3456.01,2176.09,84,427,779,0,0,0,359.3,0,
TXN09-04311,9,2026-07-28 21:05:22,4653.65,Restaurants,90012,Card,DEV-09-1,iPhone,Pune,21,1,0,11.45,40,3455.29,2173.57,68,1437,2919,0,0,0,359.3,0,
TXN09-04312,9,2026-07-28 21:13:26,6882.79,Software,90006,UPI,DEV-09-35,Android,Pune,21,1,0,8.07,41,3458.11,2171.78,343,1,2920,1,0,0,0.0,0,
TXN09-04313,9,2026-07-28 21:13:59,4939.24,Cloud Services,90140,UPI,DEV-09-1,iPhone,Pune,21,1,0,0.55,42,3466.17,2175.56,1,1438,2921,0,0,1,0.0,0,
TXN09-04314,9,2026-07-28 21:37:45,4249.91,Restaurants,90008,Card,DEV-09-2,Web,Bangalore,21,1,0,23.77,43,3469.63,2174.18,85,889,506,0,0,0,735.23,0,
TXN09-04315,9,2026-07-28 21:50:48,4164.97,Software,90040,Card,DEV-09-6,Web,Pune,21,1,0,13.05,44,3468.93,2173.88,29,177,2922,0,0,0,735.23,0,
TXN09-04316,9,2026-07-28 22:13:03,2682.31,Cloud Services,90003,UPI,DEV-09-3,iPhone,Goa,22,1,0,22.25,45,3470.56,2171.59,137,643,780,0,0,0,359.3,0,
TXN09-04317,9,2026-07-28 22:20:40,8000.0,Restaurants,90026,UPI,DEV-09-2,Web,Pune,22,1,0,7.62,46,3468.72,2169.39,37,890,2923,0,0,0,359.3,0,
TXN09-04318,9,2026-07-28 22:57:22,7154.9,Coffee,90035,UPI,DEV-09-1,iPhone,Pune,22,1,0,36.7,47,3487.76,2179.07,23,1439,2924,0,0,0,0.0,0,
TXN09-04319,9,2026-07-28 22:58:27,5113.68,Software,90006,UPI,DEV-09-2,Web,Pune,22,1,0,1.08,48,3496.33,2183.71,344,891,2925,0,0,0,0.0,0,
TXN09-04320,9,2026-07-28 22:59:27,1056.26,Software,90018,UPI,DEV-09-3,iPhone,Pune,22,1,0,1.0,49,3500.1,2182.56,68,644,2926,0,0,0,0.0,1,ato_short_gap
TXN09-04321,9,2026-07-28 23:10:12,1245.18,Coffee,90020,Card,DEV-09-1,iPhone,Pune,23,1,0,10.75,50,3498.89,2183.78,108,1440,2927,0,0,0,0.0,0,
TXN09-04322,9,2026-07-28 23:39:46,2120.11,Coffee,90004,Card,DEV-09-4,iPhone,Goa,23,1,0,29.57,51,3502.37,2189.16,325,428,781,0,0,0,359.3,0,
TXN09-04323,9,2026-07-29 02:53:11,1244.41,Software,90006,UPI,DEV-09-3,iPhone,Pune,2,2,0,193.42,1,3499.13,2187.62,345,645,2928,0,0,0,359.3,1,ato_higher_amount_odd_hour
TXN09-04324,9,2026-07-29 08:00:33,6298.93,Coffee,90073,UPI,DEV-09-2,Web,Pune,8,2,0,307.37,2,3492.45,2190.14,8,892,2929,0,0,0,0.0,0,
TXN09-04325,9,2026-07-29 08:03:46,3407.66,Cloud Services,90046,UPI,DEV-09-1,iPhone,Pune,8,2,0,3.22,3,3499.0,2191.77,15,1441,2930,0,0,0,0.0,0,
TXN09-04326,9,2026-07-29 08:12:02,7421.3,Software,90006,Card,DEV-09-1,iPhone,Pune,8,2,0,8.27,4,3498.79,2189.22,346,1442,2931,0,0,0,0.0,0,
TXN09-04327,9,2026-07-29 08:15:23,5797.44,Coffee,90004,Card,DEV-09-1,iPhone,Bangalore,8,2,0,3.35,5,3514.71,2192.85,326,1443,507,0,0,0,735.23,0,
TXN09-04328,9,2026-07-29 08:30:40,2897.97,Coffee,90141,UPI,DEV-09-3,iPhone,Pune,8,2,0,15.28,6,3520.02,2193.05,1,646,2932,0,0,1,735.23,0,
TXN09-04329,9,2026-07-29 08:59:01,3515.2,Coffee,90022,UPI,DEV-09-1,iPhone,Goa,8,2,0,28.35,7,3520.26,2195.6,52,1444,782,0,0,0,359.3,0,
TXN09-04330,9,2026-07-29 09:01:22,1478.11,Software,90007,Card,DEV-09-6,Web,Pune,9,2,0,2.35,8,3520.25,2193.04,207,178,2933,0,0,0,359.3,0,
TXN09-04331,9,2026-07-29 09:02:43,347.0,Restaurants,90036,UPI,DEV-09-2,Web,Bangalore,9,2,0,1.35,9,3515.51,2192.7,21,893,508,0,0,0,735.23,0,
TXN09-04332,9,2026-07-29 09:07:52,1986.4,Restaurants,90028,Card,DEV-09-3,iPhone,Pune,9,2,0,5.15,10,3508.18,2195.45,23,647,2934,0,0,0,735.23,0,
TXN09-04333,9,2026-07-29 09:14:19,1725.77,Coffee,90022,Card,DEV-09-6,Web,Bangalore,9,2,0,6.45,11,3504.66,2194.13,53,179,509,0,0,0,735.23,0,
TXN09-04334,9,2026-07-29 09:56:30,5504.68,Restaurants,90093,Card,DEV-09-3,iPhone,Pune,9,2,0,42.18,12,3507.65,2195.83,2,648,2935,0,0,0,735.23,0,
TXN09-04335,9,2026-07-29 10:02:21,3969.57,Coffee,90084,Card,DEV-09-1,iPhone,Pune,10,2,0,5.85,13,3512.27,2195.39,6,1445,2936,0,0,0,0.0,0,
TXN09-04336,9,2026-07-29 10:34:37,5789.15,Restaurants,90001,UPI,DEV-09-2,Web,Pune,10,2,0,32.27,14,3502.71,2187.16,396,894,2937,0,0,0,0.0,0,
TXN09-04337,9,2026-07-29 11:08:03,5050.5,Restaurants,90088,UPI,DEV-09-1,iPhone,Pune,11,2,0,33.43,15,3484.81,2182.32,3,1446,2938,0,0,0,0.0,0,
TXN09-04338,9,2026-07-29 11:21:24,961.68,Software,90050,Card,DEV-09-5,Android,Pune,11,2,0,13.35,16,3484.41,2171.05,16,274,2939,0,0,0,0.0,0,
TXN09-04339,9,2026-07-29 11:25:26,1772.69,Software,90029,Card,DEV-09-5,Android,Goa,11,2,0,4.03,17,3478.5,2171.93,40,275,783,0,0,0,359.3,0,
TXN09-04340,9,2026-07-29 11:29:05,4526.55,Coffee,90004,Card,DEV-09-2,Web,Pune,11,2,0,3.65,18,3479.04,2171.48,327,895,2940,0,0,0,359.3,0,
TXN09-04341,9,2026-07-29 11:40:19,2543.32,Cloud Services,90030,Card,DEV-09-6,Web,Pune,11,2,0,11.23,19,3481.49,2169.53,30,180,2941,0,0,0,0.0,0,
TXN09-04342,9,2026-07-29 12:41:26,4483.64,Coffee,90004,UPI,DEV-09-4,iPhone,Bangalore,12,2,0,61.12,20,3484.88,2175.49,328,429,510,0,0,0,735.23,0,
TXN09-04343,9,2026-07-29 12:46:55,3772.57,Cloud Services,90072,UPI,DEV-09-3,iPhone,Pune,12,2,0,5.48,21,3485.02,2175.56,8,649,2942,0,0,0,735.23,0,
TXN09-04344,9,2026-07-29 12:48:14,5896.88,Software,90007,Card,DEV-09-2,Web,Bangalore,12,2,0,1.32,22,3485.69,2173.05,208,896,511,0,0,0,735.23,0,
TXN09-04345,9,2026-07-29 13:10:58,1304.41,Restaurants,90008,Card,DEV-09-6,Web,Pune,13,2,0,22.73,23,3503.87,2176.13,86,181,2943,0,0,0,735.23,0,
TXN09-04346,9,2026-07-29 13:12:35,2630.94,Restaurants,90088,Card,DEV-09-5,Android,Bangalore,13,2,0,1.62,24,3498.7,2176.18,4,276,512,0,0,0,735.23,0,
TXN09-04347,9,2026-07-29 13:16:10,4696.99,Software,90006,Card,DEV-09-5,Android,Bangalore,13,2,0,3.58,25,3496.66,2174.03,347,277,513,0,0,0,0.0,0,
TXN09-04348,9,2026-07-29 13:33:10,3623.06,Restaurants,90017,UPI,DEV-09-5,Android,Pune,13,2,0,17.0,26,3499.47,2172.26,44,278,2944,0,0,0,735.23,0,
TXN09-04349,9,2026-07-29 13:42:58,2271.34,Coffee,90035,UPI,DEV-09-1,iPhone,Bangalore,13,2,0,9.8,27,3499.76,2169.73,24,1447,514,0,0,0,735.23,0,
TXN09-04350,9,2026-07-29 13:49:26,5255.77,Coffee,90004,Card,DEV-09-6,Web,Goa,13,2,0,6.47,28,3496.9,2168.01,329,182,784,0,0,0,454.99,0,
TXN09-04351,9,2026-07-29 13:52:15,3654.38,Restaurants,90092,UPI,DEV-09-2,Web,Pune,13,2,0,2.82,29,3490.5,2158.74,7,897,2945,0,0,0,359.3,0,
TXN09-04352,9,2026-07-29 13:57:44,3014.76,Restaurants,90093,UPI,DEV-09-5,Android,Pune,13,2,0,5.48,30,3490.88,2156.24,3,279,2946,0,0,0,0.0,0,
TXN09-04353,9,2026-07-29 14:05:07,1953.38,Cloud Services,90002,Card,DEV-09-1,iPhone,Bangalore,14,2,0,7.38,31,3489.78,2153.86,315,1448,515,0,0,0,735.23,0,
TXN09-04354,9,2026-07-29 14:08:13,970.25,Restaurants,90092,Card,DEV-09-2,Web,Pune,14,2,0,3.1,32,3486.22,2152.63,8,898,2947,0,0,0,735.23,0,
TXN09-04355,9,2026-07-29 14:10:34,1713.37,Software,90006,Card,DEV-09-7,Android,Goa,14,2,0,2.35,33,3480.28,2156.02,348,149,785,0,0,0,359.3,0,
TXN09-04356,9,2026-07-29 14:56:29,4584.98,Coffee,90074,UPI,DEV-09-1,iPhone,Pune,14,2,0,45.92,34,3472.19,2144.96,10,1449,2948,0,0,0,359.3,0,
TXN09-04357,9,2026-07-29 15:27:03,3373.48,Cloud Services,90038,UPI,DEV-09-1,iPhone,Indore,15,2,0,30.57,35,3478.32,2144.35,25,1450,6,0,0,0,511.24,0,
TXN09-04358,9,2026-07-29 15:46:42,3213.43,Restaurants,90017,Card,DEV-09-6,Web,Pune,15,2,0,19.65,36,3478.08,2141.87,45,183,2949,0,0,0,511.24,0,
TXN09-04359,9,2026-07-29 16:22:26,985.41,Restaurants,90081,UPI,DEV-09-1,iPhone,Pune,16,2,0,35.73,37,3487.76,2141.41,5,1451,2950,0,0,0,0.0,0,
TXN09-04360,9,2026-07-29 16:32:55,6595.21,Coffee,90022,UPI,DEV-09-1,iPhone,Pune,16,2,0,10.48,38,3476.7,2145.71,54,1452,2951,0,0,0,0.0,0,
TXN09-04361,9,2026-07-29 16:48:51,3516.38,Coffee,90087,Card,DEV-09-1,iPhone,Pune,16,2,0,15.93,39,3483.95,2148.47,5,1453,2952,0,0,0,0.0,0,
TXN09-04362,9,2026-07-29 17:31:59,1792.77,Software,90120,UPI,DEV-09-1,iPhone,Pune,17,2,0,43.13,40,3498.1,2157.01,3,1454,2953,0,0,0,0.0,0,
TXN09-04363,9,2026-07-29 18:06:19,2510.15,Cloud Services,90002,Card,DEV-09-3,iPhone,Pune,18,2,0,34.33,41,3497.11,2159.67,316,650,2954,0,0,0,0.0,0,
TXN09-04364,9,2026-07-29 18:33:17,4122.51,Software,90040,Card,DEV-09-8,Web,Pune,18,2,0,26.97,42,3494.79,2157.66,30,85,2955,0,0,0,0.0,0,
TXN09-04365,9,2026-07-29 18:35:14,974.24,Restaurants,90008,Card,DEV-09-4,iPhone,Pune,18,2,0,1.95,43,3496.26,2155.34,87,430,2956,0,0,0,0.0,0,
TXN09-04366,9,2026-07-29 18:44:25,1166.03,Software,90007,UPI,DEV-09-3,iPhone,Goa,18,2,0,9.18,44,3490.36,2156.26,209,651,786,0,0,0,359.3,0,
TXN09-04367,9,2026-07-29 18:50:16,4605.9,Coffee,90033,UPI,DEV-09-6,Web,Pune,18,2,0,5.85,45,3484.93,2156.66,28,184,2957,0,0,0,359.3,0,
TXN09-04368,9,2026-07-29 18:51:49,2485.06,Coffee,90130,Card,DEV-09-2,Web,Pune,18,2,0,1.55,46,3487.54,2154.82,2,899,2958,0,0,0,0.0,0,
TXN09-04369,9,2026-07-29 19:41:32,5453.16,Restaurants,90008,Card,DEV-09-1,iPhone,Bangalore,19,2,0,49.72,47,3493.6,2153.88,88,1455,516,0,0,0,735.23,0,
TXN09-04370,9,2026-07-29 19:45:19,3169.61,Coffee,90022,Card,DEV-09-1,iPhone,Pune,19,2,0,3.78,48,3498.17,2153.44,55,1456,2959,0,0,0,735.23,0,
TXN09-04371,9,2026-07-29 19:47:22,4936.03,Coffee,90019,Card,DEV-09-1,iPhone,Pune,19,2,0,2.05,49,3497.41,2150.99,150,1457,2960,0,0,0,0.0,0,
TXN09-04372,9,2026-07-29 19:53:00,1828.11,Restaurants,90017,Card,DEV-09-1,iPhone,Pune,19,2,0,5.63,50,3500.75,2149.61,46,1458,2961,0,0,0,0.0,0,
TXN09-04373,9,2026-07-29 20:30:25,6156.63,Software,90048,Card,DEV-09-8,Web,Bangalore,20,2,0,37.42,51,3495.44,2158.23,27,86,517,0,0,0,735.23,0,
TXN09-04374,9,2026-07-29 20:35:36,687.29,Coffee,90004,UPI,DEV-09-2,Web,Pune,20,2,0,5.18,52,3501.5,2162.05,330,900,2962,0,0,0,735.23,0,
TXN09-04375,9,2026-07-29 20:37:37,5209.69,Cloud Services,90056,Card,DEV-09-8,Web,Goa,20,2,0,2.02,53,3494.94,2163.78,9,87,787,0,0,0,359.3,0,
TXN09-04376,9,2026-07-29 21:20:00,1889.04,Coffee,90025,Card,DEV-09-1,iPhone,Pune,21,2,0,42.38,54,3486.53,2156.56,26,1459,2963,0,0,0,359.3,0,
TXN09-04377,9,2026-07-29 21:45:24,7189.37,Cloud Services,90056,UPI,DEV-09-1,iPhone,Pune,21,2,0,25.4,55,3484.82,2157.53,10,1460,2964,0,0,0,0.0,0,
TXN09-04378,9,2026-07-29 21:45:45,2658.45,Cloud Services,90010,Card,DEV-09-4,iPhone,Pune,21,2,0,0.35,56,3493.45,2162.41,109,431,2965,0,0,0,0.0,0,
TXN09-04379,9,2026-07-29 21:51:59,2417.05,Cloud Services,90030,UPI,DEV-09-2,Web,Pune,21,2,0,6.23,57,3494.23,2162.05,31,901,2966,0,0,0,0.0,0,
TXN09-04380,9,2026-07-29 22:24:19,3545.2,Coffee,90074,UPI,DEV-09-1,iPhone,Pune,22,2,0,32.33,58,3491.72,2160.16,11,1461,2967,0,0,0,0.0,0,
TXN09-04381,9,2026-07-29 22:32:31,6234.56,Cloud Services,90027,Card,DEV-09-7,Android,Pune,22,2,0,8.2,59,3491.85,2157.65,44,150,2968,0,0,0,0.0,0,
TXN09-04382,9,2026-07-29 22:40:04,3896.15,Software,90007,UPI,DEV-09-2,Web,Pune,22,2,0,7.55,60,3498.2,2159.18,210,902,2969,0,0,0,0.0,0,
TXN09-04383,9,2026-07-29 22:49:32,2040.84,Coffee,90004,UPI,DEV-09-3,iPhone,Goa,22,2,0,9.47,61,3499.34,2159.26,331,652,788,0,0,0,359.3,0,
TXN09-04384,9,2026-07-29 22:52:27,6138.26,Software,90006,UPI,DEV-09-1,iPhone,Pune,22,2,0,2.92,62,3495.97,2157.9,349,1462,2970,0,0,0,359.3,0,
TXN09-04385,9,2026-07-29 22:53:33,2257.64,Cloud Services,90034,UPI,DEV-09-36,Web,Pune,22,2,0,1.1,63,3502.06,2159.13,36,1,2971,1,0,0,0.0,0,
TXN09-04386,9,2026-07-29 22:57:09,1282.63,Cloud Services,90038,Card,DEV-09-8,Web,Bangalore,22,2,0,3.6,64,3499.2,2157.47,26,88,518,0,0,0,735.23,0,
TXN09-04387,9,2026-07-30 08:22:11,6266.74,Coffee,90019,Card,DEV-09-1,iPhone,Bangalore,8,3,0,565.03,1,3481.26,2148.03,151,1463,519,0,0,0,0.0,0,
TXN09-04388,9,2026-07-30 08:38:59,3557.81,Restaurants,90063,Card,DEV-09-4,iPhone,Bangalore,8,3,0,16.8,2,3487.74,2149.73,17,432,520,0,0,0,0.0,0,
TXN09-04389,9,2026-07-30 08:59:06,1285.75,Restaurants,90041,Card,DEV-09-5,Android,Goa,8,3,0,20.12,3,3484.4,2148.5,23,280,789,0,0,0,454.99,0,
TXN09-04390,9,2026-07-30 09:05:01,3375.47,Software,90047,UPI,DEV-09-2,Web,Pune,9,3,0,5.92,4,3482.62,2150.0,28,903,2972,0,0,0,359.3,0,
TXN09-04391,9,2026-07-30 09:24:21,5591.99,Cloud Services,90002,Card,DEV-09-2,Web,Delhi,9,3,0,19.33,5,3483.24,2149.94,317,904,8,0,0,0,1179.48,0,
TXN09-04392,9,2026-07-30 10:16:54,6207.45,Software,90006,UPI,DEV-09-2,Web,Pune,10,3,0,52.55,6,3493.42,2150.25,350,905,2973,0,0,0,1179.48,0,
TXN09-04393,9,2026-07-30 10:21:18,4980.92,Coffee,90024,UPI,DEV-09-2,Web,Pune,10,3,0,4.4,7,3503.12,2153.12,45,906,2974,0,0,0,0.0,0,
TXN09-04394,9,2026-07-30 10:43:05,1158.82,Software,90007,UPI,DEV-09-4,iPhone,Pune,10,3,0,21.78,8,3511.41,2151.99,211,433,2975,0,0,0,0.0,0,
TXN09-04395,9,2026-07-30 10:44:03,2001.15,Coffee,90057,Card,DEV-09-1,iPhone,Pune,10,3,0,0.97,9,3505.91,2152.47,16,1464,2976,0,0,0,0.0,0,
TXN09-04396,9,2026-07-30 10:55:28,6877.63,Restaurants,90001,Card,DEV-09-1,iPhone,Goa,10,3,0,11.42,10,3502.4,2151.18,397,1465,790,0,0,0,359.3,0,
TXN09-04397,9,2026-07-30 10:58:51,1124.66,Coffee,90004,Card,DEV-09-2,Web,Pune,10,3,0,3.38,11,3510.25,2154.82,332,907,2977,0,0,0,359.3,0,
TXN09-04398,9,2026-07-30 11:18:50,5993.0,Coffee,90020,UPI,DEV-09-1,iPhone,Pune,11,3,0,19.98,12,3504.72,2155.38,109,1466,2978,0,0,0,0.0,0,
TXN09-04399,9,2026-07-30 11:23:02,5566.8,Restaurants,90001,UPI,DEV-09-2,Web,Pune,11,3,0,4.2,13,3510.48,2156.2,398,908,2979,0,0,0,0.0,0,
TXN09-04400,9,2026-07-30 12:12:11,3708.64,Software,90014,UPI,DEV-09-3,iPhone,Pune,12,3,0,49.15,14,3527.28,2160.16,124,653,2980,0,0,0,0.0,0,
TXN09-04401,9,2026-07-30 12:12:33,8000.0,Cloud Services,90011,UPI,DEV-09-5,Android,Pune,12,3,0,0.37,15,3527.7,2157.67,78,281,2981,0,0,0,0.0,0,
TXN09-04402,9,2026-07-30 12:16:54,2571.68,Coffee,90019,Card,DEV-09-13,Web,Pune,12,3,0,4.35,16,3542.55,2166.41,152,17,2982,0,0,0,0.0,0,
TXN09-04403,9,2026-07-30 12:31:01,4174.76,Cloud Services,90113,Card,DEV-09-2,Web,Pune,12,3,0,14.12,17,3541.11,2166.85,2,909,2983,0,0,0,0.0,0,
TXN09-04404,9,2026-07-30 12:53:54,6390.39,Cloud Services,90015,Card,DEV-09-6,Web,Pune,12,3,0,22.88,18,3542.91,2168.95,57,185,2984,0,0,0,0.0,0,
TXN09-04405,9,2026-07-30 12:57:42,4532.51,Software,90006,Card,DEV-09-1,iPhone,Pune,12,3,0,3.8,19,3549.17,2173.28,351,1467,2985,0,0,0,0.0,0,
TXN09-04406,9,2026-07-30 13:04:56,4500.66,Software,90040,Card,DEV-09-2,Web,Goa,13,3,0,7.23,20,3551.46,2171.27,31,910,791,0,0,0,359.3,0,
TXN09-04407,9,2026-07-30 13:22:59,1501.24,Restaurants,90089,Card,DEV-09-1,iPhone,Pune,13,3,0,18.05,21,3553.66,2169.23,5,1468,2986,0,0,0,359.3,0,
TXN09-04408,9,2026-07-30 13:56:05,5493.59,Restaurants,90001,Card,DEV-09-1,iPhone,Pune,13,3,0,33.1,22,3561.81,2174.16,399,1469,2987,0,0,0,0.0,0,
TXN09-04409,9,2026-07-30 14:07:39,1227.96,Cloud Services,90142,UPI,DEV-09-1,iPhone,Pune,14,3,0,11.57,23,3566.42,2176.16,1,1470,2988,0,0,1,0.0,0,
TXN09-04410,9,2026-07-30 14:10:05,3405.42,Coffee,90004,Card,DEV-09-1,iPhone,Pune,14,3,0,2.43,24,3560.97,2176.54,333,1471,2989,0,0,0,0.0,0,
TXN09-04411,9,2026-07-30 14:47:40,3452.67,Coffee,90004,Card,DEV-09-5,Android,Goa,14,3,0,37.58,25,3554.63,2173.02,334,282,792,0,0,0,359.3,0,
TXN09-04412,9,2026-07-30 15:30:26,473.59,Coffee,90025,UPI,DEV-09-6,Web,Bangalore,15,3,0,42.77,26,3554.39,2170.5,27,186,521,0,0,0,454.99,0,
TXN09-04413,9,2026-07-30 15:30:56,1444.62,Software,90048,Card,DEV-09-1,iPhone,Goa,15,3,0,0.5,27,3547.24,2173.04,28,1472,793,0,0,0,454.99,0,
TXN09-04414,9,2026-07-30 15:33:08,3424.97,Coffee,90122,UPI,DEV-09-6,Web,Pune,15,3,0,2.2,28,3542.38,2172.87,3,187,2990,0,0,0,359.3,0,
TXN09-04415,9,2026-07-30 16:02:48,6595.56,Software,90048,Card,DEV-09-2,Web,Pune,16,3,0,29.67,29,3542.77,2172.84,29,911,2991,0,0,0,0.0,0,
TXN09-04416,9,2026-07-30 16:11:08,2676.07,Cloud Services,90059,Card,DEV-09-2,Web,Bangalore,16,3,0,8.33,30,3549.82,2175.27,9,912,522,0,0,0,735.23,0,
TXN09-04417,9,2026-07-30 16:13:19,4446.28,Software,90029,Card,DEV-09-6,Web,Pune,16,3,0,2.18,31,3547.8,2173.16,41,188,2992,0,0,0,735.23,0,
TXN09-04418,9,2026-07-30 16:59:45,5434.25,Restaurants,90001,UPI,DEV-09-2,Web,Goa,16,3,0,46.43,32,3546.27,2169.06,400,913,794,0,0,0,359.3,0,
TXN09-04419,9,2026-07-30 17:24:26,4085.99,Cloud Services,90002,Card,DEV-09-8,Web,Pune,17,3,0,24.68,33,3550.65,2168.45,318,89,2993,0,0,0,359.3,0,
TXN09-04420,9,2026-07-30 17:28:14,3208.75,Coffee,90143,UPI,DEV-09-1,iPhone,Pune,17,3,0,3.8,34,3547.83,2166.96,1,1473,2994,0,0,1,0.0,0,
TXN09-04421,9,2026-07-30 17:28:26,3475.82,Cloud Services,90144,UPI,DEV-09-2,Web,Pune,17,3,0,0.2,35,3547.05,2164.51,1,914,2995,0,0,1,0.0,0,
TXN09-04422,9,2026-07-30 17:42:01,3176.41,Cloud Services,90060,UPI,DEV-09-5,Android,Bangalore,17,3,0,13.58,36,3547.98,2164.4,10,283,523,0,0,0,735.23,0,
TXN09-04423,9,2026-07-30 17:59:40,8000.0,Cloud Services,90015,UPI,DEV-09-1,iPhone,Pune,17,3,0,17.65,37,3554.46,2159.06,58,1474,2996,0,0,0,735.23,0,
TXN09-04424,9,2026-07-30 18:06:58,3352.25,Coffee,90145,Card,DEV-09-2,Web,Bangalore,18,3,0,7.3,38,3564.73,2167.1,1,915,524,0,0,1,735.23,0,
TXN09-04425,9,2026-07-30 18:12:21,3934.65,Coffee,90021,Card,DEV-09-3,iPhone,Pune,18,3,0,5.38,39,3564.24,2164.63,78,654,2997,0,0,0,735.23,0,
TXN09-04426,9,2026-07-30 18:33:32,1522.72,Software,90007,UPI,DEV-09-1,iPhone,Goa,18,3,0,21.18,40,3568.05,2163.82,212,1475,795,0,0,0,359.3,0,
TXN09-04427,9,2026-07-30 18:37:07,1419.56,Cloud Services,90002,Card,DEV-09-2,Web,Goa,18,3,0,3.58,41,3563.35,2163.55,319,916,796,0,0,0,0.0,0,
TXN09-04428,9,2026-07-30 19:23:57,3051.8,Software,90006,Card,DEV-09-3,iPhone,Pune,19,3,0,46.83,42,3560.06,2162.65,352,655,2998,0,0,0,359.3,0,
TXN09-04429,9,2026-07-30 19:34:09,1877.39,Cloud Services,90002,Card,DEV-09-2,Web,Pune,19,3,0,10.2,43,3558.88,2160.27,320,917,2999,0,0,0,0.0,0,
TXN09-04430,9,2026-07-30 19:35:22,6035.6,Software,90137,UPI,DEV-09-2,Web,Pune,19,3,0,1.22,44,3554.99,2159.29,5,918,3000,0,0,0,0.0,0,
TXN09-04431,9,2026-07-30 19:35:29,4963.17,Coffee,90073,Card,DEV-09-5,Android,Goa,19,3,0,0.12,45,3560.71,2160.07,9,284,797,0,0,0,359.3,0,
TXN09-04432,9,2026-07-30 19:51:58,1778.28,Restaurants,90001,UPI,DEV-09-8,Web,Pune,19,3,0,16.48,46,3563.95,2158.63,401,90,3001,0,0,0,359.3,0,
TXN09-04433,9,2026-07-30 19:53:28,3791.48,Coffee,90022,Card,DEV-09-14,iPhone,Goa,19,3,0,1.5,47,3559.84,2157.84,56,10,798,0,0,0,359.3,0,
TXN09-04434,9,2026-07-30 20:09:05,3038.88,Cloud Services,90110,Card,DEV-09-5,Android,Bangalore,20,3,0,15.62,48,3560.37,2155.4,3,285,525,0,0,0,454.99,0,
TXN09-04435,9,2026-07-30 20:19:00,6022.23,Restaurants,90009,UPI,DEV-09-1,iPhone,Pune,20,3,0,9.92,49,3559.18,2153.07,84,1476,3002,0,0,0,735.23,0,
TXN09-04436,9,2026-07-30 20:55:44,1888.21,Coffee,90004,UPI,DEV-09-1,iPhone,Pune,20,3,0,36.73,50,3570.29,2153.23,335,1477,3003,0,0,0,0.0,0,
TXN09-04437,9,2026-07-30 21:06:20,2876.91,Cloud Services,90053,Card,DEV-09-1,iPhone,Pune,21,3,0,10.6,51,3566.45,2152.26,19,1478,3004,0,0,0,0.0,0,
TXN09-04438,9,2026-07-30 21:14:41,8000.0,Coffee,90020,UPI,DEV-09-5,Android,Pune,21,3,0,8.35,52,3557.69,2147.24,110,286,3005,0,0,0,0.0,0,
TXN09-04439,9,2026-07-30 21:58:31,731.65,Coffee,90019,UPI,DEV-09-1,iPhone,Pune,21,3,0,43.83,53,3582.25,2155.26,153,1479,3006,0,0,0,0.0,0,
TXN09-04440,9,2026-07-30 22:27:51,4866.94,Cloud Services,90003,Card,DEV-09-8,Web,Goa,22,3,0,29.33,54,3582.4,2156.92,138,91,799,0,0,0,359.3,0,
TXN09-04441,9,2026-07-30 22:28:45,1326.31,Restaurants,90001,UPI,DEV-09-3,iPhone,Goa,22,3,0,0.9,55,3585.35,2155.32,402,656,800,0,0,0,0.0,0,
TXN09-04442,9,2026-07-30 22:35:43,3011.41,Software,90007,UPI,DEV-09-2,Web,Pune,22,3,0,6.97,56,3580.17,2155.56,213,919,3007,0,0,0,359.3,0,
TXN09-04443,9,2026-07-30 23:03:00,1481.05,Software,90014,Card,DEV-09-3,iPhone,Pune,23,3,0,27.28,57,3571.33,2148.81,125,657,3008,0,0,0,0.0,0,
TXN09-04444,9,2026-07-30 23:35:22,4761.91,Restaurants,90008,UPI,DEV-09-2,Web,Goa,23,3,0,32.37,58,3556.98,2147.55,89,920,801,0,0,0,359.3,0,
TXN09-04445,9,2026-07-30 23:52:59,1835.63,Restaurants,90051,UPI,DEV-09-8,Web,Pune,23,3,0,17.62,59,3560.72,2148.24,10,92,3009,0,0,0,359.3,0,
TXN09-04446,9,2026-07-31 08:40:20,2948.76,Restaurants,90001,UPI,DEV-09-2,Web,Pune,8,4,0,527.35,1,3560.26,2151.63,403,921,3010,0,0,0,0.0,0,
TXN09-04447,9,2026-07-31 08:40:30,8000.0,Coffee,90024,UPI,DEV-09-1,iPhone,Pune,8,4,0,0.17,2,3558.84,2149.34,46,1480,3011,0,0,0,0.0,0,
TXN09-04448,9,2026-07-31 08:46:29,6906.89,Cloud Services,90030,Card,DEV-09-2,Web,Goa,8,4,0,5.98,3,3569.12,2157.43,32,922,802,0,0,0,359.3,0,
TXN09-04449,9,2026-07-31 09:04:23,3003.13,Coffee,90073,UPI,DEV-09-1,iPhone,Pune,9,4,0,17.9,4,3571.17,2156.16,10,1481,3012,0,0,0,359.3,0,
TXN09-04450,9,2026-07-31 09:32:01,4977.06,Software,90099,UPI,DEV-09-7,Android,Pune,9,4,0,27.63,5,3575.78,2157.4,8,151,3013,0,0,0,0.0,0,
TXN09-04451,9,2026-07-31 09:42:44,2815.23,Software,90102,Card,DEV-09-3,iPhone,Goa,9,4,0,10.72,6,3579.05,2155.94,5,658,803,0,0,0,359.3,0,
TXN09-04452,9,2026-07-31 09:57:43,1765.37,Software,90129,Card,DEV-09-6,Web,Pune,9,4,0,14.98,7,3580.68,2157.12,2,189,3014,0,0,0,359.3,0,
TXN09-04453,9,2026-07-31 10:18:10,5414.99,Restaurants,90005,UPI,DEV-09-1,iPhone,Pune,10,4,0,20.45,8,3566.12,2148.26,148,1482,3015,0,0,0,0.0,0,
TXN09-04454,9,2026-07-31 10:36:07,3179.84,Cloud Services,90053,Card,DEV-09-2,Web,Pune,10,4,0,17.95,9,3560.08,2139.4,20,923,3016,0,0,0,0.0,0,
TXN09-04455,9,2026-07-31 10:40:15,8000.0,Cloud Services,90003,Card,DEV-09-1,iPhone,Pune,10,4,0,4.13,10,3559.19,2136.98,139,1483,3017,0,0,0,0.0,0,
TXN09-04456,9,2026-07-31 10:48:34,4397.02,Software,90106,UPI,DEV-09-4,iPhone,Goa,10,4,0,8.32,11,3569.97,2147.67,6,434,804,0,0,0,359.3,0,
TXN09-04457,9,2026-07-31 10:54:23,1410.57,Cloud Services,90027,Card,DEV-09-2,Web,Bangalore,10,4,0,5.82,12,3571.9,2145.54,45,924,526,0,0,0,454.99,0,
TXN09-04458,9,2026-07-31 10:57:13,1958.7,Coffee,90004,UPI,DEV-09-1,iPhone,Bangalore,10,4,0,2.83,13,3566.88,2145.57,336,1484,527,0,0,0,0.0,0,
TXN09-04459,9,2026-07-31 10:57:38,4529.83,Cloud Services,90075,Card,DEV-09-4,iPhone,Goa,10,4,0,0.42,14,3563.16,2144.48,9,435,805,0,0,0,454.99,0,
TXN09-04460,9,2026-07-31 11:04:32,6729.27,Software,90014,UPI,DEV-09-2,Web,Bangalore,11,4,0,6.9,15,3556.24,2136.52,126,925,528,0,0,0,454.99,0,
TXN09-04461,9,2026-07-31 11:15:18,4172.82,Coffee,90084,Card,DEV-09-3,iPhone,Goa,11,4,0,10.77,16,3563.57,2139.48,7,659,806,0,0,0,454.99,0,
TXN09-04462,9,2026-07-31 11:30:37,1149.6,Restaurants,90026,UPI,DEV-09-3,iPhone,Pune,11,4,0,15.32,17,3558.03,2130.37,38,660,3018,0,0,0,359.3,0,
TXN09-04463,9,2026-07-31 11:32:26,724.63,Software,90006,Card,DEV-09-1,iPhone,Pune,11,4,0,1.82,18,3552.47,2131.04,353,1485,3019,0,0,0,0.0,0,
TXN09-04464,9,2026-07-31 11:32:42,1214.02,Restaurants,90005,Card,DEV-09-2,Web,Pune,11,4,0,0.27,19,3545.96,2132.9,149,926,3020,0,0,0,0.0,0,
TXN09-04465,9,2026-07-31 11:34:05,820.77,Coffee,90019,Card,DEV-09-2,Web,Bangalore,11,4,0,1.38,20,3540.6,2133.37,154,927,529,0,0,0,735.23,0,
TXN09-04466,9,2026-07-31 11:48:42,1871.32,Software,90014,UPI,DEV-09-3,iPhone,Pune,11,4,0,14.62,21,3534.36,2134.89,127,661,3021,0,0,0,735.23,0,
TXN09-04467,9,2026-07-31 11:51:57,1511.35,Cloud Services,90058,UPI,DEV-09-11,iPhone,Pune,11,4,0,3.25,22,3530.55,2133.93,12,24,3022,0,0,0,0.0,0,
TXN09-04468,9,2026-07-31 11:56:55,1696.96,Cloud Services,90113,Card,DEV-09-1,iPhone,Pune,11,4,0,4.97,23,3525.94,2133.67,3,1486,3023,0,0,0,0.0,0,
TXN09-04469,9,2026-07-31 13:23:33,6612.66,Cloud Services,90101,Card,DEV-09-2,Web,Pune,13,4,0,86.63,24,3513.75,2131.84,6,928,3024,0,0,0,0.0,0,
TXN09-04470,9,2026-07-31 13:32:21,4290.3,Cloud Services,90053,Card,DEV-09-2,Web,Pune,13,4,0,8.8,25,3520.88,2134.55,21,929,3025,0,0,0,0.0,0,
TXN09-04471,9,2026-07-31 13:34:22,2423.66,Cloud Services,90002,Card,DEV-09-4,iPhone,Pune,13,4,0,2.02,26,3522.64,2132.42,321,436,3026,0,0,0,0.0,0,
TXN09-04472,9,2026-07-31 14:18:04,4350.03,Software,90006,Card,DEV-09-1,iPhone,Goa,14,4,0,43.7,27,3503.05,2118.54,354,1487,807,0,0,0,359.3,0,
TXN09-04473,9,2026-07-31 14:22:07,970.13,Software,90029,UPI,DEV-09-1,iPhone,Bangalore,14,4,0,4.05,28,3505.0,2116.48,42,1488,530,0,0,0,454.99,0,
TXN09-04474,9,2026-07-31 15:07:20,2752.98,Restaurants,90001,Card,DEV-09-9,iPhone,Pune,15,4,0,45.22,29,3504.83,2116.68,404,54,3027,0,0,0,735.23,0,
TXN09-04475,9,2026-07-31 15:23:59,8000.0,Cloud Services,90140,UPI,DEV-09-2,Web,Pune,15,4,0,16.65,30,3508.44,2114.05,2,930,3028,0,0,0,0.0,0,
TXN09-04476,9,2026-07-31 15:42:15,6916.49,Coffee,90087,Card,DEV-09-13,Web,Goa,15,4,0,18.27,31,3519.77,2123.66,6,18,808,0,0,0,359.3,0,
TXN09-04477,9,2026-07-31 16:07:10,5025.16,Cloud Services,90015,Card,DEV-09-1,iPhone,Pune,16,4,0,24.92,32,3529.53,2116.21,59,1489,3029,0,0,0,359.3,0,
TXN09-04478,9,2026-07-31 16:13:15,3035.79,Cloud Services,90010,UPI,DEV-09-3,iPhone,Goa,16,4,0,6.08,33,3529.73,2116.34,110,662,809,0,0,0,359.3,0,
TXN09-04479,9,2026-07-31 16:20:47,5828.61,Cloud Services,90002,UPI,DEV-09-4,iPhone,Pune,16,4,0,7.53,34,3528.58,2114.03,322,437,3030,0,0,0,359.3,0,
TXN09-04480,9,2026-07-31 17:02:37,1792.65,Coffee,90022,UPI,DEV-09-1,iPhone,Bangalore,17,4,0,41.83,35,3542.89,2115.09,57,1490,531,0,0,0,735.23,0,
TXN09-04481,9,2026-07-31 17:14:27,6063.62,Restaurants,90013,UPI,DEV-09-1,iPhone,Pune,17,4,0,11.83,36,3538.84,2114.31,57,1491,3031,0,0,0,735.23,0,
TXN09-04482,9,2026-07-31 17:26:14,4006.55,Coffee,90039,Card,DEV-09-1,iPhone,Pune,17,4,0,11.78,37,3544.67,2115.34,19,1492,3032,0,0,0,0.0,0,
TXN09-04483,9,2026-07-31 17:44:26,2585.35,Software,90016,Card,DEV-09-3,iPhone,Goa,17,4,0,18.2,38,3539.51,2105.31,77,663,810,0,0,0,359.3,0,
TXN09-04484,9,2026-07-31 17:48:58,1907.88,Coffee,90024,Card,DEV-09-5,Android,Pune,17,4,0,4.53,39,3537.31,2103.38,47,287,3033,0,0,0,359.3,0,
TXN09-04485,9,2026-07-31 17:51:32,5457.38,Coffee,90146,Card,DEV-09-1,iPhone,Pune,17,4,0,2.57,40,3533.56,2102.41,1,1493,3034,0,0,1,0.0,0,
TXN09-04486,9,2026-07-31 17:55:24,1559.14,Restaurants,90001,UPI,DEV-09-1,iPhone,Delhi,17,4,0,3.87,41,3537.98,2102.01,405,1494,9,0,0,0,1179.48,0,
TXN09-04487,9,2026-07-31 18:01:59,6841.8,Cloud Services,90046,UPI,DEV-09-1,iPhone,Pune,18,4,0,6.58,42,3533.44,2101.73,16,1495,3035,0,0,0,1179.48,0,
TXN09-04488,9,2026-07-31 18:02:46,4065.94,Software,90006,UPI,DEV-09-1,iPhone,Goa,18,4,0,0.78,43,3541.01,2105.27,355,1496,811,0,0,0,359.3,0,
TXN09-04489,9,2026-07-31 18:25:39,1361.83,Software,90006,Card,DEV-09-1,iPhone,Pune,18,4,0,22.88,44,3519.31,2039.58,356,1497,3036,0,0,0,359.3,0,
TXN09-04490,9,2026-07-31 19:05:22,4043.47,Cloud Services,90010,Card,DEV-09-2,Web,Pune,19,4,0,39.72,45,3512.09,2048.9,111,931,3037,0,0,0,0.0,0,
TXN09-04491,9,2026-07-31 19:40:31,2054.22,Coffee,90147,Card,DEV-09-10,iPhone,Pune,19,4,0,35.15,46,3514.96,2048.78,1,35,3038,0,0,1,0.0,0,
TXN09-04492,9,2026-07-31 19:43:20,3633.98,Software,90016,UPI,DEV-09-3,iPhone,Goa,19,4,0,2.82,47,3523.15,2045.15,78,664,812,0,0,0,359.3,0,
TXN09-04493,9,2026-07-31 19:52:14,3220.43,Software,90007,UPI,DEV-09-3,iPhone,Pune,19,4,0,8.9,48,3522.11,2044.98,214,665,3039,0,0,0,359.3,0,
TXN09-04494,9,2026-07-31 19:57:47,923.1,Restaurants,90008,UPI,DEV-09-2,Web,Goa,19,4,0,5.55,49,3521.41,2042.66,90,932,813,0,0,0,359.3,0,
TXN09-04495,9,2026-07-31 20:06:31,1847.76,Coffee,90042,UPI,DEV-09-1,iPhone,Pune,20,4,0,8.73,50,3515.95,2042.08,19,1498,3040,0,0,0,359.3,0,
TXN09-04496,9,2026-07-31 20:11:55,6215.06,Coffee,90023,UPI,DEV-09-1,iPhone,Pune,20,4,0,5.4,51,3512.08,2041.29,54,1499,3041,0,0,0,0.0,0,
TXN09-04497,9,2026-07-31 20:39:39,2341.43,Coffee,90021,UPI,DEV-09-3,iPhone,Goa,20,4,0,27.73,52,3506.02,2033.98,79,666,814,0,0,0,359.3,0,
TXN09-04498,9,2026-07-31 20:50:18,1553.55,Cloud Services,90079,Card,DEV-09-2,Web,Bangalore,20,4,0,10.65,53,3503.65,2034.75,5,933,532,0,0,0,454.99,0,
TXN09-04499,9,2026-07-31 21:14:41,4210.91,Coffee,90004,UPI,DEV-09-2,Web,Pune,21,4,0,24.38,54,3511.25,2031.51,337,934,3042,0,0,0,735.23,0,
TXN09-04500,9,2026-07-31 21:23:15,8000.0,Software,90050,UPI,DEV-09-5,Android,Pune,21,4,0,8.57,55,3512.88,2029.42,17,288,3043,0,0,0,0.0,0,
TXN09-04501,9,2026-07-31 21:28:30,1566.0,Software,90006,UPI,DEV-09-1,iPhone,Pune,21,4,0,5.25,56,3523.32,2038.55,357,1500,3044,0,0,0,0.0,0,
TXN09-04502,9,2026-07-31 21:30:57,3971.95,Coffee,90021,UPI,DEV-09-1,iPhone,Pune,21,4,0,2.45,57,3518.77,2038.36,80,1501,3045,0,0,0,0.0,0,
TXN09-04503,9,2026-07-31 21:37:17,2030.8,Software,90048,Card,DEV-09-1,iPhone,Bangalore,21,4,0,6.33,58,3517.67,2037.99,30,1502,533,0,0,0,735.23,0,
TXN09-04504,9,2026-07-31 21:46:33,5417.78,Cloud Services,90002,Card,DEV-09-2,Web,Pune,21,4,0,9.27,59,3514.23,2036.88,323,935,3046,0,0,0,735.23,0,
TXN09-04505,9,2026-07-31 21:51:48,4475.54,Cloud Services,90002,UPI,DEV-09-8,Web,Pune,21,4,0,5.25,60,3518.63,2036.58,324,93,3047,0,0,0,0.0,0,
TXN09-04506,9,2026-07-31 22:01:03,3416.68,Software,90148,Card,DEV-09-13,Web,Pune,22,4,0,9.25,61,3520.83,2034.75,1,19,3048,0,0,1,0.0,0,
TXN09-04507,9,2026-07-31 22:20:29,480.42,Cloud Services,90003,Card,DEV-09-2,Web,Pune,22,4,0,19.43,62,3520.59,2032.41,140,936,3049,0,0,0,0.0,0,
TXN09-04508,9,2026-07-31 22:45:42,557.37,Restaurants,90076,UPI,DEV-09-2,Web,Pune,22,4,0,25.22,63,3512.27,2026.48,8,937,3050,0,0,0,0.0,0,
TXN09-04509,9,2026-07-31 23:42:05,1488.0,Coffee,90019,Card,DEV-09-1,iPhone,Pune,23,4,0,56.38,64,3505.89,2029.28,155,1503,3051,0,0,0,0.0,0,
TXN09-04510,9,2026-08-01 08:09:32,1622.78,Coffee,90064,Card,DEV-09-1,iPhone,Pune,8,5,1,507.45,1,3497.49,2030.11,11,1504,3052,0,0,0,0.0,0,
TXN09-04511,9,2026-08-01 08:33:49,3854.71,Coffee,90019,Card,DEV-09-2,Web,Goa,8,5,1,24.28,2,3491.0,2031.63,156,938,815,0,0,0,359.3,0,
TXN09-04512,9,2026-08-01 08:47:48,2955.03,Restaurants,90017,UPI,DEV-09-3,iPhone,Pune,8,5,1,13.98,3,3492.16,2031.69,47,667,3053,0,0,0,359.3,0,
TXN09-04513,9,2026-08-01 08:49:11,2807.58,Restaurants,90001,Card,DEV-09-4,iPhone,Pune,8,5,1,1.38,4,3490.92,2029.5,406,438,3054,0,0,0,0.0,0,
TXN09-04514,9,2026-08-01 09:25:58,3742.37,Coffee,90019,Card,DEV-09-4,iPhone,Goa,9,5,1,36.78,5,3489.34,2027.42,157,439,816,0,0,0,359.3,0,
TXN09-04515,9,2026-08-01 09:38:50,1934.79,Restaurants,90036,Card,DEV-09-2,Web,Pune,9,5,1,12.87,6,3495.16,2024.53,22,939,3055,0,0,0,359.3,0,
TXN09-04516,9,2026-08-01 10:12:19,8000.0,Coffee,90112,Card,DEV-09-5,Android,Pune,10,5,1,33.48,7,3491.56,2023.58,3,289,3056,0,0,0,0.0,0,
TXN09-04517,9,2026-08-01 10:54:45,8000.0,Restaurants,90001,UPI,DEV-09-4,iPhone,Pune,10,5,1,42.43,8,3513.0,2030.88,407,440,3057,0,0,0,0.0,0,
TXN09-04518,9,2026-08-01 11:13:15,2547.74,Cloud Services,90101,Card,DEV-09-16,Android,Pune,11,5,1,18.5,9,3527.01,2040.83,7,6,3058,0,0,0,0.0,0,
TXN09-04519,9,2026-08-01 11:23:57,6600.01,Coffee,90057,UPI,DEV-09-5,Android,Pune,11,5,1,10.7,10,3518.64,2037.4,17,290,3059,0,0,0,0.0,0,
TXN09-04520,9,2026-08-01 11:39:09,2145.63,Software,90048,UPI,DEV-09-4,iPhone,Pune,11,5,1,15.2,11,3525.74,2040.4,31,441,3060,0,0,0,0.0,0,
TXN09-04521,9,2026-08-01 11:43:39,1519.16,Coffee,90100,Card,DEV-09-2,Web,Pune,11,5,1,4.5,12,3515.06,2035.46,3,940,3061,0,0,0,0.0,0,
TXN09-04522,9,2026-08-01 11:43:53,5651.73,Restaurants,90036,UPI,DEV-09-2,Web,Pune,11,5,1,0.23,13,3510.47,2035.36,23,941,3062,0,0,0,0.0,0,
TXN09-04523,9,2026-08-01 12:35:37,6647.54,Coffee,90020,Card,DEV-09-1,iPhone,Goa,12,5,1,51.73,14,3523.74,2036.33,111,1505,817,0,0,0,359.3,0,
TXN09-04524,9,2026-08-01 12:37:43,1703.87,Restaurants,90001,Card,DEV-09-2,Web,Pune,12,5,1,2.1,15,3530.92,2039.48,408,942,3063,0,0,0,359.3,0,
TXN09-04525,9,2026-08-01 12:53:56,4433.26,Software,90007,UPI,DEV-09-2,Web,Pune,12,5,1,16.22,16,3526.73,2039.02,215,943,3064,0,0,0,0.0,0,
TXN09-04526,9,2026-08-01 12:56:15,6522.4,Coffee,90045,Card,DEV-09-6,Web,Goa,12,5,1,2.32,17,3528.8,2037.14,10,190,818,0,0,0,359.3,0,
TXN09-04527,9,2026-08-01 12:58:13,6132.07,Coffee,90004,UPI,DEV-09-1,iPhone,Goa,12,5,1,1.97,18,3535.64,2039.83,338,1506,819,0,0,0,0.0,0,
TXN09-04528,9,2026-08-01 13:30:01,2451.66,Coffee,90004,Card,DEV-09-1,iPhone,Bangalore,13,5,1,31.8,19,3541.55,2041.26,339,1507,534,0,0,0,454.99,0,
TXN09-04529,9,2026-08-01 13:40:39,4052.57,Cloud Services,90002,Card,DEV-09-2,Web,Pune,13,5,1,10.63,20,3541.55,2041.26,325,944,3065,0,0,0,735.23,0,
TXN09-04530,9,2026-08-01 14:07:27,7297.63,Software,90016,Card,DEV-09-7,Android,Bangalore,14,5,1,26.8,21,3542.71,2039.08,79,152,535,0,0,0,735.23,0,
TXN09-04531,9,2026-08-01 14:12:10,478.69,Cloud Services,90002,Card,DEV-09-7,Android,Goa,14,5,1,4.72,22,3551.22,2044.59,326,153,820,0,0,0,454.99,0,
TXN09-04532,9,2026-08-01 14:32:37,2110.96,Coffee,90019,UPI,DEV-09-2,Web,Pune,14,5,1,20.45,23,3546.49,2049.27,158,945,3066,0,0,0,359.3,0,
TXN09-04533,9,2026-08-01 14:51:14,8000.0,Cloud Services,90079,UPI,DEV-09-2,Web,Goa,14,5,1,18.62,24,3549.93,2045.58,6,946,821,0,0,0,359.3,0,
TXN09-04534,9,2026-08-01 15:23:56,6027.23,Coffee,90021,UPI,DEV-09-9,iPhone,Pune,15,5,1,32.7,25,3560.0,2054.18,81,55,3067,0,0,0,359.3,0,
TXN09-04535,9,2026-08-01 15:36:45,2653.5,Restaurants,90001,Card,DEV-09-2,Web,Goa,15,5,1,12.82,26,3565.57,2055.19,409,947,822,0,0,0,359.3,0,
TXN09-04536,9,2026-08-01 15:41:26,2345.29,Software,90077,Card,DEV-09-2,Web,Pune,15,5,1,4.68,27,3563.52,2053.33,7,948,3068,0,0,0,359.3,0,
TXN09-04537,9,2026-08-01 15:46:42,2817.89,Restaurants,90051,UPI,DEV-09-4,iPhone,Goa,15,5,1,5.27,28,3560.78,2051.84,11,442,823,0,0,0,359.3,0,
TXN09-04538,9,2026-08-01 15:46:53,3948.16,Cloud Services,90003,Card,DEV-09-2,Web,Bangalore,15,5,1,0.18,29,3559.11,2049.84,141,949,536,0,0,0,454.99,0,
TXN09-04539,9,2026-08-01 16:01:09,7999.49,Restaurants,90001,UPI,DEV-09-2,Web,Pune,16,5,1,14.27,30,3559.98,2047.62,410,950,3069,0,0,0,735.23,0,
TXN09-04540,9,2026-08-01 16:37:31,4774.23,Restaurants,90005,UPI,DEV-09-7,Android,Pune,16,5,1,36.37,31,3577.86,2057.99,150,154,3070,0,0,0,0.0,0,
TXN09-04541,9,2026-08-01 16:42:18,5439.32,Software,90014,Card,DEV-09-2,Web,Pune,16,5,1,4.78,32,3580.54,2056.46,128,951,3071,0,0,0,0.0,0,
TXN09-04542,9,2026-08-01 17:26:29,4031.26,Cloud Services,90002,Card,DEV-09-4,iPhone,Lucknow,17,5,1,44.18,33,3579.44,2059.88,327,443,9,0,0,0,1176.73,0,
TXN09-04543,9,2026-08-01 17:31:53,2373.99,Software,90029,Card,DEV-09-1,iPhone,Pune,17,5,1,5.4,34,3580.45,2057.68,43,1508,3072,0,0,0,1176.73,0,
TXN09-04544,9,2026-08-01 17:37:34,4533.81,Cloud Services,90062,UPI,DEV-09-4,iPhone,Pune,17,5,1,5.68,35,3577.75,2056.16,8,444,3073,0,0,0,0.0,0,
TXN09-04545,9,2026-08-01 18:45:19,5385.31,Coffee,90024,UPI,DEV-09-4,iPhone,Goa,18,5,1,67.75,36,3591.59,2054.78,48,445,824,0,0,0,359.3,0,
TXN09-04546,9,2026-08-01 18:54:08,3204.61,Restaurants,90001,UPI,DEV-09-4,iPhone,Pune,18,5,1,8.82,37,3585.7,2045.86,411,446,3074,0,0,0,359.3,0,
TXN09-04547,9,2026-08-01 19:43:41,1531.45,Cloud Services,90002,Card,DEV-09-4,iPhone,Pune,19,5,1,49.55,38,3585.36,2047.02,328,447,3075,0,0,0,0.0,0,
TXN09-04548,9,2026-08-01 20:51:48,1501.52,Coffee,90019,Card,DEV-09-6,Web,Pune,20,5,1,68.12,39,3589.29,2046.93,159,191,3076,0,0,0,0.0,0,
TXN09-04549,9,2026-08-01 20:54:14,1497.56,Software,90080,Card,DEV-09-1,iPhone,Bangalore,20,5,1,2.43,40,3584.57,2047.02,8,1509,537,0,0,0,735.23,0,
TXN09-04550,9,2026-08-01 21:24:23,2033.62,Cloud Services,90002,Card,DEV-09-2,Web,Pune,21,5,1,30.15,41,3579.86,2047.1,329,952,3077,0,0,0,735.23,0,
TXN09-04551,9,2026-08-01 21:40:01,3431.62,Software,90123,UPI,DEV-09-2,Web,Pune,21,5,1,15.63,42,3576.38,2046.11,2,953,3078,0,0,0,0.0,0,
TXN09-04552,9,2026-08-01 21:45:31,2823.32,Software,90029,UPI,DEV-09-3,iPhone,Pune,21,5,1,5.5,43,3576.05,2043.82,44,668,3079,0,0,0,0.0,0,
TXN09-04553,9,2026-08-01 21:47:08,2612.66,Restaurants,90009,UPI,DEV-09-8,Web,Pune,21,5,1,1.62,44,3574.36,2041.84,85,94,3080,0,0,0,0.0,0,
TXN09-04554,9,2026-08-01 21:48:56,3754.28,International Transfer,90001,UPI,DEV-09-1,iPhone,London,21,5,1,1.8,45,3572.21,2040.06,412,1510,6,0,0,0,7306.0,1,intl_transfer
TXN09-04555,9,2026-08-01 22:12:39,8000.0,Coffee,90039,Card,DEV-09-3,iPhone,Pune,22,5,1,23.72,46,3578.57,2040.42,20,669,3081,0,0,0,7306.0,0,
TXN09-04556,9,2026-08-01 22:13:06,2875.89,Software,90014,Card,DEV-09-1,iPhone,Pune,22,5,1,0.45,47,3588.46,2048.81,129,1511,3082,0,0,0,0.0,0,
TXN09-04557,9,2026-08-01 22:15:01,2127.5,Software,90014,UPI,DEV-09-2,Web,Pune,22,5,1,1.92,48,3586.87,2046.8,130,954,3083,0,0,0,0.0,0,
TXN09-04558,9,2026-08-01 22:18:41,4665.61,Cloud Services,90002,Card,DEV-09-3,iPhone,Pune,22,5,1,3.67,49,3583.62,2045.68,330,670,3084,0,0,0,0.0,0,
TXN09-04559,9,2026-08-01 22:33:22,2348.62,Coffee,90032,Card,DEV-09-11,iPhone,Pune,22,5,1,14.68,50,3586.03,2044.04,38,25,3085,0,0,0,0.0,0,
TXN09-04560,9,2026-08-01 22:40:07,3405.02,Software,90016,UPI,DEV-09-2,Web,Goa,22,5,1,6.75,51,3583.28,2042.6,80,955,825,0,0,0,359.3,0,
TXN09-04561,9,2026-08-01 22:45:40,1005.45,Restaurants,90026,UPI,DEV-09-4,iPhone,Pune,22,5,1,5.55,52,3584.2,2042.43,39,448,3086,0,0,0,359.3,0,
TXN09-04562,9,2026-08-01 22:56:07,2270.26,Restaurants,90001,Card,DEV-09-1,iPhone,Pune,22,5,1,10.45,53,3584.74,2044.67,413,1512,3087,0,0,0,0.0,0,
TXN09-04563,9,2026-08-01 22:56:22,8000.0,Restaurants,90005,Card,DEV-09-1,iPhone,Goa,22,5,1,0.25,54,3581.82,2043.33,151,1513,826,0,0,0,359.3,0,
TXN09-04564,9,2026-08-01 23:21:07,1910.4,Software,90018,Card,DEV-09-2,Web,Pune,23,5,1,24.75,55,3587.03,2054.11,69,956,3088,0,0,0,359.3,0,
TXN09-04565,9,2026-08-01 23:26:25,749.54,Coffee,90117,UPI,DEV-09-7,Android,Goa,23,5,1,5.3,56,3583.31,2053.34,4,155,827,0,0,0,359.3,0,
TXN09-04566,9,2026-08-02 08:39:49,3199.95,Restaurants,90119,UPI,DEV-09-9,iPhone,Pune,8,6,1,553.4,1,3582.27,2061.73,2,56,3089,0,0,0,359.3,0,
TXN09-04567,9,2026-08-02 08:48:07,1545.7,Cloud Services,90002,Card,DEV-09-1,iPhone,Bangalore,8,6,1,8.3,2,3573.92,2055.73,331,1514,538,0,0,0,735.23,0,
TXN09-04568,9,2026-08-02 09:06:45,2568.18,Software,90006,UPI,DEV-09-2,Web,Pune,9,6,1,18.63,3,3560.28,2055.72,358,957,3090,0,0,0,735.23,0,
TXN09-04569,9,2026-08-02 09:33:14,6743.89,Cloud Services,90002,UPI,DEV-09-6,Web,Pune,9,6,1,26.48,4,3558.05,2053.94,332,192,3091,0,0,0,0.0,0,
TXN09-04570,9,2026-08-02 09:38:55,2283.94,Cloud Services,90034,UPI,DEV-09-1,iPhone,Goa,9,6,1,5.68,5,3565.19,2057.17,37,1515,828,0,0,0,359.3,0,
TXN09-04571,9,2026-08-02 09:53:51,8000.0,Software,90137,UPI,DEV-09-7,Android,Pune,9,6,1,14.93,6,3565.16,2055.35,6,156,3092,0,0,0,359.3,0,
TXN09-04572,9,2026-08-02 11:09:11,4101.66,Coffee,90022,Card,DEV-09-1,iPhone,Goa,11,6,1,75.33,7,3582.5,2072.58,58,1516,829,0,0,0,359.3,0,
TXN09-04573,9,2026-08-02 11:12:11,4298.83,Coffee,90035,Card,DEV-09-1,iPhone,Pune,11,6,1,3.0,8,3583.68,2070.36,25,1517,3093,0,0,0,359.3,1,ato_short_gap
TXN09-04574,9,2026-08-02 11:40:13,3774.2,Coffee,90021,Card,DEV-09-2,Web,Pune,11,6,1,28.03,9,3574.82,2062.2,82,958,3094,0,0,0,0.0,0,
TXN09-04575,9,2026-08-02 11:44:35,729.47,Restaurants,90149,Card,DEV-09-8,Web,Pune,11,6,1,4.37,10,3566.6,2058.72,1,95,3095,0,0,1,0.0,0,
TXN09-04576,9,2026-08-02 12:22:25,3116.63,Restaurants,90012,UPI,DEV-09-1,iPhone,Indore,12,6,1,37.83,11,3555.19,2059.6,69,1518,7,0,0,0,511.24,0,
TXN09-04577,9,2026-08-02 12:24:20,2773.06,Cloud Services,90002,Card,DEV-09-5,Android,Pune,12,6,1,1.92,12,3557.49,2058.55,333,291,3096,0,0,0,511.24,0,
TXN09-04578,9,2026-08-02 12:25:30,860.36,Restaurants,90008,UPI,DEV-09-2,Web,Goa,12,6,1,1.17,13,3555.69,2056.54,91,959,830,0,0,0,359.3,0,
TXN09-04579,9,2026-08-02 12:36:16,5808.68,Software,90006,UPI,DEV-09-6,Web,Goa,12,6,1,10.77,14,3552.74,2059.47,359,193,831,0,0,0,0.0,0,
TXN09-04580,9,2026-08-02 13:02:36,8000.0,Cloud Services,90110,Card,DEV-09-2,Web,Bangalore,13,6,1,26.33,15,3568.99,2062.57,4,960,539,0,0,0,454.99,0,
TXN09-04581,9,2026-08-02 13:03:52,3279.26,Software,90139,Card,DEV-09-1,iPhone,Goa,13,6,1,1.27,16,3579.18,2071.1,2,1519,832,0,0,0,454.99,0,
TXN09-04582,9,2026-08-02 13:05:33,1946.46,Software,90018,Card,DEV-09-19,iPhone,Pune,13,6,1,1.68,17,3579.78,2070.97,70,4,3097,0,0,0,359.3,0,
TXN09-04583,9,2026-08-02 14:02:05,3201.13,Software,90050,UPI,DEV-09-1,iPhone,Pune,14,6,1,56.53,18,3583.99,2069.22,18,1520,3098,0,0,0,0.0,0,
TXN09-04584,9,2026-08-02 14:19:33,6626.0,Cloud Services,90060,UPI,DEV-09-1,iPhone,Pune,14,6,1,17.47,19,3585.57,2071.47,11,1521,3099,0,0,0,0.0,0,
TXN09-04585,9,2026-08-02 14:49:26,448.78,Restaurants,90028,UPI,DEV-09-1,iPhone,Pune,14,6,1,29.88,20,3583.11,2067.22,24,1522,3100,0,0,0,0.0,0,
TXN09-04586,9,2026-08-02 15:09:46,1310.16,Cloud Services,90011,UPI,DEV-09-6,Web,Pune,15,6,1,20.33,21,3573.43,2072.21,79,194,3101,0,0,0,0.0,0,
TXN09-04587,9,2026-08-02 15:16:03,1447.69,Coffee,90112,Card,DEV-09-2,Web,Pune,15,6,1,6.28,22,3568.13,2072.67,4,961,3102,0,0,0,0.0,0,
TXN09-04588,9,2026-08-02 15:44:27,2689.67,Coffee,90019,UPI,DEV-09-6,Web,Pune,15,6,1,28.4,23,3560.67,2074.56,160,195,3103,0,0,0,0.0,0,
TXN09-04589,9,2026-08-02 15:54:30,4744.39,Restaurants,90001,UPI,DEV-09-4,iPhone,Pune,15,6,1,10.05,24,3558.64,2072.56,414,449,3104,0,0,0,0.0,0,
TXN09-04590,9,2026-08-02 15:55:20,6305.3,Coffee,90064,UPI,DEV-09-2,Web,Pune,15,6,1,0.83,25,3566.54,2070.62,12,962,3105,0,0,0,0.0,0,
TXN09-04591,9,2026-08-02 16:29:46,3939.77,Coffee,90020,Card,DEV-09-3,iPhone,Pune,16,6,1,34.43,26,3574.06,2079.4,112,671,3106,0,0,0,0.0,0,
TXN09-04592,9,2026-08-02 16:32:11,3224.79,Restaurants,90061,Card,DEV-09-5,Android,Chennai,16,6,1,2.42,27,3574.92,2077.04,15,292,7,0,0,0,914.36,0,
TXN09-04593,9,2026-08-02 16:46:24,1828.63,Software,90150,Card,DEV-09-2,Web,Bangalore,16,6,1,14.22,28,3577.23,2075.13,1,963,540,0,0,1,290.17,0,
TXN09-04594,9,2026-08-02 16:50:32,2870.6,Coffee,90024,Card,DEV-09-4,iPhone,Pune,16,6,1,4.13,29,3573.14,2074.42,49,450,3107,0,0,0,735.23,0,
TXN09-04595,9,2026-08-02 17:18:24,7306.37,Cloud Services,90030,Card,DEV-09-6,Web,Pune,17,6,1,27.87,30,3574.1,2076.77,33,196,3108,0,0,0,0.0,0,
TXN09-04596,9,2026-08-02 17:20:35,3613.2,Software,90078,Card,DEV-09-3,iPhone,Pune,17,6,1,2.18,31,3582.84,2082.17,16,672,3109,0,0,0,0.0,0,
TXN09-04597,9,2026-08-02 17:25:38,4926.0,Cloud Services,90101,UPI,DEV-09-5,Android,Pune,17,6,1,5.05,32,3588.58,2078.87,8,293,3110,0,0,0,0.0,0,
TXN09-04598,9,2026-08-02 17:35:21,1159.61,Cloud Services,90011,Card,DEV-09-1,iPhone,Pune,17,6,1,9.72,33,3591.7,2077.44,80,1523,3111,0,0,0,0.0,0,
TXN09-04599,9,2026-08-02 17:36:01,3662.95,Cloud Services,90003,Card,DEV-09-1,iPhone,Pune,17,6,1,0.67,34,3586.03,2078.33,142,1524,3112,0,0,0,0.0,0,
TXN09-04600,9,2026-08-02 17:36:49,2472.43,Software,90131,UPI,DEV-09-2,Web,Pune,17,6,1,0.8,35,3586.21,2075.91,2,964,3113,0,0,0,0.0,0,
TXN09-04601,9,2026-08-02 17:51:37,1339.28,Coffee,90141,Card,DEV-09-3,iPhone,Goa,17,6,1,14.8,36,3583.63,2074.2,2,673,833,0,0,0,359.3,0,
TXN09-04602,9,2026-08-02 17:56:17,3725.54,Software,90006,UPI,DEV-09-3,iPhone,Pune,17,6,1,4.67,37,3583.18,2074.66,360,674,3114,0,0,0,359.3,0,
TXN09-04603,9,2026-08-02 18:25:45,4987.15,Restaurants,90026,Card,DEV-09-7,Android,Pune,18,6,1,29.47,38,3573.77,2064.77,40,157,3115,0,0,0,0.0,0,
TXN09-04604,9,2026-08-02 18:52:40,4058.8,Coffee,90164,Card,DEV-09-3,iPhone,Pune,18,6,1,26.92,39,3572.53,2060.14,2,675,3116,0,0,0,0.0,1,ato_new_merchant_same_category
TXN09-04605,9,2026-08-02 19:23:18,6917.45,Software,90006,UPI,DEV-09-8,Web,Goa,19,6,1,30.63,40,3569.38,2058.79,361,96,834,0,0,0,359.3,0,
TXN09-04606,9,2026-08-02 19:31:33,2115.37,Restaurants,90009,Card,DEV-09-3,iPhone,Pune,19,6,1,8.25,41,3577.17,2062.71,86,676,3117,0,0,0,359.3,0,
TXN09-04607,9,2026-08-02 19:46:52,7793.75,Restaurants,90105,UPI,DEV-09-1,iPhone,Goa,19,6,1,15.32,42,3579.81,2061.87,4,1525,835,0,0,0,359.3,0,
TXN09-04608,9,2026-08-02 20:06:47,4495.93,Coffee,90114,Card,DEV-09-7,Android,Goa,20,6,1,19.92,43,3596.06,2072.09,4,158,836,0,0,0,0.0,0,
TXN09-04609,9,2026-08-02 20:21:34,4808.5,Coffee,90045,Card,DEV-09-16,Android,Pune,20,6,1,14.78,44,3603.64,2069.43,11,7,3118,0,0,0,359.3,0,
TXN09-04610,9,2026-08-02 20:22:23,2595.9,Coffee,90022,UPI,DEV-09-3,iPhone,Pune,20,6,1,0.82,45,3606.45,2067.83,59,677,3119,0,0,0,0.0,0,
TXN09-04611,9,2026-08-02 20:29:16,3121.7,Cloud Services,90128,Card,DEV-09-6,Web,Bangalore,20,6,1,6.88,46,3604.1,2066.0,2,197,541,0,0,0,735.23,0,
TXN09-04612,9,2026-08-02 20:43:18,1934.87,Software,90007,Card,DEV-09-3,iPhone,Pune,20,6,1,14.03,47,3611.2,2065.13,216,678,3120,0,0,0,735.23,0,
TXN09-04613,9,2026-08-02 20:55:38,6088.36,Coffee,90114,UPI,DEV-09-2,Web,Pune,20,6,1,12.33,48,3611.37,2064.99,5,965,3121,0,0,0,0.0,0,
TXN09-04614,9,2026-08-02 20:58:51,2280.82,Cloud Services,90142,UPI,DEV-09-8,Web,Pune,20,6,1,3.22,49,3617.14,2066.04,2,97,3122,0,0,0,0.0,0,
TXN09-04615,9,2026-08-02 21:06:29,6964.06,Restaurants,90008,UPI,DEV-09-2,Web,Goa,21,6,1,7.63,50,3614.04,2064.63,92,966,837,0,0,0,359.3,0,
TXN09-04616,9,2026-08-02 21:20:23,1538.54,Software,90006,UPI,DEV-09-2,Web,Pune,21,6,1,13.9,51,3621.81,2068.53,362,967,3123,0,0,0,359.3,0,
TXN09-04617,9,2026-08-02 21:21:41,839.94,Coffee,90024,UPI,DEV-09-1,iPhone,Pune,21,6,1,1.3,52,3616.99,2068.56,50,1526,3124,0,0,0,0.0,0,
TXN09-04618,9,2026-08-02 21:23:30,4450.9,Restaurants,90149,UPI,DEV-09-1,iPhone,Pune,21,6,1,1.82,53,3610.57,2070.46,2,1527,3125,0,0,0,0.0,0,
TXN09-04619,9,2026-08-02 22:06:52,2140.54,Software,90007,Card,DEV-09-1,iPhone,Pune,22,6,1,43.37,54,3619.96,2062.15,217,1528,3126,0,0,0,0.0,0,
TXN09-04620,9,2026-08-02 22:32:47,420.49,Cloud Services,90062,Card,DEV-09-5,Android,Goa,22,6,1,25.92,55,3629.15,2057.36,9,294,838,0,0,0,359.3,0,
TXN09-04621,9,2026-08-02 23:00:31,3628.16,Cloud Services,90003,Card,DEV-09-1,iPhone,Goa,23,6,1,27.73,56,3618.64,2068.78,143,1529,839,0,0,0,0.0,0,
TXN09-04622,9,2026-08-02 23:26:45,5907.95,Restaurants,90001,UPI,DEV-09-2,Web,Pune,23,6,1,26.23,57,3615.1,2071.93,415,968,3127,0,0,0,359.3,0,
TXN09-04623,9,2026-08-02 23:38:14,2128.53,Cloud Services,90002,UPI,DEV-09-1,iPhone,Pune,23,6,1,11.48,58,3629.11,2071.25,334,1530,3128,0,0,0,0.0,0,
TXN09-04624,9,2026-08-03 08:08:02,1583.19,Software,90047,Card,DEV-09-3,iPhone,Pune,8,0,0,509.8,1,3635.43,2069.28,29,679,3129,0,0,0,0.0,0,
TXN09-04625,9,2026-08-03 08:11:38,5390.85,Software,90014,UPI,DEV-09-1,iPhone,Pune,8,0,0,3.6,2,3630.58,2069.23,131,1531,3130,0,0,0,0.0,0,
TXN09-04626,9,2026-08-03 08:22:37,5372.27,Cloud Services,90151,UPI,DEV-09-2,Web,Pune,8,0,0,10.98,3,3640.52,2071.7,1,969,3131,0,0,1,0.0,0,
TXN09-04627,9,2026-08-03 08:46:44,462.65,Software,90014,Card,DEV-09-1,iPhone,Bangalore,8,0,0,24.12,4,3643.57,2070.44,132,1532,542,0,0,0,735.23,0,
TXN09-04628,9,2026-08-03 08:51:08,1707.75,Cloud Services,90046,UPI,DEV-09-2,Web,Pune,8,0,0,4.4,5,3636.02,2073.77,17,970,3132,0,0,0,735.23,0,
TXN09-04629,9,2026-08-03 08:56:52,3430.8,Cloud Services,90030,Card,DEV-09-2,Web,Pune,8,0,0,5.73,6,3631.45,2073.43,34,971,3133,0,0,0,0.0,0,
TXN09-04630,9,2026-08-03 09:18:57,1934.59,Software,90016,Card,DEV-09-1,iPhone,Pune,9,0,0,22.08,7,3634.41,2072.24,81,1533,3134,0,0,0,0.0,0,
TXN09-04631,9,2026-08-03 09:36:43,6712.53,Cloud Services,90054,UPI,DEV-09-2,Web,Pune,9,0,0,17.77,8,3632.43,2075.49,20,972,3135,0,0,0,0.0,0,
TXN09-04632,9,2026-08-03 09:51:24,3377.31,Software,90103,Card,DEV-09-2,Web,Pune,9,0,0,14.68,9,3639.73,2078.43,4,973,3136,0,0,0,0.0,0,
TXN09-04633,9,2026-08-03 09:58:44,4335.73,Software,90050,UPI,DEV-09-2,Web,Goa,9,0,0,7.33,10,3639.11,2076.01,19,974,840,0,0,0,359.3,0,
TXN09-04634,9,2026-08-03 10:11:52,1602.53,Restaurants,90005,UPI,DEV-09-6,Web,Pune,10,0,0,13.13,11,3640.75,2073.83,152,198,3137,0,0,0,359.3,0,
TXN09-04635,9,2026-08-03 10:25:50,5258.07,Cloud Services,90002,Card,DEV-09-1,iPhone,Goa,10,0,0,13.97,12,3630.26,2074.33,335,1534,841,0,0,0,359.3,0,
TXN09-04636,9,2026-08-03 10:48:33,2065.52,Restaurants,90005,UPI,DEV-09-1,iPhone,Pune,10,0,0,22.72,13,3629.28,2064.27,153,1535,3138,0,0,0,359.3,0,
TXN09-04637,9,2026-08-03 10:58:15,4771.8,Restaurants,90051,UPI,DEV-09-3,iPhone,Pune,10,0,0,9.7,14,3625.59,2063.23,12,680,3139,0,0,0,0.0,0,
TXN09-04638,9,2026-08-03 11:01:20,2461.53,Cloud Services,90010,Card,DEV-09-4,iPhone,Goa,11,0,0,3.08,15,3628.29,2061.55,112,451,842,0,0,0,359.3,0,
TXN09-04639,9,2026-08-03 11:08:52,4335.54,Cloud Services,90054,Card,DEV-09-4,iPhone,Goa,11,0,0,7.53,16,3625.55,2059.89,21,452,843,0,0,0,0.0,0,
TXN09-04640,9,2026-08-03 11:22:38,3689.27,Restaurants,90017,Card,DEV-09-2,Web,Bangalore,11,0,0,13.77,17,3628.23,2060.07,48,975,543,0,0,0,454.99,0,
TXN09-04641,9,2026-08-03 11:26:23,3037.97,Coffee,90004,Card,DEV-09-2,Web,Goa,11,0,0,3.75,18,3628.37,2057.66,340,976,844,0,0,0,454.99,0,
TXN09-04642,9,2026-08-03 11:38:25,4403.27,Coffee,90143,Card,DEV-09-1,iPhone,Pune,11,0,0,12.03,19,3626.99,2055.44,2,1536,3140,0,0,0,359.3,0,
TXN09-04643,9,2026-08-03 12:11:15,3385.2,Cloud Services,90002,UPI,DEV-09-4,iPhone,Goa,12,0,0,32.83,20,3632.6,2056.86,336,453,845,0,0,0,359.3,0,
TXN09-04644,9,2026-08-03 12:38:02,4483.9,Cloud Services,90101,Card,DEV-09-37,iPhone,Bangalore,12,0,0,26.78,21,3622.3,2048.33,9,1,544,1,0,0,454.99,0,
TXN09-04645,9,2026-08-03 12:43:18,4196.64,Restaurants,90008,UPI,DEV-09-3,iPhone,Pune,12,0,0,5.27,22,3624.32,2046.35,93,681,3141,0,0,0,735.23,0,
TXN09-04646,9,2026-08-03 12:46:45,4950.83,Restaurants,90005,Card,DEV-09-6,Web,Pune,12,0,0,3.45,23,3625.66,2044.14,154,199,3142,0,0,0,0.0,0,
TXN09-04647,9,2026-08-03 12:52:09,3245.8,Restaurants,90001,Card,DEV-09-5,Android,Pune,12,0,0,5.4,24,3628.76,2042.75,416,295,3143,0,0,0,0.0,0,
TXN09-04648,9,2026-08-03 12:55:32,3059.77,Coffee,90004,UPI,DEV-09-3,iPhone,Goa,12,0,0,3.38,25,3627.86,2040.45,341,682,846,0,0,0,359.3,0,
TXN09-04649,9,2026-08-03 13:31:59,4918.53,Cloud Services,90118,Card,DEV-09-4,iPhone,Pune,13,0,0,36.45,26,3627.07,2042.83,2,454,3144,0,0,0,359.3,0,
TXN09-04650,9,2026-08-03 13:34:35,4761.04,Coffee,90004,Card,DEV-09-6,Web,Goa,13,0,0,2.6,27,3630.08,2041.4,342,200,847,0,0,0,359.3,0,
TXN09-04651,9,2026-08-03 13:44:06,2698.3,Cloud Services,90002,Card,DEV-09-10,iPhone,Pune,13,0,0,9.52,28,3630.26,2041.5,337,36,3145,0,0,0,359.3,0,
TXN09-04652,9,2026-08-03 13:55:07,2753.32,Software,90131,Card,DEV-09-1,iPhone,Pune,13,0,0,11.02,29,3628.09,2039.62,3,1537,3146,0,0,0,0.0,0,
TXN09-04653,9,2026-08-03 14:00:43,4862.39,Software,90049,UPI,DEV-09-5,Android,Goa,14,0,0,5.6,30,3616.97,2031.31,22,296,848,0,0,0,359.3,0,
TXN09-04654,9,2026-08-03 14:23:45,4351.33,Coffee,90004,Card,DEV-09-5,Android,Goa,14,0,0,23.03,31,3633.63,2028.9,343,297,849,0,0,0,0.0,0,
TXN09-04655,9,2026-08-03 14:44:39,2370.83,Cloud Services,90003,Card,DEV-09-1,iPhone,Pune,14,0,0,20.9,32,3635.53,2029.19,144,1538,3147,0,0,0,359.3,0,
TXN09-04656,9,2026-08-03 14:47:06,2111.5,Restaurants,90031,UPI,DEV-09-3,iPhone,Pune,14,0,0,2.45,33,3632.58,2027.74,28,683,3148,0,0,0,0.0,0,
TXN09-04657,9,2026-08-03 14:56:52,5006.33,Software,90018,UPI,DEV-09-5,Android,Pune,14,0,0,9.77,34,3629.05,2026.71,71,298,3149,0,0,0,0.0,0,
TXN09-04658,9,2026-08-03 15:32:36,1704.33,Coffee,90004,UPI,DEV-09-2,Web,Pune,15,0,0,35.73,35,3628.84,2026.56,344,977,3150,0,0,0,0.0,0,
TXN09-04659,9,2026-08-03 15:37:58,2383.88,Software,90006,UPI,DEV-09-2,Web,Pune,15,0,0,5.37,36,3624.37,2026.33,363,978,3151,0,0,0,0.0,0,
TXN09-04660,9,2026-08-03 15:44:35,2191.5,Cloud Services,90113,Card,DEV-09-3,iPhone,Pune,15,0,0,6.62,37,3621.5,2024.86,4,684,3152,0,0,0,0.0,0,
TXN09-04661,9,2026-08-03 15:50:49,810.25,Coffee,90057,UPI,DEV-09-2,Web,Bangalore,15,0,0,6.23,38,3618.2,2023.68,18,979,545,0,0,0,735.23,0,
TXN09-04662,9,2026-08-03 15:51:04,582.14,Cloud Services,90038,UPI,DEV-09-4,iPhone,Pune,15,0,0,0.25,39,3611.73,2025.83,27,455,3153,0,0,0,735.23,0,
TXN09-04663,9,2026-08-03 15:59:16,2612.11,Coffee,90004,Card,DEV-09-3,iPhone,Pune,15,0,0,8.2,40,3604.77,2028.69,345,685,3154,0,0,0,0.0,0,
TXN09-04664,9,2026-08-03 16:28:14,2667.41,Coffee,90044,Card,DEV-09-3,iPhone,Bangalore,16,0,0,28.97,41,3596.04,2022.88,16,686,546,0,0,0,735.23,0,
TXN09-04665,9,2026-08-03 16:31:02,5820.22,Software,90006,UPI,DEV-09-4,iPhone,Pune,16,0,0,2.8,42,3593.91,2021.04,364,456,3155,0,0,0,735.23,0,
TXN09-04666,9,2026-08-03 16:38:37,2207.59,Software,90006,Card,DEV-09-1,iPhone,Pune,16,0,0,7.58,43,3600.09,2024.85,365,1539,3156,0,0,0,0.0,0,
TXN09-04667,9,2026-08-03 16:41:34,1842.9,Cloud Services,90003,Card,DEV-09-4,iPhone,Pune,16,0,0,2.95,44,3596.89,2023.62,145,457,3157,0,0,0,0.0,0,
TXN09-04668,9,2026-08-03 16:46:34,2411.28,Restaurants,90051,Card,DEV-09-3,iPhone,Pune,16,0,0,5.0,45,3592.87,2023.04,13,687,3158,0,0,0,0.0,1,ato_short_gap
TXN09-04669,9,2026-08-03 16:51:54,2948.64,Restaurants,90001,UPI,DEV-09-3,iPhone,Bangalore,16,0,0,5.33,46,3590.16,2021.51,417,688,547,0,0,0,735.23,0,
TXN09-04670,9,2026-08-03 17:02:58,3107.33,Software,90109,Card,DEV-09-1,iPhone,Pune,17,0,0,11.07,47,3588.7,2019.43,4,1540,3159,0,0,0,735.23,0,
TXN09-04671,9,2026-08-03 17:08:04,1766.09,Cloud Services,90002,Card,DEV-09-1,iPhone,Pune,17,0,0,5.1,48,3589.47,2019.18,338,1541,3160,0,0,0,0.0,0,
TXN09-04672,9,2026-08-03 17:18:05,3426.64,Coffee,90052,UPI,DEV-09-9,iPhone,Pune,17,0,0,10.02,49,3582.46,2020.17,14,57,3161,0,0,0,0.0,0,
TXN09-04673,9,2026-08-03 17:38:09,4333.69,Coffee,90025,Card,DEV-09-2,Web,Pune,17,0,0,20.07,50,3591.76,2021.31,28,980,3162,0,0,0,0.0,0,
TXN09-04674,9,2026-08-03 17:39:16,2284.25,Cloud Services,90054,Card,DEV-09-1,iPhone,Bangalore,17,0,0,1.12,51,3593.46,2019.31,22,1542,548,0,0,0,735.23,0,
TXN09-04675,9,2026-08-03 17:46:15,3740.87,Coffee,90045,UPI,DEV-09-3,iPhone,Goa,17,0,0,6.98,52,3588.78,2019.97,12,689,850,0,0,0,454.99,0,
TXN09-04676,9,2026-08-03 18:00:46,2149.41,Software,90049,Card,DEV-09-2,Web,Goa,18,0,0,14.52,53,3593.34,2020.37,23,981,851,0,0,0,0.0,0,
TXN09-04677,9,2026-08-03 18:23:34,7119.81,Coffee,90146,Card,DEV-09-2,Web,Pune,18,0,0,22.8,54,3587.06,2013.47,2,982,3163,0,0,0,359.3,0,
TXN09-04678,9,2026-08-03 18:30:44,3373.57,Coffee,90146,UPI,DEV-09-1,iPhone,Bangalore,18,0,0,7.17,55,3595.2,2018.27,3,1543,549,0,0,0,735.23,0,
TXN09-04679,9,2026-08-03 18:44:57,1367.17,Coffee,90141,UPI,DEV-09-3,iPhone,Goa,18,0,0,14.22,56,3587.83,2009.57,3,690,852,0,0,0,454.99,0,
TXN09-04680,9,2026-08-03 18:46:06,3730.52,Software,90014,UPI,DEV-09-1,iPhone,Pune,18,0,0,1.15,57,3582.7,2010.07,133,1544,3164,0,0,0,359.3,0,
TXN09-04681,9,2026-08-03 18:47:50,3016.24,Software,90006,UPI,DEV-09-10,iPhone,Pune,18,0,0,1.73,58,3583.04,2007.77,366,37,3165,0,0,0,0.0,0,
TXN09-04682,9,2026-08-03 18:59:02,2402.35,Coffee,90024,Card,DEV-09-3,iPhone,Pune,18,0,0,11.2,59,3581.74,2005.64,51,691,3166,0,0,0,0.0,0,
TXN09-04683,9,2026-08-03 19:06:31,3192.98,Coffee,90019,UPI,DEV-09-1,iPhone,Pune,19,0,0,7.48,60,3585.5,2001.89,161,1545,3167,0,0,0,0.0,0,
TXN09-04684,9,2026-08-03 19:08:56,7196.03,Cloud Services,90118,Card,DEV-09-12,iPhone,Pune,19,0,0,2.42,61,3585.1,2001.95,3,21,3168,0,0,0,0.0,0,
TXN09-04685,9,2026-08-03 19:40:12,1502.57,Coffee,90023,Card,DEV-09-4,iPhone,Pune,19,0,0,31.27,62,3583.25,1998.24,55,458,3169,0,0,0,0.0,0,
TXN09-04686,9,2026-08-03 20:14:19,5972.15,Restaurants,90012,Card,DEV-09-4,iPhone,Pune,20,0,0,34.12,63,3570.19,1996.84,70,459,3170,0,0,0,0.0,0,
TXN09-04687,9,2026-08-03 21:05:51,6387.68,Restaurants,90005,UPI,DEV-09-2,Web,Pune,21,0,0,51.53,64,3575.87,2006.19,155,983,3171,0,0,0,0.0,0,
TXN09-04688,9,2026-08-03 21:07:10,3675.93,Coffee,90134,UPI,DEV-09-11,iPhone,Pune,21,0,0,1.32,65,3582.4,2008.43,2,26,3172,0,0,0,0.0,0,
TXN09-04689,9,2026-08-03 21:13:20,3353.62,Software,90040,UPI,DEV-09-1,iPhone,Pune,21,0,0,6.17,66,3583.41,2008.37,32,1546,3173,0,0,0,0.0,0,
TXN09-04690,9,2026-08-03 21:18:56,4720.89,Cloud Services,90002,Card,DEV-09-3,iPhone,Pune,21,0,0,5.6,67,3587.16,2006.43,339,692,3174,0,0,0,0.0,0,
TXN09-04691,9,2026-08-03 21:32:10,1564.97,Software,90129,Card,DEV-09-3,iPhone,Pune,21,0,0,13.23,68,3589.79,2004.84,3,693,3175,0,0,0,0.0,0,
TXN09-04692,9,2026-08-03 21:41:05,3386.76,Cloud Services,90097,UPI,DEV-09-5,Android,Pune,21,0,0,8.92,69,3585.11,2004.88,7,299,3176,0,0,0,0.0,0,
TXN09-04693,9,2026-08-03 21:45:58,3254.11,Restaurants,90017,UPI,DEV-09-1,iPhone,Pune,21,0,0,4.88,70,3583.18,2004.67,49,1547,3177,0,0,0,0.0,0,
TXN09-04694,9,2026-08-03 21:49:15,818.6,Cloud Services,90128,Card,DEV-09-1,iPhone,Pune,21,0,0,3.28,71,3582.42,2002.42,3,1548,3178,0,0,0,0.0,0,
TXN09-04695,9,2026-08-03 21:50:08,1586.3,Cloud Services,90015,UPI,DEV-09-5,Android,Pune,21,0,0,0.88,72,3576.05,2004.49,60,300,3179,0,0,0,0.0,0,
TXN09-04696,9,2026-08-03 22:07:48,3230.22,Cloud Services,90010,UPI,DEV-09-7,Android,Pune,22,0,0,17.67,73,3560.83,1997.73,113,159,3180,0,0,0,0.0,0,
TXN09-04697,9,2026-08-03 22:36:54,4849.13,Coffee,90019,Card,DEV-09-2,Web,Goa,22,0,0,29.1,74,3569.72,1993.95,162,984,853,0,0,0,359.3,0,
TXN09-04698,9,2026-08-03 22:40:31,3187.13,Software,90018,UPI,DEV-09-2,Web,Goa,22,0,0,3.62,75,3572.68,1992.59,72,985,854,0,0,0,0.0,0,
TXN09-04699,9,2026-08-03 22:57:49,5956.28,Software,90006,Card,DEV-09-2,Web,Pune,22,0,0,17.3,76,3575.51,1991.23,367,986,3181,0,0,0,359.3,0,
TXN09-04700,9,2026-08-03 23:05:24,3602.55,Coffee,90143,Card,DEV-09-2,Web,Goa,23,0,0,7.58,77,3581.02,1992.22,3,987,855,0,0,0,359.3,0,
TXN09-04701,9,2026-08-03 23:17:36,4090.9,Restaurants,90051,UPI,DEV-09-3,iPhone,Bangalore,23,0,0,12.2,78,3582.73,1991.92,14,694,550,0,0,0,454.99,0,
TXN09-04702,9,2026-08-04 09:48:38,4448.41,Restaurants,90009,UPI,DEV-09-5,Android,Pune,9,1,0,631.03,1,3570.22,1967.94,87,301,3182,0,0,0,735.23,0,
TXN09-04703,9,2026-08-04 09:56:43,2527.49,Software,90016,UPI,DEV-09-2,Web,Pune,9,1,0,8.08,2,3578.02,1964.86,82,988,3183,0,0,0,0.0,0,
TXN09-04704,9,2026-08-04 10:37:41,2471.5,Restaurants,90096,UPI,DEV-UNK-8455,iPhone,Pune,10,1,0,40.97,3,3574.6,1965.42,6,1,3184,1,0,0,0.0,1,ato_higher_amount_new_device
TXN09-04705,9,2026-08-04 12:14:51,3831.06,Coffee,90004,UPI,DEV-09-3,iPhone,Bangalore,12,1,0,97.17,4,3582.17,1965.22,346,695,551,0,0,0,735.23,0,
TXN09-04706,9,2026-08-04 12:41:11,3755.49,Cloud Services,90010,Card,DEV-09-2,Web,Pune,12,1,0,26.33,5,3590.72,1964.08,114,989,3185,0,0,0,735.23,0,
TXN09-04707,9,2026-08-04 13:26:19,1421.62,Restaurants,90005,UPI,DEV-09-2,Web,Pune,13,1,0,45.13,6,3572.34,1945.96,156,990,3186,0,0,0,0.0,0,
TXN09-04708,9,2026-08-04 13:53:01,3606.68,Software,90103,UPI,DEV-09-6,Web,Pune,13,1,0,26.7,7,3560.67,1940.17,5,201,3187,0,0,0,0.0,0,
TXN09-04709,9,2026-08-04 14:00:00,3253.76,Cloud Services,90027,UPI,DEV-09-38,Android,Goa,14,1,0,6.98,8,3560.78,1937.85,46,1,856,1,0,0,359.3,0,
TXN09-04710,9,2026-08-04 14:26:05,3862.08,Restaurants,90012,Card,DEV-09-7,Android,Pune,14,1,0,26.08,9,3563.42,1936.68,71,160,3188,0,0,0,359.3,0,
TXN09-04711,9,2026-08-04 14:35:42,3785.51,Software,90048,UPI,DEV-09-2,Web,Pune,14,1,0,9.62,10,3564.14,1934.42,32,991,3189,0,0,0,0.0,0,
TXN09-04712,9,2026-08-04 14:39:41,1882.24,Coffee,90100,UPI,DEV-09-4,iPhone,Pune,14,1,0,3.98,11,3568.85,1932.54,4,460,3190,0,0,0,0.0,0,
TXN09-04713,9,2026-08-04 15:12:38,5539.59,Cloud Services,90011,Card,DEV-09-1,iPhone,Bangalore,15,1,0,32.95,12,3569.12,1932.3,81,1549,552,0,0,0,735.23,0,
TXN09-04714,9,2026-08-04 15:13:57,2120.75,Restaurants,90005,UPI,DEV-09-3,iPhone,Pune,15,1,0,1.32,13,3573.81,1932.39,157,696,3191,0,0,0,735.23,0,
TXN09-04715,9,2026-08-04 15:47:52,2346.46,Software,90014,Card,DEV-09-1,iPhone,Pune,15,1,0,33.92,14,3565.48,1931.09,134,1550,3192,0,0,0,0.0,0,
TXN09-04716,9,2026-08-04 16:06:29,2082.36,Cloud Services,90034,UPI,DEV-09-2,Web,Pune,16,1,0,18.62,15,3569.23,1927.2,38,992,3193,0,0,0,0.0,0,
TXN09-04717,9,2026-08-04 16:38:41,2389.09,Coffee,90146,UPI,DEV-09-39,Web,Pune,16,1,0,32.2,16,3575.18,1925.73,4,1,3194,1,0,0,0.0,0,
TXN09-04718,9,2026-08-04 17:24:15,2471.71,Software,90007,Card,DEV-09-4,iPhone,Bangalore,17,1,0,45.57,17,3569.73,1925.88,218,461,553,0,0,0,735.23,0,
TXN09-04719,9,2026-08-04 18:11:25,5568.4,Cloud Services,90060,Card,DEV-09-4,iPhone,Pune,18,1,0,47.17,18,3569.75,1925.87,12,462,3195,0,0,0,735.23,0,
TXN09-04720,9,2026-08-04 19:12:52,1041.29,Software,90078,Card,DEV-09-3,iPhone,Pune,19,1,0,61.45,19,3559.12,1923.65,17,697,3196,0,0,0,0.0,0,
TXN09-04721,9,2026-08-04 19:13:08,1256.74,Cloud Services,90027,Card,DEV-09-5,Android,Bangalore,19,1,0,0.27,20,3553.05,1925.29,47,302,554,0,0,0,735.23,0,
TXN09-04722,9,2026-08-04 20:00:27,5321.76,Coffee,90019,UPI,DEV-09-2,Web,Pune,20,1,0,47.32,21,3562.16,1922.84,163,993,3197,0,0,0,735.23,0,
TXN09-04723,9,2026-08-04 20:07:49,1724.71,Coffee,90152,Card,DEV-09-1,iPhone,Pune,20,1,0,7.37,22,3566.41,1922.45,1,1551,3198,0,0,1,0.0,0,
TXN09-04724,9,2026-08-04 20:21:08,1376.43,Software,90006,Card,DEV-09-4,iPhone,Pune,20,1,0,13.32,23,3561.97,1922.26,368,463,3199,0,0,0,0.0,0,
TXN09-04725,9,2026-08-04 20:48:05,3607.48,Restaurants,90005,UPI,DEV-09-3,iPhone,Pune,20,1,0,26.95,24,3557.45,1925.19,158,698,3200,0,0,0,0.0,0,
TXN09-04726,9,2026-08-04 23:05:01,2275.67,Cloud Services,90003,Card,DEV-09-2,Web,Pune,23,1,0,136.93,25,3525.69,1911.9,146,994,3201,0,0,0,0.0,0,
TXN09-04727,9,2026-08-04 23:14:35,7437.98,Cloud Services,90053,UPI,DEV-09-1,iPhone,Bangalore,23,1,0,9.57,26,3528.23,1909.55,22,1552,555,0,0,0,735.23,0,
TXN09-04728,9,2026-08-05 01:16:56,1011.79,Restaurants,90189,Card,DEV-09-4,iPhone,Pune,1,2,0,122.35,1,3541.37,1918.08,1,464,3202,0,0,1,735.23,1,ato_new_merchant_same_category_odd_hour
TXN09-04729,9,2026-08-05 08:07:57,1579.33,Coffee,90032,Card,DEV-09-13,Web,Goa,8,2,0,411.02,2,3534.28,1918.62,39,20,857,0,0,0,359.3,0,
TXN09-04730,9,2026-08-05 08:28:14,8000.0,Cloud Services,90002,UPI,DEV-09-2,Web,Pune,8,2,0,20.28,3,3514.12,1910.25,340,995,3203,0,0,0,359.3,0,
TXN09-04731,9,2026-08-05 08:36:14,4160.39,Coffee,90021,Card,DEV-09-3,iPhone,Pune,8,2,0,8.0,4,3526.81,1923.02,83,699,3204,0,0,0,0.0,0,
TXN09-04732,9,2026-08-05 08:42:01,2375.29,Coffee,90019,Card,DEV-09-4,iPhone,Pune,8,2,0,5.78,5,3528.38,1920.89,164,465,3205,0,0,0,0.0,0,
TXN09-04733,9,2026-08-05 08:51:15,8000.0,Software,90107,UPI,DEV-09-2,Web,Pune,8,2,0,9.23,6,3525.52,1919.37,3,996,3206,0,0,0,0.0,0,
TXN09-04734,9,2026-08-05 09:11:41,5954.36,Coffee,90145,Card,DEV-09-1,iPhone,Pune,9,2,0,20.43,7,3553.58,1928.5,2,1553,3207,0,0,0,0.0,0,
TXN09-04735,9,2026-08-05 09:11:52,2675.08,Software,90006,Card,DEV-09-4,iPhone,Pune,9,2,0,0.18,8,3559.55,1929.81,369,466,3208,0,0,0,0.0,0,
TXN09-04736,9,2026-08-05 09:29:51,2393.84,Software,90016,UPI,DEV-09-3,iPhone,Pune,9,2,0,17.98,9,3561.91,1928.15,83,700,3209,0,0,0,0.0,0,
TXN09-04737,9,2026-08-05 09:32:57,1241.03,Cloud Services,90011,UPI,DEV-09-2,Web,Pune,9,2,0,3.1,10,3559.01,1926.63,82,997,3210,0,0,0,0.0,0,
TXN09-04738,9,2026-08-05 09:50:08,457.64,Cloud Services,90010,Card,DEV-09-1,iPhone,Pune,9,2,0,17.18,11,3553.28,1927.69,115,1554,3211,0,0,0,0.0,0,
TXN09-04739,9,2026-08-05 09:50:19,820.63,Restaurants,90076,UPI,DEV-09-1,iPhone,Goa,9,2,0,0.18,12,3545.63,1931.42,9,1555,858,0,0,0,359.3,0,
TXN09-04740,9,2026-08-05 10:19:09,2917.95,Cloud Services,90153,UPI,DEV-09-7,Android,Pune,10,2,0,28.83,13,3532.99,1935.95,1,161,3212,0,0,1,359.3,0,
TXN09-04741,9,2026-08-05 10:59:09,7814.78,Coffee,90004,Card,DEV-09-4,iPhone,Pune,10,2,0,40.0,14,3525.88,1932.92,347,467,3213,0,0,0,0.0,0,
TXN09-04742,9,2026-08-05 12:21:58,3473.35,Restaurants,90089,Card,DEV-09-7,Android,Pune,12,2,0,82.82,15,3543.54,1945.35,6,162,3214,0,0,0,0.0,0,
TXN09-04743,9,2026-08-05 12:39:48,1478.09,Cloud Services,90003,UPI,DEV-09-1,iPhone,Pune,12,2,0,17.83,16,3543.37,1942.93,147,1556,3215,0,0,0,0.0,0,
TXN09-04744,9,2026-08-05 12:44:39,271.28,Cloud Services,90046,Card,DEV-09-4,iPhone,Goa,12,2,0,4.85,17,3535.87,1945.08,18,468,859,0,0,0,359.3,0,
TXN09-04745,9,2026-08-05 13:08:09,3538.98,Restaurants,90001,UPI,DEV-09-1,iPhone,Bangalore,13,2,0,23.5,18,3521.22,1950.68,418,1557,556,0,0,0,454.99,0,
TXN09-04746,9,2026-08-05 14:01:53,2082.44,Coffee,90020,Card,DEV-09-2,Web,Pune,14,2,0,53.73,19,3525.63,1960.23,113,998,3216,0,0,0,735.23,0,
TXN09-04747,9,2026-08-05 14:04:33,4545.16,Software,90103,UPI,DEV-09-5,Android,Pune,14,2,0,2.67,20,3521.97,1959.09,6,303,3217,0,0,0,0.0,0,
TXN09-04748,9,2026-08-05 14:08:08,778.44,Software,90099,Card,DEV-09-2,Web,Goa,14,2,0,3.58,21,3528.55,1958.16,9,999,860,0,0,0,359.3,0,
TXN09-04749,9,2026-08-05 15:05:44,1401.63,Software,90006,UPI,DEV-09-4,iPhone,Pune,15,2,0,57.6,22,3529.99,1960.95,370,469,3218,0,0,0,359.3,0,
TXN09-04750,9,2026-08-05 16:58:58,3252.55,Software,90080,Card,DEV-09-1,iPhone,Pune,16,2,0,113.23,23,3524.42,1963.51,9,1558,3219,0,0,0,0.0,0,
TXN09-04751,9,2026-08-05 17:01:37,920.58,Restaurants,90067,Card,DEV-09-1,iPhone,Pune,17,2,0,2.65,24,3523.72,1961.03,8,1559,3220,0,0,0,0.0,0,
TXN09-04752,9,2026-08-05 17:14:57,7237.28,Cloud Services,90154,UPI,DEV-09-3,iPhone,Pune,17,2,0,13.33,25,3517.05,1962.94,1,701,3221,0,0,1,0.0,0,
TXN09-04753,9,2026-08-05 17:20:46,2407.09,Restaurants,90005,UPI,DEV-09-1,iPhone,Pune,17,2,0,5.82,26,3526.56,1969.41,159,1560,3222,0,0,0,0.0,0,
TXN09-04754,9,2026-08-05 17:46:44,3454.8,Coffee,90022,Card,DEV-09-3,iPhone,Pune,17,2,0,25.97,27,3528.13,1968.27,60,702,3223,0,0,0,0.0,0,
TXN09-04755,9,2026-08-05 18:13:18,1746.51,Coffee,90032,UPI,DEV-09-2,Web,Pune,18,2,0,26.57,28,3530.55,1967.6,40,1000,3224,0,0,0,0.0,0,
TXN09-04756,9,2026-08-05 18:59:22,4100.0,Software,90001,UPI,DEV-UNK-6008,iPhone,Pune,18,2,0,46.07,29,3537.05,1970.17,419,1,3225,1,0,0,0.0,1,new_device_fraud
TXN09-04757,9,2026-08-05 19:52:23,3642.14,Software,90109,Card,DEV-09-3,iPhone,Goa,19,2,0,53.02,30,3530.85,1971.69,5,703,861,0,0,0,359.3,0,
TXN09-04758,9,2026-08-05 20:38:24,2324.66,Restaurants,90121,UPI,DEV-09-1,iPhone,Pune,20,2,0,46.02,31,3531.78,1965.69,3,1561,3226,0,0,0,359.3,0,
TXN09-04759,9,2026-08-05 21:00:39,4448.01,Cloud Services,90002,UPI,DEV-09-8,Web,Bangalore,21,2,0,22.25,32,3528.63,1964.09,341,98,557,0,0,0,735.23,0,
TXN09-04760,9,2026-08-05 21:10:44,1803.65,Software,90016,UPI,DEV-09-5,Android,Pune,21,2,0,10.08,33,3531.02,1962.09,84,304,3227,0,0,0,735.23,0,
TXN09-04761,9,2026-08-05 21:24:42,3808.76,Cloud Services,90101,Card,DEV-09-1,iPhone,Pune,21,2,0,13.97,34,3530.8,1962.28,10,1562,3228,0,0,0,0.0,0,
TXN09-04762,9,2026-08-05 22:01:23,5257.71,Software,90006,UPI,DEV-09-4,iPhone,Pune,22,2,0,36.68,35,3527.15,1957.2,371,470,3229,0,0,0,0.0,0,
TXN09-04763,9,2026-08-05 22:09:00,4475.15,Cloud Services,90015,UPI,DEV-09-2,Web,Goa,22,2,0,7.62,36,3531.67,1956.63,61,1001,862,0,0,0,359.3,0,
TXN09-04764,9,2026-08-05 22:37:43,806.41,Cloud Services,90053,UPI,DEV-09-5,Android,Goa,22,2,0,28.72,37,3527.02,1954.9,23,305,863,0,0,0,0.0,0,
TXN09-04765,9,2026-08-05 22:47:42,6372.71,Software,90006,Card,DEV-09-4,iPhone,Pune,22,2,0,9.98,38,3518.94,1959.74,372,471,3230,0,0,0,359.3,0,
TXN09-04766,9,2026-08-05 23:01:29,8000.0,Cloud Services,90003,UPI,DEV-09-4,iPhone,Goa,23,2,0,13.78,39,3532.68,1962.4,148,472,864,0,0,0,359.3,0,
TXN09-04767,9,2026-08-05 23:51:19,2945.68,Software,90068,UPI,DEV-09-2,Web,Pune,23,2,0,49.83,40,3544.44,1973.13,15,1002,3231,0,0,0,359.3,0,
TXN09-04768,9,2026-08-06 08:00:35,2553.75,Restaurants,90009,UPI,DEV-09-2,Web,Pune,8,3,0,489.27,1,3542.87,1970.78,88,1003,3232,0,0,0,0.0,0,
TXN09-04769,9,2026-08-06 08:23:35,3105.0,Cloud Services,90002,Card,DEV-09-2,Web,Pune,8,3,0,23.0,2,3533.12,1966.46,342,1004,3233,0,0,0,0.0,0,
TXN09-04770,9,2026-08-06 08:28:52,5766.48,Cloud Services,90010,Card,DEV-09-2,Web,Pune,8,3,0,5.28,3,3532.0,1964.01,116,1005,3234,0,0,0,0.0,0,
TXN09-04771,9,2026-08-06 08:34:11,8000.0,Cloud Services,90090,Card,DEV-09-1,iPhone,Pune,8,3,0,5.32,4,3537.84,1964.76,5,1563,3235,0,0,0,0.0,0,
TXN09-04772,9,2026-08-06 09:19:43,3046.64,Cloud Services,90002,Card,DEV-09-1,iPhone,Bangalore,9,3,0,45.53,5,3555.83,1979.67,343,1564,558,0,0,0,735.23,0,
TXN09-04773,9,2026-08-06 09:40:20,3624.45,Coffee,90004,UPI,DEV-09-3,iPhone,Pune,9,3,0,20.62,6,3549.15,1977.08,348,704,3236,0,0,0,735.23,0,
TXN09-04774,9,2026-08-06 09:59:11,6422.92,Software,90006,Card,DEV-09-12,iPhone,Pune,9,3,0,18.85,7,3549.35,1974.49,373,22,3237,0,0,0,0.0,0,
TXN09-04775,9,2026-08-06 10:02:11,797.32,Coffee,90004,UPI,DEV-09-1,iPhone,Pune,10,3,0,3.0,8,3556.85,1977.36,349,1565,3238,0,0,0,0.0,0,
TXN09-04776,9,2026-08-06 10:21:54,3743.35,Cloud Services,90011,Card,DEV-09-7,Android,Goa,10,3,0,19.72,9,3538.96,1978.91,83,163,865,0,0,0,359.3,0,
TXN09-04777,9,2026-08-06 10:25:06,4868.38,Restaurants,90001,UPI,DEV-09-3,iPhone,Pune,10,3,0,3.2,10,3539.49,1976.35,420,705,3239,0,0,0,359.3,0,
TXN09-04778,9,2026-08-06 11:05:12,1020.92,Software,90014,Card,DEV-09-2,Web,Goa,11,3,0,40.1,11,3550.88,1968.63,135,1006,866,0,0,0,359.3,0,
TXN09-04779,9,2026-08-06 11:32:52,743.24,Software,90082,Card,DEV-09-4,iPhone,Pune,11,3,0,27.67,12,3532.44,1968.71,11,473,3240,0,0,0,359.3,0,
TXN09-04780,9,2026-08-06 11:35:47,2564.73,Software,90014,Card,DEV-09-1,iPhone,Goa,11,3,0,2.92,13,3525.1,1971.31,136,1566,867,0,0,0,359.3,0,
TXN09-04781,9,2026-08-06 11:36:14,6576.51,Restaurants,90076,Card,DEV-09-5,Android,Pune,11,3,0,0.45,14,3522.58,1969.33,10,306,3241,0,0,0,359.3,0,
TXN09-04782,9,2026-08-06 11:47:12,2156.45,Coffee,90020,Card,DEV-09-40,Web,Pune,11,3,0,10.97,15,3530.57,1972.93,114,1,3242,1,0,0,0.0,0,
TXN09-04783,9,2026-08-06 11:57:20,950.54,Software,90007,UPI,DEV-09-2,Web,Pune,11,3,0,10.13,16,3526.98,1971.6,219,1007,3243,0,0,0,0.0,0,
TXN09-04784,9,2026-08-06 12:11:51,3343.2,Software,90155,Card,DEV-09-2,Web,Goa,12,3,0,14.52,17,3520.27,1973.41,1,1008,868,0,0,1,359.3,0,
TXN09-04785,9,2026-08-06 12:13:20,2941.18,Software,90078,UPI,DEV-09-3,iPhone,Pune,12,3,0,1.48,18,3507.62,1962.64,18,706,3244,0,0,0,359.3,0,
TXN09-04786,9,2026-08-06 12:22:06,2336.37,Coffee,90004,Card,DEV-09-2,Web,Pune,12,3,0,8.77,19,3508.59,1962.27,350,1009,3245,0,0,0,0.0,0,
TXN09-04787,9,2026-08-06 12:41:12,1671.2,Coffee,90022,Card,DEV-09-4,iPhone,Pune,12,3,0,19.1,20,3503.79,1962.88,61,474,3246,0,0,0,0.0,0,
TXN09-04788,9,2026-08-06 12:59:17,1803.11,Software,90016,Card,DEV-09-1,iPhone,Pune,12,3,0,18.08,21,3488.74,1961.37,85,1567,3247,0,0,0,0.0,0,
TXN09-04789,9,2026-08-06 13:03:59,1295.39,Software,90007,Card,DEV-09-1,iPhone,Pune,13,3,0,4.7,22,3484.34,1960.69,220,1568,3248,0,0,0,0.0,0,
TXN09-04790,9,2026-08-06 13:24:22,1531.05,Cloud Services,90002,Card,DEV-09-3,iPhone,Pune,13,3,0,20.38,23,3481.14,1963.14,344,707,3249,0,0,0,0.0,0,
TXN09-04791,9,2026-08-06 13:26:03,2239.06,Cloud Services,90071,Card,DEV-09-10,iPhone,Pune,13,3,0,1.68,24,3476.05,1963.1,9,38,3250,0,0,0,0.0,0,
TXN09-04792,9,2026-08-06 13:29:26,2341.43,Cloud Services,90003,Card,DEV-09-2,Web,Goa,13,3,0,3.38,25,3472.83,1961.55,149,1010,869,0,0,0,359.3,0,
TXN09-04793,9,2026-08-06 13:52:13,2991.65,Cloud Services,90034,Card,DEV-09-9,iPhone,Pune,13,3,0,22.78,26,3469.89,1959.85,39,58,3251,0,0,0,359.3,0,
TXN09-04794,9,2026-08-06 14:36:54,2070.73,Cloud Services,90046,Card,DEV-09-3,iPhone,Pune,14,3,0,44.68,27,3469.38,1959.04,19,708,3252,0,0,0,0.0,0,
TXN09-04795,9,2026-08-06 14:38:24,1931.57,Restaurants,90008,UPI,DEV-09-2,Web,Pune,14,3,0,1.5,28,3465.74,1957.79,94,1011,3253,0,0,0,0.0,0,
TXN09-04796,9,2026-08-06 14:49:43,711.84,Software,90006,UPI,DEV-09-3,iPhone,Pune,14,3,0,11.32,29,3461.78,1959.35,374,709,3254,0,0,0,0.0,0,
TXN09-04797,9,2026-08-06 15:01:13,4084.63,Restaurants,90008,Card,DEV-09-4,iPhone,Bangalore,15,3,0,11.5,30,3454.63,1961.8,95,475,559,0,0,0,735.23,0,
TXN09-04798,9,2026-08-06 15:54:49,1743.37,Restaurants,90008,UPI,DEV-09-2,Web,Pune,15,3,0,53.6,31,3469.39,1958.53,96,1012,3255,0,0,0,735.23,0,
TXN09-04799,9,2026-08-06 15:55:41,1493.76,Software,90006,UPI,DEV-09-2,Web,Bangalore,15,3,0,0.87,32,3464.89,1957.95,375,1013,560,0,0,0,735.23,0,
TXN09-04800,9,2026-08-06 16:11:44,4325.77,Cloud Services,90003,Card,DEV-09-4,iPhone,Pune,16,3,0,16.05,33,3453.63,1956.12,150,476,3256,0,0,0,735.23,0,
TXN09-04801,9,2026-08-06 16:43:23,5486.43,Restaurants,90017,Card,DEV-09-1,iPhone,Pune,16,3,0,31.65,34,3453.32,1955.97,50,1569,3257,0,0,0,0.0,0,
TXN09-04802,9,2026-08-06 16:46:21,2014.63,Restaurants,90012,Card,DEV-09-9,iPhone,Pune,16,3,0,2.97,35,3458.61,1956.16,72,59,3258,0,0,0,0.0,0,
TXN09-04803,9,2026-08-06 16:49:27,2707.41,Restaurants,90008,Card,DEV-09-2,Web,Goa,16,3,0,3.1,36,3454.86,1955.0,97,1014,870,0,0,0,359.3,0,
TXN09-04804,9,2026-08-06 16:56:02,4199.84,Coffee,90019,UPI,DEV-09-1,iPhone,Goa,16,3,0,6.58,37,3452.92,1952.84,165,1570,871,0,0,0,0.0,0,
TXN09-04805,9,2026-08-06 17:09:47,3686.67,Restaurants,90001,UPI,DEV-09-2,Web,Pune,17,3,0,13.75,38,3449.73,1950.6,421,1015,3259,0,0,0,359.3,0,
TXN09-04806,9,2026-08-06 17:11:10,3032.65,Cloud Services,90046,Card,DEV-09-2,Web,Pune,17,3,0,1.38,39,3450.34,1948.12,20,1016,3260,0,0,0,0.0,0,
TXN09-04807,9,2026-08-06 17:36:15,3485.94,Software,90049,Card,DEV-09-1,iPhone,Pune,17,3,0,25.08,40,3448.16,1952.98,24,1571,3261,0,0,0,0.0,0,
TXN09-04808,9,2026-08-06 17:50:10,5239.96,Restaurants,90156,UPI,DEV-09-1,iPhone,Pune,17,3,0,13.92,41,3448.97,1952.93,1,1572,3262,0,0,1,0.0,0,
TXN09-04809,9,2026-08-06 18:12:36,1981.64,Software,90006,Card,DEV-09-1,iPhone,Goa,18,3,0,22.43,42,3440.75,1946.13,376,1573,872,0,0,0,359.3,0,
TXN09-04810,9,2026-08-06 18:13:35,6428.29,Software,90048,Card,DEV-09-1,iPhone,Goa,18,3,0,0.98,43,3436.95,1945.02,33,1574,873,0,0,0,0.0,0,
TXN09-04811,9,2026-08-06 18:17:29,2411.35,Restaurants,90055,UPI,DEV-09-1,iPhone,Goa,18,3,0,3.9,44,3444.71,1948.45,8,1575,874,0,0,0,0.0,0,
TXN09-04812,9,2026-08-06 18:19:13,1781.93,Cloud Services,90002,Card,DEV-09-5,Android,Goa,18,3,0,1.73,45,3442.04,1946.63,345,307,875,0,0,0,0.0,0,
TXN09-04813,9,2026-08-06 18:28:48,4623.54,Software,90016,UPI,DEV-09-5,Android,Goa,18,3,0,9.58,46,3437.75,1945.94,86,308,876,0,0,0,0.0,0,
TXN09-04814,9,2026-08-06 18:50:14,2149.29,Software,90007,UPI,DEV-09-2,Web,Pune,18,3,0,21.43,47,3451.01,1944.2,221,1017,3263,0,0,0,359.3,0,
TXN09-04815,9,2026-08-06 18:59:50,4600.3,Coffee,90052,UPI,DEV-09-1,iPhone,Pune,18,3,0,9.6,48,3447.65,1942.81,15,1576,3264,0,0,0,0.0,0,
TXN09-04816,9,2026-08-06 19:14:30,3255.97,Cloud Services,90015,UPI,DEV-09-1,iPhone,Pune,19,3,0,14.67,49,3450.62,1941.19,62,1577,3265,0,0,0,0.0,0,
TXN09-04817,9,2026-08-06 19:16:50,5760.09,Cloud Services,90079,Card,DEV-09-5,Android,Bangalore,19,3,0,2.33,50,3450.12,1938.71,7,309,561,0,0,0,735.23,0,
TXN09-04818,9,2026-08-06 19:22:34,3969.86,Coffee,90004,Card,DEV-09-12,iPhone,Pune,19,3,0,5.73,51,3456.04,1939.75,351,23,3266,0,0,0,735.23,0,
TXN09-04819,9,2026-08-06 19:38:22,3333.8,Cloud Services,90002,UPI,DEV-09-4,iPhone,Pune,19,3,0,15.8,52,3451.93,1939.72,346,477,3267,0,0,0,0.0,0,
TXN09-04820,9,2026-08-06 19:44:57,4858.43,Restaurants,90083,Card,DEV-09-1,iPhone,Pune,19,3,0,6.58,53,3451.63,1937.23,6,1578,3268,0,0,0,0.0,0,
TXN09-04821,9,2026-08-06 19:50:08,1795.79,Cloud Services,90030,Card,DEV-09-5,Android,Goa,19,3,0,5.18,54,3455.24,1936.05,35,310,877,0,0,0,359.3,0,
TXN09-04822,9,2026-08-06 20:07:21,2084.47,Software,90014,Card,DEV-09-6,Web,Pune,20,3,0,17.22,55,3454.42,1938.43,137,202,3269,0,0,0,359.3,0,
TXN09-04823,9,2026-08-06 20:12:54,6644.05,Coffee,90021,UPI,DEV-09-1,iPhone,Pune,20,3,0,5.55,56,3451.96,1939.56,84,1579,3270,0,0,0,0.0,0,
TXN09-04824,9,2026-08-06 20:21:12,6732.93,Coffee,90004,UPI,DEV-09-2,Web,Pune,20,3,0,8.3,57,3453.56,1941.94,352,1018,3271,0,0,0,0.0,0,
TXN09-04825,9,2026-08-06 20:26:37,8000.0,Software,90014,Card,DEV-09-1,iPhone,Pune,20,3,0,5.42,58,3461.99,1946.54,138,1580,3272,0,0,0,0.0,0,
TXN09-04826,9,2026-08-06 20:32:13,2529.18,Software,90006,Card,DEV-09-3,iPhone,Bangalore,20,3,0,5.6,59,3473.63,1957.54,377,710,562,0,0,0,735.23,0,
TXN09-04827,9,2026-08-06 20:41:01,2054.55,Coffee,90073,UPI,DEV-09-2,Web,Pune,20,3,0,8.8,60,3471.22,1955.62,11,1019,3273,0,0,0,735.23,0,
TXN09-04828,9,2026-08-06 20:57:30,7266.45,Restaurants,90088,Card,DEV-09-2,Web,Pune,20,3,0,16.48,61,3471.64,1955.29,5,1020,3274,0,0,0,0.0,0,
TXN09-04829,9,2026-08-06 21:14:18,2760.36,Cloud Services,90002,Card,DEV-09-1,iPhone,Goa,21,3,0,16.8,62,3482.87,1964.42,347,1581,878,0,0,0,359.3,0,
TXN09-04830,9,2026-08-06 21:25:39,3195.43,Coffee,90019,Card,DEV-09-4,iPhone,Goa,21,3,0,11.35,63,3469.47,1951.39,166,478,879,0,0,0,0.0,0,
TXN09-04831,9,2026-08-06 21:29:51,1830.5,Coffee,90035,Card,DEV-09-2,Web,Goa,21,3,0,4.2,64,3468.77,1948.95,26,1021,880,0,0,0,0.0,0,
TXN09-04832,9,2026-08-06 21:34:49,4604.61,Software,90103,UPI,DEV-09-5,Android,Goa,21,3,0,4.97,65,3464.6,1948.22,7,311,881,0,0,0,0.0,0,
TXN09-04833,9,2026-08-06 21:44:33,2139.58,Coffee,90019,UPI,DEV-09-1,iPhone,Pune,21,3,0,9.73,66,3467.49,1946.59,167,1582,3275,0,0,0,359.3,0,
TXN09-04834,9,2026-08-06 22:01:54,4267.93,Cloud Services,90003,UPI,DEV-09-3,iPhone,Pune,22,3,0,17.35,67,3471.07,1942.85,151,711,3276,0,0,0,0.0,0,
TXN09-04835,9,2026-08-06 22:25:29,1675.98,Software,90006,Card,DEV-09-2,Web,Goa,22,3,0,23.58,68,3473.08,1940.81,378,1022,882,0,0,0,359.3,0,
TXN09-04836,9,2026-08-06 22:37:00,5560.51,Cloud Services,90054,Card,DEV-09-8,Web,Pune,22,3,0,11.52,69,3471.6,1943.42,23,99,3277,0,0,0,359.3,0,
TXN09-04837,9,2026-08-06 22:37:37,7569.88,Software,90082,UPI,DEV-09-1,iPhone,Pune,22,3,0,0.62,70,3476.9,1943.8,12,1583,3278,0,0,0,0.0,0,
TXN09-04838,9,2026-08-06 22:43:03,4636.35,Cloud Services,90003,UPI,DEV-09-7,Android,Bangalore,22,3,0,5.43,71,3487.26,1952.2,152,164,563,0,0,0,735.23,0,
TXN09-04839,9,2026-08-06 23:52:25,2634.73,Cloud Services,90010,UPI,DEV-09-1,iPhone,Pune,23,3,0,69.37,72,3492.04,1951.86,117,1584,3279,0,0,0,735.23,0,
TXN09-04840,9,2026-08-07 03:12:10,2683.05,Coffee,90004,Card,DEV-09-13,Web,Pune,3,4,0,199.75,1,3494.07,1950.55,353,21,3280,0,0,0,0.0,1,ato_odd_hour
TXN09-04841,9,2026-08-07 08:07:15,5936.23,Software,90006,UPI,DEV-09-3,iPhone,Pune,8,4,0,295.08,2,3492.01,1948.51,379,712,3281,0,0,0,0.0,0,
TXN09-04842,9,2026-08-07 08:12:52,5389.73,Cloud Services,90157,UPI,DEV-09-9,iPhone,Goa,8,4,0,5.62,3,3498.18,1949.91,1,60,883,0,0,1,359.3,0,
TXN09-04843,9,2026-08-07 08:17:15,3271.66,Restaurants,90009,Card,DEV-09-1,iPhone,Pune,8,4,0,4.38,4,3502.95,1949.76,89,1585,3282,0,0,0,359.3,0,
TXN09-04844,9,2026-08-07 08:31:05,4550.09,Coffee,90033,Card,DEV-09-10,iPhone,Pune,8,4,0,13.83,5,3502.37,1947.34,29,39,3283,0,0,0,0.0,0,
TXN09-04845,9,2026-08-07 08:37:03,3559.77,Software,90106,UPI,DEV-09-1,iPhone,Pune,8,4,0,5.97,6,3504.99,1945.61,7,1586,3284,0,0,0,0.0,0,
TXN09-04846,9,2026-08-07 08:39:33,4213.07,Cloud Services,90056,Card,DEV-09-2,Web,Goa,8,4,0,2.5,7,3505.13,1943.17,11,1023,884,0,0,0,359.3,0,
TXN09-04847,9,2026-08-07 08:42:20,8000.0,Coffee,90057,UPI,DEV-09-2,Web,Pune,8,4,0,2.78,8,3497.03,1932.66,19,1024,3285,0,0,0,359.3,0,
TXN09-04848,9,2026-08-07 08:59:06,1135.12,Coffee,90004,Card,DEV-09-1,iPhone,Pune,8,4,0,16.77,9,3499.77,1938.26,354,1587,3286,0,0,0,0.0,0,
TXN09-04849,9,2026-08-07 09:00:57,3660.18,Cloud Services,90060,Card,DEV-09-3,iPhone,Pune,9,4,0,1.85,10,3493.86,1939.43,13,713,3287,0,0,0,0.0,0,
TXN09-04850,9,2026-08-07 09:11:16,8000.0,Coffee,90042,Card,DEV-09-4,iPhone,Pune,9,4,0,10.32,11,3495.51,1939.29,20,479,3288,0,0,0,0.0,0,
TXN09-04851,9,2026-08-07 09:17:04,8000.0,Coffee,90004,Card,DEV-09-1,iPhone,Goa,9,4,0,5.8,12,3506.74,1949.86,355,1588,885,0,0,0,359.3,0,
TXN09-04852,9,2026-08-07 09:24:50,2880.1,Restaurants,90009,Card,DEV-09-7,Android,Pune,9,4,0,7.77,13,3517.92,1960.25,90,165,3289,0,0,0,359.3,0,
TXN09-04853,9,2026-08-07 09:28:50,3104.22,Coffee,90033,Card,DEV-09-5,Android,Bangalore,9,4,0,4.0,14,3516.33,1958.08,30,312,564,0,0,0,735.23,1,ato_short_gap
TXN09-04854,9,2026-08-07 09:58:21,3454.27,Restaurants,90001,Card,DEV-09-1,iPhone,Goa,9,4,0,29.52,15,3517.78,1959.44,422,1589,886,0,0,0,454.99,0,
TXN09-04855,9,2026-08-07 10:10:30,4454.09,Restaurants,90031,Card,DEV-09-2,Web,Pune,10,4,0,12.15,16,3517.62,1957.01,29,1025,3290,0,0,0,359.3,0,
TXN09-04856,9,2026-08-07 10:30:41,6081.35,Software,90006,Card,DEV-09-3,iPhone,Bangalore,10,4,0,20.18,17,3515.23,1955.27,380,714,565,0,0,0,735.23,0,
TXN09-04857,9,2026-08-07 10:47:36,3998.63,Software,90007,Card,DEV-09-9,iPhone,Goa,10,4,0,16.92,18,3511.28,1949.0,222,61,887,0,0,0,454.99,0,
TXN09-04858,9,2026-08-07 11:01:22,2935.42,Coffee,90032,Card,DEV-09-5,Android,Bangalore,11,4,0,13.77,19,3516.9,1950.92,41,313,566,0,0,0,454.99,0,
TXN09-04859,9,2026-08-07 11:17:05,4746.31,Coffee,90020,UPI,DEV-09-2,Web,Pune,11,4,0,15.72,20,3505.69,1946.61,115,1026,3291,0,0,0,735.23,0,
TXN09-04860,9,2026-08-07 11:24:33,1458.58,Coffee,90039,Card,DEV-09-3,iPhone,Goa,11,4,0,7.47,21,3508.81,1945.16,21,715,888,0,0,0,359.3,0,
TXN09-04861,9,2026-08-07 11:40:03,1551.34,Software,90006,UPI,DEV-09-4,iPhone,Pune,11,4,0,15.5,22,3529.25,1938.37,381,480,3292,0,0,0,359.3,0,
TXN09-04862,9,2026-08-07 11:56:09,3225.86,Software,90018,Card,DEV-09-2,Web,Pune,11,4,0,16.1,23,3533.56,1938.92,73,1027,3293,0,0,0,0.0,0,
TXN09-04863,9,2026-08-07 12:05:41,1197.53,Software,90006,UPI,DEV-09-3,iPhone,Pune,12,4,0,9.53,24,3537.44,1936.77,382,716,3294,0,0,0,0.0,0,
TXN09-04864,9,2026-08-07 12:29:13,2798.8,Software,90016,UPI,DEV-09-4,iPhone,Hyderabad,12,4,0,23.53,25,3531.52,1937.88,87,481,7,0,0,0,505.75,0,
TXN09-04865,9,2026-08-07 12:39:28,2547.52,Coffee,90022,UPI,DEV-09-2,Web,Pune,12,4,0,10.25,26,3529.67,1935.78,62,1028,3295,0,0,0,505.75,0,
TXN09-04866,9,2026-08-07 13:06:21,8000.0,Coffee,90022,Card,DEV-09-9,iPhone,Pune,13,4,0,26.88,27,3527.2,1933.97,63,62,3296,0,0,0,0.0,0,
TXN09-04867,9,2026-08-07 13:21:22,2299.1,Coffee,90023,UPI,DEV-09-2,Web,Goa,13,4,0,15.02,28,3538.43,1944.48,56,1029,889,0,0,0,359.3,0,
TXN09-04868,9,2026-08-07 13:29:53,6442.9,Software,90014,UPI,DEV-09-8,Web,Pune,13,4,0,8.52,29,3527.6,1939.33,139,100,3297,0,0,0,359.3,0,
TXN09-04869,9,2026-08-07 13:30:52,2382.91,Restaurants,90126,Card,DEV-09-2,Web,Pune,13,4,0,0.98,30,3534.9,1942.37,3,1030,3298,0,0,0,0.0,0,
TXN09-04870,9,2026-08-07 13:46:50,6101.48,Coffee,90021,Card,DEV-09-1,iPhone,Pune,13,4,0,15.97,31,3532.9,1944.5,85,1590,3299,0,0,0,0.0,0,
TXN09-04871,9,2026-08-07 14:10:11,5452.88,Software,90007,UPI,DEV-09-1,iPhone,Pune,14,4,0,23.35,32,3539.34,1946.3,223,1591,3300,0,0,0,0.0,0,
TXN09-04872,9,2026-08-07 14:13:36,4223.59,Cloud Services,90030,UPI,DEV-09-1,iPhone,Pune,14,4,0,3.42,33,3544.12,1946.22,36,1592,3301,0,0,0,0.0,0,
TXN09-04873,9,2026-08-07 14:19:01,2893.12,Restaurants,90026,Card,DEV-09-4,iPhone,Pune,14,4,0,5.42,34,3543.81,1946.1,41,482,3302,0,0,0,0.0,0,
TXN09-04874,9,2026-08-07 15:00:27,8000.0,Coffee,90146,UPI,DEV-09-3,iPhone,Pune,15,4,0,41.43,35,3548.61,1942.1,5,717,3303,0,0,0,0.0,0,
TXN09-04875,9,2026-08-07 15:12:54,3047.26,Coffee,90021,Card,DEV-09-2,Web,Pune,15,4,0,12.45,36,3561.73,1954.37,86,1031,3304,0,0,0,0.0,0,
TXN09-04876,9,2026-08-07 16:11:11,2005.94,Cloud Services,90027,UPI,DEV-09-2,Web,Pune,16,4,0,58.28,37,3537.18,1937.95,48,1032,3305,0,0,0,0.0,0,
TXN09-04877,9,2026-08-07 16:30:42,1628.12,Cloud Services,90125,UPI,DEV-09-12,iPhone,Pune,16,4,0,19.52,38,3528.82,1938.32,2,24,3306,0,0,0,0.0,0,
TXN09-04878,9,2026-08-07 16:51:06,5913.35,Restaurants,90013,Card,DEV-09-3,iPhone,Pune,16,4,0,20.4,39,3524.04,1938.22,58,718,3307,0,0,0,0.0,0,
TXN09-04879,9,2026-08-07 16:53:33,1829.01,Software,90029,UPI,DEV-09-11,iPhone,Bangalore,16,4,0,2.45,40,3530.03,1939.47,45,27,567,0,0,0,735.23,0,
TXN09-04880,9,2026-08-07 16:57:06,2380.78,Coffee,90091,Card,DEV-09-1,iPhone,Goa,16,4,0,3.55,41,3525.78,1938.91,5,1593,890,0,0,0,454.99,0,
TXN09-04881,9,2026-08-07 17:06:01,3054.42,Cloud Services,90002,UPI,DEV-09-3,iPhone,Pune,17,4,0,8.92,42,3527.25,1937.82,348,719,3308,0,0,0,359.3,0,
TXN09-04882,9,2026-08-07 17:30:33,728.78,Coffee,90084,UPI,DEV-09-5,Android,Bangalore,17,4,0,24.53,43,3518.5,1936.06,8,314,568,0,0,0,735.23,0,
TXN09-04883,9,2026-08-07 17:36:54,4048.2,Cloud Services,90086,Card,DEV-09-1,iPhone,Bangalore,17,4,0,6.35,44,3511.53,1938.65,7,1594,569,0,0,0,0.0,0,
TXN09-04884,9,2026-08-07 18:03:33,1141.84,Cloud Services,90113,UPI,DEV-09-3,iPhone,Goa,18,4,0,26.65,45,3509.47,1936.46,5,720,891,0,0,0,454.99,0,
TXN09-04885,9,2026-08-07 18:16:59,4340.69,Software,90082,UPI,DEV-09-3,iPhone,Pune,18,4,0,13.43,46,3503.5,1937.67,13,721,3309,0,0,0,359.3,0,
TXN09-04886,9,2026-08-07 18:49:33,1597.6,Software,90006,Card,DEV-09-2,Web,Goa,18,4,0,32.57,47,3511.02,1935.12,383,1033,892,0,0,0,359.3,0,
TXN09-04887,9,2026-08-07 18:50:36,2462.35,Software,90048,UPI,DEV-09-1,iPhone,Pune,18,4,0,1.05,48,3506.2,1935.06,34,1595,3310,0,0,0,359.3,0,
TXN09-04888,9,2026-08-07 19:14:50,5822.63,Cloud Services,90043,UPI,DEV-09-2,Web,Pune,19,4,0,24.23,49,3502.22,1935.57,21,1034,3311,0,0,0,0.0,0,
TXN09-04889,9,2026-08-07 19:32:10,3834.71,Cloud Services,90002,UPI,DEV-09-3,iPhone,Goa,19,4,0,17.33,50,3508.05,1936.63,349,722,893,0,0,0,359.3,0,
TXN09-04890,9,2026-08-07 19:38:32,2429.4,Software,90047,UPI,DEV-09-1,iPhone,Pune,19,4,0,6.37,51,3508.86,1934.27,30,1596,3312,0,0,0,359.3,0,
TXN09-04891,9,2026-08-07 19:41:25,782.38,Restaurants,90012,Card,DEV-09-1,iPhone,Pune,19,4,0,2.88,52,3509.8,1933.65,73,1597,3313,0,0,0,0.0,0,
TXN09-04892,9,2026-08-07 20:03:10,768.87,Restaurants,90001,UPI,DEV-09-4,iPhone,Pune,20,4,0,21.75,53,3509.87,1938.94,423,483,3314,0,0,0,0.0,0,
TXN09-04893,9,2026-08-07 20:08:23,2846.82,Coffee,90045,Card,DEV-09-3,iPhone,Goa,20,4,0,5.22,54,3507.15,1942.02,13,723,894,0,0,0,359.3,0,
TXN09-04894,9,2026-08-07 20:45:51,7876.54,Coffee,90004,Card,DEV-09-3,iPhone,Pune,20,4,0,37.47,55,3501.59,1939.09,356,724,3315,0,0,0,359.3,0,
TXN09-04895,9,2026-08-07 21:06:52,2965.85,Cloud Services,90030,Card,DEV-09-2,Web,Pune,21,4,0,21.02,56,3517.55,1948.99,37,1035,3316,0,0,0,0.0,0,
TXN09-04896,9,2026-08-07 21:15:28,1946.31,Cloud Services,90003,UPI,DEV-09-5,Android,Pune,21,4,0,8.6,57,3514.41,1948.88,153,315,3317,0,0,0,0.0,0,
TXN09-04897,9,2026-08-07 21:16:31,4130.63,Restaurants,90026,UPI,DEV-09-1,iPhone,Pune,21,4,0,1.05,58,3510.46,1948.01,42,1598,3318,0,0,0,0.0,0,
TXN09-04898,9,2026-08-07 21:29:27,1712.23,Restaurants,90012,UPI,DEV-09-1,iPhone,Pune,21,4,0,12.93,59,3505.6,1935.15,74,1599,3319,0,0,0,0.0,0,
TXN09-04899,9,2026-08-07 22:10:38,5759.59,Coffee,90004,UPI,DEV-09-1,iPhone,Pune,22,4,0,41.18,60,3496.47,1942.5,357,1600,3320,0,0,0,0.0,0,
TXN09-04900,9,2026-08-07 22:15:27,626.66,Cloud Services,90060,UPI,DEV-09-2,Web,Pune,22,4,0,4.82,61,3502.23,1943.37,14,1036,3321,0,0,0,0.0,0,
TXN09-04901,9,2026-08-07 22:52:58,2338.05,Cloud Services,90002,Card,DEV-09-2,Web,Pune,22,4,0,37.52,62,3510.12,1939.57,350,1037,3322,0,0,0,0.0,0,
TXN09-04902,9,2026-08-07 22:57:46,887.71,Coffee,90021,Card,DEV-09-1,iPhone,Goa,22,4,0,4.8,63,3507.13,1938.0,87,1601,895,0,0,0,359.3,0,
TXN09-04903,9,2026-08-07 23:17:25,2675.66,Coffee,90152,Card,DEV-09-1,iPhone,Bangalore,23,4,0,19.65,64,3500.48,1940.03,2,1602,570,0,0,0,454.99,0,
TXN09-04904,9,2026-08-07 23:22:34,726.39,Cloud Services,90003,Card,DEV-09-12,iPhone,Pune,23,4,0,5.15,65,3498.4,1938.01,154,25,3323,0,0,0,735.23,0,
TXN09-04905,9,2026-08-07 23:36:39,1564.24,Restaurants,90001,UPI,DEV-09-5,Android,Pune,23,4,0,14.08,66,3491.4,1940.56,424,316,3324,0,0,0,0.0,0,
TXN09-04906,9,2026-08-07 23:53:06,3635.58,Software,90001,UPI,DEV-09-1,iPhone,New York,23,4,0,16.45,67,3491.59,1940.36,425,1603,10,0,0,0,12639.18,1,hourly_location_hopping
TXN09-04907,9,2026-08-08 00:53:06,1883.26,Software,90001,UPI,DEV-09-1,iPhone,Kochi,0,5,1,60.0,1,3491.95,1937.93,426,1604,10,0,0,0,13610.67,1,hourly_location_hopping
TXN09-04908,9,2026-08-08 01:53:06,6358.7,Software,90001,UPI,DEV-09-1,iPhone,Dubai,1,5,1,60.0,2,3487.91,1937.17,427,1605,7,0,0,0,2791.98,1,hourly_location_hopping
TXN09-04909,9,2026-08-08 08:11:44,5320.76,Software,90048,UPI,DEV-09-1,iPhone,Pune,8,5,1,378.63,3,3499.81,1940.22,35,1606,3325,0,0,0,2054.4,0,
TXN09-04910,9,2026-08-08 09:14:52,4207.29,Restaurants,90001,UPI,DEV-09-2,Web,Goa,9,5,1,63.13,4,3506.64,1946.67,428,1038,896,0,0,0,359.3,0,
TXN09-04911,9,2026-08-08 10:09:17,2808.88,Software,90131,UPI,DEV-09-1,iPhone,Pune,10,5,1,54.42,5,3511.79,1947.8,4,1607,3326,0,0,0,359.3,0,
TXN09-04912,9,2026-08-08 10:28:44,5217.82,Restaurants,90028,Card,DEV-09-5,Android,Pune,10,5,1,19.45,6,3498.65,1934.94,25,317,3327,0,0,0,0.0,0,
TXN09-04913,9,2026-08-08 11:05:31,3300.37,Cloud Services,90002,UPI,DEV-09-5,Android,Goa,11,5,1,36.78,7,3491.61,1923.57,351,318,897,0,0,0,359.3,0,
TXN09-04914,9,2026-08-08 11:42:31,4251.03,Cloud Services,90002,UPI,DEV-09-13,Web,Bangalore,11,5,1,37.0,8,3489.04,1920.31,352,22,571,0,0,0,454.99,0,
TXN09-04915,9,2026-08-08 11:47:14,6994.37,Software,90006,Card,DEV-09-8,Web,Goa,11,5,1,4.72,9,3490.49,1917.46,384,101,898,0,0,0,454.99,0,
TXN09-04916,9,2026-08-08 12:09:47,7551.28,Cloud Services,90010,UPI,DEV-09-3,iPhone,Bangalore,12,5,1,22.55,10,3499.4,1923.14,118,725,572,0,0,0,454.99,0,
TXN09-04917,9,2026-08-08 12:38:47,2388.86,Coffee,90020,Card,DEV-09-6,Web,Pune,12,5,1,29.0,11,3506.29,1927.75,116,203,3328,0,0,0,735.23,0,
TXN09-04918,9,2026-08-08 13:59:09,4687.69,Restaurants,90008,Card,DEV-09-3,iPhone,Pune,13,5,1,80.37,12,3487.79,1926.22,98,726,3329,0,0,0,0.0,0,
TXN09-04919,9,2026-08-08 15:19:35,3147.24,Cloud Services,90038,Card,DEV-09-1,iPhone,Pune,15,5,1,80.43,13,3480.68,1903.66,28,1608,3330,0,0,0,0.0,0,
TXN09-04920,9,2026-08-08 15:58:34,3766.84,Software,90048,UPI,DEV-09-4,iPhone,Pune,15,5,1,38.98,14,3478.79,1907.44,36,484,3331,0,0,0,0.0,0,
TXN09-04921,9,2026-08-08 16:30:43,1500.56,Restaurants,90009,Card,DEV-09-1,iPhone,Goa,16,5,1,32.15,15,3467.68,1893.35,91,1609,899,0,0,0,359.3,0,
TXN09-04922,9,2026-08-08 17:08:42,4070.32,Restaurants,90001,Card,DEV-09-2,Web,Pune,17,5,1,37.98,16,3453.88,1894.59,429,1039,3332,0,0,0,359.3,0,
TXN09-04923,9,2026-08-08 17:37:52,4906.32,Software,90040,Card,DEV-09-1,iPhone,Pune,17,5,1,29.17,17,3453.98,1898.01,33,1610,3333,0,0,0,0.0,0,
TXN09-04924,9,2026-08-08 19:15:24,616.81,Coffee,90066,UPI,DEV-09-1,iPhone,Pune,19,5,1,97.53,18,3453.37,1899.35,8,1611,3334,0,0,0,0.0,0,
TXN09-04925,9,2026-08-08 20:22:48,1673.25,Coffee,90073,Card,DEV-09-2,Web,Pune,20,5,1,67.4,19,3450.94,1902.38,12,1040,3335,0,0,0,0.0,0,
TXN09-04926,9,2026-08-08 21:29:28,2018.35,Software,90048,Card,DEV-09-5,Android,Goa,21,5,1,66.67,20,3460.39,1902.9,37,319,900,0,0,0,359.3,0,
TXN09-04927,9,2026-08-08 21:42:37,2289.18,Software,90018,UPI,DEV-09-1,iPhone,Pune,21,5,1,13.15,21,3456.62,1904.35,74,1612,3336,0,0,0,359.3,0,
TXN09-04928,9,2026-08-08 21:56:27,3126.84,Restaurants,90076,Card,DEV-09-1,iPhone,Pune,21,5,1,13.83,22,3456.65,1909.56,11,1613,3337,0,0,0,0.0,0,
TXN09-04929,9,2026-08-08 21:59:10,3768.72,Software,90050,Card,DEV-09-5,Android,Pune,21,5,1,2.72,23,3455.77,1907.09,20,320,3338,0,0,0,0.0,0,
TXN09-04930,9,2026-08-08 22:21:48,1780.23,Cloud Services,90002,Card,DEV-09-1,iPhone,Pune,22,5,1,22.63,24,3446.25,1897.71,353,1614,3339,0,0,0,0.0,0,
TXN09-04931,9,2026-08-08 22:32:08,1256.16,Restaurants,90098,UPI,DEV-09-1,iPhone,Goa,22,5,1,10.33,25,3441.77,1897.12,5,1615,901,0,0,0,359.3,0,
TXN09-04932,9,2026-08-08 22:41:04,8000.0,Software,90006,UPI,DEV-09-2,Web,Pune,22,5,1,8.93,26,3438.92,1902.21,385,1041,3340,0,0,0,359.3,0,
TXN09-04933,9,2026-08-08 23:02:50,1443.9,Coffee,90122,Card,DEV-09-1,iPhone,Pune,23,5,1,21.77,27,3448.69,1902.15,4,1616,3341,0,0,0,0.0,0,
TXN09-04934,9,2026-08-08 23:21:23,5423.54,Restaurants,90028,Card,DEV-09-12,iPhone,Pune,23,5,1,18.55,28,3447.42,1903.32,26,26,3342,0,0,0,0.0,0,
TXN09-04935,9,2026-08-08 23:41:15,2431.98,Cloud Services,90030,Card,DEV-09-2,Web,Pune,23,5,1,19.87,29,3460.09,1900.88,38,1042,3343,0,0,0,0.0,0,
TXN09-04936,9,2026-08-08 23:58:35,1366.29,Coffee,90033,UPI,DEV-09-2,Web,Pune,23,5,1,17.33,30,3457.31,1899.06,31,1043,3344,0,0,0,0.0,0,
TXN09-04937,9,2026-08-09 08:02:54,1569.86,Coffee,90073,Card,DEV-09-2,Web,Pune,8,6,1,484.32,1,3451.67,1899.59,13,1044,3345,0,0,0,0.0,0,
TXN09-04938,9,2026-08-09 09:03:59,3991.49,Restaurants,90001,UPI,DEV-09-5,Android,Goa,9,6,1,61.08,2,3452.42,1902.05,430,321,902,0,0,0,359.3,0,
TXN09-04939,9,2026-08-09 09:05:53,8000.0,Coffee,90021,Card,DEV-09-2,Web,Pune,9,6,1,1.9,3,3453.87,1899.69,88,1045,3346,0,0,0,359.3,0,
TXN09-04940,9,2026-08-09 09:24:18,7360.55,Cloud Services,90002,UPI,DEV-09-4,iPhone,Pune,9,6,1,18.42,4,3468.51,1913.69,354,485,3347,0,0,0,0.0,0,
TXN09-04941,9,2026-08-09 10:07:10,1567.71,Restaurants,90001,UPI,DEV-09-7,Android,Pune,10,6,1,42.87,5,3461.11,1906.44,431,166,3348,0,0,0,0.0,0,
TXN09-04942,9,2026-08-09 10:10:23,1874.97,Restaurants,90051,Card,DEV-09-4,iPhone,Pune,10,6,1,3.22,6,3456.0,1906.4,15,486,3349,0,0,0,0.0,0,
TXN09-04943,9,2026-08-09 10:16:34,2530.85,Cloud Services,90010,UPI,DEV-09-1,iPhone,Bangalore,10,6,1,6.18,7,3451.74,1905.59,119,1617,573,0,0,0,735.23,0,
TXN09-04944,9,2026-08-09 10:23:59,4932.07,Restaurants,90005,Card,DEV-09-1,iPhone,Pune,10,6,1,7.42,8,3449.26,1903.63,160,1618,3350,0,0,0,735.23,0,
TXN09-04945,9,2026-08-09 10:26:32,695.16,Coffee,90033,Card,DEV-09-6,Web,Pune,10,6,1,2.55,9,3453.24,1902.62,32,204,3351,0,0,0,0.0,0,
TXN09-04946,9,2026-08-09 10:33:38,8000.0,Restaurants,90083,UPI,DEV-09-2,Web,Pune,10,6,1,7.1,10,3445.86,1905.4,7,1046,3352,0,0,0,0.0,0,
TXN09-04947,9,2026-08-09 10:39:55,4125.1,Coffee,90024,Card,DEV-09-10,iPhone,Pune,10,6,1,6.28,11,3458.01,1917.3,52,40,3353,0,0,0,0.0,0,
TXN09-04948,9,2026-08-09 11:21:40,2380.07,Software,90006,Card,DEV-09-7,Android,Pune,11,6,1,41.75,12,3455.82,1919.39,386,167,3354,0,0,0,0.0,0,
TXN09-04949,9,2026-08-09 11:22:17,2149.23,Coffee,90074,Card,DEV-09-1,iPhone,Pune,11,6,1,0.62,13,3452.95,1917.63,12,1619,3355,0,0,0,0.0,0,
TXN09-04950,9,2026-08-09 11:24:42,1231.36,Cloud Services,90053,UPI,DEV-09-1,iPhone,Pune,11,6,1,2.42,14,3449.48,1916.26,24,1620,3356,0,0,0,0.0,0,
TXN09-04951,9,2026-08-09 11:28:18,6342.85,Coffee,90020,UPI,DEV-09-2,Web,Pune,11,6,1,3.6,15,3443.6,1917.11,117,1047,3357,0,0,0,0.0,0,
TXN09-04952,9,2026-08-09 11:43:26,3589.74,Software,90029,Card,DEV-09-1,iPhone,Pune,11,6,1,15.13,16,3450.41,1922.83,46,1621,3358,0,0,0,0.0,0,
TXN09-04953,9,2026-08-09 11:44:01,4252.04,Restaurants,90067,UPI,DEV-09-5,Android,Pune,11,6,1,0.58,17,3450.78,1920.3,9,322,3359,0,0,0,0.0,0,
TXN09-04954,9,2026-08-09 11:44:37,3363.07,Software,90006,Card,DEV-09-1,iPhone,Pune,11,6,1,0.6,18,3460.1,1915.61,387,1622,3360,0,0,0,0.0,0,
TXN09-04955,9,2026-08-09 12:39:59,5166.53,Restaurants,90001,UPI,DEV-09-3,iPhone,Pune,12,6,1,55.37,19,3463.26,1914.32,432,727,3361,0,0,0,0.0,0,
TXN09-04956,9,2026-08-09 12:47:34,1310.33,Coffee,90032,Card,DEV-09-1,iPhone,Goa,12,6,1,7.58,20,3467.79,1913.79,42,1623,903,0,0,0,359.3,0,
TXN09-04957,9,2026-08-09 12:53:51,3668.88,Coffee,90004,Card,DEV-09-11,iPhone,Pune,12,6,1,6.28,21,3462.07,1914.46,358,28,3362,0,0,0,359.3,0,
TXN09-04958,9,2026-08-09 13:02:33,1188.48,Software,90029,UPI,DEV-09-1,iPhone,Pune,13,6,1,8.7,22,3462.62,1911.96,47,1624,3363,0,0,0,0.0,0,
TXN09-04959,9,2026-08-09 13:22:30,1844.29,Restaurants,90008,UPI,DEV-09-1,iPhone,Pune,13,6,1,19.95,23,3449.02,1904.64,99,1625,3364,0,0,0,0.0,0,
TXN09-04960,9,2026-08-09 13:37:00,3389.8,Cloud Services,90157,Card,DEV-09-1,iPhone,Pune,13,6,1,14.5,24,3444.76,1903.9,2,1626,3365,0,0,0,0.0,0,
TXN09-04961,9,2026-08-09 13:56:16,2113.95,Coffee,90023,Card,DEV-09-8,Web,Pune,13,6,1,19.27,25,3444.62,1901.38,57,102,3366,0,0,0,0.0,0,
TXN09-04962,9,2026-08-09 14:03:59,2779.37,Restaurants,90069,UPI,DEV-09-3,iPhone,Goa,14,6,1,7.72,26,3441.74,1902.57,9,728,904,0,0,0,359.3,0,
TXN09-04963,9,2026-08-09 14:09:52,5454.09,Software,90158,Card,DEV-09-2,Web,Pune,14,6,1,5.88,27,3439.99,1900.36,1,1048,3367,0,0,1,359.3,0,
TXN09-04964,9,2026-08-09 14:23:54,4758.71,Cloud Services,90110,Card,DEV-09-6,Web,Bangalore,14,6,1,14.03,28,3436.9,1896.13,5,205,574,0,0,0,735.23,0,
TXN09-04965,9,2026-08-09 14:27:09,3556.9,Restaurants,90012,UPI,DEV-09-2,Web,Pune,14,6,1,3.25,29,3440.38,1894.84,75,1049,3368,0,0,0,735.23,0,
TXN09-04966,9,2026-08-09 14:28:35,2868.7,Software,90148,UPI,DEV-09-1,iPhone,Pune,14,6,1,1.43,30,3440.69,1892.36,2,1627,3369,0,0,0,0.0,0,
TXN09-04967,9,2026-08-09 14:29:50,1314.36,Software,90029,UPI,DEV-09-11,iPhone,Goa,14,6,1,1.25,31,3439.19,1890.11,48,29,905,0,0,0,359.3,0,
TXN09-04968,9,2026-08-09 15:22:22,2442.74,Software,90007,Card,DEV-09-1,iPhone,Pune,15,6,1,52.53,32,3452.31,1886.03,224,1628,3370,0,0,0,359.3,0,
TXN09-04969,9,2026-08-09 15:46:28,3173.02,Cloud Services,90010,Card,DEV-09-1,iPhone,Pune,15,6,1,24.1,33,3451.66,1886.34,120,1629,3371,0,0,0,0.0,0,
TXN09-04970,9,2026-08-09 15:50:24,3938.33,Restaurants,90001,UPI,DEV-09-1,iPhone,Pune,15,6,1,3.93,34,3450.93,1883.91,433,1630,3372,0,0,0,0.0,0,
TXN09-04971,9,2026-08-09 16:43:09,1827.6,Coffee,90094,UPI,DEV-09-3,iPhone,Pune,16,6,1,52.75,35,3440.55,1884.43,5,729,3373,0,0,0,0.0,0,
TXN09-04972,9,2026-08-09 17:21:53,1097.09,Coffee,90019,Card,DEV-09-6,Web,Pune,17,6,1,38.73,36,3431.3,1881.12,168,206,3374,0,0,0,0.0,0,
TXN09-04973,9,2026-08-09 17:30:20,2702.69,Software,90080,Card,DEV-09-9,iPhone,Pune,17,6,1,8.45,37,3421.09,1883.37,10,63,3375,0,0,0,0.0,0,
TXN09-04974,9,2026-08-09 17:49:51,1656.86,Coffee,90019,UPI,DEV-09-1,iPhone,Pune,17,6,1,19.52,38,3427.12,1884.45,169,1631,3376,0,0,0,0.0,0,
TXN09-04975,9,2026-08-09 17:59:38,3496.42,Coffee,90073,Card,DEV-09-2,Web,Pune,17,6,1,9.78,39,3427.17,1886.05,14,1050,3377,0,0,0,0.0,0,
TXN09-04976,9,2026-08-09 18:19:37,1187.43,Software,90007,UPI,DEV-09-1,iPhone,Pune,18,6,1,19.98,40,3427.36,1883.52,225,1632,3378,0,0,0,0.0,0,
TXN09-04977,9,2026-08-09 18:25:28,703.81,Cloud Services,90046,UPI,DEV-09-4,iPhone,Pune,18,6,1,5.85,41,3421.37,1884.55,21,487,3379,0,0,0,0.0,0,
TXN09-04978,9,2026-08-09 18:52:29,6794.95,Software,90029,Card,DEV-09-2,Web,Bangalore,18,6,1,27.02,42,3409.91,1888.02,49,1051,575,0,0,0,735.23,0,
TXN09-04979,9,2026-08-09 19:48:51,5624.49,Coffee,90057,Card,DEV-09-1,iPhone,Pune,19,6,1,56.37,43,3399.51,1879.79,20,1633,3380,0,0,0,735.23,0,
TXN09-04980,9,2026-08-09 20:06:14,3975.38,Coffee,90020,UPI,DEV-09-4,iPhone,Pune,20,6,1,17.38,44,3405.49,1880.79,118,488,3381,0,0,0,0.0,0,
TXN09-04981,9,2026-08-09 20:06:22,1229.08,Cloud Services,90015,UPI,DEV-09-3,iPhone,Pune,20,6,1,0.13,45,3407.02,1878.5,63,730,3382,0,0,0,0.0,0,
TXN09-04982,9,2026-08-09 20:10:37,1004.96,Software,90016,UPI,DEV-09-4,iPhone,Pune,20,6,1,4.25,46,3398.26,1881.01,88,489,3383,0,0,0,0.0,0,
TXN09-04983,9,2026-08-09 20:12:58,4170.22,Cloud Services,90034,UPI,DEV-09-10,iPhone,Pune,20,6,1,2.35,47,3391.86,1882.56,40,41,3384,0,0,0,0.0,0,
TXN09-04984,9,2026-08-09 20:26:19,2116.73,Restaurants,90127,Card,DEV-09-2,Web,Pune,20,6,1,13.35,48,3392.28,1883.63,4,1052,3385,0,0,0,0.0,0,
TXN09-04985,9,2026-08-09 20:43:56,3036.05,Coffee,90146,UPI,DEV-09-4,iPhone,Bangalore,20,6,1,17.62,49,3393.5,1885.76,6,490,576,0,0,0,735.23,0,
TXN09-04986,9,2026-08-09 20:46:22,2241.42,Restaurants,90001,UPI,DEV-09-1,iPhone,Pune,20,6,1,2.43,50,3392.54,1883.32,434,1634,3386,0,0,0,735.23,0,
TXN09-04987,9,2026-08-09 21:03:59,2438.26,Software,90106,Card,DEV-09-4,iPhone,Pune,21,6,1,17.62,51,3385.19,1880.71,8,491,3387,0,0,0,0.0,0,
TXN09-04988,9,2026-08-09 21:31:16,1456.66,Cloud Services,90011,UPI,DEV-09-12,iPhone,Pune,21,6,1,27.28,52,3381.94,1871.81,84,27,3388,0,0,0,0.0,0,
TXN09-04989,9,2026-08-09 21:58:21,6971.87,Software,90018,UPI,DEV-09-3,iPhone,Pune,21,6,1,27.08,53,3376.73,1871.95,75,731,3389,0,0,0,0.0,0,
TXN09-04990,9,2026-08-09 22:03:54,8000.0,Coffee,90019,Card,DEV-09-1,iPhone,Pune,22,6,1,5.55,54,3386.42,1878.69,170,1635,3390,0,0,0,0.0,0,
TXN09-04991,9,2026-08-09 22:09:56,3239.04,Coffee,90159,UPI,DEV-09-4,iPhone,Bangalore,22,6,1,6.03,55,3402.22,1892.73,1,492,577,0,0,1,735.23,0,
TXN09-04992,9,2026-08-09 22:15:04,3193.93,Restaurants,90076,UPI,DEV-09-5,Android,Bangalore,22,6,1,5.13,56,3401.78,1890.2,12,323,578,0,0,0,0.0,0,
TXN09-04993,9,2026-08-09 22:45:32,2265.56,Restaurants,90061,UPI,DEV-09-6,Web,Goa,22,6,1,30.47,57,3409.23,1883.89,16,207,906,0,0,0,454.99,0,
TXN09-04994,9,2026-08-09 22:57:55,2907.15,Cloud Services,90160,UPI,DEV-09-4,iPhone,Pune,22,6,1,12.38,58,3406.17,1882.29,1,493,3391,0,0,1,359.3,0,
TXN09-04995,9,2026-08-09 23:00:26,1751.91,Restaurants,90105,Card,DEV-09-7,Android,Pune,23,6,1,2.52,59,3404.83,1879.95,5,168,3392,0,0,0,0.0,0,
TXN09-04996,9,2026-08-09 23:00:33,3744.21,Software,90006,UPI,DEV-09-2,Web,Pune,23,6,1,0.12,60,3399.82,1881.85,388,1053,3393,0,0,0,0.0,0,
TXN09-04997,9,2026-08-09 23:02:28,5479.03,Coffee,90020,Card,DEV-09-1,iPhone,Pune,23,6,1,1.92,61,3400.74,1879.42,119,1636,3394,0,0,0,0.0,0,
TXN09-04998,9,2026-08-09 23:48:23,2350.89,Coffee,90022,UPI,DEV-09-1,iPhone,Pune,23,6,1,45.92,62,3402.99,1879.38,64,1637,3395,0,0,0,0.0,0,
TXN09-04999,9,2026-08-09 23:49:01,4535.96,Restaurants,90161,UPI,DEV-09-5,Android,Pune,23,6,1,0.63,63,3400.18,1877.66,1,324,3396,0,0,1,0.0,0,
TXN09-05000,9,2026-08-09 23:52:09,3585.12,Restaurants,90162,Card,DEV-09-6,Web,Pune,23,6,1,3.13,64,3403.21,1876.07,1,208,3397,0,0,1,0.0,0,
