transaction_id,user_id,timestamp,transaction_amount,merchant_category,merchant_id,payment_method,device_id,device_type,city,hour_of_day,day_of_week,is_weekend,transaction_gap_minutes,daily_transaction_count,average_amount_last_7_days,std_amount_last_7_days,merchant_visit_frequency,device_usage_frequency,location_visit_frequency,new_device,new_location,new_merchant,distance_from_last_transaction_km,label,fraud_type
TXN05-00001,5,2026-05-12 06:05:35,577.57,Restaurants,50004,Card,DEV-05-2,iPhone,Delhi,6,1,0,0.0,1,577.57,0.0,1,1,1,1,1,1,0.0,0,
TXN05-00002,5,2026-05-12 06:21:36,1067.2,Taxi,50002,Card,DEV-05-2,iPhone,Bangalore,6,1,0,16.02,2,577.57,0.0,1,2,1,0,1,1,1750.11,0,
TXN05-00003,5,2026-05-12 06:55:14,3882.42,Taxi,50002,Card,DEV-05-2,iPhone,Pune,6,1,0,33.63,3,822.38,244.81,2,3,1,0,1,0,735.23,0,
TXN05-00004,5,2026-05-12 07:06:10,717.9,Fuel,50003,UPI,DEV-05-1,Android,Bangalore,7,1,0,10.93,4,1842.4,1456.3,1,1,2,1,0,1,735.23,0,
TXN05-00005,5,2026-05-12 07:36:13,1309.5,Hotels,50005,UPI,DEV-05-1,Android,Mumbai,7,1,0,30.05,5,1561.27,1351.92,1,2,1,0,1,1,845.32,0,
TXN05-00006,5,2026-05-12 07:46:53,1835.46,Restaurants,50016,UPI,DEV-05-1,Android,Bangalore,7,1,0,10.67,6,1510.92,1213.38,1,3,3,0,0,1,845.32,0,
TXN05-00007,5,2026-05-12 07:59:13,695.4,Restaurants,50026,UPI,DEV-05-1,Android,Mumbai,7,1,0,12.33,7,1565.01,1114.25,1,4,2,0,0,1,845.32,0,
TXN05-00008,5,2026-05-12 08:55:10,1160.23,Restaurants,50011,Card,DEV-05-2,iPhone,Delhi,8,1,0,55.95,8,1440.78,1075.54,1,4,2,0,0,1,1153.24,0,
TXN05-00009,5,2026-05-12 08:59:16,4000.0,Restaurants,50019,Card,DEV-05-1,Android,Pune,8,1,0,4.1,9,1405.71,1010.34,1,5,2,0,0,1,1179.48,0,
TXN05-00010,5,2026-05-12 09:16:18,1967.4,Restaurants,50012,UPI,DEV-05-1,Android,Delhi,9,1,0,17.03,10,1693.96,1253.83,1,6,3,0,0,1,1179.48,0,
TXN05-00011,5,2026-05-12 09:30:20,319.71,Hotels,50017,UPI,DEV-05-1,Android,Lucknow,9,1,0,14.03,11,1721.31,1192.31,1,7,1,0,1,1,430.84,0,
TXN05-00012,5,2026-05-12 10:02:02,1102.09,Taxi,50007,UPI,DEV-05-2,iPhone,Delhi,10,1,0,31.7,12,1593.89,1206.12,1,5,4,0,0,1,430.84,0,
TXN05-00013,5,2026-05-12 10:03:11,2375.49,Fuel,50013,Card,DEV-05-1,Android,Delhi,10,1,0,1.15,13,1552.91,1162.75,1,8,5,0,0,1,0.0,0,
TXN05-00014,5,2026-05-12 10:42:24,1524.12,Fuel,50013,UPI,DEV-05-2,iPhone,Pune,10,1,0,39.22,14,1616.18,1138.43,2,6,3,0,0,0,1179.48,0,
TXN05-00015,5,2026-05-12 10:44:31,2783.38,Hotels,50024,UPI,DEV-05-1,Android,Bangalore,10,1,0,2.12,15,1609.61,1097.28,1,9,4,0,0,1,735.23,0,
TXN05-00016,5,2026-05-12 11:05:21,4000.0,Hotels,50014,Card,DEV-05-1,Android,Delhi,11,1,0,20.83,16,1687.86,1099.76,1,10,6,0,0,1,1750.11,0,
TXN05-00017,5,2026-05-12 11:11:24,1873.54,Hotels,50005,UPI,DEV-05-1,Android,Bangalore,11,1,0,6.05,17,1832.37,1202.96,2,11,5,0,0,0,1750.11,0,
TXN05-00018,5,2026-05-12 12:23:04,1106.86,Fuel,50006,UPI,DEV-05-1,Android,Bangalore,12,1,0,71.67,18,1834.79,1167.09,1,12,6,0,0,1,0.0,0,
TXN05-00019,5,2026-05-12 12:38:05,575.49,Fuel,50006,Card,DEV-05-2,iPhone,Delhi,12,1,0,15.02,19,1794.35,1146.4,2,7,7,0,0,0,1750.11,0,
TXN05-00020,5,2026-05-12 12:43:19,687.7,Fuel,50006,Card,DEV-05-1,Android,Pune,12,1,0,5.23,20,1730.2,1148.53,3,13,4,0,0,0,1179.48,0,
TXN05-00021,5,2026-05-12 13:40:39,569.6,Taxi,50002,Card,DEV-05-1,Android,Pune,13,1,0,57.33,21,1678.07,1142.28,3,14,5,0,0,0,0.0,0,
TXN05-00022,5,2026-05-12 13:40:58,3705.1,Fuel,50003,Card,DEV-05-1,Android,Bangalore,13,1,0,0.32,22,1625.29,1139.47,2,15,7,0,0,0,735.23,0,
TXN05-00023,5,2026-05-12 14:07:49,1338.34,Restaurants,50020,UPI,DEV-05-1,Android,Delhi,14,1,0,26.85,23,1719.83,1194.59,1,16,8,0,0,1,1750.11,0,
TXN05-00024,5,2026-05-12 14:30:00,2481.89,Restaurants,50001,Card,DEV-05-1,Android,Delhi,14,1,0,22.18,24,1703.24,1170.92,1,17,9,0,0,1,0.0,0,
TXN05-00025,5,2026-05-12 14:32:36,1539.47,Hotels,50005,UPI,DEV-05-2,iPhone,Pune,14,1,0,2.6,25,1735.68,1156.78,3,8,6,0,0,0,1179.48,0,
TXN05-00026,5,2026-05-12 14:59:23,1548.23,Restaurants,50011,UPI,DEV-05-1,Android,Jaipur,14,1,0,26.78,26,1727.83,1134.06,2,18,1,0,1,0,953.87,0,
TXN05-00027,5,2026-05-12 14:59:37,3288.49,Hotels,50010,UPI,DEV-05-1,Android,Mumbai,14,1,0,0.23,27,1720.93,1112.57,1,19,3,0,0,1,920.74,0,
TXN05-00028,5,2026-05-12 15:22:00,1880.78,Fuel,50003,Card,DEV-05-1,Android,Mumbai,15,1,0,22.38,28,1778.98,1131.2,3,20,4,0,0,0,0.0,0,
TXN05-00029,5,2026-05-12 15:24:27,4000.0,Restaurants,50012,UPI,DEV-05-1,Android,Bangalore,15,1,0,2.45,29,1782.62,1110.98,2,21,8,0,0,0,845.32,0,
TXN05-00030,5,2026-05-12 16:18:11,2226.21,Restaurants,50001,UPI,DEV-05-1,Android,Delhi,16,1,0,53.73,30,1859.08,1164.22,2,22,10,0,0,0,1750.11,0,
TXN05-00031,5,2026-05-12 16:50:37,1465.6,Restaurants,50009,UPI,DEV-05-1,Android,Pune,16,1,0,32.43,31,1871.32,1146.55,1,23,7,0,0,1,1179.48,0,
TXN05-00032,5,2026-05-12 17:12:27,1558.02,Hotels,50025,UPI,DEV-05-2,iPhone,Bangalore,17,1,0,21.83,32,1858.23,1130.18,1,9,9,0,0,1,735.23,0,
TXN05-00033,5,2026-05-12 17:13:02,2645.03,Hotels,50027,Card,DEV-05-1,Android,Mumbai,17,1,0,0.58,33,1848.85,1113.6,1,24,5,0,0,1,845.32,0,
TXN05-00034,5,2026-05-12 17:39:24,2825.41,Fuel,50003,Card,DEV-05-1,Android,Mumbai,17,1,0,26.37,34,1872.98,1105.06,4,25,6,0,0,0,0.0,0,
TXN05-00035,5,2026-05-12 17:54:35,100000.0,Bank Transfer,50001,Card,DEV-05-1,Android,Delhi,17,1,0,15.18,35,1900.99,1100.52,3,26,11,0,0,0,1153.24,1,huge_transfer
TXN05-00036,5,2026-05-12 18:22:38,953.1,Restaurants,50001,UPI,DEV-05-2,iPhone,Delhi,18,1,0,28.05,36,4703.82,16379.12,4,10,12,0,0,0,0.0,0,
TXN05-00037,5,2026-05-12 19:44:19,2019.98,Fuel,50003,UPI,DEV-05-2,iPhone,Mumbai,19,1,0,81.68,37,4599.63,16161.78,5,11,7,0,0,0,1153.24,0,
TXN05-00038,5,2026-05-12 19:52:05,803.45,Fuel,50013,UPI,DEV-05-1,Android,Delhi,19,1,0,7.77,38,4529.91,15947.37,3,27,13,0,0,0,1153.24,0,
TXN05-00039,5,2026-05-12 20:14:43,1510.97,Restaurants,50001,Card,DEV-05-1,Android,Bangalore,20,1,0,22.63,39,4431.85,15747.44,5,28,10,0,0,0,1750.11,0,
TXN05-00040,5,2026-05-12 20:25:41,1243.08,Fuel,50003,Card,DEV-05-1,Android,Mumbai,20,1,0,10.97,40,4356.95,15551.1,6,29,8,0,0,0,845.32,0,
TXN05-00041,5,2026-05-12 20:47:24,2029.14,Taxi,50002,UPI,DEV-05-1,Android,Pune,20,1,0,21.72,41,4279.11,15363.17,4,30,8,0,0,0,120.15,0,
TXN05-00042,5,2026-05-12 20:48:39,1102.39,Hotels,50005,UPI,DEV-05-1,Android,Delhi,20,1,0,1.25,42,4224.23,15178.63,4,31,14,0,0,0,1179.48,0,
TXN05-00043,5,2026-05-12 20:56:41,1845.15,Hotels,50010,UPI,DEV-05-1,Android,Mumbai,20,1,0,8.03,43,4149.9,15004.39,2,32,9,0,0,0,1153.24,0,
TXN05-00044,5,2026-05-12 21:57:51,4000.0,Restaurants,50004,Card,DEV-05-1,Android,Delhi,21,1,0,61.17,44,4096.3,14832.96,2,33,15,0,0,0,1153.24,0,
TXN05-00045,5,2026-05-12 22:18:44,1948.6,Restaurants,50001,Card,DEV-05-1,Android,Bangalore,22,1,0,20.88,45,4094.11,14663.44,6,34,11,0,0,0,1750.11,0,
TXN05-00046,5,2026-05-12 22:24:26,4000.0,Fuel,50013,Card,DEV-05-1,Android,Jaipur,22,1,0,5.7,46,4046.43,14503.05,4,35,2,0,0,0,1561.54,0,
TXN05-00047,5,2026-05-12 22:36:56,2083.29,Restaurants,50011,UPI,DEV-05-1,Android,Jaipur,22,1,0,12.5,47,4045.42,14344.54,3,36,3,0,0,0,0.0,0,
TXN05-00048,5,2026-05-12 22:45:10,1229.62,Fuel,50003,Card,DEV-05-2,iPhone,Delhi,22,1,0,8.23,48,4003.68,14193.95,7,12,16,0,0,0,237.53,0,
TXN05-00049,5,2026-05-13 01:26:53,2745.37,Shopping,50001,UPI,DEV-05-1,Android,Delhi,1,2,0,161.72,1,3945.88,14050.9,7,37,17,0,0,0,0.0,1,late_night_spree
TXN05-00050,5,2026-05-13 02:20:53,1392.21,Shopping,50001,UPI,DEV-05-1,Android,Delhi,2,2,0,54.0,2,3921.38,13907.82,8,38,18,0,0,0,0.0,1,late_night_spree
TXN05-00051,5,2026-05-13 06:00:18,1126.37,Taxi,50002,UPI,DEV-05-1,Android,Mumbai,6,2,0,219.42,3,3870.8,13772.59,5,39,10,0,0,0,1153.24,0,
TXN05-00052,5,2026-05-13 06:01:02,524.43,Restaurants,50001,UPI,DEV-05-1,Android,Bangalore,6,2,0,0.73,4,3816.99,13642.21,9,40,12,0,0,0,845.32,0,
TXN05-00053,5,2026-05-13 06:17:24,1210.44,Fuel,50006,Card,DEV-05-1,Android,Bangalore,6,2,0,16.37,5,3753.67,13517.96,4,41,13,0,0,0,0.0,0,
TXN05-00054,5,2026-05-13 06:27:29,967.83,Hotels,50014,Card,DEV-05-1,Android,Delhi,6,2,0,10.08,6,3705.68,13394.3,2,42,19,0,0,0,1750.11,0,
TXN05-00055,5,2026-05-13 07:42:05,348.63,Fuel,50013,Card,DEV-05-1,Android,Mumbai,7,2,0,74.6,7,3654.98,13274.83,5,43,11,0,0,0,1153.24,0,
TXN05-00056,5,2026-05-13 08:33:09,1591.83,Fuel,50003,UPI,DEV-05-2,iPhone,Jaipur,8,2,0,51.07,8,3594.87,13161.01,8,13,4,0,0,0,920.74,0,
TXN05-00057,5,2026-05-13 08:38:08,1134.74,Taxi,50002,UPI,DEV-05-2,iPhone,Mumbai,8,2,0,4.98,9,3559.1,13045.67,6,14,12,0,0,0,920.74,0,
TXN05-00058,5,2026-05-13 08:49:03,2657.61,Restaurants,50026,Card,DEV-05-1,Android,Mumbai,8,2,0,10.92,10,3516.57,12934.64,2,44,13,0,0,0,0.0,0,
TXN05-00059,5,2026-05-13 09:25:21,1850.73,Fuel,50028,UPI,DEV-05-1,Android,Mumbai,9,2,0,36.3,11,3501.76,12823.14,1,45,14,0,0,1,0.0,0,
TXN05-00060,5,2026-05-13 09:27:12,1207.21,Fuel,50006,Card,DEV-05-1,Android,Pune,9,2,0,1.85,12,3473.77,12715.79,5,46,9,0,0,0,120.15,0,
TXN05-00061,5,2026-05-13 09:42:10,3899.58,Taxi,50007,Card,DEV-05-2,iPhone,Delhi,9,2,0,14.97,13,3436.0,12612.72,2,15,20,0,0,0,1179.48,0,
TXN05-00062,5,2026-05-13 09:44:03,2673.6,Restaurants,50022,Card,DEV-05-2,iPhone,Bangalore,9,2,0,1.88,14,3443.6,12509.05,1,16,14,0,0,1,1750.11,0,
TXN05-00063,5,2026-05-13 10:42:31,1381.09,Restaurants,50004,UPI,DEV-05-1,Android,Delhi,10,2,0,58.47,15,3431.18,12408.14,3,47,21,0,0,0,1750.11,0,
TXN05-00064,5,2026-05-13 10:45:18,1045.55,Fuel,50003,UPI,DEV-05-1,Android,Pune,10,2,0,2.78,16,3398.64,12311.93,9,48,10,0,0,0,1179.48,0,
TXN05-00065,5,2026-05-13 10:58:06,2860.07,Hotels,50005,UPI,DEV-05-1,Android,Mumbai,10,2,0,12.8,17,3361.87,12218.85,5,49,15,0,0,0,120.15,0,
TXN05-00066,5,2026-05-13 11:09:21,1233.25,Hotels,50005,UPI,DEV-05-1,Android,Bangalore,11,2,0,11.25,18,3354.15,12124.65,6,50,15,0,0,0,845.32,0,
TXN05-00067,5,2026-05-13 11:15:42,1452.84,Restaurants,50001,UPI,DEV-05-2,iPhone,Kochi,11,2,0,6.35,19,3322.01,12035.24,10,17,1,0,1,0,367.72,0,
TXN05-00068,5,2026-05-13 11:18:16,1557.79,Restaurants,50008,UPI,DEV-05-2,iPhone,Pune,11,2,0,2.57,20,3294.12,11947.24,1,18,11,0,0,1,989.71,0,
TXN05-00069,5,2026-05-13 11:18:56,984.85,Restaurants,50016,Card,DEV-05-2,iPhone,Mumbai,11,2,0,0.67,21,3268.58,11860.9,2,19,16,0,0,0,120.15,0,
TXN05-00070,5,2026-05-13 11:32:58,534.83,Fuel,50003,Card,DEV-05-2,iPhone,Pune,11,2,0,14.03,22,3235.48,11777.81,10,20,12,0,0,0,120.15,0,
TXN05-00071,5,2026-05-13 11:40:06,507.58,Restaurants,50004,UPI,DEV-05-1,Android,Jaipur,11,2,0,7.13,23,3196.9,11697.77,4,51,5,0,0,0,953.87,0,
TXN05-00072,5,2026-05-13 12:10:29,1405.04,Taxi,50002,UPI,DEV-05-1,Android,Mumbai,12,2,0,30.38,24,3159.03,11619.42,7,52,17,0,0,0,920.74,0,
TXN05-00073,5,2026-05-13 12:28:45,4000.0,Restaurants,50001,Card,DEV-05-2,iPhone,Delhi,12,2,0,18.27,25,3134.66,11540.27,11,21,22,0,0,0,1153.24,0,
TXN05-00074,5,2026-05-13 12:59:55,529.17,Hotels,50014,Card,DEV-05-2,iPhone,Mumbai,12,2,0,31.17,26,3146.52,11461.4,3,22,18,0,0,0,1153.24,0,
TXN05-00075,5,2026-05-13 13:28:53,1679.37,Hotels,50024,UPI,DEV-05-2,iPhone,Mumbai,13,2,0,28.97,27,3111.15,11387.7,2,23,19,0,0,0,0.0,0,
TXN05-00076,5,2026-05-13 13:45:56,3362.2,Hotels,50010,UPI,DEV-05-1,Android,Bangalore,13,2,0,17.05,28,3092.06,11312.72,3,53,16,0,0,0,845.32,0,
TXN05-00077,5,2026-05-13 14:09:38,1353.15,Fuel,50013,Card,DEV-05-1,Android,Pune,14,2,0,23.7,29,3095.61,11238.09,6,54,13,0,0,0,735.23,0,
TXN05-00078,5,2026-05-13 14:27:56,1321.87,Fuel,50003,UPI,DEV-05-2,iPhone,Mumbai,14,2,0,18.3,30,3072.98,11166.62,11,24,20,0,0,0,120.15,0,
TXN05-00079,5,2026-05-13 15:22:36,2986.87,Restaurants,50001,UPI,DEV-05-2,iPhone,Delhi,15,2,0,54.67,31,3050.53,11096.56,12,25,23,0,0,0,1153.24,0,
TXN05-00080,5,2026-05-13 15:31:39,944.28,Hotels,50005,Card,DEV-05-1,Android,Pune,15,2,0,9.05,32,3049.73,11026.11,7,55,14,0,0,0,1179.48,0,
TXN05-00081,5,2026-05-13 15:58:26,1766.35,Restaurants,50001,UPI,DEV-05-1,Android,Delhi,15,2,0,26.78,33,3023.41,10959.47,13,56,24,0,0,0,1179.48,0,
TXN05-00082,5,2026-05-13 16:42:10,3770.66,Fuel,50003,UPI,DEV-05-1,Android,Delhi,16,2,0,43.73,34,3007.89,10892.5,12,57,25,0,0,0,0.0,0,
TXN05-00083,5,2026-05-13 16:51:07,2381.75,Restaurants,50020,Card,DEV-05-1,Android,Delhi,16,2,0,8.95,35,3017.19,10826.2,2,58,26,0,0,0,0.0,0,
TXN05-00084,5,2026-05-13 17:18:11,988.21,Restaurants,50004,UPI,DEV-05-2,iPhone,Mumbai,17,2,0,27.07,36,3009.54,10761.01,5,26,21,0,0,0,1153.24,0,
TXN05-00085,5,2026-05-13 17:37:43,750.6,Restaurants,50011,UPI,DEV-05-1,Android,Delhi,17,2,0,19.53,37,2985.47,10699.01,4,59,27,0,0,0,1153.24,0,
TXN05-00086,5,2026-05-13 17:54:01,1125.37,Taxi,50002,Card,DEV-05-2,iPhone,Bangalore,17,2,0,16.3,38,2959.18,10638.61,8,27,17,0,0,0,1750.11,0,
TXN05-00087,5,2026-05-13 18:05:23,2572.84,Fuel,50003,Card,DEV-05-2,iPhone,Pune,18,2,0,11.37,39,2937.86,10578.41,13,28,15,0,0,0,735.23,0,
TXN05-00088,5,2026-05-13 18:13:57,1399.72,Restaurants,50026,UPI,DEV-05-1,Android,Bangalore,18,2,0,8.57,40,2933.66,10517.51,3,60,18,0,0,0,735.23,0,
TXN05-00089,5,2026-05-13 19:09:49,2563.22,Fuel,50006,Card,DEV-05-1,Android,Pune,19,2,0,55.87,41,2916.23,10458.84,6,61,16,0,0,0,735.23,0,
TXN05-00090,5,2026-05-13 19:36:07,733.38,Restaurants,50008,Card,DEV-05-1,Android,Pune,19,2,0,26.3,42,2912.26,10399.99,2,62,17,0,0,0,0.0,0,
TXN05-00091,5,2026-05-13 19:47:35,3835.35,Restaurants,50008,Card,DEV-05-1,Android,Delhi,19,2,0,11.47,43,2888.05,10344.57,3,63,28,0,0,0,1179.48,0,
TXN05-00092,5,2026-05-13 20:53:15,1442.68,Restaurants,50012,UPI,DEV-05-1,Android,Jaipur,20,2,0,65.67,44,2898.46,10288.05,3,64,6,0,0,0,237.53,0,
TXN05-00093,5,2026-05-13 21:41:09,1578.42,Taxi,50002,Card,DEV-05-1,Android,Jaipur,21,2,0,47.9,45,2882.64,10233.09,9,65,7,0,0,0,0.0,0,
TXN05-00094,5,2026-05-13 21:50:21,1039.42,Fuel,50003,Card,DEV-05-1,Android,Bangalore,21,2,0,9.2,46,2868.62,10178.82,14,66,19,0,0,0,1561.54,0,
TXN05-00095,5,2026-05-13 22:02:48,1826.74,Taxi,50029,UPI,DEV-05-1,Android,Pune,22,2,0,12.45,47,2849.16,10126.27,1,67,18,0,0,1,735.23,0,
TXN05-00096,5,2026-05-13 22:06:44,1222.57,Fuel,50003,Card,DEV-05-1,Android,Mumbai,22,2,0,3.93,48,2838.39,10073.37,15,68,22,0,0,0,120.15,0,
TXN05-00097,5,2026-05-13 22:10:49,696.59,Restaurants,50001,UPI,DEV-05-2,iPhone,Mumbai,22,2,0,4.08,49,2821.56,10022.11,14,29,23,0,0,0,0.0,0,
TXN05-00098,5,2026-05-13 22:18:49,4000.0,Taxi,50007,Card,DEV-05-1,Android,Pune,22,2,0,8.0,50,2799.66,9972.63,3,69,19,0,0,0,120.15,0,
TXN05-00099,5,2026-05-13 22:27:43,2961.8,Hotels,50014,Card,DEV-05-2,iPhone,Mumbai,22,2,0,8.9,51,2811.9,9922.35,4,30,24,0,0,0,120.15,0,
TXN05-00100,5,2026-05-13 22:36:56,3571.05,Hotels,50010,Card,DEV-05-1,Android,Bangalore,22,2,0,9.22,52,2813.42,9872.12,4,70,20,0,0,0,845.32,0,
TXN05-00101,5,2026-05-13 22:49:10,986.1,Restaurants,50011,Card,DEV-05-1,Android,Delhi,22,2,0,12.23,53,2820.99,9822.93,5,71,29,0,0,0,1750.11,0,
TXN05-00102,5,2026-05-13 23:29:10,932.14,Fuel,50003,Card,DEV-05-1,Android,Mumbai,23,2,0,40.0,54,2802.83,9775.87,16,72,25,0,0,0,1153.24,0,
TXN05-00103,5,2026-05-13 23:42:34,817.69,Restaurants,50001,Card,DEV-05-1,Android,Mumbai,23,2,0,13.4,55,2784.49,9729.57,15,73,26,0,0,0,0.0,0,
TXN05-00104,5,2026-05-13 23:53:27,1945.47,Taxi,50007,Card,DEV-05-2,iPhone,Delhi,23,2,0,10.88,56,2765.39,9684.15,4,31,30,0,0,0,1153.24,0,
TXN05-00105,5,2026-05-13 23:53:59,1736.2,Hotels,50015,UPI,DEV-05-1,Android,Bangalore,23,2,0,0.53,57,2757.51,9637.81,1,74,21,0,0,1,1750.11,0,
TXN05-00106,5,2026-05-13 23:57:39,1221.8,Restaurants,50001,Card,DEV-05-1,Android,Pune,23,2,0,3.67,58,2747.78,9592.32,16,75,20,0,0,0,735.23,0,
TXN05-00107,5,2026-05-14 06:03:39,2922.44,Restaurants,50022,UPI,DEV-05-2,iPhone,Delhi,6,3,0,366.0,1,2733.39,9548.1,2,32,31,0,0,0,1179.48,0,
TXN05-00108,5,2026-05-14 06:30:26,1216.94,Restaurants,50009,Card,DEV-05-1,Android,Delhi,6,3,0,26.78,2,2735.15,9503.4,2,76,32,0,0,0,0.0,0,
TXN05-00109,5,2026-05-14 06:54:46,2161.77,Hotels,50010,UPI,DEV-05-1,Android,Mumbai,6,3,0,24.33,3,2721.1,9460.42,5,77,27,0,0,0,1153.24,0,
TXN05-00110,5,2026-05-14 07:03:55,3027.83,Restaurants,50011,Card,DEV-05-1,Android,Jaipur,7,3,0,9.15,4,2715.96,9417.07,6,78,8,0,0,0,920.74,0,
TXN05-00111,5,2026-05-14 07:06:59,1454.17,Taxi,50002,UPI,DEV-05-1,Android,Mumbai,7,3,0,3.07,5,2718.8,9374.22,10,79,28,0,0,0,920.74,0,
TXN05-00112,5,2026-05-14 07:29:59,2533.13,Taxi,50029,Card,DEV-05-1,Android,Mumbai,7,3,0,23.0,6,2707.41,9332.66,2,80,29,0,0,0,0.0,0,
TXN05-00113,5,2026-05-14 07:43:28,504.76,Hotels,50005,UPI,DEV-05-1,Android,Mumbai,7,3,0,13.48,7,2705.85,9290.92,8,81,30,0,0,0,0.0,0,
TXN05-00114,5,2026-05-14 07:49:04,325.37,Hotels,50024,Card,DEV-05-2,iPhone,Mumbai,7,3,0,5.6,8,2686.37,9252.01,3,33,31,0,0,0,0.0,0,
TXN05-00115,5,2026-05-14 07:49:32,1356.39,Restaurants,50001,UPI,DEV-05-2,iPhone,Pune,7,3,0,0.47,9,2665.66,9213.97,17,34,21,0,0,0,120.15,0,
TXN05-00116,5,2026-05-14 08:37:24,934.31,Restaurants,50004,Card,DEV-05-1,Android,Pune,8,3,0,47.87,10,2654.28,9174.63,6,82,22,0,0,0,0.0,0,
TXN05-00117,5,2026-05-14 09:19:21,497.84,Restaurants,50004,UPI,DEV-05-2,iPhone,Delhi,9,3,0,41.95,11,2639.45,9136.38,7,35,33,0,0,0,1179.48,0,
TXN05-00118,5,2026-05-14 09:35:42,1744.54,Taxi,50002,UPI,DEV-05-1,Android,Pune,9,3,0,16.35,12,2621.14,9099.39,11,83,23,0,0,0,1179.48,0,
TXN05-00119,5,2026-05-14 09:37:29,513.0,Taxi,50002,Card,DEV-05-1,Android,Delhi,9,3,0,1.78,13,2613.72,9061.11,12,84,34,0,0,0,1179.48,0,
TXN05-00120,5,2026-05-14 10:07:45,878.08,Restaurants,50004,Card,DEV-05-2,iPhone,Jaipur,10,3,0,30.27,14,2596.06,9024.99,8,36,9,0,0,0,237.53,0,
TXN05-00121,5,2026-05-14 10:43:52,4000.0,Fuel,50003,Card,DEV-05-1,Android,Pune,10,3,0,36.12,15,2581.75,8988.67,17,85,24,0,0,0,953.87,0,
TXN05-00122,5,2026-05-14 10:43:58,1867.72,Taxi,50030,UPI,DEV-05-1,Android,Delhi,10,3,0,0.1,16,2593.47,8952.37,1,86,35,0,0,1,1179.48,0,
TXN05-00123,5,2026-05-14 10:50:24,1295.97,Fuel,50003,UPI,DEV-05-2,iPhone,Mumbai,10,3,0,6.43,17,2587.52,8915.84,18,37,32,0,0,0,1153.24,0,
TXN05-00124,5,2026-05-14 11:14:58,975.44,Fuel,50013,UPI,DEV-05-2,iPhone,Pune,11,3,0,24.57,18,2577.02,8880.28,7,38,25,0,0,0,120.15,0,
TXN05-00125,5,2026-05-14 11:15:02,1173.09,Restaurants,50016,UPI,DEV-05-2,iPhone,Mumbai,11,3,0,0.07,19,2564.1,8845.56,3,39,33,0,0,0,120.15,0,
TXN05-00126,5,2026-05-14 11:23:37,1353.46,Restaurants,50012,Card,DEV-05-1,Android,Bangalore,11,3,0,8.58,20,2552.97,8810.98,4,87,22,0,0,0,845.32,0,
TXN05-00127,5,2026-05-14 11:30:06,4000.0,Hotels,50010,Card,DEV-05-1,Android,Delhi,11,3,0,6.48,21,2543.45,8776.59,6,88,36,0,0,0,1750.11,0,
TXN05-00128,5,2026-05-14 12:00:10,863.87,Hotels,50005,Card,DEV-05-1,Android,Delhi,12,3,0,30.07,22,2554.92,8742.92,9,89,37,0,0,0,0.0,0,
TXN05-00129,5,2026-05-14 12:40:47,2933.85,Hotels,50031,UPI,DEV-05-1,Android,Bangalore,12,3,0,40.62,23,2541.71,8709.97,1,90,23,0,0,1,1750.11,0,
TXN05-00130,5,2026-05-14 13:02:44,3169.34,Restaurants,50008,UPI,DEV-05-1,Android,Mumbai,13,3,0,21.95,24,2544.75,8676.21,4,91,34,0,0,0,845.32,0,
TXN05-00131,5,2026-05-14 13:41:00,2124.03,Fuel,50013,UPI,DEV-05-2,iPhone,Delhi,13,3,0,38.27,25,2549.56,8642.95,8,40,38,0,0,0,1153.24,0,
TXN05-00132,5,2026-05-14 14:58:26,983.51,Hotels,50005,Card,DEV-05-1,Android,Delhi,14,3,0,77.43,26,2546.31,8609.98,10,92,39,0,0,0,0.0,0,
TXN05-00133,5,2026-05-14 15:12:25,2298.75,Fuel,50003,Card,DEV-05-2,iPhone,Pune,15,3,0,13.98,27,2534.47,8578.38,19,41,26,0,0,0,1179.48,0,
TXN05-00134,5,2026-05-14 15:33:25,983.37,Fuel,50028,UPI,DEV-05-2,iPhone,Delhi,15,3,0,21.0,28,2532.7,8546.09,2,42,40,0,0,0,1179.48,0,
TXN05-00135,5,2026-05-14 15:43:27,4000.0,Fuel,50013,Card,DEV-05-1,Android,Mumbai,15,3,0,10.03,29,2521.13,8515.19,9,93,35,0,0,0,1153.24,0,
TXN05-00136,5,2026-05-14 15:52:54,1456.89,Fuel,50003,Card,DEV-05-3,Web,Delhi,15,3,0,9.45,30,2532.09,8484.54,20,1,41,1,0,0,1153.24,0,
TXN05-00137,5,2026-05-14 15:58:02,1029.97,Hotels,50017,Card,DEV-05-1,Android,Delhi,15,3,0,5.13,31,2524.18,8453.78,2,94,42,0,0,0,0.0,0,
TXN05-00138,5,2026-05-14 16:19:06,2627.86,Restaurants,50001,Card,DEV-05-1,Android,Bangalore,16,3,0,21.07,32,2513.28,8423.84,18,95,24,0,0,0,1750.11,0,
TXN05-00139,5,2026-05-14 16:45:12,739.33,Restaurants,50004,UPI,DEV-05-2,iPhone,Jaipur,16,3,0,26.1,33,2514.11,8393.26,9,43,10,0,0,0,1561.54,0,
TXN05-00140,5,2026-05-14 17:06:06,1187.44,Fuel,50003,UPI,DEV-05-1,Android,Delhi,17,3,0,20.9,34,2501.34,8364.36,21,96,43,0,0,0,237.53,0,
TXN05-00141,5,2026-05-14 17:42:01,2376.88,Restaurants,50019,UPI,DEV-05-3,Web,Bangalore,17,3,0,35.92,35,2491.95,8335.17,2,2,25,0,0,0,1750.11,0,
TXN05-00142,5,2026-05-14 18:12:58,1783.38,Fuel,50003,Card,DEV-05-1,Android,Delhi,18,3,0,30.95,36,2491.14,8305.57,22,97,44,0,0,0,1750.11,0,
TXN05-00143,5,2026-05-14 18:19:08,4000.0,Restaurants,50004,Card,DEV-05-3,Web,Delhi,18,3,0,6.17,37,2486.15,8276.48,10,3,45,0,0,0,0.0,0,
TXN05-00144,5,2026-05-14 18:27:39,3283.28,Hotels,50024,Card,DEV-05-2,iPhone,Jaipur,18,3,0,8.52,38,2496.74,8248.46,4,44,11,0,0,0,237.53,0,
TXN05-00145,5,2026-05-14 20:01:04,2705.43,Restaurants,50008,UPI,DEV-05-3,Web,Bangalore,20,3,0,93.42,39,2502.2,8220.03,5,4,26,0,0,0,1561.54,0,
TXN05-00146,5,2026-05-14 20:06:22,677.75,Fuel,50006,Card,DEV-05-1,Android,Delhi,20,3,0,5.3,40,2503.6,8191.65,7,98,46,0,0,0,1750.11,0,
TXN05-00147,5,2026-05-14 21:32:56,358.1,Fuel,50028,Card,DEV-05-2,iPhone,Bangalore,21,3,0,86.57,41,2491.1,8164.94,3,45,27,0,0,0,1750.11,0,
TXN05-00148,5,2026-05-14 22:20:40,2076.71,Restaurants,50001,UPI,DEV-05-1,Android,Delhi,22,3,0,47.73,42,2476.59,8139.01,19,99,47,0,0,0,1750.11,0,
TXN05-00149,5,2026-05-14 22:44:55,1364.65,Restaurants,50012,Card,DEV-05-3,Web,Mumbai,22,3,0,24.25,43,2473.88,8111.53,5,5,36,0,0,0,1153.24,0,
TXN05-00150,5,2026-05-14 23:39:59,2271.06,Restaurants,50001,UPI,DEV-05-1,Android,Mumbai,23,3,0,55.07,44,2466.44,8084.77,20,100,37,0,0,0,0.0,0,
TXN05-00151,5,2026-05-14 23:43:38,1108.56,Restaurants,50020,UPI,DEV-05-3,Web,Mumbai,23,3,0,3.65,45,2465.14,8057.79,3,6,38,0,0,0,0.0,0,
TXN05-00152,5,2026-05-14 23:48:30,1183.18,Fuel,50003,UPI,DEV-05-2,iPhone,Jaipur,23,3,0,4.87,46,2456.15,8031.82,23,46,12,0,0,0,920.74,0,
TXN05-00153,5,2026-05-14 23:55:15,1987.19,Restaurants,50181,UPI,DEV-05-1,Android,Delhi,23,3,0,6.75,47,2447.78,8006.02,1,101,48,0,0,1,237.53,1,ato_new_merchant_same_category
TXN05-00154,5,2026-05-15 06:11:56,3098.11,Restaurants,50004,Card,DEV-05-1,Android,Bangalore,6,4,0,376.68,1,2444.77,7979.9,11,102,28,0,0,0,1750.11,0,
TXN05-00155,5,2026-05-15 06:31:21,474.23,Restaurants,50001,UPI,DEV-05-3,Web,Pune,6,4,0,19.42,2,2449.01,7954.12,21,7,27,0,0,0,735.23,0,
TXN05-00156,5,2026-05-15 07:11:18,100000.0,Bank Transfer,50001,Card,DEV-05-1,Android,Delhi,7,4,0,39.95,3,2436.27,7930.0,22,103,49,0,0,0,1179.48,1,huge_transfer
TXN05-00157,5,2026-05-15 07:12:06,909.78,Fuel,50028,Card,DEV-05-1,Android,Jaipur,7,4,0,0.8,4,3061.68,11095.39,4,104,13,0,0,0,237.53,0,
TXN05-00158,5,2026-05-15 07:27:33,2422.14,Fuel,50003,UPI,DEV-05-3,Web,Mumbai,7,4,0,15.45,5,3047.97,11061.33,24,8,39,0,0,0,920.74,0,
TXN05-00159,5,2026-05-15 08:42:55,621.73,Taxi,50029,UPI,DEV-05-1,Android,Delhi,8,4,0,75.37,6,3044.01,11026.38,3,105,50,0,0,0,1153.24,0,
TXN05-00160,5,2026-05-15 08:51:32,1403.31,Restaurants,50016,UPI,DEV-05-3,Web,Delhi,8,4,0,8.62,7,3028.78,10993.32,4,9,51,0,0,0,0.0,0,
TXN05-00161,5,2026-05-15 09:01:09,753.08,Restaurants,50026,UPI,DEV-05-1,Android,Pune,9,4,0,9.62,8,3018.62,10959.66,4,106,28,0,0,0,1179.48,0,
TXN05-00162,5,2026-05-15 09:17:29,3014.99,Hotels,50024,Card,DEV-05-1,Android,Delhi,9,4,0,16.33,9,3004.55,10927.02,5,107,52,0,0,0,1179.48,0,
TXN05-00163,5,2026-05-15 09:18:38,1420.72,Hotels,50018,UPI,DEV-05-2,iPhone,Delhi,9,4,0,1.15,10,3004.61,10893.24,1,47,53,0,0,1,0.0,0,
TXN05-00164,5,2026-05-15 09:36:56,1275.32,Fuel,50006,Card,DEV-05-2,iPhone,Pune,9,4,0,18.3,11,2994.89,10860.48,8,48,29,0,0,0,1179.48,0,
TXN05-00165,5,2026-05-15 10:08:53,828.19,Fuel,50003,Card,DEV-05-1,Android,Delhi,10,4,0,31.95,12,2984.41,10828.15,25,108,54,0,0,0,1179.48,0,
TXN05-00166,5,2026-05-15 10:29:53,281.61,Restaurants,50004,UPI,DEV-05-3,Web,Delhi,10,4,0,21.0,13,2971.34,10796.58,12,10,55,0,0,0,0.0,0,
TXN05-00167,5,2026-05-15 10:37:41,906.77,Restaurants,50011,Card,DEV-05-2,iPhone,Mumbai,10,4,0,7.8,14,2955.14,10766.02,7,49,40,0,0,0,1153.24,0,
TXN05-00168,5,2026-05-15 10:41:25,2323.64,Taxi,50029,Card,DEV-05-2,iPhone,Bangalore,10,4,0,3.73,15,2942.87,10734.9,4,50,29,0,0,0,845.32,0,
TXN05-00169,5,2026-05-15 11:04:35,3061.98,Taxi,50002,Card,DEV-05-1,Android,Bangalore,11,4,0,23.17,16,2939.19,10703.01,13,109,30,0,0,0,0.0,0,
TXN05-00170,5,2026-05-15 11:30:03,468.68,Restaurants,50001,Card,DEV-05-1,Android,Mumbai,11,4,0,25.47,17,2939.91,10671.31,23,110,41,0,0,0,845.32,0,
TXN05-00171,5,2026-05-15 11:43:30,822.01,Hotels,50005,Card,DEV-05-3,Web,Delhi,11,4,0,13.45,18,2925.38,10641.55,11,11,56,0,0,0,1153.24,0,
TXN05-00172,5,2026-05-15 12:12:44,3278.38,Fuel,50013,Card,DEV-05-2,iPhone,Mumbai,12,4,0,29.23,19,2913.07,10611.6,10,51,42,0,0,0,1153.24,0,
TXN05-00173,5,2026-05-15 12:13:31,2484.45,Fuel,50006,Card,DEV-05-2,iPhone,Mumbai,12,4,0,0.78,20,2915.2,10580.75,9,52,43,0,0,0,0.0,0,
TXN05-00174,5,2026-05-15 12:26:29,3205.31,Hotels,50005,Card,DEV-05-2,iPhone,Bangalore,12,4,0,12.97,21,2912.71,10550.17,12,53,31,0,0,0,845.32,0,
TXN05-00175,5,2026-05-15 12:42:23,3308.39,Taxi,50030,Card,DEV-05-1,Android,Delhi,12,4,0,15.9,22,2914.39,10519.83,2,111,57,0,0,0,1750.11,0,
TXN05-00176,5,2026-05-15 12:47:05,902.68,Fuel,50006,Card,DEV-05-2,iPhone,Mumbai,12,4,0,4.7,23,2916.64,10489.78,10,54,44,0,0,0,1153.24,0,
TXN05-00177,5,2026-05-15 12:48:15,1460.9,Taxi,50029,UPI,DEV-05-1,Android,Delhi,12,4,0,1.17,24,2905.2,10461.03,5,112,58,0,0,0,1153.24,0,
TXN05-00178,5,2026-05-15 12:54:25,2017.44,Hotels,50018,Card,DEV-05-1,Android,Pune,12,4,0,6.17,25,2897.04,10432.0,2,113,30,0,0,0,1179.48,0,
TXN05-00179,5,2026-05-15 13:55:06,939.64,Fuel,50003,UPI,DEV-05-2,iPhone,Pune,13,4,0,60.68,26,2892.1,10402.86,26,55,31,0,0,0,0.0,0,
TXN05-00180,5,2026-05-15 14:05:33,2552.6,Hotels,50018,UPI,DEV-05-1,Android,Mumbai,14,4,0,10.45,27,2881.19,10374.78,3,114,45,0,0,0,120.15,0,
TXN05-00181,5,2026-05-15 14:59:44,1438.74,Hotels,50010,Card,DEV-05-2,iPhone,Delhi,14,4,0,54.18,28,2879.36,10345.95,7,56,59,0,0,0,1153.24,0,
TXN05-00182,5,2026-05-15 16:02:56,2639.36,Taxi,50030,Card,DEV-05-1,Android,Pune,16,4,0,63.2,29,2871.41,10317.89,3,115,32,0,0,0,1179.48,0,
TXN05-00183,5,2026-05-15 16:17:28,2979.21,Hotels,50027,UPI,DEV-05-2,iPhone,Mumbai,16,4,0,14.53,30,2870.13,10289.52,2,57,46,0,0,0,120.15,0,
TXN05-00184,5,2026-05-15 17:21:49,549.48,Fuel,50013,UPI,DEV-05-3,Web,Mumbai,17,4,0,64.35,31,2870.73,10261.37,11,12,47,0,0,0,0.0,0,
TXN05-00185,5,2026-05-15 17:29:15,1357.0,Taxi,50030,Card,DEV-05-3,Web,Delhi,17,4,0,7.43,32,2858.11,10234.87,4,13,60,0,0,0,1153.24,0,
TXN05-00186,5,2026-05-15 17:36:19,2241.18,Restaurants,50012,Card,DEV-05-1,Android,Delhi,17,4,0,7.07,33,2850.0,10207.76,6,116,61,0,0,0,0.0,0,
TXN05-00187,5,2026-05-15 17:41:09,3174.86,Fuel,50013,Card,DEV-05-2,iPhone,Delhi,17,4,0,4.83,34,2846.72,10180.38,12,58,62,0,0,0,0.0,0,
TXN05-00188,5,2026-05-15 17:44:10,4000.0,Restaurants,50012,Card,DEV-05-2,iPhone,Delhi,17,4,0,3.02,35,2848.48,10153.15,7,59,63,0,0,0,0.0,0,
TXN05-00189,5,2026-05-15 17:45:00,1786.43,Restaurants,50008,Card,DEV-05-1,Android,Bangalore,17,4,0,0.83,36,2854.6,10126.46,6,117,32,0,0,0,1750.11,0,
TXN05-00190,5,2026-05-15 18:02:29,829.91,Restaurants,50004,Card,DEV-05-2,iPhone,Jaipur,18,4,0,17.48,37,2848.95,10099.93,13,60,14,0,0,0,1561.54,0,
TXN05-00191,5,2026-05-15 18:28:28,2908.5,Restaurants,50009,UPI,DEV-05-2,iPhone,Delhi,18,4,0,25.98,38,2838.33,10074.38,3,61,64,0,0,0,237.53,0,
TXN05-00192,5,2026-05-15 18:35:19,1530.65,Fuel,50006,UPI,DEV-05-1,Android,Delhi,18,4,0,6.85,39,2838.69,10047.97,11,118,65,0,0,0,0.0,0,
TXN05-00193,5,2026-05-15 18:39:09,3638.04,Restaurants,50001,UPI,DEV-05-2,iPhone,Mumbai,18,4,0,3.83,40,2831.88,10022.21,24,62,48,0,0,0,1153.24,0,
TXN05-00194,5,2026-05-15 18:40:22,2293.64,Hotels,50005,Card,DEV-05-2,iPhone,Delhi,18,4,0,1.22,41,2836.06,9996.38,13,63,66,0,0,0,1153.24,0,
TXN05-00195,5,2026-05-15 19:08:46,1419.83,Hotels,50005,Card,DEV-05-4,iPhone,Pune,19,4,0,28.4,42,2833.26,9970.66,14,1,33,1,0,0,1179.48,0,
TXN05-00196,5,2026-05-15 20:18:45,795.65,Restaurants,50001,UPI,DEV-05-4,iPhone,Pune,20,4,0,69.98,43,2826.01,9945.58,25,2,34,0,0,0,0.0,0,
TXN05-00197,5,2026-05-15 20:26:34,1135.43,Restaurants,50004,Card,DEV-05-3,Web,Pune,20,4,0,7.82,44,2815.65,9921.23,14,14,35,0,0,0,0.0,0,
TXN05-00198,5,2026-05-15 20:27:23,3344.59,Restaurants,50008,UPI,DEV-05-3,Web,Bangalore,20,4,0,0.82,45,2807.12,9896.73,7,15,33,0,0,0,735.23,0,
TXN05-00199,5,2026-05-15 20:30:34,356.5,Hotels,50005,UPI,DEV-05-2,iPhone,Mumbai,20,4,0,3.18,46,2809.84,9871.78,15,64,49,0,0,0,845.32,0,
TXN05-00200,5,2026-05-15 20:30:49,1649.94,Hotels,50014,Card,DEV-05-1,Android,Delhi,20,4,0,0.25,47,2797.51,9848.48,5,119,67,0,0,0,1153.24,0,
TXN05-00201,5,2026-05-15 20:31:24,2283.42,Fuel,50003,UPI,DEV-05-2,iPhone,Mumbai,20,4,0,0.58,48,2791.77,9824.16,27,65,50,0,0,0,1153.24,0,
TXN05-00202,5,2026-05-15 21:24:09,592.47,Hotels,50010,Card,DEV-05-1,Android,Delhi,21,4,0,52.75,49,2789.24,9799.75,8,120,68,0,0,0,1153.24,0,
TXN05-00203,5,2026-05-15 21:28:21,1995.66,Taxi,50002,Card,DEV-05-5,Android,Jaipur,21,4,0,4.2,50,2778.37,9776.68,14,1,15,1,0,0,237.53,0,
TXN05-00204,5,2026-05-15 21:36:13,1509.7,Taxi,50007,Card,DEV-05-2,iPhone,Mumbai,21,4,0,7.87,51,2774.51,9752.73,5,66,51,0,0,0,920.74,0,
TXN05-00205,5,2026-05-15 21:44:48,4000.0,Hotels,50025,UPI,DEV-05-4,iPhone,Mumbai,21,4,0,8.58,52,2768.31,9729.2,2,3,52,0,0,0,0.0,0,
TXN05-00206,5,2026-05-15 22:10:39,1129.44,Hotels,50025,Card,DEV-05-3,Web,Mumbai,22,4,0,25.85,53,2774.32,9705.82,3,16,53,0,0,0,0.0,0,
TXN05-00207,5,2026-05-15 22:13:01,1025.74,Fuel,50028,Card,DEV-05-1,Android,Delhi,22,4,0,2.37,54,2766.34,9682.9,5,121,69,0,0,0,1153.24,0,
TXN05-00208,5,2026-05-15 22:50:14,769.51,Fuel,50013,Card,DEV-05-4,iPhone,Delhi,22,4,0,37.22,55,2757.93,9660.24,13,4,70,0,0,0,0.0,0,
TXN05-00209,5,2026-05-15 22:56:54,3088.73,Hotels,50025,Card,DEV-05-2,iPhone,Mumbai,22,4,0,6.67,56,2748.37,9637.97,4,67,54,0,0,0,1153.24,0,
TXN05-00210,5,2026-05-15 23:13:15,1364.44,Fuel,50028,Card,DEV-05-4,iPhone,Delhi,23,4,0,16.35,57,2750.0,9614.92,6,5,71,0,0,0,1153.24,0,
TXN05-00211,5,2026-05-15 23:43:43,2706.68,Restaurants,50009,UPI,DEV-05-5,Android,Delhi,23,4,0,30.47,58,2743.4,9592.47,4,2,72,0,0,0,0.0,0,
TXN05-00212,5,2026-05-16 06:34:15,946.15,Restaurants,50001,Card,DEV-05-1,Android,Lucknow,6,5,1,410.53,1,2743.22,9569.71,26,122,2,0,0,0,430.84,0,
TXN05-00213,5,2026-05-16 06:34:59,4000.0,Restaurants,50001,UPI,DEV-05-2,iPhone,Pune,6,5,1,0.73,2,2734.75,9547.91,27,68,36,0,0,0,1176.73,0,
TXN05-00214,5,2026-05-16 06:39:04,1644.85,Restaurants,50022,Card,DEV-05-2,iPhone,Delhi,6,5,1,4.08,3,2740.69,9525.86,3,69,73,0,0,0,1179.48,0,
TXN05-00215,5,2026-05-16 06:43:34,2347.02,Fuel,50006,UPI,DEV-05-1,Android,Delhi,6,5,1,4.5,4,2735.57,9503.88,12,123,74,0,0,0,0.0,0,
TXN05-00216,5,2026-05-16 06:48:51,2348.95,Restaurants,50032,UPI,DEV-05-4,iPhone,Delhi,6,5,1,5.28,5,2733.76,9481.78,1,6,75,0,0,1,0.0,0,
TXN05-00217,5,2026-05-16 06:49:05,2099.19,Fuel,50003,Card,DEV-05-1,Android,Pune,6,5,1,0.23,6,2731.98,9459.85,28,124,37,0,0,0,1179.48,0,
TXN05-00218,5,2026-05-16 06:53:14,1242.57,Restaurants,50008,Card,DEV-05-4,iPhone,Bangalore,6,5,1,4.15,7,2729.06,9438.12,8,7,34,0,0,0,735.23,0,
TXN05-00219,5,2026-05-16 06:58:33,1137.52,Restaurants,50001,UPI,DEV-05-2,iPhone,Bangalore,6,5,1,5.32,8,2722.24,9416.99,28,70,35,0,0,0,0.0,0,
TXN05-00220,5,2026-05-16 07:03:19,2289.05,Taxi,50007,Card,DEV-05-1,Android,Mumbai,7,5,1,4.77,9,2715.01,9396.07,6,125,55,0,0,0,845.32,0,
TXN05-00221,5,2026-05-16 08:10:33,1267.45,Taxi,50007,Card,DEV-05-3,Web,Pune,8,5,1,67.23,10,2713.07,9374.73,7,17,38,0,0,0,120.15,0,
TXN05-00222,5,2026-05-16 08:43:18,720.47,Fuel,50006,UPI,DEV-05-1,Android,Delhi,8,5,1,32.75,11,2706.53,9354.0,13,126,76,0,0,0,1179.48,0,
TXN05-00223,5,2026-05-16 08:44:49,1395.74,Hotels,50005,UPI,DEV-05-2,iPhone,Delhi,8,5,1,1.52,12,2697.58,9333.86,16,71,77,0,0,0,0.0,0,
TXN05-00224,5,2026-05-16 08:47:02,4000.0,Hotels,50031,UPI,DEV-05-5,Android,Bangalore,8,5,1,2.22,13,2691.75,9313.31,2,3,36,0,0,0,1750.11,0,
TXN05-00225,5,2026-05-16 08:52:22,575.45,Fuel,50006,UPI,DEV-05-4,iPhone,Delhi,8,5,1,5.33,14,2697.59,9292.91,14,8,78,0,0,0,1750.11,0,
TXN05-00226,5,2026-05-16 08:52:28,1534.5,Restaurants,50033,Card,DEV-05-6,Web,Mumbai,8,5,1,0.1,15,2688.15,9273.31,1,1,56,1,0,1,1153.24,0,
TXN05-00227,5,2026-05-16 08:53:33,1032.31,Hotels,50031,Card,DEV-05-3,Web,Pune,8,5,1,1.08,16,2683.05,9253.09,3,18,39,0,0,0,120.15,0,
TXN05-00228,5,2026-05-16 08:57:06,936.0,Taxi,50002,UPI,DEV-05-4,iPhone,Mumbai,8,5,1,3.55,17,2675.78,9233.33,15,9,57,0,0,0,120.15,0,
TXN05-00229,5,2026-05-16 09:12:26,3263.89,Taxi,50002,Card,DEV-05-6,Web,Bangalore,9,5,1,15.33,18,2668.15,9213.78,16,2,37,0,0,0,845.32,0,
TXN05-00230,5,2026-05-16 09:14:27,468.86,Restaurants,50022,Card,DEV-05-4,iPhone,Jaipur,9,5,1,2.02,19,2670.75,9193.72,4,10,16,0,0,0,1561.54,0,
TXN05-00231,5,2026-05-16 09:52:32,1394.3,Restaurants,50008,Card,DEV-05-1,Android,Bangalore,9,5,1,38.08,20,2661.18,9174.86,9,127,38,0,0,0,1561.54,0,
TXN05-00232,5,2026-05-16 10:18:00,3418.9,Hotels,50005,UPI,DEV-05-5,Android,Jaipur,10,5,1,25.47,21,2655.69,9155.36,17,4,17,0,0,0,1561.54,0,
TXN05-00233,5,2026-05-16 10:36:03,2803.82,Restaurants,50033,Card,DEV-05-3,Web,Mumbai,10,5,1,0.0,23,2655.66,9116.25,2,19,58,0,0,0,120.15,0,
TXN05-00234,5,2026-05-16 10:36:03,1885.93,Hotels,50010,UPI,DEV-05-4,iPhone,Pune,10,5,1,18.05,22,2658.98,9135.74,9,11,40,0,0,0,953.87,0,
TXN05-00235,5,2026-05-16 11:30:01,1540.61,Fuel,50003,Card,DEV-05-1,Android,Pune,11,5,1,53.97,24,2656.3,9096.76,29,128,41,0,0,0,120.15,0,
TXN05-00236,5,2026-05-16 11:45:22,1246.04,Hotels,50005,UPI,DEV-05-2,iPhone,Bangalore,11,5,1,15.35,25,2651.55,9077.68,18,72,39,0,0,0,735.23,0,
TXN05-00237,5,2026-05-16 12:15:30,1408.08,Restaurants,50016,UPI,DEV-05-4,iPhone,Mumbai,12,5,1,30.13,26,2645.59,9058.88,5,12,59,0,0,0,845.32,0,
TXN05-00238,5,2026-05-16 12:21:37,742.21,Fuel,50003,UPI,DEV-05-5,Android,Pune,12,5,1,6.12,27,2640.37,9040.11,30,5,42,0,0,0,120.15,0,
TXN05-00239,5,2026-05-16 12:29:14,1743.76,Fuel,50003,UPI,DEV-05-2,iPhone,Pune,12,5,1,7.62,28,2632.4,9021.93,31,73,43,0,0,0,0.0,0,
TXN05-00240,5,2026-05-16 12:38:45,568.63,Restaurants,50019,Card,DEV-05-3,Web,Delhi,12,5,1,9.52,29,2628.68,9003.22,3,20,79,0,0,0,1179.48,0,
TXN05-00241,5,2026-05-16 12:59:07,956.25,Restaurants,50034,Card,DEV-05-1,Android,Pune,12,5,1,20.37,30,2620.09,8985.42,1,129,44,0,0,1,1179.48,0,
TXN05-00242,5,2026-05-16 13:00:24,2771.12,Fuel,50013,UPI,DEV-05-1,Android,Bangalore,13,5,1,1.28,31,2613.19,8967.4,14,130,40,0,0,0,735.23,0,
TXN05-00243,5,2026-05-16 13:58:54,1761.68,Fuel,50003,UPI,DEV-05-2,iPhone,Delhi,13,5,1,58.5,32,2613.84,8948.86,32,74,80,0,0,0,1750.11,0,
TXN05-00244,5,2026-05-16 14:06:03,2163.87,Restaurants,50008,Card,DEV-05-1,Android,Mumbai,14,5,1,7.15,33,2610.34,8930.59,10,131,60,0,0,0,1153.24,0,
TXN05-00245,5,2026-05-16 15:53:15,814.92,Restaurants,50008,Card,DEV-05-4,iPhone,Delhi,15,5,1,107.2,34,2608.51,8912.32,11,13,81,0,0,0,1153.24,0,
TXN05-00246,5,2026-05-16 15:59:18,394.77,Fuel,50003,Card,DEV-05-2,iPhone,Bangalore,15,5,1,6.05,35,2601.19,8894.85,33,75,41,0,0,0,1750.11,0,
TXN05-00247,5,2026-05-16 16:22:29,2396.64,Taxi,50002,UPI,DEV-05-1,Android,Delhi,16,5,1,23.18,36,2592.22,8877.86,17,132,82,0,0,0,1750.11,0,
TXN05-00248,5,2026-05-16 16:24:12,1152.33,Fuel,50013,UPI,DEV-05-3,Web,Delhi,16,5,1,1.72,37,2591.42,8859.88,15,21,83,0,0,0,0.0,0,
TXN05-00249,5,2026-05-16 16:26:22,1865.74,Restaurants,50012,Card,DEV-05-1,Android,Pune,16,5,1,2.17,38,2585.62,8842.47,8,133,45,0,0,0,1179.48,0,
TXN05-00250,5,2026-05-16 16:26:45,2257.45,Restaurants,50033,UPI,DEV-05-4,iPhone,Bangalore,16,5,1,0.38,39,2582.73,8824.81,3,14,42,0,0,0,735.23,0,
TXN05-00251,5,2026-05-16 17:10:23,1713.04,Hotels,50005,UPI,DEV-05-1,Android,Jaipur,17,5,1,43.63,40,2581.43,8807.17,19,134,18,0,0,0,1561.54,0,
TXN05-00252,5,2026-05-16 17:10:50,859.47,Restaurants,50004,Card,DEV-05-6,Web,Delhi,17,5,1,0.45,41,2577.97,8789.78,15,3,84,0,0,0,237.53,0,
TXN05-00253,5,2026-05-16 17:14:03,1140.05,Fuel,50028,Card,DEV-05-5,Android,Mumbai,17,5,1,3.22,42,2571.15,8772.98,7,6,61,0,0,0,1153.24,0,
TXN05-00254,5,2026-05-16 17:46:00,3106.2,Hotels,50024,Card,DEV-05-1,Android,Delhi,17,5,1,31.95,43,2565.49,8756.09,6,135,85,0,0,0,1153.24,0,
TXN05-00255,5,2026-05-16 18:13:33,4000.0,Restaurants,50004,UPI,DEV-05-5,Android,Delhi,18,5,1,27.55,44,2567.62,8738.9,16,7,86,0,0,0,0.0,0,
TXN05-00256,5,2026-05-16 18:21:55,1488.0,Taxi,50002,Card,DEV-05-3,Web,Bangalore,18,5,1,8.37,45,2573.24,8722.21,18,22,43,0,0,0,1750.11,0,
TXN05-00257,5,2026-05-16 18:43:47,1437.33,Hotels,50024,Card,DEV-05-1,Android,Mumbai,18,5,1,21.87,46,2569.0,8705.42,7,136,62,0,0,0,845.32,0,
TXN05-00258,5,2026-05-16 18:51:53,838.12,Fuel,50013,UPI,DEV-05-1,Android,Jaipur,18,5,1,8.1,47,2564.6,8688.75,16,137,19,0,0,0,920.74,0,
TXN05-00259,5,2026-05-16 18:59:01,658.43,Restaurants,50016,UPI,DEV-05-1,Android,Pune,18,5,1,7.13,48,2557.91,8672.56,6,138,46,0,0,0,953.87,0,
TXN05-00260,5,2026-05-16 19:01:06,2214.45,Taxi,50030,UPI,DEV-05-1,Android,Delhi,19,5,1,2.08,49,2550.57,8656.6,5,139,87,0,0,0,1179.48,0,
TXN05-00261,5,2026-05-16 19:46:11,2201.23,Restaurants,50001,UPI,DEV-05-1,Android,Bangalore,19,5,1,45.08,50,2549.28,8639.97,29,140,44,0,0,0,1750.11,0,
TXN05-00262,5,2026-05-16 19:58:22,1515.98,Hotels,50014,UPI,DEV-05-1,Android,Mumbai,19,5,1,12.18,51,2547.95,8623.43,6,141,63,0,0,0,845.32,0,
TXN05-00263,5,2026-05-16 20:37:31,2304.66,Fuel,50028,UPI,DEV-05-1,Android,Mumbai,20,5,1,39.15,52,2544.01,8607.19,8,142,64,0,0,0,0.0,0,
TXN05-00264,5,2026-05-16 21:51:50,453.81,Fuel,50003,Card,DEV-05-1,Android,Jaipur,21,5,1,74.32,53,2543.1,8590.82,34,143,20,0,0,0,920.74,0,
TXN05-00265,5,2026-05-16 22:03:36,3209.61,Hotels,50014,UPI,DEV-05-3,Web,Mumbai,22,5,1,11.77,54,2535.18,8575.5,7,23,65,0,0,0,920.74,0,
TXN05-00266,5,2026-05-16 22:07:40,1777.66,Restaurants,50001,Card,DEV-05-3,Web,Bangalore,22,5,1,4.07,55,2537.73,8559.4,30,24,45,0,0,0,845.32,0,
TXN05-00267,5,2026-05-16 22:23:35,4000.0,Hotels,50024,Card,DEV-05-1,Android,Pune,22,5,1,15.92,56,2534.87,8543.42,8,144,47,0,0,0,735.23,0,
TXN05-00268,5,2026-05-16 22:30:01,1142.34,Hotels,50018,Card,DEV-05-3,Web,Pune,22,5,1,6.43,57,2540.36,8527.88,4,25,48,0,0,0,0.0,0,
TXN05-00269,5,2026-05-16 22:31:15,597.38,Restaurants,50023,Card,DEV-05-3,Web,Delhi,22,5,1,1.23,58,2535.14,8512.38,1,26,88,0,0,1,1179.48,0,
TXN05-00270,5,2026-05-16 22:39:27,324.69,Fuel,50003,UPI,DEV-05-1,Android,Delhi,22,5,1,8.2,59,2527.94,8497.36,35,145,89,0,0,0,0.0,0,
TXN05-00271,5,2026-05-16 22:57:31,2537.02,Restaurants,50019,UPI,DEV-05-4,iPhone,Bangalore,22,5,1,18.07,60,2519.78,8482.67,4,15,46,0,0,0,1750.11,0,
TXN05-00272,5,2026-05-16 23:04:23,3440.04,Hotels,50017,Card,DEV-05-3,Web,Pune,23,5,1,6.87,61,2519.84,8467.0,3,27,49,0,0,0,735.23,0,
TXN05-00273,5,2026-05-16 23:27:09,1587.43,Taxi,50002,UPI,DEV-05-2,iPhone,Bangalore,23,5,1,22.77,62,2523.22,8451.61,19,76,47,0,0,0,735.23,0,
TXN05-00274,5,2026-05-16 23:34:32,3174.83,Restaurants,50008,Card,DEV-05-6,Web,Mumbai,23,5,1,7.38,63,2519.8,8436.3,12,4,66,0,0,0,845.32,0,
TXN05-00275,5,2026-05-17 01:22:29,963.34,Shopping,50001,UPI,DEV-05-1,Android,Delhi,1,6,1,107.95,1,2522.19,8420.99,31,146,90,0,0,0,1153.24,1,late_night_spree
TXN05-00276,5,2026-05-17 02:21:29,4510.05,Shopping,50001,UPI,DEV-05-1,Android,Delhi,2,6,1,59.0,2,2516.52,8406.19,32,147,91,0,0,0,0.0,1,late_night_spree
TXN05-00277,5,2026-05-17 06:16:58,343.3,Restaurants,50001,Card,DEV-05-1,Android,Pune,6,6,1,235.48,3,2523.74,8391.8,33,148,50,0,0,0,1179.48,0,
TXN05-00278,5,2026-05-17 06:18:46,1871.03,Restaurants,50012,UPI,DEV-05-4,iPhone,Mumbai,6,6,1,1.8,4,2515.87,8377.66,9,16,67,0,0,0,120.15,0,
TXN05-00279,5,2026-05-17 06:27:04,1669.02,Hotels,50015,UPI,DEV-05-1,Android,Delhi,6,6,1,8.3,5,2513.55,8362.67,2,149,92,0,0,0,1153.24,0,
TXN05-00280,5,2026-05-17 06:42:32,2289.18,Taxi,50002,UPI,DEV-05-3,Web,Mumbai,6,6,1,15.47,6,2510.52,8347.82,20,28,68,0,0,0,1153.24,0,
TXN05-00281,5,2026-05-17 07:02:54,1131.17,Hotels,50018,Card,DEV-05-2,iPhone,Jaipur,7,6,1,20.37,7,2509.73,8332.91,5,77,21,0,0,0,920.74,0,
TXN05-00282,5,2026-05-17 07:27:01,2763.97,Restaurants,50004,Card,DEV-05-2,iPhone,Jaipur,7,6,1,24.12,8,2504.83,8318.47,17,78,22,0,0,0,0.0,0,
TXN05-00283,5,2026-05-17 07:52:45,1775.61,Restaurants,50004,Card,DEV-05-4,iPhone,Mumbai,7,6,1,25.73,9,2505.75,8303.73,18,17,69,0,0,0,920.74,0,
TXN05-00284,5,2026-05-17 08:03:13,2330.37,Restaurants,50035,UPI,DEV-05-6,Web,Bangalore,8,6,1,10.47,10,2503.17,8289.15,1,5,48,0,0,1,845.32,0,
TXN05-00285,5,2026-05-17 08:26:22,935.81,Fuel,50003,UPI,DEV-05-3,Web,Mumbai,8,6,1,23.15,11,2502.56,8274.55,36,29,70,0,0,0,845.32,0,
TXN05-00286,5,2026-05-17 08:51:33,1365.23,Fuel,50028,UPI,DEV-05-3,Web,Mumbai,8,6,1,25.18,12,2497.06,8260.54,9,30,71,0,0,0,0.0,0,
TXN05-00287,5,2026-05-17 09:09:24,3012.41,Hotels,50018,UPI,DEV-05-2,iPhone,Mumbai,9,6,1,17.85,13,2493.1,8246.36,6,79,72,0,0,0,0.0,0,
TXN05-00288,5,2026-05-17 09:11:09,1216.93,Hotels,50036,UPI,DEV-05-1,Android,Jaipur,9,6,1,1.75,14,2494.91,8232.04,1,150,23,0,0,1,920.74,0,
TXN05-00289,5,2026-05-17 09:17:21,2334.48,Fuel,50003,UPI,DEV-05-5,Android,Mumbai,9,6,1,6.2,15,2490.47,8218.08,37,8,73,0,0,0,920.74,0,
TXN05-00290,5,2026-05-17 09:25:07,965.23,Restaurants,50019,UPI,DEV-05-2,iPhone,Jaipur,9,6,1,7.77,16,2489.93,8203.85,5,80,24,0,0,0,920.74,0,
TXN05-00291,5,2026-05-17 09:38:50,497.09,Hotels,50176,Card,DEV-UNK-7836,Android,Delhi,9,6,1,13.72,17,2484.68,8190.18,1,1,93,1,0,1,237.53,1,ato_new_device_new_merchant_same_category
TXN05-00292,5,2026-05-17 10:41:28,1681.7,Restaurants,50001,Card,DEV-05-2,iPhone,Delhi,10,6,1,62.63,18,2477.85,8176.93,34,81,94,0,0,0,0.0,0,
TXN05-00293,5,2026-05-17 10:52:06,1867.31,Restaurants,50001,Card,DEV-05-2,iPhone,Bangalore,10,6,1,10.63,19,2475.12,8163.05,35,82,49,0,0,0,1750.11,0,
TXN05-00294,5,2026-05-17 11:02:07,1539.09,Taxi,50037,Card,DEV-05-1,Android,Delhi,11,6,1,10.02,20,2473.05,8149.18,1,151,95,0,0,1,1750.11,0,
TXN05-00295,5,2026-05-17 11:27:37,324.32,Restaurants,50026,Card,DEV-05-1,Android,Mumbai,11,6,1,25.5,21,2469.87,8135.49,5,152,74,0,0,0,1153.24,0,
TXN05-00296,5,2026-05-17 11:29:09,2231.78,Hotels,50024,Card,DEV-05-2,iPhone,Mumbai,11,6,1,1.53,22,2462.6,8122.65,9,83,75,0,0,0,0.0,0,
TXN05-00297,5,2026-05-17 11:44:12,1184.1,Restaurants,50016,UPI,DEV-05-4,iPhone,Bangalore,11,6,1,15.05,23,2461.82,8108.93,7,18,50,0,0,0,845.32,0,
TXN05-00298,5,2026-05-17 12:52:16,2180.93,Hotels,50024,Card,DEV-05-6,Web,Delhi,12,6,1,68.07,24,2457.51,8095.6,10,6,96,0,0,0,1750.11,0,
TXN05-00299,5,2026-05-17 12:57:38,2166.77,Restaurants,50023,UPI,DEV-05-4,iPhone,Bangalore,12,6,1,5.37,25,2456.59,8082.02,2,19,51,0,0,0,1750.11,0,
TXN05-00300,5,2026-05-17 13:16:12,1447.99,Hotels,50017,Card,DEV-05-3,Web,Bangalore,13,6,1,18.57,26,2455.62,8068.51,4,31,52,0,0,0,0.0,0,
TXN05-00301,5,2026-05-17 13:30:09,941.96,Restaurants,50011,UPI,DEV-05-2,iPhone,Delhi,13,6,1,13.95,27,2452.26,8055.27,8,84,97,0,0,0,1750.11,0,
TXN05-00302,5,2026-05-17 13:30:15,2484.95,Hotels,50005,Card,DEV-05-2,iPhone,Jaipur,13,6,1,0.1,28,2447.24,8042.34,20,85,25,0,0,0,237.53,0,
TXN05-00303,5,2026-05-17 13:37:46,1600.42,Restaurants,50001,UPI,DEV-05-2,iPhone,Pune,13,6,1,7.52,29,2447.37,8029.02,36,86,51,0,0,0,953.87,0,
TXN05-00304,5,2026-05-17 13:38:37,1354.61,Restaurants,50038,Card,DEV-05-4,iPhone,Pune,13,6,1,0.85,30,2444.57,8015.9,1,20,52,0,0,1,0.0,0,
TXN05-00305,5,2026-05-17 13:40:17,1516.1,Restaurants,50001,UPI,DEV-05-6,Web,Mumbai,13,6,1,1.67,31,2440.98,8002.95,37,7,76,0,0,0,120.15,0,
TXN05-00306,5,2026-05-17 13:56:12,1582.17,Fuel,50003,Card,DEV-05-1,Android,Pune,13,6,1,15.92,32,2437.95,7990.0,38,153,53,0,0,0,120.15,0,
TXN05-00307,5,2026-05-17 14:19:13,1168.85,Restaurants,50001,Card,DEV-05-5,Android,Mumbai,14,6,1,23.02,33,2435.16,7977.08,38,9,77,0,0,0,120.15,0,
TXN05-00308,5,2026-05-17 15:02:07,1272.05,Restaurants,50001,UPI,DEV-05-4,iPhone,Delhi,15,6,1,42.9,34,2431.03,7964.4,39,21,98,0,0,0,1153.24,0,
TXN05-00309,5,2026-05-17 15:11:05,1223.33,Hotels,50005,Card,DEV-05-2,iPhone,Mumbai,15,6,1,8.97,35,2427.27,7951.74,21,87,78,0,0,0,1153.24,0,
TXN05-00310,5,2026-05-17 15:15:10,470.53,Fuel,50003,Card,DEV-05-4,iPhone,Delhi,15,6,1,4.08,36,2423.37,7939.16,39,22,99,0,0,0,1153.24,0,
TXN05-00311,5,2026-05-17 16:04:24,1778.69,Hotels,50005,Card,DEV-05-1,Android,Mumbai,16,6,1,49.23,37,2417.07,7927.11,22,154,79,0,0,0,1153.24,0,
TXN05-00312,5,2026-05-17 16:04:48,2679.49,Restaurants,50019,UPI,DEV-05-2,iPhone,Pune,16,6,1,0.4,38,2415.02,7914.44,6,88,54,0,0,0,120.15,0,
TXN05-00313,5,2026-05-17 16:21:27,3146.0,Restaurants,50011,UPI,DEV-05-4,iPhone,Bangalore,16,6,1,16.65,39,2415.87,7901.76,9,23,53,0,0,0,735.23,0,
TXN05-00314,5,2026-05-17 16:27:06,2571.62,Taxi,50002,UPI,DEV-05-3,Web,Delhi,16,6,1,5.65,40,2418.2,7889.24,21,32,100,0,0,0,1750.11,0,
TXN05-00315,5,2026-05-17 16:39:36,1615.21,Fuel,50003,UPI,DEV-05-2,iPhone,Mumbai,16,6,1,12.5,41,2418.69,7876.67,40,89,80,0,0,0,1153.24,0,
TXN05-00316,5,2026-05-17 16:55:20,1802.91,Hotels,50005,Card,DEV-05-1,Android,Mumbai,16,6,1,15.73,42,2416.14,7864.29,23,155,81,0,0,0,0.0,0,
TXN05-00317,5,2026-05-17 17:45:36,2176.82,Hotels,50005,UPI,DEV-05-3,Web,Delhi,17,6,1,50.27,43,2414.2,7851.91,24,33,101,0,0,0,1153.24,0,
TXN05-00318,5,2026-05-17 18:01:33,1219.96,Restaurants,50026,Card,DEV-05-1,Android,Bangalore,18,6,1,15.95,44,2413.45,7839.52,6,156,54,0,0,0,1750.11,0,
TXN05-00319,5,2026-05-17 18:04:25,1314.58,Hotels,50014,UPI,DEV-05-3,Web,Delhi,18,6,1,2.87,45,2409.7,7827.47,8,34,102,0,0,0,1750.11,0,
TXN05-00320,5,2026-05-17 18:09:06,1321.23,Fuel,50006,UPI,DEV-05-1,Android,Mumbai,18,6,1,4.68,46,2406.26,7815.44,15,157,82,0,0,0,1153.24,0,
TXN05-00321,5,2026-05-17 18:38:34,953.78,Fuel,50003,Card,DEV-05-2,iPhone,Jaipur,18,6,1,29.47,47,2402.87,7803.45,41,90,26,0,0,0,920.74,0,
TXN05-00322,5,2026-05-17 18:51:04,3501.88,Restaurants,50012,Card,DEV-05-6,Web,Pune,18,6,1,12.5,48,2398.36,7791.7,10,8,55,0,0,0,953.87,0,
TXN05-00323,5,2026-05-17 19:09:49,4000.0,Taxi,50039,UPI,DEV-05-3,Web,Pune,19,6,1,18.75,49,2401.78,7779.84,1,35,56,0,0,1,0.0,0,
TXN05-00324,5,2026-05-17 21:10:54,4000.0,Hotels,50015,UPI,DEV-05-4,iPhone,Bangalore,21,6,1,121.08,50,2406.73,7768.29,3,24,55,0,0,0,735.23,0,
TXN05-00325,5,2026-05-17 21:19:21,1018.79,Fuel,50028,UPI,DEV-05-5,Android,Jaipur,21,6,1,8.45,51,2411.65,7756.8,10,10,27,0,0,0,1561.54,0,
TXN05-00326,5,2026-05-17 21:25:37,1888.25,Hotels,50014,UPI,DEV-05-1,Android,Pune,21,6,1,6.27,52,2407.36,7745.24,9,158,57,0,0,0,953.87,0,
TXN05-00327,5,2026-05-17 21:40:22,962.91,Restaurants,50001,Card,DEV-05-4,iPhone,Delhi,21,6,1,14.75,53,2405.77,7733.4,40,25,103,0,0,0,1179.48,0,
TXN05-00328,5,2026-05-17 21:54:00,3401.32,Restaurants,50001,Card,DEV-05-3,Web,Mumbai,21,6,1,13.63,54,2401.36,7721.98,41,36,83,0,0,0,1153.24,0,
TXN05-00329,5,2026-05-17 22:38:06,1460.36,Hotels,50005,UPI,DEV-05-2,iPhone,Delhi,22,6,1,44.1,55,2404.41,7710.4,25,91,104,0,0,0,1153.24,0,
TXN05-00330,5,2026-05-17 22:55:39,2560.75,Taxi,50002,UPI,DEV-05-3,Web,Mumbai,22,6,1,17.55,56,2401.54,7698.85,22,37,84,0,0,0,1153.24,0,
TXN05-00331,5,2026-05-17 23:00:10,2464.63,Fuel,50006,UPI,DEV-05-2,iPhone,Bangalore,23,6,1,4.52,57,2402.02,7687.18,16,92,56,0,0,0,845.32,0,
TXN05-00332,5,2026-05-17 23:07:31,1683.99,Restaurants,50023,Card,DEV-05-1,Android,Pune,23,6,1,7.35,58,2402.21,7675.56,3,159,58,0,0,0,735.23,0,
TXN05-00333,5,2026-05-17 23:19:54,1523.48,Fuel,50006,UPI,DEV-05-2,iPhone,Delhi,23,6,1,12.38,59,2400.05,7664.09,17,93,105,0,0,0,1179.48,0,
TXN05-00334,5,2026-05-17 23:20:08,1009.38,Taxi,50007,UPI,DEV-05-4,iPhone,Pune,23,6,1,0.23,60,2397.41,7652.73,8,26,59,0,0,0,1179.48,0,
TXN05-00335,5,2026-05-17 23:26:34,1148.56,Taxi,50002,UPI,DEV-05-3,Web,Mumbai,23,6,1,6.43,61,2393.26,7641.64,23,38,85,0,0,0,120.15,0,
TXN05-00336,5,2026-05-17 23:38:34,511.4,Taxi,50002,Card,DEV-05-3,Web,Mumbai,23,6,1,12.0,62,2389.54,7630.52,24,39,86,0,0,0,0.0,0,
TXN05-00337,5,2026-05-18 06:07:21,3425.31,Taxi,50002,UPI,DEV-05-4,iPhone,Mumbai,6,0,0,388.78,1,2383.95,7619.85,25,27,87,0,0,0,0.0,0,
TXN05-00338,5,2026-05-18 06:28:48,2712.44,Taxi,50037,Card,DEV-05-2,iPhone,Delhi,6,0,0,21.45,2,2387.04,7608.75,2,94,106,0,0,0,1153.24,0,
TXN05-00339,5,2026-05-18 07:03:27,1083.92,Restaurants,50001,UPI,DEV-05-1,Android,Mumbai,7,0,0,34.65,3,2388.01,7597.5,42,160,88,0,0,0,1153.24,0,
TXN05-00340,5,2026-05-18 07:45:31,788.32,Hotels,50005,UPI,DEV-05-1,Android,Delhi,7,0,0,42.07,4,2384.16,7586.62,26,161,107,0,0,0,1153.24,0,
TXN05-00341,5,2026-05-18 08:16:49,353.79,Fuel,50003,UPI,DEV-05-3,Web,Delhi,8,0,0,31.3,5,2379.47,7575.95,42,40,108,0,0,0,0.0,0,
TXN05-00342,5,2026-05-18 08:21:48,1137.3,Hotels,50036,Card,DEV-05-1,Android,Pune,8,0,0,4.98,6,2373.53,7565.62,2,162,60,0,0,0,1179.48,0,
TXN05-00343,5,2026-05-18 08:26:03,1082.96,Fuel,50003,UPI,DEV-05-1,Android,Pune,8,0,0,4.25,7,2369.91,7554.85,43,163,61,0,0,0,0.0,0,
TXN05-00344,5,2026-05-18 08:33:23,1830.88,Restaurants,50008,Card,DEV-05-7,Android,Delhi,8,0,0,7.33,8,2366.16,7544.15,13,1,109,1,0,0,1179.48,0,
TXN05-00345,5,2026-05-18 08:57:08,2099.17,Restaurants,50004,UPI,DEV-05-5,Android,Delhi,8,0,0,23.75,9,2364.6,7533.23,19,11,110,0,0,0,0.0,0,
TXN05-00346,5,2026-05-18 09:15:40,469.26,Restaurants,50022,Card,DEV-05-1,Android,Delhi,9,0,0,18.53,10,2363.83,7522.32,5,164,111,0,0,0,0.0,0,
TXN05-00347,5,2026-05-18 09:29:08,2029.49,Restaurants,50004,Card,DEV-05-7,Android,Jaipur,9,0,0,13.47,11,2358.36,7512.13,20,2,28,0,0,0,237.53,0,
TXN05-00348,5,2026-05-18 10:00:44,704.47,Fuel,50003,Card,DEV-05-3,Web,Bangalore,10,0,0,31.6,12,2357.41,7501.31,44,41,57,0,0,0,1561.54,0,
TXN05-00349,5,2026-05-18 10:23:01,1056.86,Fuel,50040,Card,DEV-05-2,iPhone,Jaipur,10,0,0,22.28,13,2352.66,7491.05,1,95,29,0,0,1,1561.54,0,
TXN05-00350,5,2026-05-18 11:08:00,4000.0,Restaurants,50041,Card,DEV-05-1,Android,Mumbai,11,0,0,44.98,14,2348.95,7480.63,1,165,89,0,0,1,920.74,0,
TXN05-00351,5,2026-05-18 11:08:42,2847.79,Restaurants,50004,UPI,DEV-05-6,Web,Delhi,11,0,0,0.7,15,2353.66,7470.46,21,9,112,0,0,0,1153.24,0,
TXN05-00352,5,2026-05-18 11:36:20,2139.87,Taxi,50002,Card,DEV-05-2,iPhone,Delhi,11,0,0,27.63,16,2355.07,7459.86,26,96,113,0,0,0,0.0,0,
TXN05-00353,5,2026-05-18 11:55:59,2813.25,Hotels,50010,UPI,DEV-05-1,Android,Mumbai,11,0,0,19.65,17,2354.46,7449.26,10,166,90,0,0,0,1153.24,0,
TXN05-00354,5,2026-05-18 12:04:40,1334.91,Fuel,50003,UPI,DEV-05-4,iPhone,Mumbai,12,0,0,8.68,18,2355.76,7438.74,45,28,91,0,0,0,0.0,0,
TXN05-00355,5,2026-05-18 12:25:02,1698.74,Fuel,50003,UPI,DEV-05-5,Android,Delhi,12,0,0,20.37,19,2352.88,7428.42,46,12,114,0,0,0,1153.24,0,
TXN05-00356,5,2026-05-18 12:34:36,2240.19,Fuel,50006,Card,DEV-05-1,Android,Mumbai,12,0,0,9.57,20,2351.03,7418.04,18,167,92,0,0,0,1153.24,0,
TXN05-00357,5,2026-05-18 12:56:03,1135.04,Hotels,50010,UPI,DEV-05-1,Android,Mumbai,12,0,0,21.45,21,2350.72,7407.61,11,168,93,0,0,0,0.0,0,
TXN05-00358,5,2026-05-18 13:09:48,2469.29,Taxi,50007,UPI,DEV-05-4,iPhone,Pune,13,0,0,13.75,22,2347.32,7397.51,9,29,62,0,0,0,120.15,0,
TXN05-00359,5,2026-05-18 13:19:19,2844.49,Restaurants,50034,UPI,DEV-05-5,Android,Delhi,13,0,0,9.52,23,2347.66,7387.17,2,13,115,0,0,0,1179.48,0,
TXN05-00360,5,2026-05-18 13:23:09,1819.38,Restaurants,50011,UPI,DEV-05-1,Android,Bangalore,13,0,0,3.83,24,2349.04,7376.92,10,169,58,0,0,0,1750.11,0,
TXN05-00361,5,2026-05-18 13:42:14,878.51,Fuel,50028,Card,DEV-05-1,Android,Jaipur,13,0,0,19.08,25,2347.57,7366.72,11,170,30,0,0,0,1561.54,0,
TXN05-00362,5,2026-05-18 13:43:08,1536.31,Restaurants,50034,UPI,DEV-05-1,Android,Delhi,13,0,0,0.9,26,2343.5,7356.92,3,171,116,0,0,0,237.53,0,
TXN05-00363,5,2026-05-18 13:46:28,1925.73,Taxi,50007,Card,DEV-05-1,Android,Delhi,13,0,0,3.33,27,2341.27,7346.87,10,172,117,0,0,0,0.0,0,
TXN05-00364,5,2026-05-18 13:46:46,2748.08,Restaurants,50001,UPI,DEV-05-2,iPhone,Jaipur,13,0,0,0.3,28,2340.13,7336.78,43,97,31,0,0,0,237.53,0,
TXN05-00365,5,2026-05-18 14:05:00,1731.34,Restaurants,50016,UPI,DEV-05-3,Web,Delhi,14,0,0,18.23,29,2341.25,7326.72,8,42,118,0,0,0,237.53,0,
TXN05-00366,5,2026-05-18 14:10:12,3337.88,Fuel,50003,Card,DEV-05-2,iPhone,Mumbai,14,0,0,5.2,30,2339.58,7316.75,47,98,94,0,0,0,1153.24,0,
TXN05-00367,5,2026-05-18 14:46:02,938.46,Restaurants,50001,UPI,DEV-05-2,iPhone,Pune,14,0,0,35.83,31,2342.3,7306.93,44,99,63,0,0,0,120.15,0,
TXN05-00368,5,2026-05-18 14:53:35,973.49,Restaurants,50009,UPI,DEV-05-6,Web,Delhi,14,0,0,7.55,32,2338.48,7297.34,5,10,119,0,0,0,1179.48,0,
TXN05-00369,5,2026-05-18 15:24:03,1544.68,Restaurants,50004,Card,DEV-05-1,Android,Mumbai,15,0,0,30.47,33,2334.77,7287.76,22,173,95,0,0,0,1153.24,0,
TXN05-00370,5,2026-05-18 17:22:48,910.87,Restaurants,50008,UPI,DEV-05-8,iPhone,Bangalore,17,0,0,118.75,34,2332.63,7278.0,14,1,59,1,0,0,845.32,0,
TXN05-00371,5,2026-05-18 17:28:08,4000.0,Taxi,50002,UPI,DEV-05-1,Android,Delhi,17,0,0,5.33,35,2328.79,7268.53,27,174,120,0,0,0,1750.11,0,
TXN05-00372,5,2026-05-18 17:52:33,737.56,Restaurants,50021,UPI,DEV-05-1,Android,Mumbai,17,0,0,24.42,36,2333.29,7259.25,1,175,96,0,0,1,1153.24,0,
TXN05-00373,5,2026-05-18 18:53:31,1501.05,Fuel,50013,Card,DEV-05-4,iPhone,Pune,18,0,0,60.97,37,2329.0,7249.95,17,30,64,0,0,0,120.15,0,
TXN05-00374,5,2026-05-18 19:07:30,378.55,Restaurants,50023,UPI,DEV-05-1,Android,Mumbai,19,0,0,13.98,38,2326.78,7240.35,4,176,97,0,0,0,120.15,0,
TXN05-00375,5,2026-05-18 19:28:21,2119.28,Taxi,50037,UPI,DEV-05-1,Android,Pune,19,0,0,20.85,39,2321.57,7231.37,3,177,65,0,0,0,120.15,0,
TXN05-00376,5,2026-05-18 20:33:37,1023.26,Restaurants,50001,Card,DEV-05-2,iPhone,Mumbai,20,0,0,65.27,40,2321.03,7221.73,45,100,98,0,0,0,120.15,0,
TXN05-00377,5,2026-05-18 20:43:44,1291.77,Restaurants,50021,Card,DEV-05-6,Web,Bangalore,20,0,0,10.12,41,2317.58,7212.43,2,11,60,0,0,0,845.32,0,
TXN05-00378,5,2026-05-18 20:48:27,2317.47,Restaurants,50004,UPI,DEV-05-1,Android,Pune,20,0,0,4.72,42,2314.86,7203.05,23,178,66,0,0,0,735.23,0,
TXN05-00379,5,2026-05-18 20:58:26,2103.85,Hotels,50025,Card,DEV-05-1,Android,Mumbai,20,0,0,9.98,43,2314.87,7193.51,5,179,99,0,0,0,120.15,0,
TXN05-00380,5,2026-05-18 21:22:23,2503.31,Restaurants,50001,Card,DEV-05-2,iPhone,Bangalore,21,0,0,23.95,44,2314.31,7184.03,46,101,61,0,0,0,845.32,0,
TXN05-00381,5,2026-05-18 21:41:37,1737.38,Hotels,50024,UPI,DEV-05-4,iPhone,Delhi,21,0,0,19.23,45,2314.81,7174.57,11,31,121,0,0,0,1750.11,0,
TXN05-00382,5,2026-05-18 21:53:44,1728.35,Fuel,50028,UPI,DEV-05-3,Web,Bangalore,21,0,0,12.12,46,2313.29,7165.21,12,43,62,0,0,0,1750.11,0,
TXN05-00383,5,2026-05-18 21:55:27,3706.41,Hotels,50005,UPI,DEV-05-1,Android,Delhi,21,0,0,1.72,47,2311.76,7155.89,27,180,122,0,0,0,1750.11,0,
TXN05-00384,5,2026-05-18 21:56:41,860.76,Hotels,50014,UPI,DEV-05-2,iPhone,Mumbai,21,0,0,1.23,48,2315.4,7146.9,10,102,100,0,0,0,1153.24,0,
TXN05-00385,5,2026-05-18 22:23:49,1229.74,Taxi,50007,UPI,DEV-05-4,iPhone,Pune,22,0,0,27.13,49,2311.61,7137.97,11,32,67,0,0,0,120.15,0,
TXN05-00386,5,2026-05-18 22:49:25,941.67,Hotels,50015,UPI,DEV-05-2,iPhone,Bangalore,22,0,0,25.6,50,2308.8,7128.91,4,103,63,0,0,0,735.23,0,
TXN05-00387,5,2026-05-18 22:52:51,1437.32,Hotels,50005,UPI,DEV-05-5,Android,Jaipur,22,0,0,3.43,51,2305.26,7120.01,28,14,32,0,0,0,1561.54,0,
TXN05-00388,5,2026-05-18 22:54:38,2383.05,Hotels,50010,UPI,DEV-05-3,Web,Bangalore,22,0,0,1.78,52,2303.02,7110.94,12,44,64,0,0,0,1561.54,0,
TXN05-00389,5,2026-05-18 22:56:30,594.1,Restaurants,50001,UPI,DEV-05-1,Android,Pune,22,0,0,1.87,53,2303.23,7101.77,47,181,68,0,0,0,735.23,0,
TXN05-00390,5,2026-05-18 22:58:17,2185.84,Hotels,50005,Card,DEV-05-2,iPhone,Mumbai,22,0,0,1.78,54,2298.83,7093.16,29,104,101,0,0,0,120.15,0,
TXN05-00391,5,2026-05-18 23:21:32,1061.43,Fuel,50006,Card,DEV-05-3,Web,Jaipur,23,0,0,23.25,55,2298.54,7084.07,19,45,33,0,0,0,920.74,0,
TXN05-00392,5,2026-05-18 23:52:20,2580.16,Restaurants,50016,UPI,DEV-05-3,Web,Mumbai,23,0,0,30.8,56,2295.38,7075.28,9,46,102,0,0,0,920.74,0,
TXN05-00393,5,2026-05-19 06:44:40,1962.99,Hotels,50005,UPI,DEV-05-1,Android,Bangalore,6,1,0,412.33,1,2303.66,7083.54,30,182,65,0,0,0,845.32,0,
TXN05-00394,5,2026-05-19 06:47:18,4000.0,Fuel,50003,Card,DEV-05-2,iPhone,Delhi,6,1,0,2.63,2,2302.79,7074.5,48,105,123,0,0,0,1750.11,0,
TXN05-00395,5,2026-05-19 06:51:09,1678.98,Restaurants,50009,UPI,DEV-05-1,Android,Mumbai,6,1,0,3.85,3,2307.12,7065.99,6,183,103,0,0,0,1153.24,0,
TXN05-00396,5,2026-05-19 07:11:51,391.76,Fuel,50003,Card,DEV-05-6,Web,Mumbai,7,1,0,20.7,4,2305.55,7074.19,49,12,104,0,0,0,0.0,0,
TXN05-00397,5,2026-05-19 07:52:56,1343.83,Fuel,50013,Card,DEV-05-1,Android,Jaipur,7,1,0,41.08,5,2304.4,7083.69,18,184,34,0,0,0,920.74,0,
TXN05-00398,5,2026-05-19 08:05:29,1252.47,Hotels,50025,UPI,DEV-05-6,Web,Pune,8,1,0,12.55,6,2306.06,7083.39,6,13,69,0,0,0,953.87,0,
TXN05-00399,5,2026-05-19 08:19:43,844.86,Hotels,50024,UPI,DEV-05-3,Web,Pune,8,1,0,14.23,7,2303.37,7074.53,12,47,70,0,0,0,0.0,0,
TXN05-00400,5,2026-05-19 08:42:20,894.26,Fuel,50003,UPI,DEV-05-5,Android,Jaipur,8,1,0,22.62,8,2299.65,7065.88,50,15,35,0,0,0,953.87,0,
TXN05-00401,5,2026-05-19 08:52:36,1075.13,Taxi,50002,Card,DEV-05-2,iPhone,Jaipur,8,1,0,10.27,9,2296.07,7057.24,28,106,36,0,0,0,0.0,0,
TXN05-00402,5,2026-05-19 09:37:14,930.85,Restaurants,50011,UPI,DEV-05-1,Android,Pune,9,1,0,44.63,10,2297.4,7083.12,11,185,71,0,0,0,953.87,0,
TXN05-00403,5,2026-05-19 10:56:49,1169.37,Taxi,50007,Card,DEV-05-1,Android,Delhi,10,1,0,79.58,11,2297.49,7110.45,12,186,124,0,0,0,1179.48,0,
TXN05-00404,5,2026-05-19 11:01:51,1482.04,Hotels,50014,Card,DEV-05-7,Android,Mumbai,11,1,0,5.03,12,2294.59,7101.51,11,3,105,0,0,0,1153.24,0,
TXN05-00405,5,2026-05-19 11:11:09,2074.88,Hotels,50005,UPI,DEV-05-4,iPhone,Delhi,11,1,0,9.3,13,2288.1,7101.1,31,33,125,0,0,0,1153.24,0,
TXN05-00406,5,2026-05-19 11:14:19,1376.02,Taxi,50007,Card,DEV-05-1,Android,Pune,11,1,0,3.17,14,2288.62,7101.07,13,187,72,0,0,0,1179.48,0,
TXN05-00407,5,2026-05-19 11:18:57,878.38,Hotels,50005,Card,DEV-05-3,Web,Pune,11,1,0,4.63,15,2286.27,7092.09,32,48,73,0,0,0,0.0,0,
TXN05-00408,5,2026-05-19 11:22:59,770.92,Fuel,50003,UPI,DEV-05-1,Android,Delhi,11,1,0,4.03,16,2282.66,7083.35,51,188,126,0,0,0,1179.48,0,
TXN05-00409,5,2026-05-19 11:29:53,1939.01,Restaurants,50008,UPI,DEV-05-3,Web,Delhi,11,1,0,6.9,17,2278.79,7074.7,15,49,127,0,0,0,0.0,0,
TXN05-00410,5,2026-05-19 12:02:28,4000.0,Restaurants,50009,Card,DEV-05-2,iPhone,Mumbai,12,1,0,32.58,18,2277.93,7065.69,7,107,106,0,0,0,1153.24,0,
TXN05-00411,5,2026-05-19 12:09:22,3370.11,Hotels,50005,Card,DEV-05-3,Web,Mumbai,12,1,0,6.9,19,2282.31,7057.23,33,50,107,0,0,0,0.0,0,
TXN05-00412,5,2026-05-19 12:27:02,1598.35,Restaurants,50004,Card,DEV-05-1,Android,Mumbai,12,1,0,17.67,20,2288.07,7057.19,24,189,108,0,0,0,0.0,0,
TXN05-00413,5,2026-05-19 13:01:55,2041.64,Fuel,50006,UPI,DEV-05-6,Web,Bangalore,13,1,0,34.88,21,2294.76,7065.28,20,14,66,0,0,0,845.32,0,
TXN05-00414,5,2026-05-19 13:25:45,1566.25,Restaurants,50009,Card,DEV-05-9,Web,Bangalore,13,1,0,23.83,22,2294.12,7056.29,8,1,67,1,0,0,0.0,0,
TXN05-00415,5,2026-05-19 13:43:51,2649.22,Restaurants,50004,Card,DEV-05-4,iPhone,Pune,13,1,0,18.1,23,2293.06,7064.49,25,34,74,0,0,0,735.23,0,
TXN05-00416,5,2026-05-19 13:44:28,3647.26,Taxi,50037,Card,DEV-05-3,Web,Delhi,13,1,0,0.62,24,2293.96,7055.52,4,51,128,0,0,0,1179.48,0,
TXN05-00417,5,2026-05-19 13:46:31,2227.69,Fuel,50003,Card,DEV-05-4,iPhone,Delhi,13,1,0,2.05,25,2297.4,7046.89,52,35,129,0,0,0,0.0,0,
TXN05-00418,5,2026-05-19 14:23:24,3380.64,Restaurants,50001,Card,DEV-05-1,Android,Delhi,14,1,0,36.88,26,2299.66,7046.72,48,190,130,0,0,0,0.0,0,
TXN05-00419,5,2026-05-19 14:42:47,1833.03,Restaurants,50001,Card,DEV-05-2,iPhone,Delhi,14,1,0,19.38,27,2303.88,7055.78,49,108,131,0,0,0,0.0,0,
TXN05-00420,5,2026-05-19 15:23:34,711.64,Restaurants,50009,Card,DEV-05-1,Android,Delhi,15,1,0,40.78,28,2303.17,7073.53,9,191,132,0,0,0,0.0,0,
TXN05-00421,5,2026-05-19 15:29:45,4000.0,Fuel,50006,Card,DEV-05-6,Web,Mumbai,15,1,0,6.18,29,2294.76,7073.46,21,15,109,0,0,0,1153.24,0,
TXN05-00422,5,2026-05-19 15:38:22,609.7,Hotels,50010,UPI,DEV-05-1,Android,Pune,15,1,0,8.62,30,2299.11,7064.96,13,192,75,0,0,0,120.15,0,
TXN05-00423,5,2026-05-19 16:36:42,542.38,Restaurants,50042,Card,DEV-05-1,Android,Bangalore,16,1,0,58.33,31,2294.99,7065.47,1,193,68,0,0,1,735.23,0,
TXN05-00424,5,2026-05-19 16:37:11,1390.22,Fuel,50003,UPI,DEV-05-1,Android,Mumbai,16,1,0,0.48,32,2290.53,7057.03,53,194,110,0,0,0,845.32,0,
TXN05-00425,5,2026-05-19 16:56:59,1943.68,Fuel,50006,UPI,DEV-05-2,iPhone,Delhi,16,1,0,19.8,33,2290.34,7057.05,22,109,133,0,0,0,1153.24,0,
TXN05-00426,5,2026-05-19 17:15:14,453.01,Fuel,50028,UPI,DEV-05-6,Web,Pune,17,1,0,18.25,34,2290.41,7065.95,13,16,76,0,0,0,1179.48,0,
TXN05-00427,5,2026-05-19 17:32:51,646.78,Hotels,50014,Card,DEV-05-2,iPhone,Pune,17,1,0,17.62,35,2285.74,7057.56,12,110,77,0,0,0,0.0,0,
TXN05-00428,5,2026-05-19 17:59:55,2556.29,Fuel,50013,UPI,DEV-05-3,Web,Delhi,17,1,0,27.07,36,2030.91,5051.74,19,52,134,0,0,0,1179.48,0,
TXN05-00429,5,2026-05-19 18:00:12,2939.36,Fuel,50006,UPI,DEV-05-7,Android,Delhi,18,1,0,0.28,37,2032.25,5045.38,23,4,135,0,0,0,0.0,0,
TXN05-00430,5,2026-05-19 18:12:23,2414.79,Fuel,50003,Card,DEV-05-1,Android,Pune,18,1,0,12.18,38,2034.55,5039.18,54,195,78,0,0,0,1179.48,0,
TXN05-00431,5,2026-05-19 18:40:42,3661.03,Taxi,50007,UPI,DEV-05-10,Android,Mumbai,18,1,0,28.32,39,2038.26,5038.92,14,1,111,1,0,0,120.15,0,
TXN05-00432,5,2026-05-19 19:11:08,1103.07,Taxi,50002,Card,DEV-05-2,iPhone,Mumbai,19,1,0,30.43,40,2042.37,5033.2,29,111,112,0,0,0,0.0,0,
TXN05-00433,5,2026-05-19 19:21:25,953.9,Restaurants,50009,UPI,DEV-05-1,Android,Jaipur,19,1,0,10.28,41,2040.0,5027.06,10,196,37,0,0,0,920.74,0,
TXN05-00434,5,2026-05-19 19:30:51,1196.06,Restaurants,50020,Card,DEV-05-4,iPhone,Bangalore,19,1,0,9.43,42,2037.26,5021.02,4,36,69,0,0,0,1561.54,0,
TXN05-00435,5,2026-05-19 19:32:32,509.62,Restaurants,50009,UPI,DEV-05-6,Web,Mumbai,19,1,0,1.68,43,2035.15,5014.88,11,17,113,0,0,0,845.32,0,
TXN05-00436,5,2026-05-19 19:58:22,4000.0,Fuel,50028,UPI,DEV-05-6,Web,Jaipur,19,1,0,25.83,44,2034.44,5021.4,14,18,38,0,0,0,920.74,0,
TXN05-00437,5,2026-05-19 20:17:15,924.55,Fuel,50040,Card,DEV-05-5,Android,Mumbai,20,1,0,18.88,45,2040.71,5022.3,2,16,114,0,0,0,920.74,0,
TXN05-00438,5,2026-05-19 20:42:30,1774.38,Restaurants,50001,Card,DEV-05-3,Web,Delhi,20,1,0,25.25,46,2039.91,5022.45,50,53,136,0,0,0,1153.24,0,
TXN05-00439,5,2026-05-19 21:15:47,1854.28,Hotels,50005,Card,DEV-05-4,iPhone,Pune,21,1,0,33.28,47,2042.13,5034.93,34,37,79,0,0,0,1179.48,0,
TXN05-00440,5,2026-05-19 21:20:16,1502.0,Restaurants,50008,Card,DEV-05-4,iPhone,Mumbai,21,1,0,4.48,48,2041.66,5028.58,16,38,115,0,0,0,120.15,0,
TXN05-00441,5,2026-05-19 21:42:49,1682.78,Restaurants,50004,UPI,DEV-05-2,iPhone,Pune,21,1,0,22.55,49,2040.3,5022.32,26,112,80,0,0,0,120.15,0,
TXN05-00442,5,2026-05-19 21:43:51,2825.77,Hotels,50017,UPI,DEV-05-5,Android,Pune,21,1,0,1.03,50,2039.4,5016.04,5,17,81,0,0,0,0.0,0,
TXN05-00443,5,2026-05-19 22:21:22,100000.0,Bank Transfer,50001,Card,DEV-05-1,Android,Delhi,22,1,0,37.52,51,2036.67,5021.54,51,197,137,0,0,0,1179.48,1,huge_transfer
TXN05-00444,5,2026-05-19 22:33:14,1823.03,Fuel,50003,UPI,DEV-05-5,Android,Bangalore,22,1,0,11.87,52,2278.49,7022.89,55,18,70,0,0,0,1750.11,0,
TXN05-00445,5,2026-05-19 23:00:12,702.11,Fuel,50006,UPI,DEV-05-1,Android,Delhi,23,1,0,26.97,53,2280.48,7031.58,24,198,138,0,0,0,1750.11,0,
TXN05-00446,5,2026-05-19 23:10:31,720.4,Taxi,50039,UPI,DEV-05-2,iPhone,Delhi,23,1,0,10.32,54,2276.5,7023.17,2,113,139,0,0,0,0.0,0,
TXN05-00447,5,2026-05-19 23:11:35,648.37,Hotels,50010,Card,DEV-05-1,Android,Mumbai,23,1,0,1.07,55,2272.59,7014.77,14,199,116,0,0,0,1153.24,0,
TXN05-00448,5,2026-05-19 23:42:42,2252.11,Fuel,50040,Card,DEV-05-3,Web,Bangalore,23,1,0,31.12,56,2268.52,7006.45,3,54,71,0,0,0,845.32,0,
TXN05-00449,5,2026-05-19 23:53:51,4000.0,Taxi,50037,UPI,DEV-05-1,Android,Delhi,23,1,0,11.15,57,2268.48,6997.68,5,200,140,0,0,0,1750.11,0,
TXN05-00450,5,2026-05-20 06:24:39,345.31,Hotels,50005,Card,DEV-05-6,Web,Delhi,6,2,0,390.8,1,2283.82,7032.3,35,19,141,0,0,0,0.0,0,
TXN05-00451,5,2026-05-20 06:36:59,1616.08,Hotels,50005,Card,DEV-05-2,iPhone,Delhi,6,2,0,12.33,2,2282.25,7032.66,36,114,142,0,0,0,0.0,0,
TXN05-00452,5,2026-05-20 06:56:40,2175.55,Fuel,50013,UPI,DEV-05-2,iPhone,Mumbai,6,2,0,19.68,3,2280.57,7023.88,20,115,117,0,0,0,1153.24,0,
TXN05-00453,5,2026-05-20 07:02:36,706.77,Fuel,50006,UPI,DEV-05-3,Web,Mumbai,7,2,0,5.93,4,2280.31,7015.05,25,55,118,0,0,0,0.0,0,
TXN05-00454,5,2026-05-20 07:16:32,3546.62,Restaurants,50008,UPI,DEV-05-4,iPhone,Pune,7,2,0,13.93,5,2276.36,7006.7,17,39,82,0,0,0,120.15,0,
TXN05-00455,5,2026-05-20 07:37:05,766.53,Restaurants,50032,UPI,DEV-05-3,Web,Delhi,7,2,0,20.55,6,2279.54,6998.22,2,56,143,0,0,0,1179.48,0,
TXN05-00456,5,2026-05-20 07:39:20,1260.55,Hotels,50018,UPI,DEV-05-1,Android,Jaipur,7,2,0,2.25,7,2275.77,6989.9,7,201,39,0,0,0,237.53,0,
TXN05-00457,5,2026-05-20 07:59:18,2117.77,Taxi,50039,UPI,DEV-05-2,iPhone,Mumbai,7,2,0,19.97,8,2278.04,6989.42,3,116,119,0,0,0,920.74,0,
TXN05-00458,5,2026-05-20 08:10:15,4000.0,Hotels,50015,Card,DEV-05-5,Android,Delhi,8,2,0,10.95,9,2277.64,6980.72,5,19,144,0,0,0,1153.24,0,
TXN05-00459,5,2026-05-20 08:51:05,3465.15,Restaurants,50023,UPI,DEV-05-2,iPhone,Bangalore,8,2,0,40.83,10,2285.57,6998.34,5,117,72,0,0,0,1750.11,0,
TXN05-00460,5,2026-05-20 08:57:40,1329.55,Hotels,50015,Card,DEV-05-1,Android,Delhi,8,2,0,6.58,11,2288.51,6989.85,6,202,145,0,0,0,1750.11,0,
TXN05-00461,5,2026-05-20 09:06:41,1383.69,Restaurants,50008,Card,DEV-05-1,Android,Mumbai,9,2,0,9.02,12,2286.13,6981.32,18,203,120,0,0,0,1153.24,0,
TXN05-00462,5,2026-05-20 09:12:13,2792.69,Fuel,50003,UPI,DEV-05-9,Web,Delhi,9,2,0,5.53,13,2283.89,6972.79,56,2,146,0,0,0,1153.24,0,
TXN05-00463,5,2026-05-20 09:43:23,1264.78,Restaurants,50011,UPI,DEV-05-1,Android,Surat,9,2,0,31.17,14,2284.89,6989.5,12,204,1,0,1,0,941.71,0,
TXN05-00464,5,2026-05-20 09:45:19,848.27,Fuel,50003,Card,DEV-05-2,iPhone,Pune,9,2,0,1.93,15,2281.38,6989.66,57,118,83,0,0,0,313.56,0,
TXN05-00465,5,2026-05-20 09:49:45,2999.56,Restaurants,50033,UPI,DEV-05-2,iPhone,Mumbai,9,2,0,4.43,16,2277.81,6981.32,4,119,121,0,0,0,120.15,0,
TXN05-00466,5,2026-05-20 11:57:11,1330.44,Hotels,50005,Card,DEV-05-1,Android,Delhi,11,2,0,127.43,17,2302.34,7049.59,37,205,147,0,0,0,1153.24,0,
TXN05-00467,5,2026-05-20 11:58:27,2152.02,Taxi,50030,Card,DEV-05-1,Android,Pune,11,2,0,1.27,18,2299.88,7040.83,6,206,84,0,0,0,1179.48,0,
TXN05-00468,5,2026-05-20 13:12:22,1704.6,Taxi,50002,Card,DEV-05-6,Web,Pune,13,2,0,73.92,19,2301.96,7057.5,30,20,85,0,0,0,0.0,0,
TXN05-00469,5,2026-05-20 13:59:01,3335.26,Restaurants,50008,UPI,DEV-05-3,Web,Delhi,13,2,0,46.65,20,2299.32,7066.29,19,57,148,0,0,0,1179.48,0,
TXN05-00470,5,2026-05-20 14:04:22,2535.38,Taxi,50002,UPI,DEV-05-1,Android,Mumbai,14,2,0,5.35,21,2301.96,7057.48,31,207,122,0,0,0,1153.24,0,
TXN05-00471,5,2026-05-20 14:16:24,3077.91,Fuel,50006,UPI,DEV-05-3,Web,Pune,14,2,0,12.03,22,2304.96,7057.33,26,58,86,0,0,0,120.15,0,
TXN05-00472,5,2026-05-20 14:30:35,3492.65,Restaurants,50011,Card,DEV-05-8,iPhone,Pune,14,2,0,14.18,23,2309.43,7057.26,13,2,87,0,0,0,0.0,0,
TXN05-00473,5,2026-05-20 14:43:22,1359.32,Hotels,50010,Card,DEV-05-4,iPhone,Bangalore,14,2,0,12.78,24,2312.44,7048.55,15,40,73,0,0,0,735.23,0,
TXN05-00474,5,2026-05-20 15:14:29,600.96,Taxi,50039,Card,DEV-05-2,iPhone,Mumbai,15,2,0,31.12,25,2310.02,7039.79,4,120,123,0,0,0,845.32,0,
TXN05-00475,5,2026-05-20 15:21:42,1315.76,Hotels,50024,Card,DEV-05-9,Web,Mumbai,15,2,0,7.22,26,2305.71,7031.42,13,3,124,0,0,0,0.0,0,
TXN05-00476,5,2026-05-20 15:38:13,1105.22,Hotels,50025,UPI,DEV-05-1,Android,Jaipur,15,2,0,16.52,27,2304.92,7040.07,7,208,40,0,0,0,920.74,0,
TXN05-00477,5,2026-05-20 16:01:39,2937.6,Taxi,50002,UPI,DEV-05-2,iPhone,Jaipur,16,2,0,23.43,28,2303.25,7040.28,32,121,41,0,0,0,0.0,0,
TXN05-00478,5,2026-05-20 16:45:04,3106.8,Hotels,50036,UPI,DEV-05-3,Web,Pune,16,2,0,43.42,29,2301.14,7039.96,3,59,88,0,0,0,953.87,0,
TXN05-00479,5,2026-05-20 16:57:08,1923.51,Restaurants,50019,Card,DEV-05-3,Web,Delhi,16,2,0,12.07,30,2302.98,7040.08,7,60,149,0,0,0,1179.48,0,
TXN05-00480,5,2026-05-20 16:58:24,1466.65,Hotels,50010,Card,DEV-05-6,Web,Delhi,16,2,0,1.27,31,2302.02,7031.21,16,21,150,0,0,0,0.0,0,
TXN05-00481,5,2026-05-20 16:59:51,561.2,Fuel,50003,UPI,DEV-05-1,Android,Mumbai,16,2,0,1.45,32,2299.91,7022.47,58,209,125,0,0,0,1153.24,0,
TXN05-00482,5,2026-05-20 18:19:01,4000.0,Hotels,50018,Card,DEV-05-6,Web,Mumbai,18,2,0,79.17,33,2307.35,7057.51,8,22,126,0,0,0,0.0,0,
TXN05-00483,5,2026-05-20 18:33:24,664.9,Fuel,50043,Card,DEV-05-1,Android,Jaipur,18,2,0,14.38,34,2311.65,7049.06,1,210,42,0,0,1,920.74,0,
TXN05-00484,5,2026-05-20 19:20:47,397.2,Taxi,50002,UPI,DEV-05-4,iPhone,Delhi,19,2,0,47.38,35,2306.83,7049.54,33,41,151,0,0,0,237.53,0,
TXN05-00485,5,2026-05-20 19:51:37,441.36,Restaurants,50001,UPI,DEV-05-3,Web,Bangalore,19,2,0,30.83,36,2302.09,7058.29,52,61,74,0,0,0,1750.11,0,
TXN05-00486,5,2026-05-20 20:06:51,2423.12,Hotels,50010,UPI,DEV-05-1,Android,Pune,20,2,0,15.23,37,2297.36,7049.95,17,211,89,0,0,0,735.23,0,
TXN05-00487,5,2026-05-20 20:31:48,495.0,Fuel,50003,Card,DEV-05-1,Android,Delhi,20,2,0,24.95,38,2297.68,7041.02,59,212,152,0,0,0,1179.48,0,
TXN05-00488,5,2026-05-20 20:38:21,973.78,Hotels,50005,Card,DEV-05-1,Android,Mumbai,20,2,0,6.55,39,2293.13,7032.71,38,213,127,0,0,0,1153.24,0,
TXN05-00489,5,2026-05-20 21:40:16,782.07,Taxi,50007,UPI,DEV-05-4,iPhone,Bangalore,21,2,0,61.92,40,2291.95,7032.89,15,42,75,0,0,0,845.32,0,
TXN05-00490,5,2026-05-20 21:50:23,1875.75,Hotels,50015,Card,DEV-05-7,Android,Pune,21,2,0,10.12,41,2293.1,7041.82,7,5,90,0,0,0,735.23,0,
TXN05-00491,5,2026-05-20 22:19:40,1573.79,Hotels,50005,Card,DEV-05-7,Android,Pune,22,2,0,29.28,42,2295.68,7067.52,39,6,91,0,0,0,0.0,0,
TXN05-00492,5,2026-05-20 22:36:04,1504.37,Restaurants,50044,Card,DEV-05-1,Android,Bangalore,22,2,0,16.4,43,2292.14,7067.53,1,214,76,0,0,1,735.23,0,
TXN05-00493,5,2026-05-20 23:00:36,1650.98,Restaurants,50021,Card,DEV-05-3,Web,Mumbai,23,2,0,24.53,44,2290.19,7076.07,3,62,128,0,0,0,845.32,0,
TXN05-00494,5,2026-05-20 23:03:43,703.86,Taxi,50037,Card,DEV-05-1,Android,Mumbai,23,2,0,3.12,45,2288.56,7067.11,6,215,129,0,0,0,0.0,0,
TXN05-00495,5,2026-05-20 23:27:08,2327.2,Restaurants,50045,UPI,DEV-05-2,iPhone,Mumbai,23,2,0,23.42,46,2284.53,7058.56,1,122,130,0,0,1,0.0,0,
TXN05-00496,5,2026-05-21 06:09:14,292.94,Taxi,50030,Card,DEV-05-1,Android,Delhi,6,3,0,402.1,1,2295.28,7102.82,7,216,153,0,0,0,1153.24,0,
TXN05-00497,5,2026-05-21 06:34:20,2124.5,Restaurants,50009,Card,DEV-05-4,iPhone,Mumbai,6,3,0,25.1,2,2292.9,7103.33,12,43,131,0,0,0,1153.24,0,
TXN05-00498,5,2026-05-21 06:37:01,1431.95,Fuel,50006,UPI,DEV-05-1,Android,Delhi,6,3,0,2.68,3,2292.47,7094.2,27,217,154,0,0,0,1153.24,0,
TXN05-00499,5,2026-05-21 06:48:28,3478.05,Hotels,50010,Card,DEV-05-4,iPhone,Mumbai,6,3,0,11.45,4,2290.26,7085.23,18,44,132,0,0,0,1153.24,0,
TXN05-00500,5,2026-05-21 06:50:48,1016.81,Restaurants,50012,UPI,DEV-05-3,Web,Delhi,6,3,0,2.33,5,2293.3,7076.42,11,63,155,0,0,0,1153.24,0,
TXN05-00501,5,2026-05-21 07:25:47,1249.17,Fuel,50006,Card,DEV-05-5,Android,Delhi,7,3,0,34.98,6,2290.63,7094.66,28,20,156,0,0,0,0.0,0,
TXN05-00502,5,2026-05-21 07:36:17,1384.78,Taxi,50002,UPI,DEV-05-2,iPhone,Mumbai,7,3,0,10.5,7,2287.33,7094.84,34,123,133,0,0,0,1153.24,0,
TXN05-00503,5,2026-05-21 07:56:01,1384.6,Fuel,50003,Card,DEV-05-1,Android,Delhi,7,3,0,19.73,8,2297.08,7111.86,60,218,157,0,0,0,1153.24,0,
TXN05-00504,5,2026-05-21 08:03:33,1065.88,Hotels,50014,UPI,DEV-05-4,iPhone,Pune,8,3,0,7.53,9,2294.72,7102.84,13,45,92,0,0,0,1179.48,0,
TXN05-00505,5,2026-05-21 08:10:04,770.94,Hotels,50005,UPI,DEV-05-1,Android,Delhi,8,3,0,6.52,10,2291.57,7093.98,40,219,158,0,0,0,1179.48,0,
TXN05-00506,5,2026-05-21 08:21:15,1696.41,Restaurants,50001,Card,DEV-05-7,Android,Delhi,8,3,0,11.18,11,2287.67,7085.29,53,7,159,0,0,0,0.0,0,
TXN05-00507,5,2026-05-21 08:25:00,3470.54,Restaurants,50001,UPI,DEV-05-8,iPhone,Delhi,8,3,0,3.75,12,2286.15,7076.29,54,3,160,0,0,0,0.0,0,
TXN05-00508,5,2026-05-21 08:42:28,1323.89,Fuel,50013,Card,DEV-05-4,iPhone,Delhi,8,3,0,17.47,13,2292.64,7076.21,21,46,161,0,0,0,0.0,0,
TXN05-00509,5,2026-05-21 08:47:17,3241.27,Hotels,50005,Card,DEV-05-10,Android,Mumbai,8,3,0,4.82,14,2290.17,7067.35,41,2,134,0,0,0,1153.24,0,
TXN05-00510,5,2026-05-21 08:56:40,467.17,Fuel,50006,UPI,DEV-05-2,iPhone,Pune,8,3,0,9.38,15,2292.59,7058.51,29,124,93,0,0,0,120.15,0,
TXN05-00511,5,2026-05-21 09:01:55,1009.67,Taxi,50002,Card,DEV-05-2,iPhone,Mumbai,9,3,0,5.25,16,2287.96,7050.15,35,125,135,0,0,0,120.15,0,
TXN05-00512,5,2026-05-21 09:04:45,1577.29,Hotels,50005,UPI,DEV-05-2,iPhone,Mumbai,9,3,0,2.83,17,2284.72,7041.51,42,126,136,0,0,0,0.0,0,
TXN05-00513,5,2026-05-21 09:16:35,520.89,Fuel,50043,UPI,DEV-05-2,iPhone,Bangalore,9,3,0,11.83,18,2282.93,7032.7,2,127,77,0,0,0,845.32,0,
TXN05-00514,5,2026-05-21 09:43:23,2098.0,Taxi,50002,Card,DEV-05-5,Android,Mumbai,9,3,0,26.8,19,2288.85,7049.9,36,21,137,0,0,0,845.32,0,
TXN05-00515,5,2026-05-21 10:00:17,1912.64,Taxi,50030,UPI,DEV-05-3,Web,Jaipur,10,3,0,16.9,20,2288.37,7040.97,8,64,43,0,0,0,920.74,0,
TXN05-00516,5,2026-05-21 10:16:04,2239.88,Taxi,50029,UPI,DEV-05-4,iPhone,Bangalore,10,3,0,15.78,21,2290.99,7040.64,6,47,78,0,0,0,1561.54,0,
TXN05-00517,5,2026-05-21 10:19:56,914.0,Hotels,50014,Card,DEV-05-3,Web,Mumbai,10,3,0,3.87,22,2290.86,7031.75,14,65,138,0,0,0,845.32,0,
TXN05-00518,5,2026-05-21 10:37:43,1001.04,Restaurants,50046,UPI,DEV-05-2,iPhone,Pune,10,3,0,17.78,23,2287.39,7023.22,1,128,94,0,0,1,120.15,0,
TXN05-00519,5,2026-05-21 11:04:00,2464.09,Restaurants,50041,Card,DEV-05-2,iPhone,Delhi,11,3,0,26.28,24,2283.37,7040.54,2,129,162,0,0,0,1179.48,0,
TXN05-00520,5,2026-05-21 11:29:24,1706.94,Hotels,50014,Card,DEV-05-1,Android,Jaipur,11,3,0,25.4,25,2292.35,7057.75,15,220,44,0,0,0,237.53,0,
TXN05-00521,5,2026-05-21 12:05:39,2127.56,Fuel,50003,Card,DEV-05-1,Android,Mumbai,12,3,0,36.25,26,2290.14,7065.91,61,221,139,0,0,0,920.74,0,
TXN05-00522,5,2026-05-21 12:28:02,5204.19,Taxi,50187,UPI,DEV-05-1,Android,Mumbai,12,3,0,22.38,27,2289.73,7056.92,1,222,140,0,0,1,0.0,1,ato_new_merchant_same_category_higher_amount
TXN05-00523,5,2026-05-21 13:06:18,1176.35,Taxi,50039,Card,DEV-05-2,iPhone,Mumbai,13,3,0,38.27,28,2293.28,7067.23,5,130,141,0,0,0,0.0,0,
TXN05-00524,5,2026-05-21 13:41:47,697.47,Hotels,50010,UPI,DEV-05-7,Android,Jaipur,13,3,0,35.48,29,2290.86,7067.45,19,8,45,0,0,0,920.74,0,
TXN05-00525,5,2026-05-21 13:56:25,2256.28,Fuel,50006,Card,DEV-05-4,iPhone,Delhi,13,3,0,14.63,30,2286.81,7058.91,30,48,163,0,0,0,237.53,0,
TXN05-00526,5,2026-05-21 14:01:24,2432.02,Taxi,50002,UPI,DEV-05-1,Android,Delhi,14,3,0,4.98,31,2286.73,7049.95,37,223,164,0,0,0,0.0,0,
TXN05-00527,5,2026-05-21 14:03:19,979.53,Fuel,50043,UPI,DEV-05-2,iPhone,Bangalore,14,3,0,1.92,32,2287.1,7041.02,3,131,79,0,0,0,1750.11,0,
TXN05-00528,5,2026-05-21 14:08:06,1946.0,Taxi,50007,UPI,DEV-05-2,iPhone,Bangalore,14,3,0,4.78,33,2283.79,7032.43,16,132,80,0,0,0,0.0,0,
TXN05-00529,5,2026-05-21 14:40:29,860.98,Fuel,50003,UPI,DEV-05-2,iPhone,Delhi,14,3,0,32.38,34,2282.94,7023.59,62,133,165,0,0,0,1750.11,0,
TXN05-00530,5,2026-05-21 14:42:56,1102.88,Hotels,50025,UPI,DEV-05-8,iPhone,Jaipur,14,3,0,2.45,35,2279.37,7015.12,8,4,46,0,0,0,237.53,0,
TXN05-00531,5,2026-05-21 15:13:13,4000.0,Fuel,50003,UPI,DEV-05-7,Android,Pune,15,3,0,30.28,36,2279.62,7023.9,63,9,95,0,0,0,953.87,0,
TXN05-00532,5,2026-05-21 15:19:44,644.08,Hotels,50010,UPI,DEV-05-1,Android,Mumbai,15,3,0,6.52,37,2283.94,7015.6,20,224,142,0,0,0,120.15,0,
TXN05-00533,5,2026-05-21 15:21:18,2011.34,Fuel,50003,UPI,DEV-05-2,iPhone,Delhi,15,3,0,1.57,38,2279.83,7007.28,64,134,166,0,0,0,1153.24,0,
TXN05-00534,5,2026-05-21 16:34:44,1366.88,Restaurants,50021,UPI,DEV-05-7,Android,Pune,16,3,0,73.43,39,2282.45,7041.43,4,10,96,0,0,0,1179.48,0,
TXN05-00535,5,2026-05-21 16:56:50,1136.98,Restaurants,50022,Card,DEV-05-8,iPhone,Pune,16,3,0,22.1,40,2284.04,7041.15,6,5,97,0,0,0,0.0,0,
TXN05-00536,5,2026-05-21 17:21:50,871.86,Fuel,50047,UPI,DEV-05-2,iPhone,Pune,17,3,0,25.0,41,2283.91,7041.17,1,135,98,0,0,1,0.0,0,
TXN05-00537,5,2026-05-21 17:27:35,1713.97,Taxi,50029,UPI,DEV-05-3,Web,Pune,17,3,0,5.75,42,2280.34,7032.63,7,66,99,0,0,0,0.0,0,
TXN05-00538,5,2026-05-21 18:18:22,1440.26,Hotels,50005,Card,DEV-05-2,iPhone,Delhi,18,3,0,50.78,43,2279.92,7041.54,43,136,167,0,0,0,1179.48,0,
TXN05-00539,5,2026-05-21 18:26:43,4000.0,Fuel,50175,Card,DEV-05-2,iPhone,Pune,18,3,0,8.35,44,2273.44,7041.13,1,137,100,0,0,1,1179.48,1,ato_new_merchant_same_category
TXN05-00540,5,2026-05-21 18:40:11,2168.33,Restaurants,50008,UPI,DEV-05-7,Android,Pune,18,3,0,13.47,45,2275.26,7041.48,20,11,101,0,0,0,0.0,0,
TXN05-00541,5,2026-05-21 18:57:12,1582.46,Restaurants,50023,Card,DEV-05-4,iPhone,Mumbai,18,3,0,17.02,46,2274.99,7032.59,6,49,143,0,0,0,120.15,0,
TXN05-00542,5,2026-05-21 19:22:36,3590.34,Restaurants,50020,UPI,DEV-05-3,Web,Pune,19,3,0,25.4,47,2273.24,7023.81,5,67,102,0,0,0,120.15,0,
TXN05-00543,5,2026-05-21 20:11:28,1332.08,Hotels,50010,Card,DEV-05-11,iPhone,Mumbai,20,3,0,48.87,48,2279.51,7032.49,21,1,144,1,0,0,120.15,0,
TXN05-00544,5,2026-05-21 20:31:00,3054.19,Restaurants,50001,Card,DEV-05-4,iPhone,Mumbai,20,3,0,19.53,49,2277.12,7023.79,55,50,145,0,0,0,0.0,0,
TXN05-00545,5,2026-05-21 20:31:35,3673.75,Taxi,50029,Card,DEV-05-3,Web,Delhi,20,3,0,0.58,50,2279.07,7015.07,8,68,168,0,0,0,1153.24,0,
TXN05-00546,5,2026-05-21 20:50:43,969.77,Taxi,50002,UPI,DEV-05-1,Android,Mumbai,20,3,0,19.13,51,2282.57,7006.62,38,225,146,0,0,0,1153.24,0,
TXN05-00547,5,2026-05-21 21:24:27,467.2,Hotels,50005,UPI,DEV-05-2,iPhone,Delhi,21,3,0,33.73,52,2279.29,6998.16,44,138,169,0,0,0,1153.24,0,
TXN05-00548,5,2026-05-21 21:28:26,1279.6,Restaurants,50008,UPI,DEV-05-1,Android,Mumbai,21,3,0,3.98,53,2274.77,6990.02,21,226,147,0,0,0,1153.24,0,
TXN05-00549,5,2026-05-21 21:37:25,2285.72,Restaurants,50001,Card,DEV-05-1,Android,Delhi,21,3,0,8.98,54,2277.07,6989.54,56,227,170,0,0,0,1153.24,0,
TXN05-00550,5,2026-05-21 21:47:25,827.25,Restaurants,50178,Card,DEV-05-9,Web,Delhi,21,3,0,10.0,55,2277.09,6980.84,1,4,171,0,0,1,0.0,1,ato_new_merchant_same_category
TXN05-00551,5,2026-05-21 21:53:53,2884.01,Fuel,50013,Card,DEV-05-4,iPhone,Mumbai,21,3,0,6.47,56,2273.49,6972.54,22,51,148,0,0,0,1153.24,0,
TXN05-00552,5,2026-05-21 22:09:10,2280.53,Hotels,50005,UPI,DEV-05-2,iPhone,Jaipur,22,3,0,15.28,57,2275.0,6963.98,45,139,47,0,0,0,920.74,0,
TXN05-00553,5,2026-05-21 22:44:20,1844.97,Restaurants,50001,UPI,DEV-05-1,Android,Delhi,22,3,0,35.17,58,2275.51,6963.97,57,228,172,0,0,0,237.53,0,
TXN05-00554,5,2026-05-21 23:22:29,561.61,Restaurants,50001,UPI,DEV-05-1,Android,Delhi,23,3,0,38.15,59,2276.69,6963.85,58,229,173,0,0,0,0.0,0,
TXN05-00555,5,2026-05-21 23:44:32,1761.29,Fuel,50003,UPI,DEV-05-8,iPhone,Delhi,23,3,0,22.05,60,2275.35,6972.77,65,6,174,0,0,0,0.0,0,
TXN05-00556,5,2026-05-22 06:07:45,2758.33,Hotels,50005,UPI,DEV-05-1,Android,Lucknow,6,4,0,383.22,1,2277.51,6981.26,46,230,3,0,0,0,430.84,0,
TXN05-00557,5,2026-05-22 06:17:32,626.79,Restaurants,50008,Card,DEV-05-3,Web,Delhi,6,4,0,9.78,2,2276.66,6981.18,22,69,175,0,0,0,430.84,0,
TXN05-00558,5,2026-05-22 06:57:21,1433.56,Restaurants,50004,Card,DEV-05-3,Web,Mumbai,6,4,0,39.82,3,2277.04,6981.08,27,70,149,0,0,0,1153.24,0,
TXN05-00559,5,2026-05-22 08:53:18,422.58,Fuel,50003,UPI,DEV-05-1,Android,Mumbai,8,4,0,115.95,4,2038.81,5016.21,66,231,150,0,0,0,0.0,0,
TXN05-00560,5,2026-05-22 09:02:31,937.72,Taxi,50039,UPI,DEV-05-2,iPhone,Mumbai,9,4,0,9.22,5,2037.98,5016.45,6,140,151,0,0,0,0.0,0,
TXN05-00561,5,2026-05-22 09:14:49,681.58,Restaurants,50001,UPI,DEV-05-2,iPhone,Delhi,9,4,0,12.3,6,2035.22,5010.46,59,141,176,0,0,0,1153.24,0,
TXN05-00562,5,2026-05-22 09:18:57,2174.72,Restaurants,50001,UPI,DEV-05-1,Android,Kolkata,9,4,0,4.13,7,2030.9,5016.88,60,232,1,0,1,0,1317.75,0,
TXN05-00563,5,2026-05-22 09:41:17,3562.83,Restaurants,50001,Card,DEV-05-5,Android,Delhi,9,4,0,22.33,8,2033.16,5016.74,61,22,177,0,0,0,1317.75,0,
TXN05-00564,5,2026-05-22 11:01:37,825.84,Restaurants,50026,UPI,DEV-05-1,Android,Mumbai,11,4,0,80.33,9,2046.64,5034.85,7,233,152,0,0,0,1153.24,0,
TXN05-00565,5,2026-05-22 11:02:34,972.16,Taxi,50007,Card,DEV-05-12,Web,Delhi,11,4,0,0.95,10,2043.55,5028.86,17,1,178,1,0,0,1153.24,0,
TXN05-00566,5,2026-05-22 11:08:22,669.33,Fuel,50003,Card,DEV-05-2,iPhone,Pune,11,4,0,5.8,11,2038.28,5028.89,67,142,103,0,0,0,1179.48,0,
TXN05-00567,5,2026-05-22 11:10:25,4000.0,Hotels,50025,UPI,DEV-05-1,Android,Pune,11,4,0,2.05,12,2034.83,5023.02,9,234,104,0,0,0,0.0,0,
TXN05-00568,5,2026-05-22 11:12:50,1855.83,Hotels,50027,Card,DEV-05-6,Web,Pune,11,4,0,2.42,13,2039.77,5017.67,3,23,105,0,0,0,0.0,0,
TXN05-00569,5,2026-05-22 11:24:13,840.32,Hotels,50014,UPI,DEV-05-4,iPhone,Delhi,11,4,0,11.38,14,2039.31,5011.38,16,52,179,0,0,0,1179.48,0,
TXN05-00570,5,2026-05-22 11:26:20,616.67,Fuel,50013,UPI,DEV-05-3,Web,Delhi,11,4,0,2.12,15,2036.31,5005.47,23,71,180,0,0,0,0.0,0,
TXN05-00571,5,2026-05-22 11:50:41,2025.81,Taxi,50030,Card,DEV-05-2,iPhone,Bangalore,11,4,0,24.35,16,2039.72,5011.26,9,143,81,0,0,0,1750.11,0,
TXN05-00572,5,2026-05-22 12:22:55,3191.86,Restaurants,50022,UPI,DEV-UNK-1959,iPhone,Delhi,12,4,0,32.23,17,2035.46,5017.12,7,1,181,1,0,0,1750.11,1,ato_new_device
TXN05-00573,5,2026-05-22 12:53:14,2065.44,Restaurants,50021,Card,DEV-05-7,Android,Bangalore,12,4,0,30.32,18,2036.52,5035.31,5,12,82,0,0,0,1750.11,0,
TXN05-00574,5,2026-05-22 13:04:55,1281.47,Hotels,50010,UPI,DEV-05-1,Android,Jaipur,13,4,0,11.68,19,2036.65,5035.31,22,235,48,0,0,0,1561.54,0,
TXN05-00575,5,2026-05-22 13:50:18,707.3,Restaurants,50011,UPI,DEV-05-2,iPhone,Mumbai,13,4,0,45.38,20,2034.74,5029.09,14,144,153,0,0,0,920.74,0,
TXN05-00576,5,2026-05-22 14:46:33,1952.41,Hotels,50014,UPI,DEV-05-1,Android,Pune,14,4,0,56.25,21,2032.84,5035.53,17,236,106,0,0,0,120.15,0,
TXN05-00577,5,2026-05-22 14:47:51,1604.66,Hotels,50027,Card,DEV-05-7,Android,Delhi,14,4,0,1.3,22,2032.64,5029.17,4,13,182,0,0,0,1179.48,0,
TXN05-00578,5,2026-05-22 14:52:09,1502.33,Taxi,50007,Card,DEV-05-1,Android,Mumbai,14,4,0,4.3,23,2031.56,5022.88,18,237,154,0,0,0,1153.24,0,
TXN05-00579,5,2026-05-22 15:08:03,880.25,Fuel,50013,UPI,DEV-05-3,Web,Delhi,15,4,0,15.9,24,2031.72,5022.86,24,72,183,0,0,0,1153.24,0,
TXN05-00580,5,2026-05-22 15:17:27,4000.0,Restaurants,50021,Card,DEV-05-10,Android,Delhi,15,4,0,9.4,25,2028.83,5016.88,6,3,184,0,0,0,0.0,0,
TXN05-00581,5,2026-05-22 16:49:38,4000.0,Fuel,50028,Card,DEV-05-5,Android,Pune,16,4,0,92.18,26,2029.86,5023.85,15,23,107,0,0,0,1179.48,0,
TXN05-00582,5,2026-05-22 17:20:43,3415.64,Fuel,50048,Card,DEV-05-1,Android,Jaipur,17,4,0,31.08,27,2034.81,5018.5,1,238,49,0,0,1,953.87,0,
TXN05-00583,5,2026-05-22 17:43:51,2826.47,Restaurants,50001,Card,DEV-05-5,Android,Mumbai,17,4,0,23.13,28,2040.37,5036.99,62,24,155,0,0,0,920.74,0,
TXN05-00584,5,2026-05-22 18:30:47,4000.0,Restaurants,50011,Card,DEV-05-2,iPhone,Delhi,18,4,0,46.93,29,2038.9,5054.84,15,145,185,0,0,0,1153.24,0,
TXN05-00585,5,2026-05-22 18:45:23,2337.58,Fuel,50001,UPI,DEV-05-1,Android,Unknown Country,18,4,0,14.6,30,2040.48,5068.03,63,239,1,0,1,0,8752.13,1,unknown_country_purchase
TXN05-00586,5,2026-05-22 19:02:09,3506.91,Restaurants,50011,UPI,DEV-05-2,iPhone,Bangalore,19,4,0,16.77,31,2041.24,5061.56,16,146,83,0,0,0,8663.87,0,
TXN05-00587,5,2026-05-22 19:07:32,2904.28,Fuel,50043,UPI,DEV-05-2,iPhone,Mumbai,19,4,0,5.38,32,2044.98,5055.64,4,147,156,0,0,0,845.32,0,
TXN05-00588,5,2026-05-22 19:15:01,1469.53,Taxi,50002,UPI,DEV-05-5,Android,Mumbai,19,4,0,7.48,33,2048.76,5055.73,39,25,157,0,0,0,0.0,0,
TXN05-00589,5,2026-05-22 19:37:46,1457.69,Restaurants,50001,UPI,DEV-05-3,Web,Bangalore,19,4,0,22.75,34,2047.29,5049.38,64,73,84,0,0,0,845.32,0,
TXN05-00590,5,2026-05-22 19:43:53,2399.98,Hotels,50014,Card,DEV-05-2,iPhone,Mumbai,19,4,0,6.12,35,2045.79,5043.05,18,148,158,0,0,0,845.32,0,
TXN05-00591,5,2026-05-22 21:16:41,402.43,Hotels,50005,Card,DEV-05-4,iPhone,Pune,21,4,0,92.8,36,2053.67,5073.58,47,53,108,0,0,0,120.15,0,
TXN05-00592,5,2026-05-22 21:42:57,1397.22,Restaurants,50001,Card,DEV-05-4,iPhone,Pune,21,4,0,26.27,37,2054.73,5086.74,65,54,109,0,0,0,0.0,0,
TXN05-00593,5,2026-05-22 21:46:56,1072.95,Taxi,50039,UPI,DEV-05-10,Android,Delhi,21,4,0,3.98,38,2048.01,5085.89,7,4,186,0,0,0,1179.48,0,
TXN05-00594,5,2026-05-22 21:48:16,2053.96,Fuel,50028,UPI,DEV-05-1,Android,Mumbai,21,4,0,1.33,39,2045.49,5079.57,16,240,159,0,0,0,1153.24,0,
TXN05-00595,5,2026-05-22 22:16:51,521.3,Taxi,50002,UPI,DEV-05-2,iPhone,Bangalore,22,4,0,28.58,40,2050.52,5085.65,40,149,85,0,0,0,845.32,0,
TXN05-00596,5,2026-05-22 22:20:59,505.68,Hotels,50018,Card,DEV-05-3,Web,Pune,22,4,0,4.13,41,2046.58,5079.68,9,74,110,0,0,0,735.23,0,
TXN05-00597,5,2026-05-22 23:08:40,1648.86,Taxi,50007,UPI,DEV-05-5,Android,Mumbai,23,4,0,47.68,42,2043.2,5086.15,19,26,160,0,0,0,120.15,0,
TXN05-00598,5,2026-05-22 23:13:38,2712.34,Taxi,50002,Card,DEV-05-1,Android,Jaipur,23,4,0,4.97,43,2043.94,5086.08,41,241,50,0,0,0,920.74,0,
TXN05-00599,5,2026-05-22 23:58:17,3303.3,Hotels,50010,Card,DEV-05-3,Web,Delhi,23,4,0,44.65,44,2043.95,5086.08,23,75,187,0,0,0,237.53,0,
TXN05-00600,5,2026-05-23 02:35:07,100000.0,Bank Transfer,50001,Card,DEV-05-1,Android,Delhi,2,5,1,156.83,1,2047.2,5079.92,66,242,188,0,0,0,0.0,1,huge_transfer
TXN05-00601,5,2026-05-23 06:06:20,4000.0,Restaurants,50008,UPI,DEV-05-3,Web,Mumbai,6,5,1,211.22,2,2299.0,7095.14,23,76,161,0,0,0,1153.24,0,
TXN05-00602,5,2026-05-23 06:31:54,773.47,Restaurants,50033,UPI,DEV-05-1,Android,Pune,6,5,1,25.57,3,2303.37,7086.56,5,243,111,0,0,0,120.15,0,
TXN05-00603,5,2026-05-23 06:40:53,1055.41,Taxi,50029,UPI,DEV-05-3,Web,Pune,6,5,1,8.98,4,2300.24,7104.29,9,77,112,0,0,0,0.0,0,
TXN05-00604,5,2026-05-23 06:49:43,1642.3,Restaurants,50019,UPI,DEV-05-3,Web,Mumbai,6,5,1,8.83,5,2297.29,7122.94,8,78,162,0,0,0,120.15,0,
TXN05-00605,5,2026-05-23 06:50:12,981.43,Fuel,50003,Card,DEV-05-1,Android,Jaipur,6,5,1,0.48,6,2295.6,7113.81,68,244,51,0,0,0,920.74,0,
TXN05-00606,5,2026-05-23 08:07:49,2397.68,Hotels,50010,Card,DEV-05-5,Android,Mumbai,8,5,1,77.62,7,2297.95,7132.13,24,27,163,0,0,0,920.74,0,
TXN05-00607,5,2026-05-23 08:17:30,4000.0,Hotels,50018,Card,DEV-05-2,iPhone,Mumbai,8,5,1,9.68,8,2300.88,7131.94,10,150,164,0,0,0,0.0,0,
TXN05-00608,5,2026-05-23 08:18:58,4000.0,Restaurants,50001,UPI,DEV-05-1,Android,Mumbai,8,5,1,1.47,9,2305.29,7123.22,67,245,165,0,0,0,0.0,0,
TXN05-00609,5,2026-05-23 08:38:53,2735.32,Restaurants,50001,UPI,DEV-05-5,Android,Mumbai,8,5,1,19.92,10,2309.66,7114.53,68,28,166,0,0,0,0.0,0,
TXN05-00610,5,2026-05-23 09:04:25,1860.42,Fuel,50013,Card,DEV-05-5,Android,Mumbai,9,5,1,25.53,11,2326.46,7167.9,25,29,167,0,0,0,0.0,0,
TXN05-00611,5,2026-05-23 09:09:59,4000.0,Restaurants,50004,UPI,DEV-05-1,Android,Pune,9,5,1,5.57,12,2325.24,7158.56,28,246,113,0,0,0,120.15,0,
TXN05-00612,5,2026-05-23 09:12:09,2396.08,Hotels,50014,UPI,DEV-05-4,iPhone,Jaipur,9,5,1,2.17,13,2329.61,7149.72,19,55,52,0,0,0,953.87,0,
TXN05-00613,5,2026-05-23 09:16:59,3224.54,Taxi,50002,UPI,DEV-05-1,Android,Delhi,9,5,1,4.83,14,2332.21,7158.28,42,247,189,0,0,0,237.53,0,
TXN05-00614,5,2026-05-23 09:33:38,1068.13,Fuel,50013,Card,DEV-05-3,Web,Pune,9,5,1,16.65,15,2334.54,7149.07,26,79,114,0,0,0,1179.48,0,
TXN05-00615,5,2026-05-23 10:18:45,645.49,Hotels,50005,Card,DEV-05-4,iPhone,Bangalore,10,5,1,45.12,16,2330.85,7158.34,48,56,86,0,0,0,735.23,0,
TXN05-00616,5,2026-05-23 10:23:07,842.91,Hotels,50005,UPI,DEV-05-1,Android,Delhi,10,5,1,4.37,17,2326.45,7149.5,49,248,190,0,0,0,1750.11,0,
TXN05-00617,5,2026-05-23 10:51:38,1691.15,Hotels,50015,Card,DEV-05-7,Android,Delhi,10,5,1,28.52,18,2322.47,7159.18,8,14,191,0,0,0,0.0,0,
TXN05-00618,5,2026-05-23 10:51:42,3568.13,Fuel,50006,UPI,DEV-05-4,iPhone,Delhi,10,5,1,0.07,19,2320.82,7149.9,31,57,192,0,0,0,0.0,0,
TXN05-00619,5,2026-05-23 11:30:44,785.46,Restaurants,50001,UPI,DEV-05-2,iPhone,Mumbai,11,5,1,39.03,20,2326.11,7150.07,69,151,168,0,0,0,1153.24,0,
TXN05-00620,5,2026-05-23 11:35:46,1335.62,Fuel,50006,UPI,DEV-05-2,iPhone,Bangalore,11,5,1,5.03,21,2322.1,7141.19,32,152,87,0,0,0,845.32,0,
TXN05-00621,5,2026-05-23 11:47:00,1619.61,Hotels,50010,UPI,DEV-05-1,Android,Pune,11,5,1,11.23,22,2322.33,7141.15,25,249,115,0,0,0,735.23,0,
TXN05-00622,5,2026-05-23 12:29:01,401.69,Fuel,50006,Card,DEV-05-3,Web,Mumbai,12,5,1,42.02,23,2327.01,7149.95,33,80,169,0,0,0,120.15,0,
TXN05-00623,5,2026-05-23 13:13:29,4000.0,Taxi,50002,UPI,DEV-05-6,Web,Delhi,13,5,1,44.47,24,2330.55,7177.79,43,24,193,0,0,0,1153.24,0,
TXN05-00624,5,2026-05-23 13:23:30,816.32,Fuel,50003,UPI,DEV-05-3,Web,Mumbai,13,5,1,10.02,25,2334.93,7168.87,69,81,170,0,0,0,1153.24,0,
TXN05-00625,5,2026-05-23 13:53:09,1124.89,Restaurants,50004,Card,DEV-05-4,iPhone,Delhi,13,5,1,29.65,26,2330.95,7159.9,29,58,194,0,0,0,1153.24,0,
TXN05-00626,5,2026-05-23 14:10:57,851.1,Restaurants,50001,Card,DEV-05-1,Android,Delhi,14,5,1,17.8,27,2329.72,7169.49,70,250,195,0,0,0,0.0,0,
TXN05-00627,5,2026-05-23 14:23:28,686.17,Restaurants,50008,Card,DEV-05-1,Android,Delhi,14,5,1,12.52,28,2325.85,7160.5,24,251,196,0,0,0,0.0,0,
TXN05-00628,5,2026-05-23 15:01:33,535.89,Hotels,50010,UPI,DEV-05-5,Android,Delhi,15,5,1,38.08,29,2321.57,7151.63,26,30,197,0,0,0,0.0,0,
TXN05-00629,5,2026-05-23 15:35:18,1068.6,Hotels,50014,Card,DEV-05-3,Web,Jaipur,15,5,1,33.75,30,2316.92,7142.9,20,82,53,0,0,0,237.53,0,
TXN05-00630,5,2026-05-23 15:50:45,2568.34,Restaurants,50033,UPI,DEV-05-3,Web,Bangalore,15,5,1,15.45,31,2313.68,7133.9,6,83,88,0,0,0,1561.54,0,
TXN05-00631,5,2026-05-23 16:32:09,671.69,Taxi,50049,Card,DEV-05-1,Android,Bangalore,16,5,1,41.4,32,2327.5,7179.3,1,252,89,0,0,1,0.0,0,
TXN05-00632,5,2026-05-23 17:41:40,12884.57,Fuel,50001,UPI,DEV-05-1,Android,Unknown Country,17,5,1,69.52,33,2331.77,7198.05,71,253,2,0,0,0,8663.87,1,unknown_country_purchase
TXN05-00633,5,2026-05-23 17:50:14,607.9,Restaurants,50001,UPI,DEV-05-2,iPhone,Mumbai,17,5,1,8.57,34,2357.64,7218.33,72,153,171,0,0,0,8211.14,0,
TXN05-00634,5,2026-05-23 17:53:02,1234.62,Fuel,50003,Card,DEV-05-1,Android,Jaipur,17,5,1,2.8,35,2353.03,7209.36,70,254,54,0,0,0,920.74,0,
TXN05-00635,5,2026-05-23 18:08:20,1562.73,Fuel,50006,UPI,DEV-05-2,iPhone,Delhi,18,5,1,15.3,36,2350.08,7200.09,34,154,198,0,0,0,237.53,0,
TXN05-00636,5,2026-05-23 18:40:18,3342.25,Restaurants,50001,Card,DEV-05-3,Web,Delhi,18,5,1,31.97,37,2345.93,7209.06,73,84,199,0,0,0,0.0,0,
TXN05-00637,5,2026-05-23 18:45:18,786.59,Taxi,50050,Card,DEV-05-3,Web,Pune,18,5,1,5.0,38,2350.95,7209.09,1,85,116,0,0,1,1179.48,0,
TXN05-00638,5,2026-05-23 18:58:54,1303.08,Hotels,50051,UPI,DEV-05-4,iPhone,Jaipur,18,5,1,13.6,39,2350.82,7209.12,1,59,55,0,0,1,953.87,0,
TXN05-00639,5,2026-05-23 19:15:05,1329.45,Fuel,50003,UPI,DEV-05-2,iPhone,Mumbai,19,5,1,16.18,40,2352.88,7218.32,71,155,172,0,0,0,920.74,0,
TXN05-00640,5,2026-05-23 19:52:23,1704.83,Hotels,50025,UPI,DEV-05-3,Web,Delhi,19,5,1,37.3,41,2350.58,7218.51,10,86,200,0,0,0,1153.24,0,
TXN05-00641,5,2026-05-23 19:52:57,3061.72,Taxi,50050,UPI,DEV-05-1,Android,Delhi,19,5,1,0.57,42,2348.87,7209.06,2,255,201,0,0,0,0.0,0,
TXN05-00642,5,2026-05-23 20:14:54,2537.32,Hotels,50015,Card,DEV-05-1,Android,Mumbai,20,5,1,21.95,43,2352.95,7209.02,9,256,173,0,0,0,1153.24,0,
TXN05-00643,5,2026-05-23 20:44:28,1360.3,Taxi,50002,Card,DEV-05-2,iPhone,Delhi,20,5,1,29.57,44,2353.57,7209.03,44,156,202,0,0,0,1153.24,0,
TXN05-00644,5,2026-05-23 21:04:16,295.77,Fuel,50003,UPI,DEV-05-3,Web,Pune,21,5,1,19.8,45,2350.95,7199.72,72,87,117,0,0,0,1179.48,0,
TXN05-00645,5,2026-05-23 21:17:38,2645.88,Taxi,50029,UPI,DEV-05-1,Android,Jaipur,21,5,1,13.37,46,2345.56,7191.03,10,257,56,0,0,0,953.87,0,
TXN05-00646,5,2026-05-23 21:28:59,819.78,Taxi,50049,UPI,DEV-05-5,Android,Pune,21,5,1,11.35,47,2346.34,7181.63,2,31,118,0,0,0,953.87,0,
TXN05-00647,5,2026-05-23 21:32:34,2839.09,Restaurants,50038,Card,DEV-05-2,iPhone,Jaipur,21,5,1,3.58,48,2342.36,7172.67,2,157,57,0,0,0,953.87,0,
TXN05-00648,5,2026-05-23 21:37:34,1416.96,Fuel,50040,Card,DEV-05-3,Web,Mumbai,21,5,1,5.0,49,2343.65,7163.37,4,88,174,0,0,0,920.74,0,
TXN05-00649,5,2026-05-23 22:26:13,906.3,Hotels,50015,Card,DEV-05-1,Android,Mumbai,22,5,1,48.65,50,2341.04,7190.33,10,258,175,0,0,0,0.0,0,
TXN05-00650,5,2026-05-23 23:32:53,1094.7,Fuel,50013,UPI,DEV-05-1,Android,Jaipur,23,5,1,66.67,51,2348.98,7236.45,27,259,58,0,0,0,920.74,0,
TXN05-00651,5,2026-05-24 01:37:10,535.62,Taxi,50170,UPI,DEV-UNK-2166,Web,Mumbai,1,6,1,124.28,1,2347.13,7245.9,1,1,176,1,0,1,920.74,1,ato_odd_hour_new_device
TXN05-00652,5,2026-05-24 06:01:49,1716.04,Hotels,50014,UPI,DEV-05-2,iPhone,Delhi,6,6,1,264.65,2,2336.53,7245.63,21,158,203,0,0,0,1153.24,0,
TXN05-00653,5,2026-05-24 06:05:01,2380.44,Taxi,50029,Card,DEV-05-1,Android,Mumbai,6,6,1,3.2,3,2334.88,7236.06,11,260,177,0,0,0,1153.24,0,
TXN05-00654,5,2026-05-24 06:54:57,3131.55,Restaurants,50001,UPI,DEV-05-4,iPhone,Jaipur,6,6,1,49.93,4,2343.49,7264.25,74,60,59,0,0,0,920.74,0,
TXN05-00655,5,2026-05-24 06:59:27,3859.68,Restaurants,50009,Card,DEV-05-6,Web,Delhi,6,6,1,4.5,5,2345.6,7254.64,13,25,204,0,0,0,237.53,0,
TXN05-00656,5,2026-05-24 07:11:48,1422.15,Restaurants,50001,UPI,DEV-05-4,iPhone,Pune,7,6,1,12.35,6,2352.89,7254.79,75,61,119,0,0,0,1179.48,0,
TXN05-00657,5,2026-05-24 07:27:36,1544.94,Hotels,50010,Card,DEV-05-9,Web,Pune,7,6,1,15.8,7,2349.3,7254.92,27,5,120,0,0,0,0.0,0,
TXN05-00658,5,2026-05-24 07:46:05,1095.11,Hotels,50017,UPI,DEV-05-1,Android,Pune,7,6,1,18.48,8,2347.16,7245.36,6,261,121,0,0,0,0.0,0,
TXN05-00659,5,2026-05-24 08:06:07,300.43,Fuel,50003,Card,DEV-05-1,Android,Jaipur,8,6,1,20.03,9,2345.38,7255.26,73,262,60,0,0,0,953.87,0,
TXN05-00660,5,2026-05-24 08:11:20,4000.0,Restaurants,50008,Card,DEV-05-4,iPhone,Delhi,8,6,1,5.22,10,2339.93,7246.35,25,62,205,0,0,0,237.53,0,
TXN05-00661,5,2026-05-24 08:16:14,860.85,Hotels,50036,UPI,DEV-05-3,Web,Bangalore,8,6,1,4.9,11,2344.35,7237.21,4,89,90,0,0,0,1750.11,0,
TXN05-00662,5,2026-05-24 08:32:23,1336.97,Restaurants,50001,Card,DEV-05-3,Web,Mumbai,8,6,1,16.15,12,2344.15,7237.25,76,90,178,0,0,0,845.32,0,
TXN05-00663,5,2026-05-24 08:44:01,2382.98,Restaurants,50022,Card,DEV-05-1,Android,Delhi,8,6,1,11.63,13,2341.48,7227.83,8,263,206,0,0,0,1153.24,0,
TXN05-00664,5,2026-05-24 08:47:00,1085.64,Hotels,50014,Card,DEV-05-3,Web,Pune,8,6,1,2.98,14,2341.59,7218.27,22,91,122,0,0,0,1179.48,0,
TXN05-00665,5,2026-05-24 08:48:10,8902.5,Fuel,50001,UPI,DEV-05-1,Android,Unknown Country,8,6,1,1.17,15,2338.27,7209.03,77,264,3,0,0,0,8307.79,1,unknown_country_purchase
TXN05-00666,5,2026-05-24 08:51:06,2928.33,Hotels,50005,UPI,DEV-05-2,iPhone,Delhi,8,6,1,2.93,16,2355.55,7207.38,50,159,207,0,0,0,8752.13,0,
TXN05-00667,5,2026-05-24 08:51:30,3371.48,Restaurants,50001,UPI,DEV-05-2,iPhone,Delhi,8,6,1,0.4,17,2357.05,7197.98,78,160,208,0,0,0,0.0,0,
TXN05-00668,5,2026-05-24 09:49:41,1702.66,Hotels,50005,Card,DEV-05-6,Web,Mumbai,9,6,1,58.18,18,2372.38,7244.36,51,26,179,0,0,0,1153.24,0,
TXN05-00669,5,2026-05-24 10:45:21,998.61,Restaurants,50052,UPI,DEV-05-1,Android,Mumbai,10,6,1,55.67,19,2372.44,7244.36,1,265,180,0,0,1,0.0,0,
TXN05-00670,5,2026-05-24 10:57:08,2597.35,Restaurants,50004,Card,DEV-05-2,iPhone,Pune,10,6,1,11.78,20,2370.13,7244.66,30,161,123,0,0,0,120.15,0,
TXN05-00671,5,2026-05-24 11:05:59,1591.49,Restaurants,50012,UPI,DEV-05-4,iPhone,Jaipur,11,6,1,8.85,21,2372.94,7244.54,12,63,61,0,0,0,953.87,0,
TXN05-00672,5,2026-05-24 11:38:36,481.03,Fuel,50053,UPI,DEV-05-4,iPhone,Delhi,11,6,1,32.62,22,2376.7,7253.53,1,64,209,0,0,1,237.53,0,
TXN05-00673,5,2026-05-24 12:27:11,1728.33,Taxi,50002,UPI,DEV-05-3,Web,Kochi,12,6,1,48.58,23,2374.82,7253.93,45,92,2,0,0,0,2089.27,0,
TXN05-00674,5,2026-05-24 12:32:13,1672.31,Restaurants,50001,Card,DEV-05-3,Web,Delhi,12,6,1,5.03,24,2373.1,7244.35,79,93,210,0,0,0,2089.27,0,
TXN05-00675,5,2026-05-24 12:57:23,2761.79,Restaurants,50022,UPI,DEV-05-3,Web,Bangalore,12,6,1,25.17,25,2371.75,7244.44,9,94,91,0,0,0,1750.11,0,
TXN05-00676,5,2026-05-24 13:09:54,1212.44,Hotels,50036,UPI,DEV-05-4,iPhone,Mumbai,13,6,1,12.52,26,2373.33,7244.46,5,65,181,0,0,0,845.32,0,
TXN05-00677,5,2026-05-24 13:51:09,1104.79,Taxi,50007,Card,DEV-05-4,iPhone,Delhi,13,6,1,41.25,27,2383.4,7292.37,20,66,211,0,0,0,1153.24,0,
TXN05-00678,5,2026-05-24 13:54:47,858.98,Restaurants,50046,Card,DEV-05-2,iPhone,Pune,13,6,1,3.63,28,2379.96,7282.87,2,162,124,0,0,0,1179.48,0,
TXN05-00679,5,2026-05-24 13:59:19,1051.82,Taxi,50002,Card,DEV-05-2,iPhone,Bangalore,13,6,1,4.53,29,2378.01,7283.18,46,163,92,0,0,0,735.23,0,
TXN05-00680,5,2026-05-24 14:02:44,1298.02,Restaurants,50026,UPI,DEV-05-8,iPhone,Pune,14,6,1,3.42,30,2374.46,7273.73,8,7,125,0,0,0,735.23,0,
TXN05-00681,5,2026-05-24 15:02:53,2577.03,Taxi,50029,UPI,DEV-05-1,Android,Delhi,15,6,1,60.15,31,2377.77,7283.22,12,266,212,0,0,0,1179.48,0,
TXN05-00682,5,2026-05-24 15:38:15,1529.13,Hotels,50005,UPI,DEV-05-3,Web,Jaipur,15,6,1,35.37,32,2386.56,7292.11,52,95,62,0,0,0,237.53,0,
TXN05-00683,5,2026-05-24 15:41:31,3127.51,Taxi,50049,Card,DEV-05-1,Android,Pune,15,6,1,3.27,33,2384.25,7282.44,3,267,126,0,0,0,953.87,0,
TXN05-00684,5,2026-05-24 16:20:34,3173.32,Taxi,50029,UPI,DEV-05-2,iPhone,Mumbai,16,6,1,39.05,34,2387.09,7292.27,13,164,182,0,0,0,120.15,0,
TXN05-00685,5,2026-05-24 16:41:54,647.01,Restaurants,50035,Card,DEV-05-5,Android,Delhi,16,6,1,21.33,35,2388.76,7311.89,2,32,213,0,0,0,1153.24,0,
TXN05-00686,5,2026-05-24 16:42:20,1500.81,Fuel,50003,Card,DEV-05-6,Web,Pune,16,6,1,0.43,36,2384.05,7302.57,74,27,127,0,0,0,1179.48,0,
TXN05-00687,5,2026-05-24 16:48:55,820.3,Hotels,50005,UPI,DEV-05-3,Web,Bangalore,16,6,1,6.58,37,2381.67,7292.86,53,96,93,0,0,0,735.23,0,
TXN05-00688,5,2026-05-24 17:03:41,471.31,Taxi,50049,Card,DEV-05-10,Android,Mumbai,17,6,1,14.77,38,2379.02,7293.25,4,5,183,0,0,0,845.32,0,
TXN05-00689,5,2026-05-24 17:09:13,595.01,Taxi,50029,UPI,DEV-05-6,Web,Mumbai,17,6,1,5.53,39,2373.9,7284.11,14,28,184,0,0,0,0.0,0,
TXN05-00690,5,2026-05-24 17:23:57,3542.28,Taxi,50054,Card,DEV-05-2,iPhone,Bangalore,17,6,1,14.73,40,2369.13,7274.92,1,165,94,0,0,1,845.32,0,
TXN05-00691,5,2026-05-24 17:41:11,383.25,Fuel,50028,UPI,DEV-05-3,Web,Delhi,17,6,1,17.23,41,2372.26,7265.44,17,97,214,0,0,0,1750.11,0,
TXN05-00692,5,2026-05-24 17:41:37,1431.64,Restaurants,50004,UPI,DEV-05-4,iPhone,Mumbai,17,6,1,0.43,42,2366.96,7256.47,31,67,185,0,0,0,1153.24,0,
TXN05-00693,5,2026-05-24 18:49:08,1909.37,Restaurants,50001,Card,DEV-05-2,iPhone,Mumbai,18,6,1,67.52,43,2377.51,7294.61,80,166,186,0,0,0,0.0,0,
TXN05-00694,5,2026-05-24 19:08:22,880.8,Fuel,50043,Card,DEV-05-2,iPhone,Jaipur,19,6,1,19.23,44,2373.21,7294.42,5,167,63,0,0,0,920.74,0,
TXN05-00695,5,2026-05-24 19:13:02,1556.76,Fuel,50048,Card,DEV-05-4,iPhone,Mumbai,19,6,1,4.67,45,2364.81,7294.34,2,68,187,0,0,0,920.74,0,
TXN05-00696,5,2026-05-24 19:36:32,1492.07,Hotels,50005,UPI,DEV-05-5,Android,Jaipur,19,6,1,23.5,46,2362.63,7284.65,54,33,64,0,0,0,920.74,0,
TXN05-00697,5,2026-05-24 20:14:09,1032.63,Hotels,50017,UPI,DEV-05-2,iPhone,Bangalore,20,6,1,37.62,47,2360.3,7275.01,7,168,95,0,0,0,1561.54,0,
TXN05-00698,5,2026-05-24 20:37:02,2713.29,Fuel,50013,Card,DEV-05-3,Web,Mumbai,20,6,1,22.88,48,2356.75,7265.61,28,98,188,0,0,0,845.32,0,
TXN05-00699,5,2026-05-24 20:44:10,3383.48,Fuel,50047,Card,DEV-05-4,iPhone,Pune,20,6,1,7.13,49,2357.7,7255.93,2,69,128,0,0,0,120.15,0,
TXN05-00700,5,2026-05-24 20:49:26,712.39,Restaurants,50004,Card,DEV-05-3,Web,Bangalore,20,6,1,5.27,50,2360.43,7246.47,32,99,96,0,0,0,735.23,0,
TXN05-00701,5,2026-05-24 20:59:48,1936.45,Restaurants,50001,Card,DEV-05-2,iPhone,Pune,20,6,1,10.37,51,2356.06,7237.35,81,169,129,0,0,0,735.23,0,
TXN05-00702,5,2026-05-24 21:05:07,2290.91,Fuel,50003,Card,DEV-05-2,iPhone,Delhi,21,6,1,5.32,52,2354.95,7227.8,75,170,215,0,0,0,1179.48,0,
TXN05-00703,5,2026-05-24 21:48:37,1318.27,Fuel,50028,UPI,DEV-05-2,iPhone,Delhi,21,6,1,43.5,53,2358.91,7255.44,18,171,216,0,0,0,0.0,0,
TXN05-00704,5,2026-05-24 22:07:43,1636.42,Taxi,50002,Card,DEV-05-1,Android,Delhi,22,6,1,19.1,54,2353.35,7255.43,47,268,217,0,0,0,0.0,0,
TXN05-00705,5,2026-05-24 22:31:14,2956.82,Taxi,50029,UPI,DEV-05-3,Web,Mumbai,22,6,1,23.52,55,2351.45,7245.87,15,100,189,0,0,0,1153.24,0,
TXN05-00706,5,2026-05-24 22:36:20,1420.74,Restaurants,50011,UPI,DEV-05-1,Android,Mumbai,22,6,1,5.1,56,2353.05,7236.32,17,269,190,0,0,0,0.0,0,
TXN05-00707,5,2026-05-24 22:43:25,1323.62,Hotels,50005,Card,DEV-05-1,Android,Bangalore,22,6,1,7.08,57,2352.95,7236.34,55,270,97,0,0,0,845.32,0,
TXN05-00708,5,2026-05-24 22:53:16,899.97,Taxi,50002,UPI,DEV-05-2,iPhone,Delhi,22,6,1,9.85,58,2350.23,7226.95,48,172,218,0,0,0,1750.11,0,
TXN05-00709,5,2026-05-24 23:35:42,349.73,Hotels,50024,UPI,DEV-05-2,iPhone,Bangalore,23,6,1,42.43,59,2356.29,7274.8,14,173,98,0,0,0,1750.11,0,
TXN05-00710,5,2026-05-24 23:43:14,1636.27,Fuel,50003,UPI,DEV-05-2,iPhone,Pune,23,6,1,7.53,60,2355.85,7274.91,76,174,130,0,0,0,735.23,0,
TXN05-00711,5,2026-05-24 23:53:10,3982.6,Taxi,50050,Card,DEV-05-4,iPhone,Mumbai,23,6,1,9.93,61,2353.93,7265.27,3,70,191,0,0,0,120.15,0,
TXN05-00712,5,2026-05-24 23:57:22,890.93,Fuel,50003,UPI,DEV-05-5,Android,Mumbai,23,6,1,4.2,62,2358.27,7256.07,77,34,192,0,0,0,0.0,0,
TXN05-00713,5,2026-05-24 23:57:28,3282.52,Fuel,50040,UPI,DEV-05-1,Android,Pune,23,6,1,0.1,63,2354.37,7246.81,5,271,131,0,0,0,120.15,0,
TXN05-00714,5,2026-05-25 06:13:33,1470.56,Fuel,50040,Card,DEV-05-3,Web,Jaipur,6,0,0,376.08,1,2353.99,7246.75,6,101,65,0,0,0,953.87,0,
TXN05-00715,5,2026-05-25 06:16:54,2587.57,Taxi,50050,Card,DEV-05-3,Web,Delhi,6,0,0,3.35,2,2351.65,7237.28,4,102,219,0,0,0,237.53,0,
TXN05-00716,5,2026-05-25 06:22:51,1392.33,Fuel,50003,UPI,DEV-05-2,iPhone,Jaipur,6,0,0,5.95,3,2352.27,7227.71,78,175,66,0,0,0,237.53,0,
TXN05-00717,5,2026-05-25 06:28:54,3111.64,Hotels,50010,UPI,DEV-05-1,Android,Delhi,6,0,0,6.05,4,2348.78,7227.85,28,272,220,0,0,0,237.53,0,
TXN05-00718,5,2026-05-25 06:57:30,707.04,Fuel,50028,UPI,DEV-05-6,Web,Jaipur,6,0,0,28.6,5,2350.79,7218.42,19,29,67,0,0,0,237.53,0,
TXN05-00719,5,2026-05-25 06:58:22,1842.21,Taxi,50002,Card,DEV-05-4,iPhone,Bangalore,6,0,0,0.87,6,2346.46,7209.41,49,71,99,0,0,0,1561.54,0,
TXN05-00720,5,2026-05-25 08:07:50,1506.26,Restaurants,50009,UPI,DEV-05-5,Android,Delhi,8,0,0,69.47,7,2352.58,7218.22,14,35,221,0,0,0,1750.11,0,
TXN05-00721,5,2026-05-25 08:24:57,733.33,Restaurants,50004,Card,DEV-05-1,Android,Jaipur,8,0,0,17.12,8,2358.84,7226.89,33,273,68,0,0,0,237.53,0,
TXN05-00722,5,2026-05-25 09:39:08,808.66,Fuel,50003,UPI,DEV-05-4,iPhone,Pune,9,0,0,74.18,9,2365.94,7264.87,79,72,132,0,0,0,953.87,0,
TXN05-00723,5,2026-05-25 09:58:41,3070.01,Restaurants,50004,UPI,DEV-05-1,Android,Pune,9,0,0,19.55,10,2361.79,7255.63,34,274,133,0,0,0,0.0,0,
TXN05-00724,5,2026-05-25 11:01:04,756.77,Restaurants,50011,UPI,DEV-05-3,Web,Pune,11,0,0,62.38,11,2371.61,7264.59,18,103,134,0,0,0,0.0,0,
TXN05-00725,5,2026-05-25 11:13:51,382.93,Fuel,50003,UPI,DEV-05-2,iPhone,Pune,11,0,0,12.78,12,2361.63,7274.26,80,176,135,0,0,0,0.0,0,
TXN05-00726,5,2026-05-25 11:17:17,4000.0,Taxi,50030,UPI,DEV-05-1,Android,Delhi,11,0,0,3.43,13,2356.34,7265.25,10,275,222,0,0,0,1179.48,0,
TXN05-00727,5,2026-05-25 12:18:59,654.46,Fuel,50047,Card,DEV-05-4,iPhone,Delhi,12,0,0,61.7,14,2362.86,7285.01,3,73,223,0,0,0,0.0,0,
TXN05-00728,5,2026-05-25 12:23:04,412.53,Hotels,50027,Card,DEV-05-9,Web,Jaipur,12,0,0,4.08,15,2358.28,7275.77,5,6,69,0,0,0,237.53,0,
TXN05-00729,5,2026-05-25 13:27:26,1205.51,Fuel,50003,Card,DEV-05-5,Android,Delhi,13,0,0,64.37,16,2358.27,7325.27,81,36,224,0,0,0,237.53,0,
TXN05-00730,5,2026-05-25 14:05:33,4000.0,Restaurants,50008,UPI,DEV-05-1,Android,Jaipur,14,0,0,38.12,17,2363.27,7364.99,26,276,70,0,0,0,237.53,0,
TXN05-00731,5,2026-05-25 14:08:00,1480.44,Restaurants,50004,Card,DEV-05-6,Web,Jaipur,14,0,0,2.45,18,2367.75,7355.39,35,30,71,0,0,0,0.0,0,
TXN05-00732,5,2026-05-25 15:27:09,3560.37,Restaurants,50001,UPI,DEV-05-7,Android,Jaipur,15,0,0,79.15,19,2372.7,7384.9,82,15,72,0,0,0,0.0,0,
TXN05-00733,5,2026-05-25 15:40:19,2536.22,Fuel,50028,Card,DEV-05-4,iPhone,Mumbai,15,0,0,13.17,20,2375.97,7374.99,20,74,193,0,0,0,920.74,0,
TXN05-00734,5,2026-05-25 15:45:55,851.43,Restaurants,50001,Card,DEV-05-6,Web,Delhi,15,0,0,5.6,21,2376.41,7364.85,83,31,225,0,0,0,1153.24,0,
TXN05-00735,5,2026-05-25 15:47:20,1544.67,Restaurants,50023,UPI,DEV-05-2,iPhone,Pune,15,0,0,1.42,22,2372.23,7355.19,7,177,136,0,0,0,1179.48,0,
TXN05-00736,5,2026-05-25 17:06:49,695.3,Restaurants,50004,Card,DEV-05-7,Android,Mumbai,17,0,0,79.48,23,2369.97,7345.26,36,16,194,0,0,0,120.15,0,
TXN05-00737,5,2026-05-25 17:11:49,1451.87,Fuel,50067,UPI,DEV-05-1,Android,Pune,17,0,0,5.0,24,2365.41,7335.77,1,277,137,0,0,1,120.15,1,ato_higher_amount_short_gap
TXN05-00738,5,2026-05-25 17:49:58,663.26,Fuel,50053,UPI,DEV-05-1,Android,Mumbai,17,0,0,38.15,25,2362.42,7345.05,2,278,195,0,0,0,120.15,0,
TXN05-00739,5,2026-05-25 18:53:47,992.87,Fuel,50006,Card,DEV-05-10,Android,Delhi,18,0,0,63.82,26,2364.57,7355.01,35,6,226,0,0,0,1153.24,0,
TXN05-00740,5,2026-05-25 19:09:54,1477.79,Taxi,50002,Card,DEV-05-6,Web,Mumbai,19,0,0,16.12,27,2366.26,7354.62,50,32,196,0,0,0,1153.24,0,
TXN05-00741,5,2026-05-25 20:00:58,1550.87,Hotels,50017,Card,DEV-05-3,Web,Delhi,20,0,0,51.07,28,2364.5,7354.76,8,104,227,0,0,0,1153.24,0,
TXN05-00742,5,2026-05-25 20:24:24,1277.43,Hotels,50014,UPI,DEV-05-3,Web,Mumbai,20,0,0,23.43,29,2362.28,7344.83,23,105,197,0,0,0,1153.24,0,
TXN05-00743,5,2026-05-25 20:52:06,1059.83,Restaurants,50021,Card,DEV-05-4,iPhone,Delhi,20,0,0,27.7,30,2366.04,7364.65,7,75,228,0,0,0,1153.24,0,
TXN05-00744,5,2026-05-25 21:23:30,1940.53,Restaurants,50020,Card,DEV-05-2,iPhone,Pune,21,0,0,31.4,31,2362.78,7375.09,6,178,138,0,0,0,1179.48,0,
TXN05-00745,5,2026-05-25 21:23:56,1825.33,Restaurants,50008,UPI,DEV-05-2,iPhone,Delhi,21,0,0,0.43,32,2361.62,7364.98,27,179,229,0,0,0,1179.48,0,
TXN05-00746,5,2026-05-25 21:36:18,586.89,Restaurants,50022,Card,DEV-05-1,Android,Delhi,21,0,0,12.37,33,2360.16,7354.94,10,279,230,0,0,0,0.0,0,
TXN05-00747,5,2026-05-25 22:05:34,385.2,Fuel,50003,Card,DEV-05-4,iPhone,Delhi,22,0,0,29.27,34,2359.15,7385.04,82,76,231,0,0,0,0.0,0,
TXN05-00748,5,2026-05-25 22:43:02,2158.3,Fuel,50040,UPI,DEV-05-1,Android,Jaipur,22,0,0,37.47,35,2356.81,7385.53,7,280,73,0,0,0,237.53,0,
TXN05-00749,5,2026-05-25 22:43:06,1215.21,Taxi,50002,UPI,DEV-05-7,Android,Pune,22,0,0,0.07,36,2356.27,7375.35,51,17,139,0,0,0,953.87,0,
TXN05-00750,5,2026-05-25 22:45:31,4000.0,Taxi,50002,UPI,DEV-05-1,Android,Mumbai,22,0,0,2.42,37,2353.13,7365.46,52,281,198,0,0,0,120.15,0,
TXN05-00751,5,2026-05-25 23:17:46,3372.68,Taxi,50002,UPI,DEV-05-7,Android,Mumbai,23,0,0,32.25,38,2369.44,7405.64,53,18,199,0,0,0,0.0,0,
TXN05-00752,5,2026-05-25 23:36:06,1988.41,Fuel,50006,Card,DEV-05-1,Android,Delhi,23,0,0,18.33,39,2375.86,7405.5,36,282,232,0,0,0,1153.24,0,
TXN05-00753,5,2026-05-25 23:52:52,3601.3,Fuel,50006,Card,DEV-05-4,iPhone,Bangalore,23,0,0,16.77,40,2374.21,7405.52,37,77,100,0,0,0,1750.11,0,
TXN05-00754,5,2026-05-25 23:59:45,901.51,Fuel,50006,Card,DEV-05-2,iPhone,Bangalore,23,0,0,6.88,41,2377.61,7395.54,38,180,101,0,0,0,0.0,0,
TXN05-00755,5,2026-05-26 06:01:22,4000.0,Fuel,50053,Card,DEV-05-2,iPhone,Mumbai,6,1,0,361.62,1,2373.54,7385.72,3,181,200,0,0,0,845.32,0,
TXN05-00756,5,2026-05-26 06:04:28,984.99,Fuel,50003,UPI,DEV-05-5,Android,Delhi,6,1,0,3.1,2,2378.02,7376.04,83,37,233,0,0,0,1153.24,0,
TXN05-00757,5,2026-05-26 06:14:22,2153.2,Hotels,50015,Card,DEV-05-6,Web,Delhi,6,1,0,9.9,3,2374.19,7366.26,11,33,234,0,0,0,0.0,0,
TXN05-00758,5,2026-05-26 06:38:10,718.66,Fuel,50013,UPI,DEV-05-5,Android,Pune,6,1,0,23.8,4,2373.58,7356.17,29,38,140,0,0,0,1179.48,0,
TXN05-00759,5,2026-05-26 07:19:19,3415.13,Taxi,50002,Card,DEV-05-2,iPhone,Delhi,7,1,0,41.15,5,2373.05,7385.75,54,182,235,0,0,0,1179.48,0,
TXN05-00760,5,2026-05-26 07:29:02,2300.3,Restaurants,50016,UPI,DEV-05-3,Web,Bangalore,7,1,0,9.72,6,2375.92,7375.77,10,106,102,0,0,0,1750.11,0,
TXN05-00761,5,2026-05-26 07:42:42,3083.63,Restaurants,50046,UPI,DEV-05-8,iPhone,Mumbai,7,1,0,13.67,7,2375.71,7365.63,3,8,201,0,0,0,845.32,0,
TXN05-00762,5,2026-05-26 08:20:17,1512.28,Fuel,50003,UPI,DEV-05-3,Web,Bangalore,8,1,0,37.58,8,2387.85,7385.16,84,107,103,0,0,0,845.32,0,
TXN05-00763,5,2026-05-26 09:15:24,920.19,Taxi,50002,Card,DEV-05-3,Web,Pune,9,1,0,55.12,9,2393.2,7394.79,55,108,141,0,0,0,735.23,0,
TXN05-00764,5,2026-05-26 09:21:53,1547.61,Restaurants,50001,Card,DEV-05-4,iPhone,Jaipur,9,1,0,6.48,10,2389.13,7384.97,84,78,74,0,0,0,953.87,0,
TXN05-00765,5,2026-05-26 09:23:47,1281.99,Fuel,50055,Card,DEV-05-2,iPhone,Pune,9,1,0,1.9,11,2386.81,7374.92,1,183,142,0,0,1,953.87,0,
TXN05-00766,5,2026-05-26 09:32:02,1687.22,Fuel,50013,UPI,DEV-05-1,Android,Mumbai,9,1,0,8.25,12,2383.77,7365.01,30,283,202,0,0,0,120.15,0,
TXN05-00767,5,2026-05-26 09:56:22,3344.27,Fuel,50003,Card,DEV-05-1,Android,Bangalore,9,1,0,24.33,13,2385.85,7364.71,85,284,104,0,0,0,845.32,0,
TXN05-00768,5,2026-05-26 10:04:45,1199.89,Fuel,50013,UPI,DEV-05-2,iPhone,Delhi,10,1,0,8.38,14,2388.48,7354.78,31,184,236,0,0,0,1750.11,0,
TXN05-00769,5,2026-05-26 10:11:18,829.62,Restaurants,50199,Card,DEV-UNK-2708,iPhone,Mumbai,10,1,0,6.55,15,2385.23,7344.99,1,1,203,1,0,1,1153.24,1,ato_new_device_new_merchant_same_category
TXN05-00770,5,2026-05-26 10:35:58,1280.1,Fuel,50013,UPI,DEV-05-1,Android,Delhi,10,1,0,24.67,16,2380.99,7335.43,32,285,237,0,0,0,1153.24,0,
TXN05-00771,5,2026-05-26 10:55:32,2274.65,Hotels,50036,UPI,DEV-05-5,Android,Mumbai,10,1,0,19.57,17,2378.0,7325.68,6,39,204,0,0,0,1153.24,0,
TXN05-00772,5,2026-05-26 11:44:10,2895.3,Restaurants,50026,Card,DEV-05-2,iPhone,Jaipur,11,1,0,48.63,18,2396.93,7384.55,9,185,75,0,0,0,920.74,0,
TXN05-00773,5,2026-05-26 11:59:07,1548.61,Fuel,50003,UPI,DEV-05-5,Android,Bangalore,11,1,0,14.95,19,2398.3,7374.42,86,40,105,0,0,0,1561.54,0,
TXN05-00774,5,2026-05-26 11:59:26,1407.68,Restaurants,50008,UPI,DEV-05-1,Android,Mumbai,11,1,0,0.32,20,2395.97,7364.41,28,286,205,0,0,0,845.32,0,
TXN05-00775,5,2026-05-26 12:05:16,2676.96,Restaurants,50011,UPI,DEV-05-6,Web,Mumbai,12,1,0,5.83,21,2388.84,7364.11,19,34,206,0,0,0,0.0,0,
TXN05-00776,5,2026-05-26 12:23:49,2963.64,Hotels,50010,UPI,DEV-05-2,iPhone,Bangalore,12,1,0,18.55,22,2386.94,7363.95,29,186,106,0,0,0,845.32,0,
TXN05-00777,5,2026-05-26 12:24:59,384.49,Restaurants,50008,Card,DEV-05-3,Web,Jaipur,12,1,0,1.17,23,2388.52,7353.91,29,109,76,0,0,0,1561.54,0,
TXN05-00778,5,2026-05-26 12:47:02,684.3,Taxi,50029,Card,DEV-05-4,iPhone,Delhi,12,1,0,22.05,24,2385.19,7354.55,16,79,238,0,0,0,237.53,0,
TXN05-00779,5,2026-05-26 12:56:53,1432.22,Restaurants,50016,UPI,DEV-05-2,iPhone,Delhi,12,1,0,9.85,25,2380.55,7345.03,11,187,239,0,0,0,0.0,0,
TXN05-00780,5,2026-05-26 13:13:09,1198.36,Hotels,50005,Card,DEV-05-2,iPhone,Pune,13,1,0,16.27,26,2378.88,7345.17,56,188,143,0,0,0,1179.48,0,
TXN05-00781,5,2026-05-26 13:43:02,768.81,Fuel,50053,Card,DEV-05-8,iPhone,Bangalore,13,1,0,29.88,27,2377.88,7345.31,4,9,107,0,0,0,735.23,0,
TXN05-00782,5,2026-05-26 13:57:43,3023.54,Restaurants,50001,UPI,DEV-05-1,Android,Pune,13,1,0,14.68,28,2369.64,7365.62,85,287,144,0,0,0,735.23,0,
TXN05-00783,5,2026-05-26 14:04:34,3015.33,Fuel,50003,UPI,DEV-05-13,iPhone,Delhi,14,1,0,6.85,29,2371.43,7355.6,87,1,240,1,0,0,1179.48,0,
TXN05-00784,5,2026-05-26 14:10:30,354.25,Hotels,50010,UPI,DEV-05-1,Android,Mumbai,14,1,0,5.93,30,2373.19,7345.63,30,288,207,0,0,0,1153.24,0,
TXN05-00785,5,2026-05-26 15:03:22,2407.03,Fuel,50003,UPI,DEV-05-1,Android,Mumbai,15,1,0,52.87,31,2366.38,7356.19,88,289,208,0,0,0,0.0,0,
TXN05-00786,5,2026-05-26 15:29:01,557.12,Fuel,50055,Card,DEV-05-3,Web,Delhi,15,1,0,25.65,32,2371.02,7355.68,2,110,241,0,0,0,1153.24,0,
TXN05-00787,5,2026-05-26 16:06:20,922.77,Restaurants,50042,Card,DEV-05-4,iPhone,Delhi,16,1,0,37.32,33,2366.4,7365.32,2,80,242,0,0,0,0.0,0,
TXN05-00788,5,2026-05-26 17:34:25,4000.0,Restaurants,50004,Card,DEV-05-5,Android,Mumbai,17,1,0,88.08,34,2381.44,7404.42,37,41,209,0,0,0,1153.24,0,
TXN05-00789,5,2026-05-26 17:38:38,1260.28,Hotels,50005,Card,DEV-05-1,Android,Delhi,17,1,0,4.22,35,2385.92,7394.65,57,290,243,0,0,0,1153.24,0,
TXN05-00790,5,2026-05-26 17:53:01,1604.7,Fuel,50003,UPI,DEV-05-2,iPhone,Mumbai,17,1,0,14.38,36,2382.81,7384.66,89,189,210,0,0,0,1153.24,0,
TXN05-00791,5,2026-05-26 18:21:19,1805.6,Hotels,50024,Card,DEV-05-1,Android,Mumbai,18,1,0,28.3,37,2378.53,7405.2,15,291,211,0,0,0,0.0,0,
TXN05-00792,5,2026-05-26 19:00:33,1073.8,Restaurants,50001,Card,DEV-05-10,Android,Bangalore,19,1,0,39.23,38,2373.38,7404.95,86,7,108,0,0,0,845.32,0,
TXN05-00793,5,2026-05-26 19:58:35,332.98,Fuel,50003,Card,DEV-05-3,Web,Jaipur,19,1,0,58.03,39,2381.26,7444.65,90,111,77,0,0,0,1561.54,0,
TXN05-00794,5,2026-05-26 20:05:55,1807.57,Hotels,50005,Card,DEV-05-14,iPhone,Delhi,20,1,0,7.33,40,2375.52,7435.0,58,1,244,1,0,0,237.53,0,
TXN05-00795,5,2026-05-26 20:08:00,2015.17,Taxi,50002,Card,DEV-05-2,iPhone,Pune,20,1,0,2.08,41,2373.93,7424.67,56,190,145,0,0,0,1179.48,0,
TXN05-00796,5,2026-05-26 20:10:28,872.48,Restaurants,50023,Card,DEV-05-2,iPhone,Bangalore,20,1,0,2.47,42,2372.93,7414.35,8,191,109,0,0,0,735.23,0,
TXN05-00797,5,2026-05-26 20:27:21,740.77,Fuel,50047,UPI,DEV-05-1,Android,Pune,20,1,0,16.88,43,2372.79,7414.38,4,292,146,0,0,0,735.23,0,
TXN05-00798,5,2026-05-26 20:31:24,584.07,Restaurants,50038,Card,DEV-05-7,Android,Mumbai,20,1,0,4.05,44,2368.25,7404.57,3,19,212,0,0,0,120.15,0,
TXN05-00799,5,2026-05-26 20:48:59,1773.96,Hotels,50010,UPI,DEV-05-2,iPhone,Delhi,20,1,0,17.58,45,2364.95,7405.1,31,192,245,0,0,0,1153.24,0,
TXN05-00800,5,2026-05-26 20:50:58,3037.23,Fuel,50053,UPI,DEV-05-3,Web,Delhi,20,1,0,1.98,46,2363.31,7394.9,5,112,246,0,0,0,0.0,0,
TXN05-00801,5,2026-05-26 20:51:38,852.16,Taxi,50002,UPI,DEV-05-3,Web,Delhi,20,1,0,0.67,47,2365.17,7384.76,57,113,247,0,0,0,0.0,0,
TXN05-00802,5,2026-05-26 20:59:25,615.23,Restaurants,50004,Card,DEV-05-6,Web,Pune,20,1,0,7.78,48,2361.0,7375.01,38,35,147,0,0,0,1179.48,0,
TXN05-00803,5,2026-05-26 21:39:53,3460.58,Restaurants,50001,UPI,DEV-05-3,Web,Pune,21,1,0,40.47,49,2359.95,7385.58,87,114,148,0,0,0,0.0,0,
TXN05-00804,5,2026-05-26 22:04:14,100000.0,Bank Transfer,50001,Card,DEV-05-1,Android,Delhi,22,1,0,24.35,50,2363.59,7395.9,88,293,248,0,0,0,1179.48,1,huge_transfer
TXN05-00805,5,2026-05-26 22:16:04,905.78,Restaurants,50032,UPI,DEV-05-6,Web,Mumbai,22,1,0,11.83,51,2633.3,8989.4,3,36,213,0,0,0,1153.24,0,
TXN05-00806,5,2026-05-26 22:18:28,3321.03,Fuel,50003,UPI,DEV-05-2,iPhone,Jaipur,22,1,0,2.4,52,2628.54,8977.47,91,193,78,0,0,0,920.74,0,
TXN05-00807,5,2026-05-26 23:01:39,2249.66,Taxi,50050,UPI,DEV-05-1,Android,Mumbai,23,1,0,43.18,53,2368.3,7395.89,5,294,214,0,0,0,920.74,0,
TXN05-00808,5,2026-05-26 23:28:18,1076.66,Hotels,50018,Card,DEV-05-2,iPhone,Jaipur,23,1,0,26.65,54,2377.33,7405.09,11,194,79,0,0,0,920.74,0,
TXN05-00809,5,2026-05-26 23:32:23,1268.72,Hotels,50005,UPI,DEV-05-1,Android,Mumbai,23,1,0,4.08,55,2373.72,7395.14,59,295,215,0,0,0,920.74,0,
TXN05-00810,5,2026-05-26 23:49:06,1332.85,Taxi,50007,Card,DEV-05-3,Web,Pune,23,1,0,16.72,56,2371.0,7395.37,21,115,149,0,0,0,120.15,0,
TXN05-00811,5,2026-05-27 01:05:27,5679.24,Shopping,50001,UPI,DEV-05-1,Android,Delhi,1,2,0,76.35,1,2363.61,7395.07,89,296,249,0,0,0,1179.48,1,late_night_spree
TXN05-00812,5,2026-05-27 02:40:27,3111.2,Shopping,50001,UPI,DEV-05-1,Android,Delhi,2,2,0,95.0,2,2372.77,7386.9,90,297,250,0,0,0,0.0,1,late_night_spree
TXN05-00813,5,2026-05-27 03:10:47,3081.54,Fuel,50001,UPI,DEV-05-1,Android,Unknown Country,3,2,0,30.33,3,2374.81,7376.82,91,298,4,0,0,0,8752.13,1,unknown_country_purchase
TXN05-00814,5,2026-05-27 06:08:20,1634.76,Taxi,50029,Card,DEV-05-4,iPhone,Jaipur,6,2,0,177.55,4,2376.75,7366.77,17,81,80,0,0,0,8601.34,0,
TXN05-00815,5,2026-05-27 06:28:25,1401.65,Taxi,50050,Card,DEV-05-6,Web,Jaipur,6,2,0,20.08,5,2380.29,7366.1,6,37,81,0,0,0,0.0,0,
TXN05-00816,5,2026-05-27 07:02:57,1959.4,Fuel,50003,Card,DEV-05-1,Android,Delhi,7,2,0,34.53,6,2384.89,7385.96,92,299,251,0,0,0,237.53,0,
TXN05-00817,5,2026-05-27 07:11:21,3528.03,Restaurants,50008,UPI,DEV-05-5,Android,Mumbai,7,2,0,8.4,7,2383.71,7375.82,30,42,216,0,0,0,1153.24,0,
TXN05-00818,5,2026-05-27 07:52:02,2132.54,Fuel,50006,UPI,DEV-05-13,iPhone,Pune,7,2,0,40.68,8,2391.25,7395.48,39,2,150,0,0,0,120.15,0,
TXN05-00819,5,2026-05-27 07:53:05,1564.0,Restaurants,50009,UPI,DEV-05-4,iPhone,Pune,7,2,0,1.05,9,2390.54,7385.27,15,82,151,0,0,0,0.0,0,
TXN05-00820,5,2026-05-27 08:36:16,2407.32,Restaurants,50020,Card,DEV-05-1,Android,Mumbai,8,2,0,43.18,10,2384.55,7395.12,7,300,217,0,0,0,120.15,0,
TXN05-00821,5,2026-05-27 08:48:01,2575.02,Restaurants,50023,UPI,DEV-05-1,Android,Jaipur,8,2,0,11.75,11,2384.61,7384.9,9,301,82,0,0,0,920.74,0,
TXN05-00822,5,2026-05-27 09:09:27,957.57,Restaurants,50009,Card,DEV-05-3,Web,Jaipur,9,2,0,21.43,12,2387.85,7404.77,16,116,83,0,0,0,0.0,0,
TXN05-00823,5,2026-05-27 09:09:54,2312.01,Taxi,50049,UPI,DEV-05-1,Android,Delhi,9,2,0,0.45,13,2383.89,7394.89,5,302,252,0,0,0,237.53,0,
TXN05-00824,5,2026-05-27 09:13:01,2658.61,Restaurants,50001,Card,DEV-05-7,Android,Mumbai,9,2,0,3.12,14,2382.55,7394.86,92,20,218,0,0,0,1153.24,0,
TXN05-00825,5,2026-05-27 09:20:01,1461.53,Taxi,50037,UPI,DEV-05-2,iPhone,Delhi,9,2,0,7.0,15,2383.32,7384.66,7,195,253,0,0,0,1153.24,0,
TXN05-00826,5,2026-05-27 09:44:30,3338.4,Hotels,50056,UPI,DEV-05-2,iPhone,Jaipur,9,2,0,24.48,16,2383.86,7384.58,1,196,84,0,0,1,237.53,0,
TXN05-00827,5,2026-05-27 09:51:47,1538.2,Hotels,50005,Card,DEV-05-1,Android,Delhi,9,2,0,7.28,17,2389.05,7394.46,60,303,254,0,0,0,237.53,0,
TXN05-00828,5,2026-05-27 10:02:34,7264.05,Fuel,50001,UPI,DEV-05-1,Android,Unknown Country,10,2,0,10.78,18,2386.7,7384.37,93,304,5,0,0,0,8752.13,1,unknown_country_purchase
TXN05-00829,5,2026-05-27 10:08:02,3085.59,Restaurants,50004,Card,DEV-05-4,iPhone,Bangalore,10,2,0,5.47,19,2400.14,7378.62,39,83,110,0,0,0,8663.87,0,
TXN05-00830,5,2026-05-27 10:34:41,759.94,Hotels,50015,UPI,DEV-05-6,Web,Delhi,10,2,0,26.65,20,2402.02,7368.57,12,38,255,0,0,0,1750.11,0,
TXN05-00831,5,2026-05-27 10:46:33,1379.59,Taxi,50007,UPI,DEV-05-2,iPhone,Delhi,10,2,0,11.87,21,2397.52,7358.97,22,197,256,0,0,0,0.0,0,
TXN05-00832,5,2026-05-27 11:12:18,3128.14,Hotels,50005,Card,DEV-05-2,iPhone,Bangalore,11,2,0,25.75,22,2394.74,7349.1,61,198,111,0,0,0,1750.11,0,
TXN05-00833,5,2026-05-27 11:25:16,4000.0,Restaurants,50016,Card,DEV-05-4,iPhone,Bangalore,11,2,0,12.97,23,2396.74,7339.18,12,84,112,0,0,0,0.0,0,
TXN05-00834,5,2026-05-27 11:44:02,2880.18,Fuel,50003,Card,DEV-05-9,Web,Mumbai,11,2,0,18.77,24,2401.1,7329.68,93,7,219,0,0,0,845.32,0,
TXN05-00835,5,2026-05-27 11:48:31,4000.0,Hotels,50015,UPI,DEV-05-1,Android,Bangalore,11,2,0,4.48,25,2402.39,7319.78,13,305,113,0,0,0,845.32,0,
TXN05-00836,5,2026-05-27 12:07:14,2739.79,Restaurants,50001,Card,DEV-05-2,iPhone,Mumbai,12,2,0,18.72,26,2410.33,7329.96,94,199,220,0,0,0,845.32,0,
TXN05-00837,5,2026-05-27 12:25:13,2394.41,Fuel,50055,UPI,DEV-05-3,Web,Bangalore,12,2,0,17.98,27,2411.22,7320.05,3,117,114,0,0,0,845.32,0,
TXN05-00838,5,2026-05-27 12:31:45,724.02,Restaurants,50008,Card,DEV-05-1,Android,Mumbai,12,2,0,6.53,28,2411.18,7310.15,31,306,221,0,0,0,845.32,0,
TXN05-00839,5,2026-05-27 12:44:13,1059.94,Hotels,50005,UPI,DEV-05-3,Web,Mumbai,12,2,0,12.47,29,2406.63,7300.81,62,118,222,0,0,0,0.0,0,
TXN05-00840,5,2026-05-27 13:04:29,2152.58,Restaurants,50004,Card,DEV-05-2,iPhone,Mumbai,13,2,0,20.27,30,2403.01,7291.33,40,200,223,0,0,0,0.0,0,
TXN05-00841,5,2026-05-27 14:12:50,1689.18,Restaurants,50008,Card,DEV-05-6,Web,Delhi,14,2,0,68.35,31,2401.34,7310.76,32,39,257,0,0,0,1153.24,0,
TXN05-00842,5,2026-05-27 14:35:00,2122.74,Hotels,50005,UPI,DEV-05-6,Web,Delhi,14,2,0,22.17,32,2394.62,7320.45,63,40,258,0,0,0,0.0,0,
TXN05-00843,5,2026-05-27 14:41:56,4000.0,Restaurants,50016,Card,DEV-05-3,Web,Delhi,14,2,0,6.93,33,2393.89,7310.56,13,119,259,0,0,0,0.0,0,
TXN05-00844,5,2026-05-27 15:15:31,1064.93,Fuel,50013,UPI,DEV-05-4,iPhone,Delhi,15,2,0,33.58,34,2405.9,7320.14,33,85,260,0,0,0,0.0,0,
TXN05-00845,5,2026-05-27 15:16:40,1689.56,Fuel,50040,Card,DEV-05-2,iPhone,Mumbai,15,2,0,1.15,35,2402.28,7310.57,8,201,224,0,0,0,1153.24,0,
TXN05-00846,5,2026-05-27 16:17:26,354.04,Restaurants,50011,UPI,DEV-05-1,Android,Delhi,16,2,0,60.77,36,2405.36,7329.92,20,307,261,0,0,0,1153.24,0,
TXN05-00847,5,2026-05-27 16:38:08,4000.0,Fuel,50003,Card,DEV-05-3,Web,Delhi,16,2,0,20.7,37,2399.8,7320.76,94,120,262,0,0,0,0.0,0,
TXN05-00848,5,2026-05-27 16:57:12,4000.0,Taxi,50039,Card,DEV-05-9,Web,Delhi,16,2,0,19.07,38,2403.53,7331.03,8,8,263,0,0,0,0.0,0,
TXN05-00849,5,2026-05-27 17:21:17,1029.72,Restaurants,50001,Card,DEV-05-3,Web,Pune,17,2,0,24.08,39,2415.45,7340.69,95,121,152,0,0,0,1179.48,0,
TXN05-00850,5,2026-05-27 17:22:49,414.59,Restaurants,50001,Card,DEV-05-1,Android,Mumbai,17,2,0,1.53,40,2411.68,7331.06,96,308,225,0,0,0,120.15,0,
TXN05-00851,5,2026-05-27 17:30:51,1744.02,Restaurants,50041,UPI,DEV-05-2,iPhone,Mumbai,17,2,0,8.03,41,2406.27,7321.86,3,202,226,0,0,0,0.0,0,
TXN05-00852,5,2026-05-27 17:59:01,2517.19,Hotels,50005,UPI,DEV-05-8,iPhone,Delhi,17,2,0,28.17,42,2404.48,7312.04,64,10,264,0,0,0,1153.24,0,
TXN05-00853,5,2026-05-27 18:08:00,1207.95,Restaurants,50057,Card,DEV-05-1,Android,Jaipur,18,2,0,8.98,43,2404.78,7302.18,1,309,85,0,0,1,237.53,0,
TXN05-00854,5,2026-05-27 19:45:27,2244.86,Fuel,50003,UPI,DEV-05-3,Web,Pune,19,2,0,97.45,44,2407.37,7320.43,95,122,153,0,0,0,953.87,0,
TXN05-00855,5,2026-05-27 20:12:48,1822.23,Taxi,50007,UPI,DEV-05-6,Web,Delhi,20,2,0,27.35,45,2412.23,7329.65,23,41,265,0,0,0,1179.48,0,
TXN05-00856,5,2026-05-27 20:15:57,3246.21,Hotels,50010,UPI,DEV-05-5,Android,Pune,20,2,0,3.15,46,2410.63,7319.78,32,43,154,0,0,0,1179.48,0,
TXN05-00857,5,2026-05-27 20:18:57,665.38,Taxi,50198,Card,DEV-05-4,iPhone,Pune,20,2,0,3.0,47,2412.89,7310.01,1,86,155,0,0,1,0.0,1,ato_new_merchant_same_category_short_gap
TXN05-00858,5,2026-05-27 20:21:32,1536.79,Hotels,50005,UPI,DEV-05-1,Android,Jaipur,20,2,0,2.58,48,2408.18,7300.71,65,310,86,0,0,0,953.87,0,
TXN05-00859,5,2026-05-27 20:24:13,645.49,Restaurants,50001,Card,DEV-05-1,Android,Jaipur,20,2,0,2.68,49,2405.84,7291.03,97,311,87,0,0,0,0.0,0,
TXN05-00860,5,2026-05-27 20:35:55,1671.63,Restaurants,50041,UPI,DEV-05-5,Android,Delhi,20,2,0,11.7,50,2406.24,7290.93,4,44,266,0,0,0,237.53,0,
TXN05-00861,5,2026-05-27 20:45:44,2109.7,Taxi,50058,UPI,DEV-05-2,iPhone,Delhi,20,2,0,9.82,51,2408.12,7290.65,1,203,267,0,0,1,0.0,0,
TXN05-00862,5,2026-05-27 20:46:42,688.8,Fuel,50006,UPI,DEV-05-2,iPhone,Delhi,20,2,0,0.97,52,2407.32,7280.89,40,204,268,0,0,0,0.0,0,
TXN05-00863,5,2026-05-27 20:57:43,1437.93,Taxi,50002,UPI,DEV-05-1,Android,Delhi,20,2,0,11.02,53,2402.72,7271.69,58,312,269,0,0,0,0.0,0,
TXN05-00864,5,2026-05-27 20:58:57,679.29,Hotels,50031,UPI,DEV-05-3,Web,Mumbai,20,2,0,1.23,54,2400.15,7262.16,4,123,227,0,0,0,1153.24,0,
TXN05-00865,5,2026-05-27 21:02:53,842.71,Fuel,50006,Card,DEV-05-5,Android,Pune,21,2,0,3.93,55,2395.57,7253.04,41,45,156,0,0,0,120.15,0,
TXN05-00866,5,2026-05-27 21:52:10,1880.01,Fuel,50003,Card,DEV-05-1,Android,Pune,21,2,0,49.28,56,2397.12,7262.62,96,313,157,0,0,0,0.0,0,
TXN05-00867,5,2026-05-27 22:09:59,924.51,Restaurants,50001,UPI,DEV-05-4,iPhone,Mumbai,22,2,0,17.82,57,2395.75,7253.0,98,87,228,0,0,0,120.15,0,
TXN05-00868,5,2026-05-27 22:27:11,660.83,Fuel,50006,UPI,DEV-05-9,Web,Delhi,22,2,0,17.2,58,2394.02,7253.27,42,9,270,0,0,0,1153.24,0,
TXN05-00869,5,2026-05-27 22:27:16,1882.45,Fuel,50040,UPI,DEV-05-1,Android,Pune,22,2,0,0.08,59,2389.42,7244.2,9,314,158,0,0,0,1179.48,0,
TXN05-00870,5,2026-05-27 22:38:15,670.93,Restaurants,50004,Card,DEV-05-2,iPhone,Mumbai,22,2,0,10.98,60,2390.43,7244.1,41,205,229,0,0,0,120.15,0,
TXN05-00871,5,2026-05-27 22:48:36,633.58,Fuel,50028,UPI,DEV-05-1,Android,Delhi,22,2,0,10.35,61,2385.88,7235.05,21,315,271,0,0,0,1153.24,0,
TXN05-00872,5,2026-05-27 22:48:56,2987.96,Restaurants,50009,UPI,DEV-05-2,iPhone,Delhi,22,2,0,0.33,62,2381.25,7226.06,17,206,272,0,0,0,0.0,0,
TXN05-00873,5,2026-05-27 22:51:22,1975.54,Fuel,50040,UPI,DEV-05-6,Web,Mumbai,22,2,0,2.43,63,2382.85,7216.61,10,42,230,0,0,0,1153.24,0,
TXN05-00874,5,2026-05-27 22:58:42,1906.99,Hotels,50005,UPI,DEV-05-3,Web,Jaipur,22,2,0,7.33,64,2381.78,7207.16,66,124,88,0,0,0,920.74,0,
TXN05-00875,5,2026-05-27 23:05:35,4000.0,Fuel,50003,Card,DEV-05-5,Android,Pune,23,2,0,6.88,65,2386.87,7216.07,97,46,159,0,0,0,953.87,0,
TXN05-00876,5,2026-05-27 23:07:23,461.94,Restaurants,50016,UPI,DEV-05-6,Web,Bangalore,23,2,0,1.8,66,2391.1,7207.07,14,43,115,0,0,0,735.23,0,
TXN05-00877,5,2026-05-27 23:25:15,2866.11,Hotels,50010,Card,DEV-05-2,iPhone,Mumbai,23,2,0,17.87,67,2386.05,7198.3,33,207,231,0,0,0,845.32,0,
TXN05-00878,5,2026-05-27 23:47:40,437.8,Hotels,50018,Card,DEV-05-1,Android,Delhi,23,2,0,22.42,68,2387.46,7198.34,12,316,273,0,0,0,1153.24,0,
TXN05-00879,5,2026-05-28 06:34:19,2203.44,Hotels,50005,Card,DEV-05-1,Android,Bangalore,6,3,0,406.65,1,2387.84,7198.24,67,317,116,0,0,0,1750.11,0,
TXN05-00880,5,2026-05-28 06:44:09,1029.73,Restaurants,50001,Card,DEV-05-1,Android,Bangalore,6,3,0,9.83,2,2390.56,7207.5,99,318,117,0,0,0,0.0,0,
TXN05-00881,5,2026-05-28 07:04:24,702.87,Restaurants,50001,UPI,DEV-05-1,Android,Delhi,7,3,0,20.25,3,2387.73,7216.76,100,319,274,0,0,0,1750.11,0,
TXN05-00882,5,2026-05-28 07:07:57,2153.4,Fuel,50048,UPI,DEV-05-2,iPhone,Jaipur,7,3,0,3.55,4,2383.31,7207.8,3,208,89,0,0,0,237.53,0,
TXN05-00883,5,2026-05-28 07:11:06,1076.36,Restaurants,50020,Card,DEV-05-4,iPhone,Mumbai,7,3,0,3.15,5,2382.71,7198.37,8,88,232,0,0,0,920.74,0,
TXN05-00884,5,2026-05-28 07:14:53,2027.62,Fuel,50003,UPI,DEV-05-1,Android,Jaipur,7,3,0,3.78,6,2379.3,7189.27,98,320,90,0,0,0,920.74,0,
TXN05-00885,5,2026-05-28 07:15:18,803.39,Hotels,50005,Card,DEV-05-1,Android,Delhi,7,3,0,0.42,7,2378.38,7179.93,68,321,275,0,0,0,237.53,0,
TXN05-00886,5,2026-05-28 08:01:16,872.6,Hotels,50010,Card,DEV-05-3,Web,Mumbai,8,3,0,45.97,8,2382.42,7198.56,34,125,233,0,0,0,1153.24,0,
TXN05-00887,5,2026-05-28 09:11:18,963.72,Restaurants,50001,Card,DEV-05-1,Android,Jaipur,9,3,0,70.03,9,2396.61,7272.96,101,322,91,0,0,0,920.74,0,
TXN05-00888,5,2026-05-28 09:12:50,2471.47,Fuel,50001,UPI,DEV-05-1,Android,Unknown Country,9,3,0,1.53,10,2392.79,7263.63,102,323,6,0,0,0,8601.34,1,unknown_country_purchase
TXN05-00889,5,2026-05-28 09:27:21,1660.28,Fuel,50006,Card,DEV-05-6,Web,Mumbai,9,3,0,14.52,11,2397.99,7262.99,43,44,234,0,0,0,8211.14,0,
TXN05-00890,5,2026-05-28 09:38:28,964.07,Taxi,50002,UPI,DEV-05-2,iPhone,Mumbai,9,3,0,11.12,12,2396.03,7253.43,59,209,235,0,0,0,0.0,0,
TXN05-00891,5,2026-05-28 09:40:24,247.68,Fuel,50043,Card,DEV-05-5,Android,Delhi,9,3,0,1.93,13,2392.23,7244.17,6,47,276,0,0,0,1153.24,0,
TXN05-00892,5,2026-05-28 09:56:36,2749.66,Fuel,50003,Card,DEV-05-1,Android,Delhi,9,3,0,16.2,14,2387.32,7245.0,99,324,277,0,0,0,0.0,0,
TXN05-00893,5,2026-05-28 09:58:45,4000.0,Restaurants,50008,Card,DEV-05-3,Web,Delhi,9,3,0,2.15,15,2388.28,7235.43,33,126,278,0,0,0,0.0,0,
TXN05-00894,5,2026-05-28 10:12:55,3345.44,Fuel,50003,Card,DEV-05-15,Web,Pune,10,3,0,14.17,16,2393.81,7235.86,100,1,160,1,0,0,1179.48,0,
TXN05-00895,5,2026-05-28 11:15:16,2467.12,Restaurants,50008,UPI,DEV-05-7,Android,Mumbai,11,3,0,62.35,17,2404.23,7264.15,34,21,236,0,0,0,120.15,0,
TXN05-00896,5,2026-05-28 11:19:07,1435.29,Hotels,50005,Card,DEV-05-5,Android,Delhi,11,3,0,3.85,18,2404.39,7254.48,69,48,279,0,0,0,1153.24,0,
TXN05-00897,5,2026-05-28 11:29:59,647.31,Hotels,50014,Card,DEV-05-2,iPhone,Delhi,11,3,0,10.87,19,2403.67,7254.56,24,210,280,0,0,0,0.0,0,
TXN05-00898,5,2026-05-28 11:32:22,1446.7,Fuel,50028,Card,DEV-05-3,Web,Delhi,11,3,0,2.38,20,2399.01,7245.5,22,127,281,0,0,0,0.0,0,
TXN05-00899,5,2026-05-28 11:39:35,2770.09,Restaurants,50042,UPI,DEV-05-6,Web,Delhi,11,3,0,7.22,21,2396.49,7236.07,3,45,282,0,0,0,0.0,0,
TXN05-00900,5,2026-05-28 11:41:13,1787.05,Fuel,50003,UPI,DEV-05-1,Android,Pune,11,3,0,1.63,22,2397.48,7226.55,101,325,161,0,0,0,1179.48,0,
TXN05-00901,5,2026-05-28 12:10:26,1440.41,Taxi,50002,Card,DEV-05-14,iPhone,Mumbai,12,3,0,29.22,23,2396.58,7226.6,60,2,237,0,0,0,120.15,0,
TXN05-00902,5,2026-05-28 12:16:18,412.79,Fuel,50003,Card,DEV-05-1,Android,Bangalore,12,3,0,5.87,24,2394.06,7217.25,102,326,118,0,0,0,845.32,0,
TXN05-00903,5,2026-05-28 12:55:35,4000.0,Hotels,50010,UPI,DEV-05-4,iPhone,Mumbai,12,3,0,39.28,25,2381.45,7216.52,35,89,238,0,0,0,845.32,0,
TXN05-00904,5,2026-05-28 13:06:38,3510.87,Fuel,50047,UPI,DEV-05-2,iPhone,Delhi,13,3,0,11.05,26,2388.89,7216.73,5,211,283,0,0,0,1153.24,0,
TXN05-00905,5,2026-05-28 13:28:04,1484.29,Fuel,50040,Card,DEV-05-3,Web,Pune,13,3,0,21.43,27,2391.83,7207.48,11,128,162,0,0,0,1179.48,0,
TXN05-00906,5,2026-05-28 13:42:16,1481.86,Hotels,50017,UPI,DEV-05-8,iPhone,Jaipur,13,3,0,14.2,28,2393.9,7207.1,9,11,92,0,0,0,953.87,0,
TXN05-00907,5,2026-05-28 14:05:43,1214.99,Restaurants,50022,Card,DEV-05-1,Android,Delhi,14,3,0,23.45,29,2395.48,7225.88,11,327,284,0,0,0,237.53,0,
TXN05-00908,5,2026-05-28 14:11:26,1959.88,Taxi,50029,UPI,DEV-05-4,iPhone,Jaipur,14,3,0,5.72,30,2393.55,7226.1,18,90,93,0,0,0,237.53,0,
TXN05-00909,5,2026-05-28 14:20:00,1738.18,Restaurants,50008,UPI,DEV-05-3,Web,Mumbai,14,3,0,8.57,31,2392.41,7216.62,35,129,239,0,0,0,920.74,0,
TXN05-00910,5,2026-05-28 14:24:19,3229.17,Fuel,50013,UPI,DEV-05-5,Android,Delhi,14,3,0,4.32,32,2390.7,7207.22,34,49,285,0,0,0,1153.24,0,
TXN05-00911,5,2026-05-28 14:30:38,1100.33,Hotels,50010,UPI,DEV-05-6,Web,Delhi,14,3,0,6.32,33,2392.89,7197.9,36,46,286,0,0,0,0.0,0,
TXN05-00912,5,2026-05-28 14:43:39,3076.95,Restaurants,50004,UPI,DEV-05-3,Web,Delhi,14,3,0,13.02,34,2396.91,7206.92,42,130,287,0,0,0,0.0,0,
TXN05-00913,5,2026-05-28 15:05:05,1909.88,Fuel,50048,UPI,DEV-05-2,iPhone,Jaipur,15,3,0,21.43,35,2398.69,7197.56,4,212,94,0,0,0,237.53,0,
TXN05-00914,5,2026-05-28 15:11:27,2958.23,Hotels,50018,UPI,DEV-05-2,iPhone,Pune,15,3,0,6.37,36,2397.41,7188.2,13,213,163,0,0,0,953.87,0,
TXN05-00915,5,2026-05-28 15:30:57,3712.64,Fuel,50013,UPI,DEV-05-7,Android,Pune,15,3,0,19.5,37,2400.29,7206.05,35,22,164,0,0,0,0.0,0,
TXN05-00916,5,2026-05-28 16:12:09,1738.49,Taxi,50050,Card,DEV-05-3,Web,Jaipur,16,3,0,41.2,38,2403.73,7196.92,7,131,95,0,0,0,953.87,0,
TXN05-00917,5,2026-05-28 16:18:32,3054.63,Restaurants,50035,Card,DEV-05-3,Web,Mumbai,16,3,0,6.38,39,2401.99,7187.6,3,132,240,0,0,0,920.74,0,
TXN05-00918,5,2026-05-28 16:58:52,3281.02,Restaurants,50001,UPI,DEV-05-1,Android,Mumbai,16,3,0,40.33,40,2409.72,7196.59,103,328,241,0,0,0,0.0,0,
TXN05-00919,5,2026-05-28 17:08:40,875.43,Fuel,50059,Card,DEV-05-1,Android,Jaipur,17,3,0,9.8,41,2411.99,7187.32,1,329,96,0,0,1,920.74,0,
TXN05-00920,5,2026-05-28 17:26:30,210.68,Fuel,50003,Card,DEV-05-4,iPhone,Jaipur,17,3,0,17.83,42,2412.0,7187.32,103,91,97,0,0,0,0.0,0,
TXN05-00921,5,2026-05-28 17:42:12,2345.12,Restaurants,50042,Card,DEV-05-8,iPhone,Pune,17,3,0,15.7,43,2408.08,7188.11,4,12,165,0,0,0,953.87,0,
TXN05-00922,5,2026-05-28 17:49:17,670.6,Restaurants,50041,Card,DEV-05-2,iPhone,Bangalore,17,3,0,7.08,44,2407.91,7178.75,5,214,119,0,0,0,735.23,0,
TXN05-00923,5,2026-05-28 18:00:20,1924.88,Fuel,50055,UPI,DEV-05-4,iPhone,Delhi,18,3,0,11.05,45,2403.4,7169.96,4,92,288,0,0,0,1750.11,0,
TXN05-00924,5,2026-05-28 18:01:40,1738.63,Restaurants,50016,UPI,DEV-05-3,Web,Bangalore,18,3,0,1.33,46,2402.16,7160.71,15,133,120,0,0,0,1750.11,0,
TXN05-00925,5,2026-05-28 18:23:31,669.33,Hotels,50024,Card,DEV-05-2,iPhone,Mumbai,18,3,0,21.85,47,2402.93,7160.62,16,215,242,0,0,0,845.32,0,
TXN05-00926,5,2026-05-28 19:14:47,4000.0,Hotels,50005,UPI,DEV-05-1,Android,Bangalore,19,3,0,51.27,48,2397.01,7179.2,70,330,121,0,0,0,845.32,0,
TXN05-00927,5,2026-05-28 19:16:07,1191.27,Fuel,50053,Card,DEV-05-1,Android,Pune,19,3,0,1.33,49,2401.17,7170.33,6,331,166,0,0,0,735.23,0,
TXN05-00928,5,2026-05-28 19:24:20,1594.22,Fuel,50003,UPI,DEV-05-10,Android,Bangalore,19,3,0,8.22,50,2394.94,7170.34,104,8,122,0,0,0,735.23,0,
TXN05-00929,5,2026-05-28 19:28:16,3301.59,Taxi,50058,Card,DEV-05-15,Web,Delhi,19,3,0,3.93,51,2392.87,7161.16,2,2,289,0,0,0,1750.11,0,
TXN05-00930,5,2026-05-28 19:33:29,1499.02,Restaurants,50001,Card,DEV-05-2,iPhone,Delhi,19,3,0,5.22,52,2395.21,7152.05,104,216,290,0,0,0,0.0,0,
TXN05-00931,5,2026-05-28 19:38:29,498.26,Fuel,50169,UPI,DEV-05-2,iPhone,Delhi,19,3,0,5.0,53,2392.9,7142.97,1,217,291,0,0,1,0.0,1,ato_short_gap
TXN05-00932,5,2026-05-28 20:15:55,1536.45,Restaurants,50016,UPI,DEV-05-1,Android,Jaipur,20,3,0,37.43,54,2390.76,7143.42,16,332,98,0,0,0,237.53,0,
TXN05-00933,5,2026-05-28 20:27:54,2119.91,Fuel,50013,Card,DEV-05-7,Android,Pune,20,3,0,11.98,55,2388.56,7134.36,36,23,167,0,0,0,953.87,0,
TXN05-00934,5,2026-05-28 20:38:24,4000.0,Hotels,50051,UPI,DEV-05-2,iPhone,Delhi,20,3,0,10.5,56,2382.84,7143.18,2,218,292,0,0,0,1179.48,0,
TXN05-00935,5,2026-05-28 20:45:02,1207.28,Fuel,50047,Card,DEV-05-1,Android,Delhi,20,3,0,6.63,57,2387.0,7134.46,6,333,293,0,0,0,0.0,0,
TXN05-00936,5,2026-05-28 21:15:18,3301.17,Restaurants,50001,UPI,DEV-05-3,Web,Mumbai,21,3,0,30.27,58,2387.61,7134.35,105,134,243,0,0,0,1153.24,0,
TXN05-00937,5,2026-05-28 21:29:22,1917.47,Restaurants,50004,UPI,DEV-05-4,iPhone,Mumbai,21,3,0,14.07,59,2397.77,7142.79,43,93,244,0,0,0,0.0,0,
TXN05-00938,5,2026-05-28 21:57:12,2757.65,Restaurants,50009,UPI,DEV-05-6,Web,Pune,21,3,0,27.83,60,2399.62,7160.83,18,47,168,0,0,0,120.15,0,
TXN05-00939,5,2026-05-28 22:27:20,1290.09,Fuel,50003,Card,DEV-05-5,Android,Pune,22,3,0,30.13,61,2400.86,7160.85,105,50,169,0,0,0,0.0,0,
TXN05-00940,5,2026-05-28 22:42:30,1131.02,Taxi,50049,Card,DEV-05-2,iPhone,Pune,22,3,0,15.17,62,2397.99,7151.81,6,219,170,0,0,0,0.0,0,
TXN05-00941,5,2026-05-28 23:30:28,1240.38,Restaurants,50034,UPI,DEV-05-4,iPhone,Delhi,23,3,0,47.97,63,2400.9,7160.69,4,94,294,0,0,0,1179.48,0,
TXN05-00942,5,2026-05-28 23:34:07,1253.26,Hotels,50024,UPI,DEV-05-4,iPhone,Delhi,23,3,0,3.65,64,2397.9,7151.68,17,95,295,0,0,0,0.0,0,
TXN05-00943,5,2026-05-28 23:54:38,1660.32,Hotels,50036,UPI,DEV-05-1,Android,Pune,23,3,0,20.52,65,2396.58,7151.84,7,334,171,0,0,0,1179.48,0,
TXN05-00944,5,2026-05-29 00:26:20,821.52,Restaurants,50008,UPI,DEV-UNK-3661,Android,Jaipur,0,4,0,31.7,1,2394.69,7142.72,36,1,99,1,0,0,953.87,1,ato_odd_hour_new_device
TXN05-00945,5,2026-05-29 01:46:34,2098.79,Taxi,50154,Card,DEV-05-21,iPhone,Delhi,1,4,0,80.23,2,2390.64,7133.98,1,1,296,1,0,1,237.53,1,ato_higher_amount_odd_hour
TXN05-00946,5,2026-05-29 06:32:58,1458.18,Fuel,50003,UPI,DEV-05-2,iPhone,Pune,6,4,0,286.4,3,2393.49,7142.59,106,220,172,0,0,0,1179.48,0,
TXN05-00947,5,2026-05-29 06:34:43,1598.49,Fuel,50003,Card,DEV-05-2,iPhone,Pune,6,4,0,1.75,4,2391.08,7133.56,107,221,173,0,0,0,0.0,0,
TXN05-00948,5,2026-05-29 06:47:59,901.68,Hotels,50005,Card,DEV-05-4,iPhone,Pune,6,4,0,13.27,5,2389.05,7124.52,71,96,174,0,0,0,0.0,0,
TXN05-00949,5,2026-05-29 07:23:24,4000.0,Fuel,50006,UPI,DEV-05-3,Web,Pune,7,4,0,35.42,6,2387.69,7124.76,44,135,175,0,0,0,0.0,0,
TXN05-00950,5,2026-05-29 07:34:55,1739.82,Hotels,50015,Card,DEV-05-2,iPhone,Pune,7,4,0,11.52,7,2391.81,7116.11,14,222,176,0,0,0,0.0,0,
TXN05-00951,5,2026-05-29 08:03:15,2470.35,Hotels,50025,UPI,DEV-05-5,Android,Delhi,8,4,0,28.33,8,2390.15,7107.1,11,51,297,0,0,0,1179.48,0,
TXN05-00952,5,2026-05-29 08:20:43,2057.0,Restaurants,50004,Card,DEV-05-7,Android,Delhi,8,4,0,17.47,9,2390.35,7098.05,44,24,298,0,0,0,0.0,0,
TXN05-00953,5,2026-05-29 08:29:47,735.14,Fuel,50003,UPI,DEV-05-4,iPhone,Bangalore,8,4,0,9.07,10,2389.51,7089.06,108,97,123,0,0,0,1750.11,0,
TXN05-00954,5,2026-05-29 08:35:33,794.36,Taxi,50058,UPI,DEV-05-5,Android,Mumbai,8,4,0,5.77,11,2385.32,7080.57,3,52,245,0,0,0,845.32,0,
TXN05-00955,5,2026-05-29 09:21:59,802.24,Restaurants,50001,Card,DEV-05-1,Android,Jaipur,9,4,0,46.43,12,2394.84,7106.46,106,335,100,0,0,0,920.74,0,
TXN05-00956,5,2026-05-29 09:25:16,1664.55,Fuel,50003,Card,DEV-05-7,Android,Delhi,9,4,0,3.28,13,2390.79,7097.87,109,25,299,0,0,0,237.53,0,
TXN05-00957,5,2026-05-29 09:32:57,1445.29,Hotels,50027,Card,DEV-05-2,iPhone,Mumbai,9,4,0,7.68,14,2388.95,7088.95,6,223,246,0,0,0,1153.24,0,
TXN05-00958,5,2026-05-29 09:40:53,1863.31,Restaurants,50022,Card,DEV-05-1,Android,Pune,9,4,0,7.93,15,2386.56,7080.13,12,336,177,0,0,0,120.15,0,
TXN05-00959,5,2026-05-29 09:49:42,1032.88,Restaurants,50001,UPI,DEV-05-3,Web,Delhi,9,4,0,8.82,16,2382.26,7079.93,107,136,300,0,0,0,1179.48,0,
TXN05-00960,5,2026-05-29 10:44:52,2490.6,Fuel,50003,Card,DEV-05-2,iPhone,Pune,10,4,0,55.17,17,2378.85,7071.31,110,224,178,0,0,0,1179.48,0,
TXN05-00961,5,2026-05-29 10:53:56,1524.31,Fuel,50053,UPI,DEV-05-2,iPhone,Bangalore,10,4,0,9.07,18,2379.13,7062.4,7,225,124,0,0,0,735.23,0,
TXN05-00962,5,2026-05-29 11:16:36,2642.28,Restaurants,50012,Card,DEV-05-5,Android,Delhi,11,4,0,22.67,19,2386.04,7096.55,13,53,301,0,0,0,1750.11,0,
TXN05-00963,5,2026-05-29 11:45:01,1131.94,Restaurants,50001,UPI,DEV-05-2,iPhone,Delhi,11,4,0,28.42,20,2395.16,7104.61,108,226,302,0,0,0,0.0,0,
TXN05-00964,5,2026-05-29 11:53:03,2047.35,Fuel,50003,UPI,DEV-05-8,iPhone,Jaipur,11,4,0,8.03,21,2392.87,7104.87,111,13,101,0,0,0,237.53,0,
TXN05-00965,5,2026-05-29 12:34:40,4000.0,Restaurants,50004,UPI,DEV-05-3,Web,Delhi,12,4,0,41.62,22,2389.96,7104.78,45,137,303,0,0,0,237.53,0,
TXN05-00966,5,2026-05-29 12:52:17,693.25,Restaurants,50001,UPI,DEV-05-1,Android,Pune,12,4,0,17.62,23,2394.05,7096.19,109,337,179,0,0,0,1179.48,0,
TXN05-00967,5,2026-05-29 14:46:10,730.17,Fuel,50048,UPI,DEV-05-4,iPhone,Bangalore,14,4,0,113.88,24,2397.7,7114.09,5,98,125,0,0,0,735.23,0,
TXN05-00968,5,2026-05-29 14:48:38,1639.97,Restaurants,50004,UPI,DEV-05-10,Android,Delhi,14,4,0,2.47,25,2396.6,7123.55,46,9,304,0,0,0,1750.11,0,
TXN05-00969,5,2026-05-29 15:15:44,2920.08,Restaurants,50008,UPI,DEV-05-1,Android,Jaipur,15,4,0,27.1,26,2400.85,7132.25,37,338,102,0,0,0,237.53,0,
TXN05-00970,5,2026-05-29 15:26:28,693.9,Restaurants,50001,Card,DEV-05-7,Android,Jaipur,15,4,0,10.73,27,2398.08,7131.83,110,26,103,0,0,0,0.0,0,
TXN05-00971,5,2026-05-29 15:50:36,2835.91,Restaurants,50001,Card,DEV-05-1,Android,Mumbai,15,4,0,24.13,28,2393.71,7123.2,111,339,247,0,0,0,920.74,0,
TXN05-00972,5,2026-05-29 16:04:49,1720.3,Restaurants,50011,UPI,DEV-05-4,iPhone,Pune,16,4,0,14.22,29,2394.84,7114.12,21,99,180,0,0,0,120.15,0,
TXN05-00973,5,2026-05-29 16:07:45,1069.68,Fuel,50047,UPI,DEV-05-1,Android,Delhi,16,4,0,2.93,30,2393.12,7105.13,7,340,305,0,0,0,1179.48,0,
TXN05-00974,5,2026-05-29 16:24:40,1964.59,Restaurants,50001,UPI,DEV-05-3,Web,Delhi,16,4,0,16.92,31,2389.75,7096.39,112,138,306,0,0,0,0.0,0,
TXN05-00975,5,2026-05-29 16:33:25,382.42,Restaurants,50001,Card,DEV-05-4,iPhone,Mumbai,16,4,0,8.75,32,2388.67,7087.42,113,100,248,0,0,0,1153.24,0,
TXN05-00976,5,2026-05-29 17:12:45,3778.56,Taxi,50039,UPI,DEV-05-1,Android,Mumbai,17,4,0,39.33,33,2379.49,7087.67,9,341,249,0,0,0,0.0,0,
TXN05-00977,5,2026-05-29 17:24:01,3917.84,Fuel,50003,Card,DEV-05-2,iPhone,Pune,17,4,0,11.27,34,2380.41,7087.82,112,227,181,0,0,0,120.15,0,
TXN05-00978,5,2026-05-29 17:55:15,1399.4,Restaurants,50019,Card,DEV-05-1,Android,Pune,17,4,0,31.23,35,2383.18,7088.21,9,342,182,0,0,0,0.0,0,
TXN05-00979,5,2026-05-29 18:34:13,604.22,Hotels,50060,Card,DEV-05-3,Web,Pune,18,4,0,38.97,36,2376.58,7087.91,1,139,183,0,0,1,0.0,0,
TXN05-00980,5,2026-05-29 18:40:59,1317.58,Restaurants,50001,UPI,DEV-05-5,Android,Delhi,18,4,0,6.77,37,2372.09,7079.5,114,54,307,0,0,0,1179.48,0,
TXN05-00981,5,2026-05-29 18:47:58,2337.55,Fuel,50006,UPI,DEV-05-9,Web,Mumbai,18,4,0,6.98,38,2369.51,7079.69,45,10,250,0,0,0,1153.24,0,
TXN05-00982,5,2026-05-29 19:08:33,4000.0,Restaurants,50020,UPI,DEV-05-6,Web,Mumbai,19,4,0,20.58,39,2365.19,7088.39,9,48,251,0,0,0,0.0,0,
TXN05-00983,5,2026-05-29 19:15:59,1266.93,Fuel,50048,UPI,DEV-05-4,iPhone,Bangalore,19,4,0,7.43,40,2371.61,7088.72,6,101,126,0,0,0,845.32,0,
TXN05-00984,5,2026-05-29 19:39:58,1587.36,Restaurants,50022,UPI,DEV-05-1,Android,Pune,19,4,0,23.98,41,2371.12,7088.79,13,343,184,0,0,0,735.23,0,
TXN05-00985,5,2026-05-29 21:01:19,1528.01,Fuel,50003,Card,DEV-05-4,iPhone,Pune,21,4,0,81.35,42,2369.06,7088.9,113,102,185,0,0,0,0.0,0,
TXN05-00986,5,2026-05-29 21:44:12,2448.91,Restaurants,50044,UPI,DEV-05-16,iPhone,Mumbai,21,4,0,42.88,43,2374.4,7097.17,2,1,252,1,0,0,120.15,0,
TXN05-00987,5,2026-05-29 22:47:09,950.97,Hotels,50005,UPI,DEV-05-4,iPhone,Delhi,22,4,0,62.95,44,2388.29,7122.84,72,103,308,0,0,0,1153.24,0,
TXN05-00988,5,2026-05-29 22:51:52,1702.85,Hotels,50005,UPI,DEV-05-1,Android,Delhi,22,4,0,4.72,45,2384.62,7114.09,73,344,309,0,0,0,0.0,0,
TXN05-00989,5,2026-05-29 23:22:10,1684.55,Restaurants,50001,Card,DEV-05-6,Web,Delhi,23,4,0,30.3,46,2383.91,7123.17,115,49,310,0,0,0,0.0,0,
TXN05-00990,5,2026-05-29 23:32:59,3436.74,Hotels,50017,UPI,DEV-05-6,Web,Mumbai,23,4,0,10.82,47,2382.12,7114.15,10,50,253,0,0,0,1153.24,0,
TXN05-00991,5,2026-05-30 01:30:40,5704.94,Fuel,50001,UPI,DEV-05-1,Android,Unknown Country,1,5,1,117.68,1,2382.47,7114.19,116,345,7,0,0,0,8211.14,1,unknown_country_purchase
TXN05-00992,5,2026-05-30 01:53:18,8000.0,Shopping,50001,UPI,DEV-05-1,Android,Delhi,1,5,1,22.63,2,2390.94,7107.09,117,346,311,0,0,0,8752.13,1,late_night_spree
TXN05-00993,5,2026-05-30 02:03:18,1078.43,Shopping,50001,UPI,DEV-05-1,Android,Delhi,2,5,1,10.0,3,2405.21,7103.67,118,347,312,0,0,0,0.0,1,late_night_spree
TXN05-00994,5,2026-05-30 06:18:10,4000.0,Taxi,50061,Card,DEV-05-1,Android,Delhi,6,5,1,254.87,4,2148.79,5121.06,1,348,313,0,0,1,0.0,0,
TXN05-00995,5,2026-05-30 06:52:41,507.93,Taxi,50030,UPI,DEV-05-5,Android,Bangalore,6,5,1,34.52,5,2164.2,5140.42,11,55,127,0,0,0,1750.11,0,
TXN05-00996,5,2026-05-30 07:05:13,1264.12,Restaurants,50011,Card,DEV-05-4,iPhone,Mumbai,7,5,1,12.53,6,2159.96,5134.51,22,104,254,0,0,0,845.32,0,
TXN05-00997,5,2026-05-30 07:52:00,1465.65,Restaurants,50038,Card,DEV-05-1,Android,Delhi,7,5,1,46.78,7,2157.66,5128.14,4,349,314,0,0,0,1153.24,0,
TXN05-00998,5,2026-05-30 09:09:52,1507.18,Restaurants,50001,Card,DEV-05-4,iPhone,Jaipur,9,5,1,77.87,8,2145.01,5152.86,119,105,104,0,0,0,237.53,0,
TXN05-00999,5,2026-05-30 09:38:52,2423.95,Fuel,50006,UPI,DEV-05-12,Web,Mumbai,9,5,1,29.0,9,2137.86,5171.58,46,2,255,0,0,0,920.74,0,
TXN05-01000,5,2026-05-30 10:17:40,2912.07,Taxi,50030,UPI,DEV-05-9,Web,Mumbai,10,5,1,38.8,10,2138.6,5164.88,12,11,256,0,0,0,0.0,0,
TXN05-01001,5,2026-05-30 10:42:34,371.16,Hotels,50005,Card,DEV-05-4,iPhone,Jaipur,10,5,1,24.9,11,2147.88,5170.76,74,106,105,0,0,0,920.74,0,
TXN05-01002,5,2026-05-30 10:53:07,3144.33,Taxi,50002,UPI,DEV-05-1,Android,Delhi,10,5,1,10.55,12,2140.72,5177.73,61,350,315,0,0,0,237.53,0,
TXN05-01003,5,2026-05-30 11:07:07,2313.64,Fuel,50003,Card,DEV-05-2,iPhone,Mumbai,11,5,1,14.0,13,2143.34,5171.24,114,228,257,0,0,0,1153.24,0,
TXN05-01004,5,2026-05-30 11:27:42,1343.17,Restaurants,50008,UPI,DEV-05-1,Android,Pune,11,5,1,20.58,14,2143.78,5164.53,38,351,186,0,0,0,120.15,0,
TXN05-01005,5,2026-05-30 11:35:53,2642.83,Fuel,50003,UPI,DEV-05-3,Web,Bangalore,11,5,1,8.18,15,2147.34,5170.78,115,140,128,0,0,0,735.23,0,
TXN05-01006,5,2026-05-30 12:47:16,2074.36,Taxi,50029,UPI,DEV-05-1,Android,Mumbai,12,5,1,71.38,16,2154.57,5176.74,19,352,258,0,0,0,845.32,0,
TXN05-01007,5,2026-05-30 13:04:00,1155.98,Fuel,50028,UPI,DEV-05-1,Android,Pune,13,5,1,16.73,17,2154.36,5170.0,23,353,187,0,0,0,120.15,0,
TXN05-01008,5,2026-05-30 13:28:29,1176.9,Restaurants,50032,UPI,DEV-05-4,iPhone,Bangalore,13,5,1,24.48,18,2150.42,5175.68,4,107,129,0,0,0,735.23,0,
TXN05-01009,5,2026-05-30 14:27:46,2023.08,Fuel,50047,UPI,DEV-05-3,Web,Pune,14,5,1,59.28,19,2157.81,5188.25,8,141,188,0,0,0,735.23,0,
TXN05-01010,5,2026-05-30 14:49:52,4000.0,Fuel,50048,UPI,DEV-05-1,Android,Pune,14,5,1,22.1,20,2157.46,5181.46,7,354,189,0,0,0,0.0,0,
TXN05-01011,5,2026-05-30 14:51:24,4000.0,Restaurants,50004,Card,DEV-05-8,iPhone,Bangalore,14,5,1,1.53,21,2162.27,5175.54,47,14,130,0,0,0,735.23,0,
TXN05-01012,5,2026-05-30 15:06:06,2117.36,Hotels,50018,Card,DEV-05-1,Android,Delhi,15,5,1,14.7,22,2171.32,5175.72,14,355,316,0,0,0,1750.11,0,
TXN05-01013,5,2026-05-30 15:23:56,716.14,Hotels,50014,Card,DEV-05-6,Web,Jaipur,15,5,1,17.83,23,2171.18,5168.98,25,51,106,0,0,0,237.53,0,
TXN05-01014,5,2026-05-30 15:24:04,1846.32,Fuel,50043,UPI,DEV-05-1,Android,Delhi,15,5,1,0.13,24,2167.4,5162.79,7,356,317,0,0,0,237.53,0,
TXN05-01015,5,2026-05-30 15:28:52,1957.27,Taxi,50002,UPI,DEV-05-3,Web,Bangalore,15,5,1,4.8,25,2166.57,5156.12,62,142,131,0,0,0,1750.11,0,
TXN05-01016,5,2026-05-30 15:32:44,3735.17,Fuel,50003,UPI,DEV-05-4,iPhone,Bangalore,15,5,1,3.87,26,2166.03,5149.47,116,108,132,0,0,0,0.0,0,
TXN05-01017,5,2026-05-30 15:49:02,1256.77,Fuel,50048,UPI,DEV-05-5,Android,Delhi,15,5,1,16.3,27,2172.92,5149.78,8,56,318,0,0,0,1750.11,0,
TXN05-01018,5,2026-05-30 16:39:55,616.57,Taxi,50007,UPI,DEV-05-1,Android,Bangalore,16,5,1,50.88,28,2173.41,5156.05,24,357,133,0,0,0,1750.11,0,
TXN05-01019,5,2026-05-30 17:43:40,1234.3,Restaurants,50001,Card,DEV-05-3,Web,Delhi,17,5,1,63.75,29,2141.62,5127.66,120,143,319,0,0,0,1750.11,0,
TXN05-01020,5,2026-05-30 17:47:15,1899.13,Restaurants,50001,Card,DEV-05-1,Android,Mumbai,17,5,1,3.58,30,2139.28,5121.24,121,358,259,0,0,0,1153.24,0,
TXN05-01021,5,2026-05-30 18:17:45,736.72,Fuel,50040,UPI,DEV-05-2,iPhone,Mumbai,18,5,1,30.5,31,2146.48,5133.65,12,229,260,0,0,0,0.0,0,
TXN05-01022,5,2026-05-30 18:26:18,2852.38,Restaurants,50001,UPI,DEV-05-3,Web,Jaipur,18,5,1,8.55,32,2142.83,5127.5,122,144,107,0,0,0,920.74,0,
TXN05-01023,5,2026-05-30 18:56:46,1247.6,Restaurants,50008,Card,DEV-05-4,iPhone,Delhi,18,5,1,30.47,33,2145.08,5133.45,39,109,320,0,0,0,237.53,0,
TXN05-01024,5,2026-05-30 19:42:57,1497.37,Taxi,50049,UPI,DEV-05-5,Android,Pune,19,5,1,46.18,34,2147.06,5139.98,7,57,190,0,0,0,1179.48,0,
TXN05-01025,5,2026-05-30 19:52:35,1969.0,Fuel,50053,Card,DEV-05-3,Web,Jaipur,19,5,1,9.63,35,2146.52,5140.04,8,145,108,0,0,0,953.87,0,
TXN05-01026,5,2026-05-30 19:59:56,994.01,Fuel,50006,UPI,DEV-05-6,Web,Mumbai,19,5,1,7.35,36,2143.67,5139.84,47,52,261,0,0,0,920.74,0,
TXN05-01027,5,2026-05-30 20:03:16,1822.7,Fuel,50047,UPI,DEV-05-9,Web,Jaipur,20,5,1,3.33,37,2140.69,5133.49,9,12,109,0,0,0,920.74,0,
TXN05-01028,5,2026-05-30 20:07:37,3090.02,Fuel,50013,UPI,DEV-05-3,Web,Jaipur,20,5,1,4.35,38,2139.86,5126.86,37,146,110,0,0,0,0.0,0,
TXN05-01029,5,2026-05-30 20:33:58,2389.92,Hotels,50005,UPI,DEV-05-6,Web,Bangalore,20,5,1,26.35,39,2141.29,5127.05,75,53,134,0,0,0,1561.54,0,
TXN05-01030,5,2026-05-30 20:43:43,2719.43,Hotels,50014,UPI,DEV-05-3,Web,Pune,20,5,1,9.75,40,2141.94,5120.44,26,147,191,0,0,0,735.23,0,
TXN05-01031,5,2026-05-30 21:03:06,588.71,Fuel,50043,UPI,DEV-05-2,iPhone,Delhi,21,5,1,19.38,41,2145.45,5120.37,8,230,321,0,0,0,1179.48,0,
TXN05-01032,5,2026-05-30 21:31:53,3264.25,Taxi,50029,Card,DEV-05-5,Android,Jaipur,21,5,1,28.78,42,2148.35,5132.89,20,58,111,0,0,0,237.53,0,
TXN05-01033,5,2026-05-30 22:16:15,4000.0,Fuel,50003,Card,DEV-05-1,Android,Bangalore,22,5,1,44.37,43,2151.37,5139.62,117,359,135,0,0,0,1561.54,0,
TXN05-01034,5,2026-05-30 22:21:03,1952.23,Fuel,50003,Card,DEV-05-3,Web,Jaipur,22,5,1,4.8,44,2156.17,5133.81,118,148,112,0,0,0,1561.54,0,
TXN05-01035,5,2026-05-30 22:21:41,4000.0,Taxi,50002,Card,DEV-05-1,Android,Mumbai,22,5,1,0.63,45,2155.64,5127.16,63,360,262,0,0,0,920.74,0,
TXN05-01036,5,2026-05-30 22:33:53,1107.4,Fuel,50059,UPI,DEV-05-6,Web,Delhi,22,5,1,12.2,46,2163.65,5127.62,2,54,322,0,0,0,1153.24,0,
TXN05-01037,5,2026-05-30 22:49:07,2060.37,Restaurants,50009,Card,DEV-05-2,iPhone,Mumbai,22,5,1,15.23,47,2160.92,5121.27,19,231,263,0,0,0,1153.24,0,
TXN05-01038,5,2026-05-30 23:17:40,1008.17,Hotels,50005,Card,DEV-05-1,Android,Mumbai,23,5,1,28.55,48,2160.67,5114.67,76,361,264,0,0,0,0.0,0,
TXN05-01039,5,2026-05-31 01:46:34,2198.21,Taxi,50037,UPI,DEV-05-10,Android,Delhi,1,6,1,148.9,1,2164.64,5120.66,8,10,323,0,0,0,1153.24,1,ato_odd_hour
TXN05-01040,5,2026-05-31 01:52:22,3621.29,Shopping,50001,UPI,DEV-05-1,Android,Delhi,1,6,1,5.8,2,2164.73,5114.05,123,362,324,0,0,0,0.0,1,late_night_spree
TXN05-01041,5,2026-05-31 02:42:22,7248.87,Shopping,50001,UPI,DEV-05-1,Android,Delhi,2,6,1,50.0,3,2168.47,5108.01,124,363,325,0,0,0,0.0,1,late_night_spree
TXN05-01042,5,2026-05-31 06:02:48,990.47,Restaurants,50001,UPI,DEV-05-5,Android,Delhi,6,6,1,200.43,4,2182.69,5114.43,125,59,326,0,0,0,0.0,0,
TXN05-01043,5,2026-05-31 06:55:52,667.88,Hotels,50017,Card,DEV-05-1,Android,Pune,6,6,1,53.07,5,2176.67,5121.13,11,364,192,0,0,0,1179.48,0,
TXN05-01044,5,2026-05-31 07:20:05,1464.64,Restaurants,50032,Card,DEV-05-2,iPhone,Jaipur,7,6,1,24.22,6,2170.37,5127.46,5,232,113,0,0,0,953.87,0,
TXN05-01045,5,2026-05-31 07:26:34,772.63,Taxi,50002,UPI,DEV-05-2,iPhone,Mumbai,7,6,1,6.48,7,2168.55,5120.97,64,233,265,0,0,0,920.74,0,
TXN05-01046,5,2026-05-31 07:29:01,1622.85,Restaurants,50001,UPI,DEV-05-2,iPhone,Mumbai,7,6,1,2.45,8,2166.56,5121.36,126,234,266,0,0,0,0.0,0,
TXN05-01047,5,2026-05-31 07:50:18,2119.19,Fuel,50062,Card,DEV-05-1,Android,Jaipur,7,6,1,21.28,9,2167.92,5121.15,1,365,114,0,0,1,920.74,0,
TXN05-01048,5,2026-05-31 07:59:53,1311.21,Hotels,50010,Card,DEV-05-2,iPhone,Bangalore,7,6,1,9.58,10,2167.79,5114.56,37,235,136,0,0,0,1561.54,0,
TXN05-01049,5,2026-05-31 08:02:14,1255.1,Taxi,50002,UPI,DEV-05-2,iPhone,Mumbai,8,6,1,2.35,11,2165.6,5108.18,65,236,267,0,0,0,845.32,0,
TXN05-01050,5,2026-05-31 09:16:53,4000.0,Taxi,50061,UPI,DEV-05-1,Android,Jaipur,9,6,1,74.65,12,2148.35,5146.88,2,366,115,0,0,0,920.74,0,
TXN05-01051,5,2026-05-31 09:18:51,447.35,Fuel,50047,UPI,DEV-05-2,iPhone,Jaipur,9,6,1,1.97,13,2153.18,5141.03,10,237,116,0,0,0,0.0,0,
TXN05-01052,5,2026-05-31 10:03:08,529.12,Fuel,50013,Card,DEV-05-1,Android,Pune,10,6,1,44.28,14,2149.91,5141.71,38,367,193,0,0,0,953.87,0,
TXN05-01053,5,2026-05-31 10:30:54,843.0,Fuel,50028,Card,DEV-05-5,Android,Bangalore,10,6,1,27.77,15,2145.68,5135.68,24,60,137,0,0,0,735.23,0,
TXN05-01054,5,2026-05-31 10:39:32,3181.15,Restaurants,50022,Card,DEV-05-6,Web,Mumbai,10,6,1,8.63,16,2142.3,5129.43,14,55,268,0,0,0,845.32,0,
TXN05-01055,5,2026-05-31 11:38:10,1037.46,Fuel,50003,UPI,DEV-05-2,iPhone,Pune,11,6,1,58.63,17,2148.25,5142.62,119,238,194,0,0,0,120.15,0,
TXN05-01056,5,2026-05-31 11:53:02,303.93,Fuel,50003,UPI,DEV-05-10,Android,Mumbai,11,6,1,14.87,18,2149.7,5142.22,120,11,269,0,0,0,120.15,0,
TXN05-01057,5,2026-05-31 12:12:59,1035.92,Hotels,50005,Card,DEV-05-1,Android,Delhi,12,6,1,19.95,19,2144.9,5136.39,77,368,327,0,0,0,1153.24,0,
TXN05-01058,5,2026-05-31 12:59:04,1594.12,Taxi,50054,UPI,DEV-05-1,Android,Bangalore,12,6,1,46.08,20,2142.71,5149.93,2,369,138,0,0,0,1750.11,0,
TXN05-01059,5,2026-05-31 13:15:49,4000.0,Fuel,50003,Card,DEV-05-1,Android,Delhi,13,6,1,16.75,21,2143.7,5149.79,121,370,328,0,0,0,1750.11,0,
TXN05-01060,5,2026-05-31 13:49:47,887.35,Hotels,50024,UPI,DEV-05-2,iPhone,Delhi,13,6,1,33.97,22,2148.55,5143.93,18,239,329,0,0,0,0.0,0,
TXN05-01061,5,2026-05-31 14:10:36,2707.51,Taxi,50002,UPI,DEV-05-5,Android,Mumbai,14,6,1,20.82,23,2156.5,5163.4,66,61,270,0,0,0,1153.24,0,
TXN05-01062,5,2026-05-31 14:20:13,2771.5,Restaurants,50001,Card,DEV-05-3,Web,Bangalore,14,6,1,9.62,24,2157.94,5156.7,127,149,139,0,0,0,845.32,0,
TXN05-01063,5,2026-05-31 14:49:29,11490.97,Fuel,50001,UPI,DEV-05-1,Android,Unknown Country,14,6,1,29.27,25,2159.55,5150.04,128,371,8,0,0,0,8663.87,1,unknown_country_purchase
TXN05-01064,5,2026-05-31 15:09:38,1578.02,Fuel,50013,Card,DEV-05-2,iPhone,Pune,15,6,1,20.15,26,2182.88,5172.03,39,240,195,0,0,0,8307.79,0,
TXN05-01065,5,2026-05-31 15:27:04,1436.23,Taxi,50002,Card,DEV-05-1,Android,Mumbai,15,6,1,17.43,27,2181.31,5165.36,67,372,271,0,0,0,120.15,0,
TXN05-01066,5,2026-05-31 16:31:46,706.51,Taxi,50050,UPI,DEV-05-9,Web,Pune,16,6,1,64.7,28,2175.97,5178.46,8,13,196,0,0,0,120.15,0,
TXN05-01067,5,2026-05-31 16:37:28,598.81,Fuel,50003,Card,DEV-05-1,Android,Pune,16,6,1,5.7,29,2172.13,5172.22,122,373,197,0,0,0,0.0,0,
TXN05-01068,5,2026-05-31 16:59:26,2003.76,Restaurants,50009,UPI,DEV-05-2,iPhone,Mumbai,16,6,1,21.97,30,2177.32,5185.27,20,241,272,0,0,0,120.15,0,
TXN05-01069,5,2026-05-31 17:01:24,2727.52,Hotels,50025,Card,DEV-05-7,Android,Jaipur,17,6,1,1.97,31,2176.87,5178.47,12,27,117,0,0,0,920.74,0,
TXN05-01070,5,2026-05-31 17:32:39,437.69,Fuel,50028,UPI,DEV-05-1,Android,Jaipur,17,6,1,31.25,32,2183.39,5190.34,25,374,118,0,0,0,0.0,0,
TXN05-01071,5,2026-05-31 17:33:01,1530.32,Hotels,50056,Card,DEV-05-11,iPhone,Mumbai,17,6,1,0.37,33,2178.8,5184.28,2,2,273,0,0,0,920.74,0,
TXN05-01072,5,2026-05-31 17:46:24,1731.28,Fuel,50062,UPI,DEV-05-2,iPhone,Bangalore,17,6,1,13.38,34,2183.8,5190.25,2,242,140,0,0,0,845.32,0,
TXN05-01073,5,2026-05-31 17:58:12,2389.8,Fuel,50006,Card,DEV-05-3,Web,Mumbai,17,6,1,11.8,35,2182.61,5183.47,48,150,274,0,0,0,845.32,0,
TXN05-01074,5,2026-05-31 18:28:58,1409.25,Fuel,50063,Card,DEV-05-1,Android,Mumbai,18,6,1,30.77,36,2183.15,5176.68,1,375,275,0,0,1,0.0,0,
TXN05-01075,5,2026-05-31 19:30:43,681.43,Hotels,50005,UPI,DEV-05-7,Android,Pune,19,6,1,61.75,37,2186.92,5189.92,78,28,198,0,0,0,120.15,0,
TXN05-01076,5,2026-05-31 20:02:33,1239.36,Hotels,50017,UPI,DEV-05-1,Android,Pune,20,6,1,31.83,38,2184.78,5190.37,12,376,199,0,0,0,0.0,0,
TXN05-01077,5,2026-05-31 20:10:02,2038.26,Hotels,50031,UPI,DEV-05-6,Web,Delhi,20,6,1,7.48,39,2182.29,5183.76,5,56,330,0,0,0,1179.48,0,
TXN05-01078,5,2026-05-31 20:19:52,1203.08,Taxi,50030,Card,DEV-05-8,iPhone,Delhi,20,6,1,9.83,40,2184.94,5183.43,13,15,331,0,0,0,0.0,0,
TXN05-01079,5,2026-05-31 20:26:37,2791.88,Fuel,50064,Card,DEV-05-2,iPhone,Mumbai,20,6,1,6.75,41,2182.36,5176.87,1,243,276,0,0,1,1153.24,0,
TXN05-01080,5,2026-05-31 20:26:58,767.14,Restaurants,50026,UPI,DEV-05-3,Web,Jaipur,20,6,1,0.35,42,2183.96,5170.18,10,151,119,0,0,0,920.74,0,
TXN05-01081,5,2026-05-31 20:42:54,1106.16,Hotels,50025,UPI,DEV-05-3,Web,Mumbai,20,6,1,15.93,43,2178.86,5170.62,13,152,277,0,0,0,920.74,0,
TXN05-01082,5,2026-05-31 21:02:08,2869.05,Fuel,50028,Card,DEV-05-1,Android,Mumbai,21,6,1,19.23,44,2177.37,5183.57,26,377,278,0,0,0,0.0,0,
TXN05-01083,5,2026-05-31 21:18:28,965.02,Hotels,50005,UPI,DEV-05-5,Android,Pune,21,6,1,16.33,45,2178.89,5183.69,79,62,200,0,0,0,120.15,0,
TXN05-01084,5,2026-05-31 21:24:38,963.37,Hotels,50025,UPI,DEV-05-5,Android,Bangalore,21,6,1,6.17,46,2175.7,5177.25,14,63,141,0,0,0,735.23,0,
TXN05-01085,5,2026-05-31 21:40:09,897.87,Restaurants,50011,Card,DEV-05-1,Android,Jaipur,21,6,1,15.52,47,2172.53,5170.84,23,378,120,0,0,0,1561.54,0,
TXN05-01086,5,2026-05-31 22:14:33,2900.26,Restaurants,50035,UPI,DEV-05-2,iPhone,Mumbai,22,6,1,34.4,48,2172.83,5177.78,4,244,279,0,0,0,920.74,0,
TXN05-01087,5,2026-05-31 22:29:28,1814.81,Hotels,50017,Card,DEV-UNK-2292,Web,Mumbai,22,6,1,14.92,49,2174.74,5171.13,13,1,280,1,0,0,0.0,1,ato_new_device
TXN05-01088,5,2026-05-31 22:41:55,2527.14,Hotels,50015,UPI,DEV-05-1,Android,Mumbai,22,6,1,12.45,50,2173.72,5177.64,15,379,281,0,0,0,0.0,0,
TXN05-01089,5,2026-05-31 23:25:15,1578.37,Restaurants,50001,UPI,DEV-05-2,iPhone,Delhi,23,6,1,43.33,51,2180.24,5183.88,129,245,332,0,0,0,1153.24,0,
TXN05-01090,5,2026-05-31 23:29:29,1385.18,Hotels,50014,UPI,DEV-05-2,iPhone,Mumbai,23,6,1,4.23,52,2178.66,5177.17,27,246,282,0,0,0,1153.24,0,
TXN05-01091,5,2026-05-31 23:37:54,648.26,Restaurants,50042,UPI,DEV-05-3,Web,Delhi,23,6,1,8.42,53,2181.38,5176.48,5,153,333,0,0,0,1153.24,0,
TXN05-01092,5,2026-05-31 23:39:07,1432.53,Hotels,50005,Card,DEV-05-3,Web,Mumbai,23,6,1,1.22,54,2177.36,5170.29,80,154,283,0,0,0,1153.24,0,
TXN05-01093,5,2026-05-31 23:47:47,676.78,Restaurants,50009,UPI,DEV-05-3,Web,Bangalore,23,6,1,8.67,55,2176.83,5170.36,21,155,142,0,0,0,845.32,0,
TXN05-01094,5,2026-06-01 01:34:59,2862.02,Shopping,50001,UPI,DEV-05-1,Android,Delhi,1,0,0,107.2,1,2168.6,5182.95,130,380,334,0,0,0,1750.11,1,late_night_spree
TXN05-01095,5,2026-06-01 02:21:59,1829.85,Shopping,50001,UPI,DEV-05-1,Android,Delhi,2,0,0,47.0,2,2170.42,5176.27,131,381,335,0,0,0,0.0,1,late_night_spree
TXN05-01096,5,2026-06-01 06:10:35,2624.46,Hotels,50056,Card,DEV-05-5,Android,Bangalore,6,0,0,228.6,3,2169.53,5169.52,3,64,143,0,0,0,1750.11,0,
TXN05-01097,5,2026-06-01 06:14:54,3015.08,Fuel,50003,Card,DEV-05-1,Android,Mumbai,6,0,0,4.32,4,2172.55,5169.45,123,382,284,0,0,0,845.32,0,
TXN05-01098,5,2026-06-01 06:31:32,1598.81,Restaurants,50001,Card,DEV-05-2,iPhone,Mumbai,6,0,0,16.63,5,2173.26,5182.79,132,247,285,0,0,0,0.0,0,
TXN05-01099,5,2026-06-01 07:26:17,1480.01,Hotels,50005,Card,DEV-05-1,Android,Pune,7,0,0,54.75,6,2176.49,5189.13,81,383,201,0,0,0,120.15,0,
TXN05-01100,5,2026-06-01 07:39:56,2134.28,Fuel,50048,UPI,DEV-05-3,Web,Mumbai,7,0,0,13.65,7,2174.65,5182.42,9,156,286,0,0,0,120.15,0,
TXN05-01101,5,2026-06-01 08:00:02,664.25,Restaurants,50033,Card,DEV-05-9,Web,Delhi,8,0,0,20.1,8,2174.55,5175.62,7,14,336,0,0,0,1153.24,0,
TXN05-01102,5,2026-06-01 08:22:45,1759.12,Hotels,50027,UPI,DEV-05-3,Web,Delhi,8,0,0,22.72,9,2172.34,5176.08,7,157,337,0,0,0,0.0,0,
TXN05-01103,5,2026-06-01 08:53:08,731.89,Restaurants,50001,UPI,DEV-05-8,iPhone,Mumbai,8,0,0,30.38,10,2175.03,5175.6,133,16,287,0,0,0,1153.24,0,
TXN05-01104,5,2026-06-01 09:28:25,3293.07,Fuel,50064,UPI,DEV-05-9,Web,Delhi,9,0,0,35.28,11,2171.25,5169.35,2,15,338,0,0,0,1153.24,0,
TXN05-01105,5,2026-06-01 09:38:51,970.6,Fuel,50028,Card,DEV-05-4,iPhone,Mumbai,9,0,0,10.43,12,2174.18,5162.91,27,110,288,0,0,0,1153.24,0,
TXN05-01106,5,2026-06-01 09:58:36,935.72,Hotels,50036,UPI,DEV-05-4,iPhone,Jaipur,9,0,0,19.75,13,2174.6,5162.81,8,111,121,0,0,0,920.74,0,
TXN05-01107,5,2026-06-01 10:12:30,1266.35,Taxi,50002,Card,DEV-05-6,Web,Mumbai,10,0,0,13.9,14,2169.03,5162.99,68,57,289,0,0,0,920.74,0,
TXN05-01108,5,2026-06-01 10:26:35,2218.98,Restaurants,50034,Card,DEV-05-8,iPhone,Mumbai,10,0,0,14.08,15,2166.68,5156.47,5,17,290,0,0,0,0.0,0,
TXN05-01109,5,2026-06-01 10:55:25,4000.0,Restaurants,50009,UPI,DEV-05-2,iPhone,Bangalore,10,0,0,28.83,16,2166.82,5149.77,22,248,144,0,0,0,845.32,0,
TXN05-01110,5,2026-06-01 11:08:42,3147.3,Taxi,50030,Card,DEV-05-2,iPhone,Pune,11,0,0,13.28,17,2175.24,5150.11,14,249,202,0,0,0,735.23,0,
TXN05-01111,5,2026-06-01 11:59:12,4000.0,Hotels,50014,UPI,DEV-05-5,Android,Bangalore,11,0,0,50.5,18,2177.69,5155.39,28,65,145,0,0,0,735.23,0,
TXN05-01112,5,2026-06-01 12:19:45,1733.84,Fuel,50003,UPI,DEV-05-2,iPhone,Jaipur,12,0,0,20.55,19,2186.4,5155.64,124,250,122,0,0,0,1561.54,0,
TXN05-01113,5,2026-06-01 12:34:10,1799.62,Hotels,50010,Card,DEV-05-1,Android,Jaipur,12,0,0,14.42,20,2189.84,5154.9,38,384,123,0,0,0,0.0,0,
TXN05-01114,5,2026-06-01 12:51:10,1191.71,Fuel,50006,UPI,DEV-05-3,Web,Delhi,12,0,0,17.0,21,2188.83,5148.23,49,158,339,0,0,0,237.53,0,
TXN05-01115,5,2026-06-01 12:56:10,3181.93,Taxi,50098,Card,DEV-05-7,Android,Pune,12,0,0,5.0,22,2186.24,5141.81,1,29,203,0,0,1,1179.48,1,ato_short_gap
TXN05-01116,5,2026-06-01 13:03:16,3046.7,Fuel,50028,UPI,DEV-05-6,Web,Delhi,13,0,0,7.1,23,2188.82,5135.41,28,58,340,0,0,0,1179.48,0,
TXN05-01117,5,2026-06-01 13:08:22,3159.25,Taxi,50030,Card,DEV-05-1,Android,Bangalore,13,0,0,5.1,24,2191.03,5128.97,15,385,146,0,0,0,1750.11,0,
TXN05-01118,5,2026-06-01 13:30:18,1209.29,Restaurants,50065,UPI,DEV-05-1,Android,Chennai,13,0,0,21.93,25,2196.06,5128.96,1,386,1,0,1,1,290.17,0,
TXN05-01119,5,2026-06-01 13:30:34,1385.34,Restaurants,50032,Card,DEV-05-5,Android,Bangalore,13,0,0,0.27,26,2193.53,5122.61,6,66,147,0,0,0,290.17,0,
TXN05-01120,5,2026-06-01 13:30:41,2923.69,Fuel,50006,Card,DEV-05-5,Android,Delhi,13,0,0,0.12,27,2191.45,5116.2,50,67,341,0,0,0,1750.11,0,
TXN05-01121,5,2026-06-01 13:47:13,1212.29,Restaurants,50041,Card,DEV-UNK-5878,Android,Mumbai,13,0,0,16.53,28,2193.33,5109.79,6,1,291,1,0,0,1153.24,1,ato_new_device
TXN05-01122,5,2026-06-01 13:53:30,1007.29,Hotels,50005,UPI,DEV-05-1,Android,Delhi,13,0,0,6.28,29,2190.82,5103.51,82,387,342,0,0,0,1153.24,0,
TXN05-01123,5,2026-06-01 14:35:00,4000.0,Fuel,50003,UPI,DEV-05-3,Web,Delhi,14,0,0,41.5,30,2184.99,5109.43,125,159,343,0,0,0,0.0,0,
TXN05-01124,5,2026-06-01 14:49:56,1629.25,Hotels,50010,UPI,DEV-05-5,Android,Bangalore,14,0,0,14.93,31,2189.62,5103.73,39,68,148,0,0,0,1750.11,0,
TXN05-01125,5,2026-06-01 14:50:51,3055.41,Fuel,50003,UPI,DEV-05-5,Android,Mumbai,14,0,0,0.92,32,2188.19,5097.31,126,69,292,0,0,0,845.32,0,
TXN05-01126,5,2026-06-01 14:58:36,759.95,Fuel,50006,Card,DEV-05-4,iPhone,Delhi,14,0,0,7.75,33,2190.39,5091.03,51,112,344,0,0,0,1153.24,0,
TXN05-01127,5,2026-06-01 15:29:07,3670.04,Restaurants,50065,Card,DEV-05-3,Web,Bangalore,15,0,0,30.52,34,2183.28,5091.06,2,160,149,0,0,0,1750.11,0,
TXN05-01128,5,2026-06-01 15:29:26,2189.17,Restaurants,50008,UPI,DEV-05-2,iPhone,Bangalore,15,0,0,0.32,35,2187.05,5085.16,40,251,150,0,0,0,0.0,0,
TXN05-01129,5,2026-06-01 15:30:06,1616.76,Restaurants,50001,Card,DEV-05-2,iPhone,Mumbai,15,0,0,0.67,36,2187.05,5078.74,134,252,293,0,0,0,845.32,0,
TXN05-01130,5,2026-06-01 15:35:38,806.68,Restaurants,50011,Card,DEV-05-7,Android,Mumbai,15,0,0,5.53,37,2185.62,5072.42,24,30,294,0,0,0,0.0,0,
TXN05-01131,5,2026-06-01 15:37:59,919.0,Fuel,50059,Card,DEV-05-17,Android,Pune,15,0,0,2.35,38,2182.15,5066.51,3,1,204,1,0,0,120.15,0,
TXN05-01132,5,2026-06-01 15:59:01,593.49,Hotels,50005,Card,DEV-05-2,iPhone,Delhi,15,0,0,21.03,39,2183.04,5079.12,83,253,345,0,0,0,1179.48,0,
TXN05-01133,5,2026-06-01 16:05:03,539.02,Restaurants,50041,Card,DEV-05-4,iPhone,Bangalore,16,0,0,6.03,40,2179.04,5073.34,7,113,151,0,0,0,1750.11,0,
TXN05-01134,5,2026-06-01 16:05:52,694.48,Hotels,50056,Card,DEV-05-3,Web,Delhi,16,0,0,0.82,41,2174.91,5067.63,4,161,346,0,0,0,1750.11,0,
TXN05-01135,5,2026-06-01 16:29:57,1575.23,Taxi,50049,UPI,DEV-05-2,iPhone,Delhi,16,0,0,24.08,42,2171.2,5061.82,8,254,347,0,0,0,0.0,0,
TXN05-01136,5,2026-06-01 17:59:29,856.81,Restaurants,50052,Card,DEV-05-5,Android,Bangalore,17,0,0,89.53,43,2179.03,5073.4,2,70,152,0,0,0,1750.11,0,
TXN05-01137,5,2026-06-01 18:01:32,9116.1,Fuel,50001,UPI,DEV-05-1,Android,Unknown Country,18,0,0,2.05,44,2175.71,5067.45,135,388,9,0,0,0,8663.87,1,unknown_country_purchase
TXN05-01138,5,2026-06-01 18:29:34,673.48,Hotels,50025,Card,DEV-05-3,Web,Delhi,18,0,0,28.03,45,2193.1,5072.98,15,162,348,0,0,0,8752.13,0,
TXN05-01139,5,2026-06-01 18:41:54,2357.79,Restaurants,50009,UPI,DEV-05-4,iPhone,Delhi,18,0,0,12.33,46,2189.3,5067.2,23,114,349,0,0,0,0.0,0,
TXN05-01140,5,2026-06-01 19:36:29,3588.0,Fuel,50003,UPI,DEV-05-1,Android,Mumbai,19,0,0,54.58,47,2194.51,5073.08,127,389,295,0,0,0,1153.24,0,
TXN05-01141,5,2026-06-01 19:45:28,911.81,Hotels,50018,UPI,DEV-05-3,Web,Bangalore,19,0,0,8.98,48,2197.99,5067.21,15,163,153,0,0,0,845.32,0,
TXN05-01142,5,2026-06-01 19:53:40,2405.97,Fuel,50066,UPI,DEV-05-1,Android,Delhi,19,0,0,8.2,49,2194.78,5061.29,1,390,350,0,0,1,1750.11,0,
TXN05-01143,5,2026-06-01 20:10:42,1338.86,Fuel,50003,UPI,DEV-05-4,iPhone,Delhi,20,0,0,17.03,50,2196.92,5061.2,128,115,351,0,0,0,0.0,0,
TXN05-01144,5,2026-06-01 20:23:59,719.23,Restaurants,50001,UPI,DEV-05-7,Android,Mumbai,20,0,0,13.28,51,2194.78,5055.08,136,31,296,0,0,0,1153.24,0,
TXN05-01145,5,2026-06-01 20:39:04,1928.73,Restaurants,50001,UPI,DEV-05-1,Android,Pune,20,0,0,15.08,52,2193.39,5055.41,137,391,205,0,0,0,120.15,0,
TXN05-01146,5,2026-06-01 20:39:15,2356.49,Fuel,50064,Card,DEV-05-7,Android,Pune,20,0,0,0.18,53,2192.74,5049.15,3,32,206,0,0,0,0.0,0,
TXN05-01147,5,2026-06-01 20:45:32,1793.99,Restaurants,50012,UPI,DEV-05-1,Android,Bangalore,20,0,0,6.28,54,2193.14,5042.91,14,392,154,0,0,0,735.23,0,
TXN05-01148,5,2026-06-01 20:50:51,3250.9,Restaurants,50001,Card,DEV-05-2,iPhone,Bangalore,20,0,0,5.32,55,2192.16,5036.72,138,255,155,0,0,0,0.0,0,
TXN05-01149,5,2026-06-01 21:33:03,2782.37,Fuel,50013,UPI,DEV-05-1,Android,Bangalore,21,0,0,42.2,56,2199.13,5049.11,40,393,156,0,0,0,0.0,0,
TXN05-01150,5,2026-06-01 21:43:31,1441.26,Restaurants,50011,UPI,DEV-05-3,Web,Delhi,21,0,0,10.47,57,2204.58,5048.55,25,164,352,0,0,0,1750.11,0,
TXN05-01151,5,2026-06-01 21:49:19,316.75,Fuel,50067,Card,DEV-05-7,Android,Bangalore,21,0,0,5.8,58,2202.69,5042.44,2,33,157,0,0,0,1750.11,0,
TXN05-01152,5,2026-06-01 21:55:18,2232.87,Taxi,50058,Card,DEV-05-2,iPhone,Delhi,21,0,0,5.98,59,2198.03,5037.08,4,256,353,0,0,0,1750.11,0,
TXN05-01153,5,2026-06-01 22:03:19,901.09,Restaurants,50057,UPI,DEV-05-2,iPhone,Mumbai,22,0,0,8.02,60,2198.12,5030.87,2,257,297,0,0,0,1153.24,0,
TXN05-01154,5,2026-06-01 23:04:33,603.07,Restaurants,50004,Card,DEV-05-1,Android,Mumbai,23,0,0,61.23,61,2197.46,5048.13,48,394,298,0,0,0,0.0,0,
TXN05-01155,5,2026-06-01 23:04:48,1022.46,Restaurants,50016,UPI,DEV-05-1,Android,Bangalore,23,0,0,0.25,62,2193.52,5042.5,17,395,158,0,0,0,845.32,0,
TXN05-01156,5,2026-06-02 06:02:30,1327.63,Fuel,50006,Card,DEV-05-5,Android,Pune,6,1,0,417.7,1,2183.35,5065.92,52,71,207,0,0,0,735.23,0,
TXN05-01157,5,2026-06-02 06:27:52,2052.64,Taxi,50030,Card,DEV-05-6,Web,Pune,6,1,0,25.37,2,2184.28,5072.09,16,59,208,0,0,0,0.0,0,
TXN05-01158,5,2026-06-02 06:41:44,1934.68,Taxi,50002,Card,DEV-05-4,iPhone,Delhi,6,1,0,13.87,3,2187.63,5071.56,69,116,354,0,0,0,1179.48,0,
TXN05-01159,5,2026-06-02 06:53:24,1171.92,Restaurants,50004,Card,DEV-05-4,iPhone,Pune,6,1,0,11.67,4,2186.99,5065.24,49,117,209,0,0,0,1179.48,0,
TXN05-01160,5,2026-06-02 06:57:39,1304.33,Fuel,50047,Card,DEV-05-1,Android,Mumbai,6,1,0,4.25,5,2184.46,5059.17,11,396,299,0,0,0,120.15,0,
TXN05-01161,5,2026-06-02 09:18:47,511.87,Hotels,50005,Card,DEV-05-1,Android,Mumbai,9,1,0,141.13,6,2181.47,5083.7,84,397,300,0,0,0,0.0,0,
TXN05-01162,5,2026-06-02 09:22:59,952.1,Taxi,50002,Card,DEV-05-1,Android,Delhi,9,1,0,4.2,7,2178.86,5084.29,70,398,355,0,0,0,1153.24,0,
TXN05-01163,5,2026-06-02 09:59:18,1720.47,Taxi,50002,UPI,DEV-05-3,Web,Jaipur,9,1,0,36.32,8,2176.32,5096.92,71,165,124,0,0,0,237.53,0,
TXN05-01164,5,2026-06-02 09:59:35,2047.43,Restaurants,50020,Card,DEV-05-12,Web,Jaipur,9,1,0,0.28,9,2175.16,5090.53,10,3,125,0,0,0,0.0,0,
TXN05-01165,5,2026-06-02 10:26:06,714.82,Taxi,50029,UPI,DEV-05-7,Android,Delhi,10,1,0,26.52,10,2180.72,5096.29,21,34,356,0,0,0,237.53,0,
TXN05-01166,5,2026-06-02 10:32:48,3435.48,Restaurants,50032,UPI,DEV-05-3,Web,Mumbai,10,1,0,6.7,11,2177.02,5090.38,7,166,301,0,0,0,1153.24,0,
TXN05-01167,5,2026-06-02 11:18:39,2049.17,Hotels,50017,UPI,DEV-05-2,iPhone,Mumbai,11,1,0,45.85,12,2182.22,5097.01,14,258,302,0,0,0,0.0,0,
TXN05-01168,5,2026-06-02 11:22:49,2022.6,Hotels,50017,Card,DEV-05-6,Web,Mumbai,11,1,0,4.17,13,2181.89,5090.57,15,60,303,0,0,0,0.0,0,
TXN05-01169,5,2026-06-02 11:45:40,692.42,Restaurants,50004,Card,DEV-05-4,iPhone,Mumbai,11,1,0,22.85,14,2179.68,5090.45,50,118,304,0,0,0,0.0,0,
TXN05-01170,5,2026-06-02 12:02:29,1505.39,Restaurants,50041,UPI,DEV-05-4,iPhone,Bangalore,12,1,0,16.82,15,2179.47,5097.19,8,119,159,0,0,0,845.32,0,
TXN05-01171,5,2026-06-02 12:03:14,1375.09,Taxi,50054,Card,DEV-05-11,iPhone,Mumbai,12,1,0,0.75,16,2177.77,5090.87,3,3,305,0,0,0,845.32,0,
TXN05-01172,5,2026-06-02 12:23:35,2677.36,Fuel,50040,UPI,DEV-05-2,iPhone,Pune,12,1,0,20.35,17,2174.48,5090.96,13,259,210,0,0,0,120.15,0,
TXN05-01173,5,2026-06-02 13:24:36,1882.46,Hotels,50010,UPI,DEV-05-4,iPhone,Pune,13,1,0,61.02,18,2186.5,5115.04,40,120,211,0,0,0,0.0,0,
TXN05-01174,5,2026-06-02 13:39:06,711.27,Fuel,50006,Card,DEV-05-4,iPhone,Mumbai,13,1,0,14.5,19,2185.73,5108.55,53,121,306,0,0,0,120.15,0,
TXN05-01175,5,2026-06-02 13:48:24,2096.39,Restaurants,50008,UPI,DEV-05-1,Android,Jaipur,13,1,0,9.3,20,2185.58,5108.59,41,399,126,0,0,0,920.74,0,
TXN05-01176,5,2026-06-02 14:02:36,2120.39,Fuel,50028,UPI,DEV-05-4,iPhone,Pune,14,1,0,14.2,21,2183.22,5108.42,29,122,212,0,0,0,953.87,0,
TXN05-01177,5,2026-06-02 14:30:11,1693.24,Taxi,50054,Card,DEV-05-5,Android,Jaipur,14,1,0,27.58,22,2185.61,5113.92,4,72,127,0,0,0,953.87,0,
TXN05-01178,5,2026-06-02 15:00:23,451.82,Restaurants,50052,UPI,DEV-05-4,iPhone,Pune,15,1,0,30.2,23,2184.35,5107.47,3,123,213,0,0,0,953.87,0,
TXN05-01179,5,2026-06-02 15:04:42,1948.27,Restaurants,50042,UPI,DEV-05-2,iPhone,Bangalore,15,1,0,4.32,24,2179.38,5108.2,6,260,160,0,0,0,735.23,0,
TXN05-01180,5,2026-06-02 15:11:49,1803.66,Fuel,50028,UPI,DEV-05-2,iPhone,Pune,15,1,0,7.12,25,2178.79,5101.73,30,261,214,0,0,0,735.23,0,
TXN05-01181,5,2026-06-02 15:12:38,1673.89,Taxi,50058,Card,DEV-05-4,iPhone,Jaipur,15,1,0,0.82,26,2177.84,5095.3,5,124,128,0,0,0,953.87,0,
TXN05-01182,5,2026-06-02 15:54:20,1519.99,Restaurants,50001,Card,DEV-05-1,Android,Mumbai,15,1,0,41.7,27,2180.67,5094.71,139,400,307,0,0,0,920.74,0,
TXN05-01183,5,2026-06-02 16:58:52,4000.0,Fuel,50028,Card,DEV-05-2,iPhone,Mumbai,16,1,0,64.53,28,2182.18,5094.43,31,262,308,0,0,0,0.0,0,
TXN05-01184,5,2026-06-02 16:59:52,1625.14,Restaurants,50127,UPI,DEV-UNK-1328,Android,Delhi,16,1,0,1.0,29,2186.77,5088.81,1,1,357,1,0,1,1153.24,1,ato_new_device_short_gap
TXN05-01185,5,2026-06-02 17:32:45,1011.47,Hotels,50014,Card,DEV-05-4,iPhone,Jaipur,17,1,0,32.88,30,2185.36,5082.47,29,125,129,0,0,0,237.53,0,
TXN05-01186,5,2026-06-02 17:40:55,1478.71,Taxi,50039,Card,DEV-05-1,Android,Mumbai,17,1,0,8.17,31,2180.15,5088.2,10,401,309,0,0,0,920.74,0,
TXN05-01187,5,2026-06-02 17:45:56,1630.01,Fuel,50013,UPI,DEV-05-3,Web,Pune,17,1,0,5.02,32,2178.38,5081.91,41,167,215,0,0,0,120.15,0,
TXN05-01188,5,2026-06-02 17:48:43,1224.57,Hotels,50005,Card,DEV-05-2,iPhone,Pune,17,1,0,2.78,33,2177.0,5075.59,85,263,216,0,0,0,0.0,0,
TXN05-01189,5,2026-06-02 18:19:43,1638.59,Hotels,50056,Card,DEV-05-3,Web,Bangalore,18,1,0,31.0,34,2176.05,5075.74,5,168,161,0,0,0,735.23,0,
TXN05-01190,5,2026-06-02 18:25:15,2398.58,Fuel,50003,Card,DEV-05-10,Android,Jaipur,18,1,0,5.53,35,2175.63,5075.77,129,12,130,0,0,0,1561.54,0,
TXN05-01191,5,2026-06-02 18:30:32,1133.81,Hotels,50014,UPI,DEV-05-2,iPhone,Delhi,18,1,0,5.28,36,2176.19,5069.42,30,264,358,0,0,0,237.53,0,
TXN05-01192,5,2026-06-02 18:33:56,1027.58,Restaurants,50001,Card,DEV-05-1,Android,Delhi,18,1,0,3.4,37,2173.58,5063.35,140,402,359,0,0,0,0.0,0,
TXN05-01193,5,2026-06-02 18:58:24,2375.53,Taxi,50002,UPI,DEV-05-4,iPhone,Mumbai,18,1,0,24.47,38,2170.72,5057.35,72,126,310,0,0,0,1153.24,0,
TXN05-01194,5,2026-06-02 19:01:42,1759.3,Fuel,50003,UPI,DEV-05-6,Web,Jaipur,19,1,0,3.3,39,2173.97,5057.07,130,61,131,0,0,0,920.74,0,
TXN05-01195,5,2026-06-02 19:14:43,950.85,Restaurants,50023,Card,DEV-05-2,iPhone,Delhi,19,1,0,13.02,40,2172.94,5050.82,10,265,360,0,0,0,237.53,0,
TXN05-01196,5,2026-06-02 19:22:21,774.21,Restaurants,50001,Card,DEV-05-6,Web,Mumbai,19,1,0,7.63,41,2169.9,5044.91,141,62,311,0,0,0,1153.24,0,
TXN05-01197,5,2026-06-02 19:38:46,1192.34,Taxi,50029,UPI,DEV-05-1,Android,Delhi,19,1,0,16.42,42,2166.45,5039.14,22,403,361,0,0,0,1153.24,0,
TXN05-01198,5,2026-06-02 19:45:43,2553.35,Restaurants,50041,Card,DEV-05-1,Android,Mumbai,19,1,0,6.95,43,2164.04,5033.15,9,404,312,0,0,0,1153.24,0,
TXN05-01199,5,2026-06-02 19:47:41,1435.95,Hotels,50005,Card,DEV-05-6,Web,Delhi,19,1,0,1.97,44,2165.0,5026.98,86,63,362,0,0,0,1153.24,0,
TXN05-01200,5,2026-06-02 20:04:19,3864.6,Taxi,50002,Card,DEV-05-1,Android,Delhi,20,1,0,16.63,45,2167.72,5026.29,73,405,363,0,0,0,0.0,0,
TXN05-01201,5,2026-06-02 20:15:13,280.56,Hotels,50056,Card,DEV-05-2,iPhone,Mumbai,20,1,0,10.9,46,2176.4,5038.97,6,266,313,0,0,0,1153.24,0,
TXN05-01202,5,2026-06-02 20:41:54,1004.96,Restaurants,50008,UPI,DEV-05-9,Web,Pune,20,1,0,26.68,47,2179.2,5044.97,42,16,217,0,0,0,120.15,0,
TXN05-01203,5,2026-06-02 20:44:44,2499.27,Fuel,50013,UPI,DEV-05-2,iPhone,Delhi,20,1,0,2.83,48,2176.3,5039.06,42,267,364,0,0,0,1179.48,0,
TXN05-01204,5,2026-06-02 21:12:47,2573.43,Taxi,50029,UPI,DEV-05-4,iPhone,Delhi,21,1,0,28.05,49,2183.16,5056.64,23,127,365,0,0,0,0.0,0,
TXN05-01205,5,2026-06-02 21:13:33,2272.84,Hotels,50010,UPI,DEV-05-1,Android,Pune,21,1,0,0.77,50,2184.13,5050.38,41,406,218,0,0,0,1179.48,0,
TXN05-01206,5,2026-06-02 21:57:26,1130.74,Restaurants,50065,UPI,DEV-05-2,iPhone,Pune,21,1,0,43.88,51,2181.17,5049.98,3,268,219,0,0,0,0.0,0,
TXN05-01207,5,2026-06-02 22:39:38,3759.5,Taxi,50002,Card,DEV-05-5,Android,Pune,22,1,0,42.2,52,1934.34,1281.8,74,73,220,0,0,0,0.0,0,
TXN05-01208,5,2026-06-02 23:11:53,244.0,Fuel,50048,UPI,DEV-05-1,Android,Delhi,23,1,0,32.25,53,1938.11,1284.95,10,407,366,0,0,0,1179.48,0,
TXN05-01209,5,2026-06-02 23:18:52,3914.43,Hotels,50031,Card,DEV-05-2,iPhone,Delhi,23,1,0,6.98,54,1933.89,1286.12,6,269,367,0,0,0,0.0,0,
TXN05-01210,5,2026-06-03 00:50:35,3895.94,Fuel,50028,UPI,DEV-05-16,iPhone,Mumbai,0,2,0,91.72,1,1944.17,1291.61,32,2,314,0,0,0,1153.24,1,ato_higher_amount_odd_hour
TXN05-01211,5,2026-06-03 06:35:10,4000.0,Restaurants,50004,UPI,DEV-05-3,Web,Pune,6,2,0,344.58,2,1935.98,1285.19,51,169,221,0,0,0,120.15,0,
TXN05-01212,5,2026-06-03 06:41:51,519.17,Restaurants,50008,UPI,DEV-05-5,Android,Bangalore,6,2,0,6.68,3,1941.19,1287.74,43,74,162,0,0,0,735.23,0,
TXN05-01213,5,2026-06-03 06:53:07,1866.96,Hotels,50024,Card,DEV-05-18,Android,Pune,6,2,0,11.27,4,1937.61,1288.09,19,1,222,1,0,0,735.23,0,
TXN05-01214,5,2026-06-03 06:56:35,1927.76,Hotels,50017,Card,DEV-05-6,Web,Jaipur,6,2,0,3.47,5,1937.43,1286.47,16,64,132,0,0,0,953.87,0,
TXN05-01215,5,2026-06-03 07:39:37,2405.31,Fuel,50013,Card,DEV-05-2,iPhone,Jaipur,7,2,0,43.03,6,1933.35,1285.61,43,270,133,0,0,0,0.0,0,
TXN05-01216,5,2026-06-03 07:48:02,421.51,Restaurants,50016,Card,DEV-05-7,Android,Pune,7,2,0,8.42,7,1934.53,1284.21,18,35,223,0,0,0,953.87,0,
TXN05-01217,5,2026-06-03 07:52:19,1674.06,Restaurants,50001,UPI,DEV-05-3,Web,Delhi,7,2,0,4.28,8,1930.23,1286.4,142,170,368,0,0,0,1179.48,0,
TXN05-01218,5,2026-06-03 07:57:46,1797.45,Hotels,50010,UPI,DEV-05-2,iPhone,Delhi,7,2,0,5.45,9,1930.51,1286.34,42,271,369,0,0,0,0.0,0,
TXN05-01219,5,2026-06-03 09:00:10,2857.21,Hotels,50010,Card,DEV-05-3,Web,Delhi,9,2,0,62.4,10,1927.35,1287.34,43,171,370,0,0,0,0.0,0,
TXN05-01220,5,2026-06-03 09:49:04,1756.13,Hotels,50017,UPI,DEV-05-3,Web,Pune,9,2,0,48.9,11,1926.94,1290.96,17,172,224,0,0,0,1179.48,0,
TXN05-01221,5,2026-06-03 09:59:28,1545.05,Restaurants,50001,Card,DEV-05-1,Android,Pune,9,2,0,10.4,12,1927.49,1290.84,143,408,225,0,0,0,0.0,0,
TXN05-01222,5,2026-06-03 10:03:42,1185.97,Fuel,50028,UPI,DEV-05-1,Android,Delhi,10,2,0,4.23,13,1912.94,1262.52,33,409,371,0,0,0,1179.48,0,
TXN05-01223,5,2026-06-03 10:04:15,1073.92,Restaurants,50034,UPI,DEV-05-1,Android,Chandigarh,10,2,0,0.55,14,1911.1,1261.44,6,410,1,0,1,0,227.78,0,
TXN05-01224,5,2026-06-03 10:22:43,3711.72,Restaurants,50001,Card,DEV-05-5,Android,Bangalore,10,2,0,18.47,15,1905.99,1260.75,144,75,163,0,0,0,1976.78,0,
TXN05-01225,5,2026-06-03 12:00:37,1584.47,Fuel,50047,Card,DEV-05-1,Android,Pune,12,2,0,97.9,16,1898.52,1259.1,12,411,226,0,0,0,735.23,0,
TXN05-01226,5,2026-06-03 12:29:19,2043.63,Fuel,50063,Card,DEV-05-3,Web,Jaipur,12,2,0,28.7,17,1894.26,1259.84,2,173,134,0,0,0,953.87,0,
TXN05-01227,5,2026-06-03 12:44:01,1119.54,Restaurants,50016,Card,DEV-05-5,Android,Delhi,12,2,0,14.7,18,1897.67,1258.46,19,76,372,0,0,0,237.53,0,
TXN05-01228,5,2026-06-03 13:01:43,1639.39,Hotels,50010,Card,DEV-05-5,Android,Jaipur,13,2,0,17.7,19,1897.82,1258.36,44,77,135,0,0,0,237.53,0,
TXN05-01229,5,2026-06-03 13:05:16,2786.32,Hotels,50051,UPI,DEV-05-2,iPhone,Pune,13,2,0,3.55,20,1896.5,1258.36,3,272,227,0,0,0,953.87,0,
TXN05-01230,5,2026-06-03 13:19:17,2305.06,Fuel,50003,UPI,DEV-05-2,iPhone,Bangalore,13,2,0,14.02,21,1898.78,1257.55,131,273,164,0,0,0,735.23,0,
TXN05-01231,5,2026-06-03 13:48:52,1653.74,Hotels,50017,UPI,DEV-05-4,iPhone,Mumbai,13,2,0,29.58,22,1899.83,1256.11,18,128,315,0,0,0,845.32,0,
TXN05-01232,5,2026-06-03 14:00:05,528.71,Hotels,50014,Card,DEV-05-1,Android,Bangalore,14,2,0,11.22,23,1899.2,1254.56,31,412,165,0,0,0,845.32,0,
TXN05-01233,5,2026-06-03 14:45:01,663.83,Hotels,50027,UPI,DEV-05-6,Web,Delhi,14,2,0,44.93,24,1890.24,1255.06,8,65,373,0,0,0,1750.11,0,
TXN05-01234,5,2026-06-03 14:47:41,487.37,Taxi,50002,Card,DEV-05-2,iPhone,Delhi,14,2,0,2.67,25,1887.09,1254.98,75,274,374,0,0,0,0.0,0,
TXN05-01235,5,2026-06-03 14:51:44,1395.25,Hotels,50024,UPI,DEV-05-8,iPhone,Bangalore,14,2,0,4.05,26,1883.51,1255.37,20,18,166,0,0,0,1750.11,0,
TXN05-01236,5,2026-06-03 15:11:32,591.14,Fuel,50047,Card,DEV-05-3,Web,Mumbai,15,2,0,19.8,27,1882.27,1254.01,13,174,316,0,0,0,845.32,0,
TXN05-01237,5,2026-06-03 15:43:33,1727.4,Restaurants,50008,Card,DEV-05-2,iPhone,Delhi,15,2,0,32.02,28,1881.55,1256.59,44,275,375,0,0,0,1153.24,0,
TXN05-01238,5,2026-06-03 16:06:46,1488.6,Restaurants,50042,Card,DEV-05-3,Web,Delhi,16,2,0,23.22,29,1881.16,1255.01,7,175,376,0,0,0,0.0,0,
TXN05-01239,5,2026-06-03 16:22:09,321.25,Fuel,50063,UPI,DEV-05-3,Web,Delhi,16,2,0,15.38,30,1884.05,1252.79,3,176,377,0,0,0,0.0,0,
TXN05-01240,5,2026-06-03 16:36:19,1724.93,Fuel,50053,Card,DEV-05-1,Android,Delhi,16,2,0,14.17,31,1880.07,1253.67,9,413,378,0,0,0,0.0,0,
TXN05-01241,5,2026-06-03 16:37:23,860.22,Fuel,50053,UPI,DEV-05-11,iPhone,Jaipur,16,2,0,1.07,32,1879.68,1252.1,10,4,136,0,0,0,237.53,0,
TXN05-01242,5,2026-06-03 16:48:47,446.99,Hotels,50015,UPI,DEV-05-2,iPhone,Pune,16,2,0,11.4,33,1871.71,1248.57,16,276,228,0,0,0,953.87,0,
TXN05-01243,5,2026-06-03 17:20:18,741.73,Taxi,50002,UPI,DEV-05-1,Android,Delhi,17,2,0,31.52,34,1862.69,1245.99,76,414,379,0,0,0,1179.48,0,
TXN05-01244,5,2026-06-03 17:38:29,1643.41,Restaurants,50001,Card,DEV-05-1,Android,Mumbai,17,2,0,18.18,35,1865.96,1247.58,145,415,317,0,0,0,1153.24,0,
TXN05-01245,5,2026-06-03 17:45:02,767.51,Hotels,50010,UPI,DEV-05-5,Android,Pune,17,2,0,6.55,36,1865.39,1246.04,45,78,229,0,0,0,120.15,0,
TXN05-01246,5,2026-06-03 17:47:02,1601.5,Restaurants,50012,Card,DEV-05-1,Android,Delhi,17,2,0,2.0,37,1862.6,1245.69,15,416,380,0,0,0,1179.48,0,
TXN05-01247,5,2026-06-03 18:58:45,470.76,Fuel,50006,UPI,DEV-05-5,Android,Jaipur,18,2,0,71.72,38,1861.94,1246.47,54,79,137,0,0,0,237.53,0,
TXN05-01248,5,2026-06-03 18:59:27,3052.97,Hotels,50014,Card,DEV-05-2,iPhone,Delhi,18,2,0,0.7,39,1858.41,1246.85,32,277,381,0,0,0,237.53,0,
TXN05-01249,5,2026-06-03 19:07:42,2596.17,Fuel,50003,Card,DEV-05-3,Web,Jaipur,19,2,0,8.25,40,1861.43,1246.72,132,177,138,0,0,0,237.53,0,
TXN05-01250,5,2026-06-03 19:16:31,747.59,Hotels,50036,UPI,DEV-05-1,Android,Delhi,19,2,0,8.82,41,1863.29,1245.69,9,417,382,0,0,0,237.53,0,
TXN05-01251,5,2026-06-03 19:39:53,2042.84,Taxi,50039,UPI,DEV-05-2,iPhone,Pune,19,2,0,23.37,42,1860.48,1245.37,11,278,230,0,0,0,1179.48,0,
TXN05-01252,5,2026-06-03 19:40:19,2856.01,Fuel,50003,Card,DEV-05-1,Android,Mumbai,19,2,0,0.43,43,1860.94,1243.84,133,418,318,0,0,0,120.15,0,
TXN05-01253,5,2026-06-03 20:04:44,1404.66,Restaurants,50022,UPI,DEV-05-3,Web,Mumbai,20,2,0,24.42,44,1862.47,1244.69,15,178,319,0,0,0,0.0,0,
TXN05-01254,5,2026-06-03 20:23:35,595.15,Restaurants,50001,UPI,DEV-05-2,iPhone,Bangalore,20,2,0,18.85,45,1861.77,1246.12,146,279,167,0,0,0,845.32,0,
TXN05-01255,5,2026-06-03 20:41:09,1340.25,Hotels,50017,UPI,DEV-05-2,iPhone,Indore,20,2,0,17.57,46,1862.12,1247.79,19,280,1,0,1,0,1099.36,0,
TXN05-01256,5,2026-06-03 21:41:05,4000.0,Restaurants,50001,Card,DEV-05-1,Android,Delhi,21,2,0,59.93,47,1869.89,1250.27,147,419,383,0,0,0,677.01,0,
TXN05-01257,5,2026-06-03 22:06:54,1550.13,Restaurants,50034,Card,DEV-05-3,Web,Mumbai,22,2,0,25.82,48,1875.33,1254.9,7,179,320,0,0,0,1153.24,0,
TXN05-01258,5,2026-06-03 22:18:16,454.63,Taxi,50061,Card,DEV-05-3,Web,Delhi,22,2,0,11.37,49,1876.93,1254.09,3,180,384,0,0,0,1153.24,0,
TXN05-01259,5,2026-06-03 22:25:46,1616.42,Hotels,50024,Card,DEV-05-4,iPhone,Delhi,22,2,0,7.5,50,1873.29,1254.54,21,129,385,0,0,0,0.0,0,
TXN05-01260,5,2026-06-03 22:31:36,610.08,Hotels,50024,Card,DEV-05-2,iPhone,Delhi,22,2,0,5.83,51,1875.72,1254.71,22,281,386,0,0,0,0.0,0,
TXN05-01261,5,2026-06-03 23:06:20,314.29,Restaurants,50004,Card,DEV-05-4,iPhone,Pune,23,2,0,34.73,52,1870.04,1255.44,52,130,231,0,0,0,1179.48,0,
TXN05-01262,5,2026-06-03 23:42:39,1041.19,Hotels,50015,Card,DEV-05-3,Web,Mumbai,23,2,0,36.32,53,1867.06,1256.5,17,181,321,0,0,0,120.15,0,
TXN05-01263,5,2026-06-03 23:59:37,660.88,Hotels,50025,Card,DEV-05-3,Web,Delhi,23,2,0,16.97,54,1868.63,1255.09,16,182,387,0,0,0,1153.24,0,
TXN05-01264,5,2026-06-04 02:37:04,2386.52,Hotels,50005,Card,DEV-05-3,Web,Mumbai,2,3,0,157.45,1,1865.5,1254.96,87,183,322,0,0,0,1153.24,1,ato_odd_hour_short_gap
TXN05-01265,5,2026-06-04 06:08:23,881.06,Taxi,50002,Card,DEV-05-5,Android,Bangalore,6,3,0,211.32,2,1866.85,1253.61,77,80,168,0,0,0,845.32,0,
TXN05-01266,5,2026-06-04 06:25:06,3493.14,Restaurants,50001,Card,DEV-05-5,Android,Delhi,6,3,0,16.72,3,1864.3,1252.99,148,81,388,0,0,0,1750.11,0,
TXN05-01267,5,2026-06-04 06:39:47,435.71,Taxi,50030,Card,DEV-05-2,iPhone,Jaipur,6,3,0,14.68,4,1867.63,1255.6,17,282,139,0,0,0,237.53,0,
TXN05-01268,5,2026-06-04 06:45:12,1256.6,Restaurants,50004,UPI,DEV-05-1,Android,Pune,6,3,0,5.42,5,1866.1,1256.99,53,420,232,0,0,0,953.87,0,
TXN05-01269,5,2026-06-04 06:52:57,3344.3,Fuel,50028,UPI,DEV-UNK-9083,Web,Jaipur,6,3,0,7.75,6,1864.53,1255.75,34,1,140,1,0,0,953.87,1,ato_new_device
TXN05-01270,5,2026-06-04 06:56:32,1664.01,Taxi,50037,Card,DEV-05-11,iPhone,Delhi,6,3,0,3.58,7,1868.33,1256.37,9,5,389,0,0,0,237.53,0,
TXN05-01271,5,2026-06-04 07:27:19,3180.17,Restaurants,50021,Card,DEV-05-1,Android,Mumbai,7,3,0,30.78,8,1874.5,1259.59,8,421,323,0,0,0,1153.24,0,
TXN05-01272,5,2026-06-04 08:11:09,2515.76,Restaurants,50009,UPI,DEV-05-3,Web,Delhi,8,3,0,43.83,9,1880.49,1260.29,24,184,390,0,0,0,1153.24,0,
TXN05-01273,5,2026-06-04 08:37:57,1031.03,Taxi,50037,Card,DEV-05-1,Android,Mumbai,8,3,0,26.8,10,1882.13,1259.07,10,422,324,0,0,0,1153.24,0,
TXN05-01274,5,2026-06-04 08:51:03,755.27,Restaurants,50038,Card,DEV-05-6,Web,Bangalore,8,3,0,13.1,11,1879.94,1258.19,5,66,169,0,0,0,845.32,0,
TXN05-01275,5,2026-06-04 09:18:03,718.19,Restaurants,50044,UPI,DEV-05-1,Android,Mumbai,9,3,0,27.0,12,1877.86,1259.89,3,423,325,0,0,0,845.32,0,
TXN05-01276,5,2026-06-04 09:30:59,596.66,Restaurants,50044,Card,DEV-05-1,Android,Mumbai,9,3,0,12.93,13,1875.42,1261.22,4,424,326,0,0,0,0.0,0,
TXN05-01277,5,2026-06-04 10:17:04,447.03,Fuel,50003,Card,DEV-05-1,Android,Mumbai,10,3,0,46.08,14,1867.02,1258.16,134,425,327,0,0,0,0.0,0,
TXN05-01278,5,2026-06-04 10:33:10,3245.27,Restaurants,50001,Card,DEV-05-5,Android,Pune,10,3,0,16.1,15,1863.32,1258.61,149,82,233,0,0,0,120.15,0,
TXN05-01279,5,2026-06-04 10:34:19,1532.59,Taxi,50037,Card,DEV-05-1,Android,Delhi,10,3,0,1.15,16,1866.91,1258.94,11,426,391,0,0,0,1179.48,0,
TXN05-01280,5,2026-06-04 10:53:31,1445.22,Taxi,50002,UPI,DEV-05-19,iPhone,Pune,10,3,0,19.2,17,1866.05,1257.42,78,1,234,1,0,0,1179.48,0,
TXN05-01281,5,2026-06-04 11:03:58,982.82,Restaurants,50012,UPI,DEV-05-5,Android,Jaipur,11,3,0,10.45,18,1864.96,1255.97,16,83,141,0,0,0,953.87,0,
TXN05-01282,5,2026-06-04 11:28:04,2618.68,Hotels,50024,UPI,DEV-05-5,Android,Pune,11,3,0,24.1,19,1862.22,1257.83,23,84,235,0,0,0,953.87,0,
TXN05-01283,5,2026-06-04 11:52:03,467.05,Restaurants,50035,Card,DEV-05-2,iPhone,Delhi,11,3,0,23.98,20,1866.29,1260.78,5,283,392,0,0,0,1179.48,0,
TXN05-01284,5,2026-06-04 12:49:51,1783.25,Hotels,50005,Card,DEV-05-3,Web,Bangalore,12,3,0,57.8,21,1867.55,1262.08,88,185,170,0,0,0,1750.11,0,
TXN05-01285,5,2026-06-04 12:56:55,1671.71,Fuel,50047,UPI,DEV-05-3,Web,Delhi,12,3,0,7.07,22,1861.73,1257.34,14,186,393,0,0,0,1750.11,0,
TXN05-01286,5,2026-06-04 14:08:58,978.28,Hotels,50015,UPI,DEV-05-1,Android,Delhi,14,3,0,72.05,23,1860.58,1258.76,18,427,394,0,0,0,0.0,0,
TXN05-01287,5,2026-06-04 14:40:05,3940.03,Fuel,50003,Card,DEV-05-6,Web,Jaipur,14,3,0,31.12,24,1856.66,1261.99,135,67,142,0,0,0,237.53,0,
TXN05-01288,5,2026-06-04 15:09:53,1318.05,Hotels,50027,Card,DEV-05-4,iPhone,Delhi,15,3,0,29.8,25,1858.83,1266.68,9,131,395,0,0,0,237.53,0,
TXN05-01289,5,2026-06-04 15:14:57,2894.48,Taxi,50002,UPI,DEV-05-5,Android,Jaipur,15,3,0,5.07,26,1854.44,1265.71,79,85,143,0,0,0,237.53,0,
TXN05-01290,5,2026-06-04 15:19:43,1800.09,Hotels,50015,UPI,DEV-05-2,iPhone,Pune,15,3,0,4.77,27,1857.22,1265.16,19,284,236,0,0,0,953.87,0,
TXN05-01291,5,2026-06-04 15:32:44,1855.86,Restaurants,50012,UPI,DEV-05-1,Android,Delhi,15,3,0,13.02,28,1852.12,1261.52,17,428,396,0,0,0,1179.48,0,
TXN05-01292,5,2026-06-04 15:42:33,4000.0,Restaurants,50001,UPI,DEV-05-9,Web,Bangalore,15,3,0,9.82,29,1852.13,1259.84,150,17,171,0,0,0,1750.11,0,
TXN05-01293,5,2026-06-04 16:03:10,2079.03,Hotels,50014,Card,DEV-05-2,iPhone,Mumbai,16,3,0,20.62,30,1857.82,1263.01,33,285,328,0,0,0,845.32,0,
TXN05-01294,5,2026-06-04 16:03:23,1350.0,Restaurants,50009,UPI,DEV-05-6,Web,Pune,16,3,0,0.22,31,1858.41,1261.39,25,68,237,0,0,0,120.15,0,
TXN05-01295,5,2026-06-04 16:07:23,3524.14,Hotels,50005,UPI,DEV-05-2,iPhone,Bangalore,16,3,0,4.0,32,1857.07,1259.99,89,286,172,0,0,0,735.23,0,
TXN05-01296,5,2026-06-04 16:51:56,2259.48,Restaurants,50001,UPI,DEV-05-2,iPhone,Pune,16,3,0,44.55,33,1858.62,1263.05,151,287,238,0,0,0,735.23,0,
TXN05-01297,5,2026-06-04 17:14:28,1967.75,Fuel,50003,UPI,DEV-05-4,iPhone,Bangalore,17,3,0,22.53,34,1858.52,1261.75,136,132,173,0,0,0,735.23,0,
TXN05-01298,5,2026-06-04 17:14:42,1662.8,Taxi,50029,Card,DEV-05-2,iPhone,Delhi,17,3,0,0.23,35,1858.81,1260.1,24,288,397,0,0,0,1750.11,0,
TXN05-01299,5,2026-06-04 17:23:40,3462.88,Fuel,50062,UPI,DEV-05-1,Android,Delhi,17,3,0,8.97,36,1858.29,1258.47,3,429,398,0,0,0,0.0,0,
TXN05-01300,5,2026-06-04 18:09:36,2061.99,Restaurants,50001,UPI,DEV-05-2,iPhone,Delhi,18,3,0,45.93,37,1868.98,1263.22,152,289,399,0,0,0,0.0,0,
TXN05-01301,5,2026-06-04 18:40:02,1653.04,Taxi,50002,Card,DEV-05-2,iPhone,Pune,18,3,0,30.43,38,1872.69,1261.73,80,290,239,0,0,0,1179.48,0,
TXN05-01302,5,2026-06-04 18:41:11,2149.67,Fuel,50047,Card,DEV-05-1,Android,Delhi,18,3,0,1.15,39,1872.11,1260.1,15,430,400,0,0,0,1179.48,0,
TXN05-01303,5,2026-06-04 18:44:55,656.59,Taxi,50002,Card,DEV-05-1,Android,Pune,18,3,0,3.73,40,1872.84,1258.51,81,431,240,0,0,0,1179.48,0,
TXN05-01304,5,2026-06-04 18:45:39,609.22,Hotels,50036,UPI,DEV-05-2,iPhone,Pune,18,3,0,0.73,41,1869.62,1258.4,10,291,241,0,0,0,0.0,0,
TXN05-01305,5,2026-06-04 18:49:55,2803.05,Hotels,50015,UPI,DEV-05-1,Android,Delhi,18,3,0,4.27,42,1866.3,1258.4,20,432,401,0,0,0,1179.48,0,
TXN05-01306,5,2026-06-04 19:30:38,1199.06,Taxi,50007,Card,DEV-05-2,iPhone,Mumbai,19,3,0,40.72,43,1861.82,1256.79,25,292,329,0,0,0,1153.24,0,
TXN05-01307,5,2026-06-04 20:02:29,1190.83,Hotels,50014,UPI,DEV-05-2,iPhone,Delhi,20,3,0,31.85,44,1864.65,1256.82,34,293,402,0,0,0,1153.24,0,
TXN05-01308,5,2026-06-04 20:18:59,1632.12,Hotels,50027,UPI,DEV-05-1,Android,Delhi,20,3,0,16.5,45,1863.73,1257.18,10,433,403,0,0,0,0.0,0,
TXN05-01309,5,2026-06-04 20:21:45,1233.03,Hotels,50010,UPI,DEV-05-2,iPhone,Delhi,20,3,0,2.77,46,1863.12,1255.57,46,294,404,0,0,0,0.0,0,
TXN05-01310,5,2026-06-04 20:25:41,4000.0,Restaurants,50009,UPI,DEV-05-2,iPhone,Delhi,20,3,0,3.93,47,1861.44,1254.32,26,295,405,0,0,0,0.0,0,
TXN05-01311,5,2026-06-04 20:52:49,1146.1,Restaurants,50011,UPI,DEV-05-6,Web,Delhi,20,3,0,27.13,48,1862.5,1257.13,26,69,406,0,0,0,0.0,0,
TXN05-01312,5,2026-06-04 21:00:16,1053.84,Taxi,50049,UPI,DEV-05-4,iPhone,Mumbai,21,3,0,7.45,49,1860.59,1256.0,9,133,330,0,0,0,1153.24,0,
TXN05-01313,5,2026-06-04 21:06:48,1359.48,Taxi,50061,Card,DEV-05-5,Android,Mumbai,21,3,0,6.53,50,1858.45,1255.02,4,86,331,0,0,0,0.0,0,
TXN05-01314,5,2026-06-04 21:16:35,1810.93,Hotels,50005,Card,DEV-05-1,Android,Bangalore,21,3,0,9.78,51,1853.3,1253.07,90,434,174,0,0,0,845.32,0,
TXN05-01315,5,2026-06-04 21:30:43,2805.45,Hotels,50056,Card,DEV-05-5,Android,Pune,21,3,0,14.13,52,1853.02,1253.07,7,87,242,0,0,0,735.23,0,
TXN05-01316,5,2026-06-04 21:40:53,1898.15,Hotels,50015,Card,DEV-05-1,Android,Pune,21,3,0,10.17,53,1855.54,1252.37,21,435,243,0,0,0,0.0,0,
TXN05-01317,5,2026-06-04 21:47:40,2051.68,Restaurants,50008,Card,DEV-05-6,Web,Delhi,21,3,0,6.78,54,1855.65,1250.72,45,70,407,0,0,0,1179.48,0,
TXN05-01318,5,2026-06-04 21:59:34,2880.11,Hotels,50024,UPI,DEV-05-2,iPhone,Mumbai,21,3,0,11.9,55,1853.79,1249.9,24,296,332,0,0,0,1153.24,0,
TXN05-01319,5,2026-06-04 22:07:26,1564.91,Restaurants,50001,Card,DEV-05-9,Web,Mumbai,22,3,0,7.87,56,1856.49,1249.36,153,18,333,0,0,0,0.0,0,
TXN05-01320,5,2026-06-04 22:14:17,1342.43,Restaurants,50008,Card,DEV-05-3,Web,Pune,22,3,0,6.85,57,1855.73,1247.81,46,187,244,0,0,0,120.15,0,
TXN05-01321,5,2026-06-04 22:32:07,938.5,Restaurants,50035,UPI,DEV-05-4,iPhone,Bangalore,22,3,0,17.83,58,1855.86,1247.75,6,134,175,0,0,0,735.23,0,
TXN05-01322,5,2026-06-04 22:35:04,1185.24,Restaurants,50052,UPI,DEV-05-1,Android,Pune,22,3,0,2.95,59,1853.46,1247.0,4,436,245,0,0,0,735.23,0,
TXN05-01323,5,2026-06-04 22:37:33,1602.6,Restaurants,50032,Card,DEV-05-2,iPhone,Mumbai,22,3,0,2.48,60,1851.72,1245.83,8,297,334,0,0,0,120.15,0,
TXN05-01324,5,2026-06-04 23:17:50,1019.88,Restaurants,50011,Card,DEV-05-1,Android,Pune,23,3,0,40.28,61,1852.95,1245.35,27,437,246,0,0,0,120.15,0,
TXN05-01325,5,2026-06-04 23:23:38,1493.14,Fuel,50013,Card,DEV-05-2,iPhone,Pune,23,3,0,5.8,62,1850.78,1244.46,44,298,247,0,0,0,0.0,0,
TXN05-01326,5,2026-06-04 23:52:22,1691.34,Hotels,50015,UPI,DEV-05-2,iPhone,Pune,23,3,0,28.73,63,1853.0,1245.45,22,299,248,0,0,0,0.0,0,
TXN05-01327,5,2026-06-05 01:42:44,2520.54,Fuel,50040,Card,DEV-05-1,Android,Pune,1,4,0,110.37,1,1855.78,1245.94,14,438,249,0,0,0,0.0,1,ato_odd_hour_higher_amount
TXN05-01328,5,2026-06-05 06:24:22,708.09,Taxi,50030,UPI,DEV-05-1,Android,Mumbai,6,4,0,281.63,2,1856.88,1246.35,18,439,335,0,0,0,120.15,0,
TXN05-01329,5,2026-06-05 06:30:19,935.96,Restaurants,50035,UPI,DEV-05-3,Web,Bangalore,6,4,0,5.95,3,1853.88,1246.1,7,188,176,0,0,0,845.32,0,
TXN05-01330,5,2026-06-05 06:38:19,1223.99,Hotels,50024,UPI,DEV-05-2,iPhone,Delhi,6,4,0,8.0,4,1853.19,1248.38,25,300,408,0,0,0,1750.11,0,
TXN05-01331,5,2026-06-05 07:33:29,1122.17,Hotels,50010,Card,DEV-05-5,Android,Delhi,7,4,0,55.17,5,1848.4,1244.62,47,88,409,0,0,0,0.0,0,
TXN05-01332,5,2026-06-05 08:03:56,1783.46,Taxi,50007,Card,DEV-05-2,iPhone,Delhi,8,4,0,30.45,6,1845.14,1246.39,26,301,410,0,0,0,0.0,0,
TXN05-01333,5,2026-06-05 08:06:54,2347.1,Restaurants,50001,UPI,DEV-05-3,Web,Delhi,8,4,0,2.97,7,1844.97,1244.76,154,189,411,0,0,0,0.0,0,
TXN05-01334,5,2026-06-05 09:03:27,7445.53,Fuel,50001,UPI,DEV-05-1,Android,Unknown Country,9,4,0,56.55,8,1851.44,1245.77,155,440,10,0,0,0,8752.13,1,unknown_country_purchase
TXN05-01335,5,2026-06-05 09:05:51,2051.92,Restaurants,50012,Card,DEV-05-5,Android,Delhi,9,4,0,2.4,9,1866.16,1276.71,18,89,412,0,0,0,8752.13,0,
TXN05-01336,5,2026-06-05 10:23:59,2375.17,Taxi,50002,UPI,DEV-05-1,Android,Jaipur,10,4,0,78.13,10,1873.36,1281.38,82,441,144,0,0,0,237.53,0,
TXN05-01337,5,2026-06-05 10:48:12,1837.59,Fuel,50047,Card,DEV-05-2,iPhone,Pune,10,4,0,24.22,11,1873.06,1281.25,16,302,250,0,0,0,953.87,0,
TXN05-01338,5,2026-06-05 11:04:29,2086.9,Fuel,50001,UPI,DEV-05-1,Android,Unknown Country,11,4,0,16.28,12,1873.89,1281.12,156,442,11,0,0,0,8307.79,1,unknown_country_purchase
TXN05-01339,5,2026-06-05 11:10:24,843.19,Restaurants,50001,Card,DEV-05-5,Android,Delhi,11,4,0,5.92,13,1874.45,1279.47,157,90,413,0,0,0,8752.13,0,
TXN05-01340,5,2026-06-05 11:46:23,1211.04,Hotels,50005,Card,DEV-05-3,Web,Pune,11,4,0,35.98,14,1871.64,1281.08,91,190,251,0,0,0,1179.48,0,
TXN05-01341,5,2026-06-05 12:58:44,1414.35,Restaurants,50012,UPI,DEV-05-4,iPhone,Delhi,12,4,0,72.35,15,1866.87,1278.74,19,135,414,0,0,0,1179.48,0,
TXN05-01342,5,2026-06-05 13:43:50,423.44,Taxi,50002,UPI,DEV-05-5,Android,Delhi,13,4,0,45.1,16,1865.66,1277.25,83,91,415,0,0,0,0.0,0,
TXN05-01343,5,2026-06-05 14:00:46,1868.72,Fuel,50003,Card,DEV-05-1,Android,Bangalore,14,4,0,16.93,17,1861.83,1277.71,137,443,177,0,0,0,1750.11,0,
TXN05-01344,5,2026-06-05 14:52:45,1678.2,Hotels,50005,Card,DEV-05-2,iPhone,Delhi,14,4,0,51.98,18,1865.45,1278.02,92,303,416,0,0,0,1750.11,0,
TXN05-01345,5,2026-06-05 14:52:55,1116.14,Hotels,50060,UPI,DEV-05-2,iPhone,Pune,14,4,0,0.17,19,1864.96,1276.36,2,304,252,0,0,0,1179.48,0,
TXN05-01346,5,2026-06-05 14:53:33,1739.48,Restaurants,50001,Card,DEV-05-1,Android,Bangalore,14,4,0,0.63,20,1862.97,1275.25,158,444,178,0,0,0,735.23,0,
TXN05-01347,5,2026-06-05 15:36:52,1472.1,Taxi,50029,Card,DEV-05-1,Android,Pune,15,4,0,43.32,21,1862.94,1274.37,25,445,253,0,0,0,735.23,0,
TXN05-01348,5,2026-06-05 16:22:19,972.8,Fuel,50047,Card,DEV-05-2,iPhone,Mumbai,16,4,0,45.45,22,1861.79,1276.26,17,305,336,0,0,0,120.15,0,
TXN05-01349,5,2026-06-05 16:55:59,2449.6,Restaurants,50001,Card,DEV-05-3,Web,Delhi,16,4,0,33.67,23,1863.1,1276.49,159,191,417,0,0,0,1153.24,0,
TXN05-01350,5,2026-06-05 17:17:04,2109.04,Taxi,50002,Card,DEV-05-4,iPhone,Delhi,17,4,0,21.08,24,1859.54,1272.99,84,136,418,0,0,0,0.0,0,
TXN05-01351,5,2026-06-05 17:28:20,2356.69,Fuel,50003,Card,DEV-05-1,Android,Delhi,17,4,0,11.27,25,1854.69,1268.58,138,446,419,0,0,0,0.0,0,
TXN05-01352,5,2026-06-05 19:00:49,2509.99,Fuel,50062,Card,DEV-05-16,iPhone,Jaipur,19,4,0,92.48,26,1860.8,1271.53,4,3,145,0,0,0,237.53,0,
TXN05-01353,5,2026-06-05 19:53:51,2566.88,Taxi,50002,UPI,DEV-05-4,iPhone,Delhi,19,4,0,53.03,27,1859.11,1270.08,85,137,420,0,0,0,237.53,0,
TXN05-01354,5,2026-06-05 20:03:16,1170.69,Restaurants,50033,UPI,DEV-05-1,Android,Delhi,20,4,0,9.42,28,1861.03,1268.9,8,447,421,0,0,0,0.0,0,
TXN05-01355,5,2026-06-05 20:48:28,2958.6,Taxi,50068,Card,DEV-05-5,Android,Mumbai,20,4,0,45.2,29,1859.16,1267.69,1,92,337,0,0,1,1153.24,0,
TXN05-01356,5,2026-06-05 20:54:54,1672.41,Restaurants,50001,Card,DEV-05-3,Web,Mumbai,20,4,0,6.43,30,1862.13,1267.26,160,192,338,0,0,0,0.0,0,
TXN05-01357,5,2026-06-05 20:55:47,1620.46,Hotels,50031,Card,DEV-05-2,iPhone,Mumbai,20,4,0,0.88,31,1861.62,1265.59,7,306,339,0,0,0,0.0,0,
TXN05-01358,5,2026-06-05 21:03:10,1429.88,Fuel,50006,Card,DEV-05-1,Android,Delhi,21,4,0,7.38,32,1861.87,1265.54,55,448,422,0,0,0,1153.24,0,
TXN05-01359,5,2026-06-05 21:09:02,1239.46,Fuel,50040,UPI,DEV-05-1,Android,Pune,21,4,0,5.87,33,1860.71,1264.04,15,449,254,0,0,0,1179.48,0,
TXN05-01360,5,2026-06-05 21:11:05,1855.06,Fuel,50003,Card,DEV-05-5,Android,Delhi,21,4,0,2.05,34,1859.05,1262.75,139,93,423,0,0,0,1179.48,0,
TXN05-01361,5,2026-06-05 21:50:23,628.91,Restaurants,50034,UPI,DEV-05-5,Android,Pune,21,4,0,39.3,35,1857.46,1262.38,8,94,255,0,0,0,1179.48,0,
TXN05-01362,5,2026-06-05 23:02:03,336.81,Taxi,50002,Card,DEV-05-4,iPhone,Delhi,23,4,0,71.67,36,1857.01,1264.78,86,138,424,0,0,0,1179.48,0,
TXN05-01363,5,2026-06-05 23:17:11,1561.59,Taxi,50029,UPI,DEV-05-2,iPhone,Mumbai,23,4,0,15.13,37,1852.94,1265.52,26,307,340,0,0,0,1153.24,0,
TXN05-01364,5,2026-06-05 23:33:45,2250.97,Fuel,50053,UPI,DEV-05-3,Web,Pune,23,4,0,16.57,38,1848.37,1264.61,11,193,256,0,0,0,120.15,0,
TXN05-01365,5,2026-06-06 06:07:13,1456.84,Restaurants,50032,UPI,DEV-05-2,iPhone,Delhi,6,5,1,393.47,1,1824.55,1209.98,9,308,425,0,0,0,1179.48,0,
TXN05-01366,5,2026-06-06 06:58:40,2552.67,Taxi,50002,UPI,DEV-05-6,Web,Jaipur,6,5,1,51.45,2,1821.24,1204.53,87,71,146,0,0,0,237.53,0,
TXN05-01367,5,2026-06-06 07:14:52,1237.34,Restaurants,50001,UPI,DEV-05-4,iPhone,Delhi,7,5,1,16.2,3,1824.72,1204.77,161,139,426,0,0,0,237.53,0,
TXN05-01368,5,2026-06-06 07:22:24,1879.07,Fuel,50040,Card,DEV-05-5,Android,Mumbai,7,5,1,7.53,4,1823.14,1203.54,16,95,341,0,0,0,1153.24,0,
TXN05-01369,5,2026-06-06 07:27:09,2000.13,Hotels,50005,Card,DEV-05-1,Android,Delhi,7,5,1,4.75,5,1823.29,1201.92,93,450,427,0,0,0,1153.24,0,
TXN05-01370,5,2026-06-06 07:50:17,696.61,Fuel,50013,Card,DEV-05-5,Android,Delhi,7,5,1,23.13,6,1823.76,1200.34,45,96,428,0,0,0,0.0,0,
TXN05-01371,5,2026-06-06 08:47:50,1121.37,Taxi,50002,Card,DEV-05-6,Web,Pune,8,5,1,57.55,7,1821.7,1201.62,88,72,257,0,0,0,1179.48,0,
TXN05-01372,5,2026-06-06 08:47:51,848.49,Hotels,50014,Card,DEV-05-1,Android,Delhi,8,5,1,0.02,8,1819.83,1200.55,35,451,429,0,0,0,1179.48,0,
TXN05-01373,5,2026-06-06 08:54:53,371.2,Hotels,50014,Card,DEV-05-6,Web,Bangalore,8,5,1,7.03,9,1817.24,1200.0,36,73,179,0,0,0,1750.11,0,
TXN05-01374,5,2026-06-06 09:07:22,2507.91,Restaurants,50001,Card,DEV-05-6,Web,Pune,9,5,1,12.48,10,1813.39,1200.71,162,74,258,0,0,0,735.23,0,
TXN05-01375,5,2026-06-06 09:11:05,1150.04,Restaurants,50021,UPI,DEV-05-9,Web,Delhi,9,5,1,3.72,11,1816.05,1201.14,9,19,430,0,0,0,1179.48,0,
TXN05-01376,5,2026-06-06 09:18:19,1106.07,Hotels,50056,UPI,DEV-05-1,Android,Delhi,9,5,1,7.23,12,1814.29,1200.03,8,452,431,0,0,0,0.0,0,
TXN05-01377,5,2026-06-06 09:24:19,3079.26,Fuel,50003,UPI,DEV-05-4,iPhone,Delhi,9,5,1,6.0,13,1812.41,1199.0,140,140,432,0,0,0,0.0,0,
TXN05-01378,5,2026-06-06 09:24:24,4000.0,Fuel,50003,Card,DEV-05-2,iPhone,Delhi,9,5,1,0.08,14,1815.76,1199.18,141,309,433,0,0,0,0.0,0,
TXN05-01379,5,2026-06-06 09:42:15,2109.32,Hotels,50010,UPI,DEV-05-5,Android,Mumbai,9,5,1,17.85,15,1819.91,1204.0,48,97,342,0,0,0,1153.24,0,
TXN05-01380,5,2026-06-06 09:51:25,2352.92,Hotels,50005,UPI,DEV-05-1,Android,Bangalore,9,5,1,9.17,16,1820.68,1202.51,94,453,180,0,0,0,845.32,0,
TXN05-01381,5,2026-06-06 10:05:11,1066.87,Restaurants,50009,UPI,DEV-05-1,Android,Delhi,10,5,1,13.77,17,1822.07,1201.24,27,454,434,0,0,0,1750.11,0,
TXN05-01382,5,2026-06-06 10:15:55,1405.4,Taxi,50039,Card,DEV-05-2,iPhone,Delhi,10,5,1,10.73,18,1820.1,1200.29,12,310,435,0,0,0,0.0,0,
TXN05-01383,5,2026-06-06 10:22:18,1995.49,Hotels,50005,UPI,DEV-05-1,Android,Pune,10,5,1,6.38,19,1816.15,1199.17,95,455,259,0,0,0,1179.48,0,
TXN05-01384,5,2026-06-06 10:56:22,892.92,Restaurants,50001,Card,DEV-05-3,Web,Delhi,10,5,1,34.07,20,1816.93,1196.56,163,194,436,0,0,0,1179.48,0,
TXN05-01385,5,2026-06-06 11:11:12,2690.4,Fuel,50047,Card,DEV-05-6,Web,Delhi,11,5,1,14.83,21,1813.2,1197.22,18,75,437,0,0,0,0.0,0,
TXN05-01386,5,2026-06-06 11:13:30,4000.0,Fuel,50013,UPI,DEV-05-1,Android,Mumbai,11,5,1,2.3,22,1815.5,1196.49,46,456,343,0,0,0,1153.24,0,
TXN05-01387,5,2026-06-06 11:17:41,2049.22,Hotels,50010,Card,DEV-05-13,iPhone,Jaipur,11,5,1,4.18,23,1821.2,1200.11,49,3,147,0,0,0,920.74,0,
TXN05-01388,5,2026-06-06 11:43:29,967.51,Taxi,50030,UPI,DEV-05-4,iPhone,Delhi,11,5,1,25.8,24,1820.9,1200.75,19,141,438,0,0,0,237.53,0,
TXN05-01389,5,2026-06-06 11:48:30,1418.7,Fuel,50003,Card,DEV-05-1,Android,Pune,11,5,1,5.02,25,1818.67,1199.98,142,457,260,0,0,0,1179.48,0,
TXN05-01390,5,2026-06-06 11:51:20,1909.58,Hotels,50036,Card,DEV-05-2,iPhone,Jaipur,11,5,1,2.83,26,1817.63,1198.59,11,311,148,0,0,0,953.87,0,
TXN05-01391,5,2026-06-06 12:04:55,1383.85,Hotels,50005,Card,DEV-05-3,Web,Jaipur,12,5,1,13.58,27,1817.87,1197.04,96,195,149,0,0,0,0.0,0,
TXN05-01392,5,2026-06-06 12:10:50,626.87,Taxi,50002,Card,DEV-05-2,iPhone,Mumbai,12,5,1,5.92,28,1816.74,1195.69,89,312,344,0,0,0,920.74,0,
TXN05-01393,5,2026-06-06 12:11:31,1387.0,Taxi,50054,Card,DEV-05-20,Web,Delhi,12,5,1,0.68,29,1813.67,1195.67,5,1,439,1,0,0,1153.24,0,
TXN05-01394,5,2026-06-06 12:29:09,1044.8,Restaurants,50016,UPI,DEV-05-2,iPhone,Delhi,12,5,1,17.63,30,1812.57,1194.33,20,313,440,0,0,0,0.0,0,
TXN05-01395,5,2026-06-06 12:46:24,922.94,Restaurants,50004,Card,DEV-05-21,iPhone,Delhi,12,5,1,17.25,31,1810.59,1193.42,54,2,441,0,0,0,0.0,0,
TXN05-01396,5,2026-06-06 13:06:31,4000.0,Taxi,50002,UPI,DEV-05-2,iPhone,Bangalore,13,5,1,20.12,32,1809.31,1195.27,90,314,181,0,0,0,1750.11,0,
TXN05-01397,5,2026-06-06 13:08:22,855.27,Hotels,50018,Card,DEV-05-6,Web,Bangalore,13,5,1,1.85,33,1814.95,1198.88,16,76,182,0,0,0,0.0,0,
TXN05-01398,5,2026-06-06 13:27:53,414.35,Hotels,50031,Card,DEV-05-1,Android,Delhi,13,5,1,19.52,34,1812.48,1198.32,8,458,442,0,0,0,1750.11,0,
TXN05-01399,5,2026-06-06 13:38:27,1097.48,Fuel,50003,Card,DEV-05-2,iPhone,Pune,13,5,1,10.57,35,1810.53,1199.98,143,315,261,0,0,0,1179.48,0,
TXN05-01400,5,2026-06-06 14:05:38,1530.49,Fuel,50006,Card,DEV-05-5,Android,Mumbai,14,5,1,27.18,36,1808.71,1198.98,56,98,345,0,0,0,120.15,0,
TXN05-01401,5,2026-06-06 14:27:45,883.02,Restaurants,50032,UPI,DEV-05-1,Android,Delhi,14,5,1,22.12,37,1808.0,1197.54,10,459,443,0,0,0,1153.24,0,
TXN05-01402,5,2026-06-06 14:34:06,1192.4,Taxi,50030,Card,DEV-05-2,iPhone,Bangalore,14,5,1,6.35,38,1805.09,1198.39,20,316,183,0,0,0,1750.11,0,
TXN05-01403,5,2026-06-06 14:54:09,1434.62,Hotels,50017,UPI,DEV-05-2,iPhone,Bangalore,14,5,1,20.05,39,1792.29,1189.95,20,317,184,0,0,0,0.0,0,
TXN05-01404,5,2026-06-06 15:15:20,2022.21,Taxi,50007,UPI,DEV-05-6,Web,Delhi,15,5,1,21.18,40,1790.55,1189.97,27,77,444,0,0,0,1750.11,0,
TXN05-01405,5,2026-06-06 15:24:20,1478.53,Fuel,50003,UPI,DEV-05-2,iPhone,Mumbai,15,5,1,9.0,41,1793.75,1190.3,144,318,346,0,0,0,1153.24,0,
TXN05-01406,5,2026-06-06 15:44:03,3225.45,Taxi,50058,Card,DEV-05-1,Android,Bangalore,15,5,1,19.72,42,1787.53,1187.82,6,460,185,0,0,0,845.32,0,
TXN05-01407,5,2026-06-06 15:48:50,617.03,Hotels,50018,Card,DEV-05-10,Android,Lucknow,15,5,1,4.78,43,1791.22,1188.52,17,13,4,0,0,0,1581.87,0,
TXN05-01408,5,2026-06-06 15:56:56,1518.69,Fuel,50006,Card,DEV-05-2,iPhone,Delhi,15,5,1,8.1,44,1789.58,1189.7,57,319,445,0,0,0,430.84,0,
TXN05-01409,5,2026-06-06 16:04:06,982.42,Hotels,50005,UPI,DEV-05-4,iPhone,Mumbai,16,5,1,7.17,45,1788.89,1188.26,97,142,347,0,0,0,1153.24,0,
TXN05-01410,5,2026-06-06 16:26:08,773.16,Hotels,50005,UPI,DEV-05-12,Web,Pune,16,5,1,22.03,46,1786.83,1187.44,98,4,262,0,0,0,120.15,0,
TXN05-01411,5,2026-06-06 16:38:22,3056.0,Restaurants,50023,Card,DEV-05-6,Web,Delhi,16,5,1,12.23,47,1784.25,1187.03,11,78,446,0,0,0,1179.48,0,
TXN05-01412,5,2026-06-06 16:46:27,2455.58,Hotels,50010,UPI,DEV-05-1,Android,Delhi,16,5,1,8.08,48,1790.46,1187.28,50,461,447,0,0,0,0.0,0,
TXN05-01413,5,2026-06-06 16:58:26,988.88,Taxi,50184,Card,DEV-05-2,iPhone,Pune,16,5,1,11.98,49,1792.14,1186.25,1,320,263,0,0,1,1179.48,1,ato_new_merchant_same_category
TXN05-01414,5,2026-06-06 17:26:11,1163.17,Fuel,50040,UPI,DEV-05-2,iPhone,Bangalore,17,5,1,27.75,50,1790.11,1185.43,17,321,186,0,0,0,735.23,0,
TXN05-01415,5,2026-06-06 17:27:22,1421.12,Hotels,50017,UPI,DEV-05-2,iPhone,Bangalore,17,5,1,1.18,51,1788.53,1184.35,21,322,187,0,0,0,0.0,0,
TXN05-01416,5,2026-06-06 17:35:37,830.62,Restaurants,50032,UPI,DEV-05-5,Android,Mumbai,17,5,1,8.25,52,1787.6,1183.0,11,99,348,0,0,0,845.32,0,
TXN05-01417,5,2026-06-06 17:51:18,654.78,Hotels,50025,UPI,DEV-05-1,Android,Bangalore,17,5,1,15.68,53,1786.3,1185.13,17,462,188,0,0,0,845.32,0,
TXN05-01418,5,2026-06-06 17:52:22,2636.35,Fuel,50069,Card,DEV-05-3,Web,Delhi,17,5,1,1.07,54,1783.45,1185.0,1,196,448,0,0,1,1750.11,0,
TXN05-01419,5,2026-06-06 18:12:28,2543.88,Taxi,50002,Card,DEV-05-5,Android,Pune,18,5,1,20.1,55,1785.59,1184.28,91,100,264,0,0,0,1179.48,0,
TXN05-01420,5,2026-06-06 18:16:05,1877.35,Hotels,50060,Card,DEV-05-1,Android,Mumbai,18,5,1,3.62,56,1787.49,1183.4,3,463,349,0,0,0,120.15,0,
TXN05-01421,5,2026-06-06 18:22:05,683.48,Restaurants,50034,UPI,DEV-05-3,Web,Pune,18,5,1,6.0,57,1790.35,1182.23,9,197,265,0,0,0,120.15,0,
TXN05-01422,5,2026-06-06 18:22:22,989.28,Restaurants,50004,UPI,DEV-05-2,iPhone,Delhi,18,5,1,0.28,58,1787.59,1182.05,55,323,449,0,0,0,1179.48,0,
TXN05-01423,5,2026-06-06 18:23:52,1034.92,Restaurants,50001,UPI,DEV-05-2,iPhone,Delhi,18,5,1,1.5,59,1785.59,1181.24,164,324,450,0,0,0,0.0,0,
TXN05-01424,5,2026-06-06 18:42:26,1486.32,Restaurants,50023,Card,DEV-05-8,iPhone,Pune,18,5,1,18.57,60,1781.06,1180.63,12,19,266,0,0,0,1179.48,0,
TXN05-01425,5,2026-06-06 18:44:08,1483.81,Taxi,50039,UPI,DEV-05-1,Android,Pune,18,5,1,1.7,61,1780.33,1179.25,13,464,267,0,0,0,0.0,0,
TXN05-01426,5,2026-06-06 19:16:20,375.18,Fuel,50053,UPI,DEV-05-2,iPhone,Mumbai,19,5,1,32.2,62,1780.92,1179.04,12,325,350,0,0,0,120.15,0,
TXN05-01427,5,2026-06-06 19:27:42,4000.0,Hotels,50024,Card,DEV-05-1,Android,Delhi,19,5,1,11.37,63,1777.43,1179.66,26,465,451,0,0,0,1153.24,0,
TXN05-01428,5,2026-06-06 19:42:16,1710.18,Hotels,50015,UPI,DEV-05-3,Web,Bangalore,19,5,1,14.57,64,1782.93,1183.36,23,198,189,0,0,0,1750.11,0,
TXN05-01429,5,2026-06-06 20:05:37,3986.32,Hotels,50056,Card,DEV-05-2,iPhone,Delhi,20,5,1,23.35,65,1784.87,1187.0,9,326,452,0,0,0,1750.11,0,
TXN05-01430,5,2026-06-06 20:22:58,1312.14,Restaurants,50004,Card,DEV-05-1,Android,Delhi,20,5,1,17.35,66,1787.1,1190.3,56,466,453,0,0,0,0.0,0,
TXN05-01431,5,2026-06-06 20:34:09,1604.01,Fuel,50070,UPI,DEV-05-2,iPhone,Pune,20,5,1,11.18,67,1784.41,1190.15,1,327,268,0,0,1,1179.48,0,
TXN05-01432,5,2026-06-06 21:21:22,2910.45,Restaurants,50004,Card,DEV-05-2,iPhone,Mumbai,21,5,1,47.22,68,1784.61,1189.25,57,328,351,0,0,0,120.15,0,
TXN05-01433,5,2026-06-06 21:31:44,4000.0,Fuel,50003,UPI,DEV-05-1,Android,Mumbai,21,5,1,10.37,69,1787.42,1189.1,145,467,352,0,0,0,0.0,0,
TXN05-01434,5,2026-06-06 21:43:42,1778.58,Hotels,50014,Card,DEV-05-22,Web,Mumbai,21,5,1,11.97,70,1789.26,1191.94,37,1,353,1,0,0,0.0,0,
TXN05-01435,5,2026-06-06 21:51:56,1007.82,Hotels,50018,UPI,DEV-05-12,Web,Pune,21,5,1,8.23,71,1789.23,1190.46,18,5,269,0,0,0,120.15,0,
TXN05-01436,5,2026-06-06 22:00:34,718.92,Restaurants,50001,UPI,DEV-05-6,Web,Pune,22,5,1,8.63,72,1787.29,1189.61,165,79,270,0,0,0,0.0,0,
TXN05-01437,5,2026-06-06 22:46:02,907.23,Hotels,50010,UPI,DEV-05-2,iPhone,Pune,22,5,1,45.47,73,1774.84,1184.39,51,329,271,0,0,0,0.0,0,
TXN05-01438,5,2026-06-06 23:11:10,979.59,Hotels,50005,UPI,DEV-05-1,Android,Delhi,23,5,1,25.13,74,1771.96,1185.1,99,468,454,0,0,0,1179.48,0,
TXN05-01439,5,2026-06-06 23:28:11,2176.01,Fuel,50003,Card,DEV-05-3,Web,Delhi,23,5,1,17.02,75,1771.89,1185.14,146,199,455,0,0,0,0.0,0,
TXN05-01440,5,2026-06-07 00:50:25,4000.0,Hotels,50190,Card,DEV-05-71,iPhone,Bangalore,0,6,1,82.23,1,1772.9,1183.84,1,1,190,1,0,1,1750.11,1,ato_odd_hour_short_gap
TXN05-01441,5,2026-06-07 02:54:28,3124.73,Restaurants,50180,Card,DEV-05-2,iPhone,Delhi,2,6,1,124.05,2,1759.06,1156.1,1,330,456,0,0,1,1750.11,1,ato_new_merchant_same_category_odd_hour
TXN05-01442,5,2026-06-07 06:16:15,1315.55,Restaurants,50008,Card,DEV-05-7,Android,Delhi,6,6,1,201.78,3,1764.4,1157.47,47,36,457,0,0,0,0.0,0,
TXN05-01443,5,2026-06-07 06:28:18,608.43,Hotels,50005,Card,DEV-05-1,Android,Mumbai,6,6,1,12.05,4,1763.28,1156.24,100,469,354,0,0,0,1153.24,0,
TXN05-01444,5,2026-06-07 06:47:07,1009.79,Hotels,50015,Card,DEV-05-1,Android,Mumbai,6,6,1,18.82,5,1760.4,1156.23,24,470,355,0,0,0,0.0,0,
TXN05-01445,5,2026-06-07 06:49:44,1647.17,Hotels,50010,UPI,DEV-05-1,Android,Bangalore,6,6,1,2.62,6,1758.54,1155.4,52,471,191,0,0,0,845.32,0,
TXN05-01446,5,2026-06-07 06:51:06,1057.27,Restaurants,50022,Card,DEV-05-2,iPhone,Pune,6,6,1,1.37,7,1758.26,1153.98,16,331,272,0,0,0,735.23,0,
TXN05-01447,5,2026-06-07 07:03:59,2122.99,Fuel,50006,Card,DEV-05-1,Android,Bangalore,7,6,1,12.88,8,1759.23,1153.22,58,472,192,0,0,0,735.23,0,
TXN05-01448,5,2026-06-07 07:13:41,317.51,Restaurants,50016,UPI,DEV-05-5,Android,Delhi,7,6,1,9.7,9,1760.13,1151.94,21,101,458,0,0,0,1750.11,0,
TXN05-01449,5,2026-06-07 07:14:17,1114.3,Taxi,50071,Card,DEV-05-7,Android,Bangalore,7,6,1,0.6,10,1756.56,1152.74,1,37,193,0,0,1,1750.11,0,
TXN05-01450,5,2026-06-07 07:19:38,590.12,Restaurants,50009,UPI,DEV-05-3,Web,Jaipur,7,6,1,5.35,11,1754.98,1151.76,28,200,150,0,0,0,1561.54,0,
TXN05-01451,5,2026-06-07 07:40:37,2061.59,Fuel,50003,Card,DEV-05-2,iPhone,Pune,7,6,1,20.98,12,1755.58,1154.92,147,332,273,0,0,0,953.87,0,
TXN05-01452,5,2026-06-07 08:19:59,753.54,Fuel,50003,Card,DEV-05-3,Web,Mumbai,8,6,1,39.37,13,1757.78,1157.26,148,201,356,0,0,0,120.15,0,
TXN05-01453,5,2026-06-07 08:43:18,2054.21,Taxi,50002,UPI,DEV-05-1,Android,Jaipur,8,6,1,23.32,14,1755.29,1156.91,92,473,151,0,0,0,920.74,0,
TXN05-01454,5,2026-06-07 09:03:29,3013.54,Hotels,50005,Card,DEV-05-4,iPhone,Mumbai,9,6,1,20.18,15,1756.03,1155.57,101,143,357,0,0,0,920.74,0,
TXN05-01455,5,2026-06-07 09:18:17,1820.12,Taxi,50030,UPI,DEV-05-5,Android,Pune,9,6,1,14.8,16,1753.59,1151.86,21,102,274,0,0,0,120.15,0,
TXN05-01456,5,2026-06-07 10:28:25,3155.94,Hotels,50031,Card,DEV-05-7,Android,Bangalore,10,6,1,70.13,17,1760.03,1149.82,9,38,194,0,0,0,735.23,0,
TXN05-01457,5,2026-06-07 10:40:24,284.26,Hotels,50005,UPI,DEV-05-2,iPhone,Jaipur,10,6,1,11.98,18,1762.25,1150.26,102,333,152,0,0,0,1561.54,0,
TXN05-01458,5,2026-06-07 12:40:50,653.37,Fuel,50003,UPI,DEV-05-1,Android,Pune,12,6,1,120.43,19,1765.83,1152.05,149,474,275,0,0,0,953.87,0,
TXN05-01459,5,2026-06-07 13:07:29,2696.36,Restaurants,50009,UPI,DEV-05-1,Android,Jaipur,13,6,1,26.65,20,1763.48,1153.36,29,475,153,0,0,0,953.87,0,
TXN05-01460,5,2026-06-07 13:12:20,4000.0,Taxi,50037,Card,DEV-05-23,iPhone,Bangalore,13,6,1,4.85,21,1765.81,1152.86,12,1,195,1,0,0,1561.54,0,
TXN05-01461,5,2026-06-07 13:20:51,1102.48,Restaurants,50012,Card,DEV-05-2,iPhone,Mumbai,13,6,1,8.52,22,1765.81,1152.86,20,334,358,0,0,0,845.32,0,
TXN05-01462,5,2026-06-07 13:38:42,1316.98,Hotels,50010,UPI,DEV-05-3,Web,Delhi,13,6,1,17.85,23,1764.16,1151.9,53,202,459,0,0,0,1153.24,0,
TXN05-01463,5,2026-06-07 13:43:08,1315.05,Taxi,50037,Card,DEV-05-1,Android,Pune,13,6,1,4.43,24,1763.05,1150.68,13,476,276,0,0,0,1179.48,0,
TXN05-01464,5,2026-06-07 14:19:35,2687.6,Restaurants,50194,UPI,DEV-05-7,Android,Mumbai,14,6,1,36.45,25,1761.76,1150.54,1,39,359,0,0,1,120.15,1,ato_new_merchant_same_category_higher_amount
TXN05-01465,5,2026-06-07 14:46:09,1451.0,Restaurants,50009,UPI,DEV-05-1,Android,Mumbai,14,6,1,26.57,26,1761.55,1150.36,30,477,360,0,0,0,0.0,0,
TXN05-01466,5,2026-06-07 14:49:08,1602.08,Taxi,50007,Card,DEV-05-3,Web,Bangalore,14,6,1,2.98,27,1760.78,1149.04,28,203,196,0,0,0,845.32,0,
TXN05-01467,5,2026-06-07 14:53:33,1155.36,Fuel,50003,Card,DEV-05-8,iPhone,Jaipur,14,6,1,4.42,28,1736.24,1041.55,150,20,154,0,0,0,1561.54,0,
TXN05-01468,5,2026-06-07 15:10:31,456.19,Fuel,50003,UPI,DEV-05-1,Android,Mumbai,15,6,1,16.97,29,1735.19,1041.92,151,478,361,0,0,0,920.74,0,
TXN05-01469,5,2026-06-07 15:33:59,3877.08,Restaurants,50001,UPI,DEV-05-1,Android,Jaipur,15,6,1,23.47,30,1732.76,1043.75,166,479,155,0,0,0,920.74,0,
TXN05-01470,5,2026-06-07 15:51:26,895.07,Hotels,50051,Card,DEV-05-2,iPhone,Mumbai,15,6,1,17.45,31,1738.07,1047.89,4,335,362,0,0,0,920.74,0,
TXN05-01471,5,2026-06-07 15:54:29,1262.16,Restaurants,50004,Card,DEV-05-1,Android,Delhi,15,6,1,3.05,32,1735.99,1047.43,58,480,460,0,0,0,1153.24,0,
TXN05-01472,5,2026-06-07 15:56:40,4000.0,Hotels,50005,Card,DEV-05-5,Android,Bangalore,15,6,1,2.18,33,1734.82,1046.41,103,103,197,0,0,0,1750.11,0,
TXN05-01473,5,2026-06-07 16:13:28,1613.73,Fuel,50055,UPI,DEV-05-5,Android,Delhi,16,6,1,16.8,34,1740.39,1051.12,5,104,461,0,0,0,1750.11,0,
TXN05-01474,5,2026-06-07 16:27:22,1537.44,Restaurants,50022,Card,DEV-05-4,iPhone,Mumbai,16,6,1,13.9,35,1740.08,1049.85,17,144,363,0,0,0,1153.24,0,
TXN05-01475,5,2026-06-07 16:55:28,996.89,Fuel,50006,Card,DEV-05-1,Android,Delhi,16,6,1,28.1,36,1744.92,1048.4,59,481,462,0,0,0,1153.24,0,
TXN05-01476,5,2026-06-07 17:10:32,100000.0,Bank Transfer,50001,Card,DEV-05-1,Android,Delhi,17,6,1,15.07,37,1740.02,1049.13,167,482,463,0,0,0,0.0,1,huge_transfer
TXN05-01477,5,2026-06-07 17:22:08,1785.25,Fuel,50047,UPI,DEV-05-11,iPhone,Jaipur,17,6,1,11.6,38,1981.45,4976.15,19,6,156,0,0,0,237.53,0,
TXN05-01478,5,2026-06-07 17:25:48,787.43,Restaurants,50022,UPI,DEV-05-2,iPhone,Pune,17,6,1,3.67,39,1980.97,4970.06,18,336,277,0,0,0,953.87,0,
TXN05-01479,5,2026-06-07 17:25:49,1766.17,Fuel,50055,Card,DEV-05-1,Android,Bangalore,17,6,1,0.02,40,1978.05,4964.33,6,483,198,0,0,0,735.23,0,
TXN05-01480,5,2026-06-07 17:52:15,2935.96,Restaurants,50009,Card,DEV-05-1,Android,Pune,17,6,1,26.43,41,1983.02,4975.87,31,484,278,0,0,0,735.23,0,
TXN05-01481,5,2026-06-07 18:10:07,443.38,Hotels,50005,UPI,DEV-05-1,Android,Jaipur,18,6,1,17.87,42,1984.36,4976.05,104,485,157,0,0,0,953.87,0,
TXN05-01482,5,2026-06-07 18:40:22,1499.99,Restaurants,50001,UPI,DEV-05-2,iPhone,Mumbai,18,6,1,30.25,43,1981.99,4976.56,168,337,364,0,0,0,920.74,0,
TXN05-01483,5,2026-06-07 18:47:23,1314.19,Restaurants,50035,UPI,DEV-05-6,Web,Delhi,18,6,1,7.02,44,1980.81,4970.51,8,80,464,0,0,0,1153.24,0,
TXN05-01484,5,2026-06-07 19:09:21,1300.6,Hotels,50010,Card,DEV-05-1,Android,Pune,19,6,1,21.97,45,1979.18,4964.54,54,486,279,0,0,0,1179.48,0,
TXN05-01485,5,2026-06-07 19:18:35,1138.58,Fuel,50006,UPI,DEV-05-4,iPhone,Pune,19,6,1,9.23,46,1977.52,4958.6,60,145,280,0,0,0,0.0,0,
TXN05-01486,5,2026-06-07 19:28:09,574.47,Fuel,50003,UPI,DEV-05-1,Android,Delhi,19,6,1,9.57,47,1975.48,4952.73,152,487,465,0,0,0,1179.48,0,
TXN05-01487,5,2026-06-07 19:33:10,1700.92,Hotels,50010,UPI,DEV-05-5,Android,Delhi,19,6,1,5.02,48,1975.22,4952.8,55,105,466,0,0,0,0.0,0,
TXN05-01488,5,2026-06-07 19:34:10,3142.58,Taxi,50094,UPI,DEV-05-3,Web,Delhi,19,6,1,1.0,49,1974.55,4946.81,1,204,467,0,0,1,0.0,1,ato_short_gap
TXN05-01489,5,2026-06-07 20:08:36,3080.9,Fuel,50006,Card,DEV-05-14,iPhone,Mumbai,20,6,1,34.43,50,1979.17,4947.01,61,3,365,0,0,0,1153.24,0,
TXN05-01490,5,2026-06-07 20:08:46,1830.33,Restaurants,50026,UPI,DEV-05-5,Android,Mumbai,20,6,1,0.17,51,1981.84,4941.31,11,106,366,0,0,0,0.0,0,
TXN05-01491,5,2026-06-07 20:20:13,2254.56,Fuel,50028,UPI,DEV-05-5,Android,Pune,20,6,1,11.45,52,1983.23,4947.16,35,107,281,0,0,0,120.15,0,
TXN05-01492,5,2026-06-07 20:44:36,1084.9,Restaurants,50001,Card,DEV-05-1,Android,Delhi,20,6,1,24.38,53,1987.02,4958.52,169,488,468,0,0,0,1179.48,0,
TXN05-01493,5,2026-06-07 21:17:08,3576.93,Restaurants,50008,UPI,DEV-05-2,iPhone,Mumbai,21,6,1,32.53,54,1982.67,4958.52,48,338,367,0,0,0,1153.24,0,
TXN05-01494,5,2026-06-07 21:18:06,3369.85,Taxi,50002,UPI,DEV-05-4,iPhone,Bangalore,21,6,1,0.97,55,1986.55,4953.11,93,146,199,0,0,0,845.32,0,
TXN05-01495,5,2026-06-07 21:45:25,1116.25,Fuel,50003,Card,DEV-05-2,iPhone,Mumbai,21,6,1,27.32,56,1997.59,4964.86,153,339,368,0,0,0,845.32,0,
TXN05-01496,5,2026-06-07 21:46:38,881.45,Restaurants,50019,UPI,DEV-05-3,Web,Delhi,21,6,1,1.22,57,1995.44,4958.99,10,205,469,0,0,0,1153.24,0,
TXN05-01497,5,2026-06-07 22:10:37,3244.73,Taxi,50007,UPI,DEV-05-6,Web,Pune,22,6,1,23.98,58,1992.73,4953.26,29,81,282,0,0,0,1179.48,0,
TXN05-01498,5,2026-06-07 22:19:17,949.27,Fuel,50059,Card,DEV-05-5,Android,Jaipur,22,6,1,8.67,59,1993.57,4953.44,4,108,158,0,0,0,953.87,0,
TXN05-01499,5,2026-06-07 22:26:15,1044.14,Restaurants,50009,Card,DEV-05-1,Android,Pune,22,6,1,6.97,60,1991.03,4947.69,32,489,283,0,0,0,953.87,0,
TXN05-01500,5,2026-06-07 22:41:53,602.35,Restaurants,50011,Card,DEV-05-1,Android,Mumbai,22,6,1,15.63,61,1989.16,4947.9,28,490,369,0,0,0,120.15,0,
TXN05-01501,5,2026-06-07 22:48:18,1023.87,Restaurants,50001,Card,DEV-05-3,Web,Jaipur,22,6,1,6.42,62,1984.49,4948.3,170,206,159,0,0,0,920.74,0,
TXN05-01502,5,2026-06-07 23:12:29,3095.0,Hotels,50027,UPI,DEV-05-2,iPhone,Pune,23,6,1,24.18,63,1982.17,4942.53,11,340,284,0,0,0,953.87,0,
TXN05-01503,5,2026-06-08 06:10:54,431.44,Taxi,50002,Card,DEV-05-1,Android,Mumbai,6,0,0,418.42,1,1991.85,4983.89,94,491,370,0,0,0,120.15,0,
TXN05-01504,5,2026-06-08 06:29:44,3921.43,Taxi,50002,Card,DEV-05-2,iPhone,Delhi,6,0,0,18.83,2,1985.49,4984.23,95,341,470,0,0,0,1153.24,0,
TXN05-01505,5,2026-06-08 06:42:07,1599.26,Hotels,50018,UPI,DEV-05-3,Web,Delhi,6,0,0,12.38,3,1991.21,4985.12,19,207,471,0,0,0,0.0,0,
TXN05-01506,5,2026-06-08 07:11:30,1537.71,Fuel,50040,Card,DEV-05-5,Android,Delhi,7,0,0,29.38,4,1990.25,4979.03,18,109,472,0,0,0,0.0,0,
TXN05-01507,5,2026-06-08 07:14:30,2453.4,Restaurants,50001,Card,DEV-05-2,iPhone,Mumbai,7,0,0,3.0,5,1989.14,4972.97,171,342,371,0,0,0,1153.24,0,
TXN05-01508,5,2026-06-08 07:18:45,647.22,Fuel,50072,Card,DEV-05-5,Android,Mumbai,7,0,0,4.25,6,1990.27,4966.94,1,110,372,0,0,1,0.0,0,
TXN05-01509,5,2026-06-08 07:41:24,1052.73,Hotels,50060,UPI,DEV-05-1,Android,Delhi,7,0,0,22.65,7,1987.88,4973.4,4,492,473,0,0,0,1153.24,0,
TXN05-01510,5,2026-06-08 08:29:42,977.42,Hotels,50014,Card,DEV-05-7,Android,Pune,8,0,0,48.3,8,1989.4,4979.28,38,40,285,0,0,0,1179.48,0,
TXN05-01511,5,2026-06-08 08:49:33,1867.43,Taxi,50002,UPI,DEV-05-24,iPhone,Mumbai,8,0,0,19.85,9,1986.91,4973.42,96,1,373,1,0,0,120.15,0,
TXN05-01512,5,2026-06-08 08:50:42,2396.01,Restaurants,50044,Card,DEV-05-5,Android,Mumbai,8,0,0,1.15,10,1986.62,4967.34,5,111,374,0,0,0,0.0,0,
TXN05-01513,5,2026-06-08 09:05:14,1198.81,Fuel,50003,Card,DEV-05-6,Web,Pune,9,0,0,14.53,11,1990.69,4966.99,154,82,286,0,0,0,120.15,0,
TXN05-01514,5,2026-06-08 09:06:12,4000.0,Hotels,50024,UPI,DEV-05-25,iPhone,Mumbai,9,0,0,0.97,12,1988.76,4961.09,27,1,375,1,0,0,120.15,0,
TXN05-01515,5,2026-06-08 09:14:22,3987.84,Restaurants,50026,Card,DEV-05-1,Android,Pune,9,0,0,8.17,13,1993.65,4956.04,12,493,287,0,0,0,120.15,0,
TXN05-01516,5,2026-06-08 09:46:12,650.18,Fuel,50073,Card,DEV-05-1,Android,Mumbai,9,0,0,31.83,14,1997.84,4962.38,1,494,376,0,0,1,120.15,0,
TXN05-01517,5,2026-06-08 09:54:27,1726.8,Restaurants,50188,UPI,DEV-05-10,Android,Pune,9,0,0,8.25,15,1994.56,4956.79,1,14,288,0,0,1,120.15,1,ato_higher_amount_new_merchant_same_category
TXN05-01518,5,2026-06-08 09:57:37,1019.63,Restaurants,50021,UPI,DEV-05-3,Web,Delhi,9,0,0,3.17,16,1993.91,4950.78,10,208,474,0,0,0,1179.48,0,
TXN05-01519,5,2026-06-08 10:02:22,776.74,Hotels,50036,Card,DEV-05-4,iPhone,Delhi,10,0,0,4.75,17,1994.12,4950.74,12,147,475,0,0,0,0.0,0,
TXN05-01520,5,2026-06-08 10:19:38,2901.44,Taxi,50068,Card,DEV-05-1,Android,Mumbai,10,0,0,17.27,18,1992.93,4950.98,2,495,377,0,0,0,1153.24,0,
TXN05-01521,5,2026-06-08 10:37:49,4000.0,Fuel,50043,UPI,DEV-05-8,iPhone,Delhi,10,0,0,18.18,19,1994.59,4951.17,9,21,476,0,0,0,1153.24,0,
TXN05-01522,5,2026-06-08 11:23:33,3242.23,Hotels,50056,Card,DEV-05-7,Android,Mumbai,11,0,0,45.73,20,1991.78,4956.86,10,41,378,0,0,0,1153.24,0,
TXN05-01523,5,2026-06-08 11:47:30,814.52,Hotels,50017,Card,DEV-05-1,Android,Delhi,11,0,0,23.95,21,1994.82,4951.22,22,496,477,0,0,0,1153.24,0,
TXN05-01524,5,2026-06-08 12:31:41,541.93,Hotels,50015,UPI,DEV-05-1,Android,Chandigarh,12,0,0,44.18,22,1987.7,4956.57,25,497,2,0,0,0,227.78,0,
TXN05-01525,5,2026-06-08 12:44:19,4000.0,Hotels,50056,Card,DEV-05-1,Android,Delhi,12,0,0,12.63,23,1984.64,4957.08,11,498,478,0,0,0,227.78,0,
TXN05-01526,5,2026-06-08 12:48:56,2894.09,Restaurants,50052,Card,DEV-05-4,iPhone,Bangalore,12,0,0,4.62,24,1989.53,4952.05,5,148,200,0,0,0,1750.11,0,
TXN05-01527,5,2026-06-08 12:52:55,792.93,Fuel,50003,Card,DEV-05-3,Web,Mumbai,12,0,0,3.98,25,1993.66,4952.09,155,209,379,0,0,0,845.32,0,
TXN05-01528,5,2026-06-08 13:27:09,2415.26,Hotels,50005,Card,DEV-05-1,Android,Bangalore,13,0,0,34.23,26,1982.43,4963.55,105,499,201,0,0,0,845.32,0,
TXN05-01529,5,2026-06-08 14:46:01,1396.1,Restaurants,50004,UPI,DEV-05-1,Android,Bangalore,14,0,0,78.87,27,1983.88,4992.29,59,500,202,0,0,0,0.0,0,
TXN05-01530,5,2026-06-08 14:52:40,2145.98,Hotels,50005,UPI,DEV-05-5,Android,Delhi,14,0,0,6.65,28,1980.65,4998.24,106,112,479,0,0,0,1750.11,0,
TXN05-01531,5,2026-06-08 15:23:09,2843.73,Restaurants,50001,Card,DEV-05-3,Web,Bangalore,15,0,0,30.48,29,1984.08,4997.87,172,210,203,0,0,0,1750.11,0,
TXN05-01532,5,2026-06-08 15:55:19,559.02,Restaurants,50001,Card,DEV-05-1,Android,Mumbai,15,0,0,32.17,30,1988.03,5021.6,173,501,380,0,0,0,845.32,0,
TXN05-01533,5,2026-06-08 15:56:49,1108.71,Hotels,50036,Card,DEV-05-2,iPhone,Jaipur,15,0,0,1.5,31,1984.47,5015.85,13,343,160,0,0,0,920.74,0,
TXN05-01534,5,2026-06-08 16:39:28,832.5,Hotels,50025,Card,DEV-05-2,iPhone,Delhi,16,0,0,42.65,32,1993.66,5033.44,18,344,480,0,0,0,237.53,0,
TXN05-01535,5,2026-06-08 16:45:49,2956.32,Restaurants,50001,Card,DEV-05-1,Android,Bangalore,16,0,0,6.35,33,1990.75,5027.46,174,502,204,0,0,0,1750.11,0,
TXN05-01536,5,2026-06-08 17:49:52,3233.47,Hotels,50014,UPI,DEV-05-1,Android,Bangalore,17,0,0,64.05,34,1993.17,5021.4,39,503,205,0,0,0,0.0,0,
TXN05-01537,5,2026-06-08 18:55:43,1451.37,Fuel,50047,UPI,DEV-05-1,Android,Delhi,18,0,0,65.85,35,1983.62,5027.23,20,504,481,0,0,0,1750.11,0,
TXN05-01538,5,2026-06-08 19:13:49,2525.73,Fuel,50069,Card,DEV-05-2,iPhone,Delhi,19,0,0,18.1,36,1982.28,5020.98,2,345,482,0,0,0,0.0,0,
TXN05-01539,5,2026-06-08 19:47:23,4000.0,Taxi,50002,UPI,DEV-05-2,iPhone,Mumbai,19,0,0,33.57,37,1982.3,5026.44,97,346,381,0,0,0,1153.24,0,
TXN05-01540,5,2026-06-08 19:53:30,948.39,Fuel,50006,UPI,DEV-05-4,iPhone,Pune,19,0,0,6.12,38,1987.37,5021.14,62,149,289,0,0,0,120.15,0,
TXN05-01541,5,2026-06-08 20:06:07,3489.67,Hotels,50036,UPI,DEV-05-4,iPhone,Jaipur,20,0,0,12.62,39,1983.71,5021.36,14,150,161,0,0,0,953.87,0,
TXN05-01542,5,2026-06-08 20:15:09,1650.85,Taxi,50007,UPI,DEV-05-2,iPhone,Mumbai,20,0,0,9.03,40,1989.11,5021.82,30,347,382,0,0,0,920.74,0,
TXN05-01543,5,2026-06-08 20:15:27,16000.0,Fuel,50001,UPI,DEV-05-1,Android,Unknown Country,20,0,0,0.3,41,1988.26,5015.56,175,505,12,0,0,0,8211.14,1,unknown_country_purchase
TXN05-01544,5,2026-06-08 20:36:27,1809.18,Restaurants,50004,Card,DEV-05-2,iPhone,Bangalore,20,0,0,21.0,42,2026.56,5063.83,60,348,206,0,0,0,8663.87,0,
TXN05-01545,5,2026-06-08 21:02:40,1121.16,Restaurants,50045,UPI,DEV-05-8,iPhone,Bangalore,21,0,0,26.22,43,2022.92,5082.57,2,22,207,0,0,0,0.0,0,
TXN05-01546,5,2026-06-08 21:56:01,3953.97,Hotels,50005,Card,DEV-05-4,iPhone,Bangalore,21,0,0,53.35,44,2023.98,5101.17,107,151,208,0,0,0,0.0,0,
TXN05-01547,5,2026-06-08 22:20:44,1104.03,Fuel,50003,Card,DEV-05-1,Android,Pune,22,0,0,24.72,45,2031.75,5101.78,156,506,290,0,0,0,735.23,0,
TXN05-01548,5,2026-06-08 22:37:35,2501.59,Restaurants,50011,Card,DEV-05-14,iPhone,Mumbai,22,0,0,16.85,46,2029.39,5095.51,29,4,383,0,0,0,120.15,0,
TXN05-01549,5,2026-06-08 22:51:37,1836.05,Fuel,50006,Card,DEV-05-1,Android,Delhi,22,0,0,14.03,47,2030.59,5089.11,63,507,483,0,0,0,1153.24,0,
TXN05-01550,5,2026-06-08 23:06:42,1364.09,Fuel,50003,Card,DEV-05-1,Android,Pune,23,0,0,15.08,48,2036.28,5094.81,157,508,291,0,0,0,1179.48,0,
TXN05-01551,5,2026-06-08 23:09:37,1120.6,Hotels,50005,Card,DEV-05-6,Web,Delhi,23,0,0,2.92,49,2034.58,5088.47,108,83,484,0,0,0,1179.48,0,
TXN05-01552,5,2026-06-08 23:36:24,2172.4,Fuel,50059,Card,DEV-05-6,Web,Bangalore,23,0,0,26.78,50,2032.27,5082.25,5,84,209,0,0,0,1750.11,0,
TXN05-01553,5,2026-06-08 23:43:41,3678.37,Restaurants,50016,UPI,DEV-05-3,Web,Mumbai,23,0,0,7.28,51,2032.62,5075.85,22,211,384,0,0,0,845.32,0,
TXN05-01554,5,2026-06-09 06:24:37,2029.68,Hotels,50031,Card,DEV-05-1,Android,Mumbai,6,1,0,400.93,1,2038.54,5076.39,10,509,385,0,0,0,0.0,0,
TXN05-01555,5,2026-06-09 06:36:37,1222.9,Restaurants,50032,UPI,DEV-05-2,iPhone,Pune,6,1,0,12.0,2,2038.48,5076.39,12,349,292,0,0,0,120.15,0,
TXN05-01556,5,2026-06-09 07:14:02,959.48,Fuel,50028,UPI,DEV-05-3,Web,Mumbai,7,1,0,37.42,3,2040.74,5089.07,36,212,386,0,0,0,120.15,0,
TXN05-01557,5,2026-06-09 07:14:03,4000.0,Restaurants,50008,Card,DEV-05-5,Android,Jaipur,7,1,0,0.02,4,2038.0,5082.93,49,113,162,0,0,0,920.74,0,
TXN05-01558,5,2026-06-09 07:25:10,2964.7,Hotels,50005,UPI,DEV-05-5,Android,Delhi,7,1,0,11.12,5,2042.95,5077.48,109,114,485,0,0,0,237.53,0,
TXN05-01559,5,2026-06-09 08:03:18,1060.89,Restaurants,50008,Card,DEV-05-3,Web,Mumbai,8,1,0,38.13,6,2045.26,5071.31,50,213,387,0,0,0,1153.24,0,
TXN05-01560,5,2026-06-09 08:21:06,2428.18,Restaurants,50016,UPI,DEV-05-4,iPhone,Pune,8,1,0,17.8,7,2042.8,5065.19,23,152,293,0,0,0,120.15,0,
TXN05-01561,5,2026-06-09 08:33:47,3701.8,Fuel,50006,Card,DEV-05-2,iPhone,Bangalore,8,1,0,12.68,8,2043.76,5058.89,64,350,210,0,0,0,735.23,0,
TXN05-01562,5,2026-06-09 09:03:57,1333.28,Fuel,50028,UPI,DEV-05-1,Android,Delhi,9,1,0,30.17,9,2047.89,5053.25,37,510,486,0,0,0,1750.11,0,
TXN05-01563,5,2026-06-09 09:04:12,442.99,Fuel,50003,Card,DEV-05-2,iPhone,Delhi,9,1,0,0.25,10,2046.12,5047.09,158,351,487,0,0,0,0.0,0,
TXN05-01564,5,2026-06-09 09:07:22,4000.0,Restaurants,50001,Card,DEV-05-1,Android,Pune,9,1,0,3.17,11,2042.14,5041.45,176,511,294,0,0,0,1179.48,0,
TXN05-01565,5,2026-06-09 09:07:36,556.35,Hotels,50005,UPI,DEV-05-3,Web,Jaipur,9,1,0,0.23,12,2046.98,5036.15,110,214,163,0,0,0,953.87,0,
TXN05-01566,5,2026-06-09 09:09:28,2874.67,Restaurants,50001,UPI,DEV-05-3,Web,Mumbai,9,1,0,1.87,13,2043.3,5030.47,177,215,388,0,0,0,920.74,0,
TXN05-01567,5,2026-06-09 09:36:46,1271.21,Fuel,50013,UPI,DEV-05-2,iPhone,Delhi,9,1,0,27.3,14,2051.85,5035.99,47,352,488,0,0,0,1153.24,0,
TXN05-01568,5,2026-06-09 09:58:58,1042.41,Hotels,50014,Card,DEV-05-1,Android,Bangalore,9,1,0,22.2,15,2049.93,5029.92,40,512,211,0,0,0,1750.11,0,
TXN05-01569,5,2026-06-09 10:20:02,621.99,Hotels,50005,Card,DEV-05-3,Web,Bangalore,10,1,0,21.07,16,2048.25,5036.36,111,216,212,0,0,0,0.0,0,
TXN05-01570,5,2026-06-09 10:27:10,2832.19,Restaurants,50012,Card,DEV-05-4,iPhone,Pune,10,1,0,7.13,17,2048.02,5036.42,21,153,295,0,0,0,735.23,0,
TXN05-01571,5,2026-06-09 10:41:55,3077.47,Hotels,50060,Card,DEV-05-1,Android,Delhi,10,1,0,14.75,18,2046.53,5036.1,5,513,489,0,0,0,1179.48,0,
TXN05-01572,5,2026-06-09 10:52:23,1229.76,Hotels,50014,Card,DEV-05-11,iPhone,Delhi,10,1,0,10.47,19,2049.08,5030.14,41,7,490,0,0,0,0.0,0,
TXN05-01573,5,2026-06-09 11:06:08,1731.84,Restaurants,50020,UPI,DEV-05-1,Android,Delhi,11,1,0,13.75,20,2047.06,5024.11,11,514,491,0,0,0,0.0,0,
TXN05-01574,5,2026-06-09 11:12:56,1138.0,Fuel,50006,Card,DEV-05-3,Web,Jaipur,11,1,0,6.8,21,2046.28,5017.95,65,217,164,0,0,0,237.53,0,
TXN05-01575,5,2026-06-09 11:25:43,2447.54,Restaurants,50016,UPI,DEV-05-6,Web,Mumbai,11,1,0,12.78,22,2044.1,5024.33,24,85,389,0,0,0,920.74,0,
TXN05-01576,5,2026-06-09 11:29:23,3588.83,Restaurants,50008,Card,DEV-05-2,iPhone,Pune,11,1,0,3.67,23,2045.09,5018.19,51,353,296,0,0,0,120.15,0,
TXN05-01577,5,2026-06-09 11:31:27,3066.02,Hotels,50017,Card,DEV-05-1,Android,Delhi,11,1,0,2.07,24,2048.87,5012.62,23,515,492,0,0,0,1179.48,0,
TXN05-01578,5,2026-06-09 12:52:12,2942.04,Restaurants,50032,Card,DEV-05-3,Web,Delhi,12,1,0,80.75,25,2056.19,5030.67,13,218,493,0,0,0,0.0,0,
TXN05-01579,5,2026-06-09 13:08:26,2551.1,Taxi,50002,Card,DEV-05-1,Android,Mumbai,13,1,0,16.23,26,2058.37,5024.66,98,516,390,0,0,0,1153.24,0,
TXN05-01580,5,2026-06-09 13:21:18,1292.95,Hotels,50010,UPI,DEV-05-1,Android,Bangalore,13,1,0,12.87,27,2059.58,5018.54,56,517,213,0,0,0,845.32,0,
TXN05-01581,5,2026-06-09 13:44:56,869.57,Restaurants,50004,UPI,DEV-05-8,iPhone,Pune,13,1,0,23.63,28,2061.45,5024.41,61,23,297,0,0,0,735.23,0,
TXN05-01582,5,2026-06-09 13:51:51,983.73,Fuel,50028,Card,DEV-05-2,iPhone,Mumbai,13,1,0,6.92,29,2058.43,5024.76,38,354,391,0,0,0,120.15,0,
TXN05-01583,5,2026-06-09 13:52:02,437.69,Restaurants,50004,UPI,DEV-05-7,Android,Delhi,13,1,0,0.18,30,2055.79,5018.86,62,42,494,0,0,0,1153.24,0,
TXN05-01584,5,2026-06-09 14:03:18,344.82,Restaurants,50046,Card,DEV-05-3,Web,Mumbai,14,1,0,11.27,31,2051.65,5019.5,4,219,392,0,0,0,1153.24,0,
TXN05-01585,5,2026-06-09 14:33:57,1945.14,Hotels,50005,Card,DEV-05-3,Web,Bangalore,14,1,0,30.65,32,2048.34,5020.18,112,220,214,0,0,0,845.32,0,
TXN05-01586,5,2026-06-09 14:38:05,3989.75,Hotels,50005,Card,DEV-05-10,Android,Pune,14,1,0,4.13,33,2048.09,5014.03,113,15,298,0,0,0,735.23,0,
TXN05-01587,5,2026-06-09 15:00:04,1153.41,Taxi,50050,UPI,DEV-05-5,Android,Pune,15,1,0,21.98,34,2052.83,5008.81,9,115,299,0,0,0,0.0,0,
TXN05-01588,5,2026-06-09 15:23:21,3010.25,Fuel,50013,UPI,DEV-05-1,Android,Delhi,15,1,0,23.28,35,2056.37,5026.8,48,518,495,0,0,0,1179.48,0,
TXN05-01589,5,2026-06-09 15:30:03,1979.26,Hotels,50005,Card,DEV-05-1,Android,Bangalore,15,1,0,6.7,36,2058.71,5020.84,114,519,215,0,0,0,1750.11,0,
TXN05-01590,5,2026-06-09 15:58:15,2577.84,Fuel,50028,UPI,DEV-05-6,Web,Delhi,15,1,0,28.2,37,2059.84,5020.77,39,86,496,0,0,0,1750.11,0,
TXN05-01591,5,2026-06-09 16:03:56,1970.48,Taxi,50039,UPI,DEV-05-1,Android,Delhi,16,1,0,5.68,38,2061.11,5014.68,14,520,497,0,0,0,0.0,0,
TXN05-01592,5,2026-06-09 16:08:12,1306.99,Restaurants,50074,UPI,DEV-05-1,Android,Delhi,16,1,0,4.27,39,2060.89,5008.55,1,521,498,0,0,1,0.0,0,
TXN05-01593,5,2026-06-09 16:29:41,1529.49,Hotels,50015,UPI,DEV-05-3,Web,Pune,16,1,0,21.48,40,2059.05,5002.58,26,221,300,0,0,0,1179.48,0,
TXN05-01594,5,2026-06-09 16:37:35,4000.0,Hotels,50005,Card,DEV-05-5,Android,Mumbai,16,1,0,7.9,41,2057.76,4996.56,115,116,393,0,0,0,120.15,0,
TXN05-01595,5,2026-06-09 16:42:31,1378.59,Hotels,50005,Card,DEV-05-3,Web,Delhi,16,1,0,4.93,42,2062.47,4991.4,116,222,499,0,0,0,1153.24,0,
TXN05-01596,5,2026-06-09 16:52:44,3708.99,Fuel,50003,Card,DEV-05-2,iPhone,Delhi,16,1,0,10.22,43,2060.82,4985.47,159,355,500,0,0,0,0.0,0,
TXN05-01597,5,2026-06-09 16:58:24,2672.4,Restaurants,50008,UPI,DEV-05-3,Web,Pune,16,1,0,5.67,44,2064.8,4980.1,52,223,301,0,0,0,1179.48,0,
TXN05-01598,5,2026-06-09 17:02:18,1935.06,Restaurants,50008,UPI,DEV-05-1,Android,Bangalore,17,1,0,3.9,45,2062.65,4985.26,53,522,216,0,0,0,735.23,0,
TXN05-01599,5,2026-06-09 17:25:22,662.85,Fuel,50006,Card,DEV-05-2,iPhone,Delhi,17,1,0,23.07,46,2062.34,4979.24,66,356,501,0,0,0,1750.11,0,
TXN05-01600,5,2026-06-09 17:53:30,1853.4,Fuel,50013,Card,DEV-05-9,Web,Pune,17,1,0,28.13,47,2066.0,4997.29,49,20,302,0,0,0,1179.48,0,
TXN05-01601,5,2026-06-09 17:56:19,1352.1,Taxi,50002,UPI,DEV-05-3,Web,Delhi,17,1,0,2.82,48,2065.49,4991.23,99,224,502,0,0,0,1179.48,0,
TXN05-01602,5,2026-06-09 18:41:07,1090.13,Fuel,50006,UPI,DEV-05-2,iPhone,Delhi,18,1,0,44.8,49,2068.79,5009.08,67,357,503,0,0,0,0.0,0,
TXN05-01603,5,2026-06-09 18:47:29,2423.13,Taxi,50007,Card,DEV-05-6,Web,Jaipur,18,1,0,6.37,50,2066.4,5003.2,31,87,165,0,0,0,237.53,0,
TXN05-01604,5,2026-06-09 19:14:18,1269.73,Restaurants,50004,UPI,DEV-05-3,Web,Delhi,19,1,0,26.82,51,2067.27,5009.3,63,225,504,0,0,0,237.53,0,
TXN05-01605,5,2026-06-09 19:40:44,2672.77,Hotels,50005,Card,DEV-05-2,iPhone,Delhi,19,1,0,26.43,52,2073.38,5020.84,117,358,505,0,0,0,0.0,0,
TXN05-01606,5,2026-06-09 19:51:19,2912.81,Restaurants,50016,Card,DEV-05-2,iPhone,Delhi,19,1,0,10.58,53,2075.24,5026.95,25,359,506,0,0,0,0.0,0,
TXN05-01607,5,2026-06-09 20:12:50,1344.86,Taxi,50002,Card,DEV-05-1,Android,Bangalore,20,1,0,21.52,54,2072.9,5026.34,100,523,217,0,0,0,1750.11,0,
TXN05-01608,5,2026-06-09 21:03:00,1094.41,Restaurants,50019,UPI,DEV-05-1,Android,Delhi,21,1,0,50.17,55,2077.12,5037.78,11,524,507,0,0,0,1750.11,0,
TXN05-01609,5,2026-06-09 22:25:00,1210.58,Fuel,50055,UPI,DEV-05-2,iPhone,Indore,22,1,0,82.0,56,2075.31,5050.24,7,360,2,0,0,0,677.01,0,
TXN05-01610,5,2026-06-09 22:52:16,1737.14,Taxi,50058,UPI,DEV-05-2,iPhone,Delhi,22,1,0,27.27,57,2068.97,5049.72,7,361,508,0,0,0,677.01,0,
TXN05-01611,5,2026-06-09 23:21:23,2759.25,Taxi,50002,UPI,DEV-05-7,Android,Jaipur,23,1,0,29.12,58,2068.09,5054.38,101,43,166,0,0,0,237.53,0,
TXN05-01612,5,2026-06-09 23:33:18,3187.87,Fuel,50003,UPI,DEV-05-1,Android,Pune,23,1,0,11.92,59,2069.81,5048.21,160,525,303,0,0,0,953.87,0,
TXN05-01613,5,2026-06-10 01:42:16,2094.53,Shopping,50001,UPI,DEV-05-1,Android,Delhi,1,2,0,128.97,1,2068.05,5047.69,178,526,509,0,0,0,1179.48,1,late_night_spree
TXN05-01614,5,2026-06-10 02:14:26,3014.19,Restaurants,50001,Card,DEV-UNK-4729,Android,Pune,2,2,0,32.17,2,2068.11,5041.43,179,1,304,1,0,0,1179.48,1,ato_odd_hour_new_device
TXN05-01615,5,2026-06-10 02:55:16,8000.0,Shopping,50001,UPI,DEV-05-1,Android,Delhi,2,2,0,40.83,3,2070.45,5035.4,180,527,510,0,0,0,1179.48,1,late_night_spree
TXN05-01616,5,2026-06-10 06:17:23,2218.48,Restaurants,50004,Card,DEV-05-2,iPhone,Mumbai,6,2,0,202.12,4,2085.1,5037.79,64,362,394,0,0,0,1153.24,0,
TXN05-01617,5,2026-06-10 06:22:41,767.67,Hotels,50036,UPI,DEV-05-3,Web,Pune,6,2,0,5.3,5,2085.42,5031.58,15,226,305,0,0,0,120.15,0,
TXN05-01618,5,2026-06-10 06:26:41,900.51,Fuel,50069,UPI,DEV-05-4,iPhone,Bangalore,6,2,0,4.0,6,2082.19,5025.82,3,154,218,0,0,0,735.23,0,
TXN05-01619,5,2026-06-10 08:21:18,1418.42,Restaurants,50045,Card,DEV-05-9,Web,Mumbai,8,2,0,114.62,7,2084.34,5067.66,3,21,395,0,0,0,845.32,0,
TXN05-01620,5,2026-06-10 08:23:58,1395.63,Hotels,50014,UPI,DEV-05-2,iPhone,Jaipur,8,2,0,2.67,8,2082.68,5061.44,42,363,167,0,0,0,920.74,0,
TXN05-01621,5,2026-06-10 09:39:43,2878.15,Restaurants,50009,Card,DEV-05-3,Web,Delhi,9,2,0,75.75,9,2079.04,5061.41,33,227,511,0,0,0,237.53,0,
TXN05-01622,5,2026-06-10 09:45:41,2582.41,Restaurants,50023,Card,DEV-05-1,Android,Delhi,9,2,0,5.97,10,2081.03,5055.27,13,528,512,0,0,0,0.0,0,
TXN05-01623,5,2026-06-10 10:01:46,1412.53,Restaurants,50004,Card,DEV-05-1,Android,Pune,10,2,0,16.08,11,2084.42,5061.53,65,529,306,0,0,0,1179.48,0,
TXN05-01624,5,2026-06-10 10:03:32,1089.09,Hotels,50025,Card,DEV-05-1,Android,Pune,10,2,0,1.77,12,2082.75,5055.34,19,530,307,0,0,0,0.0,0,
TXN05-01625,5,2026-06-10 10:36:49,2039.94,Hotels,50005,Card,DEV-05-5,Android,Mumbai,10,2,0,33.28,13,2080.96,5067.1,118,117,396,0,0,0,120.15,0,
TXN05-01626,5,2026-06-10 10:44:36,1952.6,Fuel,50040,UPI,DEV-05-1,Android,Delhi,10,2,0,7.78,14,2080.86,5060.78,19,531,513,0,0,0,1153.24,0,
TXN05-01627,5,2026-06-10 10:45:25,776.7,Hotels,50015,Card,DEV-05-1,Android,Mumbai,10,2,0,0.82,15,2080.54,5054.49,27,532,397,0,0,0,1153.24,0,
TXN05-01628,5,2026-06-10 10:53:29,1646.61,Taxi,50007,UPI,DEV-05-3,Web,Pune,10,2,0,8.07,16,2077.3,5048.63,32,228,308,0,0,0,120.15,0,
TXN05-01629,5,2026-06-10 11:12:06,1761.13,Restaurants,50035,Card,DEV-05-3,Web,Pune,11,2,0,18.62,17,2076.24,5042.42,9,229,309,0,0,0,0.0,0,
TXN05-01630,5,2026-06-10 11:31:45,1728.48,Restaurants,50004,Card,DEV-05-15,Web,Mumbai,11,2,0,19.65,18,2075.46,5036.22,66,3,398,0,0,0,120.15,0,
TXN05-01631,5,2026-06-10 11:32:28,2387.19,Taxi,50002,UPI,DEV-05-6,Web,Mumbai,11,2,0,0.72,19,2074.6,5030.04,102,88,399,0,0,0,0.0,0,
TXN05-01632,5,2026-06-10 11:48:48,2080.74,Restaurants,50001,UPI,DEV-05-10,Android,Jaipur,11,2,0,16.33,20,2075.37,5023.88,181,16,168,0,0,0,920.74,0,
TXN05-01633,5,2026-06-10 12:22:46,1704.64,Restaurants,50021,Card,DEV-05-7,Android,Pune,12,2,0,33.97,21,2076.59,5023.82,11,44,310,0,0,0,953.87,0,
TXN05-01634,5,2026-06-10 12:23:39,2411.8,Fuel,50003,UPI,DEV-05-2,iPhone,Jaipur,12,2,0,0.88,22,2075.68,5017.7,161,364,169,0,0,0,953.87,0,
TXN05-01635,5,2026-06-10 12:31:07,2073.17,Hotels,50005,UPI,DEV-05-3,Web,Bangalore,12,2,0,7.47,23,2076.58,5017.72,119,230,219,0,0,0,1561.54,0,
TXN05-01636,5,2026-06-10 13:27:41,3638.0,Restaurants,50012,Card,DEV-05-1,Android,Mumbai,13,2,0,56.57,24,2077.7,5035.87,22,533,400,0,0,0,845.32,0,
TXN05-01637,5,2026-06-10 13:40:08,2008.39,Restaurants,50004,Card,DEV-05-1,Android,Pune,13,2,0,12.45,25,2081.54,5030.25,67,534,311,0,0,0,120.15,0,
TXN05-01638,5,2026-06-10 13:43:50,3611.55,Hotels,50014,UPI,DEV-05-2,iPhone,Delhi,13,2,0,3.7,26,2081.36,5024.07,43,365,514,0,0,0,1179.48,0,
TXN05-01639,5,2026-06-10 13:59:29,533.11,Restaurants,50008,Card,DEV-05-2,iPhone,Delhi,13,2,0,15.65,27,2086.17,5024.6,54,366,515,0,0,0,0.0,0,
TXN05-01640,5,2026-06-10 14:06:55,4000.0,Restaurants,50044,UPI,DEV-05-1,Android,Delhi,14,2,0,7.43,28,2086.19,5024.59,6,535,516,0,0,0,0.0,0,
TXN05-01641,5,2026-06-10 14:20:04,1387.85,Restaurants,50011,Card,DEV-05-4,iPhone,Delhi,14,2,0,13.15,29,2090.88,5019.33,30,155,517,0,0,0,0.0,0,
TXN05-01642,5,2026-06-10 15:04:42,1360.09,Hotels,50014,UPI,DEV-05-4,iPhone,Mumbai,15,2,0,44.63,30,2098.32,5030.54,44,156,401,0,0,0,1153.24,0,
TXN05-01643,5,2026-06-10 15:07:19,2630.91,Fuel,50006,Card,DEV-05-4,iPhone,Jaipur,15,2,0,2.62,31,2096.51,5024.49,68,157,170,0,0,0,920.74,0,
TXN05-01644,5,2026-06-10 15:07:51,319.48,Taxi,50007,Card,DEV-05-3,Web,Bangalore,15,2,0,0.53,32,2097.82,5018.4,33,231,220,0,0,0,1561.54,0,
TXN05-01645,5,2026-06-10 15:34:17,529.74,Taxi,50029,UPI,DEV-05-1,Android,Bangalore,15,2,0,26.43,33,2097.15,5018.62,27,536,221,0,0,0,0.0,0,
TXN05-01646,5,2026-06-10 17:47:12,1331.97,Hotels,50018,Card,DEV-05-2,iPhone,Delhi,17,2,0,132.92,34,2117.4,5072.48,20,367,518,0,0,0,1750.11,0,
TXN05-01647,5,2026-06-10 18:14:11,1517.73,Hotels,50014,UPI,DEV-05-1,Android,Pune,18,2,0,26.98,35,2115.44,5066.29,45,537,312,0,0,0,1179.48,0,
TXN05-01648,5,2026-06-10 18:29:46,2643.07,Taxi,50002,Card,DEV-05-1,Android,Mumbai,18,2,0,15.58,36,2113.95,5060.05,103,538,402,0,0,0,120.15,0,
TXN05-01649,5,2026-06-10 18:39:25,1145.4,Hotels,50005,Card,DEV-05-3,Web,Mumbai,18,2,0,9.65,37,2115.27,5053.82,120,232,403,0,0,0,0.0,0,
TXN05-01650,5,2026-06-10 19:32:21,688.93,Fuel,50003,UPI,DEV-05-2,iPhone,Jaipur,19,2,0,52.93,38,2116.83,5071.61,162,368,171,0,0,0,920.74,0,
TXN05-01651,5,2026-06-10 19:42:52,1108.38,Fuel,50067,Card,DEV-05-2,iPhone,Bangalore,19,2,0,10.52,39,2111.57,5078.35,3,369,222,0,0,0,1561.54,0,
TXN05-01652,5,2026-06-10 19:50:31,1962.52,Restaurants,50001,UPI,DEV-05-8,iPhone,Bangalore,19,2,0,7.65,40,2109.06,5072.23,182,24,223,0,0,0,0.0,0,
TXN05-01653,5,2026-06-10 20:08:51,1578.21,Restaurants,50020,UPI,DEV-05-6,Web,Delhi,20,2,0,18.33,41,2110.45,5072.11,12,89,519,0,0,0,1750.11,0,
TXN05-01654,5,2026-06-10 20:10:52,2284.16,Fuel,50003,UPI,DEV-05-3,Web,Jaipur,20,2,0,2.02,42,2109.12,5065.84,163,233,172,0,0,0,237.53,0,
TXN05-01655,5,2026-06-10 20:39:44,1180.55,Restaurants,50001,Card,DEV-05-1,Android,Jaipur,20,2,0,28.87,43,2113.35,5065.28,183,539,173,0,0,0,0.0,0,
TXN05-01656,5,2026-06-10 21:26:15,1538.33,Fuel,50006,UPI,DEV-05-5,Android,Delhi,21,2,0,46.52,44,2112.95,5065.34,69,118,520,0,0,0,237.53,0,
TXN05-01657,5,2026-06-10 21:35:31,528.81,Hotels,50005,Card,DEV-05-8,iPhone,Mumbai,21,2,0,9.27,45,2111.51,5059.1,121,25,404,0,0,0,1153.24,0,
TXN05-01658,5,2026-06-10 22:42:46,2284.68,Hotels,50018,Card,DEV-05-1,Android,Bangalore,22,2,0,67.25,46,2113.39,5082.89,21,540,224,0,0,0,845.32,0,
TXN05-01659,5,2026-06-11 00:15:00,2726.94,Restaurants,50001,UPI,DEV-05-5,Android,Bangalore,0,3,0,92.23,1,2124.77,5094.12,184,119,225,0,0,0,0.0,1,ato_odd_hour
TXN05-01660,5,2026-06-11 06:18:15,2863.51,Taxi,50002,Card,DEV-05-2,iPhone,Jaipur,6,3,0,363.25,2,2128.79,5100.27,104,370,174,0,0,0,1561.54,0,
TXN05-01661,5,2026-06-11 06:34:22,1777.99,Hotels,50017,Card,DEV-05-3,Web,Bangalore,6,3,0,16.12,3,2127.19,5099.94,24,234,226,0,0,0,1561.54,0,
TXN05-01662,5,2026-06-11 06:50:48,1881.97,Restaurants,50004,UPI,DEV-05-1,Android,Delhi,6,3,0,16.43,4,2132.82,5105.55,68,541,521,0,0,0,1750.11,0,
TXN05-01663,5,2026-06-11 07:00:59,938.03,Hotels,50051,UPI,DEV-05-3,Web,Delhi,7,3,0,10.18,5,2130.29,5111.65,5,235,522,0,0,0,0.0,0,
TXN05-01664,5,2026-06-11 07:01:45,1474.59,Fuel,50003,Card,DEV-05-4,iPhone,Pune,7,3,0,0.77,6,2127.25,5105.5,164,158,313,0,0,0,1179.48,0,
TXN05-01665,5,2026-06-11 07:17:38,1974.51,Restaurants,50001,Card,DEV-05-2,iPhone,Mumbai,7,3,0,15.88,7,2125.6,5099.12,185,371,405,0,0,0,120.15,0,
TXN05-01666,5,2026-06-11 07:23:18,639.31,Restaurants,50074,Card,DEV-05-2,iPhone,Delhi,7,3,0,5.67,8,2125.21,5092.66,2,372,523,0,0,0,1153.24,0,
TXN05-01667,5,2026-06-11 07:32:02,1677.22,Restaurants,50008,UPI,DEV-05-1,Android,Pune,7,3,0,8.73,9,2118.78,5092.93,55,542,314,0,0,0,1179.48,0,
TXN05-01668,5,2026-06-11 07:42:32,910.25,Restaurants,50001,Card,DEV-05-3,Web,Mumbai,7,3,0,10.5,10,2117.67,5086.55,186,236,406,0,0,0,120.15,0,
TXN05-01669,5,2026-06-11 07:47:09,2545.57,Restaurants,50001,Card,DEV-05-3,Web,Delhi,7,3,0,4.62,11,2114.62,5080.5,187,237,524,0,0,0,1153.24,0,
TXN05-01670,5,2026-06-11 07:52:02,1168.37,Restaurants,50042,Card,DEV-05-5,Android,Delhi,7,3,0,4.88,12,2115.71,5074.16,8,120,525,0,0,0,0.0,0,
TXN05-01671,5,2026-06-11 07:55:22,387.7,Taxi,50007,Card,DEV-05-4,iPhone,Pune,7,3,0,3.33,13,2113.33,5068.01,34,159,315,0,0,0,1179.48,0,
TXN05-01672,5,2026-06-11 07:59:30,552.74,Taxi,50002,Card,DEV-05-5,Android,Delhi,7,3,0,4.13,14,2109.02,5062.41,105,121,526,0,0,0,1179.48,0,
TXN05-01673,5,2026-06-11 08:04:20,2483.84,Hotels,50060,UPI,DEV-05-2,iPhone,Mumbai,8,3,0,4.83,15,2105.14,5056.69,6,373,407,0,0,0,1153.24,0,
TXN05-01674,5,2026-06-11 08:42:52,1264.3,Hotels,50005,Card,DEV-05-3,Web,Jaipur,8,3,0,38.53,16,2107.74,5062.71,122,238,175,0,0,0,920.74,0,
TXN05-01675,5,2026-06-11 08:47:29,2388.26,Restaurants,50008,Card,DEV-05-5,Android,Mumbai,8,3,0,4.62,17,2105.64,5056.57,56,122,408,0,0,0,920.74,0,
TXN05-01676,5,2026-06-11 08:48:04,4000.0,Restaurants,50033,UPI,DEV-05-3,Web,Mumbai,8,3,0,0.58,18,2106.34,5050.3,9,239,409,0,0,0,0.0,0,
TXN05-01677,5,2026-06-11 08:48:27,3108.57,Fuel,50028,Card,DEV-05-1,Android,Mumbai,8,3,0,0.38,19,2111.04,5044.91,40,543,410,0,0,0,0.0,0,
TXN05-01678,5,2026-06-11 09:43:29,2001.09,Hotels,50031,UPI,DEV-05-5,Android,Delhi,9,3,0,55.03,20,2124.16,5056.21,11,123,527,0,0,0,1153.24,0,
TXN05-01679,5,2026-06-11 10:21:14,1473.88,Hotels,50010,Card,DEV-05-3,Web,Pune,10,3,0,37.75,21,2128.04,5055.51,57,240,316,0,0,0,1179.48,0,
TXN05-01680,5,2026-06-11 10:35:09,2483.62,Restaurants,50004,Card,DEV-05-1,Android,Pune,10,3,0,13.92,22,2125.1,5061.54,69,544,317,0,0,0,0.0,0,
TXN05-01681,5,2026-06-11 11:23:56,1804.57,Restaurants,50046,UPI,DEV-05-3,Web,Mumbai,11,3,0,48.78,23,2130.56,5067.47,5,241,411,0,0,0,120.15,0,
TXN05-01682,5,2026-06-11 12:15:24,1317.6,Hotels,50014,Card,DEV-05-9,Web,Pune,12,3,0,51.47,24,2132.7,5073.11,46,22,318,0,0,0,120.15,0,
TXN05-01683,5,2026-06-11 12:19:11,1185.21,Hotels,50017,UPI,DEV-05-5,Android,Bangalore,12,3,0,3.78,25,2130.65,5066.92,25,124,227,0,0,0,735.23,0,
TXN05-01684,5,2026-06-11 12:34:06,2409.62,Taxi,50058,UPI,DEV-05-1,Android,Pune,12,3,0,14.92,26,2128.29,5060.8,8,545,319,0,0,0,735.23,0,
TXN05-01685,5,2026-06-11 12:43:47,1013.23,Hotels,50010,Card,DEV-05-11,iPhone,Bangalore,12,3,0,9.68,27,2128.99,5054.5,58,8,228,0,0,0,735.23,0,
TXN05-01686,5,2026-06-11 12:44:52,568.0,Taxi,50029,Card,DEV-05-4,iPhone,Delhi,12,3,0,1.08,28,2126.21,5048.52,28,160,528,0,0,0,1750.11,0,
TXN05-01687,5,2026-06-11 12:45:20,1885.69,Hotels,50005,UPI,DEV-05-6,Web,Mumbai,12,3,0,0.47,29,2122.35,5042.85,123,90,412,0,0,0,1153.24,0,
TXN05-01688,5,2026-06-11 13:05:21,1367.48,Taxi,50002,UPI,DEV-05-2,iPhone,Bangalore,13,3,0,20.02,30,2123.72,5049.05,106,374,229,0,0,0,845.32,0,
TXN05-01689,5,2026-06-11 13:21:33,1306.76,Restaurants,50033,Card,DEV-05-1,Android,Delhi,13,3,0,16.2,31,2121.85,5042.92,10,546,529,0,0,0,1750.11,0,
TXN05-01690,5,2026-06-11 13:29:42,2939.44,Restaurants,50009,UPI,DEV-05-3,Web,Mumbai,13,3,0,8.15,32,2119.83,5036.84,34,242,413,0,0,0,1153.24,0,
TXN05-01691,5,2026-06-11 13:30:13,1559.74,Fuel,50013,Card,DEV-05-9,Web,Jaipur,13,3,0,0.52,33,2121.85,5030.78,50,23,176,0,0,0,920.74,0,
TXN05-01692,5,2026-06-11 13:45:48,958.86,Fuel,50055,Card,DEV-05-2,iPhone,Bangalore,13,3,0,15.58,34,2120.47,5024.66,8,375,230,0,0,0,1561.54,0,
TXN05-01693,5,2026-06-11 13:52:38,4000.0,Restaurants,50001,Card,DEV-05-2,iPhone,Mumbai,13,3,0,6.83,35,2117.62,5018.81,188,376,414,0,0,0,845.32,0,
TXN05-01694,5,2026-06-11 14:17:23,1161.74,Restaurants,50026,UPI,DEV-05-2,iPhone,Mumbai,14,3,0,24.75,36,2125.04,5019.36,13,377,415,0,0,0,0.0,0,
TXN05-01695,5,2026-06-11 14:35:10,2968.96,Restaurants,50042,UPI,DEV-05-9,Web,Mumbai,14,3,0,17.78,37,2122.68,5013.43,9,24,416,0,0,0,0.0,0,
TXN05-01696,5,2026-06-11 15:11:16,1657.16,Restaurants,50009,Card,DEV-05-7,Android,Pune,15,3,0,36.1,38,2122.27,5018.79,35,45,320,0,0,0,120.15,0,
TXN05-01697,5,2026-06-11 15:46:08,838.51,Restaurants,50009,Card,DEV-05-3,Web,Jaipur,15,3,0,34.87,39,2116.02,5036.39,36,243,177,0,0,0,953.87,0,
TXN05-01698,5,2026-06-11 16:03:29,819.38,Taxi,50039,UPI,DEV-05-4,iPhone,Delhi,16,3,0,17.35,40,2114.84,5042.89,15,161,530,0,0,0,237.53,0,
TXN05-01699,5,2026-06-11 16:34:11,259.93,Fuel,50013,UPI,DEV-05-2,iPhone,Delhi,16,3,0,30.7,41,2108.13,5042.81,51,378,531,0,0,0,0.0,0,
TXN05-01700,5,2026-06-11 16:38:23,1031.14,Taxi,50068,Card,DEV-05-2,iPhone,Pune,16,3,0,4.2,42,2103.55,5037.4,3,379,321,0,0,0,1179.48,0,
TXN05-01701,5,2026-06-11 16:56:47,4000.0,Taxi,50049,Card,DEV-05-3,Web,Delhi,16,3,0,18.4,43,2100.51,5037.67,10,244,532,0,0,0,1179.48,0,
TXN05-01702,5,2026-06-11 17:10:38,2866.11,Fuel,50013,Card,DEV-05-2,iPhone,Delhi,17,3,0,13.85,44,2105.2,5032.33,52,380,533,0,0,0,0.0,0,
TXN05-01703,5,2026-06-11 17:13:37,1808.31,Fuel,50067,UPI,DEV-05-1,Android,Delhi,17,3,0,2.98,45,2107.08,5026.28,4,547,534,0,0,0,0.0,0,
TXN05-01704,5,2026-06-11 17:29:56,1354.82,Taxi,50029,UPI,DEV-05-3,Web,Delhi,17,3,0,16.32,46,2104.43,5038.22,29,245,535,0,0,0,0.0,0,
TXN05-01705,5,2026-06-11 17:55:27,1529.99,Fuel,50006,UPI,DEV-05-3,Web,Bangalore,17,3,0,25.52,47,2102.57,5032.13,70,246,231,0,0,0,1750.11,0,
TXN05-01706,5,2026-06-11 18:26:39,693.31,Hotels,50005,Card,DEV-05-7,Android,Bangalore,18,3,0,31.2,48,2101.26,5032.21,124,46,232,0,0,0,0.0,0,
TXN05-01707,5,2026-06-11 18:32:58,2347.02,Hotels,50005,Card,DEV-05-26,Web,Delhi,18,3,0,6.32,49,2097.79,5026.49,125,1,536,1,0,0,1750.11,0,
TXN05-01708,5,2026-06-11 18:49:13,2913.22,Fuel,50003,UPI,DEV-05-5,Android,Delhi,18,3,0,16.25,50,2106.66,5044.07,165,125,537,0,0,0,0.0,0,
TXN05-01709,5,2026-06-11 18:59:25,1842.25,Hotels,50018,UPI,DEV-05-5,Android,Jaipur,18,3,0,10.2,51,2106.93,5044.11,22,126,178,0,0,0,237.53,0,
TXN05-01710,5,2026-06-11 19:01:16,1614.8,Fuel,50043,UPI,DEV-05-6,Web,Jaipur,19,3,0,1.85,52,2106.27,5037.88,10,91,179,0,0,0,0.0,0,
TXN05-01711,5,2026-06-11 19:02:31,2862.89,Restaurants,50004,Card,DEV-05-4,iPhone,Bangalore,19,3,0,1.25,53,2105.06,5031.72,70,162,233,0,0,0,1561.54,0,
TXN05-01712,5,2026-06-11 19:12:02,2691.63,Restaurants,50012,UPI,DEV-05-8,iPhone,Bangalore,19,3,0,9.52,54,2106.93,5025.66,23,26,234,0,0,0,0.0,0,
TXN05-01713,5,2026-06-11 19:58:17,1057.26,Taxi,50002,Card,DEV-05-1,Android,Mumbai,19,3,0,46.25,55,2110.6,5025.54,107,548,417,0,0,0,845.32,0,
TXN05-01714,5,2026-06-11 20:05:53,100000.0,Bank Transfer,50001,Card,DEV-05-1,Android,Delhi,20,3,0,7.6,56,2110.27,5025.6,189,549,538,0,0,0,1153.24,1,huge_transfer
TXN05-01715,5,2026-06-11 20:19:56,3752.87,Hotels,50025,Card,DEV-05-2,iPhone,Delhi,20,3,0,14.05,57,2352.56,6985.66,20,381,539,0,0,0,0.0,0,
TXN05-01716,5,2026-06-11 20:26:36,939.73,Hotels,50014,UPI,DEV-05-5,Android,Pune,20,3,0,6.67,58,2354.71,6993.92,47,127,322,0,0,0,1179.48,0,
TXN05-01717,5,2026-06-11 20:54:10,1155.74,Restaurants,50022,UPI,DEV-05-5,Android,Delhi,20,3,0,27.57,59,2354.2,6994.02,19,128,540,0,0,0,1179.48,0,
TXN05-01718,5,2026-06-11 20:56:01,787.89,Taxi,50050,UPI,DEV-05-5,Android,Mumbai,20,3,0,1.85,60,2351.25,6985.65,10,129,418,0,0,0,1153.24,0,
TXN05-01719,5,2026-06-11 21:40:02,4000.0,Restaurants,50044,Card,DEV-05-1,Android,Jaipur,21,3,0,44.02,61,2353.27,7011.47,7,550,180,0,0,0,920.74,0,
TXN05-01720,5,2026-06-11 21:46:34,5674.83,Fuel,50001,UPI,DEV-05-1,Android,Unknown Country,21,3,0,6.53,62,2358.48,7011.92,190,551,13,0,0,0,8601.34,1,unknown_country_purchase
TXN05-01721,5,2026-06-11 22:10:38,1086.97,Taxi,50029,Card,DEV-05-1,Android,Pune,22,3,0,24.07,63,2368.2,7031.15,30,552,323,0,0,0,8307.79,0,
TXN05-01722,5,2026-06-11 22:16:44,435.92,Fuel,50003,Card,DEV-05-3,Web,Bangalore,22,3,0,6.1,64,2367.56,7031.25,166,247,235,0,0,0,735.23,0,
TXN05-01723,5,2026-06-11 22:27:13,1721.25,Taxi,50039,Card,DEV-05-5,Android,Mumbai,22,3,0,10.48,65,2362.75,7023.16,16,130,419,0,0,0,845.32,0,
TXN05-01724,5,2026-06-11 23:09:56,2093.73,Restaurants,50033,UPI,DEV-05-3,Web,Jaipur,23,3,0,42.72,66,2369.56,7040.06,11,248,181,0,0,0,920.74,0,
TXN05-01725,5,2026-06-11 23:23:50,4000.0,Hotels,50010,UPI,DEV-05-1,Android,Bangalore,23,3,0,13.9,67,2374.44,7048.43,59,553,236,0,0,0,1561.54,0,
TXN05-01726,5,2026-06-11 23:39:58,910.33,Taxi,50049,UPI,DEV-05-1,Android,Mumbai,23,3,0,16.13,68,2378.51,7040.08,11,554,420,0,0,0,845.32,0,
TXN05-01727,5,2026-06-12 01:14:32,1620.44,Shopping,50001,UPI,DEV-05-1,Android,Delhi,1,4,0,94.57,1,2376.55,7040.38,191,555,541,0,0,0,1153.24,1,late_night_spree
TXN05-01728,5,2026-06-12 02:36:32,8000.0,Shopping,50001,UPI,DEV-05-1,Android,Delhi,2,4,0,82.0,2,2374.3,7040.47,192,556,542,0,0,0,0.0,1,late_night_spree
TXN05-01729,5,2026-06-12 06:11:07,2485.68,Restaurants,50004,Card,DEV-05-2,iPhone,Delhi,6,4,0,214.58,3,2388.33,7037.29,71,382,543,0,0,0,0.0,0,
TXN05-01730,5,2026-06-12 06:13:38,1712.38,Restaurants,50026,UPI,DEV-05-4,iPhone,Mumbai,6,4,0,2.52,4,2388.58,7028.53,14,163,421,0,0,0,1153.24,0,
TXN05-01731,5,2026-06-12 06:27:30,758.34,Fuel,50003,Card,DEV-05-6,Web,Delhi,6,4,0,13.87,5,2391.07,7028.11,167,92,544,0,0,0,1153.24,0,
TXN05-01732,5,2026-06-12 07:15:29,1406.68,Taxi,50049,Card,DEV-05-5,Android,Delhi,7,4,0,47.98,6,2393.54,7036.72,12,131,545,0,0,0,0.0,0,
TXN05-01733,5,2026-06-12 07:29:50,1028.74,Taxi,50002,UPI,DEV-05-1,Android,Bangalore,7,4,0,14.35,7,2391.09,7028.14,108,557,237,0,0,0,1750.11,0,
TXN05-01734,5,2026-06-12 07:39:19,2752.26,Restaurants,50009,Card,DEV-05-1,Android,Delhi,7,4,0,9.48,8,2390.85,7028.18,37,558,546,0,0,0,1750.11,0,
TXN05-01735,5,2026-06-12 07:40:50,3240.86,Taxi,50037,UPI,DEV-05-1,Android,Delhi,7,4,0,1.52,9,2391.75,7019.48,14,559,547,0,0,0,0.0,0,
TXN05-01736,5,2026-06-12 07:45:47,692.73,Hotels,50005,Card,DEV-05-4,iPhone,Delhi,7,4,0,4.95,10,2393.85,7010.91,126,164,548,0,0,0,0.0,0,
TXN05-01737,5,2026-06-12 07:56:50,1704.13,Restaurants,50012,UPI,DEV-05-3,Web,Mumbai,7,4,0,11.05,11,2389.65,7002.76,24,249,422,0,0,0,1153.24,0,
TXN05-01738,5,2026-06-12 08:04:51,1733.5,Hotels,50024,UPI,DEV-05-10,Android,Delhi,8,4,0,8.02,12,2389.46,7002.78,28,17,549,0,0,0,1153.24,0,
TXN05-01739,5,2026-06-12 08:31:56,1904.46,Hotels,50005,UPI,DEV-05-9,Web,Delhi,8,4,0,27.08,13,2387.94,7002.85,127,25,550,0,0,0,0.0,0,
TXN05-01740,5,2026-06-12 08:46:39,3521.86,Restaurants,50065,Card,DEV-05-2,iPhone,Delhi,8,4,0,14.72,14,2386.75,6994.27,4,383,551,0,0,0,0.0,0,
TXN05-01741,5,2026-06-12 09:49:57,774.02,Hotels,50014,Card,DEV-05-1,Android,Mumbai,9,4,0,63.3,15,2377.89,6998.58,48,560,423,0,0,0,1153.24,0,
TXN05-01742,5,2026-06-12 09:57:11,947.0,Hotels,50005,UPI,DEV-05-6,Web,Bangalore,9,4,0,7.23,16,2373.94,6990.41,128,93,238,0,0,0,845.32,0,
TXN05-01743,5,2026-06-12 10:03:26,2512.73,Restaurants,50052,Card,DEV-05-5,Android,Delhi,10,4,0,6.25,17,2370.43,6982.18,6,132,552,0,0,0,1750.11,0,
TXN05-01744,5,2026-06-12 10:25:05,683.51,Restaurants,50045,Card,DEV-05-4,iPhone,Pune,10,4,0,21.65,18,2370.77,6982.18,4,165,324,0,0,0,1179.48,0,
TXN05-01745,5,2026-06-12 10:33:15,942.39,Fuel,50043,UPI,DEV-05-4,iPhone,Jaipur,10,4,0,8.17,19,2366.64,6974.12,11,166,182,0,0,0,953.87,0,
TXN05-01746,5,2026-06-12 11:30:33,1028.04,Fuel,50047,UPI,DEV-05-3,Web,Mumbai,11,4,0,57.3,20,2368.87,6991.16,21,250,424,0,0,0,920.74,0,
TXN05-01747,5,2026-06-12 11:38:31,745.33,Fuel,50053,UPI,DEV-05-27,Web,Bangalore,11,4,0,7.97,21,2365.58,6982.88,13,1,239,1,0,0,845.32,0,
TXN05-01748,5,2026-06-12 11:45:48,2124.36,Hotels,50056,Card,DEV-05-1,Android,Pune,11,4,0,7.28,22,2361.61,6974.78,12,561,325,0,0,0,735.23,0,
TXN05-01749,5,2026-06-12 11:46:23,2498.86,Fuel,50043,UPI,DEV-05-1,Android,Delhi,11,4,0,0.58,23,2361.03,6966.26,12,562,553,0,0,0,1179.48,0,
TXN05-01750,5,2026-06-12 11:53:23,1255.01,Taxi,50037,UPI,DEV-05-1,Android,Jaipur,11,4,0,7.0,24,2364.17,6966.03,15,563,183,0,0,0,237.53,0,
TXN05-01751,5,2026-06-12 11:59:07,2678.02,Taxi,50049,UPI,DEV-05-1,Android,Mumbai,11,4,0,5.73,25,2361.47,6957.74,13,564,425,0,0,0,920.74,0,
TXN05-01752,5,2026-06-12 12:01:21,825.51,Restaurants,50004,Card,DEV-05-4,iPhone,Jaipur,12,4,0,2.23,26,2362.24,6949.29,72,167,184,0,0,0,920.74,0,
TXN05-01753,5,2026-06-12 12:42:34,924.55,Hotels,50056,UPI,DEV-05-1,Android,Mumbai,12,4,0,41.22,27,2358.51,6941.26,13,565,426,0,0,0,920.74,0,
TXN05-01754,5,2026-06-12 12:48:48,1559.34,Fuel,50040,Card,DEV-05-7,Android,Mumbai,12,4,0,6.23,28,2355.04,6933.21,20,47,427,0,0,0,0.0,0,
TXN05-01755,5,2026-06-12 13:03:47,1689.92,Taxi,50007,UPI,DEV-05-2,iPhone,Bangalore,13,4,0,14.98,29,2355.39,6933.17,35,384,240,0,0,0,845.32,0,
TXN05-01756,5,2026-06-12 13:04:26,1213.06,Hotels,50010,UPI,DEV-05-6,Web,Delhi,13,4,0,0.65,30,2353.78,6924.87,60,94,554,0,0,0,1750.11,0,
TXN05-01757,5,2026-06-12 13:08:06,1763.36,Restaurants,50026,UPI,DEV-05-2,iPhone,Mumbai,13,4,0,3.67,31,2351.03,6916.74,15,385,428,0,0,0,1153.24,0,
TXN05-01758,5,2026-06-12 13:29:22,800.38,Fuel,50013,Card,DEV-05-5,Android,Mumbai,13,4,0,21.27,32,2349.62,6908.49,53,133,429,0,0,0,0.0,0,
TXN05-01759,5,2026-06-12 13:49:26,2336.13,Restaurants,50011,UPI,DEV-05-5,Android,Jaipur,13,4,0,20.07,33,2350.53,6908.26,31,134,185,0,0,0,920.74,0,
TXN05-01760,5,2026-06-12 14:01:51,2126.11,Taxi,50037,Card,DEV-05-28,iPhone,Bangalore,14,4,0,12.42,34,2351.65,6908.22,16,1,241,1,0,0,1561.54,0,
TXN05-01761,5,2026-06-12 14:05:32,2010.22,Taxi,50058,Card,DEV-05-2,iPhone,Mumbai,14,4,0,3.68,35,2351.11,6899.94,9,386,430,0,0,0,845.32,0,
TXN05-01762,5,2026-06-12 14:46:11,1470.34,Hotels,50024,Card,DEV-05-1,Android,Mumbai,14,4,0,40.65,36,2350.29,6891.7,29,566,431,0,0,0,0.0,0,
TXN05-01763,5,2026-06-12 14:49:49,2381.5,Hotels,50005,Card,DEV-05-1,Android,Mumbai,14,4,0,3.63,37,2348.19,6883.6,129,567,432,0,0,0,0.0,0,
TXN05-01764,5,2026-06-12 15:08:02,1667.07,Fuel,50075,Card,DEV-05-5,Android,Pune,15,4,0,18.22,38,2354.29,6899.68,1,135,326,0,0,1,120.15,0,
TXN05-01765,5,2026-06-12 15:12:42,387.2,Taxi,50002,UPI,DEV-05-1,Android,Bangalore,15,4,0,4.67,39,2352.65,6891.51,109,568,242,0,0,0,735.23,0,
TXN05-01766,5,2026-06-12 15:42:19,886.19,Restaurants,50032,UPI,DEV-05-5,Android,Delhi,15,4,0,29.62,40,2350.05,6892.04,14,136,555,0,0,0,1750.11,0,
TXN05-01767,5,2026-06-12 15:49:52,2953.51,Fuel,50006,Card,DEV-05-1,Android,Bangalore,15,4,0,7.55,41,2346.56,6884.18,71,569,243,0,0,0,1750.11,0,
TXN05-01768,5,2026-06-12 17:21:22,1820.61,Restaurants,50001,Card,DEV-05-1,Android,Mumbai,17,4,0,91.5,42,2351.63,6900.4,193,570,433,0,0,0,845.32,0,
TXN05-01769,5,2026-06-12 17:31:24,1089.22,Taxi,50030,Card,DEV-05-1,Android,Delhi,17,4,0,10.03,43,2350.35,6900.44,22,571,556,0,0,0,1153.24,0,
TXN05-01770,5,2026-06-12 17:39:49,1300.4,Fuel,50073,Card,DEV-05-2,iPhone,Chennai,17,4,0,8.42,44,2347.33,6892.46,2,387,2,0,0,0,1767.65,0,
TXN05-01771,5,2026-06-12 17:44:52,3178.82,Restaurants,50004,UPI,DEV-05-2,iPhone,Mumbai,17,4,0,5.05,45,2344.83,6884.42,73,388,434,0,0,0,1033.1,0,
TXN05-01772,5,2026-06-12 17:51:06,100000.0,Bank Transfer,50001,Card,DEV-05-1,Android,Delhi,17,4,0,6.23,46,2346.82,6876.34,194,572,557,0,0,0,1153.24,1,huge_transfer
TXN05-01773,5,2026-06-12 18:07:55,2079.26,Fuel,50006,UPI,DEV-05-6,Web,Delhi,18,4,0,16.82,47,2578.77,8352.79,72,95,558,0,0,0,0.0,0,
TXN05-01774,5,2026-06-12 18:09:27,1460.76,Hotels,50056,UPI,DEV-05-1,Android,Pune,18,4,0,1.53,48,2577.59,8342.92,14,573,327,0,0,0,1179.48,0,
TXN05-01775,5,2026-06-12 19:04:32,445.37,Taxi,50071,Card,DEV-05-4,iPhone,Pune,19,4,0,55.08,49,2575.1,8343.1,2,168,328,0,0,0,0.0,0,
TXN05-01776,5,2026-06-12 19:04:33,400.9,Restaurants,50001,UPI,DEV-05-3,Web,Delhi,19,4,0,0.02,50,2570.07,8333.87,195,251,559,0,0,0,1179.48,0,
TXN05-01777,5,2026-06-12 20:19:17,1366.89,Restaurants,50008,Card,DEV-05-1,Android,Bangalore,20,4,0,74.73,51,2568.25,8344.13,57,574,244,0,0,0,1750.11,0,
TXN05-01778,5,2026-06-12 20:46:51,946.58,Restaurants,50032,UPI,DEV-05-2,iPhone,Bangalore,20,4,0,27.57,52,2565.41,8334.47,15,389,245,0,0,0,0.0,0,
TXN05-01779,5,2026-06-12 20:49:56,2712.51,Restaurants,50021,UPI,DEV-05-6,Web,Pune,20,4,0,3.08,53,2560.65,8334.82,12,96,329,0,0,0,735.23,0,
TXN05-01780,5,2026-06-12 20:54:56,469.14,Fuel,50053,Card,DEV-05-4,iPhone,Delhi,20,4,0,5.0,54,2563.11,8334.71,14,169,560,0,0,0,1179.48,0,
TXN05-01781,5,2026-06-12 22:22:29,1663.59,Fuel,50043,UPI,DEV-05-7,Android,Delhi,22,4,0,87.55,55,2572.54,8373.85,13,48,561,0,0,0,0.0,0,
TXN05-01782,5,2026-06-12 22:29:50,1851.23,Fuel,50003,Card,DEV-05-4,iPhone,Delhi,22,4,0,7.35,56,2570.37,8363.99,168,170,562,0,0,0,0.0,0,
TXN05-01783,5,2026-06-12 22:48:10,1768.7,Fuel,50028,UPI,DEV-05-4,iPhone,Jaipur,22,4,0,18.33,57,2568.66,8354.13,41,171,186,0,0,0,237.53,0,
TXN05-01784,5,2026-06-12 23:41:13,2598.54,Fuel,50062,Card,DEV-05-4,iPhone,Jaipur,23,4,0,53.05,58,2575.24,8373.26,5,172,187,0,0,0,0.0,0,
TXN05-01785,5,2026-06-13 01:11:02,5254.67,Shopping,50001,UPI,DEV-05-1,Android,Delhi,1,5,1,89.82,1,2575.3,8363.29,196,575,563,0,0,0,237.53,1,late_night_spree
TXN05-01786,5,2026-06-13 02:41:02,1729.3,Shopping,50001,UPI,DEV-05-1,Android,Delhi,2,5,1,90.0,2,2581.66,8354.37,197,576,564,0,0,0,0.0,1,late_night_spree
TXN05-01787,5,2026-06-13 06:27:13,2824.75,Restaurants,50001,UPI,DEV-05-2,iPhone,Bangalore,6,5,1,226.18,3,2582.31,8354.29,198,390,246,0,0,0,1750.11,0,
TXN05-01788,5,2026-06-13 06:47:19,2108.87,Restaurants,50021,UPI,DEV-05-2,iPhone,Delhi,6,5,1,20.1,4,2582.88,8344.39,13,391,565,0,0,0,1750.11,0,
TXN05-01789,5,2026-06-13 07:33:16,1730.58,Fuel,50013,Card,DEV-05-3,Web,Bangalore,7,5,1,45.95,5,2588.11,8373.87,54,252,247,0,0,0,1750.11,0,
TXN05-01790,5,2026-06-13 07:52:16,713.77,Taxi,50037,UPI,DEV-05-1,Android,Pune,7,5,1,19.0,6,2590.57,8373.46,17,577,330,0,0,0,735.23,0,
TXN05-01791,5,2026-06-13 07:53:32,843.99,Taxi,50029,UPI,DEV-05-9,Web,Pune,7,5,1,1.27,7,2586.11,8363.99,31,26,331,0,0,0,0.0,0,
TXN05-01792,5,2026-06-13 08:12:56,663.52,Fuel,50006,UPI,DEV-05-4,iPhone,Delhi,8,5,1,19.4,8,2581.97,8354.48,73,173,566,0,0,0,1179.48,0,
TXN05-01793,5,2026-06-13 08:21:16,4000.0,Fuel,50006,UPI,DEV-05-4,iPhone,Pune,8,5,1,8.33,9,2577.42,8345.1,74,174,332,0,0,0,1179.48,0,
TXN05-01794,5,2026-06-13 08:24:41,1284.88,Fuel,50028,Card,DEV-05-2,iPhone,Delhi,8,5,1,3.42,10,2580.78,8335.51,42,392,567,0,0,0,1179.48,0,
TXN05-01795,5,2026-06-13 08:32:33,740.88,Hotels,50005,UPI,DEV-05-1,Android,Pune,8,5,1,7.87,11,2577.73,8325.91,130,578,333,0,0,0,1179.48,0,
TXN05-01796,5,2026-06-13 08:53:33,1102.33,Restaurants,50076,Card,DEV-05-9,Web,Mumbai,8,5,1,21.0,12,2580.92,8335.5,1,27,435,0,0,1,120.15,0,
TXN05-01797,5,2026-06-13 09:05:45,592.66,Hotels,50018,UPI,DEV-05-1,Android,Pune,9,5,1,12.2,13,2582.65,8335.12,23,579,334,0,0,0,120.15,0,
TXN05-01798,5,2026-06-13 09:30:11,940.84,Restaurants,50001,Card,DEV-05-1,Android,Bangalore,9,5,1,24.43,14,2580.45,8374.45,199,580,248,0,0,0,735.23,0,
TXN05-01799,5,2026-06-13 09:52:24,3570.41,Restaurants,50044,UPI,DEV-05-6,Web,Mumbai,9,5,1,22.22,15,2578.2,8384.81,8,97,436,0,0,0,845.32,0,
TXN05-01800,5,2026-06-13 10:22:17,1543.04,Restaurants,50001,UPI,DEV-05-17,Android,Delhi,10,5,1,29.88,16,2587.01,8394.47,200,2,568,0,0,0,1153.24,0,
TXN05-01801,5,2026-06-13 10:28:09,2890.34,Restaurants,50038,Card,DEV-05-4,iPhone,Mumbai,10,5,1,5.87,17,2585.93,8394.57,6,175,437,0,0,0,1153.24,0,
TXN05-01802,5,2026-06-13 10:38:19,2831.95,Hotels,50005,Card,DEV-05-2,iPhone,Bangalore,10,5,1,10.17,18,2586.66,8384.54,131,393,249,0,0,0,845.32,0,
TXN05-01803,5,2026-06-13 10:43:19,501.76,Hotels,50166,UPI,DEV-05-3,Web,Delhi,10,5,1,5.0,19,2587.24,8374.54,1,253,569,0,0,1,1750.11,1,ato_new_merchant_same_category_short_gap
TXN05-01804,5,2026-06-13 10:55:24,3032.2,Restaurants,50001,Card,DEV-05-5,Android,Mumbai,10,5,1,12.08,20,2582.28,8365.18,201,137,438,0,0,0,1153.24,0,
TXN05-01805,5,2026-06-13 10:57:28,3690.79,Restaurants,50008,UPI,DEV-05-2,iPhone,Delhi,10,5,1,2.07,21,2587.37,8364.8,58,394,570,0,0,0,1153.24,0,
TXN05-01806,5,2026-06-13 11:01:00,536.67,Hotels,50010,UPI,DEV-05-2,iPhone,Mumbai,11,5,1,3.53,22,2589.99,8355.03,61,395,439,0,0,0,1153.24,0,
TXN05-01807,5,2026-06-13 11:11:04,4000.0,Restaurants,50016,UPI,DEV-05-1,Android,Pune,11,5,1,10.07,23,2585.13,8345.72,26,581,335,0,0,0,120.15,0,
TXN05-01808,5,2026-06-13 11:13:45,1034.86,Hotels,50024,UPI,DEV-05-5,Android,Bangalore,11,5,1,2.68,24,2584.88,8355.63,30,138,250,0,0,0,735.23,0,
TXN05-01809,5,2026-06-13 12:09:55,1613.18,Hotels,50024,Card,DEV-05-5,Android,Delhi,12,5,1,56.17,25,2593.62,8395.06,31,139,571,0,0,0,1750.11,0,
TXN05-01810,5,2026-06-13 12:29:03,577.51,Taxi,50029,UPI,DEV-05-7,Android,Pune,12,5,1,19.13,26,2598.89,8404.52,32,49,336,0,0,0,1179.48,0,
TXN05-01811,5,2026-06-13 12:30:37,1512.24,Taxi,50049,Card,DEV-05-2,iPhone,Mumbai,12,5,1,1.57,27,2597.77,8404.76,14,396,440,0,0,0,120.15,0,
TXN05-01812,5,2026-06-13 13:05:06,3084.35,Hotels,50005,UPI,DEV-05-1,Android,Delhi,13,5,1,34.48,28,2599.18,8404.53,132,582,572,0,0,0,1153.24,0,
TXN05-01813,5,2026-06-13 13:21:24,2209.85,Fuel,50013,UPI,DEV-05-1,Android,Pune,13,5,1,16.3,29,2601.18,8413.97,55,583,337,0,0,0,1179.48,0,
TXN05-01814,5,2026-06-13 13:39:34,1370.37,Restaurants,50001,UPI,DEV-05-1,Android,Bangalore,13,5,1,18.17,30,2609.15,8423.13,202,584,251,0,0,0,735.23,0,
TXN05-01815,5,2026-06-13 13:44:41,1790.51,Fuel,50059,Card,DEV-05-2,iPhone,Mumbai,13,5,1,5.12,31,2606.16,8413.19,6,397,441,0,0,0,845.32,0,
TXN05-01816,5,2026-06-13 13:48:30,1998.75,Restaurants,50044,UPI,DEV-05-1,Android,Mumbai,13,5,1,3.82,32,2604.2,8403.17,9,585,442,0,0,0,0.0,0,
TXN05-01817,5,2026-06-13 13:53:45,465.34,Fuel,50003,UPI,DEV-05-1,Android,Delhi,13,5,1,5.25,33,2602.75,8393.14,169,586,573,0,0,0,1153.24,0,
TXN05-01818,5,2026-06-13 14:08:30,1355.26,Restaurants,50012,Card,DEV-05-1,Android,Delhi,14,5,1,14.75,34,2600.2,8393.63,25,587,574,0,0,0,0.0,0,
TXN05-01819,5,2026-06-13 14:20:54,100000.0,Bank Transfer,50001,Card,DEV-05-1,Android,Delhi,14,5,1,12.4,35,2597.22,8383.8,203,588,575,0,0,0,0.0,1,huge_transfer
TXN05-01820,5,2026-06-13 14:35:40,2581.57,Restaurants,50001,Card,DEV-05-3,Web,Mumbai,14,5,1,14.77,36,2838.28,9650.81,204,254,443,0,0,0,1153.24,0,
TXN05-01821,5,2026-06-13 14:40:00,2679.03,Taxi,50029,Card,DEV-05-6,Web,Pune,14,5,1,4.33,37,2837.66,9639.27,33,98,338,0,0,0,120.15,0,
TXN05-01822,5,2026-06-13 14:40:40,1504.88,Restaurants,50079,Card,DEV-05-2,iPhone,Mumbai,14,5,1,0.67,38,2837.28,9627.76,1,398,444,0,0,1,120.15,1,ato_short_gap
TXN05-01823,5,2026-06-13 15:21:32,1225.39,Taxi,50007,UPI,DEV-05-1,Android,Pune,15,5,1,40.87,39,2839.4,9639.17,36,589,339,0,0,0,120.15,0,
TXN05-01824,5,2026-06-13 15:29:40,2475.35,Fuel,50003,UPI,DEV-05-3,Web,Mumbai,15,5,1,8.13,40,2838.8,9639.26,170,255,445,0,0,0,120.15,0,
TXN05-01825,5,2026-06-13 15:42:07,1881.36,Restaurants,50008,UPI,DEV-05-6,Web,Delhi,15,5,1,12.45,41,2837.93,9627.77,59,99,576,0,0,0,1153.24,0,
TXN05-01826,5,2026-06-13 15:53:51,1713.34,Hotels,50014,UPI,DEV-05-29,iPhone,Bangalore,15,5,1,11.73,42,2840.03,9638.76,49,1,252,1,0,0,1750.11,0,
TXN05-01827,5,2026-06-13 16:05:36,3262.93,Taxi,50007,Card,DEV-05-1,Android,Pune,16,5,1,11.75,43,2844.95,9649.82,37,590,340,0,0,0,735.23,0,
TXN05-01828,5,2026-06-13 16:22:04,2611.04,Taxi,50007,Card,DEV-UNK-3974,Web,Mumbai,16,5,1,16.47,44,2845.95,9638.29,38,1,446,1,0,0,120.15,1,ato_new_device
TXN05-01829,5,2026-06-13 16:22:38,1927.77,Hotels,50014,UPI,DEV-05-8,iPhone,Pune,16,5,1,0.57,45,2845.39,9626.79,50,27,341,0,0,0,120.15,0,
TXN05-01830,5,2026-06-13 16:31:43,1457.78,Taxi,50049,UPI,DEV-05-3,Web,Delhi,16,5,1,9.08,46,2848.14,9626.36,15,256,577,0,0,0,1179.48,0,
TXN05-01831,5,2026-06-13 16:45:15,854.48,Taxi,50039,UPI,DEV-05-5,Android,Pune,16,5,1,13.53,47,2844.33,9626.59,17,140,342,0,0,0,1179.48,0,
TXN05-01832,5,2026-06-13 16:58:23,1174.56,Restaurants,50001,Card,DEV-05-3,Web,Bangalore,16,5,1,13.13,48,2840.51,9627.07,205,257,253,0,0,0,735.23,0,
TXN05-01833,5,2026-06-13 17:12:40,1900.94,Restaurants,50012,UPI,DEV-05-3,Web,Mumbai,17,5,1,14.28,49,2840.95,9626.99,26,258,447,0,0,0,845.32,0,
TXN05-01834,5,2026-06-13 17:35:15,1729.08,Fuel,50028,Card,DEV-05-2,iPhone,Delhi,17,5,1,22.58,50,2846.11,9638.0,43,399,578,0,0,0,1153.24,0,
TXN05-01835,5,2026-06-13 17:39:50,2947.26,Fuel,50053,Card,DEV-05-3,Web,Chandigarh,17,5,1,4.58,51,2848.26,9637.65,15,259,3,0,0,0,227.78,0,
TXN05-01836,5,2026-06-13 17:41:55,563.15,Fuel,50003,Card,DEV-05-2,iPhone,Mumbai,17,5,1,2.08,52,2848.5,9626.15,171,400,448,0,0,0,1354.32,0,
TXN05-01837,5,2026-06-13 18:03:45,4000.0,Hotels,50014,Card,DEV-05-5,Android,Delhi,18,5,1,21.83,53,2848.79,9637.7,51,141,579,0,0,0,1153.24,0,
TXN05-01838,5,2026-06-13 18:20:30,3661.28,Hotels,50015,UPI,DEV-05-1,Android,Delhi,18,5,1,16.75,54,2854.61,9649.28,28,591,580,0,0,0,0.0,0,
TXN05-01839,5,2026-06-13 18:26:51,742.42,Restaurants,50034,UPI,DEV-05-2,iPhone,Bangalore,18,5,1,6.35,55,2870.66,9671.14,10,401,254,0,0,0,1750.11,0,
TXN05-01840,5,2026-06-13 18:35:12,438.62,Restaurants,50001,UPI,DEV-05-1,Android,Delhi,18,5,1,8.35,56,2865.55,9660.07,206,592,581,0,0,0,1750.11,0,
TXN05-01841,5,2026-06-13 18:38:12,704.48,Hotels,50005,UPI,DEV-05-3,Web,Mumbai,18,5,1,3.0,57,2859.73,9649.21,133,260,449,0,0,0,1153.24,0,
TXN05-01842,5,2026-06-13 18:39:05,405.3,Restaurants,50022,UPI,DEV-05-6,Web,Jaipur,18,5,1,0.88,58,2854.57,9638.24,20,100,188,0,0,0,920.74,0,
TXN05-01843,5,2026-06-13 19:17:34,692.0,Restaurants,50026,Card,DEV-05-2,iPhone,Jaipur,19,5,1,38.48,59,2861.23,9660.89,16,402,189,0,0,0,0.0,0,
TXN05-01844,5,2026-06-13 19:19:01,4000.0,Hotels,50005,UPI,DEV-05-4,iPhone,Mumbai,19,5,1,1.45,60,2856.03,9649.88,134,176,450,0,0,0,920.74,0,
TXN05-01845,5,2026-06-13 19:32:57,1315.74,Hotels,50014,UPI,DEV-05-2,iPhone,Mumbai,19,5,1,13.93,61,2856.03,9649.88,52,403,451,0,0,0,0.0,0,
TXN05-01846,5,2026-06-13 19:53:15,3739.27,Hotels,50005,UPI,DEV-05-3,Web,Mumbai,19,5,1,20.3,62,2855.08,9650.02,135,261,452,0,0,0,0.0,0,
TXN05-01847,5,2026-06-13 20:07:43,2175.03,Hotels,50005,Card,DEV-05-1,Android,Delhi,20,5,1,14.47,63,2854.49,9649.95,136,593,582,0,0,0,1153.24,0,
TXN05-01848,5,2026-06-13 20:30:18,1830.49,Fuel,50003,UPI,DEV-05-1,Android,Jaipur,20,5,1,22.58,64,2856.56,9649.72,172,594,190,0,0,0,237.53,0,
TXN05-01849,5,2026-06-13 20:43:48,1074.07,Taxi,50049,Card,DEV-05-1,Android,Bangalore,20,5,1,13.5,65,2857.1,9649.65,16,595,255,0,0,0,1561.54,0,
TXN05-01850,5,2026-06-13 20:56:49,1189.79,Hotels,50005,Card,DEV-05-2,iPhone,Jaipur,20,5,1,13.02,66,2852.83,9638.5,137,404,191,0,0,0,1561.54,0,
TXN05-01851,5,2026-06-13 21:04:25,3907.01,Taxi,50039,Card,DEV-05-3,Web,Delhi,21,5,1,7.6,67,2848.87,9627.33,18,262,583,0,0,0,237.53,0,
TXN05-01852,5,2026-06-13 21:30:48,1521.73,Fuel,50043,Card,DEV-05-3,Web,Delhi,21,5,1,26.38,68,2851.24,9627.47,14,263,584,0,0,0,0.0,0,
TXN05-01853,5,2026-06-13 21:38:19,2266.95,Restaurants,50001,Card,DEV-05-1,Android,Delhi,21,5,1,7.52,69,2845.33,9627.52,207,596,585,0,0,0,0.0,0,
TXN05-01854,5,2026-06-13 21:46:23,1846.75,Restaurants,50032,Card,DEV-05-1,Android,Delhi,21,5,1,8.07,70,2846.49,9627.42,16,597,586,0,0,0,0.0,0,
TXN05-01855,5,2026-06-13 21:57:10,2151.62,Restaurants,50026,Card,DEV-05-6,Web,Delhi,21,5,1,10.78,71,2848.5,9627.13,17,101,587,0,0,0,0.0,0,
TXN05-01856,5,2026-06-13 22:08:40,1058.18,Fuel,50013,UPI,DEV-05-1,Android,Delhi,22,5,1,11.5,72,2851.92,9626.62,56,598,588,0,0,0,0.0,0,
TXN05-01857,5,2026-06-13 22:20:16,777.13,Hotels,50005,Card,DEV-05-1,Android,Pune,22,5,1,11.6,73,2847.65,9615.55,138,599,343,0,0,0,1179.48,0,
TXN05-01858,5,2026-06-13 22:32:55,619.96,Restaurants,50022,Card,DEV-05-2,iPhone,Delhi,22,5,1,12.65,74,2842.73,9604.66,21,405,589,0,0,0,1179.48,0,
TXN05-01859,5,2026-06-13 22:50:38,846.48,Restaurants,50076,Card,DEV-05-7,Android,Delhi,22,5,1,17.72,75,2842.05,9604.8,2,50,590,0,0,0,0.0,0,
TXN05-01860,5,2026-06-13 23:07:52,2500.2,Hotels,50031,UPI,DEV-05-1,Android,Mumbai,23,5,1,17.23,76,2837.32,9593.91,12,600,453,0,0,0,1153.24,0,
TXN05-01861,5,2026-06-13 23:15:43,2951.13,Taxi,50002,Card,DEV-05-1,Android,Delhi,23,5,1,7.85,77,2840.92,9593.49,110,601,591,0,0,0,1153.24,0,
TXN05-01862,5,2026-06-13 23:58:41,2781.73,Fuel,50003,Card,DEV-05-5,Android,Delhi,23,5,1,42.97,78,2842.76,9593.44,173,142,592,0,0,0,0.0,0,
TXN05-01863,5,2026-06-14 06:04:22,1406.77,Restaurants,50004,Card,DEV-05-11,iPhone,Pune,6,6,1,365.68,1,2839.19,9604.65,74,9,344,0,0,0,1179.48,0,
TXN05-01864,5,2026-06-14 06:18:54,789.89,Taxi,50002,Card,DEV-05-1,Android,Delhi,6,6,1,14.53,2,2839.41,9604.62,111,602,593,0,0,0,1179.48,0,
TXN05-01865,5,2026-06-14 06:41:39,1519.74,Restaurants,50033,Card,DEV-05-7,Android,Delhi,6,6,1,22.75,3,2839.84,9604.52,12,51,594,0,0,0,0.0,0,
TXN05-01866,5,2026-06-14 07:17:41,1042.11,Fuel,50040,UPI,DEV-05-2,iPhone,Pune,7,6,1,36.03,4,2860.15,9660.05,21,406,345,0,0,0,1179.48,0,
TXN05-01867,5,2026-06-14 07:29:44,2497.83,Fuel,50003,Card,DEV-05-2,iPhone,Delhi,7,6,1,12.05,5,2861.24,9659.82,174,407,595,0,0,0,1179.48,0,
TXN05-01868,5,2026-06-14 08:50:04,906.84,Restaurants,50009,UPI,DEV-05-2,iPhone,Mumbai,8,6,1,80.33,6,2869.33,9682.42,38,408,454,0,0,0,1153.24,0,
TXN05-01869,5,2026-06-14 08:54:51,1080.0,Fuel,50006,Card,DEV-05-6,Web,Pune,8,6,1,4.78,7,2864.6,9671.23,75,102,346,0,0,0,120.15,0,
TXN05-01870,5,2026-06-14 09:05:44,925.23,Restaurants,50004,Card,DEV-05-8,iPhone,Delhi,9,6,1,10.88,8,2859.95,9671.62,75,28,596,0,0,0,1179.48,0,
TXN05-01871,5,2026-06-14 11:26:03,3461.72,Hotels,50005,Card,DEV-05-2,iPhone,Delhi,11,6,1,140.32,9,2863.3,9694.5,139,409,597,0,0,0,0.0,0,
TXN05-01872,5,2026-06-14 12:12:35,2562.93,Restaurants,50001,UPI,DEV-05-1,Android,Pune,12,6,1,46.53,10,2864.74,9682.83,208,603,347,0,0,0,1179.48,0,
TXN05-01873,5,2026-06-14 12:26:08,2176.78,Fuel,50006,Card,DEV-05-2,iPhone,Bangalore,12,6,1,13.55,11,2864.02,9671.17,76,410,256,0,0,0,735.23,0,
TXN05-01874,5,2026-06-14 13:03:03,1998.45,Taxi,50054,Card,DEV-05-17,Android,Bangalore,13,6,1,36.92,12,2867.69,9670.62,6,3,257,0,0,0,0.0,0,
TXN05-01875,5,2026-06-14 13:30:19,1234.38,Hotels,50015,UPI,DEV-05-1,Android,Pune,13,6,1,27.27,13,2867.53,9693.55,29,604,348,0,0,0,735.23,0,
TXN05-01876,5,2026-06-14 13:36:11,1698.04,Taxi,50030,Card,DEV-05-5,Android,Bangalore,13,6,1,5.87,14,2863.59,9682.17,23,143,258,0,0,0,735.23,0,
TXN05-01877,5,2026-06-14 13:52:50,4000.0,Restaurants,50019,Card,DEV-05-4,iPhone,Mumbai,13,6,1,16.65,15,2868.26,9693.45,12,177,455,0,0,0,845.32,0,
TXN05-01878,5,2026-06-14 14:12:53,774.88,Restaurants,50001,UPI,DEV-05-5,Android,Delhi,14,6,1,20.05,16,2870.99,9681.9,209,144,598,0,0,0,1153.24,0,
TXN05-01879,5,2026-06-14 14:20:07,679.37,Hotels,50005,Card,DEV-05-4,iPhone,Mumbai,14,6,1,7.23,17,2866.37,9682.44,140,178,456,0,0,0,1153.24,0,
TXN05-01880,5,2026-06-14 14:24:15,1386.95,Hotels,50024,UPI,DEV-05-6,Web,Bangalore,14,6,1,4.13,18,2861.1,9671.36,32,103,259,0,0,0,845.32,0,
TXN05-01881,5,2026-06-14 15:02:35,4000.0,Hotels,50005,UPI,DEV-05-3,Web,Bangalore,15,6,1,38.33,19,2868.12,9694.21,141,264,260,0,0,0,0.0,0,
TXN05-01882,5,2026-06-14 15:34:06,856.14,Taxi,50068,UPI,DEV-05-3,Web,Bangalore,15,6,1,31.52,20,2874.28,9705.27,4,265,261,0,0,0,0.0,0,
TXN05-01883,5,2026-06-14 16:07:16,2323.2,Fuel,50040,Card,DEV-05-4,iPhone,Bangalore,16,6,1,33.17,21,2875.37,9728.45,22,179,262,0,0,0,0.0,0,
TXN05-01884,5,2026-06-14 16:29:11,2188.69,Fuel,50006,Card,DEV-05-1,Android,Mumbai,16,6,1,21.92,22,2880.37,9739.95,77,605,457,0,0,0,845.32,0,
TXN05-01885,5,2026-06-14 16:34:17,815.63,Restaurants,50023,UPI,DEV-05-2,iPhone,Delhi,16,6,1,5.1,23,2878.69,9728.12,14,411,599,0,0,0,1153.24,0,
TXN05-01886,5,2026-06-14 16:48:06,624.09,Restaurants,50001,UPI,DEV-05-10,Android,Delhi,16,6,1,13.82,24,2873.67,9716.81,210,18,600,0,0,0,0.0,0,
TXN05-01887,5,2026-06-14 17:03:36,1283.54,Fuel,50043,UPI,DEV-05-2,iPhone,Delhi,17,6,1,15.5,25,2872.76,9717.0,15,412,601,0,0,0,0.0,0,
TXN05-01888,5,2026-06-14 17:20:39,1824.2,Restaurants,50001,UPI,DEV-05-1,Android,Delhi,17,6,1,17.05,26,2632.57,8450.77,211,606,602,0,0,0,0.0,0,
TXN05-01889,5,2026-06-14 18:30:38,4000.0,Taxi,50029,Card,DEV-05-1,Android,Jaipur,18,6,1,69.98,27,2643.97,8490.88,34,607,192,0,0,0,237.53,0,
TXN05-01890,5,2026-06-14 18:37:46,498.1,Restaurants,50001,UPI,DEV-05-2,iPhone,Mumbai,18,6,1,7.13,28,2647.29,8480.73,212,413,458,0,0,0,920.74,0,
TXN05-01891,5,2026-06-14 19:05:58,4000.0,Taxi,50030,UPI,DEV-05-2,iPhone,Mumbai,19,6,1,28.2,29,2648.1,8491.36,24,414,459,0,0,0,0.0,0,
TXN05-01892,5,2026-06-14 19:31:15,585.66,Hotels,50014,Card,DEV-05-3,Web,Pune,19,6,1,25.28,30,2663.62,8511.34,53,266,349,0,0,0,120.15,0,
TXN05-01893,5,2026-06-14 19:50:47,855.68,Restaurants,50008,Card,DEV-05-2,iPhone,Mumbai,19,6,1,19.53,31,2659.67,8522.32,60,415,460,0,0,0,120.15,0,
TXN05-01894,5,2026-06-14 19:53:38,2717.43,Fuel,50047,UPI,DEV-05-3,Web,Delhi,19,6,1,2.85,32,2655.22,8512.26,22,267,603,0,0,0,1153.24,0,
TXN05-01895,5,2026-06-14 20:30:00,2112.27,Fuel,50006,Card,DEV-05-1,Android,Mumbai,20,6,1,36.37,33,2657.35,8533.21,78,608,461,0,0,0,1153.24,0,
TXN05-01896,5,2026-06-14 21:12:01,1333.77,Hotels,50018,UPI,DEV-05-3,Web,Delhi,21,6,1,42.02,34,2659.9,8532.89,24,268,604,0,0,0,1153.24,0,
TXN05-01897,5,2026-06-14 21:44:16,1334.88,Restaurants,50057,UPI,DEV-05-1,Android,Delhi,21,6,1,32.25,35,2652.56,8543.56,3,609,605,0,0,0,0.0,0,
TXN05-01898,5,2026-06-14 22:00:27,1011.77,Fuel,50006,Card,DEV-05-5,Android,Delhi,22,6,1,16.18,36,2657.52,8553.65,79,145,606,0,0,0,0.0,0,
TXN05-01899,5,2026-06-14 22:24:25,1380.88,Restaurants,50001,Card,DEV-05-3,Web,Pune,22,6,1,23.97,37,2656.21,8564.26,213,269,350,0,0,0,1179.48,0,
TXN05-01900,5,2026-06-14 22:30:38,1951.49,Hotels,50017,Card,DEV-05-2,iPhone,Mumbai,22,6,1,6.22,38,2657.05,8564.12,26,416,462,0,0,0,120.15,0,
TXN05-01901,5,2026-06-14 22:46:37,2448.84,Restaurants,50001,UPI,DEV-05-4,iPhone,Delhi,22,6,1,15.98,39,2660.42,8563.57,214,180,607,0,0,0,1153.24,0,
TXN05-01902,5,2026-06-14 22:56:11,3524.42,Fuel,50003,UPI,DEV-05-2,iPhone,Bangalore,22,6,1,9.57,40,2663.99,8563.19,175,417,263,0,0,0,1750.11,0,
TXN05-01903,5,2026-06-14 23:00:57,1724.3,Fuel,50013,Card,DEV-05-3,Web,Delhi,23,6,1,4.77,41,2666.13,8552.61,57,270,608,0,0,0,1750.11,0,
TXN05-01904,5,2026-06-14 23:30:56,4000.0,Restaurants,50034,UPI,DEV-05-3,Web,Mumbai,23,6,1,29.98,42,2662.71,8552.71,11,271,463,0,0,0,1153.24,0,
TXN05-01905,5,2026-06-14 23:38:12,823.66,Fuel,50047,Card,DEV-05-2,iPhone,Delhi,23,6,1,7.27,43,2666.04,8542.33,23,418,609,0,0,0,1153.24,0,
TXN05-01906,5,2026-06-15 01:06:53,1244.18,Shopping,50001,UPI,DEV-05-1,Android,Delhi,1,0,0,88.68,1,2661.47,8532.22,215,610,610,0,0,0,0.0,1,late_night_spree
TXN05-01907,5,2026-06-15 02:17:09,4000.0,Hotels,50166,Card,DEV-05-3,Web,Mumbai,2,0,0,70.27,2,2657.96,8521.94,2,272,464,0,0,0,1153.24,1,ato_odd_hour_short_gap
TXN05-01908,5,2026-06-15 02:41:53,3990.89,Shopping,50001,UPI,DEV-05-1,Android,Delhi,2,0,0,24.73,3,2661.27,8511.67,216,611,611,0,0,0,1153.24,1,late_night_spree
TXN05-01909,5,2026-06-15 06:03:02,1869.39,Hotels,50010,Card,DEV-05-1,Android,Bangalore,6,0,0,201.15,4,2664.55,8501.44,62,612,264,0,0,0,1750.11,0,
TXN05-01910,5,2026-06-15 06:20:21,3064.61,Taxi,50037,Card,DEV-05-1,Android,Delhi,6,0,0,17.32,5,2668.09,8500.81,18,613,612,0,0,0,1750.11,0,
TXN05-01911,5,2026-06-15 07:16:04,4000.0,Hotels,50010,UPI,DEV-05-3,Web,Kolkata,7,0,0,55.72,6,2671.95,8531.83,63,273,2,0,0,0,1317.75,0,
TXN05-01912,5,2026-06-15 07:52:03,387.71,Taxi,50054,Card,DEV-05-2,iPhone,Delhi,7,0,0,35.98,7,2684.32,8541.7,7,419,613,0,0,0,1317.75,0,
TXN05-01913,5,2026-06-15 08:30:07,1407.86,Restaurants,50033,Card,DEV-05-2,iPhone,Delhi,8,0,0,38.07,8,2682.86,8542.04,13,420,614,0,0,0,0.0,0,
TXN05-01914,5,2026-06-15 08:47:05,908.23,Hotels,50017,Card,DEV-05-2,iPhone,Mumbai,8,0,0,16.97,9,2679.69,8531.68,27,421,465,0,0,0,1153.24,0,
TXN05-01915,5,2026-06-15 09:22:21,2139.91,Hotels,50024,Card,DEV-05-1,Android,Pune,9,0,0,35.27,10,2675.12,8573.86,33,614,351,0,0,0,120.15,0,
TXN05-01916,5,2026-06-15 10:21:39,1196.76,Restaurants,50011,UPI,DEV-05-7,Android,Mumbai,10,0,0,59.3,11,2689.72,8615.52,32,52,466,0,0,0,120.15,0,
TXN05-01917,5,2026-06-15 10:26:25,1198.06,Fuel,50003,UPI,DEV-05-5,Android,Delhi,10,0,0,4.77,12,2685.95,8604.96,176,146,615,0,0,0,1153.24,0,
TXN05-01918,5,2026-06-15 11:30:13,1236.93,Taxi,50030,UPI,DEV-05-2,iPhone,Mumbai,11,0,0,63.8,13,2677.45,8615.86,25,422,467,0,0,0,1153.24,0,
TXN05-01919,5,2026-06-15 11:48:45,647.63,Restaurants,50009,Card,DEV-05-1,Android,Jaipur,11,0,0,18.53,14,2678.52,8615.66,39,615,193,0,0,0,920.74,0,
TXN05-01920,5,2026-06-15 13:24:17,1227.77,Restaurants,50012,Card,DEV-05-1,Android,Jaipur,13,0,0,95.53,15,2679.67,8647.71,27,616,194,0,0,0,0.0,0,
TXN05-01921,5,2026-06-15 13:29:40,1651.78,Restaurants,50034,UPI,DEV-05-3,Web,Delhi,13,0,0,5.38,16,2676.65,8648.01,12,274,616,0,0,0,237.53,0,
TXN05-01922,5,2026-06-15 14:02:02,1234.72,Taxi,50002,Card,DEV-05-1,Android,Mumbai,14,0,0,32.37,17,2674.04,8637.16,112,617,468,0,0,0,1153.24,0,
TXN05-01923,5,2026-06-15 14:05:33,4000.0,Restaurants,50004,Card,DEV-05-2,iPhone,Delhi,14,0,0,3.52,18,2670.38,8626.49,76,423,617,0,0,0,1153.24,0,
TXN05-01924,5,2026-06-15 14:12:09,753.42,Fuel,50053,UPI,DEV-05-2,iPhone,Mumbai,14,0,0,6.6,19,2673.75,8615.82,16,424,469,0,0,0,1153.24,0,
TXN05-01925,5,2026-06-15 14:12:13,558.03,Hotels,50077,Card,DEV-05-1,Android,Pune,14,0,0,0.07,20,2668.9,8605.48,1,618,352,0,0,1,120.15,0,
TXN05-01926,5,2026-06-15 14:17:27,2068.92,Restaurants,50009,UPI,DEV-05-5,Android,Mumbai,14,0,0,5.23,21,2663.58,8595.28,40,147,470,0,0,0,120.15,0,
TXN05-01927,5,2026-06-15 14:38:27,1522.04,Fuel,50064,UPI,DEV-05-5,Android,Delhi,14,0,0,21.0,22,2662.09,8584.53,4,148,618,0,0,0,1153.24,0,
TXN05-01928,5,2026-06-15 14:46:02,4000.0,Restaurants,50001,Card,DEV-05-2,iPhone,Mumbai,14,0,0,7.58,23,2662.41,8584.49,217,425,471,0,0,0,1153.24,0,
TXN05-01929,5,2026-06-15 15:23:46,455.19,Restaurants,50001,Card,DEV-05-10,Android,Pune,15,0,0,37.73,24,2666.62,8595.51,218,19,353,0,0,0,120.15,0,
TXN05-01930,5,2026-06-15 15:41:14,2583.57,Fuel,50078,Card,DEV-05-13,iPhone,Bangalore,15,0,0,17.47,25,2661.06,8585.42,1,4,265,0,0,1,735.23,0,
TXN05-01931,5,2026-06-15 16:47:18,1497.76,Restaurants,50023,Card,DEV-05-1,Android,Bangalore,16,0,0,66.07,26,2674.0,8616.44,15,619,266,0,0,0,0.0,0,
TXN05-01932,5,2026-06-15 18:40:55,1713.97,Hotels,50024,Card,DEV-05-8,iPhone,Bangalore,18,0,0,113.62,27,2669.61,8616.6,34,29,267,0,0,0,0.0,0,
TXN05-01933,5,2026-06-15 19:39:21,1902.78,Restaurants,50033,UPI,DEV-05-3,Web,Mumbai,19,0,0,58.43,28,2670.64,8627.44,14,275,472,0,0,0,845.32,0,
TXN05-01934,5,2026-06-15 20:21:07,1044.32,Restaurants,50001,UPI,DEV-05-1,Android,Mumbai,20,0,0,41.77,29,2636.01,8644.33,219,620,473,0,0,0,0.0,0,
TXN05-01935,5,2026-06-15 20:41:49,1702.6,Restaurants,50079,UPI,DEV-05-2,iPhone,Pune,20,0,0,20.7,30,2634.05,8644.6,2,426,354,0,0,0,120.15,0,
TXN05-01936,5,2026-06-15 20:44:26,1913.44,Restaurants,50004,Card,DEV-05-5,Android,Mumbai,20,0,0,2.62,31,2631.67,8633.67,77,149,474,0,0,0,120.15,0,
TXN05-01937,5,2026-06-15 20:55:01,1251.56,Fuel,50053,Card,DEV-05-4,iPhone,Delhi,20,0,0,10.58,32,2629.84,8622.72,17,181,619,0,0,0,1153.24,0,
TXN05-01938,5,2026-06-15 22:17:48,496.44,Fuel,50062,Card,DEV-05-6,Web,Pune,22,0,0,82.78,33,2626.79,8633.43,6,104,355,0,0,0,1179.48,0,
TXN05-01939,5,2026-06-15 22:23:27,905.52,Restaurants,50008,Card,DEV-05-8,iPhone,Mumbai,22,0,0,5.65,34,2625.23,8633.75,61,30,475,0,0,0,120.15,0,
TXN05-01940,5,2026-06-15 22:28:13,297.7,Taxi,50002,UPI,DEV-05-1,Android,Pune,22,0,0,4.77,35,2620.84,8623.17,113,621,356,0,0,0,120.15,0,
TXN05-01941,5,2026-06-15 22:28:35,1556.57,Restaurants,50019,UPI,DEV-05-1,Android,Bangalore,22,0,0,0.37,36,2614.93,8612.99,13,622,268,0,0,0,735.23,0,
TXN05-01942,5,2026-06-15 22:32:43,3938.54,Restaurants,50009,UPI,DEV-05-2,iPhone,Delhi,22,0,0,4.13,37,2612.25,8602.22,41,427,620,0,0,0,1750.11,0,
TXN05-01943,5,2026-06-15 22:33:30,2681.87,Fuel,50043,Card,DEV-05-2,iPhone,Jaipur,22,0,0,0.78,38,2615.6,8591.58,16,428,195,0,0,0,237.53,0,
TXN05-01944,5,2026-06-15 23:02:36,1280.31,Fuel,50006,Card,DEV-05-2,iPhone,Jaipur,23,0,0,29.1,39,2618.04,8602.38,80,429,196,0,0,0,0.0,0,
TXN05-01945,5,2026-06-15 23:25:53,2209.97,Restaurants,50080,UPI,DEV-05-3,Web,Delhi,23,0,0,23.28,40,2621.64,8613.02,1,276,621,0,0,1,237.53,0,
TXN05-01946,5,2026-06-15 23:26:32,1077.39,Fuel,50047,UPI,DEV-05-9,Web,Pune,23,0,0,0.65,41,2620.59,8602.11,24,28,357,0,0,0,1179.48,0,
TXN05-01947,5,2026-06-15 23:58:55,600.47,Hotels,50005,Card,DEV-05-2,iPhone,Mumbai,23,0,0,32.38,42,2615.12,8613.2,142,430,476,0,0,0,120.15,0,
TXN05-01948,5,2026-06-16 06:12:21,2801.89,Fuel,50055,Card,DEV-05-1,Android,Pune,6,1,0,373.43,1,2610.0,8602.86,9,623,358,0,0,0,120.15,0,
TXN05-01949,5,2026-06-16 06:45:12,875.26,Hotels,50027,Card,DEV-05-2,iPhone,Delhi,6,1,0,32.85,2,2615.5,8613.47,12,431,622,0,0,0,1179.48,0,
TXN05-01950,5,2026-06-16 06:56:27,715.97,Fuel,50075,UPI,DEV-05-5,Android,Delhi,6,1,0,11.25,3,2611.08,8602.98,2,150,623,0,0,0,0.0,0,
TXN05-01951,5,2026-06-16 07:24:15,1181.05,Taxi,50002,UPI,DEV-05-1,Android,Delhi,7,1,0,27.8,4,2606.93,8613.76,114,624,624,0,0,0,0.0,0,
TXN05-01952,5,2026-06-16 07:33:38,2719.93,Restaurants,50019,Card,DEV-05-10,Android,Pune,7,1,0,9.38,5,2602.39,8614.04,14,20,359,0,0,0,1179.48,0,
TXN05-01953,5,2026-06-16 07:52:56,2685.47,Fuel,50006,UPI,DEV-05-5,Android,Delhi,7,1,0,19.3,6,2602.69,8603.1,81,151,625,0,0,0,1179.48,0,
TXN05-01954,5,2026-06-16 08:18:55,1269.9,Fuel,50059,UPI,DEV-05-1,Android,Delhi,8,1,0,25.98,7,2606.81,8602.75,7,625,626,0,0,0,0.0,0,
TXN05-01955,5,2026-06-16 08:19:03,541.34,Hotels,50010,Card,DEV-05-4,iPhone,Mumbai,8,1,0,0.13,8,2603.42,8592.12,64,182,477,0,0,0,1153.24,0,
TXN05-01956,5,2026-06-16 08:21:41,2552.45,Hotels,50005,Card,DEV-05-4,iPhone,Bangalore,8,1,0,2.63,9,2598.65,8592.74,143,183,269,0,0,0,845.32,0,
TXN05-01957,5,2026-06-16 09:03:38,1058.2,Restaurants,50032,UPI,DEV-05-1,Android,Pune,9,1,0,41.95,10,2595.74,8592.56,17,626,360,0,0,0,735.23,0,
TXN05-01958,5,2026-06-16 09:07:43,1401.86,Restaurants,50004,UPI,DEV-05-6,Web,Mumbai,9,1,0,4.08,11,2602.15,8623.89,78,105,478,0,0,0,120.15,0,
TXN05-01959,5,2026-06-16 09:25:42,4000.0,Hotels,50005,UPI,DEV-05-4,iPhone,Mumbai,9,1,0,17.98,12,2598.39,8624.1,144,184,479,0,0,0,0.0,0,
TXN05-01960,5,2026-06-16 09:52:11,2031.25,Fuel,50006,Card,DEV-05-4,iPhone,Delhi,9,1,0,26.48,13,2605.35,8624.12,82,185,627,0,0,0,1153.24,0,
TXN05-01961,5,2026-06-16 10:04:16,2128.88,Fuel,50006,Card,DEV-05-3,Web,Mumbai,10,1,0,12.08,14,2607.87,8623.81,83,277,480,0,0,0,1153.24,0,
TXN05-01962,5,2026-06-16 10:04:18,2716.0,Hotels,50010,UPI,DEV-05-6,Web,Jaipur,10,1,0,0.03,15,2606.66,8612.87,65,106,197,0,0,0,920.74,0,
TXN05-01963,5,2026-06-16 10:31:30,2641.81,Hotels,50005,Card,DEV-UNK-3785,iPhone,Delhi,10,1,0,27.2,16,2611.42,8623.25,145,1,628,1,0,0,237.53,1,ato_new_device_higher_amount
TXN05-01964,5,2026-06-16 10:42:13,937.07,Restaurants,50023,Card,DEV-05-2,iPhone,Bangalore,10,1,0,10.72,17,2610.31,8623.22,16,432,270,0,0,0,1750.11,0,
TXN05-01965,5,2026-06-16 11:25:33,2266.17,Hotels,50017,Card,DEV-05-2,iPhone,Bangalore,11,1,0,43.33,18,2615.59,8645.0,28,433,271,0,0,0,0.0,0,
TXN05-01966,5,2026-06-16 11:36:17,3500.51,Restaurants,50004,UPI,DEV-05-1,Android,Delhi,11,1,0,10.73,19,2611.45,8667.09,79,627,629,0,0,0,1750.11,0,
TXN05-01967,5,2026-06-16 11:47:20,279.84,Taxi,50029,Card,DEV-05-1,Android,Pune,11,1,0,11.05,20,2613.74,8656.06,35,628,361,0,0,0,1179.48,0,
TXN05-01968,5,2026-06-16 11:52:41,292.74,Hotels,50024,Card,DEV-05-6,Web,Delhi,11,1,0,5.35,21,2607.75,8645.76,35,107,630,0,0,0,1179.48,0,
TXN05-01969,5,2026-06-16 11:55:17,3178.96,Fuel,50013,Card,DEV-05-2,iPhone,Delhi,11,1,0,2.6,22,2601.83,8635.49,58,434,631,0,0,0,0.0,0,
TXN05-01970,5,2026-06-16 12:37:10,1771.98,Restaurants,50057,Card,DEV-05-20,Web,Pune,12,1,0,41.88,23,2603.3,8624.52,4,2,362,0,0,0,1179.48,0,
TXN05-01971,5,2026-06-16 12:42:18,2450.28,Taxi,50037,Card,DEV-05-1,Android,Bangalore,12,1,0,5.13,24,2601.19,8613.64,19,629,272,0,0,0,735.23,0,
TXN05-01972,5,2026-06-16 13:06:55,4000.0,Taxi,50049,UPI,DEV-05-9,Web,Jaipur,13,1,0,24.62,25,2599.94,8613.63,17,29,198,0,0,0,1561.54,0,
TXN05-01973,5,2026-06-16 13:08:39,4000.0,Restaurants,50004,Card,DEV-05-3,Web,Bangalore,13,1,0,1.73,26,2603.62,8613.92,80,278,273,0,0,0,1561.54,0,
TXN05-01974,5,2026-06-16 13:32:33,1631.68,Hotels,50024,Card,DEV-05-8,iPhone,Mumbai,13,1,0,23.9,27,2610.51,8613.95,36,31,481,0,0,0,845.32,0,
TXN05-01975,5,2026-06-16 13:33:09,1957.3,Restaurants,50019,Card,DEV-05-30,iPhone,Bangalore,13,1,0,0.6,28,2608.03,8603.15,15,1,274,1,0,0,845.32,0,
TXN05-01976,5,2026-06-16 13:35:18,1648.5,Fuel,50081,Card,DEV-05-4,iPhone,Mumbai,13,1,0,2.15,29,2606.38,8592.32,1,186,482,0,0,1,845.32,0,
TXN05-01977,5,2026-06-16 13:47:00,2018.79,Hotels,50010,UPI,DEV-05-2,iPhone,Delhi,13,1,0,11.7,30,2608.35,8592.01,66,435,632,0,0,0,1153.24,0,
TXN05-01978,5,2026-06-16 14:39:37,925.13,Restaurants,50011,Card,DEV-05-6,Web,Delhi,14,1,0,52.62,31,2620.5,8633.69,33,108,633,0,0,0,0.0,0,
TXN05-01979,5,2026-06-16 15:56:53,2061.58,Restaurants,50001,Card,DEV-05-3,Web,Mumbai,15,1,0,77.27,32,2620.56,8655.88,220,279,483,0,0,0,1153.24,0,
TXN05-01980,5,2026-06-16 15:59:45,953.28,Hotels,50015,UPI,DEV-05-3,Web,Bangalore,15,1,0,2.87,33,2619.24,8655.93,30,280,275,0,0,0,845.32,0,
TXN05-01981,5,2026-06-16 16:32:44,1387.79,Hotels,50082,UPI,DEV-05-2,iPhone,Chandigarh,16,1,0,32.98,34,2622.81,8678.18,1,436,4,0,0,1,1976.78,0,
TXN05-01982,5,2026-06-16 16:52:26,3247.37,Hotels,50024,Card,DEV-05-5,Android,Pune,16,1,0,19.7,35,2619.27,8689.13,37,152,363,0,0,0,1389.58,0,
TXN05-01983,5,2026-06-16 16:55:15,2614.27,Fuel,50003,UPI,DEV-05-4,iPhone,Delhi,16,1,0,2.82,36,2618.07,8689.01,177,187,634,0,0,0,1179.48,0,
TXN05-01984,5,2026-06-16 17:29:08,1615.69,Hotels,50005,UPI,DEV-05-6,Web,Delhi,17,1,0,33.88,37,2624.79,8710.97,146,109,635,0,0,0,0.0,0,
TXN05-01985,5,2026-06-16 17:36:29,3442.32,Taxi,50030,UPI,DEV-UNK-1384,Web,Delhi,17,1,0,7.35,38,2622.17,8699.8,26,1,636,1,0,0,0.0,1,ato_new_device
TXN05-01986,5,2026-06-16 17:41:05,1619.33,Fuel,50003,Card,DEV-05-2,iPhone,Mumbai,17,1,0,4.6,39,2624.3,8688.62,178,437,484,0,0,0,1153.24,0,
TXN05-01987,5,2026-06-16 17:50:38,2549.04,Fuel,50003,UPI,DEV-05-4,iPhone,Delhi,17,1,0,9.55,40,2621.7,8677.54,179,188,637,0,0,0,1153.24,0,
TXN05-01988,5,2026-06-16 17:50:56,2282.22,Fuel,50013,UPI,DEV-05-4,iPhone,Jaipur,17,1,0,0.3,41,2621.51,8666.35,59,189,199,0,0,0,237.53,0,
TXN05-01989,5,2026-06-16 17:55:34,1112.16,Fuel,50043,UPI,DEV-05-1,Android,Bangalore,17,1,0,4.63,42,2622.62,8666.28,17,630,276,0,0,0,1561.54,0,
TXN05-01990,5,2026-06-16 18:03:27,1101.92,Taxi,50002,Card,DEV-05-3,Web,Mumbai,18,1,0,7.88,43,2622.0,8666.38,115,281,485,0,0,0,845.32,0,
TXN05-01991,5,2026-06-16 18:42:42,2820.98,Hotels,50082,UPI,DEV-05-6,Web,Pune,18,1,0,39.25,44,2622.03,8666.37,2,110,364,0,0,0,120.15,0,
TXN05-01992,5,2026-06-16 19:39:07,3642.18,Hotels,50015,Card,DEV-05-2,iPhone,Bangalore,19,1,0,56.42,45,2626.55,8677.29,31,438,277,0,0,0,735.23,0,
TXN05-01993,5,2026-06-16 19:40:20,4000.0,Hotels,50005,Card,DEV-05-1,Android,Pune,19,1,0,1.22,46,2629.17,8666.25,147,631,365,0,0,0,735.23,0,
TXN05-01994,5,2026-06-16 19:44:06,2056.32,Restaurants,50001,Card,DEV-05-13,iPhone,Delhi,19,1,0,3.77,47,2632.59,8666.53,221,5,638,0,0,0,1179.48,0,
TXN05-01995,5,2026-06-16 19:45:40,1576.63,Taxi,50002,Card,DEV-05-5,Android,Delhi,19,1,0,1.57,48,2631.11,8655.43,116,153,639,0,0,0,0.0,0,
TXN05-01996,5,2026-06-16 19:54:58,804.08,Fuel,50070,UPI,DEV-05-5,Android,Mumbai,19,1,0,9.3,49,2627.67,8655.59,2,154,486,0,0,0,1153.24,0,
TXN05-01997,5,2026-06-16 20:24:22,1814.92,Restaurants,50032,Card,DEV-05-2,iPhone,Delhi,20,1,0,29.4,50,2626.28,8655.83,18,439,640,0,0,0,1153.24,0,
TXN05-01998,5,2026-06-16 20:24:54,4000.0,Restaurants,50004,Card,DEV-05-1,Android,Jaipur,20,1,0,0.53,51,2624.2,8644.83,81,632,200,0,0,0,237.53,0,
TXN05-01999,5,2026-06-16 20:32:12,1864.89,Restaurants,50008,UPI,DEV-05-3,Web,Mumbai,20,1,0,7.3,52,2627.72,8634.05,62,282,487,0,0,0,920.74,0,
TXN05-02000,5,2026-06-16 20:42:27,1849.38,Fuel,50043,Card,DEV-05-3,Web,Pune,20,1,0,10.25,53,2625.78,8623.11,18,283,366,0,0,0,120.15,0,
TXN05-02001,5,2026-06-16 20:45:25,313.55,Restaurants,50083,Card,DEV-05-1,Android,Delhi,20,1,0,2.97,54,2623.8,8612.22,1,633,641,0,0,1,1179.48,0,
TXN05-02002,5,2026-06-16 20:50:53,2200.07,Fuel,50003,UPI,DEV-05-4,iPhone,Jaipur,20,1,0,5.47,55,2617.94,8602.07,180,190,201,0,0,0,237.53,0,
TXN05-02003,5,2026-06-16 20:51:47,1798.7,Taxi,50007,UPI,DEV-05-4,iPhone,Delhi,20,1,0,0.9,56,2616.88,8591.2,39,191,642,0,0,0,237.53,0,
TXN05-02004,5,2026-06-16 21:16:30,2861.66,Restaurants,50008,Card,DEV-05-5,Android,Jaipur,21,1,0,24.72,57,2618.66,8590.96,63,155,202,0,0,0,237.53,0,
TXN05-02005,5,2026-06-16 21:20:17,1911.58,Taxi,50050,Card,DEV-05-3,Web,Pune,21,1,0,3.78,58,2619.28,8580.11,11,284,367,0,0,0,953.87,0,
TXN05-02006,5,2026-06-16 21:39:22,371.05,Fuel,50013,UPI,DEV-05-3,Web,Pune,21,1,0,19.08,59,2617.49,8569.37,60,285,368,0,0,0,0.0,0,
TXN05-02007,5,2026-06-16 21:45:02,2061.45,Restaurants,50001,Card,DEV-05-2,iPhone,Pune,21,1,0,5.67,60,2611.85,8559.34,222,440,369,0,0,0,0.0,0,
TXN05-02008,5,2026-06-16 22:21:53,988.94,Fuel,50048,UPI,DEV-05-1,Android,Hyderabad,22,1,0,36.85,61,2610.47,8548.65,11,634,1,0,1,0,505.75,0,
TXN05-02009,5,2026-06-16 22:39:28,1788.5,Fuel,50084,UPI,DEV-05-5,Android,Mumbai,22,1,0,17.58,62,2609.91,8548.75,1,156,488,0,0,1,621.46,0,
TXN05-02010,5,2026-06-16 22:46:50,718.06,Restaurants,50004,UPI,DEV-05-2,iPhone,Delhi,22,1,0,7.37,63,2607.86,8538.16,82,441,643,0,0,0,1153.24,0,
TXN05-02011,5,2026-06-16 22:55:23,1658.94,Restaurants,50004,Card,DEV-05-12,Web,Mumbai,22,1,0,8.55,64,2605.31,8538.57,83,6,489,0,0,0,1153.24,0,
TXN05-02012,5,2026-06-16 23:07:02,1948.7,Restaurants,50046,Card,DEV-05-1,Android,Pune,23,1,0,11.65,65,2602.95,8528.04,6,635,370,0,0,0,120.15,0,
TXN05-02013,5,2026-06-16 23:11:45,1601.01,Restaurants,50004,UPI,DEV-05-2,iPhone,Delhi,23,1,0,4.72,66,2601.33,8517.49,84,442,644,0,0,0,1179.48,0,
TXN05-02014,5,2026-06-16 23:48:05,4000.0,Hotels,50017,UPI,DEV-05-1,Android,Delhi,23,1,0,36.33,67,2596.97,8528.2,29,636,645,0,0,0,0.0,0,
TXN05-02015,5,2026-06-17 00:01:35,2593.19,Taxi,50179,Card,DEV-05-4,iPhone,Mumbai,0,2,0,13.5,1,2600.46,8517.87,1,192,490,0,0,1,1153.24,1,ato_odd_hour_new_merchant_same_category
TXN05-02016,5,2026-06-17 06:08:59,459.25,Fuel,50006,UPI,DEV-05-4,iPhone,Bangalore,6,2,0,367.4,2,2587.18,8534.8,84,193,278,0,0,0,845.32,0,
TXN05-02017,5,2026-06-17 06:25:48,600.07,Fuel,50006,Card,DEV-05-1,Android,Delhi,6,2,0,16.82,3,2587.33,8545.64,85,637,646,0,0,0,1750.11,0,
TXN05-02018,5,2026-06-17 07:27:29,360.32,Hotels,50017,Card,DEV-05-31,Android,Pune,7,2,0,61.68,4,2586.58,8545.81,30,1,371,1,0,0,1179.48,0,
TXN05-02019,5,2026-06-17 07:55:17,1776.57,Restaurants,50076,Card,DEV-05-3,Web,Mumbai,7,2,0,27.8,5,2581.01,8535.84,3,286,491,0,0,0,120.15,0,
TXN05-02020,5,2026-06-17 08:19:43,1749.66,Restaurants,50001,Card,DEV-05-3,Web,Mumbai,8,2,0,24.43,6,2579.0,8525.29,223,287,492,0,0,0,0.0,0,
TXN05-02021,5,2026-06-17 08:22:04,2618.3,Restaurants,50011,UPI,DEV-05-10,Android,Pune,8,2,0,2.35,7,2579.83,8525.19,34,21,372,0,0,0,120.15,0,
TXN05-02022,5,2026-06-17 08:34:31,3349.09,Restaurants,50001,Card,DEV-05-5,Android,Jaipur,8,2,0,12.45,8,2582.88,8524.98,224,157,203,0,0,0,953.87,0,
TXN05-02023,5,2026-06-17 09:19:08,1977.76,Fuel,50047,UPI,DEV-05-13,iPhone,Delhi,9,2,0,44.62,9,2584.79,8514.46,25,6,647,0,0,0,237.53,0,
TXN05-02024,5,2026-06-17 09:38:51,3410.91,Fuel,50003,Card,DEV-05-2,iPhone,Delhi,9,2,0,19.72,10,2583.28,8503.94,181,443,648,0,0,0,0.0,0,
TXN05-02025,5,2026-06-17 09:52:45,1833.35,Fuel,50003,UPI,DEV-05-1,Android,Mumbai,9,2,0,13.9,11,2584.61,8514.6,182,638,493,0,0,0,1153.24,0,
TXN05-02026,5,2026-06-17 10:38:36,1076.07,Fuel,50084,Card,DEV-05-1,Android,Mumbai,10,2,0,45.85,12,2590.76,8535.37,2,639,494,0,0,0,0.0,0,
TXN05-02027,5,2026-06-17 10:45:50,1533.9,Restaurants,50016,UPI,DEV-05-9,Web,Delhi,10,2,0,7.23,13,2593.11,8545.85,27,30,649,0,0,0,1153.24,0,
TXN05-02028,5,2026-06-17 11:22:50,1033.67,Restaurants,50008,UPI,DEV-05-1,Android,Mumbai,11,2,0,37.0,14,2594.92,8556.51,64,640,495,0,0,0,1153.24,0,
TXN05-02029,5,2026-06-17 11:43:36,2591.55,Restaurants,50001,Card,DEV-05-8,iPhone,Jaipur,11,2,0,20.77,15,2593.69,8567.52,225,32,204,0,0,0,920.74,0,
TXN05-02030,5,2026-06-17 12:22:23,829.53,Restaurants,50009,UPI,DEV-05-2,iPhone,Jaipur,12,2,0,38.78,16,2594.98,8567.49,42,444,205,0,0,0,0.0,0,
TXN05-02031,5,2026-06-17 13:17:33,3238.05,Fuel,50064,UPI,DEV-05-2,iPhone,Jaipur,13,2,0,55.17,17,2594.54,8589.45,5,445,206,0,0,0,0.0,0,
TXN05-02032,5,2026-06-17 13:33:40,2700.28,Hotels,50014,UPI,DEV-05-2,iPhone,Jaipur,13,2,0,16.12,18,2593.53,8589.35,54,446,207,0,0,0,0.0,0,
TXN05-02033,5,2026-06-17 14:32:14,1743.96,Taxi,50002,Card,DEV-05-13,iPhone,Bangalore,14,2,0,58.57,19,2597.45,8631.83,117,7,279,0,0,0,1561.54,0,
TXN05-02034,5,2026-06-17 15:30:43,3631.8,Fuel,50003,Card,DEV-05-7,Android,Delhi,15,2,0,58.48,20,2604.21,8653.1,183,53,650,0,0,0,1750.11,0,
TXN05-02035,5,2026-06-17 15:56:42,1762.04,Restaurants,50001,Card,DEV-05-5,Android,Delhi,15,2,0,25.98,21,2612.19,8652.61,226,158,651,0,0,0,0.0,0,
TXN05-02036,5,2026-06-17 17:08:44,1528.75,Hotels,50014,Card,DEV-05-2,iPhone,Pune,17,2,0,72.03,22,2610.01,8641.62,55,447,373,0,0,0,1179.48,0,
TXN05-02037,5,2026-06-17 18:02:18,4000.0,Restaurants,50001,UPI,DEV-05-2,iPhone,Delhi,18,2,0,53.57,23,2610.51,8641.55,227,448,652,0,0,0,1179.48,0,
TXN05-02038,5,2026-06-17 18:18:52,884.9,Hotels,50060,UPI,DEV-05-2,iPhone,Delhi,18,2,0,16.57,24,2616.88,8641.66,7,449,653,0,0,0,0.0,0,
TXN05-02039,5,2026-06-17 18:25:13,1087.22,Taxi,50058,Card,DEV-05-3,Web,Delhi,18,2,0,6.35,25,2612.45,8631.04,10,288,654,0,0,0,0.0,0,
TXN05-02040,5,2026-06-17 18:50:55,3065.87,Restaurants,50012,UPI,DEV-05-10,Android,Pune,18,2,0,25.7,26,2612.22,8642.13,28,22,374,0,0,0,1179.48,0,
TXN05-02041,5,2026-06-17 19:22:41,2843.8,Taxi,50007,UPI,DEV-05-3,Web,Pune,19,2,0,31.77,27,2613.38,8631.1,40,289,375,0,0,0,0.0,0,
TXN05-02042,5,2026-06-17 19:31:27,649.93,Fuel,50040,Card,DEV-05-4,iPhone,Delhi,19,2,0,8.77,28,2613.97,8620.09,23,194,655,0,0,0,1179.48,0,
TXN05-02043,5,2026-06-17 19:43:51,1137.05,Hotels,50005,Card,DEV-05-4,iPhone,Pune,19,2,0,12.4,29,2617.72,8630.79,148,195,376,0,0,0,1179.48,0,
TXN05-02044,5,2026-06-17 20:05:17,1258.09,Fuel,50006,UPI,DEV-05-2,iPhone,Mumbai,20,2,0,21.43,30,2615.61,8631.05,86,450,496,0,0,0,120.15,0,
TXN05-02045,5,2026-06-17 20:18:43,1883.7,Hotels,50010,Card,DEV-05-7,Android,Bangalore,20,2,0,13.43,31,2615.63,8642.21,67,54,280,0,0,0,845.32,0,
TXN05-02046,5,2026-06-17 20:24:35,4000.0,Taxi,50029,UPI,DEV-05-2,iPhone,Pune,20,2,0,5.87,32,2613.76,8631.23,36,451,377,0,0,0,735.23,0,
TXN05-02047,5,2026-06-17 20:51:27,1334.8,Hotels,50010,Card,DEV-05-2,iPhone,Pune,20,2,0,26.87,33,2620.97,8631.21,68,452,378,0,0,0,0.0,0,
TXN05-02048,5,2026-06-17 21:22:41,4000.0,Hotels,50005,UPI,DEV-05-1,Android,Mumbai,21,2,0,31.23,34,2617.69,8620.43,149,641,497,0,0,0,120.15,0,
TXN05-02049,5,2026-06-17 22:08:52,680.2,Hotels,50005,UPI,DEV-05-1,Android,Jaipur,22,2,0,46.18,35,2629.33,8630.91,150,642,208,0,0,0,920.74,0,
TXN05-02050,5,2026-06-17 22:15:33,2399.82,Restaurants,50001,Card,DEV-05-2,iPhone,Mumbai,22,2,0,6.68,36,2624.36,8620.45,228,453,498,0,0,0,920.74,0,
TXN05-02051,5,2026-06-17 22:16:28,1297.05,Restaurants,50008,UPI,DEV-05-8,iPhone,Pune,22,2,0,0.92,37,2623.79,8609.48,65,33,379,0,0,0,120.15,0,
TXN05-02052,5,2026-06-17 23:37:19,736.4,Restaurants,50004,Card,DEV-05-1,Android,Pune,23,2,0,80.85,38,2621.27,8609.73,85,643,380,0,0,0,0.0,0,
TXN05-02053,5,2026-06-18 06:00:41,480.04,Taxi,50002,Card,DEV-05-4,iPhone,Bangalore,6,3,0,383.37,1,2616.21,8610.25,118,196,281,0,0,0,735.23,0,
TXN05-02054,5,2026-06-18 06:58:25,1722.84,Fuel,50006,Card,DEV-05-5,Android,Delhi,6,3,0,57.73,2,2614.13,8632.72,87,159,656,0,0,0,1750.11,0,
TXN05-02055,5,2026-06-18 06:58:30,985.22,Restaurants,50001,UPI,DEV-05-2,iPhone,Delhi,6,3,0,0.08,3,2611.86,8621.82,229,454,657,0,0,0,0.0,0,
TXN05-02056,5,2026-06-18 07:03:12,3299.76,Hotels,50010,UPI,DEV-05-6,Web,Mumbai,7,3,0,4.7,4,2614.89,8632.63,69,111,499,0,0,0,1153.24,0,
TXN05-02057,5,2026-06-18 07:09:41,1411.19,Restaurants,50008,UPI,DEV-05-1,Android,Bangalore,7,3,0,6.48,5,2616.64,8621.68,66,644,282,0,0,0,845.32,0,
TXN05-02058,5,2026-06-18 07:45:49,447.04,Hotels,50010,Card,DEV-05-2,iPhone,Mumbai,7,3,0,36.13,6,2627.07,8653.86,70,455,500,0,0,0,845.32,0,
TXN05-02059,5,2026-06-18 08:21:04,2388.93,Restaurants,50004,UPI,DEV-05-4,iPhone,Jaipur,8,3,0,35.25,7,2636.99,8697.69,86,197,209,0,0,0,920.74,0,
TXN05-02060,5,2026-06-18 08:25:59,1232.52,Restaurants,50004,Card,DEV-05-2,iPhone,Mumbai,8,3,0,4.92,8,2636.35,8686.43,87,456,501,0,0,0,920.74,0,
TXN05-02061,5,2026-06-18 09:25:32,348.54,Restaurants,50004,Card,DEV-05-1,Android,Mumbai,9,3,0,59.55,9,2632.12,8720.07,88,645,502,0,0,0,0.0,0,
TXN05-02062,5,2026-06-18 09:36:13,472.3,Restaurants,50011,Card,DEV-05-4,iPhone,Delhi,9,3,0,10.68,10,2626.17,8709.49,35,198,658,0,0,0,1153.24,0,
TXN05-02063,5,2026-06-18 09:45:46,325.26,Hotels,50085,UPI,DEV-05-1,Android,Jaipur,9,3,0,9.55,11,2622.19,8710.12,1,646,210,0,0,1,237.53,0,
TXN05-02064,5,2026-06-18 10:22:01,1048.46,Hotels,50056,Card,DEV-05-1,Android,Delhi,10,3,0,36.25,12,2619.2,8710.72,15,647,659,0,0,0,237.53,0,
TXN05-02065,5,2026-06-18 10:53:13,4000.0,Hotels,50018,Card,DEV-05-4,iPhone,Bangalore,10,3,0,31.2,13,2615.46,8711.08,25,199,283,0,0,0,1750.11,0,
TXN05-02066,5,2026-06-18 11:04:26,397.13,Restaurants,50009,Card,DEV-05-2,iPhone,Mumbai,11,3,0,11.22,14,2619.06,8700.05,43,457,503,0,0,0,845.32,0,
TXN05-02067,5,2026-06-18 11:13:49,3780.2,Restaurants,50001,Card,DEV-05-9,Web,Mumbai,11,3,0,9.38,15,2613.3,8689.5,230,31,504,0,0,0,0.0,0,
TXN05-02068,5,2026-06-18 11:14:37,1032.19,Fuel,50003,Card,DEV-05-5,Android,Bangalore,11,3,0,0.8,16,2616.32,8678.47,184,160,284,0,0,0,845.32,0,
TXN05-02069,5,2026-06-18 11:26:34,3164.93,Restaurants,50001,UPI,DEV-05-1,Android,Pune,11,3,0,11.95,17,2614.32,8678.75,231,648,381,0,0,0,735.23,0,
TXN05-02070,5,2026-06-18 11:40:34,1210.74,Fuel,50006,UPI,DEV-05-1,Android,Jaipur,11,3,0,14.0,18,2615.74,8667.6,88,649,211,0,0,0,953.87,0,
TXN05-02071,5,2026-06-18 11:46:16,913.58,Hotels,50025,Card,DEV-05-1,Android,Delhi,11,3,0,5.7,19,2612.13,8656.74,21,650,660,0,0,0,237.53,0,
TXN05-02072,5,2026-06-18 11:46:55,688.12,Restaurants,50034,UPI,DEV-05-4,iPhone,Mumbai,11,3,0,0.65,20,2607.77,8646.07,13,200,505,0,0,0,1153.24,0,
TXN05-02073,5,2026-06-18 13:04:01,100000.0,Bank Transfer,50001,Card,DEV-05-1,Android,Delhi,13,3,0,77.1,21,2621.66,8700.93,232,651,661,0,0,0,1153.24,1,huge_transfer
TXN05-02074,5,2026-06-18 13:16:11,1964.9,Fuel,50086,Card,DEV-05-1,Android,Pune,13,3,0,12.17,22,2877.85,10013.31,1,652,382,0,0,1,1179.48,0,
TXN05-02075,5,2026-06-18 13:17:34,643.81,Hotels,50010,UPI,DEV-05-2,iPhone,Pune,13,3,0,1.38,23,2875.49,10000.44,71,458,383,0,0,0,0.0,0,
TXN05-02076,5,2026-06-18 13:26:33,981.57,Restaurants,50001,UPI,DEV-05-1,Android,Mumbai,13,3,0,8.98,24,2873.77,10000.77,233,653,506,0,0,0,120.15,0,
TXN05-02077,5,2026-06-18 13:34:39,2440.39,Restaurants,50009,Card,DEV-05-1,Android,Jaipur,13,3,0,8.1,25,2872.1,10013.99,44,654,212,0,0,0,920.74,0,
TXN05-02078,5,2026-06-18 13:53:36,1982.84,Hotels,50031,UPI,DEV-05-3,Web,Mumbai,13,3,0,18.95,26,2873.02,10026.4,13,290,507,0,0,0,920.74,0,
TXN05-02079,5,2026-06-18 14:08:55,800.43,Hotels,50027,Card,DEV-05-5,Android,Jaipur,14,3,0,15.32,27,2870.7,10013.48,13,161,213,0,0,0,920.74,0,
TXN05-02080,5,2026-06-18 14:19:38,2532.07,Hotels,50036,Card,DEV-05-1,Android,Jaipur,14,3,0,10.72,28,2869.77,10013.65,16,655,214,0,0,0,0.0,0,
TXN05-02081,5,2026-06-18 14:25:34,1607.01,Taxi,50039,UPI,DEV-05-3,Web,Delhi,14,3,0,5.93,29,2868.89,10000.69,19,291,662,0,0,0,237.53,0,
TXN05-02082,5,2026-06-18 14:27:13,831.86,Taxi,50002,Card,DEV-05-4,iPhone,Mumbai,14,3,0,1.65,30,2865.63,9987.96,119,201,508,0,0,0,1153.24,0,
TXN05-02083,5,2026-06-18 14:53:51,1039.09,Taxi,50029,UPI,DEV-05-3,Web,Mumbai,14,3,0,26.63,31,2860.11,9988.5,37,292,509,0,0,0,0.0,0,
TXN05-02084,5,2026-06-18 15:31:27,3404.44,Restaurants,50012,UPI,DEV-05-2,iPhone,Jaipur,15,3,0,37.6,32,2858.51,9988.74,29,459,215,0,0,0,920.74,0,
TXN05-02085,5,2026-06-18 15:57:36,2084.82,Fuel,50040,UPI,DEV-05-2,iPhone,Pune,15,3,0,26.15,33,2865.14,9988.25,24,460,384,0,0,0,953.87,0,
TXN05-02086,5,2026-06-18 16:03:43,3762.19,Restaurants,50016,Card,DEV-05-7,Android,Pune,16,3,0,6.12,34,2868.41,9987.78,28,55,385,0,0,0,0.0,0,
TXN05-02087,5,2026-06-18 16:42:43,1784.37,Fuel,50003,UPI,DEV-05-15,Web,Jaipur,16,3,0,39.0,35,2882.24,9999.49,185,4,216,0,0,0,953.87,0,
TXN05-02088,5,2026-06-18 16:51:19,1115.34,Fuel,50003,UPI,DEV-05-12,Web,Delhi,16,3,0,8.6,36,2879.41,9986.72,186,7,663,0,0,0,237.53,0,
TXN05-02089,5,2026-06-18 17:40:38,725.19,Restaurants,50087,UPI,DEV-05-1,Android,Delhi,17,3,0,49.32,37,2878.69,10025.44,1,656,664,0,0,1,0.0,0,
TXN05-02090,5,2026-06-18 17:49:47,566.09,Hotels,50005,UPI,DEV-05-32,Web,Pune,17,3,0,9.15,38,2873.1,10013.01,151,1,386,1,0,0,1179.48,0,
TXN05-02091,5,2026-06-18 17:56:55,3657.54,Fuel,50003,Card,DEV-05-4,iPhone,Mumbai,17,3,0,7.13,39,2870.59,10013.47,187,202,510,0,0,0,120.15,0,
TXN05-02092,5,2026-06-18 18:40:50,528.53,Hotels,50005,Card,DEV-05-12,Web,Bangalore,18,3,0,43.92,40,2879.68,10025.92,152,8,285,0,0,0,845.32,0,
TXN05-02093,5,2026-06-18 18:47:37,3541.66,Restaurants,50004,Card,DEV-05-2,iPhone,Delhi,18,3,0,6.78,41,2873.57,10013.61,89,461,665,0,0,0,1750.11,0,
TXN05-02094,5,2026-06-18 18:50:01,1840.96,Fuel,50006,Card,DEV-05-5,Android,Mumbai,18,3,0,2.4,42,2875.2,10013.67,89,162,511,0,0,0,1153.24,0,
TXN05-02095,5,2026-06-18 19:00:13,1408.15,Restaurants,50001,Card,DEV-05-1,Android,Bangalore,19,3,0,10.2,43,2875.2,10013.67,234,657,286,0,0,0,845.32,0,
TXN05-02096,5,2026-06-18 19:05:16,2337.7,Hotels,50025,UPI,DEV-05-2,iPhone,Mumbai,19,3,0,5.05,44,2874.69,10026.77,22,462,512,0,0,0,845.32,0,
TXN05-02097,5,2026-06-18 19:08:13,4000.0,Fuel,50006,UPI,DEV-05-6,Web,Delhi,19,3,0,2.95,45,2873.3,10013.78,90,112,666,0,0,0,1153.24,0,
TXN05-02098,5,2026-06-18 19:22:03,692.98,Restaurants,50001,UPI,DEV-05-1,Android,Delhi,19,3,0,13.83,46,2876.69,10013.94,235,658,667,0,0,0,0.0,0,
TXN05-02099,5,2026-06-18 20:12:57,4000.0,Fuel,50062,Card,DEV-05-1,Android,Mumbai,20,3,0,50.9,47,2622.82,8712.89,7,659,513,0,0,0,1153.24,0,
TXN05-02100,5,2026-06-18 20:17:37,1157.75,Restaurants,50083,UPI,DEV-05-3,Web,Mumbai,20,3,0,4.67,48,2626.4,8701.85,2,293,514,0,0,0,0.0,0,
TXN05-02101,5,2026-06-18 20:23:58,2241.05,Hotels,50027,Card,DEV-05-3,Web,Mumbai,20,3,0,6.35,49,2619.66,8701.98,14,294,515,0,0,0,0.0,0,
TXN05-02102,5,2026-06-18 20:28:56,566.38,Fuel,50055,UPI,DEV-05-3,Web,Bangalore,20,3,0,4.97,50,2623.04,8701.58,10,295,287,0,0,0,845.32,0,
TXN05-02103,5,2026-06-18 20:34:02,2203.58,Restaurants,50009,Card,DEV-05-4,iPhone,Jaipur,20,3,0,5.1,51,2617.71,8690.93,45,203,217,0,0,0,1561.54,0,
TXN05-02104,5,2026-06-18 20:39:06,672.78,Fuel,50003,UPI,DEV-05-1,Android,Bangalore,20,3,0,5.07,52,2616.64,8679.72,188,660,288,0,0,0,1561.54,0,
TXN05-02105,5,2026-06-18 20:52:02,2352.62,Taxi,50071,UPI,DEV-05-1,Android,Delhi,20,3,0,12.93,53,2611.63,8669.09,3,661,668,0,0,0,1750.11,0,
TXN05-02106,5,2026-06-18 21:28:34,605.56,Restaurants,50001,Card,DEV-05-1,Android,Pune,21,3,0,36.53,54,2619.43,8679.48,236,662,387,0,0,0,1179.48,0,
TXN05-02107,5,2026-06-18 21:29:51,1805.22,Taxi,50049,Card,DEV-05-4,iPhone,Mumbai,21,3,0,1.28,55,2614.24,8668.89,18,204,516,0,0,0,120.15,0,
TXN05-02108,5,2026-06-18 22:25:47,1775.75,Hotels,50017,UPI,DEV-05-2,iPhone,Mumbai,22,3,0,55.93,56,2610.22,8699.95,31,463,517,0,0,0,0.0,0,
TXN05-02109,5,2026-06-18 22:49:12,1446.92,Restaurants,50042,Card,DEV-05-5,Android,Bangalore,22,3,0,23.42,57,2610.36,8699.94,10,163,289,0,0,0,845.32,0,
TXN05-02110,5,2026-06-18 22:58:48,1373.1,Restaurants,50004,Card,DEV-05-2,iPhone,Bangalore,22,3,0,9.6,58,2607.35,8688.86,90,464,290,0,0,0,0.0,0,
TXN05-02111,5,2026-06-18 23:12:35,3548.16,Taxi,50002,Card,DEV-05-2,iPhone,Delhi,23,3,0,13.78,59,2605.48,8689.05,120,465,669,0,0,0,1750.11,0,
TXN05-02112,5,2026-06-18 23:30:21,2824.12,Restaurants,50009,Card,DEV-05-1,Android,Mumbai,23,3,0,17.77,60,2604.31,8688.89,46,663,518,0,0,0,1153.24,0,
TXN05-02113,5,2026-06-18 23:46:10,100000.0,Bank Transfer,50001,Card,DEV-05-1,Android,Delhi,23,3,0,15.82,61,2609.27,8688.47,237,664,670,0,0,0,1153.24,1,huge_transfer
TXN05-02114,5,2026-06-19 02:57:06,100000.0,Bank Transfer,50001,Card,DEV-05-1,Android,Delhi,2,4,0,190.93,1,2850.8,10009.27,238,665,671,0,0,0,0.0,1,huge_transfer
TXN05-02115,5,2026-06-19 07:06:21,521.53,Hotels,50005,Card,DEV-05-9,Web,Delhi,7,4,0,249.25,2,3113.84,11192.25,153,32,672,0,0,0,0.0,0,
TXN05-02116,5,2026-06-19 07:07:21,4000.0,Taxi,50002,Card,DEV-05-5,Android,Pune,7,4,0,1.0,3,3107.09,11178.45,121,164,388,0,0,0,1179.48,1,ato_short_gap
TXN05-02117,5,2026-06-19 07:25:22,1466.72,Restaurants,50023,Card,DEV-05-5,Android,Delhi,7,4,0,18.02,4,3113.84,11178.2,17,165,673,0,0,0,1179.48,0,
TXN05-02118,5,2026-06-19 08:21:24,653.54,Taxi,50002,UPI,DEV-05-3,Web,Mumbai,8,4,0,56.03,5,3129.37,11250.33,122,296,519,0,0,0,1153.24,0,
TXN05-02119,5,2026-06-19 10:19:33,468.85,Hotels,50005,Card,DEV-05-10,Android,Mumbai,10,4,0,118.15,6,3138.73,11309.44,154,23,520,0,0,0,0.0,0,
TXN05-02120,5,2026-06-19 11:42:42,1544.35,Taxi,50007,UPI,DEV-05-1,Android,Pune,11,4,0,83.15,7,3156.16,11353.29,41,666,389,0,0,0,120.15,0,
TXN05-02121,5,2026-06-19 12:01:13,1510.16,Fuel,50013,UPI,DEV-05-3,Web,Mumbai,12,4,0,18.52,8,3162.82,11399.02,61,297,521,0,0,0,120.15,0,
TXN05-02122,5,2026-06-19 13:50:57,1455.68,Restaurants,50008,UPI,DEV-05-2,iPhone,Mumbai,13,4,0,109.73,9,3197.45,11505.71,67,466,522,0,0,0,0.0,0,
TXN05-02123,5,2026-06-19 14:44:26,2467.79,Taxi,50039,Card,DEV-05-8,iPhone,Delhi,14,4,0,53.48,10,3198.89,11521.69,20,34,674,0,0,0,1153.24,0,
TXN05-02124,5,2026-06-19 14:57:13,1130.78,Restaurants,50008,Card,DEV-05-4,iPhone,Bangalore,14,4,0,12.78,11,3203.93,11537.31,68,205,291,0,0,0,1750.11,0,
TXN05-02125,5,2026-06-19 15:50:45,1600.1,Hotels,50018,UPI,DEV-05-3,Web,Pune,15,4,0,53.53,12,3217.51,11584.29,26,298,390,0,0,0,735.23,0,
TXN05-02126,5,2026-06-19 15:51:15,1591.52,Restaurants,50004,UPI,DEV-05-3,Web,Bangalore,15,4,0,0.5,13,3212.99,11568.42,91,299,292,0,0,0,735.23,0,
TXN05-02127,5,2026-06-19 16:04:49,1398.76,Restaurants,50087,Card,DEV-05-2,iPhone,Delhi,16,4,0,13.57,14,3208.47,11552.61,2,467,675,0,0,0,1750.11,0,
TXN05-02128,5,2026-06-19 16:25:36,1901.44,Restaurants,50087,Card,DEV-05-2,iPhone,Pune,16,4,0,20.78,15,3203.45,11536.95,3,468,391,0,0,0,1179.48,0,
TXN05-02129,5,2026-06-19 16:39:59,2139.55,Fuel,50028,Card,DEV-05-8,iPhone,Pune,16,4,0,14.38,16,3199.84,11521.16,44,35,392,0,0,0,0.0,0,
TXN05-02130,5,2026-06-19 16:41:02,1326.98,Hotels,50015,Card,DEV-05-2,iPhone,Bangalore,16,4,0,1.05,17,3196.91,11505.37,32,469,293,0,0,0,735.23,0,
TXN05-02131,5,2026-06-19 16:53:44,3172.06,Restaurants,50019,UPI,DEV-05-3,Web,Delhi,16,4,0,12.7,18,3191.76,11489.93,16,300,676,0,0,0,1750.11,0,
TXN05-02132,5,2026-06-19 16:55:17,2038.63,Fuel,50013,Card,DEV-05-1,Android,Delhi,16,4,0,1.55,19,3191.71,11474.14,62,667,677,0,0,0,0.0,0,
TXN05-02133,5,2026-06-19 16:56:53,1027.73,Restaurants,50004,UPI,DEV-05-1,Android,Delhi,16,4,0,1.6,20,3188.55,11458.57,92,668,678,0,0,0,0.0,0,
TXN05-02134,5,2026-06-19 17:43:02,459.87,Restaurants,50009,UPI,DEV-05-2,iPhone,Mumbai,17,4,0,46.15,21,3197.35,11489.47,47,470,523,0,0,0,1153.24,0,
TXN05-02135,5,2026-06-19 18:43:10,1396.19,Restaurants,50001,Card,DEV-05-1,Android,Delhi,18,4,0,60.13,22,2928.83,10344.8,239,669,679,0,0,0,1153.24,0,
TXN05-02136,5,2026-06-19 18:44:44,861.61,Hotels,50005,Card,DEV-05-2,iPhone,Bangalore,18,4,0,1.57,23,2924.58,10330.78,155,471,294,0,0,0,1750.11,0,
TXN05-02137,5,2026-06-19 19:06:54,3741.97,Taxi,50039,Card,DEV-05-2,iPhone,Delhi,19,4,0,22.17,24,2932.75,10344.0,21,472,680,0,0,0,1750.11,0,
TXN05-02138,5,2026-06-19 19:48:19,1575.65,Fuel,50048,Card,DEV-05-3,Web,Mumbai,19,4,0,41.42,25,2934.99,10329.75,12,301,524,0,0,0,1153.24,0,
TXN05-02139,5,2026-06-19 20:16:00,1006.62,Restaurants,50026,UPI,DEV-05-8,iPhone,Bangalore,20,4,0,27.68,26,2931.24,10315.72,18,36,295,0,0,0,845.32,0,
TXN05-02140,5,2026-06-19 20:22:00,1659.97,Restaurants,50083,Card,DEV-05-12,Web,Mumbai,20,4,0,6.0,27,2930.24,10315.89,3,9,525,0,0,0,845.32,0,
TXN05-02141,5,2026-06-19 20:25:49,1036.24,Taxi,50029,UPI,DEV-05-1,Android,Mumbai,20,4,0,3.82,28,2926.74,10301.89,38,670,526,0,0,0,0.0,0,
TXN05-02142,5,2026-06-19 20:39:27,2792.79,Fuel,50028,UPI,DEV-05-2,iPhone,Mumbai,20,4,0,13.63,29,2921.55,10288.2,45,473,527,0,0,0,0.0,0,
TXN05-02143,5,2026-06-19 20:58:48,4000.0,Hotels,50005,UPI,DEV-05-2,iPhone,Jaipur,20,4,0,19.35,30,2934.0,10315.24,156,474,218,0,0,0,920.74,0,
TXN05-02144,5,2026-06-19 21:00:09,512.2,Taxi,50002,Card,DEV-05-1,Android,Delhi,21,4,0,1.35,31,2936.94,10301.18,123,671,681,0,0,0,237.53,0,
TXN05-02145,5,2026-06-19 21:17:24,831.76,Restaurants,50008,Card,DEV-05-3,Web,Pune,21,4,0,17.25,32,2930.27,10287.8,69,302,393,0,0,0,1179.48,0,
TXN05-02146,5,2026-06-19 22:42:37,100000.0,Bank Transfer,50001,Card,DEV-05-1,Android,Delhi,22,4,0,85.22,33,2930.96,10302.18,240,672,682,0,0,0,1179.48,1,huge_transfer
TXN05-02147,5,2026-06-19 22:56:45,2100.48,Fuel,50040,UPI,DEV-05-1,Android,Mumbai,22,4,0,14.13,34,3201.57,11489.78,25,673,528,0,0,0,1153.24,0,
TXN05-02148,5,2026-06-19 23:21:47,808.57,Fuel,50059,UPI,DEV-05-7,Android,Delhi,23,4,0,25.03,35,3198.54,11474.13,8,56,683,0,0,0,1153.24,0,
TXN05-02149,5,2026-06-19 23:40:49,1443.84,Hotels,50018,UPI,DEV-05-4,iPhone,Delhi,23,4,0,19.03,36,3191.99,11459.08,27,206,684,0,0,0,0.0,0,
TXN05-02150,5,2026-06-19 23:42:17,3037.76,Fuel,50003,Card,DEV-05-1,Android,Jaipur,23,4,0,1.47,37,3188.83,11459.4,189,674,219,0,0,0,237.53,0,
TXN05-02151,5,2026-06-20 01:58:22,3547.86,Hotels,50077,Card,DEV-05-3,Web,Delhi,1,5,1,136.08,1,3182.76,11458.89,2,303,685,0,0,0,237.53,1,ato_higher_amount_odd_hour
TXN05-02152,5,2026-06-20 06:22:40,2259.53,Taxi,50061,Card,DEV-05-2,iPhone,Jaipur,6,5,1,264.3,2,3187.74,11458.66,5,475,220,0,0,0,237.53,0,
TXN05-02153,5,2026-06-20 06:22:49,2357.91,Restaurants,50041,UPI,DEV-05-2,iPhone,Delhi,6,5,1,0.15,3,3185.2,11443.09,10,476,686,0,0,0,237.53,0,
TXN05-02154,5,2026-06-20 06:59:27,1947.69,Restaurants,50001,UPI,DEV-05-4,iPhone,Pune,6,5,1,36.63,4,3186.87,11458.69,241,207,394,0,0,0,1179.48,0,
TXN05-02155,5,2026-06-20 07:07:50,1787.62,Taxi,50007,Card,DEV-05-1,Android,Jaipur,7,5,1,8.38,5,3183.49,11443.2,42,675,221,0,0,0,953.87,0,
TXN05-02156,5,2026-06-20 07:34:46,744.03,Taxi,50002,UPI,DEV-05-7,Android,Pune,7,5,1,26.93,6,3183.64,11443.19,124,57,395,0,0,0,953.87,0,
TXN05-02157,5,2026-06-20 07:49:48,1654.19,Fuel,50070,UPI,DEV-05-3,Web,Delhi,7,5,1,15.03,7,3176.99,11428.29,3,304,687,0,0,0,1179.48,0,
TXN05-02158,5,2026-06-20 08:31:46,3648.94,Restaurants,50033,UPI,DEV-05-2,iPhone,Pune,8,5,1,41.97,8,3195.88,11488.7,15,477,396,0,0,0,1179.48,0,
TXN05-02159,5,2026-06-20 08:45:24,268.66,Fuel,50003,Card,DEV-05-8,iPhone,Bangalore,8,5,1,13.63,9,3203.89,11488.0,190,37,296,0,0,0,735.23,0,
TXN05-02160,5,2026-06-20 09:27:05,3964.57,Taxi,50007,Card,DEV-05-8,iPhone,Mumbai,9,5,1,41.68,10,3208.8,11503.54,43,38,529,0,0,0,845.32,0,
TXN05-02161,5,2026-06-20 09:51:21,2983.6,Hotels,50036,UPI,DEV-05-1,Android,Delhi,9,5,1,24.27,11,3217.16,11502.99,17,676,688,0,0,0,1153.24,0,
TXN05-02162,5,2026-06-20 09:55:39,3977.23,Restaurants,50001,UPI,DEV-05-1,Android,Delhi,9,5,1,4.3,12,3215.53,11502.98,242,677,689,0,0,0,0.0,0,
TXN05-02163,5,2026-06-20 10:14:50,1358.13,Hotels,50005,Card,DEV-05-2,iPhone,Pune,10,5,1,19.18,13,3217.63,11487.19,157,478,397,0,0,0,1179.48,0,
TXN05-02164,5,2026-06-20 11:00:19,999.94,Fuel,50006,UPI,DEV-05-3,Web,Mumbai,11,5,1,45.48,14,3225.89,11566.26,91,305,530,0,0,0,120.15,0,
TXN05-02165,5,2026-06-20 11:09:51,2183.05,Restaurants,50001,UPI,DEV-05-1,Android,Delhi,11,5,1,9.53,15,3227.18,11565.98,243,678,690,0,0,0,1153.24,0,
TXN05-02166,5,2026-06-20 11:13:49,2080.18,Restaurants,50042,Card,DEV-05-1,Android,Delhi,11,5,1,3.97,16,3228.24,11581.65,11,679,691,0,0,0,0.0,0,
TXN05-02167,5,2026-06-20 11:22:25,1294.41,Hotels,50031,Card,DEV-05-1,Android,Jaipur,11,5,1,8.6,17,3225.03,11565.62,14,680,222,0,0,0,237.53,0,
TXN05-02168,5,2026-06-20 11:24:21,526.06,Taxi,50054,Card,DEV-05-3,Web,Jaipur,11,5,1,1.93,18,3219.65,11549.95,8,306,223,0,0,0,0.0,0,
TXN05-02169,5,2026-06-20 11:33:35,1549.72,Hotels,50005,Card,DEV-05-3,Web,Mumbai,11,5,1,9.23,19,3212.17,11534.77,158,307,531,0,0,0,920.74,0,
TXN05-02170,5,2026-06-20 12:12:40,1343.0,Restaurants,50016,Card,DEV-05-1,Android,Mumbai,12,5,1,39.08,20,3211.99,11534.79,29,681,532,0,0,0,0.0,0,
TXN05-02171,5,2026-06-20 12:20:08,823.21,Fuel,50088,UPI,DEV-05-2,iPhone,Mumbai,12,5,1,7.47,21,3206.82,11519.22,1,479,533,0,0,1,0.0,0,
TXN05-02172,5,2026-06-20 12:53:59,4000.0,Fuel,50003,Card,DEV-05-6,Web,Delhi,12,5,1,33.85,22,3212.21,11534.72,191,113,692,0,0,0,1153.24,0,
TXN05-02173,5,2026-06-20 13:34:12,2412.74,Fuel,50055,Card,DEV-05-3,Web,Jaipur,13,5,1,40.22,23,3217.55,11550.72,11,308,224,0,0,0,237.53,0,
TXN05-02174,5,2026-06-20 13:47:45,1273.23,Fuel,50003,Card,DEV-05-2,iPhone,Bangalore,13,5,1,13.55,24,3224.45,11566.26,192,480,297,0,0,0,1561.54,0,
TXN05-02175,5,2026-06-20 13:56:43,2328.07,Fuel,50089,Card,DEV-05-4,iPhone,Pune,13,5,1,8.97,25,3230.14,11581.8,1,208,398,0,0,1,735.23,0,
TXN05-02176,5,2026-06-20 14:07:37,1159.73,Taxi,50030,UPI,DEV-05-5,Android,Delhi,14,5,1,10.9,26,3227.62,11565.72,27,166,693,0,0,0,1179.48,0,
TXN05-02177,5,2026-06-20 14:23:50,240.98,Restaurants,50016,Card,DEV-05-1,Android,Delhi,14,5,1,16.22,27,2956.0,10384.44,30,682,694,0,0,0,0.0,0,
TXN05-02178,5,2026-06-20 14:43:35,709.69,Restaurants,50009,Card,DEV-05-2,iPhone,Jaipur,14,5,1,19.75,28,2954.28,10414.34,48,481,225,0,0,0,237.53,0,
TXN05-02179,5,2026-06-20 14:51:23,4000.0,Fuel,50003,UPI,DEV-05-9,Web,Delhi,14,5,1,7.8,29,2947.97,10400.38,193,33,695,0,0,0,237.53,0,
TXN05-02180,5,2026-06-20 15:24:18,1340.05,Fuel,50075,Card,DEV-05-3,Web,Jaipur,15,5,1,32.92,30,2955.77,10400.12,3,309,226,0,0,0,237.53,0,
TXN05-02181,5,2026-06-20 15:33:32,1241.3,Restaurants,50001,UPI,DEV-05-4,iPhone,Bangalore,15,5,1,9.23,31,2952.58,10400.44,244,209,298,0,0,0,1561.54,0,
TXN05-02182,5,2026-06-20 15:44:36,539.59,Hotels,50018,UPI,DEV-05-1,Android,Bangalore,15,5,1,11.07,32,2950.78,10400.68,28,683,299,0,0,0,0.0,0,
TXN05-02183,5,2026-06-20 16:28:15,351.19,Restaurants,50004,Card,DEV-05-2,iPhone,Delhi,16,5,1,43.65,33,2950.43,10445.2,93,482,696,0,0,0,1750.11,0,
TXN05-02184,5,2026-06-20 16:48:47,2165.2,Restaurants,50001,UPI,DEV-05-2,iPhone,Delhi,16,5,1,20.53,34,2953.24,10460.04,245,483,697,0,0,0,0.0,0,
TXN05-02185,5,2026-06-20 17:13:29,2429.76,Hotels,50017,Card,DEV-05-2,iPhone,Delhi,17,5,1,24.7,35,2959.06,10474.43,32,484,698,0,0,0,0.0,0,
TXN05-02186,5,2026-06-20 17:32:39,3938.87,Restaurants,50012,UPI,DEV-05-5,Android,Pune,17,5,1,19.17,36,2957.56,10459.58,30,167,399,0,0,0,1179.48,0,
TXN05-02187,5,2026-06-20 18:09:55,408.93,Restaurants,50004,Card,DEV-05-1,Android,Mumbai,18,5,1,37.27,37,2967.79,10503.43,94,684,534,0,0,0,120.15,0,
TXN05-02188,5,2026-06-20 18:22:07,2197.29,Restaurants,50001,Card,DEV-05-1,Android,Mumbai,18,5,1,12.2,38,2958.47,10504.25,246,685,535,0,0,0,0.0,0,
TXN05-02189,5,2026-06-20 18:30:05,3247.94,Hotels,50014,UPI,DEV-05-5,Android,Delhi,18,5,1,7.97,39,2962.64,10503.66,56,168,699,0,0,0,1153.24,0,
TXN05-02190,5,2026-06-20 19:04:35,1693.11,Taxi,50002,Card,DEV-05-3,Web,Pune,19,5,1,34.5,40,2984.62,10531.41,125,310,400,0,0,0,1179.48,0,
TXN05-02191,5,2026-06-20 19:17:45,1529.54,Restaurants,50016,Card,DEV-05-2,iPhone,Bangalore,19,5,1,13.17,41,2987.5,10530.92,31,485,300,0,0,0,735.23,0,
TXN05-02192,5,2026-06-20 19:31:15,471.12,Taxi,50002,Card,DEV-05-1,Android,Bangalore,19,5,1,13.5,42,2980.38,10531.07,126,686,301,0,0,0,0.0,0,
TXN05-02193,5,2026-06-20 21:41:39,473.89,Taxi,50002,Card,DEV-05-6,Web,Delhi,21,5,1,130.4,43,2996.0,10653.3,127,114,700,0,0,0,1750.11,0,
TXN05-02194,5,2026-06-20 22:12:56,3026.08,Fuel,50003,Card,DEV-05-2,iPhone,Bangalore,22,5,1,31.28,44,3000.18,10684.94,194,486,302,0,0,0,1750.11,0,
TXN05-02195,5,2026-06-20 22:40:03,872.96,Hotels,50005,Card,DEV-05-6,Web,Delhi,22,5,1,27.12,45,3013.96,10699.35,159,115,701,0,0,0,1750.11,0,
TXN05-02196,5,2026-06-20 22:47:45,2327.68,Restaurants,50009,Card,DEV-05-6,Web,Mumbai,22,5,1,7.7,46,3007.61,10684.1,49,116,536,0,0,0,1153.24,0,
TXN05-02197,5,2026-06-20 23:01:25,1034.85,Fuel,50067,Card,DEV-05-6,Web,Delhi,23,5,1,13.67,47,3012.0,10683.51,5,117,702,0,0,0,1153.24,0,
TXN05-02198,5,2026-06-20 23:02:25,2961.7,Taxi,50037,UPI,DEV-05-5,Android,Mumbai,23,5,1,1.0,48,3006.15,10668.24,20,169,537,0,0,0,1153.24,0,
TXN05-02199,5,2026-06-20 23:19:51,486.86,Taxi,50002,Card,DEV-05-3,Web,Delhi,23,5,1,17.43,49,3007.68,10684.02,128,311,703,0,0,0,1153.24,0,
TXN05-02200,5,2026-06-20 23:38:20,1173.94,Restaurants,50009,UPI,DEV-05-6,Web,Mumbai,23,5,1,18.48,50,3000.23,10669.08,50,118,538,0,0,0,1153.24,0,
TXN05-02201,5,2026-06-21 02:32:37,100000.0,Bank Transfer,50001,Card,DEV-05-1,Android,Delhi,2,6,1,174.28,1,2995.47,10669.53,247,687,704,0,0,0,1153.24,1,huge_transfer
TXN05-02202,5,2026-06-21 06:01:23,2100.55,Restaurants,50001,UPI,DEV-05-33,Android,Delhi,6,6,1,208.77,2,3281.62,11881.88,248,1,705,1,0,0,0.0,0,
TXN05-02203,5,2026-06-21 06:28:23,1838.15,Taxi,50050,UPI,DEV-05-2,iPhone,Delhi,6,6,1,27.0,3,3291.04,11898.4,12,487,706,0,0,0,0.0,0,
TXN05-02204,5,2026-06-21 06:33:05,963.27,Restaurants,50001,UPI,DEV-05-7,Android,Delhi,6,6,1,4.7,4,3286.76,11881.1,249,58,707,0,0,0,0.0,0,
TXN05-02205,5,2026-06-21 06:59:54,2858.76,Restaurants,50001,UPI,DEV-05-6,Web,Delhi,6,6,1,26.82,5,3285.12,11881.38,250,119,708,0,0,0,0.0,0,
TXN05-02206,5,2026-06-21 07:03:06,1292.32,Restaurants,50001,UPI,DEV-05-1,Android,Bangalore,7,6,1,3.2,6,3283.86,11863.92,251,688,303,0,0,0,1750.11,0,
TXN05-02207,5,2026-06-21 07:44:23,2642.03,Restaurants,50019,UPI,DEV-05-11,iPhone,Delhi,7,6,1,41.28,7,3286.92,11881.2,17,10,709,0,0,0,1750.11,0,
TXN05-02208,5,2026-06-21 07:56:46,2455.32,Restaurants,50019,Card,DEV-05-1,Android,Mumbai,7,6,1,12.38,8,3285.02,11863.76,18,689,539,0,0,0,1153.24,0,
TXN05-02209,5,2026-06-21 08:08:38,1768.83,Hotels,50014,UPI,DEV-05-2,iPhone,Delhi,8,6,1,11.87,9,3282.59,11846.44,57,488,710,0,0,0,1153.24,0,
TXN05-02210,5,2026-06-21 08:12:22,3565.5,Taxi,50068,Card,DEV-05-6,Web,Mumbai,8,6,1,3.73,10,3278.16,11829.39,5,120,540,0,0,0,1153.24,0,
TXN05-02211,5,2026-06-21 08:19:20,2496.7,Restaurants,50004,UPI,DEV-05-1,Android,Pune,8,6,1,6.97,11,3279.0,11812.14,95,690,401,0,0,0,120.15,0,
TXN05-02212,5,2026-06-21 09:16:21,1213.71,Restaurants,50079,Card,DEV-05-9,Web,Pune,9,6,1,57.02,12,3297.01,11844.81,3,34,402,0,0,0,0.0,0,
TXN05-02213,5,2026-06-21 09:23:54,2753.55,Hotels,50005,UPI,DEV-05-2,iPhone,Jaipur,9,6,1,7.55,13,3290.92,11828.02,160,489,227,0,0,0,953.87,0,
TXN05-02214,5,2026-06-21 09:57:19,601.26,Hotels,50005,UPI,DEV-05-3,Web,Delhi,9,6,1,33.42,14,3289.35,11810.8,161,312,711,0,0,0,237.53,0,
TXN05-02215,5,2026-06-21 10:19:43,1210.58,Restaurants,50001,Card,DEV-05-10,Android,Delhi,10,6,1,22.4,15,3281.54,11794.51,252,24,712,0,0,0,0.0,0,
TXN05-02216,5,2026-06-21 10:29:41,2655.69,Restaurants,50001,Card,DEV-05-1,Android,Mumbai,10,6,1,9.97,16,3275.54,11777.93,253,691,541,0,0,0,1153.24,0,
TXN05-02217,5,2026-06-21 11:27:34,1711.7,Fuel,50003,UPI,DEV-05-4,iPhone,Delhi,11,6,1,57.88,17,3273.2,11777.97,195,210,713,0,0,0,1153.24,0,
TXN05-02218,5,2026-06-21 11:41:32,829.32,Fuel,50013,Card,DEV-05-5,Android,Delhi,11,6,1,13.97,18,3268.69,11761.24,63,170,714,0,0,0,0.0,0,
TXN05-02219,5,2026-06-21 11:48:19,1590.71,Hotels,50014,Card,DEV-05-4,iPhone,Delhi,11,6,1,6.78,19,3261.66,11745.01,58,211,715,0,0,0,0.0,0,
TXN05-02220,5,2026-06-21 12:04:35,4000.0,Fuel,50089,Card,DEV-05-3,Web,Mumbai,12,6,1,16.27,20,3256.86,11728.46,2,313,542,0,0,0,1153.24,0,
TXN05-02221,5,2026-06-21 12:18:02,1043.46,Hotels,50014,UPI,DEV-05-16,iPhone,Jaipur,12,6,1,13.45,21,3260.99,11728.47,59,4,228,0,0,0,920.74,0,
TXN05-02222,5,2026-06-21 12:21:05,561.16,Hotels,50024,UPI,DEV-05-2,iPhone,Delhi,12,6,1,3.05,22,3254.63,11712.25,38,490,716,0,0,0,237.53,0,
TXN05-02223,5,2026-06-21 12:32:29,4000.0,Fuel,50003,UPI,DEV-05-1,Android,Jaipur,12,6,1,11.4,23,3250.0,11713.0,196,692,229,0,0,0,237.53,0,
TXN05-02224,5,2026-06-21 13:15:39,437.36,Taxi,50049,UPI,DEV-05-1,Android,Delhi,13,6,1,43.17,24,3255.74,11712.87,19,693,717,0,0,0,237.53,0,
TXN05-02225,5,2026-06-21 13:26:48,1375.42,Taxi,50002,Card,DEV-05-9,Web,Pune,13,6,1,11.15,25,3247.69,11697.1,129,35,403,0,0,0,1179.48,0,
TXN05-02226,5,2026-06-21 13:37:15,2747.81,Fuel,50003,UPI,DEV-05-6,Web,Bangalore,13,6,1,10.45,26,3252.53,11713.48,197,121,304,0,0,0,735.23,0,
TXN05-02227,5,2026-06-21 13:42:21,4000.0,Hotels,50010,UPI,DEV-05-5,Android,Mumbai,13,6,1,5.1,27,3251.09,11696.77,72,171,543,0,0,0,845.32,0,
TXN05-02228,5,2026-06-21 14:09:38,832.29,Restaurants,50009,Card,DEV-05-3,Web,Bangalore,14,6,1,27.28,28,3251.09,11696.77,51,314,305,0,0,0,845.32,0,
TXN05-02229,5,2026-06-21 15:10:47,2229.68,Fuel,50003,UPI,DEV-05-1,Android,Pune,15,6,1,61.15,29,3261.88,11745.87,198,694,404,0,0,0,735.23,0,
TXN05-02230,5,2026-06-21 15:30:48,1020.36,Fuel,50047,UPI,DEV-05-7,Android,Mumbai,15,6,1,20.02,30,3258.91,11729.12,26,59,544,0,0,0,120.15,0,
TXN05-02231,5,2026-06-21 15:41:52,1871.05,Restaurants,50041,Card,DEV-05-3,Web,Bangalore,15,6,1,11.07,31,3259.38,11729.02,11,315,306,0,0,0,845.32,0,
TXN05-02232,5,2026-06-21 15:42:17,1961.58,Taxi,50002,UPI,DEV-05-7,Android,Mumbai,15,6,1,0.42,32,3255.41,11712.44,130,60,545,0,0,0,845.32,0,
TXN05-02233,5,2026-06-21 15:52:03,4000.0,Hotels,50005,UPI,DEV-05-1,Android,Delhi,15,6,1,9.77,33,3251.71,11695.9,162,695,718,0,0,0,1153.24,0,
TXN05-02234,5,2026-06-21 16:05:55,1277.62,Fuel,50070,Card,DEV-05-34,iPhone,Pune,16,6,1,13.87,34,3253.84,11679.3,4,1,405,1,0,0,1179.48,0,
TXN05-02235,5,2026-06-21 16:14:31,3621.62,Restaurants,50052,UPI,DEV-05-1,Android,Mumbai,16,6,1,8.6,35,3250.86,11679.67,7,696,546,0,0,0,120.15,0,
TXN05-02236,5,2026-06-21 16:58:37,396.84,Taxi,50002,Card,DEV-05-1,Android,Pune,16,6,1,44.1,36,3269.47,11711.38,131,697,406,0,0,0,120.15,0,
TXN05-02237,5,2026-06-21 17:19:04,1583.09,Taxi,50030,Card,DEV-05-1,Android,Mumbai,17,6,1,20.45,37,3266.93,11711.91,28,698,547,0,0,0,120.15,0,
TXN05-02238,5,2026-06-21 17:38:01,973.92,Fuel,50003,UPI,DEV-05-1,Android,Mumbai,17,6,1,18.95,38,3266.24,11712.0,199,699,548,0,0,0,0.0,0,
TXN05-02239,5,2026-06-21 17:40:04,2579.25,Restaurants,50001,UPI,DEV-05-3,Web,Delhi,17,6,1,2.05,39,3259.69,11695.9,254,316,719,0,0,0,1153.24,0,
TXN05-02240,5,2026-06-21 18:10:39,4000.0,Restaurants,50001,UPI,DEV-05-3,Web,Pune,18,6,1,30.58,40,3257.75,11679.28,255,317,407,0,0,0,1179.48,0,
TXN05-02241,5,2026-06-21 18:37:52,1713.22,Taxi,50002,UPI,DEV-05-5,Android,Pune,18,6,1,27.22,41,3265.64,11695.02,132,172,408,0,0,0,0.0,0,
TXN05-02242,5,2026-06-21 18:54:21,1362.89,Restaurants,50090,UPI,DEV-05-1,Android,Mumbai,18,6,1,16.48,42,3261.22,11678.64,1,700,549,0,0,1,120.15,0,
TXN05-02243,5,2026-06-21 18:57:15,1364.57,Fuel,50059,Card,DEV-05-3,Web,Pune,18,6,1,2.9,43,3255.82,11662.48,9,318,409,0,0,0,120.15,0,
TXN05-02244,5,2026-06-21 19:57:11,1208.05,Fuel,50013,UPI,DEV-05-3,Web,Delhi,19,6,1,59.93,44,3264.34,11711.25,64,319,720,0,0,0,1179.48,0,
TXN05-02245,5,2026-06-21 20:39:58,2010.74,Fuel,50091,Card,DEV-05-1,Android,Jaipur,20,6,1,42.78,45,3261.75,11711.61,1,701,230,0,0,1,237.53,0,
TXN05-02246,5,2026-06-21 20:40:32,345.06,Restaurants,50032,UPI,DEV-05-14,iPhone,Pune,20,6,1,0.57,46,3258.18,11695.05,19,5,410,0,0,0,953.87,0,
TXN05-02247,5,2026-06-21 21:07:05,1903.47,Taxi,50071,Card,DEV-05-2,iPhone,Delhi,21,6,1,26.55,47,3249.88,11679.41,4,491,721,0,0,0,1179.48,0,
TXN05-02248,5,2026-06-21 22:20:46,3148.37,Taxi,50002,UPI,DEV-05-2,iPhone,Delhi,22,6,1,73.68,48,3263.41,11711.53,133,492,722,0,0,0,0.0,0,
TXN05-02249,5,2026-06-21 22:27:34,2858.98,Hotels,50005,Card,DEV-05-3,Web,Pune,22,6,1,6.8,49,3268.47,11711.1,163,320,411,0,0,0,1179.48,0,
TXN05-02250,5,2026-06-21 22:55:20,2659.67,Fuel,50013,Card,DEV-05-1,Android,Mumbai,22,6,1,27.77,50,3273.44,11727.64,65,702,550,0,0,0,120.15,0,
TXN05-02251,5,2026-06-21 23:45:37,1332.03,Taxi,50002,UPI,DEV-05-2,iPhone,Bangalore,23,6,1,50.28,51,3280.42,11777.46,134,493,307,0,0,0,845.32,0,
TXN05-02252,5,2026-06-22 07:44:34,3932.68,Hotels,50005,Card,DEV-05-1,Android,Delhi,7,0,0,478.95,1,3279.14,11863.25,164,703,723,0,0,0,1750.11,0,
TXN05-02253,5,2026-06-22 08:02:54,817.67,Restaurants,50044,Card,DEV-05-2,iPhone,Bangalore,8,0,0,18.33,2,3289.56,11862.27,10,494,308,0,0,0,1750.11,0,
TXN05-02254,5,2026-06-22 08:16:05,4000.0,Taxi,50029,Card,DEV-05-1,Android,Delhi,8,0,0,13.18,3,3282.31,11845.61,39,704,724,0,0,0,1750.11,0,
TXN05-02255,5,2026-06-22 09:29:28,2218.07,Hotels,50005,UPI,DEV-05-1,Android,Bangalore,9,0,0,73.38,4,3300.33,11879.26,165,705,309,0,0,0,1750.11,0,
TXN05-02256,5,2026-06-22 09:39:55,4000.0,Fuel,50003,Card,DEV-05-6,Web,Delhi,9,0,0,10.45,5,3297.15,11861.92,200,122,725,0,0,0,1750.11,0,
TXN05-02257,5,2026-06-22 09:47:57,2866.36,Hotels,50025,Card,DEV-05-15,Web,Jaipur,9,0,0,8.03,6,3299.21,11844.58,23,5,231,0,0,0,237.53,0,
TXN05-02258,5,2026-06-22 09:54:19,1531.43,Restaurants,50012,UPI,DEV-05-8,iPhone,Pune,9,0,0,6.37,7,3297.95,11827.27,31,39,412,0,0,0,953.87,0,
TXN05-02259,5,2026-06-22 10:08:21,1553.84,Fuel,50078,Card,DEV-05-1,Android,Mumbai,10,0,0,14.03,8,3292.8,11810.4,2,706,551,0,0,0,120.15,0,
TXN05-02260,5,2026-06-22 10:19:59,2053.67,Fuel,50040,UPI,DEV-05-2,iPhone,Bangalore,10,0,0,11.63,9,3287.74,11793.59,26,495,310,0,0,0,845.32,0,
TXN05-02261,5,2026-06-22 10:46:25,451.66,Restaurants,50011,UPI,DEV-05-4,iPhone,Bangalore,10,0,0,26.43,10,3296.33,11809.88,36,212,311,0,0,0,0.0,0,
TXN05-02262,5,2026-06-22 10:55:22,868.42,Hotels,50015,UPI,DEV-05-1,Android,Mumbai,10,0,0,8.95,11,3288.06,11793.69,33,707,552,0,0,0,845.32,0,
TXN05-02263,5,2026-06-22 10:58:03,2508.17,Fuel,50040,UPI,DEV-05-3,Web,Delhi,10,0,0,2.68,12,3281.05,11777.31,27,321,726,0,0,0,1153.24,0,
TXN05-02264,5,2026-06-22 11:11:54,1662.95,Restaurants,50045,Card,DEV-05-3,Web,Bangalore,11,0,0,13.85,13,3278.81,11760.35,5,322,312,0,0,0,1750.11,0,
TXN05-02265,5,2026-06-22 11:15:17,1279.4,Hotels,50025,Card,DEV-05-35,Web,Bangalore,11,0,0,3.38,14,3274.16,11743.71,24,1,313,1,0,0,0.0,0,
TXN05-02266,5,2026-06-22 12:09:56,1149.03,Hotels,50005,UPI,DEV-05-4,iPhone,Jaipur,12,0,0,54.65,15,3281.87,11759.8,166,213,232,0,0,0,1561.54,0,
TXN05-02267,5,2026-06-22 12:16:19,1030.31,Restaurants,50001,Card,DEV-05-2,iPhone,Mumbai,12,0,0,6.38,16,3275.73,11743.4,256,496,553,0,0,0,920.74,0,
TXN05-02268,5,2026-06-22 12:18:58,2014.39,Hotels,50017,Card,DEV-05-3,Web,Delhi,12,0,0,2.65,17,3269.27,11727.13,33,323,727,0,0,0,1153.24,0,
TXN05-02269,5,2026-06-22 12:21:32,1033.13,Taxi,50002,UPI,DEV-05-4,iPhone,Delhi,12,0,0,2.57,18,3265.68,11710.51,135,214,728,0,0,0,0.0,0,
TXN05-02270,5,2026-06-22 12:25:22,1223.05,Restaurants,50009,Card,DEV-05-1,Android,Mumbai,12,0,0,3.83,19,3259.3,11694.37,52,708,554,0,0,0,1153.24,0,
TXN05-02271,5,2026-06-22 12:35:51,2055.99,Restaurants,50020,UPI,DEV-05-2,iPhone,Delhi,12,0,0,10.48,20,3253.5,11678.21,13,497,729,0,0,0,1153.24,0,
TXN05-02272,5,2026-06-22 12:40:14,3928.98,Fuel,50003,UPI,DEV-05-1,Android,Pune,12,0,0,4.38,21,3250.1,11661.78,201,709,413,0,0,0,1179.48,0,
TXN05-02273,5,2026-06-22 12:47:17,2649.46,Fuel,50006,Card,DEV-05-1,Android,Mumbai,12,0,0,7.05,22,3252.02,11645.31,92,710,555,0,0,0,120.15,0,
TXN05-02274,5,2026-06-22 12:56:17,2830.57,Fuel,50086,UPI,DEV-05-4,iPhone,Pune,12,0,0,9.0,23,3250.32,11628.89,2,215,414,0,0,0,120.15,0,
TXN05-02275,5,2026-06-22 12:59:49,3105.79,Fuel,50043,Card,DEV-05-6,Web,Pune,12,0,0,3.53,24,3249.13,11612.52,19,123,415,0,0,0,0.0,0,
TXN05-02276,5,2026-06-22 13:25:40,3936.22,Hotels,50005,UPI,DEV-05-3,Web,Mumbai,13,0,0,25.85,25,3254.42,11612.03,167,324,556,0,0,0,120.15,0,
TXN05-02277,5,2026-06-22 13:51:53,2241.99,Fuel,50192,UPI,DEV-UNK-7803,Web,Bangalore,13,0,0,26.22,26,3260.86,11611.77,1,1,314,1,0,1,845.32,1,ato_new_merchant_same_category_new_device
TXN05-02278,5,2026-06-22 14:05:23,284.36,Taxi,50058,UPI,DEV-05-1,Android,Delhi,14,0,0,13.5,27,3263.7,11611.4,11,711,730,0,0,0,1750.11,0,
TXN05-02279,5,2026-06-22 14:07:18,1593.03,Restaurants,50092,Card,DEV-05-5,Android,Mumbai,14,0,0,1.92,28,3253.23,11612.41,1,173,557,0,0,1,1153.24,0,
TXN05-02280,5,2026-06-22 14:28:12,2698.53,Taxi,50039,UPI,DEV-05-1,Android,Delhi,14,0,0,20.9,29,3266.6,11643.77,22,712,731,0,0,0,1153.24,0,
TXN05-02281,5,2026-06-22 14:48:32,726.72,Restaurants,50042,UPI,DEV-05-2,iPhone,Delhi,14,0,0,20.33,30,3267.86,11659.9,12,498,732,0,0,0,0.0,0,
TXN05-02282,5,2026-06-22 14:51:09,1854.54,Hotels,50005,Card,DEV-05-1,Android,Delhi,14,0,0,2.62,31,3260.66,11644.16,168,713,733,0,0,0,0.0,0,
TXN05-02283,5,2026-06-22 15:05:32,1213.82,Restaurants,50001,Card,DEV-05-3,Web,Bangalore,15,0,0,14.38,32,3256.69,11627.94,257,325,315,0,0,0,1750.11,0,
TXN05-02284,5,2026-06-22 15:19:05,3465.52,Fuel,50059,UPI,DEV-05-10,Android,Delhi,15,0,0,13.55,33,3250.93,11612.05,10,25,734,0,0,0,1750.11,0,
TXN05-02285,5,2026-06-22 15:21:19,1612.86,Fuel,50040,UPI,DEV-05-4,iPhone,Mumbai,15,0,0,2.23,34,3251.53,11595.74,28,216,558,0,0,0,1153.24,0,
TXN05-02286,5,2026-06-22 15:25:08,2014.43,Taxi,50007,UPI,DEV-05-9,Web,Bangalore,15,0,0,3.82,35,3254.79,11595.11,44,36,316,0,0,0,845.32,0,
TXN05-02287,5,2026-06-22 15:40:02,662.65,Restaurants,50026,UPI,DEV-05-3,Web,Pune,15,0,0,14.9,36,3251.31,11579.05,19,326,416,0,0,0,735.23,0,
TXN05-02288,5,2026-06-22 15:48:08,2459.15,Hotels,50005,Card,DEV-05-1,Android,Delhi,15,0,0,8.1,37,3245.93,11579.8,169,714,735,0,0,0,1179.48,0,
TXN05-02289,5,2026-06-22 16:17:31,1208.97,Taxi,50007,Card,DEV-05-7,Android,Pune,16,0,0,29.38,38,3243.73,11563.7,45,61,417,0,0,0,1179.48,0,
TXN05-02290,5,2026-06-22 16:35:51,4000.0,Fuel,50043,UPI,DEV-05-2,iPhone,Delhi,16,0,0,18.33,39,3238.07,11548.08,20,499,736,0,0,0,1179.48,0,
TXN05-02291,5,2026-06-22 17:00:44,526.64,Fuel,50047,Card,DEV-05-3,Web,Pune,17,0,0,24.88,40,3245.04,11547.78,27,327,418,0,0,0,1179.48,0,
TXN05-02292,5,2026-06-22 18:13:49,2506.76,Restaurants,50008,Card,DEV-05-8,iPhone,Mumbai,18,0,0,73.08,41,3237.48,11532.62,70,40,559,0,0,0,120.15,0,
TXN05-02293,5,2026-06-22 18:16:24,3910.87,Fuel,50003,Card,DEV-05-2,iPhone,Delhi,18,0,0,2.58,42,3235.46,11516.7,202,500,737,0,0,0,1153.24,0,
TXN05-02294,5,2026-06-22 18:35:46,335.53,Fuel,50003,Card,DEV-05-3,Web,Pune,18,0,0,19.37,43,3237.33,11500.83,203,328,419,0,0,0,1179.48,0,
TXN05-02295,5,2026-06-22 18:38:18,635.81,Restaurants,50022,Card,DEV-05-2,iPhone,Pune,18,0,0,2.53,44,3229.33,11485.99,22,501,420,0,0,0,0.0,0,
TXN05-02296,5,2026-06-22 18:51:55,3117.06,Fuel,50003,UPI,DEV-05-1,Android,Mumbai,18,0,0,13.62,45,3226.36,11486.52,204,715,560,0,0,0,120.15,0,
TXN05-02297,5,2026-06-22 19:04:00,904.09,Hotels,50005,UPI,DEV-05-2,iPhone,Mumbai,19,0,0,12.08,46,3226.06,11470.73,170,502,561,0,0,0,0.0,0,
TXN05-02298,5,2026-06-22 19:04:20,2004.46,Hotels,50024,UPI,DEV-05-1,Android,Mumbai,19,0,0,0.33,47,3219.7,11455.65,39,716,562,0,0,0,0.0,0,
TXN05-02299,5,2026-06-22 19:05:26,2767.86,Fuel,50028,Card,DEV-05-5,Android,Mumbai,19,0,0,1.1,48,3216.38,11440.17,46,174,563,0,0,0,0.0,0,
TXN05-02300,5,2026-06-22 19:26:16,616.87,Fuel,50040,Card,DEV-05-13,iPhone,Jaipur,19,0,0,20.83,49,3215.16,11424.59,29,8,233,0,0,0,920.74,0,
TXN05-02301,5,2026-06-22 19:43:11,3092.84,Hotels,50018,UPI,DEV-05-7,Android,Delhi,19,0,0,16.92,50,3211.65,11425.19,29,62,738,0,0,0,237.53,0,
TXN05-02302,5,2026-06-22 19:50:56,1703.26,Restaurants,50012,UPI,DEV-05-7,Android,Bangalore,19,0,0,7.75,51,3211.33,11409.66,32,63,317,0,0,0,1750.11,0,
TXN05-02303,5,2026-06-22 20:33:25,4685.43,Restaurants,50185,UPI,DEV-05-7,Android,Jaipur,20,0,0,42.48,52,3213.12,11409.37,1,64,234,0,0,1,1561.54,1,ato_higher_amount
TXN05-02304,5,2026-06-22 20:36:45,1764.0,Taxi,50037,UPI,DEV-05-5,Android,Pune,20,0,0,3.33,53,3217.11,11394.16,21,175,421,0,0,0,953.87,0,
TXN05-02305,5,2026-06-22 20:49:06,3296.73,Restaurants,50008,UPI,DEV-05-4,iPhone,Mumbai,20,0,0,12.35,54,3220.82,11409.4,71,217,564,0,0,0,120.15,0,
TXN05-02306,5,2026-06-22 20:49:10,2092.54,Restaurants,50026,Card,DEV-05-4,iPhone,Mumbai,20,0,0,0.07,55,3221.03,11393.93,20,218,565,0,0,0,0.0,0,
TXN05-02307,5,2026-06-22 20:58:23,2521.34,Taxi,50093,Card,DEV-05-4,iPhone,Delhi,20,0,0,9.22,56,3223.31,11393.62,1,219,739,0,0,1,1153.24,0,
TXN05-02308,5,2026-06-22 21:14:30,1185.86,Taxi,50002,UPI,DEV-05-1,Android,Delhi,21,0,0,16.12,57,3221.41,11378.28,136,717,740,0,0,0,0.0,0,
TXN05-02309,5,2026-06-22 21:26:40,2258.31,Fuel,50003,UPI,DEV-05-2,iPhone,Mumbai,21,0,0,12.17,58,3215.92,11363.42,205,503,566,0,0,0,1153.24,0,
TXN05-02310,5,2026-06-22 21:28:32,727.9,Fuel,50006,Card,DEV-05-3,Web,Delhi,21,0,0,1.87,59,3213.35,11348.25,93,329,741,0,0,0,1153.24,0,
TXN05-02311,5,2026-06-22 21:41:52,2292.07,Restaurants,50001,UPI,DEV-05-9,Web,Pune,21,0,0,13.33,60,3206.68,11333.75,258,37,422,0,0,0,1179.48,0,
TXN05-02312,5,2026-06-22 21:52:34,2339.68,Taxi,50094,Card,DEV-05-10,Android,Mumbai,21,0,0,10.7,61,3204.24,11318.69,2,26,567,0,0,0,120.15,0,
TXN05-02313,5,2026-06-22 22:07:35,2002.76,Fuel,50003,UPI,DEV-05-1,Android,Mumbai,22,0,0,15.02,62,3201.93,11303.67,206,718,568,0,0,0,0.0,0,
TXN05-02314,5,2026-06-22 22:36:13,985.31,Hotels,50010,UPI,DEV-05-2,iPhone,Pune,22,0,0,28.63,63,3223.92,11377.03,73,504,423,0,0,0,120.15,0,
TXN05-02315,5,2026-06-22 22:47:25,1175.58,Fuel,50003,UPI,DEV-05-6,Web,Bangalore,22,0,0,11.2,64,3217.89,11362.28,207,124,318,0,0,0,735.23,0,
TXN05-02316,5,2026-06-22 22:56:20,2133.66,Taxi,50007,Card,DEV-05-2,iPhone,Bangalore,22,0,0,8.92,65,3212.4,11347.49,46,505,319,0,0,0,0.0,0,
TXN05-02317,5,2026-06-23 06:20:14,732.67,Fuel,50013,UPI,DEV-05-3,Web,Bangalore,6,1,0,443.9,1,3231.46,11407.18,66,330,320,0,0,0,0.0,0,
TXN05-02318,5,2026-06-23 07:22:52,2320.04,Restaurants,50001,UPI,DEV-05-4,iPhone,Pune,7,1,0,62.63,2,3237.92,11422.03,259,220,424,0,0,0,735.23,0,
TXN05-02319,5,2026-06-23 07:37:19,871.79,Restaurants,50004,UPI,DEV-05-3,Web,Mumbai,7,1,0,14.45,3,3242.45,11437.19,96,331,569,0,0,0,120.15,0,
TXN05-02320,5,2026-06-23 08:25:43,2378.45,Restaurants,50090,UPI,DEV-05-1,Android,Delhi,8,1,0,48.4,4,3252.23,11483.59,2,719,742,0,0,0,1153.24,0,
TXN05-02321,5,2026-06-23 08:41:18,380.24,Hotels,50095,Card,DEV-05-1,Android,Bangalore,8,1,0,15.58,5,3249.83,11467.89,1,720,321,0,0,1,1750.11,0,
TXN05-02322,5,2026-06-23 09:16:42,4000.0,Hotels,50014,Card,DEV-05-2,iPhone,Mumbai,9,1,0,35.4,6,3253.05,11483.68,60,506,570,0,0,0,845.32,0,
TXN05-02323,5,2026-06-23 09:35:15,885.37,Hotels,50025,Card,DEV-05-3,Web,Pune,9,1,0,18.55,7,3253.05,11483.68,25,332,425,0,0,0,120.15,0,
TXN05-02324,5,2026-06-23 09:45:38,922.41,Restaurants,50016,UPI,DEV-05-5,Android,Pune,9,1,0,10.38,8,3246.55,11468.56,32,176,426,0,0,0,0.0,0,
TXN05-02325,5,2026-06-23 09:46:11,636.58,Fuel,50003,Card,DEV-05-2,iPhone,Jaipur,9,1,0,0.55,9,3240.18,11453.49,208,507,235,0,0,0,953.87,0,
TXN05-02326,5,2026-06-23 10:03:27,2972.3,Fuel,50028,UPI,DEV-05-7,Android,Bangalore,10,1,0,17.27,10,3236.36,11454.12,47,65,322,0,0,0,1561.54,0,
TXN05-02327,5,2026-06-23 10:36:20,1096.47,Restaurants,50004,Card,DEV-05-1,Android,Mumbai,10,1,0,32.88,11,3241.75,11485.42,97,721,571,0,0,0,845.32,0,
TXN05-02328,5,2026-06-23 11:34:19,2657.84,Hotels,50005,UPI,DEV-05-2,iPhone,Bangalore,11,1,0,57.98,12,3244.89,11501.07,171,508,323,0,0,0,845.32,0,
TXN05-02329,5,2026-06-23 12:17:51,931.94,Restaurants,50023,UPI,DEV-05-3,Web,Delhi,12,1,0,43.53,13,3259.21,11546.94,18,333,743,0,0,0,1750.11,0,
TXN05-02330,5,2026-06-23 12:28:09,3420.89,Hotels,50056,Card,DEV-05-5,Android,Mumbai,12,1,0,10.3,14,3252.74,11531.54,16,177,572,0,0,0,1153.24,0,
TXN05-02331,5,2026-06-23 12:35:21,833.29,Hotels,50014,Card,DEV-05-6,Web,Delhi,12,1,0,7.2,15,3253.21,11515.56,61,125,744,0,0,0,1153.24,0,
TXN05-02332,5,2026-06-23 12:54:54,3936.38,Fuel,50043,UPI,DEV-05-1,Android,Mumbai,12,1,0,19.55,16,3252.83,11531.91,21,722,573,0,0,0,1153.24,0,
TXN05-02333,5,2026-06-23 12:59:02,2905.56,Taxi,50061,Card,DEV-05-3,Web,Delhi,12,1,0,4.13,17,3254.72,11515.98,6,334,745,0,0,0,1153.24,0,
TXN05-02334,5,2026-06-23 13:06:34,1935.01,Fuel,50069,Card,DEV-05-2,iPhone,Mumbai,13,1,0,7.53,18,3253.76,11500.08,4,509,574,0,0,0,1153.24,0,
TXN05-02335,5,2026-06-23 13:31:40,593.92,Restaurants,50019,Card,DEV-05-5,Android,Pune,13,1,0,25.1,19,3245.97,11516.07,19,178,427,0,0,0,120.15,0,
TXN05-02336,5,2026-06-23 13:46:00,1437.65,Fuel,50013,Card,DEV-05-3,Web,Mumbai,13,1,0,14.33,20,3251.12,11548.12,67,335,575,0,0,0,120.15,0,
TXN05-02337,5,2026-06-23 14:29:49,3160.7,Fuel,50066,UPI,DEV-05-1,Android,Delhi,14,1,0,43.82,21,3249.5,11548.34,2,723,746,0,0,0,1153.24,0,
TXN05-02338,5,2026-06-23 14:40:02,1961.87,Fuel,50006,Card,DEV-05-18,Android,Pune,14,1,0,10.22,22,3255.73,11547.69,94,2,428,0,0,0,1179.48,0,
TXN05-02339,5,2026-06-23 15:20:15,858.86,Restaurants,50001,UPI,DEV-05-3,Web,Mumbai,15,1,0,40.22,23,3252.14,11531.84,260,336,576,0,0,0,120.15,0,
TXN05-02340,5,2026-06-23 15:20:36,2354.52,Hotels,50017,UPI,DEV-05-4,iPhone,Bangalore,15,1,0,0.35,24,3245.51,11516.54,34,221,324,0,0,0,845.32,0,
TXN05-02341,5,2026-06-23 15:26:07,3016.82,Fuel,50003,UPI,DEV-05-12,Web,Mumbai,15,1,0,5.52,25,3243.04,11500.72,209,10,577,0,0,0,845.32,0,
TXN05-02342,5,2026-06-23 15:49:03,1977.66,Restaurants,50020,UPI,DEV-05-6,Web,Delhi,15,1,0,22.93,26,3242.42,11484.87,14,126,747,0,0,0,1153.24,0,
TXN05-02343,5,2026-06-23 16:41:59,1634.69,Fuel,50003,UPI,DEV-05-6,Web,Mumbai,16,1,0,52.93,27,3253.67,11515.62,210,127,578,0,0,0,1153.24,0,
TXN05-02344,5,2026-06-23 17:24:35,1402.82,Restaurants,50016,UPI,DEV-05-2,iPhone,Mumbai,17,1,0,42.6,28,3250.96,11531.87,33,510,579,0,0,0,0.0,0,
TXN05-02345,5,2026-06-23 18:00:01,100000.0,Bank Transfer,50001,Card,DEV-05-1,Android,Delhi,18,1,0,35.43,29,3265.15,11611.82,261,724,748,0,0,0,1153.24,1,huge_transfer
TXN05-02346,5,2026-06-23 18:09:25,2284.5,Hotels,50060,UPI,DEV-05-2,iPhone,Mumbai,18,1,0,9.4,30,3543.74,12692.64,8,511,580,0,0,0,1153.24,0,
TXN05-02347,5,2026-06-23 18:37:05,3002.99,Taxi,50007,UPI,DEV-05-2,iPhone,Pune,18,1,0,27.67,31,3540.2,12674.97,47,512,429,0,0,0,120.15,0,
TXN05-02348,5,2026-06-23 18:43:18,418.43,Restaurants,50001,Card,DEV-05-3,Web,Mumbai,18,1,0,6.22,32,3540.71,12674.95,262,337,581,0,0,0,120.15,0,
TXN05-02349,5,2026-06-23 18:47:03,1799.9,Restaurants,50001,UPI,DEV-05-6,Web,Mumbai,18,1,0,3.75,33,3531.97,12658.26,263,128,582,0,0,0,0.0,0,
TXN05-02350,5,2026-06-23 19:13:31,993.77,Fuel,50043,UPI,DEV-05-1,Android,Mumbai,19,1,0,26.47,34,3527.13,12640.9,22,725,583,0,0,0,0.0,0,
TXN05-02351,5,2026-06-23 20:10:18,2191.08,Fuel,50003,Card,DEV-05-1,Android,Mumbai,20,1,0,56.78,35,3535.67,12711.31,211,726,584,0,0,0,0.0,0,
TXN05-02352,5,2026-06-23 20:39:25,2349.77,Fuel,50062,Card,DEV-05-2,iPhone,Bangalore,20,1,0,29.12,36,3540.16,12746.91,8,513,325,0,0,0,845.32,0,
TXN05-02353,5,2026-06-23 20:41:25,848.47,Restaurants,50022,UPI,DEV-05-4,iPhone,Delhi,20,1,0,2.0,37,3536.79,12729.0,23,222,749,0,0,0,1750.11,0,
TXN05-02354,5,2026-06-23 20:54:36,1147.36,Fuel,50013,Card,DEV-05-8,iPhone,Pune,20,1,0,13.18,38,3551.93,12782.22,68,41,430,0,0,0,1179.48,0,
TXN05-02355,5,2026-06-23 22:18:24,736.25,Restaurants,50001,UPI,DEV-05-4,iPhone,Delhi,22,1,0,83.8,39,3565.18,12836.25,264,223,750,0,0,0,1179.48,0,
TXN05-02356,5,2026-06-23 22:26:39,1458.04,Restaurants,50042,Card,DEV-05-1,Android,Pune,22,1,0,8.25,40,3564.45,12836.41,13,727,431,0,0,0,1179.48,0,
TXN05-02357,5,2026-06-23 22:35:14,458.5,Fuel,50003,UPI,DEV-05-3,Web,Delhi,22,1,0,8.58,41,3558.39,12818.45,212,338,751,0,0,0,1179.48,0,
TXN05-02358,5,2026-06-23 22:54:18,1519.22,Fuel,50048,Card,DEV-05-3,Web,Mumbai,22,1,0,19.07,42,3562.75,12836.72,13,339,585,0,0,0,1153.24,0,
TXN05-02359,5,2026-06-23 23:22:03,1742.09,Fuel,50070,Card,DEV-05-10,Android,Pune,23,1,0,27.75,43,3572.71,12873.21,5,27,432,0,0,0,120.15,0,
TXN05-02360,5,2026-06-23 23:27:35,1518.01,Taxi,50029,UPI,DEV-05-11,iPhone,Delhi,23,1,0,5.53,44,3567.42,12854.97,40,11,752,0,0,0,1179.48,0,
TXN05-02361,5,2026-06-23 23:32:54,2636.66,Hotels,50005,UPI,DEV-05-6,Web,Pune,23,1,0,5.32,45,3561.51,12836.9,172,129,433,0,0,0,1179.48,0,
TXN05-02362,5,2026-06-23 23:46:03,1200.39,Fuel,50003,UPI,DEV-05-1,Android,Pune,23,1,0,13.15,46,3558.85,12818.54,213,728,434,0,0,0,0.0,0,
TXN05-02363,5,2026-06-24 01:53:31,2605.43,Shopping,50001,UPI,DEV-05-1,Android,Delhi,1,2,0,127.47,1,3553.57,12837.5,265,729,753,0,0,0,1179.48,1,late_night_spree
TXN05-02364,5,2026-06-24 02:58:31,4652.55,Shopping,50001,UPI,DEV-05-1,Android,Delhi,2,2,0,65.0,2,3550.84,12819.14,266,730,754,0,0,0,0.0,1,late_night_spree
TXN05-02365,5,2026-06-24 06:02:01,1379.2,Restaurants,50012,Card,DEV-05-3,Web,Pune,6,2,0,183.5,3,3554.0,12800.89,33,340,435,0,0,0,1179.48,0,
TXN05-02366,5,2026-06-24 06:15:24,1228.66,Restaurants,50008,Card,DEV-05-1,Android,Delhi,6,2,0,13.38,4,3556.64,12800.35,72,731,755,0,0,0,1179.48,0,
TXN05-02367,5,2026-06-24 06:52:16,2252.17,Restaurants,50096,Card,DEV-05-4,iPhone,Delhi,6,2,0,36.87,5,3558.44,12799.98,1,224,756,0,0,1,0.0,0,
TXN05-02368,5,2026-06-24 06:55:10,3737.38,Hotels,50010,UPI,DEV-05-3,Web,Delhi,6,2,0,2.9,6,3554.7,12781.87,74,341,757,0,0,0,0.0,0,
TXN05-02369,5,2026-06-24 07:37:08,760.98,Hotels,50005,UPI,DEV-05-36,Web,Pune,7,2,0,41.97,7,3564.35,12780.73,173,1,436,1,0,0,1179.48,0,
TXN05-02370,5,2026-06-24 07:48:59,1519.23,Fuel,50006,Card,DEV-05-4,iPhone,Mumbai,7,2,0,11.85,8,3556.37,12763.39,95,225,586,0,0,0,120.15,0,
TXN05-02371,5,2026-06-24 08:45:41,2218.03,Restaurants,50001,Card,DEV-05-1,Android,Delhi,8,2,0,56.7,9,3564.11,12817.92,267,732,758,0,0,0,1153.24,0,
TXN05-02372,5,2026-06-24 09:19:16,2648.47,Fuel,50003,UPI,DEV-05-2,iPhone,Delhi,9,2,0,33.58,10,3564.8,12817.84,214,514,759,0,0,0,0.0,0,
TXN05-02373,5,2026-06-24 09:27:59,2481.3,Restaurants,50004,Card,DEV-05-2,iPhone,Delhi,9,2,0,8.72,11,3562.17,12799.56,98,515,760,0,0,0,0.0,0,
TXN05-02374,5,2026-06-24 09:48:06,2279.02,Restaurants,50016,UPI,DEV-05-1,Android,Jaipur,9,2,0,20.12,12,3559.51,12799.69,34,733,236,0,0,0,237.53,0,
TXN05-02375,5,2026-06-24 09:55:07,2219.23,Hotels,50010,Card,DEV-05-1,Android,Bangalore,9,2,0,7.02,13,3560.79,12799.54,75,734,326,0,0,0,1561.54,0,
TXN05-02376,5,2026-06-24 09:58:50,419.94,Restaurants,50012,UPI,DEV-05-3,Web,Mumbai,9,2,0,3.72,14,3556.95,12781.44,34,342,587,0,0,0,845.32,0,
TXN05-02377,5,2026-06-24 10:49:52,2202.17,Hotels,50031,Card,DEV-05-1,Android,Mumbai,10,2,0,51.03,15,3560.87,12799.69,15,735,588,0,0,0,0.0,0,
TXN05-02378,5,2026-06-24 11:42:32,1755.64,Fuel,50097,Card,DEV-05-3,Web,Pune,11,2,0,52.67,16,3564.22,12799.18,1,343,437,0,0,1,120.15,0,
TXN05-02379,5,2026-06-24 12:33:20,2319.66,Fuel,50053,UPI,DEV-05-1,Android,Delhi,12,2,0,50.8,17,3569.68,12816.98,18,736,761,0,0,0,1179.48,0,
TXN05-02380,5,2026-06-24 13:43:46,858.44,Restaurants,50012,UPI,DEV-05-2,iPhone,Delhi,13,2,0,70.43,18,3569.53,12835.51,35,516,762,0,0,0,0.0,0,
TXN05-02381,5,2026-06-24 13:48:10,3585.15,Restaurants,50019,Card,DEV-05-1,Android,Delhi,13,2,0,4.4,19,3561.74,12817.88,20,737,763,0,0,0,0.0,0,
TXN05-02382,5,2026-06-24 14:12:51,1126.29,Hotels,50005,UPI,DEV-05-1,Android,Pune,14,2,0,24.68,20,3561.81,12799.5,174,738,438,0,0,0,1179.48,0,
TXN05-02383,5,2026-06-24 14:41:14,1039.63,Taxi,50030,UPI,DEV-05-1,Android,Bangalore,14,2,0,28.38,21,3560.04,12799.8,29,739,327,0,0,0,735.23,0,
TXN05-02384,5,2026-06-24 14:43:13,2949.86,Fuel,50003,UPI,DEV-05-4,iPhone,Delhi,14,2,0,1.98,22,3552.84,12782.21,215,226,764,0,0,0,1750.11,0,
TXN05-02385,5,2026-06-24 14:52:05,823.24,Hotels,50017,UPI,DEV-05-1,Android,Jaipur,14,2,0,8.87,23,3551.12,12764.03,35,740,237,0,0,0,237.53,0,
TXN05-02386,5,2026-06-24 15:30:27,1349.87,Hotels,50005,Card,DEV-05-1,Android,Delhi,15,2,0,38.37,24,3543.37,12746.71,175,741,765,0,0,0,237.53,0,
TXN05-02387,5,2026-06-24 16:16:55,100000.0,Bank Transfer,50001,Card,DEV-05-1,Android,Delhi,16,2,0,46.47,25,3541.95,12765.04,268,742,766,0,0,0,0.0,1,huge_transfer
TXN05-02388,5,2026-06-24 16:19:47,2651.25,Taxi,50002,UPI,DEV-05-1,Android,Mumbai,16,2,0,2.87,26,3815.98,13741.92,137,743,589,0,0,0,1153.24,0,
TXN05-02389,5,2026-06-24 17:02:40,1832.13,Restaurants,50011,UPI,DEV-05-3,Web,Mumbai,17,2,0,42.88,27,3812.68,13722.58,37,344,590,0,0,0,0.0,0,
TXN05-02390,5,2026-06-24 17:45:46,1804.28,Taxi,50039,Card,DEV-05-1,Android,Mumbai,17,2,0,43.1,28,3813.54,13722.45,23,744,591,0,0,0,0.0,0,
TXN05-02391,5,2026-06-24 18:02:49,1769.54,Taxi,50007,UPI,DEV-05-5,Android,Delhi,18,2,0,17.05,29,3807.31,13722.86,48,179,767,0,0,0,1153.24,0,
TXN05-02392,5,2026-06-24 18:35:53,901.28,Restaurants,50004,Card,DEV-05-10,Android,Delhi,18,2,0,33.07,30,3817.56,13741.12,99,28,768,0,0,0,0.0,0,
TXN05-02393,5,2026-06-24 18:58:19,495.25,Hotels,50010,Card,DEV-05-2,iPhone,Delhi,18,2,0,22.43,31,3811.41,13741.94,76,517,769,0,0,0,0.0,0,
TXN05-02394,5,2026-06-24 19:21:35,3824.11,Taxi,50094,UPI,DEV-05-1,Android,Delhi,19,2,0,23.27,32,3802.01,13723.59,3,745,770,0,0,0,0.0,0,
TXN05-02395,5,2026-06-24 19:54:52,2713.24,Fuel,50006,Card,DEV-05-5,Android,Jaipur,19,2,0,33.28,33,3821.38,13760.76,96,180,238,0,0,0,237.53,0,
TXN05-02396,5,2026-06-24 20:12:19,4000.0,Restaurants,50001,Card,DEV-05-5,Android,Jaipur,20,2,0,17.45,34,3825.52,13760.21,269,181,239,0,0,0,0.0,0,
TXN05-02397,5,2026-06-24 20:58:22,4000.0,Restaurants,50001,UPI,DEV-05-5,Android,Bangalore,20,2,0,46.05,35,3838.22,13798.54,270,182,328,0,0,0,1561.54,0,
TXN05-02398,5,2026-06-24 21:22:44,1989.9,Restaurants,50008,UPI,DEV-05-1,Android,Delhi,21,2,0,24.37,36,3838.22,13798.54,73,746,771,0,0,0,1750.11,0,
TXN05-02399,5,2026-06-24 21:44:19,1129.69,Fuel,50062,UPI,DEV-05-1,Android,Pune,21,2,0,21.58,37,3832.94,13779.16,9,747,439,0,0,0,1179.48,0,
TXN05-02400,5,2026-06-24 21:55:38,1051.14,Fuel,50028,Card,DEV-05-2,iPhone,Delhi,21,2,0,11.32,38,3825.24,13760.28,48,518,772,0,0,0,1179.48,0,
TXN05-02401,5,2026-06-24 22:00:11,2803.01,Restaurants,50032,UPI,DEV-05-1,Android,Mumbai,22,2,0,4.55,39,3817.36,13741.51,20,748,592,0,0,0,1153.24,0,
TXN05-02402,5,2026-06-24 22:03:28,3281.05,Restaurants,50009,Card,DEV-05-1,Android,Pune,22,2,0,3.28,40,3814.49,13722.14,53,749,440,0,0,0,120.15,0,
TXN05-02403,5,2026-06-24 22:06:02,2855.7,Taxi,50002,UPI,DEV-05-1,Android,Pune,22,2,0,2.57,41,3812.98,13702.77,138,750,441,0,0,0,0.0,0,
TXN05-02404,5,2026-06-24 23:30:16,1982.68,Restaurants,50052,Card,DEV-05-7,Android,Delhi,23,2,0,84.23,42,3830.32,13739.85,8,66,773,0,0,0,1179.48,0,
TXN05-02405,5,2026-06-24 23:30:45,1237.73,Fuel,50003,Card,DEV-05-2,iPhone,Delhi,23,2,0,0.48,43,3825.09,13720.73,216,519,774,0,0,0,0.0,0,
TXN05-02406,5,2026-06-24 23:41:33,416.56,Hotels,50031,Card,DEV-05-2,iPhone,Delhi,23,2,0,10.8,44,3826.51,13720.44,16,520,775,0,0,0,0.0,0,
TXN05-02407,5,2026-06-25 01:35:35,1214.93,Restaurants,50009,UPI,DEV-05-5,Android,Delhi,1,3,0,114.03,1,3816.88,13702.24,54,183,776,0,0,0,0.0,1,ato_odd_hour
TXN05-02408,5,2026-06-25 06:12:26,1124.52,Restaurants,50004,UPI,DEV-05-3,Web,Lucknow,6,3,0,276.85,2,3818.95,13701.79,100,345,5,0,0,0,430.84,0,
TXN05-02409,5,2026-06-25 06:47:36,2627.18,Taxi,50098,Card,DEV-05-3,Web,Mumbai,6,3,0,35.17,3,3811.36,13683.22,2,346,593,0,0,0,1194.67,0,
TXN05-02410,5,2026-06-25 07:03:48,2424.41,Restaurants,50009,UPI,DEV-05-1,Android,Bangalore,7,3,0,16.2,4,3823.38,13720.77,55,751,329,0,0,0,845.32,0,
TXN05-02411,5,2026-06-25 07:52:29,1377.44,Restaurants,50004,Card,DEV-05-1,Android,Mumbai,7,3,0,48.68,5,3835.85,13738.66,101,752,594,0,0,0,845.32,0,
TXN05-02412,5,2026-06-25 08:10:04,944.39,Hotels,50010,Card,DEV-05-4,iPhone,Mumbai,8,3,0,17.58,6,3828.89,13719.81,77,227,595,0,0,0,0.0,0,
TXN05-02413,5,2026-06-25 08:57:39,903.24,Hotels,50025,Card,DEV-05-3,Web,Bangalore,8,3,0,47.58,7,3832.16,13739.23,26,347,330,0,0,0,845.32,0,
TXN05-02414,5,2026-06-25 09:09:48,1859.67,Fuel,50003,Card,DEV-05-1,Android,Delhi,9,3,0,12.15,8,3823.86,13720.64,217,753,777,0,0,0,1750.11,0,
TXN05-02415,5,2026-06-25 11:03:11,863.78,Fuel,50003,UPI,DEV-05-6,Web,Bangalore,11,3,0,113.38,9,3855.27,13794.91,218,130,331,0,0,0,1750.11,0,
TXN05-02416,5,2026-06-25 11:43:27,1668.11,Taxi,50002,UPI,DEV-05-1,Android,Jaipur,11,3,0,40.27,10,3874.69,13872.71,139,754,240,0,0,0,1561.54,0,
TXN05-02417,5,2026-06-25 13:10:54,542.86,Fuel,50013,UPI,DEV-05-3,Web,Pune,13,3,0,87.45,11,3605.93,12904.35,69,348,442,0,0,0,953.87,0,
TXN05-02418,5,2026-06-25 14:08:38,1737.58,Hotels,50017,Card,DEV-05-1,Android,Bangalore,14,3,0,57.73,12,3626.44,12978.76,36,755,332,0,0,0,735.23,0,
TXN05-02419,5,2026-06-25 14:11:19,1118.2,Hotels,50005,Card,DEV-05-2,iPhone,Bangalore,14,3,0,2.68,13,3629.2,12978.26,176,521,333,0,0,0,0.0,0,
TXN05-02420,5,2026-06-25 14:22:10,489.45,Restaurants,50001,UPI,DEV-05-2,iPhone,Mumbai,14,3,0,10.85,14,3625.03,12978.84,271,522,596,0,0,0,845.32,0,
TXN05-02421,5,2026-06-25 15:07:34,1780.96,Restaurants,50019,Card,DEV-05-2,iPhone,Pune,15,3,0,45.4,15,3637.68,13016.3,21,523,443,0,0,0,120.15,0,
TXN05-02422,5,2026-06-25 15:13:48,1219.53,Fuel,50003,Card,DEV-05-1,Android,Pune,15,3,0,6.23,16,3632.18,12997.42,219,756,444,0,0,0,0.0,0,
TXN05-02423,5,2026-06-25 15:16:52,1729.47,Hotels,50005,Card,DEV-05-5,Android,Mumbai,15,3,0,3.07,17,3625.07,12978.89,177,184,597,0,0,0,120.15,0,
TXN05-02424,5,2026-06-25 15:26:01,2124.96,Restaurants,50016,UPI,DEV-05-5,Android,Delhi,15,3,0,9.15,18,3619.49,12960.2,35,185,778,0,0,0,1153.24,0,
TXN05-02425,5,2026-06-25 15:50:43,503.41,Fuel,50003,UPI,DEV-05-1,Android,Pune,15,3,0,24.7,19,3615.73,12960.45,220,757,445,0,0,0,1179.48,0,
TXN05-02426,5,2026-06-25 15:51:42,1368.53,Taxi,50007,UPI,DEV-05-1,Android,Delhi,15,3,0,0.98,20,3606.6,12942.52,49,758,779,0,0,0,1179.48,0,
TXN05-02427,5,2026-06-25 16:03:13,1924.95,Hotels,50036,UPI,DEV-05-4,iPhone,Pune,16,3,0,11.52,21,3604.5,12942.83,18,228,446,0,0,0,1179.48,0,
TXN05-02428,5,2026-06-25 17:00:22,642.79,Restaurants,50001,Card,DEV-05-5,Android,Pune,17,3,0,57.15,22,3611.79,12980.19,272,186,447,0,0,0,0.0,0,
TXN05-02429,5,2026-06-25 17:24:15,1061.58,Restaurants,50001,Card,DEV-05-3,Web,Pune,17,3,0,23.88,23,3603.06,12962.08,273,349,448,0,0,0,0.0,0,
TXN05-02430,5,2026-06-25 18:34:19,1729.95,Taxi,50098,UPI,DEV-05-3,Web,Pune,18,3,0,70.07,24,3612.88,12999.11,3,350,449,0,0,0,0.0,0,
TXN05-02431,5,2026-06-25 19:50:30,881.57,Restaurants,50001,Card,DEV-05-6,Web,Delhi,19,3,0,76.18,25,3640.16,13113.23,274,131,780,0,0,0,1179.48,0,
TXN05-02432,5,2026-06-25 20:07:09,1444.67,Taxi,50002,Card,DEV-05-1,Android,Mumbai,20,3,0,16.65,26,3631.88,13094.4,140,759,598,0,0,0,1153.24,0,
TXN05-02433,5,2026-06-25 20:12:04,709.7,Hotels,50005,UPI,DEV-05-2,iPhone,Bangalore,20,3,0,4.92,27,3625.33,13075.33,178,524,334,0,0,0,845.32,0,
TXN05-02434,5,2026-06-25 20:13:29,495.6,Taxi,50030,Card,DEV-05-9,Web,Mumbai,20,3,0,1.42,28,3615.48,13076.28,30,38,599,0,0,0,845.32,0,
TXN05-02435,5,2026-06-25 20:33:24,2918.98,Fuel,50055,UPI,DEV-05-4,iPhone,Pune,20,3,0,19.92,29,3626.81,13114.74,12,229,450,0,0,0,120.15,0,
TXN05-02436,5,2026-06-25 20:54:51,906.98,Fuel,50013,Card,DEV-05-2,iPhone,Delhi,20,3,0,21.45,30,3641.79,13153.05,70,525,781,0,0,0,1179.48,0,
TXN05-02437,5,2026-06-25 21:14:01,3434.48,Fuel,50013,Card,DEV-05-4,iPhone,Delhi,21,3,0,19.17,31,3633.52,13134.02,71,230,782,0,0,0,0.0,0,
TXN05-02438,5,2026-06-25 21:55:10,908.3,Hotels,50010,Card,DEV-05-2,iPhone,Mumbai,21,3,0,41.15,32,3647.64,13152.46,78,526,600,0,0,0,1153.24,0,
TXN05-02439,5,2026-06-25 21:58:49,922.34,Restaurants,50001,UPI,DEV-05-5,Android,Mumbai,21,3,0,3.65,33,3639.36,13133.44,275,187,601,0,0,0,0.0,0,
TXN05-02440,5,2026-06-25 22:16:41,3994.18,Taxi,50030,UPI,DEV-05-1,Android,Pune,22,3,0,17.87,34,3631.18,13114.49,31,760,451,0,0,0,120.15,0,
TXN05-02441,5,2026-06-25 22:22:27,1106.01,Restaurants,50001,UPI,DEV-05-2,iPhone,Mumbai,22,3,0,5.77,35,3632.27,13094.8,276,527,602,0,0,0,120.15,0,
TXN05-02442,5,2026-06-25 22:38:15,584.67,Restaurants,50016,Card,DEV-05-6,Web,Mumbai,22,3,0,15.8,36,3630.26,13095.14,36,132,603,0,0,0,0.0,0,
TXN05-02443,5,2026-06-26 02:30:06,889.27,Hotels,50025,UPI,DEV-05-8,iPhone,Bangalore,2,4,0,231.85,1,3344.28,12052.12,27,42,335,0,0,0,845.32,1,ato_odd_hour
TXN05-02444,5,2026-06-26 06:21:23,1234.66,Taxi,50098,Card,DEV-05-1,Android,Jaipur,6,4,0,231.28,2,3043.03,10806.71,4,761,241,0,0,0,1561.54,0,
TXN05-02445,5,2026-06-26 06:23:07,2295.96,Fuel,50003,UPI,DEV-05-2,iPhone,Bangalore,6,4,0,1.73,3,3037.55,10790.78,221,528,336,0,0,0,1561.54,0,
TXN05-02446,5,2026-06-26 06:49:30,525.75,Taxi,50002,UPI,DEV-05-5,Android,Delhi,6,4,0,26.38,4,3035.31,10774.55,141,188,783,0,0,0,1750.11,0,
TXN05-02447,5,2026-06-26 07:26:53,733.16,Fuel,50064,Card,DEV-05-4,iPhone,Pune,7,4,0,37.38,5,3037.16,10806.77,6,231,452,0,0,0,1179.48,0,
TXN05-02448,5,2026-06-26 07:53:28,2140.33,Fuel,50043,UPI,DEV-05-3,Web,Pune,7,4,0,26.58,6,3030.18,10791.12,23,351,453,0,0,0,0.0,0,
TXN05-02449,5,2026-06-26 08:34:56,1997.14,Restaurants,50001,UPI,DEV-05-2,iPhone,Mumbai,8,4,0,41.47,7,3034.68,10790.44,277,529,604,0,0,0,120.15,0,
TXN05-02450,5,2026-06-26 08:44:01,2642.42,Fuel,50067,UPI,DEV-05-5,Android,Bangalore,8,4,0,9.08,8,3031.55,10774.28,6,189,337,0,0,0,845.32,0,
TXN05-02451,5,2026-06-26 08:54:50,930.93,Hotels,50010,UPI,DEV-05-4,iPhone,Mumbai,8,4,0,10.82,9,3030.38,10758.06,79,232,605,0,0,0,845.32,0,
TXN05-02452,5,2026-06-26 09:58:23,1334.22,Restaurants,50004,UPI,DEV-05-1,Android,Mumbai,9,4,0,63.55,10,3024.07,10742.51,102,762,606,0,0,0,0.0,0,
TXN05-02453,5,2026-06-26 10:59:18,1396.86,Restaurants,50004,Card,DEV-05-1,Android,Mumbai,10,4,0,60.92,11,3026.67,10742.0,103,763,607,0,0,0,0.0,0,
TXN05-02454,5,2026-06-26 11:08:41,2411.21,Taxi,50002,Card,DEV-05-1,Android,Pune,11,4,0,9.38,12,3021.79,10726.27,142,764,454,0,0,0,120.15,0,
TXN05-02455,5,2026-06-26 12:32:51,471.94,Restaurants,50001,Card,DEV-05-1,Android,Bangalore,12,4,0,84.17,13,3028.93,10741.79,278,765,338,0,0,0,735.23,0,
TXN05-02456,5,2026-06-26 12:35:10,4000.0,Fuel,50028,Card,DEV-05-3,Web,Pune,12,4,0,2.32,14,3021.28,10726.61,49,352,455,0,0,0,735.23,0,
TXN05-02457,5,2026-06-26 13:09:33,3231.46,Restaurants,50001,UPI,DEV-05-1,Android,Jaipur,13,4,0,34.38,15,3024.2,10710.72,279,766,242,0,0,0,953.87,0,
TXN05-02458,5,2026-06-26 13:17:05,1528.15,Fuel,50089,Card,DEV-05-10,Android,Mumbai,13,4,0,7.53,16,3024.81,10694.78,3,29,608,0,0,0,920.74,0,
TXN05-02459,5,2026-06-26 13:32:58,1634.07,Hotels,50077,UPI,DEV-05-6,Web,Bangalore,13,4,0,15.88,17,3020.37,10679.21,3,133,339,0,0,0,845.32,0,
TXN05-02460,5,2026-06-26 13:59:41,1310.76,Restaurants,50044,Card,DEV-05-7,Android,Jaipur,13,4,0,26.72,18,3020.9,10679.14,11,67,243,0,0,0,1561.54,0,
TXN05-02461,5,2026-06-26 14:10:29,581.98,Restaurants,50021,UPI,DEV-05-2,iPhone,Delhi,14,4,0,10.8,19,3015.84,10663.73,14,530,784,0,0,0,237.53,0,
TXN05-02462,5,2026-06-26 14:39:45,2124.97,Restaurants,50080,UPI,DEV-05-1,Android,Bangalore,14,4,0,29.27,20,3008.66,10648.81,2,767,340,0,0,0,1750.11,0,
TXN05-02463,5,2026-06-26 15:48:19,2882.48,Fuel,50043,UPI,DEV-05-1,Android,Pune,15,4,0,68.57,21,3013.21,10664.13,24,768,456,0,0,0,735.23,0,
TXN05-02464,5,2026-06-26 16:02:50,2333.48,Hotels,50015,Card,DEV-05-11,iPhone,Delhi,16,4,0,14.52,22,3021.23,10679.38,34,12,785,0,0,0,1179.48,0,
TXN05-02465,5,2026-06-26 16:19:46,1355.54,Restaurants,50044,Card,DEV-05-5,Android,Mumbai,16,4,0,16.93,23,3024.0,10679.08,12,190,609,0,0,0,1153.24,0,
TXN05-02466,5,2026-06-26 16:35:47,984.0,Fuel,50013,Card,DEV-05-1,Android,Delhi,16,4,0,16.02,24,3022.38,10679.29,72,769,786,0,0,0,1153.24,0,
TXN05-02467,5,2026-06-26 17:01:52,1262.41,Fuel,50003,Card,DEV-05-3,Web,Bangalore,17,4,0,26.08,25,3032.5,10742.61,222,353,341,0,0,0,1750.11,0,
TXN05-02468,5,2026-06-26 17:09:53,1127.22,Hotels,50015,UPI,DEV-05-2,iPhone,Delhi,17,4,0,8.02,26,3027.2,10726.95,35,531,787,0,0,0,1750.11,0,
TXN05-02469,5,2026-06-26 18:52:43,2151.25,Taxi,50002,UPI,DEV-05-4,iPhone,Mumbai,18,4,0,102.83,27,3040.65,10757.76,143,233,610,0,0,0,1153.24,0,
TXN05-02470,5,2026-06-26 18:58:15,2003.63,Taxi,50002,Card,DEV-05-4,iPhone,Pune,18,4,0,5.53,28,3037.97,10741.7,144,234,457,0,0,0,120.15,0,
TXN05-02471,5,2026-06-26 19:01:15,4000.0,Taxi,50002,Card,DEV-05-1,Android,Pune,19,4,0,3.0,29,3034.88,10725.76,145,770,458,0,0,0,0.0,1,ato_short_gap
TXN05-02472,5,2026-06-26 19:17:37,3964.62,Hotels,50014,UPI,DEV-05-2,iPhone,Bangalore,19,4,0,16.37,30,3035.65,10725.82,62,532,342,0,0,0,735.23,0,
TXN05-02473,5,2026-06-26 19:41:56,2582.49,Taxi,50054,UPI,DEV-05-3,Web,Delhi,19,4,0,24.32,31,3038.42,10709.92,9,354,788,0,0,0,1750.11,0,
TXN05-02474,5,2026-06-26 20:18:31,3052.46,Restaurants,50004,Card,DEV-05-4,iPhone,Delhi,20,4,0,36.58,32,3047.52,10725.09,104,235,789,0,0,0,0.0,0,
TXN05-02475,5,2026-06-26 21:17:47,4000.0,Restaurants,50004,Card,DEV-05-3,Web,Delhi,21,4,0,59.27,33,3070.19,10803.69,105,355,790,0,0,0,0.0,0,
TXN05-02476,5,2026-06-26 21:18:21,2955.63,Hotels,50056,Card,DEV-05-1,Android,Mumbai,21,4,0,0.57,34,3073.0,10787.43,17,771,611,0,0,0,1153.24,0,
TXN05-02477,5,2026-06-26 21:33:50,1212.18,Restaurants,50012,Card,DEV-05-1,Android,Bangalore,21,4,0,15.48,35,3072.65,10771.12,36,772,343,0,0,0,845.32,0,
TXN05-02478,5,2026-06-26 21:35:30,569.25,Restaurants,50009,Card,DEV-05-1,Android,Mumbai,21,4,0,1.67,36,3067.05,10755.37,56,773,612,0,0,0,845.32,0,
TXN05-02479,5,2026-06-26 21:39:43,991.64,Taxi,50037,Card,DEV-05-2,iPhone,Mumbai,21,4,0,4.22,37,3059.55,10740.08,22,533,613,0,0,0,0.0,0,
TXN05-02480,5,2026-06-26 21:50:00,990.71,Restaurants,50065,UPI,DEV-05-1,Android,Mumbai,21,4,0,10.28,38,3053.35,10724.58,5,774,614,0,0,0,0.0,0,
TXN05-02481,5,2026-06-26 22:03:36,868.82,Taxi,50007,UPI,DEV-05-7,Android,Bangalore,22,4,0,13.6,39,3047.2,10709.16,50,68,344,0,0,0,845.32,0,
TXN05-02482,5,2026-06-26 23:10:36,2286.06,Hotels,50005,Card,DEV-05-2,iPhone,Delhi,23,4,0,67.0,40,2753.23,9317.25,179,534,791,0,0,0,1750.11,0,
TXN05-02483,5,2026-06-26 23:11:17,1360.18,Restaurants,50019,Card,DEV-05-1,Android,Pune,23,4,0,0.68,41,2751.84,9303.37,22,775,459,0,0,0,1179.48,0,
TXN05-02484,5,2026-06-26 23:12:42,1254.28,Hotels,50005,UPI,DEV-05-2,iPhone,Pune,23,4,0,1.42,42,2747.69,9289.83,180,535,460,0,0,0,0.0,0,
TXN05-02485,5,2026-06-26 23:16:46,1862.52,Restaurants,50008,Card,DEV-05-1,Android,Mumbai,23,4,0,4.07,43,2743.26,9276.39,74,776,615,0,0,0,120.15,0,
TXN05-02486,5,2026-06-26 23:20:15,2868.06,Hotels,50018,Card,DEV-05-6,Web,Delhi,23,4,0,3.48,44,2740.66,9262.78,30,134,792,0,0,0,1153.24,0,
TXN05-02487,5,2026-06-26 23:32:09,1389.0,Hotels,50056,UPI,DEV-05-1,Android,Pune,23,4,0,11.9,45,2746.75,9262.19,18,777,461,0,0,0,1179.48,0,
TXN05-02488,5,2026-06-26 23:55:28,1168.25,Fuel,50003,UPI,DEV-05-1,Android,Pune,23,4,0,23.32,46,2745.72,9275.93,223,778,462,0,0,0,0.0,0,
TXN05-02489,5,2026-06-27 02:04:35,3006.27,Fuel,50183,UPI,DEV-05-1,Android,Pune,2,5,1,129.12,1,2738.66,9276.22,1,779,463,0,0,1,0.0,1,ato_new_merchant_same_category_odd_hour
TXN05-02490,5,2026-06-27 06:14:15,1977.94,Fuel,50064,Card,DEV-05-8,iPhone,Bangalore,6,5,1,249.67,2,2739.45,9262.5,7,43,345,0,0,0,735.23,0,
TXN05-02491,5,2026-06-27 06:14:23,1802.82,Restaurants,50004,Card,DEV-05-1,Android,Delhi,6,5,1,0.13,3,2737.21,9248.92,106,780,793,0,0,0,1750.11,0,
TXN05-02492,5,2026-06-27 06:30:04,2344.22,Restaurants,50012,UPI,DEV-05-6,Web,Delhi,6,5,1,15.68,4,2736.98,9262.67,37,135,794,0,0,0,0.0,0,
TXN05-02493,5,2026-06-27 07:04:35,1595.53,Restaurants,50019,UPI,DEV-05-3,Web,Delhi,7,5,1,34.52,5,2738.15,9262.6,23,356,795,0,0,0,0.0,0,
TXN05-02494,5,2026-06-27 07:05:34,926.95,Restaurants,50004,Card,DEV-05-2,iPhone,Pune,7,5,1,0.98,6,2734.78,9249.13,107,536,464,0,0,0,1179.48,0,
TXN05-02495,5,2026-06-27 07:14:09,1007.85,Fuel,50003,Card,DEV-05-3,Web,Delhi,7,5,1,8.58,7,2732.24,9249.51,224,357,796,0,0,0,1179.48,0,
TXN05-02496,5,2026-06-27 07:17:16,3273.52,Taxi,50054,UPI,DEV-05-2,iPhone,Delhi,7,5,1,3.12,8,2727.17,9236.37,10,537,797,0,0,0,0.0,0,
TXN05-02497,5,2026-06-27 07:18:04,1764.18,Hotels,50005,Card,DEV-05-1,Android,Jaipur,7,5,1,0.8,9,2728.77,9222.86,181,781,244,0,0,0,237.53,0,
TXN05-02498,5,2026-06-27 07:23:09,1760.25,Taxi,50029,UPI,DEV-05-3,Web,Pune,7,5,1,5.08,10,2725.95,9209.52,41,358,465,0,0,0,953.87,0,
TXN05-02499,5,2026-06-27 07:24:48,1597.5,Fuel,50013,UPI,DEV-05-2,iPhone,Mumbai,7,5,1,1.65,11,2723.14,9196.23,73,538,616,0,0,0,120.15,0,
TXN05-02500,5,2026-06-27 07:27:53,1072.41,Taxi,50054,UPI,DEV-05-2,iPhone,Mumbai,7,5,1,3.08,12,2719.87,9183.05,11,539,617,0,0,0,0.0,0,
TXN05-02501,5,2026-06-27 07:46:10,801.9,Restaurants,50019,UPI,DEV-05-1,Android,Pune,7,5,1,18.28,13,2720.82,9182.86,24,782,466,0,0,0,120.15,0,
TXN05-02502,5,2026-06-27 08:10:21,1942.56,Fuel,50073,Card,DEV-05-15,Web,Jaipur,8,5,1,24.18,14,2718.34,9183.27,3,6,245,0,0,0,953.87,0,
TXN05-02503,5,2026-06-27 08:23:32,3376.38,Restaurants,50004,Card,DEV-05-2,iPhone,Mumbai,8,5,1,13.18,15,2716.09,9170.04,108,540,618,0,0,0,920.74,0,
TXN05-02504,5,2026-06-27 08:32:23,1628.76,Hotels,50005,UPI,DEV-05-10,Android,Pune,8,5,1,8.85,16,2715.3,9169.97,182,30,467,0,0,0,120.15,0,
TXN05-02505,5,2026-06-27 08:40:09,3464.12,Restaurants,50012,Card,DEV-05-12,Web,Delhi,8,5,1,7.77,17,2712.16,9156.9,38,11,798,0,0,0,1179.48,0,
TXN05-02506,5,2026-06-27 09:02:54,4000.0,Restaurants,50096,UPI,DEV-05-2,iPhone,Delhi,9,5,1,22.75,18,2721.4,9156.04,2,541,799,0,0,0,0.0,0,
TXN05-02507,5,2026-06-27 09:05:54,1853.37,Fuel,50078,Card,DEV-05-4,iPhone,Mumbai,9,5,1,3.0,19,2725.08,9143.1,3,236,619,0,0,0,1153.24,1,ato_short_gap
TXN05-02508,5,2026-06-27 09:24:44,703.05,Fuel,50003,Card,DEV-05-1,Android,Bangalore,9,5,1,18.83,20,2722.58,9130.07,225,783,346,0,0,0,845.32,0,
TXN05-02509,5,2026-06-27 09:41:45,961.57,Hotels,50005,Card,DEV-05-1,Android,Mumbai,9,5,1,17.02,21,2713.21,9130.46,183,784,620,0,0,0,845.32,0,
TXN05-02510,5,2026-06-27 09:59:44,526.24,Fuel,50053,Card,DEV-05-1,Android,Mumbai,9,5,1,17.98,22,2703.74,9143.83,19,785,621,0,0,0,0.0,0,
TXN05-02511,5,2026-06-27 10:07:29,644.59,Restaurants,50022,Card,DEV-05-8,iPhone,Delhi,10,5,1,7.75,23,2697.48,9131.42,24,44,800,0,0,0,1153.24,0,
TXN05-02512,5,2026-06-27 10:36:19,767.36,Hotels,50014,Card,DEV-05-3,Web,Delhi,10,5,1,28.83,24,2695.43,9131.8,63,359,801,0,0,0,0.0,0,
TXN05-02513,5,2026-06-27 11:09:25,2637.93,Fuel,50099,Card,DEV-05-8,iPhone,Delhi,11,5,1,33.1,25,2694.76,9131.94,1,45,802,0,0,1,0.0,0,
TXN05-02514,5,2026-06-27 11:16:25,640.76,Fuel,50003,Card,DEV-05-8,iPhone,Bangalore,11,5,1,7.0,26,2697.84,9144.98,226,46,347,0,0,0,1750.11,0,
TXN05-02515,5,2026-06-27 11:25:32,4000.0,Hotels,50005,UPI,DEV-05-1,Android,Delhi,11,5,1,9.12,27,2702.23,9157.8,184,786,803,0,0,0,1750.11,0,
TXN05-02516,5,2026-06-27 11:50:13,2036.51,Hotels,50005,UPI,DEV-05-6,Web,Jaipur,11,5,1,24.68,28,2709.31,9157.85,185,136,246,0,0,0,237.53,0,
TXN05-02517,5,2026-06-27 11:50:39,1720.94,Fuel,50003,UPI,DEV-05-2,iPhone,Bangalore,11,5,1,0.43,29,2707.37,9144.72,227,542,348,0,0,0,1561.54,0,
TXN05-02518,5,2026-06-27 11:52:04,1638.42,Taxi,50030,UPI,DEV-05-3,Web,Jaipur,11,5,1,1.42,30,2704.54,9131.72,32,360,247,0,0,0,1561.54,0,
TXN05-02519,5,2026-06-27 11:54:26,451.13,Fuel,50006,UPI,DEV-05-2,iPhone,Delhi,11,5,1,2.37,31,2701.48,9118.81,97,543,804,0,0,0,237.53,0,
TXN05-02520,5,2026-06-27 11:59:02,2731.7,Taxi,50002,UPI,DEV-05-2,iPhone,Bangalore,11,5,1,4.6,32,2695.05,9106.57,146,544,349,0,0,0,1750.11,0,
TXN05-02521,5,2026-06-27 12:21:21,1696.99,Hotels,50010,Card,DEV-05-6,Web,Pune,12,5,1,22.32,33,2704.4,9118.76,80,137,468,0,0,0,735.23,0,
TXN05-02522,5,2026-06-27 12:47:12,634.27,Taxi,50037,UPI,DEV-05-1,Android,Delhi,12,5,1,25.85,34,2701.52,9105.88,23,787,805,0,0,0,1179.48,0,
TXN05-02523,5,2026-06-27 12:50:55,326.9,Fuel,50006,Card,DEV-05-1,Android,Mumbai,12,5,1,3.72,35,2695.63,9093.57,98,788,622,0,0,0,1153.24,0,
TXN05-02524,5,2026-06-27 12:55:46,1138.93,Restaurants,50019,Card,DEV-05-18,Android,Delhi,12,5,1,4.85,36,2685.16,9094.18,25,3,806,0,0,0,1153.24,0,
TXN05-02525,5,2026-06-27 13:15:30,2093.78,Hotels,50014,UPI,DEV-05-2,iPhone,Bangalore,13,5,1,19.73,37,2680.77,9081.62,64,545,350,0,0,0,1750.11,0,
TXN05-02526,5,2026-06-27 13:35:59,458.43,Hotels,50036,Card,DEV-05-2,iPhone,Jaipur,13,5,1,20.48,38,2679.87,9081.67,19,546,248,0,0,0,1561.54,0,
TXN05-02527,5,2026-06-27 14:06:47,1764.04,Taxi,50007,Card,DEV-05-1,Android,Chennai,14,5,1,30.8,39,2678.55,9095.04,51,789,3,0,0,0,1607.1,0,
TXN05-02528,5,2026-06-27 14:11:31,2292.95,Fuel,50075,Card,DEV-05-1,Android,Delhi,14,5,1,4.73,40,2680.27,9094.81,4,790,807,0,0,0,1767.65,0,
TXN05-02529,5,2026-06-27 14:19:43,2427.29,Fuel,50006,UPI,DEV-UNK-2921,Web,Delhi,14,5,1,8.2,41,2679.17,9081.9,99,1,808,1,0,0,0.0,1,ato_new_device
TXN05-02530,5,2026-06-27 14:49:28,1544.11,Taxi,50037,UPI,DEV-05-3,Web,Delhi,14,5,1,29.75,42,2691.01,9093.29,24,361,809,0,0,0,0.0,0,
TXN05-02531,5,2026-06-27 15:09:22,2803.02,Taxi,50002,Card,DEV-05-1,Android,Pune,15,5,1,19.9,43,2684.01,9093.23,147,791,469,0,0,0,1179.48,0,
TXN05-02532,5,2026-06-27 15:10:35,1347.26,Hotels,50010,Card,DEV-05-1,Android,Mumbai,15,5,1,1.22,44,2684.35,9080.31,81,792,623,0,0,0,120.15,0,
TXN05-02533,5,2026-06-27 15:20:38,3164.09,Taxi,50007,UPI,DEV-05-3,Web,Delhi,15,5,1,10.05,45,2680.56,9067.71,52,362,810,0,0,0,1153.24,0,
TXN05-02534,5,2026-06-27 15:38:09,591.81,Restaurants,50001,Card,DEV-05-1,Android,Mumbai,15,5,1,17.52,46,2689.83,9080.01,280,793,624,0,0,0,1153.24,0,
TXN05-02535,5,2026-06-27 15:49:00,478.17,Restaurants,50001,Card,DEV-05-6,Web,Mumbai,15,5,1,10.85,47,2689.98,9079.98,281,138,625,0,0,0,0.0,0,
TXN05-02536,5,2026-06-27 15:58:50,1698.17,Restaurants,50083,UPI,DEV-05-2,iPhone,Bangalore,15,5,1,9.83,48,2683.71,9067.87,4,547,351,0,0,0,845.32,0,
TXN05-02537,5,2026-06-27 16:19:06,298.45,Hotels,50082,UPI,DEV-05-2,iPhone,Mumbai,16,5,1,20.27,49,2680.93,9055.2,3,548,626,0,0,0,845.32,0,
TXN05-02538,5,2026-06-27 17:32:16,3871.96,Taxi,50002,UPI,DEV-05-37,Web,Bangalore,17,5,1,73.17,50,2682.96,9080.88,148,1,352,1,0,0,845.32,0,
TXN05-02539,5,2026-06-27 17:44:07,758.01,Taxi,50029,Card,DEV-05-1,Android,Delhi,17,5,1,11.85,51,2682.77,9080.85,42,794,811,0,0,0,1750.11,0,
TXN05-02540,5,2026-06-27 17:53:49,1753.18,Restaurants,50012,Card,DEV-05-2,iPhone,Bangalore,17,5,1,9.7,52,2677.32,9068.56,39,549,353,0,0,0,1750.11,0,
TXN05-02541,5,2026-06-27 18:05:01,1863.69,Restaurants,50100,Card,DEV-05-2,iPhone,Pune,18,5,1,11.2,53,2674.71,9055.87,1,550,470,0,0,1,735.23,0,
TXN05-02542,5,2026-06-27 18:06:14,1137.97,Hotels,50018,Card,DEV-05-1,Android,Mumbai,18,5,1,1.22,54,2672.42,9043.21,31,795,627,0,0,0,120.15,0,
TXN05-02543,5,2026-06-27 18:17:51,986.8,Fuel,50047,UPI,DEV-05-3,Web,Mumbai,18,5,1,11.62,55,2674.48,9042.78,28,363,628,0,0,0,0.0,0,
TXN05-02544,5,2026-06-27 18:24:34,916.05,Hotels,50027,Card,DEV-05-1,Android,Delhi,18,5,1,6.72,56,2671.07,9043.19,15,796,812,0,0,0,1153.24,0,
TXN05-02545,5,2026-06-27 18:28:31,3565.53,Restaurants,50001,Card,DEV-05-2,iPhone,Mumbai,18,5,1,3.95,57,2666.14,9030.95,282,551,629,0,0,0,1153.24,0,
TXN05-02546,5,2026-06-27 18:52:50,1170.83,Fuel,50043,UPI,DEV-05-3,Web,Pune,18,5,1,24.32,58,2667.03,9031.03,25,364,471,0,0,0,120.15,0,
TXN05-02547,5,2026-06-27 19:06:27,364.64,Restaurants,50001,Card,DEV-05-2,iPhone,Bangalore,19,5,1,13.62,59,2665.56,9031.23,283,552,354,0,0,0,735.23,0,
TXN05-02548,5,2026-06-27 19:21:53,468.44,Restaurants,50012,UPI,DEV-05-8,iPhone,Pune,19,5,1,15.43,60,2662.29,9031.85,40,47,472,0,0,0,735.23,0,
TXN05-02549,5,2026-06-27 19:50:47,1522.59,Taxi,50093,UPI,DEV-05-4,iPhone,Mumbai,19,5,1,28.9,61,2662.28,9031.85,2,237,630,0,0,0,120.15,0,
TXN05-02550,5,2026-06-27 20:00:10,753.7,Fuel,50197,Card,DEV-05-4,iPhone,Pune,20,5,1,9.38,62,2659.09,9019.4,1,238,473,0,0,1,120.15,1,ato_higher_amount_new_merchant_same_category
TXN05-02551,5,2026-06-27 20:13:40,1759.22,Fuel,50097,Card,DEV-05-1,Android,Delhi,20,5,1,13.5,63,2653.77,9007.35,2,797,813,0,0,0,1179.48,0,
TXN05-02552,5,2026-06-27 20:58:56,1154.43,Hotels,50051,Card,DEV-05-2,iPhone,Mumbai,20,5,1,45.27,64,2651.27,8994.92,6,553,631,0,0,0,1153.24,0,
TXN05-02553,5,2026-06-27 21:06:47,2164.86,Restaurants,50019,UPI,DEV-05-8,iPhone,Delhi,21,5,1,7.85,65,2647.12,8982.76,26,48,814,0,0,0,1153.24,0,
TXN05-02554,5,2026-06-27 21:23:13,1513.15,Restaurants,50080,UPI,DEV-05-1,Android,Mumbai,21,5,1,16.43,66,2645.78,8970.35,3,798,632,0,0,0,1153.24,0,
TXN05-02555,5,2026-06-27 21:23:36,1235.88,Restaurants,50038,Card,DEV-05-4,iPhone,Mumbai,21,5,1,0.38,67,2642.65,8958.15,7,239,633,0,0,0,0.0,0,
TXN05-02556,5,2026-06-27 21:24:25,1164.26,Fuel,50101,UPI,DEV-05-5,Android,Mumbai,21,5,1,0.82,68,2638.78,8946.1,1,191,634,0,0,1,0.0,0,
TXN05-02557,5,2026-06-27 21:37:12,1139.51,Hotels,50005,Card,DEV-05-3,Web,Pune,21,5,1,12.78,69,2634.73,8934.14,186,365,474,0,0,0,120.15,0,
TXN05-02558,5,2026-06-27 21:40:15,247.2,Fuel,50003,UPI,DEV-05-2,iPhone,Mumbai,21,5,1,3.05,70,2630.63,8922.24,228,554,635,0,0,0,120.15,0,
TXN05-02559,5,2026-06-27 22:00:05,558.73,Restaurants,50001,UPI,DEV-05-1,Android,Pune,22,5,1,19.83,71,2630.01,8922.39,284,799,475,0,0,0,120.15,0,
TXN05-02560,5,2026-06-27 22:21:41,2609.28,Fuel,50003,UPI,DEV-05-2,iPhone,Bangalore,22,5,1,21.6,72,2623.25,8923.03,229,555,355,0,0,0,735.23,0,
TXN05-02561,5,2026-06-27 22:48:31,2210.8,Restaurants,50001,Card,DEV-05-1,Android,Pune,22,5,1,26.83,73,2628.83,8934.79,285,800,476,0,0,0,735.23,0,
TXN05-02562,5,2026-06-27 22:52:34,1368.75,Hotels,50014,Card,DEV-05-1,Android,Delhi,22,5,1,4.05,74,2627.68,8922.57,65,801,815,0,0,0,1179.48,0,
TXN05-02563,5,2026-06-27 22:54:45,2738.37,Restaurants,50019,UPI,DEV-05-1,Android,Delhi,22,5,1,2.18,75,2624.25,8910.61,27,802,816,0,0,0,0.0,0,
TXN05-02564,5,2026-06-27 23:01:25,1107.13,Restaurants,50001,UPI,DEV-05-1,Android,Delhi,23,5,1,6.67,76,2624.56,8898.47,286,803,817,0,0,0,0.0,0,
TXN05-02565,5,2026-06-27 23:34:00,2458.57,Fuel,50063,UPI,DEV-05-2,iPhone,Pune,23,5,1,32.58,77,2629.69,8922.06,4,556,477,0,0,0,1179.48,0,
TXN05-02566,5,2026-06-28 01:02:32,2353.61,Shopping,50001,UPI,DEV-05-1,Android,Delhi,1,6,1,88.53,1,2633.21,8921.74,287,804,818,0,0,0,1179.48,1,late_night_spree
TXN05-02567,5,2026-06-28 02:28:32,1222.33,Shopping,50001,UPI,DEV-05-1,Android,Delhi,2,6,1,86.0,2,2632.44,8909.55,288,805,819,0,0,0,0.0,1,late_night_spree
TXN05-02568,5,2026-06-28 02:50:10,3669.85,Hotels,50107,Card,DEV-05-5,Android,Delhi,2,6,1,21.63,3,2362.56,7308.2,1,192,820,0,0,1,0.0,1,ato_higher_amount_odd_hour
TXN05-02569,5,2026-06-28 06:14:54,1409.86,Restaurants,50001,Card,DEV-05-12,Web,Jaipur,6,6,1,204.73,4,2366.85,7308.51,289,12,249,0,0,0,237.53,0,
TXN05-02570,5,2026-06-28 06:25:51,1276.99,Hotels,50005,Card,DEV-05-2,iPhone,Delhi,6,6,1,10.95,5,2364.24,7298.72,187,557,821,0,0,0,237.53,0,
TXN05-02571,5,2026-06-28 06:34:15,1829.02,Taxi,50037,Card,DEV-05-3,Web,Delhi,6,6,1,8.4,6,2366.53,7308.48,25,366,822,0,0,0,0.0,0,
TXN05-02572,5,2026-06-28 06:54:51,1320.6,Fuel,50040,Card,DEV-05-5,Android,Pune,6,6,1,20.6,7,2365.07,7298.57,30,193,478,0,0,0,1179.48,0,
TXN05-02573,5,2026-06-28 06:56:40,2083.96,Taxi,50102,UPI,DEV-05-2,iPhone,Jaipur,6,6,1,1.82,8,2362.23,7288.85,1,558,250,0,0,1,953.87,0,
TXN05-02574,5,2026-06-28 07:06:42,1319.94,Taxi,50102,Card,DEV-05-2,iPhone,Mumbai,7,6,1,10.03,9,2363.03,7298.53,2,559,636,0,0,0,920.74,0,
TXN05-02575,5,2026-06-28 07:14:05,1510.0,Hotels,50018,UPI,DEV-05-3,Web,Bangalore,7,6,1,7.38,10,2360.2,7288.81,32,367,356,0,0,0,845.32,0,
TXN05-02576,5,2026-06-28 07:19:45,965.94,Restaurants,50004,UPI,DEV-05-4,iPhone,Mumbai,7,6,1,5.67,11,2357.9,7279.06,109,240,637,0,0,0,845.32,0,
TXN05-02577,5,2026-06-28 07:34:06,2313.91,Restaurants,50026,UPI,DEV-05-4,iPhone,Bangalore,7,6,1,14.35,12,2354.13,7269.58,21,241,357,0,0,0,845.32,0,
TXN05-02578,5,2026-06-28 07:40:29,263.53,Restaurants,50001,Card,DEV-05-3,Web,Pune,7,6,1,6.38,13,2354.03,7259.77,290,368,479,0,0,0,735.23,0,
TXN05-02579,5,2026-06-28 07:58:22,1467.31,Fuel,50006,Card,DEV-05-1,Android,Pune,7,6,1,17.88,14,2347.32,7270.37,100,806,480,0,0,0,0.0,0,
TXN05-02580,5,2026-06-28 08:56:51,1299.0,Fuel,50003,UPI,DEV-05-6,Web,Delhi,8,6,1,58.48,15,2342.79,7289.9,230,139,823,0,0,0,1179.48,0,
TXN05-02581,5,2026-06-28 09:09:34,923.36,Fuel,50040,UPI,DEV-05-5,Android,Delhi,9,6,1,12.72,16,2339.96,7280.22,31,194,824,0,0,0,0.0,0,
TXN05-02582,5,2026-06-28 09:11:49,3808.18,Restaurants,50022,UPI,DEV-05-1,Android,Delhi,9,6,1,2.25,17,2336.13,7270.74,25,807,825,0,0,0,0.0,0,
TXN05-02583,5,2026-06-28 09:13:36,897.9,Taxi,50058,UPI,DEV-05-4,iPhone,Jaipur,9,6,1,1.78,18,2340.1,7261.34,12,242,251,0,0,0,237.53,0,
TXN05-02584,5,2026-06-28 09:39:54,850.58,Restaurants,50001,Card,DEV-05-1,Android,Bangalore,9,6,1,26.3,19,2338.13,7271.26,291,808,358,0,0,0,1561.54,0,
TXN05-02585,5,2026-06-28 09:54:29,3192.96,Fuel,50003,UPI,DEV-05-7,Android,Bangalore,9,6,1,14.58,20,2334.12,7261.87,231,69,359,0,0,0,0.0,0,
TXN05-02586,5,2026-06-28 10:41:42,2289.16,Hotels,50005,UPI,DEV-05-3,Web,Pune,10,6,1,47.22,21,2343.31,7280.84,188,369,481,0,0,0,735.23,0,
TXN05-02587,5,2026-06-28 10:53:19,3119.16,Restaurants,50079,UPI,DEV-05-6,Web,Pune,10,6,1,11.62,22,2343.17,7270.99,4,140,482,0,0,0,0.0,0,
TXN05-02588,5,2026-06-28 10:58:24,3029.51,Restaurants,50004,UPI,DEV-05-2,iPhone,Mumbai,10,6,1,5.08,23,2345.26,7261.3,110,560,638,0,0,0,120.15,0,
TXN05-02589,5,2026-06-28 11:28:22,1208.36,Hotels,50060,UPI,DEV-05-3,Web,Jaipur,11,6,1,29.97,24,2348.81,7261.31,9,370,252,0,0,0,920.74,0,
TXN05-02590,5,2026-06-28 11:29:51,2052.43,Hotels,50005,Card,DEV-05-1,Android,Jaipur,11,6,1,1.48,25,2345.75,7251.78,189,809,253,0,0,0,0.0,0,
TXN05-02591,5,2026-06-28 11:46:33,1237.77,Fuel,50003,Card,DEV-05-2,iPhone,Delhi,11,6,1,16.7,26,2349.03,7251.37,232,561,826,0,0,0,237.53,0,
TXN05-02592,5,2026-06-28 11:46:42,1762.83,Fuel,50084,UPI,DEV-05-1,Android,Delhi,11,6,1,0.15,27,2346.05,7241.88,3,810,827,0,0,0,0.0,0,
TXN05-02593,5,2026-06-28 11:47:19,2443.76,Restaurants,50026,UPI,DEV-05-2,iPhone,Pune,11,6,1,0.62,28,2344.5,7232.25,22,562,483,0,0,0,1179.48,0,
TXN05-02594,5,2026-06-28 11:51:49,4000.0,Restaurants,50011,UPI,DEV-05-3,Web,Kolkata,11,6,1,4.5,29,2346.78,7232.15,38,371,3,0,0,0,1575.38,0,
TXN05-02595,5,2026-06-28 12:10:34,842.12,Restaurants,50033,UPI,DEV-05-1,Android,Pune,12,6,1,18.75,30,2346.78,7232.15,16,811,484,0,0,0,1575.38,0,
TXN05-02596,5,2026-06-28 13:18:36,1870.84,Restaurants,50065,UPI,DEV-05-2,iPhone,Delhi,13,6,1,68.03,31,2351.74,7259.65,6,563,828,0,0,0,1179.48,0,
TXN05-02597,5,2026-06-28 13:27:05,2862.33,Restaurants,50016,UPI,DEV-05-3,Web,Mumbai,13,6,1,8.48,32,2353.07,7259.52,37,372,639,0,0,0,1153.24,0,
TXN05-02598,5,2026-06-28 14:37:22,1139.31,Restaurants,50026,UPI,DEV-05-2,iPhone,Chandigarh,14,6,1,70.28,33,2353.04,7278.25,23,564,5,0,0,0,1354.32,0,
TXN05-02599,5,2026-06-28 14:37:43,2591.0,Hotels,50005,UPI,DEV-05-2,iPhone,Delhi,14,6,1,0.35,34,2349.76,7268.68,190,565,829,0,0,0,227.78,0,
TXN05-02600,5,2026-06-28 14:44:40,1468.57,Restaurants,50004,UPI,DEV-05-2,iPhone,Delhi,14,6,1,6.95,35,2350.41,7258.89,111,566,830,0,0,0,0.0,0,
TXN05-02601,5,2026-06-28 15:05:56,2089.99,Restaurants,50019,Card,DEV-05-2,iPhone,Delhi,15,6,1,21.27,36,2348.04,7249.27,28,567,831,0,0,0,0.0,0,
TXN05-02602,5,2026-06-28 15:06:15,995.07,Fuel,50006,Card,DEV-05-1,Android,Jaipur,15,6,1,0.32,37,2347.35,7239.56,101,812,254,0,0,0,237.53,0,
TXN05-02603,5,2026-06-28 15:11:52,3780.35,Taxi,50039,Card,DEV-05-3,Web,Mumbai,15,6,1,5.62,38,2344.04,7239.89,24,373,640,0,0,0,920.74,0,
TXN05-02604,5,2026-06-28 15:15:49,1751.17,Fuel,50048,UPI,DEV-05-2,iPhone,Delhi,15,6,1,3.95,39,2347.88,7230.59,14,568,832,0,0,0,1153.24,0,
TXN05-02605,5,2026-06-28 15:29:57,1125.08,Fuel,50048,Card,DEV-05-2,iPhone,Surat,15,6,1,14.13,40,2346.29,7221.01,15,569,2,0,0,0,941.71,0,
TXN05-02606,5,2026-06-28 15:38:48,1149.57,Fuel,50048,UPI,DEV-05-4,iPhone,Pune,15,6,1,8.85,41,2346.57,7220.96,16,243,485,0,0,0,313.56,0,
TXN05-02607,5,2026-06-28 15:43:52,2172.96,Hotels,50017,UPI,DEV-05-7,Android,Pune,15,6,1,5.07,42,2345.67,7230.8,37,70,486,0,0,0,0.0,0,
TXN05-02608,5,2026-06-28 15:44:07,371.82,Fuel,50003,Card,DEV-05-9,Web,Chennai,15,6,1,0.25,43,2345.21,7221.16,233,39,4,0,0,0,914.36,0,
TXN05-02609,5,2026-06-28 15:51:53,1677.32,Taxi,50007,UPI,DEV-05-4,iPhone,Pune,15,6,1,7.77,44,2339.96,7212.27,53,244,487,0,0,0,914.36,0,
TXN05-02610,5,2026-06-28 16:26:28,970.39,Taxi,50058,Card,DEV-05-13,iPhone,Bangalore,16,6,1,34.58,45,2333.16,7230.58,13,9,360,0,0,0,735.23,0,
TXN05-02611,5,2026-06-28 17:08:08,3216.4,Fuel,50006,Card,DEV-05-6,Web,Delhi,17,6,1,41.67,46,2334.7,7230.23,102,141,833,0,0,0,1750.11,0,
TXN05-02612,5,2026-06-28 17:56:17,863.14,Restaurants,50019,Card,DEV-05-2,iPhone,Pune,17,6,1,48.15,47,2342.09,7249.32,29,570,488,0,0,0,1179.48,0,
TXN05-02613,5,2026-06-28 18:47:18,1183.96,Restaurants,50019,UPI,DEV-05-3,Web,Delhi,18,6,1,51.02,48,2335.33,7258.91,30,374,834,0,0,0,1179.48,0,
TXN05-02614,5,2026-06-28 19:22:21,1458.15,Hotels,50010,UPI,DEV-05-3,Web,Mumbai,19,6,1,35.05,49,2337.47,7268.6,82,375,641,0,0,0,1153.24,0,
TXN05-02615,5,2026-06-28 19:49:50,431.39,Fuel,50006,Card,DEV-05-3,Web,Pune,19,6,1,27.48,50,2335.1,7258.94,103,376,489,0,0,0,120.15,0,
TXN05-02616,5,2026-06-28 20:00:49,477.48,Taxi,50002,Card,DEV-05-2,iPhone,Pune,20,6,1,10.98,51,2333.0,7259.38,149,571,490,0,0,0,0.0,0,
TXN05-02617,5,2026-06-28 20:20:56,2373.22,Fuel,50003,Card,DEV-05-4,iPhone,Pune,20,6,1,20.12,52,2328.01,7250.25,234,245,491,0,0,0,0.0,0,
TXN05-02618,5,2026-06-28 20:53:29,994.69,Taxi,50007,Card,DEV-05-1,Android,Mumbai,20,6,1,32.55,53,2334.34,7259.27,54,813,642,0,0,0,120.15,0,
TXN05-02619,5,2026-06-28 21:33:07,1535.42,Hotels,50010,UPI,DEV-05-2,iPhone,Mumbai,21,6,1,39.63,54,2331.89,7259.57,83,572,643,0,0,0,0.0,0,
TXN05-02620,5,2026-06-28 21:50:25,2087.86,Fuel,50040,UPI,DEV-05-1,Android,Jaipur,21,6,1,17.3,55,2329.75,7249.92,32,814,255,0,0,0,920.74,0,
TXN05-02621,5,2026-06-28 22:13:28,519.15,Hotels,50005,UPI,DEV-05-5,Android,Delhi,22,6,1,23.05,56,2329.1,7240.2,191,195,835,0,0,0,237.53,0,
TXN05-02622,5,2026-06-28 22:34:36,699.93,Restaurants,50032,Card,DEV-05-5,Android,Delhi,22,6,1,21.13,57,2320.61,7250.36,21,196,836,0,0,0,0.0,0,
TXN05-02623,5,2026-06-28 22:43:22,542.07,Fuel,50003,Card,DEV-05-6,Web,Jaipur,22,6,1,8.77,58,2316.26,7241.11,235,142,256,0,0,0,237.53,0,
TXN05-02624,5,2026-06-28 22:55:40,1102.95,Fuel,50003,UPI,DEV-05-2,iPhone,Jaipur,22,6,1,12.3,59,2310.58,7241.67,236,573,257,0,0,0,0.0,0,
TXN05-02625,5,2026-06-28 22:56:10,2118.2,Taxi,50002,Card,DEV-05-11,iPhone,Pune,22,6,1,0.5,60,2307.35,7232.25,150,13,492,0,0,0,953.87,0,
TXN05-02626,5,2026-06-28 23:07:23,4000.0,Hotels,50060,UPI,DEV-05-2,iPhone,Bangalore,23,6,1,11.22,61,2306.85,7222.61,10,574,361,0,0,0,735.23,0,
TXN05-02627,5,2026-06-28 23:33:14,2566.02,Fuel,50040,Card,DEV-05-4,iPhone,Mumbai,23,6,1,25.85,62,2311.35,7213.53,33,246,644,0,0,0,845.32,0,
TXN05-02628,5,2026-06-28 23:48:40,1885.21,Taxi,50002,Card,DEV-05-2,iPhone,Pune,23,6,1,15.43,63,2314.63,7213.36,151,575,493,0,0,0,120.15,0,
TXN05-02629,5,2026-06-29 01:00:59,2814.82,Shopping,50001,UPI,DEV-05-1,Android,Delhi,1,0,0,72.32,1,2313.5,7203.82,292,815,837,0,0,0,1179.48,1,late_night_spree
TXN05-02630,5,2026-06-29 02:36:59,8000.0,Shopping,50001,UPI,DEV-05-1,Android,Delhi,2,0,0,96.0,2,2314.82,7194.33,293,816,838,0,0,0,0.0,1,late_night_spree
TXN05-02631,5,2026-06-29 06:32:36,671.16,Restaurants,50046,Card,DEV-05-6,Web,Delhi,6,0,0,235.62,3,2329.82,7190.75,7,143,839,0,0,0,0.0,0,
TXN05-02632,5,2026-06-29 07:12:51,2795.04,Fuel,50091,Card,DEV-05-2,iPhone,Pune,7,0,0,40.25,4,2325.46,7181.79,2,576,494,0,0,0,1179.48,0,
TXN05-02633,5,2026-06-29 07:16:27,994.77,Restaurants,50001,UPI,DEV-05-3,Web,Mumbai,7,0,0,3.6,5,2326.69,7172.4,294,377,645,0,0,0,120.15,0,
TXN05-02634,5,2026-06-29 07:36:30,2256.85,Hotels,50005,UPI,DEV-05-11,iPhone,Jaipur,7,0,0,20.05,6,2323.2,7163.33,192,14,258,0,0,0,920.74,0,
TXN05-02635,5,2026-06-29 07:49:23,1705.75,Fuel,50053,Card,DEV-05-1,Android,Jaipur,7,0,0,12.88,7,2318.82,7162.85,20,817,259,0,0,0,0.0,0,
TXN05-02636,5,2026-06-29 07:52:13,3457.74,Fuel,50073,UPI,DEV-05-1,Android,Jaipur,7,0,0,2.83,8,2317.22,7153.56,4,818,260,0,0,0,0.0,0,
TXN05-02637,5,2026-06-29 08:17:42,894.04,Hotels,50031,UPI,DEV-05-1,Android,Bangalore,8,0,0,25.48,9,2319.72,7162.23,17,819,362,0,0,0,1561.54,0,
TXN05-02638,5,2026-06-29 08:54:47,1564.85,Restaurants,50033,Card,DEV-05-2,iPhone,Mumbai,8,0,0,37.08,10,2316.0,7153.24,17,577,646,0,0,0,845.32,0,
TXN05-02639,5,2026-06-29 09:33:22,2286.07,Taxi,50094,UPI,DEV-05-3,Web,Pune,9,0,0,38.58,11,2314.29,7153.34,4,378,495,0,0,0,120.15,0,
TXN05-02640,5,2026-06-29 10:41:34,1004.06,Hotels,50027,UPI,DEV-05-4,iPhone,Pune,10,0,0,68.2,12,2313.07,7190.19,16,247,496,0,0,0,0.0,0,
TXN05-02641,5,2026-06-29 11:05:48,4000.0,Hotels,50060,UPI,DEV-05-4,iPhone,Bangalore,11,0,0,24.23,13,2317.85,7208.52,11,248,363,0,0,0,735.23,0,
TXN05-02642,5,2026-06-29 11:25:28,1160.98,Restaurants,50008,Card,DEV-05-1,Android,Mumbai,11,0,0,19.67,14,2326.83,7218.33,75,820,647,0,0,0,845.32,0,
TXN05-02643,5,2026-06-29 11:30:50,406.47,Fuel,50053,UPI,DEV-05-6,Web,Delhi,11,0,0,5.37,15,2323.74,7209.0,21,144,840,0,0,0,1153.24,0,
TXN05-02644,5,2026-06-29 11:30:57,777.93,Hotels,50005,UPI,DEV-05-13,iPhone,Mumbai,11,0,0,0.12,16,2318.67,7200.14,193,10,648,0,0,0,1153.24,0,
TXN05-02645,5,2026-06-29 12:10:27,4000.0,Fuel,50006,UPI,DEV-05-1,Android,Delhi,12,0,0,39.5,17,2317.69,7200.32,104,821,841,0,0,0,1153.24,0,
TXN05-02646,5,2026-06-29 13:46:45,602.87,Fuel,50003,UPI,DEV-05-4,iPhone,Mumbai,13,0,0,96.3,18,2320.53,7286.1,237,249,649,0,0,0,1153.24,0,
TXN05-02647,5,2026-06-29 14:11:25,7572.97,Fuel,50001,UPI,DEV-05-1,Android,Unknown Country,14,0,0,24.67,19,2323.6,7305.61,295,822,14,0,0,0,8211.14,1,unknown_country_purchase
TXN05-02648,5,2026-06-29 14:29:54,1074.37,Restaurants,50001,UPI,DEV-05-2,iPhone,Jaipur,14,0,0,18.48,20,2336.88,7310.71,296,578,261,0,0,0,8601.34,0,
TXN05-02649,5,2026-06-29 14:50:18,527.38,Fuel,50048,Card,DEV-05-2,iPhone,Pune,14,0,0,20.4,21,2337.83,7310.52,17,579,497,0,0,0,953.87,0,
TXN05-02650,5,2026-06-29 15:26:46,1864.56,Restaurants,50026,Card,DEV-05-5,Android,Delhi,15,0,0,36.47,22,2337.05,7350.66,24,197,842,0,0,0,1179.48,0,
TXN05-02651,5,2026-06-29 15:36:52,1173.05,Restaurants,50012,Card,DEV-05-2,iPhone,Bangalore,15,0,0,10.1,23,2335.75,7340.6,41,580,364,0,0,0,1750.11,0,
TXN05-02652,5,2026-06-29 15:44:20,437.18,Hotels,50005,UPI,DEV-05-2,iPhone,Delhi,15,0,0,7.47,24,2337.15,7340.33,194,581,843,0,0,0,1750.11,0,
TXN05-02653,5,2026-06-29 16:20:56,676.21,Fuel,50003,UPI,DEV-05-1,Android,Bangalore,16,0,0,36.6,25,2334.69,7350.87,238,823,365,0,0,0,1750.11,0,
TXN05-02654,5,2026-06-29 16:46:06,2040.52,Restaurants,50004,Card,DEV-05-1,Android,Delhi,16,0,0,25.17,26,2325.54,7350.86,112,824,844,0,0,0,1750.11,0,
TXN05-02655,5,2026-06-29 17:45:03,1312.8,Fuel,50040,Card,DEV-05-2,iPhone,Mumbai,17,0,0,58.95,27,2329.71,7350.27,34,582,650,0,0,0,1153.24,0,
TXN05-02656,5,2026-06-29 17:59:39,1214.49,Restaurants,50004,UPI,DEV-05-2,iPhone,Bangalore,17,0,0,14.6,28,2326.91,7340.36,113,583,366,0,0,0,845.32,0,
TXN05-02657,5,2026-06-29 18:05:53,262.12,Hotels,50005,UPI,DEV-05-1,Android,Mumbai,18,0,0,6.23,29,2323.86,7330.53,195,825,651,0,0,0,845.32,0,
TXN05-02658,5,2026-06-29 18:09:56,1365.51,Hotels,50005,UPI,DEV-05-2,iPhone,Delhi,18,0,0,4.05,30,2318.23,7321.3,196,584,845,0,0,0,1153.24,0,
TXN05-02659,5,2026-06-29 18:22:15,1476.14,Restaurants,50019,Card,DEV-05-1,Android,Delhi,18,0,0,12.32,31,2310.74,7331.0,31,826,846,0,0,0,0.0,0,
TXN05-02660,5,2026-06-29 19:16:19,2311.79,Taxi,50098,Card,DEV-05-1,Android,Jaipur,19,0,0,54.07,32,2319.81,7380.05,5,827,262,0,0,0,237.53,0,
TXN05-02661,5,2026-06-29 21:10:01,1418.9,Fuel,50055,Card,DEV-05-3,Web,Pune,21,0,0,113.7,33,2316.35,7450.8,13,379,498,0,0,0,953.87,0,
TXN05-02662,5,2026-06-29 21:23:05,1180.54,Taxi,50002,Card,DEV-05-4,iPhone,Delhi,21,0,0,13.07,34,2317.01,7450.71,152,250,847,0,0,0,1179.48,0,
TXN05-02663,5,2026-06-29 22:14:15,2033.71,Restaurants,50038,UPI,DEV-05-4,iPhone,Bangalore,22,0,0,51.17,35,2319.38,7493.03,8,251,367,0,0,0,1750.11,0,
TXN05-02664,5,2026-06-29 22:26:20,3060.97,Fuel,50048,Card,DEV-05-2,iPhone,Pune,22,0,0,12.08,36,2318.56,7482.34,18,585,499,0,0,0,735.23,0,
TXN05-02665,5,2026-06-29 22:35:54,734.06,Hotels,50014,Card,DEV-05-2,iPhone,Bangalore,22,0,0,9.57,37,2320.68,7471.78,66,586,368,0,0,0,735.23,0,
TXN05-02666,5,2026-06-29 23:55:32,700.71,Restaurants,50004,Card,DEV-05-3,Web,Mumbai,23,0,0,79.63,38,2323.78,7493.04,114,380,652,0,0,0,845.32,0,
TXN05-02667,5,2026-06-30 06:02:53,1324.77,Restaurants,50016,UPI,DEV-05-1,Android,Delhi,6,1,0,367.35,1,2319.14,7482.83,38,828,848,0,0,0,1153.24,0,
TXN05-02668,5,2026-06-30 06:20:54,1348.95,Hotels,50005,UPI,DEV-05-1,Android,Delhi,6,1,0,18.02,2,2320.83,7482.53,197,829,849,0,0,0,0.0,0,
TXN05-02669,5,2026-06-30 06:30:39,255.37,Taxi,50029,Card,DEV-05-1,Android,Delhi,6,1,0,9.75,3,2318.06,7472.05,43,830,850,0,0,0,0.0,0,
TXN05-02670,5,2026-06-30 06:32:08,2182.26,Fuel,50047,UPI,DEV-05-6,Web,Delhi,6,1,0,1.48,4,2312.2,7462.23,29,145,851,0,0,0,0.0,0,
TXN05-02671,5,2026-06-30 07:57:05,3568.53,Hotels,50085,Card,DEV-05-1,Android,Bangalore,7,1,0,84.95,5,2315.91,7472.46,2,831,369,0,0,0,1750.11,0,
TXN05-02672,5,2026-06-30 08:32:27,1293.07,Restaurants,50001,Card,DEV-05-1,Android,Delhi,8,1,0,35.37,6,2319.3,7472.76,297,832,852,0,0,0,1750.11,0,
TXN05-02673,5,2026-06-30 09:10:19,3739.37,Fuel,50059,Card,DEV-05-2,iPhone,Pune,9,1,0,37.87,7,2321.9,7472.24,11,587,500,0,0,0,1179.48,0,
TXN05-02674,5,2026-06-30 09:26:55,1628.38,Restaurants,50032,Card,DEV-05-1,Android,Pune,9,1,0,16.6,8,2321.16,7472.09,22,833,501,0,0,0,0.0,0,
TXN05-02675,5,2026-06-30 09:31:05,1827.71,Restaurants,50100,UPI,DEV-05-5,Android,Delhi,9,1,0,4.17,9,2319.19,7461.56,2,198,853,0,0,0,1179.48,0,
TXN05-02676,5,2026-06-30 09:35:56,1340.0,Restaurants,50012,UPI,DEV-05-3,Web,Pune,9,1,0,4.85,10,2321.87,7461.21,42,381,502,0,0,0,1179.48,0,
TXN05-02677,5,2026-06-30 10:07:56,4000.0,Hotels,50027,Card,DEV-05-4,iPhone,Mumbai,10,1,0,32.0,11,2326.02,7481.69,17,252,653,0,0,0,120.15,0,
TXN05-02678,5,2026-06-30 11:54:37,2444.59,Restaurants,50019,UPI,DEV-05-6,Web,Pune,11,1,0,106.68,12,2333.39,7492.62,32,146,503,0,0,0,120.15,0,
TXN05-02679,5,2026-06-30 12:18:44,1138.18,Restaurants,50012,Card,DEV-05-2,iPhone,Pune,12,1,0,24.12,13,2337.72,7492.25,43,588,504,0,0,0,0.0,0,
TXN05-02680,5,2026-06-30 12:40:19,945.88,Restaurants,50001,UPI,DEV-05-4,iPhone,Delhi,12,1,0,21.58,14,2335.49,7502.62,298,253,854,0,0,0,1179.48,0,
TXN05-02681,5,2026-06-30 13:20:24,1947.33,Restaurants,50004,Card,DEV-05-5,Android,Pune,13,1,0,40.08,15,2326.35,7524.05,115,199,505,0,0,0,1179.48,0,
TXN05-02682,5,2026-06-30 13:40:49,3182.34,Fuel,50003,UPI,DEV-05-2,iPhone,Mumbai,13,1,0,20.42,16,2330.26,7523.5,239,589,654,0,0,0,120.15,0,
TXN05-02683,5,2026-06-30 13:54:45,3635.24,Restaurants,50009,UPI,DEV-05-2,iPhone,Delhi,13,1,0,13.93,17,2335.31,7523.49,57,590,855,0,0,0,1153.24,0,
TXN05-02684,5,2026-06-30 14:23:11,3417.37,Taxi,50029,UPI,DEV-05-4,iPhone,Mumbai,14,1,0,28.43,18,2339.05,7512.96,44,254,655,0,0,0,1153.24,0,
TXN05-02685,5,2026-06-30 14:41:18,455.46,Fuel,50006,UPI,DEV-05-4,iPhone,Mumbai,14,1,0,18.12,19,2340.89,7523.88,105,255,656,0,0,0,0.0,0,
TXN05-02686,5,2026-06-30 15:35:17,712.42,Taxi,50049,Card,DEV-05-5,Android,Bangalore,15,1,0,53.98,20,2337.71,7545.89,20,200,370,0,0,0,845.32,0,
TXN05-02687,5,2026-06-30 15:40:33,1250.72,Hotels,50014,Card,DEV-05-4,iPhone,Mumbai,15,1,0,5.27,21,2333.0,7535.45,67,256,657,0,0,0,845.32,0,
TXN05-02688,5,2026-06-30 15:44:08,1022.76,Restaurants,50076,UPI,DEV-05-2,iPhone,Mumbai,15,1,0,3.58,22,2329.87,7524.78,4,591,658,0,0,0,0.0,0,
TXN05-02689,5,2026-06-30 15:54:18,1797.31,Fuel,50003,UPI,DEV-05-1,Android,Delhi,15,1,0,10.17,23,2327.11,7525.08,240,834,856,0,0,0,1153.24,0,
TXN05-02690,5,2026-06-30 15:54:43,731.67,Restaurants,50001,UPI,DEV-05-2,iPhone,Bangalore,15,1,0,0.42,24,2325.58,7514.29,299,592,371,0,0,0,1750.11,0,
TXN05-02691,5,2026-06-30 16:41:10,581.3,Fuel,50013,UPI,DEV-05-1,Android,Pune,16,1,0,46.45,25,2321.0,7503.97,74,835,506,0,0,0,735.23,0,
TXN05-02692,5,2026-06-30 17:23:58,663.53,Fuel,50003,Card,DEV-05-1,Android,Mumbai,17,1,0,42.8,26,2317.98,7504.46,241,836,659,0,0,0,120.15,0,
TXN05-02693,5,2026-06-30 17:49:00,2012.16,Restaurants,50045,UPI,DEV-05-3,Web,Delhi,17,1,0,25.03,27,2315.85,7504.82,6,382,857,0,0,0,1153.24,0,
TXN05-02694,5,2026-06-30 18:55:10,2920.78,Hotels,50027,Card,DEV-05-11,iPhone,Jaipur,18,1,0,66.17,28,2036.11,5398.86,18,15,263,0,0,0,237.53,0,
TXN05-02695,5,2026-06-30 18:57:32,1408.31,Restaurants,50008,Card,DEV-05-11,iPhone,Delhi,18,1,0,2.37,29,2038.68,5391.24,76,16,858,0,0,0,237.53,0,
TXN05-02696,5,2026-06-30 18:58:21,1524.77,Restaurants,50001,UPI,DEV-05-1,Android,Delhi,18,1,0,0.82,30,2036.85,5383.55,300,837,859,0,0,0,0.0,0,
TXN05-02697,5,2026-06-30 19:11:37,1530.73,Fuel,50066,UPI,DEV-05-1,Android,Bangalore,19,1,0,13.27,31,2035.38,5375.86,3,838,372,0,0,0,1750.11,0,
TXN05-02698,5,2026-06-30 19:41:09,262.97,Hotels,50005,UPI,DEV-05-2,iPhone,Mumbai,19,1,0,29.53,32,2036.93,5375.63,198,593,660,0,0,0,845.32,0,
TXN05-02699,5,2026-06-30 20:02:22,3036.35,Restaurants,50012,UPI,DEV-05-2,iPhone,Bangalore,20,1,0,21.22,33,2031.83,5368.74,44,594,373,0,0,0,845.32,0,
TXN05-02700,5,2026-06-30 20:59:30,2930.3,Restaurants,50001,Card,DEV-05-7,Android,Bangalore,20,1,0,57.13,34,2039.35,5391.68,301,71,374,0,0,0,0.0,0,
TXN05-02701,5,2026-06-30 22:24:50,4000.0,Taxi,50071,Card,DEV-05-4,iPhone,Jaipur,22,1,0,85.33,35,2045.71,5391.43,5,257,264,0,0,0,1561.54,0,
TXN05-02702,5,2026-06-30 22:56:01,1394.48,Taxi,50002,Card,DEV-05-6,Web,Bangalore,22,1,0,31.18,36,2059.28,5407.3,153,147,375,0,0,0,1561.54,0,
TXN05-02703,5,2026-06-30 23:20:46,1053.79,Fuel,50066,UPI,DEV-05-2,iPhone,Mumbai,23,1,0,24.75,37,2057.35,5399.55,4,595,661,0,0,0,845.32,0,
TXN05-02704,5,2026-07-01 06:23:08,855.47,Hotels,50018,Card,DEV-05-1,Android,Delhi,6,2,0,422.37,1,2052.88,5452.99,33,839,860,0,0,0,1153.24,0,
TXN05-02705,5,2026-07-01 06:30:38,1282.48,Hotels,50082,Card,DEV-05-3,Web,Delhi,6,2,0,7.5,2,2049.33,5445.3,4,383,861,0,0,0,0.0,0,
TXN05-02706,5,2026-07-01 06:45:57,3711.73,Taxi,50098,Card,DEV-05-2,iPhone,Mumbai,6,2,0,15.32,3,2047.07,5437.43,6,596,662,0,0,0,1153.24,0,
TXN05-02707,5,2026-07-01 07:12:58,1124.3,Fuel,50006,Card,DEV-05-18,Android,Bangalore,7,2,0,27.02,4,2046.39,5445.43,106,4,376,0,0,0,845.32,0,
TXN05-02708,5,2026-07-01 07:46:22,723.46,Restaurants,50021,UPI,DEV-05-1,Android,Delhi,7,2,0,33.4,5,2047.46,5445.21,15,840,862,0,0,0,1750.11,0,
TXN05-02709,5,2026-07-01 08:35:58,2666.99,Hotels,50005,Card,DEV-05-2,iPhone,Delhi,8,2,0,49.6,6,2045.11,5445.61,199,597,863,0,0,0,0.0,0,
TXN05-02710,5,2026-07-01 08:58:51,881.17,Fuel,50013,Card,DEV-05-3,Web,Delhi,8,2,0,22.88,7,2046.44,5445.71,75,384,864,0,0,0,0.0,0,
TXN05-02711,5,2026-07-01 09:00:22,938.86,Restaurants,50009,Card,DEV-05-6,Web,Mumbai,9,2,0,1.52,8,2043.0,5438.04,58,148,663,0,0,0,1153.24,0,
TXN05-02712,5,2026-07-01 09:18:29,2714.77,Fuel,50003,Card,DEV-05-5,Android,Jaipur,9,2,0,18.12,9,2039.75,5430.36,242,201,265,0,0,0,920.74,0,
TXN05-02713,5,2026-07-01 09:20:34,1280.4,Taxi,50037,Card,DEV-05-2,iPhone,Delhi,9,2,0,2.08,10,2039.95,5430.39,26,598,865,0,0,0,237.53,0,
TXN05-02714,5,2026-07-01 11:07:59,2547.59,Hotels,50031,UPI,DEV-05-1,Android,Pune,11,2,0,107.42,11,2039.47,5461.97,18,841,507,0,0,0,1179.48,0,
TXN05-02715,5,2026-07-01 11:22:33,741.5,Fuel,50003,Card,DEV-05-2,iPhone,Bangalore,11,2,0,14.57,12,2040.98,5453.93,243,599,377,0,0,0,735.23,0,
TXN05-02716,5,2026-07-01 11:28:11,1191.73,Fuel,50072,Card,DEV-05-5,Android,Delhi,11,2,0,5.63,13,2037.13,5446.32,2,202,866,0,0,0,1750.11,0,
TXN05-02717,5,2026-07-01 11:34:07,469.17,Hotels,50010,Card,DEV-05-1,Android,Delhi,11,2,0,5.93,14,2034.64,5438.47,84,842,867,0,0,0,0.0,0,
TXN05-02718,5,2026-07-01 11:35:30,1096.27,Restaurants,50001,Card,DEV-05-3,Web,Pune,11,2,0,1.38,15,2030.03,5431.13,302,385,508,0,0,0,1179.48,0,
TXN05-02719,5,2026-07-01 11:49:43,1996.79,Restaurants,50182,Card,DEV-05-16,iPhone,Mumbai,11,2,0,14.22,16,2028.09,5431.34,1,5,664,0,0,1,120.15,1,ato_new_merchant_same_category
TXN05-02720,5,2026-07-01 11:50:24,1085.9,Hotels,50017,Card,DEV-05-1,Android,Pune,11,2,0,0.68,17,2028.0,5423.37,38,843,509,0,0,0,120.15,0,
TXN05-02721,5,2026-07-01 11:51:16,1480.99,Restaurants,50001,Card,DEV-05-5,Android,Pune,11,2,0,0.87,18,2025.25,5415.68,303,203,510,0,0,0,0.0,0,
TXN05-02722,5,2026-07-01 11:58:30,4000.0,Hotels,50014,UPI,DEV-05-3,Web,Mumbai,11,2,0,7.23,19,2023.66,5407.86,68,386,665,0,0,0,120.15,0,
TXN05-02723,5,2026-07-01 12:53:40,2963.57,Restaurants,50001,Card,DEV-05-4,iPhone,Delhi,12,2,0,55.17,20,2028.56,5408.88,304,258,868,0,0,0,1153.24,0,
TXN05-02724,5,2026-07-01 13:20:24,803.88,Fuel,50028,Card,DEV-05-7,Android,Delhi,13,2,0,26.73,21,2031.28,5401.25,50,72,869,0,0,0,0.0,0,
TXN05-02725,5,2026-07-01 14:15:29,2314.14,Hotels,50010,Card,DEV-05-2,iPhone,Mumbai,14,2,0,55.08,22,2029.22,5416.18,85,600,666,0,0,0,1153.24,0,
TXN05-02726,5,2026-07-01 14:17:29,1191.1,Restaurants,50001,UPI,DEV-05-7,Android,Pune,14,2,0,2.0,23,2030.05,5408.3,305,73,511,0,0,0,120.15,0,
TXN05-02727,5,2026-07-01 14:34:23,950.55,Hotels,50017,UPI,DEV-05-1,Android,Bangalore,14,2,0,16.9,24,2027.61,5400.63,39,844,378,0,0,0,735.23,0,
TXN05-02728,5,2026-07-01 14:44:09,770.68,Restaurants,50004,UPI,DEV-05-3,Web,Mumbai,14,2,0,9.77,25,2024.66,5408.31,116,387,667,0,0,0,845.32,0,
TXN05-02729,5,2026-07-01 15:47:08,2489.95,Taxi,50007,Card,DEV-05-6,Web,Bangalore,15,2,0,62.98,26,2026.48,5416.13,55,149,379,0,0,0,845.32,0,
TXN05-02730,5,2026-07-01 16:23:34,2246.06,Hotels,50024,UPI,DEV-05-3,Web,Mumbai,16,2,0,36.43,27,1738.7,1090.0,40,388,668,0,0,0,845.32,0,
TXN05-02731,5,2026-07-01 16:25:33,1535.0,Restaurants,50011,UPI,DEV-05-2,iPhone,Pune,16,2,0,1.98,28,1740.18,1088.75,39,601,512,0,0,0,120.15,0,
TXN05-02732,5,2026-07-01 16:27:11,2321.13,Fuel,50028,UPI,DEV-05-1,Android,Mumbai,16,2,0,1.63,29,1739.58,1087.22,51,845,669,0,0,0,120.15,0,
TXN05-02733,5,2026-07-01 17:11:41,4012.84,Taxi,50195,Card,DEV-05-5,Android,Delhi,17,2,0,44.5,30,1741.01,1087.66,1,204,870,0,0,1,1153.24,1,ato_new_merchant_same_category_higher_amount
TXN05-02734,5,2026-07-01 17:20:24,2753.0,Restaurants,50008,UPI,DEV-05-7,Android,Pune,17,2,0,8.72,31,1747.61,1092.95,77,74,513,0,0,0,1179.48,0,
TXN05-02735,5,2026-07-01 17:22:37,4000.0,Hotels,50017,Card,DEV-05-3,Web,Bangalore,17,2,0,2.22,32,1750.53,1092.7,40,389,380,0,0,0,735.23,0,
TXN05-02736,5,2026-07-01 17:48:07,617.91,Fuel,50003,UPI,DEV-05-5,Android,Delhi,17,2,0,25.5,33,1756.89,1099.37,244,205,871,0,0,0,1750.11,0,
TXN05-02737,5,2026-07-01 17:58:10,787.42,Hotels,50010,UPI,DEV-05-2,iPhone,Jaipur,17,2,0,10.05,34,1753.6,1099.48,86,602,266,0,0,0,237.53,0,
TXN05-02738,5,2026-07-01 19:01:58,1544.5,Fuel,50003,Card,DEV-05-2,iPhone,Bangalore,19,2,0,63.8,35,1756.88,1100.85,245,603,381,0,0,0,1561.54,0,
TXN05-02739,5,2026-07-01 19:29:47,1004.3,Restaurants,50001,UPI,DEV-05-2,iPhone,Bangalore,19,2,0,27.82,36,1750.25,1095.23,306,604,382,0,0,0,0.0,0,
TXN05-02740,5,2026-07-01 20:03:24,2518.16,Fuel,50006,Card,DEV-05-7,Android,Mumbai,20,2,0,33.62,37,1745.29,1094.73,107,75,670,0,0,0,845.32,0,
TXN05-02741,5,2026-07-01 20:23:44,542.24,Restaurants,50001,Card,DEV-05-1,Android,Mumbai,20,2,0,20.33,38,1740.98,1088.75,307,846,671,0,0,0,0.0,0,
TXN05-02742,5,2026-07-01 21:42:00,2530.98,Fuel,50073,Card,DEV-05-8,iPhone,Delhi,21,2,0,78.27,39,1730.17,1085.28,5,49,872,0,0,0,1153.24,0,
TXN05-02743,5,2026-07-01 21:58:42,1271.19,Hotels,50017,UPI,DEV-05-3,Web,Pune,21,2,0,16.7,40,1736.25,1086.61,41,390,514,0,0,0,1179.48,0,
TXN05-02744,5,2026-07-01 22:10:14,827.79,Taxi,50058,Card,DEV-05-6,Web,Jaipur,22,2,0,11.53,41,1723.91,1083.56,14,150,267,0,0,0,953.87,0,
TXN05-02745,5,2026-07-01 22:26:36,2983.64,Fuel,50013,UPI,DEV-05-3,Web,Pune,22,2,0,16.37,42,1721.28,1083.05,76,391,515,0,0,0,953.87,0,
TXN05-02746,5,2026-07-01 23:00:38,1358.54,Restaurants,50023,Card,DEV-05-1,Android,Mumbai,23,2,0,34.03,43,1724.98,1083.61,19,847,672,0,0,0,120.15,0,
TXN05-02747,5,2026-07-01 23:11:57,1474.74,Restaurants,50011,Card,DEV-05-3,Web,Bangalore,23,2,0,11.32,44,1723.91,1082.21,40,392,383,0,0,0,845.32,0,
TXN05-02748,5,2026-07-01 23:54:31,2601.54,Restaurants,50004,Card,DEV-05-6,Web,Delhi,23,2,0,42.57,45,1727.68,1082.74,117,151,873,0,0,0,1750.11,0,
TXN05-02749,5,2026-07-02 06:01:05,1166.93,Hotels,50005,UPI,DEV-05-3,Web,Delhi,6,3,0,366.57,1,1731.74,1083.41,200,393,874,0,0,0,0.0,0,
TXN05-02750,5,2026-07-02 06:01:40,1291.53,Taxi,50002,UPI,DEV-05-6,Web,Delhi,6,3,0,0.58,2,1730.09,1082.25,154,152,875,0,0,0,0.0,0,
TXN05-02751,5,2026-07-02 06:11:03,1471.68,Hotels,50077,Card,DEV-05-6,Web,Mumbai,6,3,0,9.38,3,1728.81,1080.93,4,153,673,0,0,0,1153.24,0,
TXN05-02752,5,2026-07-02 06:19:35,1309.04,Hotels,50005,UPI,DEV-05-6,Web,Bangalore,6,3,0,8.53,4,1729.83,1080.53,201,154,384,0,0,0,845.32,0,
TXN05-02753,5,2026-07-02 06:39:01,1673.12,Taxi,50002,Card,DEV-05-3,Web,Bangalore,6,3,0,19.43,5,1728.6,1079.19,155,394,385,0,0,0,0.0,0,
TXN05-02754,5,2026-07-02 07:11:40,2904.87,Taxi,50002,Card,DEV-05-1,Android,Jaipur,7,3,0,32.65,6,1723.79,1079.02,156,848,268,0,0,0,1561.54,0,
TXN05-02755,5,2026-07-02 07:32:18,444.75,Restaurants,50004,UPI,DEV-05-1,Android,Bangalore,7,3,0,20.63,7,1727.23,1079.32,118,849,386,0,0,0,1561.54,0,
TXN05-02756,5,2026-07-02 07:44:56,912.61,Hotels,50017,UPI,DEV-05-3,Web,Mumbai,7,3,0,12.63,8,1723.51,1079.96,42,395,674,0,0,0,845.32,0,
TXN05-02757,5,2026-07-02 07:48:50,1062.11,Restaurants,50020,Card,DEV-05-2,iPhone,Delhi,7,3,0,3.9,9,1721.16,1079.28,15,605,876,0,0,0,1153.24,0,
TXN05-02758,5,2026-07-02 08:38:30,3443.69,Hotels,50018,Card,DEV-05-1,Android,Mumbai,8,3,0,49.67,10,1722.5,1080.45,34,850,675,0,0,0,1153.24,0,
TXN05-02759,5,2026-07-02 09:34:03,849.14,Restaurants,50022,UPI,DEV-05-8,iPhone,Mumbai,9,3,0,55.55,11,1729.49,1085.05,26,50,676,0,0,0,0.0,0,
TXN05-02760,5,2026-07-02 10:52:30,1284.15,Restaurants,50016,Card,DEV-05-4,iPhone,Jaipur,10,3,0,78.45,12,1726.94,1084.51,39,259,269,0,0,0,920.74,0,
TXN05-02761,5,2026-07-02 11:13:40,731.14,Hotels,50005,Card,DEV-05-38,Web,Jaipur,11,3,0,21.17,13,1728.16,1083.77,202,1,270,1,0,0,0.0,0,
TXN05-02762,5,2026-07-02 11:21:38,2434.44,Taxi,50058,Card,DEV-05-3,Web,Pune,11,3,0,7.97,14,1725.27,1083.53,15,396,516,0,0,0,953.87,0,
TXN05-02763,5,2026-07-02 11:44:22,3514.74,Taxi,50029,UPI,DEV-05-3,Web,Delhi,11,3,0,22.73,15,1727.49,1084.19,45,397,877,0,0,0,1179.48,0,
TXN05-02764,5,2026-07-02 11:51:22,865.2,Fuel,50013,UPI,DEV-05-3,Web,Bangalore,11,3,0,7.0,16,1732.64,1086.86,77,398,387,0,0,0,1750.11,0,
TXN05-02765,5,2026-07-02 12:00:52,834.91,Restaurants,50035,UPI,DEV-05-1,Android,Jaipur,12,3,0,9.5,17,1730.15,1086.29,10,851,271,0,0,0,1561.54,0,
TXN05-02766,5,2026-07-02 12:16:20,1049.79,Hotels,50015,UPI,DEV-05-1,Android,Pune,12,3,0,15.47,18,1727.58,1085.79,36,852,517,0,0,0,953.87,0,
TXN05-02767,5,2026-07-02 12:43:15,837.59,Hotels,50005,Card,DEV-05-3,Web,Delhi,12,3,0,26.92,19,1725.64,1084.84,203,399,878,0,0,0,1179.48,0,
TXN05-02768,5,2026-07-02 12:57:14,667.73,Taxi,50039,Card,DEV-05-1,Android,Pune,12,3,0,13.98,20,1723.11,1084.33,25,853,518,0,0,0,1179.48,0,
TXN05-02769,5,2026-07-02 13:47:45,4000.0,Fuel,50059,Card,DEV-05-3,Web,Jaipur,13,3,0,50.52,21,1723.47,1083.96,12,400,272,0,0,0,953.87,0,
TXN05-02770,5,2026-07-02 14:30:10,2180.56,Hotels,50051,UPI,DEV-05-7,Android,Pune,14,3,0,42.42,22,1735.22,1091.33,7,76,519,0,0,0,953.87,0,
TXN05-02771,5,2026-07-02 14:39:22,540.89,Hotels,50015,UPI,DEV-05-1,Android,Bangalore,14,3,0,9.2,23,1736.5,1090.03,37,854,388,0,0,0,735.23,0,
TXN05-02772,5,2026-07-02 15:22:07,1149.77,Restaurants,50044,Card,DEV-05-2,iPhone,Jaipur,15,3,0,42.75,24,1734.44,1094.68,13,606,273,0,0,0,1561.54,0,
TXN05-02773,5,2026-07-02 15:24:02,1433.64,Fuel,50040,Card,DEV-05-5,Android,Delhi,15,3,0,1.92,25,1732.76,1093.55,35,206,879,0,0,0,237.53,0,
TXN05-02774,5,2026-07-02 15:38:32,2631.07,Restaurants,50019,Card,DEV-05-2,iPhone,Mumbai,15,3,0,14.5,26,1730.78,1093.47,33,607,677,0,0,0,1153.24,0,
TXN05-02775,5,2026-07-02 16:10:18,2329.26,Restaurants,50004,Card,DEV-05-8,iPhone,Pune,16,3,0,31.77,27,1737.4,1095.46,119,51,520,0,0,0,120.15,0,
TXN05-02776,5,2026-07-02 16:12:19,618.9,Fuel,50003,UPI,DEV-05-1,Android,Pune,16,3,0,2.02,28,1739.1,1094.34,246,855,521,0,0,0,0.0,0,
TXN05-02777,5,2026-07-02 16:14:38,3299.44,Fuel,50028,UPI,DEV-05-1,Android,Delhi,16,3,0,2.32,29,1735.89,1094.41,52,856,880,0,0,0,1179.48,0,
TXN05-02778,5,2026-07-02 16:14:43,2367.5,Taxi,50007,UPI,DEV-05-1,Android,Bangalore,16,3,0,0.08,30,1740.36,1096.03,56,857,389,0,0,0,1750.11,0,
TXN05-02779,5,2026-07-02 16:16:46,1490.46,Restaurants,50004,Card,DEV-05-1,Android,Jaipur,16,3,0,2.05,31,1742.14,1094.98,120,858,274,0,0,0,1561.54,0,
TXN05-02780,5,2026-07-02 16:25:08,1986.58,Hotels,50005,Card,DEV-05-3,Web,Pune,16,3,0,8.37,32,1741.43,1093.5,204,401,522,0,0,0,953.87,0,
TXN05-02781,5,2026-07-02 16:34:26,1878.41,Hotels,50077,Card,DEV-05-1,Android,Delhi,16,3,0,9.3,33,1742.12,1092.03,5,859,881,0,0,0,1179.48,0,
TXN05-02782,5,2026-07-02 16:46:51,1093.33,Hotels,50005,Card,DEV-05-7,Android,Mumbai,16,3,0,12.42,34,1742.51,1090.51,205,77,678,0,0,0,1153.24,0,
TXN05-02783,5,2026-07-02 16:52:36,1819.68,Hotels,50056,UPI,DEV-05-2,iPhone,Bangalore,16,3,0,5.75,35,1740.68,1089.52,19,608,390,0,0,0,845.32,0,
TXN05-02784,5,2026-07-02 17:03:34,1843.22,Taxi,50002,UPI,DEV-05-2,iPhone,Pune,17,3,0,10.97,36,1743.99,1087.96,157,609,523,0,0,0,735.23,0,
TXN05-02785,5,2026-07-02 17:08:26,3570.57,Restaurants,50021,Card,DEV-05-4,iPhone,Bangalore,17,3,0,4.87,37,1744.27,1086.44,16,260,391,0,0,0,735.23,0,
TXN05-02786,5,2026-07-02 17:21:02,413.78,Fuel,50062,Card,DEV-05-4,iPhone,Bangalore,17,3,0,12.6,38,1749.39,1089.21,10,261,392,0,0,0,0.0,0,
TXN05-02787,5,2026-07-02 17:32:38,2191.3,Fuel,50043,Card,DEV-05-2,iPhone,Delhi,17,3,0,11.6,39,1747.57,1090.89,26,610,882,0,0,0,1750.11,0,
TXN05-02788,5,2026-07-02 17:38:54,3072.41,Hotels,50031,UPI,DEV-05-1,Android,Bangalore,17,3,0,6.27,40,1748.81,1089.62,19,860,393,0,0,0,1750.11,0,
TXN05-02789,5,2026-07-02 17:41:05,2524.57,Hotels,50027,UPI,DEV-05-2,iPhone,Bangalore,17,3,0,2.18,41,1752.5,1090.33,19,611,394,0,0,0,0.0,0,
TXN05-02790,5,2026-07-02 18:04:49,747.87,Restaurants,50103,UPI,DEV-05-3,Web,Pune,18,3,0,23.73,42,1754.64,1089.57,1,402,524,0,0,1,735.23,0,
TXN05-02791,5,2026-07-02 18:06:07,1615.46,Fuel,50006,Card,DEV-05-5,Android,Pune,18,3,0,1.3,43,1751.86,1089.35,108,207,525,0,0,0,0.0,0,
TXN05-02792,5,2026-07-02 18:11:33,576.45,Taxi,50002,Card,DEV-05-2,iPhone,Mumbai,18,3,0,5.43,44,1751.48,1087.87,158,612,679,0,0,0,120.15,0,
TXN05-02793,5,2026-07-02 18:39:05,1278.96,Restaurants,50022,UPI,DEV-05-3,Web,Bangalore,18,3,0,27.53,45,1748.29,1089.61,27,403,395,0,0,0,845.32,0,
TXN05-02794,5,2026-07-02 18:44:21,4000.0,Taxi,50002,UPI,DEV-05-2,iPhone,Pune,18,3,0,5.27,46,1747.0,1088.39,159,613,526,0,0,0,735.23,0,
TXN05-02795,5,2026-07-02 18:54:02,1543.14,Hotels,50005,UPI,DEV-05-5,Android,Delhi,18,3,0,9.68,47,1753.19,1093.27,206,208,883,0,0,0,1179.48,0,
TXN05-02796,5,2026-07-02 19:32:19,4000.0,Taxi,50007,Card,DEV-05-4,iPhone,Jaipur,19,3,0,38.28,48,1752.61,1091.83,57,262,275,0,0,0,237.53,0,
TXN05-02797,5,2026-07-02 19:36:04,1273.3,Taxi,50058,Card,DEV-05-4,iPhone,Mumbai,19,3,0,3.75,49,1758.75,1096.63,16,263,680,0,0,0,920.74,0,
TXN05-02798,5,2026-07-02 20:11:45,1650.47,Hotels,50005,UPI,DEV-05-1,Android,Delhi,20,3,0,35.68,50,1760.69,1097.34,207,861,884,0,0,0,1153.24,0,
TXN05-02799,5,2026-07-02 21:05:29,2935.53,Restaurants,50020,Card,DEV-05-2,iPhone,Mumbai,21,3,0,53.73,51,1765.94,1095.88,16,614,681,0,0,0,1153.24,0,
TXN05-02800,5,2026-07-02 21:20:38,845.75,Fuel,50078,UPI,DEV-05-3,Web,Delhi,21,3,0,15.15,52,1764.56,1094.09,4,404,885,0,0,0,1153.24,0,
TXN05-02801,5,2026-07-02 21:36:05,4000.0,Restaurants,50004,Card,DEV-05-2,iPhone,Jaipur,21,3,0,15.45,53,1762.03,1093.64,121,615,276,0,0,0,237.53,0,
TXN05-02802,5,2026-07-02 21:40:32,3371.81,Fuel,50003,Card,DEV-05-5,Android,Mumbai,21,3,0,4.45,54,1768.18,1098.4,247,209,682,0,0,0,920.74,0,
TXN05-02803,5,2026-07-02 21:47:03,1295.18,Restaurants,50001,UPI,DEV-05-3,Web,Mumbai,21,3,0,6.52,55,1772.57,1100.1,308,405,683,0,0,0,0.0,0,
TXN05-02804,5,2026-07-02 21:53:02,3876.48,Restaurants,50076,UPI,DEV-05-8,iPhone,Bangalore,21,3,0,5.98,56,1771.27,1098.88,5,52,396,0,0,0,845.32,0,
TXN05-02805,5,2026-07-02 22:11:34,533.24,Hotels,50005,Card,DEV-05-2,iPhone,Bangalore,22,3,0,18.53,57,1781.73,1104.02,208,616,397,0,0,0,0.0,0,
TXN05-02806,5,2026-07-02 22:37:22,885.19,Restaurants,50174,UPI,DEV-05-1,Android,Mumbai,22,3,0,25.8,58,1774.07,1100.78,1,862,684,0,0,1,845.32,1,ato_higher_amount
TXN05-02807,5,2026-07-02 22:46:13,1353.58,Restaurants,50001,UPI,DEV-05-1,Android,Mumbai,22,3,0,8.85,59,1774.9,1100.0,309,863,685,0,0,0,0.0,0,
TXN05-02808,5,2026-07-02 23:19:04,834.69,Restaurants,50001,UPI,DEV-05-39,Web,Delhi,23,3,0,32.85,60,1773.75,1098.72,310,1,886,1,0,0,1153.24,0,
TXN05-02809,5,2026-07-02 23:55:58,2604.97,Restaurants,50080,UPI,DEV-05-5,Android,Delhi,23,3,0,36.9,61,1771.18,1098.31,4,210,887,0,0,0,0.0,0,
TXN05-02810,5,2026-07-03 06:03:26,2773.72,Hotels,50005,Card,DEV-05-7,Android,Delhi,6,4,0,367.47,1,1775.87,1098.2,209,78,888,0,0,0,0.0,0,
TXN05-02811,5,2026-07-03 07:37:24,1183.43,Hotels,50015,Card,DEV-05-4,iPhone,Jaipur,7,4,0,93.97,2,1784.99,1099.91,38,264,277,0,0,0,237.53,0,
TXN05-02812,5,2026-07-03 07:49:12,1129.49,Restaurants,50079,Card,DEV-05-1,Android,Delhi,7,4,0,11.8,3,1783.34,1098.85,5,864,889,0,0,0,237.53,0,
TXN05-02813,5,2026-07-03 07:58:32,2770.31,Restaurants,50009,Card,DEV-05-5,Android,Delhi,7,4,0,9.33,4,1780.56,1099.22,59,211,890,0,0,0,0.0,0,
TXN05-02814,5,2026-07-03 08:04:13,2871.1,Restaurants,50087,UPI,DEV-05-1,Android,Pune,8,4,0,5.68,5,1783.27,1098.94,4,865,527,0,0,0,1179.48,0,
TXN05-02815,5,2026-07-03 08:10:49,1359.96,Taxi,50002,UPI,DEV-05-4,iPhone,Delhi,8,4,0,6.6,6,1786.25,1098.9,160,265,891,0,0,0,1179.48,0,
TXN05-02816,5,2026-07-03 08:11:49,1993.36,Fuel,50003,Card,DEV-05-1,Android,Delhi,8,4,0,1.0,7,1785.08,1097.63,248,866,892,0,0,0,0.0,0,
TXN05-02817,5,2026-07-03 08:24:09,6250.63,Fuel,50001,UPI,DEV-05-1,Android,Unknown Country,8,4,0,12.33,8,1785.65,1096.19,311,867,15,0,0,0,8752.13,1,unknown_country_purchase
TXN05-02818,5,2026-07-03 09:07:18,245.39,Hotels,50014,Card,DEV-05-2,iPhone,Mumbai,9,4,0,43.15,9,1797.27,1121.79,69,617,686,0,0,0,8211.14,0,
TXN05-02819,5,2026-07-03 09:28:27,1742.57,Hotels,50017,UPI,DEV-05-2,iPhone,Bangalore,9,4,0,21.15,10,1793.04,1123.18,43,618,398,0,0,0,845.32,0,
TXN05-02820,5,2026-07-03 10:33:41,1373.72,Hotels,50014,UPI,DEV-05-4,iPhone,Bangalore,10,4,0,65.23,11,1794.15,1122.92,70,266,399,0,0,0,0.0,0,
TXN05-02821,5,2026-07-03 11:23:35,2525.61,Fuel,50104,Card,DEV-05-1,Android,Pune,11,4,0,49.9,12,1792.4,1124.02,1,868,528,0,0,1,735.23,0,
TXN05-02822,5,2026-07-03 11:27:38,700.15,Fuel,50003,UPI,DEV-05-9,Web,Bangalore,11,4,0,4.05,13,1794.4,1123.13,249,40,400,0,0,0,735.23,0,
TXN05-02823,5,2026-07-03 11:38:30,1733.37,Restaurants,50008,Card,DEV-05-3,Web,Mumbai,11,4,0,10.87,14,1791.42,1123.05,78,406,687,0,0,0,845.32,0,
TXN05-02824,5,2026-07-03 12:01:38,773.7,Fuel,50047,Card,DEV-05-1,Android,Delhi,12,4,0,23.13,15,1791.27,1121.53,30,869,893,0,0,0,1153.24,0,
TXN05-02825,5,2026-07-03 12:04:28,2134.9,Restaurants,50021,Card,DEV-05-9,Web,Mumbai,12,4,0,2.83,16,1788.52,1121.26,17,41,688,0,0,0,1153.24,0,
TXN05-02826,5,2026-07-03 12:47:01,637.82,Restaurants,50044,Card,DEV-05-7,Android,Mumbai,12,4,0,42.55,17,1787.03,1114.9,14,79,689,0,0,0,0.0,0,
TXN05-02827,5,2026-07-03 12:55:45,1068.35,Fuel,50013,Card,DEV-05-3,Web,Delhi,12,4,0,8.73,18,1783.92,1114.99,78,407,894,0,0,0,1153.24,0,
TXN05-02828,5,2026-07-03 13:14:58,2082.96,Restaurants,50008,Card,DEV-05-6,Web,Delhi,13,4,0,19.22,19,1778.08,1113.06,79,155,895,0,0,0,0.0,0,
TXN05-02829,5,2026-07-03 13:34:16,4000.0,Restaurants,50008,Card,DEV-05-2,iPhone,Mumbai,13,4,0,19.3,20,1779.97,1114.57,80,619,690,0,0,0,1153.24,0,
TXN05-02830,5,2026-07-03 13:59:24,1635.79,Taxi,50029,UPI,DEV-05-5,Android,Bangalore,13,4,0,25.13,21,1785.97,1119.02,46,212,401,0,0,0,845.32,0,
TXN05-02831,5,2026-07-03 14:15:44,4000.0,Fuel,50047,UPI,DEV-05-1,Android,Delhi,14,4,0,16.33,22,1790.12,1118.52,31,870,896,0,0,0,1750.11,0,
TXN05-02832,5,2026-07-03 14:20:36,571.69,Fuel,50043,UPI,DEV-05-2,iPhone,Pune,14,4,0,4.87,23,1796.09,1122.89,27,620,529,0,0,0,1179.48,0,
TXN05-02833,5,2026-07-03 14:31:15,1614.9,Fuel,50003,Card,DEV-05-1,Android,Pune,14,4,0,10.65,24,1792.79,1123.17,250,871,530,0,0,0,0.0,0,
TXN05-02834,5,2026-07-03 15:42:34,2576.25,Hotels,50017,UPI,DEV-05-2,iPhone,Bangalore,15,4,0,71.32,25,1791.41,1123.07,44,621,402,0,0,0,735.23,0,
TXN05-02835,5,2026-07-03 15:46:34,2250.73,Restaurants,50173,Card,DEV-05-7,Android,Mumbai,15,4,0,4.0,26,1793.52,1122.3,1,80,691,0,0,1,845.32,1,ato_short_gap_new_merchant_same_category
TXN05-02836,5,2026-07-03 16:00:27,1591.85,Taxi,50029,UPI,DEV-05-3,Web,Delhi,16,4,0,13.88,27,1791.83,1121.13,47,408,897,0,0,0,1153.24,0,
TXN05-02837,5,2026-07-03 16:09:40,3175.76,Restaurants,50012,UPI,DEV-05-14,iPhone,Delhi,16,4,0,9.22,28,1789.83,1120.82,45,6,898,0,0,0,0.0,0,
TXN05-02838,5,2026-07-03 16:57:38,983.93,Restaurants,50008,UPI,DEV-05-8,iPhone,Bangalore,16,4,0,47.97,29,1796.91,1123.61,81,53,403,0,0,0,1750.11,0,
TXN05-02839,5,2026-07-03 18:03:22,418.76,Hotels,50005,UPI,DEV-05-1,Android,Bangalore,18,4,0,65.73,30,1797.97,1125.04,210,872,404,0,0,0,0.0,0,
TXN05-02840,5,2026-07-03 18:04:15,1290.86,Hotels,50017,Card,DEV-05-5,Android,Delhi,18,4,0,0.88,31,1794.25,1125.79,45,213,899,0,0,0,1750.11,0,
TXN05-02841,5,2026-07-03 18:55:40,4000.0,Fuel,50043,Card,DEV-05-1,Android,Delhi,18,4,0,51.42,32,1791.93,1125.94,28,873,900,0,0,0,0.0,0,
TXN05-02842,5,2026-07-03 19:30:25,2013.66,Fuel,50003,Card,DEV-05-4,iPhone,Mumbai,19,4,0,34.75,33,1785.47,1123.24,251,267,692,0,0,0,1153.24,0,
TXN05-02843,5,2026-07-03 19:42:08,4000.0,Restaurants,50045,Card,DEV-05-1,Android,Delhi,19,4,0,11.72,34,1783.93,1122.53,7,874,901,0,0,0,1153.24,0,
TXN05-02844,5,2026-07-03 19:46:22,865.39,Restaurants,50001,Card,DEV-05-3,Web,Pune,19,4,0,4.23,35,1789.92,1126.9,312,409,531,0,0,0,1179.48,0,
TXN05-02845,5,2026-07-03 20:24:32,536.61,Restaurants,50008,UPI,DEV-05-3,Web,Mumbai,20,4,0,38.17,36,1784.01,1126.0,82,410,693,0,0,0,120.15,0,
TXN05-02846,5,2026-07-03 20:58:09,1028.17,Restaurants,50004,Card,DEV-05-3,Web,Bangalore,20,4,0,33.62,37,1780.64,1126.34,122,411,405,0,0,0,845.32,0,
TXN05-02847,5,2026-07-03 21:14:25,701.75,Hotels,50005,UPI,DEV-05-7,Android,Mumbai,21,4,0,16.27,38,1778.62,1125.5,211,81,694,0,0,0,845.32,0,
TXN05-02848,5,2026-07-03 21:23:06,2120.88,Fuel,50043,UPI,DEV-05-6,Web,Mumbai,21,4,0,8.68,39,1766.56,1120.76,29,156,695,0,0,0,0.0,0,
TXN05-02849,5,2026-07-03 22:10:15,817.52,Restaurants,50080,Card,DEV-05-6,Web,Pune,22,4,0,47.15,40,1778.97,1122.4,5,157,532,0,0,0,120.15,0,
TXN05-02850,5,2026-07-03 22:50:42,1750.53,Hotels,50105,Card,DEV-05-3,Web,Bangalore,22,4,0,40.45,41,1776.36,1121.99,1,412,406,0,0,1,735.23,0,
TXN05-02851,5,2026-07-03 23:02:35,4000.0,Restaurants,50016,Card,DEV-05-1,Android,Goa,23,4,0,11.88,42,1776.29,1120.47,40,875,1,0,1,0,454.99,0,
TXN05-02852,5,2026-07-03 23:22:37,3481.84,Hotels,50015,UPI,DEV-05-1,Android,Delhi,23,4,0,20.03,43,1780.32,1130.27,39,876,902,0,0,0,1521.64,0,
TXN05-02853,5,2026-07-04 06:03:11,2334.27,Taxi,50054,UPI,DEV-05-1,Android,Pune,6,5,1,400.57,1,1784.4,1134.43,12,877,533,0,0,0,1179.48,0,
TXN05-02854,5,2026-07-04 06:19:40,1610.14,Fuel,50067,Card,DEV-05-1,Android,Delhi,6,5,1,16.48,2,1785.33,1136.31,7,878,903,0,0,0,1179.48,0,
TXN05-02855,5,2026-07-04 06:24:11,1272.67,Fuel,50097,UPI,DEV-05-8,iPhone,Mumbai,6,5,1,4.52,3,1784.85,1134.78,3,54,696,0,0,0,1153.24,0,
TXN05-02856,5,2026-07-04 07:02:05,320.57,Fuel,50006,Card,DEV-05-1,Android,Delhi,7,5,1,37.9,4,1781.9,1134.72,109,879,904,0,0,0,1153.24,0,
TXN05-02857,5,2026-07-04 07:52:48,2877.28,Fuel,50062,Card,DEV-05-2,iPhone,Pune,7,5,1,50.72,5,1784.08,1143.8,11,622,534,0,0,0,1179.48,0,
TXN05-02858,5,2026-07-04 08:17:39,349.02,Fuel,50006,Card,DEV-05-3,Web,Mumbai,8,5,1,24.85,6,1786.71,1145.24,110,413,697,0,0,0,120.15,0,
TXN05-02859,5,2026-07-04 09:12:56,2803.53,Fuel,50006,Card,DEV-05-4,iPhone,Delhi,9,5,1,55.28,7,1767.27,1141.39,111,268,905,0,0,0,1153.24,0,
TXN05-02860,5,2026-07-04 09:30:14,1050.71,Restaurants,50001,Card,DEV-05-1,Android,Jaipur,9,5,1,17.3,8,1773.25,1141.3,313,880,278,0,0,0,237.53,0,
TXN05-02861,5,2026-07-04 10:21:22,1132.68,Hotels,50005,Card,DEV-05-2,iPhone,Mumbai,10,5,1,51.13,9,1780.31,1140.83,212,623,698,0,0,0,920.74,0,
TXN05-02862,5,2026-07-04 10:30:37,635.34,Fuel,50003,Card,DEV-05-1,Android,Pune,10,5,1,9.25,10,1778.46,1139.72,252,881,535,0,0,0,120.15,0,
TXN05-02863,5,2026-07-04 11:14:38,335.09,Restaurants,50008,Card,DEV-05-2,iPhone,Mumbai,11,5,1,44.02,11,1775.62,1140.78,83,624,699,0,0,0,120.15,0,
TXN05-02864,5,2026-07-04 11:20:03,4000.0,Fuel,50075,UPI,DEV-05-3,Web,Delhi,11,5,1,5.42,12,1774.75,1141.76,5,414,906,0,0,0,1153.24,0,
TXN05-02865,5,2026-07-04 11:24:46,2839.98,Hotels,50005,UPI,DEV-05-1,Android,Jaipur,11,5,1,4.72,13,1781.1,1146.3,213,882,279,0,0,0,237.53,0,
TXN05-02866,5,2026-07-04 11:32:57,2438.79,Hotels,50105,Card,DEV-05-10,Android,Delhi,11,5,1,8.18,14,1777.79,1141.55,2,31,907,0,0,0,237.53,0,
TXN05-02867,5,2026-07-04 12:08:44,521.91,Restaurants,50046,UPI,DEV-05-2,iPhone,Delhi,12,5,1,35.78,15,1780.6,1145.2,8,625,908,0,0,0,0.0,0,
TXN05-02868,5,2026-07-04 12:15:48,3236.87,Taxi,50002,UPI,DEV-05-3,Web,Delhi,12,5,1,7.07,16,1776.97,1145.54,161,415,909,0,0,0,0.0,0,
TXN05-02869,5,2026-07-04 12:25:41,459.84,Taxi,50039,UPI,DEV-05-1,Android,Mumbai,12,5,1,9.88,17,1781.41,1148.2,26,883,700,0,0,0,1153.24,0,
TXN05-02870,5,2026-07-04 12:41:52,381.99,Restaurants,50001,UPI,DEV-05-1,Android,Delhi,12,5,1,16.18,18,1777.61,1148.73,314,884,910,0,0,0,1153.24,0,
TXN05-02871,5,2026-07-04 13:22:45,2590.26,Hotels,50014,Card,DEV-05-4,iPhone,Jaipur,13,5,1,40.88,19,1782.02,1151.22,71,269,280,0,0,0,237.53,0,
TXN05-02872,5,2026-07-04 13:26:14,3013.08,Restaurants,50008,UPI,DEV-05-1,Android,Pune,13,5,1,3.48,20,1784.35,1150.38,84,885,536,0,0,0,953.87,0,
TXN05-02873,5,2026-07-04 14:22:50,2156.76,Taxi,50098,Card,DEV-05-2,iPhone,Pune,14,5,1,56.6,21,1788.5,1154.23,7,626,537,0,0,0,0.0,0,
TXN05-02874,5,2026-07-04 14:39:00,1791.47,Fuel,50028,UPI,DEV-05-2,iPhone,Bangalore,14,5,1,16.17,22,1789.57,1152.72,53,627,407,0,0,0,735.23,0,
TXN05-02875,5,2026-07-04 15:13:35,899.46,Hotels,50015,Card,DEV-05-2,iPhone,Mumbai,15,5,1,34.58,23,1788.63,1154.46,40,628,701,0,0,0,845.32,0,
TXN05-02876,5,2026-07-04 16:20:00,2101.7,Hotels,50005,Card,DEV-05-3,Web,Delhi,16,5,1,66.42,24,1794.02,1152.97,214,416,911,0,0,0,1153.24,0,
TXN05-02877,5,2026-07-04 16:25:18,4000.0,Fuel,50043,UPI,DEV-05-1,Android,Pune,16,5,1,5.3,25,1794.93,1151.39,30,886,538,0,0,0,1179.48,0,
TXN05-02878,5,2026-07-04 17:06:28,1710.09,Hotels,50027,Card,DEV-05-7,Android,Jaipur,17,5,1,41.17,26,1801.41,1155.88,20,82,281,0,0,0,953.87,0,
TXN05-02879,5,2026-07-04 19:17:35,2462.99,Taxi,50029,Card,DEV-05-3,Web,Bangalore,19,5,1,131.12,27,1806.05,1154.81,48,417,408,0,0,0,1561.54,0,
TXN05-02880,5,2026-07-04 19:34:55,846.5,Restaurants,50021,Card,DEV-05-1,Android,Mumbai,19,5,1,17.33,28,1812.07,1153.02,18,887,702,0,0,0,845.32,0,
TXN05-02881,5,2026-07-04 20:13:13,969.87,Restaurants,50001,UPI,DEV-05-4,iPhone,Jaipur,20,5,1,38.3,29,1813.23,1154.41,315,270,282,0,0,0,920.74,0,
TXN05-02882,5,2026-07-04 20:15:33,2146.57,Restaurants,50035,UPI,DEV-05-1,Android,Delhi,20,5,1,2.33,30,1810.84,1155.34,11,888,912,0,0,0,237.53,0,
TXN05-02883,5,2026-07-04 20:16:16,4000.0,Restaurants,50079,Card,DEV-05-40,Android,Pune,20,5,1,0.72,31,1811.86,1153.74,6,1,539,1,0,0,1179.48,0,
TXN05-02884,5,2026-07-04 21:11:18,2104.59,Fuel,50084,Card,DEV-05-5,Android,Delhi,21,5,1,55.03,32,1819.41,1160.99,4,214,913,0,0,0,1179.48,0,
TXN05-02885,5,2026-07-04 21:50:08,1379.68,Taxi,50037,Card,DEV-05-13,iPhone,Bangalore,21,5,1,38.83,33,1831.93,1163.14,27,11,409,0,0,0,1750.11,0,
TXN05-02886,5,2026-07-04 21:50:09,640.84,Hotels,50077,UPI,DEV-05-6,Web,Pune,21,5,1,0.02,34,1830.55,1161.63,6,158,540,0,0,0,735.23,0,
TXN05-02887,5,2026-07-04 21:52:29,2549.13,Hotels,50014,UPI,DEV-05-2,iPhone,Pune,21,5,1,2.33,35,1826.92,1161.71,72,629,541,0,0,0,0.0,0,
TXN05-02888,5,2026-07-04 21:55:44,2700.86,Hotels,50027,Card,DEV-05-1,Android,Delhi,21,5,1,3.25,36,1829.12,1160.62,21,889,914,0,0,0,1179.48,0,
TXN05-02889,5,2026-07-04 22:04:37,2435.96,Fuel,50003,Card,DEV-05-2,iPhone,Delhi,22,5,1,8.88,37,1835.63,1159.48,253,630,915,0,0,0,0.0,0,
TXN05-02890,5,2026-07-04 23:06:24,1550.92,Taxi,50002,Card,DEV-05-2,iPhone,Delhi,23,5,1,61.78,38,1834.84,1164.03,162,631,916,0,0,0,0.0,0,
TXN05-02891,5,2026-07-04 23:17:29,432.13,Restaurants,50004,Card,DEV-05-1,Android,Mumbai,23,5,1,11.08,39,1833.97,1162.35,123,890,703,0,0,0,1153.24,0,
TXN05-02892,5,2026-07-04 23:29:55,1841.4,Fuel,50081,UPI,DEV-05-1,Android,Mumbai,23,5,1,12.43,40,1829.68,1163.15,2,891,704,0,0,0,0.0,0,
TXN05-02893,5,2026-07-05 01:07:05,1864.23,Shopping,50001,UPI,DEV-05-1,Android,Delhi,1,6,1,97.17,1,1826.18,1164.05,316,892,917,0,0,0,1153.24,1,late_night_spree
TXN05-02894,5,2026-07-05 01:37:49,5475.89,Shopping,50001,UPI,DEV-05-1,Android,Delhi,1,6,1,30.73,2,1826.3,1162.27,317,893,918,0,0,0,0.0,1,late_night_spree
TXN05-02895,5,2026-07-05 02:04:05,5266.23,Shopping,50001,UPI,DEV-05-1,Android,Delhi,2,6,1,26.27,3,1837.42,1177.81,318,894,919,0,0,0,0.0,1,late_night_spree
TXN05-02896,5,2026-07-05 02:30:49,5609.76,Shopping,50001,UPI,DEV-05-1,Android,Delhi,2,6,1,26.73,4,1849.75,1192.38,319,895,920,0,0,0,0.0,1,late_night_spree
TXN05-02897,5,2026-07-05 06:14:23,2646.66,Fuel,50028,UPI,DEV-05-2,iPhone,Hyderabad,6,6,1,223.57,5,1855.67,1206.12,54,632,2,0,0,0,1266.53,0,
TXN05-02898,5,2026-07-05 06:26:39,1783.91,Fuel,50047,UPI,DEV-05-2,iPhone,Pune,6,6,1,12.27,6,1861.22,1208.07,32,633,542,0,0,0,505.75,0,
TXN05-02899,5,2026-07-05 06:59:55,1409.01,Fuel,50013,Card,DEV-05-8,iPhone,Mumbai,6,6,1,33.27,7,1862.06,1211.35,79,55,705,0,0,0,120.15,0,
TXN05-02900,5,2026-07-05 07:09:25,4000.0,Restaurants,50074,UPI,DEV-05-6,Web,Delhi,7,6,1,9.5,8,1862.33,1211.24,3,159,921,0,0,0,1153.24,0,
TXN05-02901,5,2026-07-05 07:31:35,1136.46,Restaurants,50035,UPI,DEV-05-3,Web,Mumbai,7,6,1,22.17,9,1872.79,1217.69,12,418,706,0,0,0,1153.24,0,
TXN05-02902,5,2026-07-05 07:32:45,2648.27,Restaurants,50012,Card,DEV-05-2,iPhone,Mumbai,7,6,1,1.17,10,1870.52,1216.5,46,634,707,0,0,0,0.0,0,
TXN05-02903,5,2026-07-05 07:52:13,571.17,Taxi,50007,Card,DEV-05-6,Web,Delhi,7,6,1,19.47,11,1876.51,1215.6,58,160,922,0,0,0,1153.24,0,
TXN05-02904,5,2026-07-05 07:56:22,1572.4,Fuel,50047,Card,DEV-05-1,Android,Mumbai,7,6,1,4.15,12,1872.49,1215.88,33,896,708,0,0,0,1153.24,0,
TXN05-02905,5,2026-07-05 07:57:35,4000.0,Hotels,50005,UPI,DEV-05-1,Android,Mumbai,7,6,1,1.22,13,1871.57,1214.13,215,897,709,0,0,0,0.0,0,
TXN05-02906,5,2026-07-05 08:14:31,2303.49,Taxi,50029,Card,DEV-05-1,Android,Delhi,8,6,1,16.93,14,1879.34,1219.61,49,898,923,0,0,0,1153.24,0,
TXN05-02907,5,2026-07-05 08:25:30,1693.41,Restaurants,50009,UPI,DEV-05-10,Android,Mumbai,8,6,1,10.98,15,1880.64,1217.97,60,32,710,0,0,0,1153.24,0,
TXN05-02908,5,2026-07-05 08:27:56,1746.39,Restaurants,50001,UPI,DEV-05-3,Web,Bangalore,8,6,1,2.43,16,1880.07,1216.15,320,419,410,0,0,0,845.32,0,
TXN05-02909,5,2026-07-05 08:51:04,1109.85,Fuel,50099,Card,DEV-05-2,iPhone,Mumbai,8,6,1,23.13,17,1879.66,1214.33,2,635,711,0,0,0,845.32,0,
TXN05-02910,5,2026-07-05 09:05:38,1787.74,Restaurants,50011,Card,DEV-05-2,iPhone,Mumbai,9,6,1,14.57,18,1879.09,1214.64,41,636,712,0,0,0,0.0,0,
TXN05-02911,5,2026-07-05 09:14:11,1299.09,Fuel,50106,UPI,DEV-05-1,Android,Mumbai,9,6,1,8.55,19,1878.83,1211.32,1,899,713,0,0,1,0.0,0,
TXN05-02912,5,2026-07-05 09:19:43,1647.68,Restaurants,50021,UPI,DEV-05-3,Web,Bangalore,9,6,1,5.53,20,1877.07,1209.89,19,420,411,0,0,0,845.32,0,
TXN05-02913,5,2026-07-05 09:32:15,3905.79,Fuel,50084,Card,DEV-05-7,Android,Delhi,9,6,1,12.53,21,1876.37,1208.12,5,83,924,0,0,0,1750.11,0,
TXN05-02914,5,2026-07-05 09:50:40,2552.49,Taxi,50039,Card,DEV-05-2,iPhone,Delhi,9,6,1,18.42,22,1885.65,1211.93,27,637,925,0,0,0,0.0,0,
TXN05-02915,5,2026-07-05 10:12:53,2182.09,Hotels,50082,UPI,DEV-05-2,iPhone,Pune,10,6,1,22.22,23,1883.71,1210.35,5,638,543,0,0,0,1179.48,0,
TXN05-02916,5,2026-07-05 10:24:59,1788.16,Taxi,50007,Card,DEV-05-7,Android,Mumbai,10,6,1,12.1,24,1884.61,1208.62,59,84,714,0,0,0,120.15,0,
TXN05-02917,5,2026-07-05 10:26:18,630.05,Restaurants,50012,Card,DEV-05-2,iPhone,Bangalore,10,6,1,1.32,25,1884.32,1206.81,47,639,412,0,0,0,845.32,0,
TXN05-02918,5,2026-07-05 11:45:12,1664.86,Taxi,50007,Card,DEV-05-2,iPhone,Mumbai,11,6,1,78.9,26,1873.52,1211.71,60,640,715,0,0,0,845.32,0,
TXN05-02919,5,2026-07-05 11:57:03,3665.48,Hotels,50095,UPI,DEV-05-2,iPhone,Mumbai,11,6,1,11.85,27,1866.86,1210.65,2,641,716,0,0,0,0.0,0,
TXN05-02920,5,2026-07-05 12:01:37,2870.34,Hotels,50010,Card,DEV-05-2,iPhone,Mumbai,12,6,1,4.57,28,1872.39,1212.88,87,642,717,0,0,0,0.0,0,
TXN05-02921,5,2026-07-05 12:02:31,3126.02,Restaurants,50001,Card,DEV-05-1,Android,Delhi,12,6,1,0.9,29,1875.45,1212.28,321,900,926,0,0,0,1153.24,0,
TXN05-02922,5,2026-07-05 12:17:35,2584.01,Hotels,50025,Card,DEV-05-7,Android,Delhi,12,6,1,15.07,30,1882.46,1212.89,28,85,927,0,0,0,0.0,0,
TXN05-02923,5,2026-07-05 12:41:30,683.09,Restaurants,50011,Card,DEV-05-7,Android,Mumbai,12,6,1,23.92,31,1884.6,1211.65,42,86,718,0,0,0,1153.24,0,
TXN05-02924,5,2026-07-05 12:59:34,3133.35,Restaurants,50016,Card,DEV-05-2,iPhone,Pune,12,6,1,18.07,32,1880.94,1211.61,41,643,544,0,0,0,120.15,0,
TXN05-02925,5,2026-07-05 13:05:27,2353.3,Hotels,50107,Card,DEV-05-3,Web,Pune,13,6,1,5.88,33,1884.75,1211.73,2,421,545,0,0,0,0.0,0,
TXN05-02926,5,2026-07-05 13:15:44,4000.0,Taxi,50002,Card,DEV-05-2,iPhone,Delhi,13,6,1,10.28,34,1886.17,1210.17,163,644,928,0,0,0,1179.48,0,
TXN05-02927,5,2026-07-05 13:23:37,2294.93,Restaurants,50012,UPI,DEV-05-2,iPhone,Mumbai,13,6,1,7.88,35,1892.62,1215.73,48,645,719,0,0,0,1153.24,0,
TXN05-02928,5,2026-07-05 13:28:30,2066.17,Fuel,50059,Card,DEV-05-5,Android,Pune,13,6,1,4.88,36,1890.9,1214.76,13,215,546,0,0,0,120.15,0,
TXN05-02929,5,2026-07-05 13:30:09,1482.79,Taxi,50002,Card,DEV-05-1,Android,Delhi,13,6,1,1.65,37,1891.43,1212.96,164,901,929,0,0,0,1179.48,0,
TXN05-02930,5,2026-07-05 13:35:15,4000.0,Fuel,50043,UPI,DEV-05-41,Web,Mumbai,13,6,1,5.1,38,1890.2,1211.34,31,1,720,1,0,0,1153.24,0,
TXN05-02931,5,2026-07-05 13:43:22,3831.31,Restaurants,50001,UPI,DEV-05-8,iPhone,Mumbai,13,6,1,8.12,39,1896.54,1215.02,322,56,721,0,0,0,0.0,0,
TXN05-02932,5,2026-07-05 13:52:48,3099.5,Restaurants,50001,UPI,DEV-05-1,Android,Pune,13,6,1,9.43,40,1902.33,1217.8,323,902,547,0,0,0,120.15,0,
TXN05-02933,5,2026-07-05 13:57:03,862.63,Restaurants,50041,Card,DEV-05-1,Android,Bangalore,13,6,1,4.25,41,1905.9,1217.73,12,903,413,0,0,0,735.23,0,
TXN05-02934,5,2026-07-05 14:33:18,2460.25,Restaurants,50019,Card,DEV-05-1,Android,Pune,14,6,1,36.25,42,1902.8,1217.24,34,904,548,0,0,0,735.23,0,
TXN05-02935,5,2026-07-05 14:42:57,2338.69,Restaurants,50001,Card,DEV-05-3,Web,Mumbai,14,6,1,9.65,43,1904.69,1218.14,324,422,722,0,0,0,120.15,0,
TXN05-02936,5,2026-07-05 14:44:15,1711.3,Hotels,50005,UPI,DEV-05-3,Web,Pune,14,6,1,1.3,44,1905.98,1216.56,216,423,549,0,0,0,120.15,0,
TXN05-02937,5,2026-07-05 14:46:36,438.43,Restaurants,50008,UPI,DEV-05-2,iPhone,Mumbai,14,6,1,2.35,45,1906.7,1216.37,85,646,723,0,0,0,120.15,0,
TXN05-02938,5,2026-07-05 15:16:23,1162.45,Fuel,50091,Card,DEV-05-3,Web,Mumbai,15,6,1,29.78,46,1899.32,1219.06,3,424,724,0,0,0,0.0,0,
TXN05-02939,5,2026-07-05 15:16:46,1243.84,Taxi,50049,Card,DEV-05-1,Android,Pune,15,6,1,0.38,47,1897.11,1217.89,21,905,550,0,0,0,120.15,0,
TXN05-02940,5,2026-07-05 15:31:33,674.59,Restaurants,50012,UPI,DEV-05-7,Android,Mumbai,15,6,1,14.78,48,1897.47,1217.69,49,87,725,0,0,0,120.15,0,
TXN05-02941,5,2026-07-05 15:48:10,3452.51,Restaurants,50034,Card,DEV-05-1,Android,Pune,15,6,1,16.62,49,1899.8,1219.54,14,906,551,0,0,0,120.15,0,
TXN05-02942,5,2026-07-05 16:08:37,1098.13,Fuel,50053,UPI,DEV-05-5,Android,Mumbai,16,6,1,20.45,50,1905.15,1222.44,22,216,726,0,0,0,120.15,0,
TXN05-02943,5,2026-07-05 16:09:35,2645.02,Fuel,50063,Card,DEV-05-2,iPhone,Bangalore,16,6,1,0.97,51,1902.73,1221.4,5,647,414,0,0,0,845.32,0,
TXN05-02944,5,2026-07-05 16:16:37,2024.78,Restaurants,50001,Card,DEV-05-2,iPhone,Delhi,16,6,1,7.03,52,1904.95,1220.24,325,648,930,0,0,0,1750.11,0,
TXN05-02945,5,2026-07-05 17:05:15,2081.89,Taxi,50002,UPI,DEV-05-3,Web,Pune,17,6,1,48.63,53,1908.11,1219.18,165,425,552,0,0,0,1179.48,0,
TXN05-02946,5,2026-07-05 17:19:30,805.99,Restaurants,50044,Card,DEV-05-7,Android,Delhi,17,6,1,14.25,54,1904.71,1217.11,15,88,931,0,0,0,1179.48,0,
TXN05-02947,5,2026-07-05 17:26:21,1068.32,Taxi,50002,UPI,DEV-05-4,iPhone,Bangalore,17,6,1,6.85,55,1901.43,1216.77,166,271,415,0,0,0,1750.11,0,
TXN05-02948,5,2026-07-05 17:41:58,1876.85,Fuel,50003,Card,DEV-05-3,Web,Bangalore,17,6,1,15.62,56,1898.95,1215.81,254,426,416,0,0,0,0.0,0,
TXN05-02949,5,2026-07-05 17:44:20,1445.7,Restaurants,50001,UPI,DEV-05-5,Android,Mumbai,17,6,1,2.37,57,1898.88,1214.0,326,217,727,0,0,0,845.32,0,
TXN05-02950,5,2026-07-05 17:46:58,1819.7,Fuel,50028,Card,DEV-05-2,iPhone,Delhi,17,6,1,2.63,58,1897.54,1212.46,55,649,932,0,0,0,1153.24,0,
TXN05-02951,5,2026-07-05 17:50:33,1224.27,Taxi,50093,Card,DEV-05-1,Android,Jaipur,17,6,1,3.58,59,1897.31,1210.67,3,907,283,0,0,0,237.53,0,
TXN05-02952,5,2026-07-05 18:32:59,1294.63,Restaurants,50021,UPI,DEV-05-1,Android,Delhi,18,6,1,42.43,60,1898.38,1209.92,20,908,933,0,0,0,237.53,0,
TXN05-02953,5,2026-07-05 18:34:16,1369.54,Taxi,50007,UPI,DEV-05-6,Web,Mumbai,18,6,1,1.28,61,1896.6,1208.58,61,161,728,0,0,0,1153.24,0,
TXN05-02954,5,2026-07-05 18:35:42,4000.0,Taxi,50007,Card,DEV-05-7,Android,Bangalore,18,6,1,1.43,62,1895.06,1207.15,62,89,417,0,0,0,845.32,0,
TXN05-02955,5,2026-07-05 18:46:04,1789.62,Hotels,50077,Card,DEV-05-9,Web,Delhi,18,6,1,10.37,63,1901.21,1210.73,7,42,934,0,0,0,1750.11,0,
TXN05-02956,5,2026-07-05 18:55:40,3211.58,Restaurants,50083,UPI,DEV-05-3,Web,Jaipur,18,6,1,9.6,64,1902.98,1210.12,5,427,284,0,0,0,237.53,0,
TXN05-02957,5,2026-07-05 18:57:52,843.7,Taxi,50007,UPI,DEV-05-1,Android,Delhi,18,6,1,2.2,65,1906.8,1210.41,63,909,935,0,0,0,237.53,0,
TXN05-02958,5,2026-07-05 19:00:02,1242.42,Restaurants,50080,UPI,DEV-05-1,Android,Jaipur,19,6,1,2.17,66,1903.71,1210.01,6,910,285,0,0,0,237.53,0,
TXN05-02959,5,2026-07-05 19:17:30,2797.51,Hotels,50005,UPI,DEV-05-1,Android,Mumbai,19,6,1,17.47,67,1901.79,1208.77,217,911,729,0,0,0,920.74,0,
TXN05-02960,5,2026-07-05 19:42:26,3878.35,Fuel,50047,Card,DEV-05-3,Web,Mumbai,19,6,1,24.93,68,1905.67,1209.49,34,428,730,0,0,0,0.0,0,
TXN05-02961,5,2026-07-05 20:23:18,602.19,Restaurants,50021,UPI,DEV-05-7,Android,Bangalore,20,6,1,40.87,69,1918.52,1212.3,21,90,418,0,0,0,845.32,0,
TXN05-02962,5,2026-07-05 20:28:57,2698.82,Taxi,50029,Card,DEV-05-1,Android,Jaipur,20,6,1,5.65,70,1914.7,1212.61,50,912,286,0,0,0,1561.54,0,
TXN05-02963,5,2026-07-05 20:34:31,729.11,Restaurants,50042,Card,DEV-05-1,Android,Delhi,20,6,1,5.57,71,1916.97,1211.58,14,913,936,0,0,0,237.53,0,
TXN05-02964,5,2026-07-05 20:38:59,1841.46,Restaurants,50001,Card,DEV-05-1,Android,Bangalore,20,6,1,4.47,72,1913.54,1211.51,327,914,419,0,0,0,1750.11,0,
TXN05-02965,5,2026-07-05 20:45:44,2652.59,Restaurants,50009,UPI,DEV-05-3,Web,Pune,20,6,1,6.75,73,1913.33,1209.77,61,429,553,0,0,0,735.23,0,
TXN05-02966,5,2026-07-05 20:53:54,1597.71,Restaurants,50020,UPI,DEV-05-3,Web,Delhi,20,6,1,8.17,74,1918.11,1209.4,17,430,937,0,0,0,1179.48,0,
TXN05-02967,5,2026-07-05 21:08:47,1659.87,Restaurants,50004,UPI,DEV-05-2,iPhone,Pune,21,6,1,14.88,75,1917.19,1207.79,124,650,554,0,0,0,1179.48,0,
TXN05-02968,5,2026-07-05 21:16:15,1941.19,Restaurants,50001,UPI,DEV-05-3,Web,Pune,21,6,1,7.47,76,1916.45,1206.13,328,431,555,0,0,0,0.0,0,
TXN05-02969,5,2026-07-05 21:18:45,950.79,Restaurants,50021,UPI,DEV-05-1,Android,Pune,21,6,1,2.5,77,1916.52,1204.41,22,915,556,0,0,0,0.0,0,
TXN05-02970,5,2026-07-05 22:42:42,4000.0,Restaurants,50001,Card,DEV-05-2,iPhone,Bangalore,22,6,1,83.95,78,1921.87,1206.4,329,651,420,0,0,0,735.23,0,
TXN05-02971,5,2026-07-05 23:16:40,1434.05,Taxi,50002,Card,DEV-05-3,Web,Mumbai,23,6,1,33.97,79,1927.69,1208.5,167,432,731,0,0,0,845.32,0,
TXN05-02972,5,2026-07-05 23:29:09,706.74,Fuel,50066,Card,DEV-05-2,iPhone,Delhi,23,6,1,12.48,80,1926.26,1207.04,5,652,938,0,0,0,1153.24,0,
TXN05-02973,5,2026-07-05 23:32:54,4000.0,Restaurants,50076,Card,DEV-05-8,iPhone,Delhi,23,6,1,3.75,81,1922.74,1207.07,6,57,939,0,0,0,0.0,0,
TXN05-02974,5,2026-07-05 23:45:54,1564.17,Restaurants,50008,UPI,DEV-05-5,Android,Pune,23,6,1,13.0,82,1926.88,1211.72,86,218,557,0,0,0,1179.48,0,
TXN05-02975,5,2026-07-06 06:00:19,1606.68,Hotels,50024,Card,DEV-05-9,Web,Mumbai,6,0,0,374.42,1,1905.71,1169.29,41,43,732,0,0,0,120.15,0,
TXN05-02976,5,2026-07-06 06:00:23,612.72,Taxi,50030,Card,DEV-05-1,Android,Delhi,6,0,0,0.07,2,1904.85,1167.7,33,916,940,0,0,0,1153.24,0,
TXN05-02977,5,2026-07-06 06:02:00,4000.0,Restaurants,50016,UPI,DEV-05-1,Android,Delhi,6,0,0,1.62,3,1901.11,1168.07,42,917,941,0,0,0,0.0,0,
TXN05-02978,5,2026-07-06 06:18:34,2943.01,Hotels,50010,UPI,DEV-05-4,iPhone,Bangalore,6,0,0,16.57,4,1907.16,1171.8,88,272,421,0,0,0,1750.11,0,
TXN05-02979,5,2026-07-06 06:44:29,1660.6,Restaurants,50012,UPI,DEV-05-1,Android,Bangalore,6,0,0,25.92,5,1913.71,1171.23,50,918,422,0,0,0,0.0,0,
TXN05-02980,5,2026-07-06 06:53:20,1764.08,Taxi,50007,UPI,DEV-05-7,Android,Mumbai,6,0,0,8.85,6,1912.98,1169.62,64,91,733,0,0,0,845.32,0,
TXN05-02981,5,2026-07-06 07:10:14,2039.35,Fuel,50028,Card,DEV-05-1,Android,Delhi,7,0,0,16.9,7,1912.56,1167.97,56,919,942,0,0,0,1153.24,0,
TXN05-02982,5,2026-07-06 07:16:06,625.75,Hotels,50010,UPI,DEV-05-3,Web,Delhi,7,0,0,5.87,8,1910.39,1167.03,89,433,943,0,0,0,0.0,0,
TXN05-02983,5,2026-07-06 07:30:44,785.95,Hotels,50005,Card,DEV-05-1,Android,Pune,7,0,0,14.63,9,1909.33,1168.03,218,920,558,0,0,0,1179.48,0,
TXN05-02984,5,2026-07-06 07:32:16,1756.8,Fuel,50006,UPI,DEV-05-3,Web,Bangalore,7,0,0,1.53,10,1906.12,1167.9,112,434,423,0,0,0,735.23,0,
TXN05-02985,5,2026-07-06 07:38:28,1125.02,Fuel,50028,Card,DEV-05-1,Android,Bangalore,7,0,0,6.2,11,1904.69,1167.78,57,921,424,0,0,0,0.0,0,
TXN05-02986,5,2026-07-06 07:41:51,629.28,Taxi,50002,UPI,DEV-05-1,Android,Bangalore,7,0,0,3.38,12,1902.47,1166.85,168,922,425,0,0,0,0.0,0,
TXN05-02987,5,2026-07-06 08:26:53,1146.54,Restaurants,50026,UPI,DEV-05-1,Android,Mumbai,8,0,0,45.03,13,1897.82,1167.91,25,923,734,0,0,0,845.32,0,
TXN05-02988,5,2026-07-06 08:32:52,1288.85,Restaurants,50001,UPI,DEV-05-7,Android,Pune,8,0,0,5.98,14,1895.67,1166.93,330,92,559,0,0,0,120.15,0,
TXN05-02989,5,2026-07-06 08:56:29,2407.81,Fuel,50081,Card,DEV-05-13,iPhone,Pune,8,0,0,23.62,15,1894.89,1167.24,3,12,560,0,0,0,0.0,0,
TXN05-02990,5,2026-07-06 08:58:31,2274.91,Fuel,50064,UPI,DEV-05-5,Android,Mumbai,8,0,0,2.03,16,1896.35,1165.9,8,219,735,0,0,0,120.15,0,
TXN05-02991,5,2026-07-06 09:17:02,980.08,Hotels,50018,Card,DEV-05-1,Android,Pune,9,0,0,18.52,17,1897.42,1164.42,35,924,561,0,0,0,120.15,0,
TXN05-02992,5,2026-07-06 09:17:14,1447.35,Hotels,50005,Card,DEV-05-3,Web,Jaipur,9,0,0,0.2,18,1894.82,1163.79,219,435,287,0,0,0,953.87,0,
TXN05-02993,5,2026-07-06 09:25:21,4000.0,Taxi,50029,UPI,DEV-05-3,Web,Jaipur,9,0,0,8.12,19,1893.56,1162.39,51,436,288,0,0,0,0.0,0,
TXN05-02994,5,2026-07-06 09:27:41,1134.91,Restaurants,50008,UPI,DEV-05-4,iPhone,Bangalore,9,0,0,2.33,20,1899.49,1166.11,87,273,426,0,0,0,1561.54,0,
TXN05-02995,5,2026-07-06 09:35:56,1102.8,Restaurants,50108,UPI,DEV-05-1,Android,Mumbai,9,0,0,8.25,21,1896.25,1166.63,1,925,736,0,0,1,845.32,0,
TXN05-02996,5,2026-07-06 10:18:22,1026.53,Hotels,50010,Card,DEV-05-1,Android,Mumbai,10,0,0,42.43,22,1894.02,1165.74,90,926,737,0,0,0,0.0,0,
TXN05-02997,5,2026-07-06 10:27:02,1343.31,Fuel,50053,UPI,DEV-05-5,Android,Mumbai,10,0,0,8.67,23,1891.59,1165.01,23,220,738,0,0,0,0.0,0,
TXN05-02998,5,2026-07-06 10:53:37,1410.57,Restaurants,50023,Card,DEV-05-4,iPhone,Delhi,10,0,0,26.58,24,1892.54,1164.43,20,274,944,0,0,0,1153.24,0,
TXN05-02999,5,2026-07-06 10:59:44,2796.78,Hotels,50027,Card,DEV-05-2,iPhone,Jaipur,10,0,0,6.12,25,1891.2,1163.08,22,653,289,0,0,0,237.53,0,
TXN05-03000,5,2026-07-06 11:14:43,1856.39,Hotels,50014,Card,DEV-05-4,iPhone,Bangalore,11,0,0,14.98,26,1887.84,1158.71,73,275,427,0,0,0,1561.54,0,
TXN05-03001,5,2026-07-06 11:16:13,1564.04,Restaurants,50008,Card,DEV-05-7,Android,Mumbai,11,0,0,1.5,27,1887.75,1157.09,88,93,739,0,0,0,845.32,0,
TXN05-03002,5,2026-07-06 11:20:32,901.42,Restaurants,50001,Card,DEV-05-6,Web,Bangalore,11,0,0,4.32,28,1886.85,1155.61,331,162,428,0,0,0,845.32,0,
TXN05-03003,5,2026-07-06 12:05:39,531.76,Hotels,50082,UPI,DEV-05-1,Android,Pune,12,0,0,45.12,29,1893.36,1155.22,6,927,562,0,0,0,735.23,0,
TXN05-03004,5,2026-07-06 12:30:56,3285.98,Taxi,50002,UPI,DEV-05-4,iPhone,Delhi,12,0,0,25.28,30,1883.67,1152.05,169,276,945,0,0,0,1179.48,0,
TXN05-03005,5,2026-07-06 12:53:36,1610.57,Restaurants,50004,Card,DEV-05-2,iPhone,Chennai,12,0,0,22.67,31,1887.57,1152.82,125,654,5,0,0,0,1767.65,0,
TXN05-03006,5,2026-07-06 12:56:08,2918.39,Taxi,50037,UPI,DEV-05-42,Android,Delhi,12,0,0,2.53,32,1886.81,1151.31,28,1,946,1,0,0,1767.65,0,
TXN05-03007,5,2026-07-06 13:21:04,2268.91,Taxi,50002,UPI,DEV-05-4,iPhone,Pune,13,0,0,24.93,33,1889.66,1150.99,170,277,563,0,0,0,1179.48,0,
TXN05-03008,5,2026-07-06 13:29:40,1718.65,Taxi,50002,UPI,DEV-05-1,Android,Pune,13,0,0,8.6,34,1890.71,1149.57,171,928,564,0,0,0,0.0,0,
TXN05-03009,5,2026-07-06 13:55:49,918.05,Restaurants,50001,UPI,DEV-05-7,Android,Pune,13,0,0,26.15,35,1893.79,1147.61,332,94,565,0,0,0,0.0,0,
TXN05-03010,5,2026-07-06 14:30:18,1053.24,Restaurants,50046,UPI,DEV-05-1,Android,Mumbai,14,0,0,34.48,36,1877.63,1109.88,9,929,740,0,0,0,120.15,0,
TXN05-03011,5,2026-07-06 14:37:15,3747.36,Hotels,50027,Card,DEV-05-1,Android,Bangalore,14,0,0,6.95,37,1875.35,1109.19,23,930,429,0,0,0,845.32,0,
TXN05-03012,5,2026-07-06 15:13:12,2363.38,Hotels,50027,Card,DEV-05-5,Android,Delhi,15,0,0,35.95,38,1884.25,1111.25,24,221,947,0,0,0,1750.11,0,
TXN05-03013,5,2026-07-06 15:16:46,1622.6,Fuel,50062,UPI,DEV-05-3,Web,Pune,15,0,0,3.57,39,1885.57,1110.01,12,437,566,0,0,0,1179.48,0,
TXN05-03014,5,2026-07-06 15:18:09,788.25,Restaurants,50020,UPI,DEV-05-5,Android,Mumbai,15,0,0,1.38,40,1884.84,1108.57,18,222,741,0,0,0,120.15,0,
TXN05-03015,5,2026-07-06 15:20:31,2770.83,Taxi,50109,Card,DEV-05-43,Web,Delhi,15,0,0,2.37,41,1881.84,1108.53,1,1,948,1,0,1,1153.24,0,
TXN05-03016,5,2026-07-06 15:55:23,1806.44,Hotels,50005,Card,DEV-05-3,Web,Delhi,15,0,0,34.87,42,1890.27,1109.31,220,438,949,0,0,0,0.0,0,
TXN05-03017,5,2026-07-06 16:07:44,4000.0,Restaurants,50001,UPI,DEV-05-1,Android,Pune,16,0,0,12.35,43,1890.04,1107.8,333,931,567,0,0,0,1179.48,0,
TXN05-03018,5,2026-07-06 16:16:05,1928.48,Restaurants,50001,Card,DEV-05-3,Web,Pune,16,0,0,8.35,44,1895.82,1111.76,334,439,568,0,0,0,0.0,0,
TXN05-03019,5,2026-07-06 16:20:28,2080.6,Taxi,50007,UPI,DEV-05-1,Android,Delhi,16,0,0,4.38,45,1895.91,1110.24,65,932,950,0,0,0,1179.48,0,
TXN05-03020,5,2026-07-06 16:52:18,1950.0,Taxi,50102,Card,DEV-05-2,iPhone,Pune,16,0,0,31.83,46,1899.36,1109.94,3,655,569,0,0,0,1179.48,0,
TXN05-03021,5,2026-07-06 17:12:44,1121.0,Restaurants,50008,Card,DEV-05-1,Android,Delhi,17,0,0,20.43,47,1899.5,1108.43,89,933,951,0,0,0,1179.48,0,
TXN05-03022,5,2026-07-06 17:18:16,732.72,Fuel,50040,UPI,DEV-05-3,Web,Bangalore,17,0,0,5.53,48,1897.38,1107.66,36,440,430,0,0,0,1750.11,0,
TXN05-03023,5,2026-07-06 17:27:15,1820.3,Hotels,50005,Card,DEV-05-1,Android,Mumbai,17,0,0,8.98,49,1894.21,1107.81,221,934,742,0,0,0,845.32,0,
TXN05-03024,5,2026-07-06 17:30:08,1794.14,Taxi,50002,UPI,DEV-05-3,Web,Mumbai,17,0,0,2.88,50,1894.01,1106.32,172,441,743,0,0,0,0.0,0,
TXN05-03025,5,2026-07-06 17:40:23,594.81,Taxi,50037,Card,DEV-05-6,Web,Pune,17,0,0,10.25,51,1893.74,1104.83,29,163,570,0,0,0,120.15,0,
TXN05-03026,5,2026-07-06 17:54:50,2479.09,Fuel,50040,UPI,DEV-05-2,iPhone,Delhi,17,0,0,14.45,52,1891.8,1106.48,37,656,952,0,0,0,1179.48,0,
TXN05-03027,5,2026-07-06 18:28:30,208.53,Restaurants,50110,Card,DEV-05-4,iPhone,Delhi,18,0,0,33.67,53,1902.25,1106.99,1,278,953,0,0,1,0.0,0,
TXN05-03028,5,2026-07-06 18:29:20,761.48,Restaurants,50012,UPI,DEV-05-3,Web,Delhi,18,0,0,0.83,54,1897.65,1109.0,51,442,954,0,0,0,0.0,0,
TXN05-03029,5,2026-07-06 18:56:34,2071.11,Hotels,50085,UPI,DEV-05-5,Android,Pune,18,0,0,27.23,55,1894.57,1109.07,3,223,571,0,0,0,1179.48,0,
TXN05-03030,5,2026-07-06 19:27:32,589.0,Hotels,50024,Card,DEV-05-2,iPhone,Mumbai,19,0,0,30.97,56,1893.92,1108.89,42,657,744,0,0,0,120.15,0,
TXN05-03031,5,2026-07-06 19:37:35,1981.21,Fuel,50006,Card,DEV-05-1,Android,Mumbai,19,0,0,10.05,57,1890.39,1109.46,113,935,745,0,0,0,0.0,0,
TXN05-03032,5,2026-07-06 20:00:41,428.41,Fuel,50013,Card,DEV-05-2,iPhone,Jaipur,20,0,0,23.1,58,1890.64,1107.98,80,658,290,0,0,0,920.74,0,
TXN05-03033,5,2026-07-06 20:12:17,1261.54,Taxi,50061,UPI,DEV-05-1,Android,Delhi,20,0,0,11.6,59,1886.71,1109.07,7,936,955,0,0,0,237.53,0,
TXN05-03034,5,2026-07-06 20:20:56,3045.45,Fuel,50003,Card,DEV-05-1,Android,Mumbai,20,0,0,8.65,60,1885.03,1108.06,255,937,746,0,0,0,1153.24,0,
TXN05-03035,5,2026-07-06 20:47:28,2486.51,Taxi,50002,Card,DEV-05-1,Android,Delhi,20,0,0,26.53,61,1888.13,1108.2,173,938,956,0,0,0,1153.24,0,
TXN05-03036,5,2026-07-06 20:58:14,760.43,Taxi,50029,UPI,DEV-05-1,Android,Mumbai,20,0,0,10.77,62,1889.73,1107.15,52,939,747,0,0,0,1153.24,0,
TXN05-03037,5,2026-07-06 21:21:11,928.97,Fuel,50003,Card,DEV-05-3,Web,Pune,21,0,0,22.95,63,1887.97,1108.42,256,443,572,0,0,0,120.15,0,
TXN05-03038,5,2026-07-06 21:53:51,2725.38,Restaurants,50001,Card,DEV-05-1,Android,Mumbai,21,0,0,32.67,64,1887.3,1108.92,335,940,748,0,0,0,120.15,0,
TXN05-03039,5,2026-07-06 22:09:58,747.05,Hotels,50025,UPI,DEV-05-5,Android,Bangalore,22,0,0,16.12,65,1889.53,1108.28,29,224,431,0,0,0,845.32,0,
TXN05-03040,5,2026-07-06 22:57:46,2737.39,Hotels,50005,UPI,DEV-05-2,iPhone,Mumbai,22,0,0,47.8,66,1886.05,1109.53,222,659,749,0,0,0,845.32,0,
TXN05-03041,5,2026-07-06 23:25:31,3410.53,Fuel,50006,UPI,DEV-05-3,Web,Mumbai,23,0,0,27.75,67,1888.32,1108.91,114,444,750,0,0,0,0.0,0,
TXN05-03042,5,2026-07-07 06:10:37,2086.68,Taxi,50037,Card,DEV-05-1,Android,Pune,6,1,0,405.1,1,1897.07,1111.07,30,941,573,0,0,0,120.15,0,
TXN05-03043,5,2026-07-07 06:57:10,3480.66,Fuel,50006,UPI,DEV-05-10,Android,Pune,6,1,0,46.55,2,1902.7,1110.36,115,33,574,0,0,0,0.0,0,
TXN05-03044,5,2026-07-07 07:00:52,2316.94,Fuel,50003,UPI,DEV-05-1,Android,Bangalore,7,1,0,3.7,3,1906.93,1111.87,257,942,432,0,0,0,735.23,0,
TXN05-03045,5,2026-07-07 07:36:24,1136.25,Restaurants,50032,Card,DEV-05-1,Android,Delhi,7,1,0,35.53,4,1908.03,1110.59,23,943,957,0,0,0,1750.11,0,
TXN05-03046,5,2026-07-07 08:24:11,2039.23,Restaurants,50004,Card,DEV-05-8,iPhone,Pune,8,1,0,47.78,5,1901.52,1107.96,126,58,575,0,0,0,1179.48,0,
TXN05-03047,5,2026-07-07 08:27:54,1978.18,Restaurants,50011,Card,DEV-05-4,iPhone,Delhi,8,1,0,3.72,6,1901.89,1106.51,43,279,958,0,0,0,1179.48,0,
TXN05-03048,5,2026-07-07 08:32:36,498.03,Fuel,50003,UPI,DEV-05-9,Web,Mumbai,8,1,0,4.7,7,1903.72,1106.07,258,44,751,0,0,0,1153.24,0,
TXN05-03049,5,2026-07-07 09:01:08,2061.19,Fuel,50006,UPI,DEV-05-2,iPhone,Delhi,9,1,0,28.53,8,1899.98,1106.96,116,660,959,0,0,0,1153.24,0,
TXN05-03050,5,2026-07-07 09:13:46,2325.0,Restaurants,50026,UPI,DEV-05-1,Android,Pune,9,1,0,12.63,9,1895.52,1102.91,26,944,576,0,0,0,1179.48,0,
TXN05-03051,5,2026-07-07 09:16:38,3991.76,Restaurants,50074,UPI,DEV-05-1,Android,Mumbai,9,1,0,2.87,10,1896.66,1101.67,4,945,752,0,0,0,120.15,0,
TXN05-03052,5,2026-07-07 09:19:27,1352.57,Hotels,50111,Card,DEV-05-1,Android,Mumbai,9,1,0,2.82,11,1902.2,1105.46,1,946,753,0,0,1,0.0,0,
TXN05-03053,5,2026-07-07 09:38:24,1332.78,Restaurants,50011,Card,DEV-05-6,Web,Jaipur,9,1,0,18.95,12,1903.16,1108.29,44,164,291,0,0,0,920.74,0,
TXN05-03054,5,2026-07-07 10:05:18,388.88,Taxi,50094,Card,DEV-05-1,Android,Delhi,10,1,0,26.9,13,1901.65,1107.2,5,947,960,0,0,0,237.53,0,
TXN05-03055,5,2026-07-07 10:38:15,1387.95,Taxi,50037,UPI,DEV-05-5,Android,Bangalore,10,1,0,32.95,14,1892.07,1104.63,31,225,433,0,0,0,1750.11,0,
TXN05-03056,5,2026-07-07 11:12:25,2268.89,Hotels,50027,Card,DEV-05-6,Web,Mumbai,11,1,0,34.17,15,1890.73,1103.47,25,165,754,0,0,0,845.32,0,
TXN05-03057,5,2026-07-07 11:33:02,726.48,Taxi,50002,UPI,DEV-05-1,Android,Delhi,11,1,0,20.62,16,1891.73,1102.18,174,948,961,0,0,0,1153.24,0,
TXN05-03058,5,2026-07-07 12:02:18,1128.39,Restaurants,50023,UPI,DEV-05-2,iPhone,Mumbai,12,1,0,29.27,17,1887.2,1103.43,21,661,755,0,0,0,1153.24,0,
TXN05-03059,5,2026-07-07 12:13:15,1311.45,Hotels,50014,UPI,DEV-05-9,Web,Jaipur,12,1,0,10.95,18,1885.2,1102.67,74,45,292,0,0,0,920.74,0,
TXN05-03060,5,2026-07-07 12:18:22,1014.05,Taxi,50094,UPI,DEV-05-8,iPhone,Mumbai,12,1,0,5.12,19,1883.69,1101.61,6,59,756,0,0,0,920.74,0,
TXN05-03061,5,2026-07-07 13:03:28,1799.36,Restaurants,50034,UPI,DEV-05-1,Android,Mumbai,13,1,0,45.1,20,1885.84,1102.24,15,949,757,0,0,0,0.0,0,
TXN05-03062,5,2026-07-07 13:18:53,1894.13,Hotels,50010,Card,DEV-05-3,Web,Mumbai,13,1,0,15.42,21,1885.61,1100.81,91,445,758,0,0,0,0.0,0,
TXN05-03063,5,2026-07-07 13:19:37,4000.0,Fuel,50067,UPI,DEV-05-5,Android,Bangalore,13,1,0,0.73,22,1885.63,1099.36,8,226,434,0,0,0,845.32,0,
TXN05-03064,5,2026-07-07 13:58:22,645.86,Taxi,50030,Card,DEV-05-1,Android,Jaipur,13,1,0,38.75,23,1883.02,1101.92,34,950,293,0,0,0,1561.54,0,
TXN05-03065,5,2026-07-07 14:09:29,642.39,Hotels,50031,Card,DEV-05-4,iPhone,Bangalore,14,1,0,11.12,24,1879.77,1102.29,20,280,435,0,0,0,1561.54,0,
TXN05-03066,5,2026-07-07 14:14:08,1504.94,Hotels,50111,UPI,DEV-05-1,Android,Bangalore,14,1,0,4.65,25,1876.53,1102.66,2,951,436,0,0,0,0.0,0,
TXN05-03067,5,2026-07-07 14:24:53,1474.41,Hotels,50017,Card,DEV-05-5,Android,Mumbai,14,1,0,10.75,26,1871.52,1099.99,46,227,759,0,0,0,845.32,0,
TXN05-03068,5,2026-07-07 15:02:39,1019.94,Restaurants,50016,Card,DEV-05-3,Web,Bangalore,15,1,0,37.77,27,1874.19,1097.79,43,446,437,0,0,0,845.32,0,
TXN05-03069,5,2026-07-07 15:30:05,2952.87,Hotels,50005,UPI,DEV-05-2,iPhone,Jaipur,15,1,0,27.43,28,1871.96,1097.22,223,662,294,0,0,0,1561.54,0,
TXN05-03070,5,2026-07-07 15:44:33,3238.95,Restaurants,50009,UPI,DEV-05-1,Android,Delhi,15,1,0,14.47,29,1881.7,1098.52,62,952,962,0,0,0,237.53,0,
TXN05-03071,5,2026-07-07 15:55:17,702.24,Fuel,50006,UPI,DEV-05-1,Android,Delhi,15,1,0,10.73,30,1888.52,1100.56,117,953,963,0,0,0,0.0,0,
TXN05-03072,5,2026-07-07 16:13:32,1536.21,Fuel,50055,Card,DEV-05-2,iPhone,Bangalore,16,1,0,18.25,31,1885.41,1100.79,14,663,438,0,0,0,1750.11,0,
TXN05-03073,5,2026-07-07 16:16:36,1135.54,Hotels,50077,UPI,DEV-05-2,iPhone,Delhi,16,1,0,3.07,32,1884.49,1099.49,8,664,964,0,0,0,1750.11,0,
TXN05-03074,5,2026-07-07 16:55:53,2041.5,Taxi,50007,UPI,DEV-05-1,Android,Delhi,16,1,0,39.28,33,1885.94,1098.14,66,954,965,0,0,0,0.0,0,
TXN05-03075,5,2026-07-07 17:55:32,303.54,Restaurants,50001,Card,DEV-05-5,Android,Pune,17,1,0,59.65,34,1889.23,1097.8,336,228,577,0,0,0,1179.48,0,
TXN05-03076,5,2026-07-07 18:13:22,1116.6,Restaurants,50001,Card,DEV-05-4,iPhone,Delhi,18,1,0,17.83,35,1885.08,1099.35,337,281,966,0,0,0,1179.48,0,
TXN05-03077,5,2026-07-07 18:13:55,544.93,Hotels,50027,UPI,DEV-05-1,Android,Bangalore,18,1,0,0.55,36,1883.07,1098.61,26,955,439,0,0,0,1750.11,0,
TXN05-03078,5,2026-07-07 18:20:57,1278.73,Taxi,50002,UPI,DEV-05-2,iPhone,Delhi,18,1,0,7.03,37,1879.59,1099.3,175,665,967,0,0,0,1750.11,0,
TXN05-03079,5,2026-07-07 18:52:55,1029.95,Restaurants,50001,Card,DEV-05-1,Android,Mumbai,18,1,0,31.97,38,1878.03,1098.3,338,956,760,0,0,0,1153.24,0,
TXN05-03080,5,2026-07-07 18:53:11,1808.3,Hotels,50017,Card,DEV-05-1,Android,Mumbai,18,1,0,0.27,39,1875.83,1097.72,47,957,761,0,0,0,0.0,0,
TXN05-03081,5,2026-07-07 18:58:17,645.92,Restaurants,50046,Card,DEV-05-2,iPhone,Jaipur,18,1,0,5.1,40,1874.15,1097.6,10,666,295,0,0,0,920.74,0,
TXN05-03082,5,2026-07-07 19:14:17,913.51,Fuel,50006,UPI,DEV-05-1,Android,Mumbai,19,1,0,16.0,41,1872.76,1100.53,118,958,762,0,0,0,920.74,0,
TXN05-03083,5,2026-07-07 19:50:30,1208.46,Taxi,50039,UPI,DEV-05-1,Android,Pune,19,1,0,36.22,42,1874.45,1098.55,28,959,578,0,0,0,120.15,0,
TXN05-03084,5,2026-07-07 20:08:04,267.35,Taxi,50007,Card,DEV-05-1,Android,Delhi,20,1,0,17.57,43,1869.69,1097.46,67,960,968,0,0,0,1179.48,0,
TXN05-03085,5,2026-07-07 20:23:35,2333.89,Fuel,50048,Card,DEV-05-1,Android,Mumbai,20,1,0,15.52,44,1865.53,1099.07,19,961,763,0,0,0,1153.24,0,
TXN05-03086,5,2026-07-07 20:43:22,2872.82,Restaurants,50001,UPI,DEV-05-4,iPhone,Pune,20,1,0,19.78,45,1866.75,1097.9,339,282,579,0,0,0,120.15,0,
TXN05-03087,5,2026-07-07 21:13:25,1724.08,Restaurants,50035,Card,DEV-05-4,iPhone,Bangalore,21,1,0,30.05,46,1866.6,1097.76,13,283,440,0,0,0,735.23,0,
TXN05-03088,5,2026-07-07 21:14:02,4000.0,Restaurants,50023,Card,DEV-05-4,iPhone,Mumbai,21,1,0,0.62,47,1866.23,1096.36,22,284,764,0,0,0,845.32,0,
TXN05-03089,5,2026-07-07 22:07:18,2324.65,Restaurants,50012,UPI,DEV-05-1,Android,Mumbai,22,1,0,53.27,48,1871.73,1100.28,52,962,765,0,0,0,0.0,0,
TXN05-03090,5,2026-07-07 22:08:53,2311.26,Fuel,50099,UPI,DEV-05-6,Web,Pune,22,1,0,1.58,49,1872.89,1099.11,3,166,580,0,0,0,120.15,0,
TXN05-03091,5,2026-07-07 22:30:42,576.98,Taxi,50094,UPI,DEV-05-1,Android,Delhi,22,1,0,21.82,50,1868.55,1094.02,7,963,969,0,0,0,1179.48,0,
TXN05-03092,5,2026-07-07 22:30:54,1653.82,Fuel,50055,UPI,DEV-05-3,Web,Pune,22,1,0,0.2,51,1865.24,1094.57,15,447,581,0,0,0,1179.48,0,
TXN05-03093,5,2026-07-07 22:47:17,917.75,Restaurants,50011,Card,DEV-05-44,Android,Delhi,22,1,0,16.38,52,1864.7,1093.22,45,1,970,1,0,0,1179.48,0,
TXN05-03094,5,2026-07-07 22:49:40,1623.44,Fuel,50078,Card,DEV-05-2,iPhone,Delhi,22,1,0,2.38,53,1862.28,1092.87,5,667,971,0,0,0,0.0,0,
TXN05-03095,5,2026-07-07 23:00:23,798.7,Hotels,50005,UPI,DEV-05-2,iPhone,Pune,23,1,0,10.72,54,1862.87,1092.68,224,668,582,0,0,0,1179.48,0,
TXN05-03096,5,2026-07-07 23:08:48,1171.46,Restaurants,50020,UPI,DEV-05-2,iPhone,Bangalore,23,1,0,8.42,55,1860.16,1092.6,19,669,441,0,0,0,735.23,0,
TXN05-03097,5,2026-07-08 01:42:55,3458.33,Shopping,50001,UPI,DEV-05-1,Android,Delhi,1,2,0,154.12,1,1860.46,1092.4,340,964,972,0,0,0,1750.11,1,late_night_spree
TXN05-03098,5,2026-07-08 02:51:55,2321.33,Shopping,50001,UPI,DEV-05-1,Android,Delhi,2,2,0,69.0,2,1864.51,1093.97,341,965,973,0,0,0,0.0,1,late_night_spree
TXN05-03099,5,2026-07-08 06:26:00,1426.58,Taxi,50007,UPI,DEV-05-6,Web,Delhi,6,2,0,214.08,3,1868.23,1093.02,68,167,974,0,0,0,0.0,0,
TXN05-03100,5,2026-07-08 06:37:05,1926.63,Taxi,50058,Card,DEV-05-3,Web,Delhi,6,2,0,11.08,4,1868.6,1092.85,17,448,975,0,0,0,0.0,0,
TXN05-03101,5,2026-07-08 07:30:57,1023.7,Restaurants,50009,UPI,DEV-05-4,iPhone,Bangalore,7,2,0,53.87,5,1865.95,1089.64,63,285,442,0,0,0,1750.11,0,
TXN05-03102,5,2026-07-08 08:24:28,1458.83,Restaurants,50032,Card,DEV-05-3,Web,Pune,8,2,0,53.52,6,1866.72,1088.94,24,449,583,0,0,0,735.23,0,
TXN05-03103,5,2026-07-08 09:13:43,1733.05,Fuel,50003,UPI,DEV-05-3,Web,Delhi,9,2,0,49.25,7,1868.52,1089.02,259,450,976,0,0,0,1179.48,0,
TXN05-03104,5,2026-07-08 09:29:49,4000.0,Restaurants,50001,Card,DEV-05-3,Web,Jaipur,9,2,0,16.1,8,1867.51,1089.18,342,451,296,0,0,0,237.53,0,
TXN05-03105,5,2026-07-08 10:09:44,1169.32,Hotels,50005,UPI,DEV-05-2,iPhone,Delhi,10,2,0,39.92,9,1872.96,1093.11,225,670,977,0,0,0,237.53,0,
TXN05-03106,5,2026-07-08 10:30:24,1683.06,Restaurants,50112,UPI,DEV-05-2,iPhone,Pune,10,2,0,20.67,10,1871.17,1092.29,1,671,584,0,0,1,1179.48,0,
TXN05-03107,5,2026-07-08 10:56:34,593.75,Fuel,50003,UPI,DEV-05-4,iPhone,Pune,10,2,0,26.17,11,1870.69,1090.94,260,286,585,0,0,0,0.0,0,
TXN05-03108,5,2026-07-08 11:02:43,4000.0,Restaurants,50004,UPI,DEV-05-2,iPhone,Pune,11,2,0,6.15,12,1867.45,1091.45,127,672,586,0,0,0,0.0,0,
TXN05-03109,5,2026-07-08 11:40:17,1422.09,Restaurants,50011,Card,DEV-05-3,Web,Mumbai,11,2,0,37.57,13,1881.36,1096.72,46,452,766,0,0,0,120.15,0,
TXN05-03110,5,2026-07-08 11:54:15,445.11,Fuel,50028,Card,DEV-05-7,Android,Delhi,11,2,0,13.97,14,1882.96,1098.85,58,95,978,0,0,0,1153.24,0,
TXN05-03111,5,2026-07-08 12:28:56,2289.55,Restaurants,50001,UPI,DEV-05-3,Web,Delhi,12,2,0,34.68,15,1873.79,1095.97,343,453,979,0,0,0,0.0,0,
TXN05-03112,5,2026-07-08 12:57:47,1601.84,Hotels,50010,UPI,DEV-05-1,Android,Mumbai,12,2,0,28.85,16,1872.06,1094.78,92,966,767,0,0,0,1153.24,0,
TXN05-03113,5,2026-07-08 13:16:19,3737.8,Restaurants,50034,UPI,DEV-05-2,iPhone,Jaipur,13,2,0,18.53,17,1871.36,1093.46,16,673,297,0,0,0,920.74,0,
TXN05-03114,5,2026-07-08 13:22:10,1381.03,Taxi,50039,Card,DEV-05-1,Android,Delhi,13,2,0,5.85,18,1878.9,1096.18,29,967,980,0,0,0,237.53,0,
TXN05-03115,5,2026-07-08 13:39:03,3728.71,Taxi,50007,UPI,DEV-05-8,iPhone,Delhi,13,2,0,16.88,19,1877.63,1095.07,69,60,981,0,0,0,0.0,0,
TXN05-03116,5,2026-07-08 14:05:13,1641.43,Fuel,50081,Card,DEV-05-3,Web,Mumbai,14,2,0,26.17,20,1882.36,1097.65,4,454,768,0,0,0,1153.24,0,
TXN05-03117,5,2026-07-08 14:25:31,1507.29,Restaurants,50026,UPI,DEV-05-1,Android,Mumbai,14,2,0,20.3,21,1882.41,1098.35,27,968,769,0,0,0,0.0,0,
TXN05-03118,5,2026-07-08 14:52:03,1114.15,Hotels,50015,Card,DEV-05-5,Android,Pune,14,2,0,26.53,22,1886.7,1097.46,41,229,587,0,0,0,120.15,0,
TXN05-03119,5,2026-07-08 15:02:58,2859.86,Restaurants,50004,UPI,DEV-05-3,Web,Jaipur,15,2,0,10.92,23,1884.72,1096.75,128,455,298,0,0,0,953.87,0,
TXN05-03120,5,2026-07-08 16:29:50,1832.59,Taxi,50007,Card,DEV-05-1,Android,Pune,16,2,0,86.87,24,1884.52,1101.15,70,969,588,0,0,0,953.87,0,
TXN05-03121,5,2026-07-08 16:52:02,2891.11,Hotels,50010,UPI,DEV-05-8,iPhone,Delhi,16,2,0,22.2,25,1884.38,1099.74,93,61,982,0,0,0,1179.48,0,
TXN05-03122,5,2026-07-08 16:55:35,3160.85,Taxi,50002,Card,DEV-05-4,iPhone,Bangalore,16,2,0,3.55,26,1886.97,1099.5,176,287,443,0,0,0,1750.11,0,
TXN05-03123,5,2026-07-08 17:22:07,961.32,Taxi,50109,UPI,DEV-05-2,iPhone,Delhi,17,2,0,26.53,27,1882.54,1096.64,2,674,983,0,0,0,1750.11,0,
TXN05-03124,5,2026-07-08 17:25:02,1110.29,Restaurants,50019,Card,DEV-05-9,Web,Delhi,17,2,0,2.92,28,1874.71,1092.33,35,46,984,0,0,0,0.0,0,
TXN05-03125,5,2026-07-08 17:36:55,1320.27,Restaurants,50001,Card,DEV-05-4,iPhone,Bangalore,17,2,0,11.88,29,1872.75,1091.61,344,288,444,0,0,0,1750.11,0,
TXN05-03126,5,2026-07-08 17:37:17,757.58,Restaurants,50009,Card,DEV-05-2,iPhone,Delhi,17,2,0,0.37,30,1871.33,1090.57,64,675,985,0,0,0,1750.11,0,
TXN05-03127,5,2026-07-08 17:39:10,2812.24,Restaurants,50004,Card,DEV-05-1,Android,Pune,17,2,0,1.88,31,1868.48,1090.62,129,970,589,0,0,0,1179.48,0,
TXN05-03128,5,2026-07-08 18:49:39,1033.38,Fuel,50006,UPI,DEV-05-3,Web,Delhi,18,2,0,70.48,32,1876.88,1089.82,119,456,986,0,0,0,1179.48,0,
TXN05-03129,5,2026-07-08 19:19:59,2059.56,Restaurants,50001,UPI,DEV-05-6,Web,Delhi,19,2,0,30.33,33,1875.57,1090.53,345,168,987,0,0,0,0.0,0,
TXN05-03130,5,2026-07-08 19:29:02,1292.89,Hotels,50010,Card,DEV-05-2,iPhone,Delhi,19,2,0,9.05,34,1876.04,1089.17,94,676,988,0,0,0,0.0,0,
TXN05-03131,5,2026-07-08 19:48:25,4000.0,Fuel,50003,UPI,DEV-05-3,Web,Pune,19,2,0,19.38,35,1876.78,1088.68,261,457,590,0,0,0,1179.48,0,
TXN05-03132,5,2026-07-08 21:07:18,384.28,Taxi,50058,Card,DEV-05-1,Android,Mumbai,21,2,0,78.88,36,1884.0,1092.77,18,971,770,0,0,0,120.15,0,
TXN05-03133,5,2026-07-08 22:18:16,1923.94,Restaurants,50016,UPI,DEV-05-11,iPhone,Mumbai,22,2,0,70.97,37,1882.77,1095.98,44,17,771,0,0,0,0.0,0,
TXN05-03134,5,2026-07-08 22:31:56,2067.6,Hotels,50113,UPI,DEV-05-2,iPhone,Pune,22,2,0,13.67,38,1880.04,1094.55,1,677,591,0,0,1,120.15,0,
TXN05-03135,5,2026-07-08 22:53:29,1804.7,Taxi,50039,Card,DEV-05-1,Android,Delhi,22,2,0,21.55,39,1880.52,1093.19,30,972,989,0,0,0,1179.48,0,
TXN05-03136,5,2026-07-08 23:04:09,1968.11,Restaurants,50035,UPI,DEV-05-3,Web,Pune,23,2,0,10.67,40,1881.67,1092.87,14,458,592,0,0,0,1179.48,0,
TXN05-03137,5,2026-07-08 23:37:36,4000.0,Hotels,50027,UPI,DEV-05-2,iPhone,Jaipur,23,2,0,33.45,41,1882.93,1092.69,27,678,299,0,0,0,953.87,0,
TXN05-03138,5,2026-07-08 23:46:28,1755.09,Fuel,50013,Card,DEV-05-4,iPhone,Delhi,23,2,0,8.87,42,1888.36,1096.53,81,289,990,0,0,0,237.53,0,
TXN05-03139,5,2026-07-08 23:55:02,1348.79,Taxi,50068,UPI,DEV-05-1,Android,Pune,23,2,0,8.57,43,1886.19,1095.95,6,973,593,0,0,0,1179.48,0,
TXN05-03140,5,2026-07-09 01:54:09,100000.0,Bank Transfer,50001,Card,DEV-05-1,Android,Delhi,1,3,0,119.12,1,1884.82,1094.88,346,974,991,0,0,0,1179.48,1,huge_transfer
TXN05-03141,5,2026-07-09 05:19:52,100000.0,Bank Transfer,50001,Card,DEV-05-1,Android,Delhi,5,3,0,205.72,2,2135.11,5068.6,347,975,992,0,0,0,0.0,1,huge_transfer
TXN05-03142,5,2026-07-09 06:22:31,1380.73,Taxi,50068,Card,DEV-05-1,Android,Delhi,6,3,0,62.65,3,2395.18,7101.76,7,976,993,0,0,0,0.0,0,
TXN05-03143,5,2026-07-09 07:04:42,1652.97,Restaurants,50023,UPI,DEV-05-8,iPhone,Bangalore,7,3,0,42.18,4,2394.43,7101.85,23,62,445,0,0,0,1750.11,0,
TXN05-03144,5,2026-07-09 07:40:59,4000.0,Restaurants,50001,UPI,DEV-05-3,Web,Pune,7,3,0,36.28,5,2396.23,7110.36,348,459,594,0,0,0,735.23,0,
TXN05-03145,5,2026-07-09 07:49:15,767.64,Hotels,50014,UPI,DEV-05-2,iPhone,Bangalore,7,3,0,8.27,6,2407.65,7119.28,75,679,446,0,0,0,735.23,0,
TXN05-03146,5,2026-07-09 08:04:20,1229.97,Restaurants,50044,Card,DEV-05-5,Android,Mumbai,8,3,0,15.08,7,2403.42,7110.58,16,230,772,0,0,0,845.32,0,
TXN05-03147,5,2026-07-09 08:10:47,1414.53,Fuel,50086,UPI,DEV-05-2,iPhone,Bangalore,8,3,0,6.45,8,2400.41,7101.68,3,680,447,0,0,0,845.32,0,
TXN05-03148,5,2026-07-09 08:22:49,1989.02,Fuel,50064,Card,DEV-05-6,Web,Delhi,8,3,0,12.03,9,2397.88,7092.75,9,169,994,0,0,0,1750.11,0,
TXN05-03149,5,2026-07-09 08:42:52,1292.84,Restaurants,50092,UPI,DEV-05-2,iPhone,Pune,8,3,0,20.05,10,2394.15,7092.58,2,681,595,0,0,0,1179.48,0,
TXN05-03150,5,2026-07-09 09:17:29,3345.04,Restaurants,50096,UPI,DEV-05-5,Android,Mumbai,9,3,0,34.62,11,2391.33,7083.72,3,231,773,0,0,0,120.15,0,
TXN05-03151,5,2026-07-09 09:21:17,2003.08,Hotels,50025,Card,DEV-05-6,Web,Bangalore,9,3,0,3.8,12,2393.77,7074.85,30,170,448,0,0,0,845.32,0,
TXN05-03152,5,2026-07-09 09:24:41,1072.46,Fuel,50003,Card,DEV-05-2,iPhone,Delhi,9,3,0,3.4,13,2392.77,7065.87,262,682,995,0,0,0,1750.11,0,
TXN05-03153,5,2026-07-09 09:27:16,3975.18,Restaurants,50008,Card,DEV-05-1,Android,Bangalore,9,3,0,2.58,14,2389.42,7057.21,90,977,449,0,0,0,1750.11,0,
TXN05-03154,5,2026-07-09 09:58:57,1370.91,Hotels,50010,Card,DEV-05-1,Android,Pune,9,3,0,31.68,15,2397.35,7057.23,95,978,596,0,0,0,735.23,0,
TXN05-03155,5,2026-07-09 10:22:00,1225.52,Restaurants,50004,UPI,DEV-05-4,iPhone,Mumbai,10,3,0,23.05,16,2394.76,7048.48,130,290,774,0,0,0,120.15,0,
TXN05-03156,5,2026-07-09 10:37:04,3477.85,Fuel,50086,UPI,DEV-05-1,Android,Mumbai,10,3,0,15.07,17,2391.8,7039.82,4,979,775,0,0,0,0.0,0,
TXN05-03157,5,2026-07-09 10:53:03,1510.21,Hotels,50105,Card,DEV-05-1,Android,Bangalore,10,3,0,15.98,18,2397.34,7039.81,3,980,450,0,0,0,845.32,0,
TXN05-03158,5,2026-07-09 10:53:42,1248.79,Restaurants,50035,UPI,DEV-05-1,Android,Mumbai,10,3,0,0.65,19,2395.11,7031.08,15,981,776,0,0,0,845.32,0,
TXN05-03159,5,2026-07-09 11:40:16,1518.97,Restaurants,50004,UPI,DEV-05-1,Android,Delhi,11,3,0,46.57,20,2396.32,7039.69,131,982,996,0,0,0,1153.24,0,
TXN05-03160,5,2026-07-09 11:47:16,4000.0,Fuel,50062,UPI,DEV-05-1,Android,Mumbai,11,3,0,7.0,21,2391.28,7039.6,13,983,777,0,0,0,1153.24,0,
TXN05-03161,5,2026-07-09 12:20:34,3375.71,Fuel,50006,UPI,DEV-05-1,Android,Delhi,12,3,0,33.3,22,2406.59,7056.71,120,984,997,0,0,0,1153.24,0,
TXN05-03162,5,2026-07-09 12:38:56,1334.78,Fuel,50062,UPI,DEV-05-2,iPhone,Mumbai,12,3,0,18.37,23,2409.04,7047.94,14,683,778,0,0,0,1153.24,0,
TXN05-03163,5,2026-07-09 13:17:15,1997.9,Hotels,50014,Card,DEV-05-1,Android,Mumbai,13,3,0,38.32,24,2414.72,7056.1,76,985,779,0,0,0,0.0,0,
TXN05-03164,5,2026-07-09 13:20:02,1589.63,Restaurants,50004,UPI,DEV-05-3,Web,Delhi,13,3,0,2.78,25,2413.67,7047.19,132,460,998,0,0,0,1153.24,0,
TXN05-03165,5,2026-07-09 13:24:25,2049.49,Taxi,50002,Card,DEV-05-1,Android,Jaipur,13,3,0,4.38,26,2411.59,7038.41,177,986,300,0,0,0,237.53,0,
TXN05-03166,5,2026-07-09 13:48:27,1329.17,Fuel,50070,UPI,DEV-05-4,iPhone,Mumbai,13,3,0,24.03,27,2406.66,7037.98,6,291,780,0,0,0,920.74,0,
TXN05-03167,5,2026-07-09 14:01:53,862.1,Hotels,50005,UPI,DEV-05-1,Android,Delhi,14,3,0,13.43,28,2403.95,7029.32,226,987,999,0,0,0,1153.24,0,
TXN05-03168,5,2026-07-09 14:59:22,3377.3,Fuel,50097,UPI,DEV-05-2,iPhone,Mumbai,14,3,0,57.48,29,2405.32,7037.98,4,684,781,0,0,0,1153.24,0,
TXN05-03169,5,2026-07-09 15:01:56,2606.27,Restaurants,50009,Card,DEV-05-2,iPhone,Pune,15,3,0,2.57,30,2407.77,7029.28,65,685,597,0,0,0,120.15,0,
TXN05-03170,5,2026-07-09 15:04:22,836.98,Fuel,50047,Card,DEV-05-9,Web,Mumbai,15,3,0,2.43,31,2408.27,7020.45,35,47,782,0,0,0,120.15,1,ato_short_gap
TXN05-03171,5,2026-07-09 15:05:13,2358.09,Restaurants,50022,UPI,DEV-05-2,iPhone,Bangalore,15,3,0,0.85,32,2404.33,7012.09,28,686,451,0,0,0,845.32,0,
TXN05-03172,5,2026-07-09 15:25:12,1203.98,Hotels,50010,Card,DEV-05-5,Android,Pune,15,3,0,19.98,33,2409.81,7020.44,96,232,598,0,0,0,735.23,0,
TXN05-03173,5,2026-07-09 15:32:08,2082.99,Restaurants,50021,UPI,DEV-05-4,iPhone,Mumbai,15,3,0,6.93,34,2406.78,7011.9,23,292,783,0,0,0,120.15,0,
TXN05-03174,5,2026-07-09 15:45:51,1990.53,Fuel,50081,Card,DEV-05-5,Android,Mumbai,15,3,0,13.72,35,2405.41,7011.9,5,233,784,0,0,0,0.0,0,
TXN05-03175,5,2026-07-09 16:05:27,2030.13,Fuel,50047,Card,DEV-05-4,iPhone,Delhi,16,3,0,19.6,36,2404.37,7003.17,36,293,1000,0,0,0,1153.24,0,
TXN05-03176,5,2026-07-09 16:20:28,1687.79,Restaurants,50004,Card,DEV-05-3,Web,Mumbai,16,3,0,15.02,37,2408.27,7037.6,133,461,785,0,0,0,1153.24,0,
TXN05-03177,5,2026-07-09 16:52:20,2240.81,Restaurants,50038,UPI,DEV-05-1,Android,Delhi,16,3,0,31.87,38,2412.19,7055.14,9,988,1001,0,0,0,1153.24,0,
TXN05-03178,5,2026-07-09 16:54:37,2200.63,Taxi,50007,Card,DEV-05-1,Android,Mumbai,16,3,0,2.28,39,2413.26,7055.08,71,989,786,0,0,0,1153.24,0,
TXN05-03179,5,2026-07-09 17:22:03,833.83,Fuel,50040,UPI,DEV-05-2,iPhone,Mumbai,17,3,0,27.43,40,2416.32,7072.04,38,687,787,0,0,0,0.0,0,
TXN05-03180,5,2026-07-09 17:32:09,1896.04,Fuel,50072,Card,DEV-05-1,Android,Pune,17,3,0,10.1,41,2412.29,7063.49,3,990,599,0,0,0,120.15,0,
TXN05-03181,5,2026-07-09 17:35:03,2436.67,Restaurants,50001,UPI,DEV-05-1,Android,Delhi,17,3,0,2.9,42,2411.54,7063.53,349,991,1002,0,0,0,1179.48,0,
TXN05-03182,5,2026-07-09 18:01:10,2150.66,Taxi,50093,Card,DEV-05-1,Android,Jaipur,18,3,0,26.12,43,2409.63,7072.45,4,992,301,0,0,0,237.53,0,
TXN05-03183,5,2026-07-09 18:26:47,2835.42,Hotels,50010,UPI,DEV-05-2,iPhone,Pune,18,3,0,25.62,44,2419.97,7089.35,97,688,600,0,0,0,953.87,0,
TXN05-03184,5,2026-07-09 18:41:32,2756.74,Fuel,50040,Card,DEV-05-1,Android,Pune,18,3,0,14.75,45,2423.96,7089.14,39,993,601,0,0,0,0.0,0,
TXN05-03185,5,2026-07-09 19:09:25,581.19,Hotels,50005,Card,DEV-05-2,iPhone,Mumbai,19,3,0,27.88,46,2423.02,7097.68,227,689,788,0,0,0,120.15,0,
TXN05-03186,5,2026-07-09 19:19:50,1489.5,Fuel,50114,UPI,DEV-05-2,iPhone,Delhi,19,3,0,10.42,47,2418.3,7089.18,1,690,1003,0,0,1,1153.24,0,
TXN05-03187,5,2026-07-09 19:31:20,1679.98,Hotels,50017,UPI,DEV-05-1,Android,Delhi,19,3,0,11.5,48,2415.93,7080.27,48,994,1004,0,0,0,0.0,0,
TXN05-03188,5,2026-07-09 19:48:04,588.66,Hotels,50085,UPI,DEV-05-3,Web,Bangalore,19,3,0,16.73,49,2412.91,7088.75,4,462,452,0,0,0,1750.11,0,
TXN05-03189,5,2026-07-09 21:04:46,1287.68,Hotels,50014,UPI,DEV-05-6,Web,Mumbai,21,3,0,76.7,50,2410.18,7089.24,77,171,789,0,0,0,845.32,0,
TXN05-03190,5,2026-07-09 21:26:56,2244.09,Restaurants,50004,Card,DEV-05-7,Android,Pune,21,3,0,22.17,51,2409.97,7098.09,134,96,602,0,0,0,120.15,0,
TXN05-03191,5,2026-07-09 21:32:30,2191.85,Fuel,50006,UPI,DEV-05-6,Web,Pune,21,3,0,5.57,52,2409.55,7088.98,121,172,603,0,0,0,0.0,0,
TXN05-03192,5,2026-07-09 21:52:59,576.83,Hotels,50017,UPI,DEV-05-4,iPhone,Bangalore,21,3,0,20.48,53,2405.28,7106.39,49,294,453,0,0,0,735.23,0,
TXN05-03193,5,2026-07-09 21:54:27,1031.55,Fuel,50043,Card,DEV-05-6,Web,Jaipur,21,3,0,1.47,54,2396.77,7106.6,32,173,302,0,0,0,1561.54,0,
TXN05-03194,5,2026-07-09 22:41:04,729.15,Fuel,50006,UPI,DEV-05-2,iPhone,Jaipur,22,3,0,46.62,55,2401.97,7115.06,122,691,303,0,0,0,0.0,0,
TXN05-03195,5,2026-07-09 23:24:57,2294.75,Taxi,50061,UPI,DEV-05-8,iPhone,Pune,23,3,0,43.88,56,2404.41,7124.13,8,63,604,0,0,0,953.87,0,
TXN05-03196,5,2026-07-09 23:53:03,3974.12,Restaurants,50009,Card,DEV-05-2,iPhone,Bangalore,23,3,0,28.1,57,2404.13,7114.93,66,692,454,0,0,0,735.23,0,
TXN05-03197,5,2026-07-10 01:20:12,2679.41,Shopping,50001,UPI,DEV-05-1,Android,Delhi,1,4,0,87.15,1,2407.66,7115.37,350,995,1005,0,0,0,1750.11,1,late_night_spree
TXN05-03198,5,2026-07-10 02:19:12,1906.31,Shopping,50001,UPI,DEV-05-1,Android,Delhi,2,4,0,59.0,2,2408.36,7106.2,351,996,1006,0,0,0,0.0,1,late_night_spree
TXN05-03199,5,2026-07-10 02:27:07,1304.92,Restaurants,50046,Card,DEV-05-4,iPhone,Bangalore,2,4,0,7.92,3,2407.07,7097.11,11,295,455,0,0,0,1750.11,1,ato_odd_hour
TXN05-03200,5,2026-07-10 06:08:33,1486.51,Restaurants,50004,Card,DEV-05-1,Android,Delhi,6,4,0,221.43,4,2403.3,7097.3,135,997,1007,0,0,0,1750.11,0,
TXN05-03201,5,2026-07-10 07:07:57,2413.16,Restaurants,50016,UPI,DEV-05-1,Android,Pune,7,4,0,59.4,5,2400.95,7088.35,45,998,605,0,0,0,1179.48,0,
TXN05-03202,5,2026-07-10 07:35:37,1174.49,Restaurants,50033,Card,DEV-05-1,Android,Delhi,7,4,0,27.67,6,2400.98,7079.28,18,999,1008,0,0,0,1179.48,0,
TXN05-03203,5,2026-07-10 07:42:12,2815.47,Fuel,50006,UPI,DEV-05-7,Android,Mumbai,7,4,0,6.58,7,2400.95,7079.29,123,97,790,0,0,0,1153.24,0,
TXN05-03204,5,2026-07-10 07:49:58,831.04,Restaurants,50065,UPI,DEV-05-2,iPhone,Jaipur,7,4,0,7.77,8,2405.27,7079.02,7,693,304,0,0,0,920.74,0,
TXN05-03205,5,2026-07-10 08:12:00,3786.11,Hotels,50014,UPI,DEV-05-13,iPhone,Bangalore,8,4,0,22.03,9,2402.82,7106.49,78,13,456,0,0,0,1561.54,0,
TXN05-03206,5,2026-07-10 08:18:13,3555.22,Restaurants,50115,Card,DEV-05-1,Android,Delhi,8,4,0,6.22,10,2406.38,7097.7,1,1000,1009,0,0,1,1750.11,0,
TXN05-03207,5,2026-07-10 08:21:55,1224.85,Hotels,50005,UPI,DEV-05-3,Web,Bangalore,8,4,0,3.7,11,2409.33,7088.83,228,463,457,0,0,0,1750.11,0,
TXN05-03208,5,2026-07-10 08:35:42,1344.36,Hotels,50017,Card,DEV-05-3,Web,Pune,8,4,0,13.78,12,2396.44,7086.41,50,464,606,0,0,0,735.23,0,
TXN05-03209,5,2026-07-10 08:36:30,1280.09,Fuel,50059,UPI,DEV-05-1,Android,Pune,8,4,0,0.8,13,2393.75,7077.54,14,1001,607,0,0,0,0.0,0,
TXN05-03210,5,2026-07-10 08:41:03,848.62,Restaurants,50012,UPI,DEV-05-1,Android,Pune,8,4,0,4.55,14,2390.91,7068.73,53,1002,608,0,0,0,0.0,0,
TXN05-03211,5,2026-07-10 08:48:23,2173.86,Restaurants,50008,Card,DEV-05-1,Android,Mumbai,8,4,0,7.33,15,2386.98,7060.16,91,1003,791,0,0,0,120.15,0,
TXN05-03212,5,2026-07-10 09:20:03,1120.57,Fuel,50006,Card,DEV-05-1,Android,Pune,9,4,0,31.67,16,2391.89,7059.34,124,1004,609,0,0,0,120.15,0,
TXN05-03213,5,2026-07-10 09:44:00,1369.57,Restaurants,50016,UPI,DEV-05-3,Web,Mumbai,9,4,0,23.95,17,2390.31,7059.55,46,465,792,0,0,0,120.15,0,
TXN05-03214,5,2026-07-10 10:21:56,977.26,Fuel,50063,Card,DEV-05-10,Android,Delhi,10,4,0,37.93,18,2387.72,7050.77,6,34,1010,0,0,0,1153.24,0,
TXN05-03215,5,2026-07-10 10:25:14,2854.71,Fuel,50028,UPI,DEV-05-4,iPhone,Delhi,10,4,0,3.3,19,2384.15,7042.2,59,296,1011,0,0,0,0.0,0,
TXN05-03216,5,2026-07-10 10:36:35,3219.25,Fuel,50003,Card,DEV-05-2,iPhone,Bangalore,10,4,0,11.35,20,2387.9,7042.05,263,694,458,0,0,0,1750.11,0,
TXN05-03217,5,2026-07-10 10:58:22,2903.27,Fuel,50084,UPI,DEV-05-45,Android,Pune,10,4,0,21.78,21,2389.99,7033.28,6,1,610,1,0,0,735.23,0,
TXN05-03218,5,2026-07-10 12:28:27,1338.59,Restaurants,50057,Card,DEV-05-1,Android,Mumbai,12,4,0,90.08,22,2401.72,7068.03,5,1005,793,0,0,0,120.15,0,
TXN05-03219,5,2026-07-10 12:32:35,3758.71,Restaurants,50108,Card,DEV-05-8,iPhone,Delhi,12,4,0,4.13,23,2399.01,7059.24,2,64,1012,0,0,0,1153.24,0,
TXN05-03220,5,2026-07-10 13:21:09,1293.31,Taxi,50002,UPI,DEV-05-4,iPhone,Mumbai,13,4,0,48.57,24,2411.21,7076.69,178,297,794,0,0,0,1153.24,0,
TXN05-03221,5,2026-07-10 13:38:01,4000.0,Fuel,50062,Card,DEV-05-1,Android,Bangalore,13,4,0,16.87,25,2404.28,7076.46,15,1006,459,0,0,0,845.32,0,
TXN05-03222,5,2026-07-10 14:37:10,2719.81,Restaurants,50032,Card,DEV-05-3,Web,Delhi,14,4,0,59.15,26,2413.02,7102.93,25,466,1013,0,0,0,1750.11,0,
TXN05-03223,5,2026-07-10 14:56:04,644.11,Restaurants,50009,Card,DEV-05-1,Android,Mumbai,14,4,0,18.9,27,2413.81,7093.81,67,1007,795,0,0,0,1153.24,0,
TXN05-03224,5,2026-07-10 15:27:30,5573.77,Fuel,50001,UPI,DEV-05-1,Android,Unknown Country,15,4,0,31.43,28,2409.27,7085.28,352,1008,16,0,0,0,8211.14,1,unknown_country_purchase
TXN05-03225,5,2026-07-10 15:33:46,832.98,Fuel,50062,Card,DEV-05-4,iPhone,Pune,15,4,0,6.27,29,2417.37,7078.01,16,298,611,0,0,0,8307.79,0,
TXN05-03226,5,2026-07-10 16:02:49,1072.43,Hotels,50005,UPI,DEV-05-1,Android,Delhi,16,4,0,29.05,30,2415.44,7096.51,229,1009,1014,0,0,0,1179.48,0,
TXN05-03227,5,2026-07-10 18:02:42,3134.25,Fuel,50013,Card,DEV-05-6,Web,Jaipur,18,4,0,119.88,31,2413.7,7105.5,82,174,305,0,0,0,237.53,0,
TXN05-03228,5,2026-07-10 18:19:29,675.68,Fuel,50064,UPI,DEV-05-5,Android,Mumbai,18,4,0,16.78,32,2423.62,7113.81,10,234,796,0,0,0,920.74,0,
TXN05-03229,5,2026-07-10 18:32:07,3229.45,Restaurants,50011,Card,DEV-05-4,iPhone,Mumbai,18,4,0,12.63,33,2419.12,7105.19,47,299,797,0,0,0,0.0,0,
TXN05-03230,5,2026-07-10 18:39:53,4000.0,Taxi,50102,Card,DEV-05-4,iPhone,Mumbai,18,4,0,7.77,34,2421.2,7096.17,4,300,798,0,0,0,0.0,0,
TXN05-03231,5,2026-07-10 18:40:46,504.91,Taxi,50007,UPI,DEV-05-5,Android,Delhi,18,4,0,0.88,35,2425.25,7087.51,72,235,1015,0,0,0,1153.24,0,
TXN05-03232,5,2026-07-10 18:41:44,1589.5,Restaurants,50001,Card,DEV-05-3,Web,Jaipur,18,4,0,0.97,36,2420.34,7079.11,353,467,306,0,0,0,237.53,0,
TXN05-03233,5,2026-07-10 18:47:03,264.82,Restaurants,50087,Card,DEV-05-2,iPhone,Delhi,18,4,0,5.32,37,2418.22,7070.2,5,695,1016,0,0,0,237.53,0,
TXN05-03234,5,2026-07-10 19:26:46,925.61,Restaurants,50019,Card,DEV-05-5,Android,Delhi,19,4,0,39.72,38,2408.69,7070.58,36,236,1017,0,0,0,0.0,0,
TXN05-03235,5,2026-07-10 19:54:31,1396.79,Hotels,50010,UPI,DEV-05-3,Web,Jaipur,19,4,0,27.75,39,2405.78,7088.16,98,468,307,0,0,0,237.53,0,
TXN05-03236,5,2026-07-10 20:34:33,1341.44,Restaurants,50032,Card,DEV-05-2,iPhone,Bangalore,20,4,0,40.03,40,2407.98,7087.72,26,696,460,0,0,0,1561.54,0,
TXN05-03237,5,2026-07-10 21:40:34,1652.36,Fuel,50091,Card,DEV-05-1,Android,Bangalore,21,4,0,66.02,41,2413.93,7105.27,4,1010,461,0,0,0,0.0,0,
TXN05-03238,5,2026-07-10 21:46:15,2128.1,Hotels,50005,Card,DEV-05-3,Web,Delhi,21,4,0,5.68,42,2411.97,7096.24,230,469,1018,0,0,0,1750.11,0,
TXN05-03239,5,2026-07-10 22:15:29,1072.07,Restaurants,50116,Card,DEV-05-1,Android,Pune,22,4,0,29.23,43,2415.34,7095.79,1,1011,612,0,0,1,1179.48,0,
TXN05-03240,5,2026-07-10 23:11:09,1923.03,Fuel,50028,Card,DEV-05-2,iPhone,Jaipur,23,4,0,55.67,44,2409.5,7104.72,60,697,308,0,0,0,953.87,0,
TXN05-03241,5,2026-07-10 23:20:07,4000.0,Fuel,50072,Card,DEV-05-4,iPhone,Pune,23,4,0,8.97,45,2408.25,7095.63,4,301,613,0,0,0,953.87,0,
TXN05-03242,5,2026-07-10 23:22:17,2076.58,Taxi,50030,UPI,DEV-05-3,Web,Pune,23,4,0,2.17,46,2412.34,7086.98,35,470,614,0,0,0,0.0,0,
TXN05-03243,5,2026-07-11 02:20:48,2056.16,Hotels,50015,Card,DEV-05-23,iPhone,Delhi,2,5,1,178.52,1,2408.73,7086.79,42,2,1019,0,0,0,1179.48,1,ato_odd_hour_higher_amount
TXN05-03244,5,2026-07-11 06:00:50,3346.97,Hotels,50005,Card,DEV-05-2,iPhone,Jaipur,6,5,1,220.03,2,2407.83,7077.75,231,698,309,0,0,0,237.53,0,
TXN05-03245,5,2026-07-11 06:38:54,2695.35,Taxi,50002,UPI,DEV-05-1,Android,Bangalore,6,5,1,38.07,3,2415.4,7095.72,179,1012,462,0,0,0,1561.54,0,
TXN05-03246,5,2026-07-11 06:38:54,1190.14,Fuel,50006,Card,DEV-05-2,iPhone,Pune,6,5,1,0.0,4,2416.12,7086.64,125,699,615,0,0,0,735.23,0,
TXN05-03247,5,2026-07-11 06:39:26,1580.53,Taxi,50002,Card,DEV-05-1,Android,Delhi,6,5,1,0.53,5,2412.99,7077.84,180,1013,1020,0,0,0,1179.48,0,
TXN05-03248,5,2026-07-11 07:14:05,4000.0,Hotels,50117,UPI,DEV-05-1,Android,Mumbai,7,5,1,34.65,6,2416.21,7077.17,1,1014,799,0,0,1,1153.24,0,
TXN05-03249,5,2026-07-11 07:29:11,596.66,Restaurants,50012,Card,DEV-05-1,Android,Lucknow,7,5,1,15.1,7,2420.25,7068.59,54,1015,6,0,0,0,1194.67,0,
TXN05-03250,5,2026-07-11 07:45:07,3210.23,Restaurants,50087,Card,DEV-05-1,Android,Delhi,7,5,1,15.93,8,2415.61,7060.19,6,1016,1021,0,0,0,430.84,0,
TXN05-03251,5,2026-07-11 08:04:41,1837.23,Fuel,50070,Card,DEV-05-3,Web,Jaipur,8,5,1,19.57,9,2416.45,7060.27,7,471,310,0,0,0,237.53,0,
TXN05-03252,5,2026-07-11 08:19:08,1969.71,Hotels,50118,Card,DEV-05-3,Web,Jaipur,8,5,1,14.45,10,2420.24,7059.55,1,472,311,0,0,1,0.0,0,
TXN05-03253,5,2026-07-11 08:19:48,1248.5,Restaurants,50021,UPI,DEV-05-1,Android,Mumbai,8,5,1,0.67,11,2419.1,7050.63,24,1017,800,0,0,0,920.74,0,
TXN05-03254,5,2026-07-11 08:46:37,1808.05,Taxi,50002,UPI,DEV-05-6,Web,Jaipur,8,5,1,26.82,12,2416.13,7041.94,181,175,312,0,0,0,920.74,0,
TXN05-03255,5,2026-07-11 08:50:34,3115.84,Restaurants,50020,Card,DEV-05-1,Android,Mumbai,8,5,1,3.95,13,2414.6,7033.11,20,1018,801,0,0,0,920.74,0,
TXN05-03256,5,2026-07-11 08:56:12,1023.51,Restaurants,50001,UPI,DEV-05-4,iPhone,Pune,8,5,1,5.63,14,2416.37,7024.34,354,302,616,0,0,0,120.15,0,
TXN05-03257,5,2026-07-11 09:09:54,607.75,Restaurants,50087,UPI,DEV-05-9,Web,Mumbai,9,5,1,13.7,15,2412.87,7015.85,7,48,802,0,0,0,120.15,0,
TXN05-03258,5,2026-07-11 09:24:59,4000.0,Hotels,50014,Card,DEV-05-3,Web,Delhi,9,5,1,15.08,16,2407.35,7016.41,79,473,1022,0,0,0,1153.24,0,
TXN05-03259,5,2026-07-11 09:25:18,1139.65,Hotels,50017,UPI,DEV-05-3,Web,Delhi,9,5,1,0.32,17,2411.34,7008.06,51,474,1023,0,0,0,0.0,0,
TXN05-03260,5,2026-07-11 09:36:18,1565.12,Taxi,50093,UPI,DEV-05-1,Android,Mumbai,9,5,1,11.0,18,2411.56,7008.02,5,1019,803,0,0,0,1153.24,0,
TXN05-03261,5,2026-07-11 09:44:02,1298.32,Restaurants,50110,Card,DEV-05-46,Web,Pune,9,5,1,7.73,19,2409.45,6999.38,2,1,617,1,0,0,120.15,0,
TXN05-03262,5,2026-07-11 09:54:04,3083.96,Fuel,50064,UPI,DEV-05-2,iPhone,Bangalore,9,5,1,10.03,20,2406.68,6990.87,11,700,463,0,0,0,735.23,0,
TXN05-03263,5,2026-07-11 09:59:08,3311.76,Hotels,50027,Card,DEV-05-1,Android,Pune,9,5,1,5.07,21,2408.36,6982.25,28,1020,618,0,0,0,735.23,0,
TXN05-03264,5,2026-07-11 10:01:18,917.49,Taxi,50002,Card,DEV-05-3,Web,Pune,10,5,1,2.17,22,2410.6,6973.72,182,475,619,0,0,0,0.0,0,
TXN05-03265,5,2026-07-11 10:03:55,957.42,Hotels,50005,Card,DEV-05-3,Web,Pune,10,5,1,2.62,23,2406.91,6965.48,232,476,620,0,0,0,0.0,0,
TXN05-03266,5,2026-07-11 10:18:14,100000.0,Bank Transfer,50001,Card,DEV-05-1,Android,Delhi,10,5,1,14.32,24,2403.33,6957.25,355,1021,1024,0,0,0,1179.48,1,huge_transfer
TXN05-03267,5,2026-07-11 10:30:02,2320.14,Fuel,50013,Card,DEV-05-1,Android,Delhi,10,5,1,11.8,25,2647.44,8476.94,83,1022,1025,0,0,0,0.0,0,
TXN05-03268,5,2026-07-11 11:00:05,1033.9,Fuel,50003,Card,DEV-05-2,iPhone,Pune,11,5,1,30.05,26,2651.6,8476.37,264,701,621,0,0,0,1179.48,0,
TXN05-03269,5,2026-07-11 11:10:16,556.59,Fuel,50006,UPI,DEV-05-1,Android,Pune,11,5,1,10.18,27,2647.62,8466.3,126,1023,622,0,0,0,0.0,0,
TXN05-03270,5,2026-07-11 11:28:34,712.58,Taxi,50007,UPI,DEV-05-3,Web,Mumbai,11,5,1,18.3,28,2644.34,8486.82,73,477,804,0,0,0,120.15,0,
TXN05-03271,5,2026-07-11 11:37:06,1078.48,Hotels,50107,UPI,DEV-05-5,Android,Jaipur,11,5,1,8.53,29,2640.07,8487.35,3,237,313,0,0,0,920.74,0,
TXN05-03272,5,2026-07-11 11:49:43,3258.13,Hotels,50005,UPI,DEV-05-6,Web,Bangalore,11,5,1,12.62,30,2636.22,8477.22,233,176,464,0,0,0,1561.54,0,
TXN05-03273,5,2026-07-11 12:00:11,1238.56,Taxi,50002,UPI,DEV-05-9,Web,Bangalore,12,5,1,10.47,31,2637.75,8466.83,183,49,465,0,0,0,0.0,0,
TXN05-03274,5,2026-07-11 12:01:10,357.48,Taxi,50007,UPI,DEV-05-1,Android,Mumbai,12,5,1,0.98,32,2634.31,8456.71,74,1024,805,0,0,0,845.32,0,
TXN05-03275,5,2026-07-11 12:01:41,1522.72,Restaurants,50096,Card,DEV-05-4,iPhone,Jaipur,12,5,1,0.52,33,2628.73,8447.09,4,303,314,0,0,0,920.74,0,
TXN05-03276,5,2026-07-11 12:11:01,2388.09,Restaurants,50004,UPI,DEV-UNK-5512,Android,Pune,12,5,1,9.33,34,2631.18,8446.62,136,1,623,1,0,0,953.87,1,ato_new_device
TXN05-03277,5,2026-07-11 12:47:07,1335.19,Restaurants,50001,Card,DEV-05-2,iPhone,Delhi,12,5,1,36.1,35,2639.98,8465.93,356,702,1026,0,0,0,1179.48,0,
TXN05-03278,5,2026-07-11 13:54:51,2118.44,Hotels,50051,UPI,DEV-05-1,Android,Bangalore,13,5,1,67.73,36,2635.96,8476.6,8,1025,466,0,0,0,1750.11,0,
TXN05-03279,5,2026-07-11 14:01:03,893.14,Taxi,50037,Card,DEV-05-3,Web,Pune,14,5,1,6.2,37,2634.69,8466.2,32,478,624,0,0,0,735.23,0,
TXN05-03280,5,2026-07-11 14:03:26,242.31,Fuel,50059,Card,DEV-05-1,Android,Mumbai,14,5,1,2.38,38,2630.41,8456.23,15,1026,806,0,0,0,120.15,0,
TXN05-03281,5,2026-07-11 14:20:24,2503.48,Hotels,50107,Card,DEV-05-2,iPhone,Bangalore,14,5,1,16.97,39,2624.55,8446.68,4,703,467,0,0,0,845.32,0,
TXN05-03282,5,2026-07-11 14:38:04,939.81,Fuel,50073,UPI,DEV-05-9,Web,Pune,14,5,1,17.67,40,2625.4,8446.65,6,50,625,0,0,0,735.23,0,
TXN05-03283,5,2026-07-11 14:39:25,860.19,Restaurants,50004,UPI,DEV-05-3,Web,Delhi,14,5,1,1.35,41,2623.32,8446.97,137,479,1027,0,0,0,1179.48,0,
TXN05-03284,5,2026-07-11 14:49:17,2455.18,Fuel,50048,UPI,DEV-05-4,iPhone,Delhi,14,5,1,9.87,42,2619.0,8437.08,20,304,1028,0,0,0,0.0,0,
TXN05-03285,5,2026-07-11 15:14:58,2119.55,Hotels,50015,UPI,DEV-05-3,Web,Mumbai,15,5,1,25.68,43,2622.81,8436.66,43,480,807,0,0,0,1153.24,0,
TXN05-03286,5,2026-07-11 15:56:18,1173.62,Taxi,50007,UPI,DEV-05-47,iPhone,Delhi,15,5,1,41.33,44,2621.58,8426.4,75,1,1029,1,0,0,1153.24,0,
TXN05-03287,5,2026-07-11 16:46:00,1748.49,Hotels,50005,Card,DEV-05-3,Web,Pune,16,5,1,49.7,45,2615.94,8436.68,234,481,626,0,0,0,1179.48,0,
TXN05-03288,5,2026-07-11 16:56:51,2371.57,Fuel,50006,Card,DEV-05-2,iPhone,Mumbai,16,5,1,10.85,46,2613.83,8426.49,127,704,808,0,0,0,120.15,0,
TXN05-03289,5,2026-07-11 18:05:01,3944.55,Restaurants,50012,UPI,DEV-05-2,iPhone,Delhi,18,5,1,68.17,47,2615.44,8426.38,55,705,1030,0,0,0,1153.24,0,
TXN05-03290,5,2026-07-11 18:05:45,2461.56,Fuel,50028,UPI,DEV-05-2,iPhone,Jaipur,18,5,1,0.73,48,2618.67,8416.38,61,706,315,0,0,0,237.53,0,
TXN05-03291,5,2026-07-11 18:08:11,4000.0,Fuel,50003,Card,DEV-05-48,iPhone,Pune,18,5,1,2.43,49,2618.29,8406.17,265,1,627,1,0,0,953.87,0,
TXN05-03292,5,2026-07-11 18:19:13,1020.59,Restaurants,50004,UPI,DEV-05-2,iPhone,Bangalore,18,5,1,11.03,50,2621.64,8396.26,138,707,468,0,0,0,735.23,0,
TXN05-03293,5,2026-07-11 18:43:14,2880.93,Taxi,50037,UPI,DEV-05-3,Web,Mumbai,18,5,1,24.02,51,2617.77,8386.48,33,482,809,0,0,0,845.32,0,
TXN05-03294,5,2026-07-11 19:10:41,4000.0,Hotels,50031,Card,DEV-05-2,iPhone,Pune,19,5,1,27.45,52,2618.4,8376.38,21,708,628,0,0,0,120.15,0,
TXN05-03295,5,2026-07-11 19:17:11,2556.85,Taxi,50002,Card,DEV-05-4,iPhone,Mumbai,19,5,1,6.5,53,2621.73,8366.58,184,305,810,0,0,0,120.15,0,
TXN05-03296,5,2026-07-11 20:17:33,1498.26,Hotels,50015,Card,DEV-05-5,Android,Mumbai,20,5,1,60.37,54,2628.08,8405.93,44,238,811,0,0,0,0.0,0,
TXN05-03297,5,2026-07-11 20:45:49,2932.88,Taxi,50002,Card,DEV-05-1,Android,Delhi,20,5,1,28.27,55,2625.34,8395.93,185,1027,1031,0,0,0,1153.24,0,
TXN05-03298,5,2026-07-11 20:48:38,2003.2,Taxi,50071,UPI,DEV-05-10,Android,Bangalore,20,5,1,2.82,56,2626.09,8385.8,6,35,469,0,0,0,1750.11,0,
TXN05-03299,5,2026-07-11 20:52:44,3605.57,Fuel,50003,UPI,DEV-05-49,Web,Pune,20,5,1,4.1,57,2624.59,8375.75,266,1,629,1,0,0,735.23,0,
TXN05-03300,5,2026-07-11 20:55:43,2535.8,Fuel,50059,UPI,DEV-05-3,Web,Bangalore,20,5,1,2.98,58,2626.94,8365.81,16,483,470,0,0,0,735.23,0,
TXN05-03301,5,2026-07-11 21:21:24,724.06,Hotels,50005,UPI,DEV-05-1,Android,Mumbai,21,5,1,25.68,59,2627.98,8365.77,235,1028,812,0,0,0,845.32,0,
TXN05-03302,5,2026-07-11 21:32:28,1685.94,Hotels,50082,Card,DEV-05-2,iPhone,Mumbai,21,5,1,11.07,60,2623.41,8356.26,7,709,813,0,0,0,0.0,0,
TXN05-03303,5,2026-07-11 21:38:52,516.39,Hotels,50036,UPI,DEV-05-5,Android,Mumbai,21,5,1,6.4,61,2621.17,8346.38,20,239,814,0,0,0,0.0,0,
TXN05-03304,5,2026-07-11 21:44:44,888.54,Restaurants,50080,Card,DEV-05-1,Android,Jaipur,21,5,1,5.87,62,2616.15,8337.05,7,1029,316,0,0,0,920.74,0,
TXN05-03305,5,2026-07-11 22:57:53,594.29,Taxi,50030,UPI,DEV-05-2,iPhone,Pune,22,5,1,73.15,63,2620.12,8376.77,36,710,630,0,0,0,953.87,0,
TXN05-03306,5,2026-07-11 23:08:52,1850.48,Hotels,50005,Card,DEV-05-5,Android,Pune,23,5,1,10.98,64,2617.81,8377.2,236,240,631,0,0,0,0.0,0,
TXN05-03307,5,2026-07-11 23:15:13,2481.8,Restaurants,50004,UPI,DEV-05-2,iPhone,Jaipur,23,5,1,6.35,65,2615.97,8367.21,139,711,317,0,0,0,953.87,0,
TXN05-03308,5,2026-07-11 23:21:21,880.56,Restaurants,50023,UPI,DEV-05-2,iPhone,Mumbai,23,5,1,6.13,66,2620.89,8366.52,24,712,815,0,0,0,920.74,0,
TXN05-03309,5,2026-07-11 23:27:33,725.51,Fuel,50104,Card,DEV-05-8,iPhone,Delhi,23,5,1,6.2,67,2616.72,8356.92,2,65,1032,0,0,0,1153.24,0,
TXN05-03310,5,2026-07-11 23:58:10,4000.0,Fuel,50091,Card,DEV-05-2,iPhone,Pune,23,5,1,30.62,68,2614.04,8357.34,5,713,632,0,0,0,1179.48,0,
TXN05-03311,5,2026-07-12 06:11:37,1696.08,Restaurants,50074,UPI,DEV-05-5,Android,Mumbai,6,6,1,373.45,1,2598.65,8384.27,5,241,816,0,0,0,120.15,0,
TXN05-03312,5,2026-07-12 06:55:24,2372.72,Hotels,50082,UPI,DEV-05-5,Android,Delhi,6,6,1,43.78,2,2598.32,8394.43,8,242,1033,0,0,0,1153.24,0,
TXN05-03313,5,2026-07-12 07:16:43,1808.64,Restaurants,50008,Card,DEV-05-2,iPhone,Pune,7,6,1,21.32,3,2597.26,8404.13,92,714,633,0,0,0,1179.48,0,
TXN05-03314,5,2026-07-12 07:48:18,1209.34,Taxi,50030,UPI,DEV-05-4,iPhone,Bangalore,7,6,1,31.58,4,2598.77,8414.13,37,306,471,0,0,0,735.23,0,
TXN05-03315,5,2026-07-12 08:07:09,3540.08,Hotels,50010,UPI,DEV-05-6,Web,Jaipur,8,6,1,18.85,5,2599.41,8433.92,99,177,318,0,0,0,1561.54,0,
TXN05-03316,5,2026-07-12 09:00:14,1911.83,Hotels,50018,Card,DEV-05-1,Android,Pune,9,6,1,53.08,6,2610.46,8464.59,36,1030,634,0,0,0,953.87,0,
TXN05-03317,5,2026-07-12 10:47:16,1950.63,Fuel,50119,Card,DEV-05-2,iPhone,Mumbai,10,6,1,107.03,7,2621.47,8537.14,1,715,817,0,0,1,120.15,0,
TXN05-03318,5,2026-07-12 11:11:21,2773.76,Taxi,50049,Card,DEV-05-5,Android,Pune,11,6,1,24.08,8,2619.79,8526.53,22,243,635,0,0,0,120.15,0,
TXN05-03319,5,2026-07-12 11:33:07,919.1,Fuel,50069,UPI,DEV-05-1,Android,Delhi,11,6,1,21.77,9,2620.17,8515.9,5,1031,1034,0,0,0,1179.48,0,
TXN05-03320,5,2026-07-12 11:59:49,851.28,Fuel,50003,UPI,DEV-05-2,iPhone,Pune,11,6,1,26.7,10,2615.7,8526.66,267,716,636,0,0,0,1179.48,0,
TXN05-03321,5,2026-07-12 12:38:27,1196.44,Taxi,50007,UPI,DEV-05-1,Android,Mumbai,12,6,1,38.63,11,2609.42,8548.47,76,1032,818,0,0,0,120.15,0,
TXN05-03322,5,2026-07-12 13:00:11,4000.0,Hotels,50005,Card,DEV-05-1,Android,Jaipur,13,6,1,21.73,12,2609.39,8558.94,237,1033,319,0,0,0,920.74,0,
TXN05-03323,5,2026-07-12 13:22:19,3245.18,Restaurants,50001,Card,DEV-05-2,iPhone,Pune,13,6,1,22.13,13,2610.04,8569.73,357,717,637,0,0,0,953.87,0,
TXN05-03324,5,2026-07-12 13:57:06,879.02,Taxi,50030,UPI,DEV-05-1,Android,Pune,13,6,1,34.78,14,2613.29,8634.21,38,1034,638,0,0,0,0.0,0,
TXN05-03325,5,2026-07-12 15:07:23,3084.61,Hotels,50005,Card,DEV-05-1,Android,Bangalore,15,6,1,70.28,15,2617.87,8667.22,238,1035,472,0,0,0,735.23,0,
TXN05-03326,5,2026-07-12 15:32:04,1917.25,Fuel,50088,UPI,DEV-05-4,iPhone,Mumbai,15,6,1,24.68,16,2631.47,8688.56,2,307,819,0,0,0,845.32,0,
TXN05-03327,5,2026-07-12 15:36:21,2696.75,Fuel,50040,Card,DEV-05-1,Android,Jaipur,15,6,1,4.28,17,2629.62,8677.37,40,1036,320,0,0,0,920.74,0,
TXN05-03328,5,2026-07-12 16:25:23,1236.98,Fuel,50028,Card,DEV-05-1,Android,Delhi,16,6,1,49.03,18,2633.19,8710.78,62,1037,1035,0,0,0,237.53,0,
TXN05-03329,5,2026-07-12 16:28:56,3547.17,Hotels,50120,Card,DEV-05-3,Web,Mumbai,16,6,1,3.55,19,2629.55,8699.72,1,484,820,0,0,1,1153.24,0,
TXN05-03330,5,2026-07-12 16:33:24,3201.77,Taxi,50007,UPI,DEV-05-1,Android,Bangalore,16,6,1,4.47,20,2631.94,8688.54,77,1038,473,0,0,0,845.32,0,
TXN05-03331,5,2026-07-12 16:54:57,1194.1,Fuel,50006,UPI,DEV-05-1,Android,Mumbai,16,6,1,21.55,21,2633.41,8677.33,128,1039,821,0,0,0,845.32,0,
TXN05-03332,5,2026-07-12 17:57:41,1175.59,Restaurants,50001,Card,DEV-05-4,iPhone,Mumbai,17,6,1,62.73,22,2650.97,8744.25,358,308,822,0,0,0,0.0,0,
TXN05-03333,5,2026-07-12 18:15:22,1149.44,Restaurants,50004,Card,DEV-05-1,Android,Delhi,18,6,1,17.68,23,2647.1,8733.09,140,1040,1036,0,0,0,1153.24,0,
TXN05-03334,5,2026-07-12 18:21:05,401.64,Restaurants,50020,UPI,DEV-05-1,Android,Delhi,18,6,1,5.72,24,2643.18,8721.99,21,1041,1037,0,0,0,0.0,0,
TXN05-03335,5,2026-07-12 18:56:02,1548.19,Fuel,50086,Card,DEV-05-2,iPhone,Jaipur,18,6,1,34.95,25,2641.35,8767.82,5,718,321,0,0,0,237.53,0,
TXN05-03336,5,2026-07-12 19:05:10,1130.35,Restaurants,50115,UPI,DEV-05-2,iPhone,Jaipur,19,6,1,9.13,26,2646.93,8778.83,2,719,322,0,0,0,0.0,0,
TXN05-03337,5,2026-07-12 19:30:31,3816.72,Restaurants,50009,Card,DEV-05-1,Android,Delhi,19,6,1,25.35,27,2642.51,8779.18,68,1042,1038,0,0,0,237.53,0,
TXN05-03338,5,2026-07-12 20:30:41,2780.82,Restaurants,50012,Card,DEV-05-1,Android,Delhi,20,6,1,60.17,28,2647.63,8801.9,56,1043,1039,0,0,0,0.0,0,
TXN05-03339,5,2026-07-12 20:34:50,1727.89,Hotels,50014,UPI,DEV-05-3,Web,Delhi,20,6,1,4.15,29,2653.1,8801.35,80,485,1040,0,0,0,0.0,0,
TXN05-03340,5,2026-07-12 20:42:51,4000.0,Taxi,50007,UPI,DEV-05-2,iPhone,Pune,20,6,1,8.02,30,2652.8,8801.38,78,720,639,0,0,0,1179.48,0,
TXN05-03341,5,2026-07-12 21:09:06,3720.93,Restaurants,50001,UPI,DEV-05-1,Android,Pune,21,6,1,26.25,31,2661.9,8824.89,359,1044,640,0,0,0,0.0,0,
TXN05-03342,5,2026-07-12 21:20:03,902.96,Restaurants,50057,UPI,DEV-05-1,Android,Mumbai,21,6,1,10.95,32,2671.29,8836.39,6,1045,823,0,0,0,120.15,0,
TXN05-03343,5,2026-07-12 21:27:37,1436.11,Fuel,50062,Card,DEV-05-2,iPhone,Delhi,21,6,1,7.57,33,2666.55,8825.01,17,721,1041,0,0,0,1153.24,0,
TXN05-03344,5,2026-07-12 21:36:24,1904.0,Fuel,50040,Card,DEV-05-12,Web,Mumbai,21,6,1,8.78,34,2663.26,8813.43,41,13,824,0,0,0,1153.24,0,
TXN05-03345,5,2026-07-12 21:39:53,545.0,Fuel,50028,UPI,DEV-05-50,Web,Pune,21,6,1,3.48,35,2661.23,8801.76,63,1,641,1,0,0,120.15,0,
TXN05-03346,5,2026-07-12 22:35:10,1341.65,Fuel,50028,UPI,DEV-05-1,Android,Delhi,22,6,1,55.28,36,2655.6,8790.72,64,1046,1042,0,0,0,1179.48,0,
TXN05-03347,5,2026-07-12 22:40:45,1600.98,Restaurants,50012,UPI,DEV-05-2,iPhone,Bangalore,22,6,1,5.58,37,2652.12,8779.32,57,722,474,0,0,0,1750.11,0,
TXN05-03348,5,2026-07-12 22:47:24,1496.33,Fuel,50048,Card,DEV-05-1,Android,Pune,22,6,1,6.65,38,2645.76,8779.21,21,1047,642,0,0,0,735.23,0,
TXN05-03349,5,2026-07-12 22:57:06,600.38,Taxi,50071,Card,DEV-05-5,Android,Delhi,22,6,1,9.7,39,2642.71,8767.78,7,244,1043,0,0,0,1179.48,0,
TXN05-03350,5,2026-07-12 23:10:55,475.09,Restaurants,50012,UPI,DEV-05-1,Android,Bangalore,23,6,1,13.82,40,2637.33,8756.84,58,1048,475,0,0,0,1750.11,0,
TXN05-03351,5,2026-07-12 23:46:14,1934.53,Hotels,50024,UPI,DEV-05-1,Android,Mumbai,23,6,1,35.32,41,2639.14,8791.17,43,1049,825,0,0,0,845.32,0,
TXN05-03352,5,2026-07-13 02:07:59,1113.02,Fuel,50013,Card,DEV-05-3,Web,Delhi,2,0,0,141.75,1,2637.27,8779.58,84,486,1044,0,0,0,1153.24,1,ato_odd_hour
TXN05-03353,5,2026-07-13 06:18:46,2782.71,Hotels,50010,Card,DEV-05-4,iPhone,Bangalore,6,0,0,250.78,2,2636.9,8813.99,100,309,476,0,0,0,1750.11,0,
TXN05-03354,5,2026-07-13 06:20:14,1639.62,Taxi,50007,Card,DEV-05-3,Web,Pune,6,0,0,1.47,3,2637.29,8802.24,79,487,643,0,0,0,735.23,0,
TXN05-03355,5,2026-07-13 06:22:06,1387.02,Restaurants,50009,Card,DEV-05-1,Android,Mumbai,6,0,0,1.87,4,2634.64,8790.67,69,1050,826,0,0,0,120.15,0,
TXN05-03356,5,2026-07-13 06:25:07,3589.78,Hotels,50015,Card,DEV-05-2,iPhone,Jaipur,6,0,0,3.02,5,2631.33,8779.24,45,723,323,0,0,0,920.74,0,
TXN05-03357,5,2026-07-13 06:31:56,1286.89,Taxi,50007,Card,DEV-05-1,Android,Mumbai,6,0,0,6.82,6,2633.86,8767.76,80,1051,827,0,0,0,920.74,0,
TXN05-03358,5,2026-07-13 06:46:54,343.16,Restaurants,50011,UPI,DEV-05-3,Web,Mumbai,6,0,0,14.97,7,2632.88,8767.89,48,488,828,0,0,0,0.0,0,
TXN05-03359,5,2026-07-13 07:16:09,1719.64,Fuel,50047,UPI,DEV-05-2,iPhone,Mumbai,7,0,0,29.25,8,2636.01,8791.19,37,724,829,0,0,0,0.0,0,
TXN05-03360,5,2026-07-13 07:49:32,3262.38,Restaurants,50022,UPI,DEV-05-4,iPhone,Delhi,7,0,0,33.38,9,2650.3,8825.0,29,310,1045,0,0,0,1153.24,0,
TXN05-03361,5,2026-07-13 08:29:29,2025.73,Fuel,50013,Card,DEV-05-3,Web,Pune,8,0,0,39.95,10,2655.98,8824.71,85,489,644,0,0,0,1179.48,0,
TXN05-03362,5,2026-07-13 08:39:25,501.89,Hotels,50015,Card,DEV-05-4,iPhone,Bangalore,8,0,0,9.93,11,2657.95,8824.48,46,311,477,0,0,0,735.23,0,
TXN05-03363,5,2026-07-13 08:48:31,292.69,Restaurants,50008,Card,DEV-05-11,iPhone,Mumbai,8,0,0,9.1,12,2652.19,8813.38,93,18,830,0,0,0,845.32,0,
TXN05-03364,5,2026-07-13 08:52:54,1568.01,Restaurants,50009,UPI,DEV-05-2,iPhone,Pune,8,0,0,4.38,13,2645.9,8802.46,70,725,645,0,0,0,120.15,0,
TXN05-03365,5,2026-07-13 09:48:07,681.42,Hotels,50095,UPI,DEV-05-1,Android,Bangalore,9,0,0,55.22,14,2656.99,8872.25,3,1052,478,0,0,0,735.23,0,
TXN05-03366,5,2026-07-13 10:12:27,713.53,Taxi,50050,Card,DEV-05-4,iPhone,Delhi,10,0,0,24.33,15,2651.66,8860.84,13,312,1046,0,0,0,1750.11,0,
TXN05-03367,5,2026-07-13 10:35:58,773.31,Restaurants,50012,UPI,DEV-05-2,iPhone,Jaipur,10,0,0,23.52,16,2654.35,8872.75,59,726,324,0,0,0,237.53,0,
TXN05-03368,5,2026-07-13 10:52:13,357.62,Restaurants,50103,UPI,DEV-05-1,Android,Delhi,10,0,0,16.25,17,2649.27,8861.29,2,1053,1047,0,0,0,237.53,0,
TXN05-03369,5,2026-07-13 11:34:45,2071.92,Restaurants,50001,UPI,DEV-05-1,Android,Pune,11,0,0,42.53,18,2655.9,8909.4,360,1054,646,0,0,0,1179.48,0,
TXN05-03370,5,2026-07-13 11:39:01,2804.58,Hotels,50025,UPI,DEV-05-4,iPhone,Pune,11,0,0,4.27,19,2654.3,8897.3,31,313,647,0,0,0,0.0,0,
TXN05-03371,5,2026-07-13 11:55:14,741.5,Restaurants,50001,Card,DEV-05-51,Web,Jaipur,11,0,0,16.22,20,2654.71,8885.21,361,1,325,1,0,0,953.87,0,
TXN05-03372,5,2026-07-13 12:30:04,3938.8,Fuel,50003,Card,DEV-05-4,iPhone,Bangalore,12,0,0,34.83,21,2655.28,8885.08,268,314,479,0,0,0,1561.54,0,
TXN05-03373,5,2026-07-13 12:54:49,2325.66,Restaurants,50019,Card,DEV-05-5,Android,Mumbai,12,0,0,24.75,22,2659.91,8897.2,37,245,831,0,0,0,845.32,0,
TXN05-03374,5,2026-07-13 13:13:04,3743.43,Taxi,50007,UPI,DEV-05-4,iPhone,Pune,13,0,0,18.25,23,2658.29,8897.21,81,315,648,0,0,0,120.15,0,
TXN05-03375,5,2026-07-13 14:02:01,4000.0,Fuel,50099,Card,DEV-05-2,iPhone,Bangalore,14,0,0,48.95,24,2669.68,8921.1,4,727,480,0,0,0,735.23,0,
TXN05-03376,5,2026-07-13 14:10:42,1201.17,Fuel,50064,Card,DEV-05-1,Android,Bangalore,14,0,0,8.68,25,2673.31,8909.18,12,1055,481,0,0,0,0.0,0,
TXN05-03377,5,2026-07-13 15:11:23,931.21,Restaurants,50008,UPI,DEV-05-1,Android,Delhi,15,0,0,60.68,26,2670.77,8921.12,94,1056,1048,0,0,0,1750.11,0,
TXN05-03378,5,2026-07-13 15:12:16,2485.39,Restaurants,50001,UPI,DEV-05-1,Android,Mumbai,15,0,0,0.88,27,2666.02,8909.39,362,1057,832,0,0,0,1153.24,0,
TXN05-03379,5,2026-07-13 15:12:26,671.91,Fuel,50064,Card,DEV-05-1,Android,Bangalore,15,0,0,0.17,28,2665.53,8897.25,13,1058,482,0,0,0,845.32,0,
TXN05-03380,5,2026-07-13 15:18:56,3425.4,Restaurants,50074,UPI,DEV-05-4,iPhone,Bangalore,15,0,0,6.5,29,2668.89,8921.48,6,316,483,0,0,0,0.0,0,
TXN05-03381,5,2026-07-13 15:35:49,779.08,Fuel,50003,UPI,DEV-05-5,Android,Delhi,15,0,0,16.88,30,2670.69,8921.57,269,246,1049,0,0,0,1750.11,0,
TXN05-03382,5,2026-07-13 15:43:21,2265.44,Taxi,50002,Card,DEV-05-5,Android,Mumbai,15,0,0,7.53,31,2665.52,8909.92,186,247,833,0,0,0,1153.24,0,
TXN05-03383,5,2026-07-13 15:53:38,2091.7,Restaurants,50001,Card,DEV-05-7,Android,Jaipur,15,0,0,10.28,32,2664.43,8897.79,363,98,326,0,0,0,920.74,0,
TXN05-03384,5,2026-07-13 16:35:57,803.2,Fuel,50003,UPI,DEV-05-1,Android,Mumbai,16,0,0,42.32,33,2665.17,8933.91,270,1059,834,0,0,0,920.74,0,
TXN05-03385,5,2026-07-13 16:59:44,1469.42,Restaurants,50004,UPI,DEV-05-10,Android,Mumbai,16,0,0,23.78,34,2662.02,8934.37,141,36,835,0,0,0,0.0,0,
TXN05-03386,5,2026-07-13 17:15:29,2958.49,Fuel,50003,UPI,DEV-05-2,iPhone,Jaipur,17,0,0,15.75,35,2662.98,8934.22,271,728,327,0,0,0,920.74,0,
TXN05-03387,5,2026-07-13 18:42:51,1380.85,Hotels,50024,UPI,DEV-05-7,Android,Pune,18,0,0,87.37,36,2692.43,9005.77,44,99,649,0,0,0,953.87,0,
TXN05-03388,5,2026-07-13 18:48:01,648.29,Hotels,50031,Card,DEV-05-1,Android,Pune,18,0,0,5.17,37,2688.78,8993.49,22,1060,650,0,0,0,0.0,0,
TXN05-03389,5,2026-07-13 18:57:15,2607.56,Restaurants,50011,UPI,DEV-05-1,Android,Jaipur,18,0,0,9.23,38,2684.82,8994.07,49,1061,328,0,0,0,953.87,0,
TXN05-03390,5,2026-07-13 19:18:52,2457.79,Hotels,50017,UPI,DEV-05-7,Android,Delhi,19,0,0,21.62,39,2684.6,8981.57,52,100,1050,0,0,0,237.53,0,
TXN05-03391,5,2026-07-13 19:32:43,2427.87,Hotels,50005,Card,DEV-05-4,iPhone,Delhi,19,0,0,13.85,40,2689.79,8980.9,239,317,1051,0,0,0,0.0,0,
TXN05-03392,5,2026-07-13 19:46:48,868.71,Fuel,50121,UPI,DEV-05-3,Web,Mumbai,19,0,0,14.08,41,2691.03,8980.83,1,490,836,0,0,1,1153.24,0,
TXN05-03393,5,2026-07-13 19:47:24,1157.25,Taxi,50002,Card,DEV-05-2,iPhone,Delhi,19,0,0,0.6,42,2685.98,8968.9,187,729,1052,0,0,0,1153.24,0,
TXN05-03394,5,2026-07-13 20:11:26,1893.43,Hotels,50014,UPI,DEV-05-8,iPhone,Mumbai,20,0,0,24.03,43,2688.0,8968.47,81,66,837,0,0,0,1153.24,0,
TXN05-03395,5,2026-07-13 20:13:11,4000.0,Fuel,50003,Card,DEV-05-1,Android,Mumbai,20,0,0,1.75,44,2689.75,8968.25,272,1062,838,0,0,0,0.0,0,
TXN05-03396,5,2026-07-13 20:24:21,3165.72,Restaurants,50023,UPI,DEV-05-7,Android,Delhi,20,0,0,11.17,45,2692.4,8968.5,25,101,1053,0,0,0,1153.24,0,
TXN05-03397,5,2026-07-13 21:00:24,2769.34,Hotels,50005,UPI,DEV-05-1,Android,Mumbai,21,0,0,36.05,46,2699.65,8980.39,240,1063,839,0,0,0,1153.24,0,
TXN05-03398,5,2026-07-13 21:36:55,3192.58,Taxi,50007,UPI,DEV-05-1,Android,Delhi,21,0,0,36.52,47,2704.76,8979.91,82,1064,1054,0,0,0,1153.24,0,
TXN05-03399,5,2026-07-13 22:04:23,1932.87,Taxi,50007,UPI,DEV-05-1,Android,Mumbai,22,0,0,27.47,48,2706.06,8979.95,83,1065,840,0,0,0,1153.24,0,
TXN05-03400,5,2026-07-13 22:05:47,970.72,Taxi,50002,UPI,DEV-05-2,iPhone,Jaipur,22,0,0,1.4,49,2703.92,8967.59,188,730,329,0,0,0,920.74,0,
TXN05-03401,5,2026-07-13 22:07:25,1211.24,Restaurants,50001,UPI,DEV-05-17,Android,Bangalore,22,0,0,1.63,50,2699.13,8955.66,364,4,484,0,0,0,1561.54,0,
TXN05-03402,5,2026-07-13 22:20:19,3155.32,Restaurants,50001,Card,DEV-05-1,Android,Delhi,22,0,0,12.9,51,2700.41,8955.41,365,1066,1055,0,0,0,1750.11,0,
TXN05-03403,5,2026-07-13 22:28:14,1078.3,Fuel,50003,Card,DEV-05-3,Web,Pune,22,0,0,7.92,52,2701.67,8943.1,273,491,651,0,0,0,1179.48,0,
TXN05-03404,5,2026-07-13 22:33:07,2566.26,Hotels,50005,UPI,DEV-05-2,iPhone,Pune,22,0,0,4.88,53,2697.21,8931.21,241,731,652,0,0,0,0.0,0,
TXN05-03405,5,2026-07-13 22:38:33,526.25,Hotels,50005,Card,DEV-05-1,Android,Bangalore,22,0,0,5.43,54,2696.85,8918.97,242,1067,485,0,0,0,735.23,0,
TXN05-03406,5,2026-07-13 22:38:58,2748.49,Hotels,50005,Card,DEV-05-4,iPhone,Delhi,22,0,0,0.42,55,2690.92,8907.5,243,318,1056,0,0,0,1750.11,0,
TXN05-03407,5,2026-07-13 22:46:11,1044.73,Hotels,50015,UPI,DEV-05-2,iPhone,Bangalore,22,0,0,7.22,56,2691.07,8895.36,47,732,486,0,0,0,1750.11,0,
TXN05-03408,5,2026-07-13 23:00:19,2929.41,Hotels,50005,UPI,DEV-05-4,iPhone,Mumbai,23,0,0,14.13,57,2686.46,8895.77,244,319,841,0,0,0,845.32,0,
TXN05-03409,5,2026-07-13 23:06:09,2537.15,Hotels,50111,Card,DEV-05-6,Web,Delhi,23,0,0,5.83,58,2687.12,8883.68,3,178,1057,0,0,0,1153.24,0,
TXN05-03410,5,2026-07-13 23:21:27,319.18,Taxi,50002,UPI,DEV-05-1,Android,Pune,23,0,0,15.3,59,2686.72,8871.64,189,1068,653,0,0,0,1179.48,0,
TXN05-03411,5,2026-07-13 23:49:57,3086.77,Restaurants,50021,Card,DEV-05-1,Android,Delhi,23,0,0,28.5,60,2678.34,8872.41,25,1069,1058,0,0,0,1179.48,0,
TXN05-03412,5,2026-07-14 06:10:06,2543.76,Fuel,50003,Card,DEV-05-2,iPhone,Delhi,6,1,0,380.15,1,2679.44,8860.44,274,733,1059,0,0,0,0.0,0,
TXN05-03413,5,2026-07-14 06:10:39,1009.59,Fuel,50091,UPI,DEV-05-5,Android,Jaipur,6,1,0,0.55,2,2680.68,8860.39,6,248,330,0,0,0,237.53,0,
TXN05-03414,5,2026-07-14 06:30:45,3165.86,Restaurants,50122,Card,DEV-05-5,Android,Delhi,6,1,0,20.1,3,2676.17,8848.86,1,249,1060,0,0,1,237.53,0,
TXN05-03415,5,2026-07-14 06:44:41,1915.12,Hotels,50107,Card,DEV-05-2,iPhone,Mumbai,6,1,0,13.93,4,2677.49,8837.0,5,734,842,0,0,0,1153.24,0,
TXN05-03416,5,2026-07-14 06:52:48,1656.83,Restaurants,50008,Card,DEV-05-1,Android,Mumbai,6,1,0,8.12,5,2675.45,8825.23,95,1070,843,0,0,0,0.0,0,
TXN05-03417,5,2026-07-14 07:18:34,3023.71,Restaurants,50004,UPI,DEV-05-5,Android,Pune,7,1,0,25.77,6,2671.51,8837.13,142,250,654,0,0,0,120.15,0,
TXN05-03418,5,2026-07-14 07:20:19,1183.16,Taxi,50002,Card,DEV-05-4,iPhone,Mumbai,7,1,0,1.75,7,2672.45,8825.29,190,320,844,0,0,0,120.15,0,
TXN05-03419,5,2026-07-14 07:46:22,2980.9,Fuel,50003,UPI,DEV-05-1,Android,Delhi,7,1,0,26.05,8,2672.58,8825.27,275,1071,1061,0,0,0,1153.24,0,
TXN05-03420,5,2026-07-14 07:54:21,1799.52,Fuel,50003,UPI,DEV-05-4,iPhone,Mumbai,7,1,0,7.98,9,2673.4,8813.48,276,321,845,0,0,0,1153.24,0,
TXN05-03421,5,2026-07-14 07:58:30,936.45,Restaurants,50004,UPI,DEV-05-5,Android,Bangalore,7,1,0,4.15,10,2671.07,8801.83,143,251,487,0,0,0,845.32,0,
TXN05-03422,5,2026-07-14 07:59:36,1210.01,Taxi,50049,Card,DEV-05-3,Web,Jaipur,7,1,0,1.1,11,2666.46,8790.58,23,492,331,0,0,0,1561.54,0,
TXN05-03423,5,2026-07-14 08:04:36,386.73,Fuel,50073,Card,DEV-05-4,iPhone,Mumbai,8,1,0,5.0,12,2662.59,8779.23,7,322,846,0,0,0,920.74,0,
TXN05-03424,5,2026-07-14 08:10:29,1495.96,Restaurants,50044,Card,DEV-05-2,iPhone,Mumbai,8,1,0,5.88,13,2656.57,8768.39,17,735,847,0,0,0,0.0,0,
TXN05-03425,5,2026-07-14 08:21:31,4000.0,Restaurants,50001,UPI,DEV-05-1,Android,Pune,8,1,0,11.03,14,2653.51,8757.01,366,1072,655,0,0,0,120.15,0,
TXN05-03426,5,2026-07-14 08:22:58,3032.02,Fuel,50013,UPI,DEV-05-4,iPhone,Pune,8,1,0,1.45,15,2657.05,8745.76,86,323,656,0,0,0,0.0,0,
TXN05-03427,5,2026-07-14 08:29:17,2058.38,Fuel,50070,UPI,DEV-05-3,Web,Mumbai,8,1,0,6.32,16,2661.47,8757.18,8,493,848,0,0,0,120.15,0,
TXN05-03428,5,2026-07-14 09:18:13,800.6,Fuel,50114,UPI,DEV-05-5,Android,Bangalore,9,1,0,48.93,17,2664.57,8791.05,2,252,488,0,0,0,845.32,0,
TXN05-03429,5,2026-07-14 09:34:14,666.35,Fuel,50003,Card,DEV-05-4,iPhone,Jaipur,9,1,0,16.02,18,2663.1,8791.32,277,324,332,0,0,0,1561.54,0,
TXN05-03430,5,2026-07-14 09:52:17,1342.11,Restaurants,50004,UPI,DEV-05-5,Android,Delhi,9,1,0,18.05,19,2661.33,8791.65,144,253,1062,0,0,0,237.53,0,
TXN05-03431,5,2026-07-14 10:08:25,1869.45,Fuel,50075,UPI,DEV-05-4,iPhone,Delhi,10,1,0,16.13,20,2663.86,8791.14,6,325,1063,0,0,0,0.0,0,
TXN05-03432,5,2026-07-14 10:28:45,1577.2,Fuel,50028,UPI,DEV-05-3,Web,Mumbai,10,1,0,20.33,21,2661.76,8779.56,65,494,849,0,0,0,1153.24,0,
TXN05-03433,5,2026-07-14 10:50:06,467.09,Hotels,50010,Card,DEV-05-1,Android,Delhi,10,1,0,21.35,22,2662.26,8779.5,101,1073,1064,0,0,0,1153.24,0,
TXN05-03434,5,2026-07-14 10:55:23,2510.66,Hotels,50005,Card,DEV-05-2,iPhone,Bangalore,10,1,0,5.28,23,2656.45,8768.6,245,736,489,0,0,0,1750.11,0,
TXN05-03435,5,2026-07-14 11:35:30,4000.0,Taxi,50094,Card,DEV-05-2,iPhone,Delhi,11,1,0,40.12,24,2662.21,8779.64,8,737,1065,0,0,0,1750.11,0,
TXN05-03436,5,2026-07-14 11:44:53,514.48,Restaurants,50035,Card,DEV-05-1,Android,Mumbai,11,1,0,9.38,25,2665.75,8768.29,16,1074,850,0,0,0,1153.24,0,
TXN05-03437,5,2026-07-14 12:05:52,693.21,Restaurants,50009,UPI,DEV-05-7,Android,Delhi,12,1,0,20.98,26,2664.13,8768.63,71,102,1066,0,0,0,1153.24,0,
TXN05-03438,5,2026-07-14 12:07:07,622.7,Fuel,50040,UPI,DEV-05-1,Android,Pune,12,1,0,1.25,27,2658.93,8757.64,42,1075,657,0,0,0,1179.48,0,
TXN05-03439,5,2026-07-14 12:31:24,4000.0,Restaurants,50019,Card,DEV-05-9,Web,Bangalore,12,1,0,24.28,28,2661.46,8769.16,38,51,490,0,0,0,735.23,0,
TXN05-03440,5,2026-07-14 12:35:08,1051.35,Restaurants,50016,Card,DEV-05-5,Android,Delhi,12,1,0,3.73,29,2664.99,8757.85,47,254,1067,0,0,0,1750.11,0,
TXN05-03441,5,2026-07-14 12:40:48,1553.66,Restaurants,50001,Card,DEV-05-5,Android,Pune,12,1,0,5.67,30,2660.74,8746.71,367,255,658,0,0,0,1179.48,0,
TXN05-03442,5,2026-07-14 12:42:45,1185.41,Taxi,50002,Card,DEV-05-6,Web,Pune,12,1,0,1.95,31,2657.84,8735.41,191,179,659,0,0,0,0.0,0,
TXN05-03443,5,2026-07-14 13:12:02,2316.04,Fuel,50040,UPI,DEV-05-5,Android,Jaipur,13,1,0,29.28,32,2656.22,8735.62,43,256,333,0,0,0,953.87,0,
TXN05-03444,5,2026-07-14 13:19:14,3287.43,Restaurants,50052,Card,DEV-05-2,iPhone,Bangalore,13,1,0,7.2,33,2657.33,8735.55,9,738,491,0,0,0,1561.54,0,
TXN05-03445,5,2026-07-14 13:40:53,2668.46,Restaurants,50001,UPI,DEV-05-2,iPhone,Bangalore,13,1,0,21.65,34,2655.46,8735.34,368,739,492,0,0,0,0.0,0,
TXN05-03446,5,2026-07-14 14:10:00,2243.86,Restaurants,50004,UPI,DEV-05-1,Android,Mumbai,14,1,0,29.12,35,2666.08,8745.6,145,1076,851,0,0,0,845.32,0,
TXN05-03447,5,2026-07-14 14:28:53,1651.08,Restaurants,50001,UPI,DEV-05-2,iPhone,Mumbai,14,1,0,18.88,36,2671.18,8756.74,369,740,852,0,0,0,0.0,0,
TXN05-03448,5,2026-07-14 14:31:39,4000.0,Restaurants,50016,Card,DEV-05-5,Android,Delhi,14,1,0,2.77,37,2668.49,8745.37,48,257,1068,0,0,0,1153.24,0,
TXN05-03449,5,2026-07-14 14:37:28,1973.0,Taxi,50123,Card,DEV-05-1,Android,Pune,14,1,0,5.82,38,2671.99,8734.15,1,1077,660,0,0,1,1179.48,0,
TXN05-03450,5,2026-07-14 15:01:59,100000.0,Bank Transfer,50001,Card,DEV-05-1,Android,Delhi,15,1,0,24.52,39,2670.16,8722.78,370,1078,1069,0,0,0,1179.48,1,huge_transfer
TXN05-03451,5,2026-07-14 15:08:39,4000.0,Fuel,50028,UPI,DEV-05-52,Web,Pune,15,1,0,6.67,40,2929.27,10040.48,66,1,661,1,0,0,1179.48,0,
TXN05-03452,5,2026-07-14 15:16:04,943.91,Fuel,50003,Card,DEV-05-3,Web,Jaipur,15,1,0,7.42,41,2932.06,10027.52,278,495,334,0,0,0,953.87,0,
TXN05-03453,5,2026-07-14 15:33:07,1874.54,Fuel,50003,UPI,DEV-05-1,Android,Delhi,15,1,0,17.05,42,2926.82,10028.03,279,1079,1070,0,0,0,237.53,0,
TXN05-03454,5,2026-07-14 15:37:20,539.89,Fuel,50013,UPI,DEV-05-8,iPhone,Jaipur,15,1,0,4.22,43,2924.08,10015.11,87,67,335,0,0,0,237.53,0,
TXN05-03455,5,2026-07-14 15:42:41,2959.03,Fuel,50006,Card,DEV-05-2,iPhone,Mumbai,15,1,0,5.35,44,2917.88,10002.83,129,741,853,0,0,0,920.74,0,
TXN05-03456,5,2026-07-14 15:57:10,1380.89,Hotels,50005,Card,DEV-05-8,iPhone,Delhi,15,1,0,14.48,45,2922.92,10015.19,246,68,1071,0,0,0,1153.24,0,
TXN05-03457,5,2026-07-14 16:37:02,2230.5,Restaurants,50083,Card,DEV-05-1,Android,Delhi,16,1,0,39.87,46,2927.19,10027.9,6,1080,1072,0,0,0,0.0,0,
TXN05-03458,5,2026-07-14 17:08:05,935.16,Taxi,50050,UPI,DEV-05-3,Web,Delhi,17,1,0,31.05,47,2927.68,10027.86,14,496,1073,0,0,0,0.0,0,
TXN05-03459,5,2026-07-14 17:14:57,539.86,Restaurants,50001,UPI,DEV-05-1,Android,Mumbai,17,1,0,6.87,48,2922.49,10015.31,371,1081,854,0,0,0,1153.24,0,
TXN05-03460,5,2026-07-14 17:17:15,4000.0,Restaurants,50012,UPI,DEV-05-4,iPhone,Jaipur,17,1,0,2.3,49,2916.3,10003.03,60,326,336,0,0,0,920.74,0,
TXN05-03461,5,2026-07-14 17:34:46,1580.2,Fuel,50013,UPI,DEV-UNK-8311,iPhone,Mumbai,17,1,0,17.52,50,2919.11,9990.22,88,1,855,1,0,0,920.74,1,ato_new_device_higher_amount
TXN05-03462,5,2026-07-14 18:04:05,709.77,Taxi,50071,UPI,DEV-05-1,Android,Delhi,18,1,0,29.32,51,2922.42,9989.56,8,1082,1074,0,0,0,1153.24,0,
TXN05-03463,5,2026-07-14 18:10:43,2844.8,Restaurants,50124,Card,DEV-05-1,Android,Mumbai,18,1,0,6.63,52,2916.7,9977.28,1,1083,856,0,0,1,1153.24,0,
TXN05-03464,5,2026-07-14 18:25:20,1209.35,Restaurants,50004,UPI,DEV-05-1,Android,Bangalore,18,1,0,14.62,53,2931.6,10001.65,146,1084,493,0,0,0,845.32,0,
TXN05-03465,5,2026-07-14 18:28:36,715.01,Taxi,50002,UPI,DEV-05-2,iPhone,Pune,18,1,0,3.27,54,2927.14,9989.07,192,742,662,0,0,0,735.23,0,
TXN05-03466,5,2026-07-14 18:38:53,100000.0,Bank Transfer,50001,Card,DEV-05-1,Android,Delhi,18,1,0,10.28,55,2921.42,9976.79,372,1085,1075,0,0,0,1179.48,1,huge_transfer
TXN05-03467,5,2026-07-14 19:35:58,1013.38,Restaurants,50019,UPI,DEV-05-6,Web,Mumbai,19,1,0,57.08,56,3193.21,11168.97,39,180,857,0,0,0,1153.24,0,
TXN05-03468,5,2026-07-14 20:12:43,878.2,Fuel,50040,UPI,DEV-05-1,Android,Mumbai,20,1,0,36.75,57,3200.34,11182.63,44,1086,858,0,0,0,0.0,0,
TXN05-03469,5,2026-07-14 20:15:48,1047.61,Hotels,50014,UPI,DEV-05-2,iPhone,Pune,20,1,0,3.08,58,3194.3,11168.69,82,743,663,0,0,0,120.15,0,
TXN05-03470,5,2026-07-14 20:22:21,817.99,Hotels,50027,UPI,DEV-05-1,Android,Delhi,20,1,0,6.55,59,3188.72,11154.71,29,1087,1076,0,0,0,1179.48,0,
TXN05-03471,5,2026-07-14 20:34:12,750.9,Hotels,50014,UPI,DEV-05-1,Android,Delhi,20,1,0,11.85,60,3184.78,11155.28,83,1088,1077,0,0,0,0.0,0,
TXN05-03472,5,2026-07-14 20:50:48,661.58,Fuel,50059,UPI,DEV-05-4,iPhone,Mumbai,20,1,0,16.6,61,3179.27,11155.96,17,327,859,0,0,0,1153.24,0,
TXN05-03473,5,2026-07-14 20:50:55,622.37,Restaurants,50032,Card,DEV-05-2,iPhone,Delhi,20,1,0,0.12,62,3172.75,11142.23,27,744,1078,0,0,0,1153.24,0,
TXN05-03474,5,2026-07-14 20:57:30,2218.85,Taxi,50093,Card,DEV-05-1,Android,Delhi,20,1,0,6.58,63,3166.16,11128.58,6,1089,1079,0,0,0,0.0,0,
TXN05-03475,5,2026-07-14 21:04:31,1446.16,Hotels,50005,UPI,DEV-05-1,Android,Delhi,21,1,0,7.02,64,3163.72,11114.33,247,1090,1080,0,0,0,0.0,0,
TXN05-03476,5,2026-07-14 21:18:34,2624.64,Restaurants,50001,UPI,DEV-05-1,Android,Jaipur,21,1,0,14.05,65,3160.84,11128.7,373,1091,337,0,0,0,237.53,0,
TXN05-03477,5,2026-07-14 21:42:54,2184.95,Restaurants,50004,UPI,DEV-05-3,Web,Pune,21,1,0,24.33,66,3159.46,11114.39,147,497,664,0,0,0,953.87,0,
TXN05-03478,5,2026-07-14 22:16:24,1614.85,Taxi,50030,UPI,DEV-05-2,iPhone,Bangalore,22,1,0,33.5,67,3161.29,11128.68,39,745,494,0,0,0,735.23,0,
TXN05-03479,5,2026-07-14 23:10:46,2317.07,Hotels,50036,Card,DEV-05-4,iPhone,Mumbai,23,1,0,54.37,68,3189.24,11198.5,21,328,860,0,0,0,845.32,1,ato_higher_amount
TXN05-03480,5,2026-07-14 23:56:22,2098.36,Fuel,50125,Card,DEV-05-2,iPhone,Jaipur,23,1,0,45.6,69,3186.96,11183.96,1,746,338,0,0,1,920.74,0,
TXN05-03481,5,2026-07-15 06:02:32,3894.16,Restaurants,50092,UPI,DEV-05-1,Android,Pune,6,2,0,366.17,1,3185.67,11198.63,3,1092,665,0,0,0,953.87,0,
TXN05-03482,5,2026-07-15 06:10:35,2532.97,Fuel,50006,Card,DEV-05-3,Web,Delhi,6,2,0,8.05,2,3187.52,11184.06,130,498,1081,0,0,0,1179.48,0,
TXN05-03483,5,2026-07-15 06:53:19,1068.23,Fuel,50003,Card,DEV-05-4,iPhone,Pune,6,2,0,42.73,3,3193.72,11198.19,280,329,666,0,0,0,1179.48,0,
TXN05-03484,5,2026-07-15 06:59:51,686.71,Fuel,50062,UPI,DEV-05-6,Web,Mumbai,6,2,0,6.53,4,3188.17,11184.08,18,181,861,0,0,0,120.15,0,
TXN05-03485,5,2026-07-15 07:00:11,1241.34,Fuel,50003,UPI,DEV-05-3,Web,Mumbai,7,2,0,0.33,5,3181.65,11170.24,281,499,862,0,0,0,0.0,0,
TXN05-03486,5,2026-07-15 07:20:02,4000.0,Hotels,50060,Card,DEV-05-7,Android,Pune,7,2,0,19.85,6,3176.61,11156.16,12,103,667,0,0,0,120.15,0,
TXN05-03487,5,2026-07-15 07:23:20,1060.34,Restaurants,50035,UPI,DEV-05-1,Android,Pune,7,2,0,3.3,7,3178.75,11141.78,17,1093,668,0,0,0,0.0,0,
TXN05-03488,5,2026-07-15 07:25:10,2237.75,Hotels,50085,UPI,DEV-05-4,iPhone,Bangalore,7,2,0,1.83,8,3173.27,11127.89,5,330,495,0,0,0,735.23,0,
TXN05-03489,5,2026-07-15 07:50:23,2659.05,Restaurants,50001,Card,DEV-05-4,iPhone,Bangalore,7,2,0,25.22,9,3176.41,11127.46,374,331,496,0,0,0,0.0,0,
TXN05-03490,5,2026-07-15 08:19:13,2717.97,Hotels,50017,UPI,DEV-05-3,Web,Pune,8,2,0,28.83,10,3175.08,11113.14,53,500,669,0,0,0,735.23,0,
TXN05-03491,5,2026-07-15 08:32:09,399.0,Hotels,50010,UPI,DEV-05-2,iPhone,Pune,8,2,0,12.93,11,3178.32,11112.82,102,747,670,0,0,0,0.0,0,
TXN05-03492,5,2026-07-15 08:45:38,2321.67,Hotels,50017,Card,DEV-05-1,Android,Mumbai,8,2,0,13.48,12,3171.18,11099.42,54,1094,863,0,0,0,120.15,0,
TXN05-03493,5,2026-07-15 09:11:24,3039.14,Restaurants,50001,Card,DEV-05-10,Android,Delhi,9,2,0,25.77,13,3169.0,11085.27,375,37,1082,0,0,0,1153.24,0,
TXN05-03494,5,2026-07-15 09:49:40,1185.26,Taxi,50007,Card,DEV-05-3,Web,Jaipur,9,2,0,38.27,14,3170.22,11099.19,84,501,339,0,0,0,237.53,0,
TXN05-03495,5,2026-07-15 10:03:30,908.8,Fuel,50088,UPI,DEV-05-7,Android,Delhi,10,2,0,13.83,15,3165.13,11085.4,3,104,1083,0,0,0,237.53,0,
TXN05-03496,5,2026-07-15 10:10:34,2164.35,Hotels,50005,Card,DEV-05-8,iPhone,Pune,10,2,0,7.07,16,3164.46,11085.53,248,69,671,0,0,0,1179.48,0,
TXN05-03497,5,2026-07-15 10:38:48,888.01,Taxi,50126,UPI,DEV-05-3,Web,Bangalore,10,2,0,28.23,17,3165.7,11085.39,1,502,497,0,0,1,735.23,0,
TXN05-03498,5,2026-07-15 11:01:02,1441.31,Hotels,50077,Card,DEV-05-2,iPhone,Mumbai,11,2,0,22.23,18,3166.45,11085.23,9,748,864,0,0,0,845.32,0,
TXN05-03499,5,2026-07-15 11:31:59,2279.35,Hotels,50010,UPI,DEV-05-2,iPhone,Bangalore,11,2,0,30.95,19,3159.89,11085.49,103,749,498,0,0,0,845.32,0,
TXN05-03500,5,2026-07-15 11:40:12,3172.11,Hotels,50010,UPI,DEV-05-2,iPhone,Mumbai,11,2,0,8.22,20,3157.64,11071.4,104,750,865,0,0,0,845.32,0,
TXN05-03501,5,2026-07-15 12:04:45,4000.0,Restaurants,50011,Card,DEV-05-1,Android,Pune,12,2,0,24.55,21,3169.08,11084.38,50,1095,672,0,0,0,120.15,0,
TXN05-03502,5,2026-07-15 13:02:18,970.59,Hotels,50010,UPI,DEV-05-1,Android,Mumbai,13,2,0,57.55,22,3177.51,11098.32,105,1096,866,0,0,0,120.15,0,
TXN05-03503,5,2026-07-15 13:17:44,2145.37,Hotels,50015,Card,DEV-05-4,iPhone,Pune,13,2,0,15.43,23,3170.39,11098.84,48,332,673,0,0,0,120.15,0,
TXN05-03504,5,2026-07-15 13:24:10,3081.92,Restaurants,50004,UPI,DEV-05-1,Android,Delhi,13,2,0,6.43,24,3172.36,11098.59,148,1097,1084,0,0,0,1179.48,0,
TXN05-03505,5,2026-07-15 13:25:45,942.28,Fuel,50064,UPI,DEV-05-3,Web,Bangalore,13,2,0,1.58,25,3172.13,11084.36,14,503,499,0,0,0,1750.11,0,
TXN05-03506,5,2026-07-15 13:43:30,758.67,Fuel,50006,UPI,DEV-05-10,Android,Delhi,13,2,0,17.75,26,3164.98,11084.89,131,38,1085,0,0,0,1750.11,0,
TXN05-03507,5,2026-07-15 13:45:22,4000.0,Restaurants,50009,UPI,DEV-05-1,Android,Pune,13,2,0,1.87,27,3158.83,11071.38,72,1098,674,0,0,0,1179.48,0,
TXN05-03508,5,2026-07-15 14:09:26,4000.0,Fuel,50003,UPI,DEV-05-1,Android,Mumbai,14,2,0,24.07,28,3164.86,11071.19,282,1099,867,0,0,0,120.15,0,
TXN05-03509,5,2026-07-15 14:34:10,3407.01,Fuel,50062,Card,DEV-05-1,Android,Pune,14,2,0,24.73,29,3171.23,11070.95,19,1100,675,0,0,0,120.15,0,
TXN05-03510,5,2026-07-15 14:34:36,855.11,Restaurants,50083,UPI,DEV-05-1,Android,Delhi,14,2,0,0.43,30,3171.84,11056.83,7,1101,1086,0,0,0,1179.48,0,
TXN05-03511,5,2026-07-15 14:44:42,1547.21,Taxi,50093,UPI,DEV-05-53,Web,Bangalore,14,2,0,10.1,31,3165.94,11043.37,7,1,500,1,0,0,1750.11,0,
TXN05-03512,5,2026-07-15 14:44:52,1372.9,Fuel,50062,Card,DEV-05-4,iPhone,Pune,14,2,0,0.17,32,3161.83,11029.64,20,333,676,0,0,0,735.23,0,
TXN05-03513,5,2026-07-15 15:12:51,1866.07,Taxi,50054,Card,DEV-05-1,Android,Delhi,15,2,0,27.98,33,3163.26,11043.54,13,1102,1087,0,0,0,1179.48,0,
TXN05-03514,5,2026-07-15 15:20:53,763.51,Restaurants,50001,Card,DEV-05-5,Android,Bangalore,15,2,0,8.03,34,3159.97,11029.71,376,258,501,0,0,0,1750.11,0,
TXN05-03515,5,2026-07-15 15:21:05,1603.99,Hotels,50036,Card,DEV-05-1,Android,Delhi,15,2,0,0.2,35,3153.9,11016.4,22,1103,1088,0,0,0,1750.11,0,
TXN05-03516,5,2026-07-15 15:24:05,1401.73,Restaurants,50080,Card,DEV-05-3,Web,Pune,15,2,0,3.0,36,3149.99,11002.76,8,504,677,0,0,0,1179.48,0,
TXN05-03517,5,2026-07-15 16:22:14,2336.94,Hotels,50056,UPI,DEV-05-2,iPhone,Delhi,16,2,0,58.15,37,3145.58,10989.24,20,751,1089,0,0,0,1179.48,0,
TXN05-03518,5,2026-07-15 16:57:28,1972.05,Taxi,50002,UPI,DEV-05-1,Android,Delhi,16,2,0,35.23,38,3147.47,11016.9,193,1104,1090,0,0,0,0.0,0,
TXN05-03519,5,2026-07-15 17:22:57,1684.28,Restaurants,50041,Card,DEV-05-7,Android,Goa,17,2,0,25.48,39,3150.02,11016.51,13,105,2,0,0,0,1521.64,0,
TXN05-03520,5,2026-07-15 17:24:41,2914.13,Fuel,50073,UPI,DEV-05-1,Android,Delhi,17,2,0,1.73,40,3146.32,11002.83,8,1105,1091,0,0,0,1521.64,0,
TXN05-03521,5,2026-07-15 17:31:14,1943.37,Hotels,50005,UPI,DEV-05-7,Android,Mumbai,17,2,0,6.55,41,3150.88,11002.36,249,106,868,0,0,0,1153.24,0,
TXN05-03522,5,2026-07-15 17:32:25,1065.79,Hotels,50015,Card,DEV-05-1,Android,Mumbai,17,2,0,1.18,42,3147.84,10988.66,49,1106,869,0,0,0,0.0,0,
TXN05-03523,5,2026-07-15 17:47:11,2181.97,Restaurants,50016,Card,DEV-05-1,Android,Mumbai,17,2,0,14.77,43,3154.09,11015.89,49,1107,870,0,0,0,0.0,0,
TXN05-03524,5,2026-07-15 17:56:44,2097.81,Hotels,50014,Card,DEV-05-10,Android,Jaipur,17,2,0,9.55,44,3151.64,11002.08,84,39,340,0,0,0,920.74,0,
TXN05-03525,5,2026-07-15 18:04:45,2106.72,Restaurants,50090,Card,DEV-05-17,Android,Bangalore,18,2,0,8.02,45,3148.98,10988.34,3,5,502,0,0,0,1561.54,0,
TXN05-03526,5,2026-07-15 18:23:05,511.96,Fuel,50003,UPI,DEV-05-1,Android,Pune,18,2,0,18.33,46,3146.36,10974.65,283,1108,678,0,0,0,735.23,0,
TXN05-03527,5,2026-07-15 19:12:09,2074.27,Fuel,50003,Card,DEV-05-1,Android,Delhi,19,2,0,49.07,47,3145.05,10974.94,284,1109,1092,0,0,0,1179.48,0,
TXN05-03528,5,2026-07-15 19:45:54,750.58,Fuel,50013,Card,DEV-05-5,Android,Mumbai,19,2,0,33.75,48,3149.76,10988.35,89,259,871,0,0,0,1153.24,0,
TXN05-03529,5,2026-07-15 19:54:49,2199.1,Taxi,50109,UPI,DEV-05-4,iPhone,Jaipur,19,2,0,8.92,49,3141.57,10988.93,3,334,341,0,0,0,920.74,0,
TXN05-03530,5,2026-07-15 20:14:08,550.53,Restaurants,50009,UPI,DEV-05-1,Android,Delhi,20,2,0,19.32,50,3139.2,10975.21,73,1110,1093,0,0,0,237.53,0,
TXN05-03531,5,2026-07-15 20:34:45,884.94,Restaurants,50012,UPI,DEV-05-3,Web,Mumbai,20,2,0,20.62,51,3132.72,10962.22,61,505,872,0,0,0,1153.24,0,
TXN05-03532,5,2026-07-15 20:47:28,3648.74,Fuel,50003,UPI,DEV-05-3,Web,Delhi,20,2,0,12.72,52,3127.1,10949.08,285,506,1094,0,0,0,1153.24,0,
TXN05-03533,5,2026-07-15 21:44:51,1180.49,Fuel,50089,Card,DEV-05-5,Android,Mumbai,21,2,0,57.38,53,3135.26,10948.25,4,260,873,0,0,0,1153.24,0,
TXN05-03534,5,2026-07-15 22:05:31,918.32,Restaurants,50001,UPI,DEV-05-4,iPhone,Mumbai,22,2,0,20.67,54,3130.38,10935.02,377,335,874,0,0,0,0.0,0,
TXN05-03535,5,2026-07-15 22:10:34,722.94,Fuel,50043,UPI,DEV-05-1,Android,Delhi,22,2,0,5.05,55,3124.88,10921.97,33,1111,1095,0,0,0,1153.24,0,
TXN05-03536,5,2026-07-15 22:11:53,735.12,Hotels,50005,Card,DEV-05-2,iPhone,Delhi,22,2,0,1.32,56,3118.92,10909.07,250,752,1096,0,0,0,0.0,0,
TXN05-03537,5,2026-07-15 22:44:56,3058.34,Taxi,50030,Card,DEV-05-11,iPhone,Delhi,22,2,0,33.05,57,3118.58,10922.99,40,19,1097,0,0,0,0.0,0,
TXN05-03538,5,2026-07-15 22:48:38,4000.0,Hotels,50017,Card,DEV-05-2,iPhone,Pune,22,2,0,3.7,58,3118.43,10909.42,55,753,679,0,0,0,1179.48,0,
TXN05-03539,5,2026-07-15 22:52:13,1547.88,Restaurants,50001,Card,DEV-05-4,iPhone,Mumbai,22,2,0,3.58,59,3120.61,10896.0,378,336,875,0,0,0,120.15,0,
TXN05-03540,5,2026-07-15 23:19:58,1782.09,Taxi,50002,Card,DEV-05-2,iPhone,Bangalore,23,2,0,27.75,60,3122.83,10909.45,194,754,503,0,0,0,845.32,0,
TXN05-03541,5,2026-07-15 23:48:39,2719.84,Restaurants,50001,UPI,DEV-05-2,iPhone,Mumbai,23,2,0,28.68,61,3120.72,10922.91,379,755,876,0,0,0,845.32,0,
TXN05-03542,5,2026-07-16 06:32:21,1977.55,Hotels,50015,Card,DEV-05-6,Web,Mumbai,6,3,0,403.7,1,2642.91,8539.21,50,182,877,0,0,0,0.0,0,
TXN05-03543,5,2026-07-16 07:34:43,1053.51,Fuel,50047,UPI,DEV-05-4,iPhone,Delhi,7,3,0,62.37,2,2643.72,8539.13,38,337,1098,0,0,0,1153.24,0,
TXN05-03544,5,2026-07-16 07:41:29,3402.07,Taxi,50002,UPI,DEV-05-1,Android,Bangalore,7,3,0,6.77,3,2636.33,8539.23,195,1112,504,0,0,0,1750.11,0,
TXN05-03545,5,2026-07-16 07:48:15,683.21,Restaurants,50020,UPI,DEV-05-1,Android,Pune,7,3,0,6.77,4,2638.25,8528.63,22,1113,680,0,0,0,735.23,0,
TXN05-03546,5,2026-07-16 08:00:21,2700.99,Restaurants,50022,UPI,DEV-05-4,iPhone,Delhi,8,3,0,12.1,5,2638.04,8528.68,30,338,1099,0,0,0,1179.48,0,
TXN05-03547,5,2026-07-16 08:35:40,678.04,Hotels,50017,UPI,DEV-05-1,Android,Mumbai,8,3,0,35.32,6,2646.44,8549.51,56,1114,878,0,0,0,1153.24,0,
TXN05-03548,5,2026-07-16 09:04:17,1591.59,Fuel,50059,Card,DEV-05-5,Android,Bangalore,9,3,0,28.62,7,2644.89,8549.81,18,261,505,0,0,0,845.32,0,
TXN05-03549,5,2026-07-16 09:42:36,4000.0,Hotels,50014,UPI,DEV-05-7,Android,Mumbai,9,3,0,38.32,8,2642.69,8581.62,85,107,879,0,0,0,845.32,0,
TXN05-03550,5,2026-07-16 09:44:20,1317.78,Taxi,50002,Card,DEV-05-5,Android,Mumbai,9,3,0,1.73,9,2646.12,8571.05,196,262,880,0,0,0,0.0,0,
TXN05-03551,5,2026-07-16 10:01:08,1069.55,Fuel,50099,UPI,DEV-05-2,iPhone,Delhi,10,3,0,16.8,10,2645.99,8571.07,5,756,1100,0,0,0,1153.24,0,
TXN05-03552,5,2026-07-16 10:09:54,1332.71,Restaurants,50001,UPI,DEV-05-1,Android,Bangalore,10,3,0,8.77,11,2642.01,8560.63,380,1115,506,0,0,0,1750.11,0,
TXN05-03553,5,2026-07-16 10:14:22,968.62,Restaurants,50001,Card,DEV-05-3,Web,Mumbai,10,3,0,4.47,12,2638.73,8550.12,381,507,881,0,0,0,845.32,0,
TXN05-03554,5,2026-07-16 10:58:58,1875.48,Taxi,50054,Card,DEV-05-1,Android,Pune,10,3,0,44.6,13,2642.33,8582.07,14,1116,681,0,0,0,120.15,0,
TXN05-03555,5,2026-07-16 11:29:49,4000.0,Fuel,50053,Card,DEV-05-8,iPhone,Mumbai,11,3,0,30.85,14,2640.39,8571.31,24,70,882,0,0,0,120.15,0,
TXN05-03556,5,2026-07-16 12:06:58,1815.29,Fuel,50006,UPI,DEV-05-1,Android,Pune,12,3,0,37.15,15,2643.23,8581.97,132,1117,682,0,0,0,120.15,0,
TXN05-03557,5,2026-07-16 12:15:02,2735.59,Restaurants,50108,Card,DEV-05-1,Android,Pune,12,3,0,8.07,16,2641.14,8571.22,3,1118,683,0,0,0,0.0,0,
TXN05-03558,5,2026-07-16 12:16:24,4000.0,Hotels,50005,UPI,DEV-05-3,Web,Pune,12,3,0,1.37,17,2641.38,8560.42,251,508,684,0,0,0,0.0,0,
TXN05-03559,5,2026-07-16 12:18:18,867.22,Fuel,50063,Card,DEV-05-2,iPhone,Mumbai,12,3,0,1.9,18,2644.79,8549.93,7,757,883,0,0,0,120.15,0,
TXN05-03560,5,2026-07-16 12:19:24,3351.32,Restaurants,50001,Card,DEV-05-11,iPhone,Jaipur,12,3,0,1.1,19,2640.33,8539.67,382,20,342,0,0,0,920.74,1,ato_short_gap
TXN05-03561,5,2026-07-16 12:45:24,645.17,Hotels,50005,UPI,DEV-05-8,iPhone,Mumbai,12,3,0,26.0,20,2643.55,8550.14,252,71,884,0,0,0,920.74,0,
TXN05-03562,5,2026-07-16 14:59:16,1623.37,Restaurants,50065,UPI,DEV-05-2,iPhone,Pune,14,3,0,133.87,21,2652.16,8593.02,8,758,685,0,0,0,120.15,0,
TXN05-03563,5,2026-07-16 15:02:08,2731.6,Hotels,50010,UPI,DEV-05-1,Android,Jaipur,15,3,0,2.87,22,2647.81,8604.02,106,1119,343,0,0,0,953.87,0,
TXN05-03564,5,2026-07-16 15:02:38,3874.5,Restaurants,50001,Card,DEV-05-2,iPhone,Mumbai,15,3,0,0.5,23,2648.03,8593.09,383,759,885,0,0,0,920.74,0,
TXN05-03565,5,2026-07-16 16:11:41,1059.75,Fuel,50003,UPI,DEV-UNK-1525,iPhone,Delhi,16,3,0,69.05,24,2665.02,8647.37,286,1,1101,1,0,0,1153.24,1,ato_new_device
TXN05-03566,5,2026-07-16 16:12:14,764.72,Hotels,50120,UPI,DEV-05-1,Android,Delhi,16,3,0,0.55,25,2660.91,8636.66,2,1120,1102,0,0,0,0.0,0,
TXN05-03567,5,2026-07-16 16:14:55,2854.05,Hotels,50017,UPI,DEV-05-14,iPhone,Delhi,16,3,0,2.68,26,2656.06,8626.14,57,7,1103,0,0,0,0.0,0,
TXN05-03568,5,2026-07-16 16:22:37,2931.29,Hotels,50105,UPI,DEV-05-6,Web,Bangalore,16,3,0,7.7,27,2659.04,8626.01,4,183,507,0,0,0,1750.11,0,
TXN05-03569,5,2026-07-16 16:24:57,2360.22,Fuel,50006,Card,DEV-05-1,Android,Pune,16,3,0,2.33,28,2659.74,8615.01,133,1121,686,0,0,0,735.23,0,
TXN05-03570,5,2026-07-16 16:39:19,2242.07,Taxi,50002,UPI,DEV-05-2,iPhone,Mumbai,16,3,0,14.37,29,2658.97,8604.05,197,760,886,0,0,0,120.15,0,
TXN05-03571,5,2026-07-16 16:47:21,1009.57,Restaurants,50001,UPI,DEV-05-9,Web,Pune,16,3,0,8.03,30,2657.92,8593.15,384,52,687,0,0,0,120.15,0,
TXN05-03572,5,2026-07-16 18:06:11,1908.86,Fuel,50053,Card,DEV-05-1,Android,Pune,18,3,0,78.83,31,2664.45,8647.92,25,1122,688,0,0,0,0.0,0,
TXN05-03573,5,2026-07-16 18:14:19,964.87,Taxi,50002,Card,DEV-05-3,Web,Hyderabad,18,3,0,8.13,32,2662.51,8636.91,198,509,3,0,0,0,505.75,0,
TXN05-03574,5,2026-07-16 19:12:25,2298.96,Fuel,50043,Card,DEV-05-1,Android,Mumbai,19,3,0,58.1,33,2662.81,8658.92,34,1123,887,0,0,0,621.46,0,
TXN05-03575,5,2026-07-16 19:44:19,844.66,Restaurants,50090,UPI,DEV-05-1,Android,Jaipur,19,3,0,31.9,34,2667.44,8669.77,4,1124,344,0,0,0,920.74,0,
TXN05-03576,5,2026-07-16 20:45:42,364.93,Fuel,50003,Card,DEV-05-2,iPhone,Mumbai,20,3,0,61.38,35,2668.1,8669.62,287,761,888,0,0,0,920.74,0,
TXN05-03577,5,2026-07-16 21:19:49,1859.67,Restaurants,50116,UPI,DEV-05-1,Android,Delhi,21,3,0,34.12,36,2665.72,8670.13,2,1125,1104,0,0,0,1153.24,0,
TXN05-03578,5,2026-07-16 21:23:14,998.75,Hotels,50005,UPI,DEV-05-1,Android,Delhi,21,3,0,3.42,37,2663.64,8659.04,253,1126,1105,0,0,0,0.0,0,
TXN05-03579,5,2026-07-16 21:49:23,733.84,Taxi,50054,UPI,DEV-05-10,Android,Delhi,21,3,0,26.15,38,2661.64,8670.58,15,40,1106,0,0,0,0.0,0,
TXN05-03580,5,2026-07-16 22:00:43,622.18,Hotels,50005,UPI,DEV-05-2,iPhone,Mumbai,22,3,0,11.33,39,2666.27,8681.31,254,762,889,0,0,0,1153.24,0,
TXN05-03581,5,2026-07-16 22:44:53,1495.29,Restaurants,50124,UPI,DEV-05-2,iPhone,Jaipur,22,3,0,44.17,40,2665.99,8681.37,2,763,345,0,0,0,920.74,0,
TXN05-03582,5,2026-07-16 23:00:36,1497.3,Restaurants,50001,UPI,DEV-05-1,Android,Pune,23,3,0,15.72,41,2662.97,8670.35,385,1127,689,0,0,0,953.87,0,
TXN05-03583,5,2026-07-16 23:11:24,700.84,Hotels,50010,Card,DEV-05-2,iPhone,Bangalore,23,3,0,10.8,42,2659.96,8659.38,107,764,508,0,0,0,735.23,0,
TXN05-03584,5,2026-07-16 23:11:46,2487.25,Hotels,50107,Card,DEV-05-5,Android,Jaipur,23,3,0,0.37,43,2654.93,8648.81,6,263,346,0,0,0,1561.54,0,
TXN05-03585,5,2026-07-16 23:56:49,873.57,Restaurants,50096,Card,DEV-05-1,Android,Jaipur,23,3,0,45.05,44,2652.02,8659.67,5,1128,347,0,0,0,0.0,0,
TXN05-03586,5,2026-07-17 00:56:13,1258.61,Hotels,50060,UPI,DEV-05-3,Web,Mumbai,0,4,0,59.4,1,2647.45,8649.0,13,510,890,0,0,0,920.74,1,ato_odd_hour
TXN05-03587,5,2026-07-17 07:15:10,1594.1,Taxi,50029,UPI,DEV-05-3,Web,Mumbai,7,4,0,378.95,2,2652.8,8693.54,53,511,891,0,0,0,0.0,0,
TXN05-03588,5,2026-07-17 07:37:37,1450.98,Hotels,50085,UPI,DEV-05-1,Android,Delhi,7,4,0,22.45,3,2653.89,8693.38,6,1129,1107,0,0,0,1153.24,0,
TXN05-03589,5,2026-07-17 07:49:22,2062.43,Hotels,50017,UPI,DEV-05-3,Web,Kochi,7,4,0,11.75,4,2650.34,8693.59,58,512,3,0,0,0,2089.27,0,
TXN05-03590,5,2026-07-17 08:02:26,1085.67,Restaurants,50004,UPI,DEV-05-2,iPhone,Jaipur,8,4,0,13.07,5,2653.54,8693.15,149,765,348,0,0,0,1888.9,0,
TXN05-03591,5,2026-07-17 09:35:26,545.72,Hotels,50005,UPI,DEV-05-2,iPhone,Pune,9,4,0,93.0,6,2664.99,8771.59,255,766,690,0,0,0,953.87,0,
TXN05-03592,5,2026-07-17 09:59:14,1668.47,Fuel,50006,Card,DEV-05-5,Android,Mumbai,9,4,0,23.8,7,2662.81,8772.01,134,264,892,0,0,0,120.15,0,
TXN05-03593,5,2026-07-17 10:42:57,2060.36,Taxi,50061,UPI,DEV-05-3,Web,Delhi,10,4,0,43.72,8,2662.66,8794.98,9,513,1108,0,0,0,1153.24,0,
TXN05-03594,5,2026-07-17 11:01:46,661.33,Fuel,50003,UPI,DEV-05-2,iPhone,Delhi,11,4,0,18.82,9,2660.42,8795.03,288,767,1109,0,0,0,0.0,0,
TXN05-03595,5,2026-07-17 11:16:35,2589.05,Fuel,50006,Card,DEV-05-2,iPhone,Delhi,11,4,0,14.82,10,2655.11,8783.95,135,768,1110,0,0,0,0.0,0,
TXN05-03596,5,2026-07-17 11:24:22,1474.75,Restaurants,50016,UPI,DEV-05-4,iPhone,Delhi,11,4,0,7.78,11,2654.94,8772.33,50,339,1111,0,0,0,0.0,0,
TXN05-03597,5,2026-07-17 12:02:01,4000.0,Restaurants,50021,UPI,DEV-05-4,iPhone,Bangalore,12,4,0,37.65,12,2651.82,8760.96,26,340,509,0,0,0,1750.11,0,
TXN05-03598,5,2026-07-17 13:13:18,1408.35,Fuel,50088,Card,DEV-05-54,Web,Pune,13,4,0,71.28,13,2655.94,8772.37,4,1,691,1,0,0,735.23,0,
TXN05-03599,5,2026-07-17 14:09:41,1554.62,Hotels,50010,UPI,DEV-05-3,Web,Mumbai,14,4,0,56.38,14,2652.68,8783.67,108,514,893,0,0,0,120.15,0,
TXN05-03600,5,2026-07-17 15:17:17,1931.98,Hotels,50005,UPI,DEV-05-4,iPhone,Mumbai,15,4,0,67.6,15,2654.92,8794.92,256,341,894,0,0,0,0.0,0,
TXN05-03601,5,2026-07-17 15:17:38,1241.26,Hotels,50024,UPI,DEV-05-14,iPhone,Delhi,15,4,0,0.35,16,2653.0,8783.33,45,8,1112,0,0,0,1153.24,0,
TXN05-03602,5,2026-07-17 15:24:51,1845.95,Fuel,50006,Card,DEV-05-4,iPhone,Bangalore,15,4,0,7.22,17,2649.27,8772.0,136,342,510,0,0,0,1750.11,0,
TXN05-03603,5,2026-07-17 15:26:08,1066.66,Restaurants,50008,Card,DEV-05-1,Android,Bangalore,15,4,0,1.28,18,2647.15,8760.52,96,1130,511,0,0,0,0.0,0,
TXN05-03604,5,2026-07-17 15:42:00,4000.0,Hotels,50051,UPI,DEV-05-9,Web,Delhi,15,4,0,15.87,19,2640.02,8770.68,9,53,1113,0,0,0,1750.11,0,
TXN05-03605,5,2026-07-17 15:49:47,2899.56,Hotels,50018,Card,DEV-05-4,iPhone,Jaipur,15,4,0,7.78,20,2643.61,8759.38,37,343,349,0,0,0,237.53,0,
TXN05-03606,5,2026-07-17 15:51:33,1689.89,Fuel,50055,Card,DEV-05-6,Web,Jaipur,15,4,0,1.77,21,2644.29,8747.86,16,184,350,0,0,0,0.0,0,
TXN05-03607,5,2026-07-17 16:18:04,2035.05,Hotels,50024,UPI,DEV-05-2,iPhone,Jaipur,16,4,0,26.52,22,2645.91,8747.62,46,769,351,0,0,0,0.0,0,
TXN05-03608,5,2026-07-17 16:35:32,1876.08,Fuel,50003,Card,DEV-05-6,Web,Delhi,16,4,0,17.47,23,2644.31,8736.19,289,185,1114,0,0,0,237.53,0,
TXN05-03609,5,2026-07-17 17:12:08,1458.64,Fuel,50006,UPI,DEV-05-2,iPhone,Bangalore,17,4,0,36.6,24,2642.3,8724.84,137,770,512,0,0,0,1750.11,0,
TXN05-03610,5,2026-07-17 17:45:50,967.76,Restaurants,50127,Card,DEV-05-2,iPhone,Mumbai,17,4,0,33.7,25,2639.21,8713.65,2,771,895,0,0,0,845.32,0,
TXN05-03611,5,2026-07-17 17:56:09,1965.05,Restaurants,50004,UPI,DEV-05-1,Android,Mumbai,17,4,0,10.32,26,2634.85,8702.71,150,1131,896,0,0,0,0.0,0,
TXN05-03612,5,2026-07-17 18:00:59,1323.45,Restaurants,50116,Card,DEV-05-1,Android,Delhi,18,4,0,4.83,27,2633.11,8691.47,3,1132,1115,0,0,0,1153.24,0,
TXN05-03613,5,2026-07-17 18:22:41,1742.26,Fuel,50067,Card,DEV-05-4,iPhone,Jaipur,18,4,0,21.7,28,2633.5,8702.43,9,344,352,0,0,0,237.53,0,
TXN05-03614,5,2026-07-17 19:14:57,4000.0,Taxi,50002,Card,DEV-05-4,iPhone,Delhi,19,4,0,52.27,29,2640.57,8746.2,199,345,1116,0,0,0,237.53,0,
TXN05-03615,5,2026-07-17 20:26:27,100000.0,Bank Transfer,50001,Card,DEV-05-1,Android,Delhi,20,4,0,71.5,30,2651.96,8757.33,386,1133,1117,0,0,0,0.0,1,huge_transfer
TXN05-03616,5,2026-07-17 20:38:38,3300.74,Fuel,50069,UPI,DEV-05-3,Web,Jaipur,20,4,0,12.18,31,2912.27,10080.81,6,515,353,0,0,0,237.53,0,
TXN05-03617,5,2026-07-17 20:41:17,885.05,Taxi,50061,UPI,DEV-05-1,Android,Bangalore,20,4,0,2.65,32,2913.3,10067.56,10,1134,513,0,0,0,1561.54,0,
TXN05-03618,5,2026-07-17 22:07:54,4000.0,Hotels,50015,Card,DEV-05-4,iPhone,Delhi,22,4,0,86.62,33,2913.34,10081.08,51,346,1118,0,0,0,1750.11,0,
TXN05-03619,5,2026-07-17 22:22:58,772.37,Hotels,50015,UPI,DEV-05-1,Android,Mumbai,22,4,0,15.07,34,2921.07,10080.79,52,1135,897,0,0,0,1153.24,0,
TXN05-03620,5,2026-07-17 22:50:01,3077.48,Fuel,50043,UPI,DEV-05-6,Web,Mumbai,22,4,0,27.05,35,2915.41,10068.12,35,186,898,0,0,0,0.0,0,
TXN05-03621,5,2026-07-17 23:24:19,2943.67,Fuel,50003,UPI,DEV-05-3,Web,Pune,23,4,0,34.3,36,2917.82,10094.35,290,516,692,0,0,0,120.15,0,
TXN05-03622,5,2026-07-17 23:48:18,1972.64,Hotels,50014,UPI,DEV-05-14,iPhone,Pune,23,4,0,23.98,37,2917.89,10081.02,86,9,693,0,0,0,0.0,0,
TXN05-03623,5,2026-07-17 23:50:22,2295.39,Hotels,50014,Card,DEV-05-4,iPhone,Mumbai,23,4,0,2.07,38,2915.4,10067.87,87,347,899,0,0,0,120.15,0,
TXN05-03624,5,2026-07-17 23:55:36,1184.38,Restaurants,50001,Card,DEV-05-2,iPhone,Pune,23,4,0,5.23,39,2913.77,10054.69,387,772,694,0,0,0,120.15,0,
TXN05-03625,5,2026-07-18 06:18:17,1998.12,Fuel,50055,UPI,DEV-05-1,Android,Pune,6,5,1,382.68,1,2910.34,10068.19,17,1136,695,0,0,0,0.0,0,
TXN05-03626,5,2026-07-18 07:24:26,4000.0,Taxi,50037,Card,DEV-05-5,Android,Delhi,7,5,1,66.15,2,2913.69,10107.49,34,265,1119,0,0,0,1179.48,0,
TXN05-03627,5,2026-07-18 07:28:35,944.02,Restaurants,50001,Card,DEV-05-4,iPhone,Mumbai,7,5,1,4.15,3,2916.56,10094.27,388,348,900,0,0,0,1153.24,0,
TXN05-03628,5,2026-07-18 07:36:59,780.39,Restaurants,50001,Card,DEV-05-7,Android,Pune,7,5,1,8.4,4,2917.48,10094.07,389,108,696,0,0,0,120.15,0,
TXN05-03629,5,2026-07-18 07:43:08,4000.0,Restaurants,50046,Card,DEV-05-11,iPhone,Mumbai,7,5,1,6.15,5,2911.84,10081.34,12,21,901,0,0,0,120.15,0,
TXN05-03630,5,2026-07-18 08:16:46,3316.92,Hotels,50060,UPI,DEV-05-2,iPhone,Bangalore,8,5,1,33.63,6,2916.77,10094.66,14,773,514,0,0,0,845.32,0,
TXN05-03631,5,2026-07-18 08:38:11,2229.36,Fuel,50048,UPI,DEV-05-2,iPhone,Mumbai,8,5,1,21.42,7,2924.77,10107.57,22,774,902,0,0,0,845.32,0,
TXN05-03632,5,2026-07-18 08:39:46,2399.81,Hotels,50027,Card,DEV-05-1,Android,Jaipur,8,5,1,1.58,8,2922.93,10094.26,30,1137,354,0,0,0,920.74,0,
TXN05-03633,5,2026-07-18 08:43:03,4000.0,Hotels,50056,Card,DEV-05-4,iPhone,Pune,8,5,1,3.28,9,2921.55,10080.97,21,349,697,0,0,0,953.87,0,
TXN05-03634,5,2026-07-18 08:43:51,2091.57,Hotels,50060,Card,DEV-05-2,iPhone,Mumbai,8,5,1,0.8,10,2924.39,10067.85,15,775,903,0,0,0,120.15,0,
TXN05-03635,5,2026-07-18 09:39:13,410.45,Taxi,50037,Card,DEV-05-1,Android,Delhi,9,5,1,55.37,11,2941.44,10146.19,35,1138,1120,0,0,0,1153.24,0,
TXN05-03636,5,2026-07-18 09:40:07,3096.59,Restaurants,50011,UPI,DEV-05-3,Web,Mumbai,9,5,1,0.9,12,2934.7,10133.5,51,517,904,0,0,0,1153.24,0,
TXN05-03637,5,2026-07-18 09:45:07,2872.76,Restaurants,50019,Card,DEV-05-1,Android,Jaipur,9,5,1,5.0,13,2939.49,10133.15,40,1139,355,0,0,0,920.74,0,
TXN05-03638,5,2026-07-18 09:57:18,2693.19,Hotels,50025,Card,DEV-05-11,iPhone,Delhi,9,5,1,12.18,14,2938.93,10133.14,32,22,1121,0,0,0,237.53,0,
TXN05-03639,5,2026-07-18 10:01:43,1594.87,Fuel,50003,Card,DEV-05-2,iPhone,Jaipur,10,5,1,4.42,15,2942.68,10146.13,291,776,356,0,0,0,237.53,0,
TXN05-03640,5,2026-07-18 10:38:12,1172.72,Restaurants,50009,Card,DEV-05-3,Web,Delhi,10,5,1,36.48,16,2685.16,8837.5,74,518,1122,0,0,0,237.53,0,
TXN05-03641,5,2026-07-18 10:40:58,2311.34,Taxi,50068,UPI,DEV-05-2,iPhone,Mumbai,10,5,1,2.77,17,2681.1,8826.0,8,777,905,0,0,0,1153.24,0,
TXN05-03642,5,2026-07-18 10:54:41,1654.38,Fuel,50013,UPI,DEV-05-2,iPhone,Bangalore,10,5,1,13.72,18,2680.12,8814.21,90,778,515,0,0,0,845.32,0,
TXN05-03643,5,2026-07-18 11:03:07,469.65,Hotels,50014,Card,DEV-05-11,iPhone,Delhi,11,5,1,8.43,19,2681.77,8813.96,88,23,1123,0,0,0,1750.11,0,
TXN05-03644,5,2026-07-18 11:21:16,686.74,Hotels,50024,UPI,DEV-05-4,iPhone,Delhi,11,5,1,18.15,20,2681.54,8814.02,47,350,1124,0,0,0,0.0,0,
TXN05-03645,5,2026-07-18 11:22:23,2294.03,Hotels,50031,UPI,DEV-05-2,iPhone,Pune,11,5,1,1.12,21,2676.22,8802.86,23,779,698,0,0,0,1179.48,0,
TXN05-03646,5,2026-07-18 11:22:46,1408.32,Fuel,50028,UPI,DEV-05-1,Android,Delhi,11,5,1,0.38,22,2675.21,8791.16,67,1140,1125,0,0,0,1179.48,0,
TXN05-03647,5,2026-07-18 11:34:34,4000.0,Restaurants,50004,UPI,DEV-05-4,iPhone,Bangalore,11,5,1,11.8,23,2677.06,8790.82,151,351,516,0,0,0,1750.11,0,
TXN05-03648,5,2026-07-18 11:43:19,460.18,Taxi,50050,UPI,DEV-05-6,Web,Delhi,11,5,1,8.75,24,2684.83,8790.7,15,187,1126,0,0,0,1750.11,0,
TXN05-03649,5,2026-07-18 11:47:24,3130.0,Restaurants,50004,Card,DEV-05-2,iPhone,Delhi,11,5,1,4.08,25,2678.93,8779.78,152,780,1127,0,0,0,0.0,0,
TXN05-03650,5,2026-07-18 11:48:36,1327.57,Hotels,50014,UPI,DEV-05-5,Android,Pune,11,5,1,1.2,26,2680.12,8768.19,89,266,699,0,0,0,1179.48,0,
TXN05-03651,5,2026-07-18 12:18:17,744.17,Fuel,50013,UPI,DEV-05-9,Web,Mumbai,12,5,1,29.68,27,2688.9,8813.82,91,54,906,0,0,0,120.15,0,
TXN05-03652,5,2026-07-18 12:34:11,2100.43,Restaurants,50001,Card,DEV-05-10,Android,Mumbai,12,5,1,15.9,28,2683.71,8802.64,390,41,907,0,0,0,0.0,0,
TXN05-03653,5,2026-07-18 12:34:42,1084.68,Fuel,50063,Card,DEV-05-4,iPhone,Pune,12,5,1,0.52,29,2682.16,8790.97,8,352,700,0,0,0,120.15,0,
TXN05-03654,5,2026-07-18 12:38:43,1612.18,Restaurants,50083,Card,DEV-05-3,Web,Jaipur,12,5,1,4.02,30,2677.92,8779.69,8,519,357,0,0,0,953.87,0,
TXN05-03655,5,2026-07-18 12:46:28,3835.43,Hotels,50010,Card,DEV-05-3,Web,Pune,12,5,1,7.75,31,2675.1,8768.24,109,520,701,0,0,0,953.87,0,
TXN05-03656,5,2026-07-18 13:02:39,622.15,Restaurants,50115,Card,DEV-05-6,Web,Delhi,13,5,1,16.18,32,2681.72,8768.17,3,188,1128,0,0,0,1179.48,0,
TXN05-03657,5,2026-07-18 13:08:24,1289.3,Restaurants,50008,Card,DEV-05-6,Web,Bangalore,13,5,1,5.75,33,2676.28,8757.23,97,189,517,0,0,0,1750.11,0,
TXN05-03658,5,2026-07-18 13:19:09,3343.6,Fuel,50040,UPI,DEV-05-6,Web,Mumbai,13,5,1,10.75,34,2672.63,8745.99,45,190,908,0,0,0,845.32,0,
TXN05-03659,5,2026-07-18 13:25:00,2000.6,Hotels,50010,UPI,DEV-05-3,Web,Mumbai,13,5,1,5.85,35,2674.39,8734.57,110,521,909,0,0,0,0.0,0,
TXN05-03660,5,2026-07-18 13:39:04,647.68,Hotels,50018,UPI,DEV-05-5,Android,Mumbai,13,5,1,14.07,36,2672.63,8723.2,38,267,910,0,0,0,0.0,0,
TXN05-03661,5,2026-07-18 14:00:09,1471.84,Fuel,50075,UPI,DEV-05-1,Android,Mumbai,14,5,1,21.08,37,2668.78,8723.77,7,1141,911,0,0,0,0.0,0,
TXN05-03662,5,2026-07-18 14:09:27,1902.06,Restaurants,50001,Card,DEV-05-2,iPhone,Delhi,14,5,1,9.3,38,2676.67,8734.07,391,781,1129,0,0,0,1153.24,0,
TXN05-03663,5,2026-07-18 14:11:16,1872.92,Hotels,50010,Card,DEV-05-3,Web,Pune,14,5,1,1.82,39,2674.64,8722.72,111,522,702,0,0,0,1179.48,0,
TXN05-03664,5,2026-07-18 15:03:31,2103.34,Fuel,50048,Card,DEV-05-1,Android,Jaipur,15,5,1,52.25,40,2682.92,8756.3,23,1142,358,0,0,0,953.87,0,
TXN05-03665,5,2026-07-18 15:03:55,4000.0,Hotels,50005,Card,DEV-05-2,iPhone,Jaipur,15,5,1,0.4,41,2681.39,8744.82,257,782,359,0,0,0,0.0,0,
TXN05-03666,5,2026-07-18 15:19:55,810.63,Hotels,50005,Card,DEV-05-2,iPhone,Delhi,15,5,1,16.0,42,2686.34,8745.04,258,783,1130,0,0,0,237.53,0,
TXN05-03667,5,2026-07-18 16:04:40,603.0,Fuel,50003,UPI,DEV-05-5,Android,Mumbai,16,5,1,44.75,43,2685.39,8745.22,292,268,912,0,0,0,1153.24,0,
TXN05-03668,5,2026-07-18 16:16:39,2060.01,Restaurants,50001,Card,DEV-05-1,Android,Delhi,16,5,1,11.98,44,2679.92,8734.39,392,1143,1131,0,0,0,1153.24,0,
TXN05-03669,5,2026-07-18 16:31:24,1037.59,Fuel,50099,Card,DEV-05-11,iPhone,Pune,16,5,1,14.75,45,2678.3,8723.0,6,24,703,0,0,0,1179.48,0,
TXN05-03670,5,2026-07-18 16:32:46,3489.94,Hotels,50018,Card,DEV-05-3,Web,Pune,16,5,1,1.37,46,2674.02,8712.01,39,523,704,0,0,0,0.0,0,
TXN05-03671,5,2026-07-18 16:34:31,1948.45,Hotels,50014,Card,DEV-05-1,Android,Mumbai,16,5,1,1.75,47,2676.14,8700.76,90,1144,913,0,0,0,120.15,0,
TXN05-03672,5,2026-07-18 16:42:21,4000.0,Restaurants,50001,Card,DEV-05-6,Web,Delhi,16,5,1,7.83,48,2674.25,8689.53,393,191,1132,0,0,0,1153.24,0,
TXN05-03673,5,2026-07-18 16:43:52,460.08,Restaurants,50021,Card,DEV-05-3,Web,Delhi,16,5,1,1.52,49,2677.69,8678.53,27,524,1133,0,0,0,0.0,0,
TXN05-03674,5,2026-07-18 16:47:51,1289.16,Restaurants,50033,Card,DEV-05-1,Android,Pune,16,5,1,3.98,50,2674.35,8679.13,19,1145,705,0,0,0,1179.48,0,
TXN05-03675,5,2026-07-18 17:28:33,440.47,Hotels,50005,UPI,DEV-05-14,iPhone,Jaipur,17,5,1,40.7,51,2671.54,8679.41,259,10,360,0,0,0,953.87,0,
TXN05-03676,5,2026-07-18 17:40:41,650.95,Taxi,50030,Card,DEV-05-2,iPhone,Delhi,17,5,1,12.13,52,2665.78,8668.93,41,784,1134,0,0,0,237.53,0,
TXN05-03677,5,2026-07-18 17:46:43,707.53,Restaurants,50115,Card,DEV-05-2,iPhone,Mumbai,17,5,1,6.03,53,2660.59,8658.35,4,785,914,0,0,0,1153.24,0,
TXN05-03678,5,2026-07-18 19:01:47,3161.19,Taxi,50002,UPI,DEV-05-6,Web,Delhi,19,5,1,75.07,54,2652.88,8702.97,200,192,1135,0,0,0,1153.24,0,
TXN05-03679,5,2026-07-18 19:16:07,1162.45,Fuel,50040,UPI,DEV-05-5,Android,Delhi,19,5,1,14.33,55,2650.7,8702.73,46,269,1136,0,0,0,0.0,0,
TXN05-03680,5,2026-07-18 19:35:01,380.89,Hotels,50014,Card,DEV-05-3,Web,Jaipur,19,5,1,18.9,56,2647.07,8703.06,91,525,361,0,0,0,237.53,0,
TXN05-03681,5,2026-07-18 19:50:25,513.82,Fuel,50040,UPI,DEV-05-1,Android,Delhi,19,5,1,15.4,57,2641.18,8692.52,47,1146,1137,0,0,0,237.53,0,
TXN05-03682,5,2026-07-18 20:17:12,2620.35,Fuel,50006,Card,DEV-05-3,Web,Pune,20,5,1,26.78,58,2635.67,8681.92,138,526,706,0,0,0,1179.48,0,
TXN05-03683,5,2026-07-18 20:26:15,2618.48,Hotels,50015,Card,DEV-05-4,iPhone,Delhi,20,5,1,9.05,59,2638.58,8681.73,53,353,1138,0,0,0,1179.48,0,
TXN05-03684,5,2026-07-18 20:27:44,2071.54,Hotels,50018,Card,DEV-05-1,Android,Mumbai,20,5,1,1.48,60,2638.52,8670.51,40,1147,915,0,0,0,1153.24,0,
TXN05-03685,5,2026-07-18 20:48:44,1765.79,Restaurants,50008,Card,DEV-05-3,Web,Mumbai,20,5,1,21.0,61,2637.94,8681.7,98,527,916,0,0,0,0.0,0,
TXN05-03686,5,2026-07-18 20:52:19,1828.53,Restaurants,50012,UPI,DEV-05-10,Android,Jaipur,20,5,1,3.58,62,2635.69,8670.59,62,42,362,0,0,0,920.74,0,
TXN05-03687,5,2026-07-18 20:55:19,1144.54,Fuel,50003,Card,DEV-05-3,Web,Pune,20,5,1,3.0,63,2631.09,8670.55,293,528,707,0,0,0,953.87,0,
TXN05-03688,5,2026-07-18 21:12:18,2281.71,Fuel,50059,Card,DEV-05-3,Web,Bangalore,21,5,1,16.98,64,2627.5,8670.88,19,529,518,0,0,0,735.23,0,
TXN05-03689,5,2026-07-18 21:20:22,1370.97,Taxi,50029,Card,DEV-05-1,Android,Delhi,21,5,1,8.07,65,2626.61,8659.71,54,1148,1139,0,0,0,1750.11,0,
TXN05-03690,5,2026-07-18 21:31:38,1572.73,Restaurants,50020,Card,DEV-05-2,iPhone,Mumbai,21,5,1,11.27,66,2628.27,8659.41,23,786,917,0,0,0,1153.24,0,
TXN05-03691,5,2026-07-18 22:12:28,2121.83,Fuel,50048,Card,DEV-05-11,iPhone,Delhi,22,5,1,40.83,67,2637.96,8680.73,24,25,1140,0,0,0,1153.24,0,
TXN05-03692,5,2026-07-18 22:32:48,401.31,Fuel,50067,UPI,DEV-05-4,iPhone,Pune,22,5,1,20.33,68,2636.63,8669.54,10,354,708,0,0,0,1179.48,0,
TXN05-03693,5,2026-07-18 22:41:31,598.59,Restaurants,50042,Card,DEV-05-4,iPhone,Bangalore,22,5,1,8.72,69,2630.87,8659.1,15,355,519,0,0,0,735.23,0,
TXN05-03694,5,2026-07-18 22:52:10,341.19,Taxi,50007,Card,DEV-05-1,Android,Jaipur,22,5,1,10.65,70,2625.64,8648.58,85,1149,363,0,0,0,1561.54,0,
TXN05-03695,5,2026-07-18 23:01:11,726.9,Hotels,50010,Card,DEV-05-1,Android,Delhi,23,5,1,9.02,71,2624.99,8648.74,112,1150,1141,0,0,0,237.53,0,
TXN05-03696,5,2026-07-18 23:10:36,3602.89,Hotels,50014,UPI,DEV-05-2,iPhone,Delhi,23,5,1,9.42,72,2622.1,8649.19,92,787,1142,0,0,0,0.0,0,
TXN05-03697,5,2026-07-18 23:30:47,2120.21,Taxi,50002,UPI,DEV-05-4,iPhone,Pune,23,5,1,20.18,73,2634.4,8670.65,201,356,709,0,0,0,1179.48,0,
TXN05-03698,5,2026-07-18 23:31:16,1343.45,Fuel,50006,Card,DEV-05-3,Web,Mumbai,23,5,1,0.48,74,2633.07,8659.51,139,530,918,0,0,0,120.15,0,
TXN05-03699,5,2026-07-18 23:42:19,3526.92,Taxi,50039,UPI,DEV-05-3,Web,Mumbai,23,5,1,11.05,75,2629.76,8648.62,31,531,919,0,0,0,0.0,0,
TXN05-03700,5,2026-07-18 23:44:45,4000.0,Fuel,50053,Card,DEV-05-2,iPhone,Mumbai,23,5,1,2.43,76,2632.06,8637.64,26,788,920,0,0,0,0.0,0,
TXN05-03701,5,2026-07-18 23:58:38,2529.16,Restaurants,50011,Card,DEV-05-5,Android,Bangalore,23,5,1,13.88,77,2632.06,8637.64,52,270,520,0,0,0,845.32,0,
TXN05-03702,5,2026-07-19 06:01:58,2191.47,Restaurants,50001,Card,DEV-05-1,Android,Mumbai,6,6,1,363.33,1,2631.8,8626.59,394,1151,921,0,0,0,845.32,0,
TXN05-03703,5,2026-07-19 06:03:48,922.57,Hotels,50113,Card,DEV-05-1,Android,Delhi,6,6,1,1.83,2,2630.67,8615.61,2,1152,1143,0,0,0,1153.24,0,
TXN05-03704,5,2026-07-19 06:20:21,355.38,Taxi,50030,UPI,DEV-05-4,iPhone,Bangalore,6,6,1,16.55,3,2628.7,8615.91,42,357,521,0,0,0,1750.11,0,
TXN05-03705,5,2026-07-19 06:54:27,1008.55,Hotels,50105,Card,DEV-05-1,Android,Bangalore,6,6,1,34.1,4,2622.92,8605.71,5,1153,522,0,0,0,0.0,0,
TXN05-03706,5,2026-07-19 07:06:25,404.09,Restaurants,50019,UPI,DEV-05-8,iPhone,Mumbai,7,6,1,11.97,5,2619.44,8606.08,41,72,922,0,0,0,845.32,0,
TXN05-03707,5,2026-07-19 07:17:26,1986.65,Hotels,50014,UPI,DEV-05-1,Android,Delhi,7,6,1,11.02,6,2615.87,8606.71,93,1154,1144,0,0,0,1153.24,0,
TXN05-03708,5,2026-07-19 07:59:15,969.92,Restaurants,50012,Card,DEV-05-5,Android,Bangalore,7,6,1,41.82,7,2617.85,8606.48,63,271,523,0,0,0,1750.11,0,
TXN05-03709,5,2026-07-19 09:17:55,1213.43,Fuel,50088,Card,DEV-05-1,Android,Delhi,9,6,1,78.67,8,2613.09,8617.65,5,1155,1145,0,0,0,1750.11,0,
TXN05-03710,5,2026-07-19 09:22:44,4000.0,Hotels,50025,Card,DEV-05-1,Android,Bangalore,9,6,1,4.82,9,2609.53,8606.96,33,1156,524,0,0,0,1750.11,0,
TXN05-03711,5,2026-07-19 09:36:36,1877.14,Taxi,50002,Card,DEV-05-7,Android,Pune,9,6,1,13.87,10,2613.06,8596.32,202,109,710,0,0,0,735.23,0,
TXN05-03712,5,2026-07-19 09:44:55,924.13,Taxi,50050,Card,DEV-05-4,iPhone,Delhi,9,6,1,8.32,11,2611.2,8585.51,16,358,1146,0,0,0,1179.48,0,
TXN05-03713,5,2026-07-19 09:45:42,1266.96,Hotels,50060,Card,DEV-05-3,Web,Delhi,9,6,1,0.78,12,2606.94,8575.08,16,532,1147,0,0,0,0.0,0,
TXN05-03714,5,2026-07-19 11:35:23,1728.01,Hotels,50005,UPI,DEV-05-1,Android,Mumbai,11,6,1,109.68,13,2609.06,8596.6,260,1157,923,0,0,0,1153.24,0,
TXN05-03715,5,2026-07-19 11:59:01,1886.23,Hotels,50031,Card,DEV-05-1,Android,Delhi,11,6,1,23.63,14,2606.83,8585.82,24,1158,1148,0,0,0,1153.24,0,
TXN05-03716,5,2026-07-19 12:02:57,3312.0,Hotels,50025,Card,DEV-05-4,iPhone,Delhi,12,6,1,3.93,15,2609.45,8585.44,34,359,1149,0,0,0,0.0,0,
TXN05-03717,5,2026-07-19 12:05:21,1573.17,Restaurants,50122,UPI,DEV-05-6,Web,Bangalore,12,6,1,2.4,16,2611.23,8574.67,2,193,525,0,0,0,1750.11,0,
TXN05-03718,5,2026-07-19 12:39:57,1585.29,Restaurants,50033,UPI,DEV-05-2,iPhone,Delhi,12,6,1,34.6,17,2612.18,8574.53,20,789,1150,0,0,0,1750.11,0,
TXN05-03719,5,2026-07-19 12:47:42,585.9,Fuel,50114,Card,DEV-05-1,Android,Mumbai,12,6,1,7.75,18,2609.59,8563.88,3,1159,924,0,0,0,1153.24,0,
TXN05-03720,5,2026-07-19 13:09:39,2458.6,Hotels,50107,Card,DEV-05-9,Web,Pune,13,6,1,21.95,19,2600.99,8564.19,7,55,711,0,0,0,120.15,0,
TXN05-03721,5,2026-07-19 13:37:30,1930.61,Fuel,50003,Card,DEV-05-1,Android,Mumbai,13,6,1,27.85,20,2599.01,8564.14,294,1160,925,0,0,0,120.15,0,
TXN05-03722,5,2026-07-19 14:06:54,1563.94,Hotels,50005,Card,DEV-05-6,Web,Pune,14,6,1,29.4,21,2601.66,8563.77,261,194,712,0,0,0,120.15,0,
TXN05-03723,5,2026-07-19 14:14:08,1546.79,Restaurants,50065,Card,DEV-05-1,Android,Jaipur,14,6,1,7.23,22,2599.05,8553.16,9,1161,364,0,0,0,953.87,0,
TXN05-03724,5,2026-07-19 14:15:01,1995.57,Fuel,50069,UPI,DEV-05-8,iPhone,Pune,14,6,1,0.88,23,2596.41,8542.6,7,73,713,0,0,0,953.87,0,
TXN05-03725,5,2026-07-19 14:44:31,1818.39,Hotels,50005,UPI,DEV-05-3,Web,Mumbai,14,6,1,29.5,24,2594.91,8531.96,262,533,926,0,0,0,120.15,0,
TXN05-03726,5,2026-07-19 14:51:11,642.13,Hotels,50024,Card,DEV-05-5,Android,Mumbai,14,6,1,6.67,25,2592.98,8521.41,48,272,927,0,0,0,0.0,0,
TXN05-03727,5,2026-07-19 15:10:34,1296.38,Taxi,50126,Card,DEV-05-1,Android,Mumbai,15,6,1,19.38,26,2586.88,8521.93,2,1162,928,0,0,0,0.0,0,
TXN05-03728,5,2026-07-19 15:57:58,337.38,Restaurants,50022,UPI,DEV-05-1,Android,Delhi,15,6,1,47.4,27,2585.06,8532.75,31,1163,1151,0,0,0,1153.24,0,
TXN05-03729,5,2026-07-19 16:02:39,691.22,Taxi,50128,Card,DEV-05-4,iPhone,Delhi,16,6,1,4.68,28,2579.45,8522.84,1,360,1152,0,0,1,0.0,0,
TXN05-03730,5,2026-07-19 16:09:10,1563.23,Restaurants,50009,Card,DEV-05-4,iPhone,Bangalore,16,6,1,6.52,29,2574.76,8512.75,75,361,526,0,0,0,1750.11,0,
TXN05-03731,5,2026-07-19 16:30:57,4000.0,Fuel,50003,Card,DEV-05-6,Web,Mumbai,16,6,1,21.78,30,2573.14,8523.11,295,195,929,0,0,0,845.32,0,
TXN05-03732,5,2026-07-19 16:39:59,693.75,Fuel,50006,UPI,DEV-05-5,Android,Delhi,16,6,1,9.03,31,2575.13,8523.35,140,273,1153,0,0,0,1153.24,0,
TXN05-03733,5,2026-07-19 16:41:33,1502.77,Fuel,50003,UPI,DEV-05-3,Web,Jaipur,16,6,1,1.57,32,2570.45,8513.26,296,534,365,0,0,0,237.53,0,
TXN05-03734,5,2026-07-19 16:42:59,2536.19,Restaurants,50052,UPI,DEV-05-6,Web,Pune,16,6,1,1.43,33,2567.8,8502.85,10,196,714,0,0,0,953.87,0,
TXN05-03735,5,2026-07-19 16:49:41,1368.36,Restaurants,50019,UPI,DEV-05-1,Android,Bangalore,16,6,1,6.7,34,2567.73,8492.32,42,1164,527,0,0,0,735.23,0,
TXN05-03736,5,2026-07-19 17:07:14,463.57,Hotels,50018,Card,DEV-05-1,Android,Jaipur,17,6,1,17.55,35,2568.16,8492.26,41,1165,366,0,0,0,1561.54,0,
TXN05-03737,5,2026-07-19 17:25:00,2256.01,Fuel,50006,Card,DEV-05-5,Android,Pune,17,6,1,17.77,36,2562.96,8482.41,141,274,715,0,0,0,953.87,0,
TXN05-03738,5,2026-07-19 18:07:18,1445.22,Restaurants,50001,UPI,DEV-05-1,Android,Jaipur,18,6,1,42.3,37,2565.63,8482.14,395,1166,367,0,0,0,953.87,0,
TXN05-03739,5,2026-07-19 18:11:00,2665.04,Hotels,50005,UPI,DEV-05-4,iPhone,Delhi,18,6,1,3.7,38,2562.87,8471.87,263,362,1154,0,0,0,237.53,0,
TXN05-03740,5,2026-07-19 18:12:00,3050.92,Fuel,50003,Card,DEV-05-2,iPhone,Mumbai,18,6,1,1.0,39,2563.12,8461.46,297,790,930,0,0,0,1153.24,0,
TXN05-03741,5,2026-07-19 18:15:01,1076.66,Fuel,50003,Card,DEV-05-7,Android,Pune,18,6,1,3.02,40,2564.32,8451.12,298,110,716,0,0,0,120.15,0,
TXN05-03742,5,2026-07-19 18:27:41,609.65,Taxi,50054,UPI,DEV-05-3,Web,Mumbai,18,6,1,12.67,41,2569.45,8460.85,16,535,931,0,0,0,120.15,0,
TXN05-03743,5,2026-07-19 18:28:05,356.84,Restaurants,50008,Card,DEV-05-11,iPhone,Mumbai,18,6,1,0.4,42,2564.65,8451.03,99,26,932,0,0,0,0.0,0,
TXN05-03744,5,2026-07-19 19:04:18,796.66,Taxi,50002,Card,DEV-05-1,Android,Bangalore,19,6,1,36.22,43,2561.73,8451.58,203,1167,528,0,0,0,845.32,0,
TXN05-03745,5,2026-07-19 19:34:22,682.56,Hotels,50036,Card,DEV-05-7,Android,Pune,19,6,1,30.07,44,2557.82,8461.88,23,111,717,0,0,0,735.23,0,
TXN05-03746,5,2026-07-19 19:48:52,1292.59,Hotels,50005,Card,DEV-05-4,iPhone,Bangalore,19,6,1,14.5,45,2553.23,8452.02,264,363,529,0,0,0,735.23,0,
TXN05-03747,5,2026-07-19 20:04:15,2057.17,Fuel,50040,Card,DEV-05-9,Web,Mumbai,20,6,1,15.38,46,2550.15,8441.91,48,56,933,0,0,0,845.32,0,
TXN05-03748,5,2026-07-19 20:08:20,798.82,Fuel,50063,Card,DEV-05-1,Android,Delhi,20,6,1,4.08,47,2548.94,8431.64,9,1168,1155,0,0,0,1153.24,0,
TXN05-03749,5,2026-07-19 20:35:36,982.82,Hotels,50005,UPI,DEV-05-7,Android,Pune,20,6,1,27.27,48,2546.1,8442.28,265,112,718,0,0,0,1179.48,0,
TXN05-03750,5,2026-07-19 20:55:10,671.58,Restaurants,50004,Card,DEV-05-1,Android,Mumbai,20,6,1,19.57,49,2538.73,8442.33,153,1169,934,0,0,0,120.15,0,
TXN05-03751,5,2026-07-19 22:22:15,2657.17,Hotels,50005,UPI,DEV-05-3,Web,Mumbai,22,6,1,87.08,50,2544.45,8483.01,266,536,935,0,0,0,0.0,0,
TXN05-03752,5,2026-07-19 22:32:54,821.23,Restaurants,50001,Card,DEV-05-1,Android,Pune,22,6,1,10.65,51,2544.73,8472.56,396,1170,719,0,0,0,120.15,0,
TXN05-03753,5,2026-07-19 23:17:20,1603.62,Hotels,50005,UPI,DEV-05-1,Android,Jaipur,23,6,1,44.43,52,2558.37,8513.35,267,1171,368,0,0,0,953.87,0,
TXN05-03754,5,2026-07-19 23:22:39,1030.1,Fuel,50048,UPI,DEV-05-2,iPhone,Mumbai,23,6,1,5.32,53,2556.0,8502.91,25,791,936,0,0,0,920.74,0,
TXN05-03755,5,2026-07-19 23:25:33,950.35,Taxi,50007,UPI,DEV-05-2,iPhone,Bangalore,23,6,1,2.9,54,2552.23,8492.72,86,792,530,0,0,0,845.32,0,
TXN05-03756,5,2026-07-19 23:37:22,2981.85,Taxi,50049,UPI,DEV-05-5,Android,Bangalore,23,6,1,11.82,55,2548.27,8482.6,24,275,531,0,0,0,0.0,0,
TXN05-03757,5,2026-07-19 23:53:04,1366.54,Taxi,50029,UPI,DEV-05-1,Android,Pune,23,6,1,15.7,56,2550.86,8482.58,55,1172,720,0,0,0,735.23,0,
TXN05-03758,5,2026-07-19 23:53:53,910.08,Restaurants,50001,UPI,DEV-05-1,Android,Pune,23,6,1,0.82,57,2547.94,8472.33,397,1173,721,0,0,0,0.0,0,
TXN05-03759,5,2026-07-20 01:57:21,3916.84,Shopping,50001,UPI,DEV-05-1,Android,Delhi,1,0,0,123.47,1,2543.92,8462.3,398,1174,1156,0,0,0,1179.48,1,late_night_spree
TXN05-03760,5,2026-07-20 02:41:21,2413.09,Shopping,50001,UPI,DEV-05-1,Android,Delhi,2,0,0,44.0,2,2550.81,8462.27,399,1175,1157,0,0,0,0.0,1,late_night_spree
TXN05-03761,5,2026-07-20 06:04:59,2282.45,Fuel,50059,UPI,DEV-05-1,Android,Pune,6,0,0,203.63,3,2550.47,8451.9,20,1176,722,0,0,0,1179.48,0,
TXN05-03762,5,2026-07-20 06:11:25,1934.16,Restaurants,50011,Card,DEV-05-1,Android,Pune,6,0,0,6.43,4,2549.81,8441.57,53,1177,723,0,0,0,0.0,0,
TXN05-03763,5,2026-07-20 06:22:03,1609.55,Fuel,50067,Card,DEV-05-2,iPhone,Pune,6,0,0,10.63,5,2549.96,8451.84,11,793,724,0,0,0,0.0,0,
TXN05-03764,5,2026-07-20 06:55:58,1084.19,Restaurants,50011,UPI,DEV-05-3,Web,Bangalore,6,0,0,33.92,6,2556.51,8481.91,54,537,532,0,0,0,735.23,0,
TXN05-03765,5,2026-07-20 07:21:37,925.88,Restaurants,50004,UPI,DEV-05-1,Android,Jaipur,7,0,0,25.65,7,2554.94,8482.13,154,1178,369,0,0,0,1561.54,0,
TXN05-03766,5,2026-07-20 07:24:46,1179.55,Restaurants,50001,UPI,DEV-05-2,iPhone,Delhi,7,0,0,3.15,8,2550.93,8472.06,400,794,1158,0,0,0,237.53,0,
TXN05-03767,5,2026-07-20 07:42:11,1417.6,Fuel,50013,UPI,DEV-05-2,iPhone,Bangalore,7,0,0,17.42,9,2547.56,8461.92,92,795,533,0,0,0,1750.11,0,
TXN05-03768,5,2026-07-20 07:51:38,1567.16,Hotels,50095,UPI,DEV-05-3,Web,Mumbai,7,0,0,9.45,10,2543.03,8462.03,4,538,937,0,0,0,845.32,0,
TXN05-03769,5,2026-07-20 07:54:16,1156.49,Hotels,50005,UPI,DEV-05-1,Android,Mumbai,7,0,0,2.63,11,2540.64,8451.79,268,1179,938,0,0,0,0.0,0,
TXN05-03770,5,2026-07-20 07:58:02,1691.86,Hotels,50010,Card,DEV-05-2,iPhone,Delhi,7,0,0,3.77,12,2537.25,8441.73,113,796,1159,0,0,0,1153.24,0,
TXN05-03771,5,2026-07-20 08:30:48,1219.26,Restaurants,50001,UPI,DEV-05-2,iPhone,Delhi,8,0,0,32.77,13,2536.44,8441.79,401,797,1160,0,0,0,0.0,0,
TXN05-03772,5,2026-07-20 08:47:28,1064.91,Restaurants,50074,Card,DEV-05-1,Android,Pune,8,0,0,16.67,14,2538.19,8441.44,7,1180,725,0,0,0,1179.48,0,
TXN05-03773,5,2026-07-20 09:03:10,4000.0,Restaurants,50026,UPI,DEV-05-11,iPhone,Mumbai,9,0,0,15.7,15,2542.46,8451.23,28,27,939,0,0,0,120.15,0,
TXN05-03774,5,2026-07-20 09:11:22,1203.29,Hotels,50107,Card,DEV-05-4,iPhone,Pune,9,0,0,8.2,16,2546.03,8441.2,8,364,726,0,0,0,120.15,0,
TXN05-03775,5,2026-07-20 09:12:02,2866.32,Restaurants,50016,Card,DEV-05-4,iPhone,Pune,9,0,0,0.67,17,2542.75,8431.16,51,365,727,0,0,0,0.0,0,
TXN05-03776,5,2026-07-20 09:34:40,1420.41,Restaurants,50021,UPI,DEV-05-55,iPhone,Jaipur,9,0,0,22.63,18,2543.54,8420.91,28,1,370,1,0,0,953.87,0,
TXN05-03777,5,2026-07-20 09:51:20,2808.2,Restaurants,50023,UPI,DEV-05-2,iPhone,Delhi,9,0,0,16.67,19,2545.34,8420.59,26,798,1161,0,0,0,237.53,0,
TXN05-03778,5,2026-07-20 09:54:04,4000.0,Restaurants,50009,Card,DEV-05-2,iPhone,Delhi,9,0,0,2.73,20,2545.97,8410.38,76,799,1162,0,0,0,0.0,0,
TXN05-03779,5,2026-07-20 10:30:00,2123.92,Fuel,50064,Card,DEV-05-2,iPhone,Delhi,10,0,0,35.93,21,2553.95,8410.19,15,800,1163,0,0,0,0.0,0,
TXN05-03780,5,2026-07-20 10:40:15,3690.56,Hotels,50014,Card,DEV-05-5,Android,Bangalore,10,0,0,10.25,22,2557.23,8409.76,94,276,534,0,0,0,1750.11,0,
TXN05-03781,5,2026-07-20 10:41:52,586.12,Hotels,50010,Card,DEV-05-7,Android,Mumbai,10,0,0,1.62,23,2559.97,8399.76,114,113,940,0,0,0,845.32,0,
TXN05-03782,5,2026-07-20 10:49:40,722.39,Taxi,50039,UPI,DEV-05-3,Web,Bangalore,10,0,0,7.8,24,2555.21,8390.17,32,539,535,0,0,0,845.32,0,
TXN05-03783,5,2026-07-20 10:50:45,1259.89,Restaurants,50001,Card,DEV-05-5,Android,Pune,10,0,0,1.08,25,2550.79,8380.53,402,277,728,0,0,0,735.23,0,
TXN05-03784,5,2026-07-20 11:08:49,1158.91,Taxi,50002,UPI,DEV-05-3,Web,Jaipur,11,0,0,18.07,26,2552.96,8380.08,204,540,371,0,0,0,953.87,0,
TXN05-03785,5,2026-07-20 11:40:42,775.2,Fuel,50048,UPI,DEV-05-3,Web,Mumbai,11,0,0,31.88,27,2550.15,8390.43,26,541,941,0,0,0,920.74,0,
TXN05-03786,5,2026-07-20 11:40:56,1688.72,Hotels,50024,UPI,DEV-05-2,iPhone,Pune,11,0,0,0.23,28,2545.87,8380.77,49,801,729,0,0,0,120.15,0,
TXN05-03787,5,2026-07-20 12:29:35,1742.23,Restaurants,50046,Card,DEV-05-11,iPhone,Pune,12,0,0,48.65,29,2548.16,8380.41,13,28,730,0,0,0,0.0,0,
TXN05-03788,5,2026-07-20 13:13:51,2458.43,Fuel,50048,Card,DEV-05-5,Android,Pune,13,0,0,44.27,30,2540.48,8400.27,27,278,731,0,0,0,0.0,0,
TXN05-03789,5,2026-07-20 13:13:54,809.68,Hotels,50005,UPI,DEV-05-2,iPhone,Mumbai,13,0,0,0.05,31,2540.28,8390.12,269,802,942,0,0,0,120.15,0,
TXN05-03790,5,2026-07-20 13:20:31,2771.61,Restaurants,50012,UPI,DEV-05-1,Android,Delhi,13,0,0,6.62,32,2536.11,8380.44,64,1181,1164,0,0,0,1153.24,0,
TXN05-03791,5,2026-07-20 13:28:26,399.64,Taxi,50002,UPI,DEV-05-2,iPhone,Mumbai,13,0,0,7.92,33,2536.68,8370.37,205,803,943,0,0,0,1153.24,0,
TXN05-03792,5,2026-07-20 14:59:18,956.66,Taxi,50061,UPI,DEV-05-5,Android,Delhi,14,0,0,90.87,34,2531.22,8380.54,11,279,1165,0,0,0,1153.24,0,
TXN05-03793,5,2026-07-20 15:01:50,2906.59,Hotels,50024,Card,DEV-05-2,iPhone,Pune,15,0,0,2.53,35,2527.44,8370.81,50,804,732,0,0,0,1179.48,0,
TXN05-03794,5,2026-07-20 15:07:05,1887.56,Fuel,50003,Card,DEV-05-1,Android,Delhi,15,0,0,5.25,36,2528.35,8360.79,299,1182,1166,0,0,0,1179.48,0,
TXN05-03795,5,2026-07-20 15:10:39,2026.31,Taxi,50002,UPI,DEV-05-2,iPhone,Mumbai,15,0,0,3.57,37,2526.81,8350.84,206,805,944,0,0,0,1153.24,0,
TXN05-03796,5,2026-07-20 15:22:14,2817.86,Restaurants,50009,Card,DEV-05-3,Web,Jaipur,15,0,0,11.58,38,2531.86,8380.03,77,542,372,0,0,0,920.74,0,
TXN05-03797,5,2026-07-20 15:28:51,1227.49,Hotels,50015,UPI,DEV-05-2,iPhone,Mumbai,15,0,0,6.62,39,2532.54,8369.96,54,806,945,0,0,0,920.74,0,
TXN05-03798,5,2026-07-20 15:39:15,580.32,Fuel,50129,UPI,DEV-05-3,Web,Delhi,15,0,0,10.4,40,2533.62,8369.76,1,543,1167,0,0,1,1153.24,0,
TXN05-03799,5,2026-07-20 15:43:56,1035.87,Hotels,50130,UPI,DEV-05-2,iPhone,Bangalore,15,0,0,4.68,41,2529.57,8370.3,1,807,536,0,0,1,1750.11,0,
TXN05-03800,5,2026-07-20 16:25:54,2022.63,Taxi,50002,Card,DEV-05-4,iPhone,Pune,16,0,0,41.97,42,2527.03,8370.59,207,366,733,0,0,0,735.23,0,
TXN05-03801,5,2026-07-20 16:28:46,1752.5,Restaurants,50004,Card,DEV-05-7,Android,Ahmedabad,16,0,0,2.87,43,2525.82,8360.59,155,114,1,0,1,0,518.13,0,
TXN05-03802,5,2026-07-20 16:35:10,4000.0,Hotels,50010,Card,DEV-05-14,iPhone,Delhi,16,0,0,6.4,44,2523.97,8350.67,115,11,1168,0,0,0,777.41,0,
TXN05-03803,5,2026-07-20 16:35:27,1319.25,Restaurants,50083,UPI,DEV-05-1,Android,Mumbai,16,0,0,0.28,45,2527.5,8341.01,9,1183,946,0,0,0,1153.24,0,
TXN05-03804,5,2026-07-20 16:43:43,3186.07,Hotels,50005,UPI,DEV-05-10,Android,Delhi,16,0,0,8.27,46,2528.73,8340.79,270,43,1169,0,0,0,1153.24,0,
TXN05-03805,5,2026-07-20 17:39:10,1426.96,Fuel,50028,Card,DEV-05-10,Android,Mumbai,17,0,0,55.45,47,2531.81,8350.63,68,44,947,0,0,0,1153.24,0,
TXN05-03806,5,2026-07-20 17:42:31,1375.79,Hotels,50010,Card,DEV-05-3,Web,Delhi,17,0,0,3.35,48,2529.17,8340.84,116,544,1170,0,0,0,1153.24,0,
TXN05-03807,5,2026-07-20 18:31:31,708.49,Fuel,50013,Card,DEV-05-3,Web,Bangalore,18,0,0,49.0,49,2526.42,8331.09,93,545,537,0,0,0,1750.11,0,
TXN05-03808,5,2026-07-20 18:32:19,12454.28,Fuel,50001,UPI,DEV-05-1,Android,Unknown Country,18,0,0,0.8,50,2522.11,8321.66,403,1184,17,0,0,0,8663.87,1,unknown_country_purchase
TXN05-03809,5,2026-07-20 19:20:21,3586.03,Hotels,50005,UPI,DEV-05-2,iPhone,Mumbai,19,0,0,48.03,51,2553.03,8364.84,271,808,948,0,0,0,8211.14,0,
TXN05-03810,5,2026-07-20 19:38:46,1213.05,Restaurants,50045,UPI,DEV-05-1,Android,Pune,19,0,0,18.42,52,2555.8,8364.99,8,1185,734,0,0,0,120.15,0,
TXN05-03811,5,2026-07-20 19:47:12,2429.79,Restaurants,50001,UPI,DEV-05-1,Android,Bangalore,19,0,0,8.43,53,2556.62,8364.84,404,1186,538,0,0,0,735.23,0,
TXN05-03812,5,2026-07-20 21:06:51,1087.29,Hotels,50005,UPI,DEV-05-6,Web,Mumbai,21,0,0,79.65,54,2555.83,8404.45,272,197,949,0,0,0,845.32,0,
TXN05-03813,5,2026-07-20 21:42:13,2018.69,Taxi,50050,Card,DEV-05-2,iPhone,Delhi,21,0,0,35.37,55,2550.74,8404.7,17,809,1171,0,0,0,1153.24,0,
TXN05-03814,5,2026-07-20 21:50:01,413.73,Restaurants,50042,Card,DEV-05-4,iPhone,Bangalore,21,0,0,7.8,56,2549.46,8394.61,16,367,539,0,0,0,1750.11,0,
TXN05-03815,5,2026-07-20 22:45:19,2891.65,Restaurants,50001,UPI,DEV-05-1,Android,Bangalore,22,0,0,55.3,57,2559.44,8465.33,405,1187,540,0,0,0,0.0,0,
TXN05-03816,5,2026-07-20 22:46:26,1630.03,Restaurants,50009,Card,DEV-05-1,Android,Mumbai,22,0,0,1.12,58,2563.96,8465.02,78,1188,950,0,0,0,845.32,0,
TXN05-03817,5,2026-07-20 23:00:40,696.65,Hotels,50005,Card,DEV-05-1,Android,Mumbai,23,0,0,14.23,59,2560.78,8465.12,273,1189,951,0,0,0,0.0,0,
TXN05-03818,5,2026-07-20 23:16:16,864.1,Restaurants,50004,UPI,DEV-05-5,Android,Pune,23,0,0,15.6,60,2556.27,8465.62,156,280,735,0,0,0,120.15,0,
TXN05-03819,5,2026-07-20 23:49:16,1491.39,Fuel,50003,UPI,DEV-05-3,Web,Mumbai,23,0,0,33.0,61,2557.6,8465.31,300,546,952,0,0,0,120.15,0,
TXN05-03820,5,2026-07-20 23:59:40,884.95,Hotels,50018,Card,DEV-05-2,iPhone,Mumbai,23,0,0,10.4,62,2553.69,8465.44,42,810,953,0,0,0,0.0,0,
TXN05-03821,5,2026-07-21 06:13:09,1632.76,Fuel,50131,UPI,DEV-05-2,iPhone,Mumbai,6,1,0,373.48,1,2553.41,8475.89,1,811,954,0,0,1,0.0,0,
TXN05-03822,5,2026-07-21 06:24:32,1856.85,Taxi,50102,UPI,DEV-05-3,Web,Delhi,6,1,0,11.38,2,2551.16,8465.62,5,547,1172,0,0,0,1153.24,0,
TXN05-03823,5,2026-07-21 06:52:20,2735.21,Restaurants,50012,UPI,DEV-05-1,Android,Pune,6,1,0,27.8,3,2549.5,8475.97,65,1190,736,0,0,0,1179.48,0,
TXN05-03824,5,2026-07-21 07:17:53,4000.0,Taxi,50007,UPI,DEV-05-1,Android,Delhi,7,1,0,25.55,4,2552.15,8475.86,87,1191,1173,0,0,0,1179.48,0,
TXN05-03825,5,2026-07-21 07:32:49,3199.14,Hotels,50005,Card,DEV-05-3,Web,Delhi,7,1,0,14.93,5,2557.93,8486.29,274,548,1174,0,0,0,0.0,0,
TXN05-03826,5,2026-07-21 08:18:21,1162.08,Hotels,50017,Card,DEV-05-7,Android,Delhi,8,1,0,45.53,6,2575.83,8537.46,59,115,1175,0,0,0,0.0,0,
TXN05-03827,5,2026-07-21 08:22:25,1273.39,Restaurants,50001,Card,DEV-05-1,Android,Delhi,8,1,0,4.07,7,2568.75,8537.45,406,1192,1176,0,0,0,0.0,0,
TXN05-03828,5,2026-07-21 08:33:16,2838.65,Restaurants,50045,Card,DEV-05-6,Web,Delhi,8,1,0,10.85,8,2565.63,8548.29,9,198,1177,0,0,0,0.0,0,
TXN05-03829,5,2026-07-21 08:38:15,2502.07,Restaurants,50096,UPI,DEV-05-9,Web,Mumbai,8,1,0,4.98,9,2566.31,8537.64,6,57,955,0,0,0,1153.24,0,
TXN05-03830,5,2026-07-21 09:26:45,2945.67,Hotels,50082,Card,DEV-05-1,Android,Jaipur,9,1,0,48.5,10,2570.56,8537.18,9,1193,373,0,0,0,920.74,0,
TXN05-03831,5,2026-07-21 09:26:52,2505.36,Restaurants,50034,UPI,DEV-05-2,iPhone,Delhi,9,1,0,0.12,11,2571.49,8526.58,17,812,1178,0,0,0,237.53,0,
TXN05-03832,5,2026-07-21 09:30:41,2830.16,Taxi,50002,Card,DEV-05-4,iPhone,Bangalore,9,1,0,3.82,12,2571.33,8515.99,208,368,541,0,0,0,1750.11,0,
TXN05-03833,5,2026-07-21 09:35:17,2811.2,Restaurants,50112,UPI,DEV-05-1,Android,Jaipur,9,1,0,4.6,13,2576.7,8515.47,2,1194,374,0,0,0,1561.54,0,
TXN05-03834,5,2026-07-21 09:35:21,2099.85,Taxi,50049,UPI,DEV-05-3,Web,Bangalore,9,1,0,0.07,14,2577.28,8504.93,25,549,542,0,0,0,1561.54,0,
TXN05-03835,5,2026-07-21 09:41:53,480.07,Restaurants,50001,Card,DEV-05-2,iPhone,Bangalore,9,1,0,6.53,15,2576.1,8494.46,407,813,543,0,0,0,0.0,0,
TXN05-03836,5,2026-07-21 10:08:33,2275.7,Hotels,50010,Card,DEV-05-3,Web,Bangalore,10,1,0,26.67,16,2575.71,8505.31,117,550,544,0,0,0,0.0,0,
TXN05-03837,5,2026-07-21 10:23:28,1505.1,Fuel,50003,UPI,DEV-05-2,iPhone,Bangalore,10,1,0,14.92,17,2574.97,8494.82,301,814,545,0,0,0,0.0,0,
TXN05-03838,5,2026-07-21 10:40:05,1370.19,Taxi,50128,Card,DEV-05-2,iPhone,Chennai,10,1,0,16.62,18,2574.79,8494.84,2,815,6,0,0,0,290.17,0,
TXN05-03839,5,2026-07-21 11:00:49,1415.42,Fuel,50003,UPI,DEV-05-4,iPhone,Pune,11,1,0,20.73,19,2577.19,8504.91,302,369,737,0,0,0,914.36,0,
TXN05-03840,5,2026-07-21 11:14:15,1788.66,Taxi,50002,Card,DEV-05-2,iPhone,Pune,11,1,0,13.43,20,2574.32,8494.6,209,816,738,0,0,0,0.0,0,
TXN05-03841,5,2026-07-21 11:53:21,1290.26,Taxi,50002,Card,DEV-05-2,iPhone,Delhi,11,1,0,39.1,21,2573.94,8504.28,210,817,1179,0,0,0,1179.48,0,
TXN05-03842,5,2026-07-21 12:12:05,3228.73,Restaurants,50001,Card,DEV-05-1,Android,Mumbai,12,1,0,18.73,22,2580.27,8513.99,408,1195,956,0,0,0,1153.24,0,
TXN05-03843,5,2026-07-21 12:29:36,1475.18,Restaurants,50001,Card,DEV-05-3,Web,Pune,12,1,0,17.52,23,2581.87,8503.51,409,551,739,0,0,0,120.15,0,
TXN05-03844,5,2026-07-21 12:42:32,1293.0,Hotels,50025,Card,DEV-05-4,iPhone,Mumbai,12,1,0,12.93,24,2581.96,8524.03,35,370,957,0,0,0,120.15,0,
TXN05-03845,5,2026-07-21 13:09:18,502.86,Fuel,50013,UPI,DEV-05-4,iPhone,Delhi,13,1,0,26.77,25,2582.22,8523.99,94,371,1180,0,0,0,1153.24,0,
TXN05-03846,5,2026-07-21 13:34:41,855.7,Fuel,50062,Card,DEV-05-2,iPhone,Delhi,13,1,0,25.38,26,2575.94,8535.15,21,818,1181,0,0,0,0.0,0,
TXN05-03847,5,2026-07-21 13:35:34,4000.0,Hotels,50005,UPI,DEV-05-3,Web,Delhi,13,1,0,0.88,27,2571.67,8524.96,275,552,1182,0,0,0,0.0,0,
TXN05-03848,5,2026-07-21 13:50:20,2421.62,Taxi,50068,UPI,DEV-05-3,Web,Delhi,13,1,0,14.77,28,2574.98,8525.26,9,553,1183,0,0,0,0.0,0,
TXN05-03849,5,2026-07-21 13:55:41,2174.31,Hotels,50005,UPI,DEV-05-2,iPhone,Pune,13,1,0,5.35,29,2574.6,8514.68,276,819,740,0,0,0,1179.48,0,
TXN05-03850,5,2026-07-21 14:29:23,574.84,Restaurants,50008,UPI,DEV-05-4,iPhone,Pune,14,1,0,33.7,30,2576.72,8525.14,100,372,741,0,0,0,0.0,0,
TXN05-03851,5,2026-07-21 14:32:01,1063.13,Fuel,50003,Card,DEV-05-2,iPhone,Pune,14,1,0,2.63,31,2568.2,8525.43,303,820,742,0,0,0,0.0,0,
TXN05-03852,5,2026-07-21 15:07:24,2588.06,Fuel,50013,UPI,DEV-05-3,Web,Delhi,15,1,0,35.38,32,2322.96,7009.68,95,554,1184,0,0,0,1179.48,0,
TXN05-03853,5,2026-07-21 15:18:46,2510.75,Fuel,50028,UPI,DEV-05-1,Android,Pune,15,1,0,11.37,33,2322.88,7017.61,69,1196,743,0,0,0,1179.48,0,
TXN05-03854,5,2026-07-21 15:21:26,954.67,Hotels,50095,Card,DEV-05-5,Android,Jaipur,15,1,0,2.67,34,2323.35,7008.86,5,281,375,0,0,0,953.87,0,
TXN05-03855,5,2026-07-21 15:54:15,1183.85,Taxi,50054,UPI,DEV-05-2,iPhone,Delhi,15,1,0,32.82,35,2323.92,7026.06,17,821,1185,0,0,0,237.53,0,
TXN05-03856,5,2026-07-21 15:55:34,535.99,Restaurants,50004,UPI,DEV-05-2,iPhone,Mumbai,15,1,0,1.32,36,2321.07,7017.51,157,822,958,0,0,0,1153.24,0,
TXN05-03857,5,2026-07-21 16:14:44,445.55,Hotels,50025,Card,DEV-05-1,Android,Mumbai,16,1,0,19.17,37,2318.96,7017.91,36,1197,959,0,0,0,0.0,0,
TXN05-03858,5,2026-07-21 16:31:25,1022.86,Fuel,50048,UPI,DEV-05-3,Web,Delhi,16,1,0,16.68,38,2314.28,7009.78,28,555,1186,0,0,0,1153.24,0,
TXN05-03859,5,2026-07-21 17:05:34,1136.66,Fuel,50006,UPI,DEV-05-7,Android,Bangalore,17,1,0,34.15,39,2311.27,7010.08,142,116,546,0,0,0,1750.11,0,
TXN05-03860,5,2026-07-21 17:15:39,4000.0,Fuel,50059,Card,DEV-05-3,Web,Mumbai,17,1,0,10.08,40,2316.2,7018.18,21,556,960,0,0,0,845.32,0,
TXN05-03861,5,2026-07-21 17:23:35,1648.06,Restaurants,50012,Card,DEV-05-3,Web,Delhi,17,1,0,7.93,41,2316.2,7018.18,66,557,1187,0,0,0,1153.24,0,
TXN05-03862,5,2026-07-21 18:01:18,2693.64,Restaurants,50008,Card,DEV-05-8,iPhone,Pune,18,1,0,37.72,42,2316.37,7018.16,101,74,744,0,0,0,1179.48,0,
TXN05-03863,5,2026-07-21 18:13:31,1312.33,Restaurants,50001,Card,DEV-05-2,iPhone,Mumbai,18,1,0,12.22,43,2320.02,7026.47,410,823,961,0,0,0,120.15,0,
TXN05-03864,5,2026-07-21 18:28:08,2170.79,Hotels,50005,Card,DEV-05-7,Android,Bangalore,18,1,0,14.62,44,2320.28,7026.43,277,117,547,0,0,0,845.32,0,
TXN05-03865,5,2026-07-21 18:34:02,3680.45,Taxi,50002,UPI,DEV-05-1,Android,Pune,18,1,0,5.9,45,2323.93,7025.97,211,1198,745,0,0,0,735.23,0,
TXN05-03866,5,2026-07-21 18:53:34,4000.0,Restaurants,50132,UPI,DEV-05-2,iPhone,Delhi,18,1,0,19.53,46,2082.53,5039.77,1,824,1188,0,0,1,1179.48,0,
TXN05-03867,5,2026-07-21 19:04:21,985.19,Restaurants,50052,Card,DEV-05-2,iPhone,Pune,19,1,0,10.78,47,2087.32,5034.38,11,825,746,0,0,0,1179.48,0,
TXN05-03868,5,2026-07-21 19:25:47,1279.37,Taxi,50029,UPI,DEV-05-6,Web,Bangalore,19,1,0,21.43,48,2084.57,5028.4,56,199,548,0,0,0,735.23,0,
TXN05-03869,5,2026-07-21 19:34:34,1435.84,Hotels,50118,Card,DEV-05-1,Android,Pune,19,1,0,8.78,49,2082.57,5022.3,2,1199,747,0,0,0,735.23,0,
TXN05-03870,5,2026-07-21 19:50:40,763.18,Hotels,50130,UPI,DEV-05-2,iPhone,Mumbai,19,1,0,16.1,50,2083.62,5022.12,2,826,962,0,0,0,120.15,0,
TXN05-03871,5,2026-07-21 19:57:28,563.86,Restaurants,50034,Card,DEV-05-2,iPhone,Jaipur,19,1,0,6.8,51,2080.34,5016.32,18,827,376,0,0,0,920.74,0,
TXN05-03872,5,2026-07-21 20:01:26,1449.54,Restaurants,50004,Card,DEV-05-1,Android,Pune,20,1,0,3.97,52,2076.59,5010.67,158,1200,748,0,0,0,953.87,0,
TXN05-03873,5,2026-07-21 20:15:52,918.43,Fuel,50006,Card,DEV-05-2,iPhone,Mumbai,20,1,0,14.43,53,2080.56,5016.36,143,828,963,0,0,0,120.15,0,
TXN05-03874,5,2026-07-21 20:21:18,3104.99,Restaurants,50096,UPI,DEV-05-8,iPhone,Delhi,20,1,0,5.43,54,2077.68,5010.48,7,75,1189,0,0,0,1153.24,0,
TXN05-03875,5,2026-07-21 20:49:11,2301.49,Taxi,50029,Card,DEV-05-1,Android,Mumbai,20,1,0,27.88,55,2086.65,5016.12,57,1201,964,0,0,0,1153.24,0,
TXN05-03876,5,2026-07-21 20:53:50,560.69,Fuel,50064,Card,DEV-05-4,iPhone,Mumbai,20,1,0,4.65,56,2094.37,5021.33,16,373,965,0,0,0,0.0,0,
TXN05-03877,5,2026-07-21 21:32:12,3101.77,Restaurants,50090,Card,DEV-05-2,iPhone,Bangalore,21,1,0,38.37,57,2090.52,5034.27,5,829,549,0,0,0,845.32,0,
TXN05-03878,5,2026-07-21 22:04:09,1587.59,Restaurants,50011,Card,DEV-05-1,Android,Delhi,22,1,0,31.95,58,2092.81,5034.52,55,1202,1190,0,0,0,1750.11,0,
TXN05-03879,5,2026-07-21 22:13:32,641.29,Fuel,50013,Card,DEV-05-3,Web,Mumbai,22,1,0,9.38,59,2091.55,5028.3,96,558,966,0,0,0,1153.24,0,
TXN05-03880,5,2026-07-21 22:17:37,1266.35,Restaurants,50034,Card,DEV-05-2,iPhone,Pune,22,1,0,4.08,60,2089.13,5028.77,19,830,749,0,0,0,120.15,0,
TXN05-03881,5,2026-07-21 22:36:53,2515.96,Fuel,50003,Card,DEV-05-4,iPhone,Bangalore,22,1,0,19.27,61,2087.08,5022.68,304,374,550,0,0,0,735.23,0,
TXN05-03882,5,2026-07-21 22:39:29,2544.84,Hotels,50015,Card,DEV-05-1,Android,Pune,22,1,0,2.6,62,2088.14,5016.49,55,1203,750,0,0,0,735.23,0,
TXN05-03883,5,2026-07-21 22:50:44,3018.46,Restaurants,50020,Card,DEV-05-1,Android,Mumbai,22,1,0,11.25,63,2089.27,5010.33,24,1204,967,0,0,0,120.15,0,
TXN05-03884,5,2026-07-21 23:16:37,1447.69,Restaurants,50016,Card,DEV-05-5,Android,Pune,23,1,0,25.88,64,2091.01,5010.53,52,282,751,0,0,0,120.15,0,
TXN05-03885,5,2026-07-21 23:27:29,3336.9,Restaurants,50012,UPI,DEV-05-10,Android,Mumbai,23,1,0,10.87,65,2089.42,5004.44,67,45,968,0,0,0,120.15,0,
TXN05-03886,5,2026-07-21 23:31:09,2955.17,Restaurants,50023,Card,DEV-05-2,iPhone,Delhi,23,1,0,3.67,66,2092.49,4998.65,27,831,1191,0,0,0,1153.24,0,
TXN05-03887,5,2026-07-22 06:02:50,701.51,Fuel,50063,UPI,DEV-05-1,Android,Delhi,6,2,0,391.68,1,2090.16,5004.2,10,1205,1192,0,0,0,0.0,0,
TXN05-03888,5,2026-07-22 06:11:02,413.51,Restaurants,50032,UPI,DEV-05-3,Web,Bangalore,6,2,0,8.2,2,2085.64,5004.63,28,559,551,0,0,0,1750.11,0,
TXN05-03889,5,2026-07-22 06:40:53,2179.73,Hotels,50031,UPI,DEV-05-2,iPhone,Bangalore,6,2,0,29.85,3,2081.52,4999.15,25,832,552,0,0,0,0.0,0,
TXN05-03890,5,2026-07-22 06:41:15,1446.68,Restaurants,50022,Card,DEV-05-7,Android,Bangalore,6,2,0,0.37,4,2081.76,4993.01,32,118,553,0,0,0,0.0,0,
TXN05-03891,5,2026-07-22 06:55:31,4000.0,Taxi,50050,Card,DEV-05-2,iPhone,Delhi,6,2,0,14.27,5,2082.69,4992.85,18,833,1193,0,0,0,1750.11,0,
TXN05-03892,5,2026-07-22 07:51:24,2047.84,Restaurants,50076,UPI,DEV-05-4,iPhone,Mumbai,7,2,0,55.88,6,2088.98,5022.8,7,375,969,0,0,0,1153.24,0,
TXN05-03893,5,2026-07-22 09:10:59,4000.0,Fuel,50028,UPI,DEV-05-8,iPhone,Bangalore,9,2,0,79.58,7,2090.95,5034.52,70,76,554,0,0,0,845.32,0,
TXN05-03894,5,2026-07-22 09:35:31,1628.47,Hotels,50107,Card,DEV-05-2,iPhone,Pune,9,2,0,24.53,8,2093.35,5035.2,9,834,752,0,0,0,735.23,0,
TXN05-03895,5,2026-07-22 09:48:22,2116.34,Hotels,50014,Card,DEV-05-2,iPhone,Pune,9,2,0,12.85,9,2092.19,5028.97,95,835,753,0,0,0,0.0,0,
TXN05-03896,5,2026-07-22 10:58:34,2570.81,Restaurants,50033,UPI,DEV-05-6,Web,Delhi,10,2,0,70.2,10,2100.35,5046.97,21,200,1194,0,0,0,1179.48,0,
TXN05-03897,5,2026-07-22 11:30:16,1410.0,Fuel,50067,Card,DEV-05-1,Android,Bangalore,11,2,0,31.7,11,2103.19,5046.91,12,1206,555,0,0,0,1750.11,0,
TXN05-03898,5,2026-07-22 11:55:48,1598.34,Restaurants,50004,UPI,DEV-05-1,Android,Bangalore,11,2,0,25.53,12,2098.3,5053.09,159,1207,556,0,0,0,0.0,0,
TXN05-03899,5,2026-07-22 12:16:56,2974.13,Fuel,50047,Card,DEV-05-6,Web,Jaipur,12,2,0,21.13,13,2092.25,5052.25,39,201,377,0,0,0,1561.54,0,
TXN05-03900,5,2026-07-22 13:18:10,538.3,Restaurants,50020,UPI,DEV-05-1,Android,Jaipur,13,2,0,61.23,14,2097.18,5058.5,25,1208,378,0,0,0,0.0,0,
TXN05-03901,5,2026-07-22 13:23:24,3319.69,Hotels,50130,Card,DEV-05-5,Android,Mumbai,13,2,0,5.23,15,2093.25,5052.73,3,283,970,0,0,0,920.74,0,
TXN05-03902,5,2026-07-22 14:12:18,981.64,Restaurants,50001,Card,DEV-05-3,Web,Delhi,14,2,0,48.9,16,2090.48,5075.91,411,560,1195,0,0,0,1153.24,0,
TXN05-03903,5,2026-07-22 14:12:22,747.49,Taxi,50030,Card,DEV-05-7,Android,Delhi,14,2,0,0.07,17,2087.67,5069.77,43,119,1196,0,0,0,0.0,0,
TXN05-03904,5,2026-07-22 14:41:24,2688.43,Restaurants,50004,Card,DEV-05-17,Android,Delhi,14,2,0,29.03,18,2084.03,5075.85,160,6,1197,0,0,0,0.0,0,
TXN05-03905,5,2026-07-22 15:22:20,988.13,Restaurants,50016,UPI,DEV-05-4,iPhone,Mumbai,15,2,0,40.93,19,2093.98,5101.25,53,376,971,0,0,0,1153.24,0,
TXN05-03906,5,2026-07-22 15:45:40,763.89,Fuel,50003,UPI,DEV-05-4,iPhone,Bangalore,15,2,0,23.33,20,2092.92,5101.44,305,377,557,0,0,0,845.32,0,
TXN05-03907,5,2026-07-22 16:12:58,2491.02,Restaurants,50001,Card,DEV-05-3,Web,Bangalore,16,2,0,27.3,21,2089.51,5095.34,412,561,558,0,0,0,0.0,0,
TXN05-03908,5,2026-07-22 16:33:37,822.72,Hotels,50095,UPI,DEV-05-2,iPhone,Mumbai,16,2,0,20.65,22,2089.91,5095.36,6,836,972,0,0,0,845.32,0,
TXN05-03909,5,2026-07-22 16:33:51,3155.91,Fuel,50043,Card,DEV-05-2,iPhone,Delhi,16,2,0,0.23,23,2086.67,5089.24,36,837,1198,0,0,0,1153.24,0,
TXN05-03910,5,2026-07-22 16:49:08,567.48,Restaurants,50004,UPI,DEV-05-1,Android,Mumbai,16,2,0,15.28,24,2089.4,5083.03,161,1209,973,0,0,0,1153.24,0,
TXN05-03911,5,2026-07-22 17:16:45,2484.45,Hotels,50031,Card,DEV-05-9,Web,Pune,17,2,0,27.62,25,2085.81,5083.61,26,58,754,0,0,0,120.15,0,
TXN05-03912,5,2026-07-22 17:28:57,724.78,Restaurants,50019,UPI,DEV-05-1,Android,Delhi,17,2,0,12.2,26,2085.74,5089.93,43,1210,1199,0,0,0,1179.48,0,
TXN05-03913,5,2026-07-22 17:51:56,3679.18,Restaurants,50004,Card,DEV-05-1,Android,Delhi,17,2,0,22.98,27,2084.98,5103.2,162,1211,1200,0,0,0,0.0,0,
TXN05-03914,5,2026-07-22 18:01:07,1036.85,Restaurants,50011,UPI,DEV-05-2,iPhone,Bangalore,18,2,0,9.18,28,2089.05,5103.84,56,838,559,0,0,0,1750.11,0,
TXN05-03915,5,2026-07-22 18:16:44,1324.5,Fuel,50043,UPI,DEV-05-11,iPhone,Delhi,18,2,0,15.62,29,2086.3,5104.12,37,29,1201,0,0,0,1750.11,0,
TXN05-03916,5,2026-07-22 18:18:01,403.4,Restaurants,50008,UPI,DEV-05-4,iPhone,Delhi,18,2,0,1.28,30,2084.34,5097.71,102,378,1202,0,0,0,0.0,0,
TXN05-03917,5,2026-07-22 18:34:11,1871.02,Fuel,50028,Card,DEV-05-6,Web,Bangalore,18,2,0,16.17,31,2084.07,5097.8,71,202,560,0,0,0,1750.11,0,
TXN05-03918,5,2026-07-22 18:55:55,1114.04,Fuel,50047,Card,DEV-05-13,iPhone,Pune,18,2,0,21.73,32,2083.52,5091.29,40,14,755,0,0,0,735.23,0,
TXN05-03919,5,2026-07-22 19:21:09,2826.7,Restaurants,50038,Card,DEV-05-3,Web,Bangalore,19,2,0,25.23,33,2081.07,5091.53,10,562,561,0,0,0,735.23,0,
TXN05-03920,5,2026-07-22 20:41:33,1217.14,Restaurants,50044,Card,DEV-05-1,Android,Delhi,20,2,0,80.4,34,2093.14,5109.9,18,1212,1203,0,0,0,1750.11,0,
TXN05-03921,5,2026-07-22 20:45:57,1416.74,Hotels,50027,UPI,DEV-05-2,iPhone,Delhi,20,2,0,4.4,35,2090.89,5103.52,31,839,1204,0,0,0,0.0,0,
TXN05-03922,5,2026-07-22 20:52:03,1361.22,Restaurants,50001,Card,DEV-05-6,Web,Jaipur,20,2,0,6.1,36,2085.15,5103.02,413,203,379,0,0,0,237.53,0,
TXN05-03923,5,2026-07-22 21:06:12,988.92,Restaurants,50004,Card,DEV-05-2,iPhone,Jaipur,21,2,0,14.15,37,2083.29,5096.6,163,840,380,0,0,0,0.0,0,
TXN05-03924,5,2026-07-22 21:09:27,360.61,Hotels,50010,Card,DEV-05-5,Android,Delhi,21,2,0,3.25,38,2080.49,5090.38,118,284,1205,0,0,0,237.53,0,
TXN05-03925,5,2026-07-22 21:25:18,4000.0,Restaurants,50009,Card,DEV-05-2,iPhone,Jaipur,21,2,0,15.85,39,2076.11,5084.62,79,841,381,0,0,0,237.53,0,
TXN05-03926,5,2026-07-22 22:40:01,976.41,Hotels,50025,UPI,DEV-05-15,Web,Pune,22,2,0,74.72,40,2093.26,5103.64,37,7,756,0,0,0,953.87,0,
TXN05-03927,5,2026-07-22 23:06:19,1179.38,Hotels,50017,UPI,DEV-05-56,iPhone,Bangalore,23,2,0,26.3,41,2084.36,5115.89,60,1,562,1,0,0,735.23,0,
TXN05-03928,5,2026-07-22 23:18:31,2380.94,Fuel,50006,Card,DEV-05-1,Android,Jaipur,23,2,0,12.2,42,2082.03,5109.5,144,1213,382,0,0,0,1561.54,0,
TXN05-03929,5,2026-07-22 23:34:11,2052.81,Taxi,50093,Card,DEV-05-3,Web,Jaipur,23,2,0,15.67,43,2083.57,5109.5,8,563,383,0,0,0,0.0,0,
TXN05-03930,5,2026-07-23 06:09:45,300.2,Restaurants,50001,UPI,DEV-05-2,iPhone,Jaipur,6,3,0,395.57,1,2081.85,5109.4,414,842,384,0,0,0,0.0,0,
TXN05-03931,5,2026-07-23 06:24:56,1739.69,Restaurants,50008,Card,DEV-05-5,Android,Delhi,6,3,0,15.18,2,2077.27,5103.62,103,285,1206,0,0,0,237.53,0,
TXN05-03932,5,2026-07-23 07:01:59,567.52,Restaurants,50052,Card,DEV-05-1,Android,Pune,7,3,0,37.05,3,2076.66,5103.65,12,1214,757,0,0,0,1179.48,0,
TXN05-03933,5,2026-07-23 07:13:55,363.59,Hotels,50005,UPI,DEV-05-1,Android,Bangalore,7,3,0,11.93,4,2072.79,5097.67,278,1215,563,0,0,0,735.23,0,
TXN05-03934,5,2026-07-23 07:32:19,653.77,Restaurants,50001,Card,DEV-05-4,iPhone,Delhi,7,3,0,18.4,5,2068.42,5091.88,415,379,1207,0,0,0,1750.11,0,
TXN05-03935,5,2026-07-23 07:32:45,2866.87,Fuel,50003,UPI,DEV-05-3,Web,Mumbai,7,3,0,0.43,6,2064.81,5085.88,306,564,974,0,0,0,1153.24,0,
TXN05-03936,5,2026-07-23 07:34:25,1731.92,Fuel,50129,UPI,DEV-05-9,Web,Delhi,7,3,0,1.67,7,2066.85,5079.57,2,59,1208,0,0,0,1153.24,0,
TXN05-03937,5,2026-07-23 07:40:06,1423.84,Restaurants,50008,UPI,DEV-05-4,iPhone,Mumbai,7,3,0,5.68,8,2068.58,5079.34,104,380,975,0,0,0,1153.24,0,
TXN05-03938,5,2026-07-23 08:16:13,2146.53,Hotels,50010,Card,DEV-05-4,iPhone,Pune,8,3,0,36.12,9,2065.44,5091.39,119,381,758,0,0,0,120.15,0,
TXN05-03939,5,2026-07-23 08:19:18,1329.69,Fuel,50040,Card,DEV-05-7,Android,Bangalore,8,3,0,3.08,10,2065.65,5084.89,49,120,564,0,0,0,735.23,0,
TXN05-03940,5,2026-07-23 08:32:47,3232.91,Restaurants,50001,UPI,DEV-05-5,Android,Pune,8,3,0,13.48,11,2063.78,5078.55,416,286,759,0,0,0,735.23,0,
TXN05-03941,5,2026-07-23 08:41:05,510.76,Hotels,50014,UPI,DEV-05-3,Web,Delhi,8,3,0,8.3,12,2070.28,5078.41,96,565,1209,0,0,0,1179.48,0,
TXN05-03942,5,2026-07-23 08:42:51,701.98,Fuel,50072,UPI,DEV-05-8,iPhone,Delhi,8,3,0,1.77,13,2066.32,5072.57,5,77,1210,0,0,0,0.0,0,
TXN05-03943,5,2026-07-23 08:45:38,2549.63,Hotels,50005,Card,DEV-05-2,iPhone,Jaipur,8,3,0,2.78,14,2062.87,5066.61,279,843,385,0,0,0,237.53,0,
TXN05-03944,5,2026-07-23 08:46:56,2938.05,Taxi,50058,Card,DEV-05-1,Android,Pune,8,3,0,1.3,15,2064.1,5060.27,19,1216,760,0,0,0,953.87,0,
TXN05-03945,5,2026-07-23 08:47:01,1482.81,Taxi,50030,Card,DEV-05-2,iPhone,Jaipur,8,3,0,0.08,16,2066.3,5054.08,44,844,386,0,0,0,953.87,0,
TXN05-03946,5,2026-07-23 08:55:22,1780.47,Taxi,50007,Card,DEV-05-8,iPhone,Bangalore,8,3,0,8.35,17,2064.83,5047.81,88,78,565,0,0,0,1561.54,0,
TXN05-03947,5,2026-07-23 09:02:36,2246.65,Hotels,50015,Card,DEV-05-7,Android,Pune,9,3,0,7.23,18,2064.12,5041.5,56,121,761,0,0,0,735.23,0,
TXN05-03948,5,2026-07-23 09:41:48,2556.66,Restaurants,50009,UPI,DEV-05-1,Android,Bangalore,9,3,0,39.2,19,2065.76,5041.45,80,1217,566,0,0,0,735.23,0,
TXN05-03949,5,2026-07-23 10:09:13,1348.6,Fuel,50006,Card,DEV-05-4,iPhone,Mumbai,10,3,0,27.42,20,2066.52,5052.88,145,382,976,0,0,0,845.32,0,
TXN05-03950,5,2026-07-23 10:19:04,686.58,Fuel,50086,UPI,DEV-05-1,Android,Bangalore,10,3,0,9.85,21,2069.33,5058.95,6,1218,567,0,0,0,845.32,0,
TXN05-03951,5,2026-07-23 10:19:59,3054.28,Restaurants,50108,UPI,DEV-05-3,Web,Delhi,10,3,0,0.92,22,2065.85,5053.05,4,566,1211,0,0,0,1750.11,0,
TXN05-03952,5,2026-07-23 10:44:33,2683.6,Hotels,50005,Card,DEV-05-8,iPhone,Pune,10,3,0,24.57,23,2068.33,5046.94,280,79,762,0,0,0,1179.48,0,
TXN05-03953,5,2026-07-23 11:19:05,2985.39,Hotels,50036,UPI,DEV-05-4,iPhone,Mumbai,11,3,0,34.53,24,2070.36,5047.02,24,383,977,0,0,0,120.15,0,
TXN05-03954,5,2026-07-23 11:24:45,1159.17,Hotels,50005,Card,DEV-05-6,Web,Delhi,11,3,0,5.67,25,2072.66,5040.9,281,204,1212,0,0,0,1153.24,0,
TXN05-03955,5,2026-07-23 11:29:17,2741.43,Taxi,50039,Card,DEV-05-2,iPhone,Bangalore,11,3,0,4.53,26,2070.37,5034.8,33,845,568,0,0,0,1750.11,0,
TXN05-03956,5,2026-07-23 11:45:48,3131.01,Restaurants,50001,Card,DEV-05-2,iPhone,Delhi,11,3,0,16.52,27,2067.22,5033.99,417,846,1213,0,0,0,1750.11,0,
TXN05-03957,5,2026-07-23 12:02:28,1565.48,Fuel,50006,UPI,DEV-05-1,Android,Jaipur,12,3,0,16.67,28,2069.88,5027.99,146,1219,387,0,0,0,237.53,0,
TXN05-03958,5,2026-07-23 12:05:41,896.21,Taxi,50039,UPI,DEV-05-5,Android,Bangalore,12,3,0,3.22,29,2068.62,5021.79,34,287,569,0,0,0,1561.54,0,
TXN05-03959,5,2026-07-23 12:35:38,2392.9,Taxi,50037,Card,DEV-05-1,Android,Jaipur,12,3,0,29.95,30,2059.58,5045.47,36,1220,388,0,0,0,1561.54,0,
TXN05-03960,5,2026-07-23 12:42:38,4000.0,Fuel,50003,Card,DEV-05-1,Android,Jaipur,12,3,0,7.0,31,2060.42,5039.18,307,1221,389,0,0,0,0.0,0,
TXN05-03961,5,2026-07-23 12:43:48,4000.0,Hotels,50036,UPI,DEV-05-5,Android,Delhi,12,3,0,1.17,32,2065.27,5033.8,25,288,1214,0,0,0,237.53,0,
TXN05-03962,5,2026-07-23 13:00:57,1712.46,Restaurants,50009,Card,DEV-05-5,Android,Delhi,13,3,0,17.15,33,2073.65,5034.23,81,289,1215,0,0,0,0.0,0,
TXN05-03963,5,2026-07-23 13:23:04,631.07,Restaurants,50026,UPI,DEV-05-6,Web,Delhi,13,3,0,22.12,34,2072.75,5027.98,29,205,1216,0,0,0,0.0,0,
TXN05-03964,5,2026-07-23 13:42:35,1818.64,Restaurants,50096,Card,DEV-05-4,iPhone,Delhi,13,3,0,19.52,35,2069.17,5022.23,8,384,1217,0,0,0,0.0,0,
TXN05-03965,5,2026-07-23 13:54:25,1407.24,Fuel,50072,UPI,DEV-05-2,iPhone,Pune,13,3,0,11.83,36,2068.54,5016.01,6,847,763,0,0,0,1179.48,0,
TXN05-03966,5,2026-07-23 14:00:51,1232.86,Hotels,50005,UPI,DEV-05-1,Android,Mumbai,14,3,0,6.43,37,2066.91,5009.91,282,1222,978,0,0,0,120.15,0,
TXN05-03967,5,2026-07-23 14:01:02,1239.94,Fuel,50043,UPI,DEV-05-3,Web,Delhi,14,3,0,0.18,38,2064.85,5003.89,38,567,1218,0,0,0,1153.24,0,
TXN05-03968,5,2026-07-23 14:28:12,4000.0,Restaurants,50001,UPI,DEV-05-1,Android,Mumbai,14,3,0,27.17,39,2062.82,4997.89,418,1223,979,0,0,0,1153.24,0,
TXN05-03969,5,2026-07-23 15:26:56,2263.25,Restaurants,50004,UPI,DEV-05-2,iPhone,Jaipur,15,3,0,58.73,40,2062.56,5010.21,164,848,390,0,0,0,920.74,0,
TXN05-03970,5,2026-07-23 16:05:34,926.92,Restaurants,50124,UPI,DEV-05-7,Android,Mumbai,16,3,0,38.63,41,2063.05,5004.03,3,122,980,0,0,0,920.74,0,
TXN05-03971,5,2026-07-23 17:00:33,2364.85,Taxi,50029,UPI,DEV-05-4,iPhone,Delhi,17,3,0,54.98,42,2063.26,5040.51,58,385,1219,0,0,0,1153.24,0,
TXN05-03972,5,2026-07-23 17:00:52,1487.21,Fuel,50003,Card,DEV-05-1,Android,Jaipur,17,3,0,0.32,43,2064.02,5034.23,308,1224,391,0,0,0,237.53,0,
TXN05-03973,5,2026-07-23 17:15:18,1816.77,Hotels,50085,UPI,DEV-05-5,Android,Delhi,17,3,0,14.43,44,2062.58,5028.03,7,290,1220,0,0,0,237.53,0,
TXN05-03974,5,2026-07-23 17:30:07,852.11,Restaurants,50001,Card,DEV-05-8,iPhone,Delhi,17,3,0,14.82,45,2061.97,5021.79,419,80,1221,0,0,0,0.0,0,
TXN05-03975,5,2026-07-23 17:52:20,1008.85,Taxi,50037,UPI,DEV-05-3,Web,Delhi,17,3,0,22.22,46,2058.97,5015.92,37,568,1222,0,0,0,0.0,0,
TXN05-03976,5,2026-07-23 18:44:59,361.0,Hotels,50010,UPI,DEV-05-3,Web,Jaipur,18,3,0,52.65,47,2059.45,5022.12,120,569,392,0,0,0,237.53,0,
TXN05-03977,5,2026-07-23 18:57:32,1196.6,Restaurants,50004,Card,DEV-05-1,Android,Mumbai,18,3,0,12.55,48,2055.23,5016.6,165,1225,981,0,0,0,920.74,0,
TXN05-03978,5,2026-07-23 19:10:08,2500.13,Restaurants,50026,Card,DEV-05-1,Android,Jaipur,19,3,0,12.6,49,2053.11,5010.57,30,1226,393,0,0,0,920.74,0,
TXN05-03979,5,2026-07-23 19:25:10,946.51,Hotels,50005,UPI,DEV-05-2,iPhone,Delhi,19,3,0,15.03,50,2053.61,5010.6,283,849,1223,0,0,0,237.53,0,
TXN05-03980,5,2026-07-23 19:35:37,4000.0,Fuel,50003,UPI,DEV-05-12,Web,Mumbai,19,3,0,10.45,51,2050.87,5004.72,309,14,982,0,0,0,1153.24,0,
TXN05-03981,5,2026-07-23 19:49:49,2971.87,Fuel,50086,Card,DEV-05-2,iPhone,Delhi,19,3,0,14.2,52,2058.66,5005.29,7,850,1224,0,0,0,1153.24,0,
TXN05-03982,5,2026-07-23 20:11:56,2366.1,Restaurants,50110,Card,DEV-05-1,Android,Pune,20,3,0,22.12,53,2060.91,4999.32,3,1227,764,0,0,0,1179.48,0,
TXN05-03983,5,2026-07-23 20:45:04,1800.32,Fuel,50003,Card,DEV-05-1,Android,Delhi,20,3,0,33.13,54,2061.66,4993.2,310,1228,1225,0,0,0,1179.48,0,
TXN05-03984,5,2026-07-23 21:02:07,407.4,Fuel,50089,UPI,DEV-05-1,Android,Mumbai,21,3,0,17.05,55,2065.19,4992.51,5,1229,983,0,0,0,1153.24,0,
TXN05-03985,5,2026-07-23 21:37:44,1236.81,Fuel,50006,Card,DEV-05-5,Android,Delhi,21,3,0,35.62,56,2064.24,4999.04,147,291,1226,0,0,0,1153.24,0,
TXN05-03986,5,2026-07-23 22:13:01,1762.72,Fuel,50003,Card,DEV-05-3,Web,Mumbai,22,3,0,35.28,57,2069.04,5004.43,311,570,984,0,0,0,1153.24,0,
TXN05-03987,5,2026-07-23 22:23:30,511.96,Restaurants,50019,UPI,DEV-05-1,Android,Pune,22,3,0,10.48,58,2068.29,4998.28,44,1230,765,0,0,0,120.15,0,
TXN05-03988,5,2026-07-23 22:39:55,3904.23,Restaurants,50074,UPI,DEV-05-3,Web,Bangalore,22,3,0,16.42,59,2064.46,4992.73,8,571,570,0,0,0,735.23,0,
TXN05-03989,5,2026-07-23 22:47:02,687.36,Restaurants,50001,Card,DEV-05-6,Web,Jaipur,22,3,0,7.12,60,2070.38,4993.48,420,206,394,0,0,0,1561.54,0,
TXN05-03990,5,2026-07-23 22:49:53,1394.39,Taxi,50037,Card,DEV-05-1,Android,Pune,22,3,0,2.85,61,2066.99,4987.83,38,1231,766,0,0,0,953.87,0,
TXN05-03991,5,2026-07-23 22:50:22,475.7,Fuel,50006,UPI,DEV-05-5,Android,Mumbai,22,3,0,0.48,62,2065.35,4981.84,148,292,985,0,0,0,120.15,0,
TXN05-03992,5,2026-07-23 23:18:55,1136.68,Restaurants,50008,UPI,DEV-05-3,Web,Delhi,23,3,0,28.55,63,2065.15,4994.1,105,572,1227,0,0,0,1153.24,0,
TXN05-03993,5,2026-07-23 23:32:46,729.67,Fuel,50006,UPI,DEV-05-1,Android,Pune,23,3,0,13.85,64,2062.88,4988.19,149,1232,767,0,0,0,1179.48,0,
TXN05-03994,5,2026-07-23 23:40:37,2925.9,Hotels,50005,UPI,DEV-05-6,Web,Jaipur,23,3,0,7.85,65,2059.62,4982.52,284,207,395,0,0,0,953.87,0,
TXN05-03995,5,2026-07-23 23:53:56,1506.18,Restaurants,50019,UPI,DEV-05-12,Web,Bangalore,23,3,0,13.32,66,2061.73,4976.63,45,15,571,0,0,0,1561.54,0,
TXN05-03996,5,2026-07-23 23:54:06,1101.8,Taxi,50037,UPI,DEV-05-57,Web,Delhi,23,3,0,0.17,67,2060.38,4970.64,39,1,1228,1,0,0,1750.11,0,
TXN05-03997,5,2026-07-23 23:57:21,1533.2,Hotels,50015,Card,DEV-05-4,iPhone,Delhi,23,3,0,3.25,68,2060.94,4970.52,57,386,1229,0,0,0,0.0,0,
TXN05-03998,5,2026-07-24 01:08:51,3186.64,Shopping,50001,UPI,DEV-05-1,Android,Delhi,1,4,0,71.5,1,2061.6,4970.43,421,1233,1230,0,0,0,0.0,1,late_night_spree
TXN05-03999,5,2026-07-24 02:40:51,1327.77,Shopping,50001,UPI,DEV-05-1,Android,Delhi,2,4,0,92.0,2,2064.33,4964.71,422,1234,1231,0,0,0,0.0,1,late_night_spree
TXN05-04000,5,2026-07-24 06:07:08,4000.0,Hotels,50005,UPI,DEV-05-10,Android,Mumbai,6,4,0,206.28,3,2062.55,4958.83,285,46,986,0,0,0,1153.24,0,
TXN05-04001,5,2026-07-24 06:36:23,1933.46,Hotels,50105,Card,DEV-05-2,iPhone,Mumbai,6,4,0,29.25,4,2067.23,4953.75,6,851,987,0,0,0,0.0,0,
TXN05-04002,5,2026-07-24 07:10:09,1981.96,Fuel,50072,Card,DEV-05-4,iPhone,Delhi,7,4,0,33.77,5,2066.91,4947.78,7,387,1232,0,0,0,1153.24,0,
TXN05-04003,5,2026-07-24 07:56:36,1466.35,Taxi,50002,UPI,DEV-05-2,iPhone,Bangalore,7,4,0,46.45,6,2069.35,4959.6,212,852,572,0,0,0,1750.11,0,
TXN05-04004,5,2026-07-24 07:58:03,1202.82,Hotels,50005,UPI,DEV-05-2,iPhone,Mumbai,7,4,0,1.45,7,2067.89,4953.69,286,853,988,0,0,0,845.32,0,
TXN05-04005,5,2026-07-24 07:59:28,1044.28,Restaurants,50112,Card,DEV-05-9,Web,Delhi,7,4,0,1.42,8,2065.81,4947.9,3,60,1233,0,0,0,1153.24,0,
TXN05-04006,5,2026-07-24 08:09:58,4000.0,Fuel,50104,UPI,DEV-05-2,iPhone,Bangalore,8,4,0,10.5,9,2065.71,4947.92,3,854,573,0,0,0,1750.11,0,
TXN05-04007,5,2026-07-24 08:33:02,1852.06,Restaurants,50076,Card,DEV-05-1,Android,Delhi,8,4,0,23.07,10,2070.36,4942.88,8,1235,1234,0,0,0,1750.11,0,
TXN05-04008,5,2026-07-24 09:12:22,1822.7,Fuel,50003,UPI,DEV-05-6,Web,Mumbai,9,4,0,39.33,11,2069.83,4936.96,312,208,989,0,0,0,1153.24,0,
TXN05-04009,5,2026-07-24 09:20:35,1258.51,Hotels,50113,Card,DEV-05-2,iPhone,Pune,9,4,0,8.22,12,2069.24,4931.07,3,855,768,0,0,0,120.15,0,
TXN05-04010,5,2026-07-24 09:38:07,2337.93,Fuel,50003,UPI,DEV-05-7,Android,Pune,9,4,0,17.53,13,2070.95,4930.66,313,123,769,0,0,0,0.0,0,
TXN05-04011,5,2026-07-24 10:01:29,3039.74,Restaurants,50001,UPI,DEV-05-5,Android,Mumbai,10,4,0,23.37,14,2072.55,4930.64,423,293,990,0,0,0,120.15,0,
TXN05-04012,5,2026-07-24 10:38:36,2330.82,Fuel,50059,Card,DEV-05-1,Android,Jaipur,10,4,0,37.12,15,2074.86,4924.98,22,1236,396,0,0,0,920.74,0,
TXN05-04013,5,2026-07-24 10:39:12,3617.62,Hotels,50005,UPI,DEV-05-3,Web,Mumbai,10,4,0,0.6,16,2075.47,4919.13,287,573,991,0,0,0,920.74,0,
TXN05-04014,5,2026-07-24 10:52:50,2749.93,Fuel,50006,UPI,DEV-05-1,Android,Pune,10,4,0,13.63,17,2079.18,4919.7,150,1237,770,0,0,0,120.15,0,
TXN05-04015,5,2026-07-24 11:12:01,1126.49,Hotels,50005,Card,DEV-05-1,Android,Mumbai,11,4,0,19.18,18,2084.15,4919.32,288,1238,992,0,0,0,120.15,0,
TXN05-04016,5,2026-07-24 11:16:04,2104.77,Fuel,50003,Card,DEV-05-5,Android,Pune,11,4,0,4.05,19,2081.87,4913.7,314,294,771,0,0,0,120.15,0,
TXN05-04017,5,2026-07-24 11:32:49,1078.77,Fuel,50006,UPI,DEV-05-2,iPhone,Mumbai,11,4,0,16.75,20,2082.17,4919.39,151,856,993,0,0,0,120.15,0,
TXN05-04018,5,2026-07-24 13:04:46,1695.22,Restaurants,50045,UPI,DEV-05-5,Android,Jaipur,13,4,0,91.95,21,2075.21,4918.74,10,295,397,0,0,0,920.74,0,
TXN05-04019,5,2026-07-24 13:21:36,832.74,Fuel,50067,Card,DEV-05-1,Android,Delhi,13,4,0,16.83,22,2075.89,4918.67,13,1239,1235,0,0,0,237.53,0,
TXN05-04020,5,2026-07-24 14:06:27,2117.53,Fuel,50043,UPI,DEV-05-3,Web,Delhi,14,4,0,44.85,23,2072.94,4913.2,39,574,1236,0,0,0,0.0,0,
TXN05-04021,5,2026-07-24 14:11:49,3259.91,Hotels,50120,UPI,DEV-05-1,Android,Delhi,14,4,0,5.37,24,2074.28,4913.13,3,1240,1237,0,0,0,0.0,0,
TXN05-04022,5,2026-07-24 14:31:27,3738.04,Fuel,50003,UPI,DEV-05-2,iPhone,Pune,14,4,0,19.63,25,2077.09,4907.65,315,857,772,0,0,0,1179.48,0,
TXN05-04023,5,2026-07-24 14:36:07,1045.74,Taxi,50133,UPI,DEV-05-1,Android,Bangalore,14,4,0,4.67,26,2081.01,4902.5,1,1241,574,0,0,1,735.23,0,
TXN05-04024,5,2026-07-24 15:16:57,502.69,Restaurants,50001,UPI,DEV-05-2,iPhone,Delhi,15,4,0,40.83,27,2078.57,4896.98,424,858,1238,0,0,0,1750.11,0,
TXN05-04025,5,2026-07-24 15:50:00,573.6,Hotels,50082,Card,DEV-05-9,Web,Pune,15,4,0,33.05,28,2073.59,4925.21,10,61,773,0,0,0,1179.48,0,
TXN05-04026,5,2026-07-24 15:58:40,1835.38,Fuel,50040,UPI,DEV-05-4,iPhone,Delhi,15,4,0,8.67,29,2070.92,4925.72,50,388,1239,0,0,0,1179.48,0,
TXN05-04027,5,2026-07-24 16:00:57,2334.82,Restaurants,50009,UPI,DEV-05-58,iPhone,Delhi,16,4,0,2.28,30,2070.36,4919.87,82,1,1240,1,0,0,0.0,0,
TXN05-04028,5,2026-07-24 16:12:44,1632.5,Hotels,50095,UPI,DEV-05-6,Web,Jaipur,16,4,0,11.78,31,2070.99,4914.04,7,209,398,0,0,0,237.53,0,
TXN05-04029,5,2026-07-24 16:45:31,1444.73,Fuel,50053,Card,DEV-05-6,Web,Delhi,16,4,0,32.78,32,2070.49,4919.92,27,210,1241,0,0,0,237.53,0,
TXN05-04030,5,2026-07-24 16:49:05,1845.57,Taxi,50002,UPI,DEV-05-1,Android,Jaipur,16,4,0,3.57,33,2069.01,4914.17,213,1242,399,0,0,0,237.53,0,
TXN05-04031,5,2026-07-24 16:55:15,1659.59,Restaurants,50026,Card,DEV-05-4,iPhone,Mumbai,16,4,0,6.17,34,2068.48,4908.36,31,389,994,0,0,0,920.74,0,
TXN05-04032,5,2026-07-24 17:36:53,2267.81,Fuel,50119,UPI,DEV-05-3,Web,Mumbai,17,4,0,41.63,35,2068.95,4908.31,2,575,995,0,0,0,0.0,0,
TXN05-04033,5,2026-07-24 18:16:23,2794.96,Taxi,50002,Card,DEV-05-2,iPhone,Mumbai,18,4,0,39.5,36,2074.07,4919.56,214,859,996,0,0,0,0.0,0,
TXN05-04034,5,2026-07-24 18:39:53,2235.03,Restaurants,50001,UPI,DEV-05-1,Android,Bangalore,18,4,0,23.5,37,2076.58,4919.65,425,1243,575,0,0,0,845.32,0,
TXN05-04035,5,2026-07-24 19:12:51,793.18,Fuel,50040,Card,DEV-05-1,Android,Delhi,19,4,0,32.97,38,2076.95,4913.81,51,1244,1242,0,0,0,1750.11,0,
TXN05-04036,5,2026-07-24 19:21:57,3150.07,Restaurants,50008,Card,DEV-05-1,Android,Delhi,19,4,0,9.1,39,2069.34,4913.31,106,1245,1243,0,0,0,0.0,0,
TXN05-04037,5,2026-07-24 19:42:06,1972.39,Restaurants,50004,UPI,DEV-05-5,Android,Delhi,19,4,0,20.15,40,2071.9,4907.77,166,296,1244,0,0,0,0.0,0,
TXN05-04038,5,2026-07-24 19:56:14,5354.91,Fuel,50001,UPI,DEV-05-1,Android,Unknown Country,19,4,0,14.13,41,2071.66,4901.97,426,1246,18,0,0,0,8752.13,1,unknown_country_purchase
TXN05-04039,5,2026-07-24 20:12:57,1688.69,Restaurants,50042,Card,DEV-05-7,Android,Mumbai,20,4,0,16.72,42,2079.41,4898.77,17,124,997,0,0,0,8211.14,0,
TXN05-04040,5,2026-07-24 20:23:31,1917.58,Hotels,50005,UPI,DEV-05-5,Android,Mumbai,20,4,0,10.57,43,2078.49,4893.04,289,297,998,0,0,0,0.0,0,
TXN05-04041,5,2026-07-24 20:51:09,1680.54,Hotels,50014,Card,DEV-05-2,iPhone,Delhi,20,4,0,27.63,44,1846.55,1151.65,97,860,1245,0,0,0,1153.24,0,
TXN05-04042,5,2026-07-24 22:11:53,763.42,Restaurants,50016,UPI,DEV-05-3,Web,Delhi,22,4,0,80.73,45,1841.06,1146.89,54,576,1246,0,0,0,0.0,0,
TXN05-04043,5,2026-07-24 22:22:25,1452.31,Hotels,50017,Card,DEV-05-5,Android,Mumbai,22,4,0,10.53,46,1838.52,1146.73,61,298,999,0,0,0,1153.24,0,
TXN05-04044,5,2026-07-24 23:01:31,2543.21,Hotels,50014,UPI,DEV-05-3,Web,Mumbai,23,4,0,39.1,47,1837.2,1145.49,98,577,1000,0,0,0,0.0,0,
TXN05-04045,5,2026-07-24 23:12:07,1178.43,Restaurants,50046,UPI,DEV-05-1,Android,Pune,23,4,0,10.6,48,1838.86,1144.65,14,1247,774,0,0,0,120.15,0,
TXN05-04046,5,2026-07-24 23:45:28,1496.14,Fuel,50003,UPI,DEV-05-5,Android,Bangalore,23,4,0,33.35,49,1834.7,1143.83,316,299,576,0,0,0,735.23,0,
TXN05-04047,5,2026-07-25 01:15:39,1820.34,Shopping,50001,UPI,DEV-05-1,Android,Delhi,1,5,1,90.18,1,1834.02,1145.98,427,1248,1247,0,0,0,1750.11,1,late_night_spree
TXN05-04048,5,2026-07-25 02:06:02,2605.75,Taxi,50039,UPI,DEV-05-11,iPhone,Delhi,2,5,1,50.38,2,1833.99,1144.63,35,30,1248,0,0,0,0.0,1,ato_odd_hour
TXN05-04049,5,2026-07-25 02:12:39,580.84,Shopping,50001,UPI,DEV-05-1,Android,Delhi,2,5,1,6.62,3,1835.81,1143.89,428,1249,1249,0,0,0,0.0,1,late_night_spree
TXN05-04050,5,2026-07-25 06:28:02,2339.04,Fuel,50013,Card,DEV-05-7,Android,Pune,6,5,1,255.38,4,1832.47,1145.48,97,125,775,0,0,0,1179.48,0,
TXN05-04051,5,2026-07-25 06:54:07,2056.63,Fuel,50013,Card,DEV-05-7,Android,Delhi,6,5,1,26.08,5,1833.66,1144.39,98,126,1250,0,0,0,1179.48,0,
TXN05-04052,5,2026-07-25 07:16:47,1863.6,Fuel,50097,UPI,DEV-05-4,iPhone,Pune,7,5,1,22.67,6,1834.18,1143.1,5,390,776,0,0,0,1179.48,0,
TXN05-04053,5,2026-07-25 07:21:01,2642.36,Hotels,50015,UPI,DEV-05-1,Android,Bangalore,7,5,1,4.23,7,1834.25,1141.76,58,1250,577,0,0,0,735.23,0,
TXN05-04054,5,2026-07-25 07:49:01,3141.48,Fuel,50003,UPI,DEV-05-3,Web,Bangalore,7,5,1,28.0,8,1830.53,1134.79,317,578,578,0,0,0,0.0,0,
TXN05-04055,5,2026-07-25 07:56:06,3954.72,Fuel,50106,UPI,DEV-05-5,Android,Pune,7,5,1,7.08,9,1833.61,1135.24,2,300,777,0,0,0,735.23,0,
TXN05-04056,5,2026-07-25 08:42:39,2801.63,Restaurants,50009,Card,DEV-05-3,Web,Pune,8,5,1,46.55,10,1832.84,1139.81,83,579,778,0,0,0,0.0,0,
TXN05-04057,5,2026-07-25 08:47:36,1016.37,Restaurants,50004,Card,DEV-05-3,Web,Pune,8,5,1,4.95,11,1829.39,1137.17,167,580,779,0,0,0,0.0,0,
TXN05-04058,5,2026-07-25 09:19:56,427.1,Hotels,50018,UPI,DEV-05-7,Android,Jaipur,9,5,1,32.33,12,1827.47,1136.51,43,127,400,0,0,0,953.87,0,
TXN05-04059,5,2026-07-25 09:37:18,889.75,Taxi,50068,Card,DEV-05-10,Android,Delhi,9,5,1,17.37,13,1824.17,1137.2,10,47,1251,0,0,0,237.53,0,
TXN05-04060,5,2026-07-25 10:10:25,2541.26,Fuel,50013,Card,DEV-05-3,Web,Delhi,10,5,1,33.12,14,1818.26,1137.73,99,581,1252,0,0,0,0.0,0,
TXN05-04061,5,2026-07-25 10:15:17,2144.33,Restaurants,50033,Card,DEV-05-1,Android,Delhi,10,5,1,4.87,15,1819.98,1136.93,22,1251,1253,0,0,0,0.0,0,
TXN05-04062,5,2026-07-25 10:41:24,4000.0,Restaurants,50001,UPI,DEV-05-1,Android,Bangalore,10,5,1,26.12,16,1821.12,1137.7,429,1252,579,0,0,0,1750.11,0,
TXN05-04063,5,2026-07-25 10:57:00,484.25,Taxi,50029,Card,DEV-05-7,Android,Bangalore,10,5,1,15.6,17,1826.7,1142.61,59,128,580,0,0,0,0.0,0,
TXN05-04064,5,2026-07-25 11:39:22,1206.92,Fuel,50028,Card,DEV-05-2,iPhone,Pune,11,5,1,42.37,18,1824.14,1141.31,72,861,780,0,0,0,735.23,0,
TXN05-04065,5,2026-07-25 11:58:45,941.22,Taxi,50007,Card,DEV-05-2,iPhone,Pune,11,5,1,19.38,19,1823.99,1140.44,89,862,781,0,0,0,0.0,0,
TXN05-04066,5,2026-07-25 12:12:54,2815.41,Fuel,50055,UPI,DEV-05-1,Android,Bangalore,12,5,1,14.15,20,1821.86,1139.88,18,1253,581,0,0,0,735.23,0,
TXN05-04067,5,2026-07-25 12:43:56,745.67,Fuel,50003,Card,DEV-05-4,iPhone,Jaipur,12,5,1,31.03,21,1828.51,1143.12,318,391,401,0,0,0,1561.54,0,
TXN05-04068,5,2026-07-25 12:47:40,1353.38,Taxi,50134,UPI,DEV-05-3,Web,Delhi,12,5,1,3.73,22,1821.01,1140.06,1,582,1254,0,0,1,237.53,0,
TXN05-04069,5,2026-07-25 13:08:13,2825.91,Fuel,50006,Card,DEV-05-6,Web,Mumbai,13,5,1,20.55,23,1822.78,1138.76,152,211,1001,0,0,0,1153.24,0,
TXN05-04070,5,2026-07-25 13:17:07,1592.15,Fuel,50063,Card,DEV-05-1,Android,Bangalore,13,5,1,8.9,24,1826.51,1139.52,11,1254,582,0,0,0,845.32,0,
TXN05-04071,5,2026-07-25 13:19:38,1637.16,Fuel,50099,Card,DEV-05-3,Web,Bangalore,13,5,1,2.52,25,1822.26,1137.12,7,583,583,0,0,0,0.0,0,
TXN05-04072,5,2026-07-25 13:29:26,279.22,Fuel,50003,UPI,DEV-05-2,iPhone,Delhi,13,5,1,9.8,26,1821.38,1137.12,319,863,1255,0,0,0,1750.11,0,
TXN05-04073,5,2026-07-25 13:45:48,1803.95,Fuel,50013,UPI,DEV-05-2,iPhone,Delhi,13,5,1,16.37,27,1820.49,1138.19,100,864,1256,0,0,0,0.0,0,
TXN05-04074,5,2026-07-25 13:49:50,4000.0,Restaurants,50011,UPI,DEV-05-4,iPhone,Delhi,13,5,1,4.03,28,1820.45,1136.81,57,392,1257,0,0,0,0.0,0,
TXN05-04075,5,2026-07-25 14:24:48,1225.85,Restaurants,50035,UPI,DEV-05-9,Web,Pune,14,5,1,34.97,29,1826.27,1144.48,18,62,782,0,0,0,1179.48,0,
TXN05-04076,5,2026-07-25 14:25:22,848.84,Restaurants,50023,Card,DEV-05-1,Android,Pune,14,5,1,0.57,30,1824.81,1143.47,28,1255,783,0,0,0,0.0,0,
TXN05-04077,5,2026-07-25 14:33:37,396.77,Fuel,50064,UPI,DEV-05-4,iPhone,Mumbai,14,5,1,8.25,31,1822.45,1143.09,17,393,1002,0,0,0,120.15,0,
TXN05-04078,5,2026-07-25 14:42:06,1062.45,Fuel,50040,UPI,DEV-05-5,Android,Delhi,14,5,1,8.48,32,1819.01,1143.85,52,301,1258,0,0,0,1153.24,0,
TXN05-04079,5,2026-07-25 14:47:55,1818.39,Fuel,50101,Card,DEV-05-3,Web,Mumbai,14,5,1,5.82,33,1817.18,1143.07,2,584,1003,0,0,0,1153.24,0,
TXN05-04080,5,2026-07-25 15:16:41,4000.0,Hotels,50060,Card,DEV-05-1,Android,Delhi,15,5,1,28.77,34,1811.22,1139.31,17,1256,1259,0,0,0,1153.24,0,
TXN05-04081,5,2026-07-25 15:19:12,600.34,Taxi,50002,UPI,DEV-05-1,Android,Bangalore,15,5,1,2.52,35,1816.5,1142.99,215,1257,584,0,0,0,1750.11,0,
TXN05-04082,5,2026-07-25 15:22:09,1721.87,Fuel,50069,Card,DEV-05-3,Web,Mumbai,15,5,1,2.95,36,1815.99,1143.48,8,585,1004,0,0,0,845.32,0,
TXN05-04083,5,2026-07-25 15:58:02,2176.33,Taxi,50126,UPI,DEV-05-6,Web,Delhi,15,5,1,35.88,37,1815.76,1142.11,3,212,1260,0,0,0,1153.24,0,
TXN05-04084,5,2026-07-25 16:22:32,727.85,Hotels,50060,Card,DEV-05-3,Web,Bangalore,16,5,1,24.5,38,1818.97,1142.01,18,586,585,0,0,0,1750.11,0,
TXN05-04085,5,2026-07-25 16:25:18,1929.17,Restaurants,50019,Card,DEV-05-2,iPhone,Delhi,16,5,1,2.77,39,1816.34,1141.89,46,865,1261,0,0,0,1750.11,0,
TXN05-04086,5,2026-07-25 16:33:09,1734.06,Restaurants,50038,UPI,DEV-05-1,Android,Pune,16,5,1,7.85,40,1814.46,1139.68,11,1258,784,0,0,0,1179.48,0,
TXN05-04087,5,2026-07-25 17:06:00,2846.41,Fuel,50053,UPI,DEV-05-6,Web,Pune,17,5,1,32.85,41,1813.2,1136.47,28,213,785,0,0,0,0.0,0,
TXN05-04088,5,2026-07-25 17:14:21,1023.34,Hotels,50010,Card,DEV-05-3,Web,Bangalore,17,5,1,8.35,42,1815.7,1136.23,121,587,586,0,0,0,735.23,0,
TXN05-04089,5,2026-07-25 17:23:33,3139.13,Hotels,50027,UPI,DEV-05-4,iPhone,Delhi,17,5,1,9.2,43,1813.79,1135.53,32,394,1262,0,0,0,1750.11,0,
TXN05-04090,5,2026-07-25 17:28:45,4000.0,Restaurants,50004,UPI,DEV-05-2,iPhone,Pune,17,5,1,5.2,44,1820.3,1135.37,168,866,786,0,0,0,1179.48,0,
TXN05-04091,5,2026-07-25 18:00:29,3361.7,Hotels,50005,UPI,DEV-05-7,Android,Delhi,18,5,1,31.73,45,1831.11,1138.98,290,129,1263,0,0,0,1179.48,0,
TXN05-04092,5,2026-07-25 18:08:17,1849.49,Taxi,50007,Card,DEV-05-3,Web,Delhi,18,5,1,7.8,46,1834.8,1140.08,90,588,1264,0,0,0,0.0,0,
TXN05-04093,5,2026-07-25 19:02:51,1072.51,Restaurants,50012,Card,DEV-05-2,iPhone,Mumbai,19,5,1,54.57,47,1831.64,1138.21,68,867,1005,0,0,0,1153.24,0,
TXN05-04094,5,2026-07-25 19:26:37,1098.11,Hotels,50036,Card,DEV-05-1,Android,Mumbai,19,5,1,23.77,48,1831.42,1138.34,26,1259,1006,0,0,0,0.0,0,
TXN05-04095,5,2026-07-25 20:01:57,1410.14,Fuel,50053,Card,DEV-05-2,iPhone,Pune,20,5,1,35.33,49,1836.35,1136.2,29,868,787,0,0,0,120.15,0,
TXN05-04096,5,2026-07-25 20:31:41,2972.27,Restaurants,50046,UPI,DEV-05-3,Web,Delhi,20,5,1,29.73,50,1830.93,1137.77,15,589,1265,0,0,0,1179.48,0,
TXN05-04097,5,2026-07-25 20:36:15,1172.22,Taxi,50093,UPI,DEV-05-2,iPhone,Mumbai,20,5,1,4.57,51,1833.7,1137.78,9,869,1007,0,0,0,1153.24,0,
TXN05-04098,5,2026-07-25 20:36:31,801.88,Restaurants,50001,Card,DEV-05-7,Android,Mumbai,20,5,1,0.27,52,1832.09,1136.86,430,130,1008,0,0,0,0.0,0,
TXN05-04099,5,2026-07-25 21:24:40,570.76,Fuel,50043,UPI,DEV-05-2,iPhone,Mumbai,21,5,1,48.15,53,1831.46,1142.59,40,870,1009,0,0,0,0.0,0,
TXN05-04100,5,2026-07-25 21:36:55,2452.26,Restaurants,50096,Card,DEV-05-5,Android,Delhi,21,5,1,12.25,54,1829.01,1144.21,9,302,1266,0,0,0,1153.24,0,
TXN05-04101,5,2026-07-25 21:50:31,3106.82,Fuel,50040,Card,DEV-05-1,Android,Bangalore,21,5,1,13.6,55,1830.53,1143.23,53,1260,587,0,0,0,1750.11,0,
TXN05-04102,5,2026-07-25 22:02:37,2805.55,Hotels,50005,Card,DEV-05-5,Android,Mumbai,22,5,1,12.1,56,1833.63,1143.57,291,303,1010,0,0,0,845.32,0,
TXN05-04103,5,2026-07-25 22:25:14,2113.08,Hotels,50005,UPI,DEV-05-6,Web,Mumbai,22,5,1,22.62,57,1835.29,1144.48,292,214,1011,0,0,0,0.0,0,
TXN05-04104,5,2026-07-25 22:26:40,1949.06,Taxi,50058,Card,DEV-05-6,Web,Mumbai,22,5,1,1.43,58,1835.97,1143.18,20,215,1012,0,0,0,0.0,0,
TXN05-04105,5,2026-07-25 22:28:35,363.5,Taxi,50029,UPI,DEV-05-3,Web,Bangalore,22,5,1,1.92,59,1836.24,1141.81,60,590,588,0,0,0,845.32,0,
TXN05-04106,5,2026-07-25 22:58:43,1355.46,Restaurants,50096,UPI,DEV-05-4,iPhone,Delhi,22,5,1,30.13,60,1842.8,1140.67,10,395,1267,0,0,0,1750.11,0,
TXN05-04107,5,2026-07-25 23:00:49,1296.81,Hotels,50005,Card,DEV-05-2,iPhone,Delhi,23,5,1,2.1,61,1841.62,1139.53,293,871,1268,0,0,0,0.0,0,
TXN05-04108,5,2026-07-25 23:16:48,1344.96,Restaurants,50135,UPI,DEV-05-5,Android,Delhi,23,5,1,15.98,62,1838.72,1136.59,1,304,1269,0,0,1,0.0,0,
TXN05-04109,5,2026-07-25 23:21:36,2022.39,Fuel,50040,Card,DEV-05-4,iPhone,Mumbai,23,5,1,4.8,63,1837.52,1135.47,54,396,1013,0,0,0,1153.24,0,
TXN05-04110,5,2026-07-25 23:24:55,4000.0,Fuel,50003,Card,DEV-05-1,Android,Jaipur,23,5,1,3.32,64,1837.97,1134.13,320,1261,402,0,0,0,920.74,0,
TXN05-04111,5,2026-07-25 23:30:11,2448.64,Taxi,50058,Card,DEV-05-3,Web,Jaipur,23,5,1,5.27,65,1843.19,1137.72,21,591,403,0,0,0,0.0,0,
TXN05-04112,5,2026-07-25 23:50:40,931.26,Hotels,50014,UPI,DEV-05-2,iPhone,Pune,23,5,1,20.48,66,1835.86,1133.88,99,872,788,0,0,0,953.87,0,
TXN05-04113,5,2026-07-25 23:51:37,2855.5,Fuel,50006,Card,DEV-05-3,Web,Mumbai,23,5,1,0.95,67,1833.66,1133.38,153,592,1014,0,0,0,120.15,0,
TXN05-04114,5,2026-07-26 00:30:05,2624.15,Restaurants,50177,UPI,DEV-05-1,Android,Pune,0,6,1,38.47,1,1834.46,1133.98,1,1262,789,0,0,1,120.15,1,ato_new_merchant_same_category_odd_hour
TXN05-04115,5,2026-07-26 01:39:22,6311.02,Shopping,50001,UPI,DEV-05-1,Android,Delhi,1,6,1,69.28,2,1836.37,1133.27,431,1263,1270,0,0,0,1179.48,1,late_night_spree
TXN05-04116,5,2026-07-26 02:53:33,100000.0,Bank Transfer,50001,Card,DEV-05-1,Android,Delhi,2,6,1,74.18,3,1847.18,1153.02,432,1264,1271,0,0,0,0.0,1,huge_transfer
TXN05-04117,5,2026-07-26 06:18:12,230.08,Restaurants,50012,UPI,DEV-05-1,Android,Delhi,6,6,1,204.65,4,2086.24,4959.84,69,1265,1272,0,0,0,0.0,0,
TXN05-04118,5,2026-07-26 06:38:15,2873.57,Taxi,50007,UPI,DEV-05-2,iPhone,Pune,6,6,1,20.05,5,2085.94,4959.95,91,873,790,0,0,0,1179.48,0,
TXN05-04119,5,2026-07-26 06:49:52,899.92,Taxi,50002,UPI,DEV-05-3,Web,Mumbai,6,6,1,11.62,6,2087.84,4954.1,216,593,1015,0,0,0,120.15,0,
TXN05-04120,5,2026-07-26 06:58:19,1190.76,Hotels,50005,Card,DEV-05-2,iPhone,Delhi,6,6,1,8.45,7,2087.58,4954.16,294,874,1273,0,0,0,1153.24,0,
TXN05-04121,5,2026-07-26 07:03:42,1232.62,Restaurants,50020,Card,DEV-05-4,iPhone,Delhi,7,6,1,5.38,8,2085.42,4948.39,26,397,1274,0,0,0,0.0,0,
TXN05-04122,5,2026-07-26 07:04:50,1423.73,Taxi,50002,Card,DEV-05-20,Web,Bangalore,7,6,1,1.13,9,2083.37,4942.61,217,3,589,0,0,0,1750.11,0,
TXN05-04123,5,2026-07-26 07:27:19,785.33,Taxi,50002,UPI,DEV-05-2,iPhone,Pune,7,6,1,22.48,10,2086.06,4947.98,218,875,791,0,0,0,735.23,0,
TXN05-04124,5,2026-07-26 07:27:32,1443.58,Hotels,50017,UPI,DEV-05-2,iPhone,Pune,7,6,1,0.22,11,2082.93,4942.44,62,876,792,0,0,0,0.0,0,
TXN05-04125,5,2026-07-26 07:27:43,2363.14,Hotels,50010,UPI,DEV-05-5,Android,Bangalore,7,6,1,0.18,12,2081.4,4936.61,122,305,590,0,0,0,735.23,0,
TXN05-04126,5,2026-07-26 07:44:02,2783.16,Taxi,50007,UPI,DEV-05-2,iPhone,Delhi,7,6,1,16.32,13,2082.07,4930.72,92,877,1275,0,0,0,1750.11,0,
TXN05-04127,5,2026-07-26 08:45:36,2524.3,Hotels,50036,Card,DEV-05-5,Android,Mumbai,8,6,1,61.57,14,2086.41,4930.54,27,306,1016,0,0,0,1153.24,0,
TXN05-04128,5,2026-07-26 08:50:36,2316.33,Taxi,50002,Card,DEV-05-3,Web,Delhi,8,6,1,5.0,15,2087.45,4924.7,219,594,1276,0,0,0,1153.24,1,ato_short_gap_higher_amount
TXN05-04129,5,2026-07-26 08:53:13,1205.64,Restaurants,50021,UPI,DEV-05-3,Web,Delhi,8,6,1,2.62,16,2088.0,4918.84,29,595,1277,0,0,0,0.0,0,
TXN05-04130,5,2026-07-26 09:04:45,2139.36,Taxi,50165,UPI,DEV-05-1,Android,Pune,9,6,1,11.53,17,2085.9,4913.18,1,1266,793,0,0,1,1179.48,1,ato_new_merchant_same_category
TXN05-04131,5,2026-07-26 09:17:47,2049.3,Fuel,50003,Card,DEV-05-3,Web,Mumbai,9,6,1,13.03,18,2086.03,4907.36,321,596,1017,0,0,0,120.15,0,
TXN05-04132,5,2026-07-26 09:25:09,1195.49,Fuel,50063,Card,DEV-05-4,iPhone,Mumbai,9,6,1,7.37,19,2083.47,4912.11,12,398,1018,0,0,0,0.0,0,
TXN05-04133,5,2026-07-26 09:30:30,1528.45,Fuel,50006,Card,DEV-05-6,Web,Delhi,9,6,1,5.35,20,2081.36,4906.48,154,216,1278,0,0,0,1153.24,0,
TXN05-04134,5,2026-07-26 09:46:59,735.93,Restaurants,50033,Card,DEV-05-4,iPhone,Pune,9,6,1,16.48,21,2085.23,4917.73,23,399,794,0,0,0,1179.48,0,
TXN05-04135,5,2026-07-26 10:16:43,352.05,Taxi,50093,Card,DEV-05-3,Web,Pune,10,6,1,29.73,22,2082.02,4912.32,10,597,795,0,0,0,0.0,0,
TXN05-04136,5,2026-07-26 10:27:09,1061.8,Taxi,50002,Card,DEV-05-2,iPhone,Delhi,10,6,1,10.43,23,2077.92,4907.22,220,878,1279,0,0,0,1179.48,0,
TXN05-04137,5,2026-07-26 10:37:44,1096.52,Restaurants,50044,UPI,DEV-05-3,Web,Bangalore,10,6,1,10.58,24,2075.52,4901.66,19,598,591,0,0,0,1750.11,0,
TXN05-04138,5,2026-07-26 10:51:47,1640.89,Taxi,50029,Card,DEV-05-2,iPhone,Jaipur,10,6,1,14.05,25,2073.21,4896.11,61,879,404,0,0,0,1561.54,0,
TXN05-04139,5,2026-07-26 10:52:10,895.68,Hotels,50005,UPI,DEV-05-3,Web,Delhi,10,6,1,0.38,26,2072.2,4890.39,295,599,1280,0,0,0,237.53,0,
TXN05-04140,5,2026-07-26 11:46:48,1829.37,Restaurants,50079,Card,DEV-05-3,Web,Mumbai,11,6,1,54.63,27,2070.24,4890.7,7,600,1019,0,0,0,1153.24,0,
TXN05-04141,5,2026-07-26 11:47:04,2471.89,Restaurants,50032,UPI,DEV-05-1,Android,Jaipur,11,6,1,0.27,28,2069.67,4884.97,29,1267,405,0,0,0,920.74,0,
TXN05-04142,5,2026-07-26 11:48:34,1004.96,Restaurants,50009,UPI,DEV-05-1,Android,Mumbai,11,6,1,1.5,29,2070.61,4879.28,84,1268,1020,0,0,0,920.74,0,
TXN05-04143,5,2026-07-26 12:02:45,1249.29,Restaurants,50052,UPI,DEV-05-3,Web,Jaipur,12,6,1,14.18,30,2068.55,4879.55,13,601,406,0,0,0,920.74,0,
TXN05-04144,5,2026-07-26 12:12:03,1103.5,Restaurants,50019,UPI,DEV-05-3,Web,Jaipur,12,6,1,9.3,31,2064.87,4885.0,47,602,407,0,0,0,0.0,0,
TXN05-04145,5,2026-07-26 12:14:13,11007.97,Fuel,50001,UPI,DEV-05-1,Android,Unknown Country,12,6,1,2.17,32,2062.62,4879.5,433,1269,19,0,0,0,8601.34,1,unknown_country_purchase
TXN05-04146,5,2026-07-26 12:29:49,2334.16,Restaurants,50011,UPI,DEV-05-2,iPhone,Mumbai,12,6,1,15.6,33,2083.52,4892.89,58,880,1021,0,0,0,8211.14,0,
TXN05-04147,5,2026-07-26 12:47:24,2245.77,Restaurants,50021,Card,DEV-05-16,iPhone,Bangalore,12,6,1,17.58,34,2085.27,4892.85,30,6,592,0,0,0,845.32,0,
TXN05-04148,5,2026-07-26 12:49:11,1923.79,Fuel,50136,Card,DEV-05-7,Android,Mumbai,12,6,1,1.78,35,2089.15,4892.31,1,131,1022,0,0,1,845.32,0,
TXN05-04149,5,2026-07-26 13:10:26,2029.28,Taxi,50123,Card,DEV-05-2,iPhone,Mumbai,13,6,1,21.25,36,2087.9,4892.29,2,881,1023,0,0,0,0.0,0,
TXN05-04150,5,2026-07-26 13:27:38,2372.77,Fuel,50003,UPI,DEV-05-3,Web,Pune,13,6,1,17.2,37,2087.76,4886.58,322,603,796,0,0,0,120.15,0,
TXN05-04151,5,2026-07-26 13:29:22,1606.55,Restaurants,50090,UPI,DEV-05-5,Android,Mumbai,13,6,1,1.73,38,2088.42,4880.92,6,307,1024,0,0,0,120.15,0,
TXN05-04152,5,2026-07-26 13:32:58,546.95,Fuel,50059,UPI,DEV-05-7,Android,Delhi,13,6,1,3.6,39,2087.31,4875.31,23,132,1281,0,0,0,1153.24,0,
TXN05-04153,5,2026-07-26 13:45:34,3264.52,Hotels,50005,Card,DEV-05-2,iPhone,Delhi,13,6,1,12.6,40,2084.1,4875.86,296,882,1282,0,0,0,0.0,0,
TXN05-04154,5,2026-07-26 14:32:07,1320.15,Restaurants,50004,UPI,DEV-05-5,Android,Mumbai,14,6,1,46.55,41,2089.52,4887.41,169,308,1025,0,0,0,1153.24,0,
TXN05-04155,5,2026-07-26 14:48:42,1125.57,Restaurants,50021,UPI,DEV-05-1,Android,Mumbai,14,6,1,16.58,42,2088.36,4887.53,31,1270,1026,0,0,0,0.0,0,
TXN05-04156,5,2026-07-26 15:12:01,1294.04,Restaurants,50016,Card,DEV-05-6,Web,Mumbai,15,6,1,23.32,43,2091.34,4892.81,55,217,1027,0,0,0,0.0,0,
TXN05-04157,5,2026-07-26 15:18:53,2046.9,Taxi,50007,UPI,DEV-05-1,Android,Pune,15,6,1,6.87,44,2089.48,4887.26,93,1271,797,0,0,0,120.15,0,
TXN05-04158,5,2026-07-26 15:33:48,666.75,Fuel,50040,Card,DEV-05-3,Web,Mumbai,15,6,1,14.92,45,2089.38,4881.57,55,604,1028,0,0,0,120.15,0,
TXN05-04159,5,2026-07-26 15:42:26,1529.89,Fuel,50006,Card,DEV-05-3,Web,Delhi,15,6,1,8.63,46,2086.08,4876.39,155,605,1283,0,0,0,1153.24,0,
TXN05-04160,5,2026-07-26 16:00:59,1753.52,Hotels,50015,UPI,DEV-05-3,Web,Pune,16,6,1,18.55,47,2088.85,4875.73,59,606,798,0,0,0,1179.48,0,
TXN05-04161,5,2026-07-26 16:30:38,1970.93,Restaurants,50012,UPI,DEV-05-1,Android,Pune,16,6,1,29.65,48,2092.54,4880.89,70,1272,799,0,0,0,0.0,0,
TXN05-04162,5,2026-07-26 16:38:18,1527.06,Restaurants,50008,UPI,DEV-05-2,iPhone,Pune,16,6,1,7.67,49,2087.82,4880.03,107,883,800,0,0,0,0.0,0,
TXN05-04163,5,2026-07-26 16:58:24,1092.83,Restaurants,50032,UPI,DEV-05-4,iPhone,Pune,16,6,1,20.1,50,2091.78,4896.49,30,400,801,0,0,0,0.0,0,
TXN05-04164,5,2026-07-26 17:09:31,1926.11,Fuel,50137,UPI,DEV-05-2,iPhone,Delhi,17,6,1,11.12,51,2093.25,4896.1,1,884,1284,0,0,1,1179.48,0,
TXN05-04165,5,2026-07-26 17:10:39,3358.62,Fuel,50101,Card,DEV-05-3,Web,Mumbai,17,6,1,1.13,52,2092.86,4890.38,3,607,1029,0,0,0,1153.24,0,
TXN05-04166,5,2026-07-26 17:31:38,815.29,Fuel,50006,UPI,DEV-05-7,Android,Mumbai,17,6,1,20.98,53,2095.44,4890.76,156,133,1030,0,0,0,0.0,0,
TXN05-04167,5,2026-07-26 17:42:35,382.12,Restaurants,50016,Card,DEV-05-5,Android,Delhi,17,6,1,10.95,54,2092.45,4885.44,56,309,1285,0,0,0,1153.24,0,
TXN05-04168,5,2026-07-26 17:55:57,2877.29,Taxi,50002,Card,DEV-05-2,iPhone,Mumbai,17,6,1,13.37,55,2088.47,4880.46,221,885,1031,0,0,0,1153.24,0,
TXN05-04169,5,2026-07-26 17:59:49,3385.41,Fuel,50043,Card,DEV-05-2,iPhone,Bangalore,17,6,1,3.87,56,2090.3,4874.94,41,886,593,0,0,0,845.32,0,
TXN05-04170,5,2026-07-26 18:03:00,884.16,Taxi,50102,Card,DEV-05-1,Android,Mumbai,18,6,1,3.18,57,2093.3,4869.69,6,1273,1032,0,0,0,845.32,0,
TXN05-04171,5,2026-07-26 18:08:25,802.97,Fuel,50006,Card,DEV-05-2,iPhone,Ahmedabad,18,6,1,5.42,58,2092.0,4869.94,157,887,2,0,0,0,439.98,0,
TXN05-04172,5,2026-07-26 18:20:33,1569.39,Hotels,50017,Card,DEV-05-3,Web,Bangalore,18,6,1,12.13,59,2087.8,4881.1,63,608,594,0,0,0,1237.04,0,
TXN05-04173,5,2026-07-26 18:41:09,1497.3,Fuel,50047,UPI,DEV-05-2,iPhone,Jaipur,18,6,1,20.6,60,2094.08,4885.61,41,888,408,0,0,0,1561.54,0,
TXN05-04174,5,2026-07-26 18:57:05,9578.57,Fuel,50001,UPI,DEV-05-1,Android,Unknown Country,18,6,1,15.93,61,2092.69,4880.01,434,1274,20,0,0,0,8601.34,1,unknown_country_purchase
TXN05-04175,5,2026-07-26 19:21:19,810.77,Taxi,50030,Card,DEV-05-3,Web,Delhi,19,6,1,24.23,62,2113.11,4892.9,45,609,1286,0,0,0,8752.13,0,
TXN05-04176,5,2026-07-26 19:26:11,1415.11,Restaurants,50019,Card,DEV-05-4,iPhone,Bangalore,19,6,1,4.87,63,2110.09,4887.63,48,401,595,0,0,0,1750.11,0,
TXN05-04177,5,2026-07-26 19:27:55,2798.17,Restaurants,50033,UPI,DEV-05-5,Android,Bangalore,19,6,1,1.73,64,2108.48,4882.08,24,310,596,0,0,0,0.0,0,
TXN05-04178,5,2026-07-26 19:54:35,4000.0,Restaurants,50008,Card,DEV-05-4,iPhone,Mumbai,19,6,1,26.67,65,2115.28,4887.21,108,402,1033,0,0,0,845.32,0,
TXN05-04179,5,2026-07-26 19:56:24,1347.51,Restaurants,50044,Card,DEV-05-2,iPhone,Jaipur,19,6,1,1.82,66,2119.65,4882.39,20,889,409,0,0,0,920.74,0,
TXN05-04180,5,2026-07-26 20:04:07,856.69,Fuel,50055,UPI,DEV-05-2,iPhone,Bangalore,20,6,1,7.72,67,2117.86,4876.89,19,890,597,0,0,0,1561.54,0,
TXN05-04181,5,2026-07-26 20:31:59,3166.95,Restaurants,50011,UPI,DEV-05-5,Android,Delhi,20,6,1,27.87,68,2118.14,4882.49,59,311,1287,0,0,0,1750.11,0,
TXN05-04182,5,2026-07-26 20:50:45,2356.97,Hotels,50082,Card,DEV-05-2,iPhone,Mumbai,20,6,1,18.77,69,2123.19,4882.45,11,891,1034,0,0,0,1153.24,0,
TXN05-04183,5,2026-07-26 21:11:32,1562.78,Restaurants,50001,Card,DEV-05-1,Android,Bangalore,21,6,1,20.78,70,2127.09,4881.96,435,1275,598,0,0,0,845.32,0,
TXN05-04184,5,2026-07-26 22:07:05,611.89,Restaurants,50004,Card,DEV-05-5,Android,Pune,22,6,1,55.55,71,2125.79,4876.39,170,312,802,0,0,0,735.23,0,
TXN05-04185,5,2026-07-26 22:10:32,777.13,Fuel,50114,Card,DEV-05-2,iPhone,Mumbai,22,6,1,3.45,72,2122.3,4871.31,4,892,1035,0,0,0,120.15,0,
TXN05-04186,5,2026-07-26 22:20:28,3373.6,Taxi,50138,Card,DEV-05-3,Web,Jaipur,22,6,1,9.93,73,2119.21,4866.14,1,610,410,0,0,1,920.74,0,
TXN05-04187,5,2026-07-26 22:30:01,864.92,Restaurants,50021,Card,DEV-05-1,Android,Mumbai,22,6,1,9.55,74,2120.86,4866.44,32,1276,1036,0,0,0,920.74,0,
TXN05-04188,5,2026-07-26 22:31:56,1227.13,Hotels,50010,Card,DEV-05-4,iPhone,Mumbai,22,6,1,1.92,75,2117.98,4861.23,123,403,1037,0,0,0,0.0,0,
TXN05-04189,5,2026-07-26 23:37:13,574.61,Taxi,50002,UPI,DEV-05-4,iPhone,Delhi,23,6,1,65.28,76,2125.31,4877.16,222,404,1288,0,0,0,1153.24,0,
TXN05-04190,5,2026-07-26 23:46:47,3239.7,Restaurants,50008,Card,DEV-05-10,Android,Pune,23,6,1,9.57,77,2119.75,4877.55,109,48,803,0,0,0,1179.48,0,
TXN05-04191,5,2026-07-27 06:01:21,1156.19,Fuel,50013,UPI,DEV-05-1,Android,Mumbai,6,0,0,374.57,1,2122.06,4893.56,101,1277,1038,0,0,0,120.15,0,
TXN05-04192,5,2026-07-27 06:58:34,1129.92,Restaurants,50001,Card,DEV-05-1,Android,Delhi,6,0,0,57.22,2,2123.49,4910.61,436,1278,1289,0,0,0,1153.24,0,
TXN05-04193,5,2026-07-27 07:19:43,1016.3,Hotels,50085,UPI,DEV-05-1,Android,Mumbai,7,0,0,21.15,3,2121.17,4905.1,8,1279,1039,0,0,0,1153.24,0,
TXN05-04194,5,2026-07-27 08:02:05,2396.9,Hotels,50085,UPI,DEV-05-2,iPhone,Delhi,8,0,0,42.37,4,2129.88,4933.28,9,893,1290,0,0,0,1153.24,0,
TXN05-04195,5,2026-07-27 08:11:45,1446.14,Taxi,50002,Card,DEV-05-1,Android,Delhi,8,0,0,9.67,5,2130.51,4927.48,223,1280,1291,0,0,0,0.0,0,
TXN05-04196,5,2026-07-27 08:38:41,525.57,Fuel,50006,UPI,DEV-05-1,Android,Bangalore,8,0,0,26.93,6,2131.04,4927.39,158,1281,599,0,0,0,1750.11,0,
TXN05-04197,5,2026-07-27 08:54:04,1468.37,Taxi,50002,Card,DEV-05-1,Android,Jaipur,8,0,0,15.38,7,2129.77,4927.73,224,1282,411,0,0,0,1561.54,0,
TXN05-04198,5,2026-07-27 09:07:28,997.97,Restaurants,50001,Card,DEV-05-1,Android,Mumbai,9,0,0,13.4,8,2123.8,4927.0,437,1283,1040,0,0,0,920.74,0,
TXN05-04199,5,2026-07-27 09:42:40,682.83,Restaurants,50004,Card,DEV-05-3,Web,Mumbai,9,0,0,35.2,9,2123.22,4938.51,171,611,1041,0,0,0,0.0,0,
TXN05-04200,5,2026-07-27 09:45:08,2862.6,Fuel,50131,UPI,DEV-05-3,Web,Delhi,9,0,0,2.47,10,2119.82,4933.16,2,612,1292,0,0,0,1153.24,0,
TXN05-04201,5,2026-07-27 10:15:07,1947.34,Hotels,50010,Card,DEV-05-2,iPhone,Delhi,10,0,0,29.98,11,2115.49,4938.17,124,894,1293,0,0,0,0.0,0,
TXN05-04202,5,2026-07-27 10:35:10,1521.94,Restaurants,50012,Card,DEV-05-5,Android,Delhi,10,0,0,20.05,12,2115.07,4938.18,71,313,1294,0,0,0,0.0,0,
TXN05-04203,5,2026-07-27 10:35:12,419.32,Taxi,50030,Card,DEV-05-4,iPhone,Delhi,10,0,0,0.03,13,2113.67,4932.42,46,405,1295,0,0,0,0.0,0,
TXN05-04204,5,2026-07-27 10:59:04,2130.02,Restaurants,50044,Card,DEV-05-2,iPhone,Delhi,10,0,0,23.87,14,2114.86,4948.9,21,895,1296,0,0,0,0.0,0,
TXN05-04205,5,2026-07-27 11:13:48,953.77,Hotels,50015,Card,DEV-05-2,iPhone,Pune,11,0,0,14.73,15,2117.18,4948.68,60,896,804,0,0,0,1179.48,0,
TXN05-04206,5,2026-07-27 12:11:41,2039.05,Hotels,50117,UPI,DEV-05-6,Web,Mumbai,12,0,0,57.88,16,2118.62,4954.43,2,218,1042,0,0,0,120.15,0,
TXN05-04207,5,2026-07-27 12:39:47,1578.37,Restaurants,50001,Card,DEV-05-14,iPhone,Mumbai,12,0,0,28.1,17,2119.33,4954.4,438,12,1043,0,0,0,0.0,0,
TXN05-04208,5,2026-07-27 12:46:59,1485.83,Fuel,50028,UPI,DEV-05-10,Android,Jaipur,12,0,0,7.2,18,2118.04,4948.56,73,49,412,0,0,0,920.74,0,
TXN05-04209,5,2026-07-27 12:48:29,2597.24,Hotels,50005,Card,DEV-05-2,iPhone,Pune,12,0,0,1.5,19,2116.54,4942.78,297,897,805,0,0,0,953.87,0,
TXN05-04210,5,2026-07-27 12:59:32,2983.08,Hotels,50027,Card,DEV-05-2,iPhone,Delhi,12,0,0,11.05,20,2117.68,4936.98,33,898,1297,0,0,0,1179.48,0,
TXN05-04211,5,2026-07-27 14:23:51,1520.38,Fuel,50003,UPI,DEV-05-3,Web,Delhi,14,0,0,84.32,21,2124.6,4953.54,323,613,1298,0,0,0,0.0,0,
TXN05-04212,5,2026-07-27 14:34:05,2112.16,Fuel,50070,UPI,DEV-05-4,iPhone,Mumbai,14,0,0,10.23,22,2123.16,4947.73,9,406,1044,0,0,0,1153.24,0,
TXN05-04213,5,2026-07-27 14:38:38,2590.34,Fuel,50003,UPI,DEV-05-3,Web,Pune,14,0,0,4.55,23,2123.13,4941.85,324,614,806,0,0,0,120.15,0,
TXN05-04214,5,2026-07-27 14:41:11,885.36,Taxi,50138,UPI,DEV-05-6,Web,Jaipur,14,0,0,2.55,24,2124.24,4936.04,2,219,413,0,0,0,953.87,0,
TXN05-04215,5,2026-07-27 15:18:34,2109.25,Fuel,50139,UPI,DEV-05-3,Web,Delhi,15,0,0,37.38,25,2123.0,4953.56,1,615,1299,0,0,1,237.53,0,
TXN05-04216,5,2026-07-27 15:25:39,551.63,Restaurants,50001,UPI,DEV-05-1,Android,Mumbai,15,0,0,7.08,26,2121.31,4953.44,439,1284,1045,0,0,0,1153.24,0,
TXN05-04217,5,2026-07-27 15:39:43,386.81,Hotels,50005,Card,DEV-05-1,Android,Delhi,15,0,0,14.07,27,2123.38,4959.19,298,1285,1300,0,0,0,1153.24,0,
TXN05-04218,5,2026-07-27 16:13:06,1150.09,Restaurants,50045,Card,DEV-05-4,iPhone,Delhi,16,0,0,33.38,28,2121.82,4959.63,11,407,1301,0,0,0,0.0,0,
TXN05-04219,5,2026-07-27 16:13:14,964.66,Restaurants,50044,UPI,DEV-05-1,Android,Delhi,16,0,0,0.13,29,2119.51,4953.94,22,1286,1302,0,0,0,0.0,0,
TXN05-04220,5,2026-07-27 16:14:22,2116.28,Hotels,50005,UPI,DEV-05-1,Android,Pune,16,0,0,1.13,30,2116.76,4948.36,299,1287,807,0,0,0,1179.48,0,
TXN05-04221,5,2026-07-27 16:20:22,2879.21,Fuel,50003,Card,DEV-05-5,Android,Pune,16,0,0,6.0,31,2116.75,4942.48,325,314,808,0,0,0,0.0,0,
TXN05-04222,5,2026-07-27 16:49:34,1088.42,Fuel,50003,Card,DEV-05-5,Android,Mumbai,16,0,0,29.2,32,2114.51,4964.94,326,315,1046,0,0,0,120.15,0,
TXN05-04223,5,2026-07-27 17:36:58,3136.97,Restaurants,50001,UPI,DEV-05-2,iPhone,Bangalore,17,0,0,47.4,33,2112.06,4959.26,440,899,600,0,0,0,845.32,0,
TXN05-04224,5,2026-07-27 17:45:41,1838.24,Hotels,50010,Card,DEV-05-2,iPhone,Delhi,17,0,0,8.72,34,2117.93,4965.2,125,900,1303,0,0,0,1750.11,0,
TXN05-04225,5,2026-07-27 17:46:06,3570.7,Hotels,50005,Card,DEV-05-1,Android,Delhi,17,0,0,0.42,35,2117.26,4959.28,300,1288,1304,0,0,0,0.0,0,
TXN05-04226,5,2026-07-27 17:53:17,459.86,Fuel,50013,UPI,DEV-05-2,iPhone,Pune,17,0,0,7.18,36,2120.73,4953.87,102,901,809,0,0,0,1179.48,0,
TXN05-04227,5,2026-07-27 17:58:18,3500.16,Restaurants,50008,Card,DEV-05-4,iPhone,Pune,17,0,0,5.02,37,2116.77,4948.63,110,408,810,0,0,0,0.0,0,
TXN05-04228,5,2026-07-27 18:30:18,4000.0,Fuel,50003,Card,DEV-05-3,Web,Bangalore,18,0,0,32.0,38,2120.06,4943.21,327,616,601,0,0,0,735.23,0,
TXN05-04229,5,2026-07-27 18:35:18,2812.18,Restaurants,50001,UPI,DEV-05-1,Android,Bangalore,18,0,0,5.0,39,2103.29,4923.67,441,1289,602,0,0,0,0.0,1,ato_short_gap
TXN05-04230,5,2026-07-27 18:53:00,1692.13,Hotels,50005,UPI,DEV-05-11,iPhone,Mumbai,18,0,0,17.7,40,2104.97,4917.94,301,31,1047,0,0,0,845.32,0,
TXN05-04231,5,2026-07-27 19:02:10,1478.34,Hotels,50014,Card,DEV-05-1,Android,Jaipur,19,0,0,9.17,41,2103.99,4912.16,100,1290,414,0,0,0,920.74,0,
TXN05-04232,5,2026-07-27 19:13:03,2511.73,Fuel,50073,Card,DEV-05-11,iPhone,Jaipur,19,0,0,10.88,42,2102.52,4906.44,9,32,415,0,0,0,0.0,0,
TXN05-04233,5,2026-07-27 19:36:28,845.71,Hotels,50051,Card,DEV-05-3,Web,Delhi,19,0,0,23.42,43,2099.98,4905.95,10,617,1305,0,0,0,237.53,0,
TXN05-04234,5,2026-07-27 19:41:52,1453.6,Hotels,50130,Card,DEV-05-4,iPhone,Mumbai,19,0,0,5.4,44,2099.11,4906.14,4,409,1048,0,0,0,1153.24,0,
TXN05-04235,5,2026-07-27 20:58:51,435.68,Restaurants,50009,Card,DEV-05-5,Android,Mumbai,20,0,0,76.98,45,2096.8,4906.21,85,316,1049,0,0,0,0.0,0,
TXN05-04236,5,2026-07-27 21:16:32,1299.68,Fuel,50003,UPI,DEV-05-1,Android,Delhi,21,0,0,17.68,46,2095.26,4906.63,328,1291,1306,0,0,0,1153.24,0,
TXN05-04237,5,2026-07-27 21:16:51,3371.88,Fuel,50053,Card,DEV-05-5,Android,Pune,21,0,0,0.32,47,2093.38,4900.99,30,317,811,0,0,0,1179.48,0,
TXN05-04238,5,2026-07-27 21:30:36,2106.25,Restaurants,50140,UPI,DEV-05-1,Android,Delhi,21,0,0,13.75,48,2096.39,4895.62,1,1292,1307,0,0,1,1179.48,0,
TXN05-04239,5,2026-07-27 21:41:17,2507.0,Taxi,50007,UPI,DEV-05-6,Web,Bangalore,21,0,0,10.68,49,2096.41,4889.87,94,220,603,0,0,0,1750.11,0,
TXN05-04240,5,2026-07-27 22:07:37,1557.71,Taxi,50029,UPI,DEV-05-3,Web,Mumbai,22,0,0,26.33,50,2101.52,4894.97,62,618,1050,0,0,0,845.32,0,
TXN05-04241,5,2026-07-27 22:42:50,4000.0,Taxi,50007,UPI,DEV-05-6,Web,Delhi,22,0,0,35.22,51,2100.25,4889.29,95,221,1308,0,0,0,1153.24,0,
TXN05-04242,5,2026-07-27 23:16:18,2977.7,Restaurants,50009,UPI,DEV-05-1,Android,Pune,23,0,0,33.47,52,2110.22,4906.41,86,1293,812,0,0,0,1179.48,0,
TXN05-04243,5,2026-07-27 23:17:40,2025.27,Restaurants,50042,UPI,DEV-05-3,Web,Pune,23,0,0,1.37,53,2112.26,4900.81,18,619,813,0,0,0,0.0,0,
TXN05-04244,5,2026-07-27 23:35:41,691.71,Fuel,50043,UPI,DEV-05-1,Android,Mumbai,23,0,0,18.02,54,2112.06,4895.04,42,1294,1051,0,0,0,120.15,0,
TXN05-04245,5,2026-07-28 01:11:02,5616.61,Shopping,50001,UPI,DEV-05-1,Android,Delhi,1,1,0,95.35,1,2113.07,4900.84,442,1295,1309,0,0,0,1153.24,1,late_night_spree
TXN05-04246,5,2026-07-28 02:18:02,5180.1,Shopping,50001,UPI,DEV-05-1,Android,Delhi,2,1,0,67.0,2,2121.31,4898.01,443,1296,1310,0,0,0,0.0,1,late_night_spree
TXN05-04247,5,2026-07-28 06:07:39,365.43,Hotels,50107,UPI,DEV-05-3,Web,Mumbai,6,1,0,229.62,3,2128.49,4894.5,10,620,1052,0,0,0,1153.24,0,
TXN05-04248,5,2026-07-28 06:49:37,752.51,Restaurants,50008,Card,DEV-05-4,iPhone,Delhi,6,1,0,41.97,4,2126.15,4900.92,111,410,1311,0,0,0,1153.24,0,
TXN05-04249,5,2026-07-28 07:11:17,539.89,Hotels,50005,Card,DEV-05-6,Web,Pune,7,1,0,21.67,5,2121.48,4901.28,302,222,814,0,0,0,1179.48,0,
TXN05-04250,5,2026-07-28 07:18:20,706.28,Taxi,50002,UPI,DEV-05-7,Android,Delhi,7,1,0,7.05,6,2113.34,4901.03,225,134,1312,0,0,0,1179.48,0,
TXN05-04251,5,2026-07-28 07:19:17,3654.35,Fuel,50073,Card,DEV-05-5,Android,Delhi,7,1,0,0.95,7,2110.04,4895.75,10,318,1313,0,0,0,0.0,0,
TXN05-04252,5,2026-07-28 07:54:13,915.81,Restaurants,50032,Card,DEV-05-2,iPhone,Delhi,7,1,0,34.93,8,2111.11,4896.03,31,902,1314,0,0,0,0.0,0,
TXN05-04253,5,2026-07-28 08:11:55,632.53,Restaurants,50038,Card,DEV-05-2,iPhone,Mumbai,8,1,0,17.7,9,2108.31,4890.64,12,903,1053,0,0,0,1153.24,0,
TXN05-04254,5,2026-07-28 08:34:13,872.82,Fuel,50028,UPI,DEV-05-1,Android,Mumbai,8,1,0,22.3,10,2107.31,4902.15,74,1297,1054,0,0,0,0.0,0,
TXN05-04255,5,2026-07-28 08:46:55,4000.0,Fuel,50040,UPI,DEV-05-8,iPhone,Delhi,8,1,0,12.7,11,2103.47,4902.47,56,81,1315,0,0,0,1153.24,0,
TXN05-04256,5,2026-07-28 09:11:53,345.21,Fuel,50003,UPI,DEV-05-2,iPhone,Jaipur,9,1,0,24.97,12,2107.93,4897.57,329,904,416,0,0,0,237.53,0,
TXN05-04257,5,2026-07-28 09:29:08,2867.88,Restaurants,50079,UPI,DEV-05-2,iPhone,Mumbai,9,1,0,17.25,13,2100.87,4903.87,8,905,1055,0,0,0,920.74,0,
TXN05-04258,5,2026-07-28 09:31:41,1071.75,Restaurants,50009,Card,DEV-05-4,iPhone,Bangalore,9,1,0,2.55,14,2100.96,4903.88,87,411,604,0,0,0,845.32,0,
TXN05-04259,5,2026-07-28 10:26:25,2052.39,Fuel,50059,UPI,DEV-05-4,iPhone,Mumbai,10,1,0,54.73,15,2101.68,4926.53,24,412,1056,0,0,0,845.32,0,
TXN05-04260,5,2026-07-28 10:32:14,1783.62,Restaurants,50001,Card,DEV-05-2,iPhone,Mumbai,10,1,0,5.82,16,2101.57,4920.69,444,906,1057,0,0,0,0.0,0,
TXN05-04261,5,2026-07-28 10:48:27,1901.66,Hotels,50017,Card,DEV-05-3,Web,Delhi,10,1,0,16.22,17,2102.55,4920.58,64,621,1316,0,0,0,1153.24,0,
TXN05-04262,5,2026-07-28 10:49:56,863.35,Taxi,50049,UPI,DEV-05-11,iPhone,Jaipur,10,1,0,1.48,18,2102.07,4914.77,26,33,417,0,0,0,237.53,0,
TXN05-04263,5,2026-07-28 11:11:01,1430.16,Restaurants,50041,Card,DEV-05-1,Android,Bangalore,11,1,0,21.08,19,2100.77,4915.03,14,1298,605,0,0,0,1561.54,0,
TXN05-04264,5,2026-07-28 11:14:02,2424.02,Restaurants,50009,Card,DEV-05-1,Android,Mumbai,11,1,0,3.02,20,2099.18,4909.34,88,1299,1058,0,0,0,845.32,0,
TXN05-04265,5,2026-07-28 11:14:26,726.23,Hotels,50005,Card,DEV-05-2,iPhone,Delhi,11,1,0,0.4,21,2100.68,4909.34,303,907,1317,0,0,0,1153.24,0,
TXN05-04266,5,2026-07-28 11:54:03,880.81,Fuel,50003,Card,DEV-05-1,Android,Delhi,11,1,0,39.62,22,2099.35,4909.64,330,1300,1318,0,0,0,0.0,0,
TXN05-04267,5,2026-07-28 12:09:28,300.27,Restaurants,50004,UPI,DEV-05-4,iPhone,Mumbai,12,1,0,15.42,23,2096.49,4904.21,172,413,1059,0,0,0,1153.24,0,
TXN05-04268,5,2026-07-28 12:44:06,4000.0,Restaurants,50022,Card,DEV-05-9,Web,Delhi,12,1,0,34.63,24,2092.93,4916.01,33,63,1319,0,0,0,1153.24,0,
TXN05-04269,5,2026-07-28 12:46:51,1870.06,Fuel,50006,UPI,DEV-05-7,Android,Jaipur,12,1,0,2.75,25,2097.43,4911.08,159,135,418,0,0,0,237.53,0,
TXN05-04270,5,2026-07-28 13:32:23,1698.06,Fuel,50013,Card,DEV-05-1,Android,Delhi,13,1,0,45.53,26,2100.65,4910.48,103,1301,1320,0,0,0,237.53,0,
TXN05-04271,5,2026-07-28 13:40:04,3979.18,Taxi,50007,Card,DEV-05-2,iPhone,Pune,13,1,0,7.68,27,2098.15,4915.08,96,908,815,0,0,0,1179.48,0,
TXN05-04272,5,2026-07-28 13:42:14,1275.48,Hotels,50015,UPI,DEV-05-2,iPhone,Delhi,13,1,0,2.17,28,2102.59,4910.13,61,909,1321,0,0,0,1179.48,0,
TXN05-04273,5,2026-07-28 14:12:17,1642.53,Fuel,50119,Card,DEV-05-59,iPhone,Pune,14,1,0,30.05,29,2099.71,4916.07,3,1,816,1,0,0,1179.48,0,
TXN05-04274,5,2026-07-28 14:12:33,2121.47,Restaurants,50096,Card,DEV-05-2,iPhone,Surat,14,1,0,0.27,30,2098.63,4910.32,11,910,3,0,0,0,313.56,0,
TXN05-04275,5,2026-07-28 14:31:45,1254.7,Taxi,50141,Card,DEV-05-9,Web,Mumbai,14,1,0,19.2,31,2102.28,4909.76,1,64,1060,0,0,1,232.92,0,
TXN05-04276,5,2026-07-28 15:17:47,2302.8,Fuel,50067,UPI,DEV-05-2,iPhone,Mumbai,15,1,0,46.03,32,2101.59,4915.42,14,911,1061,0,0,0,0.0,0,
TXN05-04277,5,2026-07-28 15:27:49,964.45,Restaurants,50026,UPI,DEV-05-1,Android,Bangalore,15,1,0,10.03,33,2103.81,4920.89,32,1302,606,0,0,0,845.32,0,
TXN05-04278,5,2026-07-28 15:34:22,1312.87,Restaurants,50045,UPI,DEV-05-3,Web,Mumbai,15,1,0,6.55,34,2101.12,4915.38,12,622,1062,0,0,0,845.32,0,
TXN05-04279,5,2026-07-28 15:54:13,1451.37,Hotels,50014,UPI,DEV-05-5,Android,Jaipur,15,1,0,19.85,35,2099.26,4909.73,101,319,419,0,0,0,920.74,0,
TXN05-04280,5,2026-07-28 16:20:12,1220.05,Fuel,50047,UPI,DEV-05-4,iPhone,Pune,16,1,0,25.98,36,2107.51,4919.99,42,414,817,0,0,0,953.87,0,
TXN05-04281,5,2026-07-28 16:26:20,3474.1,Hotels,50005,Card,DEV-05-2,iPhone,Delhi,16,1,0,6.13,37,2105.42,4914.36,304,912,1322,0,0,0,1179.48,0,
TXN05-04282,5,2026-07-28 17:32:40,639.27,Fuel,50003,UPI,DEV-05-1,Android,Mumbai,17,1,0,66.33,38,2110.14,4930.91,331,1303,1063,0,0,0,1153.24,0,
TXN05-04283,5,2026-07-28 18:00:35,1427.62,Hotels,50082,UPI,DEV-05-1,Android,Pune,18,1,0,27.92,39,2106.64,4925.57,12,1304,818,0,0,0,120.15,0,
TXN05-04284,5,2026-07-28 18:04:12,1104.49,Hotels,50005,Card,DEV-05-1,Android,Mumbai,18,1,0,3.62,40,2103.64,4925.6,305,1305,1064,0,0,0,120.15,0,
TXN05-04285,5,2026-07-28 18:09:07,2961.15,Fuel,50028,UPI,DEV-05-2,iPhone,Jaipur,18,1,0,4.92,41,2101.27,4920.0,75,913,420,0,0,0,920.74,0,
TXN05-04286,5,2026-07-28 18:54:53,1671.68,Hotels,50005,UPI,DEV-05-3,Web,Pune,18,1,0,45.77,42,2096.74,4936.13,306,623,819,0,0,0,953.87,0,
TXN05-04287,5,2026-07-28 19:04:23,1569.02,Hotels,50111,UPI,DEV-05-7,Android,Pune,19,1,0,9.5,43,2098.38,4935.87,4,136,820,0,0,0,0.0,0,
TXN05-04288,5,2026-07-28 19:13:57,1580.54,Fuel,50013,UPI,DEV-05-3,Web,Pune,19,1,0,9.57,44,2097.12,4930.06,104,624,821,0,0,0,0.0,0,
TXN05-04289,5,2026-07-28 19:40:07,4000.0,Fuel,50142,UPI,DEV-05-2,iPhone,Delhi,19,1,0,26.17,45,2099.41,4935.74,1,914,1323,0,0,1,1179.48,0,
TXN05-04290,5,2026-07-28 19:51:13,2220.72,Fuel,50078,UPI,DEV-05-4,iPhone,Jaipur,19,1,0,11.1,46,2107.14,4936.17,6,415,421,0,0,0,237.53,0,
TXN05-04291,5,2026-07-28 19:59:51,1500.33,Fuel,50003,UPI,DEV-05-3,Web,Bangalore,19,1,0,8.63,47,2111.09,4935.6,332,625,607,0,0,0,1561.54,0,
TXN05-04292,5,2026-07-28 20:38:23,640.65,Restaurants,50009,UPI,DEV-05-2,iPhone,Jaipur,20,1,0,38.53,48,2111.69,4946.82,89,915,422,0,0,0,1561.54,0,
TXN05-04293,5,2026-07-28 20:50:04,1007.36,Hotels,50077,UPI,DEV-05-2,iPhone,Bangalore,20,1,0,11.68,49,2107.71,4947.34,10,916,608,0,0,0,1561.54,0,
TXN05-04294,5,2026-07-28 21:01:54,1861.26,Restaurants,50001,UPI,DEV-05-1,Android,Jaipur,21,1,0,11.83,50,2108.78,4947.05,445,1306,423,0,0,0,1561.54,0,
TXN05-04295,5,2026-07-28 21:04:32,1973.16,Fuel,50104,Card,DEV-05-6,Web,Delhi,21,1,0,2.63,51,2108.19,4941.14,4,223,1324,0,0,0,237.53,0,
TXN05-04296,5,2026-07-28 21:23:37,482.05,Restaurants,50100,Card,DEV-05-1,Android,Bangalore,21,1,0,19.08,52,2107.86,4935.25,3,1307,609,0,0,0,1750.11,0,
TXN05-04297,5,2026-07-28 21:38:07,1881.76,Hotels,50027,Card,DEV-05-2,iPhone,Delhi,21,1,0,14.5,53,2101.61,4935.64,34,917,1325,0,0,0,1750.11,0,
TXN05-04298,5,2026-07-28 22:16:45,3020.34,Hotels,50015,UPI,DEV-05-3,Web,Delhi,22,1,0,38.63,54,2105.81,4940.97,62,626,1326,0,0,0,0.0,0,
TXN05-04299,5,2026-07-28 22:40:30,928.73,Fuel,50003,UPI,DEV-05-1,Android,Delhi,22,1,0,23.75,55,2107.98,4952.78,333,1308,1327,0,0,0,0.0,0,
TXN05-04300,5,2026-07-28 23:04:59,2117.04,Hotels,50017,UPI,DEV-05-2,iPhone,Mumbai,23,1,0,24.48,56,2102.96,4952.91,65,918,1065,0,0,0,1153.24,0,
TXN05-04301,5,2026-07-28 23:25:44,3578.91,Hotels,50005,UPI,DEV-05-2,iPhone,Pune,23,1,0,20.75,57,2104.57,4952.81,307,919,822,0,0,0,120.15,0,
TXN05-04302,5,2026-07-28 23:50:56,1322.43,Restaurants,50009,Card,DEV-05-8,iPhone,Delhi,23,1,0,25.2,58,2103.1,4958.76,90,82,1328,0,0,0,1179.48,0,
TXN05-04303,5,2026-07-28 23:52:24,1428.46,Restaurants,50008,UPI,DEV-05-12,Web,Bangalore,23,1,0,1.47,59,2101.23,4952.94,112,16,610,0,0,0,1750.11,0,
TXN05-04304,5,2026-07-29 01:11:41,2768.39,Hotels,50005,Card,DEV-05-2,iPhone,Jaipur,1,2,0,79.28,1,2099.61,4947.11,308,920,424,0,0,0,1561.54,1,ato_odd_hour
TXN05-04305,5,2026-07-29 06:04:12,526.26,Fuel,50143,Card,DEV-05-5,Android,Jaipur,6,2,0,292.52,2,2104.57,4946.74,1,320,425,0,0,1,0.0,0,
TXN05-04306,5,2026-07-29 06:06:29,1926.52,Fuel,50091,Card,DEV-05-2,iPhone,Delhi,6,2,0,2.28,3,2100.79,4941.42,7,921,1329,0,0,0,237.53,0,
TXN05-04307,5,2026-07-29 06:35:39,1587.49,Hotels,50014,UPI,DEV-05-2,iPhone,Delhi,6,2,0,29.17,4,2104.41,4940.74,102,922,1330,0,0,0,0.0,0,
TXN05-04308,5,2026-07-29 07:06:20,2800.76,Fuel,50013,Card,DEV-05-1,Android,Pune,7,2,0,30.68,5,2100.01,4951.68,105,1309,823,0,0,0,1179.48,0,
TXN05-04309,5,2026-07-29 07:18:29,785.41,Restaurants,50008,Card,DEV-05-1,Android,Jaipur,7,2,0,12.15,6,2101.7,4945.86,113,1310,426,0,0,0,953.87,0,
TXN05-04310,5,2026-07-29 07:32:00,1599.68,Fuel,50028,Card,DEV-05-1,Android,Bangalore,7,2,0,13.52,7,2098.55,4940.36,76,1311,611,0,0,0,1561.54,0,
TXN05-04311,5,2026-07-29 09:24:09,2427.48,Restaurants,50012,Card,DEV-05-2,iPhone,Jaipur,9,2,0,112.15,8,2092.91,4945.46,72,923,427,0,0,0,1561.54,0,
TXN05-04312,5,2026-07-29 09:30:47,2263.01,Fuel,50013,Card,DEV-05-5,Android,Mumbai,9,2,0,6.63,9,2093.71,4939.57,106,321,1066,0,0,0,920.74,0,
TXN05-04313,5,2026-07-29 09:37:49,2037.59,Restaurants,50079,UPI,DEV-05-2,iPhone,Bangalore,9,2,0,7.03,10,2095.23,4939.52,9,924,612,0,0,0,845.32,0,
TXN05-04314,5,2026-07-29 09:58:19,963.88,Restaurants,50012,UPI,DEV-05-2,iPhone,Pune,9,2,0,20.5,11,2095.04,4939.52,73,925,824,0,0,0,735.23,0,
TXN05-04315,5,2026-07-29 10:20:41,1588.32,Fuel,50013,Card,DEV-05-1,Android,Pune,10,2,0,22.37,12,2092.34,4933.93,107,1312,825,0,0,0,0.0,0,
TXN05-04316,5,2026-07-29 10:28:16,2829.41,Hotels,50017,UPI,DEV-05-2,iPhone,Delhi,10,2,0,7.58,13,2091.14,4928.12,66,926,1331,0,0,0,1179.48,0,
TXN05-04317,5,2026-07-29 10:35:53,703.33,Taxi,50007,UPI,DEV-05-1,Android,Pune,10,2,0,7.62,14,2092.9,4922.39,97,1313,826,0,0,0,1179.48,0,
TXN05-04318,5,2026-07-29 10:39:21,1960.0,Restaurants,50012,Card,DEV-05-12,Web,Delhi,10,2,0,3.47,15,2089.6,4917.02,74,17,1332,0,0,0,1179.48,0,
TXN05-04319,5,2026-07-29 10:44:47,2346.5,Restaurants,50009,UPI,DEV-05-4,iPhone,Delhi,10,2,0,5.43,16,2089.3,4911.21,91,416,1333,0,0,0,0.0,0,
TXN05-04320,5,2026-07-29 12:00:21,2667.86,Restaurants,50008,UPI,DEV-05-2,iPhone,Mumbai,12,2,0,75.57,17,2091.54,4922.65,114,927,1067,0,0,0,1153.24,0,
TXN05-04321,5,2026-07-29 12:02:55,956.4,Restaurants,50004,Card,DEV-05-2,iPhone,Mumbai,12,2,0,2.57,18,2092.91,4916.9,173,928,1068,0,0,0,0.0,0,
TXN05-04322,5,2026-07-29 12:17:37,2290.58,Restaurants,50087,UPI,DEV-05-1,Android,Bangalore,12,2,0,14.7,19,2088.13,4917.02,8,1314,613,0,0,0,845.32,0,
TXN05-04323,5,2026-07-29 12:24:32,2590.4,Taxi,50094,Card,DEV-05-12,Web,Pune,12,2,0,6.92,20,2088.61,4911.21,9,18,827,0,0,0,735.23,0,
TXN05-04324,5,2026-07-29 12:28:28,3469.99,Fuel,50069,Card,DEV-05-2,iPhone,Delhi,12,2,0,3.93,21,2089.79,4905.48,9,929,1334,0,0,0,1179.48,0,
TXN05-04325,5,2026-07-29 12:44:58,3306.66,Restaurants,50108,Card,DEV-05-5,Android,Delhi,12,2,0,16.5,22,2093.04,4900.16,5,322,1335,0,0,0,0.0,0,
TXN05-04326,5,2026-07-29 13:03:06,2737.28,Restaurants,50096,Card,DEV-05-6,Web,Mumbai,13,2,0,18.13,23,2095.89,4894.76,12,224,1069,0,0,0,1153.24,0,
TXN05-04327,5,2026-07-29 13:20:52,915.52,Restaurants,50001,UPI,DEV-05-2,iPhone,Delhi,13,2,0,17.77,24,2101.05,4894.27,446,930,1336,0,0,0,1153.24,0,
TXN05-04328,5,2026-07-29 14:00:53,963.13,Restaurants,50090,UPI,DEV-05-4,iPhone,Mumbai,14,2,0,40.02,25,2095.4,4894.25,7,417,1070,0,0,0,1153.24,0,
TXN05-04329,5,2026-07-29 14:02:36,1555.58,Fuel,50006,UPI,DEV-05-3,Web,Delhi,14,2,0,1.72,26,2092.75,4888.82,160,627,1337,0,0,0,1153.24,0,
TXN05-04330,5,2026-07-29 14:05:50,1338.79,Hotels,50017,Card,DEV-05-8,iPhone,Delhi,14,2,0,3.23,27,2091.5,4883.18,67,83,1338,0,0,0,0.0,0,
TXN05-04331,5,2026-07-29 14:10:30,1812.87,Restaurants,50016,UPI,DEV-05-11,iPhone,Delhi,14,2,0,4.67,28,2089.74,4877.62,57,34,1339,0,0,0,0.0,0,
TXN05-04332,5,2026-07-29 14:37:58,1160.95,Restaurants,50001,UPI,DEV-05-1,Android,Mumbai,14,2,0,27.47,29,2094.82,4882.6,447,1315,1071,0,0,0,1153.24,0,
TXN05-04333,5,2026-07-29 14:38:44,2374.09,Taxi,50144,UPI,DEV-05-2,iPhone,Mumbai,14,2,0,0.77,30,2092.64,4877.12,1,931,1072,0,0,1,0.0,0,
TXN05-04334,5,2026-07-29 14:42:16,742.2,Restaurants,50021,UPI,DEV-05-1,Android,Mumbai,14,2,0,3.53,31,2091.91,4877.05,33,1316,1073,0,0,0,0.0,0,
TXN05-04335,5,2026-07-29 15:11:11,1434.79,Restaurants,50038,Card,DEV-05-1,Android,Bangalore,15,2,0,28.92,32,2088.77,4871.81,13,1317,614,0,0,0,845.32,0,
TXN05-04336,5,2026-07-29 15:21:41,1880.59,Taxi,50002,UPI,DEV-05-3,Web,Delhi,15,2,0,10.5,33,2087.26,4866.26,226,628,1340,0,0,0,1750.11,0,
TXN05-04337,5,2026-07-29 15:23:12,3241.66,Fuel,50048,UPI,DEV-05-3,Web,Delhi,15,2,0,1.52,34,2089.33,4865.98,29,629,1341,0,0,0,0.0,0,
TXN05-04338,5,2026-07-29 15:27:28,1918.08,Restaurants,50026,Card,DEV-05-1,Android,Delhi,15,2,0,4.27,35,2091.99,4860.66,33,1318,1342,0,0,0,0.0,0,
TXN05-04339,5,2026-07-29 16:17:39,1869.28,Restaurants,50001,UPI,DEV-05-16,iPhone,Pune,16,2,0,50.18,36,2093.75,4865.84,448,7,828,0,0,0,1179.48,0,
TXN05-04340,5,2026-07-29 16:43:43,748.7,Hotels,50014,Card,DEV-05-2,iPhone,Delhi,16,2,0,26.07,37,2093.71,4870.85,103,932,1343,0,0,0,1179.48,0,
TXN05-04341,5,2026-07-29 16:49:26,994.07,Taxi,50039,Card,DEV-05-1,Android,Bangalore,16,2,0,5.72,38,2094.13,4870.73,36,1319,615,0,0,0,1750.11,0,
TXN05-04342,5,2026-07-29 17:10:40,4000.0,Restaurants,50001,UPI,DEV-05-1,Android,Delhi,17,2,0,21.23,39,2091.58,4865.36,449,1320,1344,0,0,0,1750.11,0,
TXN05-04343,5,2026-07-29 17:15:05,1657.08,Fuel,50003,Card,DEV-05-4,iPhone,Delhi,17,2,0,4.42,40,2096.0,4860.59,334,418,1345,0,0,0,0.0,0,
TXN05-04344,5,2026-07-29 17:24:19,1818.83,Restaurants,50001,Card,DEV-05-1,Android,Pune,17,2,0,9.23,41,2094.08,4860.6,450,1321,829,0,0,0,1179.48,0,
TXN05-04345,5,2026-07-29 17:45:33,2495.33,Hotels,50010,Card,DEV-05-3,Web,Delhi,17,2,0,21.23,42,2096.61,4860.17,126,630,1346,0,0,0,1179.48,0,
TXN05-04346,5,2026-07-29 18:01:31,390.4,Restaurants,50016,Card,DEV-05-9,Web,Delhi,18,2,0,15.97,43,2096.33,4864.98,58,65,1347,0,0,0,0.0,0,
TXN05-04347,5,2026-07-29 18:11:19,917.14,Hotels,50010,UPI,DEV-05-1,Android,Pune,18,2,0,9.8,44,2092.38,4860.04,127,1322,830,0,0,0,1179.48,0,
TXN05-04348,5,2026-07-29 18:20:27,1979.2,Restaurants,50076,UPI,DEV-05-3,Web,Mumbai,18,2,0,9.13,45,2095.35,4865.18,9,631,1074,0,0,0,120.15,0,
TXN05-04349,5,2026-07-29 18:27:35,1587.01,Restaurants,50012,Card,DEV-05-4,iPhone,Mumbai,18,2,0,7.13,46,2095.08,4859.55,75,419,1075,0,0,0,0.0,0,
TXN05-04350,5,2026-07-29 18:29:30,2020.35,Restaurants,50004,Card,DEV-05-7,Android,Mumbai,18,2,0,1.92,47,2093.91,4854.0,174,137,1076,0,0,0,0.0,0,
TXN05-04351,5,2026-07-29 18:30:54,958.16,Fuel,50053,UPI,DEV-05-2,iPhone,Delhi,18,2,0,1.4,48,2093.74,4848.4,31,933,1348,0,0,0,1153.24,0,
TXN05-04352,5,2026-07-29 18:37:24,616.12,Restaurants,50008,UPI,DEV-05-3,Web,Pune,18,2,0,6.5,49,2091.64,4848.7,115,632,831,0,0,0,1179.48,0,
TXN05-04353,5,2026-07-29 19:09:20,2135.93,Hotels,50005,Card,DEV-05-5,Android,Jaipur,19,2,0,31.93,50,2090.49,4848.99,309,323,428,0,0,0,953.87,0,
TXN05-04354,5,2026-07-29 19:13:47,1285.65,Hotels,50005,UPI,DEV-05-1,Android,Bangalore,19,2,0,4.45,51,2090.59,4843.41,310,1323,616,0,0,0,1561.54,0,
TXN05-04355,5,2026-07-29 19:23:37,4000.0,Taxi,50002,UPI,DEV-05-2,iPhone,Mumbai,19,2,0,9.83,52,2087.05,4843.44,227,934,1077,0,0,0,845.32,0,
TXN05-04356,5,2026-07-29 19:27:04,2305.97,Restaurants,50021,UPI,DEV-05-2,iPhone,Pune,19,2,0,3.45,53,2091.44,4838.74,34,935,832,0,0,0,120.15,0,
TXN05-04357,5,2026-07-29 19:31:04,366.74,Fuel,50067,Card,DEV-05-2,iPhone,Delhi,19,2,0,4.0,54,2091.93,4833.21,15,936,1349,0,0,0,1179.48,0,
TXN05-04358,5,2026-07-29 19:53:26,928.3,Taxi,50029,Card,DEV-05-2,iPhone,Mumbai,19,2,0,22.37,55,2087.99,4828.4,63,937,1078,0,0,0,1153.24,0,
TXN05-04359,5,2026-07-29 20:04:53,1067.49,Taxi,50054,UPI,DEV-05-1,Android,Pune,20,2,0,11.45,56,2085.35,4823.21,18,1324,833,0,0,0,120.15,0,
TXN05-04360,5,2026-07-29 20:28:07,1213.88,Fuel,50059,Card,DEV-05-1,Android,Delhi,20,2,0,23.23,57,2083.03,4817.97,25,1325,1350,0,0,0,1179.48,0,
TXN05-04361,5,2026-07-29 21:36:14,4000.0,Fuel,50040,UPI,DEV-05-6,Web,Bangalore,21,2,0,68.12,58,2088.29,4843.49,57,225,617,0,0,0,1750.11,0,
TXN05-04362,5,2026-07-29 21:58:57,988.47,Restaurants,50045,Card,DEV-05-3,Web,Delhi,21,2,0,22.72,59,2092.67,4838.8,13,633,1351,0,0,0,1750.11,0,
TXN05-04363,5,2026-07-29 22:02:18,3673.58,Hotels,50018,UPI,DEV-05-2,iPhone,Delhi,22,2,0,3.35,60,2090.14,4833.55,44,938,1352,0,0,0,0.0,0,
TXN05-04364,5,2026-07-29 22:04:12,2697.72,Fuel,50040,UPI,DEV-05-4,iPhone,Delhi,22,2,0,1.9,61,2093.76,4828.62,58,420,1353,0,0,0,0.0,0,
TXN05-04365,5,2026-07-29 22:30:29,1578.81,Taxi,50002,UPI,DEV-05-10,Android,Mumbai,22,2,0,26.28,62,2095.13,4823.2,228,50,1079,0,0,0,1153.24,0,
TXN05-04366,5,2026-07-29 22:51:58,2121.18,Hotels,50145,Card,DEV-05-1,Android,Pune,22,2,0,21.48,63,2096.51,4822.97,1,1326,834,0,0,1,120.15,0,
TXN05-04367,5,2026-07-29 23:04:18,1729.2,Fuel,50070,UPI,DEV-05-1,Android,Bangalore,23,2,0,12.33,64,2096.56,4817.48,10,1327,618,0,0,0,735.23,0,
TXN05-04368,5,2026-07-29 23:31:12,1155.95,Restaurants,50100,Card,DEV-05-13,iPhone,Jaipur,23,2,0,26.9,65,2097.17,4822.78,4,15,429,0,0,0,1561.54,0,
TXN05-04369,5,2026-07-29 23:34:42,1112.42,Hotels,50024,Card,DEV-05-2,iPhone,Delhi,23,2,0,3.5,66,2095.12,4822.99,51,939,1354,0,0,0,237.53,0,
TXN05-04370,5,2026-07-30 06:21:10,926.0,Restaurants,50146,UPI,DEV-05-3,Web,Delhi,6,3,0,406.47,1,2096.98,4822.46,1,634,1355,0,0,1,0.0,0,
TXN05-04371,5,2026-07-30 06:32:02,605.58,Fuel,50040,Card,DEV-05-1,Android,Pune,6,3,0,10.87,2,2095.12,4822.75,59,1328,835,0,0,0,1179.48,0,
TXN05-04372,5,2026-07-30 06:33:29,948.37,Restaurants,50090,Card,DEV-05-1,Android,Bangalore,6,3,0,1.45,3,2091.74,4817.79,8,1329,619,0,0,0,735.23,0,
TXN05-04373,5,2026-07-30 07:19:43,1699.03,Hotels,50005,UPI,DEV-05-9,Web,Delhi,7,3,0,46.23,4,2096.54,4822.32,311,66,1356,0,0,0,1750.11,0,
TXN05-04374,5,2026-07-30 07:20:50,2209.97,Fuel,50013,Card,DEV-05-10,Android,Mumbai,7,3,0,1.12,5,2095.64,4816.88,108,51,1080,0,0,0,1153.24,0,
TXN05-04375,5,2026-07-30 07:26:56,1674.7,Taxi,50037,UPI,DEV-05-2,iPhone,Pune,7,3,0,6.1,6,2095.9,4811.42,40,940,836,0,0,0,120.15,0,
TXN05-04376,5,2026-07-30 07:53:31,2242.56,Taxi,50054,Card,DEV-05-2,iPhone,Bangalore,7,3,0,26.58,7,2098.83,4827.14,19,941,620,0,0,0,735.23,0,
TXN05-04377,5,2026-07-30 08:04:56,1531.59,Hotels,50014,Card,DEV-05-60,Android,Pune,8,3,0,11.42,8,2099.16,4821.64,104,1,837,1,0,0,735.23,0,
TXN05-04378,5,2026-07-30 08:14:23,2327.13,Restaurants,50147,Card,DEV-05-61,Web,Delhi,8,3,0,9.45,9,2097.87,4816.23,1,1,1357,1,0,1,1179.48,0,
TXN05-04379,5,2026-07-30 08:26:34,3173.33,Hotels,50005,UPI,DEV-05-1,Android,Mumbai,8,3,0,12.18,10,2100.03,4821.59,312,1330,1081,0,0,0,1153.24,0,
TXN05-04380,5,2026-07-30 08:27:28,648.36,Fuel,50059,UPI,DEV-05-10,Android,Mumbai,8,3,0,0.9,11,2102.47,4816.38,26,52,1082,0,0,0,0.0,0,
TXN05-04381,5,2026-07-30 08:36:32,945.33,Hotels,50014,UPI,DEV-05-3,Web,Bangalore,8,3,0,9.07,12,2096.6,4816.57,105,635,621,0,0,0,845.32,0,
TXN05-04382,5,2026-07-30 08:49:52,1625.09,Restaurants,50019,UPI,DEV-05-4,iPhone,Pune,8,3,0,13.33,13,2099.23,4837.57,49,421,838,0,0,0,735.23,0,
TXN05-04383,5,2026-07-30 09:00:31,381.78,Taxi,50029,Card,DEV-05-3,Web,Mumbai,9,3,0,10.65,14,2098.87,4837.6,64,636,1083,0,0,0,120.15,0,
TXN05-04384,5,2026-07-30 09:20:00,1711.58,Fuel,50053,UPI,DEV-05-12,Web,Mumbai,9,3,0,19.48,15,2094.6,4838.29,32,19,1084,0,0,0,0.0,1,ato_higher_amount
TXN05-04385,5,2026-07-30 09:31:17,800.44,Hotels,50117,UPI,DEV-05-3,Web,Mumbai,9,3,0,11.28,16,2093.72,4832.78,3,637,1085,0,0,0,0.0,0,
TXN05-04386,5,2026-07-30 09:37:00,2969.13,Fuel,50003,UPI,DEV-05-1,Android,Delhi,9,3,0,5.72,17,2090.77,4827.66,335,1331,1358,0,0,0,1153.24,0,
TXN05-04387,5,2026-07-30 09:40:51,975.72,Taxi,50002,Card,DEV-05-3,Web,Pune,9,3,0,3.85,18,2092.77,4822.34,229,638,839,0,0,0,1179.48,0,
TXN05-04388,5,2026-07-30 09:53:02,1912.15,Restaurants,50011,UPI,DEV-05-2,iPhone,Pune,9,3,0,12.18,19,2089.17,4822.58,60,942,840,0,0,0,0.0,0,
TXN05-04389,5,2026-07-30 10:11:34,4000.0,Hotels,50060,Card,DEV-05-1,Android,Bangalore,10,3,0,18.53,20,2090.45,4822.46,19,1332,622,0,0,0,735.23,0,
TXN05-04390,5,2026-07-30 10:49:44,1090.42,Taxi,50002,Card,DEV-05-1,Android,Jaipur,10,3,0,38.17,21,2094.47,4833.57,230,1333,430,0,0,0,1561.54,0,
TXN05-04391,5,2026-07-30 11:04:25,763.24,Hotels,50015,Card,DEV-05-1,Android,Jaipur,11,3,0,14.68,22,2092.18,4828.29,63,1334,431,0,0,0,0.0,0,
TXN05-04392,5,2026-07-30 11:08:25,11030.64,Fuel,50001,UPI,DEV-05-1,Android,Unknown Country,11,3,0,4.0,23,2089.15,4823.2,451,1335,21,0,0,0,8601.34,1,unknown_country_purchase
TXN05-04393,5,2026-07-30 11:20:23,2218.14,Restaurants,50023,UPI,DEV-05-4,iPhone,Pune,11,3,0,11.97,24,2107.48,4841.82,29,422,841,0,0,0,8307.79,0,
TXN05-04394,5,2026-07-30 11:27:48,2636.07,Restaurants,50115,Card,DEV-05-4,iPhone,Pune,11,3,0,7.42,25,2109.89,4841.61,5,423,842,0,0,0,0.0,0,
TXN05-04395,5,2026-07-30 11:33:53,3579.05,Restaurants,50019,UPI,DEV-05-3,Web,Pune,11,3,0,6.08,26,2109.65,4841.58,50,639,843,0,0,0,0.0,0,
TXN05-04396,5,2026-07-30 11:44:17,571.87,Restaurants,50008,UPI,DEV-05-4,iPhone,Jaipur,11,3,0,10.4,27,2112.99,4836.59,116,424,432,0,0,0,953.87,0,
TXN05-04397,5,2026-07-30 12:22:52,974.5,Fuel,50097,Card,DEV-05-10,Android,Jaipur,12,3,0,38.58,28,2111.17,4847.51,6,53,433,0,0,0,0.0,0,
TXN05-04398,5,2026-07-30 12:38:55,1374.52,Hotels,50111,Card,DEV-05-62,iPhone,Pune,12,3,0,16.05,29,2107.94,4847.8,5,1,844,1,0,0,953.87,0,
TXN05-04399,5,2026-07-30 12:43:26,2177.83,Restaurants,50011,UPI,DEV-05-1,Android,Mumbai,12,3,0,4.52,30,2101.94,4847.08,61,1336,1086,0,0,0,120.15,0,
TXN05-04400,5,2026-07-30 12:50:25,1929.46,Restaurants,50001,Card,DEV-05-4,iPhone,Delhi,12,3,0,6.98,31,2097.78,4846.23,452,425,1359,0,0,0,1153.24,0,
TXN05-04401,5,2026-07-30 12:55:41,826.21,Restaurants,50001,UPI,DEV-05-5,Android,Delhi,12,3,0,5.27,32,2097.4,4840.71,453,324,1360,0,0,0,0.0,0,
TXN05-04402,5,2026-07-30 12:58:43,586.58,Hotels,50014,Card,DEV-05-2,iPhone,Mumbai,12,3,0,3.03,33,2094.51,4835.59,106,943,1087,0,0,0,1153.24,0,
TXN05-04403,5,2026-07-30 13:01:50,1156.16,Restaurants,50008,UPI,DEV-05-8,iPhone,Delhi,13,3,0,3.12,34,2091.95,4836.08,117,84,1361,0,0,0,1153.24,0,
TXN05-04404,5,2026-07-30 13:13:36,697.94,Restaurants,50022,UPI,DEV-05-1,Android,Delhi,13,3,0,11.77,35,2089.83,4830.8,34,1337,1362,0,0,0,0.0,0,
TXN05-04405,5,2026-07-30 13:16:03,2121.22,Fuel,50003,Card,DEV-05-4,iPhone,Bangalore,13,3,0,2.45,36,2086.68,4825.79,336,426,623,0,0,0,1750.11,0,
TXN05-04406,5,2026-07-30 13:21:16,1133.69,Hotels,50005,UPI,DEV-05-1,Android,Bangalore,13,3,0,5.22,37,2086.76,4820.34,313,1338,624,0,0,0,0.0,0,
TXN05-04407,5,2026-07-30 13:38:44,4000.0,Taxi,50109,Card,DEV-05-3,Web,Bangalore,13,3,0,17.47,38,2087.89,4820.06,4,640,625,0,0,0,0.0,0,
TXN05-04408,5,2026-07-30 13:46:13,752.29,Fuel,50003,Card,DEV-05-2,iPhone,Bangalore,13,3,0,7.48,39,2092.82,4820.89,337,944,626,0,0,0,0.0,0,
TXN05-04409,5,2026-07-30 14:21:57,956.19,Restaurants,50001,UPI,DEV-05-2,iPhone,Pune,14,3,0,35.73,40,2095.21,4831.78,454,945,845,0,0,0,735.23,0,
TXN05-04410,5,2026-07-30 14:57:59,1982.92,Restaurants,50001,UPI,DEV-05-6,Web,Bangalore,14,3,0,36.03,41,2088.31,4831.23,455,226,627,0,0,0,735.23,0,
TXN05-04411,5,2026-07-30 15:59:21,2482.39,Hotels,50010,Card,DEV-05-2,iPhone,Pune,15,3,0,61.37,42,2087.68,4831.22,128,946,846,0,0,0,735.23,0,
TXN05-04412,5,2026-07-30 16:07:31,987.08,Hotels,50027,UPI,DEV-05-1,Android,Pune,16,3,0,8.17,43,2091.2,4830.94,35,1339,847,0,0,0,0.0,0,
TXN05-04413,5,2026-07-30 16:29:36,459.7,Restaurants,50019,UPI,DEV-05-1,Android,Mumbai,16,3,0,22.08,44,2088.71,4825.76,51,1340,1088,0,0,0,120.15,0,
TXN05-04414,5,2026-07-30 16:33:41,861.28,Hotels,50005,UPI,DEV-05-1,Android,Pune,16,3,0,4.08,45,2085.03,4820.93,314,1341,848,0,0,0,120.15,0,
TXN05-04415,5,2026-07-30 16:38:54,2200.74,Hotels,50005,UPI,DEV-05-3,Web,Mumbai,16,3,0,5.22,46,2082.27,4815.85,315,641,1089,0,0,0,120.15,0,
TXN05-04416,5,2026-07-30 17:01:10,842.34,Restaurants,50044,UPI,DEV-05-4,iPhone,Mumbai,17,3,0,22.27,47,2083.25,4821.18,23,427,1090,0,0,0,0.0,0,
TXN05-04417,5,2026-07-30 17:03:47,963.44,Taxi,50007,Card,DEV-05-1,Android,Jaipur,17,3,0,2.62,48,2080.45,4816.11,98,1342,434,0,0,0,920.74,0,
TXN05-04418,5,2026-07-30 17:21:37,1036.14,Restaurants,50001,Card,DEV-05-1,Android,Pune,17,3,0,17.83,49,2078.53,4816.38,456,1343,849,0,0,0,953.87,0,
TXN05-04419,5,2026-07-30 17:29:52,615.0,Fuel,50006,Card,DEV-05-4,iPhone,Mumbai,17,3,0,8.25,50,2076.19,4811.22,161,428,1091,0,0,0,120.15,0,
TXN05-04420,5,2026-07-30 18:15:42,1851.98,Fuel,50040,Card,DEV-05-8,iPhone,Delhi,18,3,0,45.83,51,2078.06,4816.52,60,85,1363,0,0,0,1153.24,0,
TXN05-04421,5,2026-07-30 19:00:43,4000.0,Restaurants,50057,UPI,DEV-05-1,Android,Jaipur,19,3,0,45.02,52,2083.41,4821.09,7,1344,435,0,0,0,237.53,0,
TXN05-04422,5,2026-07-30 19:15:27,2527.31,Restaurants,50016,Card,DEV-05-3,Web,Delhi,19,3,0,14.73,53,2086.8,4821.91,59,642,1364,0,0,0,237.53,0,
TXN05-04423,5,2026-07-30 19:21:20,845.59,Hotels,50005,UPI,DEV-05-4,iPhone,Bangalore,19,3,0,5.88,54,2087.79,4816.52,316,429,628,0,0,0,1750.11,0,
TXN05-04424,5,2026-07-30 19:35:08,1239.4,Restaurants,50026,UPI,DEV-05-4,iPhone,Delhi,19,3,0,13.8,55,2087.56,4816.57,34,430,1365,0,0,0,1750.11,0,
TXN05-04425,5,2026-07-30 19:42:08,4000.0,Taxi,50002,UPI,DEV-05-3,Web,Mumbai,19,3,0,7.0,56,2081.34,4815.88,231,643,1092,0,0,0,1153.24,0,
TXN05-04426,5,2026-07-30 20:58:19,1236.52,Fuel,50013,Card,DEV-05-2,iPhone,Pune,20,3,0,76.18,57,2083.66,4827.4,109,947,850,0,0,0,120.15,0,
TXN05-04427,5,2026-07-30 21:39:40,2935.39,Taxi,50094,Card,DEV-05-2,iPhone,Mumbai,21,3,0,41.35,58,2087.46,4832.21,10,948,1093,0,0,0,120.15,0,
TXN05-04428,5,2026-07-30 21:40:03,1932.39,Fuel,50013,UPI,DEV-05-5,Android,Mumbai,21,3,0,0.38,59,2089.38,4826.91,110,325,1094,0,0,0,0.0,0,
TXN05-04429,5,2026-07-30 21:45:14,1306.1,Restaurants,50004,UPI,DEV-05-4,iPhone,Pune,21,3,0,5.18,60,2089.03,4821.47,175,431,851,0,0,0,120.15,0,
TXN05-04430,5,2026-07-30 21:55:03,575.03,Restaurants,50080,Card,DEV-05-2,iPhone,Delhi,21,3,0,9.82,61,2087.26,4816.18,9,949,1366,0,0,0,1179.48,0,
TXN05-04431,5,2026-07-30 21:55:27,827.16,Restaurants,50016,UPI,DEV-05-2,iPhone,Mumbai,21,3,0,0.4,62,2083.86,4811.3,60,950,1095,0,0,0,1153.24,0,
TXN05-04432,5,2026-07-30 22:03:32,2319.64,Restaurants,50001,Card,DEV-05-1,Android,Mumbai,22,3,0,8.08,63,2081.05,4806.27,457,1345,1096,0,0,0,0.0,0,
TXN05-04433,5,2026-07-30 22:14:42,1929.81,Restaurants,50001,UPI,DEV-05-2,iPhone,Delhi,22,3,0,11.17,64,2082.3,4806.26,458,951,1367,0,0,0,1153.24,0,
TXN05-04434,5,2026-07-30 22:28:46,1805.58,Hotels,50014,Card,DEV-05-5,Android,Pune,22,3,0,14.07,65,2085.47,4805.69,107,326,852,0,0,0,1179.48,0,
TXN05-04435,5,2026-07-30 23:23:33,2049.62,Fuel,50171,UPI,DEV-05-5,Android,Mumbai,23,3,0,54.78,66,2091.24,4825.23,1,327,1097,0,0,1,120.15,1,ato_higher_amount_new_merchant_same_category
TXN05-04436,5,2026-07-30 23:55:26,1238.48,Hotels,50010,UPI,DEV-05-1,Android,Mumbai,23,3,0,31.88,67,2095.93,4840.78,129,1346,1098,0,0,0,0.0,0,
TXN05-04437,5,2026-07-30 23:59:39,2305.82,Fuel,50053,UPI,DEV-05-1,Android,Mumbai,23,3,0,4.22,68,2095.26,4840.88,33,1347,1099,0,0,0,0.0,0,
TXN05-04438,5,2026-07-31 01:31:54,1742.31,Hotels,50186,Card,DEV-05-5,Android,Mumbai,1,4,0,92.25,1,2093.26,4840.61,1,328,1100,0,0,1,0.0,1,ato_new_merchant_same_category_odd_hour
TXN05-04439,5,2026-07-31 06:10:05,2587.5,Restaurants,50004,UPI,DEV-05-2,iPhone,Mumbai,6,4,0,278.18,2,2089.85,4845.16,176,952,1101,0,0,0,0.0,0,
TXN05-04440,5,2026-07-31 06:27:40,2804.32,Hotels,50005,Card,DEV-05-2,iPhone,Pune,6,4,0,17.58,3,2090.98,4839.7,317,953,853,0,0,0,120.15,0,
TXN05-04441,5,2026-07-31 06:29:10,3512.71,Hotels,50017,UPI,DEV-05-3,Web,Pune,6,4,0,1.5,4,2092.6,4834.32,68,644,854,0,0,0,0.0,0,
TXN05-04442,5,2026-07-31 06:52:40,2618.87,Hotels,50060,UPI,DEV-05-9,Web,Delhi,6,4,0,23.5,5,2096.19,4834.78,20,67,1368,0,0,0,1179.48,0,
TXN05-04443,5,2026-07-31 07:34:15,2434.2,Restaurants,50008,UPI,DEV-05-2,iPhone,Jaipur,7,4,0,41.58,6,2097.64,4834.84,118,954,436,0,0,0,237.53,0,
TXN05-04444,5,2026-07-31 07:36:40,1344.58,Hotels,50018,UPI,DEV-05-4,iPhone,Bangalore,7,4,0,2.42,7,2098.4,4829.39,45,432,629,0,0,0,1561.54,0,
TXN05-04445,5,2026-07-31 07:52:22,1950.69,Restaurants,50001,Card,DEV-UNK-4726,iPhone,Mumbai,7,4,0,15.7,8,2096.7,4824.05,459,1,1102,1,0,0,845.32,1,ato_new_device
TXN05-04446,5,2026-07-31 08:07:02,4000.0,Hotels,50015,Card,DEV-05-1,Android,Mumbai,8,4,0,14.67,9,2102.22,4834.46,64,1348,1103,0,0,0,0.0,0,
TXN05-04447,5,2026-07-31 08:30:58,1733.06,Fuel,50078,UPI,DEV-05-7,Android,Delhi,8,4,0,23.93,10,2102.22,4834.46,7,138,1369,0,0,0,1153.24,0,
TXN05-04448,5,2026-07-31 08:49:01,1152.07,Hotels,50005,Card,DEV-05-1,Android,Bangalore,8,4,0,18.05,11,2101.95,4834.48,318,1349,630,0,0,0,1750.11,0,
TXN05-04449,5,2026-07-31 08:56:12,3727.07,Hotels,50024,Card,DEV-05-2,iPhone,Jaipur,8,4,0,7.18,12,2099.8,4829.21,52,955,437,0,0,0,1561.54,0,
TXN05-04450,5,2026-07-31 09:30:42,2481.81,Fuel,50048,UPI,DEV-05-6,Web,Delhi,9,4,0,34.5,13,2106.04,4835.13,30,227,1370,0,0,0,237.53,0,
TXN05-04451,5,2026-07-31 09:34:18,2182.07,Restaurants,50022,UPI,DEV-05-1,Android,Delhi,9,4,0,3.6,14,2106.89,4829.68,35,1350,1371,0,0,0,0.0,0,
TXN05-04452,5,2026-07-31 09:54:55,4000.0,Taxi,50039,Card,DEV-05-2,iPhone,Bangalore,9,4,0,20.62,15,2106.54,4829.66,37,956,631,0,0,0,1750.11,0,
TXN05-04453,5,2026-07-31 10:20:06,2006.7,Restaurants,50008,UPI,DEV-05-2,iPhone,Delhi,10,4,0,25.18,16,2108.71,4830.3,119,957,1372,0,0,0,1750.11,0,
TXN05-04454,5,2026-07-31 10:44:10,2322.42,Taxi,50050,UPI,DEV-05-1,Android,Mumbai,10,4,0,24.07,17,2104.55,4835.24,19,1351,1104,0,0,0,1153.24,0,
TXN05-04455,5,2026-07-31 10:44:27,1731.32,Fuel,50043,UPI,DEV-05-2,iPhone,Pune,10,4,0,0.28,18,2105.04,4829.77,43,958,855,0,0,0,120.15,0,
TXN05-04456,5,2026-07-31 11:14:03,1261.48,Fuel,50075,Card,DEV-05-2,iPhone,Mumbai,11,4,0,29.6,19,2104.95,4834.96,8,959,1105,0,0,0,120.15,0,
TXN05-04457,5,2026-07-31 11:28:08,2033.76,Hotels,50148,Card,DEV-05-3,Web,Delhi,11,4,0,14.08,20,2103.03,4835.13,1,645,1373,0,0,1,1153.24,0,
TXN05-04458,5,2026-07-31 12:03:55,4000.0,Taxi,50049,UPI,DEV-05-1,Android,Delhi,12,4,0,35.78,21,2105.21,4834.88,27,1352,1374,0,0,0,0.0,0,
TXN05-04459,5,2026-07-31 12:09:15,3633.31,Hotels,50014,UPI,DEV-05-3,Web,Delhi,12,4,0,5.33,22,2109.5,4830.24,108,646,1375,0,0,0,0.0,0,
TXN05-04460,5,2026-07-31 12:30:53,1147.37,Fuel,50003,UPI,DEV-05-1,Android,Delhi,12,4,0,21.63,23,2112.95,4825.31,338,1353,1376,0,0,0,0.0,0,
TXN05-04461,5,2026-07-31 12:49:46,711.74,Hotels,50005,UPI,DEV-05-1,Android,Mumbai,12,4,0,18.88,24,2110.77,4820.08,319,1354,1106,0,0,0,1153.24,0,
TXN05-04462,5,2026-07-31 12:56:03,1492.2,Restaurants,50001,Card,DEV-05-5,Android,Bangalore,12,4,0,6.28,25,2107.62,4815.11,460,329,632,0,0,0,845.32,0,
TXN05-04463,5,2026-07-31 13:54:47,570.23,Hotels,50005,Card,DEV-05-1,Android,Mumbai,13,4,0,58.73,26,2110.04,4820.21,320,1355,1107,0,0,0,845.32,0,
TXN05-04464,5,2026-07-31 14:00:38,1066.77,Restaurants,50019,Card,DEV-05-1,Android,Delhi,14,4,0,5.85,27,2106.57,4815.33,52,1356,1377,0,0,0,1153.24,0,
TXN05-04465,5,2026-07-31 14:39:02,2292.35,Restaurants,50032,UPI,DEV-05-11,iPhone,Bangalore,14,4,0,38.4,28,2100.28,4830.73,32,35,633,0,0,0,1750.11,0,
TXN05-04466,5,2026-07-31 14:53:37,715.68,Taxi,50037,UPI,DEV-05-1,Android,Bangalore,14,4,0,14.58,29,2100.71,4825.27,41,1357,634,0,0,0,0.0,0,
TXN05-04467,5,2026-07-31 14:54:06,2632.98,Restaurants,50022,Card,DEV-05-2,iPhone,Mumbai,14,4,0,0.48,30,2097.59,4820.27,36,960,1108,0,0,0,845.32,0,
TXN05-04468,5,2026-07-31 15:22:25,2454.46,Hotels,50017,UPI,DEV-05-5,Android,Mumbai,15,4,0,28.32,31,2102.4,4819.74,69,330,1109,0,0,0,0.0,0,
TXN05-04469,5,2026-07-31 15:52:25,2476.56,Hotels,50010,Card,DEV-05-1,Android,Pune,15,4,0,30.0,32,2106.64,4819.22,130,1358,856,0,0,0,120.15,0,
TXN05-04470,5,2026-07-31 15:56:36,666.34,Hotels,50010,Card,DEV-05-2,iPhone,Pune,15,4,0,4.18,33,2107.47,4813.82,131,961,857,0,0,0,0.0,0,
TXN05-04471,5,2026-07-31 16:02:40,1585.51,Fuel,50003,Card,DEV-05-2,iPhone,Delhi,16,4,0,6.07,34,2104.32,4819.71,339,962,1378,0,0,0,1179.48,0,
TXN05-04472,5,2026-07-31 16:04:08,911.92,Fuel,50053,UPI,DEV-05-2,iPhone,Jaipur,16,4,0,1.47,35,2103.15,4814.34,34,963,438,0,0,0,237.53,0,
TXN05-04473,5,2026-07-31 16:39:42,1526.95,Hotels,50036,UPI,DEV-05-4,iPhone,Jaipur,16,4,0,35.57,36,2101.53,4814.62,28,433,439,0,0,0,0.0,0,
TXN05-04474,5,2026-07-31 16:58:51,1627.75,Taxi,50049,UPI,DEV-05-1,Android,Mumbai,16,4,0,19.15,37,2103.3,4825.41,28,1359,1110,0,0,0,920.74,0,
TXN05-04475,5,2026-07-31 17:47:25,3453.06,Restaurants,50008,UPI,DEV-05-10,Android,Mumbai,17,4,0,48.57,38,2101.85,4825.46,120,54,1111,0,0,0,0.0,0,
TXN05-04476,5,2026-07-31 18:12:38,2424.4,Hotels,50095,Card,DEV-05-7,Android,Delhi,18,4,0,25.22,39,2104.9,4820.44,8,139,1379,0,0,0,1153.24,0,
TXN05-04477,5,2026-07-31 18:32:06,2655.7,Fuel,50053,UPI,DEV-05-9,Web,Bangalore,18,4,0,19.47,40,2104.06,4820.35,35,68,635,0,0,0,1750.11,0,
TXN05-04478,5,2026-07-31 19:15:57,1591.92,Taxi,50002,Card,DEV-05-6,Web,Delhi,19,4,0,43.85,41,2107.98,4825.46,232,228,1380,0,0,0,1750.11,0,
TXN05-04479,5,2026-07-31 19:47:53,3951.44,Restaurants,50008,UPI,DEV-05-2,iPhone,Mumbai,19,4,0,31.93,42,2104.75,4830.73,121,964,1112,0,0,0,1153.24,0,
TXN05-04480,5,2026-07-31 19:51:10,1857.27,Hotels,50010,UPI,DEV-05-6,Web,Delhi,19,4,0,3.28,43,2108.93,4826.06,132,229,1381,0,0,0,1153.24,0,
TXN05-04481,5,2026-07-31 21:22:39,1025.47,Restaurants,50011,Card,DEV-05-3,Web,Mumbai,21,4,0,91.48,44,2103.33,4839.96,62,647,1113,0,0,0,1153.24,0,
TXN05-04482,5,2026-07-31 21:28:59,440.87,Hotels,50024,Card,DEV-05-63,Android,Pune,21,4,0,6.33,45,2100.88,4834.73,53,1,858,1,0,0,120.15,0,
TXN05-04483,5,2026-07-31 22:11:55,588.62,Restaurants,50001,Card,DEV-05-4,iPhone,Mumbai,22,4,0,42.93,46,2100.15,4834.96,461,434,1114,0,0,0,120.15,0,
TXN05-04484,5,2026-07-31 22:22:36,2064.59,Restaurants,50004,UPI,DEV-05-1,Android,Pune,22,4,0,10.68,47,2098.19,4835.4,177,1360,859,0,0,0,120.15,0,
TXN05-04485,5,2026-07-31 22:33:59,2298.16,Restaurants,50020,Card,DEV-05-3,Web,Pune,22,4,0,11.38,48,2098.11,4829.91,27,648,860,0,0,0,0.0,0,
TXN05-04486,5,2026-07-31 23:28:11,1752.02,Restaurants,50023,Card,DEV-05-13,iPhone,Bangalore,23,4,0,54.2,49,2099.64,4835.16,30,16,636,0,0,0,735.23,0,
TXN05-04487,5,2026-07-31 23:38:45,1003.28,Restaurants,50021,UPI,DEV-05-2,iPhone,Bangalore,23,4,0,10.57,50,2098.86,4829.71,35,965,637,0,0,0,0.0,0,
TXN05-04488,5,2026-08-01 06:06:50,2359.83,Restaurants,50012,Card,DEV-05-4,iPhone,Mumbai,6,5,1,388.08,1,2100.67,4845.79,76,435,1115,0,0,0,845.32,0,
TXN05-04489,5,2026-08-01 07:47:05,651.35,Taxi,50149,Card,DEV-05-1,Android,Delhi,7,5,1,100.25,2,2100.12,4862.39,1,1361,1382,0,0,1,1153.24,0,
TXN05-04490,5,2026-08-01 07:57:37,2204.98,Fuel,50053,Card,DEV-05-5,Android,Bangalore,7,5,1,10.53,3,2090.11,4867.41,36,331,638,0,0,0,1750.11,0,
TXN05-04491,5,2026-08-01 08:14:25,1574.76,Restaurants,50001,UPI,DEV-05-8,iPhone,Mumbai,8,5,1,16.8,4,2090.38,4861.81,462,86,1116,0,0,0,845.32,0,
TXN05-04492,5,2026-08-01 08:14:31,2451.66,Taxi,50002,UPI,DEV-05-6,Web,Pune,8,5,1,0.1,5,2089.19,4856.3,233,230,861,0,0,0,120.15,0,
TXN05-04493,5,2026-08-01 08:50:25,2835.56,Hotels,50017,Card,DEV-05-1,Android,Mumbai,8,5,1,35.9,6,2090.86,4861.51,70,1362,1117,0,0,0,120.15,0,
TXN05-04494,5,2026-08-01 09:01:57,1288.68,Taxi,50058,Card,DEV-05-2,iPhone,Jaipur,9,5,1,11.53,7,2092.56,4856.07,22,966,440,0,0,0,920.74,0,
TXN05-04495,5,2026-08-01 09:16:17,954.61,Restaurants,50001,UPI,DEV-05-1,Android,Jaipur,9,5,1,14.33,8,2090.72,4850.66,463,1363,441,0,0,0,0.0,0,
TXN05-04496,5,2026-08-01 09:27:28,2848.39,Restaurants,50020,Card,DEV-05-2,iPhone,Bangalore,9,5,1,11.18,9,2091.93,4850.31,28,967,639,0,0,0,1561.54,0,
TXN05-04497,5,2026-08-01 11:15:02,1542.61,Restaurants,50035,Card,DEV-05-1,Android,Mumbai,11,5,1,107.57,10,2094.6,4870.93,19,1364,1118,0,0,0,845.32,0,
TXN05-04498,5,2026-08-01 11:54:27,1748.21,Fuel,50028,UPI,DEV-05-2,iPhone,Delhi,11,5,1,39.42,11,2095.38,4870.82,77,968,1383,0,0,0,1153.24,0,
TXN05-04499,5,2026-08-01 12:05:06,1759.79,Hotels,50095,Card,DEV-05-7,Android,Delhi,12,5,1,10.65,12,2097.24,4870.53,9,140,1384,0,0,0,0.0,0,
TXN05-04500,5,2026-08-01 12:07:04,452.06,Restaurants,50019,UPI,DEV-05-2,iPhone,Mumbai,12,5,1,1.97,13,2096.46,4864.94,53,969,1119,0,0,0,1153.24,0,
TXN05-04501,5,2026-08-01 12:24:31,2212.15,Hotels,50005,Card,DEV-05-4,iPhone,Delhi,12,5,1,17.45,14,2091.02,4865.46,321,436,1385,0,0,0,1153.24,0,
TXN05-04502,5,2026-08-01 12:43:34,2184.88,Restaurants,50026,UPI,DEV-05-6,Web,Pune,12,5,1,19.05,15,2091.3,4859.86,35,231,862,0,0,0,1179.48,0,
TXN05-04503,5,2026-08-01 13:44:25,458.72,Taxi,50007,Card,DEV-05-1,Android,Mumbai,13,5,1,60.85,16,2101.08,4886.45,99,1365,1120,0,0,0,120.15,0,
TXN05-04504,5,2026-08-01 13:46:46,1841.69,Restaurants,50016,Card,DEV-05-1,Android,Mumbai,13,5,1,2.35,17,2097.95,4887.07,61,1366,1121,0,0,0,0.0,0,
TXN05-04505,5,2026-08-01 13:53:51,3527.97,Restaurants,50011,UPI,DEV-05-8,iPhone,Mumbai,13,5,1,7.08,18,2092.94,4886.22,63,87,1122,0,0,0,0.0,0,
TXN05-04506,5,2026-08-01 14:57:48,4000.0,Fuel,50104,UPI,DEV-05-3,Web,Delhi,14,5,1,63.95,19,2108.3,4908.07,5,649,1386,0,0,0,1153.24,0,
TXN05-04507,5,2026-08-01 15:04:48,399.68,Restaurants,50074,Card,DEV-05-1,Android,Pune,15,5,1,7.0,20,2112.73,4903.17,9,1367,863,0,0,0,1179.48,0,
TXN05-04508,5,2026-08-01 15:18:13,894.37,Taxi,50094,Card,DEV-05-2,iPhone,Jaipur,15,5,1,13.42,21,2104.3,4903.01,11,970,442,0,0,0,953.87,0,
TXN05-04509,5,2026-08-01 15:41:46,1562.22,Fuel,50086,UPI,DEV-05-1,Android,Bangalore,15,5,1,23.55,22,2105.89,4908.54,8,1368,640,0,0,0,1561.54,0,
TXN05-04510,5,2026-08-01 16:10:11,3866.42,Hotels,50015,UPI,DEV-05-1,Android,Bangalore,16,5,1,28.42,23,2104.45,4908.61,65,1369,641,0,0,0,0.0,0,
TXN05-04511,5,2026-08-01 16:11:00,659.95,Restaurants,50019,UPI,DEV-05-3,Web,Jaipur,16,5,1,0.82,24,2108.58,4903.6,54,650,443,0,0,0,1561.54,0,
TXN05-04512,5,2026-08-01 16:18:36,4000.0,Restaurants,50026,Card,DEV-05-2,iPhone,Pune,16,5,1,7.6,25,2105.19,4898.36,36,971,864,0,0,0,953.87,0,
TXN05-04513,5,2026-08-01 17:08:38,980.03,Taxi,50037,Card,DEV-05-3,Web,Bangalore,17,5,1,50.03,26,2112.43,4915.85,42,651,642,0,0,0,735.23,0,
TXN05-04514,5,2026-08-01 17:15:59,2024.32,Restaurants,50023,UPI,DEV-05-2,iPhone,Delhi,17,5,1,7.35,27,2112.33,4915.87,31,972,1387,0,0,0,1750.11,0,
TXN05-04515,5,2026-08-01 17:41:16,419.27,Hotels,50014,Card,DEV-05-3,Web,Pune,17,5,1,25.28,28,2105.25,4920.56,109,652,865,0,0,0,1179.48,0,
TXN05-04516,5,2026-08-01 17:50:55,4000.0,Restaurants,50004,Card,DEV-05-1,Android,Delhi,17,5,1,9.65,29,2101.28,4915.44,178,1370,1388,0,0,0,1179.48,0,
TXN05-04517,5,2026-08-01 18:37:30,2223.7,Hotels,50005,Card,DEV-05-1,Android,Pune,18,5,1,46.58,30,2103.38,4921.7,322,1371,866,0,0,0,1179.48,0,
TXN05-04518,5,2026-08-01 20:12:05,1194.97,Restaurants,50011,UPI,DEV-05-5,Android,Bangalore,20,5,1,94.58,31,2110.14,4932.74,64,332,643,0,0,0,735.23,0,
TXN05-04519,5,2026-08-01 20:28:22,2890.97,Restaurants,50001,UPI,DEV-05-2,iPhone,Mumbai,20,5,1,16.28,32,2107.97,4927.1,464,973,1123,0,0,0,845.32,0,
TXN05-04520,5,2026-08-01 20:41:25,2436.29,Hotels,50014,Card,DEV-UNK-7849,Web,Pune,20,5,1,13.05,33,2113.1,4938.14,110,1,867,1,0,0,120.15,1,ato_new_device
TXN05-04521,5,2026-08-01 21:06:59,2134.61,Restaurants,50044,UPI,DEV-05-5,Android,Delhi,21,5,1,25.57,34,2113.87,4932.31,24,333,1389,0,0,0,1179.48,0,
TXN05-04522,5,2026-08-01 21:27:39,2416.81,Restaurants,50026,Card,DEV-05-1,Android,Delhi,21,5,1,20.67,35,2117.58,4931.74,37,1372,1390,0,0,0,0.0,0,
TXN05-04523,5,2026-08-01 21:30:03,780.07,Restaurants,50004,UPI,DEV-05-6,Web,Bangalore,21,5,1,2.4,36,2118.28,4925.92,179,232,644,0,0,0,1750.11,0,
TXN05-04524,5,2026-08-01 21:32:45,571.76,Fuel,50040,UPI,DEV-05-1,Android,Mumbai,21,5,1,2.7,37,2115.13,4920.54,61,1373,1124,0,0,0,845.32,0,
TXN05-04525,5,2026-08-01 22:35:38,1853.39,Fuel,50003,UPI,DEV-05-12,Web,Mumbai,22,5,1,62.88,38,2111.21,4949.26,340,20,1125,0,0,0,0.0,0,
TXN05-04526,5,2026-08-01 22:38:54,1715.93,Hotels,50113,Card,DEV-05-2,iPhone,Mumbai,22,5,1,3.27,39,2110.59,4943.38,4,974,1126,0,0,0,0.0,0,
TXN05-04527,5,2026-08-01 23:02:40,838.13,Restaurants,50019,Card,DEV-05-2,iPhone,Bangalore,23,5,1,23.77,40,2113.39,4949.01,55,975,645,0,0,0,845.32,0,
TXN05-04528,5,2026-08-01 23:40:51,3684.08,Fuel,50081,UPI,DEV-05-2,iPhone,Delhi,23,5,1,38.18,41,2107.05,4966.18,6,976,1391,0,0,0,1750.11,0,
TXN05-04529,5,2026-08-02 01:40:48,3812.42,Shopping,50001,UPI,DEV-05-1,Android,Delhi,1,6,1,119.95,1,2100.48,4979.96,465,1374,1392,0,0,0,0.0,1,late_night_spree
TXN05-04530,5,2026-08-02 02:00:48,5052.84,Shopping,50001,UPI,DEV-05-1,Android,Delhi,2,6,1,20.0,2,2104.61,4974.65,466,1375,1393,0,0,0,0.0,1,late_night_spree
TXN05-04531,5,2026-08-02 06:46:29,1635.37,Restaurants,50001,Card,DEV-05-1,Android,Delhi,6,6,1,285.68,3,1876.84,1251.22,467,1376,1394,0,0,0,0.0,0,
TXN05-04532,5,2026-08-02 06:58:32,2306.93,Restaurants,50001,UPI,DEV-05-5,Android,Delhi,6,6,1,12.05,4,1880.3,1251.41,468,334,1395,0,0,0,0.0,0,
TXN05-04533,5,2026-08-02 07:02:59,2613.18,Restaurants,50004,Card,DEV-05-1,Android,Ahmedabad,7,6,1,4.45,5,1881.33,1250.07,180,1377,3,0,0,0,777.41,0,
TXN05-04534,5,2026-08-02 07:22:15,1446.61,Hotels,50010,Card,DEV-05-9,Web,Delhi,7,6,1,19.27,6,1885.81,1251.49,133,69,1396,0,0,0,777.41,0,
TXN05-04535,5,2026-08-02 07:25:35,1599.14,Taxi,50007,UPI,DEV-05-4,iPhone,Bangalore,7,6,1,3.33,7,1884.74,1250.16,100,437,646,0,0,0,1750.11,0,
TXN05-04536,5,2026-08-02 07:25:59,766.93,Restaurants,50016,UPI,DEV-05-3,Web,Delhi,7,6,1,0.4,8,1884.05,1248.72,62,653,1397,0,0,0,1750.11,0,
TXN05-04537,5,2026-08-02 07:46:34,1857.03,Hotels,50018,Card,DEV-05-7,Android,Pune,7,6,1,20.58,9,1881.72,1252.12,46,141,868,0,0,0,1179.48,0,
TXN05-04538,5,2026-08-02 07:48:22,2728.62,Hotels,50018,UPI,DEV-05-5,Android,Bangalore,7,6,1,1.8,10,1881.66,1250.6,47,335,647,0,0,0,735.23,0,
TXN05-04539,5,2026-08-02 08:01:08,2417.69,Restaurants,50001,UPI,DEV-05-1,Android,Delhi,8,6,1,12.77,11,1883.71,1249.77,469,1378,1398,0,0,0,1750.11,0,
TXN05-04540,5,2026-08-02 08:36:55,4000.0,Taxi,50002,UPI,DEV-05-3,Web,Pune,8,6,1,35.78,12,1885.01,1248.53,234,654,869,0,0,0,1179.48,0,
TXN05-04541,5,2026-08-02 08:42:02,1336.91,Taxi,50109,Card,DEV-05-1,Android,Mumbai,8,6,1,5.12,13,1890.11,1251.34,5,1379,1127,0,0,0,120.15,0,
TXN05-04542,5,2026-08-02 08:50:58,1180.67,Restaurants,50150,Card,DEV-05-4,iPhone,Mumbai,8,6,1,8.93,14,1886.21,1252.58,1,438,1128,0,0,1,0.0,0,
TXN05-04543,5,2026-08-02 09:02:50,5940.83,Taxi,50030,Card,DEV-UNK-4032,Web,Bangalore,9,6,1,11.87,15,1886.15,1252.61,47,1,648,1,0,0,845.32,1,ato_new_device_higher_amount
TXN05-04544,5,2026-08-02 09:22:03,842.72,Hotels,50005,UPI,DEV-05-3,Web,Mumbai,9,6,1,19.22,16,1894.98,1269.82,323,655,1129,0,0,0,845.32,0,
TXN05-04545,5,2026-08-02 09:34:35,1975.61,Fuel,50003,UPI,DEV-05-1,Android,Pune,9,6,1,12.53,17,1895.01,1271.83,341,1380,870,0,0,0,120.15,0,
TXN05-04546,5,2026-08-02 09:44:30,2293.59,Fuel,50003,UPI,DEV-05-4,iPhone,Bangalore,9,6,1,9.92,18,1895.21,1270.29,342,439,649,0,0,0,735.23,0,
TXN05-04547,5,2026-08-02 09:51:13,1253.66,Restaurants,50033,UPI,DEV-05-14,iPhone,Mumbai,9,6,1,6.72,19,1898.99,1269.15,25,13,1130,0,0,0,845.32,0,
TXN05-04548,5,2026-08-02 10:18:08,820.21,Hotels,50005,Card,DEV-05-2,iPhone,Bangalore,10,6,1,26.92,20,1901.18,1267.26,324,977,650,0,0,0,845.32,0,
TXN05-04549,5,2026-08-02 10:59:50,918.35,Hotels,50024,Card,DEV-05-1,Android,Jaipur,10,6,1,41.7,21,1905.65,1270.68,54,1381,444,0,0,0,1561.54,0,
TXN05-04550,5,2026-08-02 11:10:18,978.06,Restaurants,50038,Card,DEV-05-1,Android,Pune,11,6,1,10.47,22,1903.24,1270.06,14,1382,871,0,0,0,953.87,0,
TXN05-04551,5,2026-08-02 11:45:34,1641.17,Hotels,50031,Card,DEV-05-4,iPhone,Mumbai,11,6,1,35.27,23,1900.99,1269.33,27,440,1131,0,0,0,120.15,0,
TXN05-04552,5,2026-08-02 12:34:54,585.08,Restaurants,50023,Card,DEV-05-3,Web,Delhi,12,6,1,49.33,24,1881.35,1193.4,32,656,1399,0,0,0,1153.24,0,
TXN05-04553,5,2026-08-02 12:59:30,4000.0,Restaurants,50009,Card,DEV-05-8,iPhone,Delhi,12,6,1,24.6,25,1877.13,1196.46,92,88,1400,0,0,0,0.0,0,
TXN05-04554,5,2026-08-02 13:06:46,1229.94,Restaurants,50004,Card,DEV-05-5,Android,Mumbai,13,6,1,7.27,26,1882.38,1199.62,181,336,1132,0,0,0,1153.24,0,
TXN05-04555,5,2026-08-02 13:22:42,3009.93,Restaurants,50016,Card,DEV-05-4,iPhone,Pune,13,6,1,15.93,27,1880.4,1200.04,63,441,872,0,0,0,120.15,0,
TXN05-04556,5,2026-08-02 14:51:04,2417.66,Restaurants,50001,UPI,DEV-05-4,iPhone,Delhi,14,6,1,88.37,28,1885.84,1203.75,470,442,1401,0,0,0,1179.48,0,
TXN05-04557,5,2026-08-02 14:58:58,1301.72,Fuel,50106,Card,DEV-05-2,iPhone,Delhi,14,6,1,7.9,29,1887.17,1202.54,3,978,1402,0,0,0,0.0,0,
TXN05-04558,5,2026-08-02 15:26:05,1531.39,Restaurants,50108,Card,DEV-05-2,iPhone,Mumbai,15,6,1,27.12,30,1886.79,1204.01,6,979,1133,0,0,0,1153.24,0,
TXN05-04559,5,2026-08-02 15:29:06,906.68,Fuel,50006,UPI,DEV-05-7,Android,Bangalore,15,6,1,3.02,31,1885.9,1202.63,162,142,651,0,0,0,845.32,0,
TXN05-04560,5,2026-08-02 16:15:07,937.15,Restaurants,50008,Card,DEV-05-3,Web,Pune,16,6,1,46.02,32,1887.73,1204.94,122,657,873,0,0,0,735.23,0,
TXN05-04561,5,2026-08-02 17:03:17,1471.29,Restaurants,50001,Card,DEV-05-8,iPhone,Delhi,17,6,1,48.17,33,1888.03,1208.12,471,89,1403,0,0,0,1179.48,0,
TXN05-04562,5,2026-08-02 17:29:59,1060.75,Hotels,50005,UPI,DEV-05-5,Android,Mumbai,17,6,1,26.7,34,1883.17,1207.55,325,337,1134,0,0,0,1153.24,0,
TXN05-04563,5,2026-08-02 17:38:04,2844.62,Hotels,50024,Card,DEV-05-1,Android,Delhi,17,6,1,8.08,35,1883.79,1207.07,55,1383,1404,0,0,0,1153.24,0,
TXN05-04564,5,2026-08-02 17:49:02,16000.0,Fuel,50001,UPI,DEV-05-1,Android,Unknown Country,17,6,1,10.97,36,1890.01,1205.66,472,1384,22,0,0,0,8752.13,1,unknown_country_purchase
TXN05-04565,5,2026-08-02 18:28:37,2798.91,Restaurants,50001,UPI,DEV-05-4,iPhone,Delhi,18,6,1,39.58,37,1925.83,1400.36,473,443,1405,0,0,0,8752.13,0,
TXN05-04566,5,2026-08-02 18:48:32,2564.94,Hotels,50056,Card,DEV-05-1,Android,Mumbai,18,6,1,19.92,38,1929.15,1400.88,22,1385,1135,0,0,0,1153.24,0,
TXN05-04567,5,2026-08-02 18:49:30,3601.93,Fuel,50028,UPI,DEV-05-4,iPhone,Delhi,18,6,1,0.97,39,1930.76,1399.46,78,444,1406,0,0,0,1153.24,0,
TXN05-04568,5,2026-08-02 18:58:48,3146.99,Hotels,50015,Card,DEV-05-1,Android,Chandigarh,18,6,1,9.3,40,1915.56,1347.79,66,1386,6,0,0,0,227.78,0,
TXN05-04569,5,2026-08-02 19:10:58,2501.8,Fuel,50064,Card,DEV-05-6,Web,Pune,19,6,1,12.17,41,1918.68,1347.5,18,233,874,0,0,0,1389.58,0,
TXN05-04570,5,2026-08-02 19:16:12,617.0,Hotels,50010,UPI,DEV-05-14,iPhone,Mumbai,19,6,1,5.23,42,1920.16,1346.12,134,14,1136,0,0,0,120.15,0,
TXN05-04571,5,2026-08-02 19:17:17,2376.58,Taxi,50151,UPI,DEV-05-4,iPhone,Bangalore,19,6,1,1.08,43,1916.87,1346.01,1,445,652,0,0,1,845.32,0,
TXN05-04572,5,2026-08-02 19:17:22,1436.49,Restaurants,50011,UPI,DEV-05-4,iPhone,Delhi,19,6,1,0.08,44,1918.03,1344.51,65,446,1407,0,0,0,1750.11,0,
TXN05-04573,5,2026-08-02 19:21:15,1286.64,Restaurants,50001,UPI,DEV-05-3,Web,Mumbai,19,6,1,3.88,45,1916.82,1343.03,474,658,1137,0,0,0,1153.24,0,
TXN05-04574,5,2026-08-02 19:21:39,3340.22,Restaurants,50011,Card,DEV-05-1,Android,Mumbai,19,6,1,0.4,46,1918.01,1342.26,66,1387,1138,0,0,0,0.0,0,
TXN05-04575,5,2026-08-02 19:30:51,2328.08,Hotels,50082,UPI,DEV-05-9,Web,Bangalore,19,6,1,9.2,47,1920.64,1344.88,13,70,653,0,0,0,845.32,0,
TXN05-04576,5,2026-08-02 19:35:24,765.76,Restaurants,50011,Card,DEV-05-11,iPhone,Delhi,19,6,1,4.55,48,1921.67,1343.34,67,36,1408,0,0,0,1750.11,0,
TXN05-04577,5,2026-08-02 19:43:05,4000.0,Hotels,50130,UPI,DEV-05-2,iPhone,Pune,19,6,1,7.68,49,1918.77,1342.9,5,980,875,0,0,0,1179.48,0,
TXN05-04578,5,2026-08-02 19:52:57,2780.32,Taxi,50029,Card,DEV-05-3,Web,Mumbai,19,6,1,9.87,50,1923.97,1345.24,65,659,1139,0,0,0,120.15,0,
TXN05-04579,5,2026-08-02 19:55:29,486.8,Taxi,50050,Card,DEV-05-1,Android,Delhi,19,6,1,2.53,51,1920.92,1341.91,20,1388,1409,0,0,0,1153.24,0,
TXN05-04580,5,2026-08-02 20:46:57,940.33,Hotels,50056,UPI,DEV-05-1,Android,Mumbai,20,6,1,51.47,52,1918.31,1344.38,23,1389,1140,0,0,0,1153.24,0,
TXN05-04581,5,2026-08-02 20:48:56,2067.72,Restaurants,50001,Card,DEV-05-1,Android,Delhi,20,6,1,1.98,53,1915.85,1343.59,475,1390,1410,0,0,0,1153.24,0,
TXN05-04582,5,2026-08-02 21:36:02,2669.18,Taxi,50029,Card,DEV-05-10,Android,Mumbai,21,6,1,47.1,54,1916.01,1345.0,66,55,1141,0,0,0,1153.24,0,
TXN05-04583,5,2026-08-02 21:37:27,3944.04,Restaurants,50004,UPI,DEV-05-5,Android,Pune,21,6,1,1.42,55,1917.9,1343.84,182,338,876,0,0,0,120.15,0,
TXN05-04584,5,2026-08-02 21:59:16,10521.77,Fuel,50001,UPI,DEV-05-1,Android,Unknown Country,21,6,1,21.82,56,1922.97,1345.97,476,1391,23,0,0,0,8307.79,1,unknown_country_purchase
TXN05-04585,5,2026-08-02 22:02:30,4000.0,Restaurants,50152,UPI,DEV-05-3,Web,Jaipur,22,6,1,3.23,57,1944.41,1411.04,1,660,445,0,0,1,8601.34,0,
TXN05-04586,5,2026-08-02 22:23:10,1271.29,Restaurants,50011,Card,DEV-05-1,Android,Delhi,22,6,1,20.67,58,1952.25,1413.71,68,1392,1411,0,0,0,237.53,0,
TXN05-04587,5,2026-08-02 22:30:14,659.74,Hotels,50031,Card,DEV-05-3,Web,Delhi,22,6,1,7.07,59,1953.26,1413.07,28,661,1412,0,0,0,0.0,0,
TXN05-04588,5,2026-08-02 22:37:25,3980.75,Restaurants,50008,UPI,DEV-05-3,Web,Delhi,22,6,1,7.18,60,1951.84,1414.08,123,662,1413,0,0,0,0.0,0,
TXN05-04589,5,2026-08-02 22:47:46,2069.28,Restaurants,50092,UPI,DEV-05-1,Android,Pune,22,6,1,10.35,61,1956.91,1415.94,4,1393,877,0,0,0,1179.48,0,
TXN05-04590,5,2026-08-02 22:50:46,1573.73,Restaurants,50140,UPI,DEV-05-3,Web,Mumbai,22,6,1,3.0,62,1957.19,1414.19,2,663,1142,0,0,0,120.15,1,ato_short_gap
TXN05-04591,5,2026-08-02 23:01:38,1131.83,Hotels,50027,Card,DEV-05-1,Android,Pune,23,6,1,10.87,63,1956.24,1412.56,36,1394,878,0,0,0,120.15,0,
TXN05-04592,5,2026-08-03 01:30:16,1024.55,Shopping,50001,UPI,DEV-05-1,Android,Delhi,1,0,0,148.63,1,1954.43,1411.78,477,1395,1414,0,0,0,1179.48,1,late_night_spree
TXN05-04593,5,2026-08-03 02:52:16,8000.0,Shopping,50001,UPI,DEV-05-1,Android,Delhi,2,0,0,82.0,2,1952.12,1410.78,478,1396,1415,0,0,0,0.0,1,late_night_spree
TXN05-04594,5,2026-08-03 06:20:52,1731.5,Hotels,50167,Card,DEV-05-9,Web,Pune,6,0,0,208.6,3,1969.14,1442.02,1,71,879,0,0,1,1179.48,1,ato_new_merchant_same_category_higher_amount
TXN05-04595,5,2026-08-03 06:22:46,1801.05,Taxi,50153,UPI,DEV-05-2,iPhone,Bangalore,6,0,0,1.9,4,1968.55,1440.28,1,981,654,0,0,1,735.23,0,
TXN05-04596,5,2026-08-03 06:28:02,1902.06,Restaurants,50076,UPI,DEV-05-1,Android,Bangalore,6,0,0,5.27,5,1968.14,1438.52,10,1397,655,0,0,0,0.0,0,
TXN05-04597,5,2026-08-03 06:28:54,2631.36,Restaurants,50150,UPI,DEV-05-1,Android,Bangalore,6,0,0,0.87,6,1967.97,1436.75,2,1398,656,0,0,0,0.0,0,
TXN05-04598,5,2026-08-03 06:39:44,1256.91,Taxi,50007,UPI,DEV-05-5,Android,Jaipur,6,0,0,10.83,7,1969.61,1435.35,101,339,446,0,0,0,1561.54,0,
TXN05-04599,5,2026-08-03 07:13:13,2372.97,Hotels,50005,UPI,DEV-05-3,Web,Pune,7,0,0,33.48,8,1969.92,1435.18,326,664,880,0,0,0,953.87,0,
TXN05-04600,5,2026-08-03 07:47:17,3693.52,Restaurants,50008,Card,DEV-05-2,iPhone,Jaipur,7,0,0,34.07,9,1973.26,1434.54,124,982,447,0,0,0,953.87,0,
TXN05-04601,5,2026-08-03 07:53:56,1942.12,Taxi,50039,Card,DEV-05-1,Android,Mumbai,7,0,0,6.65,10,1977.49,1435.3,38,1399,1143,0,0,0,920.74,0,
TXN05-04602,5,2026-08-03 08:06:21,1232.95,Restaurants,50009,UPI,DEV-05-2,iPhone,Delhi,8,0,0,12.42,11,1976.37,1435.15,93,983,1416,0,0,0,1153.24,1,ato_higher_amount
TXN05-04603,5,2026-08-03 08:31:10,3814.12,Restaurants,50004,UPI,DEV-05-2,iPhone,Mumbai,8,0,0,24.82,12,1975.85,1435.39,183,984,1144,0,0,0,1153.24,0,
TXN05-04604,5,2026-08-03 08:40:16,1154.55,Hotels,50010,Card,DEV-05-2,iPhone,Pune,8,0,0,9.1,13,1983.93,1436.46,135,985,881,0,0,0,120.15,0,
TXN05-04605,5,2026-08-03 08:51:22,938.72,Restaurants,50011,UPI,DEV-05-7,Android,Mumbai,8,0,0,11.1,14,1981.89,1435.28,69,143,1145,0,0,0,120.15,0,
TXN05-04606,5,2026-08-03 09:09:32,1730.05,Fuel,50006,Card,DEV-05-3,Web,Mumbai,9,0,0,18.17,15,1983.01,1436.92,163,665,1146,0,0,0,0.0,0,
TXN05-04607,5,2026-08-03 09:11:52,1794.58,Fuel,50001,UPI,DEV-05-1,Android,Unknown Country,9,0,0,2.33,16,1982.39,1435.21,479,1400,24,0,0,0,8211.14,1,unknown_country_purchase
TXN05-04608,5,2026-08-03 09:15:31,429.7,Restaurants,50127,Card,DEV-05-1,Android,Mumbai,9,0,0,3.65,17,1981.93,1433.49,3,1401,1147,0,0,0,8211.14,0,
TXN05-04609,5,2026-08-03 09:16:37,1497.05,Hotels,50060,Card,DEV-05-1,Android,Pune,9,0,0,1.1,18,1978.15,1433.78,21,1402,882,0,0,0,120.15,0,
TXN05-04610,5,2026-08-03 09:28:52,762.48,Restaurants,50021,Card,DEV-05-1,Android,Pune,9,0,0,12.25,19,1976.98,1432.23,36,1403,883,0,0,0,0.0,0,
TXN05-04611,5,2026-08-03 09:49:18,1034.18,Hotels,50120,UPI,DEV-05-4,iPhone,Pune,9,0,0,20.43,20,1975.01,1433.14,4,447,884,0,0,0,0.0,0,
TXN05-04612,5,2026-08-03 09:54:46,1933.41,Fuel,50028,UPI,DEV-05-7,Android,Jaipur,9,0,0,5.47,21,1972.72,1432.15,79,144,448,0,0,0,953.87,0,
TXN05-04613,5,2026-08-03 10:18:53,1290.75,Restaurants,50001,Card,DEV-05-4,iPhone,Bangalore,10,0,0,24.12,22,1972.69,1432.15,480,448,657,0,0,0,1561.54,0,
TXN05-04614,5,2026-08-03 10:36:30,1271.43,Fuel,50059,Card,DEV-05-7,Android,Bangalore,10,0,0,17.62,23,1975.91,1432.06,27,145,658,0,0,0,0.0,0,
TXN05-04615,5,2026-08-03 10:38:45,2420.59,Restaurants,50096,Card,DEV-05-1,Android,Bangalore,10,0,0,2.25,24,1974.2,1430.74,13,1404,659,0,0,0,0.0,0,
TXN05-04616,5,2026-08-03 10:43:46,1650.01,Hotels,50005,UPI,DEV-05-1,Android,Mumbai,10,0,0,5.02,25,1975.28,1429.17,327,1405,1148,0,0,0,845.32,0,
TXN05-04617,5,2026-08-03 10:53:08,1464.93,Restaurants,50034,Card,DEV-05-2,iPhone,Bangalore,10,0,0,9.37,26,1974.49,1427.53,20,986,660,0,0,0,845.32,0,
TXN05-04618,5,2026-08-03 11:09:02,399.35,Restaurants,50008,Card,DEV-05-13,iPhone,Bangalore,11,0,0,15.9,27,1972.88,1427.72,125,17,661,0,0,0,0.0,0,
TXN05-04619,5,2026-08-03 11:32:07,876.98,Taxi,50039,Card,DEV-05-64,iPhone,Pune,11,0,0,23.08,28,1971.54,1428.94,39,1,885,1,0,0,735.23,0,
TXN05-04620,5,2026-08-03 11:33:14,1461.08,Restaurants,50008,UPI,DEV-05-14,iPhone,Pune,11,0,0,1.12,29,1968.9,1428.23,126,15,886,0,0,0,0.0,0,
TXN05-04621,5,2026-08-03 11:51:59,1439.62,Fuel,50053,UPI,DEV-05-1,Android,Mumbai,11,0,0,18.75,30,1967.67,1426.72,37,1406,1149,0,0,0,120.15,0,
TXN05-04622,5,2026-08-03 11:52:19,3558.35,Hotels,50025,UPI,DEV-05-1,Android,Delhi,11,0,0,0.33,31,1966.4,1425.24,38,1407,1417,0,0,0,1153.24,0,
TXN05-04623,5,2026-08-03 11:53:37,966.0,Hotels,50005,UPI,DEV-05-1,Android,Delhi,11,0,0,1.3,32,1970.22,1425.66,328,1408,1418,0,0,0,0.0,0,
TXN05-04624,5,2026-08-03 12:33:37,1123.38,Fuel,50063,UPI,DEV-05-3,Web,Delhi,12,0,0,40.0,33,1967.65,1426.5,13,666,1419,0,0,0,0.0,0,
TXN05-04625,5,2026-08-03 13:26:07,2565.09,Fuel,50055,UPI,DEV-05-2,iPhone,Mumbai,13,0,0,52.5,34,1963.74,1430.73,20,987,1150,0,0,0,1153.24,0,
TXN05-04626,5,2026-08-03 13:40:18,1041.91,Fuel,50003,UPI,DEV-05-4,iPhone,Mumbai,13,0,0,14.18,35,1965.19,1429.31,343,449,1151,0,0,0,0.0,0,
TXN05-04627,5,2026-08-03 13:50:33,4000.0,Restaurants,50112,Card,DEV-05-2,iPhone,Mumbai,13,0,0,10.25,36,1962.97,1428.3,4,988,1152,0,0,0,0.0,0,
TXN05-04628,5,2026-08-03 14:20:05,1205.94,Fuel,50013,UPI,DEV-05-1,Android,Pune,14,0,0,29.53,37,1967.85,1430.07,111,1409,887,0,0,0,120.15,0,
TXN05-04629,5,2026-08-03 14:53:18,792.48,Hotels,50005,Card,DEV-05-1,Android,Mumbai,14,0,0,33.22,38,1967.86,1434.23,329,1410,1153,0,0,0,120.15,0,
TXN05-04630,5,2026-08-03 15:08:08,2028.77,Restaurants,50004,Card,DEV-05-1,Android,Delhi,15,0,0,14.83,39,1965.02,1433.66,184,1411,1420,0,0,0,1153.24,0,
TXN05-04631,5,2026-08-03 15:33:29,1533.92,Fuel,50043,Card,DEV-05-1,Android,Bangalore,15,0,0,25.35,40,1968.24,1433.69,44,1412,662,0,0,0,1750.11,0,
TXN05-04632,5,2026-08-03 15:35:39,1003.6,Restaurants,50001,UPI,DEV-05-2,iPhone,Bangalore,15,0,0,2.17,41,1967.2,1432.12,481,989,663,0,0,0,0.0,0,
TXN05-04633,5,2026-08-03 15:41:00,441.3,Fuel,50013,Card,DEV-05-7,Android,Mumbai,15,0,0,5.35,42,1968.68,1430.8,112,146,1154,0,0,0,845.32,0,
TXN05-04634,5,2026-08-03 16:02:47,2018.25,Restaurants,50016,UPI,DEV-05-4,iPhone,Delhi,16,0,0,21.78,43,1965.01,1431.03,64,450,1421,0,0,0,1153.24,0,
TXN05-04635,5,2026-08-03 16:16:42,1166.5,Fuel,50003,UPI,DEV-05-2,iPhone,Mumbai,16,0,0,13.92,44,1969.16,1433.06,344,990,1155,0,0,0,1153.24,0,
TXN05-04636,5,2026-08-03 17:13:13,3039.64,Fuel,50106,UPI,DEV-05-8,iPhone,Pune,17,0,0,56.52,45,1967.15,1433.98,4,90,888,0,0,0,120.15,0,
TXN05-04637,5,2026-08-03 18:20:56,1094.24,Hotels,50014,Card,DEV-05-2,iPhone,Jaipur,18,0,0,67.72,46,1963.24,1434.66,111,991,449,0,0,0,953.87,0,
TXN05-04638,5,2026-08-03 18:24:32,1038.31,Taxi,50071,Card,DEV-05-6,Web,Delhi,18,0,0,3.6,47,1961.12,1433.55,9,234,1422,0,0,0,237.53,0,
TXN05-04639,5,2026-08-03 18:42:13,577.12,Restaurants,50032,UPI,DEV-05-1,Android,Mumbai,18,0,0,17.68,48,1951.8,1431.83,33,1413,1156,0,0,0,1153.24,0,
TXN05-04640,5,2026-08-03 18:55:13,884.82,Taxi,50030,UPI,DEV-05-3,Web,Bangalore,18,0,0,13.0,49,1949.07,1433.38,48,667,664,0,0,0,845.32,0,
TXN05-04641,5,2026-08-03 19:07:28,841.06,Hotels,50015,Card,DEV-05-6,Web,Delhi,19,0,0,12.25,50,1947.62,1434.16,67,235,1423,0,0,0,1750.11,0,
TXN05-04642,5,2026-08-03 19:23:42,1382.69,Restaurants,50019,Card,DEV-05-10,Android,Delhi,19,0,0,16.23,51,1943.54,1434.93,56,56,1424,0,0,0,0.0,0,
TXN05-04643,5,2026-08-03 19:30:40,1774.39,Hotels,50010,Card,DEV-05-3,Web,Mumbai,19,0,0,6.97,52,1942.17,1433.44,136,668,1157,0,0,0,1153.24,0,
TXN05-04644,5,2026-08-03 19:42:42,1954.95,Fuel,50006,UPI,DEV-05-1,Android,Mumbai,19,0,0,12.03,53,1945.63,1433.98,164,1414,1158,0,0,0,0.0,0,
TXN05-04645,5,2026-08-03 19:45:41,2014.65,Restaurants,50008,UPI,DEV-05-65,iPhone,Pune,19,0,0,2.98,54,1945.66,1432.23,127,1,889,1,0,0,120.15,0,
TXN05-04646,5,2026-08-03 20:22:50,1432.41,Restaurants,50016,Card,DEV-05-3,Web,Mumbai,20,0,0,37.15,55,1945.82,1430.5,65,669,1159,0,0,0,120.15,0,
TXN05-04647,5,2026-08-03 20:25:06,822.48,Fuel,50003,Card,DEV-05-2,iPhone,Delhi,20,0,0,2.27,56,1944.58,1428.98,345,992,1425,0,0,0,1153.24,0,
TXN05-04648,5,2026-08-03 20:42:06,3056.34,Restaurants,50021,Card,DEV-05-1,Android,Bangalore,20,0,0,17.0,57,1941.86,1428.32,37,1415,665,0,0,0,1750.11,0,
TXN05-04649,5,2026-08-03 20:45:51,1037.99,Hotels,50005,Card,DEV-05-3,Web,Mumbai,20,0,0,3.75,58,1944.55,1427.64,330,670,1160,0,0,0,845.32,0,
TXN05-04650,5,2026-08-03 21:11:46,2361.05,Restaurants,50001,Card,DEV-05-3,Web,Delhi,21,0,0,25.92,59,1946.01,1426.41,482,671,1426,0,0,0,1153.24,0,
TXN05-04651,5,2026-08-03 21:40:05,1080.89,Restaurants,50001,UPI,DEV-05-11,iPhone,Delhi,21,0,0,28.32,60,1944.73,1427.91,483,37,1427,0,0,0,0.0,0,
TXN05-04652,5,2026-08-03 21:44:46,1024.4,Hotels,50027,UPI,DEV-05-2,iPhone,Mumbai,21,0,0,4.68,61,1941.27,1428.27,37,993,1161,0,0,0,1153.24,0,
TXN05-04653,5,2026-08-03 21:53:16,1474.34,Restaurants,50004,Card,DEV-05-6,Web,Jaipur,21,0,0,8.5,62,1939.05,1427.25,185,236,450,0,0,0,920.74,0,
TXN05-04654,5,2026-08-03 21:59:13,1585.88,Taxi,50037,UPI,DEV-05-66,iPhone,Mumbai,21,0,0,5.95,63,1937.93,1425.71,43,1,1162,1,0,0,920.74,0,
TXN05-04655,5,2026-08-03 22:27:49,1982.49,Fuel,50043,UPI,DEV-05-5,Android,Mumbai,22,0,0,28.6,64,1938.0,1425.69,45,340,1163,0,0,0,0.0,0,
TXN05-04656,5,2026-08-03 23:08:38,632.09,Fuel,50006,UPI,DEV-05-3,Web,Pune,23,0,0,40.82,65,1933.12,1422.08,165,672,890,0,0,0,120.15,0,
TXN05-04657,5,2026-08-03 23:18:04,1214.01,Hotels,50024,UPI,DEV-05-4,iPhone,Pune,23,0,0,9.43,66,1927.22,1424.29,56,451,891,0,0,0,0.0,0,
TXN05-04658,5,2026-08-03 23:23:14,3177.82,Hotels,50027,Card,DEV-05-2,iPhone,Mumbai,23,0,0,5.17,67,1925.5,1423.0,38,994,1164,0,0,0,120.15,0,
TXN05-04659,5,2026-08-03 23:28:24,1177.68,Hotels,50095,Card,DEV-05-4,iPhone,Pune,23,0,0,5.17,68,1928.52,1422.61,10,452,892,0,0,0,120.15,0,
TXN05-04660,5,2026-08-03 23:32:24,3645.9,Taxi,50172,UPI,DEV-05-2,iPhone,Bangalore,23,0,0,4.0,69,1926.71,1421.37,1,995,666,0,0,1,735.23,1,ato_short_gap_new_merchant_same_category
TXN05-04661,5,2026-08-03 23:46:52,829.42,Hotels,50056,UPI,DEV-05-2,iPhone,Bangalore,23,0,0,14.47,70,1933.81,1422.56,24,996,667,0,0,0,0.0,0,
TXN05-04662,5,2026-08-04 01:16:45,2570.14,Taxi,50037,Card,DEV-UNK-7240,Android,Mumbai,1,1,0,89.88,1,1922.31,1412.05,44,1,1165,1,0,0,845.32,1,ato_odd_hour_new_device
TXN05-04663,5,2026-08-04 06:11:29,1450.05,Hotels,50051,Card,DEV-05-2,iPhone,Pune,6,1,0,294.73,2,1919.77,1402.95,11,997,893,0,0,0,120.15,0,
TXN05-04664,5,2026-08-04 07:15:34,1739.62,Restaurants,50001,UPI,DEV-05-1,Android,Mumbai,7,1,0,64.08,3,1924.79,1402.02,484,1416,1166,0,0,0,120.15,0,
TXN05-04665,5,2026-08-04 07:33:36,681.45,Hotels,50060,Card,DEV-05-4,iPhone,Pune,7,1,0,18.03,4,1923.1,1399.88,22,453,894,0,0,0,120.15,0,
TXN05-04666,5,2026-08-04 08:37:14,1163.74,Restaurants,50004,Card,DEV-05-6,Web,Delhi,8,1,0,63.63,5,1928.23,1401.32,186,237,1428,0,0,0,1179.48,0,
TXN05-04667,5,2026-08-04 08:51:55,1713.8,Fuel,50040,UPI,DEV-05-2,iPhone,Bangalore,8,1,0,14.68,6,1921.32,1398.08,62,998,668,0,0,0,1750.11,0,
TXN05-04668,5,2026-08-04 09:35:24,2174.46,Hotels,50015,UPI,DEV-05-1,Android,Delhi,9,1,0,43.48,7,1924.43,1397.95,68,1417,1429,0,0,0,1750.11,0,
TXN05-04669,5,2026-08-04 09:37:05,1609.06,Hotels,50025,UPI,DEV-05-1,Android,Jaipur,9,1,0,1.68,8,1925.04,1396.3,39,1418,451,0,0,0,237.53,0,
TXN05-04670,5,2026-08-04 11:32:31,2016.67,Hotels,50010,Card,DEV-05-3,Web,Delhi,11,1,0,115.43,9,1929.94,1403.98,137,673,1430,0,0,0,237.53,0,
TXN05-04671,5,2026-08-04 11:41:23,641.11,Fuel,50006,UPI,DEV-05-1,Android,Delhi,11,1,0,8.87,10,1930.15,1402.26,166,1419,1431,0,0,0,0.0,0,
TXN05-04672,5,2026-08-04 11:45:34,1582.2,Hotels,50148,UPI,DEV-05-8,iPhone,Delhi,11,1,0,4.18,11,1926.98,1401.98,2,91,1432,0,0,0,0.0,0,
TXN05-04673,5,2026-08-04 12:22:05,1750.78,Taxi,50002,UPI,DEV-05-5,Android,Pune,12,1,0,36.52,12,1932.73,1400.51,235,341,895,0,0,0,1179.48,0,
TXN05-04674,5,2026-08-04 12:46:32,962.53,Hotels,50027,UPI,DEV-05-3,Web,Pune,12,1,0,24.45,13,1927.17,1396.76,39,674,896,0,0,0,0.0,0,
TXN05-04675,5,2026-08-04 12:49:15,4000.0,Fuel,50028,Card,DEV-05-1,Android,Delhi,12,1,0,2.72,14,1924.93,1397.58,80,1420,1433,0,0,0,1179.48,0,
TXN05-04676,5,2026-08-04 12:57:36,3019.9,Fuel,50048,Card,DEV-05-9,Web,Bangalore,12,1,0,8.35,15,1930.04,1399.64,31,72,669,0,0,0,1750.11,0,
TXN05-04677,5,2026-08-04 15:03:47,1167.88,Fuel,50131,UPI,DEV-05-1,Android,Bangalore,15,1,0,126.18,16,1931.79,1404.73,3,1421,670,0,0,0,0.0,0,
TXN05-04678,5,2026-08-04 15:36:32,612.66,Fuel,50028,UPI,DEV-05-2,iPhone,Bangalore,15,1,0,32.75,17,1932.92,1407.47,81,999,671,0,0,0,0.0,0,
TXN05-04679,5,2026-08-04 15:53:02,1186.32,Fuel,50013,UPI,DEV-05-1,Android,Mumbai,15,1,0,16.5,18,1929.62,1407.25,113,1422,1167,0,0,0,845.32,0,
TXN05-04680,5,2026-08-04 15:57:06,2172.7,Fuel,50136,Card,DEV-05-3,Web,Delhi,15,1,0,4.07,19,1928.95,1407.54,2,675,1434,0,0,0,1153.24,0,
TXN05-04681,5,2026-08-04 16:27:28,398.0,Taxi,50154,Card,DEV-05-5,Android,Jaipur,16,1,0,30.37,20,1927.47,1406.78,2,342,452,0,0,0,237.53,0,
TXN05-04682,5,2026-08-04 17:45:24,522.5,Restaurants,50041,Card,DEV-05-1,Android,Delhi,17,1,0,77.93,21,1926.86,1407.39,15,1423,1435,0,0,0,237.53,0,
TXN05-04683,5,2026-08-04 18:32:45,291.32,Taxi,50002,Card,DEV-05-2,iPhone,Delhi,18,1,0,47.35,22,1924.05,1410.91,236,1000,1436,0,0,0,0.0,0,
TXN05-04684,5,2026-08-04 18:49:50,4000.0,Restaurants,50012,Card,DEV-05-3,Web,Delhi,18,1,0,17.08,23,1919.95,1411.5,77,676,1437,0,0,0,0.0,0,
TXN05-04685,5,2026-08-04 18:55:07,1470.67,Taxi,50002,UPI,DEV-05-1,Android,Mumbai,18,1,0,5.28,24,1925.8,1415.28,237,1424,1168,0,0,0,1153.24,0,
TXN05-04686,5,2026-08-04 19:20:52,3675.8,Fuel,50003,UPI,DEV-05-3,Web,Mumbai,19,1,0,25.75,25,1926.42,1417.03,346,677,1169,0,0,0,0.0,0,
TXN05-04687,5,2026-08-04 19:22:16,4000.0,Taxi,50071,Card,DEV-05-5,Android,Jaipur,19,1,0,1.4,26,1930.82,1417.95,10,343,453,0,0,0,920.74,0,
TXN05-04688,5,2026-08-04 19:22:44,623.39,Hotels,50027,Card,DEV-05-1,Android,Delhi,19,1,0,0.47,27,1936.0,1419.95,40,1425,1438,0,0,0,237.53,0,
TXN05-04689,5,2026-08-04 19:24:47,2484.56,Hotels,50017,Card,DEV-05-2,iPhone,Pune,19,1,0,2.05,28,1932.72,1419.69,71,1001,897,0,0,0,1179.48,0,
TXN05-04690,5,2026-08-04 19:32:48,3240.0,Taxi,50002,UPI,DEV-05-1,Android,Delhi,19,1,0,8.02,29,1934.1,1418.18,238,1426,1439,0,0,0,1179.48,0,
TXN05-04691,5,2026-08-04 20:06:43,1772.78,Hotels,50014,UPI,DEV-05-3,Web,Jaipur,20,1,0,33.92,30,1932.56,1419.23,112,678,454,0,0,0,237.53,0,
TXN05-04692,5,2026-08-04 20:23:10,3065.87,Taxi,50037,Card,DEV-05-4,iPhone,Bangalore,20,1,0,16.45,31,1932.16,1417.48,45,454,672,0,0,0,1561.54,0,
TXN05-04693,5,2026-08-04 20:25:13,2649.81,Fuel,50106,UPI,DEV-05-6,Web,Bangalore,20,1,0,2.05,32,1934.99,1416.84,5,238,673,0,0,0,0.0,0,
TXN05-04694,5,2026-08-04 21:32:28,2189.99,Fuel,50006,UPI,DEV-05-1,Android,Bangalore,21,1,0,67.25,33,1946.13,1420.25,167,1427,674,0,0,0,0.0,0,
TXN05-04695,5,2026-08-04 23:07:32,3741.6,Taxi,50141,Card,DEV-05-3,Web,Delhi,23,1,0,95.07,34,1946.34,1423.72,2,679,1440,0,0,0,1750.11,0,
TXN05-04696,5,2026-08-04 23:09:33,2694.8,Fuel,50114,UPI,DEV-05-5,Android,Delhi,23,1,0,2.02,35,1950.88,1424.77,5,344,1441,0,0,0,0.0,0,
TXN05-04697,5,2026-08-04 23:55:23,2763.37,Restaurants,50155,Card,DEV-05-1,Android,Delhi,23,1,0,45.83,36,1951.56,1425.93,1,1428,1442,0,0,1,0.0,0,
TXN05-04698,5,2026-08-05 06:04:35,2412.65,Fuel,50003,Card,DEV-05-1,Android,Delhi,6,2,0,369.2,1,1955.19,1425.92,347,1429,1443,0,0,0,0.0,0,
TXN05-04699,5,2026-08-05 06:26:35,3311.15,Hotels,50005,UPI,DEV-05-3,Web,Delhi,6,2,0,22.0,2,1956.43,1426.1,331,680,1444,0,0,0,0.0,0,
TXN05-04700,5,2026-08-05 07:01:44,1495.44,Fuel,50139,UPI,DEV-05-14,iPhone,Mumbai,7,2,0,35.15,3,1960.82,1427.62,2,16,1170,0,0,0,1153.24,0,
TXN05-04701,5,2026-08-05 07:02:30,929.92,Restaurants,50127,Card,DEV-05-2,iPhone,Delhi,7,2,0,0.77,4,1959.64,1425.99,4,1002,1445,0,0,0,1153.24,0,
TXN05-04702,5,2026-08-05 07:18:12,1660.04,Hotels,50005,Card,DEV-05-2,iPhone,Pune,7,2,0,15.7,5,1954.88,1426.3,332,1003,898,0,0,0,1179.48,0,
TXN05-04703,5,2026-08-05 07:34:28,1534.08,Restaurants,50033,Card,DEV-05-5,Android,Mumbai,7,2,0,16.27,6,1958.02,1426.86,26,345,1171,0,0,0,120.15,0,
TXN05-04704,5,2026-08-05 07:57:18,1129.78,Fuel,50003,UPI,DEV-05-1,Android,Delhi,7,2,0,22.83,7,1956.94,1425.2,348,1430,1446,0,0,0,1153.24,0,
TXN05-04705,5,2026-08-05 08:02:18,3125.31,Restaurants,50026,UPI,DEV-05-3,Web,Jaipur,8,2,0,5.0,8,1954.84,1424.0,38,681,455,0,0,0,237.53,1,ato_higher_amount_short_gap
TXN05-04706,5,2026-08-05 08:33:37,3578.88,Restaurants,50009,UPI,DEV-05-1,Android,Delhi,8,2,0,31.32,9,1957.8,1423.41,94,1431,1447,0,0,0,237.53,0,
TXN05-04707,5,2026-08-05 08:41:43,899.17,Hotels,50015,UPI,DEV-05-6,Web,Pune,8,2,0,8.1,10,1961.89,1423.94,69,239,899,0,0,0,1179.48,0,
TXN05-04708,5,2026-08-05 08:43:49,2640.95,Restaurants,50004,Card,DEV-05-1,Android,Mumbai,8,2,0,2.1,11,1959.22,1423.14,187,1432,1172,0,0,0,120.15,0,
TXN05-04709,5,2026-08-05 09:02:02,430.68,Fuel,50040,Card,DEV-05-4,iPhone,Mumbai,9,2,0,18.22,12,1960.93,1421.76,63,455,1173,0,0,0,0.0,0,
TXN05-04710,5,2026-08-05 09:08:09,2865.8,Taxi,50049,UPI,DEV-05-2,iPhone,Pune,9,2,0,6.12,13,1957.1,1422.04,29,1004,900,0,0,0,120.15,0,
TXN05-04711,5,2026-08-05 09:26:42,4000.0,Restaurants,50156,Card,DEV-05-1,Android,Mumbai,9,2,0,18.55,14,1958.19,1422.57,1,1433,1174,0,0,1,120.15,0,
TXN05-04712,5,2026-08-05 09:32:38,1249.21,Hotels,50157,Card,DEV-05-2,iPhone,Pune,9,2,0,5.93,15,1962.55,1426.15,1,1005,901,0,0,1,120.15,0,
TXN05-04713,5,2026-08-05 10:33:09,729.93,Fuel,50006,Card,DEV-05-3,Web,Pune,10,2,0,60.52,16,1961.83,1430.32,168,682,902,0,0,0,0.0,0,
TXN05-04714,5,2026-08-05 10:34:01,100000.0,Bank Transfer,50001,Card,DEV-05-1,Android,Delhi,10,2,0,0.87,17,1958.73,1429.85,485,1434,1448,0,0,0,1179.48,1,huge_transfer
TXN05-04715,5,2026-08-05 11:38:52,1409.64,Fuel,50013,Card,DEV-05-12,Web,Bangalore,11,2,0,64.85,18,2209.13,5130.51,114,21,675,0,0,0,1750.11,0,
TXN05-04716,5,2026-08-05 12:25:31,383.34,Restaurants,50022,UPI,DEV-05-4,iPhone,Pune,12,2,0,46.65,19,2207.94,5149.79,37,456,903,0,0,0,735.23,0,
TXN05-04717,5,2026-08-05 12:34:58,2158.08,Restaurants,50042,UPI,DEV-05-4,iPhone,Delhi,12,2,0,9.45,20,2200.06,5150.21,19,457,1449,0,0,0,1179.48,0,
TXN05-04718,5,2026-08-05 12:52:06,1596.73,Restaurants,50001,UPI,DEV-05-2,iPhone,Delhi,12,2,0,17.13,21,2197.13,5149.91,486,1006,1450,0,0,0,0.0,0,
TXN05-04719,5,2026-08-05 13:11:48,986.17,Restaurants,50023,Card,DEV-05-1,Android,Mumbai,13,2,0,19.7,22,2194.22,5149.92,33,1435,1175,0,0,0,1153.24,0,
TXN05-04720,5,2026-08-05 14:06:21,1384.28,Restaurants,50012,Card,DEV-05-1,Android,Bangalore,14,2,0,54.55,23,2201.41,5169.03,78,1436,676,0,0,0,845.32,0,
TXN05-04721,5,2026-08-05 14:14:39,1362.15,Restaurants,50008,Card,DEV-05-2,iPhone,Jaipur,14,2,0,8.3,24,2200.31,5169.16,128,1007,456,0,0,0,1561.54,0,
TXN05-04722,5,2026-08-05 14:44:15,2469.96,Hotels,50018,Card,DEV-05-1,Android,Jaipur,14,2,0,29.6,25,2204.15,5181.87,48,1437,457,0,0,0,0.0,0,
TXN05-04723,5,2026-08-05 14:58:03,3870.13,Restaurants,50001,UPI,DEV-05-5,Android,Bangalore,14,2,0,13.8,26,2204.83,5175.21,487,346,677,0,0,0,1561.54,0,
TXN05-04724,5,2026-08-05 15:54:30,1188.94,Restaurants,50122,Card,DEV-05-3,Web,Delhi,15,2,0,56.45,27,2210.05,5195.56,3,683,1451,0,0,0,1750.11,0,
TXN05-04725,5,2026-08-05 15:56:38,2217.1,Hotels,50051,UPI,DEV-05-2,iPhone,Delhi,15,2,0,2.13,28,2207.41,5189.08,12,1008,1452,0,0,0,0.0,0,
TXN05-04726,5,2026-08-05 16:11:59,1196.05,Restaurants,50004,Card,DEV-05-1,Android,Mumbai,16,2,0,15.35,29,2207.43,5182.37,188,1438,1176,0,0,0,1153.24,0,
TXN05-04727,5,2026-08-05 16:16:21,1299.87,Hotels,50113,Card,DEV-05-4,iPhone,Chennai,16,2,0,4.37,30,2204.82,5175.94,5,458,7,0,0,0,1033.1,0,
TXN05-04728,5,2026-08-05 16:19:26,2318.67,Fuel,50003,Card,DEV-05-6,Web,Pune,16,2,0,3.08,31,2203.36,5176.12,349,240,904,0,0,0,914.36,0,
TXN05-04729,5,2026-08-05 16:20:54,875.68,Hotels,50014,Card,DEV-05-1,Android,Bangalore,16,2,0,1.47,32,2203.65,5169.47,113,1439,678,0,0,0,735.23,0,
TXN05-04730,5,2026-08-05 16:33:27,1739.88,Taxi,50039,UPI,DEV-05-6,Web,Mumbai,16,2,0,12.55,33,2200.25,5163.27,40,241,1177,0,0,0,845.32,0,
TXN05-04731,5,2026-08-05 16:55:39,1675.82,Hotels,50005,Card,DEV-05-1,Android,Delhi,16,2,0,22.2,34,2205.9,5169.07,333,1440,1453,0,0,0,1153.24,0,
TXN05-04732,5,2026-08-05 17:01:35,1744.45,Fuel,50040,Card,DEV-05-1,Android,Pune,17,2,0,5.93,35,2204.54,5162.51,64,1441,905,0,0,0,1179.48,0,
TXN05-04733,5,2026-08-05 17:11:48,1171.78,Restaurants,50004,UPI,DEV-05-3,Web,Bangalore,17,2,0,10.22,36,2198.75,5161.75,189,684,679,0,0,0,735.23,0,
TXN05-04734,5,2026-08-05 17:33:25,2075.47,Hotels,50158,Card,DEV-05-6,Web,Delhi,17,2,0,21.62,37,2198.48,5168.54,1,242,1454,0,0,1,1750.11,0,
TXN05-04735,5,2026-08-05 17:51:21,904.42,Restaurants,50022,UPI,DEV-05-1,Android,Mumbai,17,2,0,17.93,38,2197.4,5168.52,38,1442,1178,0,0,0,1153.24,0,
TXN05-04736,5,2026-08-05 18:40:17,1222.42,Hotels,50036,Card,DEV-05-3,Web,Mumbai,18,2,0,48.93,39,2212.08,5206.89,29,685,1179,0,0,0,0.0,0,
TXN05-04737,5,2026-08-05 18:54:55,2675.41,Hotels,50005,Card,DEV-05-2,iPhone,Delhi,18,2,0,14.63,40,2209.5,5200.35,334,1009,1455,0,0,0,1153.24,0,
TXN05-04738,5,2026-08-05 19:19:41,823.9,Hotels,50051,UPI,DEV-05-2,iPhone,Pune,19,2,0,24.77,41,2213.32,5206.97,13,1010,906,0,0,0,1179.48,0,
TXN05-04739,5,2026-08-05 19:21:40,2042.81,Hotels,50095,Card,DEV-05-11,iPhone,Delhi,19,2,0,1.98,42,2209.7,5200.67,11,38,1456,0,0,0,1179.48,0,
TXN05-04740,5,2026-08-05 19:24:34,618.88,Fuel,50013,Card,DEV-05-2,iPhone,Delhi,19,2,0,2.9,43,2204.61,5199.87,115,1011,1457,0,0,0,0.0,0,
TXN05-04741,5,2026-08-05 19:35:09,1636.3,Restaurants,50116,UPI,DEV-05-1,Android,Delhi,19,2,0,10.58,44,2205.0,5206.44,4,1443,1458,0,0,0,0.0,0,
TXN05-04742,5,2026-08-05 19:59:18,1302.23,Hotels,50017,UPI,DEV-05-3,Web,Mumbai,19,2,0,24.15,45,2206.85,5206.11,72,686,1180,0,0,0,1153.24,0,
TXN05-04743,5,2026-08-05 20:02:11,3139.44,Fuel,50006,Card,DEV-05-1,Android,Jaipur,20,2,0,2.88,46,2204.49,5199.53,169,1444,458,0,0,0,920.74,0,
TXN05-04744,5,2026-08-05 20:02:32,763.09,Restaurants,50012,UPI,DEV-05-7,Android,Mumbai,20,2,0,0.35,47,2206.92,5192.99,79,147,1181,0,0,0,920.74,0,
TXN05-04745,5,2026-08-05 20:05:43,4000.0,Taxi,50029,Card,DEV-05-2,iPhone,Mumbai,20,2,0,3.18,48,2206.13,5193.19,67,1012,1182,0,0,0,0.0,0,
TXN05-04746,5,2026-08-05 20:20:23,436.59,Taxi,50030,Card,DEV-05-3,Web,Delhi,20,2,0,14.67,49,2210.78,5187.26,49,687,1459,0,0,0,1153.24,0,
TXN05-04747,5,2026-08-05 20:39:36,1878.68,Fuel,50059,UPI,DEV-05-8,iPhone,Mumbai,20,2,0,19.22,50,2208.76,5187.8,28,92,1183,0,0,0,1153.24,0,
TXN05-04748,5,2026-08-05 20:46:16,2827.39,Taxi,50002,UPI,DEV-05-10,Android,Pune,20,2,0,6.67,51,2207.91,5181.12,239,57,907,0,0,0,120.15,0,
TXN05-04749,5,2026-08-05 21:29:27,1476.61,Restaurants,50004,UPI,DEV-05-2,iPhone,Delhi,21,2,0,43.18,52,2209.51,5174.53,190,1013,1460,0,0,0,1179.48,0,
TXN05-04750,5,2026-08-05 21:48:55,906.84,Hotels,50077,Card,DEV-05-3,Web,Delhi,21,2,0,19.47,53,2203.0,5173.86,11,688,1461,0,0,0,0.0,0,
TXN05-04751,5,2026-08-05 22:01:43,1237.48,Taxi,50049,UPI,DEV-05-5,Android,Jaipur,22,2,0,12.8,54,2202.79,5173.91,30,347,459,0,0,0,237.53,0,
TXN05-04752,5,2026-08-05 22:18:16,1801.84,Hotels,50060,UPI,DEV-05-6,Web,Mumbai,22,2,0,16.55,55,2195.22,5180.22,23,243,1184,0,0,0,920.74,0,
TXN05-04753,5,2026-08-05 22:47:08,2056.17,Taxi,50061,UPI,DEV-05-2,iPhone,Delhi,22,2,0,28.87,56,2195.8,5180.16,12,1014,1462,0,0,0,1153.24,0,
TXN05-04754,5,2026-08-05 22:59:54,2224.58,Fuel,50028,Card,DEV-05-1,Android,Pune,22,2,0,12.77,57,2195.63,5180.17,82,1445,908,0,0,0,1179.48,0,
TXN05-04755,5,2026-08-05 23:00:26,1147.31,Restaurants,50020,Card,DEV-05-3,Web,Bangalore,23,2,0,0.53,58,2195.7,5173.49,29,689,680,0,0,0,735.23,0,
TXN05-04756,5,2026-08-05 23:12:53,2908.05,Restaurants,50012,UPI,DEV-05-6,Web,Pune,23,2,0,12.45,59,2194.2,5173.71,80,244,909,0,0,0,735.23,0,
TXN05-04757,5,2026-08-05 23:20:50,1721.83,Hotels,50005,Card,DEV-05-1,Android,Pune,23,2,0,7.95,60,2196.04,5167.18,335,1446,910,0,0,0,0.0,0,
TXN05-04758,5,2026-08-05 23:54:42,1329.41,Hotels,50010,Card,DEV-05-1,Android,Pune,23,2,0,33.87,61,2200.29,5173.33,138,1447,911,0,0,0,0.0,0,
TXN05-04759,5,2026-08-05 23:55:24,3089.94,Restaurants,50001,Card,DEV-05-3,Web,Pune,23,2,0,0.7,62,2198.05,5166.86,488,690,912,0,0,0,0.0,0,
TXN05-04760,5,2026-08-06 01:23:50,5590.06,Shopping,50001,UPI,DEV-05-1,Android,Delhi,1,3,0,88.43,1,2200.34,5160.43,489,1448,1463,0,0,0,1179.48,1,late_night_spree
TXN05-04761,5,2026-08-06 01:42:33,2032.88,Shopping,50001,UPI,DEV-05-1,Android,Delhi,1,3,0,18.72,2,2209.01,5156.67,490,1449,1464,0,0,0,0.0,1,late_night_spree
TXN05-04762,5,2026-08-06 02:22:50,1511.35,Shopping,50001,UPI,DEV-05-1,Android,Delhi,2,3,0,40.28,3,2208.56,5150.09,491,1450,1465,0,0,0,0.0,1,late_night_spree
TXN05-04763,5,2026-08-06 02:48:33,5902.63,Shopping,50001,UPI,DEV-05-1,Android,Delhi,2,3,0,25.72,4,2206.78,5143.66,492,1451,1466,0,0,0,0.0,1,late_night_spree
TXN05-04764,5,2026-08-06 05:07:16,4082.56,Fuel,50001,UPI,DEV-05-1,Android,Unknown Country,5,3,0,138.72,5,2216.16,5140.49,493,1452,25,0,0,0,8752.13,1,unknown_country_purchase
TXN05-04765,5,2026-08-06 06:32:02,1486.54,Fuel,50059,UPI,DEV-05-1,Android,Delhi,6,3,0,84.77,6,2224.18,5140.93,29,1453,1467,0,0,0,8752.13,0,
TXN05-04766,5,2026-08-06 07:06:27,1559.27,Fuel,50119,UPI,DEV-05-5,Android,Mumbai,7,3,0,34.42,7,2229.66,5146.55,4,348,1185,0,0,0,1153.24,0,
TXN05-04767,5,2026-08-06 07:12:49,2554.58,Taxi,50037,Card,DEV-05-4,iPhone,Delhi,7,3,0,6.37,8,2227.96,5140.13,46,459,1468,0,0,0,1153.24,0,
TXN05-04768,5,2026-08-06 07:23:46,3602.56,Taxi,50153,UPI,DEV-05-1,Android,Pune,7,3,0,10.95,9,2230.18,5146.62,2,1454,913,0,0,0,1179.48,0,
TXN05-04769,5,2026-08-06 07:34:41,1300.95,Fuel,50003,Card,DEV-05-2,iPhone,Delhi,7,3,0,10.92,10,2235.09,5147.01,350,1015,1469,0,0,0,1179.48,0,
TXN05-04770,5,2026-08-06 08:13:02,3516.11,Fuel,50131,UPI,DEV-05-3,Web,Mumbai,8,3,0,38.35,11,2234.48,5153.66,4,691,1186,0,0,0,1153.24,0,
TXN05-04771,5,2026-08-06 08:41:07,4000.0,Restaurants,50019,Card,DEV-05-10,Android,Mumbai,8,3,0,28.08,12,2242.52,5172.64,57,58,1187,0,0,0,0.0,0,
TXN05-04772,5,2026-08-06 09:36:56,801.49,Hotels,50005,Card,DEV-05-1,Android,Jaipur,9,3,0,55.82,13,2258.6,5191.9,336,1455,460,0,0,0,920.74,0,
TXN05-04773,5,2026-08-06 09:37:45,1284.38,Hotels,50010,UPI,DEV-05-5,Android,Mumbai,9,3,0,0.82,14,2252.99,5192.3,139,349,1188,0,0,0,920.74,0,
TXN05-04774,5,2026-08-06 09:40:01,1209.04,Restaurants,50087,UPI,DEV-05-2,iPhone,Pune,9,3,0,2.27,15,2250.48,5185.82,9,1016,914,0,0,0,120.15,0,
TXN05-04775,5,2026-08-06 09:52:00,3192.49,Hotels,50005,Card,DEV-05-4,iPhone,Delhi,9,3,0,11.98,16,2251.09,5185.68,337,460,1470,0,0,0,1179.48,0,
TXN05-04776,5,2026-08-06 10:00:12,4000.0,Taxi,50007,Card,DEV-05-1,Android,Pune,10,3,0,8.2,17,2254.39,5185.88,102,1456,915,0,0,0,1179.48,0,
TXN05-04777,5,2026-08-06 10:52:02,628.2,Restaurants,50020,UPI,DEV-05-2,iPhone,Bangalore,10,3,0,51.83,18,2257.41,5192.25,30,1017,681,0,0,0,735.23,0,
TXN05-04778,5,2026-08-06 10:58:14,2098.03,Hotels,50085,Card,DEV-05-7,Android,Delhi,10,3,0,6.2,19,2253.2,5186.2,10,148,1471,0,0,0,1750.11,0,
TXN05-04779,5,2026-08-06 12:45:28,1447.75,Fuel,50040,Card,DEV-05-6,Web,Mumbai,12,3,0,107.23,20,2239.47,5218.84,65,245,1189,0,0,0,1153.24,0,
TXN05-04780,5,2026-08-06 13:01:36,956.3,Fuel,50003,UPI,DEV-05-7,Android,Delhi,13,3,0,16.13,21,2246.33,5231.59,351,149,1472,0,0,0,1153.24,0,
TXN05-04781,5,2026-08-06 13:06:13,660.05,Restaurants,50008,Card,DEV-05-2,iPhone,Delhi,13,3,0,4.62,22,2245.8,5231.71,129,1018,1473,0,0,0,0.0,0,
TXN05-04782,5,2026-08-06 13:49:16,100000.0,Bank Transfer,50001,Card,DEV-05-1,Android,Delhi,13,3,0,43.05,23,2248.31,5258.05,494,1457,1474,0,0,0,0.0,1,huge_transfer
TXN05-04783,5,2026-08-06 14:24:35,3191.84,Hotels,50005,Card,DEV-05-7,Android,Pune,14,3,0,35.32,24,2513.85,7293.13,338,150,916,0,0,0,1179.48,0,
TXN05-04784,5,2026-08-06 14:57:50,3563.63,Restaurants,50021,Card,DEV-05-1,Android,Mumbai,14,3,0,33.25,25,2515.66,7283.46,38,1458,1190,0,0,0,120.15,0,
TXN05-04785,5,2026-08-06 15:11:19,3802.87,Taxi,50039,Card,DEV-05-6,Web,Delhi,15,3,0,13.48,26,2519.89,7283.61,41,246,1475,0,0,0,1153.24,0,
TXN05-04786,5,2026-08-06 15:23:21,1302.09,Restaurants,50159,Card,DEV-05-67,iPhone,Delhi,15,3,0,12.03,27,2523.31,7274.19,1,1,1476,1,0,1,0.0,0,
TXN05-04787,5,2026-08-06 15:46:28,1737.77,Hotels,50010,UPI,DEV-05-2,iPhone,Bangalore,15,3,0,23.12,28,2520.06,7264.78,140,1019,682,0,0,0,1750.11,0,
TXN05-04788,5,2026-08-06 16:09:05,3320.72,Fuel,50040,UPI,DEV-05-8,iPhone,Pune,16,3,0,22.62,29,2522.16,7274.14,66,93,917,0,0,0,735.23,0,
TXN05-04789,5,2026-08-06 16:21:34,4000.0,Hotels,50005,Card,DEV-05-1,Android,Delhi,16,3,0,12.48,30,2524.29,7264.58,339,1459,1477,0,0,0,1179.48,0,
TXN05-04790,5,2026-08-06 16:25:09,1421.94,Restaurants,50008,Card,DEV-05-2,iPhone,Delhi,16,3,0,3.58,31,2528.2,7255.34,130,1020,1478,0,0,0,0.0,0,
TXN05-04791,5,2026-08-06 16:26:40,1976.56,Taxi,50007,UPI,DEV-05-1,Android,Jaipur,16,3,0,1.52,32,2525.27,7245.96,103,1460,461,0,0,0,237.53,0,
TXN05-04792,5,2026-08-06 16:32:35,805.33,Restaurants,50009,UPI,DEV-05-5,Android,Pune,16,3,0,5.92,33,2529.29,7245.23,95,350,918,0,0,0,953.87,0,
TXN05-04793,5,2026-08-06 17:42:23,1512.23,Restaurants,50021,UPI,DEV-05-1,Android,Pune,17,3,0,69.8,34,2547.87,7291.56,39,1461,919,0,0,0,0.0,0,
TXN05-04794,5,2026-08-06 18:45:17,2311.28,Fuel,50013,UPI,DEV-05-2,iPhone,Delhi,18,3,0,62.9,35,2546.96,7291.67,116,1021,1479,0,0,0,1179.48,0,
TXN05-04795,5,2026-08-06 18:54:54,4000.0,Hotels,50015,UPI,DEV-05-2,iPhone,Mumbai,18,3,0,9.62,36,2546.33,7281.93,70,1022,1191,0,0,0,1153.24,0,
TXN05-04796,5,2026-08-06 19:07:55,4000.0,Hotels,50005,UPI,DEV-05-2,iPhone,Mumbai,19,3,0,13.02,37,2546.33,7281.93,340,1023,1192,0,0,0,0.0,0,
TXN05-04797,5,2026-08-06 19:25:04,822.01,Hotels,50160,Card,DEV-05-1,Android,Mumbai,19,3,0,17.15,38,2554.84,7291.53,1,1462,1193,0,0,1,0.0,0,
TXN05-04798,5,2026-08-06 19:25:06,2763.56,Restaurants,50001,Card,DEV-05-6,Web,Mumbai,19,3,0,0.03,39,2550.21,7282.33,495,247,1194,0,0,0,0.0,0,
TXN05-04799,5,2026-08-06 19:58:51,911.55,Hotels,50005,UPI,DEV-05-1,Android,Jaipur,19,3,0,33.75,40,2550.41,7291.39,341,1463,462,0,0,0,920.74,0,
TXN05-04800,5,2026-08-06 20:10:42,635.77,Fuel,50081,Card,DEV-05-3,Web,Delhi,20,3,0,11.85,41,2546.02,7282.13,7,692,1480,0,0,0,237.53,0,
TXN05-04801,5,2026-08-06 20:45:33,2029.67,Fuel,50006,Card,DEV-05-68,Android,Bangalore,20,3,0,34.85,42,2540.93,7273.08,170,1,683,1,0,0,1750.11,0,
TXN05-04802,5,2026-08-06 21:30:04,2532.52,Fuel,50043,Card,DEV-05-1,Android,Pune,21,3,0,44.52,43,2543.05,7272.81,46,1464,920,0,0,0,735.23,0,
TXN05-04803,5,2026-08-06 21:42:59,1656.88,Hotels,50024,Card,DEV-05-2,iPhone,Delhi,21,3,0,12.92,44,2543.6,7282.43,57,1024,1481,0,0,0,1179.48,0,
TXN05-04804,5,2026-08-06 21:52:10,1044.81,Fuel,50063,Card,DEV-05-11,iPhone,Pune,21,3,0,9.18,45,2544.54,7282.3,14,39,921,0,0,0,1179.48,0,
TXN05-04805,5,2026-08-06 22:31:26,4000.0,Fuel,50161,UPI,DEV-05-3,Web,Pune,22,3,0,39.27,46,2554.72,7320.52,1,693,922,0,0,1,0.0,0,
TXN05-04806,5,2026-08-06 22:46:29,2885.09,Restaurants,50012,Card,DEV-05-1,Android,Bangalore,22,3,0,15.05,47,2558.61,7311.03,81,1465,684,0,0,0,735.23,0,
TXN05-04807,5,2026-08-06 23:22:49,2326.91,Hotels,50005,UPI,DEV-05-5,Android,Bangalore,23,3,0,36.33,48,2559.49,7301.22,342,351,685,0,0,0,0.0,0,
TXN05-04808,5,2026-08-06 23:50:47,1286.72,Restaurants,50011,UPI,DEV-05-4,iPhone,Pune,23,3,0,27.97,49,2560.24,7301.18,70,461,923,0,0,0,735.23,0,
TXN05-04809,5,2026-08-06 23:53:31,3258.51,Restaurants,50001,UPI,DEV-05-4,iPhone,Mumbai,23,3,0,2.73,50,2556.82,7291.69,496,462,1195,0,0,0,120.15,0,
TXN05-04810,5,2026-08-07 00:25:04,1459.18,Hotels,50168,Card,DEV-05-1,Android,Delhi,0,4,0,31.55,1,2562.93,7301.24,1,1466,1482,0,0,1,1153.24,1,ato_odd_hour_new_merchant_same_category
TXN05-04811,5,2026-08-07 02:01:29,3007.7,Taxi,50196,Card,DEV-05-2,iPhone,Pune,2,4,0,96.42,2,2562.17,7301.34,1,1025,924,0,0,1,1179.48,1,ato_new_merchant_same_category_odd_hour
TXN05-04812,5,2026-08-07 06:03:15,3779.32,Taxi,50007,Card,DEV-05-11,iPhone,Mumbai,6,4,0,241.77,3,2563.36,7291.58,104,40,1196,0,0,0,120.15,0,
TXN05-04813,5,2026-08-07 06:35:46,1299.19,Taxi,50049,UPI,DEV-05-1,Android,Mumbai,6,4,0,32.52,4,2563.36,7311.3,31,1467,1197,0,0,0,0.0,0,
TXN05-04814,5,2026-08-07 06:55:26,1049.83,Fuel,50013,UPI,DEV-05-13,iPhone,Pune,6,4,0,19.67,5,2559.81,7311.6,117,18,925,0,0,0,120.15,0,
TXN05-04815,5,2026-08-07 07:00:26,3310.49,Restaurants,50080,UPI,DEV-05-3,Web,Mumbai,7,4,0,5.0,6,2555.75,7302.18,10,694,1198,0,0,0,120.15,1,ato_higher_amount_short_gap
TXN05-04816,5,2026-08-07 07:15:46,933.54,Fuel,50064,Card,DEV-05-5,Android,Bangalore,7,4,0,15.33,7,2557.77,7292.49,19,352,686,0,0,0,845.32,0,
TXN05-04817,5,2026-08-07 07:28:26,1423.29,Restaurants,50001,UPI,DEV-05-3,Web,Pune,7,4,0,12.67,8,2553.43,7283.22,497,695,926,0,0,0,735.23,0,
TXN05-04818,5,2026-08-07 07:32:50,1217.08,Taxi,50029,Card,DEV-05-4,iPhone,Bangalore,7,4,0,4.4,9,2550.41,7273.73,68,463,687,0,0,0,735.23,0,
TXN05-04819,5,2026-08-07 07:40:54,1257.76,Hotels,50015,Card,DEV-05-15,Web,Delhi,7,4,0,8.07,10,2550.38,7283.51,71,8,1483,0,0,0,1750.11,0,
TXN05-04820,5,2026-08-07 07:41:04,384.49,Fuel,50028,Card,DEV-05-4,iPhone,Mumbai,7,4,0,0.17,11,2546.94,7274.1,83,464,1199,0,0,0,1153.24,0,
TXN05-04821,5,2026-08-07 07:57:17,2482.0,Hotels,50018,UPI,DEV-05-1,Android,Pune,7,4,0,16.22,12,2542.76,7274.89,49,1468,927,0,0,0,120.15,0,
TXN05-04822,5,2026-08-07 09:43:03,771.08,Restaurants,50001,UPI,DEV-05-1,Android,Mumbai,9,4,0,105.77,13,2542.54,7322.72,498,1469,1200,0,0,0,120.15,0,
TXN05-04823,5,2026-08-07 09:44:57,2848.48,Restaurants,50001,Card,DEV-05-1,Android,Mumbai,9,4,0,1.9,14,2537.77,7313.42,499,1470,1201,0,0,0,0.0,0,
TXN05-04824,5,2026-08-07 09:58:46,651.14,Restaurants,50020,Card,DEV-05-1,Android,Jaipur,9,4,0,13.82,15,2534.66,7313.05,31,1471,463,0,0,0,920.74,0,
TXN05-04825,5,2026-08-07 10:29:49,1920.55,Restaurants,50016,UPI,DEV-05-6,Web,Pune,10,4,0,31.05,16,2531.01,7313.65,66,248,928,0,0,0,953.87,0,
TXN05-04826,5,2026-08-07 10:31:11,3063.69,Restaurants,50004,Card,DEV-05-1,Android,Delhi,10,4,0,1.37,17,2529.37,7303.88,191,1472,1484,0,0,0,1179.48,0,
TXN05-04827,5,2026-08-07 10:55:37,2322.42,Restaurants,50026,Card,DEV-05-1,Android,Delhi,10,4,0,24.43,18,2533.52,7313.64,39,1473,1485,0,0,0,0.0,0,
TXN05-04828,5,2026-08-07 10:59:49,1161.35,Fuel,50006,Card,DEV-05-3,Web,Mumbai,10,4,0,4.2,19,2532.95,7303.82,171,696,1202,0,0,0,1153.24,0,
TXN05-04829,5,2026-08-07 11:09:23,2083.3,Restaurants,50045,Card,DEV-05-1,Android,Jaipur,11,4,0,9.57,20,2529.27,7294.36,14,1474,464,0,0,0,920.74,0,
TXN05-04830,5,2026-08-07 11:17:29,3537.27,Restaurants,50001,UPI,DEV-05-4,iPhone,Mumbai,11,4,0,8.1,21,2531.48,7294.1,500,465,1203,0,0,0,920.74,0,
TXN05-04831,5,2026-08-07 11:24:57,2909.54,Restaurants,50034,UPI,DEV-05-5,Android,Pune,11,4,0,7.47,22,2534.17,7284.53,21,353,929,0,0,0,120.15,0,
TXN05-04832,5,2026-08-07 11:29:53,882.35,Fuel,50106,UPI,DEV-05-2,iPhone,Delhi,11,4,0,4.93,23,2536.51,7284.51,6,1026,1486,0,0,0,1179.48,0,
TXN05-04833,5,2026-08-07 11:34:54,1687.55,Taxi,50093,UPI,DEV-05-3,Web,Mumbai,11,4,0,5.02,24,2532.1,7275.29,11,697,1204,0,0,0,1153.24,0,
TXN05-04834,5,2026-08-07 11:55:42,2471.58,Hotels,50118,UPI,DEV-05-3,Web,Delhi,11,4,0,20.8,25,2529.85,7265.74,3,698,1487,0,0,0,1153.24,0,
TXN05-04835,5,2026-08-07 12:10:48,2203.62,Hotels,50027,UPI,DEV-05-1,Android,Bangalore,12,4,0,15.1,26,2522.83,7274.8,41,1475,688,0,0,0,1750.11,0,
TXN05-04836,5,2026-08-07 12:20:32,411.27,Fuel,50028,UPI,DEV-05-1,Android,Pune,12,4,0,9.73,27,2521.98,7265.14,84,1476,930,0,0,0,735.23,0,
TXN05-04837,5,2026-08-07 12:36:45,3816.01,Restaurants,50019,Card,DEV-05-7,Android,Pune,12,4,0,16.22,28,2520.03,7265.61,58,151,931,0,0,0,0.0,0,
TXN05-04838,5,2026-08-07 13:02:13,2141.62,Hotels,50015,UPI,DEV-05-5,Android,Mumbai,13,4,0,25.47,29,2531.05,7274.79,72,354,1205,0,0,0,120.15,0,
TXN05-04839,5,2026-08-07 13:04:15,625.14,Fuel,50139,Card,DEV-05-2,iPhone,Delhi,13,4,0,2.03,30,2530.01,7265.14,3,1027,1488,0,0,0,1153.24,0,
TXN05-04840,5,2026-08-07 13:41:29,1151.49,Fuel,50053,Card,DEV-05-3,Web,Pune,13,4,0,37.23,31,2524.96,7256.16,38,699,932,0,0,0,1179.48,0,
TXN05-04841,5,2026-08-07 13:42:28,1518.16,Fuel,50066,UPI,DEV-05-2,iPhone,Mumbai,13,4,0,0.98,32,2521.32,7246.9,6,1028,1206,0,0,0,120.15,0,
TXN05-04842,5,2026-08-07 13:48:24,1364.26,Restaurants,50001,Card,DEV-05-3,Web,Pune,13,4,0,5.93,33,2518.68,7237.52,501,700,933,0,0,0,120.15,0,
TXN05-04843,5,2026-08-07 14:00:13,621.67,Taxi,50126,UPI,DEV-05-2,iPhone,Delhi,14,4,0,11.82,34,2520.77,7237.07,4,1029,1489,0,0,0,1179.48,0,
TXN05-04844,5,2026-08-07 14:13:25,1772.19,Fuel,50003,UPI,DEV-05-1,Android,Pune,14,4,0,13.2,35,2519.6,7237.34,352,1477,934,0,0,0,1179.48,0,
TXN05-04845,5,2026-08-07 14:36:18,858.82,Hotels,50010,Card,DEV-05-5,Android,Bangalore,14,4,0,22.88,36,2517.63,7227.91,141,355,689,0,0,0,735.23,0,
TXN05-04846,5,2026-08-07 15:10:04,949.91,Restaurants,50016,UPI,DEV-05-4,iPhone,Mumbai,15,4,0,33.77,37,2518.3,7246.91,67,466,1207,0,0,0,845.32,0,
TXN05-04847,5,2026-08-07 15:24:45,347.72,Restaurants,50033,UPI,DEV-05-10,Android,Bangalore,15,4,0,14.68,38,2514.32,7247.35,27,59,690,0,0,0,845.32,0,
TXN05-04848,5,2026-08-07 15:25:22,2366.64,Restaurants,50008,UPI,DEV-05-2,iPhone,Bangalore,15,4,0,0.62,39,2508.6,7238.64,131,1030,691,0,0,0,0.0,0,
TXN05-04849,5,2026-08-07 15:51:06,1316.42,Hotels,50157,Card,DEV-05-1,Android,Mumbai,15,4,0,25.73,40,2508.23,7229.11,2,1478,1208,0,0,0,845.32,0,
TXN05-04850,5,2026-08-07 15:59:03,2388.53,Fuel,50048,Card,DEV-05-1,Android,Jaipur,15,4,0,7.95,41,2510.03,7238.28,32,1479,465,0,0,0,920.74,0,
TXN05-04851,5,2026-08-07 16:08:48,551.99,Fuel,50003,UPI,DEV-05-1,Android,Jaipur,16,4,0,9.75,42,2516.38,7247.23,353,1480,466,0,0,0,0.0,0,
TXN05-04852,5,2026-08-07 16:12:48,1291.95,Taxi,50189,UPI,DEV-05-12,Web,Delhi,16,4,0,4.0,43,2511.2,7238.36,1,22,1490,0,0,1,237.53,1,ato_new_merchant_same_category_short_gap
TXN05-04853,5,2026-08-07 16:28:38,3004.75,Restaurants,50016,Card,DEV-05-1,Android,Delhi,16,4,0,15.83,44,2507.99,7229.1,68,1481,1491,0,0,0,0.0,0,
TXN05-04854,5,2026-08-07 16:29:37,3740.2,Fuel,50099,Card,DEV-05-2,iPhone,Delhi,16,4,0,0.98,45,2509.29,7219.65,8,1031,1492,0,0,0,0.0,0,
TXN05-04855,5,2026-08-07 16:32:24,949.23,Restaurants,50044,UPI,DEV-05-1,Android,Mumbai,16,4,0,2.78,46,2512.51,7210.47,25,1482,1209,0,0,0,1153.24,0,
TXN05-04856,5,2026-08-07 16:49:43,3617.75,Fuel,50028,Card,DEV-05-2,iPhone,Delhi,16,4,0,17.32,47,2511.0,7210.74,85,1032,1493,0,0,0,1153.24,0,
TXN05-04857,5,2026-08-07 16:53:10,1518.64,Hotels,50148,Card,DEV-05-2,iPhone,Mumbai,16,4,0,3.45,48,2513.89,7201.54,3,1033,1210,0,0,0,1153.24,0,
TXN05-04858,5,2026-08-07 17:01:40,533.5,Hotels,50060,UPI,DEV-05-1,Android,Pune,17,4,0,8.5,49,2513.61,7201.58,24,1483,935,0,0,0,120.15,0,
TXN05-04859,5,2026-08-07 17:03:25,100000.0,Bank Transfer,50001,Card,DEV-05-1,Android,Delhi,17,4,0,1.75,50,2508.45,7192.9,502,1484,1494,0,0,0,1179.48,1,huge_transfer
TXN05-04860,5,2026-08-07 17:14:34,1771.02,Hotels,50005,Card,DEV-05-2,iPhone,Bangalore,17,4,0,11.15,51,2761.68,8730.79,343,1034,692,0,0,0,1750.11,0,
TXN05-04861,5,2026-08-07 17:49:12,714.38,Taxi,50037,UPI,DEV-05-1,Android,Pune,17,4,0,34.63,52,2757.31,8730.86,47,1485,936,0,0,0,735.23,0,
TXN05-04862,5,2026-08-07 17:53:06,2047.7,Restaurants,50004,UPI,DEV-05-3,Web,Bangalore,17,4,0,3.9,53,2752.01,8720.16,192,701,693,0,0,0,735.23,0,
TXN05-04863,5,2026-08-07 18:57:48,1388.3,Fuel,50089,Card,DEV-05-3,Web,Delhi,18,4,0,64.7,54,2751.29,8731.54,6,702,1495,0,0,0,1750.11,0,
TXN05-04864,5,2026-08-07 19:08:53,607.6,Restaurants,50001,UPI,DEV-05-2,iPhone,Mumbai,19,4,0,11.08,55,2747.75,8720.49,503,1035,1211,0,0,0,1153.24,0,
TXN05-04865,5,2026-08-07 19:35:43,959.12,Hotels,50157,Card,DEV-05-2,iPhone,Mumbai,19,4,0,26.83,56,2745.2,8720.97,3,1036,1212,0,0,0,0.0,0,
TXN05-04866,5,2026-08-07 20:19:57,4000.0,Restaurants,50022,UPI,DEV-05-4,iPhone,Mumbai,20,4,0,44.23,57,2739.74,8732.43,39,467,1213,0,0,0,0.0,0,
TXN05-04867,5,2026-08-07 21:37:33,347.48,Fuel,50003,Card,DEV-05-1,Android,Mumbai,21,4,0,77.6,58,2753.47,8742.8,354,1486,1214,0,0,0,0.0,0,
TXN05-04868,5,2026-08-07 21:42:17,837.93,Taxi,50037,UPI,DEV-05-3,Web,Delhi,21,4,0,4.73,59,2747.22,8732.29,48,703,1496,0,0,0,1153.24,0,
TXN05-04869,5,2026-08-07 22:16:00,2503.0,Taxi,50037,Card,DEV-05-6,Web,Delhi,22,4,0,33.72,60,2747.87,8732.14,49,249,1497,0,0,0,0.0,0,
TXN05-04870,5,2026-08-07 22:33:49,4000.0,Restaurants,50001,UPI,DEV-05-2,iPhone,Mumbai,22,4,0,17.82,61,2749.01,8732.08,504,1037,1215,0,0,0,1153.24,0,
TXN05-04871,5,2026-08-07 22:53:43,2056.07,Fuel,50006,Card,DEV-05-2,iPhone,Mumbai,22,4,0,19.9,62,2753.43,8732.28,172,1038,1216,0,0,0,0.0,0,
TXN05-04872,5,2026-08-07 23:13:25,1442.73,Taxi,50039,UPI,DEV-05-1,Android,Mumbai,23,4,0,19.7,63,2751.62,8721.04,42,1487,1217,0,0,0,0.0,0,
TXN05-04873,5,2026-08-07 23:35:27,2006.25,Restaurants,50004,UPI,DEV-05-5,Android,Jaipur,23,4,0,22.03,64,2750.82,8721.14,193,356,467,0,0,0,920.74,0,
TXN05-04874,5,2026-08-08 06:00:20,355.52,Fuel,50059,UPI,DEV-05-2,iPhone,Mumbai,6,5,1,384.88,1,2753.42,8720.77,30,1039,1218,0,0,0,920.74,0,
TXN05-04875,5,2026-08-08 06:00:28,4000.0,Restaurants,50041,UPI,DEV-05-1,Android,Jaipur,6,5,1,0.13,2,2747.22,8710.35,16,1488,468,0,0,0,920.74,0,
TXN05-04876,5,2026-08-08 06:25:23,3537.45,Taxi,50002,UPI,DEV-05-1,Android,Bangalore,6,5,1,24.92,3,2751.46,8710.56,240,1489,694,0,0,0,1561.54,0,
TXN05-04877,5,2026-08-08 08:10:01,2343.93,Hotels,50014,UPI,DEV-05-3,Web,Bangalore,8,5,1,104.63,4,2760.35,8721.22,114,704,695,0,0,0,0.0,0,
TXN05-04878,5,2026-08-08 08:33:46,2172.33,Taxi,50030,Card,DEV-05-2,iPhone,Jaipur,8,5,1,23.75,5,2763.15,8732.34,50,1040,469,0,0,0,1561.54,0,
TXN05-04879,5,2026-08-08 08:39:37,422.27,Hotels,50010,Card,DEV-05-2,iPhone,Mumbai,8,5,1,5.85,6,2761.62,8721.07,142,1041,1219,0,0,0,920.74,0,
TXN05-04880,5,2026-08-08 08:42:41,2175.22,Fuel,50053,Card,DEV-05-5,Android,Delhi,8,5,1,3.07,7,2755.58,8710.61,39,357,1498,0,0,0,1153.24,0,
TXN05-04881,5,2026-08-08 08:53:29,2605.91,Fuel,50003,UPI,DEV-05-2,iPhone,Mumbai,8,5,1,10.8,8,2753.87,8710.66,355,1042,1220,0,0,0,1153.24,0,
TXN05-04882,5,2026-08-08 09:02:30,705.38,Taxi,50144,Card,DEV-05-1,Android,Pune,9,5,1,9.02,9,2757.28,8710.34,2,1490,937,0,0,0,120.15,0,
TXN05-04883,5,2026-08-08 09:05:32,1531.77,Taxi,50162,Card,DEV-05-4,iPhone,Pune,9,5,1,3.03,10,2751.99,8699.73,1,468,938,0,0,1,0.0,0,
TXN05-04884,5,2026-08-08 09:09:45,1293.71,Restaurants,50122,UPI,DEV-05-1,Android,Bangalore,9,5,1,4.22,11,2748.85,8688.76,4,1491,696,0,0,0,735.23,0,
TXN05-04885,5,2026-08-08 09:54:46,3729.9,Fuel,50136,Card,DEV-05-1,Android,Delhi,9,5,1,45.02,12,2749.47,8699.79,3,1492,1499,0,0,0,1750.11,0,
TXN05-04886,5,2026-08-08 10:03:29,1086.16,Restaurants,50001,Card,DEV-05-1,Android,Mumbai,10,5,1,8.72,13,2751.99,8688.74,505,1493,1221,0,0,0,1153.24,0,
TXN05-04887,5,2026-08-08 10:05:04,4000.0,Fuel,50003,Card,DEV-05-2,iPhone,Delhi,10,5,1,1.58,14,2747.72,8678.0,356,1043,1500,0,0,0,1153.24,0,
TXN05-04888,5,2026-08-08 10:05:27,1578.78,Restaurants,50008,UPI,DEV-05-1,Android,Mumbai,10,5,1,0.38,15,2750.92,8667.13,132,1494,1222,0,0,0,1153.24,0,
TXN05-04889,5,2026-08-08 10:16:22,2123.56,Restaurants,50004,Card,DEV-05-3,Web,Mumbai,10,5,1,10.92,16,2747.93,8656.27,194,705,1223,0,0,0,0.0,0,
TXN05-04890,5,2026-08-08 10:35:56,1043.97,Fuel,50013,UPI,DEV-05-3,Web,Mumbai,10,5,1,19.57,17,2746.34,8645.31,118,706,1224,0,0,0,0.0,0,
TXN05-04891,5,2026-08-08 10:37:20,1998.55,Taxi,50039,UPI,DEV-05-1,Android,Delhi,10,5,1,1.4,18,2742.02,8634.75,43,1495,1501,0,0,0,1153.24,0,
TXN05-04892,5,2026-08-08 10:46:05,1119.31,Restaurants,50008,UPI,DEV-05-5,Android,Mumbai,10,5,1,8.75,19,2740.14,8623.9,133,358,1225,0,0,0,1153.24,0,
TXN05-04893,5,2026-08-08 10:57:01,3009.99,Hotels,50015,Card,DEV-05-8,iPhone,Bangalore,10,5,1,10.93,20,2736.04,8613.39,73,94,697,0,0,0,845.32,0,
TXN05-04894,5,2026-08-08 11:09:19,1458.45,Hotels,50160,Card,DEV-05-2,iPhone,Delhi,11,5,1,12.3,21,2736.73,8602.54,2,1044,1502,0,0,0,1750.11,0,
TXN05-04895,5,2026-08-08 11:28:03,1357.49,Fuel,50163,UPI,DEV-05-1,Android,Mumbai,11,5,1,18.73,22,2736.52,8602.57,1,1496,1226,0,0,1,1153.24,0,
TXN05-04896,5,2026-08-08 11:46:39,3920.02,Hotels,50027,Card,DEV-05-3,Web,Pune,11,5,1,18.6,23,2733.06,8592.03,42,707,939,0,0,0,120.15,0,
TXN05-04897,5,2026-08-08 11:59:24,2740.25,Taxi,50061,Card,DEV-05-6,Web,Mumbai,11,5,1,12.75,24,2738.51,8592.1,13,250,1227,0,0,0,120.15,0,
TXN05-04898,5,2026-08-08 12:30:56,4000.0,Restaurants,50065,Card,DEV-05-2,iPhone,Pune,12,5,1,31.53,25,2748.09,8612.81,10,1045,940,0,0,0,120.15,0,
TXN05-04899,5,2026-08-08 13:06:33,1602.36,Taxi,50002,Card,DEV-05-1,Android,Bangalore,13,5,1,35.62,26,2752.68,8613.0,241,1497,698,0,0,0,735.23,0,
TXN05-04900,5,2026-08-08 13:12:38,2820.06,Fuel,50053,Card,DEV-05-5,Android,Pune,13,5,1,6.08,27,2749.78,8602.34,40,359,941,0,0,0,735.23,0,
TXN05-04901,5,2026-08-08 13:14:28,1204.79,Restaurants,50100,Card,DEV-05-2,iPhone,Delhi,13,5,1,1.83,28,2749.96,8591.52,5,1046,1503,0,0,0,1179.48,0,
TXN05-04902,5,2026-08-08 13:45:13,1859.53,Restaurants,50004,UPI,DEV-05-1,Android,Pune,13,5,1,30.75,29,2751.83,8591.1,195,1498,942,0,0,0,1179.48,0,
TXN05-04903,5,2026-08-08 14:03:14,2232.61,Taxi,50093,Card,DEV-05-1,Android,Delhi,14,5,1,18.02,30,2749.92,8601.82,12,1499,1504,0,0,0,1179.48,0,
TXN05-04904,5,2026-08-08 14:30:09,1363.38,Restaurants,50001,UPI,DEV-05-5,Android,Jaipur,14,5,1,26.92,31,2748.62,8591.05,506,360,470,0,0,0,237.53,0,
TXN05-04905,5,2026-08-08 15:27:53,770.89,Taxi,50007,UPI,DEV-05-4,iPhone,Bangalore,15,5,1,57.73,32,2752.58,8611.45,105,469,699,0,0,0,1561.54,0,
TXN05-04906,5,2026-08-08 15:31:25,2930.67,Fuel,50048,Card,DEV-05-1,Android,Pune,15,5,1,3.53,33,2747.59,8601.18,33,1500,943,0,0,0,735.23,0,
TXN05-04907,5,2026-08-08 15:31:33,2194.97,Restaurants,50022,Card,DEV-05-6,Web,Delhi,15,5,1,0.13,34,2748.05,8590.37,40,251,1505,0,0,0,1179.48,0,
TXN05-04908,5,2026-08-08 15:41:52,1877.09,Restaurants,50001,UPI,DEV-05-4,iPhone,Delhi,15,5,1,10.32,35,2749.64,8590.21,507,470,1506,0,0,0,0.0,0,
TXN05-04909,5,2026-08-08 15:53:26,418.27,Hotels,50005,Card,DEV-05-3,Web,Mumbai,15,5,1,11.57,36,2747.45,8579.55,344,708,1228,0,0,0,1153.24,0,
TXN05-04910,5,2026-08-08 15:59:46,489.5,Hotels,50015,Card,DEV-05-1,Android,Bangalore,15,5,1,6.33,37,2741.63,8569.61,74,1501,700,0,0,0,845.32,0,
TXN05-04911,5,2026-08-08 16:14:39,1096.66,Fuel,50003,UPI,DEV-05-1,Android,Delhi,16,5,1,14.88,38,2738.38,8580.26,357,1502,1507,0,0,0,1750.11,0,
TXN05-04912,5,2026-08-08 16:35:39,978.1,Restaurants,50001,Card,DEV-05-2,iPhone,Jaipur,16,5,1,21.0,39,2731.1,8580.42,508,1047,471,0,0,0,237.53,0,
TXN05-04913,5,2026-08-08 16:59:27,2215.39,Taxi,50039,Card,DEV-05-2,iPhone,Delhi,16,5,1,23.8,40,2726.72,8570.13,44,1048,1508,0,0,0,237.53,0,
TXN05-04914,5,2026-08-08 17:09:33,378.8,Restaurants,50096,UPI,DEV-05-1,Android,Pune,17,5,1,10.1,41,2729.81,8569.73,14,1503,944,0,0,0,1179.48,0,
TXN05-04915,5,2026-08-08 17:36:08,1947.27,Taxi,50030,UPI,DEV-05-3,Web,Mumbai,17,5,1,26.58,42,2725.7,8570.46,51,709,1229,0,0,0,120.15,0,
TXN05-04916,5,2026-08-08 18:03:09,1621.76,Taxi,50134,UPI,DEV-05-12,Web,Pune,18,5,1,27.02,43,2726.33,8580.27,2,23,945,0,0,0,120.15,0,
TXN05-04917,5,2026-08-08 18:09:24,1282.38,Hotels,50005,Card,DEV-05-69,Android,Delhi,18,5,1,6.25,44,2723.57,8569.71,345,1,1509,1,0,0,1179.48,0,
TXN05-04918,5,2026-08-08 18:14:23,701.98,Fuel,50006,UPI,DEV-05-2,iPhone,Mumbai,18,5,1,4.98,45,2719.98,8559.32,173,1049,1230,0,0,0,1153.24,0,
TXN05-04919,5,2026-08-08 18:19:00,4284.91,Fuel,50001,UPI,DEV-05-1,Android,Unknown Country,18,5,1,4.62,46,2714.96,8549.26,509,1504,26,0,0,0,8211.14,1,unknown_country_purchase
TXN05-04920,5,2026-08-08 18:56:06,2261.48,Restaurants,50008,UPI,DEV-05-1,Android,Delhi,18,5,1,37.1,47,2720.08,8549.58,134,1505,1510,0,0,0,8752.13,0,
TXN05-04921,5,2026-08-08 19:30:32,811.77,Hotels,50014,Card,DEV-05-7,Android,Mumbai,19,5,1,34.43,48,2718.94,8539.0,115,152,1231,0,0,0,1153.24,0,
TXN05-04922,5,2026-08-08 19:38:23,410.15,Hotels,50056,Card,DEV-05-2,iPhone,Bangalore,19,5,1,7.85,49,2714.22,8528.95,25,1050,701,0,0,0,845.32,0,
TXN05-04923,5,2026-08-08 19:49:51,861.57,Taxi,50071,Card,DEV-05-10,Android,Pune,19,5,1,11.47,50,2708.54,8519.18,11,60,946,0,0,0,735.23,0,
TXN05-04924,5,2026-08-08 19:53:33,341.11,Hotels,50005,UPI,DEV-05-2,iPhone,Delhi,19,5,1,3.7,51,2703.99,8509.18,346,1051,1511,0,0,0,1179.48,0,
TXN05-04925,5,2026-08-08 20:44:27,925.17,Taxi,50002,Card,DEV-05-4,iPhone,Jaipur,20,5,1,50.9,52,2702.07,8530.68,242,471,472,0,0,0,237.53,0,
TXN05-04926,5,2026-08-08 20:50:49,1890.17,Hotels,50031,Card,DEV-05-1,Android,Jaipur,20,5,1,6.37,53,2697.68,8520.59,29,1506,473,0,0,0,0.0,0,
TXN05-04927,5,2026-08-08 20:53:27,1676.79,Hotels,50025,Card,DEV-05-8,iPhone,Bangalore,20,5,1,2.63,54,2695.7,8510.19,40,95,702,0,0,0,1561.54,0,
TXN05-04928,5,2026-08-08 21:44:10,2975.93,Fuel,50003,UPI,DEV-05-3,Web,Delhi,21,5,1,50.72,55,2705.28,8540.71,358,710,1512,0,0,0,1750.11,0,
TXN05-04929,5,2026-08-08 23:01:58,4000.0,Fuel,50003,Card,DEV-05-3,Web,Mumbai,23,5,1,77.8,56,2710.53,8551.08,359,711,1232,0,0,0,1153.24,0,
TXN05-04930,5,2026-08-08 23:23:15,2229.61,Restaurants,50020,Card,DEV-05-6,Web,Pune,23,5,1,21.28,57,2718.39,8550.81,32,252,947,0,0,0,120.15,0,
TXN05-04931,5,2026-08-08 23:53:21,1233.27,Restaurants,50135,UPI,DEV-05-4,iPhone,Bangalore,23,5,1,30.1,58,2714.78,8550.71,2,472,703,0,0,0,735.23,0,
TXN05-04932,5,2026-08-09 06:13:25,1098.44,Fuel,50047,UPI,DEV-05-4,iPhone,Delhi,6,6,1,380.07,1,2702.51,8560.7,43,473,1513,0,0,0,1750.11,0,
TXN05-04933,5,2026-08-09 06:16:06,295.83,Fuel,50072,UPI,DEV-05-1,Android,Bangalore,6,6,1,2.68,2,2698.52,8550.42,8,1507,704,0,0,0,1750.11,0,
TXN05-04934,5,2026-08-09 06:19:03,1827.57,Hotels,50082,Card,DEV-05-2,iPhone,Delhi,6,6,1,2.95,3,2692.56,8540.64,14,1052,1514,0,0,0,1750.11,0,
TXN05-04935,5,2026-08-09 06:25:18,4000.0,Restaurants,50011,UPI,DEV-05-6,Web,Bangalore,6,6,1,6.25,4,2690.42,8530.18,71,253,705,0,0,0,1750.11,0,
TXN05-04936,5,2026-08-09 06:32:54,718.9,Taxi,50002,UPI,DEV-05-1,Android,Pune,6,6,1,7.6,5,2693.65,8519.89,243,1508,948,0,0,0,735.23,0,
TXN05-04937,5,2026-08-09 06:41:47,1774.99,Restaurants,50016,Card,DEV-05-2,iPhone,Mumbai,6,6,1,8.88,6,2688.79,8509.95,69,1053,1233,0,0,0,120.15,0,
TXN05-04938,5,2026-08-09 06:44:10,2136.43,Taxi,50002,UPI,DEV-05-4,iPhone,Delhi,6,6,1,2.38,7,2686.54,8499.61,244,474,1515,0,0,0,1153.24,0,
TXN05-04939,5,2026-08-09 06:47:46,1159.48,Hotels,50031,UPI,DEV-05-1,Android,Mumbai,6,6,1,3.6,8,2687.78,8499.49,30,1509,1234,0,0,0,1153.24,0,
TXN05-04940,5,2026-08-09 07:29:32,676.19,Hotels,50005,UPI,DEV-05-1,Android,Delhi,7,6,1,41.77,9,2695.66,8540.95,347,1510,1516,0,0,0,1153.24,0,
TXN05-04941,5,2026-08-09 07:37:23,2955.32,Fuel,50064,UPI,DEV-05-3,Web,Mumbai,7,6,1,7.85,10,2690.66,8530.97,20,712,1235,0,0,0,1153.24,0,
TXN05-04942,5,2026-08-09 07:41:32,640.16,Fuel,50003,UPI,DEV-05-3,Web,Mumbai,7,6,1,4.15,11,2691.32,8520.44,360,713,1236,0,0,0,0.0,0,
TXN05-04943,5,2026-08-09 08:19:52,1472.53,Hotels,50036,UPI,DEV-05-2,iPhone,Delhi,8,6,1,38.33,12,2688.88,8542.05,30,1054,1517,0,0,0,1153.24,0,
TXN05-04944,5,2026-08-09 08:38:30,686.91,Restaurants,50046,UPI,DEV-05-2,iPhone,Delhi,8,6,1,18.63,13,2682.61,8542.01,16,1055,1518,0,0,0,0.0,0,
TXN05-04945,5,2026-08-09 08:50:51,927.3,Restaurants,50038,Card,DEV-05-70,iPhone,Bangalore,8,6,1,12.35,14,2681.0,8542.33,15,1,706,1,0,0,1750.11,0,
TXN05-04946,5,2026-08-09 09:03:16,1067.02,Restaurants,50008,UPI,DEV-05-5,Android,Delhi,9,6,1,12.42,15,2672.26,8551.52,135,361,1519,0,0,0,1750.11,0,
TXN05-04947,5,2026-08-09 09:31:19,1686.26,Restaurants,50001,Card,DEV-05-2,iPhone,Pune,9,6,1,28.05,16,2672.82,8551.41,510,1056,949,0,0,0,1179.48,0,
TXN05-04948,5,2026-08-09 09:39:30,4000.0,Restaurants,50076,UPI,DEV-05-5,Android,Bangalore,9,6,1,8.18,17,2672.1,8551.48,11,362,707,0,0,0,735.23,0,
TXN05-04949,5,2026-08-09 09:56:24,2016.32,Restaurants,50011,UPI,DEV-05-2,iPhone,Pune,9,6,1,16.9,18,2679.89,8562.07,72,1057,950,0,0,0,735.23,0,
TXN05-04950,5,2026-08-09 09:58:04,1778.99,Restaurants,50038,Card,DEV-05-3,Web,Delhi,9,6,1,1.67,19,2678.24,8551.48,16,714,1520,0,0,0,1179.48,0,
TXN05-04951,5,2026-08-09 09:59:06,2556.53,Hotels,50018,UPI,DEV-05-6,Web,Mumbai,9,6,1,1.03,20,2676.01,8540.98,50,254,1237,0,0,0,1153.24,0,
TXN05-04952,5,2026-08-09 10:17:49,1672.12,Taxi,50002,Card,DEV-05-5,Android,Mumbai,10,6,1,18.72,21,2675.71,8530.41,245,363,1238,0,0,0,0.0,0,
TXN05-04953,5,2026-08-09 10:27:12,2421.11,Taxi,50058,UPI,DEV-05-2,iPhone,Bangalore,10,6,1,9.38,22,2677.82,8530.05,23,1058,708,0,0,0,845.32,0,
TXN05-04954,5,2026-08-09 10:30:54,1572.71,Restaurants,50150,UPI,DEV-05-6,Web,Pune,10,6,1,3.7,23,2677.19,8519.52,3,255,951,0,0,0,735.23,0,
TXN05-04955,5,2026-08-09 10:48:20,1901.45,Restaurants,50011,UPI,DEV-05-1,Android,Mumbai,10,6,1,17.43,24,2674.47,8509.2,73,1511,1239,0,0,0,120.15,0,
TXN05-04956,5,2026-08-09 11:15:56,778.41,Fuel,50003,Card,DEV-05-1,Android,Delhi,11,6,1,27.6,25,2681.08,8518.92,361,1512,1521,0,0,0,1153.24,0,
TXN05-04957,5,2026-08-09 11:16:18,2757.94,Fuel,50013,UPI,DEV-05-2,iPhone,Delhi,11,6,1,0.37,26,2676.4,8508.95,119,1059,1522,0,0,0,0.0,0,
TXN05-04958,5,2026-08-09 11:19:12,2121.81,Fuel,50136,UPI,DEV-05-1,Android,Pune,11,6,1,2.9,27,2676.6,8498.49,4,1513,952,0,0,0,1179.48,0,
TXN05-04959,5,2026-08-09 11:19:29,627.55,Taxi,50002,UPI,DEV-05-2,iPhone,Delhi,11,6,1,0.28,28,2675.24,8488.11,246,1060,1523,0,0,0,1179.48,0,
TXN05-04960,5,2026-08-09 11:57:46,2364.22,Restaurants,50004,Card,DEV-05-3,Web,Kochi,11,6,1,38.28,29,2672.75,8488.56,196,715,4,0,0,0,2089.27,0,
TXN05-04961,5,2026-08-09 12:14:12,1288.08,Fuel,50064,Card,DEV-05-2,iPhone,Mumbai,12,6,1,16.43,30,2672.0,8478.19,21,1061,1240,0,0,0,1080.19,0,
TXN05-04962,5,2026-08-09 12:29:16,1830.5,Fuel,50053,Card,DEV-05-4,iPhone,Delhi,12,6,1,15.07,31,2668.62,8468.12,41,475,1524,0,0,0,1153.24,0,
TXN05-04963,5,2026-08-09 12:36:40,1018.69,Hotels,50060,UPI,DEV-05-7,Android,Mumbai,12,6,1,7.4,32,2671.66,8467.6,25,153,1241,0,0,0,1153.24,0,
TXN05-04964,5,2026-08-09 13:01:05,698.65,Restaurants,50001,Card,DEV-05-2,iPhone,Bangalore,13,6,1,24.42,33,2664.39,8467.73,511,1062,709,0,0,0,845.32,0,
TXN05-04965,5,2026-08-09 13:19:45,572.82,Hotels,50015,Card,DEV-05-3,Web,Mumbai,13,6,1,18.67,34,2663.09,8467.99,75,716,1242,0,0,0,845.32,0,
TXN05-04966,5,2026-08-09 13:28:03,1271.16,Taxi,50164,Card,DEV-05-1,Android,Mumbai,13,6,1,8.3,35,2657.15,8468.6,1,1514,1243,0,0,1,0.0,0,
TXN05-04967,5,2026-08-09 13:43:31,3267.98,Hotels,50005,UPI,DEV-05-1,Android,Pune,13,6,1,15.47,36,2653.78,8458.57,348,1515,953,0,0,0,120.15,0,
TXN05-04968,5,2026-08-09 13:46:31,1116.37,Fuel,50028,UPI,DEV-05-1,Android,Delhi,13,6,1,3.0,37,2655.27,8448.35,86,1516,1525,0,0,0,1179.48,0,
TXN05-04969,5,2026-08-09 13:59:48,2024.74,Hotels,50024,UPI,DEV-05-5,Android,Pune,13,6,1,13.28,38,2651.54,8438.46,58,364,954,0,0,0,1179.48,0,
TXN05-04970,5,2026-08-09 14:14:47,1392.22,Fuel,50028,UPI,DEV-05-3,Web,Delhi,14,6,1,14.98,39,2650.03,8428.32,87,717,1526,0,0,0,1179.48,0,
TXN05-04971,5,2026-08-09 14:47:03,2960.45,Restaurants,50057,UPI,DEV-05-3,Web,Mumbai,14,6,1,32.27,40,2647.0,8418.38,8,718,1244,0,0,0,1153.24,0,
TXN05-04972,5,2026-08-09 14:50:27,722.85,Taxi,50029,Card,DEV-05-1,Android,Jaipur,14,6,1,3.4,41,2647.75,8408.27,69,1517,474,0,0,0,920.74,0,
TXN05-04973,5,2026-08-09 15:09:09,1651.19,Hotels,50107,Card,DEV-05-2,iPhone,Delhi,15,6,1,18.7,42,2646.91,8418.66,11,1063,1527,0,0,0,237.53,0,
TXN05-04974,5,2026-08-09 15:40:40,1029.02,Hotels,50095,Card,DEV-05-2,iPhone,Delhi,15,6,1,31.52,43,2651.4,8428.35,12,1064,1528,0,0,0,0.0,0,
TXN05-04975,5,2026-08-09 16:05:50,4000.0,Restaurants,50016,UPI,DEV-05-3,Web,Delhi,16,6,1,25.17,44,2647.49,8418.56,70,719,1529,0,0,0,0.0,0,
TXN05-04976,5,2026-08-09 16:13:35,1127.53,Restaurants,50004,UPI,DEV-05-6,Web,Delhi,16,6,1,7.75,45,2650.74,8408.7,197,256,1530,0,0,0,0.0,0,
TXN05-04977,5,2026-08-09 16:48:27,403.34,Hotels,50005,Card,DEV-05-1,Android,Pune,16,6,1,34.87,46,2651.2,8408.61,349,1518,955,0,0,0,1179.48,0,
TXN05-04978,5,2026-08-09 17:23:44,1964.15,Restaurants,50074,UPI,DEV-05-2,iPhone,Delhi,17,6,1,35.28,47,2648.63,8409.13,10,1065,1531,0,0,0,1179.48,0,
TXN05-04979,5,2026-08-09 17:47:18,453.61,Restaurants,50001,UPI,DEV-05-1,Android,Delhi,17,6,1,23.57,48,2650.34,8418.96,512,1519,1532,0,0,0,0.0,0,
TXN05-04980,5,2026-08-09 17:49:40,4000.0,Fuel,50006,UPI,DEV-05-1,Android,Mumbai,17,6,1,2.37,49,2612.88,8394.03,174,1520,1245,0,0,0,1153.24,0,
TXN05-04981,5,2026-08-09 18:08:46,1265.18,Hotels,50014,Card,DEV-05-12,Web,Bangalore,18,6,1,19.1,50,2616.21,8384.21,116,24,710,0,0,0,845.32,0,
TXN05-04982,5,2026-08-09 18:09:38,1295.05,Restaurants,50012,Card,DEV-05-20,Web,Delhi,18,6,1,0.87,51,2612.97,8374.41,82,4,1533,0,0,0,1750.11,0,
TXN05-04983,5,2026-08-09 18:10:17,4000.0,Fuel,50073,UPI,DEV-05-3,Web,Bangalore,18,6,1,0.65,52,2609.82,8364.63,11,720,711,0,0,0,1750.11,0,
TXN05-04984,5,2026-08-09 18:12:13,303.05,Taxi,50002,UPI,DEV-05-3,Web,Pune,18,6,1,1.93,53,2613.14,8354.92,247,721,956,0,0,0,735.23,0,
TXN05-04985,5,2026-08-09 18:18:12,1149.22,Fuel,50043,UPI,DEV-05-1,Android,Pune,18,6,1,5.98,54,2607.64,8345.73,47,1521,957,0,0,0,0.0,0,
TXN05-04986,5,2026-08-09 18:20:34,4000.0,Fuel,50066,UPI,DEV-05-5,Android,Bangalore,18,6,1,2.37,55,2604.17,8336.11,7,365,712,0,0,0,735.23,0,
TXN05-04987,5,2026-08-09 19:14:31,2280.93,Restaurants,50012,Card,DEV-05-8,iPhone,Jaipur,19,6,1,53.95,56,2603.7,8376.09,83,96,475,0,0,0,1561.54,0,
TXN05-04988,5,2026-08-09 19:35:36,1023.35,Restaurants,50023,Card,DEV-05-7,Android,Mumbai,19,6,1,21.08,57,2617.69,8435.41,34,154,1246,0,0,0,920.74,0,
TXN05-04989,5,2026-08-09 20:48:27,918.2,Fuel,50003,Card,DEV-05-1,Android,Jaipur,20,6,1,72.85,58,2619.33,8465.39,362,1522,476,0,0,0,920.74,0,
TXN05-04990,5,2026-08-09 20:50:09,286.76,Restaurants,50019,UPI,DEV-05-1,Android,Pune,20,6,1,1.7,59,2616.52,8465.76,59,1523,958,0,0,0,953.87,0,
TXN05-04991,5,2026-08-09 20:50:39,803.18,Restaurants,50032,Card,DEV-05-4,iPhone,Delhi,20,6,1,0.5,60,2610.82,8456.19,34,476,1534,0,0,0,1179.48,0,
TXN05-04992,5,2026-08-09 21:17:34,1261.83,Hotels,50025,Card,DEV-05-6,Web,Bangalore,21,6,1,26.92,61,2606.41,8446.34,41,257,713,0,0,0,1750.11,0,
TXN05-04993,5,2026-08-09 21:19:24,1153.19,Restaurants,50009,Card,DEV-05-1,Android,Pune,21,6,1,1.83,62,2603.14,8436.32,96,1524,959,0,0,0,735.23,0,
TXN05-04994,5,2026-08-09 21:35:11,2111.46,Fuel,50043,UPI,DEV-05-3,Web,Pune,21,6,1,15.78,63,2599.62,8426.37,48,722,960,0,0,0,0.0,0,
TXN05-04995,5,2026-08-09 22:26:16,1074.67,Fuel,50006,UPI,DEV-05-1,Android,Mumbai,22,6,1,51.08,64,2575.37,8457.69,175,1525,1247,0,0,0,120.15,0,
TXN05-04996,5,2026-08-09 22:52:55,4000.0,Fuel,50106,UPI,DEV-05-3,Web,Mumbai,22,6,1,26.65,65,2576.64,8488.28,7,723,1248,0,0,0,0.0,0,
TXN05-04997,5,2026-08-09 23:21:55,4000.0,Taxi,50068,Card,DEV-05-1,Android,Delhi,23,6,1,29.0,66,2583.72,8488.27,11,1526,1535,0,0,0,1153.24,0,
TXN05-04998,5,2026-08-09 23:37:24,4000.0,Hotels,50025,UPI,DEV-05-3,Web,Bangalore,23,6,1,15.48,67,2587.21,8478.1,42,724,714,0,0,0,1750.11,0,
TXN05-04999,5,2026-08-09 23:44:22,1229.05,Hotels,50130,Card,DEV-05-2,iPhone,Jaipur,23,6,1,6.97,68,2590.68,8467.97,6,1066,477,0,0,0,1561.54,0,
TXN05-05000,5,2026-08-09 23:51:50,1907.52,Hotels,50117,UPI,DEV-05-4,iPhone,Delhi,23,6,1,7.47,69,2587.35,8457.85,4,477,1536,0,0,0,237.53,0,
